Tiempo(s),Valor_ADC
0.0028,1545
0.0056,1465
0.0083,1389
0.0111,1323
0.0139,1283
0.0167,1280
0.0194,1371
0.0222,1558
0.0250,1807
0.0278,2057
0.0306,2325
0.0333,2653
0.0361,2986
0.0389,3267
0.0417,3337
0.0444,3332
0.0472,3146
0.0500,2744
0.0528,2204
0.0556,1670
0.0583,1328
0.0611,1208
0.0639,1255
0.0667,1375
0.0694,1502
0.0722,1587
0.0750,1614
0.0778,1609
0.0806,1566
0.0833,1543
0.0861,1542
0.0889,1551
0.0917,1561
0.0944,1570
0.0972,1571
0.1000,1553
0.1028,1551
0.1056,1534
0.1083,1538
0.1111,1526
0.1139,1550
0.1167,1564
0.1194,1590
0.1222,1602
0.1250,1596
0.1278,1577
0.1306,1575
0.1333,1573
0.1361,1580
0.1389,1590
0.1417,1596
0.1444,1590
0.1472,1601
0.1500,1604
0.1528,1618
0.1556,1609
0.1583,1603
0.1611,1591
0.1639,1592
0.1667,1603
0.1694,1616
0.1722,1625
0.1750,1632
0.1778,1640
0.1806,1635
0.1833,1629
0.1861,1637
0.1889,1622
0.1917,1613
0.1944,1624
0.1972,1621
0.2000,1624
0.2028,1617
0.2056,1620
0.2083,1629
0.2111,1640
0.2139,1665
0.2167,1672
0.2194,1679
0.2222,1669
0.2250,1648
0.2278,1648
0.2306,1647
0.2333,1654
0.2361,1657
0.2389,1668
0.2417,1671
0.2444,1663
0.2472,1667
0.2500,1649
0.2528,1655
0.2556,1652
0.2583,1657
0.2611,1650
0.2639,1649
0.2667,1643
0.2694,1644
0.2722,1641
0.2750,1642
0.2778,1634
0.2806,1623
0.2833,1618
0.2861,1610
0.2889,1615
0.2917,1616
0.2944,1610
0.2972,1606
0.3000,1591
0.3028,1577
0.3056,1586
0.3083,1587
0.3111,1586
0.3139,1593
0.3167,1597
0.3194,1583
0.3222,1572
0.3250,1573
0.3278,1586
0.3306,1591
0.3333,1601
0.3361,1610
0.3389,1605
0.3417,1600
0.3444,1600
0.3472,1606
0.3500,1609
0.3528,1606
0.3556,1624
0.3583,1627
0.3611,1641
0.3639,1669
0.3667,1683
0.3694,1718
0.3722,1745
0.3750,1749
0.3778,1753
0.3806,1753
0.3833,1760
0.3861,1786
0.3889,1814
0.3917,1838
0.3944,1858
0.3972,1858
0.4000,1863
0.4028,1870
0.4056,1870
0.4083,1865
0.4111,1860
0.4139,1840
0.4167,1817
0.4194,1781
0.4222,1736
0.4250,1688
0.4278,1644
0.4306,1624
0.4333,1615
0.4361,1572
0.4389,1524
0.4417,1498
0.4444,1493
0.4472,1490
0.4500,1479
0.4528,1484
0.4556,1500
0.4583,1506
0.4611,1512
0.4639,1504
0.4667,1495
0.4694,1498
0.4722,1502
0.4750,1486
0.4778,1479
0.4806,1480
0.4833,1482
0.4861,1494
0.4889,1514
0.4917,1518
0.4944,1508
0.4972,1465
0.5000,1392
0.5028,1317
0.5056,1254
0.5083,1219
0.5111,1214
0.5139,1269
0.5167,1411
0.5194,1621
0.5222,1831
0.5250,2077
0.5278,2372
0.5306,2705
0.5333,2982
0.5361,3161
0.5389,3154
0.5417,2946
0.5444,2590
0.5472,2086
0.5500,1583
0.5528,1243
0.5556,1117
0.5583,1143
0.5611,1251
0.5639,1372
0.5667,1465
0.5694,1519
0.5722,1517
0.5750,1474
0.5778,1423
0.5806,1403
0.5833,1410
0.5861,1435
0.5889,1468
0.5917,1487
0.5944,1492
0.5972,1477
0.6000,1448
0.6028,1441
0.6056,1442
0.6083,1457
0.6111,1485
0.6139,1498
0.6167,1505
0.6194,1513
0.6222,1519
0.6250,1521
0.6278,1531
0.6306,1540
0.6333,1541
0.6361,1536
0.6389,1523
0.6417,1516
0.6444,1520
0.6472,1547
0.6500,1569
0.6528,1585
0.6556,1576
0.6583,1559
0.6611,1538
0.6639,1545
0.6667,1545
0.6694,1564
0.6722,1565
0.6750,1584
0.6778,1574
0.6806,1571
0.6833,1572
0.6861,1581
0.6889,1603
0.6917,1607
0.6944,1613
0.6972,1600
0.7000,1604
0.7028,1610
0.7056,1627
0.7083,1638
0.7111,1655
0.7139,1653
0.7167,1638
0.7194,1626
0.7222,1632
0.7250,1651
0.7278,1667
0.7306,1684
0.7333,1692
0.7361,1683
0.7389,1673
0.7417,1668
0.7444,1656
0.7472,1656
0.7500,1677
0.7528,1681
0.7556,1682
0.7583,1680
0.7611,1672
0.7639,1673
0.7667,1680
0.7694,1684
0.7722,1692
0.7750,1715
0.7778,1716
0.7806,1729
0.7833,1736
0.7861,1735
0.7889,1731
0.7917,1737
0.7944,1737
0.7972,1739
0.8000,1743
0.8028,1759
0.8056,1778
0.8083,1798
0.8111,1811
0.8139,1832
0.8167,1852
0.8194,1876
0.8222,1892
0.8250,1901
0.8278,1913
0.8306,1921
0.8333,1938
0.8361,1960
0.8389,1982
0.8417,2005
0.8444,1992
0.8472,1990
0.8500,2003
0.8528,2001
0.8556,2002
0.8583,1998
0.8611,1982
0.8639,1946
0.8667,1900
0.8694,1871
0.8722,1827
0.8750,1799
0.8778,1770
0.8806,1747
0.8833,1724
0.8861,1711
0.8889,1695
0.8917,1690
0.8944,1678
0.8972,1674
0.9000,1665
0.9028,1645
0.9056,1637
0.9083,1646
0.9111,1643
0.9139,1645
0.9167,1652
0.9194,1652
0.9222,1656
0.9250,1663
0.9278,1672
0.9306,1663
0.9333,1660
0.9361,1639
0.9389,1622
0.9417,1591
0.9444,1543
0.9472,1468
0.9500,1419
0.9528,1380
0.9556,1358
0.9583,1357
0.9611,1421
0.9639,1582
0.9667,1787
0.9694,2017
0.9722,2292
0.9750,2647
0.9778,2980
0.9806,3242
0.9833,3325
0.9861,3244
0.9889,2959
0.9917,2547
0.9944,2052
0.9972,1598
1.0000,1331
1.0028,1257
1.0056,1308
1.0083,1428
1.0111,1528
1.0139,1605
1.0167,1625
1.0194,1635
1.0222,1603
1.0250,1578
1.0278,1570
1.0306,1582
1.0333,1579
1.0361,1579
1.0389,1574
1.0417,1574
1.0444,1576
1.0472,1582
1.0500,1602
1.0528,1611
1.0556,1614
1.0583,1616
1.0611,1610
1.0639,1591
1.0667,1603
1.0694,1612
1.0722,1620
1.0750,1640
1.0778,1631
1.0806,1621
1.0833,1623
1.0861,1618
1.0889,1622
1.0917,1628
1.0944,1641
1.0972,1650
1.1000,1663
1.1028,1670
1.1056,1660
1.1083,1650
1.1111,1644
1.1139,1642
1.1167,1647
1.1194,1645
1.1222,1654
1.1250,1661
1.1278,1664
1.1306,1669
1.1333,1685
1.1361,1676
1.1389,1670
1.1417,1669
1.1444,1671
1.1472,1681
1.1500,1680
1.1528,1689
1.1556,1684
1.1583,1686
1.1611,1682
1.1639,1659
1.1667,1672
1.1694,1686
1.1722,1711
1.1750,1722
1.1778,1726
1.1806,1716
1.1833,1707
1.1861,1706
1.1889,1629
1.1917,1632
1.1944,1639
1.1972,1639
1.2000,1644
1.2028,1627
1.2056,1620
1.2083,1625
1.2111,1621
1.2139,1622
1.2167,1636
1.2194,1644
1.2222,1645
1.2250,1636
1.2278,1639
1.2306,1640
1.2333,1641
1.2361,1650
1.2389,1654
1.2417,1652
1.2444,1640
1.2472,1642
1.2500,1658
1.2528,1675
1.2556,1679
1.2583,1687
1.2611,1683
1.2639,1664
1.2667,1651
1.2694,1647
1.2722,1648
1.2750,1646
1.2778,1652
1.2806,1648
1.2833,1643
1.2861,1650
1.2889,1648
1.2917,1646
1.2944,1645
1.2972,1645
1.3000,1642
1.3028,1652
1.3056,1654
1.3083,1681
1.3111,1711
1.3139,1737
1.3167,1761
1.3194,1772
1.3222,1765
1.3250,1777
1.3278,1791
1.3306,1801
1.3333,1826
1.3361,1849
1.3389,1864
1.3417,1863
1.3444,1857
1.3472,1861
1.3500,1864
1.3528,1849
1.3556,1815
1.3583,1773
1.3611,1725
1.3639,1684
1.3667,1648
1.3694,1623
1.3722,1604
1.3750,1587
1.3778,1550
1.3806,1518
1.3833,1506
1.3861,1511
1.3889,1509
1.3917,1510
1.3944,1507
1.3972,1495
1.4000,1496
1.4028,1497
1.4056,1493
1.4083,1493
1.4111,1491
1.4139,1484
1.4167,1485
1.4194,1490
1.4222,1488
1.4250,1489
1.4278,1475
1.4306,1471
1.4333,1457
1.4361,1451
1.4389,1393
1.4417,1339
1.4444,1290
1.4472,1245
1.4500,1243
1.4528,1268
1.4556,1368
1.4583,1542
1.4611,1746
1.4639,1952
1.4667,2195
1.4694,2497
1.4722,2794
1.4750,3002
1.4778,3074
1.4806,2980
1.4833,2731
1.4861,2342
1.4889,1868
1.4917,1439
1.4944,1168
1.4972,1080
1.5000,1118
1.5028,1217
1.5056,1334
1.5083,1423
1.5111,1464
1.5139,1478
1.5167,1458
1.5194,1435
1.5222,1411
1.5250,1401
1.5278,1411
1.5306,1412
1.5333,1426
1.5361,1433
1.5389,1433
1.5417,1434
1.5444,1444
1.5472,1449
1.5500,1450
1.5528,1446
1.5556,1449
1.5583,1465
1.5611,1478
1.5639,1493
1.5667,1500
1.5694,1505
1.5722,1496
1.5750,1487
1.5778,1475
1.5806,1458
1.5833,1471
1.5861,1484
1.5889,1502
1.5917,1521
1.5944,1529
1.5972,1523
1.6000,1505
1.6028,1499
1.6056,1498
1.6083,1510
1.6111,1533
1.6139,1544
1.6167,1544
1.6194,1553
1.6222,1564
1.6250,1570
1.6278,1581
1.6306,1577
1.6333,1577
1.6361,1582
1.6389,1570
1.6417,1572
1.6444,1573
1.6472,1579
1.6500,1589
1.6528,1598
1.6556,1588
1.6583,1580
1.6611,1573
1.6639,1577
1.6667,1601
1.6694,1625
1.6722,1623
1.6750,1623
1.6778,1613
1.6806,1603
1.6833,1607
1.6861,1574
1.6889,1570
1.6917,1567
1.6944,1562
1.6972,1557
1.7000,1562
1.7028,1562
1.7056,1574
1.7083,1592
1.7111,1601
1.7139,1608
1.7167,1591
1.7194,1589
1.7222,1608
1.7250,1615
1.7278,1627
1.7306,1625
1.7333,1621
1.7361,1626
1.7389,1630
1.7417,1642
1.7444,1651
1.7472,1650
1.7500,1656
1.7528,1663
1.7556,1674
1.7583,1670
1.7611,1671
1.7639,1660
1.7667,1660
1.7694,1660
1.7722,1655
1.7750,1654
1.7778,1651
1.7806,1647
1.7833,1637
1.7861,1647
1.7889,1650
1.7917,1647
1.7944,1633
1.7972,1641
1.8000,1631
1.8028,1640
1.8056,1640
1.8083,1645
1.8111,1655
1.8139,1651
1.8167,1650
1.8194,1648
1.8222,1658
1.8250,1656
1.8278,1658
1.8306,1662
1.8333,1659
1.8361,1656
1.8389,1658
1.8417,1670
1.8444,1687
1.8472,1700
1.8500,1720
1.8528,1747
1.8556,1766
1.8583,1776
1.8611,1779
1.8639,1794
1.8667,1798
1.8694,1828
1.8722,1867
1.8750,1887
1.8778,1896
1.8806,1891
1.8833,1895
1.8861,1901
1.8889,1901
1.8917,1883
1.8944,1851
1.8972,1809
1.9000,1766
1.9028,1726
1.9056,1707
1.9083,1684
1.9111,1668
1.9139,1659
1.9167,1625
1.9194,1622
1.9222,1615
1.9250,1614
1.9278,1611
1.9306,1604
1.9333,1607
1.9361,1613
1.9389,1600
1.9417,1595
1.9444,1587
1.9472,1589
1.9500,1594
1.9528,1595
1.9556,1591
1.9583,1592
1.9611,1598
1.9639,1597
1.9667,1591
1.9694,1567
1.9722,1569
1.9750,1546
1.9778,1517
1.9806,1473
1.9833,1441
1.9861,1439
1.9889,1458
1.9917,1505
1.9944,1610
1.9972,1764
2.0000,1953
2.0028,2149
2.0056,2408
2.0083,2699
2.0111,2953
2.0139,3097
2.0167,3126
2.0194,3008
2.0222,2731
2.0250,2304
2.0278,1850
2.0306,1475
2.0333,1287
2.0361,1251
2.0389,1309
2.0417,1403
2.0444,1493
2.0472,1560
2.0500,1594
2.0528,1587
2.0556,1568
2.0583,1549
2.0611,1543
2.0639,1555
2.0667,1557
2.0694,1579
2.0722,1583
2.0750,1584
2.0778,1586
2.0806,1595
2.0833,1603
2.0861,1614
2.0889,1622
2.0917,1635
2.0944,1625
2.0972,1627
2.1000,1616
2.1028,1623
2.1056,1639
2.1083,1643
2.1111,1668
2.1139,1654
2.1167,1638
2.1194,1644
2.1222,1654
2.1250,1659
2.1278,1660
2.1306,1673
2.1333,1684
2.1361,1690
2.1389,1691
2.1417,1694
2.1444,1703
2.1472,1698
2.1500,1696
2.1528,1700
2.1556,1704
2.1583,1707
2.1611,1703
2.1639,1704
2.1667,1722
2.1694,1758
2.1722,1767
2.1750,1762
2.1778,1765
2.1806,1769
2.1833,1765
2.1861,1752
2.1889,1757
2.1917,1758
2.1944,1753
2.1972,1758
2.2000,1768
2.2028,1771
2.2056,1782
2.2083,1791
2.2111,1800
2.2139,1787
2.2167,1783
2.2194,1784
2.2222,1734
2.2250,1733
2.2278,1742
2.2306,1752
2.2333,1748
2.2361,1770
2.2389,1756
2.2417,1747
2.2444,1749
2.2472,1747
2.2500,1751
2.2528,1749
2.2556,1757
2.2583,1780
2.2611,1779
2.2639,1794
2.2667,1811
2.2694,1816
2.2722,1818
2.2750,1815
2.2778,1825
2.2806,1824
2.2833,1831
2.2861,1829
2.2889,1828
2.2917,1819
2.2944,1811
2.2972,1817
2.3000,1818
2.3028,1809
2.3056,1812
2.3083,1813
2.3111,1814
2.3139,1816
2.3167,1824
2.3194,1827
2.3222,1834
2.3250,1839
2.3278,1839
2.3306,1829
2.3333,1819
2.3361,1801
2.3389,1779
2.3417,1778
2.3444,1798
2.3472,1799
2.3500,1802
2.3528,1786
2.3556,1797
2.3583,1809
2.3611,1816
2.3639,1826
2.3667,1831
2.3694,1825
2.3722,1825
2.3750,1816
2.3778,1802
2.3806,1791
2.3833,1787
2.3861,1792
2.3889,1787
2.3917,1803
2.3944,1821
2.3972,1852
2.4000,1882
2.4028,1906
2.4056,1939
2.4083,1963
2.4111,1961
2.4139,1958
2.4167,1963
2.4194,1973
2.4222,1995
2.4250,2012
2.4278,2028
2.4306,2035
2.4333,2033
2.4361,2038
2.4389,2042
2.4417,2026
2.4444,2012
2.4472,1977
2.4500,1941
2.4528,1891
2.4556,1852
2.4583,1832
2.4611,1825
2.4639,1806
2.4667,1800
2.4694,1784
2.4722,1757
2.4750,1746
2.4778,1722
2.4806,1720
2.4833,1716
2.4861,1713
2.4889,1723
2.4917,1734
2.4944,1728
2.4972,1729
2.5000,1724
2.5028,1717
2.5056,1720
2.5083,1734
2.5111,1730
2.5139,1719
2.5167,1714
2.5194,1713
2.5222,1707
2.5250,1689
2.5278,1632
2.5306,1596
2.5333,1571
2.5361,1556
2.5389,1587
2.5417,1626
2.5444,1734
2.5472,1892
2.5500,2076
2.5528,2272
2.5556,2536
2.5583,2814
2.5611,3042
2.5639,3201
2.5667,3241
2.5694,3119
2.5722,2822
2.5750,2381
2.5778,1908
2.5806,1537
2.5833,1336
2.5861,1311
2.5889,1380
2.5917,1485
2.5944,1592
2.5972,1668
2.6000,1701
2.6028,1702
2.6056,1680
2.6083,1660
2.6111,1655
2.6139,1657
2.6167,1669
2.6194,1675
2.6222,1676
2.6250,1662
2.6278,1662
2.6306,1656
2.6333,1664
2.6361,1673
2.6389,1690
2.6417,1692
2.6444,1693
2.6472,1693
2.6500,1690
2.6528,1702
2.6556,1716
2.6583,1720
2.6611,1724
2.6639,1711
2.6667,1702
2.6694,1691
2.6722,1700
2.6750,1708
2.6778,1732
2.6806,1739
2.6833,1733
2.6861,1730
2.6889,1730
2.6917,1734
2.6944,1748
2.6972,1747
2.7000,1744
2.7028,1743
2.7056,1754
2.7083,1761
2.7111,1781
2.7139,1784
2.7167,1802
2.7194,1799
2.7222,1793
2.7250,1783
2.7278,1795
2.7306,1789
2.7333,1795
2.7361,1792
2.7389,1810
2.7417,1821
2.7444,1817
2.7472,1805
2.7500,1800
2.7528,1790
2.7556,1807
2.7583,1820
2.7611,1820
2.7639,1821
2.7667,1824
2.7694,1820
2.7722,1724
2.7750,1724
2.7778,1723
2.7806,1725
2.7833,1745
2.7861,1742
2.7889,1739
2.7917,1749
2.7944,1756
2.7972,1769
2.8000,1766
2.8028,1756
2.8056,1740
2.8083,1749
2.8111,1757
2.8139,1762
2.8167,1780
2.8194,1776
2.8222,1778
2.8250,1765
2.8278,1769
2.8306,1769
2.8333,1785
2.8361,1803
2.8389,1784
2.8417,1779
2.8444,1777
2.8472,1783
2.8500,1791
2.8528,1792
2.8556,1796
2.8583,1799
2.8611,1790
2.8639,1780
2.8667,1776
2.8694,1774
2.8722,1764
2.8750,1765
2.8778,1763
2.8806,1771
2.8833,1783
2.8861,1780
2.8889,1772
2.8917,1769
2.8944,1766
2.8972,1760
2.9000,1777
2.9028,1776
2.9056,1764
2.9083,1764
2.9111,1774
2.9139,1777
2.9167,1793
2.9194,1799
2.9222,1813
2.9250,1843
2.9278,1859
2.9306,1877
2.9333,1897
2.9361,1894
2.9389,1899
2.9417,1908
2.9444,1924
2.9472,1944
2.9500,1968
2.9528,1973
2.9556,1976
2.9583,1985
2.9611,1995
2.9639,2000
2.9667,1993
2.9694,1953
2.9722,1900
2.9750,1859
2.9778,1815
2.9806,1789
2.9833,1776
2.9861,1748
2.9889,1734
2.9917,1723
2.9944,1705
2.9972,1685
3.0000,1675
3.0028,1672
3.0056,1653
3.0083,1647
3.0111,1636
3.0139,1653
3.0167,1659
3.0194,1662
3.0222,1650
3.0250,1645
3.0278,1640
3.0306,1635
3.0333,1642
3.0361,1638
3.0389,1651
3.0417,1655
3.0444,1646
3.0472,1616
3.0500,1575
3.0528,1530
3.0556,1480
3.0583,1460
3.0611,1471
3.0639,1489
3.0667,1573
3.0694,1717
3.0722,1902
3.0750,2108
3.0778,2334
3.0806,2619
3.0833,2890
3.0861,3094
3.0889,3181
3.0917,3132
3.0944,2908
3.0972,2533
3.1000,2059
3.1028,1616
3.1056,1340
3.1083,1245
3.1111,1288
3.1139,1388
3.1167,1504
3.1194,1589
3.1222,1635
3.1250,1630
3.1278,1613
3.1306,1592
3.1333,1576
3.1361,1576
3.1389,1582
3.1417,1591
3.1444,1590
3.1472,1594
3.1500,1595
3.1528,1596
3.1556,1592
3.1583,1609
3.1611,1625
3.1639,1638
3.1667,1627
3.1694,1627
3.1722,1626
3.1750,1636
3.1778,1650
3.1806,1661
3.1833,1653
3.1861,1642
3.1889,1641
3.1917,1650
3.1944,1657
3.1972,1668
3.2000,1680
3.2028,1693
3.2056,1692
3.2083,1684
3.2111,1685
3.2139,1677
3.2167,1682
3.2194,1694
3.2222,1712
3.2250,1711
3.2278,1713
3.2306,1711
3.2333,1718
3.2361,1710
3.2389,1713
3.2417,1736
3.2444,1751
3.2472,1751
3.2500,1756
3.2528,1740
3.2556,1747
3.2583,1744
3.2611,1739
3.2639,1739
3.2667,1754
3.2694,1764
3.2722,1770
3.2750,1769
3.2778,1775
3.2806,1772
3.2833,1765
3.2861,1762
3.2889,1766
3.2917,1771
3.2944,1772
3.2972,1678
3.3000,1683
3.3028,1690
3.3056,1677
3.3083,1682
3.3111,1674
3.3139,1672
3.3167,1684
3.3194,1691
3.3222,1697
3.3250,1686
3.3278,1678
3.3306,1689
3.3333,1701
3.3361,1712
3.3389,1723
3.3417,1727
3.3444,1733
3.3472,1721
3.3500,1709
3.3528,1717
3.3556,1720
3.3583,1736
3.3611,1743
3.3639,1741
3.3667,1735
3.3694,1733
3.3722,1726
3.3750,1715
3.3778,1726
3.3806,1729
3.3833,1741
3.3861,1739
3.3889,1733
3.3917,1723
3.3944,1717
3.3972,1716
3.4000,1722
3.4028,1724
3.4056,1724
3.4083,1720
3.4111,1711
3.4139,1698
3.4167,1699
3.4194,1695
3.4222,1692
3.4250,1688
3.4278,1698
3.4306,1714
3.4333,1727
3.4361,1745
3.4389,1758
3.4417,1773
3.4444,1783
3.4472,1789
3.4500,1806
3.4528,1815
3.4556,1828
3.4583,1840
3.4611,1860
3.4639,1874
3.4667,1880
3.4694,1891
3.4722,1886
3.4750,1890
3.4778,1906
3.4806,1914
3.4833,1889
3.4861,1846
3.4889,1802
3.4917,1747
3.4944,1705
3.4972,1684
3.5000,1672
3.5028,1656
3.5056,1642
3.5083,1620
3.5111,1592
3.5139,1562
3.5167,1550
3.5194,1552
3.5222,1552
3.5250,1567
3.5278,1566
3.5306,1561
3.5333,1561
3.5361,1554
3.5389,1557
3.5417,1552
3.5444,1542
3.5472,1530
3.5500,1519
3.5528,1518
3.5556,1523
3.5583,1528
3.5611,1531
3.5639,1503
3.5667,1457
3.5694,1397
3.5722,1350
3.5750,1328
3.5778,1342
3.5806,1374
3.5833,1459
3.5861,1613
3.5889,1787
3.5917,1991
3.5944,2223
3.5972,2525
3.6000,2802
3.6028,2981
3.6056,3054
3.6083,2971
3.6111,2739
3.6139,2355
3.6167,1877
3.6194,1440
3.6222,1166
3.6250,1080
3.6278,1129
3.6306,1254
3.6333,1366
3.6361,1460
3.6389,1499
3.6417,1490
3.6444,1450
3.6472,1427
3.6500,1411
3.6528,1412
3.6556,1438
3.6583,1454
3.6611,1455
3.6639,1457
3.6667,1454
3.6694,1446
3.6722,1447
3.6750,1458
3.6778,1469
3.6806,1464
3.6833,1452
3.6861,1460
3.6889,1450
3.6917,1458
3.6944,1467
3.6972,1485
3.7000,1485
3.7028,1485
3.7056,1478
3.7083,1477
3.7111,1481
3.7139,1491
3.7167,1507
3.7194,1493
3.7222,1498
3.7250,1498
3.7278,1504
3.7306,1504
3.7333,1514
3.7361,1520
3.7389,1514
3.7417,1507
3.7444,1515
3.7472,1526
3.7500,1534
3.7528,1540
3.7556,1555
3.7583,1563
3.7611,1558
3.7639,1555
3.7667,1552
3.7694,1557
3.7722,1555
3.7750,1570
3.7778,1592
3.7806,1582
3.7833,1587
3.7861,1580
3.7889,1574
3.7917,1582
3.7944,1576
3.7972,1586
3.8000,1587
3.8028,1580
3.8056,1570
3.8083,1567
3.8111,1576
3.8139,1511
3.8167,1511
3.8194,1508
3.8222,1505
3.8250,1495
3.8278,1485
3.8306,1464
3.8333,1471
3.8361,1488
3.8389,1499
3.8417,1511
3.8444,1514
3.8472,1518
3.8500,1516
3.8528,1524
3.8556,1533
3.8583,1541
3.8611,1533
3.8639,1556
3.8667,1555
3.8694,1562
3.8722,1571
3.8750,1578
3.8778,1581
3.8806,1585
3.8833,1573
3.8861,1557
3.8889,1551
3.8917,1558
3.8944,1563
3.8972,1585
3.9000,1587
3.9028,1578
3.9056,1562
3.9083,1549
3.9111,1537
3.9139,1552
3.9167,1558
3.9194,1577
3.9222,1570
3.9250,1561
3.9278,1574
3.9306,1589
3.9333,1583
3.9361,1598
3.9389,1612
3.9417,1629
3.9444,1653
3.9472,1676
3.9500,1693
3.9528,1700
3.9556,1714
3.9583,1721
3.9611,1750
3.9639,1761
3.9667,1765
3.9694,1760
3.9722,1768
3.9750,1775
3.9778,1776
3.9806,1788
3.9833,1775
3.9861,1753
3.9889,1710
3.9917,1655
3.9944,1627
3.9972,1593
4.0000,1573
4.0028,1561
4.0056,1528
4.0083,1502
4.0111,1486
4.0139,1478
4.0167,1475
4.0194,1473
4.0222,1471
4.0250,1468
4.0278,1470
4.0306,1474
4.0333,1473
4.0361,1474
4.0389,1470
4.0417,1460
4.0444,1462
4.0472,1468
4.0500,1476
4.0528,1476
4.0556,1485
4.0583,1472
4.0611,1473
4.0639,1432
4.0667,1391
4.0694,1345
4.0722,1305
4.0750,1285
4.0778,1292
4.0806,1317
4.0833,1398
4.0861,1531
4.0889,1708
4.0917,1919
4.0944,2167
4.0972,2474
4.1000,2758
4.1028,2959
4.1056,3051
4.1083,2979
4.1111,2756
4.1139,2399
4.1167,1942
4.1194,1491
4.1222,1210
4.1250,1094
4.1278,1131
4.1306,1216
4.1333,1339
4.1361,1439
4.1389,1490
4.1417,1499
4.1444,1483
4.1472,1465
4.1500,1451
4.1528,1446
4.1556,1456
4.1583,1465
4.1611,1472
4.1639,1477
4.1667,1465
4.1694,1463
4.1722,1468
4.1750,1476
4.1778,1491
4.1806,1501
4.1833,1506
4.1861,1503
4.1889,1503
4.1917,1503
4.1944,1514
4.1972,1520
4.2000,1522
4.2028,1533
4.2056,1544
4.2083,1536
4.2111,1540
4.2139,1553
4.2167,1560
4.2194,1573
4.2222,1585
4.2250,1594
4.2278,1587
4.2306,1572
4.2333,1579
4.2361,1586
4.2389,1601
4.2417,1608
4.2444,1601
4.2472,1608
4.2500,1607
4.2528,1619
4.2556,1615
4.2583,1627
4.2611,1629
4.2639,1636
4.2667,1635
4.2694,1640
4.2722,1645
4.2750,1660
4.2778,1667
4.2806,1672
4.2833,1676
4.2861,1670
4.2889,1674
4.2917,1673
4.2944,1690
4.2972,1692
4.3000,1700
4.3028,1704
4.3056,1708
4.3083,1708
4.3111,1705
4.3139,1670
4.3167,1679
4.3194,1674
4.3222,1663
4.3250,1656
4.3278,1656
4.3306,1659
4.3333,1650
4.3361,1656
4.3389,1668
4.3417,1684
4.3444,1682
4.3472,1691
4.3500,1691
4.3528,1708
4.3556,1711
4.3583,1728
4.3611,1728
4.3639,1721
4.3667,1734
4.3694,1726
4.3722,1737
4.3750,1738
4.3778,1745
4.3806,1754
4.3833,1755
4.3861,1752
4.3889,1748
4.3917,1741
4.3944,1732
4.3972,1742
4.4000,1761
4.4028,1757
4.4056,1760
4.4083,1756
4.4111,1756
4.4139,1778
4.4167,1794
4.4194,1828
4.4222,1848
4.4250,1863
4.4278,1857
4.4306,1877
4.4333,1878
4.4361,1894
4.4389,1910
4.4417,1934
4.4444,1938
4.4472,1949
4.4500,1964
4.4528,1984
4.4556,2003
4.4583,2012
4.4611,2006
4.4639,1980
4.4667,1942
4.4694,1894
4.4722,1853
4.4750,1807
4.4778,1793
4.4806,1766
4.4833,1753
4.4861,1733
4.4889,1711
4.4917,1690
4.4944,1678
4.4972,1665
4.5000,1671
4.5028,1657
4.5056,1654
4.5083,1657
4.5111,1666
4.5139,1676
4.5167,1686
4.5194,1664
4.5222,1656
4.5250,1654
4.5278,1661
4.5306,1655
4.5333,1666
4.5361,1654
4.5389,1666
4.5417,1655
4.5444,1639
4.5472,1598
4.5500,1545
4.5528,1500
4.5556,1465
4.5583,1441
4.5611,1454
4.5639,1501
4.5667,1613
4.5694,1792
4.5722,1991
4.5750,2208
4.5778,2493
4.5806,2821
4.5833,3068
4.5861,3236
4.5889,3252
4.5917,3090
4.5944,2781
4.5972,2339
4.6000,1862
4.6028,1490
4.6056,1301
4.6083,1273
4.6111,1354
4.6139,1466
4.6167,1586
4.6194,1653
4.6222,1680
4.6250,1660
4.6278,1630
4.6306,1608
4.6333,1604
4.6361,1614
4.6389,1625
4.6417,1653
4.6444,1641
4.6472,1650
4.6500,1648
4.6528,1656
4.6556,1671
4.6583,1678
4.6611,1670
4.6639,1671
4.6667,1649
4.6694,1653
4.6722,1650
4.6750,1660
4.6778,1674
4.6806,1688
4.6833,1692
4.6861,1701
4.6889,1708
4.6917,1702
4.6944,1701
4.6972,1705
4.7000,1712
4.7028,1706
4.7056,1707
4.7083,1710
4.7111,1722
4.7139,1723
4.7167,1737
4.7194,1749
4.7222,1749
4.7250,1748
4.7278,1751
4.7306,1733
4.7333,1739
4.7361,1751
4.7389,1763
4.7417,1760
4.7444,1770
4.7472,1764
4.7500,1770
4.7528,1771
4.7556,1770
4.7583,1779
4.7611,1776
4.7639,1781
4.7667,1766
4.7694,1772
4.7722,1778
4.7750,1790
4.7778,1798
4.7806,1805
4.7833,1813
4.7861,1810
4.7889,1814
4.7917,1807
4.7944,1768
4.7972,1769
4.8000,1780
4.8028,1768
4.8056,1755
4.8083,1756
4.8111,1760
4.8139,1765
4.8167,1773
4.8194,1772
4.8222,1777
4.8250,1772
4.8278,1775
4.8306,1780
4.8333,1790
4.8361,1797
4.8389,1809
4.8417,1811
4.8444,1820
4.8472,1826
4.8500,1807
4.8528,1804
4.8556,1814
4.8583,1829
4.8611,1837
4.8639,1846
4.8667,1834
4.8694,1833
4.8722,1827
4.8750,1841
4.8778,1856
4.8806,1897
4.8833,1920
4.8861,1940
4.8889,1959
4.8917,1960
4.8944,1956
4.8972,1960
4.9000,1953
4.9028,1970
4.9056,1980
4.9083,2005
4.9111,2031
4.9139,2052
4.9167,2072
4.9194,2077
4.9222,2055
4.9250,2022
4.9278,1985
4.9306,1948
4.9333,1901
4.9361,1876
4.9389,1855
4.9417,1841
4.9444,1832
4.9472,1809
4.9500,1782
4.9528,1765
4.9556,1759
4.9583,1740
4.9611,1738
4.9639,1727
4.9667,1722
4.9694,1715
4.9722,1716
4.9750,1718
4.9778,1733
4.9806,1742
4.9833,1737
4.9861,1723
4.9889,1719
4.9917,1717
4.9944,1718
4.9972,1719
5.0000,1727
5.0028,1723
5.0056,1705
5.0083,1684
5.0111,1649
5.0139,1584
5.0167,1529
5.0194,1503
5.0222,1497
5.0250,1517
5.0278,1590
5.0306,1732
5.0333,1934
5.0361,2133
5.0389,2384
5.0417,2697
5.0444,2980
5.0472,3198
5.0500,3322
5.0528,3309
5.0556,3120
5.0583,2744
5.0611,2246
5.0639,1783
5.0667,1463
5.0694,1325
5.0722,1330
5.0750,1419
5.0778,1530
5.0806,1644
5.0833,1701
5.0861,1715
5.0889,1700
5.0917,1672
5.0944,1650
5.0972,1656
5.1000,1653
5.1028,1680
5.1056,1691
5.1083,1681
5.1111,1679
5.1139,1675
5.1167,1671
5.1194,1685
5.1222,1691
5.1250,1700
5.1278,1710
5.1306,1710
5.1333,1711
5.1361,1704
5.1389,1711
5.1417,1720
5.1444,1729
5.1472,1727
5.1500,1731
5.1528,1738
5.1556,1749
5.1583,1745
5.1611,1759
5.1639,1761
5.1667,1755
5.1694,1749
5.1722,1735
5.1750,1730
5.1778,1735
5.1806,1754
5.1833,1765
5.1861,1776
5.1889,1773
5.1917,1772
5.1944,1768
5.1972,1775
5.2000,1777
5.2028,1780
5.2056,1777
5.2083,1783
5.2111,1771
5.2139,1766
5.2167,1772
5.2194,1780
5.2222,1796
5.2250,1805
5.2278,1797
5.2306,1795
5.2333,1791
5.2361,1798
5.2389,1803
5.2417,1827
5.2444,1838
5.2472,1835
5.2500,1822
5.2528,1815
5.2556,1816
5.2583,1781
5.2611,1796
5.2639,1795
5.2667,1793
5.2694,1783
5.2722,1778
5.2750,1782
5.2778,1785
5.2806,1792
5.2833,1803
5.2861,1808
5.2889,1810
5.2917,1815
5.2944,1807
5.2972,1806
5.3000,1825
5.3028,1833
5.3056,1848
5.3083,1838
5.3111,1830
5.3139,1842
5.3167,1845
5.3194,1861
5.3222,1876
5.3250,1886
5.3278,1904
5.3306,1913
5.3333,1939
5.3361,1958
5.3389,1971
5.3417,1983
5.3444,1982
5.3472,1999
5.3500,1994
5.3528,2004
5.3556,2009
5.3583,2025
5.3611,2058
5.3639,2069
5.3667,2087
5.3694,2074
5.3722,2052
5.3750,2012
5.3778,1985
5.3806,1951
5.3833,1910
5.3861,1881
5.3889,1862
5.3917,1844
5.3944,1836
5.3972,1804
5.4000,1777
5.4028,1747
5.4056,1744
5.4083,1734
5.4111,1734
5.4139,1723
5.4167,1731
5.4194,1730
5.4222,1742
5.4250,1737
5.4278,1734
5.4306,1721
5.4333,1719
5.4361,1707
5.4389,1709
5.4417,1718
5.4444,1718
5.4472,1706
5.4500,1704
5.4528,1698
5.4556,1675
5.4583,1649
5.4611,1591
5.4639,1524
5.4667,1471
5.4694,1445
5.4722,1440
5.4750,1475
5.4778,1597
5.4806,1762
5.4833,1973
5.4861,2202
5.4889,2494
5.4917,2798
5.4944,3062
5.4972,3243
5.5000,3289
5.5028,3150
5.5056,2837
5.5083,2397
5.5111,1913
5.5139,1529
5.5167,1338
5.5194,1309
5.5222,1380
5.5250,1482
5.5278,1575
5.5306,1633
5.5333,1663
5.5361,1649
5.5389,1632
5.5417,1623
5.5444,1631
5.5472,1629
5.5500,1643
5.5528,1646
5.5556,1646
5.5583,1648
5.5611,1636
5.5639,1630
5.5667,1632
5.5694,1637
5.5722,1647
5.5750,1650
5.5778,1651
5.5806,1658
5.5833,1654
5.5861,1656
5.5889,1677
5.5917,1674
5.5944,1667
5.5972,1661
5.6000,1663
5.6028,1668
5.6056,1673
5.6083,1671
5.6111,1686
5.6139,1684
5.6167,1699
5.6194,1691
5.6222,1701
5.6250,1709
5.6278,1721
5.6306,1738
5.6333,1737
5.6361,1731
5.6389,1720
5.6417,1701
5.6444,1703
5.6472,1717
5.6500,1729
5.6528,1733
5.6556,1734
5.6583,1733
5.6611,1723
5.6639,1715
5.6667,1726
5.6694,1733
5.6722,1729
5.6750,1726
5.6778,1730
5.6806,1729
5.6833,1732
5.6861,1737
5.6889,1744
5.6917,1759
5.6944,1767
5.6972,1758
5.7000,1760
5.7028,1754
5.7056,1719
5.7083,1727
5.7111,1735
5.7139,1724
5.7167,1716
5.7194,1707
5.7222,1703
5.7250,1707
5.7278,1717
5.7306,1726
5.7333,1730
5.7361,1729
5.7389,1736
5.7417,1726
5.7444,1740
5.7472,1754
5.7500,1761
5.7528,1755
5.7556,1758
5.7583,1745
5.7611,1744
5.7639,1757
5.7667,1761
5.7694,1757
5.7722,1759
5.7750,1761
5.7778,1762
5.7806,1772
5.7833,1801
5.7861,1825
5.7889,1841
5.7917,1873
5.7944,1885
5.7972,1886
5.8000,1888
5.8028,1887
5.8056,1896
5.8083,1920
5.8111,1951
5.8139,1976
5.8167,1984
5.8194,1976
5.8222,1983
5.8250,1995
5.8278,2006
5.8306,2002
5.8333,1968
5.8361,1927
5.8389,1873
5.8417,1824
5.8444,1799
5.8472,1788
5.8500,1772
5.8528,1756
5.8556,1733
5.8583,1699
5.8611,1677
5.8639,1664
5.8667,1650
5.8694,1640
5.8722,1637
5.8750,1641
5.8778,1647
5.8806,1651
5.8833,1653
5.8861,1648
5.8889,1635
5.8917,1623
5.8944,1609
5.8972,1601
5.9000,1616
5.9028,1632
5.9056,1637
5.9083,1639
5.9111,1623
5.9139,1593
5.9167,1530
5.9194,1456
5.9222,1398
5.9250,1346
5.9278,1341
5.9306,1361
5.9333,1428
5.9361,1568
5.9389,1755
5.9417,1954
5.9444,2198
5.9472,2495
5.9500,2817
5.9528,3065
5.9556,3226
5.9583,3205
5.9611,2986
5.9639,2601
5.9667,2125
5.9694,1666
5.9722,1359
5.9750,1238
5.9778,1244
5.9806,1340
5.9833,1450
5.9861,1551
5.9889,1596
5.9917,1604
5.9944,1578
5.9972,1553
6.0000,1535
6.0028,1532
6.0056,1533
6.0083,1549
6.0111,1568
6.0139,1570
6.0167,1569
6.0194,1564
6.0222,1556
6.0250,1562
6.0278,1576
6.0306,1581
6.0333,1576
6.0361,1576
6.0389,1570
6.0417,1575
6.0444,1586
6.0472,1593
6.0500,1599
6.0528,1601
6.0556,1602
6.0583,1591
6.0611,1593
6.0639,1596
6.0667,1603
6.0694,1611
6.0722,1621
6.0750,1612
6.0778,1612
6.0806,1608
6.0833,1618
6.0861,1622
6.0889,1637
6.0917,1641
6.0944,1638
6.0972,1629
6.1000,1617
6.1028,1624
6.1056,1630
6.1083,1640
6.1111,1647
6.1139,1648
6.1167,1644
6.1194,1642
6.1222,1650
6.1250,1646
6.1278,1653
6.1306,1647
6.1333,1642
6.1361,1648
6.1389,1643
6.1417,1643
6.1444,1656
6.1472,1665
6.1500,1660
6.1528,1679
6.1556,1683
6.1583,1685
6.1611,1681
6.1639,1594
6.1667,1600
6.1694,1605
6.1722,1597
6.1750,1596
6.1778,1585
6.1806,1589
6.1833,1608
6.1861,1614
6.1889,1620
6.1917,1614
6.1944,1600
6.1972,1604
6.2000,1600
6.2028,1603
6.2056,1624
6.2083,1626
6.2111,1636
6.2139,1636
6.2167,1630
6.2194,1621
6.2222,1627
6.2250,1624
6.2278,1631
6.2306,1628
6.2333,1617
6.2361,1618
6.2389,1617
6.2417,1625
6.2444,1638
6.2472,1645
6.2500,1652
6.2528,1667
6.2556,1679
6.2583,1688
6.2611,1711
6.2639,1724
6.2667,1736
6.2694,1739
6.2722,1756
6.2750,1776
6.2778,1795
6.2806,1798
6.2833,1825
6.2861,1817
6.2889,1817
6.2917,1824
6.2944,1823
6.2972,1818
6.3000,1795
6.3028,1747
6.3056,1716
6.3083,1668
6.3111,1639
6.3139,1608
6.3167,1581
6.3194,1554
6.3222,1533
6.3250,1506
6.3278,1482
6.3306,1461
6.3333,1452
6.3361,1450
6.3389,1443
6.3417,1441
6.3444,1447
6.3472,1445
6.3500,1434
6.3528,1412
6.3556,1404
6.3583,1395
6.3611,1400
6.3639,1402
6.3667,1403
6.3694,1409
6.3722,1416
6.3750,1412
6.3778,1393
6.3806,1372
6.3833,1343
6.3861,1275
6.3889,1207
6.3917,1147
6.3944,1123
6.3972,1120
6.4000,1161
6.4028,1260
6.4056,1433
6.4083,1644
6.4111,1857
6.4139,2119
6.4167,2433
6.4194,2710
6.4222,2912
6.4250,2953
6.4278,2818
6.4306,2518
6.4333,2103
6.4361,1636
6.4389,1241
6.4417,1034
6.4444,993
6.4472,1068
6.4500,1177
6.4528,1286
6.4556,1346
6.4583,1358
6.4611,1346
6.4639,1337
6.4667,1312
6.4694,1307
6.4722,1305
6.4750,1319
6.4778,1324
6.4806,1326
6.4833,1313
6.4861,1312
6.4889,1317
6.4917,1325
6.4944,1330
6.4972,1340
6.5000,1329
6.5028,1328
6.5056,1322
6.5083,1319
6.5111,1333
6.5139,1353
6.5167,1366
6.5194,1367
6.5222,1350
6.5250,1356
6.5278,1351
6.5306,1364
6.5333,1369
6.5361,1389
6.5389,1382
6.5417,1384
6.5444,1380
6.5472,1376
6.5500,1383
6.5528,1390
6.5556,1392
6.5583,1401
6.5611,1410
6.5639,1403
6.5667,1396
6.5694,1405
6.5722,1406
6.5750,1429
6.5778,1436
6.5806,1443
6.5833,1430
6.5861,1430
6.5889,1428
6.5917,1430
6.5944,1428
6.5972,1433
6.6000,1440
6.6028,1431
6.6056,1433
6.6083,1441
6.6111,1454
6.6139,1464
6.6167,1466
6.6194,1455
6.6222,1464
6.6250,1470
6.6278,1473
6.6306,1430
6.6333,1428
6.6361,1430
6.6389,1428
6.6417,1424
6.6444,1418
6.6472,1411
6.6500,1425
6.6528,1441
6.6556,1449
6.6583,1458
6.6611,1457
6.6639,1464
6.6667,1467
6.6694,1475
6.6722,1487
6.6750,1485
6.6778,1478
6.6806,1477
6.6833,1472
6.6861,1481
6.6889,1493
6.6917,1501
6.6944,1503
6.6972,1505
6.7000,1508
6.7028,1507
6.7056,1503
6.7083,1499
6.7111,1494
6.7139,1498
6.7167,1504
6.7194,1510
6.7222,1519
6.7250,1520
6.7278,1527
6.7306,1524
6.7333,1527
6.7361,1529
6.7389,1517
6.7417,1513
6.7444,1520
6.7472,1529
6.7500,1531
6.7528,1554
6.7556,1581
6.7583,1612
6.7611,1648
6.7639,1647
6.7667,1645
6.7694,1646
6.7722,1656
6.7750,1684
6.7778,1715
6.7806,1725
6.7833,1734
6.7861,1736
6.7889,1744
6.7917,1751
6.7944,1767
6.7972,1769
6.8000,1752
6.8028,1721
6.8056,1683
6.8083,1633
6.8111,1595
6.8139,1572
6.8167,1549
6.8194,1519
6.8222,1499
6.8250,1470
6.8278,1452
6.8306,1436
6.8333,1435
6.8361,1435
6.8389,1428
6.8417,1424
6.8444,1425
6.8472,1431
6.8500,1430
6.8528,1437
6.8556,1442
6.8583,1450
6.8611,1448
6.8639,1451
6.8667,1454
6.8694,1458
6.8722,1459
6.8750,1452
6.8778,1426
6.8806,1395
6.8833,1346
6.8861,1310
6.8889,1266
6.8917,1235
6.8944,1232
6.8972,1259
6.9000,1316
6.9028,1458
6.9056,1647
6.9083,1850
6.9111,2076
6.9139,2371
6.9167,2681
6.9194,2909
6.9222,3041
6.9250,3020
6.9278,2826
6.9306,2477
6.9333,2001
6.9361,1546
6.9389,1206
6.9417,1079
6.9444,1097
6.9472,1190
6.9500,1304
6.9528,1413
6.9556,1477
6.9583,1489
6.9611,1465
6.9639,1436
6.9667,1418
6.9694,1426
6.9722,1436
6.9750,1453
6.9778,1458
6.9806,1461
6.9833,1463
6.9861,1461
6.9889,1471
6.9917,1482
6.9944,1498
6.9972,1503
7.0000,1504
7.0028,1506
7.0056,1517
7.0083,1520
7.0111,1522
7.0139,1537
7.0167,1535
7.0194,1542
7.0222,1536
7.0250,1538
7.0278,1542
7.0306,1554
7.0333,1561
7.0361,1563
7.0389,1567
7.0417,1573
7.0444,1576
7.0472,1562
7.0500,1565
7.0528,1587
7.0556,1602
7.0583,1611
7.0611,1614
7.0639,1598
7.0667,1602
7.0694,1610
7.0722,1616
7.0750,1632
7.0778,1645
7.0806,1650
7.0833,1653
7.0861,1641
7.0889,1640
7.0917,1637
7.0944,1658
7.0972,1665
7.1000,1679
7.1028,1686
7.1056,1688
7.1083,1700
7.1111,1683
7.1139,1694
7.1167,1690
7.1194,1698
7.1222,1712
7.1250,1723
7.1278,1713
7.1306,1668
7.1333,1674
7.1361,1665
7.1389,1669
7.1417,1662
7.1444,1667
7.1472,1675
7.1500,1682
7.1528,1694
7.1556,1696
7.1583,1697
7.1611,1700
7.1639,1708
7.1667,1718
7.1694,1722
7.1722,1725
7.1750,1739
7.1778,1740
7.1806,1742
7.1833,1737
7.1861,1733
7.1889,1735
7.1917,1736
7.1944,1748
7.1972,1750
7.2000,1756
7.2028,1762
7.2056,1756
7.2083,1759
7.2111,1758
7.2139,1766
7.2167,1772
7.2194,1773
7.2222,1771
7.2250,1776
7.2278,1781
7.2306,1786
7.2333,1786
7.2361,1784
7.2389,1779
7.2417,1771
7.2444,1776
7.2472,1768
7.2500,1770
7.2528,1773
7.2556,1769
7.2583,1770
7.2611,1768
7.2639,1763
7.2667,1772
7.2694,1766
7.2722,1774
7.2750,1770
7.2778,1765
7.2806,1786
7.2833,1808
7.2861,1831
7.2889,1854
7.2917,1881
7.2944,1900
7.2972,1909
7.3000,1915
7.3028,1921
7.3056,1934
7.3083,1965
7.3111,1993
7.3139,2018
7.3167,2032
7.3194,2031
7.3222,2033
7.3250,2020
7.3278,2007
7.3306,1981
7.3333,1951
7.3361,1924
7.3389,1891
7.3417,1840
7.3444,1811
7.3472,1795
7.3500,1783
7.3528,1778
7.3556,1761
7.3583,1735
7.3611,1713
7.3639,1699
7.3667,1692
7.3694,1686
7.3722,1696
7.3750,1699
7.3778,1697
7.3806,1698
7.3833,1694
7.3861,1695
7.3889,1687
7.3917,1684
7.3944,1685
7.3972,1689
7.4000,1696
7.4028,1694
7.4056,1692
7.4083,1678
7.4111,1652
7.4139,1612
7.4167,1552
7.4194,1505
7.4222,1492
7.4250,1504
7.4278,1542
7.4306,1618
7.4333,1766
7.4361,1957
7.4389,2169
7.4417,2411
7.4444,2695
7.4472,2968
7.4500,3172
7.4528,3260
7.4556,3194
7.4583,2963
7.4611,2564
7.4639,2076
7.4667,1647
7.4694,1378
7.4722,1287
7.4750,1326
7.4778,1432
7.4806,1539
7.4833,1637
7.4861,1677
7.4889,1669
7.4917,1645
7.4944,1619
7.4972,1600
7.5000,1597
7.5028,1614
7.5056,1631
7.5083,1657
7.5111,1659
7.5139,1657
7.5167,1650
7.5194,1646
7.5222,1643
7.5250,1660
7.5278,1672
7.5306,1675
7.5333,1679
7.5361,1685
7.5389,1701
7.5417,1713
7.5444,1714
7.5472,1707
7.5500,1713
7.5528,1707
7.5556,1699
7.5583,1697
7.5611,1701
7.5639,1710
7.5667,1713
7.5694,1720
7.5722,1725
7.5750,1728
7.5778,1733
7.5806,1733
7.5833,1738
7.5861,1741
7.5889,1740
7.5917,1748
7.5944,1755
7.5972,1754
7.6000,1755
7.6028,1761
7.6056,1760
7.6083,1771
7.6111,1780
7.6139,1783
7.6167,1789
7.6194,1795
7.6222,1805
7.6250,1815
7.6278,1804
7.6306,1810
7.6333,1813
7.6361,1811
7.6389,1800
7.6417,1808
7.6444,1809
7.6472,1815
7.6500,1816
7.6528,1827
7.6556,1827
7.6583,1825
7.6611,1763
7.6639,1771
7.6667,1763
7.6694,1760
7.6722,1755
7.6750,1751
7.6778,1762
7.6806,1767
7.6833,1774
7.6861,1780
7.6889,1790
7.6917,1797
7.6944,1790
7.6972,1790
7.7000,1798
7.7028,1815
7.7056,1815
7.7083,1821
7.7111,1827
7.7139,1827
7.7167,1823
7.7194,1825
7.7222,1828
7.7250,1836
7.7278,1843
7.7306,1840
7.7333,1827
7.7361,1826
7.7389,1841
7.7417,1848
7.7444,1850
7.7472,1847
7.7500,1830
7.7528,1830
7.7556,1819
7.7583,1815
7.7611,1831
7.7639,1844
7.7667,1836
7.7694,1832
7.7722,1831
7.7750,1812
7.7778,1811
7.7806,1811
7.7833,1809
7.7861,1812
7.7889,1824
7.7917,1834
7.7944,1850
7.7972,1849
7.8000,1874
7.8028,1893
7.8056,1905
7.8083,1919
7.8111,1924
7.8139,1930
7.8167,1932
7.8194,1962
7.8222,1982
7.8250,2000
7.8278,2015
7.8306,2017
7.8333,2013
7.8361,2038
7.8389,2045
7.8417,2047
7.8444,2025
7.8472,1990
7.8500,1938
7.8528,1897
7.8556,1858
7.8583,1834
7.8611,1821
7.8639,1798
7.8667,1784
7.8694,1765
7.8722,1740
7.8750,1733
7.8778,1724
7.8806,1726
7.8833,1729
7.8861,1718
7.8889,1734
7.8917,1721
7.8944,1714
7.8972,1709
7.9000,1715
7.9028,1718
7.9056,1727
7.9083,1734
7.9111,1729
7.9139,1717
7.9167,1710
7.9194,1715
7.9222,1711
7.9250,1694
7.9278,1666
7.9306,1615
7.9333,1572
7.9361,1536
7.9389,1535
7.9417,1562
7.9444,1623
7.9472,1756
7.9500,1941
7.9528,2161
7.9556,2398
7.9583,2691
7.9611,2995
7.9639,3203
7.9667,3321
7.9694,3309
7.9722,3130
7.9750,2747
7.9778,2274
7.9806,1811
7.9833,1487
7.9861,1355
7.9889,1357
7.9917,1435
7.9944,1528
7.9972,1630
8.0000,1698
8.0028,1713
8.0056,1700
8.0083,1680
8.0111,1652
8.0139,1647
8.0167,1653
8.0194,1669
8.0222,1683
8.0250,1700
8.0278,1697
8.0306,1701
8.0333,1686
8.0361,1692
8.0389,1708
8.0417,1707
8.0444,1715
8.0472,1713
8.0500,1710
8.0528,1718
8.0556,1716
8.0583,1723
8.0611,1730
8.0639,1736
8.0667,1743
8.0694,1733
8.0722,1734
8.0750,1740
8.0778,1745
8.0806,1754
8.0833,1764
8.0861,1770
8.0889,1777
8.0917,1767
8.0944,1770
8.0972,1777
8.1000,1790
8.1028,1800
8.1056,1797
8.1083,1795
8.1111,1794
8.1139,1798
8.1167,1809
8.1194,1824
8.1222,1818
8.1250,1811
8.1278,1806
8.1306,1812
8.1333,1823
8.1361,1847
8.1389,1858
8.1417,1854
8.1444,1843
8.1472,1834
8.1500,1830
8.1528,1847
8.1556,1839
8.1583,1858
8.1611,1851
8.1639,1856
8.1667,1858
8.1694,1858
8.1722,1866
8.1750,1801
8.1778,1806
8.1806,1809
8.1833,1809
8.1861,1795
8.1889,1781
8.1917,1777
8.1944,1785
8.1972,1799
8.2000,1809
8.2028,1808
8.2056,1793
8.2083,1784
8.2111,1797
8.2139,1807
8.2167,1823
8.2194,1832
8.2222,1850
8.2250,1855
8.2278,1855
8.2306,1841
8.2333,1835
8.2361,1846
8.2389,1851
8.2417,1851
8.2444,1855
8.2472,1853
8.2500,1854
8.2528,1852
8.2556,1848
8.2583,1856
8.2611,1854
8.2639,1850
8.2667,1836
8.2694,1828
8.2722,1830
8.2750,1832
8.2778,1838
8.2806,1837
8.2833,1846
8.2861,1843
8.2889,1830
8.2917,1828
8.2944,1831
8.2972,1837
8.3000,1854
8.3028,1873
8.3056,1895
8.3083,1913
8.3111,1923
8.3139,1941
8.3167,1951
8.3194,1949
8.3222,1962
8.3250,1970
8.3278,1987
8.3306,2001
8.3333,2022
8.3361,2034
8.3389,2034
8.3417,2049
8.3444,2054
8.3472,2053
8.3500,2029
8.3528,1993
8.3556,1962
8.3583,1907
8.3611,1868
8.3639,1841
8.3667,1821
8.3694,1804
8.3722,1781
8.3750,1765
8.3778,1744
8.3806,1732
8.3833,1725
8.3861,1720
8.3889,1714
8.3917,1707
8.3944,1698
8.3972,1694
8.4000,1696
8.4028,1691
8.4056,1695
8.4083,1687
8.4111,1685
8.4139,1664
8.4167,1672
8.4194,1677
8.4222,1686
8.4250,1682
8.4278,1679
8.4306,1647
8.4333,1628
8.4361,1578
8.4389,1537
8.4417,1498
8.4444,1487
8.4472,1497
8.4500,1540
8.4528,1639
8.4556,1796
8.4583,2002
8.4611,2218
8.4639,2473
8.4667,2783
8.4694,3048
8.4722,3215
8.4750,3264
8.4778,3132
8.4806,2842
8.4833,2392
8.4861,1916
8.4889,1526
8.4917,1304
8.4944,1266
8.4972,1334
8.5000,1444
8.5028,1547
8.5056,1627
8.5083,1653
8.5111,1658
8.5139,1647
8.5167,1621
8.5194,1600
8.5222,1603
8.5250,1610
8.5278,1616
8.5306,1611
8.5333,1611
8.5361,1620
8.5389,1629
8.5417,1633
8.5444,1642
8.5472,1643
8.5500,1648
8.5528,1652
8.5556,1654
8.5583,1655
8.5611,1654
8.5639,1669
8.5667,1669
8.5694,1679
8.5722,1666
8.5750,1655
8.5778,1659
8.5806,1666
8.5833,1674
8.5861,1687
8.5889,1701
8.5917,1714
8.5944,1695
8.5972,1696
8.6000,1692
8.6028,1704
8.6056,1712
8.6083,1715
8.6111,1713
8.6139,1702
8.6167,1717
8.6194,1727
8.6222,1737
8.6250,1746
8.6278,1765
8.6306,1762
8.6333,1764
8.6361,1754
8.6389,1747
8.6417,1743
8.6444,1760
8.6472,1764
8.6500,1763
8.6528,1763
8.6556,1769
8.6583,1779
8.6611,1778
8.6639,1786
8.6667,1784
8.6694,1782
8.6722,1778
8.6750,1776
8.6778,1772
8.6806,1686
8.6833,1692
8.6861,1689
8.6889,1706
8.6917,1705
8.6944,1701
8.6972,1704
8.7000,1700
8.7028,1710
8.7056,1702
8.7083,1690
8.7111,1691
8.7139,1693
8.7167,1701
8.7194,1726
8.7222,1739
8.7250,1738
8.7278,1750
8.7306,1743
8.7333,1749
8.7361,1739
8.7389,1740
8.7417,1748
8.7444,1745
8.7472,1762
8.7500,1769
8.7528,1766
8.7556,1756
8.7583,1761
8.7611,1769
8.7639,1767
8.7667,1770
8.7694,1763
8.7722,1763
8.7750,1761
8.7778,1755
8.7806,1745
8.7833,1744
8.7861,1754
8.7889,1741
8.7917,1745
8.7944,1730
8.7972,1730
8.8000,1734
8.8028,1735
8.8056,1741
8.8083,1731
8.8111,1723
8.8139,1718
8.8167,1715
8.8194,1718
8.8222,1733
8.8250,1738
8.8278,1742
8.8306,1764
8.8333,1778
8.8361,1791
8.8389,1808
8.8417,1833
8.8444,1841
8.8472,1849
8.8500,1865
8.8528,1889
8.8556,1904
8.8583,1938
8.8611,1946
8.8639,1945
8.8667,1940
8.8694,1950
8.8722,1960
8.8750,1956
8.8778,1947
8.8806,1911
8.8833,1870
8.8861,1822
8.8889,1774
8.8917,1741
8.8944,1719
8.8972,1700
8.9000,1693
8.9028,1668
8.9056,1659
8.9083,1661
8.9111,1648
8.9139,1635
8.9167,1637
8.9194,1621
8.9222,1626
8.9250,1625
8.9278,1633
8.9306,1633
8.9333,1624
8.9361,1612
8.9389,1602
8.9417,1600
8.9444,1603
8.9472,1609
8.9500,1608
8.9528,1610
8.9556,1605
8.9583,1592
8.9611,1561
8.9639,1512
8.9667,1460
8.9694,1427
8.9722,1423
8.9750,1435
8.9778,1471
8.9806,1572
8.9833,1740
8.9861,1935
8.9889,2153
8.9917,2412
8.9944,2707
8.9972,2955
9.0000,3134
9.0028,3179
9.0056,3065
9.0083,2781
9.0111,2342
9.0139,1880
9.0167,1468
9.0194,1263
9.0222,1208
9.0250,1273
9.0278,1381
9.0306,1488
9.0333,1562
9.0361,1590
9.0389,1581
9.0417,1552
9.0444,1539
9.0472,1525
9.0500,1524
9.0528,1544
9.0556,1560
9.0583,1569
9.0611,1568
9.0639,1568
9.0667,1555
9.0694,1564
9.0722,1580
9.0750,1589
9.0778,1593
9.0806,1597
9.0833,1599
9.0861,1601
9.0889,1602
9.0917,1612
9.0944,1611
9.0972,1613
9.1000,1602
9.1028,1599
9.1056,1598
9.1083,1610
9.1111,1620
9.1139,1626
9.1167,1630
9.1194,1636
9.1222,1630
9.1250,1636
9.1278,1629
9.1306,1637
9.1333,1650
9.1361,1650
9.1389,1655
9.1417,1655
9.1444,1657
9.1472,1658
9.1500,1661
9.1528,1672
9.1556,1673
9.1583,1674
9.1611,1682
9.1639,1685
9.1667,1692
9.1694,1706
9.1722,1721
9.1750,1727
9.1778,1727
9.1806,1728
9.1833,1732
9.1861,1714
9.1889,1717
9.1917,1714
9.1944,1718
9.1972,1732
9.2000,1727
9.2028,1740
9.2056,1740
9.2083,1623
9.2111,1630
9.2139,1634
9.2167,1637
9.2194,1642
9.2222,1638
9.2250,1642
9.2278,1647
9.2306,1649
9.2333,1651
9.2361,1656
9.2389,1657
9.2417,1653
9.2444,1654
9.2472,1664
9.2500,1671
9.2528,1671
9.2556,1682
9.2583,1679
9.2611,1683
9.2639,1691
9.2667,1687
9.2694,1692
9.2722,1691
9.2750,1695
9.2778,1693
9.2806,1696
9.2833,1704
9.2861,1699
9.2889,1703
9.2917,1701
9.2944,1706
9.2972,1703
9.3000,1689
9.3028,1687
9.3056,1683
9.3083,1687
9.3111,1694
9.3139,1690
9.3167,1695
9.3194,1687
9.3222,1679
9.3250,1682
9.3278,1680
9.3306,1679
9.3333,1678
9.3361,1666
9.3389,1674
9.3417,1675
9.3444,1684
9.3472,1690
9.3500,1686
9.3528,1686
9.3556,1688
9.3583,1683
9.3611,1679
9.3639,1669
9.3667,1667
9.3694,1671
9.3722,1696
9.3750,1707
9.3778,1721
9.3806,1725
9.3833,1739
9.3861,1769
9.3889,1797
9.3917,1801
9.3944,1805
9.3972,1811
9.4000,1827
9.4028,1846
9.4056,1858
9.4083,1875
9.4111,1898
9.4139,1914
9.4167,1913
9.4194,1919
9.4222,1910
9.4250,1916
9.4278,1908
9.4306,1882
9.4333,1846
9.4361,1789
9.4389,1747
9.4417,1717
9.4444,1705
9.4472,1689
9.4500,1663
9.4528,1651
9.4556,1630
9.4583,1603
9.4611,1600
9.4639,1595
9.4667,1607
9.4694,1602
9.4722,1610
9.4750,1615
9.4778,1607
9.4806,1598
9.4833,1586
9.4861,1573
9.4889,1572
9.4917,1564
9.4944,1578
9.4972,1589
9.5000,1591
9.5028,1594
9.5056,1581
9.5083,1556
9.5111,1524
9.5139,1483
9.5167,1451
9.5194,1430
9.5222,1437
9.5250,1459
9.5278,1520
9.5306,1644
9.5333,1812
9.5361,2008
9.5389,2222
9.5417,2488
9.5444,2778
9.5472,2997
9.5500,3138
9.5528,3140
9.5556,2970
9.5583,2618
9.5611,2133
9.5639,1671
9.5667,1333
9.5694,1191
9.5722,1181
9.5750,1267
9.5778,1377
9.5806,1482
9.5833,1556
9.5861,1567
9.5889,1552
9.5917,1527
9.5944,1511
9.5972,1500
9.6000,1512
9.6028,1521
9.6056,1524
9.6083,1529
9.6111,1529
9.6139,1528
9.6167,1535
9.6194,1540
9.6222,1555
9.6250,1574
9.6278,1571
9.6306,1554
9.6333,1564
9.6361,1574
9.6389,1580
9.6417,1604
9.6444,1609
9.6472,1613
9.6500,1604
9.6528,1589
9.6556,1582
9.6583,1575
9.6611,1593
9.6639,1603
9.6667,1610
9.6694,1610
9.6722,1612
9.6750,1611
9.6778,1615
9.6806,1633
9.6833,1635
9.6861,1637
9.6889,1641
9.6917,1636
9.6944,1643
9.6972,1652
9.7000,1668
9.7028,1681
9.7056,1696
9.7083,1698
9.7111,1688
9.7139,1685
9.7167,1693
9.7194,1702
9.7222,1722
9.7250,1719
9.7278,1728
9.7306,1736
9.7333,1739
9.7361,1741
9.7389,1728
9.7417,1737
9.7444,1746
9.7472,1748
9.7500,1751
9.7528,1749
9.7556,1745
9.7583,1651
9.7611,1658
9.7639,1650
9.7667,1645
9.7694,1629
9.7722,1628
9.7750,1635
9.7778,1639
9.7806,1646
9.7833,1653
9.7861,1669
9.7889,1675
9.7917,1670
9.7944,1671
9.7972,1677
9.8000,1669
9.8028,1677
9.8056,1674
9.8083,1680
9.8111,1688
9.8139,1694
9.8167,1703
9.8194,1706
9.8222,1707
9.8250,1707
9.8278,1702
9.8306,1700
9.8333,1700
9.8361,1691
9.8389,1707
9.8417,1714
9.8444,1714
9.8472,1706
9.8500,1710
9.8528,1713
9.8556,1712
9.8583,1711
9.8611,1714
9.8639,1716
9.8667,1712
9.8694,1707
9.8722,1706
9.8750,1717
9.8778,1714
9.8806,1726
9.8833,1732
9.8861,1758
9.8889,1777
9.8917,1792
9.8944,1799
9.8972,1812
9.9000,1828
9.9028,1835
9.9056,1856
9.9083,1870
9.9111,1884
9.9139,1901
9.9167,1905
9.9194,1905
9.9222,1914
9.9250,1913
9.9278,1918
9.9306,1919
9.9333,1906
9.9361,1880
9.9389,1846
9.9417,1807
9.9444,1760
9.9472,1725
9.9500,1702
9.9528,1683
9.9556,1659
9.9583,1647
9.9611,1650
9.9639,1643
9.9667,1637
9.9694,1626
9.9722,1603
9.9750,1596
9.9778,1602
9.9806,1602
9.9833,1604
9.9861,1598
9.9889,1599
9.9917,1596
9.9944,1604
9.9972,1598
10.0000,1606
10.0028,1605
10.0056,1600
10.0083,1603
10.0111,1596
10.0139,1578
10.0167,1552
10.0194,1503
10.0222,1455
10.0250,1412
10.0278,1393
10.0306,1398
10.0333,1436
10.0361,1543
10.0389,1724
10.0417,1925
10.0444,2134
10.0472,2420
10.0500,2732
10.0528,2995
10.0556,3174
10.0583,3230
10.0611,3151
10.0639,2881
10.0667,2421
10.0694,1921
10.0722,1503
10.0750,1262
10.0778,1188
10.0806,1239
10.0833,1324
10.0861,1423
10.0889,1514
10.0917,1573
10.0944,1600
10.0972,1595
10.1000,1569
10.1028,1556
10.1056,1545
10.1083,1553
10.1111,1555
10.1139,1556
10.1167,1555
10.1194,1561
10.1222,1559
10.1250,1568
10.1278,1593
10.1306,1590
10.1333,1593
10.1361,1594
10.1389,1593
10.1417,1598
10.1444,1604
10.1472,1603
10.1500,1608
10.1528,1616
10.1556,1618
10.1583,1623
10.1611,1632
10.1639,1635
10.1667,1633
10.1694,1639
10.1722,1655
10.1750,1654
10.1778,1656
10.1806,1648
10.1833,1645
10.1861,1637
10.1889,1655
10.1917,1664
10.1944,1669
10.1972,1679
10.2000,1677
10.2028,1671
10.2056,1671
10.2083,1667
10.2111,1678
10.2139,1697
10.2167,1715
10.2194,1729
10.2222,1725
10.2250,1727
10.2278,1723
10.2306,1722
10.2333,1729
10.2361,1715
10.2389,1702
10.2417,1709
10.2444,1725
10.2472,1729
10.2500,1734
10.2528,1734
10.2556,1753
10.2583,1747
10.2611,1764
10.2639,1653
10.2667,1661
10.2694,1665
10.2722,1676
10.2750,1671
10.2778,1668
10.2806,1660
10.2833,1649
10.2861,1666
10.2889,1679
10.2917,1677
10.2944,1676
10.2972,1674
10.3000,1681
10.3028,1699
10.3056,1710
10.3083,1720
10.3111,1717
10.3139,1704
10.3167,1692
10.3194,1694
10.3222,1705
10.3250,1718
10.3278,1723
10.3306,1733
10.3333,1732
10.3361,1736
10.3389,1729
10.3417,1731
10.3444,1736
10.3472,1734
10.3500,1732
10.3528,1720
10.3556,1720
10.3583,1731
10.3611,1735
10.3639,1755
10.3667,1772
10.3694,1779
10.3722,1806
10.3750,1821
10.3778,1817
10.3806,1834
10.3833,1845
10.3861,1858
10.3889,1870
10.3917,1879
10.3944,1888
10.3972,1910
10.4000,1925
10.4028,1946
10.4056,1957
10.4083,1967
10.4111,1956
10.4139,1939
10.4167,1915
10.4194,1877
10.4222,1831
10.4250,1799
10.4278,1766
10.4306,1751
10.4333,1736
10.4361,1735
10.4389,1703
10.4417,1687
10.4444,1674
10.4472,1674
10.4500,1680
10.4528,1671
10.4556,1659
10.4583,1652
10.4611,1646
10.4639,1644
10.4667,1641
10.4694,1644
10.4722,1642
10.4750,1634
10.4778,1624
10.4806,1612
10.4833,1631
10.4861,1634
10.4889,1638
10.4917,1627
10.4944,1620
10.4972,1601
10.5000,1571
10.5028,1528
10.5056,1469
10.5083,1422
10.5111,1401
10.5139,1404
10.5167,1439
10.5194,1518
10.5222,1688
10.5250,1888
10.5278,2114
10.5306,2373
10.5333,2684
10.5361,2970
10.5389,3159
10.5417,3264
10.5444,3210
10.5472,2970
10.5500,2548
10.5528,2030
10.5556,1580
10.5583,1300
10.5611,1195
10.5639,1237
10.5667,1326
10.5694,1443
10.5722,1542
10.5750,1595
10.5778,1598
10.5806,1586
10.5833,1562
10.5861,1548
10.5889,1542
10.5917,1547
10.5944,1566
10.5972,1563
10.6000,1564
10.6028,1574
10.6056,1571
10.6083,1575
10.6111,1589
10.6139,1599
10.6167,1601
10.6194,1591
10.6222,1604
10.6250,1593
10.6278,1586
10.6306,1593
10.6333,1605
10.6361,1623
10.6389,1626
10.6417,1624
10.6444,1614
10.6472,1623
10.6500,1622
10.6528,1631
10.6556,1629
10.6583,1631
10.6611,1635
10.6639,1648
10.6667,1646
10.6694,1652
10.6722,1650
10.6750,1660
10.6778,1652
10.6806,1658
10.6833,1660
10.6861,1659
10.6889,1667
10.6917,1682
10.6944,1686
10.6972,1690
10.7000,1697
10.7028,1693
10.7056,1682
10.7083,1689
10.7111,1697
10.7139,1711
10.7167,1717
10.7194,1721
10.7222,1721
10.7250,1720
10.7278,1730
10.7306,1739
10.7333,1738
10.7361,1744
10.7389,1745
10.7417,1744
10.7444,1738
10.7472,1733
10.7500,1649
10.7528,1662
10.7556,1665
10.7583,1659
10.7611,1659
10.7639,1653
10.7667,1655
10.7694,1663
10.7722,1673
10.7750,1669
10.7778,1665
10.7806,1662
10.7833,1660
10.7861,1670
10.7889,1690
10.7917,1718
10.7944,1711
10.7972,1709
10.8000,1702
10.8028,1684
10.8056,1690
10.8083,1698
10.8111,1714
10.8139,1722
10.8167,1704
10.8194,1695
10.8222,1693
10.8250,1701
10.8278,1712
10.8306,1722
10.8333,1735
10.8361,1729
10.8389,1719
10.8417,1709
10.8444,1695
10.8472,1687
10.8500,1708
10.8528,1718
10.8556,1727
10.8583,1747
10.8611,1748
10.8639,1776
10.8667,1790
10.8694,1812
10.8722,1818
10.8750,1838
10.8778,1844
10.8806,1851
10.8833,1854
10.8861,1872
10.8889,1898
10.8917,1926
10.8944,1954
10.8972,1960
10.9000,1958
10.9028,1957
10.9056,1947
10.9083,1923
10.9111,1877
10.9139,1842
10.9167,1804
10.9194,1770
10.9222,1746
10.9250,1715
10.9278,1709
10.9306,1689
10.9333,1673
10.9361,1647
10.9389,1627
10.9417,1615
10.9444,1604
10.9472,1604
10.9500,1604
10.9528,1608
10.9556,1603
10.9583,1593
10.9611,1594
10.9639,1598
10.9667,1607
10.9694,1608
10.9722,1607
10.9750,1616
10.9778,1614
10.9806,1610
10.9833,1599
10.9861,1592
10.9889,1578
10.9917,1550
10.9944,1506
10.9972,1460
11.0000,1422
11.0028,1387
11.0056,1385
11.0083,1410
11.0111,1468
11.0139,1613
11.0167,1819
11.0194,2035
11.0222,2282
11.0250,2587
11.0278,2902
11.0306,3119
11.0333,3241
11.0361,3213
11.0389,2996
11.0417,2605
11.0444,2108
11.0472,1651
11.0500,1328
11.0528,1197
11.0556,1228
11.0583,1315
11.0611,1429
11.0639,1509
11.0667,1559
11.0694,1569
11.0722,1557
11.0750,1553
11.0778,1534
11.0806,1519
11.0833,1533
11.0861,1536
11.0889,1547
11.0917,1553
11.0944,1551
11.0972,1546
11.1000,1550
11.1028,1559
11.1056,1564
11.1083,1588
11.1111,1593
11.1139,1587
11.1167,1582
11.1194,1584
11.1222,1579
11.1250,1584
11.1278,1584
11.1306,1594
11.1333,1593
11.1361,1609
11.1389,1609
11.1417,1614
11.1444,1611
11.1472,1612
11.1500,1614
11.1528,1621
11.1556,1623
11.1583,1627
11.1611,1640
11.1639,1650
11.1667,1657
11.1694,1653
11.1722,1649
11.1750,1654
11.1778,1654
11.1806,1662
11.1833,1669
11.1861,1674
11.1889,1682
11.1917,1692
11.1944,1688
11.1972,1695
11.2000,1699
11.2028,1702
11.2056,1701
11.2083,1712
11.2111,1709
11.2139,1710
11.2167,1706
11.2194,1708
11.2222,1717
11.2250,1727
11.2278,1733
11.2306,1741
11.2333,1738
11.2361,1733
11.2389,1737
11.2417,1644
11.2444,1644
11.2472,1647
11.2500,1644
11.2528,1636
11.2556,1640
11.2583,1640
11.2611,1644
11.2639,1648
11.2667,1652
11.2694,1655
11.2722,1647
11.2750,1653
11.2778,1647
11.2806,1664
11.2833,1682
11.2861,1675
11.2889,1676
11.2917,1678
11.2944,1679
11.2972,1673
11.3000,1688
11.3028,1688
11.3056,1699
11.3083,1699
11.3111,1696
11.3139,1700
11.3167,1691
11.3194,1688
11.3222,1696
11.3250,1690
11.3278,1692
11.3306,1696
11.3333,1695
11.3361,1697
11.3389,1695
11.3417,1697
11.3444,1697
11.3472,1708
11.3500,1714
11.3528,1735
11.3556,1755
11.3583,1774
11.3611,1804
11.3639,1823
11.3667,1830
11.3694,1840
11.3722,1847
11.3750,1855
11.3778,1864
11.3806,1889
11.3833,1918
11.3861,1930
11.3889,1921
11.3917,1931
11.3944,1928
11.3972,1922
11.4000,1889
11.4028,1865
11.4056,1830
11.4083,1791
11.4111,1768
11.4139,1730
11.4167,1694
11.4194,1668
11.4222,1644
11.4250,1625
11.4278,1616
11.4306,1604
11.4333,1586
11.4361,1576
11.4389,1572
11.4417,1571
11.4444,1570
11.4472,1570
11.4500,1565
11.4528,1557
11.4556,1549
11.4583,1563
11.4611,1577
11.4639,1587
11.4667,1587
11.4694,1575
11.4722,1572
11.4750,1566
11.4778,1559
11.4806,1557
11.4833,1531
11.4861,1483
11.4889,1408
11.4917,1347
11.4944,1322
11.4972,1318
11.5000,1351
11.5028,1462
11.5056,1628
11.5083,1835
11.5111,2063
11.5139,2344
11.5167,2668
11.5194,2953
11.5222,3130
11.5250,3185
11.5278,3063
11.5306,2785
11.5333,2352
11.5361,1883
11.5389,1477
11.5417,1250
11.5444,1199
11.5472,1270
11.5500,1376
11.5528,1493
11.5556,1568
11.5583,1594
11.5611,1583
11.5639,1555
11.5667,1525
11.5694,1511
11.5722,1509
11.5750,1531
11.5778,1553
11.5806,1571
11.5833,1555
11.5861,1556
11.5889,1554
11.5917,1562
11.5944,1561
11.5972,1571
11.6000,1567
11.6028,1573
11.6056,1569
11.6083,1580
11.6111,1600
11.6139,1604
11.6167,1614
11.6194,1624
11.6222,1623
11.6250,1623
11.6278,1611
11.6306,1613
11.6333,1633
11.6361,1640
11.6389,1644
11.6417,1630
11.6444,1625
11.6472,1629
11.6500,1632
11.6528,1648
11.6556,1669
11.6583,1661
11.6611,1665
11.6639,1672
11.6667,1683
11.6694,1689
11.6722,1685
11.6750,1682
11.6778,1692
11.6806,1689
11.6833,1706
11.6861,1709
11.6889,1709
11.6917,1723
11.6944,1724
11.6972,1741
11.7000,1736
11.7028,1742
11.7056,1755
11.7083,1747
11.7111,1746
11.7139,1755
11.7167,1747
11.7194,1757
11.7222,1742
11.7250,1756
11.7278,1766
11.7306,1672
11.7333,1675
11.7361,1671
11.7389,1674
11.7417,1664
11.7444,1663
11.7472,1669
11.7500,1672
11.7528,1674
11.7556,1694
11.7583,1705
11.7611,1704
11.7639,1690
11.7667,1686
11.7694,1683
11.7722,1697
11.7750,1697
11.7778,1706
11.7806,1695
11.7833,1693
11.7861,1698
11.7889,1695
11.7917,1703
11.7944,1716
11.7972,1713
11.8000,1723
11.8028,1733
11.8056,1737
11.8083,1726
11.8111,1736
11.8139,1737
11.8167,1742
11.8194,1735
11.8222,1737
11.8250,1734
11.8278,1733
11.8306,1728
11.8333,1736
11.8361,1739
11.8389,1737
11.8417,1742
11.8444,1741
11.8472,1733
11.8500,1731
11.8528,1720
11.8556,1740
11.8583,1752
11.8611,1768
11.8639,1787
11.8667,1819
11.8694,1841
11.8722,1853
11.8750,1861
11.8778,1865
11.8806,1862
11.8833,1880
11.8861,1911
11.8889,1923
11.8917,1955
11.8944,1968
11.8972,1979
11.9000,1987
11.9028,1981
11.9056,1982
11.9083,1957
11.9111,1927
11.9139,1890
11.9167,1861
11.9194,1816
11.9222,1776
11.9250,1747
11.9278,1722
11.9306,1708
11.9333,1693
11.9361,1681
11.9389,1648
11.9417,1644
11.9444,1624
11.9472,1613
11.9500,1614
11.9528,1626
11.9556,1635
11.9583,1624
11.9611,1629
11.9639,1617
11.9667,1609
11.9694,1610
11.9722,1624
11.9750,1623
11.9778,1626
11.9806,1631
11.9833,1625
11.9861,1618
11.9889,1601
11.9917,1593
11.9944,1564
11.9972,1520
12.0000,1478
12.0028,1435
12.0056,1422
12.0083,1421
12.0111,1455
12.0139,1556
12.0167,1735
12.0194,1944
12.0222,2162
12.0250,2438
12.0278,2753
12.0306,3019
12.0333,3196
12.0361,3244
12.0389,3108
12.0417,2799
12.0444,2359
12.0472,1876
12.0500,1477
12.0528,1268
12.0556,1226
12.0583,1305
12.0611,1429
12.0639,1538
12.0667,1611
12.0694,1614
12.0722,1600
12.0750,1569
12.0778,1552
12.0806,1554
12.0833,1564
12.0861,1590
12.0889,1597
12.0917,1595
12.0944,1589
12.0972,1581
12.1000,1582
12.1028,1592
12.1056,1605
12.1083,1621
12.1111,1630
12.1139,1625
12.1167,1627
12.1194,1630
12.1222,1634
12.1250,1637
12.1278,1647
12.1306,1656
12.1333,1652
12.1361,1647
12.1389,1643
12.1417,1646
12.1444,1662
12.1472,1667
12.1500,1676
12.1528,1680
12.1556,1669
12.1583,1669
12.1611,1662
12.1639,1666
12.1667,1674
12.1694,1688
12.1722,1706
12.1750,1710
12.1778,1706
12.1806,1710
12.1833,1708
12.1861,1707
12.1889,1715
12.1917,1717
12.1944,1720
12.1972,1719
12.2000,1722
12.2028,1735
12.2056,1770
12.2083,1780
12.2111,1779
12.2139,1782
12.2167,1776
12.2194,1771
12.2222,1765
12.2250,1762
12.2278,1766
12.2306,1793
12.2333,1793
12.2361,1800
12.2389,1798
12.2417,1676
12.2444,1680
12.2472,1678
12.2500,1687
12.2528,1679
12.2556,1685
12.2583,1684
12.2611,1675
12.2639,1677
12.2667,1686
12.2694,1687
12.2722,1687
12.2750,1694
12.2778,1697
12.2806,1697
12.2833,1696
12.2861,1708
12.2889,1711
12.2917,1712
12.2944,1711
12.2972,1715
12.3000,1718
12.3028,1721
12.3056,1732
12.3083,1731
12.3111,1733
12.3139,1736
12.3167,1730
12.3194,1730
12.3222,1744
12.3250,1742
12.3278,1749
12.3306,1754
12.3333,1753
12.3361,1744
12.3389,1733
12.3417,1731
12.3444,1726
12.3472,1732
12.3500,1741
12.3528,1741
12.3556,1741
12.3583,1727
12.3611,1730
12.3639,1731
12.3667,1733
12.3694,1732
12.3722,1739
12.3750,1732
12.3778,1728
12.3806,1725
12.3833,1721
12.3861,1721
12.3889,1720
12.3917,1709
12.3944,1703
12.3972,1695
12.4000,1695
12.4028,1711
12.4056,1719
12.4083,1721
12.4111,1723
12.4139,1735
12.4167,1762
12.4194,1789
12.4222,1819
12.4250,1835
12.4278,1843
12.4306,1848
12.4333,1847
12.4361,1865
12.4389,1886
12.4417,1916
12.4444,1933
12.4472,1932
12.4500,1939
12.4528,1944
12.4556,1944
12.4583,1928
12.4611,1913
12.4639,1886
12.4667,1843
12.4694,1795
12.4722,1753
12.4750,1726
12.4778,1707
12.4806,1688
12.4833,1679
12.4861,1654
12.4889,1646
12.4917,1636
12.4944,1632
12.4972,1628
12.5000,1627
12.5028,1615
12.5056,1623
12.5083,1619
12.5111,1618
12.5139,1617
12.5167,1603
12.5194,1606
12.5222,1607
12.5250,1613
12.5278,1614
12.5306,1609
12.5333,1601
12.5361,1593
12.5389,1588
12.5417,1583
12.5444,1566
12.5472,1530
12.5500,1487
12.5528,1446
12.5556,1424
12.5583,1439
12.5611,1471
12.5639,1552
12.5667,1716
12.5694,1909
12.5722,2118
12.5750,2376
12.5778,2672
12.5806,2934
12.5833,3102
12.5861,3179
12.5889,3072
12.5917,2811
12.5944,2378
12.5972,1897
12.6000,1493
12.6028,1258
12.6056,1194
12.6083,1258
12.6111,1356
12.6139,1458
12.6167,1541
12.6194,1583
12.6222,1580
12.6250,1563
12.6278,1546
12.6306,1541
12.6333,1532
12.6361,1540
12.6389,1539
12.6417,1546
12.6444,1553
12.6472,1563
12.6500,1565
12.6528,1561
12.6556,1571
12.6583,1581
12.6611,1575
12.6639,1578
12.6667,1573
12.6694,1588
12.6722,1601
12.6750,1614
12.6778,1628
12.6806,1629
12.6833,1625
12.6861,1621
12.6889,1628
12.6917,1626
12.6944,1633
12.6972,1630
12.7000,1632
12.7028,1638
12.7056,1633
12.7083,1646
12.7111,1652
12.7139,1669
12.7167,1677
12.7194,1678
12.7222,1679
12.7250,1681
12.7278,1675
12.7306,1683
12.7333,1680
12.7361,1684
12.7389,1686
12.7417,1700
12.7444,1714
12.7472,1715
12.7500,1722
12.7528,1731
12.7556,1737
12.7583,1744
12.7611,1741
12.7639,1740
12.7667,1750
12.7694,1739
12.7722,1739
12.7750,1745
12.7778,1763
12.7806,1774
12.7833,1771
12.7861,1764
12.7889,1762
12.7917,1642
12.7944,1639
12.7972,1644
12.8000,1656
12.8028,1649
12.8056,1660
12.8083,1654
12.8111,1664
12.8139,1662
12.8167,1662
12.8194,1661
12.8222,1672
12.8250,1665
12.8278,1671
12.8306,1678
12.8333,1691
12.8361,1686
12.8389,1680
12.8417,1677
12.8444,1672
12.8472,1687
12.8500,1710
12.8528,1725
12.8556,1731
12.8583,1740
12.8611,1738
12.8639,1735
12.8667,1728
12.8694,1731
12.8722,1738
12.8750,1744
12.8778,1747
12.8806,1748
12.8833,1753
12.8861,1746
12.8889,1747
12.8917,1737
12.8944,1744
12.8972,1736
12.9000,1734
12.9028,1732
12.9056,1725
12.9083,1727
12.9111,1738
12.9139,1735
12.9167,1735
12.9194,1722
12.9222,1717
12.9250,1719
12.9278,1713
12.9306,1721
12.9333,1725
12.9361,1728
12.9389,1730
12.9417,1722
12.9444,1715
12.9472,1717
12.9500,1719
12.9528,1720
12.9556,1730
12.9583,1744
12.9611,1770
12.9639,1785
12.9667,1810
12.9694,1819
12.9722,1829
12.9750,1840
12.9778,1848
12.9806,1868
12.9833,1879
12.9861,1892
12.9889,1918
12.9917,1934
12.9944,1943
12.9972,1955
13.0000,1960
13.0028,1961
13.0056,1935
13.0083,1909
13.0111,1864
13.0139,1835
13.0167,1774
13.0194,1748
13.0222,1729
13.0250,1721
13.0278,1710
13.0306,1700
13.0333,1684
13.0361,1676
13.0389,1674
13.0417,1657
13.0444,1638
13.0472,1633
13.0500,1632
13.0528,1635
13.0556,1649
13.0583,1648
13.0611,1651
13.0639,1646
13.0667,1643
13.0694,1641
13.0722,1644
13.0750,1631
13.0778,1638
13.0806,1639
13.0833,1635
13.0861,1613
13.0889,1602
13.0917,1570
13.0944,1530
13.0972,1485
13.1000,1460
13.1028,1460
13.1056,1483
13.1083,1526
13.1111,1647
13.1139,1825
13.1167,2033
13.1194,2264
13.1222,2525
13.1250,2807
13.1278,3033
13.1306,3181
13.1333,3224
13.1361,3101
13.1389,2786
13.1417,2315
13.1444,1852
13.1472,1495
13.1500,1301
13.1528,1254
13.1556,1311
13.1583,1403
13.1611,1509
13.1639,1567
13.1667,1600
13.1694,1606
13.1722,1573
13.1750,1576
13.1778,1565
13.1806,1572
13.1833,1583
13.1861,1587
13.1889,1591
13.1917,1593
13.1944,1586
13.1972,1592
13.2000,1598
13.2028,1607
13.2056,1627
13.2083,1627
13.2111,1628
13.2139,1610
13.2167,1614
13.2194,1613
13.2222,1623
13.2250,1641
13.2278,1653
13.2306,1657
13.2333,1651
13.2361,1645
13.2389,1652
13.2417,1658
13.2444,1667
13.2472,1673
13.2500,1676
13.2528,1686
13.2556,1690
13.2583,1681
13.2611,1695
13.2639,1695
13.2667,1693
13.2694,1698
13.2722,1718
13.2750,1707
13.2778,1704
13.2806,1722
13.2833,1725
13.2861,1735
13.2889,1736
13.2917,1721
13.2944,1726
13.2972,1725
13.3000,1748
13.3028,1769
13.3056,1764
13.3083,1774
13.3111,1767
13.3139,1760
13.3167,1774
13.3194,1763
13.3222,1768
13.3250,1772
13.3278,1771
13.3306,1777
13.3333,1774
13.3361,1778
13.3389,1670
13.3417,1680
13.3444,1680
13.3472,1673
13.3500,1671
13.3528,1672
13.3556,1667
13.3583,1659
13.3611,1669
13.3639,1670
13.3667,1668
13.3694,1680
13.3722,1678
13.3750,1678
13.3778,1676
13.3806,1697
13.3833,1700
13.3861,1706
13.3889,1714
13.3917,1715
13.3944,1714
13.3972,1713
13.4000,1727
13.4028,1739
13.4056,1757
13.4083,1749
13.4111,1741
13.4139,1744
13.4167,1746
13.4194,1755
13.4222,1756
13.4250,1756
13.4278,1770
13.4306,1763
13.4333,1760
13.4361,1750
13.4389,1738
13.4417,1734
13.4444,1730
13.4472,1737
13.4500,1728
13.4528,1728
13.4556,1729
13.4583,1728
13.4611,1731
13.4639,1733
13.4667,1736
13.4694,1726
13.4722,1721
13.4750,1719
13.4778,1709
13.4806,1714
13.4833,1720
13.4861,1719
13.4889,1714
13.4917,1720
13.4944,1727
13.4972,1721
13.5000,1729
13.5028,1734
13.5056,1726
13.5083,1716
13.5111,1709
13.5139,1711
13.5167,1727
13.5194,1751
13.5222,1777
13.5250,1795
13.5278,1812
13.5306,1822
13.5333,1826
13.5361,1824
13.5389,1839
13.5417,1861
13.5444,1891
13.5472,1913
13.5500,1934
13.5528,1939
13.5556,1932
13.5583,1936
13.5611,1940
13.5639,1951
13.5667,1936
13.5694,1906
13.5722,1869
13.5750,1812
13.5778,1770
13.5806,1738
13.5833,1737
13.5861,1731
13.5889,1705
13.5917,1688
13.5944,1662
13.5972,1655
13.6000,1643
13.6028,1636
13.6056,1629
13.6083,1623
13.6111,1635
13.6139,1620
13.6167,1618
13.6194,1612
13.6222,1614
13.6250,1608
13.6278,1613
13.6306,1613
13.6333,1623
13.6361,1630
13.6389,1640
13.6417,1634
13.6444,1624
13.6472,1605
13.6500,1586
13.6528,1551
13.6556,1509
13.6583,1472
13.6611,1459
13.6639,1461
13.6667,1484
13.6694,1547
13.6722,1691
13.6750,1877
13.6778,2080
13.6806,2316
13.6833,2595
13.6861,2870
13.6889,3058
13.6917,3163
13.6944,3137
13.6972,2938
13.7000,2565
13.7028,2080
13.7056,1647
13.7083,1357
13.7111,1242
13.7139,1263
13.7167,1341
13.7194,1446
13.7222,1542
13.7250,1585
13.7278,1600
13.7306,1588
13.7333,1564
13.7361,1551
13.7389,1548
13.7417,1556
13.7444,1567
13.7472,1568
13.7500,1574
13.7528,1572
13.7556,1570
13.7583,1563
13.7611,1582
13.7639,1607
13.7667,1614
13.7694,1616
13.7722,1609
13.7750,1602
13.7778,1600
13.7806,1610
13.7833,1624
13.7861,1636
13.7889,1638
13.7917,1632
13.7944,1640
13.7972,1642
13.8000,1654
13.8028,1671
13.8056,1673
13.8083,1658
13.8111,1665
13.8139,1654
13.8167,1664
13.8194,1663
13.8222,1672
13.8250,1689
13.8278,1695
13.8306,1687
13.8333,1690
13.8361,1698
13.8389,1701
13.8417,1721
13.8444,1712
13.8472,1726
13.8500,1732
13.8528,1732
13.8556,1739
13.8583,1747
13.8611,1754
13.8639,1758
13.8667,1773
13.8694,1777
13.8722,1772
13.8750,1768
13.8778,1773
13.8806,1782
13.8833,1792
13.8861,1791
13.8889,1800
13.8917,1789
13.8944,1784
13.8972,1791
13.9000,1679
13.9028,1680
13.9056,1678
13.9083,1675
13.9111,1672
13.9139,1676
13.9167,1669
13.9194,1686
13.9222,1705
13.9250,1708
13.9278,1696
13.9306,1687
13.9333,1680
13.9361,1681
13.9389,1683
13.9417,1692
13.9444,1701
13.9472,1712
13.9500,1710
13.9528,1707
13.9556,1711
13.9583,1727
13.9611,1734
13.9639,1740
13.9667,1731
13.9694,1718
13.9722,1713
13.9750,1716
13.9778,1729
13.9806,1740
13.9833,1751
13.9861,1752
13.9889,1738
13.9917,1751
13.9944,1742
13.9972,1740
14.0000,1729
14.0028,1735
14.0056,1736
14.0083,1740
14.0111,1741
14.0139,1733
14.0167,1734
14.0194,1742
14.0222,1735
14.0250,1733
14.0278,1734
14.0306,1740
14.0333,1740
14.0361,1739
14.0389,1745
14.0417,1735
14.0444,1732
14.0472,1730
14.0500,1716
14.0528,1712
14.0556,1704
14.0583,1717
14.0611,1713
14.0639,1721
14.0667,1732
14.0694,1725
14.0722,1723
14.0750,1718
14.0778,1726
14.0806,1730
14.0833,1743
14.0861,1762
14.0889,1784
14.0917,1813
14.0944,1830
14.0972,1831
14.1000,1847
14.1028,1851
14.1056,1865
14.1083,1865
14.1111,1893
14.1139,1915
14.1167,1929
14.1194,1942
14.1222,1957
14.1250,1961
14.1278,1968
14.1306,1948
14.1333,1936
14.1361,1895
14.1389,1857
14.1417,1821
14.1444,1786
14.1472,1747
14.1500,1733
14.1528,1722
14.1556,1709
14.1583,1689
14.1611,1670
14.1639,1656
14.1667,1653
14.1694,1638
14.1722,1622
14.1750,1619
14.1778,1613
14.1806,1625
14.1833,1631
14.1861,1640
14.1889,1629
14.1917,1620
14.1944,1618
14.1972,1618
14.2000,1612
14.2028,1619
14.2056,1627
14.2083,1638
14.2111,1631
14.2139,1619
14.2167,1602
14.2194,1569
14.2222,1532
14.2250,1477
14.2278,1476
14.2306,1474
14.2333,1498
14.2361,1572
14.2389,1708
14.2417,1886
14.2444,2077
14.2472,2291
14.2500,2564
14.2528,2838
14.2556,3040
14.2583,3144
14.2611,3101
14.2639,2892
14.2667,2509
14.2694,2047
14.2722,1612
14.2750,1318
14.2778,1213
14.2806,1248
14.2833,1355
14.2861,1472
14.2889,1569
14.2917,1612
14.2944,1603
14.2972,1579
14.3000,1571
14.3028,1561
14.3056,1566
14.3083,1570
14.3111,1592
14.3139,1605
14.3167,1603
14.3194,1594
14.3222,1583
14.3250,1584
14.3278,1599
14.3306,1619
14.3333,1627
14.3361,1622
14.3389,1616
14.3417,1603
14.3444,1608
14.3472,1613
14.3500,1629
14.3528,1647
14.3556,1655
14.3583,1650
14.3611,1652
14.3639,1655
14.3667,1664
14.3694,1671
14.3722,1671
14.3750,1671
14.3778,1663
14.3806,1664
14.3833,1668
14.3861,1678
14.3889,1684
14.3917,1687
14.3944,1691
14.3972,1705
14.4000,1699
14.4028,1699
14.4056,1700
14.4083,1711
14.4111,1722
14.4139,1725
14.4167,1723
14.4194,1725
14.4222,1739
14.4250,1746
14.4278,1767
14.4306,1781
14.4333,1804
14.4361,1815
14.4389,1805
14.4417,1793
14.4444,1796
14.4472,1791
14.4500,1792
14.4528,1793
14.4556,1813
14.4583,1797
14.4611,1804
14.4639,1800
14.4667,1660
14.4694,1664
14.4722,1666
14.4750,1655
14.4778,1655
14.4806,1664
14.4833,1666
14.4861,1675
14.4889,1674
14.4917,1676
14.4944,1658
14.4972,1662
14.5000,1659
14.5028,1661
14.5056,1677
14.5083,1681
14.5111,1681
14.5139,1683
14.5167,1679
14.5194,1684
14.5222,1688
14.5250,1694
14.5278,1691
14.5306,1696
14.5333,1697
14.5361,1703
14.5389,1698
14.5417,1697
14.5444,1693
14.5472,1703
14.5500,1719
14.5528,1724
14.5556,1715
14.5583,1718
14.5611,1715
14.5639,1715
14.5667,1713
14.5694,1724
14.5722,1724
14.5750,1725
14.5778,1713
14.5806,1706
14.5833,1704
14.5861,1708
14.5889,1710
14.5917,1724
14.5944,1726
14.5972,1721
14.6000,1716
14.6028,1701
14.6056,1693
14.6083,1696
14.6111,1690
14.6139,1693
14.6167,1689
14.6194,1676
14.6222,1681
14.6250,1696
14.6278,1705
14.6306,1719
14.6333,1744
14.6361,1755
14.6389,1784
14.6417,1794
14.6444,1812
14.6472,1816
14.6500,1821
14.6528,1832
14.6556,1843
14.6583,1855
14.6611,1874
14.6639,1902
14.6667,1906
14.6694,1914
14.6722,1926
14.6750,1932
14.6778,1918
14.6806,1900
14.6833,1869
14.6861,1828
14.6889,1786
14.6917,1755
14.6944,1721
14.6972,1699
14.7000,1676
14.7028,1645
14.7056,1629
14.7083,1615
14.7111,1611
14.7139,1609
14.7167,1604
14.7194,1598
14.7222,1605
14.7250,1613
14.7278,1608
14.7306,1604
14.7333,1597
14.7361,1591
14.7389,1579
14.7417,1578
14.7444,1586
14.7472,1596
14.7500,1601
14.7528,1602
14.7556,1600
14.7583,1594
14.7611,1565
14.7639,1551
14.7667,1512
14.7694,1463
14.7722,1434
14.7750,1431
14.7778,1445
14.7806,1461
14.7833,1519
14.7861,1665
14.7889,1864
14.7917,2061
14.7944,2312
14.7972,2602
14.8000,2878
14.8028,3087
14.8056,3172
14.8083,3116
14.8111,2884
14.8139,2491
14.8167,2019
14.8194,1583
14.8222,1298
14.8250,1195
14.8278,1223
14.8306,1339
14.8333,1463
14.8361,1541
14.8389,1575
14.8417,1573
14.8444,1544
14.8472,1520
14.8500,1513
14.8528,1530
14.8556,1550
14.8583,1546
14.8611,1558
14.8639,1563
14.8667,1543
14.8694,1547
14.8722,1552
14.8750,1561
14.8778,1573
14.8806,1578
14.8833,1580
14.8861,1580
14.8889,1596
14.8917,1601
14.8944,1609
14.8972,1609
14.9000,1612
14.9028,1609
14.9056,1609
14.9083,1609
14.9111,1615
14.9139,1618
14.9167,1618
14.9194,1636
14.9222,1657
14.9250,1651
14.9278,1650
14.9306,1642
14.9333,1642
14.9361,1642
14.9389,1661
14.9417,1677
14.9444,1687
14.9472,1696
14.9500,1688
14.9528,1690
14.9556,1692
14.9583,1692
14.9611,1705
14.9639,1721
14.9667,1711
14.9694,1720
14.9722,1722
14.9750,1730
14.9778,1729
14.9806,1738
14.9833,1751
14.9861,1760
14.9889,1763
14.9917,1772
14.9944,1774
14.9972,1785
15.0000,1783
15.0028,1789
15.0056,1790
15.0083,1780
15.0111,1778
15.0139,1622
15.0167,1629
15.0194,1632
15.0222,1647
15.0250,1648
15.0278,1644
15.0306,1643
15.0333,1640
15.0361,1641
15.0389,1633
15.0417,1640
15.0444,1637
15.0472,1645
15.0500,1646
15.0528,1643
15.0556,1655
15.0583,1655
15.0611,1657
15.0639,1649
15.0667,1653
15.0694,1654
15.0722,1657
15.0750,1673
15.0778,1685
15.0806,1688
15.0833,1688
15.0861,1684
15.0889,1673
15.0917,1681
15.0944,1687
15.0972,1707
15.1000,1704
15.1028,1696
15.1056,1693
15.1083,1694
15.1111,1699
15.1139,1713
15.1167,1714
15.1194,1713
15.1222,1699
15.1250,1698
15.1278,1688
15.1306,1688
15.1333,1698
15.1361,1696
15.1389,1705
15.1417,1705
15.1444,1703
15.1472,1690
15.1500,1688
15.1528,1692
15.1556,1695
15.1583,1695
15.1611,1696
15.1639,1688
15.1667,1691
15.1694,1679
15.1722,1689
15.1750,1710
15.1778,1724
15.1806,1746
15.1833,1760
15.1861,1784
15.1889,1791
15.1917,1800
15.1944,1805
15.1972,1832
15.2000,1846
15.2028,1868
15.2056,1879
15.2083,1882
15.2111,1888
15.2139,1893
15.2167,1905
15.2194,1916
15.2222,1916
15.2250,1898
15.2278,1878
15.2306,1832
15.2333,1779
15.2361,1734
15.2389,1699
15.2417,1688
15.2444,1674
15.2472,1667
15.2500,1652
15.2528,1635
15.2556,1612
15.2583,1596
15.2611,1582
15.2639,1581
15.2667,1581
15.2694,1595
15.2722,1596
15.2750,1592
15.2778,1596
15.2806,1593
15.2833,1595
15.2861,1591
15.2889,1580
15.2917,1583
15.2944,1580
15.2972,1580
15.3000,1582
15.3028,1585
15.3056,1580
15.3083,1571
15.3111,1537
15.3139,1488
15.3167,1449
15.3194,1410
15.3222,1403
15.3250,1425
15.3278,1490
15.3306,1615
15.3333,1804
15.3361,2001
15.3389,2220
15.3417,2499
15.3444,2785
15.3472,2989
15.3500,3117
15.3528,3108
15.3556,2955
15.3583,2627
15.3611,2178
15.3639,1724
15.3667,1380
15.3694,1202
15.3722,1188
15.3750,1274
15.3778,1389
15.3806,1494
15.3833,1561
15.3861,1577
15.3889,1562
15.3917,1545
15.3944,1526
15.3972,1522
15.4000,1521
15.4028,1549
15.4056,1562
15.4083,1563
15.4111,1565
15.4139,1550
15.4167,1553
15.4194,1563
15.4222,1577
15.4250,1588
15.4278,1590
15.4306,1591
15.4333,1590
15.4361,1595
15.4389,1590
15.4417,1603
15.4444,1603
15.4472,1599
15.4500,1597
15.4528,1594
15.4556,1600
15.4583,1619
15.4611,1631
15.4639,1632
15.4667,1627
15.4694,1625
15.4722,1621
15.4750,1631
15.4778,1639
15.4806,1648
15.4833,1646
15.4861,1658
15.4889,1664
15.4917,1690
15.4944,1683
15.4972,1693
15.5000,1685
15.5028,1689
15.5056,1687
15.5083,1695
15.5111,1690
15.5139,1695
15.5167,1712
15.5194,1725
15.5222,1742
15.5250,1752
15.5278,1758
15.5306,1758
15.5333,1745
15.5361,1743
15.5389,1741
15.5417,1758
15.5444,1767
15.5472,1774
15.5500,1772
15.5528,1757
15.5556,1768
15.5583,1657
15.5611,1658
15.5639,1652
15.5667,1646
15.5694,1648
15.5722,1635
15.5750,1627
15.5778,1637
15.5806,1649
15.5833,1648
15.5861,1661
15.5889,1650
15.5917,1655
15.5944,1654
15.5972,1660
15.6000,1665
15.6028,1678
15.6056,1682
15.6083,1675
15.6111,1679
15.6139,1679
15.6167,1684
15.6194,1698
15.6222,1698
15.6250,1702
15.6278,1704
15.6306,1710
15.6333,1706
15.6361,1711
15.6389,1719
15.6417,1716
15.6444,1713
15.6472,1704
15.6500,1700
15.6528,1702
15.6556,1712
15.6583,1721
15.6611,1718
15.6639,1716
15.6667,1705
15.6694,1713
15.6722,1724
15.6750,1699
15.6778,1710
15.6806,1708
15.6833,1712
15.6861,1714
15.6889,1708
15.6917,1703
15.6944,1692
15.6972,1691
15.7000,1693
15.7028,1705
15.7056,1716
15.7083,1726
15.7111,1738
15.7139,1745
15.7167,1759
15.7194,1785
15.7222,1801
15.7250,1820
15.7278,1831
15.7306,1843
15.7333,1840
15.7361,1846
15.7389,1864
15.7417,1880
15.7444,1898
15.7472,1918
15.7500,1931
15.7528,1931
15.7556,1941
15.7583,1952
15.7611,1940
15.7639,1920
15.7667,1876
15.7694,1840
15.7722,1788
15.7750,1748
15.7778,1737
15.7806,1715
15.7833,1706
15.7861,1684
15.7889,1664
15.7917,1650
15.7944,1636
15.7972,1628
15.8000,1620
15.8028,1627
15.8056,1625
15.8083,1630
15.8111,1617
15.8139,1627
15.8167,1633
15.8194,1642
15.8222,1641
15.8250,1623
15.8278,1610
15.8306,1605
15.8333,1602
15.8361,1613
15.8389,1614
15.8417,1620
15.8444,1598
15.8472,1567
15.8500,1529
15.8528,1473
15.8556,1433
15.8583,1421
15.8611,1442
15.8639,1503
15.8667,1618
15.8694,1801
15.8722,1990
15.8750,2212
15.8778,2482
15.8806,2795
15.8833,3041
15.8861,3194
15.8889,3222
15.8917,3097
15.8944,2788
15.8972,2334
15.9000,1844
15.9028,1467
15.9056,1261
15.9083,1225
15.9111,1290
15.9139,1391
15.9167,1504
15.9194,1575
15.9222,1603
15.9250,1605
15.9278,1582
15.9306,1565
15.9333,1573
15.9361,1561
15.9389,1574
15.9417,1596
15.9444,1598
15.9472,1592
15.9500,1578
15.9528,1582
15.9556,1583
15.9583,1605
15.9611,1624
15.9639,1627
15.9667,1627
15.9694,1616
15.9722,1617
15.9750,1624
15.9778,1648
15.9806,1661
15.9833,1673
15.9861,1670
15.9889,1650
15.9917,1645
15.9944,1642
15.9972,1654
16.0000,1662
16.0028,1668
16.0056,1686
16.0083,1685
16.0111,1684
16.0139,1690
16.0167,1695
16.0194,1694
16.0222,1719
16.0250,1722
16.0278,1723
16.0306,1714
16.0333,1713
16.0361,1714
16.0389,1716
16.0417,1722
16.0444,1715
16.0472,1713
16.0500,1717
16.0528,1722
16.0556,1743
16.0583,1760
16.0611,1762
16.0639,1747
16.0667,1749
16.0694,1751
16.0722,1747
16.0750,1757
16.0778,1760
16.0806,1765
16.0833,1768
16.0861,1775
16.0889,1788
16.0917,1791
16.0944,1654
16.0972,1657
16.1000,1673
16.1028,1676
16.1056,1676
16.1083,1664
16.1111,1665
16.1139,1664
16.1167,1673
16.1194,1689
16.1222,1691
16.1250,1692
16.1278,1693
16.1306,1697
16.1333,1695
16.1361,1700
16.1389,1704
16.1417,1704
16.1444,1703
16.1472,1697
16.1500,1705
16.1528,1709
16.1556,1722
16.1583,1734
16.1611,1744
16.1639,1737
16.1667,1736
16.1694,1714
16.1722,1713
16.1750,1712
16.1778,1717
16.1806,1718
16.1833,1722
16.1861,1725
16.1889,1722
16.1917,1720
16.1944,1738
16.1972,1738
16.2000,1735
16.2028,1720
16.2056,1709
16.2083,1716
16.2111,1721
16.2139,1730
16.2167,1741
16.2194,1763
16.2222,1770
16.2250,1794
16.2278,1800
16.2306,1805
16.2333,1815
16.2361,1822
16.2389,1838
16.2417,1857
16.2444,1871
16.2472,1877
16.2500,1886
16.2528,1908
16.2556,1926
16.2583,1930
16.2611,1931
16.2639,1929
16.2667,1900
16.2694,1866
16.2722,1835
16.2750,1805
16.2778,1769
16.2806,1739
16.2833,1704
16.2861,1703
16.2889,1696
16.2917,1689
16.2944,1670
16.2972,1660
16.3000,1653
16.3028,1644
16.3056,1633
16.3083,1624
16.3111,1620
16.3139,1606
16.3167,1616
16.3194,1631
16.3222,1630
16.3250,1630
16.3278,1631
16.3306,1627
16.3333,1630
16.3361,1638
16.3389,1634
16.3417,1635
16.3444,1623
16.3472,1619
16.3500,1606
16.3528,1577
16.3556,1541
16.3583,1499
16.3611,1454
16.3639,1422
16.3667,1432
16.3694,1446
16.3722,1530
16.3750,1677
16.3778,1863
16.3806,2083
16.3833,2345
16.3861,2653
16.3889,2945
16.3917,3163
16.3944,3280
16.3972,3253
16.4000,3051
16.4028,2651
16.4056,2163
16.4083,1713
16.4111,1405
16.4139,1267
16.4167,1256
16.4194,1332
16.4222,1430
16.4250,1513
16.4278,1578
16.4306,1597
16.4333,1602
16.4361,1580
16.4389,1556
16.4417,1551
16.4444,1559
16.4472,1568
16.4500,1573
16.4528,1582
16.4556,1577
16.4583,1574
16.4611,1575
16.4639,1587
16.4667,1594
16.4694,1604
16.4722,1619
16.4750,1609
16.4778,1601
16.4806,1610
16.4833,1612
16.4861,1632
16.4889,1652
16.4917,1654
16.4944,1662
16.4972,1647
16.5000,1637
16.5028,1648
16.5056,1653
16.5083,1666
16.5111,1667
16.5139,1658
16.5167,1654
16.5194,1653
16.5222,1663
16.5250,1679
16.5278,1707
16.5306,1717
16.5333,1716
16.5361,1714
16.5389,1710
16.5417,1708
16.5444,1703
16.5472,1710
16.5500,1714
16.5528,1725
16.5556,1733
16.5583,1745
16.5611,1747
16.5639,1752
16.5667,1768
16.5694,1771
16.5722,1772
16.5750,1769
16.5778,1763
16.5806,1764
16.5833,1765
16.5861,1756
16.5889,1753
16.5917,1766
16.5944,1765
16.5972,1773
16.6000,1781
16.6028,1697
16.6056,1692
16.6083,1697
16.6111,1688
16.6139,1685
16.6167,1668
16.6194,1666
16.6222,1668
16.6250,1683
16.6278,1697
16.6306,1702
16.6333,1695
16.6361,1696
16.6389,1685
16.6417,1700
16.6444,1708
16.6472,1717
16.6500,1707
16.6528,1700
16.6556,1703
16.6583,1703
16.6611,1712
16.6639,1730
16.6667,1736
16.6694,1730
16.6722,1728
16.6750,1728
16.6778,1720
16.6806,1727
16.6833,1723
16.6861,1738
16.6889,1738
16.6917,1736
16.6944,1745
16.6972,1746
16.7000,1756
16.7028,1755
16.7056,1756
16.7083,1762
16.7111,1771
16.7139,1788
16.7167,1797
16.7194,1801
16.7222,1830
16.7250,1839
16.7278,1855
16.7306,1867
16.7333,1873
16.7361,1875
16.7389,1892
16.7417,1907
16.7444,1928
16.7472,1933
16.7500,1945
16.7528,1949
16.7556,1949
16.7583,1929
16.7611,1896
16.7639,1863
16.7667,1822
16.7694,1787
16.7722,1767
16.7750,1751
16.7778,1729
16.7806,1712
16.7833,1696
16.7861,1682
16.7889,1666
16.7917,1671
16.7944,1666
16.7972,1654
16.8000,1660
16.8028,1671
16.8056,1663
16.8083,1668
16.8111,1664
16.8139,1657
16.8167,1656
16.8194,1651
16.8222,1658
16.8250,1663
16.8278,1658
16.8306,1657
16.8333,1658
16.8361,1643
16.8389,1652
16.8417,1657
16.8444,1634
16.8472,1574
16.8500,1501
16.8528,1441
16.8556,1429
16.8583,1432
16.8611,1472
16.8639,1562
16.8667,1736
16.8694,1939
16.8722,2152
16.8750,2417
16.8778,2746
16.8806,3020
16.8833,3227
16.8861,3322
16.8889,3253
16.8917,3008
16.8944,2573
16.8972,2066
16.9000,1633
16.9028,1351
16.9056,1246
16.9083,1275
16.9111,1368
16.9139,1480
16.9167,1574
16.9194,1632
16.9222,1647
16.9250,1636
16.9278,1603
16.9306,1591
16.9333,1584
16.9361,1587
16.9389,1592
16.9417,1612
16.9444,1614
16.9472,1617
16.9500,1607
16.9528,1608
16.9556,1615
16.9583,1627
16.9611,1632
16.9639,1631
16.9667,1625
16.9694,1633
16.9722,1636
16.9750,1639
16.9778,1644
16.9806,1665
16.9833,1673
16.9861,1679
16.9889,1661
16.9917,1650
16.9944,1652
16.9972,1659
17.0000,1667
17.0028,1685
17.0056,1688
17.0083,1681
17.0111,1682
17.0139,1691
17.0167,1708
17.0194,1701
17.0222,1707
17.0250,1711
17.0278,1715
17.0306,1709
17.0333,1723
17.0361,1725
17.0389,1719
17.0417,1724
17.0444,1722
17.0472,1716
17.0500,1734
17.0528,1745
17.0556,1766
17.0583,1768
17.0611,1766
17.0639,1767
17.0667,1767
17.0694,1762
17.0722,1760
17.0750,1768
17.0778,1773
17.0806,1786
17.0833,1790
17.0861,1783
17.0889,1776
17.0917,1777
17.0944,1687
17.0972,1692
17.1000,1693
17.1028,1689
17.1056,1685
17.1083,1683
17.1111,1675
17.1139,1676
17.1167,1687
17.1194,1689
17.1222,1695
17.1250,1699
17.1278,1702
17.1306,1704
17.1333,1714
17.1361,1719
17.1389,1722
17.1417,1721
17.1444,1723
17.1472,1714
17.1500,1707
17.1528,1720
17.1556,1732
17.1583,1741
17.1611,1740
17.1639,1740
17.1667,1740
17.1694,1732
17.1722,1721
17.1750,1718
17.1778,1721
17.1806,1720
17.1833,1725
17.1861,1716
17.1889,1724
17.1917,1722
17.1944,1728
17.1972,1744
17.2000,1759
17.2028,1772
17.2056,1789
17.2083,1811
17.2111,1834
17.2139,1844
17.2167,1846
17.2194,1843
17.2222,1847
17.2250,1860
17.2278,1872
17.2306,1898
17.2333,1919
17.2361,1933
17.2389,1944
17.2417,1950
17.2444,1948
17.2472,1945
17.2500,1918
17.2528,1894
17.2556,1854
17.2583,1832
17.2611,1790
17.2639,1747
17.2667,1721
17.2694,1703
17.2722,1683
17.2750,1674
17.2778,1652
17.2806,1627
17.2833,1611
17.2861,1585
17.2889,1589
17.2917,1583
17.2944,1594
17.2972,1600
17.3000,1596
17.3028,1587
17.3056,1579
17.3083,1570
17.3111,1567
17.3139,1574
17.3167,1586
17.3194,1588
17.3222,1593
17.3250,1582
17.3278,1567
17.3306,1560
17.3333,1550
17.3361,1535
17.3389,1501
17.3417,1449
17.3444,1398
17.3472,1353
17.3500,1345
17.3528,1344
17.3556,1391
17.3583,1525
17.3611,1724
17.3639,1938
17.3667,2173
17.3694,2465
17.3722,2784
17.3750,3046
17.3778,3190
17.3806,3173
17.3833,2971
17.3861,2625
17.3889,2154
17.3917,1676
17.3944,1335
17.3972,1185
17.4000,1192
17.4028,1278
17.4056,1395
17.4083,1505
17.4111,1563
17.4139,1574
17.4167,1549
17.4194,1519
17.4222,1508
17.4250,1503
17.4278,1507
17.4306,1515
17.4333,1536
17.4361,1534
17.4389,1525
17.4417,1523
17.4444,1512
17.4472,1517
17.4500,1522
17.4528,1526
17.4556,1540
17.4583,1555
17.4611,1551
17.4639,1558
17.4667,1559
17.4694,1574
17.4722,1585
17.4750,1587
17.4778,1586
17.4806,1597
17.4833,1584
17.4861,1591
17.4889,1592
17.4917,1603
17.4944,1607
17.4972,1605
17.5000,1606
17.5028,1605
17.5056,1599
17.5083,1614
17.5111,1621
17.5139,1625
17.5167,1637
17.5194,1631
17.5222,1633
17.5250,1643
17.5278,1650
17.5306,1657
17.5333,1669
17.5361,1669
17.5389,1666
17.5417,1674
17.5444,1676
17.5472,1682
17.5500,1691
17.5528,1695
17.5556,1695
17.5583,1694
17.5611,1688
17.5639,1681
17.5667,1690
17.5694,1704
17.5722,1719
17.5750,1722
17.5778,1722
17.5806,1725
17.5833,1727
17.5861,1621
17.5889,1622
17.5917,1625
17.5944,1619
17.5972,1625
17.6000,1625
17.6028,1620
17.6056,1627
17.6083,1640
17.6111,1642
17.6139,1653
17.6167,1652
17.6194,1643
17.6222,1642
17.6250,1657
17.6278,1665
17.6306,1672
17.6333,1664
17.6361,1674
17.6389,1652
17.6417,1664
17.6444,1673
17.6472,1685
17.6500,1697
17.6528,1680
17.6556,1688
17.6583,1683
17.6611,1684
17.6639,1689
17.6667,1682
17.6694,1679
17.6722,1680
17.6750,1680
17.6778,1694
17.6806,1702
17.6833,1721
17.6861,1744
17.6889,1772
17.6917,1804
17.6944,1815
17.6972,1818
17.7000,1817
17.7028,1817
17.7056,1835
17.7083,1846
17.7111,1866
17.7139,1884
17.7167,1900
17.7194,1896
17.7222,1902
17.7250,1920
17.7278,1930
17.7306,1931
17.7333,1899
17.7361,1860
17.7389,1812
17.7417,1764
17.7444,1729
17.7472,1698
17.7500,1683
17.7528,1661
17.7556,1634
17.7583,1621
17.7611,1609
17.7639,1590
17.7667,1588
17.7694,1581
17.7722,1569
17.7750,1576
17.7778,1576
17.7806,1577
17.7833,1571
17.7861,1572
17.7889,1565
17.7917,1564
17.7944,1561
17.7972,1545
17.8000,1550
17.8028,1564
17.8056,1581
17.8083,1581
17.8111,1579
17.8139,1557
17.8167,1523
17.8194,1458
17.8222,1408
17.8250,1347
17.8278,1311
17.8306,1304
17.8333,1324
17.8361,1381
17.8389,1500
17.8417,1684
17.8444,1882
17.8472,2108
17.8500,2406
17.8528,2713
17.8556,2965
17.8583,3119
17.8611,3130
17.8639,2939
17.8667,2607
17.8694,2144
17.8722,1678
17.8750,1341
17.8778,1187
17.8806,1188
17.8833,1286
17.8861,1408
17.8889,1515
17.8917,1583
17.8944,1592
17.8972,1558
17.9000,1524
17.9028,1500
17.9056,1489
17.9083,1501
17.9111,1510
17.9139,1530
17.9167,1533
17.9194,1546
17.9222,1544
17.9250,1540
17.9278,1556
17.9306,1560
17.9333,1584
17.9361,1582
17.9389,1571
17.9417,1570
17.9444,1572
17.9472,1578
17.9500,1582
17.9528,1599
17.9556,1600
17.9583,1592
17.9611,1593
17.9639,1606
17.9667,1607
17.9694,1613
17.9722,1621
17.9750,1626
17.9778,1621
17.9806,1614
17.9833,1624
17.9861,1628
17.9889,1638
17.9917,1658
17.9944,1660
17.9972,1670
18.0000,1672
18.0028,1670
18.0056,1670
18.0083,1673
18.0111,1674
18.0139,1687
18.0167,1686
18.0194,1691
18.0222,1695
18.0250,1695
18.0278,1700
18.0306,1720
18.0333,1721
18.0361,1724
18.0389,1718
18.0417,1716
18.0444,1719
18.0472,1717
18.0500,1729
18.0528,1736
18.0556,1735
18.0583,1726
18.0611,1733
18.0639,1738
18.0667,1643
18.0694,1641
18.0722,1647
18.0750,1646
18.0778,1644
18.0806,1650
18.0833,1651
18.0861,1652
18.0889,1668
18.0917,1685
18.0944,1688
18.0972,1689
18.1000,1678
18.1028,1682
18.1056,1676
18.1083,1685
18.1111,1699
18.1139,1715
18.1167,1707
18.1194,1709
18.1222,1705
18.1250,1706
18.1278,1708
18.1306,1711
18.1333,1709
18.1361,1713
18.1389,1715
18.1417,1714
18.1444,1705
18.1472,1710
18.1500,1714
18.1528,1726
18.1556,1730
18.1583,1734
18.1611,1726
18.1639,1728
18.1667,1728
18.1694,1744
18.1722,1762
18.1750,1782
18.1778,1800
18.1806,1829
18.1833,1843
18.1861,1846
18.1889,1859
18.1917,1866
18.1944,1887
18.1972,1892
18.2000,1906
18.2028,1917
18.2056,1921
18.2083,1937
18.2111,1946
18.2139,1958
18.2167,1965
18.2194,1942
18.2222,1918
18.2250,1865
18.2278,1811
18.2306,1769
18.2333,1738
18.2361,1725
18.2389,1708
18.2417,1691
18.2444,1671
18.2472,1647
18.2500,1635
18.2528,1621
18.2556,1620
18.2583,1601
18.2611,1596
18.2639,1591
18.2667,1599
18.2694,1602
18.2722,1599
18.2750,1595
18.2778,1588
18.2806,1596
18.2833,1588
18.2861,1587
18.2889,1600
18.2917,1606
18.2944,1595
18.2972,1588
18.3000,1578
18.3028,1559
18.3056,1547
18.3083,1491
18.3111,1440
18.3139,1388
18.3167,1368
18.3194,1362
18.3222,1382
18.3250,1464
18.3278,1613
18.3306,1812
18.3333,2028
18.3361,2299
18.3389,2614
18.3417,2890
18.3444,3102
18.3472,3185
18.3500,3112
18.3528,2861
18.3556,2452
18.3583,1961
18.3611,1530
18.3639,1268
18.3667,1211
18.3694,1276
18.3722,1388
18.3750,1504
18.3778,1594
18.3806,1623
18.3833,1608
18.3861,1580
18.3889,1554
18.3917,1537
18.3944,1543
18.3972,1560
18.4000,1562
18.4028,1571
18.4056,1572
18.4083,1565
18.4111,1567
18.4139,1572
18.4167,1583
18.4194,1598
18.4222,1603
18.4250,1610
18.4278,1603
18.4306,1586
18.4333,1591
18.4361,1590
18.4389,1606
18.4417,1624
18.4444,1615
18.4472,1612
18.4500,1617
18.4528,1630
18.4556,1630
18.4583,1624
18.4611,1629
18.4639,1631
18.4667,1630
18.4694,1639
18.4722,1645
18.4750,1656
18.4778,1669
18.4806,1669
18.4833,1665
18.4861,1672
18.4889,1684
18.4917,1682
18.4944,1686
18.4972,1693
18.5000,1706
18.5028,1709
18.5056,1708
18.5083,1693
18.5111,1693
18.5139,1695
18.5167,1702
18.5194,1701
18.5222,1719
18.5250,1716
18.5278,1730
18.5306,1732
18.5333,1734
18.5361,1735
18.5389,1737
18.5417,1746
18.5444,1743
18.5472,1742
18.5500,1740
18.5528,1751
18.5556,1666
18.5583,1671
18.5611,1679
18.5639,1667
18.5667,1666
18.5694,1666
18.5722,1663
18.5750,1670
18.5778,1671
18.5806,1671
18.5833,1679
18.5861,1684
18.5889,1687
18.5917,1682
18.5944,1688
18.5972,1698
18.6000,1708
18.6028,1704
18.6056,1703
18.6083,1698
18.6111,1707
18.6139,1713
18.6167,1720
18.6194,1736
18.6222,1727
18.6250,1723
18.6278,1715
18.6306,1716
18.6333,1708
18.6361,1716
18.6389,1722
18.6417,1730
18.6444,1730
18.6472,1714
18.6500,1712
18.6528,1717
18.6556,1729
18.6583,1745
18.6611,1763
18.6639,1781
18.6667,1802
18.6694,1813
18.6722,1816
18.6750,1829
18.6778,1841
18.6806,1851
18.6833,1864
18.6861,1880
18.6889,1905
18.6917,1923
18.6944,1924
18.6972,1935
18.7000,1954
18.7028,1957
18.7056,1955
18.7083,1940
18.7111,1910
18.7139,1871
18.7167,1822
18.7194,1779
18.7222,1749
18.7250,1723
18.7278,1708
18.7306,1688
18.7333,1666
18.7361,1654
18.7389,1622
18.7417,1616
18.7444,1600
18.7472,1597
18.7500,1599
18.7528,1601
18.7556,1602
18.7583,1610
18.7611,1606
18.7639,1600
18.7667,1602
18.7694,1603
18.7722,1604
18.7750,1607
18.7778,1597
18.7806,1599
18.7833,1605
18.7861,1611
18.7889,1596
18.7917,1574
18.7944,1557
18.7972,1503
18.8000,1445
18.8028,1391
18.8056,1355
18.8083,1350
18.8111,1373
18.8139,1458
18.8167,1620
18.8194,1808
18.8222,2030
18.8250,2288
18.8278,2589
18.8306,2887
18.8333,3083
18.8361,3166
18.8389,3097
18.8417,2850
18.8444,2437
18.8472,1958
18.8500,1525
18.8528,1254
18.8556,1189
18.8583,1242
18.8611,1350
18.8639,1460
18.8667,1544
18.8694,1569
18.8722,1576
18.8750,1555
18.8778,1520
18.8806,1515
18.8833,1504
18.8861,1515
18.8889,1533
18.8917,1529
18.8944,1535
18.8972,1529
18.9000,1530
18.9028,1548
18.9056,1561
18.9083,1557
18.9111,1549
18.9139,1556
18.9167,1559
18.9194,1567
18.9222,1582
18.9250,1582
18.9278,1587
18.9306,1579
18.9333,1578
18.9361,1586
18.9389,1599
18.9417,1600
18.9444,1612
18.9472,1622
18.9500,1630
18.9528,1635
18.9556,1634
18.9583,1624
18.9611,1632
18.9639,1639
18.9667,1643
18.9694,1643
18.9722,1658
18.9750,1650
18.9778,1644
18.9806,1653
18.9833,1660
18.9861,1659
18.9889,1670
18.9917,1678
18.9944,1687
18.9972,1689
19.0000,1686
19.0028,1684
19.0056,1702
19.0083,1706
19.0111,1709
19.0139,1704
19.0167,1704
19.0194,1698
19.0222,1692
19.0250,1695
19.0278,1706
19.0306,1710
19.0333,1719
19.0361,1730
19.0389,1723
19.0417,1734
19.0444,1630
19.0472,1635
19.0500,1633
19.0528,1641
19.0556,1635
19.0583,1641
19.0611,1642
19.0639,1651
19.0667,1640
19.0694,1646
19.0722,1659
19.0750,1654
19.0778,1670
19.0806,1673
19.0833,1674
19.0861,1694
19.0889,1697
19.0917,1696
19.0944,1694
19.0972,1697
19.1000,1687
19.1028,1694
19.1056,1703
19.1083,1703
19.1111,1702
19.1139,1695
19.1167,1695
19.1194,1689
19.1222,1693
19.1250,1701
19.1278,1715
19.1306,1722
19.1333,1730
19.1361,1733
19.1389,1738
19.1417,1742
19.1444,1761
19.1472,1779
19.1500,1794
19.1528,1808
19.1556,1823
19.1583,1833
19.1611,1837
19.1639,1855
19.1667,1883
19.1694,1915
19.1722,1916
19.1750,1921
19.1778,1923
19.1806,1930
19.1833,1952
19.1861,1937
19.1889,1920
19.1917,1880
19.1944,1832
19.1972,1780
19.2000,1743
19.2028,1713
19.2056,1716
19.2083,1701
19.2111,1681
19.2139,1650
19.2167,1618
19.2194,1600
19.2222,1589
19.2250,1592
19.2278,1608
19.2306,1611
19.2333,1617
19.2361,1621
19.2389,1610
19.2417,1592
19.2444,1592
19.2472,1599
19.2500,1596
19.2528,1601
19.2556,1596
19.2583,1585
19.2611,1579
19.2639,1579
19.2667,1581
19.2694,1587
19.2722,1580
19.2750,1535
19.2778,1484
19.2806,1429
19.2833,1383
19.2861,1371
19.2889,1389
19.2917,1435
19.2944,1536
19.2972,1711
19.3000,1909
19.3028,2132
19.3056,2411
19.3083,2723
19.3111,2990
19.3139,3157
19.3167,3214
19.3194,3107
19.3222,2781
19.3250,2323
19.3278,1837
19.3306,1453
19.3333,1247
19.3361,1204
19.3389,1261
19.3417,1363
19.3444,1464
19.3472,1548
19.3500,1582
19.3528,1579
19.3556,1568
19.3583,1556
19.3611,1546
19.3639,1547
19.3667,1556
19.3694,1564
19.3722,1578
19.3750,1575
19.3778,1569
19.3806,1564
19.3833,1568
19.3861,1578
19.3889,1593
19.3917,1593
19.3944,1583
19.3972,1580
19.4000,1584
19.4028,1590
19.4056,1603
19.4083,1612
19.4111,1624
19.4139,1615
19.4167,1620
19.4194,1626
19.4222,1625
19.4250,1625
19.4278,1643
19.4306,1644
19.4333,1646
19.4361,1653
19.4389,1660
19.4417,1648
19.4444,1645
19.4472,1662
19.4500,1671
19.4528,1679
19.4556,1676
19.4583,1665
19.4611,1669
19.4639,1688
19.4667,1691
19.4694,1694
19.4722,1693
19.4750,1685
19.4778,1680
19.4806,1686
19.4833,1690
19.4861,1708
19.4889,1717
19.4917,1718
19.4944,1712
19.4972,1725
19.5000,1714
19.5028,1710
19.5056,1713
19.5083,1723
19.5111,1725
19.5139,1726
19.5167,1737
19.5194,1742
19.5222,1666
19.5250,1673
19.5278,1678
19.5306,1688
19.5333,1688
19.5361,1695
19.5389,1682
19.5417,1688
19.5444,1696
19.5472,1699
19.5500,1708
19.5528,1718
19.5556,1716
19.5583,1709
19.5611,1701
19.5639,1712
19.5667,1724
19.5694,1749
19.5722,1752
19.5750,1758
19.5778,1747
19.5806,1751
19.5833,1758
19.5861,1758
19.5889,1752
19.5917,1747
19.5944,1750
19.5972,1743
19.6000,1741
19.6028,1744
19.6056,1763
19.6083,1765
19.6111,1764
19.6139,1771
19.6167,1785
19.6194,1798
19.6222,1823
19.6250,1839
19.6278,1845
19.6306,1859
19.6333,1861
19.6361,1867
19.6389,1894
19.6417,1917
19.6444,1952
19.6472,1954
19.6500,1971
19.6528,1970
19.6556,1964
19.6583,1960
19.6611,1967
19.6639,1964
19.6667,1944
19.6694,1907
19.6722,1851
19.6750,1809
19.6778,1773
19.6806,1768
19.6833,1759
19.6861,1733
19.6889,1716
19.6917,1687
19.6944,1667
19.6972,1654
19.7000,1659
19.7028,1660
19.7056,1649
19.7083,1656
19.7111,1647
19.7139,1635
19.7167,1636
19.7194,1637
19.7222,1637
19.7250,1641
19.7278,1648
19.7306,1645
19.7333,1639
19.7361,1639
19.7389,1628
19.7417,1628
19.7444,1619
19.7472,1620
19.7500,1601
19.7528,1553
19.7556,1489
19.7583,1426
19.7611,1399
19.7639,1403
19.7667,1424
19.7694,1502
19.7722,1652
19.7750,1846
19.7778,2064
19.7806,2324
19.7833,2631
19.7861,2921
19.7889,3160
19.7917,3287
19.7944,3250
19.7972,3031
19.8000,2630
19.8028,2125
19.8056,1684
19.8083,1385
19.8111,1261
19.8139,1271
19.8167,1352
19.8194,1459
19.8222,1546
19.8250,1594
19.8278,1610
19.8306,1605
19.8333,1586
19.8361,1567
19.8389,1557
19.8417,1571
19.8444,1588
19.8472,1591
19.8500,1589
19.8528,1582
19.8556,1583
19.8583,1589
19.8611,1603
19.8639,1629
19.8667,1638
19.8694,1645
19.8722,1628
19.8750,1619
19.8778,1619
19.8806,1626
19.8833,1630
19.8861,1646
19.8889,1646
19.8917,1638
19.8944,1636
19.8972,1641
19.9000,1646
19.9028,1649
19.9056,1664
19.9083,1670
19.9111,1681
19.9139,1671
19.9167,1672
19.9194,1675
19.9222,1692
19.9250,1696
19.9278,1698
19.9306,1698
19.9333,1689
19.9361,1696
19.9389,1686
19.9417,1692
19.9444,1708
19.9472,1712
19.9500,1715
19.9528,1711
19.9556,1708
19.9583,1707
19.9611,1722
19.9639,1727
19.9667,1726
19.9694,1721
19.9722,1722
19.9750,1725
19.9778,1728
19.9806,1740
19.9833,1744
19.9861,1749
19.9889,1755
19.9917,1763
19.9944,1767
19.9972,1774
20.0000,1698
20.0028,1714
20.0056,1715
20.0083,1713
20.0111,1715
20.0139,1708
20.0167,1697
20.0194,1704
20.0222,1711
20.0250,1716
20.0278,1703
20.0306,1701
20.0333,1697
20.0361,1707
20.0389,1726
20.0417,1739
20.0444,1743
20.0472,1749
20.0500,1747
20.0528,1735
20.0556,1738
20.0583,1736
20.0611,1742
20.0639,1743
20.0667,1740
20.0694,1736
20.0722,1735
20.0750,1739
20.0778,1748
20.0806,1745
20.0833,1752
20.0861,1756
20.0889,1752
20.0917,1756
20.0944,1781
20.0972,1807
20.1000,1836
20.1028,1852
20.1056,1866
20.1083,1869
20.1111,1875
20.1139,1861
20.1167,1876
20.1194,1889
20.1222,1923
20.1250,1942
20.1278,1965
20.1306,1975
20.1333,1967
20.1361,1966
20.1389,1963
20.1417,1955
20.1444,1936
20.1472,1905
20.1500,1872
20.1528,1840
20.1556,1817
20.1583,1784
20.1611,1760
20.1639,1734
20.1667,1720
20.1694,1695
20.1722,1667
20.1750,1648
20.1778,1621
20.1806,1610
20.1833,1628
20.1861,1648
20.1889,1642
20.1917,1637
20.1944,1632
20.1972,1617
20.2000,1611
20.2028,1616
20.2056,1615
20.2083,1626
20.2111,1626
20.2139,1616
20.2167,1611
20.2194,1613
20.2222,1607
20.2250,1600
20.2278,1575
20.2306,1527
20.2333,1463
20.2361,1412
20.2389,1376
20.2417,1365
20.2444,1383
20.2472,1443
20.2500,1572
20.2528,1754
20.2556,1968
20.2583,2210
20.2611,2511
20.2639,2832
20.2667,3078
20.2694,3224
20.2722,3205
20.2750,3004
20.2778,2644
20.2806,2177
20.2833,1700
20.2861,1354
20.2889,1212
20.2917,1220
20.2944,1313
20.2972,1434
20.3000,1540
20.3028,1596
20.3056,1600
20.3083,1585
20.3111,1557
20.3139,1526
20.3167,1517
20.3194,1530
20.3222,1532
20.3250,1552
20.3278,1549
20.3306,1538
20.3333,1531
20.3361,1526
20.3389,1542
20.3417,1560
20.3444,1570
20.3472,1575
20.3500,1565
20.3528,1566
20.3556,1572
20.3583,1576
20.3611,1573
20.3639,1573
20.3667,1578
20.3694,1587
20.3722,1597
20.3750,1606
20.3778,1610
20.3806,1609
20.3833,1603
20.3861,1595
20.3889,1589
20.3917,1592
20.3944,1584
20.3972,1592
20.4000,1602
20.4028,1616
20.4056,1622
20.4083,1631
20.4111,1611
20.4139,1610
20.4167,1618
20.4194,1624
20.4222,1628
20.4250,1641
20.4278,1647
20.4306,1645
20.4333,1642
20.4361,1635
20.4389,1642
20.4417,1648
20.4444,1659
20.4472,1662
20.4500,1658
20.4528,1647
20.4556,1640
20.4583,1646
20.4611,1659
20.4639,1670
20.4667,1679
20.4694,1670
20.4722,1673
20.4750,1676
20.4778,1579
20.4806,1588
20.4833,1580
20.4861,1576
20.4889,1575
20.4917,1564
20.4944,1565
20.4972,1565
20.5000,1573
20.5028,1573
20.5056,1589
20.5083,1593
20.5111,1605
20.5139,1595
20.5167,1605
20.5194,1610
20.5222,1621
20.5250,1616
20.5278,1611
20.5306,1605
20.5333,1609
20.5361,1609
20.5389,1611
20.5417,1613
20.5444,1619
20.5472,1623
20.5500,1619
20.5528,1614
20.5556,1602
20.5583,1615
20.5611,1617
20.5639,1627
20.5667,1622
20.5694,1621
20.5722,1611
20.5750,1606
20.5778,1621
20.5806,1623
20.5833,1651
20.5861,1674
20.5889,1692
20.5917,1707
20.5944,1724
20.5972,1731
20.6000,1739
20.6028,1748
20.6056,1748
20.6083,1755
20.6111,1768
20.6139,1796
20.6167,1813
20.6194,1826
20.6222,1836
20.6250,1835
20.6278,1833
20.6306,1834
20.6333,1817
20.6361,1792
20.6389,1747
20.6417,1707
20.6444,1658
20.6472,1616
20.6500,1597
20.6528,1584
20.6556,1563
20.6583,1536
20.6611,1509
20.6639,1502
20.6667,1492
20.6694,1490
20.6722,1493
20.6750,1492
20.6778,1493
20.6806,1493
20.6833,1487
20.6861,1478
20.6889,1451
20.6917,1444
20.6944,1447
20.6972,1446
20.7000,1475
20.7028,1474
20.7056,1472
20.7083,1482
20.7111,1472
20.7139,1454
20.7167,1434
20.7194,1404
20.7222,1348
20.7250,1274
20.7278,1237
20.7306,1214
20.7333,1221
20.7361,1274
20.7389,1403
20.7417,1589
20.7444,1799
20.7472,2015
20.7500,2287
20.7528,2597
20.7556,2854
20.7583,3021
20.7611,3057
20.7639,2892
20.7667,2578
20.7694,2127
20.7722,1651
20.7750,1276
20.7778,1089
20.7806,1085
20.7833,1166
20.7861,1287
20.7889,1399
20.7917,1456
20.7944,1466
20.7972,1440
20.8000,1414
20.8028,1384
20.8056,1382
20.8083,1389
20.8111,1397
20.8139,1405
20.8167,1427
20.8194,1437
20.8222,1438
20.8250,1443
20.8278,1448
20.8306,1452
20.8333,1451
20.8361,1460
20.8389,1448
20.8417,1442
20.8444,1453
20.8472,1475
20.8500,1485
20.8528,1490
20.8556,1489
20.8583,1485
20.8611,1478
20.8639,1488
20.8667,1491
20.8694,1494
20.8722,1508
20.8750,1520
20.8778,1518
20.8806,1531
20.8833,1518
20.8861,1529
20.8889,1528
20.8917,1533
20.8944,1541
20.8972,1548
20.9000,1554
20.9028,1554
20.9056,1567
20.9083,1566
20.9111,1562
20.9139,1574
20.9167,1576
20.9194,1582
20.9222,1584
20.9250,1593
20.9278,1586
20.9306,1593
20.9333,1608
20.9361,1617
20.9389,1627
20.9417,1630
20.9444,1625
20.9472,1630
20.9500,1634
20.9528,1628
20.9556,1629
20.9583,1629
20.9611,1639
20.9639,1642
20.9667,1570
20.9694,1574
20.9722,1582
20.9750,1574
20.9778,1559
20.9806,1564
20.9833,1560
20.9861,1565
20.9889,1567
20.9917,1579
20.9944,1582
20.9972,1581
21.0000,1573
21.0028,1572
21.0056,1587
21.0083,1595
21.0111,1599
21.0139,1610
21.0167,1603
21.0194,1599
21.0222,1597
21.0250,1604
21.0278,1610
21.0306,1622
21.0333,1627
21.0361,1635
21.0389,1639
21.0417,1623
21.0444,1631
21.0472,1622
21.0500,1625
21.0528,1636
21.0556,1629
21.0583,1632
21.0611,1632
21.0639,1632
21.0667,1637
21.0694,1638
21.0722,1634
21.0750,1637
21.0778,1634
21.0806,1624
21.0833,1625
21.0861,1613
21.0889,1626
21.0917,1638
21.0944,1631
21.0972,1626
21.1000,1622
21.1028,1620
21.1056,1608
21.1083,1607
21.1111,1619
21.1139,1616
21.1167,1634
21.1194,1643
21.1222,1647
21.1250,1660
21.1278,1680
21.1306,1722
21.1333,1744
21.1361,1767
21.1389,1770
21.1417,1771
21.1444,1781
21.1472,1785
21.1500,1807
21.1528,1835
21.1556,1844
21.1583,1848
21.1611,1856
21.1639,1870
21.1667,1882
21.1694,1881
21.1722,1855
21.1750,1817
21.1778,1778
21.1806,1731
21.1833,1697
21.1861,1662
21.1889,1655
21.1917,1645
21.1944,1625
21.1972,1603
21.2000,1582
21.2028,1571
21.2056,1574
21.2083,1570
21.2111,1562
21.2139,1567
21.2167,1570
21.2194,1563
21.2222,1566
21.2250,1568
21.2278,1554
21.2306,1556
21.2333,1546
21.2361,1546
21.2389,1549
21.2417,1557
21.2444,1557
21.2472,1556
21.2500,1558
21.2528,1552
21.2556,1523
21.2583,1467
21.2611,1419
21.2639,1385
21.2667,1380
21.2694,1407
21.2722,1449
21.2750,1562
21.2778,1734
21.2806,1929
21.2833,2137
21.2861,2385
21.2889,2691
21.2917,2944
21.2944,3114
21.2972,3162
21.3000,3038
21.3028,2759
21.3056,2333
21.3083,1871
21.3111,1469
21.3139,1252
21.3167,1190
21.3194,1261
21.3222,1368
21.3250,1479
21.3278,1558
21.3306,1598
21.3333,1585
21.3361,1564
21.3389,1540
21.3417,1532
21.3444,1528
21.3472,1542
21.3500,1560
21.3528,1570
21.3556,1575
21.3583,1578
21.3611,1580
21.3639,1581
21.3667,1584
21.3694,1595
21.3722,1605
21.3750,1604
21.3778,1600
21.3806,1603
21.3833,1605
21.3861,1612
21.3889,1630
21.3917,1648
21.3944,1634
21.3972,1629
21.4000,1627
21.4028,1618
21.4056,1631
21.4083,1647
21.4111,1662
21.4139,1664
21.4167,1666
21.4194,1667
21.4222,1665
21.4250,1671
21.4278,1683
21.4306,1690
21.4333,1691
21.4361,1692
21.4389,1693
21.4417,1692
21.4444,1711
21.4472,1713
21.4500,1726
21.4528,1726
21.4556,1723
21.4583,1719
21.4611,1716
21.4639,1726
21.4667,1734
21.4694,1750
21.4722,1773
21.4750,1767
21.4778,1785
21.4806,1780
21.4833,1778
21.4861,1773
21.4889,1780
21.4917,1786
21.4944,1791
21.4972,1790
21.5000,1796
21.5028,1704
21.5056,1705
21.5083,1722
21.5111,1729
21.5139,1728
21.5167,1709
21.5194,1696
21.5222,1701
21.5250,1708
21.5278,1709
21.5306,1704
21.5333,1713
21.5361,1711
21.5389,1716
21.5417,1725
21.5444,1727
21.5472,1732
21.5500,1730
21.5528,1733
21.5556,1748
21.5583,1751
21.5611,1756
21.5639,1758
21.5667,1768
21.5694,1759
21.5722,1763
21.5750,1762
21.5778,1762
21.5806,1765
21.5833,1761
21.5861,1771
21.5889,1783
21.5917,1775
21.5944,1771
21.5972,1772
21.6000,1758
21.6028,1760
21.6056,1765
21.6083,1772
21.6111,1771
21.6139,1768
21.6167,1764
21.6194,1753
21.6222,1755
21.6250,1750
21.6278,1754
21.6306,1754
21.6333,1744
21.6361,1750
21.6389,1757
21.6417,1760
21.6444,1769
21.6472,1767
21.6500,1774
21.6528,1781
21.6556,1793
21.6583,1803
21.6611,1818
21.6639,1842
21.6667,1868
21.6694,1892
21.6722,1887
21.6750,1885
21.6778,1889
21.6806,1912
21.6833,1933
21.6861,1967
21.6889,1987
21.6917,1986
21.6944,1986
21.6972,1991
21.7000,1984
21.7028,1969
21.7056,1945
21.7083,1912
21.7111,1878
21.7139,1837
21.7167,1789
21.7194,1773
21.7222,1754
21.7250,1753
21.7278,1739
21.7306,1725
21.7333,1697
21.7361,1679
21.7389,1670
21.7417,1665
21.7444,1670
21.7472,1674
21.7500,1674
21.7528,1683
21.7556,1679
21.7583,1677
21.7611,1678
21.7639,1673
21.7667,1672
21.7694,1664
21.7722,1675
21.7750,1671
21.7778,1669
21.7806,1679
21.7833,1678
21.7861,1662
21.7889,1623
21.7917,1572
21.7944,1523
21.7972,1476
21.8000,1474
21.8028,1484
21.8056,1523
21.8083,1638
21.8111,1818
21.8139,2029
21.8167,2256
21.8194,2518
21.8222,2817
21.8250,3062
21.8278,3238
21.8306,3290
21.8333,3193
21.8361,2884
21.8389,2423
21.8417,1927
21.8444,1533
21.8472,1316
21.8500,1253
21.8528,1311
21.8556,1415
21.8583,1520
21.8611,1601
21.8639,1636
21.8667,1646
21.8694,1624
21.8722,1609
21.8750,1598
21.8778,1606
21.8806,1601
21.8833,1596
21.8861,1617
21.8889,1624
21.8917,1615
21.8944,1614
21.8972,1607
21.9000,1628
21.9028,1639
21.9056,1645
21.9083,1629
21.9111,1636
21.9139,1633
21.9167,1642
21.9194,1655
21.9222,1665
21.9250,1656
21.9278,1655
21.9306,1646
21.9333,1659
21.9361,1667
21.9389,1687
21.9417,1698
21.9444,1702
21.9472,1714
21.9500,1700
21.9528,1696
21.9556,1697
21.9583,1699
21.9611,1707
21.9639,1710
21.9667,1720
21.9694,1716
21.9722,1722
21.9750,1734
21.9778,1748
21.9806,1750
21.9833,1755
21.9861,1769
21.9889,1769
21.9917,1765
21.9944,1758
21.9972,1760
22.0000,1770
22.0028,1786
22.0056,1786
22.0083,1793
22.0111,1790
22.0139,1800
22.0167,1796
22.0194,1787
22.0222,1796
22.0250,1799
22.0278,1797
22.0306,1804
22.0333,1808
22.0361,1715
22.0389,1722
22.0417,1728
22.0444,1741
22.0472,1744
22.0500,1732
22.0528,1726
22.0556,1723
22.0583,1716
22.0611,1730
22.0639,1738
22.0667,1737
22.0694,1733
22.0722,1733
22.0750,1742
22.0778,1739
22.0806,1750
22.0833,1759
22.0861,1759
22.0889,1758
22.0917,1757
22.0944,1765
22.0972,1773
22.1000,1778
22.1028,1774
22.1056,1780
22.1083,1782
22.1111,1776
22.1139,1768
22.1167,1792
22.1194,1790
22.1222,1799
22.1250,1796
22.1278,1790
22.1306,1788
22.1333,1778
22.1361,1786
22.1389,1799
22.1417,1818
22.1444,1843
22.1472,1846
22.1500,1857
22.1528,1871
22.1556,1878
22.1583,1882
22.1611,1896
22.1639,1916
22.1667,1928
22.1694,1952
22.1722,1973
22.1750,1985
22.1778,1992
22.1806,1990
22.1833,1990
22.1861,1999
22.1889,1990
22.1917,1979
22.1944,1955
22.1972,1924
22.2000,1891
22.2028,1849
22.2056,1823
22.2083,1801
22.2111,1784
22.2139,1772
22.2167,1740
22.2194,1719
22.2222,1693
22.2250,1671
22.2278,1670
22.2306,1664
22.2333,1670
22.2361,1673
22.2389,1674
22.2417,1673
22.2444,1669
22.2472,1663
22.2500,1665
22.2528,1664
22.2556,1653
22.2583,1654
22.2611,1642
22.2639,1652
22.2667,1647
22.2694,1646
22.2722,1647
22.2750,1642
22.2778,1615
22.2806,1563
22.2833,1501
22.2861,1456
22.2889,1421
22.2917,1438
22.2944,1486
22.2972,1571
22.3000,1744
22.3028,1946
22.3056,2170
22.3083,2437
22.3111,2754
22.3139,3034
22.3167,3218
22.3194,3302
22.3222,3233
22.3250,2951
22.3278,2493
22.3306,1983
22.3333,1560
22.3361,1311
22.3389,1247
22.3417,1287
22.3444,1396
22.3472,1503
22.3500,1588
22.3528,1624
22.3556,1626
22.3583,1612
22.3611,1598
22.3639,1586
22.3667,1587
22.3694,1586
22.3722,1612
22.3750,1623
22.3778,1625
22.3806,1614
22.3833,1607
22.3861,1615
22.3889,1614
22.3917,1621
22.3944,1636
22.3972,1641
22.4000,1644
22.4028,1640
22.4056,1637
22.4083,1635
22.4111,1651
22.4139,1657
22.4167,1663
22.4194,1676
22.4222,1681
22.4250,1676
22.4278,1689
22.4306,1692
22.4333,1699
22.4361,1698
22.4389,1704
22.4417,1698
22.4444,1707
22.4472,1711
22.4500,1710
22.4528,1711
22.4556,1713
22.4583,1726
22.4611,1731
22.4639,1738
22.4667,1743
22.4694,1744
22.4722,1739
22.4750,1747
22.4778,1749
22.4806,1751
22.4833,1750
22.4861,1758
22.4889,1759
22.4917,1770
22.4944,1777
22.4972,1777
22.5000,1773
22.5028,1773
22.5056,1782
22.5083,1785
22.5111,1788
22.5139,1792
22.5167,1792
22.5194,1789
22.5222,1787
22.5250,1720
22.5278,1724
22.5306,1731
22.5333,1729
22.5361,1725
22.5389,1716
22.5417,1719
22.5444,1722
22.5472,1722
22.5500,1720
22.5528,1723
22.5556,1725
22.5583,1719
22.5611,1722
22.5639,1734
22.5667,1747
22.5694,1759
22.5722,1761
22.5750,1761
22.5778,1752
22.5806,1760
22.5833,1758
22.5861,1765
22.5889,1781
22.5917,1785
22.5944,1782
22.5972,1782
22.6000,1780
22.6028,1781
22.6056,1786
22.6083,1793
22.6111,1778
22.6139,1772
22.6167,1773
22.6194,1767
22.6222,1771
22.6250,1781
22.6278,1788
22.6306,1802
22.6333,1816
22.6361,1845
22.6389,1884
22.6417,1903
22.6444,1907
22.6472,1909
22.6500,1899
22.6528,1904
22.6556,1914
22.6583,1921
22.6611,1938
22.6639,1959
22.6667,1984
22.6694,1995
22.6722,2003
22.6750,2014
22.6778,2009
22.6806,1986
22.6833,1951
22.6861,1912
22.6889,1867
22.6917,1832
22.6944,1786
22.6972,1767
22.7000,1752
22.7028,1744
22.7056,1718
22.7083,1704
22.7111,1699
22.7139,1675
22.7167,1665
22.7194,1652
22.7222,1643
22.7250,1642
22.7278,1649
22.7306,1656
22.7333,1654
22.7361,1643
22.7389,1653
22.7417,1646
22.7444,1654
22.7472,1648
22.7500,1639
22.7528,1633
22.7556,1626
22.7583,1624
22.7611,1621
22.7639,1601
22.7667,1584
22.7694,1530
22.7722,1477
22.7750,1417
22.7778,1399
22.7806,1398
22.7833,1447
22.7861,1558
22.7889,1735
22.7917,1941
22.7944,2153
22.7972,2417
22.8000,2732
22.8028,3011
22.8056,3193
22.8083,3253
22.8111,3124
22.8139,2830
22.8167,2397
22.8194,1902
22.8222,1492
22.8250,1272
22.8278,1230
22.8306,1288
22.8333,1400
22.8361,1505
22.8389,1588
22.8417,1620
22.8444,1613
22.8472,1585
22.8500,1567
22.8528,1564
22.8556,1567
22.8583,1563
22.8611,1565
22.8639,1575
22.8667,1578
22.8694,1579
22.8722,1592
22.8750,1590
22.8778,1604
22.8806,1601
22.8833,1600
22.8861,1610
22.8889,1612
22.8917,1614
22.8944,1613
22.8972,1628
22.9000,1638
22.9028,1646
22.9056,1643
22.9083,1638
22.9111,1635
22.9139,1647
22.9167,1655
22.9194,1671
22.9222,1669
22.9250,1666
22.9278,1666
22.9306,1653
22.9333,1666
22.9361,1665
22.9389,1680
22.9417,1687
22.9444,1693
22.9472,1689
22.9500,1675
22.9528,1684
22.9556,1705
22.9583,1711
22.9611,1727
22.9639,1732
22.9667,1733
22.9694,1722
22.9722,1718
22.9750,1730
22.9778,1736
22.9806,1738
22.9833,1751
22.9861,1761
22.9889,1765
22.9917,1767
22.9944,1772
22.9972,1770
23.0000,1775
23.0028,1779
23.0056,1777
23.0083,1781
23.0111,1777
23.0139,1693
23.0167,1692
23.0194,1694
23.0222,1695
23.0250,1683
23.0278,1686
23.0306,1679
23.0333,1689
23.0361,1694
23.0389,1706
23.0417,1707
23.0444,1696
23.0472,1701
23.0500,1701
23.0528,1711
23.0556,1717
23.0583,1723
23.0611,1725
23.0639,1738
23.0667,1727
23.0694,1725
23.0722,1726
23.0750,1736
23.0778,1752
23.0806,1761
23.0833,1762
23.0861,1762
23.0889,1752
23.0917,1752
23.0944,1751
23.0972,1753
23.1000,1756
23.1028,1756
23.1056,1759
23.1083,1765
23.1111,1781
23.1139,1793
23.1167,1813
23.1194,1828
23.1222,1845
23.1250,1857
23.1278,1863
23.1306,1863
23.1333,1867
23.1361,1872
23.1389,1899
23.1417,1914
23.1444,1930
23.1472,1951
23.1500,1964
23.1528,1967
23.1556,1977
23.1583,1978
23.1611,1971
23.1639,1968
23.1667,1937
23.1694,1889
23.1722,1850
23.1750,1813
23.1778,1774
23.1806,1745
23.1833,1728
23.1861,1701
23.1889,1692
23.1917,1674
23.1944,1670
23.1972,1659
23.2000,1649
23.2028,1628
23.2056,1617
23.2083,1613
23.2111,1619
23.2139,1630
23.2167,1631
23.2194,1637
23.2222,1623
23.2250,1624
23.2278,1615
23.2306,1602
23.2333,1599
23.2361,1600
23.2389,1601
23.2417,1598
23.2444,1602
23.2472,1583
23.2500,1552
23.2528,1482
23.2556,1428
23.2583,1381
23.2611,1361
23.2639,1374
23.2667,1411
23.2694,1524
23.2722,1703
23.2750,1903
23.2778,2125
23.2806,2410
23.2833,2733
23.2861,2987
23.2889,3152
23.2917,3179
23.2944,3041
23.2972,2727
23.3000,2282
23.3028,1820
23.3056,1435
23.3083,1249
23.3111,1219
23.3139,1298
23.3167,1412
23.3194,1513
23.3222,1578
23.3250,1586
23.3278,1575
23.3306,1533
23.3333,1519
23.3361,1519
23.3389,1528
23.3417,1548
23.3444,1565
23.3472,1564
23.3500,1567
23.3528,1570
23.3556,1571
23.3583,1568
23.3611,1582
23.3639,1595
23.3667,1596
23.3694,1596
23.3722,1594
23.3750,1594
23.3778,1598
23.3806,1604
23.3833,1620
23.3861,1627
23.3889,1624
23.3917,1620
23.3944,1623
23.3972,1626
23.4000,1628
23.4028,1643
23.4056,1646
23.4083,1634
23.4111,1637
23.4139,1625
23.4167,1632
23.4194,1645
23.4222,1656
23.4250,1669
23.4278,1675
23.4306,1679
23.4333,1682
23.4361,1687
23.4389,1696
23.4417,1704
23.4444,1718
23.4472,1713
23.4500,1721
23.4528,1711
23.4556,1706
23.4583,1714
23.4611,1724
23.4639,1723
23.4667,1727
23.4694,1740
23.4722,1740
23.4750,1737
23.4778,1744
23.4806,1743
23.4833,1758
23.4861,1760
23.4889,1764
23.4917,1767
23.4944,1762
23.4972,1661
23.5000,1662
23.5028,1667
23.5056,1668
23.5083,1677
23.5111,1676
23.5139,1688
23.5167,1688
23.5194,1689
23.5222,1687
23.5250,1686
23.5278,1700
23.5306,1691
23.5333,1690
23.5361,1681
23.5389,1683
23.5417,1693
23.5444,1704
23.5472,1705
23.5500,1704
23.5528,1708
23.5556,1722
23.5583,1723
23.5611,1730
23.5639,1733
23.5667,1714
23.5694,1724
23.5722,1719
23.5750,1731
23.5778,1735
23.5806,1751
23.5833,1753
23.5861,1764
23.5889,1775
23.5917,1792
23.5944,1817
23.5972,1839
23.6000,1854
23.6028,1868
23.6056,1879
23.6083,1879
23.6111,1896
23.6139,1908
23.6167,1932
23.6194,1953
23.6222,1959
23.6250,1962
23.6278,1966
23.6306,1967
23.6333,1964
23.6361,1945
23.6389,1914
23.6417,1875
23.6444,1839
23.6472,1808
23.6500,1766
23.6528,1751
23.6556,1726
23.6583,1706
23.6611,1682
23.6639,1649
23.6667,1637
23.6694,1624
23.6722,1624
23.6750,1624
23.6778,1619
23.6806,1617
23.6833,1617
23.6861,1604
23.6889,1602
23.6917,1596
23.6944,1588
23.6972,1595
23.7000,1600
23.7028,1597
23.7056,1601
23.7083,1606
23.7111,1605
23.7139,1606
23.7167,1596
23.7194,1583
23.7222,1549
23.7250,1496
23.7278,1439
23.7306,1389
23.7333,1356
23.7361,1355
23.7389,1385
23.7417,1482
23.7444,1640
23.7472,1832
23.7500,2051
23.7528,2308
23.7556,2618
23.7583,2885
23.7611,3080
23.7639,3165
23.7667,3062
23.7694,2795
23.7722,2383
23.7750,1906
23.7778,1501
23.7806,1279
23.7833,1220
23.7861,1281
23.7889,1385
23.7917,1491
23.7944,1577
23.7972,1610
23.8000,1594
23.8028,1559
23.8056,1539
23.8083,1535
23.8111,1542
23.8139,1555
23.8167,1566
23.8194,1583
23.8222,1578
23.8250,1578
23.8278,1579
23.8306,1576
23.8333,1561
23.8361,1586
23.8389,1588
23.8417,1594
23.8444,1595
23.8472,1594
23.8500,1597
23.8528,1602
23.8556,1615
23.8583,1623
23.8611,1623
23.8639,1620
23.8667,1605
23.8694,1611
23.8722,1612
23.8750,1633
23.8778,1642
23.8806,1642
23.8833,1643
23.8861,1631
23.8889,1646
23.8917,1658
23.8944,1663
23.8972,1690
23.9000,1690
23.9028,1682
23.9056,1675
23.9083,1681
23.9111,1676
23.9139,1689
23.9167,1696
23.9194,1710
23.9222,1719
23.9250,1725
23.9278,1723
23.9306,1713
23.9333,1712
23.9361,1721
23.9389,1728
23.9417,1722
23.9444,1720
23.9472,1722
23.9500,1721
23.9528,1735
23.9556,1738
23.9583,1750
23.9611,1755
23.9639,1758
23.9667,1758
23.9694,1668
23.9722,1677
23.9750,1663
23.9778,1684
23.9806,1682
23.9833,1673
23.9861,1663
23.9889,1661
23.9917,1658
23.9944,1669
23.9972,1679
24.0000,1682
24.0028,1696
24.0056,1702
24.0083,1705
24.0111,1704
24.0139,1709
24.0167,1724
24.0194,1728
24.0222,1721
24.0250,1718
24.0278,1712
24.0306,1723
24.0333,1734
24.0361,1744
24.0389,1738
24.0417,1737
24.0444,1744
24.0472,1750
24.0500,1756
24.0528,1771
24.0556,1774
24.0583,1791
24.0611,1821
24.0639,1841
24.0667,1852
24.0694,1861
24.0722,1868
24.0750,1880
24.0778,1903
24.0806,1913
24.0833,1927
24.0861,1937
24.0889,1953
24.0917,1953
24.0944,1968
24.0972,1978
24.1000,1980
24.1028,1965
24.1056,1933
24.1083,1886
24.1111,1835
24.1139,1799
24.1167,1761
24.1194,1737
24.1222,1712
24.1250,1696
24.1278,1676
24.1306,1653
24.1333,1630
24.1361,1625
24.1389,1621
24.1417,1600
24.1444,1602
24.1472,1595
24.1500,1587
24.1528,1589
24.1556,1596
24.1583,1603
24.1611,1609
24.1639,1607
24.1667,1604
24.1694,1596
24.1722,1602
24.1750,1589
24.1778,1590
24.1806,1583
24.1833,1584
24.1861,1552
24.1889,1537
24.1917,1493
24.1944,1443
24.1972,1399
24.2000,1361
24.2028,1367
24.2056,1395
24.2083,1480
24.2111,1630
24.2139,1828
24.2167,2036
24.2194,2292
24.2222,2606
24.2250,2864
24.2278,3073
24.2306,3153
24.2333,3051
24.2361,2781
24.2389,2359
24.2417,1889
24.2444,1483
24.2472,1261
24.2500,1207
24.2528,1265
24.2556,1387
24.2583,1498
24.2611,1564
24.2639,1594
24.2667,1582
24.2694,1556
24.2722,1530
24.2750,1515
24.2778,1521
24.2806,1545
24.2833,1552
24.2861,1553
24.2889,1549
24.2917,1546
24.2944,1543
24.2972,1555
24.3000,1566
24.3028,1589
24.3056,1594
24.3083,1594
24.3111,1589
24.3139,1601
24.3167,1609
24.3194,1601
24.3222,1613
24.3250,1618
24.3278,1623
24.3306,1626
24.3333,1608
24.3361,1618
24.3389,1629
24.3417,1636
24.3444,1641
24.3472,1652
24.3500,1639
24.3528,1634
24.3556,1646
24.3583,1648
24.3611,1656
24.3639,1663
24.3667,1681
24.3694,1675
24.3722,1667
24.3750,1669
24.3778,1673
24.3806,1683
24.3833,1694
24.3861,1699
24.3889,1701
24.3917,1694
24.3944,1694
24.3972,1699
24.4000,1704
24.4028,1711
24.4056,1713
24.4083,1725
24.4111,1716
24.4139,1706
24.4167,1714
24.4194,1717
24.4222,1713
24.4250,1724
24.4278,1726
24.4306,1734
24.4333,1738
24.4361,1671
24.4389,1677
24.4417,1675
24.4444,1677
24.4472,1670
24.4500,1666
24.4528,1662
24.4556,1665
24.4583,1667
24.4611,1683
24.4639,1683
24.4667,1682
24.4694,1677
24.4722,1667
24.4750,1670
24.4778,1680
24.4806,1685
24.4833,1698
24.4861,1705
24.4889,1708
24.4917,1707
24.4944,1704
24.4972,1707
24.5000,1721
24.5028,1718
24.5056,1720
24.5083,1724
24.5111,1727
24.5139,1724
24.5167,1733
24.5194,1730
24.5222,1763
24.5250,1771
24.5278,1803
24.5306,1826
24.5333,1840
24.5361,1860
24.5389,1864
24.5417,1869
24.5444,1897
24.5472,1901
24.5500,1915
24.5528,1921
24.5556,1945
24.5583,1964
24.5611,1963
24.5639,1963
24.5667,1956
24.5694,1936
24.5722,1913
24.5750,1877
24.5778,1839
24.5806,1796
24.5833,1760
24.5861,1729
24.5889,1715
24.5917,1694
24.5944,1664
24.5972,1640
24.6000,1615
24.6028,1602
24.6056,1594
24.6083,1597
24.6111,1589
24.6139,1590
24.6167,1591
24.6194,1578
24.6222,1579
24.6250,1570
24.6278,1572
24.6306,1569
24.6333,1576
24.6361,1570
24.6389,1573
24.6417,1579
24.6444,1580
24.6472,1584
24.6500,1562
24.6528,1551
24.6556,1534
24.6583,1489
24.6611,1439
24.6639,1394
24.6667,1350
24.6694,1333
24.6722,1345
24.6750,1394
24.6778,1511
24.6806,1693
24.6833,1885
24.6861,2113
24.6889,2398
24.6917,2698
24.6944,2941
24.6972,3096
24.7000,3112
24.7028,2926
24.7056,2597
24.7083,2127
24.7111,1670
24.7139,1346
24.7167,1199
24.7194,1201
24.7222,1294
24.7250,1414
24.7278,1517
24.7306,1576
24.7333,1583
24.7361,1569
24.7389,1541
24.7417,1522
24.7444,1519
24.7472,1519
24.7500,1526
24.7528,1525
24.7556,1531
24.7583,1528
24.7611,1538
24.7639,1538
24.7667,1549
24.7694,1557
24.7722,1570
24.7750,1564
24.7778,1571
24.7806,1570
24.7833,1566
24.7861,1559
24.7889,1570
24.7917,1588
24.7944,1595
24.7972,1596
24.8000,1603
24.8028,1607
24.8056,1612
24.8083,1610
24.8111,1611
24.8139,1596
24.8167,1613
24.8194,1612
24.8222,1617
24.8250,1634
24.8278,1647
24.8306,1648
24.8333,1660
24.8361,1650
24.8389,1647
24.8417,1652
24.8444,1654
24.8472,1653
24.8500,1668
24.8528,1663
24.8556,1673
24.8583,1675
24.8611,1673
24.8639,1669
24.8667,1680
24.8694,1685
24.8722,1683
24.8750,1684
24.8778,1685
24.8806,1684
24.8833,1676
24.8861,1685
24.8889,1699
24.8917,1705
24.8944,1713
24.8972,1707
24.9000,1699
24.9028,1686
24.9056,1643
24.9083,1652
24.9111,1648
24.9139,1643
24.9167,1647
24.9194,1632
24.9222,1638
24.9250,1639
24.9278,1641
24.9306,1653
24.9333,1653
24.9361,1656
24.9389,1652
24.9417,1657
24.9444,1666
24.9472,1671
24.9500,1678
24.9528,1684
24.9556,1685
24.9583,1698
24.9611,1691
24.9639,1697
24.9667,1692
24.9694,1698
24.9722,1691
24.9750,1703
24.9778,1708
24.9806,1722
24.9833,1739
24.9861,1757
24.9889,1789
24.9917,1809
24.9944,1824
24.9972,1821
25.0000,1827
25.0028,1843
25.0056,1859
25.0083,1883
25.0111,1903
25.0139,1920
25.0167,1934
25.0194,1930
25.0222,1932
25.0250,1939
25.0278,1933
25.0306,1933
25.0333,1901
25.0361,1871
25.0389,1821
25.0417,1788
25.0444,1744
25.0472,1722
25.0500,1707
25.0528,1688
25.0556,1657
25.0583,1634
25.0611,1610
25.0639,1601
25.0667,1591
25.0694,1593
25.0722,1600
25.0750,1591
25.0778,1593
25.0806,1584
25.0833,1580
25.0861,1574
25.0889,1571
25.0917,1567
25.0944,1569
25.0972,1576
25.1000,1583
25.1028,1581
25.1056,1573
25.1083,1575
25.1111,1566
25.1139,1562
25.1167,1542
25.1194,1512
25.1222,1457
25.1250,1389
25.1278,1337
25.1306,1330
25.1333,1342
25.1361,1392
25.1389,1515
25.1417,1689
25.1444,1886
25.1472,2111
25.1500,2392
25.1528,2691
25.1556,2934
25.1583,3074
25.1611,3085
25.1639,2925
25.1667,2595
25.1694,2141
25.1722,1689
25.1750,1346
25.1778,1214
25.1806,1213
25.1833,1321
25.1861,1428
25.1889,1521
25.1917,1579
25.1944,1594
25.1972,1573
25.2000,1548
25.2028,1523
25.2056,1519
25.2083,1535
25.2111,1547
25.2139,1554
25.2167,1559
25.2194,1549
25.2222,1542
25.2250,1546
25.2278,1562
25.2306,1574
25.2333,1584
25.2361,1583
25.2389,1583
25.2417,1597
25.2444,1599
25.2472,1602
25.2500,1608
25.2528,1613
25.2556,1616
25.2583,1614
25.2611,1602
25.2639,1602
25.2667,1623
25.2694,1629
25.2722,1642
25.2750,1655
25.2778,1657
25.2806,1656
25.2833,1648
25.2861,1648
25.2889,1649
25.2917,1656
25.2944,1666
25.2972,1668
25.3000,1665
25.3028,1665
25.3056,1670
25.3083,1692
25.3111,1706
25.3139,1716
25.3167,1714
25.3194,1715
25.3222,1713
25.3250,1716
25.3278,1724
25.3306,1722
25.3333,1729
25.3361,1723
25.3389,1719
25.3417,1718
25.3444,1714
25.3472,1729
25.3500,1749
25.3528,1748
25.3556,1760
25.3583,1751
25.3611,1746
25.3639,1756
25.3667,1697
25.3694,1710
25.3722,1699
25.3750,1697
25.3778,1689
25.3806,1694
25.3833,1687
25.3861,1690
25.3889,1690
25.3917,1704
25.3944,1714
25.3972,1717
25.4000,1711
25.4028,1722
25.4056,1728
25.4083,1727
25.4111,1743
25.4139,1746
25.4167,1745
25.4194,1747
25.4222,1744
25.4250,1751
25.4278,1746
25.4306,1762
25.4333,1781
25.4361,1788
25.4389,1775
25.4417,1766
25.4444,1772
25.4472,1776
25.4500,1790
25.4528,1820
25.4556,1833
25.4583,1838
25.4611,1860
25.4639,1873
25.4667,1892
25.4694,1907
25.4722,1914
25.4750,1948
25.4778,1969
25.4806,1989
25.4833,1995
25.4861,2003
25.4889,2002
25.4917,2004
25.4944,2001
25.4972,1982
25.5000,1954
25.5028,1923
25.5056,1886
25.5083,1847
25.5111,1803
25.5139,1780
25.5167,1750
25.5194,1739
25.5222,1712
25.5250,1682
25.5278,1663
25.5306,1653
25.5333,1652
25.5361,1651
25.5389,1644
25.5417,1633
25.5444,1637
25.5472,1623
25.5500,1624
25.5528,1628
25.5556,1637
25.5583,1622
25.5611,1618
25.5639,1617
25.5667,1621
25.5694,1635
25.5722,1648
25.5750,1648
25.5778,1628
25.5806,1600
25.5833,1566
25.5861,1528
25.5889,1475
25.5917,1421
25.5944,1383
25.5972,1371
25.6000,1383
25.6028,1456
25.6056,1596
25.6083,1801
25.6111,2021
25.6139,2262
25.6167,2569
25.6194,2857
25.6222,3065
25.6250,3176
25.6278,3126
25.6306,2903
25.6333,2508
25.6361,2028
25.6389,1594
25.6417,1319
25.6444,1229
25.6472,1275
25.6500,1379
25.6528,1506
25.6556,1604
25.6583,1630
25.6611,1619
25.6639,1590
25.6667,1558
25.6694,1543
25.6722,1544
25.6750,1565
25.6778,1576
25.6806,1579
25.6833,1584
25.6861,1586
25.6889,1593
25.6917,1608
25.6944,1617
25.6972,1625
25.7000,1624
25.7028,1628
25.7056,1613
25.7083,1614
25.7111,1613
25.7139,1629
25.7167,1627
25.7194,1634
25.7222,1641
25.7250,1643
25.7278,1634
25.7306,1637
25.7333,1651
25.7361,1659
25.7389,1660
25.7417,1663
25.7444,1664
25.7472,1661
25.7500,1672
25.7528,1678
25.7556,1683
25.7583,1691
25.7611,1680
25.7639,1675
25.7667,1677
25.7694,1682
25.7722,1698
25.7750,1698
25.7778,1714
25.7806,1727
25.7833,1731
25.7861,1722
25.7889,1722
25.7917,1717
25.7944,1722
25.7972,1724
25.8000,1725
25.8028,1724
25.8056,1716
25.8083,1714
25.8111,1724
25.8139,1729
25.8167,1735
25.8194,1748
25.8222,1753
25.8250,1764
25.8278,1761
25.8306,1762
25.8333,1682
25.8361,1686
25.8389,1689
25.8417,1686
25.8444,1674
25.8472,1679
25.8500,1676
25.8528,1686
25.8556,1705
25.8583,1708
25.8611,1715
25.8639,1710
25.8667,1719
25.8694,1725
25.8722,1723
25.8750,1724
25.8778,1725
25.8806,1732
25.8833,1723
25.8861,1729
25.8889,1744
25.8917,1751
25.8944,1766
25.8972,1771
25.9000,1781
25.9028,1788
25.9056,1796
25.9083,1815
25.9111,1838
25.9139,1863
25.9167,1886
25.9194,1896
25.9222,1904
25.9250,1918
25.9278,1934
25.9306,1950
25.9333,1971
25.9361,1991
25.9389,1995
25.9417,2017
25.9444,2017
25.9472,2020
25.9500,2001
25.9528,1993
25.9556,1969
25.9583,1932
25.9611,1903
25.9639,1866
25.9667,1829
25.9694,1810
25.9722,1795
25.9750,1767
25.9778,1744
25.9806,1715
25.9833,1698
25.9861,1688
25.9889,1694
25.9917,1697
25.9944,1696
25.9972,1698
26.0000,1695
26.0028,1679
26.0056,1674
26.0083,1673
26.0111,1674
26.0139,1663
26.0167,1675
26.0194,1676
26.0222,1685
26.0250,1683
26.0278,1685
26.0306,1667
26.0333,1645
26.0361,1620
26.0389,1593
26.0417,1554
26.0444,1499
26.0472,1455
26.0500,1429
26.0528,1437
26.0556,1468
26.0583,1572
26.0611,1735
26.0639,1929
26.0667,2142
26.0694,2401
26.0722,2689
26.0750,2945
26.0778,3135
26.0806,3229
26.0833,3130
26.0861,2869
26.0889,2440
26.0917,1963
26.0944,1564
26.0972,1355
26.1000,1293
26.1028,1336
26.1056,1434
26.1083,1538
26.1111,1613
26.1139,1659
26.1167,1650
26.1194,1630
26.1222,1614
26.1250,1610
26.1278,1609
26.1306,1623
26.1333,1629
26.1361,1630
26.1389,1615
26.1417,1614
26.1444,1620
26.1472,1625
26.1500,1636
26.1528,1655
26.1556,1657
26.1583,1665
26.1611,1657
26.1639,1647
26.1667,1651
26.1694,1652
26.1722,1667
26.1750,1679
26.1778,1689
26.1806,1682
26.1833,1682
26.1861,1686
26.1889,1683
26.1917,1686
26.1944,1701
26.1972,1708
26.2000,1711
26.2028,1712
26.2056,1704
26.2083,1699
26.2111,1710
26.2139,1721
26.2167,1725
26.2194,1731
26.2222,1733
26.2250,1734
26.2278,1742
26.2306,1746
26.2333,1746
26.2361,1746
26.2389,1752
26.2417,1744
26.2444,1745
26.2472,1754
26.2500,1770
26.2528,1772
26.2556,1780
26.2583,1776
26.2611,1775
26.2639,1761
26.2667,1763
26.2694,1770
26.2722,1780
26.2750,1781
26.2778,1781
26.2806,1784
26.2833,1776
26.2861,1712
26.2889,1715
26.2917,1714
26.2944,1731
26.2972,1729
26.3000,1728
26.3028,1718
26.3056,1719
26.3083,1727
26.3111,1739
26.3139,1751
26.3167,1756
26.3194,1756
26.3222,1747
26.3250,1740
26.3278,1740
26.3306,1744
26.3333,1763
26.3361,1763
26.3389,1769
26.3417,1765
26.3444,1774
26.3472,1783
26.3500,1787
26.3528,1786
26.3556,1773
26.3583,1777
26.3611,1769
26.3639,1774
26.3667,1782
26.3694,1806
26.3722,1835
26.3750,1858
26.3778,1891
26.3806,1904
26.3833,1909
26.3861,1910
26.3889,1905
26.3917,1899
26.3944,1922
26.3972,1949
26.4000,1969
26.4028,1983
26.4056,1995
26.4083,2005
26.4111,2020
26.4139,2020
26.4167,2010
26.4194,1975
26.4222,1927
26.4250,1880
26.4278,1839
26.4306,1813
26.4333,1801
26.4361,1783
26.4389,1757
26.4417,1723
26.4444,1688
26.4472,1677
26.4500,1663
26.4528,1672
26.4556,1671
26.4583,1665
26.4611,1657
26.4639,1647
26.4667,1640
26.4694,1637
26.4722,1630
26.4750,1631
26.4778,1627
26.4806,1623
26.4833,1617
26.4861,1612
26.4889,1614
26.4917,1602
26.4944,1599
26.4972,1597
26.5000,1581
26.5028,1551
26.5056,1500
26.5083,1422
26.5111,1363
26.5139,1320
26.5167,1309
26.5194,1339
26.5222,1434
26.5250,1599
26.5278,1808
26.5306,2011
26.5333,2256
26.5361,2551
26.5389,2834
26.5417,3038
26.5444,3139
26.5472,3064
26.5500,2817
26.5528,2431
26.5556,1970
26.5583,1546
26.5611,1290
26.5639,1215
26.5667,1264
26.5694,1370
26.5722,1483
26.5750,1565
26.5778,1594
26.5806,1578
26.5833,1556
26.5861,1542
26.5889,1516
26.5917,1521
26.5944,1533
26.5972,1543
26.6000,1542
26.6028,1545
26.6056,1530
26.6083,1533
26.6111,1538
26.6139,1561
26.6167,1571
26.6194,1582
26.6222,1589
26.6250,1581
26.6278,1570
26.6306,1567
26.6333,1575
26.6361,1585
26.6389,1608
26.6417,1612
26.6444,1613
26.6472,1604
26.6500,1607
26.6528,1617
26.6556,1628
26.6583,1630
26.6611,1637
26.6639,1628
26.6667,1628
26.6694,1622
26.6722,1617
26.6750,1630
26.6778,1644
26.6806,1665
26.6833,1673
26.6861,1680
26.6889,1674
26.6917,1678
26.6944,1676
26.6972,1687
26.7000,1689
26.7028,1694
26.7056,1686
26.7083,1695
26.7111,1697
26.7139,1694
26.7167,1704
26.7194,1720
26.7222,1731
26.7250,1728
26.7278,1736
26.7306,1734
26.7333,1734
26.7361,1735
26.7389,1736
26.7417,1736
26.7444,1729
26.7472,1733
26.7500,1735
26.7528,1678
26.7556,1684
26.7583,1679
26.7611,1664
26.7639,1659
26.7667,1647
26.7694,1655
26.7722,1666
26.7750,1680
26.7778,1687
26.7806,1685
26.7833,1689
26.7861,1685
26.7889,1690
26.7917,1694
26.7944,1711
26.7972,1710
26.8000,1715
26.8028,1720
26.8056,1719
26.8083,1722
26.8111,1731
26.8139,1723
26.8167,1724
26.8194,1727
26.8222,1731
26.8250,1734
26.8278,1753
26.8306,1774
26.8333,1802
26.8361,1830
26.8389,1852
26.8417,1857
26.8444,1867
26.8472,1862
26.8500,1870
26.8528,1884
26.8556,1912
26.8583,1931
26.8611,1941
26.8639,1953
26.8667,1960
26.8694,1975
26.8722,1979
26.8750,1981
26.8778,1965
26.8806,1938
26.8833,1907
26.8861,1863
26.8889,1819
26.8917,1784
26.8944,1750
26.8972,1732
26.9000,1717
26.9028,1687
26.9056,1669
26.9083,1656
26.9111,1645
26.9139,1655
26.9167,1646
26.9194,1633
26.9222,1621
26.9250,1616
26.9278,1608
26.9306,1616
26.9333,1623
26.9361,1617
26.9389,1614
26.9417,1606
26.9444,1618
26.9472,1620
26.9500,1629
26.9528,1616
26.9556,1623
26.9583,1613
26.9611,1604
26.9639,1576
26.9667,1526
26.9694,1463
26.9722,1418
26.9750,1394
26.9778,1399
26.9806,1408
26.9833,1495
26.9861,1636
26.9889,1830
26.9917,2028
26.9944,2288
26.9972,2579
27.0000,2862
27.0028,3078
27.0056,3165
27.0083,3100
27.0111,2856
27.0139,2467
27.0167,1993
27.0194,1572
27.0222,1308
27.0250,1217
27.0278,1264
27.0306,1379
27.0333,1490
27.0361,1574
27.0389,1613
27.0417,1605
27.0444,1575
27.0472,1547
27.0500,1523
27.0528,1532
27.0556,1539
27.0583,1554
27.0611,1548
27.0639,1549
27.0667,1543
27.0694,1549
27.0722,1559
27.0750,1562
27.0778,1582
27.0806,1593
27.0833,1593
27.0861,1587
27.0889,1585
27.0917,1575
27.0944,1588
27.0972,1589
27.1000,1598
27.1028,1593
27.1056,1595
27.1083,1598
27.1111,1594
27.1139,1604
27.1167,1619
27.1194,1630
27.1222,1636
27.1250,1637
27.1278,1623
27.1306,1629
27.1333,1641
27.1361,1658
27.1389,1665
27.1417,1671
27.1444,1659
27.1472,1657
27.1500,1661
27.1528,1672
27.1556,1686
27.1583,1684
27.1611,1681
27.1639,1686
27.1667,1706
27.1694,1697
27.1722,1695
27.1750,1700
27.1778,1721
27.1806,1718
27.1833,1706
27.1861,1693
27.1889,1687
27.1917,1691
27.1944,1702
27.1972,1700
27.2000,1714
27.2028,1719
27.2056,1725
27.2083,1735
27.2111,1734
27.2139,1664
27.2167,1663
27.2194,1668
27.2222,1664
27.2250,1658
27.2278,1653
27.2306,1653
27.2333,1667
27.2361,1670
27.2389,1671
27.2417,1688
27.2444,1687
27.2472,1684
27.2500,1680
27.2528,1694
27.2556,1702
27.2583,1717
27.2611,1718
27.2639,1710
27.2667,1688
27.2694,1690
27.2722,1712
27.2750,1724
27.2778,1737
27.2806,1740
27.2833,1736
27.2861,1722
27.2889,1734
27.2917,1749
27.2944,1746
27.2972,1736
27.3000,1729
27.3028,1733
27.3056,1725
27.3083,1729
27.3111,1751
27.3139,1774
27.3167,1814
27.3194,1835
27.3222,1847
27.3250,1850
27.3278,1856
27.3306,1863
27.3333,1877
27.3361,1895
27.3389,1920
27.3417,1931
27.3444,1939
27.3472,1947
27.3500,1943
27.3528,1950
27.3556,1952
27.3583,1948
27.3611,1923
27.3639,1867
27.3667,1822
27.3694,1780
27.3722,1752
27.3750,1732
27.3778,1718
27.3806,1703
27.3833,1681
27.3861,1653
27.3889,1620
27.3917,1609
27.3944,1592
27.3972,1585
27.4000,1600
27.4028,1596
27.4056,1592
27.4083,1591
27.4111,1591
27.4139,1594
27.4167,1599
27.4194,1603
27.4222,1595
27.4250,1585
27.4278,1571
27.4306,1575
27.4333,1569
27.4361,1572
27.4389,1564
27.4417,1556
27.4444,1518
27.4472,1464
27.4500,1400
27.4528,1363
27.4556,1349
27.4583,1357
27.4611,1393
27.4639,1501
27.4667,1668
27.4694,1878
27.4722,2100
27.4750,2386
27.4778,2695
27.4806,2951
27.4833,3113
27.4861,3144
27.4889,2995
27.4917,2670
27.4944,2210
27.4972,1759
27.5000,1381
27.5028,1198
27.5056,1181
27.5083,1254
27.5111,1362
27.5139,1472
27.5167,1537
27.5194,1546
27.5222,1532
27.5250,1509
27.5278,1487
27.5306,1476
27.5333,1487
27.5361,1506
27.5389,1509
27.5417,1506
27.5444,1497
27.5472,1490
27.5500,1491
27.5528,1506
27.5556,1519
27.5583,1525
27.5611,1529
27.5639,1521
27.5667,1513
27.5694,1513
27.5722,1523
27.5750,1536
27.5778,1551
27.5806,1545
27.5833,1551
27.5861,1541
27.5889,1537
27.5917,1533
27.5944,1555
27.5972,1572
27.6000,1583
27.6028,1577
27.6056,1581
27.6083,1571
27.6111,1568
27.6139,1573
27.6167,1578
27.6194,1575
27.6222,1576
27.6250,1565
27.6278,1570
27.6306,1582
27.6333,1598
27.6361,1612
27.6389,1612
27.6417,1608
27.6444,1607
27.6472,1604
27.6500,1602
27.6528,1607
27.6556,1612
27.6583,1610
27.6611,1620
27.6639,1602
27.6667,1606
27.6694,1605
27.6722,1613
27.6750,1610
27.6778,1620
27.6806,1626
27.6833,1616
27.6861,1623
27.6889,1613
27.6917,1483
27.6944,1491
27.6972,1483
27.7000,1492
27.7028,1503
27.7056,1482
27.7083,1476
27.7111,1485
27.7139,1483
27.7167,1487
27.7194,1477
27.7222,1476
27.7250,1466
27.7278,1476
27.7306,1486
27.7333,1495
27.7361,1502
27.7389,1509
27.7417,1503
27.7444,1493
27.7472,1503
27.7500,1490
27.7528,1503
27.7556,1511
27.7583,1517
27.7611,1514
27.7639,1503
27.7667,1501
27.7694,1500
27.7722,1484
27.7750,1488
27.7778,1494
27.7806,1499
27.7833,1500
27.7861,1490
27.7889,1481
27.7917,1481
27.7944,1474
27.7972,1479
27.8000,1465
27.8028,1455
27.8056,1458
27.8083,1464
27.8111,1478
27.8139,1504
27.8167,1534
27.8194,1557
27.8222,1558
27.8250,1562
27.8278,1555
27.8306,1566
27.8333,1585
27.8361,1602
27.8389,1629
27.8417,1645
27.8444,1654
27.8472,1654
27.8500,1659
27.8528,1667
27.8556,1670
27.8583,1662
27.8611,1640
27.8639,1603
27.8667,1553
27.8694,1511
27.8722,1476
27.8750,1447
27.8778,1429
27.8806,1420
27.8833,1392
27.8861,1359
27.8889,1330
27.8917,1310
27.8944,1307
27.8972,1297
27.9000,1299
27.9028,1302
27.9056,1303
27.9083,1307
27.9111,1318
27.9139,1318
27.9167,1313
27.9194,1319
27.9222,1312
27.9250,1293
27.9278,1291
27.9306,1292
27.9333,1295
27.9361,1297
27.9389,1298
27.9417,1286
27.9444,1266
27.9472,1216
27.9500,1155
27.9528,1103
27.9556,1077
27.9583,1075
27.9611,1094
27.9639,1167
27.9667,1307
27.9694,1522
27.9722,1732
27.9750,1960
27.9778,2242
27.9806,2521
27.9833,2710
27.9861,2835
27.9889,2790
27.9917,2591
27.9944,2213
27.9972,1742
28.0000,1310
28.0028,1000
28.0056,884
28.0083,911
28.0111,999
28.0139,1120
28.0167,1206
28.0194,1262
28.0222,1269
28.0250,1244
28.0278,1218
28.0306,1200
28.0333,1197
28.0361,1195
28.0389,1216
28.0417,1217
28.0444,1218
28.0472,1214
28.0500,1223
28.0528,1234
28.0556,1238
28.0583,1241
28.0611,1254
28.0639,1240
28.0667,1230
28.0694,1233
28.0722,1240
28.0750,1262
28.0778,1282
28.0806,1288
28.0833,1282
28.0861,1280
28.0889,1273
28.0917,1285
28.0944,1287
28.0972,1288
28.1000,1300
28.1028,1298
28.1056,1294
28.1083,1287
28.1111,1289
28.1139,1304
28.1167,1321
28.1194,1334
28.1222,1344
28.1250,1346
28.1278,1340
28.1306,1351
28.1333,1346
28.1361,1351
28.1389,1357
28.1417,1367
28.1444,1373
28.1472,1371
28.1500,1370
28.1528,1378
28.1556,1383
28.1583,1393
28.1611,1397
28.1639,1395
28.1667,1402
28.1694,1404
28.1722,1418
28.1750,1422
28.1778,1432
28.1806,1426
28.1833,1428
28.1861,1433
28.1889,1425
28.1917,1425
28.1944,1381
28.1972,1385
28.2000,1386
28.2028,1391
28.2056,1400
28.2083,1387
28.2111,1386
28.2139,1375
28.2167,1380
28.2194,1379
28.2222,1396
28.2250,1408
28.2278,1412
28.2306,1419
28.2333,1422
28.2361,1422
28.2389,1444
28.2417,1452
28.2444,1461
28.2472,1457
28.2500,1459
28.2528,1465
28.2556,1476
28.2583,1481
28.2611,1478
28.2639,1489
28.2667,1482
28.2694,1484
28.2722,1479
28.2750,1477
28.2778,1482
28.2806,1484
28.2833,1491
28.2861,1487
28.2889,1481
28.2917,1493
28.2944,1509
28.2972,1512
28.3000,1527
28.3028,1545
28.3056,1569
28.3083,1595
28.3111,1608
28.3139,1615
28.3167,1624
28.3194,1646
28.3222,1661
28.3250,1685
28.3278,1696
28.3306,1710
28.3333,1739
28.3361,1755
28.3389,1757
28.3417,1762
28.3444,1758
28.3472,1743
28.3500,1713
28.3528,1673
28.3556,1628
28.3583,1581
28.3611,1554
28.3639,1536
28.3667,1521
28.3694,1492
28.3722,1471
28.3750,1456
28.3778,1442
28.3806,1445
28.3833,1443
28.3861,1450
28.3889,1451
28.3917,1451
28.3944,1447
28.3972,1445
28.4000,1451
28.4028,1448
28.4056,1437
28.4083,1425
28.4111,1419
28.4139,1422
28.4167,1433
28.4194,1443
28.4222,1443
28.4250,1451
28.4278,1445
28.4306,1434
28.4333,1406
28.4361,1355
28.4389,1301
28.4417,1243
28.4444,1217
28.4472,1212
28.4500,1260
28.4528,1381
28.4556,1574
28.4583,1787
28.4611,2014
28.4639,2259
28.4667,2557
28.4694,2809
28.4722,2999
28.4750,3055
28.4778,2943
28.4806,2657
28.4833,2213
28.4861,1732
28.4889,1334
28.4917,1124
28.4944,1098
28.4972,1169
28.5000,1282
28.5028,1397
28.5056,1475
28.5083,1497
28.5111,1501
28.5139,1473
28.5167,1451
28.5194,1445
28.5222,1437
28.5250,1453
28.5278,1458
28.5306,1470
28.5333,1475
28.5361,1480
28.5389,1477
28.5417,1493
28.5444,1505
28.5472,1513
28.5500,1528
28.5528,1521
28.5556,1521
28.5583,1536
28.5611,1548
28.5639,1552
28.5667,1563
28.5694,1569
28.5722,1565
28.5750,1560
28.5778,1556
28.5806,1568
28.5833,1574
28.5861,1586
28.5889,1597
28.5917,1599
28.5944,1603
28.5972,1601
28.6000,1610
28.6028,1614
28.6056,1617
28.6083,1617
28.6111,1630
28.6139,1629
28.6167,1647
28.6194,1645
28.6222,1657
28.6250,1666
28.6278,1672
28.6306,1670
28.6333,1681
28.6361,1684
28.6389,1685
28.6417,1690
28.6444,1703
28.6472,1707
28.6500,1718
28.6528,1727
28.6556,1718
28.6583,1710
28.6611,1713
28.6639,1733
28.6667,1746
28.6694,1741
28.6722,1745
28.6750,1752
28.6778,1755
28.6806,1689
28.6833,1683
28.6861,1699
28.6889,1705
28.6917,1706
28.6944,1712
28.6972,1698
28.7000,1705
28.7028,1711
28.7056,1722
28.7083,1725
28.7111,1717
28.7139,1717
28.7167,1708
28.7194,1718
28.7222,1724
28.7250,1736
28.7278,1751
28.7306,1759
28.7333,1772
28.7361,1775
28.7389,1783
28.7417,1785
28.7444,1783
28.7472,1778
28.7500,1763
28.7528,1766
28.7556,1768
28.7583,1777
28.7611,1788
28.7639,1783
28.7667,1787
28.7694,1792
28.7722,1787
28.7750,1781
28.7778,1786
28.7806,1789
28.7833,1790
28.7861,1796
28.7889,1807
28.7917,1811
28.7944,1821
28.7972,1833
28.8000,1849
28.8028,1868
28.8056,1899
28.8083,1898
28.8111,1902
28.8139,1902
28.8167,1912
28.8194,1954
28.8222,1976
28.8250,2005
28.8278,2021
28.8306,2028
28.8333,2020
28.8361,2020
28.8389,2021
28.8417,2014
28.8444,1989
28.8472,1953
28.8500,1908
28.8528,1876
28.8556,1840
28.8583,1814
28.8611,1799
28.8639,1795
28.8667,1793
28.8694,1771
28.8722,1744
28.8750,1715
28.8778,1695
28.8806,1697
28.8833,1695
28.8861,1704
28.8889,1702
28.8917,1705
28.8944,1703
28.8972,1711
28.9000,1713
28.9028,1719
28.9056,1730
28.9083,1732
28.9111,1734
28.9139,1724
28.9167,1709
28.9194,1707
28.9222,1704
28.9250,1692
28.9278,1676
28.9306,1638
28.9333,1587
28.9361,1535
28.9389,1515
28.9417,1514
28.9444,1539
28.9472,1629
28.9500,1788
28.9528,1975
28.9556,2194
28.9583,2444
28.9611,2757
28.9639,3029
28.9667,3224
28.9694,3326
28.9722,3293
28.9750,3061
28.9778,2647
28.9806,2142
28.9833,1691
28.9861,1411
28.9889,1314
28.9917,1344
28.9944,1424
28.9972,1528
29.0000,1620
29.0028,1678
29.0056,1709
29.0083,1689
29.0111,1668
29.0139,1640
29.0167,1642
29.0194,1657
29.0222,1671
29.0250,1675
29.0278,1669
29.0306,1672
29.0333,1672
29.0361,1671
29.0389,1685
29.0417,1695
29.0444,1713
29.0472,1715
29.0500,1735
29.0528,1724
29.0556,1732
29.0583,1727
29.0611,1734
29.0639,1743
29.0667,1735
29.0694,1731
29.0722,1737
29.0750,1752
29.0778,1756
29.0806,1760
29.0833,1749
29.0861,1755
29.0889,1756
29.0917,1758
29.0944,1758
29.0972,1769
29.1000,1776
29.1028,1782
29.1056,1798
29.1083,1798
29.1111,1786
29.1139,1780
29.1167,1789
29.1194,1799
29.1222,1805
29.1250,1824
29.1278,1819
29.1306,1822
29.1333,1821
29.1361,1820
29.1389,1818
29.1417,1833
29.1444,1848
29.1472,1837
29.1500,1830
29.1528,1826
29.1556,1828
29.1583,1854
29.1611,1881
29.1639,1888
29.1667,1891
29.1694,1889
29.1722,1885
29.1750,1877
29.1778,1798
29.1806,1809
29.1833,1812
29.1861,1819
29.1889,1820
29.1917,1823
29.1944,1818
29.1972,1810
29.2000,1809
29.2028,1817
29.2056,1815
29.2083,1832
29.2111,1822
29.2139,1828
29.2167,1837
29.2194,1844
29.2222,1851
29.2250,1847
29.2278,1853
29.2306,1852
29.2333,1860
29.2361,1867
29.2389,1869
29.2417,1879
29.2444,1884
29.2472,1877
29.2500,1870
29.2528,1866
29.2556,1867
29.2583,1871
29.2611,1866
29.2639,1871
29.2667,1871
29.2694,1876
29.2722,1882
29.2750,1915
29.2778,1939
29.2806,1962
29.2833,1968
29.2861,1970
29.2889,1993
29.2917,1998
29.2944,2009
29.2972,2027
29.3000,2040
29.3028,2051
29.3056,2063
29.3083,2076
29.3111,2083
29.3139,2088
29.3167,2090
29.3194,2075
29.3222,2058
29.3250,2019
29.3278,1971
29.3306,1917
29.3333,1884
29.3361,1875
29.3389,1861
29.3417,1857
29.3444,1838
29.3472,1819
29.3500,1797
29.3528,1783
29.3556,1769
29.3583,1757
29.3611,1753
29.3639,1753
29.3667,1751
29.3694,1758
29.3722,1761
29.3750,1769
29.3778,1782
29.3806,1771
29.3833,1753
29.3861,1764
29.3889,1758
29.3917,1756
29.3944,1760
29.3972,1755
29.4000,1761
29.4028,1754
29.4056,1726
29.4083,1682
29.4111,1633
29.4139,1574
29.4167,1562
29.4194,1568
29.4222,1609
29.4250,1699
29.4278,1859
29.4306,2053
29.4333,2285
29.4361,2548
29.4389,2869
29.4417,3134
29.4444,3325
29.4472,3356
29.4500,3334
29.4528,3151
29.4556,2753
29.4583,2243
29.4611,1802
29.4639,1494
29.4667,1380
29.4694,1393
29.4722,1465
29.4750,1578
29.4778,1671
29.4806,1731
29.4833,1743
29.4861,1742
29.4889,1720
29.4917,1699
29.4944,1683
29.4972,1689
29.5000,1710
29.5028,1728
29.5056,1732
29.5083,1732
29.5111,1718
29.5139,1721
29.5167,1723
29.5194,1740
29.5222,1747
29.5250,1754
29.5278,1743
29.5306,1739
29.5333,1738
29.5361,1739
29.5389,1749
29.5417,1767
29.5444,1772
29.5472,1777
29.5500,1782
29.5528,1775
29.5556,1779
29.5583,1779
29.5611,1784
29.5639,1795
29.5667,1792
29.5694,1781
29.5722,1792
29.5750,1797
29.5778,1819
29.5806,1828
29.5833,1830
29.5861,1820
29.5889,1807
29.5917,1809
29.5944,1807
29.5972,1818
29.6000,1834
29.6028,1838
29.6056,1837
29.6083,1827
29.6111,1825
29.6139,1822
29.6167,1827
29.6194,1845
29.6222,1855
29.6250,1853
29.6278,1849
29.6306,1836
29.6333,1833
29.6361,1842
29.6389,1859
29.6417,1879
29.6444,1879
29.6472,1874
29.6500,1865
29.6528,1867
29.6556,1784
29.6583,1784
29.6611,1799
29.6639,1801
29.6667,1793
29.6694,1786
29.6722,1786
29.6750,1783
29.6778,1789
29.6806,1799
29.6833,1810
29.6861,1815
29.6889,1817
29.6917,1821
29.6944,1825
29.6972,1830
29.7000,1838
29.7028,1844
29.7056,1839
29.7083,1836
29.7111,1826
29.7139,1831
29.7167,1848
29.7194,1868
29.7222,1868
29.7250,1862
29.7278,1864
29.7306,1850
29.7333,1848
29.7361,1854
29.7389,1868
29.7417,1870
29.7444,1883
29.7472,1886
29.7500,1898
29.7528,1929
29.7556,1933
29.7583,1956
29.7611,1968
29.7639,1982
29.7667,1992
29.7694,1998
29.7722,1997
29.7750,2014
29.7778,2041
29.7806,2058
29.7833,2083
29.7861,2088
29.7889,2093
29.7917,2104
29.7944,2094
29.7972,2079
29.8000,2040
29.8028,2002
29.8056,1974
29.8083,1945
29.8111,1907
29.8139,1882
29.8167,1871
29.8194,1859
29.8222,1861
29.8250,1855
29.8278,1848
29.8306,1843
29.8333,1835
29.8361,1846
29.8389,1853
29.8417,1847
29.8444,1841
29.8472,1841
29.8500,1832
29.8528,1818
29.8556,1820
29.8583,1819
29.8611,1819
29.8639,1814
29.8667,1809
29.8694,1824
29.8722,1832
29.8750,1838
29.8778,1823
29.8806,1808
29.8833,1777
29.8861,1726
29.8889,1665
29.8917,1611
29.8944,1584
29.8972,1576
29.9000,1595
29.9028,1677
29.9056,1826
29.9083,2032
29.9111,2267
29.9139,2528
29.9167,2843
29.9194,3149
29.9222,3339
29.9250,3353
29.9278,3349
29.9306,3216
29.9333,2848
29.9361,2331
29.9389,1850
29.9417,1526
29.9444,1407
29.9472,1423
29.9500,1511
29.9528,1625
29.9556,1724
29.9583,1772
29.9611,1787
29.9639,1771
29.9667,1744
29.9694,1723
29.9722,1715
29.9750,1713
29.9778,1731
29.9806,1745
29.9833,1747
29.9861,1750
29.9889,1736
29.9917,1739
29.9944,1729
29.9972,1740
30.0000,1753
30.0028,1752
30.0056,1750
30.0083,1738
30.0111,1742
30.0139,1740
30.0167,1748
30.0194,1757
30.0222,1775
30.0250,1765
30.0278,1757
30.0306,1741
30.0333,1751
30.0361,1769
30.0389,1779
30.0417,1794
30.0444,1803
30.0472,1798
30.0500,1784
30.0528,1780
30.0556,1799
30.0583,1802
30.0611,1811
30.0639,1808
30.0667,1808
30.0694,1808
30.0722,1816
30.0750,1817
30.0778,1831
30.0806,1837
30.0833,1831
30.0861,1828
30.0889,1835
30.0917,1831
30.0944,1841
30.0972,1855
30.1000,1860
30.1028,1862
30.1056,1857
30.1083,1861
30.1111,1857
30.1139,1850
30.1167,1857
30.1194,1866
30.1222,1867
30.1250,1863
30.1278,1857
30.1306,1852
30.1333,1755
30.1361,1761
30.1389,1748
30.1417,1743
30.1444,1734
30.1472,1723
30.1500,1721
30.1528,1733
30.1556,1756
30.1583,1769
30.1611,1765
30.1639,1757
30.1667,1750
30.1694,1749
30.1722,1748
30.1750,1749
30.1778,1755
30.1806,1765
30.1833,1766
30.1861,1765
30.1889,1762
30.1917,1769
30.1944,1770
30.1972,1780
30.2000,1796
30.2028,1793
30.2056,1794
30.2083,1775
30.2111,1778
30.2139,1770
30.2167,1780
30.2194,1798
30.2222,1821
30.2250,1842
30.2278,1868
30.2306,1880
30.2333,1892
30.2361,1908
30.2389,1910
30.2417,1928
30.2444,1930
30.2472,1933
30.2500,1957
30.2528,1965
30.2556,1980
30.2583,1992
30.2611,2001
30.2639,1997
30.2667,1993
30.2694,1966
30.2722,1942
30.2750,1919
30.2778,1879
30.2806,1857
30.2833,1823
30.2861,1801
30.2889,1776
30.2917,1743
30.2944,1724
30.2972,1687
30.3000,1674
30.3028,1656
30.3056,1644
30.3083,1651
30.3111,1665
30.3139,1657
30.3167,1657
30.3194,1653
30.3222,1646
30.3250,1633
30.3278,1633
30.3306,1632
30.3333,1629
30.3361,1633
30.3389,1632
30.3417,1623
30.3444,1611
30.3472,1607
30.3500,1594
30.3528,1588
30.3556,1557
30.3583,1515
30.3611,1455
30.3639,1388
30.3667,1341
30.3694,1322
30.3722,1329
30.3750,1414
30.3778,1566
30.3806,1768
30.3833,1992
30.3861,2233
30.3889,2554
30.3917,2836
30.3944,3063
30.3972,3180
30.4000,3147
30.4028,2925
30.4056,2542
30.4083,2050
30.4111,1579
30.4139,1294
30.4167,1189
30.4194,1217
30.4222,1316
30.4250,1432
30.4278,1511
30.4306,1553
30.4333,1553
30.4361,1524
30.4389,1518
30.4417,1506
30.4444,1497
30.4472,1503
30.4500,1511
30.4528,1512
30.4556,1507
30.4583,1511
30.4611,1531
30.4639,1533
30.4667,1541
30.4694,1550
30.4722,1558
30.4750,1553
30.4778,1549
30.4806,1540
30.4833,1522
30.4861,1528
30.4889,1546
30.4917,1566
30.4944,1571
30.4972,1583
30.5000,1580
30.5028,1585
30.5056,1577
30.5083,1572
30.5111,1580
30.5139,1594
30.5167,1601
30.5194,1600
30.5222,1595
30.5250,1609
30.5278,1610
30.5306,1623
30.5333,1622
30.5361,1616
30.5389,1620
30.5417,1621
30.5444,1627
30.5472,1638
30.5500,1652
30.5528,1667
30.5556,1662
30.5583,1664
30.5611,1660
30.5639,1667
30.5667,1670
30.5694,1672
30.5722,1666
30.5750,1666
30.5778,1677
30.5806,1685
30.5833,1693
30.5861,1696
30.5889,1707
30.5917,1705
30.5944,1707
30.5972,1704
30.6000,1707
30.6028,1707
30.6056,1644
30.6083,1644
30.6111,1658
30.6139,1647
30.6167,1652
30.6194,1647
30.6222,1641
30.6250,1644
30.6278,1647
30.6306,1653
30.6333,1652
30.6361,1651
30.6389,1652
30.6417,1657
30.6444,1655
30.6472,1664
30.6500,1677
30.6528,1685
30.6556,1692
30.6583,1676
30.6611,1682
30.6639,1683
30.6667,1696
30.6694,1702
30.6722,1708
30.6750,1714
30.6778,1712
30.6806,1702
30.6833,1703
30.6861,1709
30.6889,1714
30.6917,1719
30.6944,1731
30.6972,1727
30.7000,1708
30.7028,1698
30.7056,1703
30.7083,1726
30.7111,1744
30.7139,1767
30.7167,1773
30.7194,1800
30.7222,1811
30.7250,1829
30.7278,1821
30.7306,1840
30.7333,1854
30.7361,1879
30.7389,1892
30.7417,1911
30.7444,1928
30.7472,1941
30.7500,1939
30.7528,1941
30.7556,1945
30.7583,1942
30.7611,1929
30.7639,1903
30.7667,1866
30.7694,1834
30.7722,1785
30.7750,1756
30.7778,1727
30.7806,1710
30.7833,1701
30.7861,1679
30.7889,1666
30.7917,1644
30.7944,1625
30.7972,1608
30.8000,1594
30.8028,1585
30.8056,1606
30.8083,1615
30.8111,1613
30.8139,1613
30.8167,1604
30.8194,1601
30.8222,1595
30.8250,1590
30.8278,1585
30.8306,1592
30.8333,1588
30.8361,1595
30.8389,1597
30.8417,1591
30.8444,1578
30.8472,1561
30.8500,1508
30.8528,1447
30.8556,1384
30.8583,1352
30.8611,1338
30.8639,1367
30.8667,1466
30.8694,1659
30.8722,1872
30.8750,2094
30.8778,2360
30.8806,2678
30.8833,2960
30.8861,3153
30.8889,3222
30.8917,3117
30.8944,2845
30.8972,2422
30.9000,1938
30.9028,1515
30.9056,1284
30.9083,1229
30.9111,1274
30.9139,1379
30.9167,1484
30.9194,1552
30.9222,1582
30.9250,1584
30.9278,1567
30.9306,1559
30.9333,1540
30.9361,1542
30.9389,1548
30.9417,1549
30.9444,1565
30.9472,1561
30.9500,1555
30.9528,1557
30.9556,1557
30.9583,1566
30.9611,1576
30.9639,1587
30.9667,1590
30.9694,1595
30.9722,1607
30.9750,1599
30.9778,1613
30.9806,1626
30.9833,1639
30.9861,1633
30.9889,1626
30.9917,1622
30.9944,1616
30.9972,1619
31.0000,1631
31.0028,1647
31.0056,1649
31.0083,1645
31.0111,1649
31.0139,1659
31.0167,1659
31.0194,1676
31.0222,1685
31.0250,1697
31.0278,1687
31.0306,1690
31.0333,1681
31.0361,1692
31.0389,1702
31.0417,1720
31.0444,1727
31.0472,1720
31.0500,1720
31.0528,1717
31.0556,1710
31.0583,1722
31.0611,1731
31.0639,1731
31.0667,1731
31.0694,1746
31.0722,1749
31.0750,1759
31.0778,1768
31.0806,1780
31.0833,1783
31.0861,1789
31.0889,1787
31.0917,1776
31.0944,1646
31.0972,1647
31.1000,1650
31.1028,1649
31.1056,1648
31.1083,1653
31.1111,1647
31.1139,1651
31.1167,1658
31.1194,1667
31.1222,1668
31.1250,1671
31.1278,1666
31.1306,1665
31.1333,1659
31.1361,1662
31.1389,1667
31.1417,1672
31.1444,1667
31.1472,1663
31.1500,1671
31.1528,1678
31.1556,1683
31.1583,1675
31.1611,1687
31.1639,1692
31.1667,1697
31.1694,1681
31.1722,1683
31.1750,1683
31.1778,1687
31.1806,1700
31.1833,1692
31.1861,1692
31.1889,1695
31.1917,1699
31.1944,1708
31.1972,1700
31.2000,1698
31.2028,1690
31.2056,1690
31.2083,1707
31.2111,1717
31.2139,1740
31.2167,1763
31.2194,1778
31.2222,1796
31.2250,1809
31.2278,1821
31.2306,1836
31.2333,1844
31.2361,1862
31.2389,1880
31.2417,1903
31.2444,1904
31.2472,1913
31.2500,1920
31.2528,1925
31.2556,1934
31.2583,1932
31.2611,1916
31.2639,1891
31.2667,1844
31.2694,1807
31.2722,1763
31.2750,1743
31.2778,1709
31.2806,1693
31.2833,1674
31.2861,1647
31.2889,1631
31.2917,1610
31.2944,1594
31.2972,1594
31.3000,1584
31.3028,1576
31.3056,1575
31.3083,1582
31.3111,1592
31.3139,1594
31.3167,1594
31.3194,1588
31.3222,1578
31.3250,1564
31.3278,1568
31.3306,1570
31.3333,1569
31.3361,1578
31.3389,1580
31.3417,1579
31.3444,1569
31.3472,1535
31.3500,1475
31.3528,1421
31.3556,1375
31.3583,1341
31.3611,1352
31.3639,1377
31.3667,1475
31.3694,1657
31.3722,1862
31.3750,2071
31.3778,2366
31.3806,2690
31.3833,2959
31.3861,3128
31.3889,3167
31.3917,3029
31.3944,2739
31.3972,2314
31.4000,1851
31.4028,1468
31.4056,1248
31.4083,1221
31.4111,1275
31.4139,1387
31.4167,1491
31.4194,1566
31.4222,1590
31.4250,1577
31.4278,1553
31.4306,1523
31.4333,1517
31.4361,1525
31.4389,1546
31.4417,1552
31.4444,1556
31.4472,1558
31.4500,1557
31.4528,1557
31.4556,1564
31.4583,1578
31.4611,1585
31.4639,1584
31.4667,1583
31.4694,1586
31.4722,1579
31.4750,1581
31.4778,1589
31.4806,1606
31.4833,1607
31.4861,1608
31.4889,1608
31.4917,1609
31.4944,1617
31.4972,1614
31.5000,1640
31.5028,1633
31.5056,1634
31.5083,1636
31.5111,1626
31.5139,1625
31.5167,1635
31.5194,1651
31.5222,1662
31.5250,1671
31.5278,1673
31.5306,1685
31.5333,1684
31.5361,1697
31.5389,1696
31.5417,1697
31.5444,1711
31.5472,1721
31.5500,1720
31.5528,1719
31.5556,1733
31.5583,1731
31.5611,1735
31.5639,1748
31.5667,1750
31.5694,1759
31.5722,1758
31.5750,1760
31.5778,1752
31.5806,1762
31.5833,1750
31.5861,1757
31.5889,1767
31.5917,1767
31.5944,1660
31.5972,1668
31.6000,1665
31.6028,1674
31.6056,1676
31.6083,1679
31.6111,1679
31.6139,1677
31.6167,1688
31.6194,1698
31.6222,1704
31.6250,1699
31.6278,1693
31.6306,1680
31.6333,1682
31.6361,1696
31.6389,1708
31.6417,1713
31.6444,1707
31.6472,1711
31.6500,1702
31.6528,1695
31.6556,1703
31.6583,1719
31.6611,1721
31.6639,1725
31.6667,1730
31.6694,1727
31.6722,1726
31.6750,1731
31.6778,1729
31.6806,1735
31.6833,1723
31.6861,1723
31.6889,1719
31.6917,1712
31.6944,1726
31.6972,1737
31.7000,1732
31.7028,1725
31.7056,1724
31.7083,1712
31.7111,1704
31.7139,1709
31.7167,1718
31.7194,1729
31.7222,1733
31.7250,1738
31.7278,1751
31.7306,1770
31.7333,1798
31.7361,1819
31.7389,1835
31.7417,1841
31.7444,1852
31.7472,1865
31.7500,1878
31.7528,1900
31.7556,1927
31.7583,1946
31.7611,1948
31.7639,1949
31.7667,1956
31.7694,1967
31.7722,1963
31.7750,1951
31.7778,1924
31.7806,1872
31.7833,1831
31.7861,1780
31.7889,1743
31.7917,1715
31.7944,1695
31.7972,1673
31.8000,1661
31.8028,1647
31.8056,1635
31.8083,1630
31.8111,1627
31.8139,1624
31.8167,1607
31.8194,1616
31.8222,1609
31.8250,1599
31.8278,1603
31.8306,1602
31.8333,1598
31.8361,1608
31.8389,1607
31.8417,1601
31.8444,1603
31.8472,1607
31.8500,1594
31.8528,1604
31.8556,1600
31.8583,1588
31.8611,1545
31.8639,1496
31.8667,1436
31.8694,1384
31.8722,1378
31.8750,1392
31.8778,1450
31.8806,1586
31.8833,1763
31.8861,1979
31.8889,2202
31.8917,2480
31.8944,2779
31.8972,3020
31.9000,3170
31.9028,3182
31.9056,3012
31.9083,2681
31.9111,2230
31.9139,1763
31.9167,1399
31.9194,1228
31.9222,1216
31.9250,1296
31.9278,1408
31.9306,1505
31.9333,1563
31.9361,1595
31.9389,1589
31.9417,1574
31.9444,1547
31.9472,1535
31.9500,1537
31.9528,1545
31.9556,1559
31.9583,1567
31.9611,1574
31.9639,1577
31.9667,1570
31.9694,1580
31.9722,1589
31.9750,1591
31.9778,1601
31.9806,1605
31.9833,1607
31.9861,1601
31.9889,1597
31.9917,1601
31.9944,1599
31.9972,1605
32.0000,1620
32.0028,1619
32.0056,1608
32.0083,1609
32.0111,1629
32.0139,1642
32.0167,1647
32.0194,1642
32.0222,1639
32.0250,1634
32.0278,1643
32.0306,1649
32.0333,1666
32.0361,1667
32.0389,1680
32.0417,1676
32.0444,1678
32.0472,1688
32.0500,1688
32.0528,1691
32.0556,1702
32.0583,1707
32.0611,1713
32.0639,1714
32.0667,1719
32.0694,1725
32.0722,1725
32.0750,1726
32.0778,1730
32.0806,1738
32.0833,1733
32.0861,1740
32.0889,1745
32.0917,1752
32.0944,1754
32.0972,1766
32.1000,1758
32.1028,1764
32.1056,1763
32.1083,1681
32.1111,1687
32.1139,1695
32.1167,1690
32.1194,1694
32.1222,1694
32.1250,1683
32.1278,1678
32.1306,1678
32.1333,1691
32.1361,1696
32.1389,1706
32.1417,1708
32.1444,1719
32.1472,1718
32.1500,1715
32.1528,1722
32.1556,1716
32.1583,1711
32.1611,1707
32.1639,1716
32.1667,1727
32.1694,1738
32.1722,1749
32.1750,1758
32.1778,1763
32.1806,1740
32.1833,1743
32.1861,1745
32.1889,1744
32.1917,1755
32.1944,1751
32.1972,1757
32.2000,1752
32.2028,1736
32.2056,1725
32.2083,1729
32.2111,1725
32.2139,1732
32.2167,1733
32.2194,1728
32.2222,1744
32.2250,1743
32.2278,1753
32.2306,1766
32.2333,1800
32.2361,1813
32.2389,1834
32.2417,1846
32.2444,1838
32.2472,1848
32.2500,1864
32.2528,1881
32.2556,1919
32.2583,1935
32.2611,1947
32.2639,1941
32.2667,1949
32.2694,1965
32.2722,1955
32.2750,1954
32.2778,1934
32.2806,1900
32.2833,1855
32.2861,1812
32.2889,1779
32.2917,1738
32.2944,1725
32.2972,1703
32.3000,1681
32.3028,1653
32.3056,1627
32.3083,1624
32.3111,1619
32.3139,1615
32.3167,1613
32.3194,1614
32.3222,1614
32.3250,1616
32.3278,1601
32.3306,1599
32.3333,1589
32.3361,1588
32.3389,1592
32.3417,1602
32.3444,1605
32.3472,1608
32.3500,1599
32.3528,1592
32.3556,1589
32.3583,1574
32.3611,1559
32.3639,1525
32.3667,1491
32.3694,1437
32.3722,1402
32.3750,1387
32.3778,1390
32.3806,1452
32.3833,1586
32.3861,1774
32.3889,1984
32.3917,2217
32.3944,2509
32.3972,2805
32.4000,3043
32.4028,3170
32.4056,3159
32.4083,2975
32.4111,2615
32.4139,2143
32.4167,1693
32.4194,1349
32.4222,1195
32.4250,1199
32.4278,1275
32.4306,1396
32.4333,1505
32.4361,1572
32.4389,1589
32.4417,1575
32.4444,1551
32.4472,1535
32.4500,1522
32.4528,1540
32.4556,1547
32.4583,1555
32.4611,1559
32.4639,1551
32.4667,1546
32.4694,1554
32.4722,1568
32.4750,1584
32.4778,1586
32.4806,1584
32.4833,1584
32.4861,1583
32.4889,1581
32.4917,1578
32.4944,1601
32.4972,1602
32.5000,1606
32.5028,1605
32.5056,1597
32.5083,1600
32.5111,1606
32.5139,1617
32.5167,1624
32.5194,1629
32.5222,1635
32.5250,1631
32.5278,1628
32.5306,1640
32.5333,1644
32.5361,1653
32.5389,1657
32.5417,1667
32.5444,1669
32.5472,1676
32.5500,1697
32.5528,1695
32.5556,1700
32.5583,1702
32.5611,1699
32.5639,1699
32.5667,1700
32.5694,1703
32.5722,1718
32.5750,1719
32.5778,1725
32.5806,1716
32.5833,1730
32.5861,1728
32.5889,1727
32.5917,1738
32.5944,1740
32.5972,1738
32.6000,1757
32.6028,1750
32.6056,1746
32.6083,1732
32.6111,1666
32.6139,1669
32.6167,1671
32.6194,1675
32.6222,1677
32.6250,1675
32.6278,1677
32.6306,1684
32.6333,1687
32.6361,1696
32.6389,1702
32.6417,1697
32.6444,1691
32.6472,1701
32.6500,1708
32.6528,1712
32.6556,1713
32.6583,1718
32.6611,1724
32.6639,1720
32.6667,1713
32.6694,1715
32.6722,1725
32.6750,1727
32.6778,1736
32.6806,1739
32.6833,1739
32.6861,1739
32.6889,1741
32.6917,1759
32.6944,1768
32.6972,1765
32.7000,1757
32.7028,1751
32.7056,1745
32.7083,1762
32.7111,1771
32.7139,1803
32.7167,1835
32.7194,1859
32.7222,1867
32.7250,1878
32.7278,1878
32.7306,1888
32.7333,1906
32.7361,1923
32.7389,1944
32.7417,1952
32.7444,1965
32.7472,1973
32.7500,1978
32.7528,1983
32.7556,1995
32.7583,1986
32.7611,1965
32.7639,1935
32.7667,1895
32.7694,1838
32.7722,1798
32.7750,1774
32.7778,1753
32.7806,1738
32.7833,1704
32.7861,1683
32.7889,1681
32.7917,1684
32.7944,1682
32.7972,1683
32.8000,1693
32.8028,1687
32.8056,1688
32.8083,1685
32.8111,1683
32.8139,1690
32.8167,1677
32.8194,1679
32.8222,1677
32.8250,1681
32.8278,1682
32.8306,1678
32.8333,1689
32.8361,1682
32.8389,1658
32.8417,1638
32.8444,1613
32.8472,1568
32.8500,1516
32.8528,1464
32.8556,1438
32.8583,1447
32.8611,1484
32.8639,1574
32.8667,1728
32.8694,1920
32.8722,2129
32.8750,2377
32.8778,2681
32.8806,2964
32.8833,3166
32.8861,3267
32.8889,3208
32.8917,2980
32.8944,2583
32.8972,2089
32.9000,1645
32.9028,1349
32.9056,1252
32.9083,1283
32.9111,1383
32.9139,1495
32.9167,1584
32.9194,1639
32.9222,1640
32.9250,1620
32.9278,1607
32.9306,1585
32.9333,1589
32.9361,1589
32.9389,1601
32.9417,1606
32.9444,1605
32.9472,1603
32.9500,1608
32.9528,1613
32.9556,1638
32.9583,1650
32.9611,1657
32.9639,1653
32.9667,1638
32.9694,1630
32.9722,1637
32.9750,1651
32.9778,1671
32.9806,1684
32.9833,1684
32.9861,1677
32.9889,1680
32.9917,1678
32.9944,1672
32.9972,1680
33.0000,1694
33.0028,1703
33.0056,1711
33.0083,1698
33.0111,1696
33.0139,1695
33.0167,1706
33.0194,1714
33.0222,1723
33.0250,1727
33.0278,1726
33.0306,1739
33.0333,1741
33.0361,1744
33.0389,1749
33.0417,1746
33.0444,1752
33.0472,1757
33.0500,1763
33.0528,1759
33.0556,1765
33.0583,1772
33.0611,1766
33.0639,1764
33.0667,1762
33.0694,1769
33.0722,1779
33.0750,1770
33.0778,1781
33.0806,1794
33.0833,1794
33.0861,1798
33.0889,1802
33.0917,1810
33.0944,1732
33.0972,1743
33.1000,1749
33.1028,1728
33.1056,1719
33.1083,1722
33.1111,1729
33.1139,1731
33.1167,1746
33.1194,1757
33.1222,1754
33.1250,1752
33.1278,1741
33.1306,1752
33.1333,1764
33.1361,1776
33.1389,1785
33.1417,1795
33.1444,1801
33.1472,1778
33.1500,1772
33.1528,1771
33.1556,1773
33.1583,1785
33.1611,1783
33.1639,1789
33.1667,1780
33.1694,1771
33.1722,1775
33.1750,1797
33.1778,1812
33.1806,1822
33.1833,1836
33.1861,1862
33.1889,1889
33.1917,1901
33.1944,1910
33.1972,1905
33.2000,1910
33.2028,1917
33.2056,1929
33.2083,1960
33.2111,1970
33.2139,1990
33.2167,1995
33.2194,1998
33.2222,2005
33.2250,2001
33.2278,1985
33.2306,1959
33.2333,1925
33.2361,1871
33.2389,1835
33.2417,1801
33.2444,1784
33.2472,1754
33.2500,1741
33.2528,1708
33.2556,1698
33.2583,1677
33.2611,1661
33.2639,1648
33.2667,1652
33.2694,1640
33.2722,1629
33.2750,1631
33.2778,1630
33.2806,1640
33.2833,1636
33.2861,1623
33.2889,1620
33.2917,1617
33.2944,1627
33.2972,1622
33.3000,1629
33.3028,1624
33.3056,1625
33.3083,1611
33.3111,1604
33.3139,1571
33.3167,1534
33.3194,1464
33.3222,1417
33.3250,1381
33.3278,1380
33.3306,1401
33.3333,1448
33.3361,1582
33.3389,1758
33.3417,1952
33.3444,2176
33.3472,2459
33.3500,2768
33.3528,3009
33.3556,3174
33.3583,3176
33.3611,2992
33.3639,2648
33.3667,2187
33.3694,1733
33.3722,1390
33.3750,1237
33.3778,1247
33.3806,1333
33.3833,1447
33.3861,1550
33.3889,1602
33.3917,1614
33.3944,1595
33.3972,1568
33.4000,1547
33.4028,1540
33.4056,1538
33.4083,1550
33.4111,1564
33.4139,1564
33.4167,1568
33.4194,1577
33.4222,1574
33.4250,1577
33.4278,1572
33.4306,1566
33.4333,1568
33.4361,1569
33.4389,1577
33.4417,1585
33.4444,1594
33.4472,1603
33.4500,1617
33.4528,1610
33.4556,1624
33.4583,1626
33.4611,1623
33.4639,1624
33.4667,1627
33.4694,1637
33.4722,1636
33.4750,1638
33.4778,1632
33.4806,1624
33.4833,1645
33.4861,1642
33.4889,1655
33.4917,1659
33.4944,1661
33.4972,1676
33.5000,1682
33.5028,1674
33.5056,1671
33.5083,1670
33.5111,1670
33.5139,1674
33.5167,1682
33.5194,1687
33.5222,1686
33.5250,1693
33.5278,1697
33.5306,1700
33.5333,1703
33.5361,1709
33.5389,1698
33.5417,1692
33.5444,1681
33.5472,1693
33.5500,1718
33.5528,1715
33.5556,1720
33.5583,1715
33.5611,1719
33.5639,1637
33.5667,1633
33.5694,1635
33.5722,1623
33.5750,1625
33.5778,1619
33.5806,1619
33.5833,1623
33.5861,1630
33.5889,1641
33.5917,1646
33.5944,1644
33.5972,1642
33.6000,1639
33.6028,1641
33.6056,1658
33.6083,1666
33.6111,1667
33.6139,1670
33.6167,1666
33.6194,1671
33.6222,1680
33.6250,1697
33.6278,1701
33.6306,1694
33.6333,1692
33.6361,1688
33.6389,1693
33.6417,1703
33.6444,1704
33.6472,1732
33.6500,1763
33.6528,1777
33.6556,1800
33.6583,1807
33.6611,1815
33.6639,1828
33.6667,1844
33.6694,1858
33.6722,1875
33.6750,1888
33.6778,1896
33.6806,1902
33.6833,1910
33.6861,1922
33.6889,1927
33.6917,1919
33.6944,1889
33.6972,1845
33.7000,1794
33.7028,1752
33.7056,1718
33.7083,1701
33.7111,1687
33.7139,1661
33.7167,1639
33.7194,1607
33.7222,1589
33.7250,1574
33.7278,1571
33.7306,1578
33.7333,1582
33.7361,1583
33.7389,1577
33.7417,1569
33.7444,1563
33.7472,1553
33.7500,1551
33.7528,1550
33.7556,1542
33.7583,1541
33.7611,1543
33.7639,1553
33.7667,1559
33.7694,1559
33.7722,1549
33.7750,1537
33.7778,1513
33.7806,1469
33.7833,1417
33.7861,1355
33.7889,1304
33.7917,1300
33.7944,1319
33.7972,1371
33.8000,1499
33.8028,1687
33.8056,1879
33.8083,2125
33.8111,2414
33.8139,2711
33.8167,2956
33.8194,3099
33.8222,3067
33.8250,2869
33.8278,2503
33.8306,2035
33.8333,1600
33.8361,1290
33.8389,1182
33.8417,1197
33.8444,1289
33.8472,1405
33.8500,1510
33.8528,1550
33.8556,1560
33.8583,1535
33.8611,1505
33.8639,1486
33.8667,1481
33.8694,1494
33.8722,1520
33.8750,1528
33.8778,1525
33.8806,1527
33.8833,1509
33.8861,1511
33.8889,1520
33.8917,1521
33.8944,1533
33.8972,1533
33.9000,1543
33.9028,1545
33.9056,1553
33.9083,1562
33.9111,1569
33.9139,1580
33.9167,1575
33.9194,1573
33.9222,1571
33.9250,1579
33.9278,1602
33.9306,1600
33.9333,1600
33.9361,1609
33.9389,1604
33.9417,1592
33.9444,1588
33.9472,1603
33.9500,1611
33.9528,1623
33.9556,1621
33.9583,1636
33.9611,1619
33.9639,1632
33.9667,1623
33.9694,1633
33.9722,1641
33.9750,1648
33.9778,1659
33.9806,1667
33.9833,1660
33.9861,1656
33.9889,1653
33.9917,1666
33.9944,1670
33.9972,1671
34.0000,1675
34.0028,1673
34.0056,1666
34.0083,1667
34.0111,1680
34.0139,1679
34.0167,1694
34.0194,1695
34.0222,1708
34.0250,1696
34.0278,1648
34.0306,1642
34.0333,1654
34.0361,1656
34.0389,1652
34.0417,1647
34.0444,1635
34.0472,1639
34.0500,1647
34.0528,1656
34.0556,1677
34.0583,1676
34.0611,1677
34.0639,1682
34.0667,1691
34.0694,1692
34.0722,1694
34.0750,1693
34.0778,1694
34.0806,1680
34.0833,1682
34.0861,1690
34.0889,1694
34.0917,1717
34.0944,1733
34.0972,1741
34.1000,1739
34.1028,1757
34.1056,1775
34.1083,1803
34.1111,1816
34.1139,1836
34.1167,1840
34.1194,1840
34.1222,1842
34.1250,1860
34.1278,1881
34.1306,1911
34.1333,1934
34.1361,1938
34.1389,1944
34.1417,1944
34.1444,1954
34.1472,1945
34.1500,1928
34.1528,1890
34.1556,1854
34.1583,1806
34.1611,1765
34.1639,1741
34.1667,1712
34.1694,1690
34.1722,1674
34.1750,1638
34.1778,1619
34.1806,1589
34.1833,1584
34.1861,1574
34.1889,1573
34.1917,1579
34.1944,1580
34.1972,1585
34.2000,1588
34.2028,1583
34.2056,1580
34.2083,1579
34.2111,1583
34.2139,1577
34.2167,1578
34.2194,1578
34.2222,1575
34.2250,1582
34.2278,1576
34.2306,1568
34.2333,1558
34.2361,1518
34.2389,1458
34.2417,1400
34.2444,1359
34.2472,1333
34.2500,1334
34.2528,1383
34.2556,1493
34.2583,1681
34.2611,1873
34.2639,2097
34.2667,2383
34.2694,2690
34.2722,2943
34.2750,3106
34.2778,3112
34.2806,2942
34.2833,2619
34.2861,2170
34.2889,1703
34.2917,1360
34.2944,1211
34.2972,1222
34.3000,1304
34.3028,1425
34.3056,1525
34.3083,1581
34.3111,1590
34.3139,1576
34.3167,1552
34.3194,1539
34.3222,1530
34.3250,1537
34.3278,1542
34.3306,1546
34.3333,1540
34.3361,1543
34.3389,1549
34.3417,1560
34.3444,1558
34.3472,1568
34.3500,1576
34.3528,1584
34.3556,1581
34.3583,1571
34.3611,1577
34.3639,1585
34.3667,1596
34.3694,1611
34.3722,1609
34.3750,1608
34.3778,1603
34.3806,1606
34.3833,1604
34.3861,1621
34.3889,1633
34.3917,1636
34.3944,1628
34.3972,1630
34.4000,1632
34.4028,1628
34.4056,1643
34.4083,1650
34.4111,1661
34.4139,1656
34.4167,1651
34.4194,1658
34.4222,1675
34.4250,1676
34.4278,1683
34.4306,1687
34.4333,1691
34.4361,1684
34.4389,1673
34.4417,1667
34.4444,1687
34.4472,1696
34.4500,1713
34.4528,1711
34.4556,1703
34.4583,1700
34.4611,1700
34.4639,1701
34.4667,1707
34.4694,1724
34.4722,1740
34.4750,1736
34.4778,1733
34.4806,1730
34.4833,1687
34.4861,1694
34.4889,1691
34.4917,1695
34.4944,1693
34.4972,1675
34.5000,1682
34.5028,1687
34.5056,1709
34.5083,1713
34.5111,1705
34.5139,1700
34.5167,1703
34.5194,1707
34.5222,1721
34.5250,1726
34.5278,1733
34.5306,1735
34.5333,1734
34.5361,1734
34.5389,1734
34.5417,1735
34.5444,1736
34.5472,1756
34.5500,1762
34.5528,1779
34.5556,1792
34.5583,1791
34.5611,1812
34.5639,1823
34.5667,1842
34.5694,1867
34.5722,1877
34.5750,1888
34.5778,1901
34.5806,1910
34.5833,1942
34.5861,1967
34.5889,1978
34.5917,1987
34.5944,1998
34.5972,1993
34.6000,1997
34.6028,1968
34.6056,1935
34.6083,1903
34.6111,1870
34.6139,1828
34.6167,1797
34.6194,1757
34.6222,1729
34.6250,1728
34.6278,1707
34.6306,1681
34.6333,1672
34.6361,1658
34.6389,1653
34.6417,1646
34.6444,1642
34.6472,1642
34.6500,1636
34.6528,1635
34.6556,1631
34.6583,1624
34.6611,1613
34.6639,1618
34.6667,1612
34.6694,1625
34.6722,1632
34.6750,1637
34.6778,1623
34.6806,1622
34.6833,1618
34.6861,1610
34.6889,1584
34.6917,1549
34.6944,1474
34.6972,1395
34.7000,1357
34.7028,1353
34.7056,1382
34.7083,1477
34.7111,1619
34.7139,1808
34.7167,2004
34.7194,2230
34.7222,2528
34.7250,2820
34.7278,3047
34.7306,3160
34.7333,3109
34.7361,2867
34.7389,2480
34.7417,2001
34.7444,1559
34.7472,1291
34.7500,1226
34.7528,1267
34.7556,1376
34.7583,1476
34.7611,1558
34.7639,1603
34.7667,1612
34.7694,1594
34.7722,1572
34.7750,1551
34.7778,1531
34.7806,1520
34.7833,1494
34.7861,1468
34.7889,1425
34.7917,1390
34.7944,1416
34.7972,1439
34.8000,1427
34.8028,1458
34.8056,1520
34.8083,1598
34.8111,1632
34.8139,1629
34.8167,1622
34.8194,1647
34.8222,1706
34.8250,1753
34.8278,1750
34.8306,1745
34.8333,1733
34.8361,1701
34.8389,1684
34.8417,1683
34.8444,1677
34.8472,1681
34.8500,1670
34.8528,1662
34.8556,1671
34.8583,1670
34.8611,1676
34.8639,1690
34.8667,1700
34.8694,1693
34.8722,1683
34.8750,1672
34.8778,1657
34.8806,1649
34.8833,1635
34.8861,1620
34.8889,1624
34.8917,1609
34.8944,1615
34.8972,1626
34.9000,1666
34.9028,1714
34.9056,1757
34.9083,1774
34.9111,1785
34.9139,1778
34.9167,1771
34.9194,1747
34.9222,1731
34.9250,1708
34.9278,1700
34.9306,1715
34.9333,1735
34.9361,1754
34.9389,1672
34.9417,1674
34.9444,1682
34.9472,1678
34.9500,1676
34.9528,1668
34.9556,1684
34.9583,1711
34.9611,1706
34.9639,1703
34.9667,1683
34.9694,1655
34.9722,1648
34.9750,1658
34.9778,1669
34.9806,1676
34.9833,1676
34.9861,1664
34.9889,1667
34.9917,1682
34.9944,1712
34.9972,1732
35.0000,1740
35.0028,1761
35.0056,1781
35.0083,1774
35.0111,1777
35.0139,1771
35.0167,1791
35.0194,1792
35.0222,1807
35.0250,1819
35.0278,1819
35.0306,1823
35.0333,1835
35.0361,1836
35.0389,1847
35.0417,1870
35.0444,1891
35.0472,1896
35.0500,1914
35.0528,1925
35.0556,1964
35.0583,1980
35.0611,1999
35.0639,2008
35.0667,2008
35.0694,1977
35.0722,1925
35.0750,1879
35.0778,1830
35.0806,1801
35.0833,1757
35.0861,1737
35.0889,1734
35.0917,1730
35.0944,1703
35.0972,1693
35.1000,1681
35.1028,1684
35.1056,1671
35.1083,1648
35.1111,1635
35.1139,1626
35.1167,1627
35.1194,1636
35.1222,1644
35.1250,1637
35.1278,1643
35.1306,1633
35.1333,1616
35.1361,1609
35.1389,1618
35.1417,1618
35.1444,1617
35.1472,1610
35.1500,1601
35.1528,1572
35.1556,1541
35.1583,1500
35.1611,1441
35.1639,1392
35.1667,1369
35.1694,1379
35.1722,1409
35.1750,1516
35.1778,1678
35.1806,1873
35.1833,2088
35.1861,2340
35.1889,2629
35.1917,2872
35.1944,3041
35.1972,3103
35.2000,2992
35.2028,2725
35.2056,2315
35.2083,1854
35.2111,1475
35.2139,1276
35.2167,1236
35.2194,1292
35.2222,1413
35.2250,1527
35.2278,1596
35.2306,1619
35.2333,1615
35.2361,1585
35.2389,1557
35.2417,1554
35.2444,1544
35.2472,1552
35.2500,1576
35.2528,1577
35.2556,1588
35.2583,1578
35.2611,1584
35.2639,1591
35.2667,1607
35.2694,1620
35.2722,1626
35.2750,1617
35.2778,1628
35.2806,1635
35.2833,1631
35.2861,1648
35.2889,1654
35.2917,1645
35.2944,1645
35.2972,1635
35.3000,1635
35.3028,1641
35.3056,1643
35.3083,1659
35.3111,1661
35.3139,1674
35.3167,1667
35.3194,1653
35.3222,1652
35.3250,1659
35.3278,1669
35.3306,1695
35.3333,1699
35.3361,1692
35.3389,1688
35.3417,1696
35.3444,1705
35.3472,1713
35.3500,1707
35.3528,1715
35.3556,1718
35.3583,1713
35.3611,1718
35.3639,1712
35.3667,1712
35.3694,1722
35.3722,1727
35.3750,1732
35.3778,1741
35.3806,1741
35.3833,1748
35.3861,1760
35.3889,1760
35.3917,1776
35.3944,1781
35.3972,1772
35.4000,1768
35.4028,1672
35.4056,1678
35.4083,1676
35.4111,1691
35.4139,1689
35.4167,1685
35.4194,1690
35.4222,1701
35.4250,1716
35.4278,1720
35.4306,1717
35.4333,1717
35.4361,1724
35.4389,1726
35.4417,1730
35.4444,1733
35.4472,1749
35.4500,1748
35.4528,1751
35.4556,1751
35.4583,1753
35.4611,1753
35.4639,1765
35.4667,1774
35.4694,1788
35.4722,1793
35.4750,1799
35.4778,1815
35.4806,1839
35.4833,1857
35.4861,1874
35.4889,1887
35.4917,1881
35.4944,1892
35.4972,1894
35.5000,1926
35.5028,1962
35.5056,1989
35.5083,2014
35.5111,2004
35.5139,1998
35.5167,1994
35.5194,1996
35.5222,1997
35.5250,1990
35.5278,1952
35.5306,1917
35.5333,1875
35.5361,1842
35.5389,1812
35.5417,1783
35.5444,1765
35.5472,1752
35.5500,1729
35.5528,1697
35.5556,1673
35.5583,1664
35.5611,1646
35.5639,1649
35.5667,1657
35.5694,1661
35.5722,1666
35.5750,1667
35.5778,1664
35.5806,1650
35.5833,1636
35.5861,1638
35.5889,1643
35.5917,1649
35.5944,1649
35.5972,1655
35.6000,1646
35.6028,1644
35.6056,1626
35.6083,1615
35.6111,1588
35.6139,1534
35.6167,1480
35.6194,1427
35.6222,1411
35.6250,1414
35.6278,1445
35.6306,1549
35.6333,1710
35.6361,1899
35.6389,2102
35.6417,2364
35.6444,2658
35.6472,2913
35.6500,3096
35.6528,3154
35.6556,3067
35.6583,2807
35.6611,2401
35.6639,1921
35.6667,1532
35.6694,1312
35.6722,1253
35.6750,1298
35.6778,1410
35.6806,1510
35.6833,1602
35.6861,1635
35.6889,1632
35.6917,1604
35.6944,1566
35.6972,1548
35.7000,1560
35.7028,1569
35.7056,1591
35.7083,1597
35.7111,1587
35.7139,1591
35.7167,1587
35.7194,1607
35.7222,1614
35.7250,1629
35.7278,1627
35.7306,1629
35.7333,1629
35.7361,1627
35.7389,1640
35.7417,1643
35.7444,1656
35.7472,1661
35.7500,1652
35.7528,1639
35.7556,1640
35.7583,1644
35.7611,1670
35.7639,1682
35.7667,1681
35.7694,1679
35.7722,1678
35.7750,1676
35.7778,1673
35.7806,1678
35.7833,1693
35.7861,1704
35.7889,1717
35.7917,1710
35.7944,1697
35.7972,1691
35.8000,1689
35.8028,1702
35.8056,1706
35.8083,1709
35.8111,1719
35.8139,1716
35.8167,1718
35.8194,1717
35.8222,1717
35.8250,1723
35.8278,1731
35.8306,1723
35.8333,1726
35.8361,1723
35.8389,1733
35.8417,1743
35.8444,1746
35.8472,1750
35.8500,1740
35.8528,1739
35.8556,1747
35.8583,1664
35.8611,1669
35.8639,1689
35.8667,1693
35.8694,1685
35.8722,1675
35.8750,1668
35.8778,1673
35.8806,1669
35.8833,1664
35.8861,1673
35.8889,1668
35.8917,1676
35.8944,1676
35.8972,1681
35.9000,1683
35.9028,1703
35.9056,1716
35.9083,1712
35.9111,1701
35.9139,1707
35.9167,1714
35.9194,1713
35.9222,1727
35.9250,1725
35.9278,1747
35.9306,1767
35.9333,1781
35.9361,1814
35.9389,1823
35.9417,1825
35.9444,1827
35.9472,1846
35.9500,1867
35.9528,1880
35.9556,1898
35.9583,1908
35.9611,1922
35.9639,1927
35.9667,1932
35.9694,1932
35.9722,1917
35.9750,1907
35.9778,1880
35.9806,1835
35.9833,1791
35.9861,1759
35.9889,1723
35.9917,1696
35.9944,1669
35.9972,1653
36.0000,1624
36.0028,1595
36.0056,1592
36.0083,1576
36.0111,1565
36.0139,1557
36.0167,1559
36.0194,1555
36.0222,1535
36.0250,1531
36.0278,1529
36.0306,1522
36.0333,1522
36.0361,1521
36.0389,1518
36.0417,1528
36.0444,1519
36.0472,1519
36.0500,1518
36.0528,1515
36.0556,1506
36.0583,1482
36.0611,1448
36.0639,1398
36.0667,1334
36.0694,1272
36.0722,1221
36.0750,1214
36.0778,1222
36.0806,1296
36.0833,1441
36.0861,1633
36.0889,1831
36.0917,2066
36.0944,2352
36.0972,2641
36.1000,2870
36.1028,3002
36.1056,2961
36.1083,2748
36.1111,2380
36.1139,1918
36.1167,1493
36.1194,1206
36.1222,1098
36.1250,1131
36.1278,1225
36.1306,1339
36.1333,1419
36.1361,1453
36.1389,1443
36.1417,1414
36.1444,1377
36.1472,1366
36.1500,1357
36.1528,1373
36.1556,1389
36.1583,1404
36.1611,1400
36.1639,1388
36.1667,1387
36.1694,1386
36.1722,1396
36.1750,1414
36.1778,1403
36.1806,1400
36.1833,1402
36.1861,1397
36.1889,1401
36.1917,1411
36.1944,1417
36.1972,1424
36.2000,1433
36.2028,1425
36.2056,1414
36.2083,1407
36.2111,1412
36.2139,1419
36.2167,1435
36.2194,1441
36.2222,1434
36.2250,1431
36.2278,1421
36.2306,1429
36.2333,1429
36.2361,1435
36.2389,1448
36.2417,1449
36.2444,1453
36.2472,1445
36.2500,1445
36.2528,1439
36.2556,1427
36.2583,1429
36.2611,1442
36.2639,1445
36.2667,1453
36.2694,1453
36.2722,1441
36.2750,1449
36.2778,1447
36.2806,1452
36.2833,1455
36.2861,1448
36.2889,1450
36.2917,1455
36.2944,1461
36.2972,1461
36.3000,1459
36.3028,1443
36.3056,1445
36.3083,1447
36.3111,1355
36.3139,1351
36.3167,1352
36.3194,1346
36.3222,1341
36.3250,1333
36.3278,1332
36.3306,1332
36.3333,1339
36.3361,1336
36.3389,1339
36.3417,1327
36.3444,1329
36.3472,1319
36.3500,1332
36.3528,1341
36.3556,1338
36.3583,1340
36.3611,1327
36.3639,1332
36.3667,1328
36.3694,1340
36.3722,1354
36.3750,1353
36.3778,1357
36.3806,1366
36.3833,1363
36.3861,1350
36.3889,1354
36.3917,1360
36.3944,1368
36.3972,1392
36.4000,1406
36.4028,1423
36.4056,1442
36.4083,1451
36.4111,1454
36.4139,1449
36.4167,1463
36.4194,1472
36.4222,1501
36.4250,1524
36.4278,1538
36.4306,1551
36.4333,1562
36.4361,1564
36.4389,1558
36.4417,1555
36.4444,1516
36.4472,1492
36.4500,1464
36.4528,1428
36.4556,1395
36.4583,1362
36.4611,1335
36.4639,1315
36.4667,1292
36.4694,1269
36.4722,1236
36.4750,1221
36.4778,1215
36.4806,1202
36.4833,1209
36.4861,1200
36.4889,1201
36.4917,1202
36.4944,1199
36.4972,1187
36.5000,1174
36.5028,1161
36.5056,1146
36.5083,1145
36.5111,1149
36.5139,1166
36.5167,1179
36.5194,1180
36.5222,1191
36.5250,1174
36.5278,1163
36.5306,1134
36.5333,1081
36.5361,1012
36.5389,948
36.5417,916
36.5444,901
36.5472,925
36.5500,1023
36.5528,1184
36.5556,1396
36.5583,1605
36.5611,1851
36.5639,2152
36.5667,2425
36.5694,2631
36.5722,2735
36.5750,2667
36.5778,2430
36.5806,2049
36.5833,1579
36.5861,1158
36.5889,886
36.5917,794
36.5944,824
36.5972,937
36.6000,1061
36.6028,1154
36.6056,1183
36.6083,1179
36.6111,1159
36.6139,1122
36.6167,1113
36.6194,1112
36.6222,1120
36.6250,1140
36.6278,1150
36.6306,1154
36.6333,1157
36.6361,1159
36.6389,1153
36.6417,1164
36.6444,1172
36.6472,1175
36.6500,1183
36.6528,1187
36.6556,1206
36.6583,1197
36.6611,1209
36.6639,1214
36.6667,1214
36.6694,1220
36.6722,1223
36.6750,1227
36.6778,1230
36.6806,1238
36.6833,1235
36.6861,1244
36.6889,1245
36.6917,1246
36.6944,1247
36.6972,1245
36.7000,1264
36.7028,1266
36.7056,1295
36.7083,1294
36.7111,1296
36.7139,1309
36.7167,1302
36.7194,1297
36.7222,1310
36.7250,1313
36.7278,1319
36.7306,1332
36.7333,1333
36.7361,1346
36.7389,1344
36.7417,1357
36.7444,1364
36.7472,1370
36.7500,1362
36.7528,1367
36.7556,1379
36.7583,1376
36.7611,1380
36.7639,1389
36.7667,1397
36.7694,1395
36.7722,1393
36.7750,1392
36.7778,1392
36.7806,1325
36.7833,1327
36.7861,1337
36.7889,1337
36.7917,1343
36.7944,1343
36.7972,1347
36.8000,1352
36.8028,1354
36.8056,1363
36.8083,1367
36.8111,1366
36.8139,1364
36.8167,1369
36.8194,1379
36.8222,1392
36.8250,1404
36.8278,1413
36.8306,1408
36.8333,1397
36.8361,1402
36.8389,1406
36.8417,1419
36.8444,1437
36.8472,1450
36.8500,1445
36.8528,1448
36.8556,1452
36.8583,1434
36.8611,1438
36.8639,1452
36.8667,1455
36.8694,1459
36.8722,1454
36.8750,1460
36.8778,1459
36.8806,1476
36.8833,1487
36.8861,1496
36.8889,1510
36.8917,1531
36.8944,1540
36.8972,1568
36.9000,1579
36.9028,1598
36.9056,1605
36.9083,1629
36.9111,1641
36.9139,1667
36.9167,1690
36.9194,1705
36.9222,1711
36.9250,1735
36.9278,1742
36.9306,1762
36.9333,1747
36.9361,1738
36.9389,1717
36.9417,1677
36.9444,1638
36.9472,1585
36.9500,1564
36.9528,1533
36.9556,1522
36.9583,1509
36.9611,1509
36.9639,1498
36.9667,1496
36.9694,1483
36.9722,1471
36.9750,1462
36.9778,1464
36.9806,1464
36.9833,1461
36.9861,1466
36.9889,1462
36.9917,1460
36.9944,1455
36.9972,1457
37.0000,1460
37.0028,1474
37.0056,1480
37.0083,1492
37.0111,1489
37.0139,1483
37.0167,1473
37.0194,1454
37.0222,1428
37.0250,1370
37.0278,1314
37.0306,1262
37.0333,1244
37.0361,1253
37.0389,1310
37.0417,1432
37.0444,1610
37.0472,1828
37.0500,2050
37.0528,2333
37.0556,2638
37.0583,2884
37.0611,3030
37.0639,3068
37.0667,2937
37.0694,2642
37.0722,2182
37.0750,1729
37.0778,1361
37.0806,1181
37.0833,1160
37.0861,1229
37.0889,1335
37.0917,1449
37.0944,1533
37.0972,1551
37.1000,1541
37.1028,1521
37.1056,1510
37.1083,1510
37.1111,1517
37.1139,1523
37.1167,1524
37.1194,1516
37.1222,1510
37.1250,1517
37.1278,1516
37.1306,1530
37.1333,1538
37.1361,1547
37.1389,1553
37.1417,1556
37.1444,1554
37.1472,1561
37.1500,1570
37.1528,1565
37.1556,1580
37.1583,1587
37.1611,1594
37.1639,1599
37.1667,1602
37.1694,1619
37.1722,1630
37.1750,1638
37.1778,1639
37.1806,1639
37.1833,1635
37.1861,1635
37.1889,1646
37.1917,1667
37.1944,1681
37.1972,1687
37.2000,1695
37.2028,1694
37.2056,1698
37.2083,1709
37.2111,1723
37.2139,1734
37.2167,1728
37.2194,1727
37.2222,1723
37.2250,1726
37.2278,1728
37.2306,1740
37.2333,1762
37.2361,1770
37.2389,1775
37.2417,1779
37.2444,1778
37.2472,1781
37.2500,1786
37.2528,1805
37.2556,1799
37.2583,1807
37.2611,1793
37.2639,1788
37.2667,1785
37.2694,1738
37.2722,1738
37.2750,1741
37.2778,1746
37.2806,1739
37.2833,1744
37.2861,1754
37.2889,1747
37.2917,1762
37.2944,1770
37.2972,1778
37.3000,1773
37.3028,1765
37.3056,1763
37.3083,1775
37.3111,1786
37.3139,1799
37.3167,1803
37.3194,1795
37.3222,1796
37.3250,1799
37.3278,1793
37.3306,1800
37.3333,1812
37.3361,1823
37.3389,1833
37.3417,1838
37.3444,1831
37.3472,1835
37.3500,1841
37.3528,1838
37.3556,1838
37.3583,1840
37.3611,1841
37.3639,1848
37.3667,1854
37.3694,1861
37.3722,1861
37.3750,1855
37.3778,1863
37.3806,1865
37.3833,1862
37.3861,1860
37.3889,1855
37.3917,1866
37.3944,1870
37.3972,1866
37.4000,1869
37.4028,1879
37.4056,1894
37.4083,1915
37.4111,1946
37.4139,1976
37.4167,1995
37.4194,2001
37.4222,2005
37.4250,2001
37.4278,2014
37.4306,2027
37.4333,2047
37.4361,2067
37.4389,2090
37.4417,2092
37.4444,2097
37.4472,2099
37.4500,2094
37.4528,2075
37.4556,2048
37.4583,2021
37.4611,1975
37.4639,1936
37.4667,1909
37.4694,1903
37.4722,1875
37.4750,1859
37.4778,1824
37.4806,1794
37.4833,1778
37.4861,1773
37.4889,1782
37.4917,1788
37.4944,1805
37.4972,1807
37.5000,1806
37.5028,1802
37.5056,1803
37.5083,1797
37.5111,1786
37.5139,1786
37.5167,1788
37.5194,1792
37.5222,1785
37.5250,1780
37.5278,1776
37.5306,1780
37.5333,1765
37.5361,1741
37.5389,1696
37.5417,1654
37.5444,1618
37.5472,1605
37.5500,1616
37.5528,1664
37.5556,1784
37.5583,1962
37.5611,2159
37.5639,2380
37.5667,2645
37.5694,2938
37.5722,3173
37.5750,3317
37.5778,3322
37.5806,3192
37.5833,2885
37.5861,2436
37.5889,1956
37.5917,1600
37.5944,1423
37.5972,1419
37.6000,1515
37.6028,1617
37.6056,1720
37.6083,1773
37.6111,1794
37.6139,1788
37.6167,1759
37.6194,1736
37.6222,1722
37.6250,1716
37.6278,1733
37.6306,1748
37.6333,1766
37.6361,1773
37.6389,1765
37.6417,1759
37.6444,1761
37.6472,1768
37.6500,1768
37.6528,1771
37.6556,1774
37.6583,1775
37.6611,1792
37.6639,1804
37.6667,1805
37.6694,1814
37.6722,1811
37.6750,1807
37.6778,1808
37.6806,1810
37.6833,1826
37.6861,1849
37.6889,1854
37.6917,1852
37.6944,1848
37.6972,1843
37.7000,1841
37.7028,1833
37.7056,1837
37.7083,1861
37.7111,1852
37.7139,1865
37.7167,1876
37.7194,1880
37.7222,1898
37.7250,1903
37.7278,1902
37.7306,1908
37.7333,1915
37.7361,1915
37.7389,1908
37.7417,1910
37.7444,1909
37.7472,1920
37.7500,1934
37.7528,1928
37.7556,1929
37.7583,1940
37.7611,1946
37.7639,1957
37.7667,1966
37.7694,1969
37.7722,1969
37.7750,1970
37.7778,1966
37.7806,1967
37.7833,1813
37.7861,1829
37.7889,1820
37.7917,1832
37.7944,1829
37.7972,1831
37.8000,1833
37.8028,1832
37.8056,1835
37.8083,1847
37.8111,1843
37.8139,1826
37.8167,1814
37.8194,1801
37.8222,1820
37.8250,1832
37.8278,1846
37.8306,1856
37.8333,1860
37.8361,1855
37.8389,1846
37.8417,1847
37.8444,1852
37.8472,1856
37.8500,1863
37.8528,1868
37.8556,1865
37.8583,1864
37.8611,1857
37.8639,1864
37.8667,1860
37.8694,1862
37.8722,1858
37.8750,1848
37.8778,1842
37.8806,1837
37.8833,1851
37.8861,1855
37.8889,1847
37.8917,1847
37.8944,1837
37.8972,1841
37.9000,1847
37.9028,1848
37.9056,1853
37.9083,1864
37.9111,1861
37.9139,1846
37.9167,1837
37.9194,1830
37.9222,1836
37.9250,1840
37.9278,1868
37.9306,1897
37.9333,1917
37.9361,1935
37.9389,1955
37.9417,1953
37.9444,1966
37.9472,1978
37.9500,1987
37.9528,2004
37.9556,2020
37.9583,2021
37.9611,2036
37.9639,2051
37.9667,2076
37.9694,2071
37.9722,2072
37.9750,2024
37.9778,1989
37.9806,1933
37.9833,1891
37.9861,1858
37.9889,1827
37.9917,1811
37.9944,1782
37.9972,1752
38.0000,1733
38.0028,1721
38.0056,1714
38.0083,1715
38.0111,1716
38.0139,1722
38.0167,1723
38.0194,1719
38.0222,1702
38.0250,1692
38.0278,1684
38.0306,1685
38.0333,1681
38.0361,1684
38.0389,1687
38.0417,1699
38.0444,1700
38.0472,1694
38.0500,1693
38.0528,1682
38.0556,1659
38.0583,1624
38.0611,1577
38.0639,1533
38.0667,1502
38.0694,1502
38.0722,1528
38.0750,1595
38.0778,1742
38.0806,1930
38.0833,2132
38.0861,2364
38.0889,2640
38.0917,2903
38.0944,3103
38.0972,3214
38.1000,3181
38.1028,2998
38.1056,2638
38.1083,2166
38.1111,1732
38.1139,1428
38.1167,1307
38.1194,1328
38.1222,1409
38.1250,1511
38.1278,1611
38.1306,1661
38.1333,1677
38.1361,1651
38.1389,1632
38.1417,1624
38.1444,1612
38.1472,1608
38.1500,1619
38.1528,1626
38.1556,1636
38.1583,1641
38.1611,1639
38.1639,1641
38.1667,1645
38.1694,1656
38.1722,1673
38.1750,1683
38.1778,1677
38.1806,1667
38.1833,1676
38.1861,1684
38.1889,1694
38.1917,1699
38.1944,1706
38.1972,1698
38.2000,1695
38.2028,1696
38.2056,1709
38.2083,1718
38.2111,1718
38.2139,1716
38.2167,1711
38.2194,1704
38.2222,1708
38.2250,1719
38.2278,1732
38.2306,1746
38.2333,1753
38.2361,1749
38.2389,1751
38.2417,1757
38.2444,1763
38.2472,1773
38.2500,1773
38.2528,1782
38.2556,1795
38.2583,1798
38.2611,1793
38.2639,1798
38.2667,1804
38.2694,1807
38.2722,1818
38.2750,1827
38.2778,1833
38.2806,1848
38.2833,1849
38.2861,1851
38.2889,1852
38.2917,1858
38.2944,1857
38.2972,1855
38.3000,1839
38.3028,1845
38.3056,1714
38.3083,1730
38.3111,1728
38.3139,1723
38.3167,1709
38.3194,1706
38.3222,1710
38.3250,1709
38.3278,1725
38.3306,1736
38.3333,1727
38.3361,1726
38.3389,1707
38.3417,1712
38.3444,1716
38.3472,1731
38.3500,1746
38.3528,1743
38.3556,1740
38.3583,1738
38.3611,1731
38.3639,1751
38.3667,1748
38.3694,1758
38.3722,1748
38.3750,1758
38.3778,1762
38.3806,1758
38.3833,1774
38.3861,1777
38.3889,1773
38.3917,1783
38.3944,1776
38.3972,1756
38.4000,1748
38.4028,1747
38.4056,1753
38.4083,1754
38.4111,1751
38.4139,1743
38.4167,1745
38.4194,1749
38.4222,1749
38.4250,1751
38.4278,1752
38.4306,1751
38.4333,1740
38.4361,1728
38.4389,1729
38.4417,1731
38.4444,1738
38.4472,1751
38.4500,1742
38.4528,1744
38.4556,1731
38.4583,1719
38.4611,1714
38.4639,1716
38.4667,1719
38.4694,1725
38.4722,1721
38.4750,1718
38.4778,1716
38.4806,1707
38.4833,1710
38.4861,1708
38.4889,1730
38.4917,1747
38.4944,1759
38.4972,1778
38.5000,1803
38.5028,1824
38.5056,1839
38.5083,1844
38.5111,1848
38.5139,1853
38.5167,1878
38.5194,1898
38.5222,1916
38.5250,1942
38.5278,1956
38.5306,1959
38.5333,1962
38.5361,1959
38.5389,1940
38.5417,1907
38.5444,1875
38.5472,1834
38.5500,1802
38.5528,1766
38.5556,1741
38.5583,1732
38.5611,1705
38.5639,1684
38.5667,1657
38.5694,1655
38.5722,1646
38.5750,1641
38.5778,1638
38.5806,1629
38.5833,1631
38.5861,1650
38.5889,1653
38.5917,1660
38.5944,1660
38.5972,1647
38.6000,1626
38.6028,1619
38.6056,1614
38.6083,1619
38.6111,1614
38.6139,1613
38.6167,1606
38.6194,1597
38.6222,1580
38.6250,1562
38.6278,1515
38.6306,1493
38.6333,1489
38.6361,1489
38.6389,1506
38.6417,1573
38.6444,1726
38.6472,1901
38.6500,2077
38.6528,2292
38.6556,2562
38.6583,2802
38.6611,2974
38.6639,3051
38.6667,2996
38.6694,2779
38.6722,2401
38.6750,1955
38.6778,1551
38.6806,1314
38.6833,1229
38.6861,1273
38.6889,1360
38.6917,1468
38.6944,1569
38.6972,1604
38.7000,1614
38.7028,1585
38.7056,1576
38.7083,1565
38.7111,1561
38.7139,1560
38.7167,1549
38.7194,1549
38.7222,1559
38.7250,1561
38.7278,1572
38.7306,1580
38.7333,1596
38.7361,1601
38.7389,1601
38.7417,1598
38.7444,1593
38.7472,1595
38.7500,1601
38.7528,1615
38.7556,1626
38.7583,1644
38.7611,1638
38.7639,1636
38.7667,1624
38.7694,1636
38.7722,1648
38.7750,1660
38.7778,1669
38.7806,1665
38.7833,1654
38.7861,1649
38.7889,1667
38.7917,1675
38.7944,1691
38.7972,1698
38.8000,1699
38.8028,1703
38.8056,1695
38.8083,1696
38.8111,1710
38.8139,1714
38.8167,1725
38.8194,1738
38.8222,1743
38.8250,1750
38.8278,1748
38.8306,1752
38.8333,1766
38.8361,1777
38.8389,1783
38.8417,1794
38.8444,1788
38.8472,1787
38.8500,1794
38.8528,1802
38.8556,1815
38.8583,1833
38.8611,1832
38.8639,1836
38.8667,1837
38.8694,1835
38.8722,1683
38.8750,1695
38.8778,1697
38.8806,1700
38.8833,1710
38.8861,1699
38.8889,1693
38.8917,1699
38.8944,1699
38.8972,1700
38.9000,1696
38.9028,1678
38.9056,1677
38.9083,1670
38.9111,1669
38.9139,1683
38.9167,1689
38.9194,1698
38.9222,1691
38.9250,1684
38.9278,1683
38.9306,1685
38.9333,1702
38.9361,1703
38.9389,1700
38.9417,1694
38.9444,1698
38.9472,1699
38.9500,1708
38.9528,1706
38.9556,1704
38.9583,1712
38.9611,1711
38.9639,1716
38.9667,1728
38.9694,1728
38.9722,1731
38.9750,1732
38.9778,1722
38.9806,1718
38.9833,1711
38.9861,1712
38.9889,1712
38.9917,1719
38.9944,1708
38.9972,1707
39.0000,1702
39.0028,1705
39.0056,1709
39.0083,1710
39.0111,1720
39.0139,1719
39.0167,1715
39.0194,1697
39.0222,1690
39.0250,1690
39.0278,1697
39.0306,1708
39.0333,1706
39.0361,1698
39.0389,1695
39.0417,1690
39.0444,1688
39.0472,1689
39.0500,1694
39.0528,1687
39.0556,1696
39.0583,1716
39.0611,1722
39.0639,1739
39.0667,1747
39.0694,1767
39.0722,1788
39.0750,1809
39.0778,1822
39.0806,1840
39.0833,1844
39.0861,1861
39.0889,1891
39.0917,1920
39.0944,1930
39.0972,1940
39.1000,1934
39.1028,1941
39.1056,1939
39.1083,1941
39.1111,1918
39.1139,1887
39.1167,1845
39.1194,1799
39.1222,1749
39.1250,1717
39.1278,1708
39.1306,1704
39.1333,1692
39.1361,1686
39.1389,1664
39.1417,1648
39.1444,1639
39.1472,1632
39.1500,1627
39.1528,1621
39.1556,1628
39.1583,1628
39.1611,1627
39.1639,1627
39.1667,1623
39.1694,1639
39.1722,1637
39.1750,1623
39.1778,1624
39.1806,1630
39.1833,1615
39.1861,1612
39.1889,1601
39.1917,1589
39.1944,1567
39.1972,1550
39.2000,1511
39.2028,1501
39.2056,1502
39.2083,1514
39.2111,1581
39.2139,1694
39.2167,1863
39.2194,2038
39.2222,2244
39.2250,2519
39.2278,2781
39.2306,2981
39.2333,3086
39.2361,3091
39.2389,2912
39.2417,2545
39.2444,2098
39.2472,1660
39.2500,1365
39.2528,1237
39.2556,1241
39.2583,1342
39.2611,1455
39.2639,1557
39.2667,1626
39.2694,1641
39.2722,1623
39.2750,1594
39.2778,1579
39.2806,1586
39.2833,1593
39.2861,1600
39.2889,1614
39.2917,1608
39.2944,1600
39.2972,1602
39.3000,1602
39.3028,1624
39.3056,1634
39.3083,1643
39.3111,1646
39.3139,1645
39.3167,1643
39.3194,1636
39.3222,1638
39.3250,1647
39.3278,1661
39.3306,1685
39.3333,1693
39.3361,1701
39.3389,1698
39.3417,1685
39.3444,1682
39.3472,1687
39.3500,1697
39.3528,1700
39.3556,1708
39.3583,1715
39.3611,1720
39.3639,1728
39.3667,1745
39.3694,1742
39.3722,1743
39.3750,1755
39.3778,1760
39.3806,1777
39.3833,1794
39.3861,1793
39.3889,1802
39.3917,1802
39.3944,1803
39.3972,1827
39.4000,1838
39.4028,1850
39.4056,1859
39.4083,1877
39.4111,1883
39.4139,1880
39.4167,1877
39.4194,1883
39.4222,1884
39.4250,1894
39.4278,1904
39.4306,1904
39.4333,1906
39.4361,1903
39.4389,1914
39.4417,1793
39.4444,1797
39.4472,1797
39.4500,1781
39.4528,1775
39.4556,1781
39.4583,1770
39.4611,1786
39.4639,1787
39.4667,1797
39.4694,1806
39.4722,1798
39.4750,1792
39.4778,1794
39.4806,1806
39.4833,1810
39.4861,1814
39.4889,1813
39.4917,1808
39.4944,1805
39.4972,1814
39.5000,1819
39.5028,1841
39.5056,1842
39.5083,1849
39.5111,1845
39.5139,1836
39.5167,1832
39.5194,1831
39.5222,1830
39.5250,1841
39.5278,1848
39.5306,1850
39.5333,1853
39.5361,1865
39.5389,1863
39.5417,1865
39.5444,1860
39.5472,1868
39.5500,1868
39.5528,1855
39.5556,1842
39.5583,1851
39.5611,1855
39.5639,1863
39.5667,1859
39.5694,1856
39.5722,1851
39.5750,1841
39.5778,1846
39.5806,1857
39.5833,1868
39.5861,1873
39.5889,1889
39.5917,1905
39.5944,1927
39.5972,1946
39.6000,1971
39.6028,1976
39.6056,1980
39.6083,1979
39.6111,1981
39.6139,1989
39.6167,2009
39.6194,2031
39.6222,2050
39.6250,2072
39.6278,2088
39.6306,2096
39.6333,2089
39.6361,2070
39.6389,2039
39.6417,2007
39.6444,1973
39.6472,1934
39.6500,1893
39.6528,1862
39.6556,1847
39.6583,1833
39.6611,1816
39.6639,1801
39.6667,1793
39.6694,1782
39.6722,1775
39.6750,1771
39.6778,1763
39.6806,1762
39.6833,1772
39.6861,1783
39.6889,1782
39.6917,1784
39.6944,1767
39.6972,1751
39.7000,1758
39.7028,1765
39.7056,1760
39.7083,1763
39.7111,1759
39.7139,1742
39.7167,1753
39.7194,1725
39.7222,1701
39.7250,1665
39.7278,1634
39.7306,1605
39.7333,1613
39.7361,1622
39.7389,1676
39.7417,1786
39.7444,1973
39.7472,2170
39.7500,2406
39.7528,2685
39.7556,2968
39.7583,3179
39.7611,3305
39.7639,3332
39.7667,3208
39.7694,2882
39.7722,2412
39.7750,1929
39.7778,1573
39.7806,1389
39.7833,1363
39.7861,1423
39.7889,1519
39.7917,1607
39.7944,1690
39.7972,1739
39.8000,1748
39.8028,1717
39.8056,1699
39.8083,1679
39.8111,1687
39.8139,1695
39.8167,1703
39.8194,1701
39.8222,1713
39.8250,1716
39.8278,1703
39.8306,1705
39.8333,1716
39.8361,1733
39.8389,1738
39.8417,1742
39.8444,1752
39.8472,1752
39.8500,1761
39.8528,1765
39.8556,1767
39.8583,1767
39.8611,1765
39.8639,1763
39.8667,1768
39.8694,1776
39.8722,1779
39.8750,1794
39.8778,1796
39.8806,1787
39.8833,1784
39.8861,1785
39.8889,1778
39.8917,1791
39.8944,1802
39.8972,1811
39.9000,1817
39.9028,1813
39.9056,1812
39.9083,1826
39.9111,1819
39.9139,1830
39.9167,1834
39.9194,1829
39.9222,1823
39.9250,1844
39.9278,1849
39.9306,1867
39.9333,1873
39.9361,1885
39.9389,1892
39.9417,1890
39.9444,1900
39.9472,1905
39.9500,1909
39.9528,1905
39.9556,1911
39.9583,1906
39.9611,1907
39.9639,1896
39.9667,1902
39.9694,1768
39.9722,1776
39.9750,1788
39.9778,1778
39.9806,1776
39.9833,1773
39.9861,1776
39.9889,1772
39.9917,1781
39.9944,1787
39.9972,1793
40.0000,1783
40.0028,1775
40.0056,1774
40.0083,1772
40.0111,1775
40.0139,1785
40.0167,1792
40.0194,1788
40.0222,1797
40.0250,1796
40.0278,1804
40.0306,1810
40.0333,1816
40.0361,1828
40.0389,1824
40.0417,1812
40.0444,1803
40.0472,1812
40.0500,1810
40.0528,1825
40.0556,1819
40.0583,1822
40.0611,1823
40.0639,1816
40.0667,1828
40.0694,1829
40.0722,1832
40.0750,1830
40.0778,1825
40.0806,1815
40.0833,1804
40.0861,1795
40.0889,1798
40.0917,1818
40.0944,1825
40.0972,1828
40.1000,1835
40.1028,1843
40.1056,1845
40.1083,1864
40.1111,1880
40.1139,1916
40.1167,1924
40.1194,1924
40.1222,1925
40.1250,1936
40.1278,1951
40.1306,1978
40.1333,1999
40.1361,2015
40.1389,2010
40.1417,2010
40.1444,2014
40.1472,2020
40.1500,2020
40.1528,2002
40.1556,1970
40.1583,1925
40.1611,1876
40.1639,1832
40.1667,1806
40.1694,1781
40.1722,1774
40.1750,1755
40.1778,1737
40.1806,1727
40.1833,1704
40.1861,1689
40.1889,1680
40.1917,1676
40.1944,1674
40.1972,1677
40.2000,1673
40.2028,1683
40.2056,1687
40.2083,1684
40.2111,1660
40.2139,1654
40.2167,1660
40.2194,1657
40.2222,1658
40.2250,1659
40.2278,1659
40.2306,1650
40.2333,1636
40.2361,1626
40.2389,1579
40.2417,1529
40.2444,1498
40.2472,1477
40.2500,1492
40.2528,1526
40.2556,1617
40.2583,1768
40.2611,1961
40.2639,2150
40.2667,2381
40.2694,2674
40.2722,2946
40.2750,3141
40.2778,3214
40.2806,3149
40.2833,2903
40.2861,2496
40.2889,2007
40.2917,1581
40.2944,1315
40.2972,1228
40.3000,1271
40.3028,1377
40.3056,1495
40.3083,1581
40.3111,1628
40.3139,1630
40.3167,1599
40.3194,1567
40.3222,1544
40.3250,1535
40.3278,1546
40.3306,1566
40.3333,1577
40.3361,1589
40.3389,1589
40.3417,1590
40.3444,1596
40.3472,1594
40.3500,1587
40.3528,1588
40.3556,1592
40.3583,1588
40.3611,1586
40.3639,1592
40.3667,1604
40.3694,1609
40.3722,1617
40.3750,1608
40.3778,1607
40.3806,1598
40.3833,1608
40.3861,1626
40.3889,1636
40.3917,1651
40.3944,1647
40.3972,1640
40.4000,1629
40.4028,1625
40.4056,1630
40.4083,1643
40.4111,1659
40.4139,1669
40.4167,1662
40.4194,1657
40.4222,1656
40.4250,1664
40.4278,1662
40.4306,1681
40.4333,1692
40.4361,1700
40.4389,1716
40.4417,1717
40.4444,1715
40.4472,1723
40.4500,1717
40.4528,1728
40.4556,1731
40.4583,1718
40.4611,1733
40.4639,1737
40.4667,1735
40.4694,1754
40.4722,1739
40.4750,1747
40.4778,1752
40.4806,1749
40.4833,1759
40.4861,1622
40.4889,1619
40.4917,1626
40.4944,1622
40.4972,1618
40.5000,1593
40.5028,1617
40.5056,1614
40.5083,1621
40.5111,1632
40.5139,1637
40.5167,1631
40.5194,1638
40.5222,1635
40.5250,1648
40.5278,1665
40.5306,1652
40.5333,1647
40.5361,1640
40.5389,1640
40.5417,1631
40.5444,1645
40.5472,1649
40.5500,1659
40.5528,1658
40.5556,1661
40.5583,1662
40.5611,1645
40.5639,1649
40.5667,1653
40.5694,1651
40.5722,1653
40.5750,1644
40.5778,1649
40.5806,1647
40.5833,1659
40.5861,1661
40.5889,1666
40.5917,1670
40.5944,1669
40.5972,1683
40.6000,1688
40.6028,1703
40.6056,1724
40.6083,1757
40.6111,1774
40.6139,1781
40.6167,1789
40.6194,1784
40.6222,1799
40.6250,1807
40.6278,1806
40.6306,1834
40.6333,1851
40.6361,1855
40.6389,1870
40.6417,1865
40.6444,1860
40.6472,1840
40.6500,1810
40.6528,1776
40.6556,1730
40.6583,1698
40.6611,1660
40.6639,1647
40.6667,1628
40.6694,1613
40.6722,1587
40.6750,1559
40.6778,1540
40.6806,1527
40.6833,1530
40.6861,1532
40.6889,1541
40.6917,1541
40.6944,1540
40.6972,1534
40.7000,1537
40.7028,1546
40.7056,1543
40.7083,1547
40.7111,1541
40.7139,1531
40.7167,1519
40.7194,1524
40.7222,1516
40.7250,1532
40.7278,1524
40.7306,1508
40.7333,1463
40.7361,1412
40.7389,1354
40.7417,1316
40.7444,1302
40.7472,1324
40.7500,1376
40.7528,1512
40.7556,1686
40.7583,1880
40.7611,2094
40.7639,2381
40.7667,2688
40.7694,2918
40.7722,3059
40.7750,3065
40.7778,2883
40.7806,2559
40.7833,2099
40.7861,1643
40.7889,1304
40.7917,1151
40.7944,1156
40.7972,1246
40.8000,1357
40.8028,1457
40.8056,1516
40.8083,1529
40.8111,1512
40.8139,1483
40.8167,1453
40.8194,1449
40.8222,1456
40.8250,1473
40.8278,1480
40.8306,1491
40.8333,1496
40.8361,1499
40.8389,1479
40.8417,1489
40.8444,1501
40.8472,1525
40.8500,1533
40.8528,1527
40.8556,1528
40.8583,1533
40.8611,1537
40.8639,1542
40.8667,1549
40.8694,1555
40.8722,1567
40.8750,1554
40.8778,1561
40.8806,1549
40.8833,1553
40.8861,1560
40.8889,1574
40.8917,1583
40.8944,1598
40.8972,1604
40.9000,1608
40.9028,1610
40.9056,1613
40.9083,1613
40.9111,1622
40.9139,1633
40.9167,1637
40.9194,1654
40.9222,1662
40.9250,1671
40.9278,1669
40.9306,1668
40.9333,1654
40.9361,1655
40.9389,1674
40.9417,1698
40.9444,1705
40.9472,1716
40.9500,1714
40.9528,1725
40.9556,1715
40.9583,1709
40.9611,1716
40.9639,1718
40.9667,1735
40.9694,1739
40.9722,1740
40.9750,1727
40.9778,1721
40.9806,1618
40.9833,1620
40.9861,1628
40.9889,1611
40.9917,1610
40.9944,1598
40.9972,1589
41.0000,1610
41.0028,1615
41.0056,1618
41.0083,1620
41.0111,1629
41.0139,1629
41.0167,1626
41.0194,1629
41.0222,1634
41.0250,1635
41.0278,1638
41.0306,1639
41.0333,1634
41.0361,1639
41.0389,1654
41.0417,1660
41.0444,1664
41.0472,1672
41.0500,1669
41.0528,1665
41.0556,1657
41.0583,1654
41.0611,1672
41.0639,1685
41.0667,1691
41.0694,1685
41.0722,1677
41.0750,1677
41.0778,1683
41.0806,1690
41.0833,1706
41.0861,1716
41.0889,1739
41.0917,1752
41.0944,1752
41.0972,1768
41.1000,1783
41.1028,1798
41.1056,1811
41.1083,1818
41.1111,1838
41.1139,1842
41.1167,1860
41.1194,1873
41.1222,1899
41.1250,1903
41.1278,1909
41.1306,1912
41.1333,1891
41.1361,1869
41.1389,1844
41.1417,1798
41.1444,1761
41.1472,1726
41.1500,1700
41.1528,1676
41.1556,1654
41.1583,1636
41.1611,1614
41.1639,1606
41.1667,1599
41.1694,1600
41.1722,1596
41.1750,1586
41.1778,1593
41.1806,1585
41.1833,1575
41.1861,1580
41.1889,1583
41.1917,1580
41.1944,1578
41.1972,1585
41.2000,1581
41.2028,1584
41.2056,1585
41.2083,1571
41.2111,1563
41.2139,1562
41.2167,1552
41.2194,1530
41.2222,1497
41.2250,1444
41.2278,1387
41.2306,1352
41.2333,1340
41.2361,1359
41.2389,1425
41.2417,1552
41.2444,1744
41.2472,1955
41.2500,2187
41.2528,2485
41.2556,2770
41.2583,2982
41.2611,3112
41.2639,3097
41.2667,2898
41.2694,2557
41.2722,2093
41.2750,1646
41.2778,1328
41.2806,1195
41.2833,1203
41.2861,1299
41.2889,1417
41.2917,1511
41.2944,1563
41.2972,1579
41.3000,1567
41.3028,1554
41.3056,1541
41.3083,1546
41.3111,1538
41.3139,1551
41.3167,1559
41.3194,1560
41.3222,1549
41.3250,1545
41.3278,1552
41.3306,1563
41.3333,1582
41.3361,1591
41.3389,1589
41.3417,1585
41.3444,1577
41.3472,1583
41.3500,1593
41.3528,1605
41.3556,1609
41.3583,1604
41.3611,1603
41.3639,1603
41.3667,1605
41.3694,1616
41.3722,1611
41.3750,1613
41.3778,1611
41.3806,1608
41.3833,1623
41.3861,1617
41.3889,1621
41.3917,1622
41.3944,1633
41.3972,1637
41.4000,1645
41.4028,1653
41.4056,1656
41.4083,1667
41.4111,1672
41.4139,1688
41.4167,1687
41.4194,1686
41.4222,1694
41.4250,1700
41.4278,1697
41.4306,1708
41.4333,1712
41.4361,1717
41.4389,1715
41.4417,1716
41.4444,1724
41.4472,1705
41.4500,1719
41.4528,1729
41.4556,1739
41.4583,1747
41.4611,1754
41.4639,1741
41.4667,1744
41.4694,1600
41.4722,1599
41.4750,1596
41.4778,1594
41.4806,1596
41.4833,1606
41.4861,1595
41.4889,1600
41.4917,1613
41.4944,1622
41.4972,1629
41.5000,1623
41.5028,1622
41.5056,1607
41.5083,1610
41.5111,1606
41.5139,1621
41.5167,1627
41.5194,1636
41.5222,1625
41.5250,1628
41.5278,1624
41.5306,1625
41.5333,1630
41.5361,1618
41.5389,1633
41.5417,1635
41.5444,1630
41.5472,1631
41.5500,1635
41.5528,1642
41.5556,1635
41.5583,1630
41.5611,1626
41.5639,1638
41.5667,1648
41.5694,1673
41.5722,1696
41.5750,1717
41.5778,1738
41.5806,1742
41.5833,1750
41.5861,1741
41.5889,1750
41.5917,1766
41.5944,1795
41.5972,1814
41.6000,1840
41.6028,1842
41.6056,1844
41.6083,1848
41.6111,1859
41.6139,1855
41.6167,1833
41.6194,1816
41.6222,1770
41.6250,1730
41.6278,1683
41.6306,1653
41.6333,1634
41.6361,1610
41.6389,1592
41.6417,1566
41.6444,1539
41.6472,1523
41.6500,1501
41.6528,1495
41.6556,1493
41.6583,1489
41.6611,1485
41.6639,1484
41.6667,1479
41.6694,1481
41.6722,1475
41.6750,1475
41.6778,1472
41.6806,1457
41.6833,1455
41.6861,1452
41.6889,1458
41.6917,1460
41.6944,1453
41.6972,1444
41.7000,1433
41.7028,1403
41.7056,1346
41.7083,1282
41.7111,1245
41.7139,1231
41.7167,1245
41.7194,1294
41.7222,1417
41.7250,1587
41.7278,1791
41.7306,2004
41.7333,2273
41.7361,2573
41.7389,2819
41.7417,2966
41.7444,3008
41.7472,2856
41.7500,2549
41.7528,2099
41.7556,1630
41.7583,1276
41.7611,1095
41.7639,1073
41.7667,1141
41.7694,1250
41.7722,1349
41.7750,1410
41.7778,1440
41.7806,1426
41.7833,1410
41.7861,1384
41.7889,1370
41.7917,1383
41.7944,1398
41.7972,1409
41.8000,1404
41.8028,1390
41.8056,1384
41.8083,1395
41.8111,1411
41.8139,1419
41.8167,1430
41.8194,1421
41.8222,1419
41.8250,1430
41.8278,1436
41.8306,1436
41.8333,1450
41.8361,1449
41.8389,1454
41.8417,1457
41.8444,1447
41.8472,1447
41.8500,1452
41.8528,1464
41.8556,1467
41.8583,1467
41.8611,1463
41.8639,1454
41.8667,1453
41.8694,1476
41.8722,1493
41.8750,1511
41.8778,1519
41.8806,1518
41.8833,1519
41.8861,1517
41.8889,1522
41.8917,1500
41.8944,1503
41.8972,1506
41.9000,1509
41.9028,1521
41.9056,1537
41.9083,1546
41.9111,1542
41.9139,1548
41.9167,1561
41.9194,1561
41.9222,1571
41.9250,1570
41.9278,1558
41.9306,1574
41.9333,1582
41.9361,1583
41.9389,1588
41.9417,1584
41.9444,1588
41.9472,1591
41.9500,1486
41.9528,1485
41.9556,1498
41.9583,1492
41.9611,1485
41.9639,1485
41.9667,1478
41.9694,1493
41.9722,1497
41.9750,1500
41.9778,1500
41.9806,1497
41.9833,1499
41.9861,1501
41.9889,1511
41.9917,1520
41.9944,1524
41.9972,1529
42.0000,1531
42.0028,1527
42.0056,1523
42.0083,1532
42.0111,1538
42.0139,1540
42.0167,1546
42.0194,1544
42.0222,1545
42.0250,1552
42.0278,1562
42.0306,1568
42.0333,1593
42.0361,1612
42.0389,1633
42.0417,1662
42.0444,1668
42.0472,1671
42.0500,1681
42.0528,1685
42.0556,1706
42.0583,1715
42.0611,1737
42.0639,1742
42.0667,1763
42.0694,1781
42.0722,1793
42.0750,1794
42.0778,1773
42.0806,1741
42.0833,1697
42.0861,1650
42.0889,1629
42.0917,1599
42.0944,1588
42.0972,1574
42.1000,1544
42.1028,1519
42.1056,1492
42.1083,1490
42.1111,1486
42.1139,1477
42.1167,1476
42.1194,1464
42.1222,1458
42.1250,1459
42.1278,1454
42.1306,1462
42.1333,1463
42.1361,1453
42.1389,1448
42.1417,1444
42.1444,1433
42.1472,1427
42.1500,1428
42.1528,1440
42.1556,1441
42.1583,1443
42.1611,1429
42.1639,1410
42.1667,1365
42.1694,1314
42.1722,1247
42.1750,1201
42.1778,1180
42.1806,1194
42.1833,1230
42.1861,1351
42.1889,1521
42.1917,1714
42.1944,1941
42.1972,2213
42.2000,2507
42.2028,2753
42.2056,2923
42.2083,2953
42.2111,2807
42.2139,2494
42.2167,2064
42.2194,1614
42.2222,1263
42.2250,1096
42.2278,1078
42.2306,1147
42.2333,1261
42.2361,1364
42.2389,1431
42.2417,1447
42.2444,1435
42.2472,1401
42.2500,1388
42.2528,1382
42.2556,1384
42.2583,1399
42.2611,1410
42.2639,1422
42.2667,1417
42.2694,1422
42.2722,1418
42.2750,1428
42.2778,1444
42.2806,1452
42.2833,1444
42.2861,1435
42.2889,1433
42.2917,1443
42.2944,1455
42.2972,1482
42.3000,1494
42.3028,1495
42.3056,1492
42.3083,1476
42.3111,1472
42.3139,1483
42.3167,1489
42.3194,1505
42.3222,1503
42.3250,1516
42.3278,1508
42.3306,1522
42.3333,1517
42.3361,1519
42.3389,1526
42.3417,1536
42.3444,1541
42.3472,1539
42.3500,1539
42.3528,1549
42.3556,1565
42.3583,1579
42.3611,1576
42.3639,1572
42.3667,1568
42.3694,1560
42.3722,1581
42.3750,1584
42.3778,1589
42.3806,1610
42.3833,1608
42.3861,1603
42.3889,1599
42.3917,1595
42.3944,1602
42.3972,1621
42.4000,1633
42.4028,1633
42.4056,1642
42.4083,1643
42.4111,1636
42.4139,1574
42.4167,1573
42.4194,1581
42.4222,1579
42.4250,1586
42.4278,1582
42.4306,1581
42.4333,1586
42.4361,1589
42.4389,1599
42.4417,1597
42.4444,1588
42.4472,1596
42.4500,1598
42.4528,1609
42.4556,1622
42.4583,1623
42.4611,1634
42.4639,1638
42.4667,1634
42.4694,1643
42.4722,1649
42.4750,1659
42.4778,1666
42.4806,1673
42.4833,1664
42.4861,1664
42.4889,1671
42.4917,1676
42.4944,1683
42.4972,1692
42.5000,1705
42.5028,1723
42.5056,1749
42.5083,1762
42.5111,1784
42.5139,1805
42.5167,1817
42.5194,1834
42.5222,1852
42.5250,1866
42.5278,1877
42.5306,1891
42.5333,1909
42.5361,1927
42.5389,1933
42.5417,1921
42.5444,1915
42.5472,1900
42.5500,1880
42.5528,1848
42.5556,1817
42.5583,1787
42.5611,1750
42.5639,1721
42.5667,1696
42.5694,1676
42.5722,1657
42.5750,1644
42.5778,1629
42.5806,1607
42.5833,1592
42.5861,1587
42.5889,1583
42.5917,1585
42.5944,1589
42.5972,1583
42.6000,1584
42.6028,1585
42.6056,1581
42.6083,1592
42.6111,1605
42.6139,1601
42.6167,1608
42.6194,1603
42.6222,1605
42.6250,1600
42.6278,1593
42.6306,1574
42.6333,1549
42.6361,1491
42.6389,1437
42.6417,1379
42.6444,1349
42.6472,1360
42.6500,1403
42.6528,1521
42.6556,1698
42.6583,1890
42.6611,2108
42.6639,2362
42.6667,2655
42.6694,2905
42.6722,3082
42.6750,3142
42.6778,3011
42.6806,2739
42.6833,2317
42.6861,1857
42.6889,1482
42.6917,1287
42.6944,1269
42.6972,1334
42.7000,1449
42.7028,1552
42.7056,1613
42.7083,1636
42.7111,1635
42.7139,1608
42.7167,1586
42.7194,1585
42.7222,1584
42.7250,1589
42.7278,1609
42.7306,1619
42.7333,1608
42.7361,1598
42.7389,1606
42.7417,1614
42.7444,1626
42.7472,1635
42.7500,1644
42.7528,1644
42.7556,1661
42.7583,1666
42.7611,1673
42.7639,1672
42.7667,1685
42.7694,1680
42.7722,1675
42.7750,1666
42.7778,1676
42.7806,1680
42.7833,1684
42.7861,1706
42.7889,1712
42.7917,1712
42.7944,1711
42.7972,1715
42.8000,1730
42.8028,1741
42.8056,1745
42.8083,1757
42.8111,1741
42.8139,1747
42.8167,1742
42.8194,1746
42.8222,1754
42.8250,1765
42.8278,1781
42.8306,1787
42.8333,1787
42.8361,1798
42.8389,1804
42.8417,1819
42.8444,1836
42.8472,1833
42.8500,1832
42.8528,1828
42.8556,1830
42.8583,1831
42.8611,1824
42.8639,1840
42.8667,1846
42.8694,1863
42.8722,1870
42.8750,1876
42.8778,1870
42.8806,1771
42.8833,1781
42.8861,1781
42.8889,1775
42.8917,1778
42.8944,1774
42.8972,1776
42.9000,1773
42.9028,1776
42.9056,1790
42.9083,1789
42.9111,1786
42.9139,1785
42.9167,1790
42.9194,1795
42.9222,1802
42.9250,1817
42.9278,1819
42.9306,1827
42.9333,1831
42.9361,1831
42.9389,1835
42.9417,1829
42.9444,1832
42.9472,1841
42.9500,1848
42.9528,1853
42.9556,1844
42.9583,1849
42.9611,1863
42.9639,1876
42.9667,1875
42.9694,1891
42.9722,1901
42.9750,1930
42.9778,1954
42.9806,1984
42.9833,1998
42.9861,1993
42.9889,2000
42.9917,2008
42.9944,2030
42.9972,2045
43.0000,2071
43.0028,2089
43.0056,2100
43.0083,2106
43.0111,2109
43.0139,2096
43.0167,2099
43.0194,2077
43.0222,2052
43.0250,2026
43.0278,1981
43.0306,1945
43.0333,1911
43.0361,1883
43.0389,1869
43.0417,1842
43.0444,1817
43.0472,1803
43.0500,1791
43.0528,1773
43.0556,1763
43.0583,1764
43.0611,1760
43.0639,1758
43.0667,1745
43.0694,1747
43.0722,1752
43.0750,1753
43.0778,1746
43.0806,1737
43.0833,1739
43.0861,1745
43.0889,1751
43.0917,1750
43.0944,1738
43.0972,1726
43.1000,1717
43.1028,1704
43.1056,1678
43.1083,1621
43.1111,1566
43.1139,1516
43.1167,1502
43.1194,1510
43.1222,1562
43.1250,1672
43.1278,1841
43.1306,2026
43.1333,2251
43.1361,2552
43.1389,2863
43.1417,3114
43.1444,3266
43.1472,3277
43.1500,3106
43.1528,2780
43.1556,2335
43.1583,1870
43.1611,1525
43.1639,1371
43.1667,1370
43.1694,1454
43.1722,1561
43.1750,1661
43.1778,1707
43.1806,1728
43.1833,1722
43.1861,1697
43.1889,1685
43.1917,1684
43.1944,1681
43.1972,1690
43.2000,1698
43.2028,1700
43.2056,1710
43.2083,1714
43.2111,1707
43.2139,1706
43.2167,1729
43.2194,1735
43.2222,1738
43.2250,1738
43.2278,1724
43.2306,1725
43.2333,1728
43.2361,1740
43.2389,1764
43.2417,1769
43.2444,1762
43.2472,1758
43.2500,1756
43.2528,1760
43.2556,1759
43.2583,1773
43.2611,1783
43.2639,1779
43.2667,1781
43.2694,1786
43.2722,1793
43.2750,1801
43.2778,1809
43.2806,1819
43.2833,1821
43.2861,1824
43.2889,1819
43.2917,1817
43.2944,1813
43.2972,1828
43.3000,1823
43.3028,1824
43.3056,1830
43.3083,1838
43.3111,1838
43.3139,1853
43.3167,1870
43.3194,1881
43.3222,1871
43.3250,1878
43.3278,1870
43.3306,1875
43.3333,1871
43.3361,1867
43.3389,1877
43.3417,1879
43.3444,1884
43.3472,1886
43.3500,1899
43.3528,1806
43.3556,1809
43.3583,1821
43.3611,1820
43.3639,1827
43.3667,1808
43.3694,1812
43.3722,1817
43.3750,1833
43.3778,1837
43.3806,1838
43.3833,1830
43.3861,1822
43.3889,1816
43.3917,1820
43.3944,1823
43.3972,1828
43.4000,1837
43.4028,1838
43.4056,1846
43.4083,1854
43.4111,1853
43.4139,1857
43.4167,1860
43.4194,1856
43.4222,1855
43.4250,1863
43.4278,1860
43.4306,1866
43.4333,1862
43.4361,1842
43.4389,1847
43.4417,1849
43.4444,1847
43.4472,1847
43.4500,1843
43.4528,1841
43.4556,1851
43.4583,1858
43.4611,1869
43.4639,1886
43.4667,1903
43.4694,1913
43.4722,1936
43.4750,1933
43.4778,1943
43.4806,1949
43.4833,1957
43.4861,1969
43.4889,1999
43.4917,2035
43.4944,2060
43.4972,2064
43.5000,2073
43.5028,2069
43.5056,2065
43.5083,2060
43.5111,2042
43.5139,2009
43.5167,1971
43.5194,1923
43.5222,1889
43.5250,1864
43.5278,1843
43.5306,1832
43.5333,1825
43.5361,1807
43.5389,1789
43.5417,1772
43.5444,1752
43.5472,1741
43.5500,1737
43.5528,1753
43.5556,1766
43.5583,1772
43.5611,1771
43.5639,1770
43.5667,1749
43.5694,1745
43.5722,1745
43.5750,1754
43.5778,1756
43.5806,1762
43.5833,1760
43.5861,1753
43.5889,1754
43.5917,1747
43.5944,1711
43.5972,1671
43.6000,1627
43.6028,1574
43.6056,1529
43.6083,1526
43.6111,1543
43.6139,1602
43.6167,1730
43.6194,1939
43.6222,2138
43.6250,2381
43.6278,2659
43.6306,2957
43.6333,3180
43.6361,3311
43.6389,3327
43.6417,3192
43.6444,2860
43.6472,2396
43.6500,1923
43.6528,1576
43.6556,1398
43.6583,1386
43.6611,1449
43.6639,1545
43.6667,1634
43.6694,1710
43.6722,1741
43.6750,1741
43.6778,1713
43.6806,1690
43.6833,1671
43.6861,1670
43.6889,1696
43.6917,1719
43.6944,1728
43.6972,1721
43.7000,1719
43.7028,1716
43.7056,1721
43.7083,1729
43.7111,1733
43.7139,1736
43.7167,1734
43.7194,1737
43.7222,1741
43.7250,1745
43.7278,1753
43.7306,1764
43.7333,1771
43.7361,1769
43.7389,1764
43.7417,1766
43.7444,1779
43.7472,1782
43.7500,1783
43.7528,1769
43.7556,1765
43.7583,1766
43.7611,1768
43.7639,1784
43.7667,1813
43.7694,1822
43.7722,1829
43.7750,1824
43.7778,1833
43.7806,1825
43.7833,1819
43.7861,1816
43.7889,1825
43.7917,1819
43.7944,1827
43.7972,1824
43.8000,1831
43.8028,1841
43.8056,1846
43.8083,1861
43.8111,1864
43.8139,1869
43.8167,1865
43.8194,1867
43.8222,1875
43.8250,1871
43.8278,1878
43.8306,1872
43.8333,1869
43.8361,1872
43.8389,1875
43.8417,1882
43.8444,1774
43.8472,1776
43.8500,1781
43.8528,1782
43.8556,1787
43.8583,1798
43.8611,1797
43.8639,1797
43.8667,1801
43.8694,1816
43.8722,1807
43.8750,1802
43.8778,1801
43.8806,1802
43.8833,1800
43.8861,1801
43.8889,1804
43.8917,1815
43.8944,1831
43.8972,1845
43.9000,1835
43.9028,1829
43.9056,1835
43.9083,1834
43.9111,1840
43.9139,1848
43.9167,1845
43.9194,1847
43.9222,1859
43.9250,1861
43.9278,1866
43.9306,1860
43.9333,1860
43.9361,1842
43.9389,1832
43.9417,1811
43.9444,1814
43.9472,1822
43.9500,1837
43.9528,1840
43.9556,1844
43.9583,1845
43.9611,1852
43.9639,1863
43.9667,1899
43.9694,1921
43.9722,1934
43.9750,1947
43.9778,1949
43.9806,1968
43.9833,1965
43.9861,1985
43.9889,2012
43.9917,2023
43.9944,2032
43.9972,2026
44.0000,2016
44.0028,2028
44.0056,2037
44.0083,2032
44.0111,2011
44.0139,1978
44.0167,1933
44.0194,1882
44.0222,1840
44.0250,1815
44.0278,1798
44.0306,1785
44.0333,1771
44.0361,1734
44.0389,1703
44.0417,1695
44.0444,1681
44.0472,1680
44.0500,1686
44.0528,1689
44.0556,1692
44.0583,1690
44.0611,1681
44.0639,1671
44.0667,1664
44.0694,1661
44.0722,1667
44.0750,1670
44.0778,1672
44.0806,1678
44.0833,1681
44.0861,1665
44.0889,1657
44.0917,1637
44.0944,1599
44.0972,1556
44.1000,1497
44.1028,1448
44.1056,1427
44.1083,1442
44.1111,1477
44.1139,1563
44.1167,1711
44.1194,1895
44.1222,2097
44.1250,2344
44.1278,2643
44.1306,2938
44.1333,3134
44.1361,3222
44.1389,3140
44.1417,2882
44.1444,2475
44.1472,1994
44.1500,1574
44.1528,1328
44.1556,1248
44.1583,1288
44.1611,1390
44.1639,1493
44.1667,1576
44.1694,1598
44.1722,1596
44.1750,1585
44.1778,1559
44.1806,1552
44.1833,1558
44.1861,1563
44.1889,1577
44.1917,1577
44.1944,1575
44.1972,1574
44.2000,1587
44.2028,1582
44.2056,1587
44.2083,1597
44.2111,1593
44.2139,1594
44.2167,1579
44.2194,1578
44.2222,1595
44.2250,1607
44.2278,1620
44.2306,1631
44.2333,1622
44.2361,1619
44.2389,1614
44.2417,1606
44.2444,1617
44.2472,1624
44.2500,1631
44.2528,1646
44.2556,1648
44.2583,1639
44.2611,1639
44.2639,1622
44.2667,1623
44.2694,1624
44.2722,1641
44.2750,1649
44.2778,1657
44.2806,1670
44.2833,1673
44.2861,1685
44.2889,1700
44.2917,1695
44.2944,1696
44.2972,1694
44.3000,1691
44.3028,1699
44.3056,1703
44.3083,1698
44.3111,1710
44.3139,1717
44.3167,1716
44.3194,1714
44.3222,1720
44.3250,1729
44.3278,1727
44.3306,1737
44.3333,1743
44.3361,1737
44.3389,1743
44.3417,1612
44.3444,1617
44.3472,1624
44.3500,1623
44.3528,1624
44.3556,1605
44.3583,1605
44.3611,1601
44.3639,1611
44.3667,1611
44.3694,1614
44.3722,1613
44.3750,1619
44.3778,1617
44.3806,1617
44.3833,1631
44.3861,1646
44.3889,1660
44.3917,1663
44.3944,1663
44.3972,1662
44.4000,1664
44.4028,1655
44.4056,1654
44.4083,1654
44.4111,1664
44.4139,1667
44.4167,1676
44.4194,1683
44.4222,1675
44.4250,1687
44.4278,1684
44.4306,1680
44.4333,1674
44.4361,1666
44.4389,1655
44.4417,1661
44.4444,1666
44.4472,1675
44.4500,1679
44.4528,1668
44.4556,1655
44.4583,1656
44.4611,1646
44.4639,1649
44.4667,1658
44.4694,1655
44.4722,1670
44.4750,1673
44.4778,1679
44.4806,1700
44.4833,1722
44.4861,1740
44.4889,1760
44.4917,1767
44.4944,1778
44.4972,1800
44.5000,1808
44.5028,1827
44.5056,1851
44.5083,1858
44.5111,1870
44.5139,1874
44.5167,1891
44.5194,1890
44.5222,1885
44.5250,1881
44.5278,1862
44.5306,1815
44.5333,1758
44.5361,1709
44.5389,1666
44.5417,1649
44.5444,1648
44.5472,1622
44.5500,1604
44.5528,1582
44.5556,1566
44.5583,1556
44.5611,1557
44.5639,1562
44.5667,1572
44.5694,1572
44.5722,1561
44.5750,1559
44.5778,1547
44.5806,1537
44.5833,1535
44.5861,1534
44.5889,1550
44.5917,1549
44.5944,1549
44.5972,1538
44.6000,1540
44.6028,1543
44.6056,1530
44.6083,1510
44.6111,1484
44.6139,1430
44.6167,1387
44.6194,1354
44.6222,1358
44.6250,1391
44.6278,1455
44.6306,1575
44.6333,1744
44.6361,1938
44.6389,2150
44.6417,2411
44.6444,2704
44.6472,2929
44.6500,3063
44.6528,3062
44.6556,2883
44.6583,2555
44.6611,2092
44.6639,1639
44.6667,1301
44.6694,1141
44.6722,1134
44.6750,1219
44.6778,1340
44.6806,1438
44.6833,1502
44.6861,1516
44.6889,1498
44.6917,1465
44.6944,1455
44.6972,1444
44.7000,1461
44.7028,1458
44.7056,1486
44.7083,1489
44.7111,1482
44.7139,1482
44.7167,1485
44.7194,1487
44.7222,1496
44.7250,1506
44.7278,1513
44.7306,1513
44.7333,1505
44.7361,1502
44.7389,1514
44.7417,1530
44.7444,1541
44.7472,1553
44.7500,1540
44.7528,1521
44.7556,1514
44.7583,1516
44.7611,1521
44.7639,1541
44.7667,1560
44.7694,1548
44.7722,1537
44.7750,1544
44.7778,1554
44.7806,1562
44.7833,1572
44.7861,1570
44.7889,1578
44.7917,1579
44.7944,1582
44.7972,1586
44.8000,1592
44.8028,1608
44.8056,1624
44.8083,1638
44.8111,1637
44.8139,1647
44.8167,1647
44.8194,1652
44.8222,1661
44.8250,1675
44.8278,1675
44.8306,1678
44.8333,1676
44.8361,1668
44.8389,1655
44.8417,1659
44.8444,1662
44.8472,1669
44.8500,1673
44.8528,1676
44.8556,1680
44.8583,1578
44.8611,1580
44.8639,1589
44.8667,1587
44.8694,1578
44.8722,1570
44.8750,1572
44.8778,1580
44.8806,1580
44.8833,1577
44.8861,1575
44.8889,1576
44.8917,1580
44.8944,1579
44.8972,1586
44.9000,1598
44.9028,1603
44.9056,1600
44.9083,1602
44.9111,1611
44.9139,1609
44.9167,1609
44.9194,1612
44.9222,1632
44.9250,1650
44.9278,1655
44.9306,1650
44.9333,1638
44.9361,1625
44.9389,1643
44.9417,1637
44.9444,1638
44.9472,1639
44.9500,1637
44.9528,1634
44.9556,1646
44.9583,1652
44.9611,1649
44.9639,1658
44.9667,1648
44.9694,1650
44.9722,1649
44.9750,1646
44.9778,1652
44.9806,1675
44.9833,1694
44.9861,1730
44.9889,1745
44.9917,1753
44.9944,1753
44.9972,1764
45.0000,1783
45.0028,1801
45.0056,1827
45.0083,1833
45.0111,1837
45.0139,1852
45.0167,1859
45.0194,1881
45.0222,1895
45.0250,1907
45.0278,1873
45.0306,1832
45.0333,1782
45.0361,1730
45.0389,1704
45.0417,1674
45.0444,1660
45.0472,1647
45.0500,1634
45.0528,1617
45.0556,1597
45.0583,1595
45.0611,1594
45.0639,1602
45.0667,1590
45.0694,1584
45.0722,1577
45.0750,1578
45.0778,1584
45.0806,1590
45.0833,1568
45.0861,1562
45.0889,1559
45.0917,1548
45.0944,1553
45.0972,1543
45.1000,1546
45.1028,1559
45.1056,1564
45.1083,1569
45.1111,1544
45.1139,1509
45.1167,1450
45.1194,1403
45.1222,1356
45.1250,1350
45.1278,1375
45.1306,1429
45.1333,1553
45.1361,1722
45.1389,1922
45.1417,2146
45.1444,2413
45.1472,2713
45.1500,2981
45.1528,3142
45.1556,3217
45.1583,3118
45.1611,2815
45.1639,2358
45.1667,1864
45.1694,1469
45.1722,1239
45.1750,1166
45.1778,1206
45.1806,1309
45.1833,1419
45.1861,1493
45.1889,1544
45.1917,1544
45.1944,1531
45.1972,1508
45.2000,1494
45.2028,1505
45.2056,1513
45.2083,1524
45.2111,1524
45.2139,1523
45.2167,1521
45.2194,1521
45.2222,1537
45.2250,1550
45.2278,1555
45.2306,1562
45.2333,1561
45.2361,1555
45.2389,1551
45.2417,1562
45.2444,1574
45.2472,1589
45.2500,1594
45.2528,1590
45.2556,1583
45.2583,1581
45.2611,1590
45.2639,1599
45.2667,1605
45.2694,1605
45.2722,1610
45.2750,1607
45.2778,1616
45.2806,1615
45.2833,1616
45.2861,1621
45.2889,1637
45.2917,1656
45.2944,1647
45.2972,1649
45.3000,1665
45.3028,1671
45.3056,1678
45.3083,1677
45.3111,1677
45.3139,1681
45.3167,1666
45.3194,1682
45.3222,1692
45.3250,1697
45.3278,1702
45.3306,1707
45.3333,1720
45.3361,1718
45.3389,1728
45.3417,1722
45.3444,1735
45.3472,1732
45.3500,1745
45.3528,1758
45.3556,1751
45.3583,1754
45.3611,1635
45.3639,1645
45.3667,1643
45.3694,1647
45.3722,1645
45.3750,1635
45.3778,1625
45.3806,1626
45.3833,1642
45.3861,1650
45.3889,1648
45.3917,1645
45.3944,1651
45.3972,1654
45.4000,1660
45.4028,1656
45.4056,1660
45.4083,1667
45.4111,1682
45.4139,1680
45.4167,1682
45.4194,1679
45.4222,1676
45.4250,1684
45.4278,1685
45.4306,1686
45.4333,1693
45.4361,1691
45.4389,1691
45.4417,1698
45.4444,1709
45.4472,1729
45.4500,1735
45.4528,1743
45.4556,1761
45.4583,1776
45.4611,1801
45.4639,1813
45.4667,1820
45.4694,1831
45.4722,1832
45.4750,1835
45.4778,1832
45.4806,1851
45.4833,1877
45.4861,1904
45.4889,1920
45.4917,1927
45.4944,1923
45.4972,1900
45.5000,1872
45.5028,1849
45.5056,1818
45.5083,1796
45.5111,1769
45.5139,1737
45.5167,1729
45.5194,1718
45.5222,1701
45.5250,1685
45.5278,1672
45.5306,1656
45.5333,1648
45.5361,1634
45.5389,1629
45.5417,1622
45.5444,1635
45.5472,1630
45.5500,1627
45.5528,1612
45.5556,1606
45.5583,1623
45.5611,1626
45.5639,1630
45.5667,1628
45.5694,1626
45.5722,1617
45.5750,1611
45.5778,1614
45.5806,1617
45.5833,1616
45.5861,1593
45.5889,1559
45.5917,1513
45.5944,1467
45.5972,1441
45.6000,1442
45.6028,1464
45.6056,1530
45.6083,1677
45.6111,1884
45.6139,2111
45.6167,2386
45.6194,2692
45.6222,2975
45.6250,3190
45.6278,3323
45.6306,3322
45.6333,3151
45.6361,2776
45.6389,2266
45.6417,1780
45.6444,1445
45.6472,1280
45.6500,1258
45.6528,1319
45.6556,1400
45.6583,1481
45.6611,1559
45.6639,1597
45.6667,1612
45.6694,1594
45.6722,1580
45.6750,1571
45.6778,1568
45.6806,1584
45.6833,1606
45.6861,1599
45.6889,1594
45.6917,1593
45.6944,1599
45.6972,1611
45.7000,1624
45.7028,1622
45.7056,1610
45.7083,1605
45.7111,1598
45.7139,1595
45.7167,1609
45.7194,1639
45.7222,1645
45.7250,1658
45.7278,1647
45.7306,1635
45.7333,1625
45.7361,1627
45.7389,1639
45.7417,1644
45.7444,1662
45.7472,1661
45.7500,1656
45.7528,1662
45.7556,1677
45.7583,1683
45.7611,1692
45.7639,1696
45.7667,1700
45.7694,1701
45.7722,1711
45.7750,1713
45.7778,1721
45.7806,1728
45.7833,1734
45.7861,1736
45.7889,1729
45.7917,1734
45.7944,1735
45.7972,1736
45.8000,1750
45.8028,1760
45.8056,1765
45.8083,1756
45.8111,1751
45.8139,1751
45.8167,1748
45.8194,1755
45.8222,1768
45.8250,1785
45.8278,1789
45.8306,1791
45.8333,1801
45.8361,1673
45.8389,1682
45.8417,1686
45.8444,1693
45.8472,1690
45.8500,1689
45.8528,1697
45.8556,1696
45.8583,1701
45.8611,1708
45.8639,1712
45.8667,1711
45.8694,1708
45.8722,1700
45.8750,1700
45.8778,1724
45.8806,1727
45.8833,1727
45.8861,1739
45.8889,1729
45.8917,1737
45.8944,1740
45.8972,1752
45.9000,1770
45.9028,1769
45.9056,1775
45.9083,1767
45.9111,1780
45.9139,1796
45.9167,1816
45.9194,1841
45.9222,1855
45.9250,1864
45.9278,1868
45.9306,1869
45.9333,1872
45.9361,1878
45.9389,1889
45.9417,1891
45.9444,1914
45.9472,1943
45.9500,1944
45.9528,1951
45.9556,1945
45.9583,1943
45.9611,1923
45.9639,1901
45.9667,1876
45.9694,1834
45.9722,1791
45.9750,1763
45.9778,1742
45.9806,1731
45.9833,1713
45.9861,1706
45.9889,1699
45.9917,1686
45.9944,1668
45.9972,1659
46.0000,1653
46.0028,1644
46.0056,1634
46.0083,1631
46.0111,1625
46.0139,1626
46.0167,1629
46.0194,1637
46.0222,1648
46.0250,1645
46.0278,1636
46.0306,1631
46.0333,1620
46.0361,1632
46.0389,1626
46.0417,1622
46.0444,1588
46.0472,1541
46.0500,1475
46.0528,1418
46.0556,1374
46.0583,1354
46.0611,1372
46.0639,1427
46.0667,1576
46.0694,1782
46.0722,2009
46.0750,2272
46.0778,2590
46.0806,2913
46.0833,3153
46.0861,3283
46.0889,3257
46.0917,3037
46.0944,2652
46.0972,2152
46.1000,1676
46.1028,1353
46.1056,1231
46.1083,1244
46.1111,1354
46.1139,1470
46.1167,1563
46.1194,1614
46.1222,1622
46.1250,1606
46.1278,1581
46.1306,1550
46.1333,1549
46.1361,1559
46.1389,1567
46.1417,1565
46.1444,1566
46.1472,1550
46.1500,1553
46.1528,1562
46.1556,1581
46.1583,1605
46.1611,1616
46.1639,1632
46.1667,1624
46.1694,1618
46.1722,1618
46.1750,1609
46.1778,1626
46.1806,1627
46.1833,1625
46.1861,1629
46.1889,1614
46.1917,1609
46.1944,1613
46.1972,1625
46.2000,1638
46.2028,1648
46.2056,1654
46.2083,1651
46.2111,1642
46.2139,1645
46.2167,1653
46.2194,1666
46.2222,1670
46.2250,1670
46.2278,1664
46.2306,1659
46.2333,1676
46.2361,1705
46.2389,1723
46.2417,1734
46.2444,1727
46.2472,1723
46.2500,1709
46.2528,1708
46.2556,1719
46.2583,1739
46.2611,1750
46.2639,1741
46.2667,1745
46.2694,1742
46.2722,1736
46.2750,1754
46.2778,1766
46.2806,1776
46.2833,1785
46.2861,1783
46.2889,1760
46.2917,1751
46.2944,1643
46.2972,1648
46.3000,1654
46.3028,1655
46.3056,1655
46.3083,1654
46.3111,1665
46.3139,1663
46.3167,1666
46.3194,1671
46.3222,1660
46.3250,1653
46.3278,1646
46.3306,1651
46.3333,1653
46.3361,1665
46.3389,1667
46.3417,1677
46.3444,1682
46.3472,1676
46.3500,1681
46.3528,1679
46.3556,1683
46.3583,1692
46.3611,1701
46.3639,1704
46.3667,1702
46.3694,1709
46.3722,1735
46.3750,1761
46.3778,1793
46.3806,1811
46.3833,1826
46.3861,1834
46.3889,1838
46.3917,1851
46.3944,1856
46.3972,1872
46.4000,1884
46.4028,1908
46.4056,1932
46.4083,1939
46.4111,1939
46.4139,1943
46.4167,1941
46.4194,1935
46.4222,1921
46.4250,1891
46.4278,1843
46.4306,1802
46.4333,1762
46.4361,1749
46.4389,1732
46.4417,1720
46.4444,1694
46.4472,1665
46.4500,1639
46.4528,1617
46.4556,1607
46.4583,1605
46.4611,1599
46.4639,1595
46.4667,1589
46.4694,1588
46.4722,1579
46.4750,1581
46.4778,1580
46.4806,1583
46.4833,1583
46.4861,1574
46.4889,1577
46.4917,1577
46.4944,1569
46.4972,1567
46.5000,1558
46.5028,1559
46.5056,1551
46.5083,1525
46.5111,1457
46.5139,1400
46.5167,1343
46.5194,1312
46.5222,1312
46.5250,1343
46.5278,1446
46.5306,1628
46.5333,1845
46.5361,2082
46.5389,2368
46.5417,2709
46.5444,2986
46.5472,3179
46.5500,3208
46.5528,3057
46.5556,2728
46.5583,2272
46.5611,1783
46.5639,1413
46.5667,1222
46.5694,1202
46.5722,1275
46.5750,1393
46.5778,1497
46.5806,1561
46.5833,1571
46.5861,1553
46.5889,1524
46.5917,1514
46.5944,1514
46.5972,1522
46.6000,1538
46.6028,1542
46.6056,1534
46.6083,1534
46.6111,1534
46.6139,1538
46.6167,1562
46.6194,1564
46.6222,1592
46.6250,1587
46.6278,1587
46.6306,1585
46.6333,1585
46.6361,1588
46.6389,1601
46.6417,1600
46.6444,1603
46.6472,1597
46.6500,1589
46.6528,1605
46.6556,1606
46.6583,1613
46.6611,1638
46.6639,1630
46.6667,1628
46.6694,1621
46.6722,1620
46.6750,1625
46.6778,1643
46.6806,1658
46.6833,1670
46.6861,1670
46.6889,1667
46.6917,1655
46.6944,1660
46.6972,1668
46.7000,1686
46.7028,1681
46.7056,1687
46.7083,1698
46.7111,1699
46.7139,1695
46.7167,1706
46.7194,1723
46.7222,1727
46.7250,1729
46.7278,1720
46.7306,1721
46.7333,1726
46.7361,1743
46.7389,1762
46.7417,1781
46.7444,1782
46.7472,1771
46.7500,1761
46.7528,1760
46.7556,1640
46.7583,1659
46.7611,1658
46.7639,1662
46.7667,1661
46.7694,1655
46.7722,1656
46.7750,1662
46.7778,1659
46.7806,1666
46.7833,1680
46.7861,1671
46.7889,1650
46.7917,1657
46.7944,1660
46.7972,1671
46.8000,1670
46.8028,1667
46.8056,1667
46.8083,1654
46.8111,1658
46.8139,1663
46.8167,1666
46.8194,1682
46.8222,1690
46.8250,1692
46.8278,1689
46.8306,1690
46.8333,1698
46.8361,1717
46.8389,1718
46.8417,1733
46.8444,1749
46.8472,1769
46.8500,1787
46.8528,1803
46.8556,1816
46.8583,1832
46.8611,1833
46.8639,1859
46.8667,1877
46.8694,1892
46.8722,1910
46.8750,1929
46.8778,1936
46.8806,1941
46.8833,1955
46.8861,1954
46.8889,1931
46.8917,1899
46.8944,1872
46.8972,1835
46.9000,1805
46.9028,1767
46.9056,1732
46.9083,1704
46.9111,1674
46.9139,1650
46.9167,1629
46.9194,1611
46.9222,1601
46.9250,1597
46.9278,1584
46.9306,1574
46.9333,1570
46.9361,1573
46.9389,1580
46.9417,1585
46.9444,1588
46.9472,1585
46.9500,1568
46.9528,1565
46.9556,1559
46.9583,1564
46.9611,1565
46.9639,1563
46.9667,1561
46.9694,1558
46.9722,1553
46.9750,1540
46.9778,1500
46.9806,1446
46.9833,1398
46.9861,1339
46.9889,1314
46.9917,1309
46.9944,1352
46.9972,1475
47.0000,1664
47.0028,1861
47.0056,2074
47.0083,2356
47.0111,2676
47.0139,2945
47.0167,3130
47.0194,3174
47.0222,3026
47.0250,2691
47.0278,2243
47.0306,1768
47.0333,1394
47.0361,1218
47.0389,1202
47.0417,1283
47.0444,1413
47.0472,1506
47.0500,1565
47.0528,1584
47.0556,1571
47.0583,1558
47.0611,1531
47.0639,1525
47.0667,1529
47.0694,1531
47.0722,1545
47.0750,1549
47.0778,1561
47.0806,1557
47.0833,1555
47.0861,1559
47.0889,1575
47.0917,1580
47.0944,1590
47.0972,1587
47.1000,1581
47.1028,1573
47.1056,1565
47.1083,1569
47.1111,1588
47.1139,1605
47.1167,1615
47.1194,1614
47.1222,1626
47.1250,1628
47.1278,1635
47.1306,1634
47.1333,1628
47.1361,1633
47.1389,1623
47.1417,1631
47.1444,1648
47.1472,1646
47.1500,1640
47.1528,1647
47.1556,1666
47.1583,1675
47.1611,1674
47.1639,1682
47.1667,1685
47.1694,1689
47.1722,1701
47.1750,1704
47.1778,1703
47.1806,1704
47.1833,1717
47.1861,1715
47.1889,1720
47.1917,1733
47.1944,1748
47.1972,1751
47.2000,1752
47.2028,1754
47.2056,1751
47.2083,1768
47.2111,1776
47.2139,1788
47.2167,1781
47.2194,1780
47.2222,1781
47.2250,1656
47.2278,1656
47.2306,1666
47.2333,1661
47.2361,1652
47.2389,1656
47.2417,1648
47.2444,1655
47.2472,1667
47.2500,1669
47.2528,1670
47.2556,1663
47.2583,1668
47.2611,1662
47.2639,1668
47.2667,1680
47.2694,1683
47.2722,1683
47.2750,1690
47.2778,1691
47.2806,1689
47.2833,1700
47.2861,1709
47.2889,1723
47.2917,1733
47.2944,1715
47.2972,1720
47.3000,1720
47.3028,1734
47.3056,1762
47.3083,1793
47.3111,1818
47.3139,1834
47.3167,1844
47.3194,1855
47.3222,1857
47.3250,1867
47.3278,1877
47.3306,1895
47.3333,1912
47.3361,1922
47.3389,1928
47.3417,1931
47.3444,1935
47.3472,1939
47.3500,1956
47.3528,1949
47.3556,1927
47.3583,1904
47.3611,1861
47.3639,1815
47.3667,1777
47.3694,1749
47.3722,1729
47.3750,1717
47.3778,1688
47.3806,1662
47.3833,1644
47.3861,1626
47.3889,1621
47.3917,1608
47.3944,1603
47.3972,1605
47.4000,1593
47.4028,1591
47.4056,1591
47.4083,1595
47.4111,1595
47.4139,1587
47.4167,1582
47.4194,1581
47.4222,1572
47.4250,1575
47.4278,1583
47.4306,1586
47.4333,1577
47.4361,1576
47.4389,1540
47.4417,1496
47.4444,1444
47.4472,1389
47.4500,1350
47.4528,1329
47.4556,1332
47.4583,1381
47.4611,1496
47.4639,1684
47.4667,1895
47.4694,2144
47.4722,2442
47.4750,2748
47.4778,3013
47.4806,3183
47.4833,3171
47.4861,2976
47.4889,2638
47.4917,2182
47.4944,1708
47.4972,1369
47.5000,1222
47.5028,1217
47.5056,1324
47.5083,1450
47.5111,1544
47.5139,1592
47.5167,1578
47.5194,1549
47.5222,1523
47.5250,1517
47.5278,1520
47.5306,1536
47.5333,1566
47.5361,1584
47.5389,1593
47.5417,1574
47.5444,1562
47.5472,1559
47.5500,1559
47.5528,1573
47.5556,1572
47.5583,1587
47.5611,1582
47.5639,1589
47.5667,1613
47.5694,1622
47.5722,1634
47.5750,1639
47.5778,1643
47.5806,1625
47.5833,1626
47.5861,1630
47.5889,1638
47.5917,1642
47.5944,1656
47.5972,1646
47.6000,1654
47.6028,1658
47.6056,1662
47.6083,1666
47.6111,1675
47.6139,1675
47.6167,1678
47.6194,1678
47.6222,1682
47.6250,1696
47.6278,1704
47.6306,1707
47.6333,1705
47.6361,1709
47.6389,1713
47.6417,1721
47.6444,1734
47.6472,1745
47.6500,1755
47.6528,1763
47.6556,1770
47.6583,1765
47.6611,1758
47.6639,1764
47.6667,1761
47.6694,1765
47.6722,1778
47.6750,1781
47.6778,1785
47.6806,1786
47.6833,1786
47.6861,1778
47.6889,1676
47.6917,1682
47.6944,1678
47.6972,1682
47.7000,1677
47.7028,1686
47.7056,1681
47.7083,1684
47.7111,1683
47.7139,1699
47.7167,1698
47.7194,1706
47.7222,1700
47.7250,1701
47.7278,1694
47.7306,1707
47.7333,1714
47.7361,1716
47.7389,1726
47.7417,1724
47.7444,1717
47.7472,1723
47.7500,1740
47.7528,1770
47.7556,1788
47.7583,1806
47.7611,1822
47.7639,1836
47.7667,1856
47.7694,1872
47.7722,1880
47.7750,1890
47.7778,1904
47.7806,1930
47.7833,1955
47.7861,1977
47.7889,1996
47.7917,1995
47.7944,1999
47.7972,2002
47.8000,2001
47.8028,1984
47.8056,1955
47.8083,1927
47.8111,1886
47.8139,1862
47.8167,1823
47.8194,1787
47.8222,1765
47.8250,1736
47.8278,1711
47.8306,1691
47.8333,1678
47.8361,1658
47.8389,1650
47.8417,1634
47.8444,1624
47.8472,1624
47.8500,1621
47.8528,1625
47.8556,1629
47.8583,1623
47.8611,1607
47.8639,1606
47.8667,1604
47.8694,1611
47.8722,1618
47.8750,1617
47.8778,1616
47.8806,1603
47.8833,1591
47.8861,1580
47.8889,1572
47.8917,1544
47.8944,1504
47.8972,1436
47.9000,1395
47.9028,1358
47.9056,1356
47.9083,1376
47.9111,1485
47.9139,1659
47.9167,1843
47.9194,2058
47.9222,2315
47.9250,2610
47.9278,2859
47.9306,3052
47.9333,3099
47.9361,2964
47.9389,2688
47.9417,2272
47.9444,1813
47.9472,1436
47.9500,1247
47.9528,1223
47.9556,1296
47.9583,1396
47.9611,1514
47.9639,1584
47.9667,1606
47.9694,1595
47.9722,1570
47.9750,1545
47.9778,1536
47.9806,1546
47.9833,1559
47.9861,1556
47.9889,1566
47.9917,1565
47.9944,1564
47.9972,1567
48.0000,1573
48.0028,1577
48.0056,1592
48.0083,1588
48.0111,1590
48.0139,1602
48.0167,1610
48.0194,1608
48.0222,1622
48.0250,1642
48.0278,1632
48.0306,1625
48.0333,1633
48.0361,1617
48.0389,1616
48.0417,1626
48.0444,1640
48.0472,1640
48.0500,1655
48.0528,1656
48.0556,1650
48.0583,1654
48.0611,1655
48.0639,1662
48.0667,1664
48.0694,1661
48.0722,1641
48.0750,1647
48.0778,1657
48.0806,1663
48.0833,1676
48.0861,1697
48.0889,1701
48.0917,1690
48.0944,1697
48.0972,1692
48.1000,1702
48.1028,1712
48.1056,1710
48.1083,1721
48.1111,1724
48.1139,1726
48.1167,1723
48.1194,1730
48.1222,1733
48.1250,1739
48.1278,1745
48.1306,1756
48.1333,1752
48.1361,1748
48.1389,1625
48.1417,1632
48.1444,1626
48.1472,1633
48.1500,1639
48.1528,1637
48.1556,1636
48.1583,1640
48.1611,1637
48.1639,1642
48.1667,1653
48.1694,1653
48.1722,1649
48.1750,1643
48.1778,1657
48.1806,1660
48.1833,1669
48.1861,1672
48.1889,1682
48.1917,1684
48.1944,1687
48.1972,1686
48.2000,1691
48.2028,1693
48.2056,1694
48.2083,1708
48.2111,1729
48.2139,1757
48.2167,1775
48.2194,1799
48.2222,1815
48.2250,1820
48.2278,1834
48.2306,1833
48.2333,1843
48.2361,1868
48.2389,1894
48.2417,1925
48.2444,1937
48.2472,1947
48.2500,1942
48.2528,1932
48.2556,1922
48.2583,1901
48.2611,1865
48.2639,1836
48.2667,1816
48.2694,1782
48.2722,1757
48.2750,1736
48.2778,1716
48.2806,1695
48.2833,1656
48.2861,1620
48.2889,1593
48.2917,1578
48.2944,1585
48.2972,1586
48.3000,1594
48.3028,1585
48.3056,1591
48.3083,1591
48.3111,1585
48.3139,1578
48.3167,1575
48.3194,1573
48.3222,1584
48.3250,1585
48.3278,1588
48.3306,1577
48.3333,1573
48.3361,1559
48.3389,1558
48.3417,1561
48.3444,1549
48.3472,1516
48.3500,1459
48.3528,1399
48.3556,1364
48.3583,1354
48.3611,1380
48.3639,1443
48.3667,1588
48.3694,1765
48.3722,1954
48.3750,2166
48.3778,2446
48.3806,2720
48.3833,2935
48.3861,3075
48.3889,3080
48.3917,2887
48.3944,2527
48.3972,2072
48.4000,1626
48.4028,1322
48.4056,1196
48.4083,1215
48.4111,1294
48.4139,1415
48.4167,1515
48.4194,1582
48.4222,1600
48.4250,1588
48.4278,1559
48.4306,1538
48.4333,1529
48.4361,1531
48.4389,1552
48.4417,1555
48.4444,1561
48.4472,1548
48.4500,1533
48.4528,1547
48.4556,1552
48.4583,1558
48.4611,1576
48.4639,1596
48.4667,1580
48.4694,1571
48.4722,1567
48.4750,1580
48.4778,1580
48.4806,1592
48.4833,1610
48.4861,1613
48.4889,1613
48.4917,1625
48.4944,1610
48.4972,1619
48.5000,1621
48.5028,1631
48.5056,1626
48.5083,1621
48.5111,1626
48.5139,1631
48.5167,1644
48.5194,1658
48.5222,1667
48.5250,1665
48.5278,1671
48.5306,1674
48.5333,1664
48.5361,1674
48.5389,1680
48.5417,1694
48.5444,1694
48.5472,1687
48.5500,1698
48.5528,1710
48.5556,1721
48.5583,1723
48.5611,1726
48.5639,1726
48.5667,1720
48.5694,1719
48.5722,1730
48.5750,1730
48.5778,1740
48.5806,1753
48.5833,1775
48.5861,1767
48.5889,1773
48.5917,1772
48.5944,1694
48.5972,1702
48.6000,1707
48.6028,1720
48.6056,1724
48.6083,1714
48.6111,1704
48.6139,1710
48.6167,1709
48.6194,1714
48.6222,1719
48.6250,1714
48.6278,1720
48.6306,1731
48.6333,1745
48.6361,1762
48.6389,1780
48.6417,1782
48.6444,1774
48.6472,1769
48.6500,1765
48.6528,1774
48.6556,1786
48.6583,1812
48.6611,1846
48.6639,1859
48.6667,1869
48.6694,1872
48.6722,1882
48.6750,1899
48.6778,1903
48.6806,1925
48.6833,1939
48.6861,1958
48.6889,1962
48.6917,1979
48.6944,1991
48.6972,2010
48.7000,2019
48.7028,2011
48.7056,1984
48.7083,1952
48.7111,1921
48.7139,1886
48.7167,1857
48.7194,1826
48.7222,1809
48.7250,1795
48.7278,1778
48.7306,1746
48.7333,1714
48.7361,1697
48.7389,1690
48.7417,1693
48.7444,1685
48.7472,1692
48.7500,1691
48.7528,1692
48.7556,1689
48.7583,1687
48.7611,1668
48.7639,1657
48.7667,1649
48.7694,1648
48.7722,1658
48.7750,1672
48.7778,1678
48.7806,1678
48.7833,1679
48.7861,1672
48.7889,1662
48.7917,1644
48.7944,1611
48.7972,1567
48.8000,1511
48.8028,1470
48.8056,1451
48.8083,1443
48.8111,1490
48.8139,1592
48.8167,1762
48.8194,1958
48.8222,2176
48.8250,2452
48.8278,2756
48.8306,3021
48.8333,3190
48.8361,3261
48.8389,3138
48.8417,2852
48.8444,2411
48.8472,1925
48.8500,1533
48.8528,1324
48.8556,1277
48.8583,1343
48.8611,1455
48.8639,1563
48.8667,1641
48.8694,1666
48.8722,1651
48.8750,1631
48.8778,1617
48.8806,1612
48.8833,1615
48.8861,1622
48.8889,1638
48.8917,1637
48.8944,1651
48.8972,1652
48.9000,1642
48.9028,1653
48.9056,1653
48.9083,1654
48.9111,1650
48.9139,1649
48.9167,1653
48.9194,1664
48.9222,1670
48.9250,1682
48.9278,1695
48.9306,1710
48.9333,1708
48.9361,1699
48.9389,1687
48.9417,1690
48.9444,1689
48.9472,1705
48.9500,1709
48.9528,1700
48.9556,1711
48.9583,1717
48.9611,1719
48.9639,1722
48.9667,1735
48.9694,1735
48.9722,1740
48.9750,1730
48.9778,1728
48.9806,1726
48.9833,1739
48.9861,1743
48.9889,1748
48.9917,1741
48.9944,1751
48.9972,1750
49.0000,1754
49.0028,1752
49.0056,1766
49.0083,1788
49.0111,1798
49.0139,1797
49.0167,1787
49.0194,1787
49.0222,1774
49.0250,1783
49.0278,1789
49.0306,1784
49.0333,1786
49.0361,1807
49.0389,1802
49.0417,1738
49.0444,1728
49.0472,1740
49.0500,1740
49.0528,1732
49.0556,1742
49.0583,1735
49.0611,1735
49.0639,1745
49.0667,1748
49.0694,1753
49.0722,1749
49.0750,1751
49.0778,1741
49.0806,1739
49.0833,1744
49.0861,1758
49.0889,1775
49.0917,1787
49.0944,1790
49.0972,1792
49.1000,1782
49.1028,1793
49.1056,1805
49.1083,1819
49.1111,1837
49.1139,1844
49.1167,1862
49.1194,1878
49.1222,1897
49.1250,1900
49.1278,1915
49.1306,1917
49.1333,1932
49.1361,1957
49.1389,1970
49.1417,1998
49.1444,2010
49.1472,2012
49.1500,2009
49.1528,2003
49.1556,2006
49.1583,2002
49.1611,1983
49.1639,1951
49.1667,1917
49.1694,1859
49.1722,1830
49.1750,1789
49.1778,1777
49.1806,1750
49.1833,1721
49.1861,1703
49.1889,1687
49.1917,1669
49.1944,1654
49.1972,1640
49.2000,1638
49.2028,1639
49.2056,1637
49.2083,1638
49.2111,1648
49.2139,1642
49.2167,1635
49.2194,1622
49.2222,1611
49.2250,1620
49.2278,1616
49.2306,1620
49.2333,1623
49.2361,1610
49.2389,1598
49.2417,1606
49.2444,1583
49.2472,1543
49.2500,1473
49.2528,1390
49.2556,1325
49.2583,1311
49.2611,1326
49.2639,1371
49.2667,1495
49.2694,1676
49.2722,1876
49.2750,2093
49.2778,2355
49.2806,2670
49.2833,2943
49.2861,3109
49.2889,3141
49.2917,2995
49.2944,2688
49.2972,2257
49.3000,1798
49.3028,1432
49.3056,1246
49.3083,1228
49.3111,1307
49.3139,1429
49.3167,1516
49.3194,1584
49.3222,1593
49.3250,1589
49.3278,1565
49.3306,1543
49.3333,1536
49.3361,1527
49.3389,1541
49.3417,1556
49.3444,1569
49.3472,1564
49.3500,1566
49.3528,1552
49.3556,1555
49.3583,1556
49.3611,1573
49.3639,1573
49.3667,1582
49.3694,1583
49.3722,1587
49.3750,1589
49.3778,1599
49.3806,1613
49.3833,1601
49.3861,1594
49.3889,1589
49.3917,1592
49.3944,1592
49.3972,1615
49.4000,1622
49.4028,1638
49.4056,1630
49.4083,1626
49.4111,1610
49.4139,1617
49.4167,1624
49.4194,1647
49.4222,1658
49.4250,1650
49.4278,1658
49.4306,1651
49.4333,1656
49.4361,1651
49.4389,1652
49.4417,1654
49.4444,1667
49.4472,1662
49.4500,1673
49.4528,1669
49.4556,1676
49.4583,1685
49.4611,1682
49.4639,1687
49.4667,1682
49.4694,1673
49.4722,1684
49.4750,1681
49.4778,1691
49.4806,1697
49.4833,1713
49.4861,1711
49.4889,1704
49.4917,1706
49.4944,1631
49.4972,1633
49.5000,1643
49.5028,1645
49.5056,1642
49.5083,1644
49.5111,1639
49.5139,1650
49.5167,1648
49.5194,1662
49.5222,1657
49.5250,1668
49.5278,1665
49.5306,1671
49.5333,1671
49.5361,1679
49.5389,1695
49.5417,1703
49.5444,1705
49.5472,1704
49.5500,1706
49.5528,1704
49.5556,1710
49.5583,1728
49.5611,1760
49.5639,1797
49.5667,1822
49.5694,1827
49.5722,1845
49.5750,1855
49.5778,1870
49.5806,1891
49.5833,1904
49.5861,1905
49.5889,1922
49.5917,1935
49.5944,1941
49.5972,1948
49.6000,1957
49.6028,1952
49.6056,1946
49.6083,1923
49.6111,1884
49.6139,1844
49.6167,1814
49.6194,1785
49.6222,1757
49.6250,1726
49.6278,1706
49.6306,1685
49.6333,1658
49.6361,1636
49.6389,1622
49.6417,1604
49.6444,1596
49.6472,1587
49.6500,1597
49.6528,1605
49.6556,1609
49.6583,1606
49.6611,1601
49.6639,1599
49.6667,1590
49.6694,1589
49.6722,1597
49.6750,1593
49.6778,1595
49.6806,1588
49.6833,1576
49.6861,1562
49.6889,1552
49.6917,1539
49.6944,1516
49.6972,1473
49.7000,1415
49.7028,1354
49.7056,1321
49.7083,1310
49.7111,1337
49.7139,1428
49.7167,1594
49.7194,1794
49.7222,1999
49.7250,2243
49.7278,2551
49.7306,2824
49.7333,3024
49.7361,3104
49.7389,3002
49.7417,2748
49.7444,2338
49.7472,1862
49.7500,1454
49.7528,1236
49.7556,1193
49.7583,1256
49.7611,1387
49.7639,1496
49.7667,1579
49.7694,1605
49.7722,1594
49.7750,1569
49.7778,1545
49.7806,1532
49.7833,1536
49.7861,1550
49.7889,1561
49.7917,1556
49.7944,1560
49.7972,1563
49.8000,1554
49.8028,1568
49.8056,1579
49.8083,1589
49.8111,1600
49.8139,1601
49.8167,1587
49.8194,1585
49.8222,1582
49.8250,1592
49.8278,1612
49.8306,1610
49.8333,1611
49.8361,1605
49.8389,1609
49.8417,1607
49.8444,1621
49.8472,1636
49.8500,1634
49.8528,1650
49.8556,1624
49.8583,1618
49.8611,1626
49.8639,1637
49.8667,1656
49.8694,1653
49.8722,1655
49.8750,1653
49.8778,1656
49.8806,1656
49.8833,1660
49.8861,1664
49.8889,1657
49.8917,1672
49.8944,1668
49.8972,1664
49.9000,1663
49.9028,1665
49.9056,1679
49.9083,1685
49.9111,1693
49.9139,1683
49.9167,1680
49.9194,1672
49.9222,1665
49.9250,1676
49.9278,1705
49.9306,1716
49.9333,1710
49.9361,1720
49.9389,1723
49.9417,1654
49.9444,1650
49.9472,1652
49.9500,1652
49.9528,1654
49.9556,1666
49.9583,1683
49.9611,1697
49.9639,1694
49.9667,1700
49.9694,1688
49.9722,1695
49.9750,1695
49.9778,1697
49.9806,1693
49.9833,1704
49.9861,1712
49.9889,1725
49.9917,1725
49.9944,1740
49.9972,1746
50.0000,1764
50.0028,1790
50.0056,1815
50.0083,1836
50.0111,1846
50.0139,1845
50.0167,1858
50.0194,1866
50.0222,1876
50.0250,1898
50.0278,1925
50.0306,1943
50.0333,1949
50.0361,1964
50.0389,1977
50.0417,1991
50.0444,1978
50.0472,1947
50.0500,1912
50.0528,1874
50.0556,1842
50.0583,1805
50.0611,1768
50.0639,1749
50.0667,1728
50.0694,1699
50.0722,1673
50.0750,1655
50.0778,1644
50.0806,1628
50.0833,1636
50.0861,1638
50.0889,1636
50.0917,1633
50.0944,1620
50.0972,1617
50.1000,1608
50.1028,1605
50.1056,1615
50.1083,1617
50.1111,1614
50.1139,1624
50.1167,1618
50.1194,1608
50.1222,1594
50.1250,1591
50.1278,1586
50.1306,1574
50.1333,1560
50.1361,1517
50.1389,1449
50.1417,1394
50.1444,1359
50.1472,1350
50.1500,1384
50.1528,1467
50.1556,1623
50.1583,1795
50.1611,2012
50.1639,2276
50.1667,2590
50.1694,2880
50.1722,3089
50.1750,3194
50.1778,3125
50.1806,2859
50.1833,2434
50.1861,1945
50.1889,1529
50.1917,1295
50.1944,1238
50.1972,1284
50.2000,1388
50.2028,1494
50.2056,1570
50.2083,1606
50.2111,1606
50.2139,1589
50.2167,1567
50.2194,1558
50.2222,1565
50.2250,1573
50.2278,1587
50.2306,1586
50.2333,1577
50.2361,1567
50.2389,1567
50.2417,1570
50.2444,1590
50.2472,1592
50.2500,1596
50.2528,1594
50.2556,1590
50.2583,1588
50.2611,1593
50.2639,1616
50.2667,1623
50.2694,1633
50.2722,1626
50.2750,1630
50.2778,1639
50.2806,1633
50.2833,1649
50.2861,1657
50.2889,1671
50.2917,1668
50.2944,1672
50.2972,1675
50.3000,1671
50.3028,1668
50.3056,1672
50.3083,1678
50.3111,1683
50.3139,1680
50.3167,1680
50.3194,1665
50.3222,1680
50.3250,1686
50.3278,1709
50.3306,1719
50.3333,1720
50.3361,1713
50.3389,1710
50.3417,1713
50.3444,1721
50.3472,1726
50.3500,1724
50.3528,1719
50.3556,1715
50.3583,1711
50.3611,1736
50.3639,1744
50.3667,1740
50.3694,1749
50.3722,1742
50.3750,1749
50.3778,1746
50.3806,1750
50.3833,1702
50.3861,1711
50.3889,1722
50.3917,1720
50.3944,1720
50.3972,1707
50.4000,1721
50.4028,1730
50.4056,1730
50.4083,1747
50.4111,1745
50.4139,1753
50.4167,1770
50.4194,1795
50.4222,1814
50.4250,1837
50.4278,1862
50.4306,1863
50.4333,1866
50.4361,1857
50.4389,1873
50.4417,1887
50.4444,1920
50.4472,1940
50.4500,1954
50.4528,1947
50.4556,1951
50.4583,1964
50.4611,1960
50.4639,1950
50.4667,1941
50.4694,1933
50.4722,1890
50.4750,1861
50.4778,1834
50.4806,1800
50.4833,1771
50.4861,1751
50.4889,1723
50.4917,1704
50.4944,1675
50.4972,1673
50.5000,1662
50.5028,1643
50.5056,1654
50.5083,1657
50.5111,1667
50.5139,1659
50.5167,1654
50.5194,1652
50.5222,1638
50.5250,1631
50.5278,1629
50.5306,1631
50.5333,1635
50.5361,1626
50.5389,1631
50.5417,1623
50.5444,1622
50.5472,1614
50.5500,1604
50.5528,1580
50.5556,1534
50.5583,1456
50.5611,1411
50.5639,1381
50.5667,1376
50.5694,1394
50.5722,1483
50.5750,1639
50.5778,1837
50.5806,2072
50.5833,2359
50.5861,2675
50.5889,2942
50.5917,3127
50.5944,3205
50.5972,3121
50.6000,2863
50.6028,2412
50.6056,1923
50.6083,1522
50.6111,1300
50.6139,1246
50.6167,1299
50.6194,1387
50.6222,1474
50.6250,1552
50.6278,1600
50.6306,1617
50.6333,1596
50.6361,1586
50.6389,1564
50.6417,1564
50.6444,1573
50.6472,1591
50.6500,1591
50.6528,1586
50.6556,1576
50.6583,1567
50.6611,1568
50.6639,1597
50.6667,1607
50.6694,1614
50.6722,1608
50.6750,1626
50.6778,1621
50.6806,1622
50.6833,1636
50.6861,1633
50.6889,1632
50.6917,1634
50.6944,1625
50.6972,1610
50.7000,1602
50.7028,1629
50.7056,1653
50.7083,1671
50.7111,1674
50.7139,1667
50.7167,1663
50.7194,1664
50.7222,1657
50.7250,1661
50.7278,1667
50.7306,1672
50.7333,1665
50.7361,1663
50.7389,1674
50.7417,1689
50.7444,1696
50.7472,1691
50.7500,1682
50.7528,1673
50.7556,1672
50.7583,1667
50.7611,1660
50.7639,1672
50.7667,1676
50.7694,1687
50.7722,1687
50.7750,1675
50.7778,1678
50.7806,1682
50.7833,1692
50.7861,1711
50.7889,1718
50.7917,1730
50.7944,1733
50.7972,1750
50.8000,1745
50.8028,1747
50.8056,1739
50.8083,1749
50.8111,1756
50.8139,1754
50.8167,1747
50.8194,1740
50.8222,1745
50.8250,1748
50.8278,1756
50.8306,1741
50.8333,1734
50.8361,1711
50.8389,1700
50.8417,1707
50.8444,1711
50.8472,1711
50.8500,1711
50.8528,1702
50.8556,1689
50.8583,1690
50.8611,1685
50.8639,1696
50.8667,1705
50.8694,1700
50.8722,1705
50.8750,1701
50.8778,1694
50.8806,1708
50.8833,1733
50.8861,1746
50.8889,1749
50.8917,1765
50.8944,1779
50.8972,1791
50.9000,1796
50.9028,1821
50.9056,1838
50.9083,1863
50.9111,1873
50.9139,1874
50.9167,1882
50.9194,1899
50.9222,1922
50.9250,1955
50.9278,1988
50.9306,1992
50.9333,1978
50.9361,1946
50.9389,1929
50.9417,1911
50.9444,1895
50.9472,1870
50.9500,1835
50.9528,1804
50.9556,1773
50.9583,1752
50.9611,1728
50.9639,1711
50.9667,1688
50.9694,1670
50.9722,1677
50.9750,1662
50.9778,1655
50.9806,1648
50.9833,1645
50.9861,1640
50.9889,1638
50.9917,1649
50.9944,1642
50.9972,1638
51.0000,1631
51.0028,1644
51.0056,1650
51.0083,1654
51.0111,1648
51.0139,1648
51.0167,1636
51.0194,1615
51.0222,1601
51.0250,1587
51.0278,1548
51.0306,1478
51.0333,1414
51.0361,1359
51.0389,1340
51.0417,1342
51.0444,1420
51.0472,1580
51.0500,1774
51.0528,1998
51.0556,2247
51.0583,2550
51.0611,2858
51.0639,3104
51.0667,3253
51.0694,3237
51.0722,3009
51.0750,2604
51.0778,2096
51.0806,1651
51.0833,1339
51.0861,1233
51.0889,1264
51.0917,1364
51.0944,1473
51.0972,1566
51.1000,1612
51.1028,1622
51.1056,1606
51.1083,1580
51.1111,1564
51.1139,1555
51.1167,1567
51.1194,1581
51.1222,1593
51.1250,1594
51.1278,1595
51.1306,1588
51.1333,1581
51.1361,1582
51.1389,1593
51.1417,1603
51.1444,1614
51.1472,1614
51.1500,1626
51.1528,1625
51.1556,1637
51.1583,1640
51.1611,1646
51.1639,1652
51.1667,1646
51.1694,1639
51.1722,1633
51.1750,1636
51.1778,1647
51.1806,1660
51.1833,1659
51.1861,1651
51.1889,1648
51.1917,1652
51.1944,1656
51.1972,1657
51.2000,1671
51.2028,1677
51.2056,1679
51.2083,1666
51.2111,1665
51.2139,1676
51.2167,1684
51.2194,1692
51.2222,1688
51.2250,1686
51.2278,1681
51.2306,1684
51.2333,1680
51.2361,1692
51.2389,1698
51.2417,1707
51.2444,1699
51.2472,1697
51.2500,1682
51.2528,1684
51.2556,1694
51.2583,1703
51.2611,1721
51.2639,1727
51.2667,1724
51.2694,1726
51.2722,1728
51.2750,1670
51.2778,1678
51.2806,1682
51.2833,1685
51.2861,1686
51.2889,1682
51.2917,1681
51.2944,1696
51.2972,1708
51.3000,1717
51.3028,1727
51.3056,1741
51.3083,1761
51.3111,1777
51.3139,1800
51.3167,1818
51.3194,1834
51.3222,1847
51.3250,1853
51.3278,1869
51.3306,1891
51.3333,1913
51.3361,1941
51.3389,1976
51.3417,1981
51.3444,1975
51.3472,1968
51.3500,1971
51.3528,1963
51.3556,1947
51.3583,1925
51.3611,1906
51.3639,1880
51.3667,1833
51.3694,1804
51.3722,1770
51.3750,1748
51.3778,1738
51.3806,1709
51.3833,1685
51.3861,1664
51.3889,1652
51.3917,1639
51.3944,1642
51.3972,1641
51.4000,1648
51.4028,1642
51.4056,1628
51.4083,1617
51.4111,1605
51.4139,1617
51.4167,1619
51.4194,1624
51.4222,1630
51.4250,1642
51.4278,1628
51.4306,1619
51.4333,1617
51.4361,1608
51.4389,1586
51.4417,1550
51.4444,1493
51.4472,1424
51.4500,1362
51.4528,1314
51.4556,1305
51.4583,1328
51.4611,1427
51.4639,1603
51.4667,1825
51.4694,2043
51.4722,2309
51.4750,2611
51.4778,2897
51.4806,3115
51.4833,3190
51.4861,3062
51.4889,2780
51.4917,2340
51.4944,1849
51.4972,1464
51.5000,1257
51.5028,1220
51.5056,1298
51.5083,1405
51.5111,1503
51.5139,1572
51.5167,1595
51.5194,1577
51.5222,1549
51.5250,1522
51.5278,1516
51.5306,1523
51.5333,1538
51.5361,1555
51.5389,1554
51.5417,1547
51.5444,1539
51.5472,1546
51.5500,1554
51.5528,1564
51.5556,1578
51.5583,1584
51.5611,1582
51.5639,1574
51.5667,1567
51.5694,1581
51.5722,1588
51.5750,1595
51.5778,1612
51.5806,1607
51.5833,1607
51.5861,1605
51.5889,1616
51.5917,1619
51.5944,1628
51.5972,1618
51.6000,1612
51.6028,1611
51.6056,1610
51.6083,1618
51.6111,1632
51.6139,1641
51.6167,1654
51.6194,1646
51.6222,1650
51.6250,1642
51.6278,1639
51.6306,1642
51.6333,1646
51.6361,1647
51.6389,1662
51.6417,1667
51.6444,1664
51.6472,1660
51.6500,1659
51.6528,1667
51.6556,1671
51.6583,1673
51.6611,1679
51.6639,1677
51.6667,1673
51.6694,1676
51.6722,1679
51.6750,1695
51.6778,1701
51.6806,1712
51.6833,1701
51.6861,1692
51.6889,1700
51.6917,1696
51.6944,1710
51.6972,1717
51.7000,1721
51.7028,1720
51.7056,1710
51.7083,1703
51.7111,1684
51.7139,1685
51.7167,1678
51.7194,1677
51.7222,1673
51.7250,1664
51.7278,1647
51.7306,1655
51.7333,1663
51.7361,1675
51.7389,1668
51.7417,1659
51.7444,1646
51.7472,1641
51.7500,1646
51.7528,1650
51.7556,1654
51.7583,1657
51.7611,1662
51.7639,1661
51.7667,1684
51.7694,1687
51.7722,1703
51.7750,1720
51.7778,1745
51.7806,1767
51.7833,1793
51.7861,1805
51.7889,1812
51.7917,1822
51.7944,1833
51.7972,1854
51.8000,1883
51.8028,1893
51.8056,1911
51.8083,1928
51.8111,1929
51.8139,1956
51.8167,1963
51.8194,1961
51.8222,1956
51.8250,1934
51.8278,1892
51.8306,1869
51.8333,1840
51.8361,1818
51.8389,1778
51.8417,1738
51.8444,1706
51.8472,1670
51.8500,1645
51.8528,1633
51.8556,1624
51.8583,1620
51.8611,1622
51.8639,1616
51.8667,1606
51.8694,1599
51.8722,1596
51.8750,1593
51.8778,1606
51.8806,1600
51.8833,1605
51.8861,1591
51.8889,1600
51.8917,1589
51.8944,1600
51.8972,1591
51.9000,1567
51.9028,1556
51.9056,1540
51.9083,1534
51.9111,1492
51.9139,1438
51.9167,1384
51.9194,1324
51.9222,1303
51.9250,1304
51.9278,1355
51.9306,1496
51.9333,1684
51.9361,1872
51.9389,2088
51.9417,2386
51.9444,2696
51.9472,2958
51.9500,3093
51.9528,3061
51.9556,2849
51.9583,2478
51.9611,2000
51.9639,1567
51.9667,1273
51.9694,1187
51.9722,1234
51.9750,1341
51.9778,1462
51.9806,1535
51.9833,1565
51.9861,1560
51.9889,1547
51.9917,1525
51.9944,1509
51.9972,1508
52.0000,1521
52.0028,1529
52.0056,1528
52.0083,1524
52.0111,1509
52.0139,1507
52.0167,1512
52.0194,1515
52.0222,1541
52.0250,1552
52.0278,1550
52.0306,1547
52.0333,1542
52.0361,1546
52.0389,1552
52.0417,1561
52.0444,1578
52.0472,1590
52.0500,1600
52.0528,1609
52.0556,1606
52.0583,1615
52.0611,1619
52.0639,1622
52.0667,1604
52.0694,1589
52.0722,1584
52.0750,1594
52.0778,1614
52.0806,1620
52.0833,1623
52.0861,1614
52.0889,1614
52.0917,1622
52.0944,1638
52.0972,1627
52.1000,1628
52.1028,1643
52.1056,1650
52.1083,1642
52.1111,1634
52.1139,1631
52.1167,1640
52.1194,1648
52.1222,1663
52.1250,1663
52.1278,1668
52.1306,1657
52.1333,1658
52.1361,1654
52.1389,1668
52.1417,1679
52.1444,1692
52.1472,1698
52.1500,1717
52.1528,1715
52.1556,1716
52.1583,1660
52.1611,1676
52.1639,1666
52.1667,1660
52.1694,1648
52.1722,1636
52.1750,1643
52.1778,1651
52.1806,1665
52.1833,1670
52.1861,1669
52.1889,1668
52.1917,1667
52.1944,1671
52.1972,1688
52.2000,1707
52.2028,1712
52.2056,1726
52.2083,1721
52.2111,1707
52.2139,1708
52.2167,1708
52.2194,1696
52.2222,1710
52.2250,1705
52.2278,1715
52.2306,1718
52.2333,1715
52.2361,1725
52.2389,1758
52.2417,1786
52.2444,1808
52.2472,1826
52.2500,1830
52.2528,1851
52.2556,1869
52.2583,1879
52.2611,1895
52.2639,1910
52.2667,1918
52.2694,1919
52.2722,1930
52.2750,1932
52.2778,1943
52.2806,1955
52.2833,1955
52.2861,1935
52.2889,1911
52.2917,1871
52.2944,1834
52.2972,1797
52.3000,1769
52.3028,1743
52.3056,1724
52.3083,1688
52.3111,1657
52.3139,1628
52.3167,1616
52.3194,1609
52.3222,1614
52.3250,1618
52.3278,1621
52.3306,1618
52.3333,1622
52.3361,1614
52.3389,1613
52.3417,1614
52.3444,1607
52.3472,1604
52.3500,1599
52.3528,1597
52.3556,1602
52.3583,1602
52.3611,1602
52.3639,1589
52.3667,1588
52.3694,1560
52.3722,1501
52.3750,1432
52.3778,1363
52.3806,1344
52.3833,1334
52.3861,1365
52.3889,1455
52.3917,1628
52.3944,1832
52.3972,2052
52.4000,2312
52.4028,2622
52.4056,2899
52.4083,3094
52.4111,3154
52.4139,3024
52.4167,2745
52.4194,2339
52.4222,1879
52.4250,1492
52.4278,1269
52.4306,1218
52.4333,1287
52.4361,1399
52.4389,1511
52.4417,1579
52.4444,1596
52.4472,1569
52.4500,1549
52.4528,1521
52.4556,1511
52.4583,1526
52.4611,1532
52.4639,1546
52.4667,1549
52.4694,1553
52.4722,1554
52.4750,1550
52.4778,1562
52.4806,1578
52.4833,1587
52.4861,1590
52.4889,1595
52.4917,1590
52.4944,1586
52.4972,1590
52.5000,1597
52.5028,1615
52.5056,1616
52.5083,1615
52.5111,1616
52.5139,1616
52.5167,1632
52.5194,1629
52.5222,1634
52.5250,1640
52.5278,1630
52.5306,1638
52.5333,1632
52.5361,1632
52.5389,1643
52.5417,1669
52.5444,1679
52.5472,1674
52.5500,1672
52.5528,1652
52.5556,1652
52.5583,1668
52.5611,1683
52.5639,1696
52.5667,1710
52.5694,1710
52.5722,1704
52.5750,1711
52.5778,1706
52.5806,1719
52.5833,1736
52.5861,1723
52.5889,1713
52.5917,1711
52.5944,1719
52.5972,1743
52.6000,1757
52.6028,1759
52.6056,1756
52.6083,1748
52.6111,1737
52.6139,1740
52.6167,1660
52.6194,1673
52.6222,1678
52.6250,1675
52.6278,1669
52.6306,1673
52.6333,1670
52.6361,1665
52.6389,1668
52.6417,1676
52.6444,1675
52.6472,1685
52.6500,1675
52.6528,1673
52.6556,1677
52.6583,1692
52.6611,1697
52.6639,1700
52.6667,1701
52.6694,1702
52.6722,1705
52.6750,1703
52.6778,1710
52.6806,1717
52.6833,1731
52.6861,1727
52.6889,1718
52.6917,1714
52.6944,1715
52.6972,1723
52.7000,1731
52.7028,1736
52.7056,1730
52.7083,1739
52.7111,1735
52.7139,1741
52.7167,1727
52.7194,1718
52.7222,1718
52.7250,1722
52.7278,1725
52.7306,1724
52.7333,1722
52.7361,1716
52.7389,1709
52.7417,1703
52.7444,1700
52.7472,1695
52.7500,1706
52.7528,1700
52.7556,1702
52.7583,1693
52.7611,1697
52.7639,1703
52.7667,1700
52.7694,1680
52.7722,1692
52.7750,1687
52.7778,1692
52.7806,1706
52.7833,1713
52.7861,1712
52.7889,1695
52.7917,1685
52.7944,1684
52.7972,1692
52.8000,1694
52.8028,1701
52.8056,1715
52.8083,1731
52.8111,1745
52.8139,1768
52.8167,1799
52.8194,1829
52.8222,1836
52.8250,1847
52.8278,1842
52.8306,1850
52.8333,1854
52.8361,1876
52.8389,1895
52.8417,1914
52.8444,1935
52.8472,1941
52.8500,1940
52.8528,1926
52.8556,1903
52.8583,1863
52.8611,1817
52.8639,1764
52.8667,1726
52.8694,1717
52.8722,1715
52.8750,1719
52.8778,1699
52.8806,1678
52.8833,1662
52.8861,1650
52.8889,1648
52.8917,1641
52.8944,1640
52.8972,1635
52.9000,1625
52.9028,1627
52.9056,1626
52.9083,1628
52.9111,1639
52.9139,1629
52.9167,1626
52.9194,1620
52.9222,1633
52.9250,1644
52.9278,1647
52.9306,1643
52.9333,1627
52.9361,1597
52.9389,1557
52.9417,1511
52.9444,1485
52.9472,1479
52.9500,1491
52.9528,1541
52.9556,1645
52.9583,1814
52.9611,1991
52.9639,2180
52.9667,2424
52.9694,2697
52.9722,2892
52.9750,3029
52.9778,3035
52.9806,2892
52.9833,2587
52.9861,2148
52.9889,1715
52.9917,1401
52.9944,1261
52.9972,1260
53.0000,1332
53.0028,1445
53.0056,1547
53.0083,1603
53.0111,1626
53.0139,1614
53.0167,1594
53.0194,1567
53.0222,1561
53.0250,1568
53.0278,1574
53.0306,1585
53.0333,1587
53.0361,1581
53.0389,1581
53.0417,1582
53.0444,1606
53.0472,1609
53.0500,1616
53.0528,1607
53.0556,1600
53.0583,1606
53.0611,1609
53.0639,1622
53.0667,1625
53.0694,1637
53.0722,1634
53.0750,1637
53.0778,1632
53.0806,1643
53.0833,1646
53.0861,1643
53.0889,1653
53.0917,1665
53.0944,1663
53.0972,1662
53.1000,1665
53.1028,1672
53.1056,1674
53.1083,1690
53.1111,1686
53.1139,1692
53.1167,1690
53.1194,1698
53.1222,1709
53.1250,1716
53.1278,1722
53.1306,1736
53.1333,1725
53.1361,1714
53.1389,1713
53.1417,1713
53.1444,1723
53.1472,1742
53.1500,1757
53.1528,1763
53.1556,1762
53.1583,1770
53.1611,1772
53.1639,1787
53.1667,1795
53.1694,1805
53.1722,1802
53.1750,1796
53.1778,1790
53.1806,1790
53.1833,1676
53.1861,1687
53.1889,1698
53.1917,1702
53.1944,1706
53.1972,1690
53.2000,1692
53.2028,1678
53.2056,1687
53.2083,1689
53.2111,1684
53.2139,1685
53.2167,1690
53.2194,1699
53.2222,1704
53.2250,1704
53.2278,1703
53.2306,1706
53.2333,1692
53.2361,1695
53.2389,1698
53.2417,1711
53.2444,1721
53.2472,1733
53.2500,1731
53.2528,1735
53.2556,1730
53.2583,1736
53.2611,1726
53.2639,1731
53.2667,1730
53.2694,1734
53.2722,1734
53.2750,1733
53.2778,1730
53.2806,1729
53.2833,1728
53.2861,1737
53.2889,1734
53.2917,1737
53.2944,1729
53.2972,1732
53.3000,1731
53.3028,1736
53.3056,1725
53.3083,1716
53.3111,1725
53.3139,1719
53.3167,1719
53.3194,1727
53.3222,1741
53.3250,1753
53.3278,1749
53.3306,1739
53.3333,1730
53.3361,1717
53.3389,1721
53.3417,1724
53.3444,1720
53.3472,1719
53.3500,1714
53.3528,1711
53.3556,1710
53.3583,1706
53.3611,1714
53.3639,1722
53.3667,1732
53.3694,1729
53.3722,1724
53.3750,1721
53.3778,1720
53.3806,1725
53.3833,1724
53.3861,1726
53.3889,1741
53.3917,1751
53.3944,1759
53.3972,1764
53.4000,1790
53.4028,1809
53.4056,1834
53.4083,1852
53.4111,1868
53.4139,1869
53.4167,1870
53.4194,1887
53.4222,1906
53.4250,1933
53.4278,1942
53.4306,1959
53.4333,1969
53.4361,1974
53.4389,1979
53.4417,1959
53.4444,1933
53.4472,1905
53.4500,1857
53.4528,1814
53.4556,1766
53.4583,1743
53.4611,1742
53.4639,1749
53.4667,1753
53.4694,1735
53.4722,1718
53.4750,1703
53.4778,1694
53.4806,1686
53.4833,1668
53.4861,1673
53.4889,1676
53.4917,1671
53.4944,1671
53.4972,1670
53.5000,1668
53.5028,1679
53.5056,1678
53.5083,1675
53.5111,1680
53.5139,1676
53.5167,1678
53.5194,1667
53.5222,1657
53.5250,1636
53.5278,1602
53.5306,1554
53.5333,1521
53.5361,1512
53.5389,1514
53.5417,1561
53.5444,1668
53.5472,1819
53.5500,1997
53.5528,2203
53.5556,2459
53.5583,2751
53.5611,2972
53.5639,3111
53.5667,3151
53.5694,3023
53.5722,2693
53.5750,2226
53.5778,1796
53.5806,1476
53.5833,1318
53.5861,1291
53.5889,1365
53.5917,1453
53.5944,1547
53.5972,1630
53.6000,1664
53.6028,1660
53.6056,1644
53.6083,1617
53.6111,1613
53.6139,1615
53.6167,1619
53.6194,1627
53.6222,1631
53.6250,1633
53.6278,1628
53.6306,1645
53.6333,1651
53.6361,1653
53.6389,1650
53.6417,1649
53.6444,1644
53.6472,1635
53.6500,1639
53.6528,1644
53.6556,1655
53.6583,1680
53.6611,1697
53.6639,1696
53.6667,1701
53.6694,1713
53.6722,1715
53.6750,1725
53.6778,1716
53.6806,1697
53.6833,1683
53.6861,1676
53.6889,1693
53.6917,1723
53.6944,1749
53.6972,1758
53.7000,1751
53.7028,1738
53.7056,1728
53.7083,1719
53.7111,1733
53.7139,1749
53.7167,1770
53.7194,1789
53.7222,1791
53.7250,1782
53.7278,1780
53.7306,1785
53.7333,1789
53.7361,1799
53.7389,1798
53.7417,1799
53.7444,1811
53.7472,1811
53.7500,1820
53.7528,1819
53.7556,1822
53.7583,1822
53.7611,1822
53.7639,1826
53.7667,1817
53.7694,1826
53.7722,1706
53.7750,1704
53.7778,1706
53.7806,1700
53.7833,1706
53.7861,1706
53.7889,1705
53.7917,1703
53.7944,1699
53.7972,1701
53.8000,1702
53.8028,1703
53.8056,1712
53.8083,1717
53.8111,1721
53.8139,1727
53.8167,1739
53.8194,1744
53.8222,1755
53.8250,1739
53.8278,1751
53.8306,1753
53.8333,1758
53.8361,1771
53.8389,1763
53.8417,1762
53.8444,1752
53.8472,1759
53.8500,1764
53.8528,1765
53.8556,1771
53.8583,1769
53.8611,1765
53.8639,1755
53.8667,1758
53.8694,1766
53.8722,1769
53.8750,1774
53.8778,1776
53.8806,1765
53.8833,1748
53.8861,1755
53.8889,1764
53.8917,1759
53.8944,1761
53.8972,1762
53.9000,1762
53.9028,1763
53.9056,1746
53.9083,1738
53.9111,1739
53.9139,1734
53.9167,1734
53.9194,1745
53.9222,1735
53.9250,1726
53.9278,1720
53.9306,1725
53.9333,1720
53.9361,1720
53.9389,1719
53.9417,1718
53.9444,1724
53.9472,1719
53.9500,1723
53.9528,1725
53.9556,1731
53.9583,1733
53.9611,1740
53.9639,1732
53.9667,1722
53.9694,1718
53.9722,1725
53.9750,1730
53.9778,1744
53.9806,1748
53.9833,1742
53.9861,1747
53.9889,1750
53.9917,1766
53.9944,1794
53.9972,1811
54.0000,1821
54.0028,1845
54.0056,1858
54.0083,1873
54.0111,1877
54.0139,1884
54.0167,1903
54.0194,1909
54.0222,1919
54.0250,1922
54.0278,1927
54.0306,1943
54.0333,1955
54.0361,1953
54.0389,1951
54.0417,1920
54.0444,1884
54.0472,1832
54.0500,1790
54.0528,1771
54.0556,1758
54.0583,1750
54.0611,1737
54.0639,1700
54.0667,1676
54.0694,1677
54.0722,1668
54.0750,1668
54.0778,1662
54.0806,1669
54.0833,1665
54.0861,1668
54.0889,1673
54.0917,1663
54.0944,1653
54.0972,1643
54.1000,1638
54.1028,1644
54.1056,1648
54.1083,1652
54.1111,1654
54.1139,1647
54.1167,1618
54.1194,1585
54.1222,1558
54.1250,1523
54.1278,1513
54.1306,1509
54.1333,1510
54.1361,1562
54.1389,1667
54.1417,1839
54.1444,2014
54.1472,2192
54.1500,2443
54.1528,2726
54.1556,2955
54.1583,3091
54.1611,3116
54.1639,2970
54.1667,2628
54.1694,2172
54.1722,1732
54.1750,1411
54.1778,1267
54.1806,1254
54.1833,1315
54.1861,1422
54.1889,1520
54.1917,1597
54.1944,1628
54.1972,1620
54.2000,1595
54.2028,1579
54.2056,1568
54.2083,1581
54.2111,1600
54.2139,1607
54.2167,1607
54.2194,1600
54.2222,1599
54.2250,1609
54.2278,1611
54.2306,1617
54.2333,1626
54.2361,1623
54.2389,1614
54.2417,1609
54.2444,1623
54.2472,1634
54.2500,1657
54.2528,1651
54.2556,1648
54.2583,1637
54.2611,1635
54.2639,1643
54.2667,1668
54.2694,1691
54.2722,1702
54.2750,1697
54.2778,1692
54.2806,1672
54.2833,1669
54.2861,1677
54.2889,1691
54.2917,1710
54.2944,1718
54.2972,1725
54.3000,1724
54.3028,1725
54.3056,1720
54.3083,1727
54.3111,1741
54.3139,1747
54.3167,1747
54.3194,1750
54.3222,1754
54.3250,1748
54.3278,1756
54.3306,1768
54.3333,1784
54.3361,1790
54.3389,1795
54.3417,1789
54.3444,1769
54.3472,1789
54.3500,1802
54.3528,1822
54.3556,1832
54.3583,1835
54.3611,1840
54.3639,1822
54.3667,1663
54.3694,1663
54.3722,1668
54.3750,1670
54.3778,1665
54.3806,1662
54.3833,1653
54.3861,1662
54.3889,1662
54.3917,1653
54.3944,1655
54.3972,1645
54.4000,1640
54.4028,1651
54.4056,1667
54.4083,1673
54.4111,1672
54.4139,1674
54.4167,1673
54.4194,1673
54.4222,1662
54.4250,1672
54.4278,1690
54.4306,1697
54.4333,1699
54.4361,1702
54.4389,1700
54.4417,1703
54.4444,1708
54.4472,1710
54.4500,1713
54.4528,1721
54.4556,1710
54.4583,1710
54.4611,1712
54.4639,1713
54.4667,1723
54.4694,1727
54.4722,1728
54.4750,1723
54.4778,1714
54.4806,1691
54.4833,1693
54.4861,1687
54.4889,1683
54.4917,1687
54.4944,1696
54.4972,1690
54.5000,1692
54.5028,1688
54.5056,1696
54.5083,1693
54.5111,1690
54.5139,1686
54.5167,1681
54.5194,1683
54.5222,1676
54.5250,1661
54.5278,1666
54.5306,1672
54.5333,1664
54.5361,1668
54.5389,1665
54.5417,1663
54.5444,1661
54.5472,1664
54.5500,1665
54.5528,1675
54.5556,1668
54.5583,1668
54.5611,1666
54.5639,1671
54.5667,1661
54.5694,1671
54.5722,1683
54.5750,1702
54.5778,1713
54.5806,1729
54.5833,1757
54.5861,1788
54.5889,1805
54.5917,1814
54.5944,1819
54.5972,1814
54.6000,1829
54.6028,1843
54.6056,1854
54.6083,1886
54.6111,1889
54.6139,1897
54.6167,1912
54.6194,1916
54.6222,1918
54.6250,1888
54.6278,1848
54.6306,1802
54.6333,1754
54.6361,1711
54.6389,1692
54.6417,1682
54.6444,1686
54.6472,1670
54.6500,1652
54.6528,1623
54.6556,1602
54.6583,1579
54.6611,1584
54.6639,1584
54.6667,1593
54.6694,1592
54.6722,1596
54.6750,1602
54.6778,1607
54.6806,1598
54.6833,1597
54.6861,1591
54.6889,1584
54.6917,1583
54.6944,1586
54.6972,1583
54.7000,1576
54.7028,1562
54.7056,1546
54.7083,1504
54.7111,1481
54.7139,1453
54.7167,1449
54.7194,1463
54.7222,1484
54.7250,1592
54.7278,1744
54.7306,1927
54.7333,2118
54.7361,2367
54.7389,2631
54.7417,2835
54.7444,2968
54.7472,2989
54.7500,2846
54.7528,2552
54.7556,2108
54.7583,1675
54.7611,1360
54.7639,1213
54.7667,1210
54.7694,1304
54.7722,1418
54.7750,1516
54.7778,1567
54.7806,1578
54.7833,1568
54.7861,1540
54.7889,1522
54.7917,1516
54.7944,1525
54.7972,1524
54.8000,1543
54.8028,1539
54.8056,1558
54.8083,1550
54.8111,1545
54.8139,1548
54.8167,1565
54.8194,1579
54.8222,1581
54.8250,1581
54.8278,1584
54.8306,1587
54.8333,1610
54.8361,1617
54.8389,1630
54.8417,1623
54.8444,1600
54.8472,1594
54.8500,1603
54.8528,1623
54.8556,1639
54.8583,1652
54.8611,1646
54.8639,1639
54.8667,1627
54.8694,1641
54.8722,1644
54.8750,1666
54.8778,1671
54.8806,1677
54.8833,1676
54.8861,1675
54.8889,1671
54.8917,1683
54.8944,1688
54.8972,1696
54.9000,1693
54.9028,1715
54.9056,1715
54.9083,1721
54.9111,1728
54.9139,1742
54.9167,1760
54.9194,1769
54.9222,1768
54.9250,1769
54.9278,1780
54.9306,1780
54.9333,1787
54.9361,1801
54.9389,1804
54.9417,1804
54.9444,1802
54.9472,1808
54.9500,1808
54.9528,1639
54.9556,1646
54.9583,1657
54.9611,1660
54.9639,1661
54.9667,1652
54.9694,1644
54.9722,1639
54.9750,1635
54.9778,1635
54.9806,1643
54.9833,1644
54.9861,1656
54.9889,1657
54.9917,1665
54.9944,1662
54.9972,1656
55.0000,1645
55.0028,1638
55.0056,1644
55.0083,1652
55.0111,1659
55.0139,1666
55.0167,1675
55.0194,1689
55.0222,1685
55.0250,1685
55.0278,1687
55.0306,1680
55.0333,1685
55.0361,1680
55.0389,1687
55.0417,1694
55.0444,1697
55.0472,1707
55.0500,1704
55.0528,1715
55.0556,1713
55.0583,1716
55.0611,1710
55.0639,1700
55.0667,1685
55.0694,1674
55.0722,1684
55.0750,1683
55.0778,1689
55.0806,1692
55.0833,1693
55.0861,1685
55.0889,1690
55.0917,1690
55.0944,1689
55.0972,1691
55.1000,1682
55.1028,1674
55.1056,1657
55.1083,1659
55.1111,1663
55.1139,1670
55.1167,1686
55.1194,1685
55.1222,1676
55.1250,1669
55.1278,1667
55.1306,1657
55.1333,1658
55.1361,1670
55.1389,1668
55.1417,1661
55.1444,1660
55.1472,1655
55.1500,1654
55.1528,1655
55.1556,1648
55.1583,1656
55.1611,1659
55.1639,1664
55.1667,1654
55.1694,1661
55.1722,1663
55.1750,1659
55.1778,1662
55.1806,1658
55.1833,1644
55.1861,1643
55.1889,1643
55.1917,1658
55.1944,1674
55.1972,1677
55.2000,1704
55.2028,1726
55.2056,1743
55.2083,1760
55.2111,1772
55.2139,1777
55.2167,1774
55.2194,1784
55.2222,1795
55.2250,1807
55.2278,1835
55.2306,1854
55.2333,1870
55.2361,1872
55.2389,1887
55.2417,1891
55.2444,1887
55.2472,1873
55.2500,1838
55.2528,1799
55.2556,1763
55.2583,1732
55.2611,1692
55.2639,1681
55.2667,1654
55.2694,1631
55.2722,1619
55.2750,1612
55.2778,1595
55.2806,1588
55.2833,1592
55.2861,1587
55.2889,1596
55.2917,1578
55.2944,1571
55.2972,1571
55.3000,1573
55.3028,1578
55.3056,1570
55.3083,1576
55.3111,1576
55.3139,1565
55.3167,1561
55.3194,1559
55.3222,1549
55.3250,1530
55.3278,1507
55.3306,1477
55.3333,1456
55.3361,1436
55.3389,1432
55.3417,1440
55.3444,1472
55.3472,1566
55.3500,1709
55.3528,1878
55.3556,2058
55.3583,2295
55.3611,2571
55.3639,2770
55.3667,2919
55.3694,2968
55.3722,2887
55.3750,2622
55.3778,2207
55.3806,1757
55.3833,1411
55.3861,1221
55.3889,1169
55.3917,1220
55.3944,1316
55.3972,1420
55.4000,1496
55.4028,1544
55.4056,1533
55.4083,1510
55.4111,1488
55.4139,1476
55.4167,1485
55.4194,1501
55.4222,1500
55.4250,1503
55.4278,1494
55.4306,1499
55.4333,1503
55.4361,1509
55.4389,1516
55.4417,1517
55.4444,1524
55.4472,1527
55.4500,1518
55.4528,1539
55.4556,1544
55.4583,1552
55.4611,1557
55.4639,1551
55.4667,1545
55.4694,1540
55.4722,1528
55.4750,1536
55.4778,1548
55.4806,1566
55.4833,1558
55.4861,1562
55.4889,1560
55.4917,1556
55.4944,1557
55.4972,1565
55.5000,1573
55.5028,1584
55.5056,1591
55.5083,1592
55.5111,1605
55.5139,1607
55.5167,1614
55.5194,1629
55.5222,1636
55.5250,1637
55.5278,1638
55.5306,1634
55.5333,1626
55.5361,1637
55.5389,1657
55.5417,1675
55.5444,1689
55.5472,1694
55.5500,1695
55.5528,1691
55.5556,1700
55.5583,1710
55.5611,1714
55.5639,1715
55.5667,1712
55.5694,1717
55.5722,1727
55.5750,1509
55.5778,1518
55.5806,1532
55.5833,1533
55.5861,1521
55.5889,1507
55.5917,1494
55.5944,1495
55.5972,1521
55.6000,1541
55.6028,1542
55.6056,1543
55.6083,1536
55.6111,1532
55.6139,1525
55.6167,1536
55.6194,1535
55.6222,1535
55.6250,1540
55.6278,1533
55.6306,1525
55.6333,1528
55.6361,1546
55.6389,1560
55.6417,1558
55.6444,1553
55.6472,1545
55.6500,1541
55.6528,1540
55.6556,1546
55.6583,1552
55.6611,1559
55.6639,1555
55.6667,1546
55.6694,1558
55.6722,1556
55.6750,1558
55.6778,1563
55.6806,1554
55.6833,1552
55.6861,1554
55.6889,1553
55.6917,1557
55.6944,1566
55.6972,1577
55.7000,1573
55.7028,1570
55.7056,1575
55.7083,1560
55.7111,1559
55.7139,1560
55.7167,1564
55.7194,1566
55.7222,1569
55.7250,1560
55.7278,1558
55.7306,1555
55.7333,1562
55.7361,1564
55.7389,1563
55.7417,1560
55.7444,1559
55.7472,1557
55.7500,1560
55.7528,1557
55.7556,1557
55.7583,1566
55.7611,1564
55.7639,1555
55.7667,1551
55.7694,1553
55.7722,1560
55.7750,1567
55.7778,1561
55.7806,1561
55.7833,1558
55.7861,1565
55.7889,1566
55.7917,1569
55.7944,1581
55.7972,1579
55.8000,1568
55.8028,1570
55.8056,1567
55.8083,1560
55.8111,1567
55.8139,1560
55.8167,1556
55.8194,1567
55.8222,1574
55.8250,1577
55.8278,1568
55.8306,1568
55.8333,1573
55.8361,1585
55.8389,1600
55.8417,1604
55.8444,1616
55.8472,1637
55.8500,1653
55.8528,1672
55.8556,1687
55.8583,1700
55.8611,1707
55.8639,1713
55.8667,1731
55.8694,1747
55.8722,1766
55.8750,1777
55.8778,1788
55.8806,1811
55.8833,1825
55.8861,1830
55.8889,1818
55.8917,1800
55.8944,1767
55.8972,1743
55.9000,1717
55.9028,1690
55.9056,1674
55.9083,1638
55.9111,1630
55.9139,1601
55.9167,1595
55.9194,1582
55.9222,1577
55.9250,1565
55.9278,1566
55.9306,1562
55.9333,1566
55.9361,1569
55.9389,1566
55.9417,1557
55.9444,1562
55.9472,1564
55.9500,1557
55.9528,1569
55.9556,1562
55.9583,1568
55.9611,1562
55.9639,1561
55.9667,1553
55.9694,1535
55.9722,1511
55.9750,1477
55.9778,1471
55.9806,1465
55.9833,1479
55.9861,1483
55.9889,1525
55.9917,1623
55.9944,1771
55.9972,1946
56.0000,2141
56.0028,2400
56.0056,2652
56.0083,2850
56.0111,2987
56.0139,3004
56.0167,2880
56.0194,2565
56.0222,2126
56.0250,1689
56.0278,1378
56.0306,1226
56.0333,1222
56.0361,1290
56.0389,1392
56.0417,1495
56.0444,1572
56.0472,1594
56.0500,1580
56.0528,1563
56.0556,1554
56.0583,1559
56.0611,1570
56.0639,1566
56.0667,1575
56.0694,1567
56.0722,1565
56.0750,1560
56.0778,1563
56.0806,1573
56.0833,1585
56.0861,1592
56.0889,1595
56.0917,1600
56.0944,1600
56.0972,1613
56.1000,1620
56.1028,1626
56.1056,1637
56.1083,1631
56.1111,1635
56.1139,1631
56.1167,1638
56.1194,1646
56.1222,1660
56.1250,1674
56.1278,1676
56.1306,1673
56.1333,1668
56.1361,1671
56.1389,1683
56.1417,1705
56.1444,1700
56.1472,1708
56.1500,1699
56.1528,1707
56.1556,1721
56.1583,1735
56.1611,1734
56.1639,1746
56.1667,1759
56.1694,1770
56.1722,1773
56.1750,1783
56.1778,1788
56.1806,1795
56.1833,1804
56.1861,1808
56.1889,1837
56.1917,1853
56.1944,1859
56.1972,1859
56.2000,1865
56.2028,1861
56.2056,1867
56.2083,1867
56.2111,1870
56.2139,1881
56.2167,1881
56.2194,1730
56.2222,1741
56.2250,1747
56.2278,1740
56.2306,1738
56.2333,1737
56.2361,1718
56.2389,1712
56.2417,1721
56.2444,1718
56.2472,1735
56.2500,1734
56.2528,1737
56.2556,1736
56.2583,1748
56.2611,1760
56.2639,1765
56.2667,1763
56.2694,1753
56.2722,1727
56.2750,1734
56.2778,1744
56.2806,1767
56.2833,1775
56.2861,1775
56.2889,1763
56.2917,1765
56.2944,1761
56.2972,1761
56.3000,1780
56.3028,1791
56.3056,1788
56.3083,1793
56.3111,1789
56.3139,1778
56.3167,1780
56.3194,1783
56.3222,1788
56.3250,1796
56.3278,1813
56.3306,1809
56.3333,1803
56.3361,1792
56.3389,1798
56.3417,1805
56.3444,1807
56.3472,1809
56.3500,1808
56.3528,1804
56.3556,1803
56.3583,1799
56.3611,1805
56.3639,1813
56.3667,1813
56.3694,1802
56.3722,1802
56.3750,1807
56.3778,1807
56.3806,1818
56.3833,1819
56.3861,1808
56.3889,1802
56.3917,1801
56.3944,1804
56.3972,1814
56.4000,1819
56.4028,1813
56.4056,1806
56.4083,1805
56.4111,1796
56.4139,1806
56.4167,1798
56.4194,1809
56.4222,1815
56.4250,1824
56.4278,1819
56.4306,1814
56.4333,1803
56.4361,1801
56.4389,1809
56.4417,1819
56.4444,1826
56.4472,1843
56.4500,1839
56.4528,1846
56.4556,1846
56.4583,1849
56.4611,1872
56.4639,1906
56.4667,1921
56.4694,1940
56.4722,1940
56.4750,1956
56.4778,1965
56.4806,1978
56.4833,1984
56.4861,2001
56.4889,2016
56.4917,2028
56.4944,2047
56.4972,2053
56.5000,2040
56.5028,2033
56.5056,1994
56.5083,1945
56.5111,1881
56.5139,1846
56.5167,1829
56.5194,1831
56.5222,1834
56.5250,1824
56.5278,1798
56.5306,1786
56.5333,1760
56.5361,1751
56.5389,1751
56.5417,1746
56.5444,1744
56.5472,1749
56.5500,1763
56.5528,1747
56.5556,1745
56.5583,1738
56.5611,1724
56.5639,1718
56.5667,1737
56.5694,1737
56.5722,1741
56.5750,1739
56.5778,1739
56.5806,1716
56.5833,1689
56.5861,1647
56.5889,1616
56.5917,1606
56.5944,1608
56.5972,1611
56.6000,1665
56.6028,1787
56.6056,1947
56.6083,2128
56.6111,2344
56.6139,2597
56.6167,2851
56.6194,3050
56.6222,3174
56.6250,3193
56.6278,3046
56.6306,2673
56.6333,2205
56.6361,1781
56.6389,1484
56.6417,1341
56.6444,1331
56.6472,1408
56.6500,1489
56.6528,1592
56.6556,1651
56.6583,1675
56.6611,1664
56.6639,1641
56.6667,1619
56.6694,1609
56.6722,1620
56.6750,1628
56.6778,1638
56.6806,1625
56.6833,1613
56.6861,1613
56.6889,1621
56.6917,1629
56.6944,1634
56.6972,1641
56.7000,1651
56.7028,1643
56.7056,1634
56.7083,1632
56.7111,1650
56.7139,1667
56.7167,1658
56.7194,1657
56.7222,1633
56.7250,1632
56.7278,1638
56.7306,1655
56.7333,1667
56.7361,1683
56.7389,1676
56.7417,1660
56.7444,1644
56.7472,1643
56.7500,1635
56.7528,1643
56.7556,1641
56.7583,1644
56.7611,1646
56.7639,1663
56.7667,1658
56.7694,1663
56.7722,1672
56.7750,1677
56.7778,1667
56.7806,1683
56.7833,1676
56.7861,1664
56.7889,1658
56.7917,1658
56.7944,1676
56.7972,1687
56.8000,1685
56.8028,1696
56.8056,1695
56.8083,1692
56.8111,1693
56.8139,1705
56.8167,1703
56.8194,1702
56.8222,1704
56.8250,1701
56.8278,1700
56.8306,1413
56.8333,1430
56.8361,1421
56.8389,1410
56.8417,1403
56.8444,1391
56.8472,1390
56.8500,1404
56.8528,1414
56.8556,1424
56.8583,1424
56.8611,1415
56.8639,1392
56.8667,1386
56.8694,1390
56.8722,1401
56.8750,1395
56.8778,1389
56.8806,1385
56.8833,1366
56.8861,1360
56.8889,1367
56.8917,1377
56.8944,1380
56.8972,1389
56.9000,1390
56.9028,1387
56.9056,1385
56.9083,1393
56.9111,1387
56.9139,1384
56.9167,1373
56.9194,1366
56.9222,1365
56.9250,1351
56.9278,1342
56.9306,1344
56.9333,1343
56.9361,1354
56.9389,1344
56.9417,1340
56.9444,1338
56.9472,1334
56.9500,1338
56.9528,1335
56.9556,1333
56.9583,1321
56.9611,1320
56.9639,1322
56.9667,1321
56.9694,1317
56.9722,1330
56.9750,1323
56.9778,1312
56.9806,1302
56.9833,1306
56.9861,1299
56.9889,1298
56.9917,1295
56.9944,1287
56.9972,1284
57.0000,1276
57.0028,1267
57.0056,1257
57.0083,1253
57.0111,1265
57.0139,1277
57.0167,1280
57.0194,1274
57.0222,1273
57.0250,1264
57.0278,1259
57.0306,1258
57.0333,1266
57.0361,1253
57.0389,1252
57.0417,1259
57.0444,1261
57.0472,1255
57.0500,1258
57.0528,1261
57.0556,1261
57.0583,1264
57.0611,1275
57.0639,1283
57.0667,1297
57.0694,1315
57.0722,1336
57.0750,1366
57.0778,1379
57.0806,1389
57.0833,1387
57.0861,1391
57.0889,1401
57.0917,1422
57.0944,1451
57.0972,1465
57.1000,1472
57.1028,1477
57.1056,1475
57.1083,1480
57.1111,1470
57.1139,1457
57.1167,1412
57.1194,1362
57.1222,1324
57.1250,1294
57.1278,1279
57.1306,1269
57.1333,1251
57.1361,1230
57.1389,1204
57.1417,1181
57.1444,1178
57.1472,1164
57.1500,1158
57.1528,1160
57.1556,1162
57.1583,1169
57.1611,1171
57.1639,1171
57.1667,1158
57.1694,1154
57.1722,1150
57.1750,1156
57.1778,1161
57.1806,1172
57.1833,1169
57.1861,1176
57.1889,1157
57.1917,1137
57.1944,1107
57.1972,1064
57.2000,1044
57.2028,1056
57.2056,1072
57.2083,1092
57.2111,1169
57.2139,1302
57.2167,1469
57.2194,1650
57.2222,1873
57.2250,2134
57.2278,2379
57.2306,2553
57.2333,2663
57.2361,2612
57.2389,2401
57.2417,1993
57.2444,1537
57.2472,1150
57.2500,904
57.2528,822
57.2556,848
57.2583,947
57.2611,1052
57.2639,1143
57.2667,1196
57.2694,1199
57.2722,1188
57.2750,1166
57.2778,1162
57.2806,1169
57.2833,1182
57.2861,1194
57.2889,1200
57.2917,1201
57.2944,1198
57.2972,1186
57.3000,1185
57.3028,1197
57.3056,1215
57.3083,1226
57.3111,1222
57.3139,1227
57.3167,1215
57.3194,1224
57.3222,1237
57.3250,1254
57.3278,1259
57.3306,1262
57.3333,1266
57.3361,1277
57.3389,1281
57.3417,1301
57.3444,1316
57.3472,1326
57.3500,1336
57.3528,1330
57.3556,1332
57.3583,1328
57.3611,1333
57.3639,1341
57.3667,1349
57.3694,1363
57.3722,1372
57.3750,1389
57.3778,1395
57.3806,1408
57.3833,1402
57.3861,1407
57.3889,1416
57.3917,1420
57.3944,1432
57.3972,1437
57.4000,1447
57.4028,1461
57.4056,1468
57.4083,1488
57.4111,1502
57.4139,1497
57.4167,1508
57.4194,1534
57.4222,1553
57.4250,1562
57.4278,1565
57.4306,1569
57.4333,1572
57.4361,1571
57.4389,1566
57.4417,1481
57.4444,1486
57.4472,1489
57.4500,1490
57.4528,1488
57.4556,1507
57.4583,1509
57.4611,1521
57.4639,1531
57.4667,1539
57.4694,1545
57.4722,1544
57.4750,1540
57.4778,1549
57.4806,1550
57.4833,1559
57.4861,1575
57.4889,1579
57.4917,1584
57.4944,1589
57.4972,1600
57.5000,1593
57.5028,1606
57.5056,1614
57.5083,1625
57.5111,1619
57.5139,1629
57.5167,1633
57.5194,1654
57.5222,1670
57.5250,1669
57.5278,1672
57.5306,1675
57.5333,1668
57.5361,1668
57.5389,1669
57.5417,1684
57.5444,1697
57.5472,1697
57.5500,1702
57.5528,1694
57.5556,1704
57.5583,1709
57.5611,1703
57.5639,1708
57.5667,1713
57.5694,1725
57.5722,1734
57.5750,1741
57.5778,1741
57.5806,1745
57.5833,1751
57.5861,1748
57.5889,1759
57.5917,1761
57.5944,1758
57.5972,1758
57.6000,1753
57.6028,1751
57.6056,1744
57.6083,1763
57.6111,1764
57.6139,1760
57.6167,1763
57.6194,1762
57.6222,1770
57.6250,1783
57.6278,1787
57.6306,1780
57.6333,1771
57.6361,1774
57.6389,1773
57.6417,1785
57.6444,1795
57.6472,1808
57.6500,1824
57.6528,1839
57.6556,1851
57.6583,1875
57.6611,1900
57.6639,1925
57.6667,1930
57.6694,1945
57.6722,1947
57.6750,1958
57.6778,1972
57.6806,1993
57.6833,2030
57.6861,2049
57.6889,2073
57.6917,2080
57.6944,2086
57.6972,2107
57.7000,2101
57.7028,2095
57.7056,2060
57.7083,2020
57.7111,1971
57.7139,1932
57.7167,1897
57.7194,1886
57.7222,1884
57.7250,1882
57.7278,1855
57.7306,1831
57.7333,1825
57.7361,1817
57.7389,1815
57.7417,1816
57.7444,1820
57.7472,1828
57.7500,1830
57.7528,1822
57.7556,1812
57.7583,1814
57.7611,1817
57.7639,1823
57.7667,1828
57.7694,1840
57.7722,1834
57.7750,1829
57.7778,1826
57.7806,1823
57.7833,1799
57.7861,1770
57.7889,1731
57.7917,1714
57.7944,1704
57.7972,1717
57.8000,1749
57.8028,1852
57.8056,2005
57.8083,2183
57.8111,2368
57.8139,2614
57.8167,2891
57.8194,3130
57.8222,3293
57.8250,3346
57.8278,3300
57.8306,3070
57.8333,2638
57.8361,2162
57.8389,1769
57.8417,1536
57.8444,1481
57.8472,1534
57.8500,1622
57.8528,1727
57.8556,1803
57.8583,1850
57.8611,1857
57.8639,1845
57.8667,1819
57.8694,1801
57.8722,1808
57.8750,1808
57.8778,1802
57.8806,1817
57.8833,1816
57.8861,1810
57.8889,1817
57.8917,1850
57.8944,1864
57.8972,1883
57.9000,1883
57.9028,1869
57.9056,1870
57.9083,1856
57.9111,1870
57.9139,1887
57.9167,1905
57.9194,1908
57.9222,1909
57.9250,1896
57.9278,1894
57.9306,1903
57.9333,1908
57.9361,1933
57.9389,1935
57.9417,1947
57.9444,1943
57.9472,1938
57.9500,1926
57.9528,1934
57.9556,1946
57.9583,1959
57.9611,1965
57.9639,1954
57.9667,1950
57.9694,1962
57.9722,1969
57.9750,1984
57.9778,1986
57.9806,1993
57.9833,2005
57.9861,2002
57.9889,2007
57.9917,2027
57.9944,2033
57.9972,2047
58.0000,2043
58.0028,2041
58.0056,2040
58.0083,2033
58.0111,2022
58.0139,2027
58.0167,2043
58.0194,2058
58.0222,2057
58.0250,2053
58.0278,2051
58.0306,2062
58.0333,1894
58.0361,1898
58.0389,1914
58.0417,1904
58.0444,1902
58.0472,1898
58.0500,1887
58.0528,1890
58.0556,1901
58.0583,1909
58.0611,1912
58.0639,1916
58.0667,1914
58.0694,1916
58.0722,1924
58.0750,1928
58.0778,1936
58.0806,1924
58.0833,1918
58.0861,1901
58.0889,1895
58.0917,1908
58.0944,1930
58.0972,1950
58.1000,1953
58.1028,1954
58.1056,1946
58.1083,1956
58.1111,1946
58.1139,1963
58.1167,1963
58.1194,1959
58.1222,1951
58.1250,1955
58.1278,1947
58.1306,1942
58.1333,1939
58.1361,1957
58.1389,1953
58.1417,1956
58.1444,1951
58.1472,1961
58.1500,1962
58.1528,1974
58.1556,1975
58.1583,1973
58.1611,1974
58.1639,1959
58.1667,1961
58.1694,1956
58.1722,1963
58.1750,1965
58.1778,1969
58.1806,1957
58.1833,1948
58.1861,1941
58.1889,1946
58.1917,1950
58.1944,1960
58.1972,1963
58.2000,1964
58.2028,1956
58.2056,1949
58.2083,1935
58.2111,1937
58.2139,1938
58.2167,1951
58.2194,1964
58.2222,1967
58.2250,1970
58.2278,1979
58.2306,1963
58.2333,1970
58.2361,1992
58.2389,2008
58.2417,2037
58.2444,2050
58.2472,2057
58.2500,2069
58.2528,2085
58.2556,2094
58.2583,2112
58.2611,2112
58.2639,2139
58.2667,2155
58.2694,2171
58.2722,2169
58.2750,2185
58.2778,2183
58.2806,2166
58.2833,2148
58.2861,2122
58.2889,2071
58.2917,2038
58.2944,2010
58.2972,1982
58.3000,1964
58.3028,1944
58.3056,1924
58.3083,1907
58.3111,1900
58.3139,1889
58.3167,1883
58.3194,1872
58.3222,1847
58.3250,1825
58.3278,1816
58.3306,1824
58.3333,1827
58.3361,1837
58.3389,1842
58.3417,1840
58.3444,1839
58.3472,1839
58.3500,1837
58.3528,1838
58.3556,1832
58.3583,1814
58.3611,1803
58.3639,1779
58.3667,1738
58.3694,1700
58.3722,1674
58.3750,1697
58.3778,1735
58.3806,1793
58.3833,1909
58.3861,2068
58.3889,2255
58.3917,2474
58.3944,2754
58.3972,3034
58.4000,3246
58.4028,3337
58.4056,3346
58.4083,3251
58.4111,2928
58.4139,2471
58.4167,2015
58.4194,1665
58.4222,1486
58.4250,1469
58.4278,1535
58.4306,1627
58.4333,1721
58.4361,1785
58.4389,1825
58.4417,1827
58.4444,1818
58.4472,1802
58.4500,1797
58.4528,1795
58.4556,1789
58.4583,1802
58.4611,1810
58.4639,1813
58.4667,1805
58.4694,1805
58.4722,1814
58.4750,1822
58.4778,1834
58.4806,1835
58.4833,1830
58.4861,1832
58.4889,1840
58.4917,1858
58.4944,1858
58.4972,1859
58.5000,1864
58.5028,1864
58.5056,1869
58.5083,1863
58.5111,1872
58.5139,1896
58.5167,1912
58.5194,1907
58.5222,1901
58.5250,1882
58.5278,1881
58.5306,1883
58.5333,1899
58.5361,1910
58.5389,1927
58.5417,1912
58.5444,1910
58.5472,1898
58.5500,1909
58.5528,1918
58.5556,1928
58.5583,1942
58.5611,1940
58.5639,1933
58.5667,1934
58.5694,1946
58.5722,1954
58.5750,1970
58.5778,1977
58.5806,1994
58.5833,1993
58.5861,1995
58.5889,1996
58.5917,1999
58.5944,2004
58.5972,2022
58.6000,2024
58.6028,2023
58.6056,2033
58.6083,2038
58.6111,1839
58.6139,1844
58.6167,1859
58.6194,1859
58.6222,1861
58.6250,1855
58.6278,1850
58.6306,1859
58.6333,1871
58.6361,1872
58.6389,1866
58.6417,1863
58.6444,1848
58.6472,1853
58.6500,1859
58.6528,1858
58.6556,1871
58.6583,1882
58.6611,1881
58.6639,1886
58.6667,1887
58.6694,1898
58.6722,1897
58.6750,1890
58.6778,1889
58.6806,1894
58.6833,1891
58.6861,1875
58.6889,1883
58.6917,1893
58.6944,1895
58.6972,1898
58.7000,1895
58.7028,1900
58.7056,1896
58.7083,1900
58.7111,1902
58.7139,1912
58.7167,1917
58.7194,1915
58.7222,1899
58.7250,1879
58.7278,1879
58.7306,1879
58.7333,1885
58.7361,1879
58.7389,1877
58.7417,1872
58.7444,1859
58.7472,1850
58.7500,1860
58.7528,1871
58.7556,1879
58.7583,1890
58.7611,1878
58.7639,1872
58.7667,1864
58.7694,1861
58.7722,1879
58.7750,1890
58.7778,1903
58.7806,1912
58.7833,1911
58.7861,1913
58.7889,1930
58.7917,1958
58.7944,1982
58.7972,2011
58.8000,2018
58.8028,2022
58.8056,2020
58.8083,2029
58.8111,2046
58.8139,2055
58.8167,2067
58.8194,2070
58.8222,2078
58.8250,2079
58.8278,2073
58.8306,2062
58.8333,2031
58.8361,2004
58.8389,1959
58.8417,1912
58.8444,1886
58.8472,1873
58.8500,1861
58.8528,1841
58.8556,1810
58.8583,1795
58.8611,1786
58.8639,1785
58.8667,1782
58.8694,1789
58.8722,1789
58.8750,1798
58.8778,1794
58.8806,1792
58.8833,1776
58.8861,1768
58.8889,1772
58.8917,1778
58.8944,1781
58.8972,1784
58.9000,1781
58.9028,1781
58.9056,1766
58.9083,1741
58.9111,1702
58.9139,1674
58.9167,1636
58.9194,1616
58.9222,1616
58.9250,1628
58.9278,1654
58.9306,1732
58.9333,1883
58.9361,2056
58.9389,2266
58.9417,2542
58.9444,2883
58.9472,3145
58.9500,3322
58.9528,3350
58.9556,3283
58.9583,3034
58.9611,2616
58.9639,2122
58.9667,1711
58.9694,1457
58.9722,1372
58.9750,1406
58.9778,1496
58.9806,1598
58.9833,1681
58.9861,1709
58.9889,1717
58.9917,1712
58.9944,1712
58.9972,1703
59.0000,1694
59.0028,1680
59.0056,1684
59.0083,1698
59.0111,1714
59.0139,1725
59.0167,1732
59.0194,1725
59.0222,1718
59.0250,1719
59.0278,1728
59.0306,1728
59.0333,1726
59.0361,1739
59.0389,1748
59.0417,1736
59.0444,1748
59.0472,1753
59.0500,1757
59.0528,1760
59.0556,1745
59.0583,1756
59.0611,1775
59.0639,1799
59.0667,1806
59.0694,1796
59.0722,1792
59.0750,1786
59.0778,1786
59.0806,1795
59.0833,1807
59.0861,1803
59.0889,1807
59.0917,1811
59.0944,1820
59.0972,1834
59.1000,1835
59.1028,1842
59.1056,1849
59.1083,1847
59.1111,1852
59.1139,1852
59.1167,1854
59.1194,1860
59.1222,1868
59.1250,1881
59.1278,1890
59.1306,1891
59.1333,1896
59.1361,1901
59.1389,1920
59.1417,1929
59.1444,1935
59.1472,1950
59.1500,1956
59.1528,1937
59.1556,1924
59.1583,1927
59.1611,1782
59.1639,1783
59.1667,1774
59.1694,1780
59.1722,1776
59.1750,1778
59.1778,1772
59.1806,1775
59.1833,1766
59.1861,1763
59.1889,1777
59.1917,1782
59.1944,1784
59.1972,1781
59.2000,1764
59.2028,1767
59.2056,1784
59.2083,1780
59.2111,1784
59.2139,1789
59.2167,1793
59.2194,1802
59.2222,1805
59.2250,1815
59.2278,1811
59.2306,1810
59.2333,1799
59.2361,1795
59.2389,1814
59.2417,1819
59.2444,1827
59.2472,1821
59.2500,1813
59.2528,1805
59.2556,1805
59.2583,1804
59.2611,1801
59.2639,1810
59.2667,1798
59.2694,1802
59.2722,1799
59.2750,1812
59.2778,1803
59.2806,1784
59.2833,1798
59.2861,1804
59.2889,1803
59.2917,1813
59.2944,1801
59.2972,1785
59.3000,1777
59.3028,1772
59.3056,1782
59.3083,1796
59.3111,1795
59.3139,1795
59.3167,1795
59.3194,1810
59.3222,1825
59.3250,1841
59.3278,1866
59.3306,1871
59.3333,1878
59.3361,1887
59.3389,1901
59.3417,1915
59.3444,1930
59.3472,1935
59.3500,1945
59.3528,1951
59.3556,1964
59.3583,1984
59.3611,2006
59.3639,2017
59.3667,2027
59.3694,2003
59.3722,1967
59.3750,1925
59.3778,1877
59.3806,1845
59.3833,1824
59.3861,1809
59.3889,1785
59.3917,1775
59.3944,1757
59.3972,1721
59.4000,1711
59.4028,1707
59.4056,1698
59.4083,1681
59.4111,1674
59.4139,1672
59.4167,1678
59.4194,1686
59.4222,1689
59.4250,1682
59.4278,1669
59.4306,1655
59.4333,1663
59.4361,1652
59.4389,1666
59.4417,1658
59.4444,1662
59.4472,1660
59.4500,1660
59.4528,1632
59.4556,1593
59.4583,1551
59.4611,1523
59.4639,1509
59.4667,1522
59.4694,1552
59.4722,1625
59.4750,1765
59.4778,1963
59.4806,2162
59.4833,2405
59.4861,2690
59.4889,2987
59.4917,3206
59.4944,3305
59.4972,3224
59.5000,2985
59.5028,2602
59.5056,2125
59.5083,1676
59.5111,1376
59.5139,1254
59.5167,1282
59.5194,1383
59.5222,1496
59.5250,1604
59.5278,1656
59.5306,1658
59.5333,1618
59.5361,1586
59.5389,1564
59.5417,1566
59.5444,1565
59.5472,1573
59.5500,1564
59.5528,1563
59.5556,1561
59.5583,1564
59.5611,1573
59.5639,1593
59.5667,1601
59.5694,1610
59.5722,1604
59.5750,1582
59.5778,1565
59.5806,1563
59.5833,1563
59.5861,1558
59.5889,1577
59.5917,1580
59.5944,1593
59.5972,1598
59.6000,1607
59.6028,1615
59.6056,1618
59.6083,1608
59.6111,1610
59.6139,1608
59.6167,1613
59.6194,1605
59.6222,1611
59.6250,1634
59.6278,1652
59.6306,1660
59.6333,1662
59.6361,1658
59.6389,1657
59.6417,1659
59.6444,1660
59.6472,1666
59.6500,1669
59.6528,1670
59.6556,1683
59.6583,1692
59.6611,1697
59.6639,1701
59.6667,1705
59.6694,1707
59.6722,1712
59.6750,1705
59.6778,1717
59.6806,1723
59.6833,1727
59.6861,1738
59.6889,1753
59.6917,1752
59.6944,1755
59.6972,1758
59.7000,1763
59.7028,1619
59.7056,1622
59.7083,1631
59.7111,1610
59.7139,1595
59.7167,1584
59.7194,1591
59.7222,1604
59.7250,1604
59.7278,1617
59.7306,1611
59.7333,1602
59.7361,1602
59.7389,1605
59.7417,1610
59.7444,1630
59.7472,1638
59.7500,1653
59.7528,1649
59.7556,1632
59.7583,1628
59.7611,1633
59.7639,1639
59.7667,1637
59.7694,1636
59.7722,1630
59.7750,1630
59.7778,1640
59.7806,1651
59.7833,1643
59.7861,1644
59.7889,1649
59.7917,1643
59.7944,1630
59.7972,1631
59.8000,1647
59.8028,1657
59.8056,1658
59.8083,1661
59.8111,1652
59.8139,1645
59.8167,1637
59.8194,1631
59.8222,1636
59.8250,1639
59.8278,1634
59.8306,1620
59.8333,1623
59.8361,1628
59.8389,1626
59.8417,1622
59.8444,1630
59.8472,1635
59.8500,1649
59.8528,1654
59.8556,1650
59.8583,1634
59.8611,1631
59.8639,1635
59.8667,1668
59.8694,1706
59.8722,1738
59.8750,1762
59.8778,1778
59.8806,1793
59.8833,1797
59.8861,1800
59.8889,1806
59.8917,1827
59.8944,1850
59.8972,1866
59.9000,1873
59.9028,1878
59.9056,1894
59.9083,1907
59.9111,1904
59.9139,1887
59.9167,1848
59.9194,1810
59.9222,1763
59.9250,1716
59.9278,1685
59.9306,1667
59.9333,1645
59.9361,1628
59.9389,1617
59.9417,1584
59.9444,1568
59.9472,1558
59.9500,1541
59.9528,1537
59.9556,1534
59.9583,1528
59.9611,1525
59.9639,1529
59.9667,1538
59.9694,1548
59.9722,1527
59.9750,1512
59.9778,1519
59.9806,1525
59.9833,1533
59.9861,1536
59.9889,1542
59.9917,1537
59.9944,1512
59.9972,1472
60.0000,1421
60.0028,1380
60.0056,1343
60.0083,1349
60.0111,1370
60.0139,1409
60.0167,1530
60.0194,1726
60.0222,1924
60.0250,2155
60.0278,2418
60.0306,2713
60.0333,2946
60.0361,3101
60.0389,3106
60.0417,2933
60.0444,2618
60.0472,2177
60.0500,1717
60.0528,1341
60.0556,1146
60.0583,1123
60.0611,1215
60.0639,1346
60.0667,1450
60.0694,1500
60.0722,1508
60.0750,1494
60.0778,1465
60.0806,1433
60.0833,1422
60.0861,1452
60.0889,1470
60.0917,1493
60.0944,1486
60.0972,1481
60.1000,1495
60.1028,1497
60.1056,1494
60.1083,1499
60.1111,1514
60.1139,1518
60.1167,1520
60.1194,1534
60.1222,1539
60.1250,1547
60.1278,1549
60.1306,1569
60.1333,1566
60.1361,1552
60.1389,1552
60.1417,1550
60.1444,1553
60.1472,1550
60.1500,1566
60.1528,1567
60.1556,1567
60.1583,1574
60.1611,1582
60.1639,1579
60.1667,1588
60.1694,1589
60.1722,1584
60.1750,1583
60.1778,1591
60.1806,1593
60.1833,1599
60.1861,1618
60.1889,1617
60.1917,1620
60.1944,1632
60.1972,1647
60.2000,1636
60.2028,1634
60.2056,1644
60.2083,1656
60.2111,1674
60.2139,1691
60.2167,1694
60.2194,1696
60.2222,1705
60.2250,1701
60.2278,1706
60.2306,1703
60.2333,1701
60.2361,1705
60.2389,1696
60.2417,1702
60.2444,1610
60.2472,1614
60.2500,1609
60.2528,1597
60.2556,1593
60.2583,1589
60.2611,1603
60.2639,1598
60.2667,1593
60.2694,1608
60.2722,1626
60.2750,1631
60.2778,1632
60.2806,1625
60.2833,1637
60.2861,1633
60.2889,1647
60.2917,1645
60.2944,1641
60.2972,1639
60.3000,1623
60.3028,1624
60.3056,1630
60.3083,1650
60.3111,1663
60.3139,1686
60.3167,1685
60.3194,1686
60.3222,1681
60.3250,1676
60.3278,1675
60.3306,1678
60.3333,1685
60.3361,1698
60.3389,1687
60.3417,1686
60.3444,1685
60.3472,1687
60.3500,1690
60.3528,1682
60.3556,1673
60.3583,1662
60.3611,1656
60.3639,1669
60.3667,1678
60.3694,1681
60.3722,1686
60.3750,1677
60.3778,1666
60.3806,1668
60.3833,1683
60.3861,1696
60.3889,1709
60.3917,1714
60.3944,1730
60.3972,1749
60.4000,1771
60.4028,1783
60.4056,1808
60.4083,1821
60.4111,1834
60.4139,1856
60.4167,1879
60.4194,1889
60.4222,1882
60.4250,1871
60.4278,1868
60.4306,1875
60.4333,1890
60.4361,1879
60.4389,1863
60.4417,1835
60.4444,1792
60.4472,1732
60.4500,1686
60.4528,1652
60.4556,1635
60.4583,1601
60.4611,1568
60.4639,1549
60.4667,1555
60.4694,1569
60.4722,1564
60.4750,1560
60.4778,1555
60.4806,1542
60.4833,1549
60.4861,1548
60.4889,1539
60.4917,1525
60.4944,1511
60.4972,1508
60.5000,1510
60.5028,1522
60.5056,1544
60.5083,1556
60.5111,1552
60.5139,1520
60.5167,1500
60.5194,1471
60.5222,1408
60.5250,1356
60.5278,1315
60.5306,1316
60.5333,1324
60.5361,1401
60.5389,1534
60.5417,1722
60.5444,1930
60.5472,2165
60.5500,2453
60.5528,2771
60.5556,3011
60.5583,3140
60.5611,3115
60.5639,2924
60.5667,2587
60.5694,2129
60.5722,1665
60.5750,1303
60.5778,1129
60.5806,1124
60.5833,1218
60.5861,1353
60.5889,1456
60.5917,1504
60.5944,1507
60.5972,1494
60.6000,1475
60.6028,1476
60.6056,1461
60.6083,1469
60.6111,1464
60.6139,1471
60.6167,1453
60.6194,1464
60.6222,1465
60.6250,1474
60.6278,1488
60.6306,1516
60.6333,1521
60.6361,1516
60.6389,1524
60.6417,1535
60.6444,1529
60.6472,1524
60.6500,1522
60.6528,1524
60.6556,1522
60.6583,1518
60.6611,1521
60.6639,1543
60.6667,1562
60.6694,1566
60.6722,1574
60.6750,1562
60.6778,1563
60.6806,1558
60.6833,1561
60.6861,1571
60.6889,1585
60.6917,1601
60.6944,1609
60.6972,1600
60.7000,1590
60.7028,1584
60.7056,1578
60.7083,1590
60.7111,1613
60.7139,1630
60.7167,1632
60.7194,1633
60.7222,1633
60.7250,1635
60.7278,1651
60.7306,1673
60.7333,1682
60.7361,1683
60.7389,1670
60.7417,1671
60.7444,1674
60.7472,1695
60.7500,1718
60.7528,1720
60.7556,1715
60.7583,1720
60.7611,1710
60.7639,1711
60.7667,1601
60.7694,1604
60.7722,1607
60.7750,1595
60.7778,1582
60.7806,1586
60.7833,1591
60.7861,1597
60.7889,1619
60.7917,1617
60.7944,1609
60.7972,1596
60.8000,1595
60.8028,1598
60.8056,1612
60.8083,1634
60.8111,1636
60.8139,1641
60.8167,1653
60.8194,1659
60.8222,1645
60.8250,1632
60.8278,1630
60.8306,1642
60.8333,1658
60.8361,1666
60.8389,1653
60.8417,1641
60.8444,1646
60.8472,1640
60.8500,1647
60.8528,1648
60.8556,1643
60.8583,1647
60.8611,1640
60.8639,1638
60.8667,1637
60.8694,1643
60.8722,1650
60.8750,1652
60.8778,1642
60.8806,1624
60.8833,1621
60.8861,1629
60.8889,1634
60.8917,1637
60.8944,1649
60.8972,1660
60.9000,1674
60.9028,1689
60.9056,1709
60.9083,1737
60.9111,1756
60.9139,1759
60.9167,1754
60.9194,1759
60.9222,1770
60.9250,1817
60.9278,1857
60.9306,1876
60.9333,1880
60.9361,1874
60.9389,1879
60.9417,1875
60.9444,1872
60.9472,1886
60.9500,1885
60.9528,1855
60.9556,1806
60.9583,1748
60.9611,1701
60.9639,1655
60.9667,1630
60.9694,1621
60.9722,1613
60.9750,1608
60.9778,1583
60.9806,1570
60.9833,1559
60.9861,1553
60.9889,1548
60.9917,1553
60.9944,1554
60.9972,1545
61.0000,1528
61.0028,1531
61.0056,1530
61.0083,1528
61.0111,1525
61.0139,1547
61.0167,1546
61.0194,1553
61.0222,1550
61.0250,1536
61.0278,1531
61.0306,1508
61.0333,1474
61.0361,1423
61.0389,1362
61.0417,1320
61.0444,1317
61.0472,1332
61.0500,1385
61.0528,1509
61.0556,1700
61.0583,1916
61.0611,2142
61.0639,2420
61.0667,2725
61.0694,2966
61.0722,3127
61.0750,3118
61.0778,2941
61.0806,2614
61.0833,2160
61.0861,1689
61.0889,1317
61.0917,1158
61.0944,1162
61.0972,1244
61.1000,1364
61.1028,1469
61.1056,1534
61.1083,1541
61.1111,1518
61.1139,1484
61.1167,1466
61.1194,1470
61.1222,1491
61.1250,1501
61.1278,1507
61.1306,1498
61.1333,1497
61.1361,1494
61.1389,1520
61.1417,1529
61.1444,1536
61.1472,1536
61.1500,1538
61.1528,1524
61.1556,1509
61.1583,1508
61.1611,1515
61.1639,1523
61.1667,1550
61.1694,1581
61.1722,1601
61.1750,1591
61.1778,1587
61.1806,1576
61.1833,1585
61.1861,1604
61.1889,1615
61.1917,1615
61.1944,1611
61.1972,1606
61.2000,1603
61.2028,1612
61.2056,1630
61.2083,1641
61.2111,1636
61.2139,1631
61.2167,1619
61.2194,1622
61.2222,1636
61.2250,1651
61.2278,1655
61.2306,1655
61.2333,1649
61.2361,1644
61.2389,1645
61.2417,1652
61.2444,1657
61.2472,1667
61.2500,1677
61.2528,1695
61.2556,1701
61.2583,1703
61.2611,1693
61.2639,1689
61.2667,1676
61.2694,1675
61.2722,1677
61.2750,1678
61.2778,1693
61.2806,1647
61.2833,1653
61.2861,1653
61.2889,1653
61.2917,1642
61.2944,1631
61.2972,1630
61.3000,1640
61.3028,1655
61.3056,1651
61.3083,1662
61.3111,1654
61.3139,1651
61.3167,1650
61.3194,1656
61.3222,1661
61.3250,1665
61.3278,1669
61.3306,1668
61.3333,1665
61.3361,1672
61.3389,1677
61.3417,1692
61.3444,1726
61.3472,1736
61.3500,1710
61.3528,1688
61.3556,1669
61.3583,1667
61.3611,1682
61.3639,1707
61.3667,1717
61.3694,1712
61.3722,1712
61.3750,1713
61.3778,1724
61.3806,1713
61.3833,1709
61.3861,1704
61.3889,1702
61.3917,1697
61.3944,1685
61.3972,1672
61.4000,1655
61.4028,1658
61.4056,1683
61.4083,1705
61.4111,1703
61.4139,1696
61.4167,1699
61.4194,1730
61.4222,1770
61.4250,1805
61.4278,1824
61.4306,1840
61.4333,1835
61.4361,1834
61.4389,1868
61.4417,1912
61.4444,1930
61.4472,1948
61.4500,1933
61.4528,1905
61.4556,1892
61.4583,1905
61.4611,1910
61.4639,1898
61.4667,1859
61.4694,1806
61.4722,1766
61.4750,1737
61.4778,1715
61.4806,1703
61.4833,1683
61.4861,1662
61.4889,1656
61.4917,1649
61.4944,1643
61.4972,1651
61.5000,1638
61.5028,1618
61.5056,1607
61.5083,1595
61.5111,1603
61.5139,1602
61.5167,1607
61.5194,1600
61.5222,1587
61.5250,1589
61.5278,1593
61.5306,1606
61.5333,1610
61.5361,1627
61.5389,1611
61.5417,1581
61.5444,1552
61.5472,1502
61.5500,1455
61.5528,1413
61.5556,1390
61.5583,1403
61.5611,1437
61.5639,1546
61.5667,1725
61.5694,1945
61.5722,2179
61.5750,2453
61.5778,2743
61.5806,2958
61.5833,3103
61.5861,3123
61.5889,2985
61.5917,2686
61.5944,2252
61.5972,1780
61.6000,1406
61.6028,1219
61.6056,1199
61.6083,1297
61.6111,1417
61.6139,1533
61.6167,1597
61.6194,1598
61.6222,1568
61.6250,1522
61.6278,1504
61.6306,1520
61.6333,1546
61.6361,1597
61.6389,1611
61.6417,1602
61.6444,1583
61.6472,1565
61.6500,1562
61.6528,1560
61.6556,1573
61.6583,1579
61.6611,1603
61.6639,1604
61.6667,1606
61.6694,1633
61.6722,1642
61.6750,1632
61.6778,1616
61.6806,1593
61.6833,1587
61.6861,1595
61.6889,1621
61.6917,1630
61.6944,1648
61.6972,1671
61.7000,1691
61.7028,1686
61.7056,1680
61.7083,1680
61.7111,1681
61.7139,1690
61.7167,1691
61.7194,1681
61.7222,1671
61.7250,1654
61.7278,1660
61.7306,1666
61.7333,1676
61.7361,1691
61.7389,1711
61.7417,1714
61.7444,1717
61.7472,1705
61.7500,1694
61.7528,1674
61.7556,1703
61.7583,1713
61.7611,1720
61.7639,1730
61.7667,1743
61.7694,1737
61.7722,1723
61.7750,1729
61.7778,1712
61.7806,1715
61.7833,1737
61.7861,1752
61.7889,1757
61.7917,1674
61.7944,1676
61.7972,1694
61.8000,1718
61.8028,1717
61.8056,1712
61.8083,1694
61.8111,1691
61.8139,1680
61.8167,1674
61.8194,1666
61.8222,1677
61.8250,1684
61.8278,1700
61.8306,1702
61.8333,1702
61.8361,1696
61.8389,1728
61.8417,1744
61.8444,1749
61.8472,1752
61.8500,1749
61.8528,1742
61.8556,1744
61.8583,1752
61.8611,1743
61.8639,1742
61.8667,1746
61.8694,1749
61.8722,1748
61.8750,1734
61.8778,1747
61.8806,1741
61.8833,1718
61.8861,1719
61.8889,1718
61.8917,1736
61.8944,1737
61.8972,1745
61.9000,1739
61.9028,1733
61.9056,1743
61.9083,1753
61.9111,1770
61.9139,1780
61.9167,1823
61.9194,1836
61.9222,1844
61.9250,1838
61.9278,1836
61.9306,1847
61.9333,1872
61.9361,1905
61.9389,1929
61.9417,1939
61.9444,1932
61.9472,1929
61.9500,1926
61.9528,1933
61.9556,1937
61.9583,1934
61.9611,1918
61.9639,1879
61.9667,1827
61.9694,1783
61.9722,1753
61.9750,1727
61.9778,1700
61.9806,1670
61.9833,1661
61.9861,1638
61.9889,1637
61.9917,1624
61.9944,1619
61.9972,1617
62.0000,1613
62.0028,1599
62.0056,1600
62.0083,1588
62.0111,1595
62.0139,1600
62.0167,1605
62.0194,1615
62.0222,1623
62.0250,1611
62.0278,1593
62.0306,1595
62.0333,1605
62.0361,1587
62.0389,1567
62.0417,1526
62.0444,1479
62.0472,1437
62.0500,1394
62.0528,1361
62.0556,1368
62.0583,1406
62.0611,1502
62.0639,1688
62.0667,1908
62.0694,2136
62.0722,2401
62.0750,2692
62.0778,2906
62.0806,3036
62.0833,3047
62.0861,2925
62.0889,2653
62.0917,2255
62.0944,1820
62.0972,1470
62.1000,1263
62.1028,1214
62.1056,1251
62.1083,1359
62.1111,1482
62.1139,1567
62.1167,1607
62.1194,1596
62.1222,1556
62.1250,1518
62.1278,1503
62.1306,1512
62.1333,1539
62.1361,1549
62.1389,1549
62.1417,1538
62.1444,1534
62.1472,1542
62.1500,1550
62.1528,1559
62.1556,1572
62.1583,1577
62.1611,1574
62.1639,1565
62.1667,1561
62.1694,1549
62.1722,1549
62.1750,1556
62.1778,1563
62.1806,1574
62.1833,1580
62.1861,1572
62.1889,1579
62.1917,1579
62.1944,1591
62.1972,1606
62.2000,1621
62.2028,1625
62.2056,1615
62.2083,1611
62.2111,1611
62.2139,1614
62.2167,1614
62.2194,1606
62.2222,1589
62.2250,1591
62.2278,1609
62.2306,1626
62.2333,1645
62.2361,1660
62.2389,1652
62.2417,1635
62.2444,1641
62.2472,1648
62.2500,1643
62.2528,1647
62.2556,1661
62.2583,1665
62.2611,1670
62.2639,1661
62.2667,1661
62.2694,1662
62.2722,1675
62.2750,1686
62.2778,1682
62.2806,1685
62.2833,1690
62.2861,1691
62.2889,1625
62.2917,1625
62.2944,1617
62.2972,1599
62.3000,1603
62.3028,1592
62.3056,1594
62.3083,1605
62.3111,1620
62.3139,1634
62.3167,1627
62.3194,1622
62.3222,1620
62.3250,1613
62.3278,1617
62.3306,1623
62.3333,1634
62.3361,1638
62.3389,1640
62.3417,1635
62.3444,1636
62.3472,1654
62.3500,1655
62.3528,1656
62.3556,1657
62.3583,1658
62.3611,1666
62.3639,1661
62.3667,1645
62.3694,1636
62.3722,1650
62.3750,1658
62.3778,1665
62.3806,1666
62.3833,1659
62.3861,1671
62.3889,1673
62.3917,1692
62.3944,1708
62.3972,1746
62.4000,1764
62.4028,1780
62.4056,1785
62.4083,1802
62.4111,1805
62.4139,1808
62.4167,1822
62.4194,1848
62.4222,1878
62.4250,1882
62.4278,1893
62.4306,1881
62.4333,1858
62.4361,1823
62.4389,1805
62.4417,1771
62.4444,1736
62.4472,1697
62.4500,1665
62.4528,1656
62.4556,1649
62.4583,1650
62.4611,1633
62.4639,1590
62.4667,1559
62.4694,1551
62.4722,1550
62.4750,1541
62.4778,1539
62.4806,1526
62.4833,1537
62.4861,1534
62.4889,1532
62.4917,1524
62.4944,1524
62.4972,1533
62.5000,1527
62.5028,1530
62.5056,1531
62.5083,1546
62.5111,1546
62.5139,1529
62.5167,1517
62.5194,1485
62.5222,1423
62.5250,1345
62.5278,1282
62.5306,1253
62.5333,1264
62.5361,1310
62.5389,1395
62.5417,1548
62.5444,1738
62.5472,1955
62.5500,2217
62.5528,2537
62.5556,2804
62.5583,2974
62.5611,3024
62.5639,2904
62.5667,2655
62.5694,2255
62.5722,1800
62.5750,1412
62.5778,1203
62.5806,1173
62.5833,1236
62.5861,1339
62.5889,1441
62.5917,1507
62.5944,1510
62.5972,1498
62.6000,1481
62.6028,1470
62.6056,1458
62.6083,1472
62.6111,1498
62.6139,1515
62.6167,1511
62.6194,1513
62.6222,1511
62.6250,1498
62.6278,1508
62.6306,1509
62.6333,1513
62.6361,1516
62.6389,1512
62.6417,1520
62.6444,1537
62.6472,1545
62.6500,1548
62.6528,1567
62.6556,1576
62.6583,1580
62.6611,1567
62.6639,1568
62.6667,1561
62.6694,1568
62.6722,1584
62.6750,1588
62.6778,1592
62.6806,1583
62.6833,1583
62.6861,1581
62.6889,1587
62.6917,1614
62.6944,1639
62.6972,1642
62.7000,1641
62.7028,1631
62.7056,1626
62.7083,1628
62.7111,1635
62.7139,1642
62.7167,1637
62.7194,1651
62.7222,1641
62.7250,1644
62.7278,1653
62.7306,1668
62.7333,1667
62.7361,1679
62.7389,1668
62.7417,1656
62.7444,1655
62.7472,1657
62.7500,1659
62.7528,1673
62.7556,1676
62.7583,1681
62.7611,1676
62.7639,1676
62.7667,1614
62.7694,1618
62.7722,1610
62.7750,1599
62.7778,1605
62.7806,1621
62.7833,1631
62.7861,1644
62.7889,1648
62.7917,1657
62.7944,1658
62.7972,1660
62.8000,1650
62.8028,1649
62.8056,1650
62.8083,1670
62.8111,1679
62.8139,1680
62.8167,1677
62.8194,1670
62.8222,1670
62.8250,1675
62.8278,1678
62.8306,1690
62.8333,1709
62.8361,1717
62.8389,1718
62.8417,1730
62.8444,1730
62.8472,1726
62.8500,1738
62.8528,1766
62.8556,1775
62.8583,1793
62.8611,1814
62.8639,1816
62.8667,1822
62.8694,1829
62.8722,1832
62.8750,1840
62.8778,1845
62.8806,1867
62.8833,1882
62.8861,1914
62.8889,1922
62.8917,1926
62.8944,1923
62.8972,1907
62.9000,1880
62.9028,1856
62.9056,1807
62.9083,1770
62.9111,1736
62.9139,1715
62.9167,1685
62.9194,1681
62.9222,1656
62.9250,1639
62.9278,1623
62.9306,1620
62.9333,1608
62.9361,1597
62.9389,1599
62.9417,1599
62.9444,1600
62.9472,1599
62.9500,1596
62.9528,1582
62.9556,1577
62.9583,1583
62.9611,1586
62.9639,1587
62.9667,1589
62.9694,1590
62.9722,1589
62.9750,1589
62.9778,1584
62.9806,1567
62.9833,1509
62.9861,1451
62.9889,1390
62.9917,1356
62.9944,1359
62.9972,1376
63.0000,1432
63.0028,1566
63.0056,1739
63.0083,1932
63.0111,2160
63.0139,2434
63.0167,2712
63.0194,2905
63.0222,3019
63.0250,2989
63.0278,2813
63.0306,2472
63.0333,2005
63.0361,1577
63.0389,1301
63.0417,1220
63.0444,1266
63.0472,1374
63.0500,1486
63.0528,1576
63.0556,1609
63.0583,1601
63.0611,1580
63.0639,1550
63.0667,1531
63.0694,1531
63.0722,1551
63.0750,1574
63.0778,1585
63.0806,1599
63.0833,1577
63.0861,1559
63.0889,1559
63.0917,1570
63.0944,1587
63.0972,1605
63.1000,1605
63.1028,1618
63.1056,1618
63.1083,1618
63.1111,1620
63.1139,1630
63.1167,1631
63.1194,1634
63.1222,1630
63.1250,1629
63.1278,1636
63.1306,1648
63.1333,1661
63.1361,1678
63.1389,1687
63.1417,1676
63.1444,1673
63.1472,1673
63.1500,1671
63.1528,1677
63.1556,1679
63.1583,1676
63.1611,1688
63.1639,1699
63.1667,1712
63.1694,1708
63.1722,1718
63.1750,1722
63.1778,1738
63.1806,1728
63.1833,1729
63.1861,1719
63.1889,1712
63.1917,1725
63.1944,1734
63.1972,1737
63.2000,1740
63.2028,1736
63.2056,1744
63.2083,1739
63.2111,1743
63.2139,1752
63.2167,1749
63.2194,1760
63.2222,1757
63.2250,1753
63.2278,1759
63.2306,1724
63.2333,1737
63.2361,1735
63.2389,1730
63.2417,1729
63.2444,1733
63.2472,1738
63.2500,1759
63.2528,1775
63.2556,1773
63.2583,1768
63.2611,1769
63.2639,1766
63.2667,1769
63.2694,1778
63.2722,1792
63.2750,1797
63.2778,1805
63.2806,1806
63.2833,1787
63.2861,1782
63.2889,1796
63.2917,1828
63.2944,1851
63.2972,1854
63.3000,1874
63.3028,1889
63.3056,1899
63.3083,1926
63.3111,1933
63.3139,1941
63.3167,1944
63.3194,1946
63.3222,1950
63.3250,1966
63.3278,1983
63.3306,2014
63.3333,2026
63.3361,2045
63.3389,2046
63.3417,2055
63.3444,2029
63.3472,2003
63.3500,1973
63.3528,1938
63.3556,1887
63.3583,1857
63.3611,1828
63.3639,1804
63.3667,1779
63.3694,1763
63.3722,1748
63.3750,1735
63.3778,1734
63.3806,1724
63.3833,1727
63.3861,1719
63.3889,1726
63.3917,1741
63.3944,1759
63.3972,1749
63.4000,1739
63.4028,1721
63.4056,1711
63.4083,1714
63.4111,1722
63.4139,1733
63.4167,1725
63.4194,1718
63.4222,1708
63.4250,1692
63.4278,1668
63.4306,1650
63.4333,1618
63.4361,1565
63.4389,1516
63.4417,1492
63.4444,1497
63.4472,1542
63.4500,1646
63.4528,1818
63.4556,2024
63.4583,2229
63.4611,2504
63.4639,2793
63.4667,3010
63.4694,3166
63.4722,3199
63.4750,3060
63.4778,2738
63.4806,2298
63.4833,1842
63.4861,1499
63.4889,1342
63.4917,1340
63.4944,1423
63.4972,1536
63.5000,1642
63.5028,1702
63.5056,1722
63.5083,1706
63.5111,1684
63.5139,1656
63.5167,1642
63.5194,1653
63.5222,1671
63.5250,1681
63.5278,1687
63.5306,1681
63.5333,1679
63.5361,1676
63.5389,1682
63.5417,1702
63.5444,1713
63.5472,1722
63.5500,1719
63.5528,1721
63.5556,1727
63.5583,1731
63.5611,1736
63.5639,1728
63.5667,1716
63.5694,1713
63.5722,1716
63.5750,1726
63.5778,1740
63.5806,1751
63.5833,1751
63.5861,1751
63.5889,1753
63.5917,1731
63.5944,1727
63.5972,1733
63.6000,1749
63.6028,1773
63.6056,1786
63.6083,1786
63.6111,1782
63.6139,1770
63.6167,1769
63.6194,1765
63.6222,1776
63.6250,1778
63.6278,1796
63.6306,1791
63.6333,1788
63.6361,1802
63.6389,1801
63.6417,1802
63.6444,1812
63.6472,1804
63.6500,1783
63.6528,1788
63.6556,1782
63.6583,1779
63.6611,1783
63.6639,1796
63.6667,1823
63.6694,1831
63.6722,1824
63.6750,1832
63.6778,1793
63.6806,1802
63.6833,1800
63.6861,1804
63.6889,1806
63.6917,1784
63.6944,1799
63.6972,1795
63.7000,1805
63.7028,1807
63.7056,1806
63.7083,1801
63.7111,1806
63.7139,1810
63.7167,1815
63.7194,1825
63.7222,1840
63.7250,1845
63.7278,1831
63.7306,1840
63.7333,1845
63.7361,1861
63.7389,1877
63.7417,1903
63.7444,1935
63.7472,1942
63.7500,1959
63.7528,1953
63.7556,1962
63.7583,1983
63.7611,1980
63.7639,1990
63.7667,2005
63.7694,2029
63.7722,2042
63.7750,2048
63.7778,2051
63.7806,2065
63.7833,2057
63.7861,2027
63.7889,1998
63.7917,1972
63.7944,1940
63.7972,1901
63.8000,1861
63.8028,1842
63.8056,1839
63.8083,1819
63.8111,1796
63.8139,1793
63.8167,1779
63.8194,1770
63.8222,1756
63.8250,1739
63.8278,1723
63.8306,1710
63.8333,1720
63.8361,1733
63.8389,1740
63.8417,1737
63.8444,1726
63.8472,1725
63.8500,1729
63.8528,1721
63.8556,1711
63.8583,1713
63.8611,1723
63.8639,1702
63.8667,1694
63.8694,1668
63.8722,1618
63.8750,1574
63.8778,1515
63.8806,1493
63.8833,1493
63.8861,1515
63.8889,1563
63.8917,1676
63.8944,1849
63.8972,2022
63.9000,2251
63.9028,2530
63.9056,2809
63.9083,3037
63.9111,3171
63.9139,3188
63.9167,3026
63.9194,2685
63.9222,2212
63.9250,1761
63.9278,1458
63.9306,1327
63.9333,1329
63.9361,1424
63.9389,1537
63.9417,1642
63.9444,1702
63.9472,1713
63.9500,1692
63.9528,1665
63.9556,1647
63.9583,1647
63.9611,1654
63.9639,1669
63.9667,1670
63.9694,1655
63.9722,1644
63.9750,1628
63.9778,1628
63.9806,1643
63.9833,1670
63.9861,1694
63.9889,1698
63.9917,1700
63.9944,1693
63.9972,1686
64.0000,1682
64.0028,1697
64.0056,1704
64.0083,1713
64.0111,1704
64.0139,1691
64.0167,1685
64.0194,1695
64.0222,1714
64.0250,1738
64.0278,1734
64.0306,1740
64.0333,1727
64.0361,1726
64.0389,1733
64.0417,1740
64.0444,1745
64.0472,1745
64.0500,1740
64.0528,1728
64.0556,1720
64.0583,1726
64.0611,1740
64.0639,1749
64.0667,1761
64.0694,1761
64.0722,1747
64.0750,1731
64.0778,1734
64.0806,1737
64.0833,1750
64.0861,1763
64.0889,1779
64.0917,1768
64.0944,1771
64.0972,1766
64.1000,1770
64.1028,1770
64.1056,1773
64.1083,1771
64.1111,1767
64.1139,1759
64.1167,1762
64.1194,1727
64.1222,1733
64.1250,1736
64.1278,1749
64.1306,1753
64.1333,1747
64.1361,1741
64.1389,1749
64.1417,1753
64.1444,1753
64.1472,1756
64.1500,1748
64.1528,1751
64.1556,1756
64.1583,1763
64.1611,1778
64.1639,1786
64.1667,1796
64.1694,1795
64.1722,1789
64.1750,1800
64.1778,1814
64.1806,1830
64.1833,1861
64.1861,1871
64.1889,1883
64.1917,1893
64.1944,1904
64.1972,1909
64.2000,1914
64.2028,1938
64.2056,1961
64.2083,1994
64.2111,2008
64.2139,2018
64.2167,2027
64.2194,2030
64.2222,2036
64.2250,2028
64.2278,1998
64.2306,1967
64.2333,1919
64.2361,1884
64.2389,1847
64.2417,1821
64.2444,1784
64.2472,1770
64.2500,1757
64.2528,1730
64.2556,1703
64.2583,1686
64.2611,1673
64.2639,1680
64.2667,1681
64.2694,1674
64.2722,1658
64.2750,1654
64.2778,1646
64.2806,1655
64.2833,1674
64.2861,1670
64.2889,1657
64.2917,1657
64.2944,1650
64.2972,1649
64.3000,1659
64.3028,1662
64.3056,1654
64.3083,1640
64.3111,1611
64.3139,1565
64.3167,1498
64.3194,1440
64.3222,1399
64.3250,1380
64.3278,1391
64.3306,1449
64.3333,1583
64.3361,1772
64.3389,1970
64.3417,2192
64.3444,2474
64.3472,2761
64.3500,2985
64.3528,3121
64.3556,3107
64.3583,2903
64.3611,2547
64.3639,2090
64.3667,1654
64.3694,1367
64.3722,1252
64.3750,1291
64.3778,1405
64.3806,1526
64.3833,1616
64.3861,1665
64.3889,1669
64.3917,1651
64.3944,1622
64.3972,1613
64.4000,1623
64.4028,1634
64.4056,1638
64.4083,1640
64.4111,1648
64.4139,1636
64.4167,1623
64.4194,1622
64.4222,1640
64.4250,1651
64.4278,1662
64.4306,1676
64.4333,1675
64.4361,1664
64.4389,1669
64.4417,1679
64.4444,1690
64.4472,1703
64.4500,1696
64.4528,1685
64.4556,1683
64.4583,1689
64.4611,1700
64.4639,1709
64.4667,1714
64.4694,1699
64.4722,1691
64.4750,1683
64.4778,1677
64.4806,1692
64.4833,1708
64.4861,1720
64.4889,1719
64.4917,1714
64.4944,1702
64.4972,1703
64.5000,1707
64.5028,1721
64.5056,1732
64.5083,1729
64.5111,1723
64.5139,1723
64.5167,1729
64.5194,1735
64.5222,1730
64.5250,1721
64.5278,1732
64.5306,1731
64.5333,1737
64.5361,1737
64.5389,1729
64.5417,1729
64.5444,1730
64.5472,1742
64.5500,1741
64.5528,1745
64.5556,1754
64.5583,1763
64.5611,1698
64.5639,1698
64.5667,1698
64.5694,1702
64.5722,1694
64.5750,1690
64.5778,1688
64.5806,1690
64.5833,1695
64.5861,1694
64.5889,1710
64.5917,1703
64.5944,1714
64.5972,1722
64.6000,1721
64.6028,1729
64.6056,1724
64.6083,1735
64.6111,1731
64.6139,1718
64.6167,1719
64.6194,1721
64.6222,1729
64.6250,1748
64.6278,1739
64.6306,1751
64.6333,1764
64.6361,1796
64.6389,1817
64.6417,1832
64.6444,1847
64.6472,1857
64.6500,1856
64.6528,1869
64.6556,1877
64.6583,1902
64.6611,1912
64.6639,1930
64.6667,1942
64.6694,1950
64.6722,1947
64.6750,1961
64.6778,1947
64.6806,1943
64.6833,1920
64.6861,1895
64.6889,1853
64.6917,1806
64.6944,1774
64.6972,1743
64.7000,1721
64.7028,1702
64.7056,1684
64.7083,1656
64.7111,1635
64.7139,1636
64.7167,1625
64.7194,1632
64.7222,1631
64.7250,1622
64.7278,1626
64.7306,1607
64.7333,1598
64.7361,1590
64.7389,1583
64.7417,1592
64.7444,1604
64.7472,1601
64.7500,1603
64.7528,1587
64.7556,1577
64.7583,1571
64.7611,1563
64.7639,1539
64.7667,1500
64.7694,1432
64.7722,1373
64.7750,1324
64.7778,1314
64.7806,1335
64.7833,1411
64.7861,1572
64.7889,1766
64.7917,1975
64.7944,2210
64.7972,2524
64.8000,2803
64.8028,3017
64.8056,3129
64.8083,3071
64.8111,2827
64.8139,2416
64.8167,1935
64.8194,1504
64.8222,1250
64.8250,1190
64.8278,1239
64.8306,1341
64.8333,1461
64.8361,1540
64.8389,1575
64.8417,1583
64.8444,1560
64.8472,1532
64.8500,1523
64.8528,1504
64.8556,1508
64.8583,1526
64.8611,1539
64.8639,1545
64.8667,1547
64.8694,1527
64.8722,1537
64.8750,1543
64.8778,1549
64.8806,1555
64.8833,1562
64.8861,1551
64.8889,1560
64.8917,1550
64.8944,1554
64.8972,1557
64.9000,1576
64.9028,1592
64.9056,1585
64.9083,1576
64.9111,1572
64.9139,1579
64.9167,1594
64.9194,1612
64.9222,1613
64.9250,1608
64.9278,1611
64.9306,1603
64.9333,1619
64.9361,1626
64.9389,1636
64.9417,1644
64.9444,1627
64.9472,1630
64.9500,1617
64.9528,1629
64.9556,1640
64.9583,1646
64.9611,1648
64.9639,1635
64.9667,1631
64.9694,1629
64.9722,1648
64.9750,1652
64.9778,1670
64.9806,1665
64.9833,1677
64.9861,1672
64.9889,1657
64.9917,1645
64.9944,1643
64.9972,1650
65.0000,1660
65.0028,1680
65.0056,1688
65.0083,1675
65.0111,1690
65.0139,1603
65.0167,1607
65.0194,1615
65.0222,1621
65.0250,1613
65.0278,1600
65.0306,1591
65.0333,1603
65.0361,1612
65.0389,1618
65.0417,1635
65.0444,1629
65.0472,1637
65.0500,1629
65.0528,1626
65.0556,1639
65.0583,1647
65.0611,1640
65.0639,1641
65.0667,1647
65.0694,1644
65.0722,1644
65.0750,1642
65.0778,1651
65.0806,1650
65.0833,1642
65.0861,1637
65.0889,1634
65.0917,1633
65.0944,1639
65.0972,1640
65.1000,1631
65.1028,1623
65.1056,1618
65.1083,1603
65.1111,1613
65.1139,1626
65.1167,1650
65.1194,1677
65.1222,1701
65.1250,1715
65.1278,1733
65.1306,1725
65.1333,1729
65.1361,1738
65.1389,1746
65.1417,1759
65.1444,1764
65.1472,1777
65.1500,1788
65.1528,1807
65.1556,1828
65.1583,1827
65.1611,1823
65.1639,1794
65.1667,1756
65.1694,1712
65.1722,1683
65.1750,1656
65.1778,1628
65.1806,1602
65.1833,1588
65.1861,1564
65.1889,1523
65.1917,1498
65.1944,1473
65.1972,1449
65.2000,1441
65.2028,1456
65.2056,1470
65.2083,1482
65.2111,1480
65.2139,1480
65.2167,1462
65.2194,1439
65.2222,1437
65.2250,1435
65.2278,1439
65.2306,1439
65.2333,1438
65.2361,1420
65.2389,1408
65.2417,1389
65.2444,1367
65.2472,1346
65.2500,1309
65.2528,1250
65.2556,1189
65.2583,1151
65.2611,1165
65.2639,1206
65.2667,1301
65.2694,1469
65.2722,1667
65.2750,1879
65.2778,2125
65.2806,2431
65.2833,2691
65.2861,2885
65.2889,2968
65.2917,2893
65.2944,2639
65.2972,2235
65.3000,1763
65.3028,1328
65.3056,1063
65.3083,983
65.3111,1049
65.3139,1171
65.3167,1288
65.3194,1377
65.3222,1408
65.3250,1393
65.3278,1356
65.3306,1328
65.3333,1315
65.3361,1321
65.3389,1317
65.3417,1315
65.3444,1325
65.3472,1329
65.3500,1343
65.3528,1359
65.3556,1365
65.3583,1377
65.3611,1391
65.3639,1391
65.3667,1380
65.3694,1356
65.3722,1352
65.3750,1360
65.3778,1386
65.3806,1410
65.3833,1435
65.3861,1431
65.3889,1418
65.3917,1408
65.3944,1403
65.3972,1408
65.4000,1436
65.4028,1443
65.4056,1436
65.4083,1437
65.4111,1443
65.4139,1446
65.4167,1456
65.4194,1458
65.4222,1457
65.4250,1459
65.4278,1468
65.4306,1474
65.4333,1479
65.4361,1491
65.4389,1500
65.4417,1516
65.4444,1517
65.4472,1512
65.4500,1508
65.4528,1518
65.4556,1523
65.4583,1532
65.4611,1551
65.4639,1550
65.4667,1549
65.4694,1539
65.4722,1552
65.4750,1547
65.4778,1549
65.4806,1555
65.4833,1566
65.4861,1581
65.4889,1575
65.4917,1571
65.4944,1567
65.4972,1514
65.5000,1517
65.5028,1525
65.5056,1525
65.5083,1516
65.5111,1497
65.5139,1496
65.5167,1508
65.5194,1515
65.5222,1518
65.5250,1531
65.5278,1542
65.5306,1541
65.5333,1549
65.5361,1562
65.5389,1580
65.5417,1571
65.5444,1578
65.5472,1556
65.5500,1555
65.5528,1557
65.5556,1577
65.5583,1599
65.5611,1608
65.5639,1601
65.5667,1608
65.5694,1585
65.5722,1581
65.5750,1581
65.5778,1594
65.5806,1606
65.5833,1608
65.5861,1609
65.5889,1612
65.5917,1600
65.5944,1611
65.5972,1624
65.6000,1625
65.6028,1617
65.6056,1614
65.6083,1616
65.6111,1622
65.6139,1624
65.6167,1629
65.6194,1642
65.6222,1652
65.6250,1648
65.6278,1639
65.6306,1630
65.6333,1620
65.6361,1632
65.6389,1637
65.6417,1656
65.6444,1669
65.6472,1680
65.6500,1705
65.6528,1729
65.6556,1757
65.6583,1779
65.6611,1795
65.6639,1791
65.6667,1803
65.6694,1820
65.6722,1837
65.6750,1869
65.6778,1882
65.6806,1878
65.6833,1883
65.6861,1890
65.6889,1913
65.6917,1906
65.6944,1877
65.6972,1835
65.7000,1789
65.7028,1759
65.7056,1726
65.7083,1711
65.7111,1701
65.7139,1682
65.7167,1667
65.7194,1640
65.7222,1630
65.7250,1618
65.7278,1611
65.7306,1605
65.7333,1609
65.7361,1616
65.7389,1611
65.7417,1624
65.7444,1625
65.7472,1616
65.7500,1619
65.7528,1627
65.7556,1638
65.7583,1641
65.7611,1640
65.7639,1644
65.7667,1635
65.7694,1632
65.7722,1620
65.7750,1604
65.7778,1565
65.7806,1511
65.7833,1467
65.7861,1443
65.7889,1464
65.7917,1507
65.7944,1635
65.7972,1829
65.8000,2048
65.8028,2254
65.8056,2513
65.8083,2808
65.8111,3075
65.8139,3225
65.8167,3259
65.8194,3131
65.8222,2838
65.8250,2402
65.8278,1927
65.8306,1543
65.8333,1334
65.8361,1306
65.8389,1383
65.8417,1507
65.8444,1628
65.8472,1711
65.8500,1734
65.8528,1726
65.8556,1697
65.8583,1681
65.8611,1679
65.8639,1685
65.8667,1685
65.8694,1688
65.8722,1698
65.8750,1711
65.8778,1716
65.8806,1723
65.8833,1737
65.8861,1753
65.8889,1767
65.8917,1769
65.8944,1767
65.8972,1759
65.9000,1755
65.9028,1756
65.9056,1759
65.9083,1762
65.9111,1768
65.9139,1782
65.9167,1785
65.9194,1793
65.9222,1813
65.9250,1826
65.9278,1841
65.9306,1833
65.9333,1827
65.9361,1836
65.9389,1837
65.9417,1851
65.9444,1869
65.9472,1876
65.9500,1891
65.9528,1898
65.9556,1900
65.9583,1896
65.9611,1907
65.9639,1914
65.9667,1914
65.9694,1926
65.9722,1917
65.9750,1922
65.9778,1926
65.9806,1918
65.9833,1930
65.9861,1947
65.9889,1957
65.9917,1963
65.9944,1961
65.9972,1965
66.0000,1971
66.0028,1982
66.0056,1997
66.0083,2007
66.0111,2005
66.0139,2003
66.0167,2006
66.0194,2001
66.0222,1857
66.0250,1868
66.0278,1873
66.0306,1878
66.0333,1884
66.0361,1896
66.0389,1902
66.0417,1912
66.0444,1922
66.0472,1919
66.0500,1917
66.0528,1922
66.0556,1925
66.0583,1937
66.0611,1941
66.0639,1948
66.0667,1953
66.0694,1951
66.0722,1944
66.0750,1948
66.0778,1948
66.0806,1952
66.0833,1955
66.0861,1976
66.0889,1973
66.0917,1985
66.0944,1976
66.0972,1967
66.1000,1962
66.1028,1975
66.1056,1975
66.1083,1986
66.1111,1977
66.1139,1974
66.1167,1979
66.1194,1975
66.1222,1978
66.1250,1968
66.1278,1974
66.1306,1974
66.1333,1963
66.1361,1953
66.1389,1933
66.1417,1937
66.1444,1957
66.1472,1971
66.1500,1973
66.1528,1970
66.1556,1968
66.1583,1966
66.1611,1960
66.1639,1949
66.1667,1953
66.1694,1952
66.1722,1956
66.1750,1945
66.1778,1944
66.1806,1941
66.1833,1948
66.1861,1941
66.1889,1935
66.1917,1931
66.1944,1917
66.1972,1919
66.2000,1921
66.2028,1918
66.2056,1924
66.2083,1922
66.2111,1927
66.2139,1928
66.2167,1924
66.2194,1917
66.2222,1907
66.2250,1910
66.2278,1912
66.2306,1918
66.2333,1924
66.2361,1920
66.2389,1925
66.2417,1950
66.2444,1974
66.2472,2008
66.2500,2030
66.2528,2019
66.2556,2017
66.2583,2019
66.2611,2022
66.2639,2040
66.2667,2064
66.2694,2098
66.2722,2126
66.2750,2128
66.2778,2125
66.2806,2129
66.2833,2113
66.2861,2098
66.2889,2057
66.2917,2015
66.2944,1971
66.2972,1934
66.3000,1921
66.3028,1909
66.3056,1888
66.3083,1866
66.3111,1851
66.3139,1819
66.3167,1817
66.3194,1826
66.3222,1837
66.3250,1837
66.3278,1835
66.3306,1830
66.3333,1823
66.3361,1817
66.3389,1805
66.3417,1807
66.3444,1809
66.3472,1800
66.3500,1811
66.3528,1809
66.3556,1794
66.3583,1781
66.3611,1774
66.3639,1779
66.3667,1767
66.3694,1740
66.3722,1710
66.3750,1681
66.3778,1664
66.3806,1669
66.3833,1685
66.3861,1737
66.3889,1852
66.3917,2011
66.3944,2179
66.3972,2392
66.4000,2657
66.4028,2898
66.4056,3096
66.4083,3216
66.4111,3204
66.4139,3013
66.4167,2631
66.4194,2165
66.4222,1743
66.4250,1484
66.4278,1383
66.4306,1412
66.4333,1491
66.4361,1597
66.4389,1672
66.4417,1726
66.4444,1738
66.4472,1717
66.4500,1687
66.4528,1661
66.4556,1670
66.4583,1694
66.4611,1717
66.4639,1720
66.4667,1713
66.4694,1702
66.4722,1695
66.4750,1699
66.4778,1710
66.4806,1715
66.4833,1728
66.4861,1731
66.4889,1722
66.4917,1704
66.4944,1715
66.4972,1724
66.5000,1730
66.5028,1743
66.5056,1740
66.5083,1733
66.5111,1725
66.5139,1724
66.5167,1738
66.5194,1754
66.5222,1780
66.5250,1798
66.5278,1789
66.5306,1777
66.5333,1769
66.5361,1768
66.5389,1775
66.5417,1788
66.5444,1790
66.5472,1812
66.5500,1809
66.5528,1808
66.5556,1813
66.5583,1820
66.5611,1826
66.5639,1829
66.5667,1826
66.5694,1821
66.5722,1820
66.5750,1818
66.5778,1832
66.5806,1845
66.5833,1848
66.5861,1842
66.5889,1852
66.5917,1853
66.5944,1851
66.5972,1853
66.6000,1849
66.6028,1851
66.6056,1862
66.6083,1867
66.6111,1867
66.6139,1866
66.6167,1694
66.6194,1701
66.6222,1710
66.6250,1724
66.6278,1712
66.6306,1711
66.6333,1714
66.6361,1722
66.6389,1736
66.6417,1737
66.6444,1740
66.6472,1724
66.6500,1712
66.6528,1708
66.6556,1719
66.6583,1735
66.6611,1746
66.6639,1725
66.6667,1713
66.6694,1700
66.6722,1705
66.6750,1708
66.6778,1726
66.6806,1737
66.6833,1726
66.6861,1725
66.6889,1716
66.6917,1715
66.6944,1703
66.6972,1719
66.7000,1727
66.7028,1757
66.7056,1761
66.7083,1742
66.7111,1731
66.7139,1725
66.7167,1728
66.7194,1730
66.7222,1717
66.7250,1698
66.7278,1695
66.7306,1676
66.7333,1673
66.7361,1672
66.7389,1678
66.7417,1687
66.7444,1695
66.7472,1710
66.7500,1706
66.7528,1708
66.7556,1714
66.7583,1712
66.7611,1708
66.7639,1685
66.7667,1680
66.7694,1684
66.7722,1695
66.7750,1720
66.7778,1735
66.7806,1739
66.7833,1734
66.7861,1724
66.7889,1709
66.7917,1702
66.7944,1702
66.7972,1714
66.8000,1731
66.8028,1755
66.8056,1783
66.8083,1799
66.8111,1813
66.8139,1826
66.8167,1836
66.8194,1840
66.8222,1849
66.8250,1866
66.8278,1888
66.8306,1885
66.8333,1900
66.8361,1911
66.8389,1909
66.8417,1898
66.8444,1882
66.8472,1861
66.8500,1827
66.8528,1789
66.8556,1749
66.8583,1734
66.8611,1721
66.8639,1723
66.8667,1728
66.8694,1716
66.8722,1704
66.8750,1689
66.8778,1694
66.8806,1690
66.8833,1678
66.8861,1667
66.8889,1655
66.8917,1651
66.8944,1648
66.8972,1657
66.9000,1673
66.9028,1668
66.9056,1664
66.9083,1652
66.9111,1653
66.9139,1668
66.9167,1675
66.9194,1682
66.9222,1658
66.9250,1642
66.9278,1627
66.9306,1606
66.9333,1585
66.9361,1579
66.9389,1574
66.9417,1585
66.9444,1669
66.9472,1810
66.9500,2004
66.9528,2227
66.9556,2487
66.9583,2762
66.9611,2988
66.9639,3155
66.9667,3242
66.9694,3229
66.9722,3026
66.9750,2646
66.9778,2160
66.9806,1742
66.9833,1468
66.9861,1333
66.9889,1317
66.9917,1383
66.9944,1466
66.9972,1564
67.0000,1639
67.0028,1666
67.0056,1671
67.0083,1645
67.0111,1610
67.0139,1596
67.0167,1617
67.0194,1628
67.0222,1649
67.0250,1661
67.0278,1664
67.0306,1658
67.0333,1669
67.0361,1682
67.0389,1677
67.0417,1682
67.0444,1676
67.0472,1678
67.0500,1679
67.0528,1695
67.0556,1714
67.0583,1716
67.0611,1725
67.0639,1726
67.0667,1722
67.0694,1709
67.0722,1714
67.0750,1713
67.0778,1716
67.0806,1711
67.0833,1703
67.0861,1706
67.0889,1722
67.0917,1735
67.0944,1755
67.0972,1763
67.1000,1784
67.1028,1784
67.1056,1768
67.1083,1750
67.1111,1747
67.1139,1753
67.1167,1758
67.1194,1770
67.1222,1778
67.1250,1781
67.1278,1783
67.1306,1787
67.1333,1792
67.1361,1811
67.1389,1832
67.1417,1857
67.1444,1859
67.1472,1858
67.1500,1849
67.1528,1840
67.1556,1844
67.1583,1856
67.1611,1859
67.1639,1856
67.1667,1846
67.1694,1828
67.1722,1824
67.1750,1738
67.1778,1742
67.1806,1732
67.1833,1722
67.1861,1718
67.1889,1728
67.1917,1751
67.1944,1764
67.1972,1778
67.2000,1775
67.2028,1752
67.2056,1746
67.2083,1767
67.2111,1778
67.2139,1782
67.2167,1789
67.2194,1786
67.2222,1778
67.2250,1782
67.2278,1794
67.2306,1813
67.2333,1814
67.2361,1817
67.2389,1812
67.2417,1813
67.2444,1813
67.2472,1815
67.2500,1822
67.2528,1828
67.2556,1841
67.2583,1847
67.2611,1847
67.2639,1834
67.2667,1813
67.2694,1807
67.2722,1804
67.2750,1799
67.2778,1812
67.2806,1838
67.2833,1845
67.2861,1842
67.2889,1837
67.2917,1833
67.2944,1820
67.2972,1817
67.3000,1822
67.3028,1819
67.3056,1817
67.3083,1830
67.3111,1849
67.3139,1849
67.3167,1835
67.3194,1827
67.3222,1817
67.3250,1812
67.3278,1809
67.3306,1812
67.3333,1812
67.3361,1820
67.3389,1839
67.3417,1856
67.3444,1861
67.3472,1872
67.3500,1899
67.3528,1920
67.3556,1935
67.3583,1939
67.3611,1922
67.3639,1920
67.3667,1951
67.3694,1989
67.3722,2021
67.3750,2046
67.3778,2047
67.3806,2055
67.3833,2056
67.3861,2071
67.3889,2064
67.3917,2027
67.3944,1984
67.3972,1941
67.4000,1897
67.4028,1873
67.4056,1860
67.4083,1848
67.4111,1832
67.4139,1806
67.4167,1783
67.4194,1769
67.4222,1753
67.4250,1756
67.4278,1744
67.4306,1738
67.4333,1730
67.4361,1735
67.4389,1739
67.4417,1740
67.4444,1735
67.4472,1728
67.4500,1714
67.4528,1716
67.4556,1717
67.4583,1717
67.4611,1722
67.4639,1726
67.4667,1715
67.4694,1696
67.4722,1666
67.4750,1649
67.4778,1612
67.4806,1573
67.4833,1549
67.4861,1542
67.4889,1543
67.4917,1593
67.4944,1726
67.4972,1926
67.5000,2137
67.5028,2351
67.5056,2609
67.5083,2903
67.5111,3138
67.5139,3272
67.5167,3263
67.5194,3082
67.5222,2749
67.5250,2283
67.5278,1800
67.5306,1449
67.5333,1288
67.5361,1292
67.5389,1383
67.5417,1495
67.5444,1596
67.5472,1658
67.5500,1662
67.5528,1644
67.5556,1617
67.5583,1602
67.5611,1600
67.5639,1600
67.5667,1615
67.5694,1635
67.5722,1641
67.5750,1650
67.5778,1646
67.5806,1645
67.5833,1650
67.5861,1652
67.5889,1656
67.5917,1655
67.5944,1660
67.5972,1678
67.6000,1698
67.6028,1704
67.6056,1701
67.6083,1686
67.6111,1678
67.6139,1668
67.6167,1663
67.6194,1676
67.6222,1703
67.6250,1727
67.6278,1731
67.6306,1721
67.6333,1711
67.6361,1710
67.6389,1720
67.6417,1737
67.6444,1750
67.6472,1750
67.6500,1738
67.6528,1737
67.6556,1741
67.6583,1750
67.6611,1761
67.6639,1774
67.6667,1782
67.6694,1781
67.6722,1768
67.6750,1763
67.6778,1769
67.6806,1779
67.6833,1790
67.6861,1811
67.6889,1814
67.6917,1823
67.6944,1818
67.6972,1816
67.7000,1815
67.7028,1819
67.7056,1818
67.7083,1815
67.7111,1836
67.7139,1835
67.7167,1828
67.7194,1811
67.7222,1628
67.7250,1645
67.7278,1645
67.7306,1632
67.7333,1636
67.7361,1641
67.7389,1658
67.7417,1674
67.7444,1672
67.7472,1655
67.7500,1646
67.7528,1623
67.7556,1628
67.7583,1634
67.7611,1656
67.7639,1673
67.7667,1673
67.7694,1662
67.7722,1661
67.7750,1650
67.7778,1651
67.7806,1649
67.7833,1650
67.7861,1669
67.7889,1681
67.7917,1679
67.7944,1668
67.7972,1669
67.8000,1682
67.8028,1694
67.8056,1680
67.8083,1673
67.8111,1668
67.8139,1661
67.8167,1662
67.8194,1642
67.8222,1643
67.8250,1647
67.8278,1648
67.8306,1646
67.8333,1643
67.8361,1647
67.8389,1640
67.8417,1642
67.8444,1640
67.8472,1645
67.8500,1656
67.8528,1667
67.8556,1658
67.8583,1642
67.8611,1632
67.8639,1616
67.8667,1620
67.8694,1637
67.8722,1660
67.8750,1661
67.8778,1663
67.8806,1672
67.8833,1684
67.8861,1714
67.8889,1729
67.8917,1744
67.8944,1754
67.8972,1754
67.9000,1764
67.9028,1756
67.9056,1787
67.9083,1813
67.9111,1831
67.9139,1844
67.9167,1854
67.9194,1861
67.9222,1855
67.9250,1861
67.9278,1860
67.9306,1842
67.9333,1821
67.9361,1777
67.9389,1733
67.9417,1701
67.9444,1660
67.9472,1635
67.9500,1613
67.9528,1604
67.9556,1603
67.9583,1579
67.9611,1553
67.9639,1532
67.9667,1519
67.9694,1514
67.9722,1516
67.9750,1523
67.9778,1528
67.9806,1525
67.9833,1512
67.9861,1513
67.9889,1517
67.9917,1518
67.9944,1513
67.9972,1519
68.0000,1525
68.0028,1526
68.0056,1517
68.0083,1508
68.0111,1484
68.0139,1446
68.0167,1400
68.0194,1348
68.0222,1331
68.0250,1344
68.0278,1364
68.0306,1418
68.0333,1539
68.0361,1713
68.0389,1924
68.0417,2148
68.0444,2413
68.0472,2747
68.0500,3017
68.0528,3190
68.0556,3201
68.0583,3033
68.0611,2705
68.0639,2241
68.0667,1759
68.0694,1363
68.0722,1160
68.0750,1116
68.0778,1189
68.0806,1306
68.0833,1424
68.0861,1496
68.0889,1515
68.0917,1500
68.0944,1464
68.0972,1437
68.1000,1438
68.1028,1440
68.1056,1449
68.1083,1448
68.1111,1441
68.1139,1429
68.1167,1425
68.1194,1450
68.1222,1465
68.1250,1487
68.1278,1491
68.1306,1487
68.1333,1475
68.1361,1468
68.1389,1474
68.1417,1477
68.1444,1487
68.1472,1493
68.1500,1492
68.1528,1485
68.1556,1483
68.1583,1489
68.1611,1502
68.1639,1515
68.1667,1531
68.1694,1558
68.1722,1556
68.1750,1554
68.1778,1545
68.1806,1542
68.1833,1545
68.1861,1551
68.1889,1563
68.1917,1566
68.1944,1554
68.1972,1556
68.2000,1555
68.2028,1549
68.2056,1556
68.2083,1568
68.2111,1583
68.2139,1588
68.2167,1587
68.2194,1589
68.2222,1599
68.2250,1624
68.2278,1636
68.2306,1646
68.2333,1638
68.2361,1654
68.2389,1658
68.2417,1678
68.2444,1684
68.2472,1692
68.2500,1678
68.2528,1676
68.2556,1667
68.2583,1674
68.2611,1552
68.2639,1573
68.2667,1585
68.2694,1588
68.2722,1599
68.2750,1583
68.2778,1576
68.2806,1575
68.2833,1585
68.2861,1581
68.2889,1586
68.2917,1578
68.2944,1576
68.2972,1583
68.3000,1589
68.3028,1599
68.3056,1608
68.3083,1605
68.3111,1600
68.3139,1583
68.3167,1586
68.3194,1600
68.3222,1603
68.3250,1612
68.3278,1605
68.3306,1594
68.3333,1599
68.3361,1603
68.3389,1633
68.3417,1654
68.3444,1676
68.3472,1675
68.3500,1663
68.3528,1645
68.3556,1632
68.3583,1630
68.3611,1640
68.3639,1647
68.3667,1652
68.3694,1649
68.3722,1643
68.3750,1650
68.3778,1659
68.3806,1657
68.3833,1664
68.3861,1654
68.3889,1646
68.3917,1631
68.3944,1619
68.3972,1606
68.4000,1608
68.4028,1614
68.4056,1637
68.4083,1648
68.4111,1661
68.4139,1649
68.4167,1634
68.4194,1623
68.4222,1609
68.4250,1623
68.4278,1651
68.4306,1676
68.4333,1686
68.4361,1692
68.4389,1720
68.4417,1735
68.4444,1771
68.4472,1790
68.4500,1800
68.4528,1790
68.4556,1806
68.4583,1836
68.4611,1865
68.4639,1898
68.4667,1888
68.4694,1880
68.4722,1879
68.4750,1876
68.4778,1873
68.4806,1845
68.4833,1810
68.4861,1767
68.4889,1721
68.4917,1686
68.4944,1663
68.4972,1642
68.5000,1623
68.5028,1612
68.5056,1596
68.5083,1591
68.5111,1578
68.5139,1562
68.5167,1547
68.5194,1554
68.5222,1581
68.5250,1582
68.5278,1584
68.5306,1565
68.5333,1545
68.5361,1533
68.5389,1531
68.5417,1524
68.5444,1524
68.5472,1537
68.5500,1542
68.5528,1540
68.5556,1534
68.5583,1516
68.5611,1500
68.5639,1468
68.5667,1416
68.5694,1377
68.5722,1361
68.5750,1377
68.5778,1398
68.5806,1480
68.5833,1654
68.5861,1856
68.5889,2066
68.5917,2290
68.5944,2572
68.5972,2848
68.6000,3049
68.6028,3109
68.6056,3021
68.6083,2733
68.6111,2330
68.6139,1834
68.6167,1386
68.6194,1126
68.6222,1057
68.6250,1114
68.6278,1226
68.6306,1343
68.6333,1430
68.6361,1468
68.6389,1466
68.6417,1432
68.6444,1397
68.6472,1372
68.6500,1361
68.6528,1361
68.6556,1377
68.6583,1400
68.6611,1414
68.6639,1419
68.6667,1404
68.6694,1407
68.6722,1414
68.6750,1417
68.6778,1414
68.6806,1418
68.6833,1400
68.6861,1410
68.6889,1418
68.6917,1431
68.6944,1433
68.6972,1444
68.7000,1447
68.7028,1445
68.7056,1431
68.7083,1413
68.7111,1426
68.7139,1463
68.7167,1478
68.7194,1499
68.7222,1509
68.7250,1507
68.7278,1501
68.7306,1498
68.7333,1498
68.7361,1491
68.7389,1476
68.7417,1464
68.7444,1459
68.7472,1470
68.7500,1482
68.7528,1500
68.7556,1506
68.7583,1519
68.7611,1528
68.7639,1535
68.7667,1532
68.7694,1565
68.7722,1578
68.7750,1569
68.7778,1561
68.7806,1545
68.7833,1563
68.7861,1575
68.7889,1579
68.7917,1602
68.7944,1620
68.7972,1622
68.8000,1603
68.8028,1588
68.8056,1580
68.8083,1449
68.8111,1459
68.8139,1468
68.8167,1460
68.8194,1450
68.8222,1447
68.8250,1452
68.8278,1457
68.8306,1473
68.8333,1488
68.8361,1500
68.8389,1500
68.8417,1498
68.8444,1477
68.8472,1477
68.8500,1479
68.8528,1466
68.8556,1475
68.8583,1489
68.8611,1501
68.8639,1515
68.8667,1526
68.8694,1526
68.8722,1538
68.8750,1549
68.8778,1537
68.8806,1521
68.8833,1513
68.8861,1517
68.8889,1516
68.8917,1521
68.8944,1535
68.8972,1550
68.9000,1560
68.9028,1553
68.9056,1548
68.9083,1544
68.9111,1559
68.9139,1580
68.9167,1586
68.9194,1592
68.9222,1590
68.9250,1592
68.9278,1584
68.9306,1581
68.9333,1594
68.9361,1618
68.9389,1624
68.9417,1649
68.9444,1670
68.9472,1688
68.9500,1707
68.9528,1715
68.9556,1732
68.9583,1751
68.9611,1752
68.9639,1746
68.9667,1767
68.9694,1800
