Tiempo(s),Valor_ADC
0.0028,1613
0.0056,1628
0.0083,1631
0.0111,1620
0.0139,1613
0.0167,1600
0.0194,1604
0.0222,1596
0.0250,1601
0.0278,1596
0.0306,1609
0.0333,1626
0.0361,1628
0.0389,1635
0.0417,1637
0.0444,1641
0.0472,1635
0.0500,1596
0.0528,1567
0.0556,1534
0.0583,1499
0.0611,1490
0.0639,1495
0.0667,1527
0.0694,1591
0.0722,1638
0.0750,1703
0.0778,1829
0.0806,2030
0.0833,2294
0.0861,2610
0.0889,2889
0.0917,3048
0.0944,3017
0.0972,2824
0.1000,2594
0.1028,2373
0.1056,2186
0.1083,2052
0.1111,1981
0.1139,1948
0.1167,1894
0.1194,1831
0.1222,1761
0.1250,1699
0.1278,1644
0.1306,1619
0.1333,1595
0.1361,1595
0.1389,1580
0.1417,1550
0.1444,1515
0.1472,1478
0.1500,1473
0.1528,1489
0.1556,1514
0.1583,1551
0.1611,1592
0.1639,1604
0.1667,1591
0.1694,1585
0.1722,1557
0.1750,1548
0.1778,1551
0.1806,1561
0.1833,1583
0.1861,1593
0.1889,1590
0.1917,1591
0.1944,1594
0.1972,1607
0.2000,1630
0.2028,1657
0.2056,1667
0.2083,1672
0.2111,1665
0.2139,1667
0.2167,1698
0.2194,1718
0.2222,1715
0.2250,1702
0.2278,1702
0.2306,1706
0.2333,1729
0.2361,1754
0.2389,1772
0.2417,1780
0.2444,1772
0.2472,1770
0.2500,1759
0.2528,1745
0.2556,1761
0.2583,1764
0.2611,1774
0.2639,1766
0.2667,1764
0.2694,1743
0.2722,1732
0.2750,1730
0.2778,1728
0.2806,1737
0.2833,1729
0.2861,1724
0.2889,1717
0.2917,1700
0.2944,1695
0.2972,1694
0.3000,1708
0.3028,1712
0.3056,1709
0.3083,1692
0.3111,1666
0.3139,1671
0.3167,1673
0.3194,1678
0.3222,1695
0.3250,1695
0.3278,1695
0.3306,1693
0.3333,1695
0.3361,1695
0.3389,1694
0.3417,1694
0.3444,1693
0.3472,1711
0.3500,1738
0.3528,1739
0.3556,1740
0.3583,1726
0.3611,1714
0.3639,1700
0.3667,1697
0.3694,1682
0.3722,1680
0.3750,1687
0.3778,1707
0.3806,1730
0.3833,1742
0.3861,1748
0.3889,1751
0.3917,1761
0.3944,1785
0.3972,1790
0.4000,1809
0.4028,1811
0.4056,1813
0.4083,1814
0.4111,1797
0.4139,1807
0.4167,1806
0.4194,1796
0.4222,1796
0.4250,1823
0.4278,1846
0.4306,1865
0.4333,1882
0.4361,1904
0.4389,1894
0.4417,1894
0.4444,1870
0.4472,1842
0.4500,1802
0.4528,1756
0.4556,1722
0.4583,1690
0.4611,1657
0.4639,1638
0.4667,1616
0.4694,1588
0.4722,1560
0.4750,1555
0.4778,1552
0.4806,1551
0.4833,1546
0.4861,1536
0.4889,1517
0.4917,1517
0.4944,1508
0.4972,1511
0.5000,1509
0.5028,1506
0.5056,1488
0.5083,1477
0.5111,1471
0.5139,1450
0.5167,1436
0.5194,1408
0.5222,1375
0.5250,1337
0.5278,1297
0.5306,1306
0.5333,1339
0.5361,1391
0.5389,1466
0.5417,1532
0.5444,1618
0.5472,1772
0.5500,1977
0.5528,2242
0.5556,2508
0.5583,2694
0.5611,2719
0.5639,2543
0.5667,2290
0.5694,2059
0.5722,1856
0.5750,1730
0.5778,1649
0.5806,1637
0.5833,1622
0.5861,1612
0.5889,1571
0.5917,1502
0.5944,1431
0.5972,1373
0.6000,1362
0.6028,1365
0.6056,1370
0.6083,1386
0.6111,1406
0.6139,1418
0.6167,1411
0.6194,1395
0.6222,1395
0.6250,1382
0.6278,1397
0.6306,1399
0.6333,1409
0.6361,1433
0.6389,1443
0.6417,1466
0.6444,1489
0.6472,1479
0.6500,1469
0.6528,1464
0.6556,1467
0.6583,1467
0.6611,1479
0.6639,1487
0.6667,1490
0.6694,1510
0.6722,1523
0.6750,1534
0.6778,1553
0.6806,1576
0.6833,1589
0.6861,1611
0.6889,1635
0.6917,1645
0.6944,1648
0.6972,1658
0.7000,1670
0.7028,1685
0.7056,1705
0.7083,1728
0.7111,1726
0.7139,1729
0.7167,1720
0.7194,1731
0.7222,1735
0.7250,1737
0.7278,1734
0.7306,1738
0.7333,1718
0.7361,1703
0.7389,1703
0.7417,1714
0.7444,1733
0.7472,1735
0.7500,1675
0.7528,1678
0.7556,1682
0.7583,1665
0.7611,1655
0.7639,1657
0.7667,1667
0.7694,1687
0.7722,1673
0.7750,1661
0.7778,1642
0.7806,1637
0.7833,1651
0.7861,1678
0.7889,1692
0.7917,1714
0.7944,1694
0.7972,1693
0.8000,1706
0.8028,1737
0.8056,1753
0.8083,1759
0.8111,1755
0.8139,1759
0.8167,1739
0.8194,1725
0.8222,1708
0.8250,1688
0.8278,1698
0.8306,1727
0.8333,1752
0.8361,1783
0.8389,1802
0.8417,1799
0.8444,1766
0.8472,1733
0.8500,1685
0.8528,1644
0.8556,1619
0.8583,1616
0.8611,1607
0.8639,1613
0.8667,1602
0.8694,1591
0.8722,1582
0.8750,1583
0.8778,1579
0.8806,1581
0.8833,1576
0.8861,1573
0.8889,1565
0.8917,1570
0.8944,1556
0.8972,1554
0.9000,1566
0.9028,1565
0.9056,1576
0.9083,1583
0.9111,1603
0.9139,1599
0.9167,1594
0.9194,1597
0.9222,1593
0.9250,1583
0.9278,1552
0.9306,1512
0.9333,1503
0.9361,1526
0.9389,1556
0.9417,1595
0.9444,1643
0.9472,1701
0.9500,1820
0.9528,2020
0.9556,2297
0.9583,2590
0.9611,2804
0.9639,2874
0.9667,2806
0.9694,2655
0.9722,2486
0.9750,2327
0.9778,2188
0.9806,2058
0.9833,1970
0.9861,1932
0.9889,1884
0.9917,1832
0.9944,1750
0.9972,1652
1.0000,1556
1.0028,1503
1.0056,1499
1.0083,1521
1.0111,1539
1.0139,1548
1.0167,1540
1.0194,1534
1.0222,1539
1.0250,1552
1.0278,1553
1.0306,1563
1.0333,1575
1.0361,1573
1.0389,1570
1.0417,1579
1.0444,1585
1.0472,1595
1.0500,1606
1.0528,1593
1.0556,1596
1.0583,1588
1.0611,1597
1.0639,1609
1.0667,1622
1.0694,1639
1.0722,1653
1.0750,1661
1.0778,1650
1.0806,1640
1.0833,1647
1.0861,1662
1.0889,1675
1.0917,1681
1.0944,1684
1.0972,1678
1.1000,1683
1.1028,1704
1.1056,1719
1.1083,1732
1.1111,1743
1.1139,1751
1.1167,1745
1.1194,1743
1.1222,1717
1.1250,1707
1.1278,1707
1.1306,1719
1.1333,1746
1.1361,1767
1.1389,1783
1.1417,1782
1.1444,1788
1.1472,1789
1.1500,1787
1.1528,1784
1.1556,1767
1.1583,1750
1.1611,1751
1.1639,1758
1.1667,1767
1.1694,1763
1.1722,1752
1.1750,1725
1.1778,1720
1.1806,1718
1.1833,1712
1.1861,1715
1.1889,1725
1.1917,1729
1.1944,1714
1.1972,1685
1.2000,1690
1.2028,1718
1.2056,1719
1.2083,1719
1.2111,1703
1.2139,1678
1.2167,1676
1.2194,1691
1.2222,1706
1.2250,1721
1.2278,1733
1.2306,1730
1.2333,1739
1.2361,1747
1.2389,1747
1.2417,1747
1.2444,1744
1.2472,1733
1.2500,1729
1.2528,1737
1.2556,1730
1.2583,1732
1.2611,1745
1.2639,1768
1.2667,1805
1.2694,1838
1.2722,1869
1.2750,1884
1.2778,1880
1.2806,1861
1.2833,1858
1.2861,1854
1.2889,1853
1.2917,1857
1.2944,1858
1.2972,1876
1.3000,1899
1.3028,1914
1.3056,1925
1.3083,1929
1.3111,1942
1.3139,1940
1.3167,1928
1.3194,1891
1.3222,1851
1.3250,1797
1.3278,1749
1.3306,1729
1.3333,1712
1.3361,1713
1.3389,1715
1.3417,1710
1.3444,1699
1.3472,1695
1.3500,1715
1.3528,1743
1.3556,1752
1.3583,1766
1.3611,1760
1.3639,1749
1.3667,1747
1.3694,1759
1.3722,1791
1.3750,1799
1.3778,1796
1.3806,1790
1.3833,1790
1.3861,1804
1.3889,1849
1.3917,1881
1.3944,1886
1.3972,1869
1.4000,1862
1.4028,1856
1.4056,1862
1.4083,1883
1.4111,1925
1.4139,1958
1.4167,2002
1.4194,2135
1.4222,2374
1.4250,2700
1.4278,3049
1.4306,3332
1.4333,3350
1.4361,3305
1.4389,3045
1.4417,2699
1.4444,2373
1.4472,2107
1.4500,1948
1.4528,1846
1.4556,1790
1.4583,1754
1.4611,1721
1.4639,1667
1.4667,1612
1.4694,1562
1.4722,1518
1.4750,1494
1.4778,1512
1.4806,1537
1.4833,1547
1.4861,1547
1.4889,1538
1.4917,1520
1.4944,1506
1.4972,1507
1.5000,1513
1.5028,1525
1.5056,1539
1.5083,1558
1.5111,1560
1.5139,1575
1.5167,1591
1.5194,1599
1.5222,1602
1.5250,1613
1.5278,1621
1.5306,1613
1.5333,1632
1.5361,1649
1.5389,1668
1.5417,1665
1.5444,1659
1.5472,1659
1.5500,1659
1.5528,1676
1.5556,1677
1.5583,1689
1.5611,1682
1.5639,1670
1.5667,1669
1.5694,1675
1.5722,1685
1.5750,1697
1.5778,1719
1.5806,1734
1.5833,1759
1.5861,1774
1.5889,1782
1.5917,1790
1.5944,1794
1.5972,1795
1.6000,1801
1.6028,1809
1.6056,1816
1.6083,1824
1.6111,1815
1.6139,1811
1.6167,1807
1.6194,1812
1.6222,1871
1.6250,1875
1.6278,1872
1.6306,1857
1.6333,1856
1.6361,1861
1.6389,1869
1.6417,1890
1.6444,1878
1.6472,1881
1.6500,1857
1.6528,1844
1.6556,1837
1.6583,1829
1.6611,1848
1.6639,1857
1.6667,1871
1.6694,1884
1.6722,1906
1.6750,1917
1.6778,1944
1.6806,1952
1.6833,1988
1.6861,2008
1.6889,2009
1.6917,1989
1.6944,1994
1.6972,2007
1.7000,2026
1.7028,2031
1.7056,2039
1.7083,2041
1.7111,2046
1.7139,2084
1.7167,2111
1.7194,2121
1.7222,2115
1.7250,2117
1.7278,2113
1.7306,2085
1.7333,2070
1.7361,2019
1.7389,1956
1.7417,1898
1.7444,1873
1.7472,1855
1.7500,1842
1.7528,1834
1.7556,1821
1.7583,1826
1.7611,1819
1.7639,1795
1.7667,1805
1.7694,1804
1.7722,1822
1.7750,1828
1.7778,1851
1.7806,1871
1.7833,1870
1.7861,1848
1.7889,1836
1.7917,1819
1.7944,1825
1.7972,1835
1.8000,1884
1.8028,1912
1.8056,1938
1.8083,1909
1.8111,1874
1.8139,1810
1.8167,1769
1.8194,1770
1.8222,1796
1.8250,1843
1.8278,1901
1.8306,1980
1.8333,2119
1.8361,2367
1.8389,2715
1.8417,3111
1.8444,3345
1.8472,3355
1.8500,3367
1.8528,3353
1.8556,3172
1.8583,2874
1.8611,2566
1.8639,2366
1.8667,2263
1.8694,2200
1.8722,2157
1.8750,2086
1.8778,1998
1.8806,1917
1.8833,1853
1.8861,1819
1.8889,1809
1.8917,1795
1.8944,1784
1.8972,1766
1.9000,1736
1.9028,1748
1.9056,1753
1.9083,1770
1.9111,1781
1.9139,1790
1.9167,1799
1.9194,1807
1.9222,1803
1.9250,1811
1.9278,1833
1.9306,1847
1.9333,1854
1.9361,1860
1.9389,1860
1.9417,1874
1.9444,1876
1.9472,1878
1.9500,1888
1.9528,1891
1.9556,1904
1.9583,1917
1.9611,1925
1.9639,1934
1.9667,1934
1.9694,1955
1.9722,1962
1.9750,1972
1.9778,2002
1.9806,2017
1.9833,2030
1.9861,2033
1.9889,2036
1.9917,2057
1.9944,2076
1.9972,2079
2.0000,2086
2.0028,2095
2.0056,2100
2.0083,2105
2.0111,2113
2.0139,2122
2.0167,2118
2.0194,2124
2.0222,2112
2.0250,2107
2.0278,2099
2.0306,2094
2.0333,2092
2.0361,2095
2.0389,2103
2.0417,2106
2.0444,2099
2.0472,2100
2.0500,2082
2.0528,2092
2.0556,2084
2.0583,2074
2.0611,2069
2.0639,2061
2.0667,2069
2.0694,2051
2.0722,2059
2.0750,2064
2.0778,2075
2.0806,2074
2.0833,2076
2.0861,2070
2.0889,2054
2.0917,2038
2.0944,2029
2.0972,2027
2.1000,2030
2.1028,2024
2.1056,2001
2.1083,1996
2.1111,1988
2.1139,1987
2.1167,1991
2.1194,1989
2.1222,1985
2.1250,1984
2.1278,1976
2.1306,1966
2.1333,1958
2.1361,1954
2.1389,1950
2.1417,1946
2.1444,1949
2.1472,1961
2.1500,1974
2.1528,1986
2.1556,1995
2.1583,1997
2.1611,2018
2.1639,2037
2.1667,2052
2.1694,2078
2.1722,2097
2.1750,2097
2.1778,2095
2.1806,2098
2.1833,2102
2.1861,2093
2.1889,2096
2.1917,2104
2.1944,2115
2.1972,2104
2.2000,2093
2.2028,2077
2.2056,2047
2.2083,2005
2.2111,1946
2.2139,1875
2.2167,1801
2.2194,1753
2.2222,1718
2.2250,1692
2.2278,1680
2.2306,1674
2.2333,1671
2.2361,1677
2.2389,1680
2.2417,1689
2.2444,1675
2.2472,1666
2.2500,1646
2.2528,1636
2.2556,1621
2.2583,1633
2.2611,1645
2.2639,1644
2.2667,1639
2.2694,1630
2.2722,1631
2.2750,1625
2.2778,1620
2.2806,1605
2.2833,1577
2.2861,1543
2.2889,1499
2.2917,1461
2.2944,1458
2.2972,1466
2.3000,1502
2.3028,1548
2.3056,1596
2.3083,1674
2.3111,1815
2.3139,2041
2.3167,2320
2.3194,2550
2.3222,2673
2.3250,2638
2.3278,2456
2.3306,2247
2.3333,2064
2.3361,1923
2.3389,1813
2.3417,1751
2.3444,1717
2.3472,1684
2.3500,1643
2.3528,1595
2.3556,1532
2.3583,1457
2.3611,1402
2.3639,1398
2.3667,1415
2.3694,1430
2.3722,1439
2.3750,1431
2.3778,1417
2.3806,1393
2.3833,1377
2.3861,1377
2.3889,1393
2.3917,1423
2.3944,1449
2.3972,1455
2.4000,1444
2.4028,1434
2.4056,1427
2.4083,1435
2.4111,1442
2.4139,1449
2.4167,1445
2.4194,1436
2.4222,1445
2.4250,1463
2.4278,1473
2.4306,1474
2.4333,1482
2.4361,1474
2.4389,1466
2.4417,1472
2.4444,1483
2.4472,1499
2.4500,1525
2.4528,1542
2.4556,1535
2.4583,1526
2.4611,1529
2.4639,1524
2.4667,1529
2.4694,1549
2.4722,1557
2.4750,1556
2.4778,1566
2.4806,1560
2.4833,1562
2.4861,1558
2.4889,1571
2.4917,1588
2.4944,1595
2.4972,1612
2.5000,1621
2.5028,1626
2.5056,1621
2.5083,1619
2.5111,1561
2.5139,1553
2.5167,1526
2.5194,1512
2.5222,1508
2.5250,1520
2.5278,1519
2.5306,1507
2.5333,1501
2.5361,1503
2.5389,1498
2.5417,1512
2.5444,1526
2.5472,1549
2.5500,1553
2.5528,1555
2.5556,1563
2.5583,1572
2.5611,1570
2.5639,1576
2.5667,1593
2.5694,1603
2.5722,1606
2.5750,1592
2.5778,1589
2.5806,1575
2.5833,1591
2.5861,1622
2.5889,1638
2.5917,1647
2.5944,1636
2.5972,1637
2.6000,1645
2.6028,1643
2.6056,1612
2.6083,1570
2.6111,1534
2.6139,1494
2.6167,1467
2.6194,1434
2.6222,1408
2.6250,1383
2.6278,1385
2.6306,1415
2.6333,1411
2.6361,1412
2.6389,1396
2.6417,1389
2.6444,1397
2.6472,1411
2.6500,1428
2.6528,1443
2.6556,1439
2.6583,1418
2.6611,1414
2.6639,1413
2.6667,1425
2.6694,1438
2.6722,1452
2.6750,1454
2.6778,1441
2.6806,1421
2.6833,1413
2.6861,1384
2.6889,1360
2.6917,1336
2.6944,1329
2.6972,1345
2.7000,1373
2.7028,1403
2.7056,1460
2.7083,1545
2.7111,1711
2.7139,1980
2.7167,2291
2.7194,2545
2.7222,2668
2.7250,2612
2.7278,2458
2.7306,2302
2.7333,2173
2.7361,2056
2.7389,1938
2.7417,1832
2.7444,1765
2.7472,1713
2.7500,1649
2.7528,1586
2.7556,1513
2.7583,1435
2.7611,1380
2.7639,1361
2.7667,1355
2.7694,1369
2.7722,1366
2.7750,1364
2.7778,1356
2.7806,1367
2.7833,1356
2.7861,1368
2.7889,1374
2.7917,1378
2.7944,1383
2.7972,1381
2.8000,1374
2.8028,1381
2.8056,1388
2.8083,1403
2.8111,1420
2.8139,1411
2.8167,1418
2.8194,1407
2.8222,1403
2.8250,1426
2.8278,1446
2.8306,1441
2.8333,1423
2.8361,1424
2.8389,1417
2.8417,1429
2.8444,1451
2.8472,1472
2.8500,1486
2.8528,1481
2.8556,1475
2.8583,1463
2.8611,1481
2.8639,1499
2.8667,1535
2.8694,1555
2.8722,1574
2.8750,1571
2.8778,1554
2.8806,1540
2.8833,1550
2.8861,1573
2.8889,1587
2.8917,1600
2.8944,1601
2.8972,1590
2.9000,1593
2.9028,1593
2.9056,1590
2.9083,1614
2.9111,1637
2.9139,1638
2.9167,1632
2.9194,1621
2.9222,1613
2.9250,1619
2.9278,1625
2.9306,1626
2.9333,1627
2.9361,1622
2.9389,1611
2.9417,1586
2.9444,1578
2.9472,1570
2.9500,1569
2.9528,1570
2.9556,1570
2.9583,1578
2.9611,1587
2.9639,1598
2.9667,1616
2.9694,1604
2.9722,1600
2.9750,1590
2.9778,1568
2.9806,1557
2.9833,1547
2.9861,1550
2.9889,1537
2.9917,1554
2.9944,1561
2.9972,1579
3.0000,1586
3.0028,1583
3.0056,1575
3.0083,1573
3.0111,1564
3.0139,1560
3.0167,1567
3.0194,1563
3.0222,1572
3.0250,1594
3.0278,1619
3.0306,1662
3.0333,1683
3.0361,1695
3.0389,1672
3.0417,1674
3.0444,1678
3.0472,1675
3.0500,1671
3.0528,1667
3.0556,1689
3.0583,1717
3.0611,1743
3.0639,1764
3.0667,1772
3.0694,1772
3.0722,1760
3.0750,1750
3.0778,1714
3.0806,1671
3.0833,1627
3.0861,1599
3.0889,1570
3.0917,1546
3.0944,1520
3.0972,1509
3.1000,1505
3.1028,1502
3.1056,1496
3.1083,1484
3.1111,1491
3.1139,1513
3.1167,1534
3.1194,1534
3.1222,1533
3.1250,1522
3.1278,1520
3.1306,1500
3.1333,1502
3.1361,1520
3.1389,1526
3.1417,1527
3.1444,1524
3.1472,1531
3.1500,1520
3.1528,1507
3.1556,1473
3.1583,1442
3.1611,1412
3.1639,1424
3.1667,1465
3.1694,1511
3.1722,1549
3.1750,1619
3.1778,1757
3.1806,2005
3.1833,2359
3.1861,2728
3.1889,3060
3.1917,3223
3.1944,3145
3.1972,2865
3.2000,2533
3.2028,2211
3.2056,1986
3.2083,1823
3.2111,1743
3.2139,1699
3.2167,1673
3.2194,1626
3.2222,1539
3.2250,1471
3.2278,1423
3.2306,1405
3.2333,1392
3.2361,1408
3.2389,1422
3.2417,1427
3.2444,1437
3.2472,1437
3.2500,1449
3.2528,1449
3.2556,1446
3.2583,1460
3.2611,1474
3.2639,1483
3.2667,1480
3.2694,1489
3.2722,1480
3.2750,1483
3.2778,1502
3.2806,1529
3.2833,1534
3.2861,1531
3.2889,1529
3.2917,1535
3.2944,1543
3.2972,1570
3.3000,1570
3.3028,1571
3.3056,1569
3.3083,1564
3.3111,1555
3.3139,1560
3.3167,1583
3.3194,1604
3.3222,1609
3.3250,1615
3.3278,1609
3.3306,1626
3.3333,1644
3.3361,1647
3.3389,1666
3.3417,1675
3.3444,1680
3.3472,1686
3.3500,1689
3.3528,1698
3.3556,1709
3.3583,1720
3.3611,1727
3.3639,1730
3.3667,1732
3.3694,1722
3.3722,1723
3.3750,1719
3.3778,1724
3.3806,1751
3.3833,1755
3.3861,1751
3.3889,1746
3.3917,1736
3.3944,1730
3.3972,1719
3.4000,1714
3.4028,1720
3.4056,1718
3.4083,1721
3.4111,1719
3.4139,1723
3.4167,1736
3.4194,1738
3.4222,1741
3.4250,1745
3.4278,1742
3.4306,1745
3.4333,1765
3.4361,1795
3.4389,1826
3.4417,1842
3.4444,1848
3.4472,1852
3.4500,1845
3.4528,1859
3.4556,1874
3.4583,1865
3.4611,1878
3.4639,1869
3.4667,1870
3.4694,1861
3.4722,1875
3.4750,1886
3.4778,1897
3.4806,1904
3.4833,1897
3.4861,1901
3.4889,1887
3.4917,1854
3.4944,1817
3.4972,1764
3.5000,1732
3.5028,1710
3.5056,1698
3.5083,1684
3.5111,1669
3.5139,1643
3.5167,1627
3.5194,1639
3.5222,1650
3.5250,1644
3.5278,1634
3.5306,1630
3.5333,1617
3.5361,1634
3.5389,1641
3.5417,1644
3.5444,1641
3.5472,1631
3.5500,1630
3.5528,1626
3.5556,1629
3.5583,1631
3.5611,1629
3.5639,1629
3.5667,1618
3.5694,1612
3.5722,1589
3.5750,1552
3.5778,1534
3.5806,1562
3.5833,1598
3.5861,1636
3.5889,1698
3.5917,1829
3.5944,2070
3.5972,2425
3.6000,2821
3.6028,3202
3.6056,3350
3.6083,3332
3.6111,3118
3.6139,2779
3.6167,2439
3.6194,2165
3.6222,1985
3.6250,1880
3.6278,1817
3.6306,1783
3.6333,1725
3.6361,1645
3.6389,1581
3.6417,1547
3.6444,1516
3.6472,1518
3.6500,1527
3.6528,1544
3.6556,1552
3.6583,1534
3.6611,1527
3.6639,1519
3.6667,1522
3.6694,1527
3.6722,1551
3.6750,1578
3.6778,1576
3.6806,1570
3.6833,1561
3.6861,1542
3.6889,1538
3.6917,1553
3.6944,1583
3.6972,1598
3.7000,1606
3.7028,1608
3.7056,1597
3.7083,1587
3.7111,1601
3.7139,1603
3.7167,1596
3.7194,1602
3.7222,1592
3.7250,1575
3.7278,1560
3.7306,1547
3.7333,1546
3.7361,1555
3.7389,1559
3.7417,1557
3.7444,1557
3.7472,1583
3.7500,1608
3.7528,1641
3.7556,1657
3.7583,1672
3.7611,1677
3.7639,1667
3.7667,1669
3.7694,1674
3.7722,1694
3.7750,1719
3.7778,1726
3.7806,1736
3.7833,1720
3.7861,1710
3.7889,1703
3.7917,1710
3.7944,1726
3.7972,1725
3.8000,1722
3.8028,1713
3.8056,1713
3.8083,1716
3.8111,1717
3.8139,1705
3.8167,1708
3.8194,1713
3.8222,1718
3.8250,1717
3.8278,1704
3.8306,1690
3.8333,1687
3.8361,1677
3.8389,1655
3.8417,1649
3.8444,1650
3.8472,1663
3.8500,1663
3.8528,1669
3.8556,1671
3.8583,1671
3.8611,1668
3.8639,1663
3.8667,1648
3.8694,1649
3.8722,1645
3.8750,1635
3.8778,1623
3.8806,1629
3.8833,1616
3.8861,1597
3.8889,1597
3.8917,1614
3.8944,1654
3.8972,1665
3.9000,1655
3.9028,1651
3.9056,1650
3.9083,1661
3.9111,1679
3.9139,1699
3.9167,1721
3.9194,1733
3.9222,1720
3.9250,1726
3.9278,1743
3.9306,1759
3.9333,1768
3.9361,1765
3.9389,1759
3.9417,1749
3.9444,1759
3.9472,1758
3.9500,1765
3.9528,1779
3.9556,1774
3.9583,1759
3.9611,1764
3.9639,1767
3.9667,1767
3.9694,1741
3.9722,1699
3.9750,1654
3.9778,1633
3.9806,1629
3.9833,1612
3.9861,1577
3.9889,1563
3.9917,1556
3.9944,1555
3.9972,1555
4.0000,1553
4.0028,1543
4.0056,1534
4.0083,1527
4.0111,1527
4.0139,1544
4.0167,1554
4.0194,1561
4.0222,1566
4.0250,1565
4.0278,1554
4.0306,1548
4.0333,1536
4.0361,1531
4.0389,1534
4.0417,1545
4.0444,1532
4.0472,1499
4.0500,1440
4.0528,1417
4.0556,1420
4.0583,1446
4.0611,1482
4.0639,1525
4.0667,1627
4.0694,1773
4.0722,2033
4.0750,2371
4.0778,2720
4.0806,2984
4.0833,3079
4.0861,2927
4.0889,2663
4.0917,2373
4.0944,2121
4.0972,1937
4.1000,1801
4.1028,1730
4.1056,1687
4.1083,1662
4.1111,1638
4.1139,1577
4.1167,1500
4.1194,1435
4.1222,1393
4.1250,1395
4.1278,1409
4.1306,1446
4.1333,1469
4.1361,1467
4.1389,1457
4.1417,1437
4.1444,1421
4.1472,1433
4.1500,1473
4.1528,1493
4.1556,1500
4.1583,1491
4.1611,1481
4.1639,1480
4.1667,1481
4.1694,1485
4.1722,1500
4.1750,1513
4.1778,1513
4.1806,1516
4.1833,1534
4.1861,1543
4.1889,1551
4.1917,1559
4.1944,1549
4.1972,1558
4.2000,1563
4.2028,1573
4.2056,1585
4.2083,1593
4.2111,1615
4.2139,1621
4.2167,1620
4.2194,1609
4.2222,1595
4.2250,1588
4.2278,1601
4.2306,1627
4.2333,1654
4.2361,1687
4.2389,1696
4.2417,1685
4.2444,1684
4.2472,1694
4.2500,1710
4.2528,1746
4.2556,1756
4.2583,1770
4.2611,1759
4.2639,1739
4.2667,1740
4.2694,1742
4.2722,1774
4.2750,1772
4.2778,1784
4.2806,1781
4.2833,1788
4.2861,1780
4.2889,1762
4.2917,1766
4.2944,1766
4.2972,1744
4.3000,1747
4.3028,1737
4.3056,1747
4.3083,1749
4.3111,1752
4.3139,1755
4.3167,1757
4.3194,1754
4.3222,1742
4.3250,1765
4.3278,1777
4.3306,1810
4.3333,1821
4.3361,1837
4.3389,1843
4.3417,1843
4.3444,1864
4.3472,1872
4.3500,1889
4.3528,1886
4.3556,1883
4.3583,1875
4.3611,1874
4.3639,1869
4.3667,1901
4.3694,1932
4.3722,1940
4.3750,1934
4.3778,1931
4.3806,1923
4.3833,1907
4.3861,1872
4.3889,1852
4.3917,1819
4.3944,1804
4.3972,1770
4.4000,1737
4.4028,1713
4.4056,1711
4.4083,1710
4.4111,1713
4.4139,1694
4.4167,1690
4.4194,1677
4.4222,1669
4.4250,1656
4.4278,1675
4.4306,1685
4.4333,1680
4.4361,1678
4.4389,1672
4.4417,1676
4.4444,1679
4.4472,1689
4.4500,1710
4.4528,1709
4.4556,1717
4.4583,1694
4.4611,1671
4.4639,1648
4.4667,1602
4.4694,1577
4.4722,1575
4.4750,1602
4.4778,1647
4.4806,1696
4.4833,1778
4.4861,1937
4.4889,2229
4.4917,2595
4.4944,2978
4.4972,3246
4.5000,3327
4.5028,3202
4.5056,2915
4.5083,2602
4.5111,2337
4.5139,2126
4.5167,1996
4.5194,1923
4.5222,1887
4.5250,1866
4.5278,1817
4.5306,1763
4.5333,1688
4.5361,1623
4.5389,1593
4.5417,1584
4.5444,1600
4.5472,1614
4.5500,1623
4.5528,1631
4.5556,1628
4.5583,1610
4.5611,1607
4.5639,1619
4.5667,1637
4.5694,1641
4.5722,1640
4.5750,1650
4.5778,1650
4.5806,1658
4.5833,1672
4.5861,1685
4.5889,1688
4.5917,1683
4.5944,1681
4.5972,1675
4.6000,1679
4.6028,1697
4.6056,1713
4.6083,1724
4.6111,1708
4.6139,1706
4.6167,1693
4.6194,1693
4.6222,1713
4.6250,1743
4.6278,1762
4.6306,1761
4.6333,1757
4.6361,1745
4.6389,1739
4.6417,1750
4.6444,1776
4.6472,1812
4.6500,1824
4.6528,1830
4.6556,1819
4.6583,1828
4.6611,1834
4.6639,1839
4.6667,1843
4.6694,1853
4.6722,1877
4.6750,1880
4.6778,1872
4.6806,1877
4.6833,1886
4.6861,1899
4.6889,1909
4.6917,1916
4.6944,1905
4.6972,1896
4.7000,1888
4.7028,1901
4.7056,1904
4.7083,1912
4.7111,1908
4.7139,1889
4.7167,1874
4.7194,1856
4.7222,1867
4.7250,1873
4.7278,1872
4.7306,1864
4.7333,1853
4.7361,1839
4.7389,1831
4.7417,1829
4.7444,1847
4.7472,1859
4.7500,1853
4.7528,1845
4.7556,1834
4.7583,1832
4.7611,1836
4.7639,1827
4.7667,1824
4.7694,1812
4.7722,1790
4.7750,1781
4.7778,1771
4.7806,1754
4.7833,1755
4.7861,1758
4.7889,1753
4.7917,1748
4.7944,1753
4.7972,1742
4.8000,1737
4.8028,1744
4.8056,1768
4.8083,1777
4.8111,1777
4.8139,1777
4.8167,1792
4.8194,1805
4.8222,1822
4.8250,1838
4.8278,1841
4.8306,1844
4.8333,1851
4.8361,1820
4.8389,1799
4.8417,1804
4.8444,1838
4.8472,1875
4.8500,1897
4.8528,1898
4.8556,1887
4.8583,1869
4.8611,1860
4.8639,1850
4.8667,1808
4.8694,1761
4.8722,1726
4.8750,1697
4.8778,1678
4.8806,1653
4.8833,1643
4.8861,1639
4.8889,1633
4.8917,1617
4.8944,1629
4.8972,1625
4.9000,1623
4.9028,1612
4.9056,1617
4.9083,1616
4.9111,1617
4.9139,1622
4.9167,1607
4.9194,1600
4.9222,1600
4.9250,1614
4.9278,1610
4.9306,1601
4.9333,1591
4.9361,1593
4.9389,1581
4.9417,1572
4.9444,1525
4.9472,1488
4.9500,1469
4.9528,1468
4.9556,1499
4.9583,1538
4.9611,1599
4.9639,1711
4.9667,1906
4.9694,2214
4.9722,2567
4.9750,2875
4.9778,3030
4.9806,2971
4.9833,2735
4.9861,2458
4.9889,2211
4.9917,2007
4.9944,1859
4.9972,1763
5.0000,1715
5.0028,1693
5.0056,1677
5.0083,1627
5.0111,1552
5.0139,1485
5.0167,1442
5.0194,1433
5.0222,1432
5.0250,1432
5.0278,1446
5.0306,1444
5.0333,1430
5.0361,1422
5.0389,1433
5.0417,1438
5.0444,1452
5.0472,1462
5.0500,1467
5.0528,1456
5.0556,1449
5.0583,1455
5.0611,1458
5.0639,1479
5.0667,1497
5.0694,1494
5.0722,1485
5.0750,1476
5.0778,1455
5.0806,1454
5.0833,1477
5.0861,1501
5.0889,1517
5.0917,1511
5.0944,1509
5.0972,1492
5.1000,1482
5.1028,1476
5.1056,1484
5.1083,1504
5.1111,1509
5.1139,1520
5.1167,1521
5.1194,1544
5.1222,1568
5.1250,1581
5.1278,1600
5.1306,1593
5.1333,1594
5.1361,1595
5.1389,1585
5.1417,1604
5.1444,1616
5.1472,1627
5.1500,1632
5.1528,1620
5.1556,1611
5.1583,1596
5.1611,1589
5.1639,1586
5.1667,1566
5.1694,1571
5.1722,1550
5.1750,1543
5.1778,1532
5.1806,1541
5.1833,1538
5.1861,1546
5.1889,1542
5.1917,1529
5.1944,1519
5.1972,1505
5.2000,1513
5.2028,1510
5.2056,1510
5.2083,1502
5.2111,1496
5.2139,1487
5.2167,1480
5.2194,1488
5.2222,1495
5.2250,1517
5.2278,1530
5.2306,1549
5.2333,1549
5.2361,1564
5.2389,1567
5.2417,1570
5.2444,1592
5.2472,1597
5.2500,1607
5.2528,1618
5.2556,1595
5.2583,1575
5.2611,1578
5.2639,1608
5.2667,1651
5.2694,1650
5.2722,1649
5.2750,1653
5.2778,1651
5.2806,1642
5.2833,1623
5.2861,1584
5.2889,1532
5.2917,1502
5.2944,1471
5.2972,1444
5.3000,1436
5.3028,1437
5.3056,1429
5.3083,1426
5.3111,1426
5.3139,1415
5.3167,1406
5.3194,1420
5.3222,1421
5.3250,1420
5.3278,1405
5.3306,1413
5.3333,1415
5.3361,1407
5.3389,1407
5.3417,1404
5.3444,1417
5.3472,1411
5.3500,1411
5.3528,1412
5.3556,1404
5.3583,1404
5.3611,1375
5.3639,1331
5.3667,1302
5.3694,1283
5.3722,1291
5.3750,1317
5.3778,1345
5.3806,1420
5.3833,1548
5.3861,1753
5.3889,2048
5.3917,2340
5.3944,2546
5.3972,2596
5.4000,2460
5.4028,2244
5.4056,2031
5.4083,1861
5.4111,1726
5.4139,1619
5.4167,1563
5.4194,1559
5.4222,1555
5.4250,1527
5.4278,1487
5.4306,1404
5.4333,1333
5.4361,1287
5.4389,1288
5.4417,1284
5.4444,1303
5.4472,1319
5.4500,1325
5.4528,1327
5.4556,1317
5.4583,1306
5.4611,1305
5.4639,1299
5.4667,1292
5.4694,1272
5.4722,1249
5.4750,1247
5.4778,1261
5.4806,1264
5.4833,1283
5.4861,1300
5.4889,1305
5.4917,1299
5.4944,1303
5.4972,1303
5.5000,1320
5.5028,1331
5.5056,1346
5.5083,1366
5.5111,1369
5.5139,1372
5.5167,1374
5.5194,1397
5.5222,1406
5.5250,1416
5.5278,1420
5.5306,1422
5.5333,1419
5.5361,1415
5.5389,1443
5.5417,1473
5.5444,1500
5.5472,1516
5.5500,1521
5.5528,1527
5.5556,1513
5.5583,1515
5.5611,1510
5.5639,1514
5.5667,1534
5.5694,1549
5.5722,1553
5.5750,1561
5.5778,1540
5.5806,1533
5.5833,1545
5.5861,1542
5.5889,1544
5.5917,1542
5.5944,1513
5.5972,1497
5.6000,1494
5.6028,1507
5.6056,1514
5.6083,1516
5.6111,1508
5.6139,1501
5.6167,1484
5.6194,1492
5.6222,1498
5.6250,1482
5.6278,1485
5.6306,1482
5.6333,1465
5.6361,1450
5.6389,1442
5.6417,1447
5.6444,1451
5.6472,1457
5.6500,1461
5.6528,1452
5.6556,1447
5.6583,1440
5.6611,1447
5.6639,1453
5.6667,1459
5.6694,1456
5.6722,1453
5.6750,1440
5.6778,1448
5.6806,1452
5.6833,1456
5.6861,1460
5.6889,1461
5.6917,1457
5.6944,1458
5.6972,1475
5.7000,1487
5.7028,1497
5.7056,1503
5.7083,1508
5.7111,1510
5.7139,1516
5.7167,1524
5.7194,1519
5.7222,1530
5.7250,1551
5.7278,1555
5.7306,1559
5.7333,1567
5.7361,1585
5.7389,1615
5.7417,1631
5.7444,1631
5.7472,1629
5.7500,1650
5.7528,1661
5.7556,1641
5.7583,1609
5.7611,1556
5.7639,1501
5.7667,1451
5.7694,1417
5.7722,1393
5.7750,1381
5.7778,1377
5.7806,1390
5.7833,1394
5.7861,1390
5.7889,1386
5.7917,1383
5.7944,1380
5.7972,1368
5.8000,1369
5.8028,1372
5.8056,1383
5.8083,1391
5.8111,1394
5.8139,1385
5.8167,1391
5.8194,1388
5.8222,1396
5.8250,1412
5.8278,1406
5.8306,1398
5.8333,1375
5.8361,1325
5.8389,1284
5.8417,1262
5.8444,1274
5.8472,1296
5.8500,1322
5.8528,1351
5.8556,1421
5.8583,1584
5.8611,1821
5.8639,2105
5.8667,2366
5.8694,2514
5.8722,2497
5.8750,2370
5.8778,2213
5.8806,2077
5.8833,1970
5.8861,1873
5.8889,1783
5.8917,1712
5.8944,1665
5.8972,1628
5.9000,1566
5.9028,1489
5.9056,1399
5.9083,1318
5.9111,1283
5.9139,1285
5.9167,1314
5.9194,1355
5.9222,1364
5.9250,1369
5.9278,1359
5.9306,1345
5.9333,1351
5.9361,1341
5.9389,1355
5.9417,1349
5.9444,1350
5.9472,1354
5.9500,1370
5.9528,1381
5.9556,1394
5.9583,1420
5.9611,1410
5.9639,1400
5.9667,1393
5.9694,1408
5.9722,1417
5.9750,1443
5.9778,1441
5.9806,1454
5.9833,1474
5.9861,1487
5.9889,1496
5.9917,1504
5.9944,1500
5.9972,1523
6.0000,1549
6.0028,1574
6.0056,1590
6.0083,1595
6.0111,1612
6.0139,1626
6.0167,1646
6.0194,1658
6.0222,1666
6.0250,1682
6.0278,1680
6.0306,1705
6.0333,1715
6.0361,1725
6.0389,1721
6.0417,1733
6.0444,1742
6.0472,1748
6.0500,1757
6.0528,1766
6.0556,1773
6.0583,1843
6.0611,1843
6.0639,1847
6.0667,1832
6.0694,1807
6.0722,1798
6.0750,1785
6.0778,1811
6.0806,1826
6.0833,1847
6.0861,1848
6.0889,1861
6.0917,1877
6.0944,1887
6.0972,1899
6.1000,1903
6.1028,1907
6.1056,1925
6.1083,1945
6.1111,1970
6.1139,1975
6.1167,2010
6.1194,2009
6.1222,2016
6.1250,2022
6.1278,2036
6.1306,2033
6.1333,2038
6.1361,2044
6.1389,2059
6.1417,2094
6.1444,2106
6.1472,2115
6.1500,2121
6.1528,2139
6.1556,2148
6.1583,2137
6.1611,2106
6.1639,2063
6.1667,2010
6.1694,1956
6.1722,1920
6.1750,1876
6.1778,1836
6.1806,1831
6.1833,1828
6.1861,1850
6.1889,1865
6.1917,1866
6.1944,1873
6.1972,1872
6.2000,1873
6.2028,1873
6.2056,1874
6.2083,1876
6.2111,1889
6.2139,1903
6.2167,1918
6.2194,1936
6.2222,1944
6.2250,1943
6.2278,1950
6.2306,1946
6.2333,1945
6.2361,1935
6.2389,1921
6.2417,1873
6.2444,1839
6.2472,1836
6.2500,1854
6.2528,1901
6.2556,1946
6.2583,2033
6.2611,2159
6.2639,2369
6.2667,2695
6.2694,3071
6.2722,3337
6.2750,3347
6.2778,3352
6.2806,3261
6.2833,3041
6.2861,2811
6.2889,2609
6.2917,2465
6.2944,2390
6.2972,2364
6.3000,2346
6.3028,2287
6.3056,2208
6.3083,2123
6.3111,2027
6.3139,1978
6.3167,1954
6.3194,1946
6.3222,1957
6.3250,1950
6.3278,1949
6.3306,1959
6.3333,1950
6.3361,1961
6.3389,1961
6.3417,1975
6.3444,1992
6.3472,2005
6.3500,2011
6.3528,2023
6.3556,2027
6.3583,2018
6.3611,2014
6.3639,2011
6.3667,2006
6.3694,1987
6.3722,2000
6.3750,1992
6.3778,2006
6.3806,2017
6.3833,2027
6.3861,2026
6.3889,2033
6.3917,2042
6.3944,2048
6.3972,2059
6.4000,2058
6.4028,2080
6.4056,2085
6.4083,2090
6.4111,2099
6.4139,2100
6.4167,2120
6.4194,2146
6.4222,2163
6.4250,2180
6.4278,2189
6.4306,2193
6.4333,2205
6.4361,2223
6.4389,2222
6.4417,2243
6.4444,2244
6.4472,2247
6.4500,2249
6.4528,2245
6.4556,2251
6.4583,2255
6.4611,2266
6.4639,2271
6.4667,2267
6.4694,2261
6.4722,2255
6.4750,2268
6.4778,2273
6.4806,2266
6.4833,2260
6.4861,2246
6.4889,2239
6.4917,2241
6.4944,2237
6.4972,2236
6.5000,2231
6.5028,2214
6.5056,2210
6.5083,2186
6.5111,2185
6.5139,2176
6.5167,2169
6.5194,2155
6.5222,2162
6.5250,2156
6.5278,2148
6.5306,2134
6.5333,2104
6.5361,2086
6.5389,2084
6.5417,2082
6.5444,2077
6.5472,2066
6.5500,2054
6.5528,2056
6.5556,2070
6.5583,2091
6.5611,2103
6.5639,2103
6.5667,2111
6.5694,2126
6.5722,2128
6.5750,2124
6.5778,2128
6.5806,2139
6.5833,2149
6.5861,2163
6.5889,2176
6.5917,2186
6.5944,2195
6.5972,2202
6.6000,2210
6.6028,2200
6.6056,2193
6.6083,2192
6.6111,2212
6.6139,2237
6.6167,2250
6.6194,2256
6.6222,2265
6.6250,2274
6.6278,2266
6.6306,2241
6.6333,2187
6.6361,2124
6.6389,2075
6.6417,2027
6.6444,1990
6.6472,1959
6.6500,1937
6.6528,1915
6.6556,1884
6.6583,1879
6.6611,1863
6.6639,1846
6.6667,1839
6.6694,1838
6.6722,1832
6.6750,1832
6.6778,1828
6.6806,1814
6.6833,1809
6.6861,1814
6.6889,1814
6.6917,1822
6.6944,1823
6.6972,1815
6.7000,1798
6.7028,1775
6.7056,1772
6.7083,1762
6.7111,1737
6.7139,1692
6.7167,1663
6.7194,1663
6.7222,1681
6.7250,1720
6.7278,1761
6.7306,1827
6.7333,1940
6.7361,2176
6.7389,2494
6.7417,2847
6.7444,3153
6.7472,3291
6.7500,3204
6.7528,2923
6.7556,2598
6.7583,2319
6.7611,2100
6.7639,1970
6.7667,1894
6.7694,1848
6.7722,1825
6.7750,1788
6.7778,1707
6.7806,1623
6.7833,1554
6.7861,1511
6.7889,1504
6.7917,1519
6.7944,1524
6.7972,1551
6.8000,1543
6.8028,1539
6.8056,1528
6.8083,1532
6.8111,1540
6.8139,1544
6.8167,1553
6.8194,1551
6.8222,1551
6.8250,1541
6.8278,1533
6.8306,1530
6.8333,1539
6.8361,1551
6.8389,1557
6.8417,1556
6.8444,1561
6.8472,1551
6.8500,1542
6.8528,1547
6.8556,1561
6.8583,1561
6.8611,1569
6.8639,1540
6.8667,1534
6.8694,1540
6.8722,1553
6.8750,1566
6.8778,1581
6.8806,1589
6.8833,1592
6.8861,1595
6.8889,1589
6.8917,1592
6.8944,1595
6.8972,1611
6.9000,1625
6.9028,1614
6.9056,1618
6.9083,1609
6.9111,1606
6.9139,1611
6.9167,1606
6.9194,1604
6.9222,1573
6.9250,1537
6.9278,1505
6.9306,1502
6.9333,1521
6.9361,1497
6.9389,1501
6.9417,1478
6.9444,1454
6.9472,1437
6.9500,1420
6.9528,1422
6.9556,1429
6.9583,1425
6.9611,1411
6.9639,1402
6.9667,1401
6.9694,1398
6.9722,1385
6.9750,1390
6.9778,1386
6.9806,1392
6.9833,1380
6.9861,1392
6.9889,1396
6.9917,1415
6.9944,1428
6.9972,1440
7.0000,1434
7.0028,1439
7.0056,1447
7.0083,1441
7.0111,1440
7.0139,1435
7.0167,1407
7.0194,1392
7.0222,1389
7.0250,1403
7.0278,1440
7.0306,1490
7.0333,1497
7.0361,1500
7.0389,1496
7.0417,1481
7.0444,1447
7.0472,1410
7.0500,1355
7.0528,1313
7.0556,1269
7.0583,1251
7.0611,1222
7.0639,1197
7.0667,1179
7.0694,1173
7.0722,1170
7.0750,1172
7.0778,1184
7.0806,1170
7.0833,1170
7.0861,1160
7.0889,1156
7.0917,1160
7.0944,1167
7.0972,1163
7.1000,1160
7.1028,1159
7.1056,1144
7.1083,1130
7.1111,1127
7.1139,1132
7.1167,1142
7.1194,1162
7.1222,1153
7.1250,1119
7.1278,1073
7.1306,1034
7.1333,1030
7.1361,1054
7.1389,1102
7.1417,1139
7.1444,1179
7.1472,1268
7.1500,1424
7.1528,1672
7.1556,1971
7.1583,2232
7.1611,2345
7.1639,2279
7.1667,2050
7.1694,1792
7.1722,1569
7.1750,1418
7.1778,1313
7.1806,1271
7.1833,1257
7.1861,1249
7.1889,1223
7.1917,1184
7.1944,1115
7.1972,1036
7.2000,983
7.2028,967
7.2056,973
7.2083,982
7.2111,991
7.2139,993
7.2167,985
7.2194,971
7.2222,950
7.2250,954
7.2278,968
7.2306,981
7.2333,982
7.2361,982
7.2389,978
7.2417,973
7.2444,971
7.2472,973
7.2500,982
7.2528,995
7.2556,1001
7.2583,998
7.2611,995
7.2639,978
7.2667,963
7.2694,974
7.2722,989
7.2750,1016
7.2778,1030
7.2806,1034
7.2833,1022
7.2861,1026
7.2889,1031
7.2917,1046
7.2944,1073
7.2972,1086
7.3000,1089
7.3028,1099
7.3056,1113
7.3083,1121
7.3111,1124
7.3139,1132
7.3167,1135
7.3194,1153
7.3222,1156
7.3250,1160
7.3278,1170
7.3306,1159
7.3333,1164
7.3361,1176
7.3389,1169
7.3417,1156
7.3444,1162
7.3472,1177
7.3500,1183
7.3528,1178
7.3556,1164
7.3583,1158
7.3611,1138
7.3639,1144
7.3667,1146
7.3694,1152
7.3722,1163
7.3750,1170
7.3778,1159
7.3806,1152
7.3833,1140
7.3861,1142
7.3889,1144
7.3917,1143
7.3944,1154
7.3972,1144
7.4000,1126
7.4028,1113
7.4056,1098
7.4083,1097
7.4111,1089
7.4139,1096
7.4167,1099
7.4194,1106
7.4222,1118
7.4250,1109
7.4278,1109
7.4306,1113
7.4333,1113
7.4361,1093
7.4389,1083
7.4417,1074
7.4444,1079
7.4472,1087
7.4500,1101
7.4528,1111
7.4556,1102
7.4583,1128
7.4611,1142
7.4639,1153
7.4667,1158
7.4694,1166
7.4722,1180
7.4750,1181
7.4778,1166
7.4806,1166
7.4833,1177
7.4861,1183
7.4889,1199
7.4917,1206
7.4944,1219
7.4972,1220
7.5000,1235
7.5028,1239
7.5056,1249
7.5083,1262
7.5111,1283
7.5139,1277
7.5167,1257
7.5194,1219
7.5222,1181
7.5250,1148
7.5278,1118
7.5306,1091
7.5333,1061
7.5361,1061
7.5389,1048
7.5417,1026
7.5444,1014
7.5472,1007
7.5500,1005
7.5528,1011
7.5556,1033
7.5583,1051
7.5611,1047
7.5639,1046
7.5667,1044
7.5694,1046
7.5722,1057
7.5750,1056
7.5778,1052
7.5806,1052
7.5833,1058
7.5861,1076
7.5889,1092
7.5917,1117
7.5944,1105
7.5972,1076
7.6000,1012
7.6028,966
7.6056,952
7.6083,959
7.6111,1009
7.6139,1054
7.6167,1095
7.6194,1198
7.6222,1358
7.6250,1603
7.6278,1897
7.6306,2127
7.6333,2228
7.6361,2170
7.6389,2023
7.6417,1849
7.6444,1712
7.6472,1606
7.6500,1510
7.6528,1443
7.6556,1402
7.6583,1357
7.6611,1303
7.6639,1261
7.6667,1194
7.6694,1111
7.6722,1058
7.6750,1034
7.6778,1044
7.6806,1072
7.6833,1087
7.6861,1088
7.6889,1091
7.6917,1081
7.6944,1081
7.6972,1090
7.7000,1108
7.7028,1133
7.7056,1132
7.7083,1136
7.7111,1139
7.7139,1138
7.7167,1149
7.7194,1165
7.7222,1185
7.7250,1200
7.7278,1208
7.7306,1196
7.7333,1184
7.7361,1196
7.7389,1208
7.7417,1221
7.7444,1232
7.7472,1244
7.7500,1242
7.7528,1241
7.7556,1251
7.7583,1277
7.7611,1300
7.7639,1310
7.7667,1320
7.7694,1319
7.7722,1330
7.7750,1338
7.7778,1360
7.7806,1376
7.7833,1395
7.7861,1421
7.7889,1428
7.7917,1434
7.7944,1436
7.7972,1439
7.8000,1453
7.8028,1459
7.8056,1478
7.8083,1489
7.8111,1491
7.8139,1492
7.8167,1487
7.8194,1486
7.8222,1464
7.8250,1470
7.8278,1465
7.8306,1461
7.8333,1474
7.8361,1493
7.8389,1495
7.8417,1507
7.8444,1509
7.8472,1499
7.8500,1500
7.8528,1491
7.8556,1480
7.8583,1487
7.8611,1501
7.8639,1510
7.8667,1517
7.8694,1530
7.8722,1537
7.8750,1557
7.8778,1579
7.8806,1606
7.8833,1617
7.8861,1619
7.8889,1622
7.8917,1628
7.8944,1638
7.8972,1644
7.9000,1655
7.9028,1645
7.9056,1627
7.9083,1651
7.9111,1661
7.9139,1676
7.9167,1692
7.9194,1709
7.9222,1715
7.9250,1725
7.9278,1712
7.9306,1682
7.9333,1640
7.9361,1601
7.9389,1566
7.9417,1540
7.9444,1512
7.9472,1505
7.9500,1497
7.9528,1491
7.9556,1494
7.9583,1496
7.9611,1513
7.9639,1506
7.9667,1504
7.9694,1484
7.9722,1474
7.9750,1479
7.9778,1484
7.9806,1487
7.9833,1489
7.9861,1488
7.9889,1483
7.9917,1493
7.9944,1506
7.9972,1531
8.0000,1522
8.0028,1511
8.0056,1491
8.0083,1473
8.0111,1444
8.0139,1406
8.0167,1394
8.0194,1403
8.0222,1432
8.0250,1478
8.0278,1544
8.0306,1619
8.0333,1764
8.0361,1986
8.0389,2286
8.0417,2605
8.0444,2847
8.0472,2901
8.0500,2770
8.0528,2532
8.0556,2279
8.0583,2075
8.0611,1920
8.0639,1811
8.0667,1754
8.0694,1739
8.0722,1710
8.0750,1674
8.0778,1607
8.0806,1527
8.0833,1471
8.0861,1439
8.0889,1440
8.0917,1458
8.0944,1476
8.0972,1485
8.1000,1478
8.1028,1469
8.1056,1466
8.1083,1472
8.1111,1484
8.1139,1495
8.1167,1500
8.1194,1497
8.1222,1482
8.1250,1476
8.1278,1484
8.1306,1503
8.1333,1511
8.1361,1529
8.1389,1535
8.1417,1550
8.1444,1562
8.1472,1552
8.1500,1559
8.1528,1570
8.1556,1574
8.1583,1574
8.1611,1587
8.1639,1603
8.1667,1608
8.1694,1619
8.1722,1627
8.1750,1644
8.1778,1646
8.1806,1640
8.1833,1638
8.1861,1662
8.1889,1688
8.1917,1710
8.1944,1734
8.1972,1746
8.2000,1746
8.2028,1742
8.2056,1723
8.2083,1715
8.2111,1720
8.2139,1727
8.2167,1733
8.2194,1744
8.2222,1741
8.2250,1740
8.2278,1735
8.2306,1728
8.2333,1726
8.2361,1723
8.2389,1723
8.2417,1716
8.2444,1713
8.2472,1726
8.2500,1723
8.2528,1711
8.2556,1708
8.2583,1717
8.2611,1721
8.2639,1719
8.2667,1708
8.2694,1712
8.2722,1707
8.2750,1715
8.2778,1712
8.2806,1705
8.2833,1693
8.2861,1683
8.2889,1702
8.2917,1707
8.2944,1714
8.2972,1709
8.3000,1718
8.3028,1720
8.3056,1706
8.3083,1713
8.3111,1729
8.3139,1734
8.3167,1739
8.3194,1736
8.3222,1727
8.3250,1722
8.3278,1721
8.3306,1723
8.3333,1722
8.3361,1727
8.3389,1715
8.3417,1713
8.3444,1714
8.3472,1715
8.3500,1722
8.3528,1744
8.3556,1771
8.3583,1779
8.3611,1784
8.3639,1782
8.3667,1783
8.3694,1781
8.3722,1803
8.3750,1811
8.3778,1817
8.3806,1807
8.3833,1804
8.3861,1800
8.3889,1823
8.3917,1852
8.3944,1869
8.3972,1879
8.4000,1887
8.4028,1886
8.4056,1901
8.4083,1900
8.4111,1879
8.4139,1860
8.4167,1825
8.4194,1788
8.4222,1756
8.4250,1720
8.4278,1689
8.4306,1654
8.4333,1643
8.4361,1623
8.4389,1610
8.4417,1595
8.4444,1601
8.4472,1613
8.4500,1612
8.4528,1625
8.4556,1626
8.4583,1609
8.4611,1606
8.4639,1603
8.4667,1604
8.4694,1598
8.4722,1608
8.4750,1609
8.4778,1597
8.4806,1592
8.4833,1595
8.4861,1581
8.4889,1574
8.4917,1554
8.4944,1522
8.4972,1477
8.5000,1476
8.5028,1494
8.5056,1533
8.5083,1582
8.5111,1628
8.5139,1733
8.5167,1894
8.5194,2149
8.5222,2451
8.5250,2720
8.5278,2880
8.5306,2865
8.5333,2674
8.5361,2424
8.5389,2187
8.5417,1996
8.5444,1876
8.5472,1804
8.5500,1764
8.5528,1740
8.5556,1712
8.5583,1675
8.5611,1593
8.5639,1515
8.5667,1455
8.5694,1447
8.5722,1476
8.5750,1504
8.5778,1516
8.5806,1525
8.5833,1511
8.5861,1486
8.5889,1457
8.5917,1462
8.5944,1499
8.5972,1522
8.6000,1527
8.6028,1529
8.6056,1528
8.6083,1523
8.6111,1541
8.6139,1562
8.6167,1569
8.6194,1576
8.6222,1571
8.6250,1568
8.6278,1581
8.6306,1585
8.6333,1605
8.6361,1628
8.6389,1647
8.6417,1663
8.6444,1676
8.6472,1671
8.6500,1695
8.6528,1699
8.6556,1709
8.6583,1708
8.6611,1721
8.6639,1723
8.6667,1704
8.6694,1722
8.6722,1753
8.6750,1783
8.6778,1809
8.6806,1810
8.6833,1807
8.6861,1809
8.6889,1811
8.6917,1812
8.6944,1829
8.6972,1823
8.7000,1817
8.7028,1819
8.7056,1809
8.7083,1807
8.7111,1819
8.7139,1812
8.7167,1794
8.7194,1804
8.7222,1798
8.7250,1796
8.7278,1786
8.7306,1783
8.7333,1795
8.7361,1798
8.7389,1791
8.7417,1792
8.7444,1797
8.7472,1786
8.7500,1772
8.7528,1763
8.7556,1770
8.7583,1771
8.7611,1759
8.7639,1760
8.7667,1749
8.7694,1742
8.7722,1737
8.7750,1738
8.7778,1751
8.7806,1763
8.7833,1768
8.7861,1766
8.7889,1779
8.7917,1811
8.7944,1840
8.7972,1868
8.8000,1874
8.8028,1878
8.8056,1866
8.8083,1861
8.8111,1848
8.8139,1837
8.8167,1839
8.8194,1828
8.8222,1831
8.8250,1854
8.8278,1869
8.8306,1888
8.8333,1918
8.8361,1942
8.8389,1951
8.8417,1936
8.8444,1907
8.8472,1859
8.8500,1805
8.8528,1763
8.8556,1739
8.8583,1722
8.8611,1727
8.8639,1726
8.8667,1714
8.8694,1712
8.8722,1719
8.8750,1719
8.8778,1723
8.8806,1723
8.8833,1706
8.8861,1714
8.8889,1725
8.8917,1733
8.8944,1734
8.8972,1733
8.9000,1745
8.9028,1759
8.9056,1779
8.9083,1789
8.9111,1780
8.9139,1772
8.9167,1779
8.9194,1761
8.9222,1732
8.9250,1713
8.9278,1677
8.9306,1664
8.9333,1684
8.9361,1731
8.9389,1774
8.9417,1827
8.9444,1895
8.9472,2016
8.9500,2251
8.9528,2579
8.9556,2927
8.9583,3167
8.9611,3232
8.9639,3102
8.9667,2876
8.9694,2644
8.9722,2440
8.9750,2288
8.9778,2194
8.9806,2141
8.9833,2119
8.9861,2087
8.9889,2034
8.9917,1970
8.9944,1876
8.9972,1809
9.0000,1773
9.0028,1761
9.0056,1784
9.0083,1791
9.0111,1812
9.0139,1802
9.0167,1805
9.0194,1799
9.0222,1796
9.0250,1811
9.0278,1819
9.0306,1816
9.0333,1822
9.0361,1830
9.0389,1831
9.0417,1828
9.0444,1833
9.0472,1846
9.0500,1864
9.0528,1871
9.0556,1866
9.0583,1877
9.0611,1893
9.0639,1904
9.0667,1923
9.0694,1946
9.0722,1953
9.0750,1953
9.0778,1954
9.0806,1959
9.0833,1970
9.0861,1985
9.0889,2003
9.0917,2009
9.0944,2015
9.0972,2039
9.1000,2065
9.1028,2098
9.1056,2108
9.1083,2120
9.1111,2120
9.1139,2118
9.1167,2119
9.1194,2130
9.1222,2129
9.1250,2141
9.1278,2151
9.1306,2156
9.1333,2163
9.1361,2171
9.1389,2152
9.1417,2153
9.1444,2147
9.1472,2153
9.1500,2155
9.1528,2149
9.1556,2140
9.1583,2124
9.1611,2118
9.1639,2124
9.1667,2209
9.1694,2207
9.1722,2221
9.1750,2219
9.1778,2200
9.1806,2169
9.1833,2162
9.1861,2171
9.1889,2180
9.1917,2172
9.1944,2156
9.1972,2143
9.2000,2116
9.2028,2113
9.2056,2091
9.2083,2084
9.2111,2083
9.2139,2073
9.2167,2080
9.2194,2089
9.2222,2111
9.2250,2140
9.2278,2150
9.2306,2154
9.2333,2164
9.2361,2162
9.2389,2170
9.2417,2192
9.2444,2206
9.2472,2223
9.2500,2241
9.2528,2258
9.2556,2249
9.2583,2247
9.2611,2257
9.2639,2265
9.2667,2287
9.2694,2300
9.2722,2310
9.2750,2322
9.2778,2331
9.2806,2341
9.2833,2361
9.2861,2360
9.2889,2346
9.2917,2308
9.2944,2250
9.2972,2199
9.3000,2149
9.3028,2112
9.3056,2087
9.3083,2072
9.3111,2053
9.3139,2046
9.3167,2031
9.3194,2011
9.3222,1997
9.3250,1984
9.3278,1982
9.3306,1973
9.3333,1966
9.3361,1994
9.3389,1996
9.3417,2003
9.3444,2000
9.3472,1999
9.3500,1994
9.3528,1983
9.3556,1994
9.3583,1989
9.3611,1980
9.3639,1968
9.3667,1961
9.3694,1948
9.3722,1910
9.3750,1866
9.3778,1848
9.3806,1866
9.3833,1899
9.3861,1961
9.3889,2027
9.3917,2108
9.3944,2259
9.3972,2503
9.4000,2830
9.4028,3136
9.4056,3335
9.4083,3335
9.4111,3206
9.4139,2977
9.4167,2727
9.4194,2509
9.4222,2346
9.4250,2238
9.4278,2193
9.4306,2154
9.4333,2124
9.4361,2074
9.4389,1997
9.4417,1903
9.4444,1837
9.4472,1803
9.4500,1800
9.4528,1797
9.4556,1818
9.4583,1823
9.4611,1820
9.4639,1810
9.4667,1808
9.4694,1807
9.4722,1820
9.4750,1820
9.4778,1814
9.4806,1796
9.4833,1782
9.4861,1760
9.4889,1764
9.4917,1757
9.4944,1757
9.4972,1764
9.5000,1765
9.5028,1757
9.5056,1756
9.5083,1781
9.5111,1798
9.5139,1822
9.5167,1835
9.5194,1844
9.5222,1847
9.5250,1846
9.5278,1841
9.5306,1847
9.5333,1856
9.5361,1864
9.5389,1864
9.5417,1867
9.5444,1878
9.5472,1891
9.5500,1929
9.5528,1952
9.5556,1970
9.5583,1985
9.5611,1990
9.5639,1987
9.5667,1976
9.5694,1978
9.5722,1987
9.5750,1982
9.5778,1974
9.5806,1962
9.5833,1932
9.5861,1918
9.5889,1920
9.5917,1911
9.5944,1925
9.5972,1928
9.6000,1927
9.6028,1927
9.6056,1902
9.6083,1897
9.6111,1889
9.6139,1797
9.6167,1801
9.6194,1803
9.6222,1798
9.6250,1771
9.6278,1753
9.6306,1740
9.6333,1740
9.6361,1744
9.6389,1732
9.6417,1720
9.6444,1707
9.6472,1700
9.6500,1707
9.6528,1708
9.6556,1708
9.6583,1715
9.6611,1706
9.6639,1699
9.6667,1702
9.6694,1714
9.6722,1726
9.6750,1743
9.6778,1743
9.6806,1760
9.6833,1755
9.6861,1757
9.6889,1760
9.6917,1764
9.6944,1774
9.6972,1799
9.7000,1810
9.7028,1818
9.7056,1812
9.7083,1798
9.7111,1800
9.7139,1812
9.7167,1832
9.7194,1844
9.7222,1862
9.7250,1885
9.7278,1902
9.7306,1890
9.7333,1855
9.7361,1810
9.7389,1750
9.7417,1698
9.7444,1661
9.7472,1623
9.7500,1596
9.7528,1582
9.7556,1593
9.7583,1612
9.7611,1609
9.7639,1604
9.7667,1584
9.7694,1580
9.7722,1584
9.7750,1595
9.7778,1591
9.7806,1582
9.7833,1576
9.7861,1575
9.7889,1567
9.7917,1568
9.7944,1566
9.7972,1558
9.8000,1552
9.8028,1546
9.8056,1559
9.8083,1553
9.8111,1551
9.8139,1556
9.8167,1541
9.8194,1507
9.8222,1475
9.8250,1485
9.8278,1524
9.8306,1573
9.8333,1607
9.8361,1668
9.8389,1770
9.8417,1959
9.8444,2227
9.8472,2502
9.8500,2685
9.8528,2709
9.8556,2589
9.8583,2433
9.8611,2281
9.8639,2141
9.8667,2031
9.8694,1929
9.8722,1848
9.8750,1800
9.8778,1741
9.8806,1687
9.8833,1614
9.8861,1525
9.8889,1455
9.8917,1417
9.8944,1409
9.8972,1417
9.9000,1450
9.9028,1460
9.9056,1457
9.9083,1444
9.9111,1442
9.9139,1451
9.9167,1465
9.9194,1474
9.9222,1469
9.9250,1465
9.9278,1462
9.9306,1459
9.9333,1472
9.9361,1496
9.9389,1507
9.9417,1503
9.9444,1495
9.9472,1488
9.9500,1496
9.9528,1500
9.9556,1512
9.9583,1529
9.9611,1528
9.9639,1516
9.9667,1500
9.9694,1504
9.9722,1531
9.9750,1542
9.9778,1579
9.9806,1587
9.9833,1596
9.9861,1603
9.9889,1606
9.9917,1600
9.9944,1620
9.9972,1635
10.0000,1645
10.0028,1663
10.0056,1666
10.0083,1654
10.0111,1655
10.0139,1666
10.0167,1678
10.0194,1688
10.0222,1692
10.0250,1690
10.0278,1680
10.0306,1670
10.0333,1664
10.0361,1657
10.0389,1657
10.0417,1649
10.0444,1646
10.0472,1652
10.0500,1646
10.0528,1651
10.0556,1641
10.0583,1645
10.0611,1640
10.0639,1628
10.0667,1626
10.0694,1631
10.0722,1628
10.0750,1637
10.0778,1625
10.0806,1605
10.0833,1608
10.0861,1583
10.0889,1587
10.0917,1581
10.0944,1589
10.0972,1592
10.1000,1599
10.1028,1586
10.1056,1585
10.1083,1597
10.1111,1611
10.1139,1620
10.1167,1633
10.1194,1639
10.1222,1645
10.1250,1641
10.1278,1645
10.1306,1650
10.1333,1654
10.1361,1678
10.1389,1689
10.1417,1695
10.1444,1696
10.1472,1696
10.1500,1694
10.1528,1725
10.1556,1740
10.1583,1742
10.1611,1718
10.1639,1707
10.1667,1720
10.1694,1717
10.1722,1702
10.1750,1675
10.1778,1631
10.1806,1578
10.1833,1540
10.1861,1506
10.1889,1486
10.1917,1464
10.1944,1455
10.1972,1450
10.2000,1450
10.2028,1426
10.2056,1434
10.2083,1431
10.2111,1426
10.2139,1431
10.2167,1457
10.2194,1481
10.2222,1476
10.2250,1479
10.2278,1469
10.2306,1474
10.2333,1488
10.2361,1494
10.2389,1505
10.2417,1521
10.2444,1522
10.2472,1523
10.2500,1518
10.2528,1489
10.2556,1452
10.2583,1417
10.2611,1402
10.2639,1433
10.2667,1469
10.2694,1519
10.2722,1577
10.2750,1659
10.2778,1804
10.2806,2042
10.2833,2339
10.2861,2617
10.2889,2816
10.2917,2824
10.2944,2676
10.2972,2444
10.3000,2215
10.3028,2016
10.3056,1870
10.3083,1784
10.3111,1747
10.3139,1734
10.3167,1713
10.3194,1670
10.3222,1594
10.3250,1505
10.3278,1453
10.3306,1417
10.3333,1413
10.3361,1422
10.3389,1441
10.3417,1443
10.3444,1443
10.3472,1424
10.3500,1412
10.3528,1424
10.3556,1439
10.3583,1467
10.3611,1476
10.3639,1482
10.3667,1472
10.3694,1463
10.3722,1464
10.3750,1487
10.3778,1506
10.3806,1517
10.3833,1518
10.3861,1519
10.3889,1529
10.3917,1531
10.3944,1549
10.3972,1552
10.4000,1563
10.4028,1576
10.4056,1587
10.4083,1587
10.4111,1598
10.4139,1599
10.4167,1627
10.4194,1643
10.4222,1660
10.4250,1664
10.4278,1683
10.4306,1699
10.4333,1721
10.4361,1746
10.4389,1761
10.4417,1763
10.4444,1760
10.4472,1743
10.4500,1751
10.4528,1777
10.4556,1807
10.4583,1830
10.4611,1836
10.4639,1834
10.4667,1819
10.4694,1816
10.4722,1802
10.4750,1791
10.4778,1797
10.4806,1803
10.4833,1804
10.4861,1807
10.4889,1798
10.4917,1794
10.4944,1806
10.4972,1771
10.5000,1776
10.5028,1768
10.5056,1773
10.5083,1771
10.5111,1792
10.5139,1792
10.5167,1792
10.5194,1790
10.5222,1788
10.5250,1785
10.5278,1781
10.5306,1779
10.5333,1769
10.5361,1777
10.5389,1782
10.5417,1785
10.5444,1792
10.5472,1772
10.5500,1785
10.5528,1790
10.5556,1812
10.5583,1835
10.5611,1829
10.5639,1835
10.5667,1841
10.5694,1854
10.5722,1867
10.5750,1886
10.5778,1910
10.5806,1926
10.5833,1944
10.5861,1946
10.5889,1942
10.5917,1921
10.5944,1899
10.5972,1919
10.6000,1948
10.6028,1967
10.6056,1976
10.6083,2007
10.6111,2042
10.6139,2054
10.6167,2029
10.6194,1986
10.6222,1919
10.6250,1863
10.6278,1816
10.6306,1793
10.6333,1789
10.6361,1776
10.6389,1773
10.6417,1755
10.6444,1741
10.6472,1735
10.6500,1737
10.6528,1736
10.6556,1743
10.6583,1760
10.6611,1757
10.6639,1739
10.6667,1738
10.6694,1717
10.6722,1716
10.6750,1717
10.6778,1733
10.6806,1769
10.6833,1790
10.6861,1786
10.6889,1762
10.6917,1736
10.6944,1721
10.6972,1711
10.7000,1702
10.7028,1667
10.7056,1637
10.7083,1650
10.7111,1683
10.7139,1729
10.7167,1761
10.7194,1822
10.7222,1924
10.7250,2125
10.7278,2408
10.7306,2717
10.7333,2983
10.7361,3122
10.7389,3083
10.7417,2937
10.7444,2756
10.7472,2564
10.7500,2385
10.7528,2228
10.7556,2132
10.7583,2091
10.7611,2043
10.7639,1992
10.7667,1904
10.7694,1803
10.7722,1712
10.7750,1663
10.7778,1648
10.7806,1649
10.7833,1672
10.7861,1668
10.7889,1667
10.7917,1660
10.7944,1636
10.7972,1641
10.8000,1648
10.8028,1658
10.8056,1660
10.8083,1649
10.8111,1651
10.8139,1654
10.8167,1665
10.8194,1675
10.8222,1699
10.8250,1698
10.8278,1698
10.8306,1703
10.8333,1704
10.8361,1705
10.8389,1722
10.8417,1732
10.8444,1741
10.8472,1754
10.8500,1756
10.8528,1755
10.8556,1753
10.8583,1761
10.8611,1754
10.8639,1755
10.8667,1744
10.8694,1743
10.8722,1759
10.8750,1761
10.8778,1767
10.8806,1770
10.8833,1770
10.8861,1766
10.8889,1772
10.8917,1769
10.8944,1748
10.8972,1739
10.9000,1740
10.9028,1746
10.9056,1750
10.9083,1762
10.9111,1764
10.9139,1768
10.9167,1771
10.9194,1786
10.9222,1791
10.9250,1786
10.9278,1761
10.9306,1757
10.9333,1747
10.9361,1738
10.9389,1751
10.9417,1745
10.9444,1715
10.9472,1709
10.9500,1710
10.9528,1697
10.9556,1696
10.9583,1710
10.9611,1703
10.9639,1702
10.9667,1701
10.9694,1693
10.9722,1688
10.9750,1688
10.9778,1674
10.9806,1674
10.9833,1674
10.9861,1664
10.9889,1661
10.9917,1638
10.9944,1624
10.9972,1609
11.0000,1606
11.0028,1621
11.0056,1639
11.0083,1637
11.0111,1626
11.0139,1635
11.0167,1655
11.0194,1687
11.0222,1709
11.0250,1724
11.0278,1730
11.0306,1729
11.0333,1732
11.0361,1734
11.0389,1727
11.0417,1734
11.0444,1727
11.0472,1727
11.0500,1732
11.0528,1759
11.0556,1781
11.0583,1800
11.0611,1791
11.0639,1772
11.0667,1786
11.0694,1788
11.0722,1771
11.0750,1729
11.0778,1672
11.0806,1613
11.0833,1564
11.0861,1539
11.0889,1531
11.0917,1529
11.0944,1524
11.0972,1508
11.1000,1507
11.1028,1496
11.1056,1490
11.1083,1479
11.1111,1479
11.1139,1463
11.1167,1467
11.1194,1475
11.1222,1482
11.1250,1483
11.1278,1473
11.1306,1466
11.1333,1462
11.1361,1457
11.1389,1478
11.1417,1491
11.1444,1479
11.1472,1468
11.1500,1461
11.1528,1458
11.1556,1436
11.1583,1418
11.1611,1411
11.1639,1439
11.1667,1486
11.1694,1525
11.1722,1553
11.1750,1593
11.1778,1663
11.1806,1820
11.1833,2095
11.1861,2392
11.1889,2650
11.1917,2737
11.1944,2647
11.1972,2429
11.2000,2200
11.2028,1977
11.2056,1795
11.2083,1672
11.2111,1615
11.2139,1592
11.2167,1573
11.2194,1542
11.2222,1467
11.2250,1386
11.2278,1313
11.2306,1296
11.2333,1292
11.2361,1295
11.2389,1296
11.2417,1316
11.2444,1326
11.2472,1324
11.2500,1326
11.2528,1316
11.2556,1305
11.2583,1309
11.2611,1323
11.2639,1314
11.2667,1314
11.2694,1321
11.2722,1321
11.2750,1339
11.2778,1349
11.2806,1359
11.2833,1354
11.2861,1365
11.2889,1356
11.2917,1345
11.2944,1349
11.2972,1360
11.3000,1351
11.3028,1376
11.3056,1379
11.3083,1378
11.3111,1370
11.3139,1370
11.3167,1399
11.3194,1420
11.3222,1432
11.3250,1435
11.3278,1450
11.3306,1454
11.3333,1460
11.3361,1474
11.3389,1497
11.3417,1519
11.3444,1527
11.3472,1521
11.3500,1518
11.3528,1517
11.3556,1534
11.3583,1536
11.3611,1539
11.3639,1536
11.3667,1520
11.3694,1503
11.3722,1521
11.3750,1538
11.3778,1552
11.3806,1570
11.3833,1565
11.3861,1542
11.3889,1519
11.3917,1510
11.3944,1517
11.3972,1509
11.4000,1516
11.4028,1514
11.4056,1502
11.4083,1491
11.4111,1479
11.4139,1487
11.4167,1486
11.4194,1491
11.4222,1479
11.4250,1465
11.4278,1446
11.4306,1450
11.4333,1451
11.4361,1478
11.4389,1496
11.4417,1492
11.4444,1466
11.4472,1434
11.4500,1428
11.4528,1425
11.4556,1438
11.4583,1436
11.4611,1441
11.4639,1441
11.4667,1438
11.4694,1429
11.4722,1418
11.4750,1431
11.4778,1451
11.4806,1489
11.4833,1514
11.4861,1542
11.4889,1529
11.4917,1508
11.4944,1495
11.4972,1491
11.5000,1499
11.5028,1503
11.5056,1492
11.5083,1495
11.5111,1528
11.5139,1563
11.5167,1585
11.5194,1585
11.5222,1587
11.5250,1587
11.5278,1568
11.5306,1533
11.5333,1492
11.5361,1466
11.5389,1428
11.5417,1412
11.5444,1392
11.5472,1358
11.5500,1345
11.5528,1344
11.5556,1345
11.5583,1347
11.5611,1361
11.5639,1353
11.5667,1363
11.5694,1362
11.5722,1364
11.5750,1360
11.5778,1360
11.5806,1353
11.5833,1354
11.5861,1360
11.5889,1367
11.5917,1370
11.5944,1385
11.5972,1398
11.6000,1416
11.6028,1407
11.6056,1402
11.6083,1373
11.6111,1347
11.6139,1324
11.6167,1307
11.6194,1294
11.6222,1295
11.6250,1329
11.6278,1374
11.6306,1427
11.6333,1463
11.6361,1537
11.6389,1661
11.6417,1875
11.6444,2147
11.6472,2420
11.6500,2621
11.6528,2673
11.6556,2586
11.6583,2426
11.6611,2258
11.6639,2081
11.6667,1911
11.6694,1779
11.6722,1707
11.6750,1651
11.6778,1610
11.6806,1557
11.6833,1473
11.6861,1397
11.6889,1329
11.6917,1292
11.6944,1274
11.6972,1298
11.7000,1329
11.7028,1335
11.7056,1338
11.7083,1320
11.7111,1318
11.7139,1328
11.7167,1350
11.7194,1352
11.7222,1361
11.7250,1355
11.7278,1345
11.7306,1356
11.7333,1377
11.7361,1393
11.7389,1417
11.7417,1424
11.7444,1430
11.7472,1434
11.7500,1432
11.7528,1438
11.7556,1448
11.7583,1455
11.7611,1465
11.7639,1470
11.7667,1471
11.7694,1466
11.7722,1483
11.7750,1491
11.7778,1507
11.7806,1525
11.7833,1539
11.7861,1549
11.7889,1552
11.7917,1554
11.7944,1563
11.7972,1588
11.8000,1607
11.8028,1626
11.8056,1636
11.8083,1629
11.8111,1623
11.8139,1613
11.8167,1618
11.8194,1640
11.8222,1653
11.8250,1665
11.8278,1659
11.8306,1659
11.8333,1649
11.8361,1649
11.8389,1650
11.8417,1619
11.8444,1619
11.8472,1620
11.8500,1614
11.8528,1592
11.8556,1608
11.8583,1617
11.8611,1626
11.8639,1635
11.8667,1637
11.8694,1630
11.8722,1623
11.8750,1628
11.8778,1620
11.8806,1613
11.8833,1596
11.8861,1586
11.8889,1589
11.8917,1601
11.8944,1603
11.8972,1611
11.9000,1614
11.9028,1632
11.9056,1635
11.9083,1630
11.9111,1628
11.9139,1617
11.9167,1604
11.9194,1590
11.9222,1593
11.9250,1582
11.9278,1588
11.9306,1600
11.9333,1617
11.9361,1630
11.9389,1630
11.9417,1656
11.9444,1669
11.9472,1673
11.9500,1672
11.9528,1684
11.9556,1701
11.9583,1721
11.9611,1730
11.9639,1731
11.9667,1742
11.9694,1729
11.9722,1733
11.9750,1732
11.9778,1747
11.9806,1772
11.9833,1791
11.9861,1780
11.9889,1778
11.9917,1781
11.9944,1784
11.9972,1806
12.0000,1791
12.0028,1760
12.0056,1693
12.0083,1651
12.0111,1612
12.0139,1599
12.0167,1584
12.0194,1565
12.0222,1557
12.0250,1560
12.0278,1560
12.0306,1572
12.0333,1584
12.0361,1600
12.0389,1599
12.0417,1608
12.0444,1598
12.0472,1595
12.0500,1595
12.0528,1592
12.0556,1594
12.0583,1604
12.0611,1614
12.0639,1610
12.0667,1597
12.0694,1613
12.0722,1613
12.0750,1589
12.0778,1569
12.0806,1551
12.0833,1535
12.0861,1509
12.0889,1497
12.0917,1502
12.0944,1542
12.0972,1597
12.1000,1658
12.1028,1738
12.1056,1859
12.1083,2063
12.1111,2347
12.1139,2649
12.1167,2911
12.1194,3021
12.1222,2924
12.1250,2688
12.1278,2426
12.1306,2182
12.1333,1995
12.1361,1873
12.1389,1815
12.1417,1798
12.1444,1775
12.1472,1752
12.1500,1695
12.1528,1630
12.1556,1559
12.1583,1513
12.1611,1485
12.1639,1474
12.1667,1481
12.1694,1483
12.1722,1488
12.1750,1489
12.1778,1483
12.1806,1483
12.1833,1493
12.1861,1501
12.1889,1507
12.1917,1505
12.1944,1497
12.1972,1488
12.2000,1492
12.2028,1512
12.2056,1505
12.2083,1524
12.2111,1550
12.2139,1551
12.2167,1549
12.2194,1558
12.2222,1558
12.2250,1574
12.2278,1589
12.2306,1606
12.2333,1621
12.2361,1632
12.2389,1628
12.2417,1642
12.2444,1648
12.2472,1655
12.2500,1675
12.2528,1690
12.2556,1702
12.2583,1707
12.2611,1725
12.2639,1752
12.2667,1790
12.2694,1808
12.2722,1809
12.2750,1812
12.2778,1811
12.2806,1805
12.2833,1807
12.2861,1813
12.2889,1816
12.2917,1823
12.2944,1815
12.2972,1802
12.3000,1787
12.3028,1781
12.3056,1784
12.3083,1703
12.3111,1700
12.3139,1714
12.3167,1703
12.3194,1712
12.3222,1711
12.3250,1721
12.3278,1736
12.3306,1737
12.3333,1734
12.3361,1712
12.3389,1701
12.3417,1689
12.3444,1676
12.3472,1688
12.3500,1696
12.3528,1692
12.3556,1691
12.3583,1686
12.3611,1688
12.3639,1681
12.3667,1697
12.3694,1691
12.3722,1682
12.3750,1662
12.3778,1643
12.3806,1637
12.3833,1640
12.3861,1651
12.3889,1658
12.3917,1651
12.3944,1654
12.3972,1652
12.4000,1653
12.4028,1667
12.4056,1673
12.4083,1677
12.4111,1659
12.4139,1652
12.4167,1653
12.4194,1658
12.4222,1650
12.4250,1644
12.4278,1650
12.4306,1656
12.4333,1670
12.4361,1695
12.4389,1715
12.4417,1720
12.4444,1738
12.4472,1746
12.4500,1749
12.4528,1738
12.4556,1701
12.4583,1696
12.4611,1721
12.4639,1736
12.4667,1755
12.4694,1773
12.4722,1798
12.4750,1819
12.4778,1836
12.4806,1827
12.4833,1851
12.4861,1871
12.4889,1886
12.4917,1879
12.4944,1847
12.4972,1809
12.5000,1759
12.5028,1711
12.5056,1675
12.5083,1653
12.5111,1645
12.5139,1641
12.5167,1646
12.5194,1642
12.5222,1642
12.5250,1650
12.5278,1638
12.5306,1623
12.5333,1618
12.5361,1601
12.5389,1580
12.5417,1575
12.5444,1592
12.5472,1608
12.5500,1611
12.5528,1600
12.5556,1597
12.5583,1583
12.5611,1585
12.5639,1591
12.5667,1586
12.5694,1581
12.5722,1562
12.5750,1516
12.5778,1484
12.5806,1468
12.5833,1476
12.5861,1516
12.5889,1554
12.5917,1594
12.5944,1652
12.5972,1763
12.6000,1951
12.6028,2223
12.6056,2510
12.6083,2741
12.6111,2838
12.6139,2727
12.6167,2507
12.6194,2263
12.6222,2057
12.6250,1909
12.6278,1815
12.6306,1755
12.6333,1731
12.6361,1711
12.6389,1681
12.6417,1620
12.6444,1558
12.6472,1494
12.6500,1454
12.6528,1448
12.6556,1466
12.6583,1490
12.6611,1500
12.6639,1491
12.6667,1479
12.6694,1468
12.6722,1465
12.6750,1462
12.6778,1468
12.6806,1488
12.6833,1500
12.6861,1495
12.6889,1515
12.6917,1517
12.6944,1533
12.6972,1532
12.7000,1540
12.7028,1534
12.7056,1536
12.7083,1535
12.7111,1539
12.7139,1545
12.7167,1568
12.7194,1574
12.7222,1567
12.7250,1580
12.7278,1578
12.7306,1582
12.7333,1591
12.7361,1613
12.7389,1623
12.7417,1635
12.7444,1637
12.7472,1646
12.7500,1658
12.7528,1678
12.7556,1708
12.7583,1738
12.7611,1739
12.7639,1751
12.7667,1752
12.7694,1753
12.7722,1743
12.7750,1747
12.7778,1749
12.7806,1760
12.7833,1754
12.7861,1745
12.7889,1726
12.7917,1707
12.7944,1692
12.7972,1681
12.8000,1668
12.8028,1682
12.8056,1679
12.8083,1665
12.8111,1649
12.8139,1630
12.8167,1639
12.8194,1653
12.8222,1675
12.8250,1690
12.8278,1687
12.8306,1685
12.8333,1685
12.8361,1690
12.8389,1700
12.8417,1702
12.8444,1704
12.8472,1697
12.8500,1685
12.8528,1680
12.8556,1677
12.8583,1680
12.8611,1679
12.8639,1680
12.8667,1675
12.8694,1676
12.8722,1669
12.8750,1666
12.8778,1667
12.8806,1660
12.8833,1652
12.8861,1648
12.8889,1643
12.8917,1639
12.8944,1645
12.8972,1674
12.9000,1699
12.9028,1724
12.9056,1729
12.9083,1735
12.9111,1751
12.9139,1743
12.9167,1742
12.9194,1743
12.9222,1755
12.9250,1761
12.9278,1764
12.9306,1762
12.9333,1767
12.9361,1787
12.9389,1818
12.9417,1843
12.9444,1846
12.9472,1831
12.9500,1829
12.9528,1844
12.9556,1853
12.9583,1839
12.9611,1818
12.9639,1765
12.9667,1718
12.9694,1687
12.9722,1668
12.9750,1655
12.9778,1653
12.9806,1657
12.9833,1649
12.9861,1639
12.9889,1634
12.9917,1619
12.9944,1634
12.9972,1630
13.0000,1640
13.0028,1651
13.0056,1639
13.0083,1627
13.0111,1631
13.0139,1635
13.0167,1639
13.0194,1644
13.0222,1652
13.0250,1652
13.0278,1662
13.0306,1667
13.0333,1673
13.0361,1663
13.0389,1641
13.0417,1611
13.0444,1567
13.0472,1542
13.0500,1546
13.0528,1581
13.0556,1631
13.0583,1668
13.0611,1707
13.0639,1765
13.0667,1913
13.0694,2152
13.0722,2453
13.0750,2728
13.0778,2892
13.0806,2903
13.0833,2799
13.0861,2656
13.0889,2521
13.0917,2394
13.0944,2269
13.0972,2137
13.1000,2037
13.1028,1986
13.1056,1937
13.1083,1874
13.1111,1779
13.1139,1675
13.1167,1601
13.1194,1560
13.1222,1560
13.1250,1558
13.1278,1564
13.1306,1569
13.1333,1564
13.1361,1553
13.1389,1541
13.1417,1545
13.1444,1544
13.1472,1553
13.1500,1559
13.1528,1557
13.1556,1546
13.1583,1553
13.1611,1565
13.1639,1579
13.1667,1594
13.1694,1579
13.1722,1580
13.1750,1576
13.1778,1608
13.1806,1635
13.1833,1652
13.1861,1661
13.1889,1672
13.1917,1684
13.1944,1679
13.1972,1671
13.2000,1676
13.2028,1672
13.2056,1678
13.2083,1690
13.2111,1707
13.2139,1735
13.2167,1747
13.2194,1771
13.2222,1794
13.2250,1817
13.2278,1815
13.2306,1807
13.2333,1806
13.2361,1804
13.2389,1828
13.2417,1842
13.2444,1854
13.2472,1867
13.2500,1877
13.2528,1879
13.2556,1872
13.2583,1866
13.2611,1862
13.2639,1871
13.2667,1887
13.2694,1853
13.2722,1849
13.2750,1848
13.2778,1843
13.2806,1851
13.2833,1852
13.2861,1855
13.2889,1850
13.2917,1847
13.2944,1843
13.2972,1829
13.3000,1826
13.3028,1830
13.3056,1823
13.3083,1817
13.3111,1830
13.3139,1829
13.3167,1829
13.3194,1820
13.3222,1832
13.3250,1826
13.3278,1832
13.3306,1816
13.3333,1804
13.3361,1806
13.3389,1814
13.3417,1814
13.3444,1805
13.3472,1801
13.3500,1802
13.3528,1811
13.3556,1815
13.3583,1832
13.3611,1856
13.3639,1868
13.3667,1876
13.3694,1899
13.3722,1906
13.3750,1917
13.3778,1925
13.3806,1926
13.3833,1923
13.3861,1920
13.3889,1937
13.3917,1943
13.3944,1952
13.3972,1972
13.4000,2002
13.4028,2025
13.4056,2024
13.4083,2017
13.4111,2014
13.4139,2012
13.4167,2000
13.4194,1969
13.4222,1926
13.4250,1893
13.4278,1853
13.4306,1813
13.4333,1792
13.4361,1766
13.4389,1760
13.4417,1753
13.4444,1747
13.4472,1730
13.4500,1717
13.4528,1701
13.4556,1703
13.4583,1723
13.4611,1731
13.4639,1739
13.4667,1740
13.4694,1749
13.4722,1740
13.4750,1746
13.4778,1748
13.4806,1761
13.4833,1769
13.4861,1765
13.4889,1755
13.4917,1759
13.4944,1743
13.4972,1727
13.5000,1696
13.5028,1664
13.5056,1646
13.5083,1652
13.5111,1700
13.5139,1744
13.5167,1778
13.5194,1828
13.5222,1933
13.5250,2124
13.5278,2438
13.5306,2789
13.5333,3110
13.5361,3309
13.5389,3304
13.5417,3135
13.5444,2874
13.5472,2600
13.5500,2378
13.5528,2221
13.5556,2106
13.5583,2043
13.5611,1994
13.5639,1952
13.5667,1893
13.5694,1809
13.5722,1719
13.5750,1667
13.5778,1649
13.5806,1669
13.5833,1687
13.5861,1690
13.5889,1670
13.5917,1658
13.5944,1648
13.5972,1656
13.6000,1670
13.6028,1692
13.6056,1698
13.6083,1697
13.6111,1693
13.6139,1699
13.6167,1688
13.6194,1698
13.6222,1706
13.6250,1721
13.6278,1740
13.6306,1738
13.6333,1744
13.6361,1751
13.6389,1762
13.6417,1774
13.6444,1793
13.6472,1808
13.6500,1803
13.6528,1792
13.6556,1777
13.6583,1787
13.6611,1795
13.6639,1819
13.6667,1849
13.6694,1870
13.6722,1876
13.6750,1889
13.6778,1903
13.6806,1920
13.6833,1938
13.6861,1948
13.6889,1966
13.6917,1990
13.6944,2002
13.6972,1994
13.7000,2005
13.7028,2015
13.7056,2039
13.7083,2042
13.7111,2050
13.7139,2047
13.7167,2026
13.7194,2028
13.7222,2020
13.7250,2028
13.7278,2034
13.7306,2035
13.7333,2025
13.7361,2009
13.7389,2006
13.7417,2013
13.7444,2029
13.7472,2036
13.7500,2030
13.7528,2032
13.7556,2024
13.7583,2007
13.7611,2012
13.7639,2012
13.7667,2013
13.7694,2004
13.7722,1979
13.7750,1958
13.7778,1958
13.7806,1970
13.7833,1990
13.7861,2010
13.7889,2011
13.7917,1995
13.7944,1974
13.7972,1959
13.8000,1934
13.8028,1915
13.8056,1918
13.8083,1908
13.8111,1909
13.8139,1912
13.8167,1920
13.8194,1923
13.8222,1947
13.8250,1964
13.8278,1998
13.8306,2025
13.8333,2036
13.8361,2052
13.8389,2065
13.8417,2088
13.8444,2105
13.8472,2112
13.8500,2111
13.8528,2105
13.8556,2106
13.8583,2113
13.8611,2120
13.8639,2148
13.8667,2183
13.8694,2204
13.8722,2216
13.8750,2197
13.8778,2201
13.8806,2206
13.8833,2190
13.8861,2166
13.8889,2122
13.8917,2079
13.8944,2036
13.8972,2003
13.9000,1965
13.9028,1954
13.9056,1940
13.9083,1928
13.9111,1919
13.9139,1891
13.9167,1873
13.9194,1871
13.9222,1864
13.9250,1874
13.9278,1884
13.9306,1871
13.9333,1873
13.9361,1867
13.9389,1868
13.9417,1888
13.9444,1888
13.9472,1890
13.9500,1887
13.9528,1868
13.9556,1848
13.9583,1850
13.9611,1838
13.9639,1828
13.9667,1803
13.9694,1764
13.9722,1743
13.9750,1733
13.9778,1774
13.9806,1823
13.9833,1878
13.9861,1943
13.9889,2037
13.9917,2213
13.9944,2494
13.9972,2859
14.0000,3222
14.0028,3351
14.0056,3356
14.0083,3341
14.0111,3152
14.0139,2868
14.0167,2570
14.0194,2348
14.0222,2210
14.0250,2124
14.0278,2071
14.0306,2018
14.0333,1953
14.0361,1857
14.0389,1769
14.0417,1729
14.0444,1716
14.0472,1719
14.0500,1719
14.0528,1716
14.0556,1707
14.0583,1704
14.0611,1690
14.0639,1685
14.0667,1692
14.0694,1710
14.0722,1730
14.0750,1740
14.0778,1746
14.0806,1744
14.0833,1746
14.0861,1743
14.0889,1740
14.0917,1747
14.0944,1749
14.0972,1749
14.1000,1756
14.1028,1756
14.1056,1764
14.1083,1768
14.1111,1771
14.1139,1773
14.1167,1768
14.1194,1768
14.1222,1770
14.1250,1773
14.1278,1782
14.1306,1810
14.1333,1852
14.1361,1879
14.1389,1882
14.1417,1893
14.1444,1899
14.1472,1910
14.1500,1899
14.1528,1923
14.1556,1925
14.1583,1927
14.1611,1932
14.1639,1928
14.1667,1925
14.1694,1925
14.1722,1907
14.1750,1898
14.1778,1890
14.1806,1891
14.1833,1880
14.1861,1870
14.1889,1871
14.1917,1855
14.1944,1856
14.1972,1850
14.2000,1852
14.2028,1845
14.2056,1847
14.2083,1844
14.2111,1850
14.2139,1837
14.2167,1837
14.2194,1841
14.2222,1843
14.2250,1846
14.2278,1850
14.2306,1857
14.2333,1847
14.2361,1854
14.2389,1845
14.2417,1841
14.2444,1830
14.2472,1820
14.2500,1817
14.2528,1818
14.2556,1802
14.2583,1808
14.2611,1811
14.2639,1807
14.2667,1819
14.2694,1824
14.2722,1825
14.2750,1817
14.2778,1803
14.2806,1781
14.2833,1769
14.2861,1774
14.2889,1797
14.2917,1797
14.2944,1799
14.2972,1804
14.3000,1816
14.3028,1813
14.3056,1826
14.3083,1827
14.3111,1852
14.3139,1872
14.3167,1883
14.3194,1894
14.3222,1888
14.3250,1873
14.3278,1887
14.3306,1887
14.3333,1894
14.3361,1892
14.3389,1897
14.3417,1914
14.3444,1935
14.3472,1943
14.3500,1949
14.3528,1955
14.3556,1975
14.3583,1969
14.3611,1942
14.3639,1911
14.3667,1853
14.3694,1806
14.3722,1776
14.3750,1745
14.3778,1723
14.3806,1713
14.3833,1701
14.3861,1710
14.3889,1705
14.3917,1695
14.3944,1690
14.3972,1689
14.4000,1678
14.4028,1663
14.4056,1663
14.4083,1653
14.4111,1654
14.4139,1667
14.4167,1677
14.4194,1669
14.4222,1680
14.4250,1684
14.4278,1684
14.4306,1680
14.4333,1689
14.4361,1687
14.4389,1670
14.4417,1645
14.4444,1616
14.4472,1572
14.4500,1552
14.4528,1560
14.4556,1591
14.4583,1623
14.4611,1686
14.4639,1778
14.4667,1935
14.4694,2184
14.4722,2503
14.4750,2833
14.4778,3090
14.4806,3151
14.4833,2970
14.4861,2677
14.4889,2398
14.4917,2161
14.4944,1979
14.4972,1863
14.5000,1810
14.5028,1793
14.5056,1787
14.5083,1763
14.5111,1702
14.5139,1599
14.5167,1505
14.5194,1432
14.5222,1403
14.5250,1385
14.5278,1411
14.5306,1410
14.5333,1405
14.5361,1410
14.5389,1396
14.5417,1396
14.5444,1426
14.5472,1455
14.5500,1483
14.5528,1478
14.5556,1467
14.5583,1462
14.5611,1465
14.5639,1473
14.5667,1482
14.5694,1490
14.5722,1484
14.5750,1483
14.5778,1487
14.5806,1488
14.5833,1505
14.5861,1508
14.5889,1519
14.5917,1521
14.5944,1524
14.5972,1514
14.6000,1527
14.6028,1529
14.6056,1542
14.6083,1553
14.6111,1573
14.6139,1577
14.6167,1593
14.6194,1588
14.6222,1618
14.6250,1635
14.6278,1648
14.6306,1644
14.6333,1644
14.6361,1635
14.6389,1632
14.6417,1643
14.6444,1676
14.6472,1690
14.6500,1689
14.6528,1680
14.6556,1663
14.6583,1646
14.6611,1646
14.6639,1643
14.6667,1660
14.6694,1646
14.6722,1645
14.6750,1641
14.6778,1625
14.6806,1630
14.6833,1627
14.6861,1648
14.6889,1654
14.6917,1656
14.6944,1640
14.6972,1628
14.7000,1617
14.7028,1624
14.7056,1638
14.7083,1642
14.7111,1635
14.7139,1626
14.7167,1618
14.7194,1614
14.7222,1614
14.7250,1626
14.7278,1632
14.7306,1620
14.7333,1615
14.7361,1603
14.7389,1589
14.7417,1587
14.7444,1604
14.7472,1618
14.7500,1615
14.7528,1610
14.7556,1593
14.7583,1585
14.7611,1588
14.7639,1595
14.7667,1606
14.7694,1609
14.7722,1607
14.7750,1618
14.7778,1625
14.7806,1642
14.7833,1652
14.7861,1667
14.7889,1665
14.7917,1670
14.7944,1678
14.7972,1662
14.8000,1662
14.8028,1666
14.8056,1670
14.8083,1677
14.8111,1684
14.8139,1675
14.8167,1698
14.8194,1721
14.8222,1726
14.8250,1717
14.8278,1737
14.8306,1741
14.8333,1741
14.8361,1727
14.8389,1708
14.8417,1670
14.8444,1634
14.8472,1604
14.8500,1567
14.8528,1530
14.8556,1528
14.8583,1543
14.8611,1555
14.8639,1567
14.8667,1564
14.8694,1566
14.8722,1560
14.8750,1553
14.8778,1545
14.8806,1548
14.8833,1561
14.8861,1574
14.8889,1579
14.8917,1587
14.8944,1582
14.8972,1593
14.9000,1591
14.9028,1596
14.9056,1591
14.9083,1590
14.9111,1592
14.9139,1576
14.9167,1569
14.9194,1547
14.9222,1537
14.9250,1504
14.9278,1514
14.9306,1531
14.9333,1580
14.9361,1609
14.9389,1644
14.9417,1731
14.9444,1894
14.9472,2157
14.9500,2474
14.9528,2751
14.9556,2906
14.9583,2876
14.9611,2710
14.9639,2518
14.9667,2336
14.9694,2180
14.9722,2045
14.9750,1946
14.9778,1901
14.9806,1865
14.9833,1837
14.9861,1782
14.9889,1714
14.9917,1649
14.9944,1601
14.9972,1598
15.0000,1606
15.0028,1618
15.0056,1622
15.0083,1620
15.0111,1625
15.0139,1616
15.0167,1625
15.0194,1634
15.0222,1660
15.0250,1682
15.0278,1686
15.0306,1677
15.0333,1688
15.0361,1687
15.0389,1699
15.0417,1707
15.0444,1719
15.0472,1732
15.0500,1748
15.0528,1761
15.0556,1766
15.0583,1778
15.0611,1768
15.0639,1772
15.0667,1790
15.0694,1790
15.0722,1781
15.0750,1774
15.0778,1796
15.0806,1814
15.0833,1837
15.0861,1865
15.0889,1885
15.0917,1921
15.0944,1927
15.0972,1950
15.1000,1962
15.1028,1983
15.1056,1988
15.1083,1993
15.1111,1998
15.1139,2001
15.1167,1998
15.1194,2026
15.1222,2049
15.1250,2063
15.1278,2080
15.1306,2078
15.1333,2083
15.1361,2060
15.1389,2059
15.1417,2083
15.1444,2090
15.1472,2101
15.1500,2103
15.1528,2106
15.1556,2097
15.1583,2101
15.1611,2113
15.1639,2122
15.1667,2117
15.1694,2102
15.1722,2087
15.1750,2068
15.1778,2070
15.1806,2075
15.1833,2074
15.1861,2085
15.1889,2095
15.1917,2089
15.1944,2083
15.1972,2086
15.2000,2089
15.2028,2091
15.2056,2075
15.2083,2076
15.2111,2061
15.2139,2059
15.2167,2050
15.2194,2039
15.2222,2051
15.2250,2069
15.2278,2066
15.2306,2057
15.2333,2064
15.2361,2061
15.2389,2072
15.2417,2077
15.2444,2098
15.2472,2105
15.2500,2123
15.2528,2132
15.2556,2146
15.2583,2159
15.2611,2161
15.2639,2179
15.2667,2193
15.2694,2191
15.2722,2188
15.2750,2197
15.2778,2207
15.2806,2229
15.2833,2256
15.2861,2268
15.2889,2264
15.2917,2243
15.2944,2226
15.2972,2254
15.3000,2250
15.3028,2251
15.3056,2225
15.3083,2176
15.3111,2126
15.3139,2081
15.3167,2039
15.3194,2003
15.3222,1978
15.3250,1994
15.3278,1985
15.3306,1982
15.3333,1987
15.3361,1986
15.3389,1991
15.3417,1988
15.3444,1992
15.3472,2002
15.3500,1998
15.3528,1995
15.3556,1995
15.3583,1989
15.3611,1994
15.3639,1991
15.3667,1984
15.3694,1990
15.3722,1990
15.3750,1973
15.3778,1978
15.3806,1967
15.3833,1962
15.3861,1935
15.3889,1903
15.3917,1897
15.3944,1919
15.3972,1943
15.4000,1969
15.4028,2005
15.4056,2097
15.4083,2279
15.4111,2550
15.4139,2857
15.4167,3133
15.4194,3285
15.4222,3249
15.4250,3121
15.4278,2970
15.4306,2852
15.4333,2724
15.4361,2579
15.4389,2456
15.4417,2370
15.4444,2306
15.4472,2244
15.4500,2155
15.4528,2062
15.4556,1966
15.4583,1879
15.4611,1824
15.4639,1796
15.4667,1814
15.4694,1792
15.4722,1759
15.4750,1747
15.4778,1744
15.4806,1745
15.4833,1736
15.4861,1726
15.4889,1743
15.4917,1760
15.4944,1771
15.4972,1776
15.5000,1774
15.5028,1769
15.5056,1754
15.5083,1761
15.5111,1757
15.5139,1746
15.5167,1745
15.5194,1734
15.5222,1724
15.5250,1721
15.5278,1703
15.5306,1686
15.5333,1694
15.5361,1696
15.5389,1693
15.5417,1688
15.5444,1709
15.5472,1726
15.5500,1752
15.5528,1760
15.5556,1772
15.5583,1774
15.5611,1772
15.5639,1765
15.5667,1777
15.5694,1781
15.5722,1788
15.5750,1795
15.5778,1805
15.5806,1805
15.5833,1813
15.5861,1823
15.5889,1822
15.5917,1805
15.5944,1794
15.5972,1798
15.6000,1805
15.6028,1823
15.6056,1820
15.6083,1624
15.6111,1623
15.6139,1604
15.6167,1598
15.6194,1595
15.6222,1580
15.6250,1577
15.6278,1578
15.6306,1561
15.6333,1555
15.6361,1531
15.6389,1521
15.6417,1526
15.6444,1529
15.6472,1517
15.6500,1500
15.6528,1488
15.6556,1473
15.6583,1450
15.6611,1430
15.6639,1433
15.6667,1430
15.6694,1431
15.6722,1428
15.6750,1425
15.6778,1395
15.6806,1391
15.6833,1398
15.6861,1395
15.6889,1389
15.6917,1377
15.6944,1358
15.6972,1340
15.7000,1348
15.7028,1347
15.7056,1347
15.7083,1327
15.7111,1340
15.7139,1359
15.7167,1363
15.7194,1380
15.7222,1402
15.7250,1425
15.7278,1436
15.7306,1430
15.7333,1426
15.7361,1387
15.7389,1370
15.7417,1357
15.7444,1369
15.7472,1411
15.7500,1440
15.7528,1461
15.7556,1442
15.7583,1418
15.7611,1423
15.7639,1427
15.7667,1404
15.7694,1347
15.7722,1272
15.7750,1207
15.7778,1187
15.7806,1186
15.7833,1179
15.7861,1170
15.7889,1150
15.7917,1115
15.7944,1090
15.7972,1083
15.8000,1066
15.8028,1060
15.8056,1063
15.8083,1056
15.8111,1048
15.8139,1044
15.8167,1021
15.8194,980
15.8222,945
15.8250,936
15.8278,940
15.8306,947
15.8333,941
15.8361,924
15.8389,917
15.8417,902
15.8444,900
15.8472,902
15.8500,885
15.8528,849
15.8556,818
15.8583,834
15.8611,882
15.8639,916
15.8667,954
15.8694,1015
15.8722,1138
15.8750,1363
15.8778,1662
15.8806,1941
15.8833,2130
15.8861,2147
15.8889,1976
15.8917,1683
15.8944,1402
15.8972,1193
15.9000,1051
15.9028,981
15.9056,962
15.9083,986
15.9111,977
15.9139,940
15.9167,838
15.9194,782
15.9222,767
15.9250,773
15.9278,787
15.9306,796
15.9333,799
15.9361,800
15.9389,788
15.9417,757
15.9444,748
15.9472,768
15.9500,793
15.9528,818
15.9556,823
15.9583,808
15.9611,804
15.9639,796
15.9667,785
15.9694,790
15.9722,783
15.9750,785
15.9778,794
15.9806,772
15.9833,773
15.9861,771
15.9889,779
15.9917,811
15.9944,811
15.9972,813
16.0000,804
16.0028,805
16.0056,805
16.0083,833
16.0111,843
16.0139,855
16.0167,863
16.0194,860
16.0222,867
16.0250,893
16.0278,918
16.0306,961
16.0333,974
16.0361,968
16.0389,972
16.0417,963
16.0444,975
16.0472,977
16.0500,959
16.0528,978
16.0556,985
16.0583,972
16.0611,955
16.0639,945
16.0667,937
16.0694,937
16.0722,938
16.0750,887
16.0778,893
16.0806,903
16.0833,902
16.0861,900
16.0889,889
16.0917,887
16.0944,900
16.0972,906
16.1000,884
16.1028,872
16.1056,841
16.1083,821
16.1111,813
16.1139,832
16.1167,846
16.1194,847
16.1222,838
16.1250,837
16.1278,839
16.1306,839
16.1333,832
16.1361,821
16.1389,810
16.1417,804
16.1444,793
16.1472,786
16.1500,788
16.1528,795
16.1556,806
16.1583,804
16.1611,809
16.1639,814
16.1667,811
16.1694,812
16.1722,810
16.1750,821
16.1778,833
16.1806,831
16.1833,851
16.1861,869
16.1889,889
16.1917,909
16.1944,919
16.1972,936
16.2000,941
16.2028,938
16.2056,949
16.2083,972
16.2111,975
16.2139,983
16.2167,1005
16.2194,1035
16.2222,1059
16.2250,1078
16.2278,1091
16.2306,1098
16.2333,1094
16.2361,1108
16.2389,1116
16.2417,1106
16.2444,1078
16.2472,1033
16.2500,1010
16.2528,1014
16.2556,997
16.2583,987
16.2611,971
16.2639,943
16.2667,922
16.2694,913
16.2722,900
16.2750,889
16.2778,892
16.2806,917
16.2833,937
16.2861,949
16.2889,950
16.2917,950
16.2944,944
16.2972,940
16.3000,936
16.3028,909
16.3056,910
16.3083,935
16.3111,954
16.3139,966
16.3167,996
16.3194,988
16.3222,964
16.3250,935
16.3278,904
16.3306,904
16.3333,918
16.3361,952
16.3389,1002
16.3417,1044
16.3444,1095
16.3472,1177
16.3500,1342
16.3528,1598
16.3556,1889
16.3583,2161
16.3611,2318
16.3639,2311
16.3667,2101
16.3694,1796
16.3722,1538
16.3750,1348
16.3778,1233
16.3806,1190
16.3833,1191
16.3861,1207
16.3889,1230
16.3917,1213
16.3944,1155
16.3972,1094
16.4000,1046
16.4028,1026
16.4056,1013
16.4083,1043
16.4111,1077
16.4139,1085
16.4167,1077
16.4194,1071
16.4222,1070
16.4250,1091
16.4278,1119
16.4306,1142
16.4333,1142
16.4361,1142
16.4389,1126
16.4417,1133
16.4444,1139
16.4472,1158
16.4500,1186
16.4528,1195
16.4556,1186
16.4583,1172
16.4611,1180
16.4639,1179
16.4667,1194
16.4694,1212
16.4722,1231
16.4750,1234
16.4778,1247
16.4806,1257
16.4833,1279
16.4861,1305
16.4889,1322
16.4917,1320
16.4944,1319
16.4972,1328
16.5000,1355
16.5028,1393
16.5056,1420
16.5083,1444
16.5111,1448
16.5139,1444
16.5167,1413
16.5194,1394
16.5222,1369
16.5250,1342
16.5278,1343
16.5306,1351
16.5333,1373
16.5361,1381
16.5389,1390
16.5417,1397
16.5444,1402
16.5472,1403
16.5500,1436
16.5528,1444
16.5556,1444
16.5583,1429
16.5611,1411
16.5639,1415
16.5667,1431
16.5694,1444
16.5722,1458
16.5750,1443
16.5778,1446
16.5806,1440
16.5833,1436
16.5861,1432
16.5889,1437
16.5917,1441
16.5944,1440
16.5972,1427
16.6000,1429
16.6028,1431
16.6056,1437
16.6083,1433
16.6111,1442
16.6139,1445
16.6167,1445
16.6194,1439
16.6222,1428
16.6250,1421
16.6278,1428
16.6306,1443
16.6333,1458
16.6361,1470
16.6389,1457
16.6417,1454
16.6444,1453
16.6472,1477
16.6500,1495
16.6528,1520
16.6556,1530
16.6583,1530
16.6611,1516
16.6639,1519
16.6667,1550
16.6694,1573
16.6722,1597
16.6750,1621
16.6778,1632
16.6806,1623
16.6833,1639
16.6861,1648
16.6889,1666
16.6917,1687
16.6944,1708
16.6972,1708
16.7000,1696
16.7028,1678
16.7056,1685
16.7083,1690
16.7111,1682
16.7139,1661
16.7167,1619
16.7194,1565
16.7222,1526
16.7250,1507
16.7278,1496
16.7306,1498
16.7333,1498
16.7361,1504
16.7389,1501
16.7417,1504
16.7444,1497
16.7472,1510
16.7500,1523
16.7528,1509
16.7556,1497
16.7583,1496
16.7611,1486
16.7639,1489
16.7667,1492
16.7694,1510
16.7722,1533
16.7750,1526
16.7778,1530
16.7806,1517
16.7833,1521
16.7861,1520
16.7889,1508
16.7917,1490
16.7944,1464
16.7972,1430
16.8000,1415
16.8028,1417
16.8056,1435
16.8083,1483
16.8111,1516
16.8139,1554
16.8167,1635
16.8194,1777
16.8222,2001
16.8250,2275
16.8278,2541
16.8306,2695
16.8333,2694
16.8361,2497
16.8389,2259
16.8417,2028
16.8444,1846
16.8472,1715
16.8500,1626
16.8528,1605
16.8556,1616
16.8583,1621
16.8611,1601
16.8639,1550
16.8667,1502
16.8694,1467
16.8722,1440
16.8750,1434
16.8778,1436
16.8806,1443
16.8833,1462
16.8861,1473
16.8889,1477
16.8917,1485
16.8944,1502
16.8972,1500
16.9000,1508
16.9028,1503
16.9056,1493
16.9083,1479
16.9111,1478
16.9139,1506
16.9167,1521
16.9194,1535
16.9222,1544
16.9250,1547
16.9278,1537
16.9306,1543
16.9333,1554
16.9361,1558
16.9389,1564
16.9417,1572
16.9444,1572
16.9472,1570
16.9500,1575
16.9528,1591
16.9556,1606
16.9583,1630
16.9611,1660
16.9639,1679
16.9667,1693
16.9694,1695
16.9722,1699
16.9750,1722
16.9778,1726
16.9806,1733
16.9833,1730
16.9861,1734
16.9889,1744
16.9917,1767
16.9944,1766
16.9972,1792
17.0000,1803
17.0028,1798
17.0056,1786
17.0083,1776
17.0111,1780
17.0139,1777
17.0167,1779
17.0194,1762
17.0222,1753
17.0250,1742
17.0278,1728
17.0306,1724
17.0333,1721
17.0361,1729
17.0389,1728
17.0417,1725
17.0444,1721
17.0472,1716
17.0500,1721
17.0528,1711
17.0556,1709
17.0583,1713
17.0611,1709
17.0639,1707
17.0667,1702
17.0694,1696
17.0722,1689
17.0750,1702
17.0778,1712
17.0806,1719
17.0833,1716
17.0861,1704
17.0889,1694
17.0917,1696
17.0944,1686
17.0972,1697
17.1000,1706
17.1028,1725
17.1056,1736
17.1083,1728
17.1111,1737
17.1139,1745
17.1167,1753
17.1194,1769
17.1222,1784
17.1250,1795
17.1278,1788
17.1306,1782
17.1333,1768
17.1361,1748
17.1389,1730
17.1417,1739
17.1444,1768
17.1472,1809
17.1500,1834
17.1528,1837
17.1556,1848
17.1583,1869
17.1611,1869
17.1639,1872
17.1667,1828
17.1694,1783
17.1722,1740
17.1750,1707
17.1778,1679
17.1806,1671
17.1833,1672
17.1861,1667
17.1889,1667
17.1917,1665
17.1944,1682
17.1972,1700
17.2000,1707
17.2028,1696
17.2056,1677
17.2083,1664
17.2111,1668
17.2139,1669
17.2167,1673
17.2194,1678
17.2222,1682
17.2250,1681
17.2278,1677
17.2306,1681
17.2333,1694
17.2361,1717
17.2389,1718
17.2417,1718
17.2444,1706
17.2472,1673
17.2500,1628
17.2528,1601
17.2556,1591
17.2583,1590
17.2611,1608
17.2639,1625
17.2667,1667
17.2694,1741
17.2722,1877
17.2750,2068
17.2778,2354
17.2806,2623
17.2833,2818
17.2861,2853
17.2889,2751
17.2917,2605
17.2944,2471
17.2972,2354
17.3000,2243
17.3028,2134
17.3056,2040
17.3083,2007
17.3111,1974
17.3139,1918
17.3167,1845
17.3194,1753
17.3222,1662
17.3250,1609
17.3278,1587
17.3306,1606
17.3333,1614
17.3361,1627
17.3389,1620
17.3417,1611
17.3444,1601
17.3472,1593
17.3500,1608
17.3528,1623
17.3556,1635
17.3583,1634
17.3611,1623
17.3639,1621
17.3667,1643
17.3694,1665
17.3722,1686
17.3750,1692
17.3778,1695
17.3806,1707
17.3833,1699
17.3861,1700
17.3889,1712
17.3917,1723
17.3944,1731
17.3972,1733
17.4000,1746
17.4028,1754
17.4056,1763
17.4083,1775
17.4111,1783
17.4139,1802
17.4167,1798
17.4194,1804
17.4222,1811
17.4250,1834
17.4278,1857
17.4306,1881
17.4333,1906
17.4361,1921
17.4389,1935
17.4417,1947
17.4444,1947
17.4472,1957
17.4500,1963
17.4528,1970
17.4556,1973
17.4583,1976
17.4611,1987
17.4639,1999
17.4667,2008
17.4694,2013
17.4722,2026
17.4750,1928
17.4778,1925
17.4806,1924
17.4833,1916
17.4861,1907
17.4889,1903
17.4917,1911
17.4944,1909
17.4972,1903
17.5000,1899
17.5028,1890
17.5056,1884
17.5083,1895
17.5111,1914
17.5139,1909
17.5167,1918
17.5194,1915
17.5222,1920
17.5250,1928
17.5278,1920
17.5306,1923
17.5333,1920
17.5361,1925
17.5389,1924
17.5417,1931
17.5444,1923
17.5472,1929
17.5500,1939
17.5528,1953
17.5556,1989
17.5583,2007
17.5611,2026
17.5639,2036
17.5667,2045
17.5694,2058
17.5722,2061
17.5750,2056
17.5778,2057
17.5806,2047
17.5833,2068
17.5861,2088
17.5889,2134
17.5917,2167
17.5944,2175
17.5972,2174
17.6000,2178
17.6028,2161
17.6056,2126
17.6083,2077
17.6111,2016
17.6139,1969
17.6167,1934
17.6194,1911
17.6222,1891
17.6250,1888
17.6278,1867
17.6306,1861
17.6333,1858
17.6361,1869
17.6389,1874
17.6417,1880
17.6444,1889
17.6472,1892
17.6500,1884
17.6528,1875
17.6556,1871
17.6583,1859
17.6611,1836
17.6639,1842
17.6667,1842
17.6694,1840
17.6722,1856
17.6750,1849
17.6778,1848
17.6806,1840
17.6833,1838
17.6861,1834
17.6889,1817
17.6917,1781
17.6944,1765
17.6972,1748
17.7000,1766
17.7028,1811
17.7056,1849
17.7083,1913
17.7111,2018
17.7139,2207
17.7167,2504
17.7194,2862
17.7222,3216
17.7250,3344
17.7278,3347
17.7306,3260
17.7333,3016
17.7361,2754
17.7389,2517
17.7417,2331
17.7444,2227
17.7472,2180
17.7500,2132
17.7528,2080
17.7556,2017
17.7583,1917
17.7611,1818
17.7639,1738
17.7667,1718
17.7694,1709
17.7722,1724
17.7750,1743
17.7778,1752
17.7806,1744
17.7833,1728
17.7861,1728
17.7889,1734
17.7917,1742
17.7944,1750
17.7972,1751
17.8000,1738
17.8028,1729
17.8056,1727
17.8083,1734
17.8111,1750
17.8139,1779
17.8167,1788
17.8194,1807
17.8222,1804
17.8250,1808
17.8278,1815
17.8306,1819
17.8333,1827
17.8361,1821
17.8389,1831
17.8417,1809
17.8444,1796
17.8472,1797
17.8500,1796
17.8528,1794
17.8556,1793
17.8583,1804
17.8611,1826
17.8639,1845
17.8667,1865
17.8694,1869
17.8722,1899
17.8750,1910
17.8778,1911
17.8806,1906
17.8833,1897
17.8861,1906
17.8889,1917
17.8917,1936
17.8944,1960
17.8972,1945
17.9000,1942
17.9028,1937
17.9056,1932
17.9083,1939
17.9111,1938
17.9139,1943
17.9167,1897
17.9194,1895
17.9222,1895
17.9250,1893
17.9278,1892
17.9306,1908
17.9333,1904
17.9361,1912
17.9389,1906
17.9417,1893
17.9444,1872
17.9472,1872
17.9500,1872
17.9528,1882
17.9556,1878
17.9583,1877
17.9611,1863
17.9639,1860
17.9667,1856
17.9694,1865
17.9722,1864
17.9750,1868
17.9778,1871
17.9806,1866
17.9833,1867
17.9861,1854
17.9889,1867
17.9917,1885
17.9944,1899
17.9972,1893
18.0000,1905
18.0028,1908
18.0056,1940
18.0083,1954
18.0111,1965
18.0139,1972
18.0167,1976
18.0194,1974
18.0222,1971
18.0250,1954
18.0278,1948
18.0306,1968
18.0333,1996
18.0361,2010
18.0389,2027
18.0417,2029
18.0444,2012
18.0472,2003
18.0500,1986
18.0528,1959
18.0556,1917
18.0583,1889
18.0611,1869
18.0639,1841
18.0667,1830
18.0694,1814
18.0722,1806
18.0750,1798
18.0778,1790
18.0806,1777
18.0833,1774
18.0861,1766
18.0889,1761
18.0917,1764
18.0944,1786
18.0972,1786
18.1000,1788
18.1028,1786
18.1056,1787
18.1083,1787
18.1111,1790
18.1139,1788
18.1167,1796
18.1194,1788
18.1222,1783
18.1250,1788
18.1278,1790
18.1306,1788
18.1333,1775
18.1361,1739
18.1389,1693
18.1417,1660
18.1444,1666
18.1472,1702
18.1500,1759
18.1528,1818
18.1556,1918
18.1583,2072
18.1611,2326
18.1639,2665
18.1667,3050
18.1694,3343
18.1722,3353
18.1750,3356
18.1778,3181
18.1806,2870
18.1833,2547
18.1861,2295
18.1889,2133
18.1917,2055
18.1944,2017
18.1972,1996
18.2000,1928
18.2028,1837
18.2056,1756
18.2083,1686
18.2111,1650
18.2139,1649
18.2167,1650
18.2194,1670
18.2222,1663
18.2250,1648
18.2278,1645
18.2306,1652
18.2333,1671
18.2361,1693
18.2389,1705
18.2417,1710
18.2444,1712
18.2472,1691
18.2500,1697
18.2528,1702
18.2556,1717
18.2583,1740
18.2611,1755
18.2639,1755
18.2667,1744
18.2694,1738
18.2722,1746
18.2750,1753
18.2778,1758
18.2806,1767
18.2833,1776
18.2861,1770
18.2889,1767
18.2917,1783
18.2944,1785
18.2972,1808
18.3000,1833
18.3028,1854
18.3056,1858
18.3083,1878
18.3111,1875
18.3139,1888
18.3167,1901
18.3194,1900
18.3222,1914
18.3250,1924
18.3278,1913
18.3306,1911
18.3333,1928
18.3361,1947
18.3389,1966
18.3417,1969
18.3444,1964
18.3472,1944
18.3500,1947
18.3528,1926
18.3556,1913
18.3583,1899
18.3611,1890
18.3639,1883
18.3667,1890
18.3694,1869
18.3722,1863
18.3750,1871
18.3778,1868
18.3806,1878
18.3833,1877
18.3861,1891
18.3889,1885
18.3917,1885
18.3944,1864
18.3972,1857
18.4000,1845
18.4028,1836
18.4056,1817
18.4083,1804
18.4111,1811
18.4139,1825
18.4167,1833
18.4194,1834
18.4222,1848
18.4250,1828
18.4278,1822
18.4306,1793
18.4333,1794
18.4361,1799
18.4389,1811
18.4417,1811
18.4444,1824
18.4472,1827
18.4500,1847
18.4528,1863
18.4556,1893
18.4583,1919
18.4611,1942
18.4639,1946
18.4667,1926
18.4694,1927
18.4722,1924
18.4750,1915
18.4778,1904
18.4806,1910
18.4833,1941
18.4861,1973
18.4889,1974
18.4917,1966
18.4944,1957
18.4972,1961
18.5000,1957
18.5028,1927
18.5056,1887
18.5083,1829
18.5111,1794
18.5139,1769
18.5167,1739
18.5194,1704
18.5222,1677
18.5250,1667
18.5278,1666
18.5306,1669
18.5333,1670
18.5361,1690
18.5389,1696
18.5417,1705
18.5444,1703
18.5472,1704
18.5500,1711
18.5528,1720
18.5556,1727
18.5583,1724
18.5611,1721
18.5639,1716
18.5667,1708
18.5694,1714
18.5722,1733
18.5750,1729
18.5778,1726
18.5806,1720
18.5833,1718
18.5861,1682
18.5889,1630
18.5917,1603
18.5944,1605
18.5972,1637
18.6000,1698
18.6028,1741
18.6056,1807
18.6083,1925
18.6111,2115
18.6139,2393
18.6167,2706
18.6194,2936
18.6222,3026
18.6250,2925
18.6278,2689
18.6306,2449
18.6333,2249
18.6361,2101
18.6389,1999
18.6417,1948
18.6444,1922
18.6472,1907
18.6500,1888
18.6528,1815
18.6556,1723
18.6583,1654
18.6611,1621
18.6639,1616
18.6667,1624
18.6694,1630
18.6722,1637
18.6750,1642
18.6778,1630
18.6806,1628
18.6833,1639
18.6861,1641
18.6889,1641
18.6917,1649
18.6944,1659
18.6972,1644
18.7000,1649
18.7028,1659
18.7056,1669
18.7083,1686
18.7111,1698
18.7139,1710
18.7167,1704
18.7194,1696
18.7222,1698
18.7250,1708
18.7278,1719
18.7306,1715
18.7333,1710
18.7361,1709
18.7389,1717
18.7417,1743
18.7444,1769
18.7472,1784
18.7500,1797
18.7528,1807
18.7556,1816
18.7583,1816
18.7611,1819
18.7639,1827
18.7667,1847
18.7694,1865
18.7722,1877
18.7750,1882
18.7778,1875
18.7806,1867
18.7833,1871
18.7861,1878
18.7889,1880
18.7917,1860
18.7944,1850
18.7972,1836
18.8000,1843
18.8028,1839
18.8056,1840
18.8083,1850
18.8111,1792
18.8139,1787
18.8167,1779
18.8194,1772
18.8222,1771
18.8250,1771
18.8278,1765
18.8306,1759
18.8333,1745
18.8361,1716
18.8389,1706
18.8417,1688
18.8444,1672
18.8472,1663
18.8500,1653
18.8528,1643
18.8556,1632
18.8583,1629
18.8611,1627
18.8639,1641
18.8667,1643
18.8694,1646
18.8722,1642
18.8750,1636
18.8778,1621
18.8806,1595
18.8833,1579
18.8861,1577
18.8889,1600
18.8917,1622
18.8944,1624
18.8972,1614
18.9000,1603
18.9028,1615
18.9056,1636
18.9083,1658
18.9111,1684
18.9139,1704
18.9167,1718
18.9194,1718
18.9222,1719
18.9250,1723
18.9278,1734
18.9306,1740
18.9333,1745
18.9361,1739
18.9389,1735
18.9417,1744
18.9444,1764
18.9472,1795
18.9500,1788
18.9528,1785
18.9556,1765
18.9583,1768
18.9611,1748
18.9639,1733
18.9667,1713
18.9694,1683
18.9722,1669
18.9750,1650
18.9778,1636
18.9806,1618
18.9833,1596
18.9861,1581
18.9889,1594
18.9917,1597
18.9944,1601
18.9972,1602
19.0000,1607
19.0028,1598
19.0056,1592
19.0083,1586
19.0111,1592
19.0139,1577
19.0167,1578
19.0194,1575
19.0222,1565
19.0250,1579
19.0278,1582
19.0306,1596
19.0333,1605
19.0361,1620
19.0389,1610
19.0417,1595
19.0444,1560
19.0472,1529
19.0500,1485
19.0528,1480
19.0556,1498
19.0583,1546
19.0611,1589
19.0639,1644
19.0667,1725
19.0694,1854
19.0722,2080
19.0750,2370
19.0778,2615
19.0806,2780
19.0833,2776
19.0861,2633
19.0889,2441
19.0917,2288
19.0944,2158
19.0972,2043
19.1000,1947
19.1028,1894
19.1056,1869
19.1083,1821
19.1111,1761
19.1139,1694
19.1167,1622
19.1194,1557
19.1222,1530
19.1250,1536
19.1278,1549
19.1306,1569
19.1333,1580
19.1361,1575
19.1389,1540
19.1417,1528
19.1444,1538
19.1472,1556
19.1500,1562
19.1528,1564
19.1556,1565
19.1583,1552
19.1611,1553
19.1639,1558
19.1667,1586
19.1694,1599
19.1722,1587
19.1750,1579
19.1778,1567
19.1806,1574
19.1833,1591
19.1861,1617
19.1889,1650
19.1917,1664
19.1944,1668
19.1972,1676
19.2000,1670
19.2028,1679
19.2056,1691
19.2083,1710
19.2111,1712
19.2139,1715
19.2167,1726
19.2194,1712
19.2222,1704
19.2250,1709
19.2278,1722
19.2306,1731
19.2333,1738
19.2361,1729
19.2389,1729
19.2417,1730
19.2444,1731
19.2472,1740
19.2500,1751
19.2528,1765
19.2556,1762
19.2583,1744
19.2611,1741
19.2639,1733
19.2667,1716
19.2694,1707
19.2722,1705
19.2750,1703
19.2778,1704
19.2806,1702
19.2833,1697
19.2861,1703
19.2889,1701
19.2917,1712
19.2944,1708
19.2972,1722
19.3000,1712
19.3028,1711
19.3056,1697
19.3083,1706
19.3111,1702
19.3139,1699
19.3167,1691
19.3194,1677
19.3222,1698
19.3250,1696
19.3278,1695
19.3306,1708
19.3333,1695
19.3361,1685
19.3389,1690
19.3417,1704
19.3444,1712
19.3472,1731
19.3500,1732
19.3528,1755
19.3556,1772
19.3583,1782
19.3611,1784
19.3639,1796
19.3667,1812
19.3694,1825
19.3722,1831
19.3750,1832
19.3778,1834
19.3806,1850
19.3833,1871
19.3861,1891
19.3889,1892
19.3917,1893
19.3944,1888
19.3972,1888
19.4000,1884
19.4028,1878
19.4056,1865
19.4083,1829
19.4111,1784
19.4139,1749
19.4167,1705
19.4194,1681
19.4222,1659
19.4250,1652
19.4278,1648
19.4306,1646
19.4333,1641
19.4361,1641
19.4389,1655
19.4417,1653
19.4444,1654
19.4472,1656
19.4500,1650
19.4528,1659
19.4556,1671
19.4583,1681
19.4611,1685
19.4639,1677
19.4667,1656
19.4694,1644
19.4722,1650
19.4750,1637
19.4778,1644
19.4806,1642
19.4833,1644
19.4861,1654
19.4889,1634
19.4917,1591
19.4944,1558
19.4972,1551
19.5000,1577
19.5028,1624
19.5056,1650
19.5083,1703
19.5111,1814
19.5139,2010
19.5167,2291
19.5194,2598
19.5222,2823
19.5250,2913
19.5278,2806
19.5306,2630
19.5333,2446
19.5361,2281
19.5389,2145
19.5417,2034
19.5444,1954
19.5472,1905
19.5500,1864
19.5528,1810
19.5556,1753
19.5583,1674
19.5611,1590
19.5639,1535
19.5667,1510
19.5694,1506
19.5722,1517
19.5750,1532
19.5778,1527
19.5806,1517
19.5833,1523
19.5861,1537
19.5889,1570
19.5917,1596
19.5944,1609
19.5972,1600
19.6000,1591
19.6028,1594
19.6056,1601
19.6083,1623
19.6111,1636
19.6139,1627
19.6167,1629
19.6194,1622
19.6222,1627
19.6250,1636
19.6278,1654
19.6306,1670
19.6333,1684
19.6361,1691
19.6389,1687
19.6417,1683
19.6444,1686
19.6472,1696
19.6500,1723
19.6528,1736
19.6556,1737
19.6583,1747
19.6611,1749
19.6639,1751
19.6667,1762
19.6694,1781
19.6722,1802
19.6750,1831
19.6778,1847
19.6806,1854
19.6833,1850
19.6861,1853
19.6889,1868
19.6917,1864
19.6944,1874
19.6972,1871
19.7000,1865
19.7028,1871
19.7056,1883
19.7083,1894
19.7111,1897
19.7139,1899
19.7167,1890
19.7194,1877
19.7222,1877
19.7250,1889
19.7278,1907
19.7306,1912
19.7333,1904
19.7361,1895
19.7389,1874
19.7417,1863
19.7444,1856
19.7472,1859
19.7500,1863
19.7528,1860
19.7556,1859
19.7583,1851
19.7611,1848
19.7639,1840
19.7667,1859
19.7694,1867
19.7722,1880
19.7750,1866
19.7778,1847
19.7806,1832
19.7833,1831
19.7861,1831
19.7889,1832
19.7917,1836
19.7944,1852
19.7972,1857
19.8000,1878
19.8028,1882
19.8056,1906
19.8083,1918
19.8111,1931
19.8139,1938
19.8167,1944
19.8194,1937
19.8222,1946
19.8250,1940
19.8278,1949
19.8306,1947
19.8333,1959
19.8361,1979
19.8389,2000
19.8417,2008
19.8444,2011
19.8472,2020
19.8500,2023
19.8528,2018
19.8556,2001
19.8583,1949
19.8611,1882
19.8639,1822
19.8667,1792
19.8694,1789
19.8722,1792
19.8750,1789
19.8778,1761
19.8806,1739
19.8833,1710
19.8861,1715
19.8889,1726
19.8917,1735
19.8944,1734
19.8972,1734
19.9000,1739
19.9028,1754
19.9056,1763
19.9083,1758
19.9111,1750
19.9139,1740
19.9167,1722
19.9194,1722
19.9222,1734
19.9250,1723
19.9278,1729
19.9306,1718
19.9333,1707
19.9361,1688
19.9389,1669
19.9417,1638
19.9444,1605
19.9472,1573
19.9500,1589
19.9528,1629
19.9556,1672
19.9583,1710
19.9611,1754
19.9639,1848
19.9667,2034
19.9694,2304
19.9722,2617
19.9750,2882
19.9778,3025
19.9806,2971
19.9833,2763
19.9861,2511
19.9889,2284
19.9917,2105
19.9944,1981
19.9972,1918
20.0000,1874
20.0028,1844
20.0056,1822
20.0083,1781
20.0111,1707
20.0139,1619
20.0167,1574
20.0194,1554
20.0222,1551
20.0250,1554
20.0278,1572
20.0306,1571
20.0333,1574
20.0361,1577
20.0389,1583
20.0417,1591
20.0444,1594
20.0472,1605
20.0500,1597
20.0528,1586
20.0556,1592
20.0583,1581
20.0611,1582
20.0639,1604
20.0667,1626
20.0694,1653
20.0722,1649
20.0750,1629
20.0778,1619
20.0806,1625
20.0833,1641
20.0861,1658
20.0889,1660
20.0917,1662
20.0944,1659
20.0972,1665
20.1000,1700
20.1028,1727
20.1056,1740
20.1083,1736
20.1111,1747
20.1139,1752
20.1167,1756
20.1194,1774
20.1222,1794
20.1250,1820
20.1278,1838
20.1306,1847
20.1333,1841
20.1361,1850
20.1389,1850
20.1417,1872
20.1444,1867
20.1472,1869
20.1500,1873
20.1528,1853
20.1556,1853
20.1583,1840
20.1611,1850
20.1639,1846
20.1667,1776
20.1694,1783
20.1722,1780
20.1750,1761
20.1778,1741
20.1806,1746
20.1833,1750
20.1861,1756
20.1889,1747
20.1917,1741
20.1944,1736
20.1972,1715
20.2000,1706
20.2028,1690
20.2056,1699
20.2083,1694
20.2111,1685
20.2139,1658
20.2167,1634
20.2194,1634
20.2222,1631
20.2250,1642
20.2278,1659
20.2306,1681
20.2333,1672
20.2361,1642
20.2389,1632
20.2417,1658
20.2444,1682
20.2472,1703
20.2500,1715
20.2528,1729
20.2556,1745
20.2583,1736
20.2611,1763
20.2639,1769
20.2667,1775
20.2694,1784
20.2722,1778
20.2750,1770
20.2778,1776
20.2806,1784
20.2833,1797
20.2861,1803
20.2889,1817
20.2917,1828
20.2944,1832
20.2972,1843
20.3000,1842
20.3028,1842
20.3056,1839
20.3083,1817
20.3111,1790
20.3139,1746
20.3167,1710
20.3194,1692
20.3222,1673
20.3250,1663
20.3278,1668
20.3306,1657
20.3333,1646
20.3361,1627
20.3389,1619
20.3417,1618
20.3444,1622
20.3472,1622
20.3500,1635
20.3528,1630
20.3556,1630
20.3583,1626
20.3611,1616
20.3639,1625
20.3667,1634
20.3694,1643
20.3722,1634
20.3750,1630
20.3778,1636
20.3806,1643
20.3833,1637
20.3861,1622
20.3889,1614
20.3917,1615
20.3944,1590
20.3972,1541
20.4000,1522
20.4028,1541
20.4056,1585
20.4083,1640
20.4111,1673
20.4139,1722
20.4167,1821
20.4194,2007
20.4222,2311
20.4250,2645
20.4278,2951
20.4306,3105
20.4333,3045
20.4361,2818
20.4389,2550
20.4417,2286
20.4444,2076
20.4472,1946
20.4500,1873
20.4528,1831
20.4556,1827
20.4583,1816
20.4611,1750
20.4639,1682
20.4667,1598
20.4694,1542
20.4722,1519
20.4750,1534
20.4778,1541
20.4806,1549
20.4833,1566
20.4861,1576
20.4889,1562
20.4917,1556
20.4944,1568
20.4972,1585
20.5000,1592
20.5028,1592
20.5056,1581
20.5083,1576
20.5111,1575
20.5139,1571
20.5167,1590
20.5194,1625
20.5222,1642
20.5250,1635
20.5278,1626
20.5306,1628
20.5333,1630
20.5361,1640
20.5389,1658
20.5417,1663
20.5444,1663
20.5472,1649
20.5500,1639
20.5528,1629
20.5556,1638
20.5583,1653
20.5611,1673
20.5639,1691
20.5667,1700
20.5694,1700
20.5722,1708
20.5750,1718
20.5778,1725
20.5806,1728
20.5833,1747
20.5861,1758
20.5889,1766
20.5917,1776
20.5944,1790
20.5972,1814
20.6000,1811
20.6028,1807
20.6056,1811
20.6083,1818
20.6111,1816
20.6139,1811
20.6167,1798
20.6194,1735
20.6222,1728
20.6250,1730
20.6278,1728
20.6306,1734
20.6333,1749
20.6361,1767
20.6389,1775
20.6417,1773
20.6444,1740
20.6472,1724
20.6500,1711
20.6528,1713
20.6556,1725
20.6583,1743
20.6611,1741
20.6639,1723
20.6667,1716
20.6694,1723
20.6722,1721
20.6750,1716
20.6778,1713
20.6806,1718
20.6833,1702
20.6861,1690
20.6889,1698
20.6917,1706
20.6944,1724
20.6972,1734
20.7000,1770
20.7028,1779
20.7056,1791
20.7083,1796
20.7111,1796
20.7139,1804
20.7167,1822
20.7194,1843
20.7222,1841
20.7250,1833
20.7278,1821
20.7306,1803
20.7333,1806
20.7361,1829
20.7389,1848
20.7417,1856
20.7444,1848
20.7472,1855
20.7500,1861
20.7528,1851
20.7556,1824
20.7583,1789
20.7611,1748
20.7639,1716
20.7667,1693
20.7694,1677
20.7722,1682
20.7750,1680
20.7778,1666
20.7806,1657
20.7833,1639
20.7861,1638
20.7889,1642
20.7917,1638
20.7944,1650
20.7972,1674
20.8000,1665
20.8028,1680
20.8056,1680
20.8083,1667
20.8111,1646
20.8139,1639
20.8167,1644
20.8194,1667
20.8222,1679
20.8250,1693
20.8278,1690
20.8306,1701
20.8333,1689
20.8361,1671
20.8389,1660
20.8417,1618
20.8444,1576
20.8472,1567
20.8500,1599
20.8528,1636
20.8556,1688
20.8583,1735
20.8611,1824
20.8639,1981
20.8667,2238
20.8694,2561
20.8722,2901
20.8750,3148
20.8778,3198
20.8806,3013
20.8833,2702
20.8861,2392
20.8889,2137
20.8917,1982
20.8944,1896
20.8972,1844
20.9000,1827
20.9028,1806
20.9056,1757
20.9083,1677
20.9111,1581
20.9139,1518
20.9167,1501
20.9194,1501
20.9222,1522
20.9250,1556
20.9278,1592
20.9306,1591
20.9333,1568
20.9361,1549
20.9389,1561
20.9417,1592
20.9444,1613
20.9472,1611
20.9500,1610
20.9528,1598
20.9556,1603
20.9583,1608
20.9611,1621
20.9639,1633
20.9667,1656
20.9694,1662
20.9722,1655
20.9750,1647
20.9778,1649
20.9806,1660
20.9833,1679
20.9861,1684
20.9889,1688
20.9917,1684
20.9944,1694
20.9972,1703
21.0000,1717
21.0028,1744
21.0056,1752
21.0083,1769
21.0111,1779
21.0139,1795
21.0167,1815
21.0194,1849
21.0222,1876
21.0250,1890
21.0278,1887
21.0306,1876
21.0333,1867
21.0361,1869
21.0389,1879
21.0417,1881
21.0444,1896
21.0472,1888
21.0500,1879
21.0528,1868
21.0556,1854
21.0583,1834
21.0611,1851
21.0639,1873
21.0667,1850
21.0694,1854
21.0722,1848
21.0750,1840
21.0778,1842
21.0806,1844
21.0833,1851
21.0861,1851
21.0889,1838
21.0917,1834
21.0944,1814
21.0972,1816
21.1000,1816
21.1028,1826
21.1056,1822
21.1083,1831
21.1111,1833
21.1139,1830
21.1167,1835
21.1194,1837
21.1222,1839
21.1250,1834
21.1278,1819
21.1306,1819
21.1333,1810
21.1361,1808
21.1389,1816
21.1417,1827
21.1444,1837
21.1472,1843
21.1500,1842
21.1528,1857
21.1556,1869
21.1583,1890
21.1611,1910
21.1639,1928
21.1667,1935
21.1694,1931
21.1722,1927
21.1750,1932
21.1778,1923
21.1806,1907
21.1833,1902
21.1861,1916
21.1889,1925
21.1917,1921
21.1944,1912
21.1972,1911
21.2000,1924
21.2028,1934
21.2056,1917
21.2083,1890
21.2111,1864
21.2139,1820
21.2167,1794
21.2194,1776
21.2222,1773
21.2250,1761
21.2278,1748
21.2306,1735
21.2333,1726
21.2361,1713
21.2389,1709
21.2417,1711
21.2444,1731
21.2472,1724
21.2500,1736
21.2528,1733
21.2556,1725
21.2583,1717
21.2611,1715
21.2639,1726
21.2667,1729
21.2694,1731
21.2722,1731
21.2750,1724
21.2778,1713
21.2806,1730
21.2833,1751
21.2861,1760
21.2889,1737
21.2917,1708
21.2944,1660
21.2972,1627
21.3000,1618
21.3028,1641
21.3056,1684
21.3083,1731
21.3111,1786
21.3139,1891
21.3167,2093
21.3194,2383
21.3222,2702
21.3250,2957
21.3278,3079
21.3306,2989
21.3333,2737
21.3361,2459
21.3389,2227
21.3417,2057
21.3444,1949
21.3472,1880
21.3500,1853
21.3528,1830
21.3556,1805
21.3583,1750
21.3611,1683
21.3639,1631
21.3667,1612
21.3694,1610
21.3722,1609
21.3750,1619
21.3778,1632
21.3806,1620
21.3833,1604
21.3861,1599
21.3889,1603
21.3917,1619
21.3944,1643
21.3972,1643
21.4000,1644
21.4028,1632
21.4056,1605
21.4083,1606
21.4111,1617
21.4139,1620
21.4167,1642
21.4194,1645
21.4222,1634
21.4250,1622
21.4278,1624
21.4306,1619
21.4333,1634
21.4361,1655
21.4389,1665
21.4417,1675
21.4444,1669
21.4472,1665
21.4500,1670
21.4528,1682
21.4556,1710
21.4583,1737
21.4611,1738
21.4639,1740
21.4667,1749
21.4694,1765
21.4722,1779
21.4750,1784
21.4778,1795
21.4806,1800
21.4833,1803
21.4861,1799
21.4889,1793
21.4917,1785
21.4944,1781
21.4972,1779
21.5000,1780
21.5028,1775
21.5056,1751
21.5083,1741
21.5111,1752
21.5139,1758
21.5167,1665
21.5194,1667
21.5222,1642
21.5250,1632
21.5278,1624
21.5306,1629
21.5333,1643
21.5361,1652
21.5389,1660
21.5417,1638
21.5444,1623
21.5472,1596
21.5500,1577
21.5528,1578
21.5556,1591
21.5583,1594
21.5611,1584
21.5639,1572
21.5667,1577
21.5694,1579
21.5722,1590
21.5750,1600
21.5778,1597
21.5806,1605
21.5833,1600
21.5861,1593
21.5889,1584
21.5917,1582
21.5944,1596
21.5972,1599
21.6000,1599
21.6028,1617
21.6056,1636
21.6083,1640
21.6111,1660
21.6139,1663
21.6167,1678
21.6194,1674
21.6222,1673
21.6250,1668
21.6278,1666
21.6306,1683
21.6333,1686
21.6361,1714
21.6389,1732
21.6417,1744
21.6444,1738
21.6472,1719
21.6500,1708
21.6528,1703
21.6556,1717
21.6583,1729
21.6611,1694
21.6639,1648
21.6667,1615
21.6694,1584
21.6722,1560
21.6750,1532
21.6778,1512
21.6806,1506
21.6833,1495
21.6861,1520
21.6889,1548
21.6917,1543
21.6944,1533
21.6972,1522
21.7000,1520
21.7028,1515
21.7056,1526
21.7083,1533
21.7111,1536
21.7139,1520
21.7167,1509
21.7194,1499
21.7222,1503
21.7250,1506
21.7278,1502
21.7306,1492
21.7333,1519
21.7361,1522
21.7389,1516
21.7417,1490
21.7444,1443
21.7472,1406
21.7500,1380
21.7528,1390
21.7556,1431
21.7583,1465
21.7611,1504
21.7639,1565
21.7667,1692
21.7694,1879
21.7722,2169
21.7750,2438
21.7778,2613
21.7806,2653
21.7833,2531
21.7861,2365
21.7889,2220
21.7917,2114
21.7944,2021
21.7972,1938
21.8000,1868
21.8028,1813
21.8056,1767
21.8083,1712
21.8111,1647
21.8139,1571
21.8167,1512
21.8194,1478
21.8222,1456
21.8250,1449
21.8278,1435
21.8306,1405
21.8333,1398
21.8361,1388
21.8389,1386
21.8417,1421
21.8444,1456
21.8472,1493
21.8500,1513
21.8528,1487
21.8556,1450
21.8583,1431
21.8611,1462
21.8639,1519
21.8667,1556
21.8694,1553
21.8722,1554
21.8750,1550
21.8778,1538
21.8806,1542
21.8833,1562
21.8861,1575
21.8889,1575
21.8917,1571
21.8944,1565
21.8972,1537
21.9000,1505
21.9028,1474
21.9056,1461
21.9083,1474
21.9111,1506
21.9139,1542
21.9167,1566
21.9194,1580
21.9222,1600
21.9250,1653
21.9278,1666
21.9306,1637
21.9333,1620
21.9361,1630
21.9389,1667
21.9417,1706
21.9444,1711
21.9472,1739
21.9500,1764
21.9528,1789
21.9556,1795
21.9583,1781
21.9611,1769
21.9639,1756
21.9667,1764
21.9694,1754
21.9722,1757
21.9750,1759
21.9778,1775
21.9806,1805
21.9833,1830
21.9861,1840
21.9889,1834
21.9917,1802
21.9944,1750
21.9972,1727
22.0000,1707
22.0028,1697
22.0056,1723
22.0083,1753
22.0111,1769
22.0139,1774
22.0167,1795
22.0194,1825
22.0222,1832
22.0250,1838
22.0278,1830
22.0306,1789
22.0333,1748
22.0361,1725
22.0389,1726
22.0417,1756
22.0444,1768
22.0472,1770
22.0500,1779
22.0528,1812
22.0556,1835
22.0583,1834
22.0611,1842
22.0639,1859
22.0667,1863
22.0694,1876
22.0722,1876
22.0750,1861
22.0778,1833
22.0806,1813
22.0833,1809
22.0861,1831
22.0889,1872
22.0917,1894
22.0944,1910
22.0972,1918
22.1000,1924
22.1028,1899
22.1056,1885
22.1083,1860
22.1111,1835
22.1139,1839
22.1167,1839
22.1194,1848
22.1222,1832
22.1250,1809
22.1278,1776
22.1306,1725
22.1333,1672
22.1361,1681
22.1389,1712
22.1417,1748
22.1444,1764
22.1472,1765
22.1500,1744
22.1528,1737
22.1556,1745
22.1583,1747
22.1611,1762
22.1639,1789
22.1667,1805
22.1694,1793
22.1722,1779
22.1750,1757
22.1778,1746
22.1806,1758
22.1833,1753
22.1861,1754
22.1889,1744
22.1917,1719
22.1944,1687
22.1972,1677
22.2000,1680
22.2028,1691
22.2056,1711
22.2083,1749
22.2111,1807
22.2139,1910
22.2167,2087
22.2194,2336
22.2222,2605
22.2250,2853
22.2278,3002
22.2306,2961
22.2333,2753
22.2361,2465
22.2389,2180
22.2417,1951
22.2444,1820
22.2472,1766
22.2500,1793
22.2528,1829
22.2556,1831
22.2583,1784
22.2611,1719
22.2639,1657
22.2667,1627
22.2694,1640
22.2722,1643
22.2750,1658
22.2778,1670
22.2806,1691
22.2833,1712
22.2861,1703
22.2889,1692
22.2917,1691
22.2944,1694
22.2972,1674
22.3000,1679
22.3028,1685
22.3056,1670
22.3083,1608
22.3111,1582
22.3139,1618
22.3167,1671
22.3194,1704
22.3222,1760
22.3250,1770
22.3278,1766
22.3306,1761
22.3333,1787
22.3361,1819
22.3389,1838
22.3417,1838
22.3444,1818
22.3472,1794
22.3500,1800
22.3528,1842
22.3556,1892
22.3583,1929
22.3611,1938
22.3639,1919
22.3667,1904
22.3694,1884
22.3722,1885
22.3750,1891
22.3778,1918
22.3806,1956
22.3833,1960
22.3861,1986
22.3889,1978
22.3917,1979
22.3944,1972
22.3972,1962
22.4000,1953
22.4028,1949
22.4056,1949
22.4083,1962
22.4111,1971
22.4139,1957
22.4167,1893
22.4194,1881
22.4222,1860
22.4250,1828
22.4278,1808
22.4306,1809
22.4333,1822
22.4361,1852
22.4389,1858
22.4417,1863
22.4444,1864
22.4472,1843
22.4500,1831
22.4528,1806
22.4556,1772
22.4583,1691
22.4611,1705
22.4639,1777
22.4667,1857
22.4694,1871
22.4722,1887
22.4750,1875
22.4778,1860
22.4806,1862
22.4833,1836
22.4861,1825
22.4889,1815
22.4917,1817
22.4944,1826
22.4972,1826
22.5000,1870
22.5028,1899
22.5056,1892
22.5083,1904
22.5111,1939
22.5139,1949
22.5167,1949
22.5194,1948
22.5222,1952
22.5250,1941
22.5278,1912
22.5306,1938
22.5333,1946
22.5361,1968
22.5389,1986
22.5417,1980
22.5444,2002
22.5472,1998
22.5500,1980
22.5528,1976
22.5556,1955
22.5583,1904
22.5611,1842
22.5639,1835
22.5667,1853
22.5694,1842
22.5722,1820
22.5750,1783
22.5778,1750
22.5806,1691
22.5833,1661
22.5861,1663
22.5889,1684
22.5917,1694
22.5944,1716
22.5972,1716
22.6000,1674
22.6028,1664
22.6056,1690
22.6083,1707
22.6111,1731
22.6139,1757
22.6167,1766
22.6194,1802
22.6222,1804
22.6250,1807
22.6278,1775
22.6306,1753
22.6333,1753
22.6361,1756
22.6389,1731
22.6417,1702
22.6444,1662
22.6472,1656
22.6500,1680
22.6528,1719
22.6556,1742
22.6583,1781
22.6611,1876
22.6639,1978
22.6667,2178
22.6694,2445
22.6722,2726
22.6750,2917
22.6778,2883
22.6806,2664
22.6833,2378
22.6861,2086
22.6889,1956
22.6917,1881
22.6944,1854
22.6972,1851
22.7000,1856
22.7028,1795
22.7056,1723
22.7083,1666
22.7111,1632
22.7139,1582
22.7167,1543
22.7194,1513
22.7222,1581
22.7250,1664
22.7278,1732
22.7306,1751
22.7333,1741
22.7361,1748
22.7389,1720
22.7417,1708
22.7444,1741
22.7472,1758
22.7500,1751
22.7528,1724
22.7556,1718
22.7583,1732
22.7611,1732
22.7639,1733
22.7667,1721
22.7694,1725
22.7722,1727
22.7750,1727
22.7778,1740
22.7806,1752
22.7833,1772
22.7861,1767
22.7889,1754
22.7917,1748
22.7944,1759
22.7972,1760
22.8000,1769
22.8028,1797
22.8056,1806
22.8083,1814
22.8111,1815
22.8139,1839
22.8167,1867
22.8194,1886
22.8222,1894
22.8250,1900
22.8278,1899
22.8306,1909
22.8333,1912
22.8361,1924
22.8389,1968
22.8417,1977
22.8444,2005
22.8472,2020
22.8500,2011
22.8528,1946
22.8556,1893
22.8583,1891
22.8611,1870
22.8639,1840
22.8667,1729
22.8694,1722
22.8722,1723
22.8750,1744
22.8778,1727
22.8806,1710
22.8833,1707
22.8861,1726
22.8889,1725
22.8917,1705
22.8944,1677
22.8972,1693
22.9000,1709
22.9028,1711
22.9056,1716
22.9083,1719
22.9111,1715
22.9139,1708
22.9167,1711
22.9194,1710
22.9222,1723
22.9250,1736
22.9278,1721
22.9306,1697
22.9333,1663
22.9361,1656
22.9389,1667
22.9417,1668
22.9444,1695
22.9472,1702
22.9500,1691
22.9528,1700
22.9556,1704
22.9583,1664
22.9611,1675
22.9639,1668
22.9667,1646
22.9694,1618
22.9722,1621
22.9750,1655
22.9778,1713
22.9806,1787
22.9833,1823
22.9861,1801
22.9889,1748
22.9917,1668
22.9944,1632
22.9972,1645
23.0000,1641
23.0028,1635
23.0056,1631
23.0083,1602
23.0111,1575
23.0139,1542
23.0167,1505
23.0194,1497
23.0222,1520
23.0250,1511
23.0278,1472
23.0306,1479
23.0333,1494
23.0361,1455
23.0389,1401
23.0417,1390
23.0444,1474
23.0472,1556
23.0500,1630
23.0528,1666
23.0556,1665
23.0583,1564
23.0611,1464
23.0639,1425
23.0667,1466
23.0694,1532
23.0722,1562
23.0750,1525
23.0778,1503
23.0806,1482
23.0833,1467
23.0861,1466
23.0889,1490
23.0917,1531
23.0944,1574
23.0972,1596
23.1000,1646
23.1028,1750
23.1056,1932
23.1083,2136
23.1111,2351
23.1139,2518
23.1167,2541
23.1194,2389
23.1222,2135
23.1250,1898
23.1278,1718
23.1306,1610
23.1333,1568
23.1361,1586
23.1389,1614
23.1417,1629
23.1444,1622
23.1472,1581
23.1500,1505
23.1528,1459
23.1556,1449
23.1583,1465
23.1611,1480
23.1639,1507
23.1667,1517
23.1694,1512
23.1722,1493
23.1750,1480
23.1778,1464
23.1806,1475
23.1833,1476
23.1861,1473
23.1889,1466
23.1917,1462
23.1944,1456
23.1972,1464
23.2000,1467
23.2028,1475
23.2056,1477
23.2083,1456
23.2111,1448
23.2139,1447
23.2167,1449
23.2194,1458
23.2222,1479
23.2250,1483
23.2278,1469
23.2306,1467
23.2333,1471
23.2361,1488
23.2389,1509
23.2417,1521
23.2444,1534
23.2472,1525
23.2500,1535
23.2528,1550
23.2556,1568
23.2583,1602
23.2611,1628
23.2639,1645
23.2667,1656
23.2694,1661
23.2722,1657
23.2750,1651
23.2778,1657
23.2806,1662
23.2833,1669
23.2861,1650
23.2889,1646
23.2917,1639
23.2944,1635
23.2972,1643
23.3000,1650
23.3028,1667
23.3056,1659
23.3083,1650
23.3111,1618
23.3139,1559
23.3167,1504
23.3194,1445
23.3222,1456
23.3250,1448
23.3278,1435
23.3306,1409
23.3333,1393
23.3361,1382
23.3389,1403
23.3417,1431
23.3444,1443
23.3472,1434
23.3500,1432
23.3528,1425
23.3556,1420
23.3583,1432
23.3611,1450
23.3639,1451
23.3667,1447
23.3694,1448
23.3722,1439
23.3750,1451
23.3778,1471
23.3806,1481
23.3833,1491
23.3861,1496
23.3889,1501
23.3917,1493
23.3944,1493
23.3972,1516
23.4000,1530
23.4028,1548
23.4056,1552
23.4083,1569
23.4111,1576
23.4139,1603
23.4167,1604
23.4194,1572
23.4222,1528
23.4250,1482
23.4278,1435
23.4306,1404
23.4333,1382
23.4361,1409
23.4389,1414
23.4417,1423
23.4444,1423
23.4472,1417
23.4500,1394
23.4528,1384
23.4556,1380
23.4583,1391
23.4611,1411
23.4639,1430
23.4667,1445
23.4694,1451
23.4722,1435
23.4750,1430
23.4778,1434
23.4806,1450
23.4833,1470
23.4861,1484
23.4889,1477
23.4917,1453
23.4944,1439
23.4972,1436
23.5000,1441
23.5028,1430
23.5056,1407
23.5083,1404
23.5111,1396
23.5139,1409
23.5167,1432
23.5194,1463
23.5222,1520
23.5250,1631
23.5278,1817
23.5306,2090
23.5333,2359
23.5361,2561
23.5389,2631
23.5417,2535
23.5444,2367
23.5472,2181
23.5500,2033
23.5528,1905
23.5556,1809
23.5583,1736
23.5611,1712
23.5639,1711
23.5667,1705
23.5694,1673
23.5722,1618
23.5750,1554
23.5778,1512
23.5806,1501
23.5833,1504
23.5861,1513
23.5889,1518
23.5917,1504
23.5944,1502
23.5972,1514
23.6000,1513
23.6028,1528
23.6056,1550
23.6083,1558
23.6111,1565
23.6139,1565
23.6167,1570
23.6194,1565
23.6222,1575
23.6250,1582
23.6278,1586
23.6306,1599
23.6333,1605
23.6361,1619
23.6389,1625
23.6417,1639
23.6444,1648
23.6472,1662
23.6500,1667
23.6528,1673
23.6556,1681
23.6583,1680
23.6611,1685
23.6639,1700
23.6667,1716
23.6694,1736
23.6722,1760
23.6750,1785
23.6778,1820
23.6806,1842
23.6833,1869
23.6861,1888
23.6889,1896
23.6917,1887
23.6944,1884
23.6972,1888
23.7000,1900
23.7028,1921
23.7056,1940
23.7083,1951
23.7111,1956
23.7139,1952
23.7167,1937
23.7194,1940
23.7222,1937
23.7250,1929
23.7278,1923
23.7306,1914
23.7333,1925
23.7361,1940
23.7389,1952
23.7417,1956
23.7444,1960
23.7472,1959
23.7500,1940
23.7528,1936
23.7556,1925
23.7583,1928
23.7611,1935
23.7639,1953
23.7667,1963
23.7694,1954
23.7722,1934
23.7750,1908
23.7778,1908
23.7806,1916
23.7833,1926
23.7861,1933
23.7889,1932
23.7917,1931
23.7944,1925
23.7972,1924
23.8000,1940
23.8028,1940
23.8056,1957
23.8083,1945
23.8111,1924
23.8139,1938
23.8167,1943
23.8194,1942
23.8222,1950
23.8250,1946
23.8278,1951
23.8306,1957
23.8333,1982
23.8361,2009
23.8389,2028
23.8417,2051
23.8444,2060
23.8472,2063
23.8500,2071
23.8528,2069
23.8556,2076
23.8583,2073
23.8611,2077
23.8639,2079
23.8667,2085
23.8694,2084
23.8722,2089
23.8750,2128
23.8778,2146
23.8806,2162
23.8833,2180
23.8861,2197
23.8889,2180
23.8917,2155
23.8944,2120
23.8972,2087
23.9000,2048
23.9028,2019
23.9056,1979
23.9083,1949
23.9111,1924
23.9139,1911
23.9167,1902
23.9194,1900
23.9222,1920
23.9250,1935
23.9278,1943
23.9306,1939
23.9333,1920
23.9361,1920
23.9389,1934
23.9417,1935
23.9444,1933
23.9472,1928
23.9500,1918
23.9528,1913
23.9556,1908
23.9583,1925
23.9611,1931
23.9639,1944
23.9667,1937
23.9694,1930
23.9722,1908
23.9750,1881
23.9778,1852
23.9806,1816
23.9833,1812
23.9861,1829
23.9889,1853
23.9917,1888
23.9944,1897
23.9972,1965
24.0000,2112
24.0028,2366
24.0056,2685
24.0083,3011
24.0111,3228
24.0139,3269
24.0167,3125
24.0194,2940
24.0222,2757
24.0250,2583
24.0278,2444
24.0306,2332
24.0333,2271
24.0361,2231
24.0389,2204
24.0417,2150
24.0444,2059
24.0472,1958
24.0500,1859
24.0528,1812
24.0556,1797
24.0583,1800
24.0611,1809
24.0639,1800
24.0667,1805
24.0694,1810
24.0722,1810
24.0750,1798
24.0778,1805
24.0806,1820
24.0833,1833
24.0861,1827
24.0889,1818
24.0917,1823
24.0944,1824
24.0972,1837
24.1000,1847
24.1028,1848
24.1056,1850
24.1083,1855
24.1111,1834
24.1139,1827
24.1167,1835
24.1194,1841
24.1222,1832
24.1250,1843
24.1278,1850
24.1306,1843
24.1333,1853
24.1361,1872
24.1389,1884
24.1417,1907
24.1444,1919
24.1472,1922
24.1500,1916
24.1528,1925
24.1556,1941
24.1583,1972
24.1611,1993
24.1639,2011
24.1667,2020
24.1694,2019
24.1722,2019
24.1750,2024
24.1778,2017
24.1806,2020
24.1833,2010
24.1861,1990
24.1889,1983
24.1917,1988
24.1944,1990
24.1972,1991
24.2000,1994
24.2028,1879
24.2056,1879
24.2083,1877
24.2111,1876
24.2139,1870
24.2167,1873
24.2194,1864
24.2222,1857
24.2250,1855
24.2278,1838
24.2306,1833
24.2333,1820
24.2361,1828
24.2389,1821
24.2417,1849
24.2444,1865
24.2472,1868
24.2500,1867
24.2528,1855
24.2556,1861
24.2583,1881
24.2611,1895
24.2639,1898
24.2667,1899
24.2694,1899
24.2722,1885
24.2750,1875
24.2778,1874
24.2806,1866
24.2833,1863
24.2861,1863
24.2889,1867
24.2917,1865
24.2944,1869
24.2972,1868
24.3000,1862
24.3028,1847
24.3056,1819
24.3083,1776
24.3111,1718
24.3139,1666
24.3167,1639
24.3194,1624
24.3222,1608
24.3250,1593
24.3278,1584
24.3306,1565
24.3333,1542
24.3361,1548
24.3389,1560
24.3417,1578
24.3444,1579
24.3472,1578
24.3500,1569
24.3528,1580
24.3556,1588
24.3583,1582
24.3611,1592
24.3639,1594
24.3667,1594
24.3694,1587
24.3722,1590
24.3750,1587
24.3778,1593
24.3806,1600
24.3833,1586
24.3861,1569
24.3889,1542
24.3917,1510
24.3944,1507
24.3972,1514
24.4000,1522
24.4028,1558
24.4056,1605
24.4083,1656
24.4111,1735
24.4139,1877
24.4167,2109
24.4194,2406
24.4222,2680
24.4250,2882
24.4278,2907
24.4306,2703
24.4333,2384
24.4361,2089
24.4389,1850
24.4417,1682
24.4444,1611
24.4472,1588
24.4500,1594
24.4528,1593
24.4556,1559
24.4583,1504
24.4611,1440
24.4639,1378
24.4667,1353
24.4694,1343
24.4722,1343
24.4750,1357
24.4778,1361
24.4806,1350
24.4833,1325
24.4861,1306
24.4889,1299
24.4917,1317
24.4944,1331
24.4972,1348
24.5000,1354
24.5028,1344
24.5056,1341
24.5083,1345
24.5111,1350
24.5139,1353
24.5167,1361
24.5194,1363
24.5222,1372
24.5250,1363
24.5278,1368
24.5306,1374
24.5333,1384
24.5361,1389
24.5389,1387
24.5417,1390
24.5444,1386
24.5472,1384
24.5500,1396
24.5528,1415
24.5556,1441
24.5583,1459
24.5611,1472
24.5639,1477
24.5667,1491
24.5694,1504
24.5722,1526
24.5750,1543
24.5778,1547
24.5806,1550
24.5833,1524
24.5861,1525
24.5889,1512
24.5917,1515
24.5944,1533
24.5972,1550
24.6000,1533
24.6028,1518
24.6056,1519
24.6083,1505
24.6111,1505
24.6139,1498
24.6167,1490
24.6194,1484
24.6222,1472
24.6250,1467
24.6278,1449
24.6306,1431
24.6333,1425
24.6361,1434
24.6389,1435
24.6417,1431
24.6444,1417
24.6472,1406
24.6500,1399
24.6528,1402
24.6556,1408
24.6583,1407
24.6611,1403
24.6639,1388
24.6667,1386
24.6694,1391
24.6722,1395
24.6750,1384
24.6778,1378
24.6806,1352
24.6833,1332
24.6861,1322
24.6889,1322
24.6917,1326
24.6944,1318
24.6972,1327
24.7000,1318
24.7028,1294
24.7056,1288
24.7083,1293
24.7111,1297
24.7139,1319
24.7167,1342
24.7194,1339
24.7222,1338
24.7250,1337
24.7278,1350
24.7306,1376
24.7333,1396
24.7361,1425
24.7389,1437
24.7417,1428
24.7444,1426
24.7472,1400
24.7500,1399
24.7528,1397
24.7556,1399
24.7583,1406
24.7611,1431
24.7639,1441
24.7667,1433
24.7694,1428
24.7722,1412
24.7750,1408
24.7778,1400
24.7806,1380
24.7833,1354
24.7861,1314
24.7889,1278
24.7917,1263
24.7944,1261
24.7972,1246
24.8000,1239
24.8028,1227
24.8056,1222
24.8083,1226
24.8111,1241
24.8139,1237
24.8167,1226
24.8194,1231
24.8222,1214
24.8250,1213
24.8278,1221
24.8306,1230
24.8333,1225
24.8361,1224
24.8389,1229
24.8417,1242
24.8444,1248
24.8472,1255
24.8500,1242
24.8528,1233
24.8556,1244
24.8583,1244
24.8611,1232
24.8639,1204
24.8667,1171
24.8694,1154
24.8722,1144
24.8750,1179
24.8778,1218
24.8806,1260
24.8833,1293
24.8861,1379
24.8889,1552
24.8917,1799
24.8944,2078
24.8972,2334
24.9000,2495
24.9028,2477
24.9056,2328
24.9083,2132
24.9111,1953
24.9139,1789
24.9167,1664
24.9194,1584
24.9222,1535
24.9250,1512
24.9278,1490
24.9306,1466
24.9333,1408
24.9361,1330
24.9389,1264
24.9417,1227
24.9444,1211
24.9472,1226
24.9500,1231
24.9528,1255
24.9556,1256
24.9583,1258
24.9611,1248
24.9639,1258
24.9667,1269
24.9694,1285
24.9722,1293
24.9750,1313
24.9778,1326
24.9806,1324
24.9833,1319
24.9861,1317
24.9889,1320
24.9917,1315
24.9944,1318
24.9972,1316
25.0000,1330
25.0028,1344
25.0056,1347
25.0083,1359
25.0111,1367
25.0139,1373
25.0167,1388
25.0194,1385
25.0222,1380
25.0250,1386
25.0278,1417
25.0306,1420
25.0333,1424
25.0361,1431
25.0389,1435
25.0417,1443
25.0444,1466
25.0472,1488
25.0500,1485
25.0528,1489
25.0556,1499
25.0583,1516
25.0611,1515
25.0639,1524
25.0667,1515
25.0694,1505
25.0722,1507
25.0750,1506
25.0778,1507
25.0806,1510
25.0833,1517
25.0861,1513
25.0889,1515
25.0917,1519
25.0944,1522
25.0972,1512
25.1000,1514
25.1028,1537
25.1056,1542
25.1083,1536
25.1111,1522
25.1139,1513
25.1167,1514
25.1194,1511
25.1222,1520
25.1250,1520
25.1278,1514
25.1306,1515
25.1333,1520
25.1361,1524
25.1389,1536
25.1417,1550
25.1444,1580
25.1472,1600
25.1500,1613
25.1528,1621
25.1556,1615
25.1583,1611
25.1611,1618
25.1639,1632
25.1667,1633
25.1694,1629
25.1722,1624
25.1750,1609
25.1778,1594
25.1806,1592
25.1833,1600
25.1861,1598
25.1889,1602
25.1917,1620
25.1944,1624
25.1972,1621
25.2000,1585
25.2028,1556
25.2056,1516
25.2083,1489
25.2111,1465
25.2139,1447
25.2167,1415
25.2194,1393
25.2222,1378
25.2250,1398
25.2278,1419
25.2306,1427
25.2333,1424
25.2361,1424
25.2389,1430
25.2417,1427
25.2444,1424
25.2472,1423
25.2500,1436
25.2528,1433
25.2556,1433
25.2583,1432
25.2611,1430
25.2639,1423
25.2667,1424
25.2694,1426
25.2722,1440
25.2750,1441
25.2778,1431
25.2806,1426
25.2833,1410
25.2861,1383
25.2889,1351
25.2917,1324
25.2944,1324
25.2972,1346
25.3000,1396
25.3028,1459
25.3056,1564
25.3083,1701
25.3111,1914
25.3139,2222
25.3167,2589
25.3194,2933
25.3222,3149
25.3250,3167
25.3278,2915
25.3306,2523
25.3333,2117
25.3361,1829
25.3389,1693
25.3417,1647
25.3444,1634
25.3472,1635
25.3500,1611
25.3528,1560
25.3556,1486
25.3583,1418
25.3611,1377
25.3639,1365
25.3667,1363
25.3694,1370
25.3722,1385
25.3750,1369
25.3778,1345
25.3806,1311
25.3833,1273
25.3861,1268
25.3889,1274
25.3917,1288
25.3944,1284
25.3972,1271
25.4000,1257
25.4028,1266
25.4056,1309
25.4083,1352
25.4111,1387
25.4139,1387
25.4167,1404
25.4194,1402
25.4222,1397
25.4250,1398
25.4278,1415
25.4306,1428
25.4333,1415
25.4361,1411
25.4389,1413
25.4417,1418
25.4444,1424
25.4472,1436
25.4500,1459
25.4528,1480
25.4556,1486
25.4583,1489
25.4611,1503
25.4639,1504
25.4667,1525
25.4694,1542
25.4722,1568
25.4750,1576
25.4778,1577
25.4806,1569
25.4833,1567
25.4861,1566
25.4889,1585
25.4917,1596
25.4944,1601
25.4972,1594
25.5000,1572
25.5028,1562
25.5056,1557
25.5083,1562
25.5111,1584
25.5139,1594
25.5167,1594
25.5194,1583
25.5222,1571
25.5250,1583
25.5278,1595
25.5306,1611
25.5333,1622
25.5361,1624
25.5389,1618
25.5417,1606
25.5444,1591
25.5472,1597
25.5500,1606
25.5528,1619
25.5556,1627
25.5583,1615
25.5611,1600
25.5639,1591
25.5667,1591
25.5694,1610
25.5722,1640
25.5750,1664
25.5778,1675
25.5806,1662
25.5833,1644
25.5861,1653
25.5889,1683
25.5917,1720
25.5944,1736
25.5972,1732
25.6000,1721
25.6028,1715
25.6056,1711
25.6083,1708
25.6111,1719
25.6139,1729
25.6167,1738
25.6194,1743
25.6222,1718
25.6250,1711
25.6278,1710
25.6306,1712
25.6333,1693
25.6361,1650
25.6389,1612
25.6417,1578
25.6444,1571
25.6472,1568
25.6500,1567
25.6528,1579
25.6556,1586
25.6583,1551
25.6611,1537
25.6639,1521
25.6667,1529
25.6694,1532
25.6722,1544
25.6750,1542
25.6778,1537
25.6806,1530
25.6833,1537
25.6861,1531
25.6889,1539
25.6917,1551
25.6944,1530
25.6972,1523
25.7000,1502
25.7028,1484
25.7056,1468
25.7083,1485
25.7111,1489
25.7139,1486
25.7167,1466
25.7194,1431
25.7222,1377
25.7250,1368
25.7278,1388
25.7306,1442
25.7333,1485
25.7361,1549
25.7389,1655
25.7417,1864
25.7444,2162
25.7472,2531
25.7500,2881
25.7528,3106
25.7556,3128
25.7583,2908
25.7611,2584
25.7639,2252
25.7667,1989
25.7694,1826
25.7722,1734
25.7750,1714
25.7778,1700
25.7806,1671
25.7833,1616
25.7861,1537
25.7889,1480
25.7917,1445
25.7944,1423
25.7972,1421
25.8000,1446
25.8028,1468
25.8056,1490
25.8083,1494
25.8111,1496
25.8139,1486
25.8167,1481
25.8194,1499
25.8222,1505
25.8250,1512
25.8278,1517
25.8306,1512
25.8333,1512
25.8361,1520
25.8389,1536
25.8417,1549
25.8444,1565
25.8472,1561
25.8500,1544
25.8528,1531
25.8556,1534
25.8583,1540
25.8611,1558
25.8639,1576
25.8667,1590
25.8694,1587
25.8722,1589
25.8750,1589
25.8778,1586
25.8806,1611
25.8833,1631
25.8861,1648
25.8889,1664
25.8917,1657
25.8944,1660
25.8972,1668
25.9000,1694
25.9028,1728
25.9056,1727
25.9083,1727
25.9111,1717
25.9139,1726
25.9167,1729
25.9194,1727
25.9222,1744
25.9250,1746
25.9278,1739
25.9306,1740
25.9333,1727
25.9361,1716
25.9389,1722
25.9417,1728
25.9444,1732
25.9472,1734
25.9500,1727
25.9528,1726
25.9556,1727
25.9583,1729
25.9611,1741
25.9639,1736
25.9667,1737
25.9694,1726
25.9722,1730
25.9750,1720
25.9778,1717
25.9806,1722
25.9833,1732
25.9861,1728
25.9889,1736
25.9917,1728
25.9944,1729
25.9972,1743
26.0000,1757
26.0028,1769
26.0056,1764
26.0083,1753
26.0111,1737
26.0139,1737
26.0167,1747
26.0194,1765
26.0222,1775
26.0250,1776
26.0278,1771
26.0306,1761
26.0333,1753
26.0361,1757
26.0389,1764
26.0417,1767
26.0444,1764
26.0472,1767
26.0500,1770
26.0528,1779
26.0556,1796
26.0583,1798
26.0611,1794
26.0639,1791
26.0667,1794
26.0694,1793
26.0722,1802
26.0750,1801
26.0778,1803
26.0806,1807
26.0833,1804
26.0861,1784
26.0889,1780
26.0917,1785
26.0944,1794
26.0972,1800
26.1000,1811
26.1028,1811
26.1056,1820
26.1083,1818
26.1111,1807
26.1139,1815
26.1167,1824
26.1194,1829
26.1222,1819
26.1250,1796
26.1278,1775
26.1306,1749
26.1333,1737
26.1361,1714
26.1389,1710
26.1417,1704
26.1444,1699
26.1472,1692
26.1500,1683
26.1528,1662
26.1556,1638
26.1583,1639
26.1611,1633
26.1639,1639
26.1667,1645
26.1694,1646
26.1722,1647
26.1750,1648
26.1778,1663
26.1806,1663
26.1833,1664
26.1861,1659
26.1889,1655
26.1917,1662
26.1944,1664
26.1972,1658
26.2000,1667
26.2028,1671
26.2056,1682
26.2083,1672
26.2111,1650
26.2139,1621
26.2167,1589
26.2194,1561
26.2222,1544
26.2250,1556
26.2278,1591
26.2306,1634
26.2333,1686
26.2361,1777
26.2389,1922
26.2417,2172
26.2444,2480
26.2472,2771
26.2500,2983
26.2528,3021
26.2556,2858
26.2583,2605
26.2611,2357
26.2639,2147
26.2667,2001
26.2694,1905
26.2722,1859
26.2750,1841
26.2778,1828
26.2806,1799
26.2833,1746
26.2861,1682
26.2889,1617
26.2917,1593
26.2944,1583
26.2972,1585
26.3000,1610
26.3028,1620
26.3056,1630
26.3083,1609
26.3111,1604
26.3139,1610
26.3167,1626
26.3194,1638
26.3222,1630
26.3250,1629
26.3278,1633
26.3306,1633
26.3333,1636
26.3361,1654
26.3389,1672
26.3417,1690
26.3444,1694
26.3472,1692
26.3500,1687
26.3528,1683
26.3556,1686
26.3583,1687
26.3611,1686
26.3639,1694
26.3667,1695
26.3694,1698
26.3722,1709
26.3750,1726
26.3778,1743
26.3806,1761
26.3833,1778
26.3861,1775
26.3889,1773
26.3917,1772
26.3944,1791
26.3972,1804
26.4000,1820
26.4028,1849
26.4056,1856
26.4083,1856
26.4111,1858
26.4139,1857
26.4167,1869
26.4194,1874
26.4222,1878
26.4250,1865
26.4278,1860
26.4306,1856
26.4333,1849
26.4361,1855
26.4389,1845
26.4417,1776
26.4444,1775
26.4472,1768
26.4500,1763
26.4528,1756
26.4556,1745
26.4583,1755
26.4611,1751
26.4639,1727
26.4667,1714
26.4694,1726
26.4722,1735
26.4750,1751
26.4778,1755
26.4806,1756
26.4833,1741
26.4861,1723
26.4889,1707
26.4917,1703
26.4944,1714
26.4972,1723
26.5000,1725
26.5028,1724
26.5056,1713
26.5083,1713
26.5111,1710
26.5139,1730
26.5167,1746
26.5194,1758
26.5222,1772
26.5250,1786
26.5278,1801
26.5306,1796
26.5333,1805
26.5361,1823
26.5389,1823
26.5417,1818
26.5444,1815
26.5472,1805
26.5500,1787
26.5528,1794
26.5556,1805
26.5583,1837
26.5611,1860
26.5639,1867
26.5667,1872
26.5694,1854
26.5722,1848
26.5750,1826
26.5778,1800
26.5806,1777
26.5833,1752
26.5861,1742
26.5889,1734
26.5917,1716
26.5944,1701
26.5972,1695
26.6000,1700
26.6028,1701
26.6056,1706
26.6083,1706
26.6111,1689
26.6139,1682
26.6167,1676
26.6194,1675
26.6222,1682
26.6250,1691
26.6278,1708
26.6306,1716
26.6333,1722
26.6361,1716
26.6389,1705
26.6417,1692
26.6444,1679
26.6472,1660
26.6500,1643
26.6528,1655
26.6556,1667
26.6583,1665
26.6611,1650
26.6639,1612
26.6667,1574
26.6694,1564
26.6722,1593
26.6750,1618
26.6778,1650
26.6806,1705
26.6833,1841
26.6861,2031
26.6889,2308
26.6917,2559
26.6944,2758
26.6972,2810
26.7000,2695
26.7028,2502
26.7056,2300
26.7083,2133
26.7111,2016
26.7139,1913
26.7167,1867
26.7194,1840
26.7222,1826
26.7250,1795
26.7278,1738
26.7306,1656
26.7333,1590
26.7361,1552
26.7389,1554
26.7417,1553
26.7444,1570
26.7472,1573
26.7500,1560
26.7528,1544
26.7556,1537
26.7583,1546
26.7611,1554
26.7639,1569
26.7667,1571
26.7694,1563
26.7722,1557
26.7750,1545
26.7778,1538
26.7806,1543
26.7833,1571
26.7861,1560
26.7889,1564
26.7917,1559
26.7944,1560
26.7972,1590
26.8000,1618
26.8028,1624
26.8056,1632
26.8083,1635
26.8111,1641
26.8139,1642
26.8167,1653
26.8194,1664
26.8222,1664
26.8250,1664
26.8278,1652
26.8306,1655
26.8333,1657
26.8361,1667
26.8389,1699
26.8417,1720
26.8444,1735
26.8472,1739
26.8500,1737
26.8528,1732
26.8556,1749
26.8583,1749
26.8611,1758
26.8639,1766
26.8667,1772
26.8694,1781
26.8722,1768
26.8750,1761
26.8778,1769
26.8806,1772
26.8833,1784
26.8861,1713
26.8889,1709
26.8917,1706
26.8944,1695
26.8972,1685
26.9000,1668
26.9028,1675
26.9056,1668
26.9083,1674
26.9111,1671
26.9139,1670
26.9167,1656
26.9194,1655
26.9222,1659
26.9250,1681
26.9278,1679
26.9306,1679
26.9333,1665
26.9361,1659
26.9389,1663
26.9417,1671
26.9444,1664
26.9472,1655
26.9500,1635
26.9528,1634
26.9556,1629
26.9583,1643
26.9611,1650
26.9639,1664
26.9667,1662
26.9694,1657
26.9722,1653
26.9750,1655
26.9778,1683
26.9806,1719
26.9833,1740
26.9861,1742
26.9889,1719
26.9917,1714
26.9944,1699
26.9972,1699
27.0000,1708
27.0028,1727
27.0056,1751
27.0083,1764
27.0111,1761
27.0139,1745
27.0167,1734
27.0194,1736
27.0222,1742
27.0250,1732
27.0278,1705
27.0306,1680
27.0333,1644
27.0361,1618
27.0389,1606
27.0417,1600
27.0444,1608
27.0472,1601
27.0500,1591
27.0528,1582
27.0556,1573
27.0583,1564
27.0611,1550
27.0639,1554
27.0667,1542
27.0694,1551
27.0722,1559
27.0750,1565
27.0778,1573
27.0806,1590
27.0833,1596
27.0861,1596
27.0889,1590
27.0917,1575
27.0944,1563
27.0972,1545
27.1000,1547
27.1028,1556
27.1056,1558
27.1083,1540
27.1111,1511
27.1139,1488
27.1167,1474
27.1194,1483
27.1222,1518
27.1250,1557
27.1278,1610
27.1306,1687
27.1333,1850
27.1361,2104
27.1389,2386
27.1417,2615
27.1444,2711
27.1472,2648
27.1500,2506
27.1528,2367
27.1556,2252
27.1583,2144
27.1611,2046
27.1639,1956
27.1667,1891
27.1694,1850
27.1722,1807
27.1750,1751
27.1778,1675
27.1806,1604
27.1833,1550
27.1861,1514
27.1889,1527
27.1917,1538
27.1944,1547
27.1972,1542
27.2000,1543
27.2028,1539
27.2056,1539
27.2083,1550
27.2111,1548
27.2139,1560
27.2167,1556
27.2194,1566
27.2222,1569
27.2250,1593
27.2278,1596
27.2306,1605
27.2333,1609
27.2361,1607
27.2389,1609
27.2417,1612
27.2444,1621
27.2472,1637
27.2500,1644
27.2528,1642
27.2556,1646
27.2583,1647
27.2611,1655
27.2639,1650
27.2667,1684
27.2694,1712
27.2722,1726
27.2750,1724
27.2778,1723
27.2806,1735
27.2833,1742
27.2861,1744
27.2889,1758
27.2917,1776
27.2944,1787
27.2972,1778
27.3000,1775
27.3028,1801
27.3056,1813
27.3083,1823
27.3111,1837
27.3139,1845
27.3167,1860
27.3194,1868
27.3222,1872
27.3250,1872
27.3278,1879
27.3306,1887
27.3333,1923
27.3361,1916
27.3389,1911
27.3417,1903
27.3444,1916
27.3472,1925
27.3500,1929
27.3528,1928
27.3556,1938
27.3583,1943
27.3611,1939
27.3639,1925
27.3667,1942
27.3694,1947
27.3722,1953
27.3750,1947
27.3778,1925
27.3806,1909
27.3833,1897
27.3861,1901
27.3889,1907
27.3917,1898
27.3944,1898
27.3972,1898
27.4000,1902
27.4028,1898
27.4056,1893
27.4083,1900
27.4111,1910
27.4139,1925
27.4167,1934
27.4194,1949
27.4222,1946
27.4250,1939
27.4278,1954
27.4306,1972
27.4333,1966
27.4361,1952
27.4389,1925
27.4417,1897
27.4444,1893
27.4472,1902
27.4500,1917
27.4528,1929
27.4556,1932
27.4583,1926
27.4611,1928
27.4639,1949
27.4667,1941
27.4694,1915
27.4722,1892
27.4750,1856
27.4778,1846
27.4806,1830
27.4833,1825
27.4861,1815
27.4889,1808
27.4917,1790
27.4944,1781
27.4972,1763
27.5000,1759
27.5028,1751
27.5056,1761
27.5083,1768
27.5111,1776
27.5139,1782
27.5167,1780
27.5194,1784
27.5222,1786
27.5250,1772
27.5278,1780
27.5306,1770
27.5333,1769
27.5361,1777
27.5389,1780
27.5417,1775
27.5444,1786
27.5472,1774
27.5500,1760
27.5528,1736
27.5556,1689
27.5583,1682
27.5611,1687
27.5639,1714
27.5667,1765
27.5694,1812
27.5722,1881
27.5750,1996
27.5778,2200
27.5806,2482
27.5833,2789
27.5861,3037
27.5889,3133
27.5917,3037
27.5944,2811
27.5972,2564
27.6000,2347
27.6028,2181
27.6056,2056
27.6083,2009
27.6111,1983
27.6139,1970
27.6167,1925
27.6194,1862
27.6222,1781
27.6250,1699
27.6278,1660
27.6306,1656
27.6333,1667
27.6361,1683
27.6389,1692
27.6417,1671
27.6444,1666
27.6472,1662
27.6500,1672
27.6528,1686
27.6556,1705
27.6583,1697
27.6611,1695
27.6639,1689
27.6667,1694
27.6694,1690
27.6722,1706
27.6750,1716
27.6778,1731
27.6806,1748
27.6833,1744
27.6861,1739
27.6889,1739
27.6917,1737
27.6944,1742
27.6972,1748
27.7000,1763
27.7028,1759
27.7056,1758
27.7083,1750
27.7111,1760
27.7139,1777
27.7167,1785
27.7194,1797
27.7222,1813
27.7250,1817
27.7278,1846
27.7306,1856
27.7333,1874
27.7361,1883
27.7389,1884
27.7417,1877
27.7444,1879
27.7472,1892
27.7500,1914
27.7528,1919
27.7556,1927
27.7583,1925
27.7611,1907
27.7639,1897
27.7667,1883
27.7694,1878
27.7722,1880
27.7750,1899
27.7778,1798
27.7806,1804
27.7833,1811
27.7861,1807
27.7889,1815
27.7917,1804
27.7944,1814
27.7972,1819
27.8000,1823
27.8028,1822
27.8056,1815
27.8083,1818
27.8111,1809
27.8139,1805
27.8167,1806
27.8194,1810
27.8222,1809
27.8250,1815
27.8278,1807
27.8306,1808
27.8333,1804
27.8361,1810
27.8389,1802
27.8417,1797
27.8444,1784
27.8472,1787
27.8500,1796
27.8528,1811
27.8556,1825
27.8583,1833
27.8611,1844
27.8639,1842
27.8667,1841
27.8694,1861
27.8722,1899
27.8750,1916
27.8778,1932
27.8806,1925
27.8833,1923
27.8861,1905
27.8889,1898
27.8917,1893
27.8944,1898
27.8972,1928
27.9000,1957
27.9028,1961
27.9056,1960
27.9083,1957
27.9111,1961
27.9139,1951
27.9167,1949
27.9194,1919
27.9222,1878
27.9250,1860
27.9278,1853
27.9306,1849
27.9333,1855
27.9361,1852
27.9389,1845
27.9417,1827
27.9444,1818
27.9472,1820
27.9500,1817
27.9528,1829
27.9556,1827
27.9583,1821
27.9611,1812
27.9639,1815
27.9667,1815
27.9694,1818
27.9722,1804
27.9750,1809
27.9778,1829
27.9806,1842
27.9833,1843
27.9861,1837
27.9889,1837
27.9917,1830
27.9944,1833
27.9972,1831
28.0000,1823
28.0028,1794
28.0056,1759
28.0083,1733
28.0111,1734
28.0139,1765
28.0167,1823
28.0194,1866
28.0222,1903
28.0250,1997
28.0278,2162
28.0306,2439
28.0333,2745
28.0361,3023
28.0389,3187
28.0417,3139
28.0444,2931
28.0472,2681
28.0500,2461
28.0528,2288
28.0556,2174
28.0583,2117
28.0611,2100
28.0639,2088
28.0667,2064
28.0694,2008
28.0722,1938
28.0750,1861
28.0778,1825
28.0806,1798
28.0833,1814
28.0861,1821
28.0889,1832
28.0917,1844
28.0944,1828
28.0972,1824
28.1000,1829
28.1028,1835
28.1056,1842
28.1083,1839
28.1111,1846
28.1139,1835
28.1167,1819
28.1194,1812
28.1222,1824
28.1250,1834
28.1278,1854
28.1306,1872
28.1333,1876
28.1361,1864
28.1389,1862
28.1417,1864
28.1444,1878
28.1472,1895
28.1500,1905
28.1528,1906
28.1556,1898
28.1583,1906
28.1611,1916
28.1639,1930
28.1667,1955
28.1694,1968
28.1722,1990
28.1750,2013
28.1778,2023
28.1806,2039
28.1833,2063
28.1861,2088
28.1889,2096
28.1917,2105
28.1944,2100
28.1972,2103
28.2000,2115
28.2028,2134
28.2056,2154
28.2083,2164
28.2111,2148
28.2139,2149
28.2167,2146
28.2194,2145
28.2222,2150
28.2250,2145
28.2278,2022
28.2306,2021
28.2333,2020
28.2361,2023
28.2389,2030
28.2417,2035
28.2444,2038
28.2472,2052
28.2500,2034
28.2528,2035
28.2556,2033
28.2583,2032
28.2611,2021
28.2639,2021
28.2667,2019
28.2694,2007
28.2722,2006
28.2750,1986
28.2778,1973
28.2806,1993
28.2833,1997
28.2861,1999
28.2889,1988
28.2917,1977
28.2944,1952
28.2972,1942
28.3000,1933
28.3028,1941
28.3056,1938
28.3083,1942
28.3111,1948
28.3139,1961
28.3167,1965
28.3194,1987
28.3222,1976
28.3250,1975
28.3278,1973
28.3306,1980
28.3333,1995
28.3361,1994
28.3389,1989
28.3417,1987
28.3444,2002
28.3472,2016
28.3500,2011
28.3528,2025
28.3556,2054
28.3583,2091
28.3611,2085
28.3639,2072
28.3667,2054
28.3694,2046
28.3722,2037
28.3750,2007
28.3778,1990
28.3806,1951
28.3833,1925
28.3861,1902
28.3889,1885
28.3917,1868
28.3944,1852
28.3972,1842
28.4000,1826
28.4028,1827
28.4056,1838
28.4083,1827
28.4111,1808
28.4139,1790
28.4167,1791
28.4194,1782
28.4222,1789
28.4250,1807
28.4278,1812
28.4306,1804
28.4333,1799
28.4361,1783
28.4389,1781
28.4417,1775
28.4444,1780
28.4472,1794
28.4500,1777
28.4528,1755
28.4556,1730
28.4583,1721
28.4611,1715
28.4639,1702
28.4667,1689
28.4694,1704
28.4722,1723
28.4750,1747
28.4778,1764
28.4806,1800
28.4833,1874
28.4861,2045
28.4889,2306
28.4917,2600
28.4944,2844
28.4972,2971
28.5000,2963
28.5028,2828
28.5056,2681
28.5083,2546
28.5111,2425
28.5139,2289
28.5167,2175
28.5194,2078
28.5222,2037
28.5250,1991
28.5278,1935
28.5306,1848
28.5333,1733
28.5361,1627
28.5389,1581
28.5417,1568
28.5444,1580
28.5472,1612
28.5500,1635
28.5528,1628
28.5556,1613
28.5583,1595
28.5611,1588
28.5639,1592
28.5667,1592
28.5694,1577
28.5722,1571
28.5750,1576
28.5778,1576
28.5806,1603
28.5833,1643
28.5861,1646
28.5889,1641
28.5917,1614
28.5944,1614
28.5972,1610
28.6000,1607
28.6028,1602
28.6056,1605
28.6083,1629
28.6111,1650
28.6139,1659
28.6167,1673
28.6194,1697
28.6222,1710
28.6250,1704
28.6278,1702
28.6306,1709
28.6333,1701
28.6361,1693
28.6389,1703
28.6417,1737
28.6444,1753
28.6472,1767
28.6500,1756
28.6528,1759
28.6556,1770
28.6583,1791
28.6611,1815
28.6639,1834
28.6667,1824
28.6694,1818
28.6722,1807
28.6750,1820
28.6778,1807
28.6806,1804
28.6833,1799
28.6861,1806
28.6889,1808
28.6917,1792
28.6944,1780
28.6972,1780
28.7000,1786
28.7028,1797
28.7056,1802
28.7083,1798
28.7111,1785
28.7139,1772
28.7167,1770
28.7194,1765
28.7222,1774
28.7250,1785
28.7278,1780
28.7306,1799
28.7333,1806
28.7361,1799
28.7389,1793
28.7417,1789
28.7444,1798
28.7472,1778
28.7500,1744
28.7528,1730
28.7556,1728
28.7583,1743
28.7611,1756
28.7639,1751
28.7667,1739
28.7694,1744
28.7722,1758
28.7750,1776
28.7778,1805
28.7806,1826
28.7833,1833
28.7861,1833
28.7889,1826
28.7917,1826
28.7944,1805
28.7972,1786
28.8000,1778
28.8028,1796
28.8056,1822
28.8083,1824
28.8111,1816
28.8139,1826
28.8167,1833
28.8194,1830
28.8222,1805
28.8250,1780
28.8278,1750
28.8306,1723
28.8333,1705
28.8361,1682
28.8389,1682
28.8417,1669
28.8444,1654
28.8472,1619
28.8500,1611
28.8528,1600
28.8556,1609
28.8583,1622
28.8611,1617
28.8639,1629
28.8667,1624
28.8694,1618
28.8722,1602
28.8750,1600
28.8778,1601
28.8806,1595
28.8833,1597
28.8861,1589
28.8889,1581
28.8917,1581
28.8944,1581
28.8972,1574
28.9000,1563
28.9028,1571
28.9056,1573
28.9083,1561
28.9111,1534
28.9139,1494
28.9167,1463
28.9194,1462
28.9222,1482
28.9250,1525
28.9278,1562
28.9306,1624
28.9333,1715
28.9361,1882
28.9389,2127
28.9417,2421
28.9444,2721
28.9472,2917
28.9500,2916
28.9528,2724
28.9556,2446
28.9583,2178
28.9611,1954
28.9639,1795
28.9667,1722
28.9694,1699
28.9722,1671
28.9750,1652
28.9778,1612
28.9806,1539
28.9833,1476
28.9861,1432
28.9889,1414
28.9917,1410
28.9944,1418
28.9972,1429
29.0000,1416
29.0028,1416
29.0056,1415
29.0083,1434
29.0111,1446
29.0139,1435
29.0167,1420
29.0194,1433
29.0222,1444
29.0250,1432
29.0278,1429
29.0306,1435
29.0333,1437
29.0361,1445
29.0389,1439
29.0417,1441
29.0444,1436
29.0472,1436
29.0500,1444
29.0528,1461
29.0556,1477
29.0583,1493
29.0611,1480
29.0639,1468
29.0667,1464
29.0694,1472
29.0722,1492
29.0750,1507
29.0778,1501
29.0806,1496
29.0833,1496
29.0861,1499
29.0889,1507
29.0917,1547
29.0944,1567
29.0972,1594
29.1000,1608
29.1028,1612
29.1056,1612
29.1083,1605
29.1111,1602
29.1139,1595
29.1167,1594
29.1194,1585
29.1222,1584
29.1250,1583
29.1278,1572
29.1306,1580
29.1333,1592
29.1361,1589
29.1389,1443
29.1417,1445
29.1444,1436
29.1472,1416
29.1500,1418
29.1528,1426
29.1556,1421
29.1583,1416
29.1611,1399
29.1639,1402
29.1667,1398
29.1694,1404
29.1722,1412
29.1750,1407
29.1778,1400
29.1806,1377
29.1833,1378
29.1861,1377
29.1889,1367
29.1917,1357
29.1944,1365
29.1972,1381
29.2000,1387
29.2028,1386
29.2056,1368
29.2083,1343
29.2111,1346
29.2139,1335
29.2167,1345
29.2194,1361
29.2222,1381
29.2250,1391
29.2278,1401
29.2306,1406
29.2333,1395
29.2361,1387
29.2389,1405
29.2417,1426
29.2444,1434
29.2472,1419
29.2500,1413
29.2528,1411
29.2556,1407
29.2583,1414
29.2611,1422
29.2639,1448
29.2667,1459
29.2694,1464
29.2722,1463
29.2750,1457
29.2778,1446
29.2806,1421
29.2833,1386
29.2861,1364
29.2889,1348
29.2917,1335
29.2944,1332
29.2972,1315
29.3000,1301
29.3028,1277
29.3056,1263
29.3083,1258
29.3111,1265
29.3139,1277
29.3167,1282
29.3194,1283
29.3222,1282
29.3250,1279
29.3278,1272
29.3306,1272
29.3333,1256
29.3361,1244
29.3389,1247
29.3417,1259
29.3444,1264
29.3472,1267
29.3500,1258
29.3528,1258
29.3556,1276
29.3583,1292
29.3611,1307
29.3639,1284
29.3667,1261
29.3694,1207
29.3722,1182
29.3750,1189
29.3778,1214
29.3806,1249
29.3833,1285
29.3861,1336
29.3889,1418
29.3917,1563
29.3944,1788
29.3972,2059
29.4000,2302
29.4028,2464
29.4056,2428
29.4083,2222
29.4111,1962
29.4139,1708
29.4167,1520
29.4194,1406
29.4222,1360
29.4250,1365
29.4278,1388
29.4306,1407
29.4333,1377
29.4361,1318
29.4389,1246
29.4417,1184
29.4444,1168
29.4472,1168
29.4500,1199
29.4528,1230
29.4556,1243
29.4583,1258
29.4611,1236
29.4639,1221
29.4667,1215
29.4694,1231
29.4722,1247
29.4750,1257
29.4778,1257
29.4806,1256
29.4833,1243
29.4861,1239
29.4889,1237
29.4917,1247
29.4944,1261
29.4972,1278
29.5000,1274
29.5028,1276
29.5056,1271
29.5083,1265
29.5111,1269
29.5139,1284
29.5167,1298
29.5194,1308
29.5222,1312
29.5250,1312
29.5278,1306
29.5306,1328
29.5333,1357
29.5361,1389
29.5389,1409
29.5417,1416
29.5444,1413
29.5472,1422
29.5500,1440
29.5528,1468
29.5556,1497
29.5583,1514
29.5611,1517
29.5639,1510
29.5667,1521
29.5694,1516
29.5722,1516
29.5750,1512
29.5778,1499
29.5806,1470
29.5833,1468
29.5861,1467
29.5889,1467
29.5917,1482
29.5944,1456
29.5972,1451
29.6000,1445
29.6028,1437
29.6056,1422
29.6083,1420
29.6111,1423
29.6139,1425
29.6167,1419
29.6194,1399
29.6222,1376
29.6250,1353
29.6278,1349
29.6306,1349
29.6333,1358
29.6361,1369
29.6389,1357
29.6417,1352
29.6444,1352
29.6472,1349
29.6500,1338
29.6528,1327
29.6556,1319
29.6583,1297
29.6611,1277
29.6639,1302
29.6667,1308
29.6694,1306
29.6722,1314
29.6750,1327
29.6778,1334
29.6806,1325
29.6833,1312
29.6861,1298
29.6889,1303
29.6917,1326
29.6944,1362
29.6972,1380
29.7000,1382
29.7028,1385
29.7056,1379
29.7083,1365
29.7111,1368
29.7139,1374
29.7167,1391
29.7194,1392
29.7222,1402
29.7250,1416
29.7278,1440
29.7306,1438
29.7333,1424
29.7361,1422
29.7389,1408
29.7417,1410
29.7444,1386
29.7472,1362
29.7500,1341
29.7528,1313
29.7556,1286
29.7583,1281
29.7611,1262
29.7639,1253
29.7667,1255
29.7694,1251
29.7722,1255
29.7750,1250
29.7778,1251
29.7806,1235
29.7833,1227
29.7861,1219
29.7889,1223
29.7917,1221
29.7944,1228
29.7972,1244
29.8000,1242
29.8028,1238
29.8056,1227
29.8083,1224
29.8111,1226
29.8139,1241
29.8167,1251
29.8194,1244
29.8222,1246
29.8250,1226
29.8278,1206
29.8306,1186
29.8333,1162
29.8361,1128
29.8389,1119
29.8417,1141
29.8444,1195
29.8472,1255
29.8500,1325
29.8528,1420
29.8556,1600
29.8583,1858
29.8611,2117
29.8639,2313
29.8667,2381
29.8694,2291
29.8722,2104
29.8750,1912
29.8778,1745
29.8806,1597
29.8833,1499
29.8861,1450
29.8889,1441
29.8917,1440
29.8944,1443
29.8972,1409
29.9000,1347
29.9028,1275
29.9056,1225
29.9083,1198
29.9111,1209
29.9139,1223
29.9167,1216
29.9194,1213
29.9222,1200
29.9250,1187
29.9278,1195
29.9306,1220
29.9333,1251
29.9361,1268
29.9389,1273
29.9417,1268
29.9444,1265
29.9472,1280
29.9500,1287
29.9528,1290
29.9556,1288
29.9583,1275
29.9611,1277
29.9639,1279
29.9667,1288
29.9694,1318
29.9722,1361
29.9750,1382
29.9778,1380
29.9806,1373
29.9833,1367
29.9861,1375
29.9889,1387
29.9917,1404
29.9944,1407
29.9972,1408
30.0000,1407
30.0028,1416
30.0056,1432
30.0083,1444
30.0111,1472
30.0139,1488
30.0167,1503
30.0194,1509
30.0222,1524
30.0250,1536
30.0278,1547
30.0306,1569
30.0333,1586
30.0361,1589
30.0389,1565
30.0417,1565
30.0444,1570
30.0472,1564
30.0500,1570
30.0528,1574
30.0556,1506
30.0583,1511
30.0611,1522
30.0639,1555
30.0667,1557
30.0694,1565
30.0722,1576
30.0750,1578
30.0778,1570
30.0806,1562
30.0833,1552
30.0861,1548
30.0889,1552
30.0917,1564
30.0944,1562
30.0972,1571
30.1000,1568
30.1028,1576
30.1056,1567
30.1083,1563
30.1111,1561
30.1139,1567
30.1167,1560
30.1194,1550
30.1222,1559
30.1250,1568
30.1278,1575
30.1306,1592
30.1333,1596
30.1361,1602
30.1389,1613
30.1417,1628
30.1444,1635
30.1472,1642
30.1500,1656
30.1528,1677
30.1556,1689
30.1583,1686
30.1611,1680
30.1639,1660
30.1667,1662
30.1694,1672
30.1722,1705
30.1750,1727
30.1778,1747
30.1806,1754
30.1833,1760
30.1861,1754
30.1889,1737
30.1917,1703
30.1944,1675
30.1972,1637
30.2000,1597
30.2028,1575
30.2056,1568
30.2083,1584
30.2111,1616
30.2139,1630
30.2167,1633
30.2194,1627
30.2222,1612
30.2250,1598
30.2278,1588
30.2306,1599
30.2333,1627
30.2361,1645
30.2389,1660
30.2417,1674
30.2444,1672
30.2472,1666
30.2500,1665
30.2528,1662
30.2556,1659
30.2583,1666
30.2611,1675
30.2639,1687
30.2667,1686
30.2694,1665
30.2722,1667
30.2750,1656
30.2778,1630
30.2806,1602
30.2833,1581
30.2861,1592
30.2889,1646
30.2917,1702
30.2944,1748
30.2972,1816
30.3000,1958
30.3028,2172
30.3056,2467
30.3083,2781
30.3111,3009
30.3139,3072
30.3167,2953
30.3194,2763
30.3222,2564
30.3250,2419
30.3278,2289
30.3306,2176
30.3333,2086
30.3361,2034
30.3389,1997
30.3417,1947
30.3444,1881
30.3472,1783
30.3500,1695
30.3528,1649
30.3556,1643
30.3583,1655
30.3611,1679
30.3639,1690
30.3667,1679
30.3694,1668
30.3722,1657
30.3750,1655
30.3778,1684
30.3806,1696
30.3833,1709
30.3861,1698
30.3889,1707
30.3917,1713
30.3944,1723
30.3972,1720
30.4000,1731
30.4028,1748
30.4056,1744
30.4083,1733
30.4111,1726
30.4139,1733
30.4167,1746
30.4194,1765
30.4222,1770
30.4250,1770
30.4278,1758
30.4306,1767
30.4333,1771
30.4361,1787
30.4389,1809
30.4417,1822
30.4444,1819
30.4472,1820
30.4500,1838
30.4528,1843
30.4556,1860
30.4583,1884
30.4611,1901
30.4639,1917
30.4667,1921
30.4694,1906
30.4722,1906
30.4750,1910
30.4778,1932
30.4806,1948
30.4833,1968
30.4861,1957
30.4889,1957
30.4917,1946
30.4944,1942
30.4972,1942
30.5000,1942
30.5028,1910
30.5056,1895
30.5083,1903
30.5111,1920
30.5139,1931
30.5167,1943
30.5194,1925
30.5222,1902
30.5250,1877
30.5278,1841
30.5306,1842
30.5333,1837
30.5361,1838
30.5389,1851
30.5417,1867
30.5444,1865
30.5472,1850
30.5500,1839
30.5528,1844
30.5556,1839
30.5583,1850
30.5611,1851
30.5639,1856
30.5667,1849
30.5694,1861
30.5722,1854
30.5750,1860
30.5778,1870
30.5806,1875
30.5833,1892
30.5861,1919
30.5889,1924
30.5917,1928
30.5944,1933
30.5972,1951
30.6000,1952
30.6028,1954
30.6056,1942
30.6083,1942
30.6111,1932
30.6139,1928
30.6167,1935
30.6194,1956
30.6222,1972
30.6250,1976
30.6278,1983
30.6306,1975
30.6333,1976
30.6361,1961
30.6389,1930
30.6417,1901
30.6444,1870
30.6472,1838
30.6500,1814
30.6528,1795
30.6556,1796
30.6583,1786
30.6611,1798
30.6639,1801
30.6667,1784
30.6694,1765
30.6722,1757
30.6750,1761
30.6778,1760
30.6806,1764
30.6833,1771
30.6861,1784
30.6889,1778
30.6917,1774
30.6944,1768
30.6972,1785
30.7000,1784
30.7028,1796
30.7056,1784
30.7083,1766
30.7111,1766
30.7139,1772
30.7167,1777
30.7194,1773
30.7222,1772
30.7250,1754
30.7278,1713
30.7306,1684
30.7333,1679
30.7361,1704
30.7389,1770
30.7417,1832
30.7444,1889
30.7472,1966
30.7500,2139
30.7528,2404
30.7556,2719
30.7583,3026
30.7611,3208
30.7639,3186
30.7667,2959
30.7694,2654
30.7722,2381
30.7750,2170
30.7778,2034
30.7806,1974
30.7833,1945
30.7861,1932
30.7889,1929
30.7917,1893
30.7944,1836
30.7972,1762
30.8000,1717
30.8028,1689
30.8056,1687
30.8083,1708
30.8111,1736
30.8139,1726
30.8167,1699
30.8194,1690
30.8222,1699
30.8250,1733
30.8278,1748
30.8306,1753
30.8333,1753
30.8361,1762
30.8389,1762
30.8417,1772
30.8444,1772
30.8472,1783
30.8500,1797
30.8528,1814
30.8556,1823
30.8583,1820
30.8611,1809
30.8639,1805
30.8667,1827
30.8694,1845
30.8722,1854
30.8750,1863
30.8778,1862
30.8806,1853
30.8833,1852
30.8861,1865
30.8889,1870
30.8917,1880
30.8944,1904
30.8972,1919
30.9000,1926
30.9028,1942
30.9056,1958
30.9083,1982
30.9111,2009
30.9139,2025
30.9167,2036
30.9194,2041
30.9222,2042
30.9250,2051
30.9278,2066
30.9306,2063
30.9333,2071
30.9361,2055
30.9389,2052
30.9417,2033
30.9444,2029
30.9472,2037
30.9500,2044
30.9528,2041
30.9556,2038
30.9583,2049
30.9611,2041
30.9639,2051
30.9667,2058
30.9694,2068
30.9722,2083
30.9750,2095
30.9778,2105
30.9806,2097
30.9833,2076
30.9861,2089
30.9889,2097
30.9917,2085
30.9944,2083
30.9972,2067
31.0000,2065
31.0028,2065
31.0056,2057
31.0083,2067
31.0111,2076
31.0139,2069
31.0167,2057
31.0194,2056
31.0222,2052
31.0250,2065
31.0278,2067
31.0306,2070
31.0333,2083
31.0361,2086
31.0389,2087
31.0417,2099
31.0444,2107
31.0472,2118
31.0500,2131
31.0528,2146
31.0556,2154
31.0583,2168
31.0611,2175
31.0639,2166
31.0667,2168
31.0694,2186
31.0722,2207
31.0750,2224
31.0778,2245
31.0806,2249
31.0833,2243
31.0861,2255
31.0889,2260
31.0917,2259
31.0944,2250
31.0972,2232
31.1000,2189
31.1028,2155
31.1056,2133
31.1083,2122
31.1111,2098
31.1139,2096
31.1167,2067
31.1194,2053
31.1222,2049
31.1250,2060
31.1278,2071
31.1306,2078
31.1333,2073
31.1361,2063
31.1389,2055
31.1417,2058
31.1444,2056
31.1472,2072
31.1500,2088
31.1528,2095
31.1556,2089
31.1583,2084
31.1611,2093
31.1639,2078
31.1667,2072
31.1694,2077
31.1722,2072
31.1750,2069
31.1778,2068
31.1806,2054
31.1833,2047
31.1861,2007
31.1889,1980
31.1917,1990
31.1944,1995
31.1972,2038
31.2000,2077
31.2028,2122
31.2056,2217
31.2083,2381
31.2111,2647
31.2139,2972
31.2167,3274
31.2194,3348
31.2222,3339
31.2250,3296
31.2278,3109
31.2306,2879
31.2333,2653
31.2361,2489
31.2389,2386
31.2417,2328
31.2444,2315
31.2472,2291
31.2500,2230
31.2528,2144
31.2556,2055
31.2583,1971
31.2611,1928
31.2639,1912
31.2667,1913
31.2694,1923
31.2722,1941
31.2750,1942
31.2778,1952
31.2806,1961
31.2833,1963
31.2861,1959
31.2889,1974
31.2917,1959
31.2944,1942
31.2972,1922
31.3000,1911
31.3028,1909
31.3056,1924
31.3083,1961
31.3111,1972
31.3139,1986
31.3167,1997
31.3194,2006
31.3222,2010
31.3250,2008
31.3278,2030
31.3306,2032
31.3333,2031
31.3361,2039
31.3389,2032
31.3417,2046
31.3444,2066
31.3472,2082
31.3500,2096
31.3528,2114
31.3556,2127
31.3583,2134
31.3611,2145
31.3639,2146
31.3667,2162
31.3694,2171
31.3722,2186
31.3750,2192
31.3778,2191
31.3806,2189
31.3833,2201
31.3861,2214
31.3889,2221
31.3917,2226
31.3944,2219
31.3972,2202
31.4000,2200
31.4028,2194
31.4056,2191
31.4083,2008
31.4111,2007
31.4139,1997
31.4167,1995
31.4194,1974
31.4222,1964
31.4250,1974
31.4278,1979
31.4306,1979
31.4333,1983
31.4361,1973
31.4389,1971
31.4417,1958
31.4444,1956
31.4472,1954
31.4500,1948
31.4528,1936
31.4556,1920
31.4583,1913
31.4611,1916
31.4639,1914
31.4667,1918
31.4694,1916
31.4722,1900
31.4750,1889
31.4778,1884
31.4806,1869
31.4833,1877
31.4861,1888
31.4889,1901
31.4917,1906
31.4944,1916
31.4972,1913
31.5000,1920
31.5028,1910
31.5056,1905
31.5083,1912
31.5111,1925
31.5139,1925
31.5167,1922
31.5194,1911
31.5222,1900
31.5250,1903
31.5278,1900
31.5306,1923
31.5333,1940
31.5361,1943
31.5389,1944
31.5417,1933
31.5444,1929
31.5472,1924
31.5500,1909
31.5528,1891
31.5556,1854
31.5583,1816
31.5611,1773
31.5639,1763
31.5667,1751
31.5694,1749
31.5722,1740
31.5750,1729
31.5778,1711
31.5806,1699
31.5833,1698
31.5861,1701
31.5889,1705
31.5917,1709
31.5944,1702
31.5972,1690
31.6000,1682
31.6028,1680
31.6056,1681
31.6083,1690
31.6111,1693
31.6139,1691
31.6167,1681
31.6194,1684
31.6222,1685
31.6250,1683
31.6278,1700
31.6306,1691
31.6333,1673
31.6361,1653
31.6389,1607
31.6417,1575
31.6444,1575
31.6472,1576
31.6500,1604
31.6528,1640
31.6556,1671
31.6583,1724
31.6611,1813
31.6639,1971
31.6667,2234
31.6694,2529
31.6722,2780
31.6750,2903
31.6778,2847
31.6806,2682
31.6833,2494
31.6861,2324
31.6889,2192
31.6917,2079
31.6944,1970
31.6972,1899
31.7000,1855
31.7028,1799
31.7056,1757
31.7083,1678
31.7111,1599
31.7139,1539
31.7167,1515
31.7194,1504
31.7222,1508
31.7250,1517
31.7278,1502
31.7306,1495
31.7333,1477
31.7361,1473
31.7389,1474
31.7417,1485
31.7444,1504
31.7472,1505
31.7500,1494
31.7528,1481
31.7556,1488
31.7583,1497
31.7611,1519
31.7639,1538
31.7667,1532
31.7694,1511
31.7722,1498
31.7750,1494
31.7778,1497
31.7806,1504
31.7833,1522
31.7861,1540
31.7889,1529
31.7917,1531
31.7944,1520
31.7972,1505
31.8000,1523
31.8028,1532
31.8056,1559
31.8083,1564
31.8111,1564
31.8139,1573
31.8167,1579
31.8194,1583
31.8222,1596
31.8250,1591
31.8278,1596
31.8306,1595
31.8333,1604
31.8361,1610
31.8389,1617
31.8417,1628
31.8444,1633
31.8472,1638
31.8500,1633
31.8528,1619
31.8556,1614
31.8583,1611
31.8611,1618
31.8639,1542
31.8667,1548
31.8694,1539
31.8722,1530
31.8750,1529
31.8778,1543
31.8806,1565
31.8833,1576
31.8861,1586
31.8889,1568
31.8917,1544
31.8944,1515
31.8972,1514
31.9000,1511
31.9028,1530
31.9056,1533
31.9083,1523
31.9111,1510
31.9139,1493
31.9167,1492
31.9194,1481
31.9222,1474
31.9250,1473
31.9278,1458
31.9306,1451
31.9333,1442
31.9361,1444
31.9389,1455
31.9417,1468
31.9444,1465
31.9472,1465
31.9500,1473
31.9528,1488
31.9556,1496
31.9583,1504
31.9611,1511
31.9639,1515
31.9667,1522
31.9694,1517
31.9722,1509
31.9750,1509
31.9778,1505
31.9806,1499
31.9833,1504
31.9861,1520
31.9889,1533
31.9917,1549
31.9944,1539
31.9972,1532
32.0000,1507
32.0028,1496
32.0056,1480
32.0083,1445
32.0111,1412
32.0139,1394
32.0167,1385
32.0194,1384
32.0222,1387
32.0250,1372
32.0278,1348
32.0306,1321
32.0333,1300
32.0361,1302
32.0389,1304
32.0417,1300
32.0444,1297
32.0472,1304
32.0500,1305
32.0528,1299
32.0556,1303
32.0583,1303
32.0611,1301
32.0639,1313
32.0667,1304
32.0694,1292
32.0722,1281
32.0750,1271
32.0778,1270
32.0806,1281
32.0833,1292
32.0861,1285
32.0889,1279
32.0917,1253
32.0944,1224
32.0972,1181
32.1000,1153
32.1028,1165
32.1056,1194
32.1083,1251
32.1111,1305
32.1139,1367
32.1167,1478
32.1194,1656
32.1222,1911
32.1250,2179
32.1278,2429
32.1306,2549
32.1333,2457
32.1361,2209
32.1389,1928
32.1417,1675
32.1444,1497
32.1472,1392
32.1500,1355
32.1528,1355
32.1556,1354
32.1583,1334
32.1611,1290
32.1639,1228
32.1667,1171
32.1694,1134
32.1722,1119
32.1750,1135
32.1778,1143
32.1806,1161
32.1833,1158
32.1861,1146
32.1889,1131
32.1917,1125
32.1944,1142
32.1972,1165
32.2000,1176
32.2028,1180
32.2056,1181
32.2083,1170
32.2111,1168
32.2139,1175
32.2167,1188
32.2194,1192
32.2222,1203
32.2250,1205
32.2278,1192
32.2306,1188
32.2333,1190
32.2361,1199
32.2389,1214
32.2417,1208
32.2444,1205
32.2472,1211
32.2500,1218
32.2528,1229
32.2556,1246
32.2583,1262
32.2611,1270
32.2639,1275
32.2667,1280
32.2694,1282
32.2722,1298
32.2750,1316
32.2778,1333
32.2806,1358
32.2833,1351
32.2861,1361
32.2889,1355
32.2917,1357
32.2944,1344
32.2972,1353
32.3000,1355
32.3028,1351
32.3056,1329
32.3083,1324
32.3111,1333
32.3139,1344
32.3167,1351
32.3194,1269
32.3222,1276
32.3250,1277
32.3278,1277
32.3306,1273
32.3333,1269
32.3361,1276
32.3389,1290
32.3417,1296
32.3444,1292
32.3472,1294
32.3500,1273
32.3528,1272
32.3556,1273
32.3583,1280
32.3611,1286
32.3639,1286
32.3667,1289
32.3694,1284
32.3722,1271
32.3750,1264
32.3778,1257
32.3806,1252
32.3833,1249
32.3861,1251
32.3889,1248
32.3917,1237
32.3944,1243
32.3972,1250
32.4000,1264
32.4028,1246
32.4056,1229
32.4083,1210
32.4111,1203
32.4139,1199
32.4167,1220
32.4194,1254
32.4222,1271
32.4250,1282
32.4278,1295
32.4306,1297
32.4333,1319
32.4361,1335
32.4389,1348
32.4417,1335
32.4444,1330
32.4472,1325
32.4500,1312
32.4528,1310
32.4556,1332
32.4583,1358
32.4611,1390
32.4639,1378
32.4667,1372
32.4694,1358
32.4722,1362
32.4750,1361
32.4778,1346
32.4806,1326
32.4833,1294
32.4861,1261
32.4889,1263
32.4917,1235
32.4944,1231
32.4972,1234
32.5000,1232
32.5028,1232
32.5056,1227
32.5083,1216
32.5111,1208
32.5139,1210
32.5167,1224
32.5194,1238
32.5222,1229
32.5250,1227
32.5278,1226
32.5306,1214
32.5333,1227
32.5361,1231
32.5389,1237
32.5417,1234
32.5444,1243
32.5472,1232
32.5500,1238
32.5528,1228
32.5556,1233
32.5583,1238
32.5611,1227
32.5639,1202
32.5667,1171
32.5694,1149
32.5722,1158
32.5750,1187
32.5778,1244
32.5806,1300
32.5833,1360
32.5861,1461
32.5889,1629
32.5917,1863
32.5944,2139
32.5972,2374
32.6000,2505
32.6028,2465
32.6056,2248
32.6083,1983
32.6111,1736
32.6139,1548
32.6167,1429
32.6194,1378
32.6222,1350
32.6250,1310
32.6278,1269
32.6306,1230
32.6333,1175
32.6361,1139
32.6389,1123
32.6417,1142
32.6444,1160
32.6472,1170
32.6500,1158
32.6528,1160
32.6556,1159
32.6583,1174
32.6611,1201
32.6639,1207
32.6667,1225
32.6694,1241
32.6722,1234
32.6750,1226
32.6778,1229
32.6806,1220
32.6833,1222
32.6861,1232
32.6889,1249
32.6917,1259
32.6944,1252
32.6972,1249
32.7000,1251
32.7028,1273
32.7056,1277
32.7083,1284
32.7111,1301
32.7139,1303
32.7167,1304
32.7194,1299
32.7222,1305
32.7250,1307
32.7278,1341
32.7306,1357
32.7333,1377
32.7361,1383
32.7389,1401
32.7417,1414
32.7444,1443
32.7472,1464
32.7500,1484
32.7528,1486
32.7556,1488
32.7583,1483
32.7611,1491
32.7639,1500
32.7667,1516
32.7694,1527
32.7722,1518
32.7750,1504
32.7778,1479
32.7806,1474
32.7833,1482
32.7861,1491
32.7889,1436
32.7917,1438
32.7944,1448
32.7972,1445
32.8000,1429
32.8028,1418
32.8056,1429
32.8083,1453
32.8111,1471
32.8139,1476
32.8167,1462
32.8194,1462
32.8222,1457
32.8250,1450
32.8278,1451
32.8306,1443
32.8333,1429
32.8361,1404
32.8389,1394
32.8417,1394
32.8444,1414
32.8472,1420
32.8500,1432
32.8528,1416
32.8556,1414
32.8583,1412
32.8611,1415
32.8639,1416
32.8667,1428
32.8694,1422
32.8722,1410
32.8750,1397
32.8778,1396
32.8806,1399
32.8833,1410
32.8861,1410
32.8889,1409
32.8917,1404
32.8944,1396
32.8972,1397
32.9000,1385
32.9028,1394
32.9056,1398
32.9083,1399
32.9111,1411
32.9139,1419
32.9167,1436
32.9194,1449
32.9222,1469
32.9250,1483
32.9278,1495
32.9306,1503
32.9333,1503
32.9361,1495
32.9389,1493
32.9417,1504
32.9444,1536
32.9472,1566
32.9500,1577
32.9528,1563
32.9556,1547
32.9583,1548
32.9611,1543
32.9639,1538
32.9667,1517
32.9694,1487
32.9722,1459
32.9750,1424
32.9778,1412
32.9806,1397
32.9833,1382
32.9861,1382
32.9889,1394
32.9917,1400
32.9944,1416
32.9972,1413
33.0000,1411
33.0028,1401
33.0056,1400
33.0083,1391
33.0111,1398
33.0139,1394
33.0167,1401
33.0194,1401
33.0222,1410
33.0250,1418
33.0278,1431
33.0306,1425
33.0333,1428
33.0361,1427
33.0389,1418
33.0417,1402
33.0444,1394
33.0472,1408
33.0500,1392
33.0528,1371
33.0556,1355
33.0583,1359
33.0611,1387
33.0639,1426
33.0667,1471
33.0694,1540
33.0722,1652
33.0750,1832
33.0778,2091
33.0806,2363
33.0833,2558
33.0861,2617
33.0889,2520
33.0917,2355
33.0944,2174
33.0972,2023
33.1000,1885
33.1028,1771
33.1056,1699
33.1083,1666
33.1111,1664
33.1139,1637
33.1167,1589
33.1194,1516
33.1222,1431
33.1250,1371
33.1278,1339
33.1306,1341
33.1333,1342
33.1361,1367
33.1389,1375
33.1417,1386
33.1444,1388
33.1472,1399
33.1500,1409
33.1528,1417
33.1556,1434
33.1583,1431
33.1611,1414
33.1639,1417
33.1667,1431
33.1694,1452
33.1722,1459
33.1750,1476
33.1778,1493
33.1806,1493
33.1833,1491
33.1861,1499
33.1889,1511
33.1917,1527
33.1944,1533
33.1972,1532
33.2000,1528
33.2028,1535
33.2056,1534
33.2083,1538
33.2111,1556
33.2139,1582
33.2167,1595
33.2194,1604
33.2222,1601
33.2250,1592
33.2278,1610
33.2306,1637
33.2333,1659
33.2361,1687
33.2389,1690
33.2417,1691
33.2444,1689
33.2472,1684
33.2500,1705
33.2528,1711
33.2556,1719
33.2583,1710
33.2611,1704
33.2639,1717
33.2667,1731
33.2694,1744
33.2722,1742
33.2750,1685
33.2778,1678
33.2806,1680
33.2833,1679
33.2861,1690
33.2889,1695
33.2917,1709
33.2944,1707
33.2972,1715
33.3000,1724
33.3028,1728
33.3056,1747
33.3083,1750
33.3111,1753
33.3139,1750
33.3167,1745
33.3194,1731
33.3222,1713
33.3250,1707
33.3278,1713
33.3306,1726
33.3333,1725
33.3361,1722
33.3389,1724
33.3417,1714
33.3444,1718
33.3472,1715
33.3500,1723
33.3528,1726
33.3556,1722
33.3583,1706
33.3611,1688
33.3639,1686
33.3667,1701
33.3694,1722
33.3722,1744
33.3750,1754
33.3778,1775
33.3806,1798
33.3833,1809
33.3861,1812
33.3889,1830
33.3917,1843
33.3944,1851
33.3972,1855
33.4000,1861
33.4028,1855
33.4056,1851
33.4083,1854
33.4111,1864
33.4139,1882
33.4167,1900
33.4194,1905
33.4222,1920
33.4250,1919
33.4278,1907
33.4306,1903
33.4333,1891
33.4361,1867
33.4389,1830
33.4417,1801
33.4444,1773
33.4472,1758
33.4500,1775
33.4528,1782
33.4556,1765
33.4583,1749
33.4611,1747
33.4639,1753
33.4667,1758
33.4694,1751
33.4722,1743
33.4750,1750
33.4778,1753
33.4806,1745
33.4833,1756
33.4861,1772
33.4889,1776
33.4917,1784
33.4944,1778
33.4972,1784
33.5000,1791
33.5028,1790
33.5056,1785
33.5083,1782
33.5111,1778
33.5139,1770
33.5167,1763
33.5194,1741
33.5222,1703
33.5250,1689
33.5278,1678
33.5306,1717
33.5333,1754
33.5361,1788
33.5389,1849
33.5417,1945
33.5444,2102
33.5472,2362
33.5500,2678
33.5528,2978
33.5556,3172
33.5583,3204
33.5611,3022
33.5639,2771
33.5667,2518
33.5694,2309
33.5722,2145
33.5750,2049
33.5778,2018
33.5806,1997
33.5833,1978
33.5861,1933
33.5889,1849
33.5917,1764
33.5944,1703
33.5972,1678
33.6000,1672
33.6028,1687
33.6056,1708
33.6083,1731
33.6111,1723
33.6139,1713
33.6167,1707
33.6194,1711
33.6222,1728
33.6250,1741
33.6278,1753
33.6306,1761
33.6333,1758
33.6361,1762
33.6389,1768
33.6417,1769
33.6444,1778
33.6472,1779
33.6500,1769
33.6528,1756
33.6556,1749
33.6583,1763
33.6611,1784
33.6639,1785
33.6667,1797
33.6694,1797
33.6722,1809
33.6750,1813
33.6778,1822
33.6806,1813
33.6833,1804
33.6861,1797
33.6889,1814
33.6917,1842
33.6944,1870
33.6972,1886
33.7000,1906
33.7028,1929
33.7056,1941
33.7083,1966
33.7111,1977
33.7139,1978
33.7167,1977
33.7194,1968
33.7222,1961
33.7250,1977
33.7278,1976
33.7306,1960
33.7333,1950
33.7361,1946
33.7389,1942
33.7417,1938
33.7444,1942
33.7472,1831
33.7500,1823
33.7528,1830
33.7556,1825
33.7583,1820
33.7611,1818
33.7639,1829
33.7667,1831
33.7694,1843
33.7722,1827
33.7750,1827
33.7778,1828
33.7806,1842
33.7833,1848
33.7861,1862
33.7889,1850
33.7917,1838
33.7944,1820
33.7972,1813
33.8000,1813
33.8028,1806
33.8056,1803
33.8083,1809
33.8111,1806
33.8139,1798
33.8167,1784
33.8194,1788
33.8222,1783
33.8250,1785
33.8278,1791
33.8306,1767
33.8333,1746
33.8361,1745
33.8389,1755
33.8417,1766
33.8444,1791
33.8472,1790
33.8500,1787
33.8528,1765
33.8556,1764
33.8583,1761
33.8611,1778
33.8639,1796
33.8667,1805
33.8694,1811
33.8722,1796
33.8750,1798
33.8778,1799
33.8806,1809
33.8833,1822
33.8861,1836
33.8889,1841
33.8917,1841
33.8944,1828
33.8972,1816
33.9000,1824
33.9028,1847
33.9056,1868
33.9083,1886
33.9111,1875
33.9139,1851
33.9167,1851
33.9194,1853
33.9222,1846
33.9250,1820
33.9278,1814
33.9306,1786
33.9333,1782
33.9361,1775
33.9389,1760
33.9417,1748
33.9444,1725
33.9472,1712
33.9500,1723
33.9528,1731
33.9556,1733
33.9583,1744
33.9611,1747
33.9639,1761
33.9667,1756
33.9694,1752
33.9722,1739
33.9750,1741
33.9778,1722
33.9806,1708
33.9833,1700
33.9861,1695
33.9889,1691
33.9917,1684
33.9944,1675
33.9972,1668
34.0000,1675
34.0028,1666
34.0056,1649
34.0083,1629
34.0111,1603
34.0139,1580
34.0167,1597
34.0194,1630
34.0222,1670
34.0250,1718
34.0278,1775
34.0306,1863
34.0333,2018
34.0361,2249
34.0389,2527
34.0417,2781
34.0444,2942
34.0472,2904
34.0500,2711
34.0528,2450
34.0556,2214
34.0583,2014
34.0611,1885
34.0639,1814
34.0667,1798
34.0694,1791
34.0722,1773
34.0750,1728
34.0778,1658
34.0806,1593
34.0833,1555
34.0861,1552
34.0889,1559
34.0917,1580
34.0944,1604
34.0972,1596
34.1000,1577
34.1028,1554
34.1056,1540
34.1083,1546
34.1111,1562
34.1139,1577
34.1167,1593
34.1194,1603
34.1222,1613
34.1250,1606
34.1278,1601
34.1306,1611
34.1333,1618
34.1361,1631
34.1389,1616
34.1417,1596
34.1444,1598
34.1472,1603
34.1500,1618
34.1528,1641
34.1556,1651
34.1583,1644
34.1611,1643
34.1639,1646
34.1667,1664
34.1694,1665
34.1722,1686
34.1750,1687
34.1778,1699
34.1806,1712
34.1833,1726
34.1861,1736
34.1889,1761
34.1917,1791
34.1944,1808
34.1972,1801
34.2000,1790
34.2028,1797
34.2056,1792
34.2083,1801
34.2111,1832
34.2139,1854
34.2167,1848
34.2194,1830
34.2222,1802
34.2250,1784
34.2278,1779
34.2306,1782
34.2333,1789
34.2361,1687
34.2389,1679
34.2417,1687
34.2444,1682
34.2472,1683
34.2500,1686
34.2528,1708
34.2556,1724
34.2583,1737
34.2611,1735
34.2639,1732
34.2667,1731
34.2694,1702
34.2722,1688
34.2750,1696
34.2778,1694
34.2806,1695
34.2833,1687
34.2861,1698
34.2889,1693
34.2917,1704
34.2944,1697
34.2972,1700
34.3000,1700
34.3028,1696
34.3056,1678
34.3083,1670
34.3111,1665
34.3139,1672
34.3167,1669
34.3194,1672
34.3222,1677
34.3250,1671
34.3278,1662
34.3306,1658
34.3333,1659
34.3361,1653
34.3389,1653
34.3417,1661
34.3444,1662
34.3472,1667
34.3500,1681
34.3528,1683
34.3556,1689
34.3583,1684
34.3611,1689
34.3639,1691
34.3667,1698
34.3694,1722
34.3722,1732
34.3750,1747
34.3778,1748
34.3806,1745
34.3833,1727
34.3861,1723
34.3889,1752
34.3917,1786
34.3944,1801
34.3972,1800
34.4000,1798
34.4028,1774
34.4056,1778
34.4083,1777
34.4111,1770
34.4139,1740
34.4167,1698
34.4194,1663
34.4222,1646
34.4250,1635
34.4278,1618
34.4306,1616
34.4333,1615
34.4361,1622
34.4389,1624
34.4417,1618
34.4444,1613
34.4472,1614
34.4500,1620
34.4528,1613
34.4556,1615
34.4583,1610
34.4611,1610
34.4639,1618
34.4667,1630
34.4694,1637
34.4722,1641
34.4750,1636
34.4778,1632
34.4806,1640
34.4833,1640
34.4861,1638
34.4889,1639
34.4917,1631
34.4944,1616
34.4972,1597
34.5000,1569
34.5028,1534
34.5056,1546
34.5083,1589
34.5111,1626
34.5139,1658
34.5167,1716
34.5194,1827
34.5222,2019
34.5250,2296
34.5278,2592
34.5306,2811
34.5333,2901
34.5361,2815
34.5389,2646
34.5417,2470
34.5444,2316
34.5472,2190
34.5500,2086
34.5528,2011
34.5556,1967
34.5583,1943
34.5611,1893
34.5639,1824
34.5667,1734
34.5694,1649
34.5722,1584
34.5750,1557
34.5778,1570
34.5806,1573
34.5833,1584
34.5861,1564
34.5889,1552
34.5917,1550
34.5944,1557
34.5972,1570
34.6000,1592
34.6028,1616
34.6056,1611
34.6083,1608
34.6111,1602
34.6139,1616
34.6167,1614
34.6194,1624
34.6222,1639
34.6250,1635
34.6278,1639
34.6306,1631
34.6333,1647
34.6361,1670
34.6389,1695
34.6417,1709
34.6444,1710
34.6472,1709
34.6500,1715
34.6528,1739
34.6556,1748
34.6583,1764
34.6611,1765
34.6639,1775
34.6667,1782
34.6694,1787
34.6722,1809
34.6750,1828
34.6778,1842
34.6806,1851
34.6833,1863
34.6861,1873
34.6889,1868
34.6917,1879
34.6944,1894
34.6972,1904
34.7000,1891
34.7028,1900
34.7056,1904
34.7083,1907
34.7111,1901
34.7139,1906
34.7167,1919
34.7194,1933
34.7222,1903
34.7250,1899
34.7278,1895
34.7306,1897
34.7333,1901
34.7361,1904
34.7389,1892
34.7417,1892
34.7444,1891
34.7472,1895
34.7500,1913
34.7528,1928
34.7556,1964
34.7583,1983
34.7611,1981
34.7639,1961
34.7667,1927
34.7694,1926
34.7722,1918
34.7750,1929
34.7778,1928
34.7806,1911
34.7833,1909
34.7861,1902
34.7889,1901
34.7917,1927
34.7944,1943
34.7972,1940
34.8000,1911
34.8028,1882
34.8056,1862
34.8083,1852
34.8111,1855
34.8139,1871
34.8167,1890
34.8194,1908
34.8222,1905
34.8250,1898
34.8278,1884
34.8306,1861
34.8333,1847
34.8361,1849
34.8389,1861
34.8417,1878
34.8444,1907
34.8472,1935
34.8500,1945
34.8528,1948
34.8556,1946
34.8583,1951
34.8611,1956
34.8639,1964
34.8667,1962
34.8694,1951
34.8722,1962
34.8750,1976
34.8778,1987
34.8806,2002
34.8833,2011
34.8861,2010
34.8889,1981
34.8917,1970
34.8944,1953
34.8972,1942
34.9000,1926
34.9028,1923
34.9056,1900
34.9083,1866
34.9111,1854
34.9139,1835
34.9167,1833
34.9194,1842
34.9222,1841
34.9250,1842
34.9278,1828
34.9306,1813
34.9333,1802
34.9361,1805
34.9389,1797
34.9417,1807
34.9444,1808
34.9472,1814
34.9500,1808
34.9528,1816
34.9556,1809
34.9583,1795
34.9611,1768
34.9639,1753
34.9667,1751
34.9694,1767
34.9722,1797
34.9750,1802
34.9778,1795
34.9806,1784
34.9833,1753
34.9861,1694
34.9889,1660
34.9917,1661
34.9944,1711
34.9972,1783
35.0000,1838
35.0028,1888
35.0056,1981
35.0083,2139
35.0111,2384
35.0139,2681
35.0167,2953
35.0194,3136
35.0222,3130
35.0250,2924
35.0278,2677
35.0306,2428
35.0333,2218
35.0361,2094
35.0389,2031
35.0417,2017
35.0444,1983
35.0472,1944
35.0500,1884
35.0528,1791
35.0556,1714
35.0583,1664
35.0611,1655
35.0639,1663
35.0667,1687
35.0694,1699
35.0722,1707
35.0750,1698
35.0778,1682
35.0806,1679
35.0833,1688
35.0861,1701
35.0889,1719
35.0917,1715
35.0944,1714
35.0972,1700
35.1000,1685
35.1028,1690
35.1056,1703
35.1083,1731
35.1111,1739
35.1139,1743
35.1167,1741
35.1194,1719
35.1222,1726
35.1250,1731
35.1278,1736
35.1306,1751
35.1333,1766
35.1361,1767
35.1389,1766
35.1417,1766
35.1444,1783
35.1472,1791
35.1500,1813
35.1528,1817
35.1556,1822
35.1583,1825
35.1611,1841
35.1639,1882
35.1667,1905
35.1694,1925
35.1722,1918
35.1750,1926
35.1778,1926
35.1806,1928
35.1833,1937
35.1861,1930
35.1889,1926
35.1917,1928
35.1944,1927
35.1972,1924
35.2000,1920
35.2028,1922
35.2056,1922
35.2083,1917
35.2111,1723
35.2139,1721
35.2167,1705
35.2194,1705
35.2222,1702
35.2250,1707
35.2278,1731
35.2306,1748
35.2333,1765
35.2361,1756
35.2389,1748
35.2417,1735
35.2444,1748
35.2472,1758
35.2500,1777
35.2528,1772
35.2556,1753
35.2583,1740
35.2611,1741
35.2639,1746
35.2667,1774
35.2694,1791
35.2722,1776
35.2750,1764
35.2778,1751
35.2806,1743
35.2833,1738
35.2861,1723
35.2889,1730
35.2917,1738
35.2944,1730
35.2972,1721
35.3000,1709
35.3028,1698
35.3056,1707
35.3083,1707
35.3111,1710
35.3139,1707
35.3167,1701
35.3194,1688
35.3222,1688
35.3250,1703
35.3278,1711
35.3306,1711
35.3333,1723
35.3361,1718
35.3389,1726
35.3417,1732
35.3444,1756
35.3472,1778
35.3500,1795
35.3528,1807
35.3556,1815
35.3583,1818
35.3611,1823
35.3639,1807
35.3667,1805
35.3694,1808
35.3722,1806
35.3750,1806
35.3778,1806
35.3806,1821
35.3833,1823
35.3861,1825
35.3889,1824
35.3917,1823
35.3944,1821
35.3972,1800
35.4000,1778
35.4028,1761
35.4056,1732
35.4083,1711
35.4111,1694
35.4139,1678
35.4167,1676
35.4194,1663
35.4222,1657
35.4250,1663
35.4278,1670
35.4306,1662
35.4333,1666
35.4361,1673
35.4389,1678
35.4417,1672
35.4444,1664
35.4472,1661
35.4500,1661
35.4528,1665
35.4556,1662
35.4583,1675
35.4611,1681
35.4639,1675
35.4667,1675
35.4694,1673
35.4722,1676
35.4750,1661
35.4778,1651
35.4806,1635
35.4833,1608
35.4861,1562
35.4889,1533
35.4917,1535
35.4944,1569
35.4972,1623
35.5000,1680
35.5028,1724
35.5056,1799
35.5083,1940
35.5111,2154
35.5139,2424
35.5167,2675
35.5194,2839
35.5222,2851
35.5250,2683
35.5278,2445
35.5306,2193
35.5333,1992
35.5361,1848
35.5389,1768
35.5417,1761
35.5444,1757
35.5472,1758
35.5500,1734
35.5528,1664
35.5556,1592
35.5583,1547
35.5611,1518
35.5639,1531
35.5667,1564
35.5694,1587
35.5722,1592
35.5750,1572
35.5778,1556
35.5806,1549
35.5833,1544
35.5861,1554
35.5889,1580
35.5917,1574
35.5944,1566
35.5972,1542
35.6000,1536
35.6028,1543
35.6056,1550
35.6083,1574
35.6111,1586
35.6139,1587
35.6167,1584
35.6194,1583
35.6222,1587
35.6250,1596
35.6278,1615
35.6306,1625
35.6333,1623
35.6361,1622
35.6389,1610
35.6417,1630
35.6444,1642
35.6472,1649
35.6500,1658
35.6528,1682
35.6556,1681
35.6583,1681
35.6611,1695
35.6639,1706
35.6667,1719
35.6694,1724
35.6722,1724
35.6750,1728
35.6778,1732
35.6806,1738
35.6833,1746
35.6861,1764
35.6889,1783
35.6917,1794
35.6944,1788
35.6972,1781
35.7000,1763
35.7028,1762
35.7056,1764
35.7083,1758
35.7111,1611
35.7139,1607
35.7167,1601
35.7194,1612
35.7222,1625
35.7250,1637
35.7278,1645
35.7306,1653
35.7333,1649
35.7361,1636
35.7389,1612
35.7417,1615
35.7444,1616
35.7472,1625
35.7500,1633
35.7528,1625
35.7556,1607
35.7583,1600
35.7611,1591
35.7639,1609
35.7667,1627
35.7694,1630
35.7722,1630
35.7750,1604
35.7778,1589
35.7806,1585
35.7833,1589
35.7861,1602
35.7889,1605
35.7917,1591
35.7944,1588
35.7972,1565
35.8000,1559
35.8028,1557
35.8056,1577
35.8083,1583
35.8111,1585
35.8139,1589
35.8167,1580
35.8194,1580
35.8222,1582
35.8250,1579
35.8278,1589
35.8306,1605
35.8333,1606
35.8361,1621
35.8389,1617
35.8417,1618
35.8444,1618
35.8472,1629
35.8500,1638
35.8528,1638
35.8556,1652
35.8583,1658
35.8611,1645
35.8639,1663
35.8667,1649
35.8694,1634
35.8722,1635
35.8750,1638
35.8778,1650
35.8806,1657
35.8833,1668
35.8861,1683
35.8889,1684
35.8917,1687
35.8944,1691
35.8972,1671
35.9000,1632
35.9028,1604
35.9056,1586
35.9083,1567
35.9111,1558
35.9139,1542
35.9167,1545
35.9194,1539
35.9222,1534
35.9250,1523
35.9278,1528
35.9306,1513
35.9333,1494
35.9361,1479
35.9389,1479
35.9417,1490
35.9444,1512
35.9472,1537
35.9500,1541
35.9528,1538
35.9556,1521
35.9583,1514
35.9611,1513
35.9639,1533
35.9667,1540
35.9694,1550
35.9722,1564
35.9750,1577
35.9778,1562
35.9806,1526
35.9833,1481
35.9861,1453
35.9889,1436
35.9917,1462
35.9944,1507
35.9972,1561
36.0000,1593
36.0028,1623
36.0056,1718
36.0083,1868
36.0111,2122
36.0139,2406
36.0167,2623
36.0194,2734
36.0222,2680
36.0250,2544
36.0278,2387
36.0306,2248
36.0333,2107
36.0361,1977
36.0389,1867
36.0417,1822
36.0444,1775
36.0472,1735
36.0500,1682
36.0528,1621
36.0556,1524
36.0583,1456
36.0611,1446
36.0639,1465
36.0667,1477
36.0694,1510
36.0722,1518
36.0750,1499
36.0778,1479
36.0806,1472
36.0833,1469
36.0861,1476
36.0889,1495
36.0917,1507
36.0944,1509
36.0972,1519
36.1000,1516
36.1028,1507
36.1056,1513
36.1083,1539
36.1111,1549
36.1139,1549
36.1167,1539
36.1194,1542
36.1222,1555
36.1250,1563
36.1278,1569
36.1306,1585
36.1333,1598
36.1361,1598
36.1389,1599
36.1417,1602
36.1444,1619
36.1472,1632
36.1500,1645
36.1528,1646
36.1556,1658
36.1583,1658
36.1611,1698
36.1639,1711
36.1667,1724
36.1694,1743
36.1722,1746
36.1750,1756
36.1778,1759
36.1806,1777
36.1833,1785
36.1861,1804
36.1889,1806
36.1917,1804
36.1944,1796
36.1972,1782
36.2000,1792
36.2028,1787
36.2056,1794
36.2083,1757
36.2111,1759
36.2139,1771
36.2167,1761
36.2194,1771
36.2222,1767
36.2250,1786
36.2278,1781
36.2306,1775
36.2333,1771
36.2361,1762
36.2389,1760
36.2417,1761
36.2444,1770
36.2472,1782
36.2500,1792
36.2528,1790
36.2556,1782
36.2583,1768
36.2611,1773
36.2639,1776
36.2667,1779
36.2694,1797
36.2722,1797
36.2750,1802
36.2778,1793
36.2806,1782
36.2833,1763
36.2861,1767
36.2889,1766
36.2917,1778
36.2944,1771
36.2972,1786
36.3000,1790
36.3028,1789
36.3056,1801
36.3083,1815
36.3111,1822
36.3139,1803
36.3167,1793
36.3194,1787
36.3222,1789
36.3250,1807
36.3278,1826
36.3306,1838
36.3333,1846
36.3361,1859
36.3389,1876
36.3417,1894
36.3444,1901
36.3472,1915
36.3500,1918
36.3528,1900
36.3556,1888
36.3583,1888
36.3611,1891
36.3639,1904
36.3667,1927
36.3694,1940
36.3722,1943
36.3750,1937
36.3778,1912
36.3806,1913
36.3833,1901
36.3861,1876
36.3889,1835
36.3917,1804
36.3944,1788
36.3972,1778
36.4000,1779
36.4028,1776
36.4056,1762
36.4083,1744
36.4111,1743
36.4139,1730
36.4167,1729
36.4194,1722
36.4222,1725
36.4250,1725
36.4278,1728
36.4306,1731
36.4333,1721
36.4361,1725
36.4389,1724
36.4417,1741
36.4444,1734
36.4472,1731
36.4500,1723
36.4528,1723
36.4556,1721
36.4583,1724
36.4611,1738
36.4639,1744
36.4667,1743
36.4694,1723
36.4722,1686
36.4750,1645
36.4778,1637
36.4806,1645
36.4833,1692
36.4861,1741
36.4889,1797
36.4917,1863
36.4944,1974
36.4972,2174
36.5000,2454
36.5028,2770
36.5056,3027
36.5083,3150
36.5111,3059
36.5139,2826
36.5167,2574
36.5194,2347
36.5222,2168
36.5250,2051
36.5278,1991
36.5306,1958
36.5333,1939
36.5361,1881
36.5389,1818
36.5417,1726
36.5444,1673
36.5472,1646
36.5500,1643
36.5528,1649
36.5556,1655
36.5583,1652
36.5611,1660
36.5639,1663
36.5667,1654
36.5694,1657
36.5722,1668
36.5750,1677
36.5778,1697
36.5806,1700
36.5833,1686
36.5861,1672
36.5889,1669
36.5917,1690
36.5944,1692
36.5972,1698
36.6000,1694
36.6028,1679
36.6056,1674
36.6083,1650
36.6111,1645
36.6139,1648
36.6167,1662
36.6194,1688
36.6222,1702
36.6250,1697
36.6278,1701
36.6306,1710
36.6333,1720
36.6361,1724
36.6389,1738
36.6417,1736
36.6444,1752
36.6472,1763
36.6500,1779
36.6528,1798
36.6556,1817
36.6583,1843
36.6611,1850
36.6639,1859
36.6667,1875
36.6694,1895
36.6722,1908
36.6750,1908
36.6778,1921
36.6806,1911
36.6833,1905
36.6861,1880
36.6889,1893
36.6917,1885
36.6944,1885
36.6972,1771
36.7000,1772
36.7028,1754
36.7056,1750
36.7083,1753
36.7111,1755
36.7139,1766
36.7167,1765
36.7194,1756
36.7222,1749
36.7250,1740
36.7278,1744
36.7306,1736
36.7333,1744
36.7361,1762
36.7389,1761
36.7417,1741
36.7444,1731
36.7472,1718
36.7500,1711
36.7528,1708
36.7556,1719
36.7583,1726
36.7611,1726
36.7639,1711
36.7667,1704
36.7694,1705
36.7722,1709
36.7750,1723
36.7778,1729
36.7806,1718
36.7833,1699
36.7861,1691
36.7889,1688
36.7917,1689
36.7944,1691
36.7972,1691
36.8000,1684
36.8028,1680
36.8056,1674
36.8083,1647
36.8111,1640
36.8139,1650
36.8167,1666
36.8194,1673
36.8222,1682
36.8250,1709
36.8278,1721
36.8306,1724
36.8333,1705
36.8361,1715
36.8389,1757
36.8417,1796
36.8444,1820
36.8472,1811
36.8500,1808
36.8528,1797
36.8556,1794
36.8583,1792
36.8611,1786
36.8639,1778
36.8667,1760
36.8694,1761
36.8722,1758
36.8750,1757
36.8778,1757
36.8806,1754
36.8833,1733
36.8861,1691
36.8889,1648
36.8917,1623
36.8944,1603
36.8972,1594
36.9000,1569
36.9028,1526
36.9056,1494
36.9083,1486
36.9111,1497
36.9139,1529
36.9167,1539
36.9194,1556
36.9222,1562
36.9250,1558
36.9278,1550
36.9306,1554
36.9333,1557
36.9361,1567
36.9389,1580
36.9417,1578
36.9444,1579
36.9472,1559
36.9500,1546
36.9528,1541
36.9556,1558
36.9583,1566
36.9611,1552
36.9639,1520
36.9667,1497
36.9694,1474
36.9722,1436
36.9750,1408
36.9778,1412
36.9806,1437
36.9833,1489
36.9861,1564
36.9889,1631
36.9917,1719
36.9944,1861
36.9972,2095
37.0000,2361
37.0028,2622
37.0056,2808
37.0083,2841
37.0111,2710
37.0139,2520
37.0167,2349
37.0194,2192
37.0222,2023
37.0250,1877
37.0278,1759
37.0306,1691
37.0333,1642
37.0361,1594
37.0389,1515
37.0417,1457
37.0444,1434
37.0472,1457
37.0500,1481
37.0528,1511
37.0556,1511
37.0583,1494
37.0611,1465
37.0639,1450
37.0667,1450
37.0694,1460
37.0722,1460
37.0750,1469
37.0778,1479
37.0806,1474
37.0833,1475
37.0861,1451
37.0889,1447
37.0917,1455
37.0944,1480
37.0972,1515
37.1000,1522
37.1028,1518
37.1056,1515
37.1083,1530
37.1111,1556
37.1139,1561
37.1167,1569
37.1194,1569
37.1222,1568
37.1250,1561
37.1278,1559
37.1306,1568
37.1333,1573
37.1361,1602
37.1389,1616
37.1417,1619
37.1444,1622
37.1472,1650
37.1500,1685
37.1528,1722
37.1556,1739
37.1583,1731
37.1611,1717
37.1639,1697
37.1667,1695
37.1694,1688
37.1722,1689
37.1750,1717
37.1778,1742
37.1806,1748
37.1833,1762
37.1861,1770
37.1889,1777
37.1917,1757
37.1944,1738
37.1972,1693
37.2000,1693
37.2028,1714
37.2056,1728
37.2083,1712
37.2111,1698
37.2139,1691
37.2167,1697
37.2194,1694
37.2222,1703
37.2250,1717
37.2278,1736
37.2306,1752
37.2333,1771
37.2361,1751
37.2389,1717
37.2417,1702
37.2444,1699
37.2472,1714
37.2500,1735
37.2528,1745
37.2556,1746
37.2583,1747
37.2611,1737
37.2639,1728
37.2667,1723
37.2694,1720
37.2722,1710
37.2750,1685
37.2778,1668
37.2806,1695
37.2833,1736
37.2861,1798
37.2889,1809
37.2917,1793
37.2944,1760
37.2972,1735
37.3000,1718
37.3028,1726
37.3056,1726
37.3083,1725
37.3111,1734
37.3139,1753
37.3167,1770
37.3194,1783
37.3222,1810
37.3250,1843
37.3278,1826
37.3306,1821
37.3333,1831
37.3361,1864
37.3389,1901
37.3417,1927
37.3444,1926
37.3472,1919
37.3500,1900
37.3528,1912
37.3556,1956
37.3583,1985
37.3611,1992
37.3639,1991
37.3667,1950
37.3694,1933
37.3722,1932
37.3750,1938
37.3778,1931
37.3806,1917
37.3833,1881
37.3861,1857
37.3889,1829
37.3917,1820
37.3944,1818
37.3972,1785
37.4000,1761
37.4028,1769
37.4056,1796
37.4083,1820
37.4111,1844
37.4139,1851
37.4167,1844
37.4194,1837
37.4222,1804
37.4250,1764
37.4278,1751
37.4306,1749
37.4333,1774
37.4361,1823
37.4389,1843
37.4417,1833
37.4444,1823
37.4472,1803
37.4500,1790
37.4528,1781
37.4556,1767
37.4583,1748
37.4611,1746
37.4639,1732
37.4667,1717
37.4694,1704
37.4722,1702
37.4750,1703
37.4778,1743
37.4806,1801
37.4833,1862
37.4861,1939
37.4889,2091
37.4917,2356
37.4944,2688
37.4972,2978
37.5000,3148
37.5028,3116
37.5056,2937
37.5083,2719
37.5111,2567
37.5139,2420
37.5167,2274
37.5194,2157
37.5222,2089
37.5250,2067
37.5278,2000
37.5306,1910
37.5333,1813
37.5361,1750
37.5389,1689
37.5417,1657
37.5444,1656
37.5472,1678
37.5500,1667
37.5528,1668
37.5556,1653
37.5583,1634
37.5611,1651
37.5639,1664
37.5667,1659
37.5694,1653
37.5722,1669
37.5750,1706
37.5778,1719
37.5806,1715
37.5833,1679
37.5861,1656
37.5889,1653
37.5917,1676
37.5944,1682
37.5972,1657
37.6000,1617
37.6028,1590
37.6056,1601
37.6083,1642
37.6111,1707
37.6139,1744
37.6167,1737
37.6194,1736
37.6222,1730
37.6250,1712
37.6278,1693
37.6306,1686
37.6333,1687
37.6361,1698
37.6389,1734
37.6417,1759
37.6444,1777
37.6472,1807
37.6500,1817
37.6528,1819
37.6556,1820
37.6583,1816
37.6611,1814
37.6639,1825
37.6667,1825
37.6694,1828
37.6722,1833
37.6750,1852
37.6778,1846
37.6806,1847
37.6833,1847
37.6861,1862
37.6889,1867
37.6917,1795
37.6944,1798
37.6972,1783
37.7000,1755
37.7028,1741
37.7056,1748
37.7083,1766
37.7111,1776
37.7139,1768
37.7167,1762
37.7194,1788
37.7222,1779
37.7250,1781
37.7278,1756
37.7306,1765
37.7333,1780
37.7361,1792
37.7389,1774
37.7417,1760
37.7444,1760
37.7472,1779
37.7500,1780
37.7528,1758
37.7556,1752
37.7583,1723
37.7611,1709
37.7639,1715
37.7667,1748
37.7694,1774
37.7722,1781
37.7750,1771
37.7778,1748
37.7806,1724
37.7833,1706
37.7861,1712
37.7889,1717
37.7917,1712
37.7944,1699
37.7972,1712
37.8000,1727
37.8028,1722
37.8056,1734
37.8083,1733
37.8111,1732
37.8139,1724
37.8167,1706
37.8194,1705
37.8222,1704
37.8250,1724
37.8278,1767
37.8306,1787
37.8333,1804
37.8361,1811
37.8389,1802
37.8417,1790
37.8444,1751
37.8472,1740
37.8500,1768
37.8528,1825
37.8556,1873
37.8583,1900
37.8611,1912
37.8639,1896
37.8667,1871
37.8694,1835
37.8722,1805
37.8750,1772
37.8778,1755
37.8806,1730
37.8833,1725
37.8861,1740
37.8889,1733
37.8917,1714
37.8944,1692
37.8972,1677
37.9000,1663
37.9028,1640
37.9056,1641
37.9083,1637
37.9111,1646
37.9139,1659
37.9167,1669
37.9194,1639
37.9222,1646
37.9250,1647
37.9278,1661
37.9306,1653
37.9333,1625
37.9361,1627
37.9389,1655
37.9417,1667
37.9444,1672
37.9472,1684
37.9500,1670
37.9528,1652
37.9556,1647
37.9583,1639
37.9611,1620
37.9639,1568
37.9667,1515
37.9694,1494
37.9722,1521
37.9750,1582
37.9778,1634
37.9806,1676
37.9833,1743
37.9861,1856
37.9889,2061
37.9917,2377
37.9944,2724
37.9972,2999
38.0000,3101
38.0028,2986
38.0056,2753
38.0083,2498
38.0111,2247
38.0139,2039
38.0167,1913
38.0194,1842
38.0222,1813
38.0250,1779
38.0278,1726
38.0306,1668
38.0333,1601
38.0361,1557
38.0389,1547
38.0417,1547
38.0444,1563
38.0472,1581
38.0500,1579
38.0528,1569
38.0556,1554
38.0583,1531
38.0611,1519
38.0639,1515
38.0667,1532
38.0694,1556
38.0722,1548
38.0750,1533
38.0778,1555
38.0806,1601
38.0833,1650
38.0861,1660
38.0889,1628
38.0917,1591
38.0944,1571
38.0972,1587
38.1000,1609
38.1028,1631
38.1056,1639
38.1083,1657
38.1111,1677
38.1139,1681
38.1167,1645
38.1194,1611
38.1222,1609
38.1250,1642
38.1278,1703
38.1306,1745
38.1333,1747
38.1361,1733
38.1389,1726
38.1417,1725
38.1444,1735
38.1472,1748
38.1500,1764
38.1528,1792
38.1556,1799
38.1583,1805
38.1611,1812
38.1639,1823
38.1667,1830
38.1694,1840
38.1722,1816
38.1750,1812
38.1778,1800
38.1806,1781
38.1833,1770
38.1861,1741
38.1889,1687
38.1917,1679
38.1944,1665
38.1972,1642
38.2000,1648
38.2028,1648
38.2056,1681
38.2083,1708
38.2111,1710
38.2139,1675
38.2167,1631
38.2194,1621
38.2222,1624
38.2250,1653
38.2278,1677
38.2306,1692
38.2333,1696
38.2361,1662
38.2389,1628
38.2417,1620
38.2444,1619
38.2472,1630
38.2500,1629
38.2528,1635
38.2556,1631
38.2583,1625
38.2611,1630
38.2639,1630
38.2667,1631
38.2694,1641
38.2722,1647
38.2750,1638
38.2778,1631
38.2806,1629
38.2833,1625
38.2861,1611
38.2889,1599
38.2917,1591
38.2944,1589
38.2972,1589
38.3000,1569
38.3028,1561
38.3056,1568
38.3083,1605
38.3111,1617
38.3139,1603
38.3167,1585
38.3194,1593
38.3222,1604
38.3250,1614
38.3278,1626
38.3306,1634
38.3333,1651
38.3361,1665
38.3389,1669
38.3417,1671
38.3444,1660
38.3472,1650
38.3500,1648
38.3528,1651
38.3556,1661
38.3583,1670
38.3611,1677
38.3639,1712
38.3667,1720
38.3694,1708
38.3722,1697
38.3750,1694
38.3778,1690
38.3806,1688
38.3833,1645
38.3861,1608
38.3889,1579
38.3917,1574
38.3944,1564
38.3972,1557
38.4000,1546
38.4028,1555
38.4056,1561
38.4083,1566
38.4111,1556
38.4139,1535
38.4167,1534
38.4194,1530
38.4222,1536
38.4250,1539
38.4278,1549
38.4306,1539
38.4333,1537
38.4361,1544
38.4389,1548
38.4417,1553
38.4444,1554
38.4472,1556
38.4500,1565
38.4528,1566
38.4556,1546
38.4583,1521
38.4611,1509
38.4639,1498
38.4667,1490
38.4694,1471
38.4722,1456
38.4750,1456
38.4778,1468
38.4806,1511
38.4833,1543
38.4861,1602
38.4889,1686
38.4917,1852
38.4944,2099
38.4972,2395
38.5000,2632
38.5028,2751
38.5056,2718
38.5083,2568
38.5111,2385
38.5139,2198
38.5167,2038
38.5194,1897
38.5222,1795
38.5250,1745
38.5278,1729
38.5306,1706
38.5333,1651
38.5361,1569
38.5389,1494
38.5417,1436
38.5444,1415
38.5472,1415
38.5500,1425
38.5528,1413
38.5556,1415
38.5583,1400
38.5611,1395
38.5639,1409
38.5667,1438
38.5694,1445
38.5722,1443
38.5750,1427
38.5778,1402
38.5806,1402
38.5833,1403
38.5861,1425
38.5889,1438
38.5917,1451
38.5944,1446
38.5972,1443
38.6000,1443
38.6028,1458
38.6056,1481
38.6083,1489
38.6111,1491
38.6139,1479
38.6167,1463
38.6194,1446
38.6222,1472
38.6250,1498
38.6278,1526
38.6306,1534
38.6333,1536
38.6361,1526
38.6389,1517
38.6417,1513
38.6444,1518
38.6472,1526
38.6500,1558
38.6528,1615
38.6556,1658
38.6583,1673
38.6611,1677
38.6639,1652
38.6667,1629
38.6694,1630
38.6722,1642
38.6750,1671
38.6778,1679
38.6806,1670
38.6833,1657
38.6861,1640
38.6889,1628
38.6917,1581
38.6944,1573
38.6972,1568
38.7000,1563
38.7028,1575
38.7056,1589
38.7083,1600
38.7111,1619
38.7139,1614
38.7167,1609
38.7194,1597
38.7222,1600
38.7250,1610
38.7278,1617
38.7306,1621
38.7333,1620
38.7361,1633
38.7389,1632
38.7417,1625
38.7444,1634
38.7472,1650
38.7500,1655
38.7528,1666
38.7556,1664
38.7583,1640
38.7611,1621
38.7639,1624
38.7667,1618
38.7694,1616
38.7722,1616
38.7750,1600
38.7778,1616
38.7806,1617
38.7833,1631
38.7861,1625
38.7889,1623
38.7917,1618
38.7944,1620
38.7972,1620
38.8000,1627
38.8028,1634
38.8056,1654
38.8083,1685
38.8111,1687
38.8139,1706
38.8167,1712
38.8194,1709
38.8222,1709
38.8250,1715
38.8278,1734
38.8306,1753
38.8333,1729
38.8361,1701
38.8389,1695
38.8417,1725
38.8444,1763
38.8472,1766
38.8500,1752
38.8528,1738
38.8556,1754
38.8583,1765
38.8611,1761
38.8639,1738
38.8667,1707
38.8694,1679
38.8722,1680
38.8750,1674
38.8778,1666
38.8806,1663
38.8833,1659
38.8861,1653
38.8889,1653
38.8917,1641
38.8944,1627
38.8972,1614
38.9000,1608
38.9028,1605
38.9056,1614
38.9083,1624
38.9111,1640
38.9139,1654
38.9167,1665
38.9194,1653
38.9222,1634
38.9250,1620
38.9278,1616
38.9306,1635
38.9333,1655
38.9361,1677
38.9389,1675
38.9417,1654
38.9444,1625
38.9472,1604
38.9500,1574
38.9528,1566
38.9556,1559
38.9583,1563
38.9611,1596
38.9639,1644
38.9667,1705
38.9694,1792
38.9722,1934
38.9750,2147
38.9778,2450
38.9806,2732
38.9833,2933
38.9861,2951
38.9889,2808
38.9917,2611
38.9944,2409
38.9972,2241
39.0000,2089
39.0028,1990
39.0056,1924
39.0083,1911
39.0111,1889
39.0139,1834
39.0167,1759
39.0194,1668
39.0222,1616
39.0250,1599
39.0278,1606
39.0306,1619
39.0333,1605
39.0361,1597
39.0389,1577
39.0417,1579
39.0444,1588
39.0472,1613
39.0500,1648
39.0528,1673
39.0556,1662
39.0583,1647
39.0611,1632
39.0639,1626
39.0667,1618
39.0694,1623
39.0722,1633
39.0750,1648
39.0778,1656
39.0806,1647
39.0833,1630
39.0861,1637
39.0889,1663
39.0917,1682
39.0944,1699
39.0972,1716
39.1000,1717
39.1028,1725
39.1056,1719
39.1083,1714
39.1111,1712
39.1139,1733
39.1167,1753
39.1194,1763
39.1222,1764
39.1250,1784
39.1278,1780
39.1306,1790
39.1333,1787
39.1361,1797
39.1389,1822
39.1417,1825
39.1444,1844
39.1472,1849
39.1500,1864
39.1528,1869
39.1556,1860
39.1583,1813
39.1611,1783
39.1639,1783
39.1667,1822
39.1694,1850
39.1722,1851
39.1750,1719
39.1778,1709
39.1806,1693
39.1833,1714
39.1861,1734
39.1889,1734
39.1917,1745
39.1944,1749
39.1972,1759
39.2000,1751
39.2028,1745
39.2056,1751
39.2083,1751
39.2111,1757
39.2139,1769
39.2167,1767
39.2194,1762
39.2222,1758
39.2250,1769
39.2278,1775
39.2306,1768
39.2333,1765
39.2361,1759
39.2389,1767
39.2417,1764
39.2444,1764
39.2472,1748
39.2500,1747
39.2528,1737
39.2556,1734
39.2583,1734
39.2611,1715
39.2639,1715
39.2667,1697
39.2694,1694
39.2722,1685
39.2750,1685
39.2778,1685
39.2806,1687
39.2833,1683
39.2861,1697
39.2889,1723
39.2917,1757
39.2944,1783
39.2972,1786
39.3000,1790
39.3028,1788
39.3056,1799
39.3083,1811
39.3111,1816
39.3139,1831
39.3167,1814
39.3194,1808
39.3222,1802
39.3250,1812
39.3278,1833
39.3306,1856
39.3333,1856
39.3361,1868
39.3389,1846
39.3417,1828
39.3444,1822
39.3472,1804
39.3500,1761
39.3528,1719
39.3556,1695
39.3583,1689
39.3611,1692
39.3639,1698
39.3667,1687
39.3694,1695
39.3722,1687
39.3750,1654
39.3778,1656
39.3806,1662
39.3833,1659
39.3861,1658
39.3889,1677
39.3917,1694
39.3944,1700
39.3972,1709
39.4000,1710
39.4028,1702
39.4056,1703
39.4083,1712
39.4111,1722
39.4139,1728
39.4167,1728
39.4194,1726
39.4222,1731
39.4250,1730
39.4278,1705
39.4306,1695
39.4333,1652
39.4361,1609
39.4389,1591
39.4417,1570
39.4444,1589
39.4472,1638
39.4500,1699
39.4528,1768
39.4556,1855
39.4583,2007
39.4611,2236
39.4639,2552
39.4667,2870
39.4694,3137
39.4722,3234
39.4750,3097
39.4778,2827
39.4806,2536
39.4833,2281
39.4861,2080
39.4889,1961
39.4917,1905
39.4944,1888
39.4972,1881
39.5000,1844
39.5028,1773
39.5056,1705
39.5083,1638
39.5111,1617
39.5139,1613
39.5167,1625
39.5194,1640
39.5222,1643
39.5250,1636
39.5278,1626
39.5306,1632
39.5333,1628
39.5361,1634
39.5389,1649
39.5417,1671
39.5444,1677
39.5472,1675
39.5500,1680
39.5528,1681
39.5556,1689
39.5583,1700
39.5611,1713
39.5639,1724
39.5667,1695
39.5694,1665
39.5722,1656
39.5750,1650
39.5778,1662
39.5806,1674
39.5833,1674
39.5861,1669
39.5889,1664
39.5917,1674
39.5944,1697
39.5972,1715
39.6000,1717
39.6028,1729
39.6056,1739
39.6083,1749
39.6111,1768
39.6139,1785
39.6167,1819
39.6194,1848
39.6222,1885
39.6250,1901
39.6278,1898
39.6306,1901
39.6333,1909
39.6361,1921
39.6389,1917
39.6417,1904
39.6444,1885
39.6472,1869
39.6500,1878
39.6528,1887
39.6556,1886
39.6583,1890
39.6611,1743
39.6639,1746
39.6667,1749
39.6694,1745
39.6722,1731
39.6750,1714
39.6778,1712
39.6806,1693
39.6833,1688
39.6861,1701
39.6889,1715
39.6917,1718
39.6944,1738
39.6972,1755
39.7000,1759
39.7028,1779
39.7056,1781
39.7083,1762
39.7111,1738
39.7139,1736
39.7167,1740
39.7194,1740
39.7222,1740
39.7250,1723
39.7278,1698
39.7306,1698
39.7333,1696
39.7361,1711
39.7389,1725
39.7417,1721
39.7444,1724
39.7472,1733
39.7500,1723
39.7528,1702
39.7556,1692
39.7583,1674
39.7611,1651
39.7639,1654
39.7667,1657
39.7694,1645
39.7722,1646
39.7750,1667
39.7778,1703
39.7806,1740
39.7833,1771
39.7861,1796
39.7889,1808
39.7917,1793
39.7944,1790
39.7972,1778
39.8000,1772
39.8028,1772
39.8056,1762
39.8083,1757
39.8111,1760
39.8139,1770
39.8167,1806
39.8194,1831
39.8222,1840
39.8250,1844
39.8278,1842
39.8306,1822
39.8333,1791
39.8361,1752
39.8389,1704
39.8417,1683
39.8444,1663
39.8472,1650
39.8500,1630
39.8528,1615
39.8556,1612
39.8583,1610
39.8611,1608
39.8639,1614
39.8667,1620
39.8694,1621
39.8722,1618
39.8750,1614
39.8778,1604
39.8806,1613
39.8833,1606
39.8861,1599
39.8889,1613
39.8917,1615
39.8944,1629
39.8972,1632
39.9000,1635
39.9028,1629
39.9056,1621
39.9083,1632
39.9111,1643
39.9139,1625
39.9167,1614
39.9194,1602
39.9222,1580
39.9250,1539
39.9278,1503
39.9306,1513
39.9333,1549
39.9361,1607
39.9389,1683
39.9417,1780
39.9444,1929
39.9472,2181
39.9500,2451
39.9528,2752
39.9556,2952
39.9583,2990
39.9611,2845
39.9639,2639
39.9667,2402
39.9694,2182
39.9722,2004
39.9750,1890
39.9778,1823
39.9806,1795
39.9833,1775
39.9861,1735
39.9889,1681
39.9917,1614
39.9944,1565
39.9972,1543
40.0000,1547
40.0028,1564
40.0056,1566
40.0083,1563
40.0111,1563
40.0139,1571
40.0167,1578
40.0194,1579
40.0222,1591
40.0250,1587
40.0278,1577
40.0306,1570
40.0333,1554
40.0361,1553
40.0389,1565
40.0417,1576
40.0444,1598
40.0472,1599
40.0500,1585
40.0528,1574
40.0556,1564
40.0583,1556
40.0611,1561
40.0639,1576
40.0667,1600
40.0694,1606
40.0722,1606
40.0750,1609
40.0778,1636
40.0806,1662
40.0833,1660
40.0861,1665
40.0889,1666
40.0917,1694
40.0944,1727
40.0972,1748
40.1000,1772
40.1028,1788
40.1056,1794
40.1083,1779
40.1111,1763
40.1139,1755
40.1167,1753
40.1194,1776
40.1222,1774
40.1250,1787
40.1278,1791
40.1306,1801
40.1333,1809
40.1361,1804
40.1389,1794
40.1417,1798
40.1444,1798
40.1472,1763
40.1500,1757
40.1528,1759
40.1556,1738
40.1583,1750
40.1611,1768
40.1639,1770
40.1667,1749
40.1694,1747
40.1722,1740
40.1750,1730
40.1778,1732
40.1806,1727
40.1833,1734
40.1861,1725
40.1889,1720
40.1917,1708
40.1944,1690
40.1972,1680
40.2000,1688
40.2028,1693
40.2056,1695
40.2083,1692
40.2111,1692
40.2139,1696
40.2167,1695
40.2194,1694
40.2222,1710
40.2250,1711
40.2278,1731
40.2306,1726
40.2333,1714
40.2361,1713
40.2389,1708
40.2417,1706
40.2444,1711
40.2472,1724
40.2500,1754
40.2528,1748
40.2556,1751
40.2583,1750
40.2611,1763
40.2639,1776
40.2667,1789
40.2694,1778
40.2722,1757
40.2750,1751
40.2778,1729
40.2806,1743
40.2833,1747
40.2861,1776
40.2889,1818
40.2917,1842
40.2944,1843
40.2972,1834
40.3000,1839
40.3028,1839
40.3056,1826
40.3083,1794
40.3111,1755
40.3139,1706
40.3167,1682
40.3194,1674
40.3222,1663
40.3250,1646
40.3278,1648
40.3306,1635
40.3333,1643
40.3361,1652
40.3389,1644
40.3417,1645
40.3444,1651
40.3472,1653
40.3500,1638
40.3528,1640
40.3556,1630
40.3583,1627
40.3611,1616
40.3639,1613
40.3667,1611
40.3694,1603
40.3722,1591
40.3750,1588
40.3778,1591
40.3806,1595
40.3833,1586
40.3861,1565
40.3889,1548
40.3917,1495
40.3944,1452
40.3972,1430
40.4000,1448
40.4028,1494
40.4056,1565
40.4083,1622
40.4111,1691
40.4139,1793
40.4167,1952
40.4194,2188
40.4222,2479
40.4250,2749
40.4278,2910
40.4306,2882
40.4333,2698
40.4361,2465
40.4389,2238
40.4417,2066
40.4444,1931
40.4472,1840
40.4500,1800
40.4528,1765
40.4556,1730
40.4583,1683
40.4611,1609
40.4639,1535
40.4667,1472
40.4694,1446
40.4722,1442
40.4750,1445
40.4778,1456
40.4806,1461
40.4833,1450
40.4861,1432
40.4889,1436
40.4917,1447
40.4944,1473
40.4972,1476
40.5000,1483
40.5028,1465
40.5056,1448
40.5083,1441
40.5111,1437
40.5139,1456
40.5167,1476
40.5194,1486
40.5222,1491
40.5250,1481
40.5278,1484
40.5306,1489
40.5333,1496
40.5361,1503
40.5389,1505
40.5417,1502
40.5444,1508
40.5472,1501
40.5500,1501
40.5528,1512
40.5556,1516
40.5583,1534
40.5611,1543
40.5639,1548
40.5667,1579
40.5694,1590
40.5722,1608
40.5750,1627
40.5778,1644
40.5806,1656
40.5833,1663
40.5861,1670
40.5889,1669
40.5917,1683
40.5944,1682
40.5972,1697
40.6000,1689
40.6028,1676
40.6056,1660
40.6083,1644
40.6111,1646
40.6139,1653
40.6167,1658
40.6194,1579
40.6222,1592
40.6250,1581
40.6278,1590
40.6306,1598
40.6333,1604
40.6361,1605
40.6389,1614
40.6417,1603
40.6444,1586
40.6472,1593
40.6500,1612
40.6528,1623
40.6556,1642
40.6583,1642
40.6611,1637
40.6639,1624
40.6667,1617
40.6694,1607
40.6722,1601
40.6750,1608
40.6778,1605
40.6806,1603
40.6833,1597
40.6861,1585
40.6889,1593
40.6917,1601
40.6944,1611
40.6972,1599
40.7000,1597
40.7028,1599
40.7056,1610
40.7083,1607
40.7111,1621
40.7139,1641
40.7167,1651
40.7194,1645
40.7222,1631
40.7250,1617
40.7278,1610
40.7306,1605
40.7333,1609
40.7361,1622
40.7389,1635
40.7417,1676
40.7444,1691
40.7472,1698
40.7500,1690
40.7528,1667
40.7556,1654
40.7583,1655
40.7611,1637
40.7639,1601
40.7667,1559
40.7694,1516
40.7722,1494
40.7750,1494
40.7778,1502
40.7806,1515
40.7833,1523
40.7861,1532
40.7889,1541
40.7917,1548
40.7944,1559
40.7972,1561
40.8000,1549
40.8028,1545
40.8056,1534
40.8083,1529
40.8111,1522
40.8139,1520
40.8167,1530
40.8194,1557
40.8222,1564
40.8250,1578
40.8278,1576
40.8306,1594
40.8333,1590
40.8361,1584
40.8389,1578
40.8417,1577
40.8444,1551
40.8472,1533
40.8500,1487
40.8528,1473
40.8556,1491
40.8583,1523
40.8611,1562
40.8639,1601
40.8667,1658
40.8694,1738
40.8722,1904
40.8750,2169
40.8778,2490
40.8806,2771
40.8833,2934
40.8861,2921
40.8889,2758
40.8917,2574
40.8944,2396
40.8972,2242
40.9000,2116
40.9028,2012
40.9056,1945
40.9083,1918
40.9111,1874
40.9139,1813
40.9167,1730
40.9194,1637
40.9222,1560
40.9250,1526
40.9278,1524
40.9306,1533
40.9333,1554
40.9361,1559
40.9389,1564
40.9417,1567
40.9444,1562
40.9472,1556
40.9500,1552
40.9528,1555
40.9556,1565
40.9583,1565
40.9611,1573
40.9639,1581
40.9667,1595
40.9694,1608
40.9722,1621
40.9750,1625
40.9778,1624
40.9806,1626
40.9833,1624
40.9861,1628
40.9889,1645
40.9917,1658
40.9944,1679
40.9972,1673
41.0000,1678
41.0028,1676
41.0056,1686
41.0083,1707
41.0111,1714
41.0139,1720
41.0167,1722
41.0194,1716
41.0222,1732
41.0250,1751
41.0278,1762
41.0306,1779
41.0333,1797
41.0361,1787
41.0389,1798
41.0417,1805
41.0444,1807
41.0472,1818
41.0500,1826
41.0528,1822
41.0556,1832
41.0583,1827
41.0611,1843
41.0639,1827
41.0667,1832
41.0694,1827
41.0722,1833
41.0750,1826
41.0778,1823
41.0806,1818
41.0833,1822
41.0861,1825
41.0889,1832
41.0917,1838
41.0944,1832
41.0972,1823
41.1000,1813
41.1028,1816
41.1056,1822
41.1083,1827
41.1111,1841
41.1139,1846
41.1167,1840
41.1194,1824
41.1222,1829
41.1250,1827
41.1278,1835
41.1306,1843
41.1333,1841
41.1361,1830
41.1389,1811
41.1417,1798
41.1444,1787
41.1472,1805
41.1500,1815
41.1528,1839
41.1556,1862
41.1583,1859
41.1611,1868
41.1639,1873
41.1667,1876
41.1694,1884
41.1722,1892
41.1750,1891
41.1778,1907
41.1806,1913
41.1833,1908
41.1861,1894
41.1889,1886
41.1917,1885
41.1944,1910
41.1972,1923
41.2000,1941
41.2028,1948
41.2056,1938
41.2083,1944
41.2111,1939
41.2139,1925
41.2167,1899
41.2194,1858
41.2222,1826
41.2250,1805
41.2278,1800
41.2306,1797
41.2333,1785
41.2361,1761
41.2389,1749
41.2417,1728
41.2444,1723
41.2472,1723
41.2500,1736
41.2528,1736
41.2556,1734
41.2583,1724
41.2611,1736
41.2639,1734
41.2667,1733
41.2694,1745
41.2722,1758
41.2750,1756
41.2778,1746
41.2806,1740
41.2833,1723
41.2861,1733
41.2889,1733
41.2917,1741
41.2944,1758
41.2972,1741
41.3000,1731
41.3028,1707
41.3056,1678
41.3083,1651
41.3111,1659
41.3139,1670
41.3167,1715
41.3194,1757
41.3222,1812
41.3250,1900
41.3278,2053
41.3306,2320
41.3333,2633
41.3361,2969
41.3389,3218
41.3417,3281
41.3444,3139
41.3472,2872
41.3500,2589
41.3528,2331
41.3556,2144
41.3583,2035
41.3611,1987
41.3639,1948
41.3667,1928
41.3694,1880
41.3722,1808
41.3750,1737
41.3778,1673
41.3806,1637
41.3833,1628
41.3861,1647
41.3889,1657
41.3917,1660
41.3944,1658
41.3972,1653
41.4000,1645
41.4028,1641
41.4056,1638
41.4083,1637
41.4111,1637
41.4139,1639
41.4167,1641
41.4194,1640
41.4222,1632
41.4250,1642
41.4278,1661
41.4306,1665
41.4333,1674
41.4361,1682
41.4389,1672
41.4417,1678
41.4444,1685
41.4472,1705
41.4500,1714
41.4528,1706
41.4556,1712
41.4583,1705
41.4611,1700
41.4639,1704
41.4667,1706
41.4694,1719
41.4722,1731
41.4750,1727
41.4778,1721
41.4806,1726
41.4833,1749
41.4861,1775
41.4889,1817
41.4917,1848
41.4944,1860
41.4972,1860
41.5000,1852
41.5028,1869
41.5056,1894
41.5083,1913
41.5111,1918
41.5139,1905
41.5167,1891
41.5194,1883
41.5222,1868
41.5250,1882
41.5278,1895
41.5306,1821
41.5333,1819
41.5361,1827
41.5389,1809
41.5417,1817
41.5444,1828
41.5472,1832
41.5500,1832
41.5528,1809
41.5556,1811
41.5583,1806
41.5611,1805
41.5639,1806
41.5667,1806
41.5694,1795
41.5722,1789
41.5750,1788
41.5778,1786
41.5806,1806
41.5833,1802
41.5861,1792
41.5889,1798
41.5917,1804
41.5944,1818
41.5972,1803
41.6000,1800
41.6028,1800
41.6056,1806
41.6083,1810
41.6111,1817
41.6139,1819
41.6167,1786
41.6194,1757
41.6222,1755
41.6250,1763
41.6278,1784
41.6306,1826
41.6333,1879
41.6361,1932
41.6389,1961
41.6417,1925
41.6444,1867
41.6472,1835
41.6500,1832
41.6528,1830
41.6556,1849
41.6583,1854
41.6611,1853
41.6639,1880
41.6667,1925
41.6694,1949
41.6722,1945
41.6750,1914
41.6778,1875
41.6806,1843
41.6833,1827
41.6861,1825
41.6889,1793
41.6917,1774
41.6944,1767
41.6972,1786
41.7000,1817
41.7028,1849
41.7056,1824
41.7083,1776
41.7111,1711
41.7139,1669
41.7167,1629
41.7194,1610
41.7222,1621
41.7250,1644
41.7278,1675
41.7306,1697
41.7333,1703
41.7361,1706
41.7389,1692
41.7417,1658
41.7444,1633
41.7472,1632
41.7500,1622
41.7528,1644
41.7556,1660
41.7583,1670
41.7611,1664
41.7639,1679
41.7667,1696
41.7694,1700
41.7722,1695
41.7750,1655
41.7778,1614
41.7806,1579
41.7833,1577
41.7861,1610
41.7889,1645
41.7917,1696
41.7944,1783
41.7972,1920
41.8000,2152
41.8028,2448
41.8056,2756
41.8083,3009
41.8111,3121
41.8139,3008
41.8167,2750
41.8194,2473
41.8222,2237
41.8250,2074
41.8278,1974
41.8306,1923
41.8333,1898
41.8361,1874
41.8389,1849
41.8417,1778
41.8444,1688
41.8472,1623
41.8500,1589
41.8528,1588
41.8556,1589
41.8583,1576
41.8611,1552
41.8639,1557
41.8667,1562
41.8694,1569
41.8722,1575
41.8750,1582
41.8778,1603
41.8806,1616
41.8833,1620
41.8861,1614
41.8889,1601
41.8917,1589
41.8944,1596
41.8972,1612
41.9000,1622
41.9028,1620
41.9056,1612
41.9083,1610
41.9111,1624
41.9139,1635
41.9167,1625
41.9194,1615
41.9222,1599
41.9250,1604
41.9278,1595
41.9306,1592
41.9333,1594
41.9361,1619
41.9389,1646
41.9417,1671
41.9444,1681
41.9472,1683
41.9500,1677
41.9528,1678
41.9556,1679
41.9583,1697
41.9611,1708
41.9639,1725
41.9667,1728
41.9694,1728
41.9722,1727
41.9750,1734
41.9778,1737
41.9806,1745
41.9833,1736
41.9861,1735
41.9889,1719
41.9917,1700
41.9944,1687
41.9972,1690
42.0000,1643
42.0028,1636
42.0056,1640
42.0083,1639
42.0111,1647
42.0139,1649
42.0167,1646
42.0194,1646
42.0222,1637
42.0250,1632
42.0278,1630
42.0306,1618
42.0333,1613
42.0361,1615
42.0389,1623
42.0417,1620
42.0444,1621
42.0472,1622
42.0500,1606
42.0528,1596
42.0556,1590
42.0583,1582
42.0611,1588
42.0639,1564
42.0667,1550
42.0694,1535
42.0722,1519
42.0750,1522
42.0778,1521
42.0806,1519
42.0833,1528
42.0861,1541
42.0889,1550
42.0917,1541
42.0944,1529
42.0972,1524
42.1000,1518
42.1028,1498
42.1056,1485
42.1083,1493
42.1111,1499
42.1139,1523
42.1167,1547
42.1194,1578
42.1222,1604
42.1250,1635
42.1278,1640
42.1306,1640
42.1333,1637
42.1361,1642
42.1389,1648
42.1417,1641
42.1444,1634
42.1472,1624
42.1500,1617
42.1528,1615
42.1556,1629
42.1583,1654
42.1611,1689
42.1639,1693
42.1667,1685
42.1694,1694
42.1722,1686
42.1750,1692
42.1778,1666
42.1806,1630
42.1833,1591
42.1861,1559
42.1889,1550
42.1917,1532
42.1944,1511
42.1972,1500
42.2000,1494
42.2028,1482
42.2056,1485
42.2083,1473
42.2111,1473
42.2139,1489
42.2167,1512
42.2194,1520
42.2222,1524
42.2250,1534
42.2278,1526
42.2306,1512
42.2333,1495
42.2361,1509
42.2389,1505
42.2417,1497
42.2444,1490
42.2472,1485
42.2500,1489
42.2528,1501
42.2556,1500
42.2583,1501
42.2611,1483
42.2639,1443
42.2667,1407
42.2694,1368
42.2722,1390
42.2750,1431
42.2778,1480
42.2806,1539
42.2833,1593
42.2861,1690
42.2889,1871
42.2917,2152
42.2944,2444
42.2972,2683
42.3000,2778
42.3028,2710
42.3056,2544
42.3083,2364
42.3111,2196
42.3139,2037
42.3167,1911
42.3194,1823
42.3222,1765
42.3250,1737
42.3278,1693
42.3306,1648
42.3333,1579
42.3361,1487
42.3389,1435
42.3417,1421
42.3444,1422
42.3472,1427
42.3500,1432
42.3528,1406
42.3556,1387
42.3583,1392
42.3611,1397
42.3639,1421
42.3667,1448
42.3694,1451
42.3722,1458
42.3750,1445
42.3778,1451
42.3806,1452
42.3833,1463
42.3861,1458
42.3889,1476
42.3917,1454
42.3944,1453
42.3972,1455
42.4000,1467
42.4028,1485
42.4056,1497
42.4083,1513
42.4111,1518
42.4139,1513
42.4167,1502
42.4194,1497
42.4222,1504
42.4250,1512
42.4278,1517
42.4306,1493
42.4333,1493
42.4361,1513
42.4389,1525
42.4417,1542
42.4444,1575
42.4472,1599
42.4500,1620
42.4528,1645
42.4556,1665
42.4583,1679
42.4611,1689
42.4639,1688
42.4667,1696
42.4694,1686
42.4722,1694
42.4750,1698
42.4778,1691
42.4806,1693
42.4833,1704
42.4861,1704
42.4889,1717
42.4917,1707
42.4944,1707
42.4972,1695
42.5000,1702
42.5028,1695
42.5056,1704
42.5083,1715
42.5111,1732
42.5139,1713
42.5167,1711
42.5194,1715
42.5222,1724
42.5250,1735
42.5278,1747
42.5306,1744
42.5333,1740
42.5361,1726
42.5389,1730
42.5417,1727
42.5444,1721
42.5472,1723
42.5500,1719
42.5528,1722
42.5556,1722
42.5583,1722
42.5611,1714
42.5639,1716
42.5667,1713
42.5694,1732
42.5722,1730
42.5750,1717
42.5778,1708
42.5806,1711
42.5833,1725
42.5861,1734
42.5889,1737
42.5917,1741
42.5944,1747
42.5972,1771
42.6000,1786
42.6028,1798
42.6056,1800
42.6083,1808
42.6111,1817
42.6139,1840
42.6167,1841
42.6194,1859
42.6222,1861
42.6250,1854
42.6278,1855
42.6306,1866
42.6333,1886
42.6361,1897
42.6389,1905
42.6417,1915
42.6444,1906
42.6472,1903
42.6500,1892
42.6528,1878
42.6556,1832
42.6583,1797
42.6611,1768
42.6639,1758
42.6667,1746
42.6694,1732
42.6722,1726
42.6750,1715
42.6778,1707
42.6806,1702
42.6833,1706
42.6861,1712
42.6889,1724
42.6917,1723
42.6944,1720
42.6972,1715
42.7000,1710
42.7028,1717
42.7056,1720
42.7083,1722
42.7111,1713
42.7139,1713
42.7167,1700
42.7194,1695
42.7222,1709
42.7250,1708
42.7278,1690
42.7306,1678
42.7333,1665
42.7361,1657
42.7389,1640
42.7417,1625
42.7444,1595
42.7472,1592
42.7500,1627
42.7528,1657
42.7556,1705
42.7583,1749
42.7611,1843
42.7639,1998
42.7667,2251
42.7694,2577
42.7722,2901
42.7750,3159
42.7778,3234
42.7806,3095
42.7833,2833
42.7861,2567
42.7889,2332
42.7917,2144
42.7944,2018
42.7972,1954
42.8000,1941
42.8028,1924
42.8056,1883
42.8083,1829
42.8111,1735
42.8139,1657
42.8167,1605
42.8194,1603
42.8222,1630
42.8250,1666
42.8278,1666
42.8306,1658
42.8333,1644
42.8361,1640
42.8389,1643
42.8417,1651
42.8444,1665
42.8472,1684
42.8500,1690
42.8528,1675
42.8556,1673
42.8583,1673
42.8611,1678
42.8639,1681
42.8667,1692
42.8694,1705
42.8722,1704
42.8750,1714
42.8778,1710
42.8806,1712
42.8833,1720
42.8861,1733
42.8889,1741
42.8917,1738
42.8944,1740
42.8972,1738
42.9000,1743
42.9028,1757
42.9056,1772
42.9083,1783
42.9111,1790
42.9139,1802
42.9167,1804
42.9194,1811
42.9222,1834
42.9250,1846
42.9278,1855
42.9306,1865
42.9333,1856
42.9361,1847
42.9389,1855
42.9417,1867
42.9444,1875
42.9472,1880
42.9500,1885
42.9528,1891
42.9556,1878
42.9583,1872
42.9611,1866
42.9639,1858
42.9667,1787
42.9694,1791
42.9722,1790
42.9750,1782
42.9778,1785
42.9806,1787
42.9833,1786
42.9861,1799
42.9889,1807
42.9917,1793
42.9944,1793
42.9972,1781
43.0000,1779
43.0028,1780
43.0056,1772
43.0083,1763
43.0111,1750
43.0139,1760
43.0167,1775
43.0194,1774
43.0222,1783
43.0250,1775
43.0278,1754
43.0306,1736
43.0333,1732
43.0361,1717
43.0389,1718
43.0417,1715
43.0444,1722
43.0472,1727
43.0500,1707
43.0528,1678
43.0556,1654
43.0583,1657
43.0611,1669
43.0639,1692
43.0667,1699
43.0694,1709
43.0722,1717
43.0750,1704
43.0778,1721
43.0806,1724
43.0833,1739
43.0861,1754
43.0889,1765
43.0917,1785
43.0944,1797
43.0972,1807
43.1000,1810
43.1028,1819
43.1056,1828
43.1083,1825
43.1111,1822
43.1139,1836
43.1167,1842
43.1194,1852
43.1222,1856
43.1250,1876
43.1278,1885
43.1306,1907
43.1333,1904
43.1361,1903
43.1389,1900
43.1417,1882
43.1444,1857
43.1472,1827
43.1500,1797
43.1528,1759
43.1556,1747
43.1583,1737
43.1611,1708
43.1639,1714
43.1667,1709
43.1694,1688
43.1722,1682
43.1750,1673
43.1778,1678
43.1806,1673
43.1833,1670
43.1861,1689
43.1889,1690
43.1917,1687
43.1944,1670
43.1972,1667
43.2000,1670
43.2028,1667
43.2056,1680
43.2083,1679
43.2111,1667
43.2139,1659
43.2167,1643
43.2194,1651
43.2222,1660
43.2250,1673
43.2278,1671
43.2306,1653
43.2333,1610
43.2361,1553
43.2389,1534
43.2417,1557
43.2444,1603
43.2472,1661
43.2500,1725
43.2528,1812
43.2556,1945
43.2583,2180
43.2611,2481
43.2639,2790
43.2667,3068
43.2694,3150
43.2722,3028
43.2750,2765
43.2778,2474
43.2806,2230
43.2833,2061
43.2861,1952
43.2889,1889
43.2917,1865
43.2944,1849
43.2972,1827
43.3000,1767
43.3028,1697
43.3056,1629
43.3083,1591
43.3111,1573
43.3139,1591
43.3167,1613
43.3194,1626
43.3222,1637
43.3250,1635
43.3278,1633
43.3306,1635
43.3333,1633
43.3361,1636
43.3389,1653
43.3417,1654
43.3444,1658
43.3472,1649
43.3500,1663
43.3528,1664
43.3556,1676
43.3583,1681
43.3611,1674
43.3639,1655
43.3667,1646
43.3694,1648
43.3722,1658
43.3750,1682
43.3778,1704
43.3806,1703
43.3833,1695
43.3861,1694
43.3889,1699
43.3917,1706
43.3944,1728
43.3972,1739
43.4000,1752
43.4028,1759
43.4056,1764
43.4083,1774
43.4111,1777
43.4139,1786
43.4167,1801
43.4194,1806
43.4222,1803
43.4250,1810
43.4278,1840
43.4306,1862
43.4333,1860
43.4361,1858
43.4389,1846
43.4417,1836
43.4444,1823
43.4472,1820
43.4500,1815
43.4528,1811
43.4556,1805
43.4583,1746
43.4611,1752
43.4639,1741
43.4667,1734
43.4694,1740
43.4722,1746
43.4750,1760
43.4778,1755
43.4806,1761
43.4833,1757
43.4861,1743
43.4889,1735
43.4917,1727
43.4944,1725
43.4972,1742
43.5000,1752
43.5028,1749
43.5056,1738
43.5083,1730
43.5111,1721
43.5139,1718
43.5167,1717
43.5194,1719
43.5222,1716
43.5250,1701
43.5278,1709
43.5306,1713
43.5333,1711
43.5361,1726
43.5389,1720
43.5417,1721
43.5444,1721
43.5472,1732
43.5500,1723
43.5528,1720
43.5556,1719
43.5583,1710
43.5611,1705
43.5639,1697
43.5667,1687
43.5694,1691
43.5722,1684
43.5750,1683
43.5778,1692
43.5806,1691
43.5833,1698
43.5861,1702
43.5889,1710
43.5917,1721
43.5944,1742
43.5972,1770
43.6000,1790
43.6028,1799
43.6056,1799
43.6083,1796
43.6111,1776
43.6139,1769
43.6167,1757
43.6194,1744
43.6222,1726
43.6250,1723
43.6278,1746
43.6306,1774
43.6333,1800
43.6361,1822
43.6389,1848
43.6417,1831
43.6444,1817
43.6472,1793
43.6500,1754
43.6528,1728
43.6556,1702
43.6583,1685
43.6611,1668
43.6639,1665
43.6667,1652
43.6694,1654
43.6722,1637
43.6750,1635
43.6778,1613
43.6806,1621
43.6833,1622
43.6861,1635
43.6889,1640
43.6917,1644
43.6944,1639
43.6972,1648
43.7000,1645
43.7028,1624
43.7056,1612
43.7083,1608
43.7111,1612
43.7139,1619
43.7167,1639
43.7194,1650
43.7222,1648
43.7250,1632
43.7278,1624
43.7306,1602
43.7333,1587
43.7361,1568
43.7389,1543
43.7417,1525
43.7444,1536
43.7472,1569
43.7500,1591
43.7528,1633
43.7556,1695
43.7583,1797
43.7611,1967
43.7639,2233
43.7667,2526
43.7694,2779
43.7722,2902
43.7750,2865
43.7778,2703
43.7806,2523
43.7833,2348
43.7861,2189
43.7889,2066
43.7917,1969
43.7944,1908
43.7972,1857
43.8000,1809
43.8028,1767
43.8056,1701
43.8083,1622
43.8111,1576
43.8139,1570
43.8167,1571
43.8194,1584
43.8222,1582
43.8250,1572
43.8278,1559
43.8306,1558
43.8333,1561
43.8361,1568
43.8389,1587
43.8417,1591
43.8444,1583
43.8472,1570
43.8500,1565
43.8528,1575
43.8556,1584
43.8583,1599
43.8611,1605
43.8639,1598
43.8667,1573
43.8694,1565
43.8722,1569
43.8750,1595
43.8778,1603
43.8806,1618
43.8833,1619
43.8861,1617
43.8889,1600
43.8917,1609
43.8944,1622
43.8972,1622
43.9000,1642
43.9028,1642
43.9056,1658
43.9083,1672
43.9111,1682
43.9139,1688
43.9167,1691
43.9194,1699
43.9222,1708
43.9250,1714
43.9278,1720
43.9306,1729
43.9333,1727
43.9361,1729
43.9389,1750
43.9417,1768
43.9444,1772
43.9472,1766
43.9500,1777
43.9528,1780
43.9556,1795
43.9583,1794
43.9611,1737
43.9639,1740
43.9667,1724
43.9694,1723
43.9722,1721
43.9750,1726
43.9778,1736
43.9806,1745
43.9833,1740
43.9861,1750
43.9889,1746
43.9917,1743
43.9944,1740
43.9972,1742
44.0000,1750
44.0028,1735
44.0056,1723
44.0083,1706
44.0111,1697
44.0139,1697
44.0167,1703
44.0194,1709
44.0222,1723
44.0250,1719
44.0278,1705
44.0306,1693
44.0333,1693
44.0361,1694
44.0389,1708
44.0417,1706
44.0444,1690
44.0472,1685
44.0500,1691
44.0528,1684
44.0556,1686
44.0583,1685
44.0611,1663
44.0639,1677
44.0667,1677
44.0694,1688
44.0722,1692
44.0750,1709
44.0778,1732
44.0806,1756
44.0833,1751
44.0861,1735
44.0889,1726
44.0917,1731
44.0944,1719
44.0972,1724
44.1000,1739
44.1028,1728
44.1056,1733
44.1083,1734
44.1111,1728
44.1139,1754
44.1167,1778
44.1194,1781
44.1222,1788
44.1250,1777
44.1278,1774
44.1306,1752
44.1333,1721
44.1361,1688
44.1389,1675
44.1417,1672
44.1444,1663
44.1472,1653
44.1500,1649
44.1528,1650
44.1556,1637
44.1583,1639
44.1611,1638
44.1639,1639
44.1667,1623
44.1694,1622
44.1722,1610
44.1750,1623
44.1778,1639
44.1806,1650
44.1833,1667
44.1861,1650
44.1889,1654
44.1917,1651
44.1944,1656
44.1972,1655
44.2000,1659
44.2028,1656
44.2056,1660
44.2083,1644
44.2111,1633
44.2139,1630
44.2167,1620
44.2194,1585
44.2222,1550
44.2250,1546
44.2278,1555
44.2306,1603
44.2333,1653
44.2361,1717
44.2389,1807
44.2417,1933
44.2444,2181
44.2472,2481
44.2500,2799
44.2528,3064
44.2556,3135
44.2583,3014
44.2611,2782
44.2639,2532
44.2667,2303
44.2694,2125
44.2722,1997
44.2750,1933
44.2778,1912
44.2806,1893
44.2833,1850
44.2861,1784
44.2889,1702
44.2917,1616
44.2944,1570
44.2972,1560
44.3000,1569
44.3028,1592
44.3056,1603
44.3083,1609
44.3111,1592
44.3139,1605
44.3167,1609
44.3194,1614
44.3222,1624
44.3250,1627
44.3278,1632
44.3306,1619
44.3333,1626
44.3361,1629
44.3389,1647
44.3417,1661
44.3444,1657
44.3472,1667
44.3500,1658
44.3528,1661
44.3556,1652
44.3583,1658
44.3611,1669
44.3639,1665
44.3667,1663
44.3694,1660
44.3722,1658
44.3750,1655
44.3778,1662
44.3806,1692
44.3833,1713
44.3861,1725
44.3889,1735
44.3917,1742
44.3944,1736
44.3972,1755
44.4000,1776
44.4028,1791
44.4056,1784
44.4083,1786
44.4111,1782
44.4139,1782
44.4167,1795
44.4194,1804
44.4222,1809
44.4250,1814
44.4278,1807
44.4306,1795
44.4333,1775
44.4361,1767
44.4389,1757
44.4417,1756
44.4444,1717
44.4472,1712
44.4500,1693
44.4528,1687
44.4556,1686
44.4583,1699
44.4611,1727
44.4639,1745
44.4667,1750
44.4694,1749
44.4722,1737
44.4750,1724
44.4778,1719
44.4806,1715
44.4833,1711
44.4861,1698
44.4889,1708
44.4917,1708
44.4944,1695
44.4972,1691
44.5000,1704
44.5028,1696
44.5056,1710
44.5083,1726
44.5111,1716
44.5139,1706
44.5167,1697
44.5194,1689
44.5222,1689
44.5250,1683
44.5278,1682
44.5306,1665
44.5333,1653
44.5361,1649
44.5389,1628
44.5417,1629
44.5444,1630
44.5472,1626
44.5500,1620
44.5528,1627
44.5556,1633
44.5583,1654
44.5611,1660
44.5639,1668
44.5667,1686
44.5694,1684
44.5722,1684
44.5750,1683
44.5778,1710
44.5806,1734
44.5833,1761
44.5861,1768
44.5889,1760
44.5917,1757
44.5944,1742
44.5972,1742
44.6000,1750
44.6028,1777
44.6056,1794
44.6083,1776
44.6111,1773
44.6139,1758
44.6167,1759
44.6194,1750
44.6222,1725
44.6250,1695
44.6278,1662
44.6306,1652
44.6333,1630
44.6361,1624
44.6389,1612
44.6417,1601
44.6444,1587
44.6472,1564
44.6500,1560
44.6528,1554
44.6556,1561
44.6583,1566
44.6611,1587
44.6639,1585
44.6667,1597
44.6694,1584
44.6722,1581
44.6750,1568
44.6778,1567
44.6806,1577
44.6833,1578
44.6861,1571
44.6889,1569
44.6917,1579
44.6944,1581
44.6972,1581
44.7000,1588
44.7028,1583
44.7056,1584
44.7083,1558
44.7111,1496
44.7139,1451
44.7167,1439
44.7194,1469
44.7222,1524
44.7250,1584
44.7278,1643
44.7306,1745
44.7333,1912
44.7361,2162
44.7389,2480
44.7417,2781
44.7444,2991
44.7472,3032
44.7500,2851
44.7528,2570
44.7556,2286
44.7583,2041
44.7611,1884
44.7639,1793
44.7667,1749
44.7694,1727
44.7722,1712
44.7750,1677
44.7778,1621
44.7806,1554
44.7833,1498
44.7861,1456
44.7889,1452
44.7917,1470
44.7944,1485
44.7972,1490
44.8000,1490
44.8028,1467
44.8056,1453
44.8083,1458
44.8111,1487
44.8139,1507
44.8167,1511
44.8194,1510
44.8222,1501
44.8250,1502
44.8278,1496
44.8306,1498
44.8333,1502
44.8361,1507
44.8389,1513
44.8417,1506
44.8444,1488
44.8472,1491
44.8500,1510
44.8528,1519
44.8556,1533
44.8583,1532
44.8611,1526
44.8639,1539
44.8667,1555
44.8694,1577
44.8722,1600
44.8750,1615
44.8778,1623
44.8806,1639
44.8833,1644
44.8861,1650
44.8889,1672
44.8917,1690
44.8944,1708
44.8972,1712
