Tiempo(s),Valor_ADC
0.0028,1551
0.0056,1540
0.0083,1545
0.0111,1531
0.0139,1523
0.0167,1515
0.0194,1519
0.0222,1527
0.0250,1536
0.0278,1546
0.0306,1551
0.0333,1547
0.0361,1552
0.0389,1556
0.0417,1555
0.0444,1558
0.0472,1561
0.0500,1562
0.0528,1550
0.0556,1552
0.0583,1549
0.0611,1545
0.0639,1552
0.0667,1559
0.0694,1576
0.0722,1592
0.0750,1607
0.0778,1617
0.0806,1633
0.0833,1656
0.0861,1667
0.0889,1696
0.0917,1713
0.0944,1720
0.0972,1723
0.1000,1727
0.1028,1747
0.1056,1781
0.1083,1815
0.1111,1839
0.1139,1854
0.1167,1888
0.1194,1902
0.1222,1925
0.1250,1952
0.1278,1964
0.1306,1961
0.1333,1939
0.1361,1906
0.1389,1859
0.1417,1800
0.1444,1714
0.1472,1628
0.1500,1575
0.1528,1543
0.1556,1522
0.1583,1520
0.1611,1530
0.1639,1518
0.1667,1507
0.1694,1504
0.1722,1500
0.1750,1493
0.1778,1491
0.1806,1476
0.1833,1465
0.1861,1469
0.1889,1474
0.1917,1475
0.1944,1478
0.1972,1473
0.2000,1455
0.2028,1454
0.2056,1461
0.2083,1470
0.2111,1492
0.2139,1508
0.2167,1530
0.2194,1532
0.2222,1528
0.2250,1514
0.2278,1494
0.2306,1486
0.2333,1517
0.2361,1645
0.2389,1857
0.2417,2173
0.2444,2391
0.2472,2427
0.2500,2386
0.2528,2335
0.2556,2277
0.2583,2212
0.2611,2015
0.2639,1723
0.2667,1466
0.2694,1275
0.2722,1142
0.2750,1059
0.2778,978
0.2806,926
0.2833,909
0.2861,924
0.2889,971
0.2917,1026
0.2944,1090
0.2972,1136
0.3000,1180
0.3028,1250
0.3056,1349
0.3083,1427
0.3111,1496
0.3139,1559
0.3167,1598
0.3194,1620
0.3222,1644
0.3250,1661
0.3278,1677
0.3306,1680
0.3333,1697
0.3361,1692
0.3389,1700
0.3417,1713
0.3444,1729
0.3472,1751
0.3500,1758
0.3528,1771
0.3556,1767
0.3583,1759
0.3611,1754
0.3639,1766
0.3667,1789
0.3694,1813
0.3722,1823
0.3750,1832
0.3778,1834
0.3806,1840
0.3833,1843
0.3861,1841
0.3889,1841
0.3917,1848
0.3944,1852
0.3972,1860
0.4000,1872
0.4028,1880
0.4056,1895
0.4083,1914
0.4111,1930
0.4139,1933
0.4167,1920
0.4194,1927
0.4222,1936
0.4250,1951
0.4278,1973
0.4306,1988
0.4333,2001
0.4361,2020
0.4389,2024
0.4417,1986
0.4444,1967
0.4472,1947
0.4500,1931
0.4528,1896
0.4556,1861
0.4583,1826
0.4611,1795
0.4639,1777
0.4667,1753
0.4694,1735
0.4722,1713
0.4750,1680
0.4778,1668
0.4806,1654
0.4833,1654
0.4861,1652
0.4889,1640
0.4917,1630
0.4944,1614
0.4972,1603
0.5000,1593
0.5028,1600
0.5056,1602
0.5083,1606
0.5111,1617
0.5139,1618
0.5167,1611
0.5194,1603
0.5222,1591
0.5250,1584
0.5278,1604
0.5306,1613
0.5333,1620
0.5361,1632
0.5389,1632
0.5417,1637
0.5444,1636
0.5472,1639
0.5500,1643
0.5528,1636
0.5556,1642
0.5583,1649
0.5611,1647
0.5639,1670
0.5667,1681
0.5694,1675
0.5722,1664
0.5750,1660
0.5778,1647
0.5806,1647
0.5833,1653
0.5861,1661
0.5889,1673
0.5917,1666
0.5944,1673
0.5972,1681
0.6000,1664
0.6028,1660
0.6056,1657
0.6083,1646
0.6111,1612
0.6139,1579
0.6167,1535
0.6194,1513
0.6222,1517
0.6250,1539
0.6278,1562
0.6306,1580
0.6333,1597
0.6361,1604
0.6389,1600
0.6417,1587
0.6444,1585
0.6472,1584
0.6500,1600
0.6528,1614
0.6556,1627
0.6583,1643
0.6611,1672
0.6639,1733
0.6667,1822
0.6694,1918
0.6722,1945
0.6750,1947
0.6778,1912
0.6806,1862
0.6833,1833
0.6861,1806
0.6889,1795
0.6917,1786
0.6944,1768
0.6972,1749
0.7000,1735
0.7028,1729
0.7056,1723
0.7083,1747
0.7111,1767
0.7139,1783
0.7167,1784
0.7194,1795
0.7222,1791
0.7250,1794
0.7278,1784
0.7306,1808
0.7333,1844
0.7361,1885
0.7389,1925
0.7417,1943
0.7444,1965
0.7472,1966
0.7500,1965
0.7528,1968
0.7556,1978
0.7583,1965
0.7611,1947
0.7639,1909
0.7667,1854
0.7694,1756
0.7722,1685
0.7750,1618
0.7778,1585
0.7806,1572
0.7833,1538
0.7861,1521
0.7889,1508
0.7917,1497
0.7944,1492
0.7972,1490
0.8000,1485
0.8028,1484
0.8056,1476
0.8083,1463
0.8111,1462
0.8139,1474
0.8167,1473
0.8194,1483
0.8222,1491
0.8250,1500
0.8278,1490
0.8306,1469
0.8333,1466
0.8361,1471
0.8389,1489
0.8417,1519
0.8444,1549
0.8472,1561
0.8500,1542
0.8528,1513
0.8556,1482
0.8583,1478
0.8611,1537
0.8639,1683
0.8667,1925
0.8694,2241
0.8722,2412
0.8750,2432
0.8778,2388
0.8806,2358
0.8833,2344
0.8861,2281
0.8889,2052
0.8917,1754
0.8944,1495
0.8972,1330
0.9000,1223
0.9028,1134
0.9056,1038
0.9083,984
0.9111,957
0.9139,971
0.9167,1011
0.9194,1065
0.9222,1128
0.9250,1197
0.9278,1266
0.9306,1350
0.9333,1448
0.9361,1517
0.9389,1585
0.9417,1626
0.9444,1636
0.9472,1652
0.9500,1680
0.9528,1702
0.9556,1727
0.9583,1755
0.9611,1765
0.9639,1772
0.9667,1762
0.9694,1768
0.9722,1782
0.9750,1799
0.9778,1807
0.9806,1817
0.9833,1821
0.9861,1827
0.9889,1830
0.9917,1842
0.9944,1857
0.9972,1876
1.0000,1888
1.0028,1887
1.0056,1894
1.0083,1881
1.0111,1884
1.0139,1884
1.0167,1900
1.0194,1913
1.0222,1916
1.0250,1923
1.0278,1934
1.0306,1941
1.0333,1953
1.0361,1964
1.0389,1974
1.0417,1982
1.0444,1979
1.0472,1983
1.0500,1981
1.0528,2012
1.0556,2030
1.0583,2049
1.0611,2065
1.0639,2018
1.0667,2012
1.0694,1992
1.0722,1973
1.0750,1947
1.0778,1930
1.0806,1894
1.0833,1856
1.0861,1805
1.0889,1775
1.0917,1757
1.0944,1745
1.0972,1719
1.1000,1703
1.1028,1689
1.1056,1661
1.1083,1644
1.1111,1627
1.1139,1627
1.1167,1635
1.1194,1630
1.1222,1625
1.1250,1628
1.1278,1611
1.1306,1599
1.1333,1597
1.1361,1602
1.1389,1608
1.1417,1609
1.1444,1601
1.1472,1608
1.1500,1606
1.1528,1619
1.1556,1625
1.1583,1626
1.1611,1639
1.1639,1632
1.1667,1633
1.1694,1625
1.1722,1627
1.1750,1628
1.1778,1639
1.1806,1645
1.1833,1644
1.1861,1644
1.1889,1647
1.1917,1660
1.1944,1654
1.1972,1662
1.2000,1655
1.2028,1651
1.2056,1645
1.2083,1650
1.2111,1658
1.2139,1661
1.2167,1664
1.2194,1665
1.2222,1654
1.2250,1653
1.2278,1646
1.2306,1657
1.2333,1657
1.2361,1664
1.2389,1669
1.2417,1665
1.2444,1652
1.2472,1652
1.2500,1648
1.2528,1642
1.2556,1641
1.2583,1647
1.2611,1637
1.2639,1625
1.2667,1634
1.2694,1629
1.2722,1637
1.2750,1638
1.2778,1635
1.2806,1634
1.2833,1642
1.2861,1642
1.2889,1635
1.2917,1642
1.2944,1636
1.2972,1640
1.3000,1633
1.3028,1630
1.3056,1624
1.3083,1624
1.3111,1628
1.3139,1627
1.3167,1629
1.3194,1642
1.3222,1663
1.3250,1701
1.3278,1724
1.3306,1745
1.3333,1765
1.3361,1773
1.3389,1771
1.3417,1769
1.3444,1772
1.3472,1779
1.3500,1822
1.3528,1870
1.3556,1902
1.3583,1922
1.3611,1950
1.3639,1968
1.3667,1980
1.3694,1996
1.3722,1991
1.3750,1991
1.3778,1960
1.3806,1928
1.3833,1881
1.3861,1814
1.3889,1738
1.3917,1662
1.3944,1612
1.3972,1582
1.4000,1558
1.4028,1539
1.4056,1528
1.4083,1517
1.4111,1504
1.4139,1505
1.4167,1498
1.4194,1494
1.4222,1488
1.4250,1478
1.4278,1475
1.4306,1474
1.4333,1476
1.4361,1484
1.4389,1495
1.4417,1485
1.4444,1480
1.4472,1479
1.4500,1474
1.4528,1488
1.4556,1504
1.4583,1527
1.4611,1557
1.4639,1580
1.4667,1555
1.4694,1529
1.4722,1517
1.4750,1516
1.4778,1549
1.4806,1679
1.4833,1891
1.4861,2216
1.4889,2477
1.4917,2558
1.4944,2508
1.4972,2446
1.5000,2393
1.5028,2338
1.5056,2133
1.5083,1784
1.5111,1450
1.5139,1236
1.5167,1121
1.5194,1057
1.5222,1011
1.5250,970
1.5278,954
1.5306,963
1.5333,994
1.5361,1052
1.5389,1115
1.5417,1184
1.5444,1251
1.5472,1337
1.5500,1428
1.5528,1516
1.5556,1598
1.5583,1645
1.5611,1675
1.5639,1690
1.5667,1693
1.5694,1706
1.5722,1728
1.5750,1739
1.5778,1760
1.5806,1765
1.5833,1769
1.5861,1773
1.5889,1782
1.5917,1796
1.5944,1813
1.5972,1815
1.6000,1820
1.6028,1811
1.6056,1809
1.6083,1821
1.6111,1835
1.6139,1845
1.6167,1860
1.6194,1862
1.6222,1855
1.6250,1855
1.6278,1867
1.6306,1876
1.6333,1902
1.6361,1918
1.6389,1921
1.6417,1922
1.6444,1928
1.6472,1931
1.6500,1940
1.6528,1967
1.6556,1987
1.6583,1994
1.6611,1993
1.6639,2001
1.6667,1995
1.6694,2027
1.6722,2048
1.6750,2061
1.6778,2078
1.6806,2082
1.6833,2087
1.6861,2095
1.6889,2092
1.6917,2102
1.6944,2125
1.6972,2130
1.7000,2138
1.7028,2142
1.7056,1783
1.7083,1783
1.7111,1762
1.7139,1735
1.7167,1718
1.7194,1697
1.7222,1682
1.7250,1671
1.7278,1658
1.7306,1650
1.7333,1640
1.7361,1632
1.7389,1616
1.7417,1602
1.7444,1592
1.7472,1588
1.7500,1589
1.7528,1599
1.7556,1600
1.7583,1613
1.7611,1611
1.7639,1601
1.7667,1605
1.7694,1598
1.7722,1613
1.7750,1617
1.7778,1614
1.7806,1618
1.7833,1618
1.7861,1614
1.7889,1627
1.7917,1637
1.7944,1643
1.7972,1640
1.8000,1645
1.8028,1648
1.8056,1645
1.8083,1645
1.8111,1668
1.8139,1670
1.8167,1674
1.8194,1677
1.8222,1675
1.8250,1671
1.8278,1669
1.8306,1680
1.8333,1704
1.8361,1707
1.8389,1693
1.8417,1693
1.8444,1685
1.8472,1679
1.8500,1671
1.8528,1667
1.8556,1673
1.8583,1672
1.8611,1673
1.8639,1681
1.8667,1682
1.8694,1690
1.8722,1689
1.8750,1697
1.8778,1690
1.8806,1687
1.8833,1672
1.8861,1670
1.8889,1671
1.8917,1673
1.8944,1665
1.8972,1663
1.9000,1652
1.9028,1640
1.9056,1643
1.9083,1634
1.9111,1641
1.9139,1641
1.9167,1627
1.9194,1624
1.9222,1617
1.9250,1627
1.9278,1618
1.9306,1617
1.9333,1622
1.9361,1632
1.9389,1625
1.9417,1623
1.9444,1624
1.9472,1616
1.9500,1622
1.9528,1632
1.9556,1632
1.9583,1628
1.9611,1632
1.9639,1624
1.9667,1625
1.9694,1632
1.9722,1624
1.9750,1618
1.9778,1621
1.9806,1630
1.9833,1631
1.9861,1636
1.9889,1654
1.9917,1694
1.9944,1735
1.9972,1763
2.0000,1773
2.0028,1787
2.0056,1772
2.0083,1776
2.0111,1773
2.0139,1804
2.0167,1828
2.0194,1863
2.0222,1902
2.0250,1942
2.0278,1968
2.0306,1989
2.0333,2003
2.0361,2011
2.0389,2015
2.0417,2001
2.0444,1975
2.0472,1931
2.0500,1893
2.0528,1825
2.0556,1751
2.0583,1684
2.0611,1626
2.0639,1590
2.0667,1560
2.0694,1554
2.0722,1550
2.0750,1543
2.0778,1536
2.0806,1520
2.0833,1508
2.0861,1498
2.0889,1487
2.0917,1492
2.0944,1493
2.0972,1495
2.1000,1494
2.1028,1487
2.1056,1497
2.1083,1494
2.1111,1498
2.1139,1503
2.1167,1507
2.1194,1510
2.1222,1532
2.1250,1559
2.1278,1596
2.1306,1607
2.1333,1591
2.1361,1551
2.1389,1524
2.1417,1518
2.1444,1606
2.1472,1772
2.1500,2039
2.1528,2400
2.1556,2651
2.1583,2712
2.1611,2655
2.1639,2563
2.1667,2466
2.1694,2329
2.1722,1985
2.1750,1516
2.1778,1141
2.1806,938
2.1833,865
2.1861,842
2.1889,828
2.1917,831
2.1944,853
2.1972,886
2.2000,943
2.2028,1015
2.2056,1088
2.2083,1171
2.2111,1269
2.2139,1369
2.2167,1468
2.2194,1553
2.2222,1612
2.2250,1653
2.2278,1668
2.2306,1678
2.2333,1687
2.2361,1699
2.2389,1720
2.2417,1742
2.2444,1753
2.2472,1749
2.2500,1736
2.2528,1743
2.2556,1742
2.2583,1761
2.2611,1778
2.2639,1784
2.2667,1790
2.2694,1789
2.2722,1784
2.2750,1791
2.2778,1806
2.2806,1809
2.2833,1821
2.2861,1821
2.2889,1825
2.2917,1828
2.2944,1840
2.2972,1861
2.3000,1877
2.3028,1898
2.3056,1901
2.3083,1897
2.3111,1905
2.3139,1911
2.3167,1933
2.3194,1961
2.3222,1974
2.3250,1989
2.3278,1999
2.3306,2013
2.3333,2034
2.3361,2058
2.3389,2080
2.3417,2091
2.3444,2080
2.3472,2085
2.3500,2091
2.3528,2099
2.3556,2131
2.3583,2147
2.3611,2162
2.3639,2180
2.3667,2174
2.3694,2165
2.3722,1768
2.3750,1769
2.3778,1764
2.3806,1739
2.3833,1707
2.3861,1681
2.3889,1674
2.3917,1668
2.3944,1666
2.3972,1659
2.4000,1651
2.4028,1638
2.4056,1613
2.4083,1602
2.4111,1596
2.4139,1598
2.4167,1596
2.4194,1596
2.4222,1600
2.4250,1595
2.4278,1593
2.4306,1604
2.4333,1620
2.4361,1636
2.4389,1646
2.4417,1638
2.4444,1630
2.4472,1623
2.4500,1627
2.4528,1640
2.4556,1651
2.4583,1668
2.4611,1675
2.4639,1668
2.4667,1667
2.4694,1671
2.4722,1672
2.4750,1685
2.4778,1681
2.4806,1681
2.4833,1669
2.4861,1653
2.4889,1647
2.4917,1647
2.4944,1662
2.4972,1683
2.5000,1690
2.5028,1685
2.5056,1678
2.5083,1667
2.5111,1670
2.5139,1669
2.5167,1662
2.5194,1667
2.5222,1654
2.5250,1654
2.5278,1657
2.5306,1662
2.5333,1676
2.5361,1677
2.5389,1666
2.5417,1656
2.5444,1645
2.5472,1639
2.5500,1645
2.5528,1640
2.5556,1656
2.5583,1663
2.5611,1667
2.5639,1664
2.5667,1654
2.5694,1642
2.5722,1643
2.5750,1637
2.5778,1634
2.5806,1629
2.5833,1636
2.5861,1626
2.5889,1620
2.5917,1624
2.5944,1620
2.5972,1630
2.6000,1630
2.6028,1638
2.6056,1641
2.6083,1638
2.6111,1646
2.6139,1649
2.6167,1649
2.6194,1642
2.6222,1642
2.6250,1628
2.6278,1624
2.6306,1630
2.6333,1620
2.6361,1609
2.6389,1614
2.6417,1610
2.6444,1609
2.6472,1608
2.6500,1620
2.6528,1626
2.6556,1617
2.6583,1619
2.6611,1621
2.6639,1621
2.6667,1622
2.6694,1616
2.6722,1619
2.6750,1630
2.6778,1627
2.6806,1629
2.6833,1624
2.6861,1618
2.6889,1611
2.6917,1614
2.6944,1618
2.6972,1621
2.7000,1619
2.7028,1626
2.7056,1629
2.7083,1630
2.7111,1631
2.7139,1636
2.7167,1637
2.7194,1628
2.7222,1636
2.7250,1632
2.7278,1632
2.7306,1625
2.7333,1628
2.7361,1630
2.7389,1633
2.7417,1634
2.7444,1638
2.7472,1637
2.7500,1638
2.7528,1633
2.7556,1633
2.7583,1638
2.7611,1639
2.7639,1650
2.7667,1664
2.7694,1701
2.7722,1736
2.7750,1769
2.7778,1790
2.7806,1794
2.7833,1788
2.7861,1775
2.7889,1789
2.7917,1818
2.7944,1848
2.7972,1886
2.8000,1906
2.8028,1924
2.8056,1956
2.8083,1976
2.8111,1999
2.8139,2008
2.8167,2015
2.8194,1999
2.8222,1973
2.8250,1942
2.8278,1896
2.8306,1832
2.8333,1759
2.8361,1695
2.8389,1636
2.8417,1604
2.8444,1580
2.8472,1571
2.8500,1569
2.8528,1556
2.8556,1559
2.8583,1564
2.8611,1559
2.8639,1554
2.8667,1546
2.8694,1525
2.8722,1525
2.8750,1527
2.8778,1523
2.8806,1518
2.8833,1522
2.8861,1518
2.8889,1515
2.8917,1521
2.8944,1539
2.8972,1547
2.9000,1579
2.9028,1613
2.9056,1632
2.9083,1615
2.9111,1583
2.9139,1546
2.9167,1524
2.9194,1554
2.9222,1662
2.9250,1874
2.9278,2168
2.9306,2514
2.9333,2706
2.9361,2705
2.9389,2630
2.9417,2517
2.9444,2405
2.9472,2221
2.9500,1841
2.9528,1419
2.9556,1112
2.9583,972
2.9611,931
2.9639,917
2.9667,904
2.9694,911
2.9722,921
2.9750,946
2.9778,1001
2.9806,1067
2.9833,1131
2.9861,1222
2.9889,1305
2.9917,1405
2.9944,1512
2.9972,1602
3.0000,1653
3.0028,1684
3.0056,1694
3.0083,1693
3.0111,1707
3.0139,1737
3.0167,1765
3.0194,1785
3.0222,1789
3.0250,1773
3.0278,1781
3.0306,1791
3.0333,1800
3.0361,1829
3.0389,1836
3.0417,1834
3.0444,1824
3.0472,1820
3.0500,1831
3.0528,1846
3.0556,1868
3.0583,1872
3.0611,1885
3.0639,1883
3.0667,1878
3.0694,1883
3.0722,1895
3.0750,1915
3.0778,1933
3.0806,1939
3.0833,1950
3.0861,1945
3.0889,1959
3.0917,1961
3.0944,1988
3.0972,2003
3.1000,2015
3.1028,2022
3.1056,2012
3.1083,2019
3.1111,2034
3.1139,2063
3.1167,2082
3.1194,2088
3.1222,2097
3.1250,2096
3.1278,2109
3.1306,2122
3.1333,2134
3.1361,2165
3.1389,2177
3.1417,2179
3.1444,2172
3.1472,1831
3.1500,1836
3.1528,1812
3.1556,1797
3.1583,1773
3.1611,1756
3.1639,1723
3.1667,1694
3.1694,1677
3.1722,1668
3.1750,1659
3.1778,1652
3.1806,1633
3.1833,1626
3.1861,1621
3.1889,1607
3.1917,1608
3.1944,1610
3.1972,1611
3.2000,1615
3.2028,1617
3.2056,1615
3.2083,1620
3.2111,1617
3.2139,1631
3.2167,1624
3.2194,1633
3.2222,1613
3.2250,1611
3.2278,1617
3.2306,1621
3.2333,1632
3.2361,1649
3.2389,1649
3.2417,1655
3.2444,1639
3.2472,1642
3.2500,1641
3.2528,1647
3.2556,1651
3.2583,1660
3.2611,1661
3.2639,1664
3.2667,1659
3.2694,1654
3.2722,1655
3.2750,1668
3.2778,1671
3.2806,1668
3.2833,1666
3.2861,1653
3.2889,1663
3.2917,1664
3.2944,1668
3.2972,1668
3.3000,1662
3.3028,1665
3.3056,1644
3.3083,1650
3.3111,1647
3.3139,1645
3.3167,1647
3.3194,1644
3.3222,1630
3.3250,1629
3.3278,1627
3.3306,1644
3.3333,1643
3.3361,1650
3.3389,1647
3.3417,1646
3.3444,1637
3.3472,1622
3.3500,1617
3.3528,1605
3.3556,1613
3.3583,1607
3.3611,1615
3.3639,1609
3.3667,1609
3.3694,1616
3.3722,1628
3.3750,1621
3.3778,1612
3.3806,1602
3.3833,1595
3.3861,1600
3.3889,1598
3.3917,1596
3.3944,1603
3.3972,1605
3.4000,1608
3.4028,1606
3.4056,1603
3.4083,1596
3.4111,1605
3.4139,1605
3.4167,1603
3.4194,1599
3.4222,1594
3.4250,1593
3.4278,1601
3.4306,1594
3.4333,1594
3.4361,1597
3.4389,1609
3.4417,1618
3.4444,1609
3.4472,1612
3.4500,1615
3.4528,1616
3.4556,1625
3.4583,1622
3.4611,1625
3.4639,1612
3.4667,1614
3.4694,1620
3.4722,1614
3.4750,1621
3.4778,1614
3.4806,1616
3.4833,1617
3.4861,1617
3.4889,1618
3.4917,1618
3.4944,1619
3.4972,1624
3.5000,1636
3.5028,1641
3.5056,1635
3.5083,1627
3.5111,1628
3.5139,1622
3.5167,1626
3.5194,1622
3.5222,1620
3.5250,1627
3.5278,1626
3.5306,1634
3.5333,1625
3.5361,1646
3.5389,1650
3.5417,1640
3.5444,1632
3.5472,1634
3.5500,1641
3.5528,1634
3.5556,1635
3.5583,1644
3.5611,1652
3.5639,1647
3.5667,1651
3.5694,1652
3.5722,1657
3.5750,1663
3.5778,1657
3.5806,1657
3.5833,1667
3.5861,1668
3.5889,1666
3.5917,1662
3.5944,1662
3.5972,1655
3.6000,1664
3.6028,1676
3.6056,1706
3.6083,1739
3.6111,1779
3.6139,1803
3.6167,1812
3.6194,1821
3.6222,1815
3.6250,1824
3.6278,1846
3.6306,1874
3.6333,1899
3.6361,1926
3.6389,1953
3.6417,1978
3.6444,2005
3.6472,2030
3.6500,2037
3.6528,2035
3.6556,2020
3.6583,1992
3.6611,1959
3.6639,1903
3.6667,1835
3.6694,1763
3.6722,1710
3.6750,1668
3.6778,1640
3.6806,1620
3.6833,1605
3.6861,1602
3.6889,1591
3.6917,1576
3.6944,1572
3.6972,1565
3.7000,1560
3.7028,1553
3.7056,1560
3.7083,1557
3.7111,1545
3.7139,1545
3.7167,1544
3.7194,1541
3.7222,1537
3.7250,1545
3.7278,1551
3.7306,1543
3.7333,1561
3.7361,1579
3.7389,1601
3.7417,1620
3.7444,1612
3.7472,1579
3.7500,1537
3.7528,1511
3.7556,1547
3.7583,1652
3.7611,1863
3.7639,2172
3.7667,2525
3.7694,2702
3.7722,2696
3.7750,2606
3.7778,2494
3.7806,2390
3.7833,2188
3.7861,1810
3.7889,1416
3.7917,1147
3.7944,1031
3.7972,969
3.8000,949
3.8028,933
3.8056,939
3.8083,954
3.8111,992
3.8139,1037
3.8167,1097
3.8194,1173
3.8222,1244
3.8250,1332
3.8278,1429
3.8306,1524
3.8333,1609
3.8361,1667
3.8389,1699
3.8417,1715
3.8444,1721
3.8472,1733
3.8500,1761
3.8528,1789
3.8556,1800
3.8583,1809
3.8611,1804
3.8639,1807
3.8667,1819
3.8694,1832
3.8722,1846
3.8750,1857
3.8778,1864
3.8806,1870
3.8833,1862
3.8861,1873
3.8889,1874
3.8917,1893
3.8944,1908
3.8972,1912
3.9000,1908
3.9028,1907
3.9056,1907
3.9083,1933
3.9111,1955
3.9139,1973
3.9167,1979
3.9194,1984
3.9222,1973
3.9250,1977
3.9278,1991
3.9306,2003
3.9333,2023
3.9361,2036
3.9389,2037
3.9417,2033
3.9444,2037
3.9472,2044
3.9500,2074
3.9528,2081
3.9556,2100
3.9583,2111
3.9611,2124
3.9639,2129
3.9667,2145
3.9694,2156
3.9722,2177
3.9750,2182
3.9778,2190
3.9806,2179
3.9833,1864
3.9861,1871
3.9889,1854
3.9917,1829
3.9944,1801
3.9972,1774
4.0000,1747
4.0028,1714
4.0056,1701
4.0083,1692
4.0111,1685
4.0139,1666
4.0167,1669
4.0194,1641
4.0222,1634
4.0250,1627
4.0278,1630
4.0306,1623
4.0333,1630
4.0361,1633
4.0389,1636
4.0417,1633
4.0444,1627
4.0472,1632
4.0500,1638
4.0528,1636
4.0556,1632
4.0583,1642
4.0611,1642
4.0639,1642
4.0667,1648
4.0694,1655
4.0722,1655
4.0750,1662
4.0778,1667
4.0806,1664
4.0833,1671
4.0861,1675
4.0889,1677
4.0917,1671
4.0944,1662
4.0972,1671
4.1000,1672
4.1028,1670
4.1056,1673
4.1083,1676
4.1111,1677
4.1139,1674
4.1167,1678
4.1194,1673
4.1222,1670
4.1250,1674
4.1278,1674
4.1306,1671
4.1333,1663
4.1361,1676
4.1389,1666
4.1417,1674
4.1444,1667
4.1472,1674
4.1500,1681
4.1528,1676
4.1556,1674
4.1583,1661
4.1611,1664
4.1639,1661
4.1667,1655
4.1694,1647
4.1722,1651
4.1750,1653
4.1778,1653
4.1806,1645
4.1833,1632
4.1861,1629
4.1889,1626
4.1917,1631
4.1944,1628
4.1972,1622
4.2000,1607
4.2028,1613
4.2056,1604
4.2083,1609
4.2111,1616
4.2139,1609
4.2167,1606
4.2194,1599
4.2222,1583
4.2250,1575
4.2278,1584
4.2306,1582
4.2333,1585
4.2361,1597
4.2389,1598
4.2417,1606
4.2444,1601
4.2472,1597
4.2500,1600
4.2528,1600
4.2556,1615
4.2583,1604
4.2611,1600
4.2639,1591
4.2667,1589
4.2694,1602
4.2722,1609
4.2750,1614
4.2778,1617
4.2806,1608
4.2833,1596
4.2861,1602
4.2889,1587
4.2917,1594
4.2944,1596
4.2972,1601
4.3000,1607
4.3028,1609
4.3056,1609
4.3083,1609
4.3111,1610
4.3139,1604
4.3167,1608
4.3194,1600
4.3222,1591
4.3250,1588
4.3278,1592
4.3306,1598
4.3333,1605
4.3361,1608
4.3389,1616
4.3417,1611
4.3444,1611
4.3472,1612
4.3500,1614
4.3528,1618
4.3556,1599
4.3583,1607
4.3611,1597
4.3639,1607
4.3667,1616
4.3694,1621
4.3722,1634
4.3750,1622
4.3778,1617
4.3806,1610
4.3833,1616
4.3861,1614
4.3889,1619
4.3917,1630
4.3944,1623
4.3972,1634
4.4000,1649
4.4028,1686
4.4056,1723
4.4083,1748
4.4111,1754
4.4139,1768
4.4167,1766
4.4194,1783
4.4222,1806
4.4250,1822
4.4278,1851
4.4306,1871
4.4333,1897
4.4361,1924
4.4389,1957
4.4417,1974
4.4444,1988
4.4472,1991
4.4500,1977
4.4528,1951
4.4556,1924
4.4583,1869
4.4611,1811
4.4639,1732
4.4667,1675
4.4694,1644
4.4722,1610
4.4750,1601
4.4778,1581
4.4806,1578
4.4833,1563
4.4861,1561
4.4889,1551
4.4917,1541
4.4944,1537
4.4972,1529
4.5000,1520
4.5028,1524
4.5056,1522
4.5083,1522
4.5111,1512
4.5139,1519
4.5167,1519
4.5194,1516
4.5222,1520
4.5250,1517
4.5278,1528
4.5306,1553
4.5333,1579
4.5361,1607
4.5389,1611
4.5417,1584
4.5444,1548
4.5472,1507
4.5500,1527
4.5528,1616
4.5556,1804
4.5583,2096
4.5611,2457
4.5639,2668
4.5667,2685
4.5694,2611
4.5722,2499
4.5750,2389
4.5778,2219
4.5806,1865
4.5833,1459
4.5861,1177
4.5889,1046
4.5917,983
4.5944,952
4.5972,918
4.6000,907
4.6028,919
4.6056,951
4.6083,1003
4.6111,1079
4.6139,1146
4.6167,1215
4.6194,1311
4.6222,1404
4.6250,1485
4.6278,1578
4.6306,1632
4.6333,1676
4.6361,1699
4.6389,1718
4.6417,1725
4.6444,1748
4.6472,1767
4.6500,1786
4.6528,1788
4.6556,1790
4.6583,1794
4.6611,1803
4.6639,1820
4.6667,1830
4.6694,1849
4.6722,1854
4.6750,1849
4.6778,1848
4.6806,1858
4.6833,1871
4.6861,1887
4.6889,1889
4.6917,1893
4.6944,1894
4.6972,1890
4.7000,1888
4.7028,1908
4.7056,1929
4.7083,1946
4.7111,1962
4.7139,1955
4.7167,1957
4.7194,1962
4.7222,1973
4.7250,1986
4.7278,2004
4.7306,2009
4.7333,2026
4.7361,2030
4.7389,2045
4.7417,2050
4.7444,2064
4.7472,2079
4.7500,2094
4.7528,2105
4.7556,2096
4.7583,2078
4.7611,2047
4.7639,2022
4.7667,1994
4.7694,1972
4.7722,1939
4.7750,1896
4.7778,1854
4.7806,1825
4.7833,1792
4.7861,1766
4.7889,1735
4.7917,1712
4.7944,1695
4.7972,1667
4.8000,1645
4.8028,1631
4.8056,1616
4.8083,1612
4.8111,1610
4.8139,1604
4.8167,1594
4.8194,1590
4.8222,1594
4.8250,1594
4.8278,1605
4.8306,1600
4.8333,1597
4.8361,1597
4.8389,1590
4.8417,1582
4.8444,1600
4.8472,1601
4.8500,1613
4.8528,1618
4.8556,1612
4.8583,1615
4.8611,1613
4.8639,1620
4.8667,1629
4.8694,1639
4.8722,1633
4.8750,1635
4.8778,1635
4.8806,1632
4.8833,1643
4.8861,1651
4.8889,1653
4.8917,1662
4.8944,1654
4.8972,1653
4.9000,1650
4.9028,1654
4.9056,1667
4.9083,1674
4.9111,1668
4.9139,1677
4.9167,1670
4.9194,1664
4.9222,1649
4.9250,1650
4.9278,1659
4.9306,1657
4.9333,1656
4.9361,1648
4.9389,1649
4.9417,1637
4.9444,1628
4.9472,1637
4.9500,1650
4.9528,1646
4.9556,1640
4.9583,1632
4.9611,1634
4.9639,1618
4.9667,1627
4.9694,1623
4.9722,1626
4.9750,1621
4.9778,1627
4.9806,1625
4.9833,1624
4.9861,1631
4.9889,1625
4.9917,1622
4.9944,1626
4.9972,1613
5.0000,1615
5.0028,1619
5.0056,1625
5.0083,1626
5.0111,1625
5.0139,1622
5.0167,1608
5.0194,1607
5.0222,1624
5.0250,1614
5.0278,1622
5.0306,1620
5.0333,1619
5.0361,1617
5.0389,1614
5.0417,1606
5.0444,1619
5.0472,1621
5.0500,1619
5.0528,1616
5.0556,1611
5.0583,1608
5.0611,1611
5.0639,1606
5.0667,1613
5.0694,1607
5.0722,1616
5.0750,1611
5.0778,1616
5.0806,1617
5.0833,1616
5.0861,1616
5.0889,1619
5.0917,1623
5.0944,1622
5.0972,1625
5.1000,1629
5.1028,1629
5.1056,1632
5.1083,1633
5.1111,1637
5.1139,1631
5.1167,1640
5.1194,1633
5.1222,1633
5.1250,1637
5.1278,1636
5.1306,1628
5.1333,1634
5.1361,1632
5.1389,1635
5.1417,1641
5.1444,1646
5.1472,1668
5.1500,1662
5.1528,1665
5.1556,1660
5.1583,1657
5.1611,1648
5.1639,1646
5.1667,1646
5.1694,1645
5.1722,1651
5.1750,1651
5.1778,1669
5.1806,1683
5.1833,1714
5.1861,1756
5.1889,1780
5.1917,1799
5.1944,1801
5.1972,1813
5.2000,1807
5.2028,1824
5.2056,1847
5.2083,1874
5.2111,1901
5.2139,1928
5.2167,1952
5.2194,1985
5.2222,2020
5.2250,2038
5.2278,2044
5.2306,2043
5.2333,2024
5.2361,1994
5.2389,1955
5.2417,1890
5.2444,1831
5.2472,1755
5.2500,1699
5.2528,1663
5.2556,1635
5.2583,1622
5.2611,1614
5.2639,1611
5.2667,1600
5.2694,1603
5.2722,1590
5.2750,1584
5.2778,1579
5.2806,1576
5.2833,1562
5.2861,1562
5.2889,1572
5.2917,1558
5.2944,1562
5.2972,1552
5.3000,1553
5.3028,1543
5.3056,1550
5.3083,1555
5.3111,1572
5.3139,1602
5.3167,1624
5.3194,1639
5.3222,1619
5.3250,1591
5.3278,1546
5.3306,1527
5.3333,1573
5.3361,1712
5.3389,1952
5.3417,2290
5.3444,2614
5.3472,2734
5.3500,2695
5.3528,2589
5.3556,2477
5.3583,2350
5.3611,2079
5.3639,1672
5.3667,1323
5.3694,1117
5.3722,1025
5.3750,995
5.3778,969
5.3806,954
5.3833,959
5.3861,985
5.3889,1022
5.3917,1090
5.3944,1153
5.3972,1223
5.4000,1311
5.4028,1398
5.4056,1485
5.4083,1582
5.4111,1660
5.4139,1712
5.4167,1745
5.4194,1765
5.4222,1770
5.4250,1789
5.4278,1802
5.4306,1825
5.4333,1836
5.4361,1841
5.4389,1835
5.4417,1837
5.4444,1853
5.4472,1878
5.4500,1890
5.4528,1901
5.4556,1889
5.4583,1884
5.4611,1883
5.4639,1883
5.4667,1901
5.4694,1914
5.4722,1920
5.4750,1927
5.4778,1923
5.4806,1923
5.4833,1937
5.4861,1950
5.4889,1965
5.4917,1977
5.4944,1977
5.4972,1973
5.5000,1972
5.5028,1982
5.5056,1993
5.5083,2012
5.5111,2034
5.5139,2043
5.5167,2036
5.5194,2044
5.5222,2043
5.5250,2064
5.5278,2088
5.5306,2106
5.5333,2123
5.5361,2123
5.5389,2127
5.5417,2133
5.5444,2144
5.5472,2179
5.5500,2185
5.5528,2203
5.5556,2194
5.5583,2203
5.5611,1851
5.5639,1857
5.5667,1844
5.5694,1809
5.5722,1791
5.5750,1764
5.5778,1753
5.5806,1734
5.5833,1734
5.5861,1721
5.5889,1705
5.5917,1687
5.5944,1666
5.5972,1647
5.6000,1639
5.6028,1642
5.6056,1643
5.6083,1647
5.6111,1643
5.6139,1644
5.6167,1645
5.6194,1650
5.6222,1639
5.6250,1651
5.6278,1657
5.6306,1653
5.6333,1659
5.6361,1651
5.6389,1657
5.6417,1667
5.6444,1666
5.6472,1669
5.6500,1672
5.6528,1682
5.6556,1679
5.6583,1684
5.6611,1678
5.6639,1682
5.6667,1690
5.6694,1690
5.6722,1682
5.6750,1683
5.6778,1677
5.6806,1686
5.6833,1689
5.6861,1691
5.6889,1697
5.6917,1695
5.6944,1687
5.6972,1678
5.7000,1668
5.7028,1661
5.7056,1660
5.7083,1663
5.7111,1663
5.7139,1670
5.7167,1673
5.7194,1662
5.7222,1653
5.7250,1654
5.7278,1651
5.7306,1656
5.7333,1651
5.7361,1647
5.7389,1641
5.7417,1623
5.7444,1620
5.7472,1620
5.7500,1620
5.7528,1615
5.7556,1603
5.7583,1596
5.7611,1591
5.7639,1587
5.7667,1585
5.7694,1593
5.7722,1590
5.7750,1590
5.7778,1583
5.7806,1579
5.7833,1580
5.7861,1581
5.7889,1570
5.7917,1575
5.7944,1566
5.7972,1570
5.8000,1572
5.8028,1579
5.8056,1586
5.8083,1594
5.8111,1591
5.8139,1600
5.8167,1601
5.8194,1594
5.8222,1598
5.8250,1592
5.8278,1584
5.8306,1583
5.8333,1589
5.8361,1590
5.8389,1588
5.8417,1593
5.8444,1591
5.8472,1595
5.8500,1596
5.8528,1598
5.8556,1587
5.8583,1591
5.8611,1606
5.8639,1610
5.8667,1614
5.8694,1604
5.8722,1610
5.8750,1611
5.8778,1607
5.8806,1616
5.8833,1620
5.8861,1623
5.8889,1630
5.8917,1636
5.8944,1629
5.8972,1613
5.9000,1621
5.9028,1626
5.9056,1636
5.9083,1636
5.9111,1637
5.9139,1644
5.9167,1651
5.9194,1650
5.9222,1652
5.9250,1648
5.9278,1647
5.9306,1647
5.9333,1649
5.9361,1655
5.9389,1658
5.9417,1676
5.9444,1703
5.9472,1737
5.9500,1780
5.9528,1799
5.9556,1820
5.9583,1811
5.9611,1809
5.9639,1820
5.9667,1825
5.9694,1847
5.9722,1869
5.9750,1898
5.9778,1926
5.9806,1963
5.9833,2006
5.9861,2028
5.9889,2043
5.9917,2044
5.9944,2021
5.9972,1994
6.0000,1966
6.0028,1901
6.0056,1836
6.0083,1767
6.0111,1701
6.0139,1654
6.0167,1633
6.0194,1618
6.0222,1613
6.0250,1599
6.0278,1606
6.0306,1595
6.0333,1588
6.0361,1590
6.0389,1578
6.0417,1579
6.0444,1573
6.0472,1572
6.0500,1565
6.0528,1563
6.0556,1557
6.0583,1557
6.0611,1555
6.0639,1566
6.0667,1563
6.0694,1568
6.0722,1568
6.0750,1584
6.0778,1604
6.0806,1637
6.0833,1642
6.0861,1617
6.0889,1579
6.0917,1558
6.0944,1591
6.0972,1682
6.1000,1871
6.1028,2164
6.1056,2501
6.1083,2662
6.1111,2665
6.1139,2604
6.1167,2515
6.1194,2416
6.1222,2242
6.1250,1908
6.1278,1594
6.1306,1378
6.1333,1259
6.1361,1181
6.1389,1109
6.1417,1043
6.1444,1005
6.1472,1013
6.1500,1045
6.1528,1102
6.1556,1155
6.1583,1226
6.1611,1282
6.1639,1362
6.1667,1446
6.1694,1525
6.1722,1611
6.1750,1675
6.1778,1731
6.1806,1763
6.1833,1783
6.1861,1788
6.1889,1808
6.1917,1822
6.1944,1832
6.1972,1842
6.2000,1842
6.2028,1854
6.2056,1863
6.2083,1878
6.2111,1900
6.2139,1912
6.2167,1921
6.2194,1907
6.2222,1909
6.2250,1908
6.2278,1925
6.2306,1932
6.2333,1943
6.2361,1949
6.2389,1957
6.2417,1954
6.2444,1959
6.2472,1972
6.2500,1990
6.2528,2001
6.2556,2017
6.2583,2023
6.2611,2034
6.2639,2030
6.2667,2030
6.2694,2049
6.2722,2069
6.2750,2078
6.2778,2091
6.2806,2093
6.2833,2098
6.2861,2109
6.2889,2128
6.2917,2139
6.2944,2147
6.2972,2156
6.3000,2183
6.3028,2176
6.3056,2145
6.3083,2117
6.3111,2103
6.3139,2071
6.3167,2034
6.3194,1991
6.3222,1954
6.3250,1926
6.3278,1903
6.3306,1893
6.3333,1867
6.3361,1835
6.3389,1802
6.3417,1771
6.3444,1756
6.3472,1738
6.3500,1724
6.3528,1724
6.3556,1721
6.3583,1712
6.3611,1716
6.3639,1714
6.3667,1718
6.3694,1719
6.3722,1721
6.3750,1717
6.3778,1709
6.3806,1700
6.3833,1701
6.3861,1715
6.3889,1716
6.3917,1723
6.3944,1724
6.3972,1723
6.4000,1717
6.4028,1714
6.4056,1711
6.4083,1714
6.4111,1725
6.4139,1716
6.4167,1722
6.4194,1734
6.4222,1741
6.4250,1751
6.4278,1755
6.4306,1766
6.4333,1766
6.4361,1760
6.4389,1745
6.4417,1739
6.4444,1738
6.4472,1747
6.4500,1756
6.4528,1764
6.4556,1764
6.4583,1760
6.4611,1751
6.4639,1758
6.4667,1753
6.4694,1751
6.4722,1743
6.4750,1738
6.4778,1733
6.4806,1730
6.4833,1728
6.4861,1729
6.4889,1738
6.4917,1747
6.4944,1741
6.4972,1735
6.5000,1721
6.5028,1716
6.5056,1715
6.5083,1707
6.5111,1706
6.5139,1702
6.5167,1705
6.5194,1692
6.5222,1689
6.5250,1690
6.5278,1693
6.5306,1693
6.5333,1689
6.5361,1689
6.5389,1673
6.5417,1671
6.5444,1669
6.5472,1684
6.5500,1694
6.5528,1700
6.5556,1711
6.5583,1706
6.5611,1704
6.5639,1696
6.5667,1703
6.5694,1714
6.5722,1713
6.5750,1702
6.5778,1701
6.5806,1693
6.5833,1694
6.5861,1696
6.5889,1707
6.5917,1706
6.5944,1696
6.5972,1695
6.6000,1691
6.6028,1681
6.6056,1692
6.6083,1694
6.6111,1703
6.6139,1712
6.6167,1714
6.6194,1705
6.6222,1702
6.6250,1700
6.6278,1702
6.6306,1698
6.6333,1707
6.6361,1697
6.6389,1687
6.6417,1676
6.6444,1670
6.6472,1672
6.6500,1675
6.6528,1679
6.6556,1685
6.6583,1695
6.6611,1705
6.6639,1708
6.6667,1733
6.6694,1755
6.6722,1777
6.6750,1808
6.6778,1819
6.6806,1822
6.6833,1830
6.6861,1841
6.6889,1852
6.6917,1871
6.6944,1879
6.6972,1904
6.7000,1924
6.7028,1952
6.7056,1994
6.7083,2021
6.7111,2043
6.7139,2046
6.7167,2043
6.7194,2025
6.7222,1994
6.7250,1930
6.7278,1873
6.7306,1805
6.7333,1741
6.7361,1693
6.7389,1642
6.7417,1618
6.7444,1616
6.7472,1608
6.7500,1611
6.7528,1609
6.7556,1609
6.7583,1600
6.7611,1593
6.7639,1583
6.7667,1567
6.7694,1557
6.7722,1552
6.7750,1553
6.7778,1553
6.7806,1553
6.7833,1555
6.7861,1555
6.7889,1560
6.7917,1567
6.7944,1575
6.7972,1591
6.8000,1610
6.8028,1626
6.8056,1633
6.8083,1632
6.8111,1602
6.8139,1567
6.8167,1559
6.8194,1592
6.8222,1707
6.8250,1905
6.8278,2210
6.8306,2507
6.8333,2614
6.8361,2590
6.8389,2544
6.8417,2510
6.8444,2479
6.8472,2325
6.8500,2042
6.8528,1760
6.8556,1542
6.8583,1409
6.8611,1301
6.8639,1216
6.8667,1129
6.8694,1074
6.8722,1058
6.8750,1091
6.8778,1127
6.8806,1190
6.8833,1254
6.8861,1311
6.8889,1378
6.8917,1455
6.8944,1534
6.8972,1620
6.9000,1676
6.9028,1721
6.9056,1745
6.9083,1763
6.9111,1787
6.9139,1818
6.9167,1826
6.9194,1846
6.9222,1845
6.9250,1853
6.9278,1856
6.9306,1872
6.9333,1884
6.9361,1911
6.9389,1907
6.9417,1906
6.9444,1899
6.9472,1901
6.9500,1894
6.9528,1923
6.9556,1933
6.9583,1942
6.9611,1930
6.9639,1930
6.9667,1932
6.9694,1931
6.9722,1950
6.9750,1973
6.9778,1998
6.9806,2003
6.9833,1997
6.9861,2000
6.9889,2015
6.9917,2026
6.9944,2032
6.9972,2043
7.0000,2049
7.0028,2063
7.0056,2059
7.0083,2056
7.0111,2059
7.0139,2071
7.0167,2089
7.0194,2104
7.0222,2134
7.0250,2140
7.0278,2107
7.0306,2081
7.0333,2052
7.0361,2016
7.0389,1986
7.0417,1949
7.0444,1917
7.0472,1884
7.0500,1865
7.0528,1845
7.0556,1831
7.0583,1799
7.0611,1760
7.0639,1721
7.0667,1689
7.0694,1680
7.0722,1678
7.0750,1682
7.0778,1670
7.0806,1669
7.0833,1660
7.0861,1650
7.0889,1658
7.0917,1664
7.0944,1661
7.0972,1680
7.1000,1664
7.1028,1657
7.1056,1643
7.1083,1640
7.1111,1634
7.1139,1642
7.1167,1655
7.1194,1654
7.1222,1662
7.1250,1664
7.1278,1655
7.1306,1667
7.1333,1676
7.1361,1678
7.1389,1681
7.1417,1670
7.1444,1664
7.1472,1663
7.1500,1671
7.1528,1673
7.1556,1692
7.1583,1695
7.1611,1688
7.1639,1690
7.1667,1680
7.1694,1672
7.1722,1672
7.1750,1675
7.1778,1677
7.1806,1684
7.1833,1686
7.1861,1692
7.1889,1699
7.1917,1700
7.1944,1689
7.1972,1675
7.2000,1669
7.2028,1672
7.2056,1673
7.2083,1674
7.2111,1671
7.2139,1672
7.2167,1669
7.2194,1671
7.2222,1663
7.2250,1667
7.2278,1662
7.2306,1652
7.2333,1648
7.2361,1647
7.2389,1646
7.2417,1641
7.2444,1637
7.2472,1635
7.2500,1635
7.2528,1637
7.2556,1625
7.2583,1629
7.2611,1628
7.2639,1628
7.2667,1627
7.2694,1632
7.2722,1622
7.2750,1632
7.2778,1636
7.2806,1633
7.2833,1628
7.2861,1618
7.2889,1619
7.2917,1620
7.2944,1624
7.2972,1623
7.3000,1617
7.3028,1613
7.3056,1621
7.3083,1631
7.3111,1630
7.3139,1637
7.3167,1649
7.3194,1653
7.3222,1667
7.3250,1684
7.3278,1701
7.3306,1722
7.3333,1751
7.3361,1772
7.3389,1783
7.3417,1790
7.3444,1797
7.3472,1815
7.3500,1840
7.3528,1853
7.3556,1891
7.3583,1922
7.3611,1949
7.3639,1977
7.3667,1990
7.3694,1993
7.3722,1967
7.3750,1932
7.3778,1891
7.3806,1840
7.3833,1780
7.3861,1707
7.3889,1650
7.3917,1617
7.3944,1590
7.3972,1581
7.4000,1564
7.4028,1552
7.4056,1545
7.4083,1545
7.4111,1539
7.4139,1550
7.4167,1557
7.4194,1542
7.4222,1536
7.4250,1521
7.4278,1518
7.4306,1507
7.4333,1520
7.4361,1528
7.4389,1550
7.4417,1530
7.4444,1530
7.4472,1521
7.4500,1517
7.4528,1535
7.4556,1560
7.4583,1594
7.4611,1601
7.4639,1588
7.4667,1553
7.4694,1523
7.4722,1518
7.4750,1559
7.4778,1673
7.4806,1857
7.4833,2170
7.4861,2404
7.4889,2484
7.4917,2456
7.4944,2436
7.4972,2411
7.5000,2382
7.5028,2219
7.5056,1945
7.5083,1661
7.5111,1461
7.5139,1320
7.5167,1216
7.5194,1114
7.5222,1032
7.5250,997
7.5278,990
7.5306,1028
7.5333,1077
7.5361,1140
7.5389,1196
7.5417,1246
7.5444,1302
7.5472,1382
7.5500,1452
7.5528,1537
7.5556,1593
7.5583,1629
7.5611,1650
7.5639,1669
7.5667,1692
7.5694,1711
7.5722,1735
7.5750,1756
7.5778,1766
7.5806,1769
7.5833,1761
7.5861,1775
7.5889,1781
7.5917,1783
7.5944,1802
7.5972,1808
7.6000,1804
7.6028,1810
7.6056,1817
7.6083,1823
7.6111,1837
7.6139,1851
7.6167,1861
7.6194,1860
7.6222,1865
7.6250,1868
7.6278,1870
7.6306,1878
7.6333,1889
7.6361,1893
7.6389,1904
7.6417,1902
7.6444,1907
7.6472,1918
7.6500,1932
7.6528,1946
7.6556,1952
7.6583,1964
7.6611,1954
7.6639,1975
7.6667,1984
7.6694,2009
7.6722,2024
7.6750,2044
7.6778,1973
7.6806,1973
7.6833,1939
7.6861,1912
7.6889,1894
7.6917,1889
7.6944,1864
7.6972,1822
7.7000,1787
7.7028,1744
7.7056,1731
7.7083,1711
7.7111,1688
7.7139,1668
7.7167,1654
7.7194,1618
7.7222,1596
7.7250,1584
7.7278,1581
7.7306,1575
7.7333,1573
7.7361,1561
7.7389,1557
7.7417,1560
7.7444,1552
7.7472,1546
7.7500,1551
7.7528,1553
7.7556,1555
7.7583,1546
7.7611,1547
7.7639,1552
7.7667,1545
7.7694,1560
7.7722,1578
7.7750,1569
7.7778,1556
7.7806,1551
7.7833,1542
7.7861,1553
7.7889,1570
7.7917,1593
7.7944,1602
7.7972,1597
7.8000,1574
7.8028,1568
7.8056,1571
7.8083,1593
7.8111,1603
7.8139,1599
7.8167,1586
7.8194,1582
7.8222,1585
7.8250,1605
7.8278,1629
7.8306,1639
7.8333,1643
7.8361,1624
7.8389,1612
7.8417,1595
7.8444,1600
7.8472,1616
7.8500,1630
7.8528,1639
7.8556,1645
7.8583,1644
7.8611,1645
7.8639,1645
7.8667,1640
7.8694,1636
7.8722,1635
7.8750,1629
7.8778,1618
7.8806,1611
7.8833,1608
7.8861,1621
7.8889,1629
7.8917,1629
7.8944,1631
7.8972,1633
7.9000,1620
7.9028,1604
7.9056,1598
7.9083,1602
7.9111,1608
7.9139,1610
7.9167,1598
7.9194,1592
7.9222,1605
7.9250,1593
7.9278,1604
7.9306,1601
7.9333,1592
7.9361,1587
7.9389,1587
7.9417,1596
7.9444,1618
7.9472,1645
7.9500,1669
7.9528,1690
7.9556,1696
7.9583,1692
7.9611,1695
7.9639,1701
7.9667,1723
7.9694,1753
7.9722,1795
7.9750,1823
7.9778,1855
7.9806,1875
7.9833,1891
7.9861,1909
7.9889,1923
7.9917,1943
7.9944,1949
7.9972,1950
8.0000,1926
8.0028,1899
8.0056,1866
8.0083,1802
8.0111,1727
8.0139,1637
8.0167,1575
8.0194,1542
8.0222,1521
8.0250,1515
8.0278,1517
8.0306,1508
8.0333,1499
8.0361,1487
8.0389,1479
8.0417,1474
8.0444,1478
8.0472,1464
8.0500,1472
8.0528,1470
8.0556,1476
8.0583,1468
8.0611,1465
8.0639,1457
8.0667,1447
8.0694,1454
8.0722,1447
8.0750,1455
8.0778,1468
8.0806,1482
8.0833,1512
8.0861,1543
8.0889,1558
8.0917,1549
8.0944,1520
8.0972,1502
8.1000,1489
8.1028,1520
8.1056,1643
8.1083,1849
8.1111,2150
8.1139,2374
8.1167,2424
8.1194,2388
8.1222,2348
8.1250,2338
8.1278,2312
8.1306,2156
8.1333,1873
8.1361,1585
8.1389,1382
8.1417,1241
8.1444,1138
8.1472,1043
8.1500,972
8.1528,957
8.1556,980
8.1583,1018
8.1611,1082
8.1639,1143
8.1667,1193
8.1694,1230
8.1722,1294
8.1750,1370
8.1778,1444
8.1806,1522
8.1833,1581
8.1861,1617
8.1889,1649
8.1917,1671
8.1944,1691
8.1972,1704
8.2000,1733
8.2028,1733
8.2056,1740
8.2083,1740
8.2111,1736
8.2139,1743
8.2167,1764
8.2194,1775
8.2222,1776
8.2250,1784
8.2278,1785
8.2306,1798
8.2333,1806
8.2361,1819
8.2389,1827
8.2417,1827
8.2444,1835
8.2472,1825
8.2500,1822
8.2528,1841
8.2556,1858
8.2583,1882
8.2611,1878
8.2639,1877
8.2667,1867
8.2694,1874
8.2722,1894
8.2750,1913
8.2778,1929
8.2806,1943
8.2833,1952
8.2861,1957
8.2889,1968
8.2917,1974
8.2944,1997
8.2972,2019
8.3000,2034
8.3028,2047
8.3056,2036
8.3083,2033
8.3111,1999
8.3139,1964
8.3167,1937
8.3194,1916
8.3222,1881
8.3250,1851
8.3278,1809
8.3306,1767
8.3333,1748
8.3361,1736
8.3389,1721
8.3417,1699
8.3444,1671
8.3472,1636
8.3500,1600
8.3528,1588
8.3556,1587
8.3583,1595
8.3611,1599
8.3639,1599
8.3667,1588
8.3694,1578
8.3722,1560
8.3750,1549
8.3778,1552
8.3806,1552
8.3833,1542
8.3861,1551
8.3889,1550
8.3917,1556
8.3944,1563
8.3972,1568
8.4000,1567
8.4028,1569
8.4056,1568
8.4083,1554
8.4111,1553
8.4139,1558
8.4167,1555
8.4194,1573
8.4222,1584
8.4250,1578
8.4278,1591
8.4306,1593
8.4333,1590
8.4361,1609
8.4389,1622
8.4417,1629
8.4444,1622
8.4472,1606
8.4500,1605
8.4528,1601
8.4556,1617
8.4583,1623
8.4611,1626
8.4639,1625
8.4667,1628
8.4694,1631
8.4722,1628
8.4750,1632
8.4778,1623
8.4806,1623
8.4833,1615
8.4861,1605
8.4889,1613
8.4917,1625
8.4944,1621
8.4972,1626
8.5000,1630
8.5028,1631
8.5056,1622
8.5083,1616
8.5111,1609
8.5139,1602
8.5167,1599
8.5194,1607
8.5222,1617
8.5250,1623
8.5278,1616
8.5306,1614
8.5333,1603
8.5361,1601
8.5389,1602
8.5417,1602
8.5444,1600
8.5472,1598
8.5500,1596
8.5528,1600
8.5556,1601
8.5583,1615
8.5611,1612
8.5639,1611
8.5667,1601
8.5694,1587
8.5722,1587
8.5750,1587
8.5778,1575
8.5806,1578
8.5833,1588
8.5861,1582
8.5889,1591
8.5917,1597
8.5944,1592
8.5972,1587
8.6000,1577
8.6028,1581
8.6056,1583
8.6083,1591
8.6111,1615
8.6139,1632
8.6167,1654
8.6194,1680
8.6222,1692
8.6250,1702
8.6278,1696
8.6306,1696
8.6333,1703
8.6361,1709
8.6389,1740
8.6417,1762
8.6444,1798
8.6472,1836
8.6500,1872
8.6528,1898
8.6556,1920
8.6583,1933
8.6611,1952
8.6639,1958
8.6667,1954
8.6694,1930
8.6722,1898
8.6750,1846
8.6778,1784
8.6806,1709
8.6833,1635
8.6861,1588
8.6889,1563
8.6917,1555
8.6944,1544
8.6972,1539
8.7000,1526
8.7028,1513
8.7056,1498
8.7083,1498
8.7111,1482
8.7139,1488
8.7167,1489
8.7194,1480
8.7222,1486
8.7250,1483
8.7278,1483
8.7306,1471
8.7333,1480
8.7361,1479
8.7389,1470
8.7417,1468
8.7444,1469
8.7472,1492
8.7500,1521
8.7528,1558
8.7556,1585
8.7583,1604
8.7611,1588
8.7639,1571
8.7667,1537
8.7694,1528
8.7722,1596
8.7750,1752
8.7778,1999
8.7806,2302
8.7833,2452
8.7861,2453
8.7889,2400
8.7917,2369
8.7944,2357
8.7972,2282
8.8000,2047
8.8028,1715
8.8056,1436
8.8083,1260
8.8111,1149
8.8139,1080
8.8167,1017
8.8194,982
8.8222,979
8.8250,1002
8.8278,1045
8.8306,1094
8.8333,1156
8.8361,1218
8.8389,1279
8.8417,1348
8.8444,1423
8.8472,1503
8.8500,1569
8.8528,1617
8.8556,1658
8.8583,1689
8.8611,1713
8.8639,1724
8.8667,1745
8.8694,1771
8.8722,1769
8.8750,1782
8.8778,1758
8.8806,1769
8.8833,1780
8.8861,1800
8.8889,1823
8.8917,1827
8.8944,1822
8.8972,1819
8.9000,1823
8.9028,1834
8.9056,1860
8.9083,1878
8.9111,1873
8.9139,1866
8.9167,1869
8.9194,1877
8.9222,1891
8.9250,1920
8.9278,1926
8.9306,1919
8.9333,1922
8.9361,1916
8.9389,1923
8.9417,1950
8.9444,1970
8.9472,1999
8.9500,2007
8.9528,2012
8.9556,2005
8.9583,2004
8.9611,2020
8.9639,2063
8.9667,2083
8.9694,2099
8.9722,2104
8.9750,2112
8.9778,2111
8.9806,2115
8.9833,2129
8.9861,2159
8.9889,2171
8.9917,2185
8.9944,2177
8.9972,2177
9.0000,1767
9.0028,1777
9.0056,1759
9.0083,1733
9.0111,1704
9.0139,1666
9.0167,1662
9.0194,1664
9.0222,1662
9.0250,1654
9.0278,1644
9.0306,1622
9.0333,1605
9.0361,1593
9.0389,1591
9.0417,1600
9.0444,1608
9.0472,1619
9.0500,1628
9.0528,1621
9.0556,1616
9.0583,1595
9.0611,1577
9.0639,1588
9.0667,1586
9.0694,1599
9.0722,1589
9.0750,1578
9.0778,1582
9.0806,1587
9.0833,1606
9.0861,1617
9.0889,1602
9.0917,1595
9.0944,1594
9.0972,1604
9.1000,1609
9.1028,1611
9.1056,1617
9.1083,1623
9.1111,1622
9.1139,1607
9.1167,1605
9.1194,1620
9.1222,1626
9.1250,1640
9.1278,1637
9.1306,1629
9.1333,1628
9.1361,1636
9.1389,1644
9.1417,1653
9.1444,1650
9.1472,1643
9.1500,1644
9.1528,1640
9.1556,1650
9.1583,1648
9.1611,1649
9.1639,1658
9.1667,1649
9.1694,1645
9.1722,1641
9.1750,1625
9.1778,1622
9.1806,1633
9.1833,1648
9.1861,1651
9.1889,1654
9.1917,1655
9.1944,1642
9.1972,1624
9.2000,1618
9.2028,1618
9.2056,1624
9.2083,1618
9.2111,1618
9.2139,1606
9.2167,1602
9.2194,1597
9.2222,1608
9.2250,1617
9.2278,1610
9.2306,1605
9.2333,1603
9.2361,1589
9.2389,1595
9.2417,1596
9.2444,1611
9.2472,1612
9.2500,1612
9.2528,1610
9.2556,1609
9.2583,1608
9.2611,1607
9.2639,1605
9.2667,1606
9.2694,1593
9.2722,1584
9.2750,1587
9.2778,1594
9.2806,1604
9.2833,1615
9.2861,1617
9.2889,1613
9.2917,1598
9.2944,1589
9.2972,1586
9.3000,1593
9.3028,1596
9.3056,1608
9.3083,1617
9.3111,1612
9.3139,1604
9.3167,1605
9.3194,1615
9.3222,1612
9.3250,1617
9.3278,1612
9.3306,1614
9.3333,1619
9.3361,1613
9.3389,1616
9.3417,1612
9.3444,1608
9.3472,1610
9.3500,1609
9.3528,1627
9.3556,1621
9.3583,1623
9.3611,1626
9.3639,1618
9.3667,1612
9.3694,1612
9.3722,1615
9.3750,1620
9.3778,1624
9.3806,1621
9.3833,1627
9.3861,1631
9.3889,1637
9.3917,1637
9.3944,1626
9.3972,1618
9.4000,1611
9.4028,1609
9.4056,1608
9.4083,1613
9.4111,1616
9.4139,1631
9.4167,1627
9.4194,1631
9.4222,1637
9.4250,1636
9.4278,1627
9.4306,1629
9.4333,1617
9.4361,1619
9.4389,1623
9.4417,1623
9.4444,1623
9.4472,1625
9.4500,1626
9.4528,1633
9.4556,1637
9.4583,1636
9.4611,1656
9.4639,1663
9.4667,1659
9.4694,1658
9.4722,1652
9.4750,1642
9.4778,1635
9.4806,1633
9.4833,1630
9.4861,1641
9.4889,1658
9.4917,1670
9.4944,1665
9.4972,1654
9.5000,1657
9.5028,1653
9.5056,1645
9.5083,1644
9.5111,1646
9.5139,1652
9.5167,1658
9.5194,1667
9.5222,1672
9.5250,1675
9.5278,1662
9.5306,1651
9.5333,1650
9.5361,1643
9.5389,1653
9.5417,1663
9.5444,1679
9.5472,1675
9.5500,1686
9.5528,1700
9.5556,1713
9.5583,1726
9.5611,1745
9.5639,1766
9.5667,1780
9.5694,1782
9.5722,1789
9.5750,1801
9.5778,1799
9.5806,1808
9.5833,1827
9.5861,1857
9.5889,1895
9.5917,1919
9.5944,1944
9.5972,1963
9.6000,1976
9.6028,1982
9.6056,1977
9.6083,1972
9.6111,1939
9.6139,1892
9.6167,1832
9.6194,1785
9.6222,1759
9.6250,1734
9.6278,1726
9.6306,1695
9.6333,1655
9.6361,1625
9.6389,1613
9.6417,1599
9.6444,1588
9.6472,1590
9.6500,1585
9.6528,1575
9.6556,1569
9.6583,1560
9.6611,1566
9.6639,1562
9.6667,1557
9.6694,1556
9.6722,1555
9.6750,1553
9.6778,1557
9.6806,1565
9.6833,1566
9.6861,1584
9.6889,1611
9.6917,1647
9.6944,1687
9.6972,1709
9.7000,1698
9.7028,1675
9.7056,1641
9.7083,1629
9.7111,1674
9.7139,1819
9.7167,2061
9.7194,2380
9.7222,2579
9.7250,2606
9.7278,2555
9.7306,2516
9.7333,2494
9.7361,2448
9.7389,2230
9.7417,1864
9.7444,1503
9.7472,1280
9.7500,1157
9.7528,1085
9.7556,1027
9.7583,1011
9.7611,1011
9.7639,1033
9.7667,1073
9.7694,1134
9.7722,1173
9.7750,1221
9.7778,1276
9.7806,1347
9.7833,1426
9.7861,1499
9.7889,1577
9.7917,1628
9.7944,1666
9.7972,1687
9.8000,1708
9.8028,1728
9.8056,1760
9.8083,1776
9.8111,1789
9.8139,1780
9.8167,1776
9.8194,1787
9.8222,1806
9.8250,1830
9.8278,1842
9.8306,1848
9.8333,1847
9.8361,1838
9.8389,1833
9.8417,1850
9.8444,1871
9.8472,1885
9.8500,1892
9.8528,1877
9.8556,1869
9.8583,1868
9.8611,1881
9.8639,1893
9.8667,1924
9.8694,1934
9.8722,1927
9.8750,1915
9.8778,1914
9.8806,1927
9.8833,1951
9.8861,1985
9.8889,2003
9.8917,2010
9.8944,2005
9.8972,2000
9.9000,2012
9.9028,2028
9.9056,2043
9.9083,2068
9.9111,2092
9.9139,2103
9.9167,2113
9.9194,2138
9.9222,2159
9.9250,2171
9.9278,2185
9.9306,2191
9.9333,2180
9.9361,2184
9.9389,1834
9.9417,1844
9.9444,1833
9.9472,1795
9.9500,1757
9.9528,1725
9.9556,1707
9.9583,1694
9.9611,1689
9.9639,1677
9.9667,1667
9.9694,1641
9.9722,1615
9.9750,1583
9.9778,1578
9.9806,1577
9.9833,1576
9.9861,1570
9.9889,1575
9.9917,1567
9.9944,1561
9.9972,1563
10.0000,1562
10.0028,1575
10.0056,1580
10.0083,1589
10.0111,1573
10.0139,1563
10.0167,1563
10.0194,1560
10.0222,1563
10.0250,1577
10.0278,1581
10.0306,1563
10.0333,1563
10.0361,1565
10.0389,1576
10.0417,1582
10.0444,1588
10.0472,1589
10.0500,1587
10.0528,1590
10.0556,1593
10.0583,1606
10.0611,1627
10.0639,1634
10.0667,1626
10.0694,1620
10.0722,1614
10.0750,1614
10.0778,1613
10.0806,1629
10.0833,1644
10.0861,1654
10.0889,1643
10.0917,1641
10.0944,1635
10.0972,1631
10.1000,1637
10.1028,1653
10.1056,1664
10.1083,1668
10.1111,1673
10.1139,1669
10.1167,1659
10.1194,1653
10.1222,1661
10.1250,1661
10.1278,1658
10.1306,1646
10.1333,1633
10.1361,1625
10.1389,1617
10.1417,1621
10.1444,1634
10.1472,1632
10.1500,1636
10.1528,1626
10.1556,1615
10.1583,1618
10.1611,1613
10.1639,1617
10.1667,1625
10.1694,1622
10.1722,1618
10.1750,1610
10.1778,1604
10.1806,1603
10.1833,1603
10.1861,1599
10.1889,1606
10.1917,1606
10.1944,1606
10.1972,1611
10.2000,1615
10.2028,1614
10.2056,1604
10.2083,1592
10.2111,1594
10.2139,1594
10.2167,1587
10.2194,1584
10.2222,1586
10.2250,1593
10.2278,1594
10.2306,1603
10.2333,1603
10.2361,1607
10.2389,1611
10.2417,1604
10.2444,1591
10.2472,1599
10.2500,1589
10.2528,1576
10.2556,1579
10.2583,1572
10.2611,1580
10.2639,1585
10.2667,1593
10.2694,1602
10.2722,1602
10.2750,1596
10.2778,1597
10.2806,1595
10.2833,1597
10.2861,1601
10.2889,1605
10.2917,1603
10.2944,1617
10.2972,1620
10.3000,1614
10.3028,1610
10.3056,1604
10.3083,1603
10.3111,1611
10.3139,1607
10.3167,1604
10.3194,1605
10.3222,1608
10.3250,1629
10.3278,1641
10.3306,1626
10.3333,1628
10.3361,1631
10.3389,1628
10.3417,1629
10.3444,1634
10.3472,1624
10.3500,1630
10.3528,1625
10.3556,1626
10.3583,1620
10.3611,1623
10.3639,1634
10.3667,1637
10.3694,1639
10.3722,1646
10.3750,1650
10.3778,1646
10.3806,1634
10.3833,1628
10.3861,1638
10.3889,1642
10.3917,1637
10.3944,1644
10.3972,1643
10.4000,1651
10.4028,1650
10.4056,1652
10.4083,1651
10.4111,1650
10.4139,1639
10.4167,1644
10.4194,1642
10.4222,1637
10.4250,1636
10.4278,1637
10.4306,1640
10.4333,1640
10.4361,1644
10.4389,1641
10.4417,1646
10.4444,1641
10.4472,1640
10.4500,1635
10.4528,1643
10.4556,1638
10.4583,1647
10.4611,1653
10.4639,1661
10.4667,1669
10.4694,1672
10.4722,1669
10.4750,1655
10.4778,1660
10.4806,1669
10.4833,1698
10.4861,1733
10.4889,1757
10.4917,1766
10.4944,1772
10.4972,1796
10.5000,1823
10.5028,1837
10.5056,1838
10.5083,1839
10.5111,1846
10.5139,1862
10.5167,1880
10.5194,1915
10.5222,1949
10.5250,1961
10.5278,1979
10.5306,1973
10.5333,1962
10.5361,1933
10.5389,1911
10.5417,1861
10.5444,1814
10.5472,1769
10.5500,1731
10.5528,1696
10.5556,1680
10.5583,1665
10.5611,1656
10.5639,1631
10.5667,1627
10.5694,1621
10.5722,1605
10.5750,1594
10.5778,1592
10.5806,1584
10.5833,1578
10.5861,1571
10.5889,1573
10.5917,1558
10.5944,1562
10.5972,1566
10.6000,1579
10.6028,1571
10.6056,1577
10.6083,1575
10.6111,1579
10.6139,1586
10.6167,1613
10.6194,1655
10.6222,1691
10.6250,1702
10.6278,1679
10.6306,1637
10.6333,1611
10.6361,1616
10.6389,1696
10.6417,1892
10.6444,2165
10.6472,2501
10.6500,2716
10.6528,2744
10.6556,2690
10.6583,2615
10.6611,2537
10.6639,2426
10.6667,2116
10.6694,1640
10.6722,1253
10.6750,1039
10.6778,953
10.6806,924
10.6833,923
10.6861,934
10.6889,952
10.6917,998
10.6944,1051
10.6972,1116
10.7000,1178
10.7028,1241
10.7056,1330
10.7083,1423
10.7111,1522
10.7139,1602
10.7167,1662
10.7194,1700
10.7222,1722
10.7250,1725
10.7278,1749
10.7306,1776
10.7333,1789
10.7361,1797
10.7389,1798
10.7417,1803
10.7444,1799
10.7472,1809
10.7500,1821
10.7528,1854
10.7556,1872
10.7583,1878
10.7611,1859
10.7639,1839
10.7667,1831
10.7694,1842
10.7722,1860
10.7750,1878
10.7778,1882
10.7806,1885
10.7833,1881
10.7861,1886
10.7889,1902
10.7917,1935
10.7944,1960
10.7972,1973
10.8000,1971
10.8028,1968
10.8056,1955
10.8083,1970
10.8111,1982
10.8139,1996
10.8167,2014
10.8194,2018
10.8222,2019
10.8250,2031
10.8278,2044
10.8306,2084
10.8333,2116
10.8361,2131
10.8389,2137
10.8417,2145
10.8444,2153
10.8472,2144
10.8500,2158
10.8528,2179
10.8556,2199
10.8583,2213
10.8611,2207
10.8639,2215
10.8667,1839
10.8694,1846
10.8722,1829
10.8750,1801
10.8778,1774
10.8806,1734
10.8833,1709
10.8861,1688
10.8889,1676
10.8917,1668
10.8944,1645
10.8972,1634
10.9000,1619
10.9028,1607
10.9056,1604
10.9083,1592
10.9111,1589
10.9139,1594
10.9167,1598
10.9194,1582
10.9222,1575
10.9250,1563
10.9278,1568
10.9306,1576
10.9333,1579
10.9361,1590
10.9389,1576
10.9417,1576
10.9444,1579
10.9472,1582
10.9500,1599
10.9528,1592
10.9556,1587
10.9583,1579
10.9611,1577
10.9639,1577
10.9667,1584
10.9694,1600
10.9722,1603
10.9750,1601
10.9778,1602
10.9806,1587
10.9833,1586
10.9861,1596
10.9889,1607
10.9917,1616
10.9944,1620
10.9972,1619
11.0000,1625
11.0028,1614
11.0056,1620
11.0083,1631
11.0111,1641
11.0139,1646
11.0167,1656
11.0194,1649
11.0222,1644
11.0250,1647
11.0278,1659
11.0306,1670
11.0333,1674
11.0361,1655
11.0389,1638
11.0417,1625
11.0444,1619
11.0472,1622
11.0500,1642
11.0528,1648
11.0556,1644
11.0583,1644
11.0611,1630
11.0639,1630
11.0667,1638
11.0694,1638
11.0722,1640
11.0750,1635
11.0778,1632
11.0806,1623
11.0833,1624
11.0861,1632
11.0889,1636
11.0917,1638
11.0944,1629
11.0972,1630
11.1000,1633
11.1028,1632
11.1056,1630
11.1083,1634
11.1111,1630
11.1139,1630
11.1167,1621
11.1194,1623
11.1222,1624
11.1250,1617
11.1278,1610
11.1306,1622
11.1333,1616
11.1361,1604
11.1389,1611
11.1417,1611
11.1444,1608
11.1472,1606
11.1500,1619
11.1528,1618
11.1556,1622
11.1583,1624
11.1611,1615
11.1639,1615
11.1667,1615
11.1694,1619
11.1722,1625
11.1750,1627
11.1778,1623
11.1806,1625
11.1833,1628
11.1861,1619
11.1889,1623
11.1917,1623
11.1944,1626
11.1972,1620
11.2000,1618
11.2028,1615
11.2056,1629
11.2083,1628
11.2111,1625
11.2139,1625
11.2167,1631
11.2194,1635
11.2222,1632
11.2250,1630
11.2278,1640
11.2306,1631
11.2333,1636
11.2361,1634
11.2389,1632
11.2417,1628
11.2444,1638
11.2472,1639
11.2500,1644
11.2528,1635
11.2556,1628
11.2583,1625
11.2611,1620
11.2639,1632
11.2667,1636
11.2694,1646
11.2722,1644
11.2750,1645
11.2778,1641
11.2806,1644
11.2833,1640
11.2861,1646
11.2889,1651
11.2917,1657
11.2944,1655
11.2972,1651
11.3000,1648
11.3028,1658
11.3056,1665
11.3083,1655
11.3111,1655
11.3139,1651
11.3167,1660
11.3194,1660
11.3222,1670
11.3250,1680
11.3278,1680
11.3306,1686
11.3333,1686
11.3361,1669
11.3389,1670
11.3417,1677
11.3444,1669
11.3472,1673
11.3500,1690
11.3528,1692
11.3556,1689
11.3583,1687
11.3611,1684
11.3639,1694
11.3667,1689
11.3694,1689
11.3722,1684
11.3750,1681
11.3778,1685
11.3806,1681
11.3833,1680
11.3861,1682
11.3889,1694
11.3917,1697
11.3944,1687
11.3972,1680
11.4000,1677
11.4028,1681
11.4056,1681
11.4083,1690
11.4111,1689
11.4139,1698
11.4167,1713
11.4194,1746
11.4222,1780
11.4250,1815
11.4278,1832
11.4306,1841
11.4333,1845
11.4361,1858
11.4389,1879
11.4417,1877
11.4444,1885
11.4472,1891
11.4500,1921
11.4528,1951
11.4556,1990
11.4583,2008
11.4611,2020
11.4639,2017
11.4667,2003
11.4694,1984
11.4722,1969
11.4750,1930
11.4778,1878
11.4806,1824
11.4833,1761
11.4861,1720
11.4889,1676
11.4917,1651
11.4944,1644
11.4972,1631
11.5000,1616
11.5028,1610
11.5056,1599
11.5083,1587
11.5111,1580
11.5139,1574
11.5167,1578
11.5194,1577
11.5222,1570
11.5250,1569
11.5278,1573
11.5306,1564
11.5333,1562
11.5361,1564
11.5389,1562
11.5417,1564
11.5444,1568
11.5472,1580
11.5500,1611
11.5528,1656
11.5556,1697
11.5583,1690
11.5611,1668
11.5639,1617
11.5667,1587
11.5694,1590
11.5722,1667
11.5750,1843
11.5778,2125
11.5806,2465
11.5833,2692
11.5861,2728
11.5889,2656
11.5917,2550
11.5944,2459
11.5972,2341
11.6000,2030
11.6028,1579
11.6056,1210
11.6083,1013
11.6111,946
11.6139,936
11.6167,944
11.6194,975
11.6222,994
11.6250,1017
11.6278,1067
11.6306,1117
11.6333,1178
11.6361,1241
11.6389,1327
11.6417,1424
11.6444,1519
11.6472,1609
11.6500,1677
11.6528,1719
11.6556,1734
11.6583,1739
11.6611,1738
11.6639,1755
11.6667,1782
11.6694,1809
11.6722,1809
11.6750,1805
11.6778,1812
11.6806,1818
11.6833,1846
11.6861,1864
11.6889,1881
11.6917,1884
11.6944,1872
11.6972,1868
11.7000,1858
11.7028,1872
11.7056,1882
11.7083,1907
11.7111,1916
11.7139,1906
11.7167,1900
11.7194,1894
11.7222,1903
11.7250,1926
11.7278,1943
11.7306,1954
11.7333,1960
11.7361,1965
11.7389,1955
11.7417,1967
11.7444,1981
11.7472,1996
11.7500,2018
11.7528,2029
11.7556,2027
11.7583,2038
11.7611,2057
11.7639,2080
11.7667,2106
11.7694,2129
11.7722,2137
11.7750,2144
11.7778,2140
11.7806,2163
11.7833,2188
11.7861,2228
11.7889,2244
11.7917,2266
11.7944,2250
11.7972,2244
11.8000,1843
11.8028,1842
11.8056,1832
11.8083,1805
11.8111,1767
11.8139,1728
11.8167,1700
11.8194,1676
11.8222,1675
11.8250,1674
11.8278,1655
11.8306,1641
11.8333,1611
11.8361,1592
11.8389,1581
11.8417,1594
11.8444,1601
11.8472,1595
11.8500,1597
11.8528,1578
11.8556,1570
11.8583,1571
11.8611,1571
11.8639,1580
11.8667,1584
11.8694,1596
11.8722,1595
11.8750,1586
11.8778,1588
11.8806,1591
11.8833,1604
11.8861,1612
11.8889,1612
11.8917,1608
11.8944,1606
11.8972,1603
11.9000,1610
11.9028,1618
11.9056,1625
11.9083,1629
11.9111,1624
11.9139,1623
11.9167,1632
11.9194,1642
11.9222,1652
11.9250,1659
11.9278,1648
11.9306,1640
11.9333,1638
11.9361,1632
11.9389,1647
11.9417,1654
11.9444,1650
11.9472,1660
11.9500,1659
11.9528,1651
11.9556,1656
11.9583,1659
11.9611,1664
11.9639,1674
11.9667,1674
11.9694,1672
11.9722,1673
11.9750,1658
11.9778,1655
11.9806,1647
11.9833,1651
11.9861,1661
11.9889,1658
11.9917,1658
11.9944,1654
11.9972,1653
12.0000,1643
12.0028,1647
12.0056,1652
12.0083,1659
12.0111,1645
12.0139,1637
12.0167,1630
12.0194,1635
12.0222,1639
12.0250,1640
12.0278,1649
12.0306,1643
12.0333,1644
12.0361,1619
12.0389,1609
12.0417,1605
12.0444,1603
12.0472,1605
12.0500,1610
12.0528,1619
12.0556,1618
12.0583,1612
12.0611,1611
12.0639,1608
12.0667,1607
12.0694,1599
12.0722,1599
12.0750,1588
12.0778,1578
12.0806,1582
12.0833,1594
12.0861,1602
12.0889,1606
12.0917,1612
12.0944,1612
12.0972,1599
12.1000,1594
12.1028,1602
12.1056,1603
12.1083,1596
12.1111,1606
12.1139,1594
12.1167,1600
12.1194,1608
12.1222,1611
12.1250,1617
12.1278,1619
12.1306,1619
12.1333,1611
12.1361,1612
12.1389,1614
12.1417,1618
12.1444,1623
12.1472,1628
12.1500,1618
12.1528,1613
12.1556,1620
12.1583,1628
12.1611,1624
12.1639,1625
12.1667,1623
12.1694,1621
12.1722,1610
12.1750,1630
12.1778,1635
12.1806,1631
12.1833,1642
12.1861,1647
12.1889,1660
12.1917,1656
12.1944,1645
12.1972,1632
12.2000,1628
12.2028,1628
12.2056,1629
12.2083,1626
12.2111,1636
12.2139,1637
12.2167,1643
12.2194,1654
12.2222,1663
12.2250,1660
12.2278,1672
12.2306,1669
12.2333,1654
12.2361,1649
12.2389,1653
12.2417,1654
12.2444,1649
12.2472,1648
12.2500,1655
12.2528,1655
12.2556,1661
12.2583,1669
12.2611,1667
12.2639,1667
12.2667,1661
12.2694,1660
12.2722,1646
12.2750,1653
12.2778,1657
12.2806,1659
12.2833,1669
12.2861,1681
12.2889,1684
12.2917,1680
12.2944,1675
12.2972,1672
12.3000,1671
12.3028,1671
12.3056,1670
12.3083,1668
12.3111,1660
12.3139,1667
12.3167,1672
12.3194,1678
12.3222,1694
12.3250,1687
12.3278,1690
12.3306,1678
12.3333,1689
12.3361,1709
12.3389,1730
12.3417,1764
12.3444,1797
12.3472,1813
12.3500,1826
12.3528,1831
12.3556,1847
12.3583,1849
12.3611,1856
12.3639,1868
12.3667,1885
12.3694,1913
12.3722,1949
12.3750,1983
12.3778,2004
12.3806,2020
12.3833,2009
12.3861,1999
12.3889,1978
12.3917,1950
12.3944,1904
12.3972,1858
12.4000,1796
12.4028,1743
12.4056,1698
12.4083,1660
12.4111,1638
12.4139,1629
12.4167,1621
12.4194,1613
12.4222,1602
12.4250,1591
12.4278,1588
12.4306,1590
12.4333,1572
12.4361,1559
12.4389,1550
12.4417,1562
12.4444,1562
12.4472,1555
12.4500,1552
12.4528,1546
12.4556,1553
12.4583,1563
12.4611,1573
12.4639,1569
12.4667,1585
12.4694,1615
12.4722,1643
12.4750,1657
12.4778,1648
12.4806,1600
12.4833,1546
12.4861,1523
12.4889,1569
12.4917,1695
12.4944,1924
12.4972,2257
12.5000,2572
12.5028,2708
12.5056,2668
12.5083,2561
12.5111,2461
12.5139,2360
12.5167,2168
12.5194,1791
12.5222,1399
12.5250,1138
12.5278,1021
12.5306,965
12.5333,937
12.5361,931
12.5389,942
12.5417,964
12.5444,1009
12.5472,1071
12.5500,1132
12.5528,1179
12.5556,1245
12.5583,1330
12.5611,1418
12.5639,1518
12.5667,1594
12.5694,1653
12.5722,1685
12.5750,1693
12.5778,1701
12.5806,1719
12.5833,1735
12.5861,1769
12.5889,1788
12.5917,1791
12.5944,1778
12.5972,1784
12.6000,1790
12.6028,1803
12.6056,1832
12.6083,1848
12.6111,1846
12.6139,1840
12.6167,1831
12.6194,1841
12.6222,1871
12.6250,1887
12.6278,1885
12.6306,1887
12.6333,1877
12.6361,1864
12.6389,1879
12.6417,1895
12.6444,1920
12.6472,1932
12.6500,1939
12.6528,1938
12.6556,1950
12.6583,1957
12.6611,1981
12.6639,1999
12.6667,2014
12.6694,2033
12.6722,2026
12.6750,2027
12.6778,2040
12.6806,2057
12.6833,2086
12.6861,2118
12.6889,2141
12.6917,2147
12.6944,2150
12.6972,2162
12.7000,2188
12.7028,2207
12.7056,2217
12.7083,2234
12.7111,2231
12.7139,2231
12.7167,1866
12.7194,1866
12.7222,1854
12.7250,1821
12.7278,1804
12.7306,1766
12.7333,1735
12.7361,1709
12.7389,1686
12.7417,1679
12.7444,1662
12.7472,1654
12.7500,1630
12.7528,1628
12.7556,1608
12.7583,1608
12.7611,1604
12.7639,1600
12.7667,1600
12.7694,1587
12.7722,1586
12.7750,1583
12.7778,1586
12.7806,1592
12.7833,1604
12.7861,1601
12.7889,1603
12.7917,1592
12.7944,1589
12.7972,1591
12.8000,1596
12.8028,1607
12.8056,1612
12.8083,1621
12.8111,1608
12.8139,1602
12.8167,1612
12.8194,1620
12.8222,1621
12.8250,1629
12.8278,1631
12.8306,1629
12.8333,1635
12.8361,1631
12.8389,1651
12.8417,1662
12.8444,1667
12.8472,1668
12.8500,1654
12.8528,1644
12.8556,1650
12.8583,1642
12.8611,1651
12.8639,1667
12.8667,1664
12.8694,1668
12.8722,1671
12.8750,1657
12.8778,1654
12.8806,1652
12.8833,1653
12.8861,1661
12.8889,1659
12.8917,1659
12.8944,1658
12.8972,1661
12.9000,1664
12.9028,1666
12.9056,1674
12.9083,1666
12.9111,1665
12.9139,1666
12.9167,1659
12.9194,1651
12.9222,1644
12.9250,1643
12.9278,1640
12.9306,1646
12.9333,1641
12.9361,1643
12.9389,1648
12.9417,1649
12.9444,1644
12.9472,1641
12.9500,1636
12.9528,1620
12.9556,1625
12.9583,1626
12.9611,1623
12.9639,1628
12.9667,1629
12.9694,1618
12.9722,1620
12.9750,1627
12.9778,1629
12.9806,1631
12.9833,1626
12.9861,1622
12.9889,1617
12.9917,1628
12.9944,1627
12.9972,1627
13.0000,1624
13.0028,1626
13.0056,1632
13.0083,1626
13.0111,1610
13.0139,1623
13.0167,1617
13.0194,1628
13.0222,1630
13.0250,1629
13.0278,1627
13.0306,1629
13.0333,1629
13.0361,1630
13.0389,1633
13.0417,1635
13.0444,1628
13.0472,1622
13.0500,1617
13.0528,1620
13.0556,1622
13.0583,1630
13.0611,1628
13.0639,1623
13.0667,1631
13.0694,1631
13.0722,1639
13.0750,1638
13.0778,1635
13.0806,1636
13.0833,1638
13.0861,1649
13.0889,1641
13.0917,1634
13.0944,1638
13.0972,1643
13.1000,1641
13.1028,1646
13.1056,1654
13.1083,1659
13.1111,1660
13.1139,1648
13.1167,1654
13.1194,1656
13.1222,1653
13.1250,1647
13.1278,1656
13.1306,1647
13.1333,1650
13.1361,1658
13.1389,1670
13.1417,1668
13.1444,1662
13.1472,1664
13.1500,1658
13.1528,1660
13.1556,1673
13.1583,1661
13.1611,1662
13.1639,1672
13.1667,1671
13.1694,1674
13.1722,1670
13.1750,1670
13.1778,1670
13.1806,1667
13.1833,1671
13.1861,1679
13.1889,1676
13.1917,1675
13.1944,1667
13.1972,1665
13.2000,1671
13.2028,1683
13.2056,1685
13.2083,1686
13.2111,1687
13.2139,1690
13.2167,1701
13.2194,1712
13.2222,1745
13.2250,1779
13.2278,1807
13.2306,1822
13.2333,1814
13.2361,1836
13.2389,1843
13.2417,1849
13.2444,1862
13.2472,1869
13.2500,1881
13.2528,1914
13.2556,1939
13.2583,1977
13.2611,2012
13.2639,2029
13.2667,2027
13.2694,2007
13.2722,1991
13.2750,1964
13.2778,1930
13.2806,1875
13.2833,1813
13.2861,1748
13.2889,1688
13.2917,1649
13.2944,1629
13.2972,1628
13.3000,1621
13.3028,1614
13.3056,1607
13.3083,1604
13.3111,1592
13.3139,1596
13.3167,1579
13.3194,1572
13.3222,1558
13.3250,1556
13.3278,1563
13.3306,1551
13.3333,1547
13.3361,1548
13.3389,1556
13.3417,1555
13.3444,1558
13.3472,1567
13.3500,1570
13.3528,1601
13.3556,1620
13.3583,1640
13.3611,1643
13.3639,1616
13.3667,1568
13.3694,1534
13.3722,1551
13.3750,1654
13.3778,1872
13.3806,2178
13.3833,2523
13.3861,2684
13.3889,2682
13.3917,2593
13.3944,2482
13.3972,2382
13.4000,2213
13.4028,1867
13.4056,1457
13.4083,1182
13.4111,1047
13.4139,989
13.4167,960
13.4194,944
13.4222,942
13.4250,956
13.4278,985
13.4306,1035
13.4333,1104
13.4361,1158
13.4389,1220
13.4417,1301
13.4444,1399
13.4472,1495
13.4500,1589
13.4528,1650
13.4556,1683
13.4583,1699
13.4611,1697
13.4639,1710
13.4667,1736
13.4694,1761
13.4722,1784
13.4750,1790
13.4778,1794
13.4806,1796
13.4833,1809
13.4861,1823
13.4889,1839
13.4917,1834
13.4944,1837
13.4972,1827
13.5000,1820
13.5028,1835
13.5056,1848
13.5083,1876
13.5111,1890
13.5139,1886
13.5167,1871
13.5194,1866
13.5222,1870
13.5250,1891
13.5278,1913
13.5306,1932
13.5333,1951
13.5361,1943
13.5389,1950
13.5417,1954
13.5444,1960
13.5472,1972
13.5500,1987
13.5528,2003
13.5556,2004
13.5583,2013
13.5611,2024
13.5639,2035
13.5667,2056
13.5694,2090
13.5722,2098
13.5750,2107
13.5778,2168
13.5806,2152
13.5833,2119
13.5861,2101
13.5889,2061
13.5917,2011
13.5944,1971
13.5972,1925
13.6000,1872
13.6028,1836
13.6056,1799
13.6083,1768
13.6111,1743
13.6139,1719
13.6167,1694
13.6194,1659
13.6222,1629
13.6250,1612
13.6278,1613
13.6306,1608
13.6333,1595
13.6361,1581
13.6389,1562
13.6417,1560
13.6444,1556
13.6472,1551
13.6500,1555
13.6528,1555
13.6556,1542
13.6583,1529
13.6611,1538
13.6639,1547
13.6667,1552
13.6694,1564
13.6722,1556
13.6750,1554
13.6778,1545
13.6806,1549
13.6833,1544
13.6861,1549
13.6889,1556
13.6917,1567
13.6944,1567
13.6972,1564
13.7000,1566
13.7028,1573
13.7056,1580
13.7083,1574
13.7111,1586
13.7139,1580
13.7167,1587
13.7194,1589
13.7222,1591
13.7250,1602
13.7278,1595
13.7306,1609
13.7333,1610
13.7361,1604
13.7389,1599
13.7417,1601
13.7444,1605
13.7472,1608
13.7500,1609
13.7528,1616
13.7556,1607
13.7583,1602
13.7611,1601
13.7639,1601
13.7667,1613
13.7694,1615
13.7722,1618
13.7750,1608
13.7778,1608
13.7806,1594
13.7833,1589
13.7861,1593
13.7889,1594
13.7917,1606
13.7944,1600
13.7972,1603
13.8000,1594
13.8028,1596
13.8056,1600
13.8083,1598
13.8111,1595
13.8139,1587
13.8167,1574
13.8194,1570
13.8222,1565
13.8250,1566
13.8278,1579
13.8306,1590
13.8333,1590
13.8361,1579
13.8389,1578
13.8417,1579
13.8444,1579
13.8472,1577
13.8500,1571
13.8528,1578
13.8556,1585
13.8583,1583
13.8611,1575
13.8639,1575
13.8667,1580
13.8694,1586
13.8722,1586
13.8750,1584
13.8778,1581
13.8806,1574
13.8833,1576
13.8861,1583
13.8889,1585
13.8917,1587
13.8944,1594
13.8972,1595
13.9000,1591
13.9028,1585
13.9056,1588
13.9083,1589
13.9111,1585
13.9139,1577
13.9167,1585
13.9194,1582
13.9222,1584
13.9250,1586
13.9278,1593
13.9306,1591
13.9333,1592
13.9361,1590
13.9389,1587
13.9417,1585
13.9444,1587
13.9472,1591
13.9500,1601
13.9528,1592
13.9556,1591
13.9583,1588
13.9611,1592
13.9639,1596
13.9667,1596
13.9694,1601
13.9722,1612
13.9750,1614
13.9778,1607
13.9806,1596
13.9833,1608
13.9861,1604
13.9889,1615
13.9917,1607
13.9944,1620
13.9972,1627
14.0000,1636
14.0028,1627
14.0056,1632
14.0083,1623
14.0111,1625
14.0139,1618
14.0167,1623
14.0194,1626
14.0222,1639
14.0250,1639
14.0278,1655
14.0306,1643
14.0333,1637
14.0361,1632
14.0389,1635
14.0417,1629
14.0444,1640
14.0472,1636
14.0500,1657
14.0528,1680
14.0556,1721
14.0583,1752
14.0611,1772
14.0639,1785
14.0667,1801
14.0694,1810
14.0722,1806
14.0750,1821
14.0778,1839
14.0806,1858
14.0833,1876
14.0861,1920
14.0889,1948
14.0917,1976
14.0944,2007
14.0972,2014
14.1000,1994
14.1028,1983
14.1056,1963
14.1083,1930
14.1111,1879
14.1139,1815
14.1167,1750
14.1194,1689
14.1222,1642
14.1250,1625
14.1278,1606
14.1306,1606
14.1333,1602
14.1361,1591
14.1389,1577
14.1417,1565
14.1444,1557
14.1472,1558
14.1500,1566
14.1528,1552
14.1556,1540
14.1583,1534
14.1611,1534
14.1639,1541
14.1667,1531
14.1694,1537
14.1722,1537
14.1750,1539
14.1778,1547
14.1806,1560
14.1833,1577
14.1861,1608
14.1889,1632
14.1917,1639
14.1944,1609
14.1972,1570
14.2000,1544
14.2028,1554
14.2056,1640
14.2083,1824
14.2111,2087
14.2139,2445
14.2167,2680
14.2194,2705
14.2222,2631
14.2250,2518
14.2278,2413
14.2306,2286
14.2333,1983
14.2361,1584
14.2389,1262
14.2417,1101
14.2444,1027
14.2472,989
14.2500,964
14.2528,944
14.2556,946
14.2583,972
14.2611,1024
14.2639,1088
14.2667,1158
14.2694,1215
14.2722,1300
14.2750,1391
14.2778,1493
14.2806,1571
14.2833,1646
14.2861,1689
14.2889,1719
14.2917,1735
14.2944,1744
14.2972,1760
14.3000,1774
14.3028,1791
14.3056,1806
14.3083,1816
14.3111,1810
14.3139,1813
14.3167,1827
14.3194,1856
14.3222,1862
14.3250,1873
14.3278,1876
14.3306,1870
14.3333,1872
14.3361,1880
14.3389,1890
14.3417,1903
14.3444,1917
14.3472,1910
14.3500,1904
14.3528,1907
14.3556,1915
14.3583,1943
14.3611,1959
14.3639,1988
14.3667,1987
14.3694,1991
14.3722,1992
14.3750,1996
14.3778,2008
14.3806,2023
14.3833,2029
14.3861,2040
14.3889,2038
14.3917,2049
14.3944,2073
14.3972,2106
14.4000,2115
14.4028,2144
14.4056,2155
14.4083,2179
14.4111,2174
14.4139,2187
14.4167,2193
14.4194,2201
14.4222,2221
14.4250,2229
14.4278,2236
14.4306,2247
14.4333,1867
14.4361,1873
14.4389,1846
14.4417,1812
14.4444,1779
14.4472,1743
14.4500,1718
14.4528,1711
14.4556,1703
14.4583,1687
14.4611,1676
14.4639,1647
14.4667,1628
14.4694,1624
14.4722,1625
14.4750,1625
14.4778,1627
14.4806,1634
14.4833,1617
14.4861,1615
14.4889,1612
14.4917,1620
14.4944,1624
14.4972,1629
14.5000,1628
14.5028,1628
14.5056,1618
14.5083,1616
14.5111,1613
14.5139,1619
14.5167,1637
14.5194,1646
14.5222,1647
14.5250,1642
14.5278,1631
14.5306,1632
14.5333,1639
14.5361,1657
14.5389,1662
14.5417,1662
14.5444,1654
14.5472,1644
14.5500,1655
14.5528,1645
14.5556,1647
14.5583,1661
14.5611,1663
14.5639,1666
14.5667,1664
14.5694,1645
14.5722,1646
14.5750,1652
14.5778,1664
14.5806,1671
14.5833,1663
14.5861,1662
14.5889,1667
14.5917,1661
14.5944,1670
14.5972,1665
14.6000,1666
14.6028,1656
14.6056,1649
14.6083,1634
14.6111,1625
14.6139,1629
14.6167,1630
14.6194,1646
14.6222,1649
14.6250,1647
14.6278,1634
14.6306,1638
14.6333,1631
14.6361,1646
14.6389,1639
14.6417,1638
14.6444,1622
14.6472,1614
14.6500,1617
14.6528,1614
14.6556,1614
14.6583,1623
14.6611,1626
14.6639,1612
14.6667,1603
14.6694,1596
14.6722,1602
14.6750,1606
14.6778,1605
14.6806,1616
14.6833,1614
14.6861,1610
14.6889,1597
14.6917,1593
14.6944,1587
14.6972,1600
14.7000,1602
14.7028,1601
14.7056,1593
14.7083,1592
14.7111,1594
14.7139,1590
14.7167,1600
14.7194,1607
14.7222,1605
14.7250,1610
14.7278,1604
14.7306,1601
14.7333,1610
14.7361,1606
14.7389,1609
14.7417,1600
14.7444,1593
14.7472,1590
14.7500,1589
14.7528,1598
14.7556,1605
14.7583,1607
14.7611,1617
14.7639,1612
14.7667,1612
14.7694,1612
14.7722,1609
14.7750,1612
14.7778,1612
14.7806,1612
14.7833,1617
14.7861,1616
14.7889,1615
14.7917,1610
14.7944,1624
14.7972,1626
14.8000,1619
14.8028,1613
14.8056,1620
14.8083,1628
14.8111,1644
14.8139,1668
14.8167,1705
14.8194,1745
14.8222,1759
14.8250,1775
14.8278,1776
14.8306,1782
14.8333,1795
14.8361,1799
14.8389,1817
14.8417,1844
14.8444,1874
14.8472,1901
14.8500,1941
14.8528,1973
14.8556,1999
14.8583,2007
14.8611,1993
14.8639,1972
14.8667,1951
14.8694,1907
14.8722,1844
14.8750,1779
14.8778,1708
14.8806,1659
14.8833,1614
14.8861,1582
14.8889,1573
14.8917,1570
14.8944,1555
14.8972,1548
14.9000,1550
14.9028,1550
14.9056,1547
14.9083,1533
14.9111,1524
14.9139,1521
14.9167,1520
14.9194,1519
14.9222,1515
14.9250,1516
14.9278,1510
14.9306,1508
14.9333,1510
14.9361,1518
14.9389,1522
14.9417,1526
14.9444,1541
14.9472,1563
14.9500,1588
14.9528,1600
14.9556,1579
14.9583,1543
14.9611,1516
14.9639,1511
14.9667,1582
14.9694,1738
14.9722,2013
14.9750,2377
14.9778,2647
14.9806,2704
14.9833,2655
14.9861,2536
14.9889,2412
14.9917,2259
14.9944,1950
14.9972,1539
15.0000,1220
15.0028,1040
15.0056,961
15.0083,929
15.0111,894
15.0139,886
15.0167,877
15.0194,905
15.0222,945
15.0250,1016
15.0278,1082
15.0306,1147
15.0333,1243
15.0361,1337
15.0389,1430
15.0417,1520
15.0444,1600
15.0472,1634
15.0500,1671
15.0528,1686
15.0556,1703
15.0583,1721
15.0611,1731
15.0639,1758
15.0667,1761
15.0694,1767
15.0722,1772
15.0750,1779
15.0778,1804
15.0806,1822
15.0833,1832
15.0861,1840
15.0889,1834
15.0917,1831
15.0944,1836
15.0972,1844
15.1000,1856
15.1028,1861
15.1056,1869
15.1083,1856
15.1111,1864
15.1139,1860
15.1167,1872
15.1194,1885
15.1222,1901
15.1250,1923
15.1278,1925
15.1306,1928
15.1333,1932
15.1361,1943
15.1389,1956
15.1417,1977
15.1444,1992
15.1472,2005
15.1500,2010
15.1528,2018
15.1556,2036
15.1583,2048
15.1611,2082
15.1639,2092
15.1667,2102
15.1694,2102
15.1722,2107
15.1750,2119
15.1778,2138
15.1806,2150
15.1833,2163
15.1861,2178
15.1889,2179
15.1917,2184
15.1944,1810
15.1972,1815
15.2000,1796
15.2028,1773
15.2056,1741
15.2083,1720
15.2111,1683
15.2139,1672
15.2167,1661
15.2194,1659
15.2222,1641
15.2250,1624
15.2278,1604
15.2306,1585
15.2333,1573
15.2361,1595
15.2389,1593
15.2417,1612
15.2444,1599
15.2472,1591
15.2500,1577
15.2528,1580
15.2556,1587
15.2583,1591
15.2611,1600
15.2639,1590
15.2667,1589
15.2694,1585
15.2722,1596
15.2750,1601
15.2778,1617
15.2806,1617
15.2833,1625
15.2861,1616
15.2889,1608
15.2917,1607
15.2944,1613
15.2972,1621
15.3000,1636
15.3028,1628
15.3056,1628
15.3083,1621
15.3111,1622
15.3139,1627
15.3167,1639
15.3194,1646
15.3222,1660
15.3250,1648
15.3278,1653
15.3306,1646
15.3333,1640
15.3361,1646
15.3389,1657
15.3417,1665
15.3444,1661
15.3472,1645
15.3500,1632
15.3528,1630
15.3556,1628
15.3583,1633
15.3611,1627
15.3639,1631
15.3667,1624
15.3694,1624
15.3722,1631
15.3750,1626
15.3778,1629
15.3806,1629
15.3833,1637
15.3861,1635
15.3889,1624
15.3917,1623
15.3944,1607
15.3972,1609
15.4000,1609
15.4028,1622
15.4056,1608
15.4083,1609
15.4111,1613
15.4139,1623
15.4167,1629
15.4194,1633
15.4222,1629
15.4250,1620
15.4278,1600
15.4306,1594
15.4333,1586
15.4361,1595
15.4389,1603
15.4417,1601
15.4444,1593
15.4472,1597
15.4500,1597
15.4528,1595
15.4556,1608
15.4583,1602
15.4611,1598
15.4639,1610
15.4667,1610
15.4694,1596
15.4722,1602
15.4750,1603
15.4778,1615
15.4806,1612
15.4833,1599
15.4861,1589
15.4889,1578
15.4917,1587
15.4944,1598
15.4972,1611
15.5000,1608
15.5028,1608
15.5056,1603
15.5083,1599
15.5111,1601
15.5139,1606
15.5167,1613
15.5194,1618
15.5222,1629
15.5250,1628
15.5278,1625
15.5306,1626
15.5333,1639
15.5361,1681
15.5389,1707
15.5417,1731
15.5444,1744
15.5472,1746
15.5500,1754
15.5528,1770
15.5556,1777
15.5583,1802
15.5611,1816
15.5639,1846
15.5667,1866
15.5694,1898
15.5722,1919
15.5750,1958
15.5778,1980
15.5806,1994
15.5833,2001
15.5861,1985
15.5889,1956
15.5917,1919
15.5944,1863
15.5972,1798
15.6000,1723
15.6028,1664
15.6056,1623
15.6083,1603
15.6111,1595
15.6139,1589
15.6167,1580
15.6194,1570
15.6222,1559
15.6250,1556
15.6278,1540
15.6306,1542
15.6333,1525
15.6361,1522
15.6389,1521
15.6417,1524
15.6444,1518
15.6472,1525
15.6500,1527
15.6528,1535
15.6556,1523
15.6583,1518
15.6611,1519
15.6639,1525
15.6667,1543
15.6694,1561
15.6722,1583
15.6750,1585
15.6778,1574
15.6806,1550
15.6833,1525
15.6861,1510
15.6889,1561
15.6917,1685
15.6944,1906
15.6972,2221
15.7000,2509
15.7028,2614
15.7056,2564
15.7083,2497
15.7111,2423
15.7139,2353
15.7167,2151
15.7194,1828
15.7222,1535
15.7250,1335
15.7278,1216
15.7306,1124
15.7333,1045
15.7361,986
15.7389,954
15.7417,958
15.7444,987
15.7472,1042
15.7500,1098
15.7528,1167
15.7556,1216
15.7583,1281
15.7611,1367
15.7639,1452
15.7667,1518
15.7694,1577
15.7722,1614
15.7750,1639
15.7778,1672
15.7806,1689
15.7833,1714
15.7861,1740
15.7889,1753
15.7917,1760
15.7944,1762
15.7972,1760
15.8000,1766
15.8028,1792
15.8056,1799
15.8083,1799
15.8111,1803
15.8139,1809
15.8167,1811
15.8194,1807
15.8222,1829
15.8250,1838
15.8278,1842
15.8306,1850
15.8333,1857
15.8361,1865
15.8389,1869
15.8417,1879
15.8444,1904
15.8472,1917
15.8500,1916
15.8528,1925
15.8556,1911
15.8583,1920
15.8611,1927
15.8639,1945
15.8667,1951
15.8694,1958
15.8722,1977
15.8750,1974
15.8778,1990
15.8806,2021
15.8833,2036
15.8861,2052
15.8889,2060
15.8917,2106
15.8944,2098
15.8972,2077
15.9000,2060
15.9028,2026
15.9056,1994
15.9083,1947
15.9111,1915
15.9139,1876
15.9167,1850
15.9194,1807
15.9222,1784
15.9250,1768
15.9278,1739
15.9306,1717
15.9333,1701
15.9361,1675
15.9389,1656
15.9417,1641
15.9444,1633
15.9472,1626
15.9500,1623
15.9528,1607
15.9556,1605
15.9583,1591
15.9611,1596
15.9639,1596
15.9667,1595
15.9694,1589
15.9722,1581
15.9750,1583
15.9778,1590
15.9806,1599
15.9833,1607
15.9861,1608
15.9889,1597
15.9917,1587
15.9944,1583
15.9972,1593
16.0000,1603
16.0028,1614
16.0056,1626
16.0083,1622
16.0111,1610
16.0139,1615
16.0167,1619
16.0194,1612
16.0222,1613
16.0250,1609
16.0278,1625
16.0306,1629
16.0333,1636
16.0361,1642
16.0389,1640
16.0417,1654
16.0444,1659
16.0472,1669
16.0500,1662
16.0528,1654
16.0556,1638
16.0583,1631
16.0611,1636
16.0639,1650
16.0667,1650
16.0694,1662
16.0722,1659
16.0750,1651
16.0778,1647
16.0806,1644
16.0833,1642
16.0861,1638
16.0889,1636
16.0917,1639
16.0944,1623
16.0972,1629
16.1000,1634
16.1028,1636
16.1056,1637
16.1083,1643
16.1111,1650
16.1139,1643
16.1167,1628
16.1194,1617
16.1222,1611
16.1250,1607
16.1278,1615
16.1306,1620
16.1333,1627
16.1361,1631
16.1389,1620
16.1417,1614
16.1444,1628
16.1472,1626
16.1500,1620
16.1528,1611
16.1556,1606
16.1583,1604
16.1611,1615
16.1639,1621
16.1667,1632
16.1694,1637
16.1722,1610
16.1750,1592
16.1778,1596
16.1806,1610
16.1833,1622
16.1861,1633
16.1889,1660
16.1917,1684
16.1944,1709
16.1972,1727
16.2000,1735
16.2028,1739
16.2056,1744
16.2083,1764
16.2111,1776
16.2139,1812
16.2167,1837
16.2194,1858
16.2222,1876
16.2250,1900
16.2278,1915
16.2306,1951
16.2333,1969
16.2361,1991
16.2389,1982
16.2417,1955
16.2444,1930
16.2472,1887
16.2500,1835
16.2528,1769
16.2556,1693
16.2583,1636
16.2611,1590
16.2639,1560
16.2667,1548
16.2694,1547
16.2722,1532
16.2750,1519
16.2778,1520
16.2806,1521
16.2833,1508
16.2861,1504
16.2889,1502
16.2917,1503
16.2944,1494
16.2972,1484
16.3000,1488
16.3028,1491
16.3056,1495
16.3083,1492
16.3111,1494
16.3139,1503
16.3167,1508
16.3194,1519
16.3222,1540
16.3250,1557
16.3278,1571
16.3306,1574
16.3333,1557
16.3361,1544
16.3389,1518
16.3417,1518
16.3444,1554
16.3472,1672
16.3500,1859
16.3528,2159
16.3556,2441
16.3583,2546
16.3611,2525
16.3639,2470
16.3667,2429
16.3694,2395
16.3722,2255
16.3750,1983
16.3778,1704
16.3806,1481
16.3833,1333
16.3861,1225
16.3889,1134
16.3917,1051
16.3944,1004
16.3972,994
16.4000,1015
16.4028,1065
16.4056,1124
16.4083,1195
16.4111,1262
16.4139,1332
16.4167,1394
16.4194,1461
16.4222,1528
16.4250,1593
16.4278,1634
16.4306,1668
16.4333,1696
16.4361,1734
16.4389,1760
16.4417,1764
16.4444,1770
16.4472,1770
16.4500,1770
16.4528,1763
16.4556,1777
16.4583,1792
16.4611,1804
16.4639,1826
16.4667,1826
16.4694,1817
16.4722,1801
16.4750,1812
16.4778,1817
16.4806,1849
16.4833,1858
16.4861,1864
16.4889,1865
16.4917,1859
16.4944,1855
16.4972,1860
16.5000,1877
16.5028,1892
16.5056,1910
16.5083,1932
16.5111,1932
16.5139,1936
16.5167,1946
16.5194,1952
16.5222,1953
16.5250,1957
16.5278,1952
16.5306,1969
16.5333,1992
16.5361,2010
16.5389,2036
16.5417,2045
16.5444,2063
16.5472,2061
16.5500,2065
16.5528,2064
16.5556,2074
16.5583,2089
16.5611,2122
16.5639,2135
16.5667,2135
16.5694,2118
16.5722,2123
16.5750,1822
16.5778,1824
16.5806,1813
16.5833,1781
16.5861,1742
16.5889,1718
16.5917,1690
16.5944,1702
16.5972,1683
16.6000,1681
16.6028,1666
16.6056,1651
16.6083,1632
16.6111,1620
16.6139,1611
16.6167,1623
16.6194,1634
16.6222,1634
16.6250,1628
16.6278,1620
16.6306,1607
16.6333,1608
16.6361,1615
16.6389,1624
16.6417,1626
16.6444,1615
16.6472,1601
16.6500,1597
16.6528,1601
16.6556,1621
16.6583,1620
16.6611,1628
16.6639,1638
16.6667,1632
16.6694,1635
16.6722,1638
16.6750,1639
16.6778,1641
16.6806,1640
16.6833,1644
16.6861,1635
16.6889,1636
16.6917,1637
16.6944,1649
16.6972,1653
16.7000,1658
16.7028,1664
16.7056,1677
16.7083,1685
16.7111,1678
16.7139,1676
16.7167,1669
16.7194,1671
16.7222,1669
16.7250,1674
16.7278,1670
16.7306,1665
16.7333,1660
16.7361,1657
16.7389,1655
16.7417,1656
16.7444,1653
16.7472,1662
16.7500,1663
16.7528,1661
16.7556,1660
16.7583,1664
16.7611,1656
16.7639,1639
16.7667,1645
16.7694,1638
16.7722,1636
16.7750,1642
16.7778,1646
16.7806,1654
16.7833,1656
16.7861,1653
16.7889,1640
16.7917,1641
16.7944,1648
16.7972,1652
16.8000,1648
16.8028,1649
16.8056,1647
16.8083,1661
16.8111,1690
16.8139,1712
16.8167,1744
16.8194,1749
16.8222,1762
16.8250,1751
16.8278,1757
16.8306,1793
16.8333,1819
16.8361,1862
16.8389,1900
16.8417,1917
16.8444,1917
16.8472,1931
16.8500,1954
16.8528,1969
16.8556,1994
16.8583,2006
16.8611,1993
16.8639,1964
16.8667,1912
16.8694,1866
16.8722,1786
16.8750,1700
16.8778,1636
16.8806,1598
16.8833,1576
16.8861,1557
16.8889,1541
16.8917,1540
16.8944,1536
16.8972,1544
16.9000,1542
16.9028,1539
16.9056,1537
16.9083,1524
16.9111,1515
16.9139,1510
16.9167,1503
16.9194,1499
16.9222,1502
16.9250,1497
16.9278,1513
16.9306,1510
16.9333,1510
16.9361,1510
16.9389,1516
16.9417,1538
16.9444,1560
16.9472,1584
16.9500,1606
16.9528,1600
16.9556,1567
16.9583,1542
16.9611,1526
16.9639,1545
16.9667,1632
16.9694,1796
16.9722,2057
16.9750,2361
16.9778,2491
16.9806,2479
16.9833,2421
16.9861,2377
16.9889,2344
16.9917,2249
16.9944,2002
16.9972,1692
17.0000,1451
17.0028,1291
17.0056,1189
17.0083,1089
17.0111,1004
17.0139,951
17.0167,949
17.0194,972
17.0222,1019
17.0250,1074
17.0278,1142
17.0306,1201
17.0333,1256
17.0361,1337
17.0389,1424
17.0417,1508
17.0444,1575
17.0472,1612
17.0500,1634
17.0528,1654
17.0556,1665
17.0583,1696
17.0611,1725
17.0639,1749
17.0667,1746
17.0694,1733
17.0722,1737
17.0750,1751
17.0778,1769
17.0806,1794
17.0833,1796
17.0861,1804
17.0889,1807
17.0917,1810
17.0944,1811
17.0972,1838
17.1000,1857
17.1028,1853
17.1056,1863
17.1083,1845
17.1111,1842
17.1139,1844
17.1167,1864
17.1194,1891
17.1222,1900
17.1250,1911
17.1278,1922
17.1306,1924
17.1333,1928
17.1361,1942
17.1389,1953
17.1417,1969
17.1444,1973
17.1472,1971
17.1500,1977
17.1528,1972
17.1556,1990
17.1583,2006
17.1611,2041
17.1639,2046
17.1667,2065
17.1694,2074
17.1722,2084
17.1750,2093
17.1778,2113
17.1806,2128
17.1833,2131
17.1861,2136
17.1889,2143
17.1917,2149
17.1944,1784
17.1972,1792
17.2000,1757
17.2028,1725
17.2056,1691
17.2083,1671
17.2111,1651
17.2139,1655
17.2167,1656
17.2194,1651
17.2222,1642
17.2250,1628
17.2278,1613
17.2306,1591
17.2333,1589
17.2361,1598
17.2389,1610
17.2417,1615
17.2444,1610
17.2472,1614
17.2500,1611
17.2528,1605
17.2556,1606
17.2583,1619
17.2611,1621
17.2639,1614
17.2667,1599
17.2694,1594
17.2722,1604
17.2750,1617
17.2778,1638
17.2806,1644
17.2833,1651
17.2861,1638
17.2889,1641
17.2917,1648
17.2944,1659
17.2972,1672
17.3000,1674
17.3028,1658
17.3056,1647
17.3083,1645
17.3111,1646
17.3139,1666
17.3167,1682
17.3194,1685
17.3222,1684
17.3250,1683
17.3278,1677
17.3306,1669
17.3333,1656
17.3361,1667
17.3389,1660
17.3417,1679
17.3444,1681
17.3472,1676
17.3500,1673
17.3528,1678
17.3556,1678
17.3583,1680
17.3611,1679
17.3639,1691
17.3667,1679
17.3694,1674
17.3722,1661
17.3750,1668
17.3778,1666
17.3806,1661
17.3833,1674
17.3861,1670
17.3889,1658
17.3917,1654
17.3944,1648
17.3972,1644
17.4000,1650
17.4028,1653
17.4056,1653
17.4083,1643
17.4111,1645
17.4139,1669
17.4167,1687
17.4194,1715
17.4222,1734
17.4250,1748
17.4278,1747
17.4306,1741
17.4333,1738
17.4361,1750
17.4389,1764
17.4417,1795
17.4444,1823
17.4472,1867
17.4500,1895
17.4528,1935
17.4556,1957
17.4583,1976
17.4611,1990
17.4639,1995
17.4667,1993
17.4694,1977
17.4722,1956
17.4750,1923
17.4778,1878
17.4806,1816
17.4833,1735
17.4861,1658
17.4889,1607
17.4917,1566
17.4944,1550
17.4972,1541
17.5000,1544
17.5028,1543
17.5056,1540
17.5083,1524
17.5111,1515
17.5139,1509
17.5167,1508
17.5194,1507
17.5222,1509
17.5250,1506
17.5278,1495
17.5306,1484
17.5333,1483
17.5361,1478
17.5389,1489
17.5417,1500
17.5444,1504
17.5472,1516
17.5500,1523
17.5528,1542
17.5556,1566
17.5583,1596
17.5611,1603
17.5639,1593
17.5667,1571
17.5694,1552
17.5722,1538
17.5750,1583
17.5778,1700
17.5806,1910
17.5833,2222
17.5861,2443
17.5889,2500
17.5917,2468
17.5944,2428
17.5972,2409
17.6000,2356
17.6028,2184
17.6056,1854
17.6083,1543
17.6111,1325
17.6139,1208
17.6167,1121
17.6194,1050
17.6222,984
17.6250,959
17.6278,951
17.6306,971
17.6333,1025
17.6361,1102
17.6389,1173
17.6417,1224
17.6444,1290
17.6472,1367
17.6500,1449
17.6528,1515
17.6556,1560
17.6583,1598
17.6611,1630
17.6639,1661
17.6667,1694
17.6694,1711
17.6722,1728
17.6750,1734
17.6778,1732
17.6806,1737
17.6833,1737
17.6861,1745
17.6889,1760
17.6917,1767
17.6944,1781
17.6972,1774
17.7000,1771
17.7028,1784
17.7056,1800
17.7083,1819
17.7111,1837
17.7139,1844
17.7167,1846
17.7194,1851
17.7222,1840
17.7250,1846
17.7278,1851
17.7306,1867
17.7333,1880
17.7361,1887
17.7389,1893
17.7417,1894
17.7444,1903
17.7472,1915
17.7500,1939
17.7528,1959
17.7556,1966
17.7583,1974
17.7611,1970
17.7639,1977
17.7667,1986
17.7694,2006
17.7722,2025
17.7750,2042
17.7778,2044
17.7806,2046
17.7833,2058
17.7861,2075
17.7889,2101
17.7917,2119
17.7944,2132
17.7972,2137
17.8000,2125
17.8028,1767
17.8056,1776
17.8083,1756
17.8111,1740
17.8139,1729
17.8167,1699
17.8194,1674
17.8222,1659
17.8250,1643
17.8278,1633
17.8306,1623
17.8333,1623
17.8361,1615
17.8389,1607
17.8417,1605
17.8444,1602
17.8472,1600
17.8500,1596
17.8528,1586
17.8556,1577
17.8583,1572
17.8611,1575
17.8639,1586
17.8667,1597
17.8694,1598
17.8722,1591
17.8750,1585
17.8778,1579
17.8806,1571
17.8833,1579
17.8861,1585
17.8889,1589
17.8917,1596
17.8944,1602
17.8972,1591
17.9000,1589
17.9028,1592
17.9056,1596
17.9083,1603
17.9111,1615
17.9139,1629
17.9167,1623
17.9194,1621
17.9222,1628
17.9250,1640
17.9278,1643
17.9306,1648
17.9333,1632
17.9361,1625
17.9389,1621
17.9417,1619
17.9444,1641
17.9472,1633
17.9500,1633
17.9528,1629
17.9556,1629
17.9583,1629
17.9611,1636
17.9639,1644
17.9667,1630
17.9694,1634
17.9722,1631
17.9750,1632
17.9778,1616
17.9806,1629
17.9833,1629
17.9861,1637
17.9889,1635
17.9917,1642
17.9944,1640
17.9972,1632
18.0000,1622
18.0028,1631
18.0056,1616
18.0083,1608
18.0111,1608
18.0139,1600
18.0167,1604
18.0194,1606
18.0222,1611
18.0250,1623
18.0278,1620
18.0306,1609
18.0333,1609
18.0361,1594
18.0389,1600
18.0417,1595
18.0444,1605
18.0472,1612
18.0500,1616
18.0528,1620
18.0556,1612
18.0583,1615
18.0611,1611
18.0639,1606
18.0667,1617
18.0694,1614
18.0722,1614
18.0750,1613
18.0778,1595
18.0806,1590
18.0833,1589
18.0861,1600
18.0889,1611
18.0917,1619
18.0944,1635
18.0972,1634
18.1000,1635
18.1028,1648
18.1056,1677
18.1083,1707
18.1111,1718
18.1139,1724
18.1167,1724
18.1194,1722
18.1222,1735
18.1250,1762
18.1278,1797
18.1306,1833
18.1333,1860
18.1361,1885
18.1389,1914
18.1417,1925
18.1444,1941
18.1472,1953
18.1500,1962
18.1528,1944
18.1556,1917
18.1583,1879
18.1611,1838
18.1639,1772
18.1667,1699
18.1694,1632
18.1722,1580
18.1750,1552
18.1778,1526
18.1806,1516
18.1833,1508
18.1861,1514
18.1889,1518
18.1917,1515
18.1944,1505
18.1972,1490
18.2000,1478
18.2028,1459
18.2056,1450
18.2083,1444
18.2111,1467
18.2139,1480
18.2167,1476
18.2194,1479
18.2222,1481
18.2250,1483
18.2278,1483
18.2306,1485
18.2333,1494
18.2361,1514
18.2389,1553
18.2417,1584
18.2444,1607
18.2472,1585
18.2500,1558
18.2528,1535
18.2556,1549
18.2583,1627
18.2611,1773
18.2639,2021
18.2667,2330
18.2694,2505
18.2722,2529
18.2750,2485
18.2778,2427
18.2806,2407
18.2833,2327
18.2861,2091
18.2889,1744
18.2917,1442
18.2944,1248
18.2972,1142
18.3000,1059
18.3028,984
18.3056,943
18.3083,936
18.3111,965
18.3139,1015
18.3167,1083
18.3194,1144
18.3222,1192
18.3250,1239
18.3278,1323
18.3306,1397
18.3333,1478
18.3361,1555
18.3389,1597
18.3417,1618
18.3444,1641
18.3472,1673
18.3500,1694
18.3528,1721
18.3556,1738
18.3583,1752
18.3611,1754
18.3639,1741
18.3667,1745
18.3694,1761
18.3722,1783
18.3750,1794
18.3778,1791
18.3806,1777
18.3833,1781
18.3861,1786
18.3889,1805
18.3917,1834
18.3944,1842
18.3972,1853
18.4000,1848
18.4028,1846
18.4056,1848
18.4083,1852
18.4111,1867
18.4139,1880
18.4167,1881
18.4194,1892
18.4222,1886
18.4250,1895
18.4278,1904
18.4306,1925
18.4333,1947
18.4361,1960
18.4389,1964
18.4417,1973
18.4444,1979
18.4472,1985
18.4500,2010
18.4528,2023
18.4556,2037
18.4583,2054
18.4611,2060
18.4639,2055
18.4667,2075
18.4694,2089
18.4722,2110
18.4750,2124
18.4778,2137
18.4806,2139
18.4833,2146
18.4861,1782
18.4889,1797
18.4917,1769
18.4944,1750
18.4972,1720
18.5000,1708
18.5028,1686
18.5056,1675
18.5083,1671
18.5111,1667
18.5139,1658
18.5167,1639
18.5194,1614
18.5222,1600
18.5250,1588
18.5278,1584
18.5306,1594
18.5333,1601
18.5361,1596
18.5389,1601
18.5417,1599
18.5444,1595
18.5472,1588
18.5500,1585
18.5528,1582
18.5556,1580
18.5583,1578
18.5611,1582
18.5639,1582
18.5667,1575
18.5694,1586
18.5722,1590
18.5750,1592
18.5778,1599
18.5806,1593
18.5833,1601
18.5861,1603
18.5889,1607
18.5917,1614
18.5944,1617
18.5972,1616
18.6000,1620
18.6028,1616
18.6056,1627
18.6083,1639
18.6111,1642
18.6139,1655
18.6167,1642
18.6194,1640
18.6222,1633
18.6250,1633
18.6278,1649
18.6306,1661
18.6333,1674
18.6361,1662
18.6389,1650
18.6417,1636
18.6444,1637
18.6472,1640
18.6500,1645
18.6528,1653
18.6556,1661
18.6583,1652
18.6611,1650
18.6639,1643
18.6667,1637
18.6694,1652
18.6722,1660
18.6750,1658
18.6778,1661
18.6806,1646
18.6833,1647
18.6861,1645
18.6889,1652
18.6917,1648
18.6944,1635
18.6972,1627
18.7000,1606
18.7028,1608
18.7056,1609
18.7083,1627
18.7111,1641
18.7139,1639
18.7167,1629
18.7194,1623
18.7222,1614
18.7250,1609
18.7278,1612
18.7306,1612
18.7333,1611
18.7361,1603
18.7389,1608
18.7417,1609
18.7444,1605
18.7472,1612
18.7500,1617
18.7528,1606
18.7556,1598
18.7583,1584
18.7611,1593
18.7639,1581
18.7667,1601
18.7694,1608
18.7722,1619
18.7750,1622
18.7778,1617
18.7806,1607
18.7833,1593
18.7861,1603
18.7889,1600
18.7917,1605
18.7944,1618
18.7972,1621
18.8000,1615
18.8028,1615
18.8056,1610
18.8083,1608
18.8111,1609
18.8139,1615
18.8167,1622
18.8194,1603
18.8222,1602
18.8250,1601
18.8278,1617
18.8306,1622
18.8333,1630
18.8361,1617
18.8389,1611
18.8417,1609
18.8444,1630
18.8472,1631
18.8500,1640
18.8528,1639
18.8556,1628
18.8583,1616
18.8611,1613
18.8639,1610
18.8667,1624
18.8694,1628
18.8722,1640
18.8750,1643
18.8778,1640
18.8806,1641
18.8833,1635
18.8861,1637
18.8889,1639
18.8917,1638
18.8944,1639
18.8972,1638
18.9000,1633
18.9028,1630
18.9056,1645
18.9083,1646
18.9111,1645
18.9139,1642
18.9167,1641
18.9194,1648
18.9222,1653
18.9250,1659
18.9278,1653
18.9306,1643
18.9333,1649
18.9361,1647
18.9389,1642
18.9417,1643
18.9444,1647
18.9472,1661
18.9500,1682
18.9528,1710
18.9556,1736
18.9583,1747
18.9611,1763
18.9639,1776
18.9667,1806
18.9694,1812
18.9722,1815
18.9750,1815
18.9778,1814
18.9806,1827
18.9833,1858
18.9861,1900
18.9889,1943
18.9917,1957
18.9944,1959
18.9972,1942
19.0000,1937
19.0028,1915
19.0056,1889
19.0083,1843
19.0111,1797
19.0139,1747
19.0167,1702
19.0194,1666
19.0222,1642
19.0250,1630
19.0278,1619
19.0306,1614
19.0333,1593
19.0361,1581
19.0389,1568
19.0417,1558
19.0444,1559
19.0472,1551
19.0500,1555
19.0528,1563
19.0556,1560
19.0583,1558
19.0611,1548
19.0639,1550
19.0667,1544
19.0694,1543
19.0722,1548
19.0750,1555
19.0778,1567
19.0806,1567
19.0833,1571
19.0861,1591
19.0889,1629
19.0917,1664
19.0944,1671
19.0972,1659
19.1000,1614
19.1028,1580
19.1056,1600
19.1083,1696
19.1111,1889
19.1139,2184
19.1167,2487
19.1194,2636
19.1222,2632
19.1250,2578
19.1278,2513
19.1306,2473
19.1333,2368
19.1361,2063
19.1389,1666
19.1417,1369
19.1444,1184
19.1472,1109
19.1500,1052
19.1528,989
19.1556,967
19.1583,980
19.1611,1011
19.1639,1066
19.1667,1115
19.1694,1174
19.1722,1217
19.1750,1290
19.1778,1359
19.1806,1445
19.1833,1534
19.1861,1606
19.1889,1651
19.1917,1680
19.1944,1693
19.1972,1711
19.2000,1734
19.2028,1752
19.2056,1764
19.2083,1773
19.2111,1765
19.2139,1767
19.2167,1788
19.2194,1800
19.2222,1825
19.2250,1826
19.2278,1824
19.2306,1814
19.2333,1799
19.2361,1814
19.2389,1830
19.2417,1856
19.2444,1872
19.2472,1901
19.2500,1901
19.2528,1888
19.2556,1881
19.2583,1893
19.2611,1915
19.2639,1922
19.2667,1935
19.2694,1931
19.2722,1925
19.2750,1927
19.2778,1936
19.2806,1954
19.2833,1965
19.2861,1975
19.2889,1978
19.2917,1981
19.2944,1985
19.2972,2011
19.3000,2040
19.3028,2053
19.3056,2069
19.3083,2078
19.3111,2083
19.3139,2100
19.3167,2111
19.3194,2136
19.3222,2151
19.3250,2173
19.3278,2194
19.3306,2184
19.3333,2185
19.3361,1840
19.3389,1849
19.3417,1823
19.3444,1789
19.3472,1756
19.3500,1721
19.3528,1700
19.3556,1695
19.3583,1692
19.3611,1680
19.3639,1662
19.3667,1644
19.3694,1623
19.3722,1602
19.3750,1601
19.3778,1593
19.3806,1606
19.3833,1601
19.3861,1594
19.3889,1593
19.3917,1570
19.3944,1573
19.3972,1579
19.4000,1589
19.4028,1598
19.4056,1585
19.4083,1565
19.4111,1561
19.4139,1573
19.4167,1573
19.4194,1586
19.4222,1594
19.4250,1603
19.4278,1601
19.4306,1599
19.4333,1604
19.4361,1601
19.4389,1602
19.4417,1609
19.4444,1619
19.4472,1616
19.4500,1622
19.4528,1618
19.4556,1611
19.4583,1616
19.4611,1622
19.4639,1617
19.4667,1620
19.4694,1618
19.4722,1626
19.4750,1622
19.4778,1633
19.4806,1639
19.4833,1637
19.4861,1636
19.4889,1636
19.4917,1643
19.4944,1653
19.4972,1659
19.5000,1674
19.5028,1671
19.5056,1672
19.5083,1655
19.5111,1643
19.5139,1637
19.5167,1639
19.5194,1642
19.5222,1655
19.5250,1659
19.5278,1644
19.5306,1646
19.5333,1639
19.5361,1641
19.5389,1641
19.5417,1637
19.5444,1641
19.5472,1633
19.5500,1628
19.5528,1623
19.5556,1622
19.5583,1625
19.5611,1625
19.5639,1630
19.5667,1625
19.5694,1624
19.5722,1625
19.5750,1622
19.5778,1615
19.5806,1610
19.5833,1614
19.5861,1599
19.5889,1597
19.5917,1599
19.5944,1601
19.5972,1601
19.6000,1608
19.6028,1600
19.6056,1604
19.6083,1601
19.6111,1608
19.6139,1605
19.6167,1588
19.6194,1590
19.6222,1601
19.6250,1596
19.6278,1606
19.6306,1604
19.6333,1599
19.6361,1590
19.6389,1609
19.6417,1604
19.6444,1612
19.6472,1611
19.6500,1604
19.6528,1600
19.6556,1598
19.6583,1602
19.6611,1606
19.6639,1612
19.6667,1600
19.6694,1590
19.6722,1586
19.6750,1599
19.6778,1599
19.6806,1612
19.6833,1617
19.6861,1614
19.6889,1620
19.6917,1626
19.6944,1626
19.6972,1627
19.7000,1623
19.7028,1621
19.7056,1617
19.7083,1613
19.7111,1611
19.7139,1617
19.7167,1615
19.7194,1623
19.7222,1633
19.7250,1634
19.7278,1631
19.7306,1629
19.7333,1631
19.7361,1632
19.7389,1635
19.7417,1640
19.7444,1634
19.7472,1624
19.7500,1619
19.7528,1626
19.7556,1623
19.7583,1628
19.7611,1642
19.7639,1649
19.7667,1645
19.7694,1652
19.7722,1651
19.7750,1649
19.7778,1648
19.7806,1652
19.7833,1652
19.7861,1649
19.7889,1645
19.7917,1644
19.7944,1658
19.7972,1657
19.8000,1657
19.8028,1661
19.8056,1650
19.8083,1651
19.8111,1650
19.8139,1652
19.8167,1647
19.8194,1648
19.8222,1658
19.8250,1654
19.8278,1663
19.8306,1670
19.8333,1669
19.8361,1665
19.8389,1667
19.8417,1669
19.8444,1660
19.8472,1655
19.8500,1648
19.8528,1634
19.8556,1636
19.8583,1651
19.8611,1656
19.8639,1657
19.8667,1658
19.8694,1657
19.8722,1668
19.8750,1664
19.8778,1666
19.8806,1671
19.8833,1671
19.8861,1671
19.8889,1671
19.8917,1680
19.8944,1684
19.8972,1672
19.9000,1687
19.9028,1679
19.9056,1681
19.9083,1677
19.9111,1686
19.9139,1678
19.9167,1683
19.9194,1687
19.9222,1690
19.9250,1703
19.9278,1708
19.9306,1708
19.9333,1704
19.9361,1713
19.9389,1738
19.9417,1766
19.9444,1786
19.9472,1802
19.9500,1814
19.9528,1830
19.9556,1845
19.9583,1860
19.9611,1868
19.9639,1880
19.9667,1894
19.9694,1913
19.9722,1935
19.9750,1975
19.9778,1988
19.9806,1989
19.9833,1980
19.9861,1968
19.9889,1952
19.9917,1932
19.9944,1889
19.9972,1836
20.0000,1780
20.0028,1742
20.0056,1712
20.0083,1687
20.0111,1675
20.0139,1649
20.0167,1628
20.0194,1614
20.0222,1605
20.0250,1604
20.0278,1604
20.0306,1595
20.0333,1591
20.0361,1589
20.0389,1591
20.0417,1587
20.0444,1587
20.0472,1575
20.0500,1575
20.0528,1579
20.0556,1583
20.0583,1592
20.0611,1588
20.0639,1602
20.0667,1608
20.0694,1629
20.0722,1661
20.0750,1688
20.0778,1704
20.0806,1687
20.0833,1650
20.0861,1631
20.0889,1634
20.0917,1694
20.0944,1862
20.0972,2135
20.1000,2470
20.1028,2702
20.1056,2780
20.1083,2726
20.1111,2633
20.1139,2551
20.1167,2459
20.1194,2194
20.1222,1758
20.1250,1349
20.1278,1107
20.1306,1009
20.1333,975
20.1361,967
20.1389,980
20.1417,1008
20.1444,1039
20.1472,1083
20.1500,1135
20.1528,1184
20.1556,1235
20.1583,1319
20.1611,1407
20.1639,1491
20.1667,1587
20.1694,1661
20.1722,1709
20.1750,1732
20.1778,1734
20.1806,1748
20.1833,1759
20.1861,1789
20.1889,1809
20.1917,1828
20.1944,1825
20.1972,1829
20.2000,1816
20.2028,1840
20.2056,1849
20.2083,1858
20.2111,1873
20.2139,1871
20.2167,1863
20.2194,1867
20.2222,1884
20.2250,1895
20.2278,1897
20.2306,1901
20.2333,1898
20.2361,1881
20.2389,1880
20.2417,1897
20.2444,1922
20.2472,1941
20.2500,1956
20.2528,1965
20.2556,1967
20.2583,1964
20.2611,1976
20.2639,2003
20.2667,2024
20.2694,2045
20.2722,2051
20.2750,2055
20.2778,2059
20.2806,2066
20.2833,2088
20.2861,2114
20.2889,2135
20.2917,2162
20.2944,2162
20.2972,2165
20.3000,2177
20.3028,2194
20.3056,2220
20.3083,2235
20.3111,2243
20.3139,2255
20.3167,2256
20.3194,1894
20.3222,1903
20.3250,1885
20.3278,1854
20.3306,1828
20.3333,1796
20.3361,1768
20.3389,1745
20.3417,1727
20.3444,1722
20.3472,1700
20.3500,1682
20.3528,1656
20.3556,1627
20.3583,1607
20.3611,1608
20.3639,1620
20.3667,1622
20.3694,1614
20.3722,1599
20.3750,1595
20.3778,1586
20.3806,1593
20.3833,1599
20.3861,1603
20.3889,1600
20.3917,1591
20.3944,1589
20.3972,1586
20.4000,1590
20.4028,1596
20.4056,1610
20.4083,1615
20.4111,1606
20.4139,1595
20.4167,1587
20.4194,1584
20.4222,1596
20.4250,1594
20.4278,1607
20.4306,1604
20.4333,1591
20.4361,1600
20.4389,1605
20.4417,1613
20.4444,1617
20.4472,1619
20.4500,1622
20.4528,1622
20.4556,1623
20.4583,1622
20.4611,1623
20.4639,1613
20.4667,1613
20.4694,1611
20.4722,1614
20.4750,1617
20.4778,1618
20.4806,1632
20.4833,1638
20.4861,1643
20.4889,1647
20.4917,1641
20.4944,1644
20.4972,1641
20.5000,1641
20.5028,1648
20.5056,1646
20.5083,1661
20.5111,1664
20.5139,1659
20.5167,1653
20.5194,1651
20.5222,1657
20.5250,1657
20.5278,1641
20.5306,1640
20.5333,1632
20.5361,1636
20.5389,1638
20.5417,1645
20.5444,1652
20.5472,1644
20.5500,1648
20.5528,1630
20.5556,1625
20.5583,1615
20.5611,1612
20.5639,1618
20.5667,1630
20.5694,1620
20.5722,1624
20.5750,1613
20.5778,1611
20.5806,1617
20.5833,1612
20.5861,1615
20.5889,1612
20.5917,1614
20.5944,1607
20.5972,1604
20.6000,1607
20.6028,1607
20.6056,1601
20.6083,1607
20.6111,1608
20.6139,1608
20.6167,1602
20.6194,1600
20.6222,1611
20.6250,1605
20.6278,1602
20.6306,1610
20.6333,1592
20.6361,1589
20.6389,1585
20.6417,1593
20.6444,1604
20.6472,1612
20.6500,1610
20.6528,1612
20.6556,1600
20.6583,1597
20.6611,1594
20.6639,1608
20.6667,1617
20.6694,1608
20.6722,1620
20.6750,1614
20.6778,1620
20.6806,1617
20.6833,1614
20.6861,1609
20.6889,1613
20.6917,1610
20.6944,1615
20.6972,1615
20.7000,1612
20.7028,1620
20.7056,1628
20.7083,1625
20.7111,1635
20.7139,1639
20.7167,1638
20.7194,1642
20.7222,1643
20.7250,1649
20.7278,1640
20.7306,1645
20.7333,1640
20.7361,1638
20.7389,1636
20.7417,1633
20.7444,1644
20.7472,1656
20.7500,1652
20.7528,1646
20.7556,1644
20.7583,1651
20.7611,1646
20.7639,1646
20.7667,1656
20.7694,1658
20.7722,1660
20.7750,1656
20.7778,1659
20.7806,1658
20.7833,1665
20.7861,1664
20.7889,1666
20.7917,1664
20.7944,1669
20.7972,1662
20.8000,1658
20.8028,1662
20.8056,1664
20.8083,1672
20.8111,1680
20.8139,1673
20.8167,1675
20.8194,1671
20.8222,1675
20.8250,1677
20.8278,1680
20.8306,1682
20.8333,1673
20.8361,1680
20.8389,1679
20.8417,1681
20.8444,1696
20.8472,1697
20.8500,1699
20.8528,1695
20.8556,1695
20.8583,1692
20.8611,1687
20.8639,1689
20.8667,1694
20.8694,1692
20.8722,1690
20.8750,1686
20.8778,1689
20.8806,1698
20.8833,1691
20.8861,1697
20.8889,1684
20.8917,1687
20.8944,1686
20.8972,1686
20.9000,1670
20.9028,1684
20.9056,1687
20.9083,1687
20.9111,1684
20.9139,1692
20.9167,1686
20.9194,1681
20.9222,1684
20.9250,1676
20.9278,1680
20.9306,1691
20.9333,1691
20.9361,1678
20.9389,1678
20.9417,1690
20.9444,1715
20.9472,1750
20.9500,1773
20.9528,1800
20.9556,1812
20.9583,1822
20.9611,1834
20.9639,1844
20.9667,1853
20.9694,1857
20.9722,1869
20.9750,1894
20.9778,1932
20.9806,1953
20.9833,1986
20.9861,1992
20.9889,1985
20.9917,1957
20.9944,1950
20.9972,1935
21.0000,1898
21.0028,1859
21.0056,1819
21.0083,1758
21.0111,1721
21.0139,1693
21.0167,1666
21.0194,1647
21.0222,1631
21.0250,1629
21.0278,1615
21.0306,1614
21.0333,1602
21.0361,1599
21.0389,1603
21.0417,1597
21.0444,1589
21.0472,1580
21.0500,1578
21.0528,1572
21.0556,1566
21.0583,1570
21.0611,1567
21.0639,1561
21.0667,1571
21.0694,1574
21.0722,1587
21.0750,1603
21.0778,1628
21.0806,1673
21.0833,1698
21.0861,1693
21.0889,1664
21.0917,1614
21.0944,1594
21.0972,1617
21.1000,1736
21.1028,1949
21.1056,2265
21.1083,2592
21.1111,2725
21.1139,2709
21.1167,2613
21.1194,2515
21.1222,2432
21.1250,2256
21.1278,1878
21.1306,1451
21.1333,1152
21.1361,1004
21.1389,955
21.1417,942
21.1444,943
21.1472,957
21.1500,982
21.1528,1024
21.1556,1081
21.1583,1135
21.1611,1187
21.1639,1248
21.1667,1344
21.1694,1433
21.1722,1535
21.1750,1608
21.1778,1669
21.1806,1714
21.1833,1732
21.1861,1736
21.1889,1748
21.1917,1763
21.1944,1787
21.1972,1803
21.2000,1811
21.2028,1804
21.2056,1815
21.2083,1823
21.2111,1832
21.2139,1856
21.2167,1871
21.2194,1873
21.2222,1854
21.2250,1843
21.2278,1834
21.2306,1836
21.2333,1857
21.2361,1877
21.2389,1879
21.2417,1882
21.2444,1871
21.2472,1880
21.2500,1890
21.2528,1923
21.2556,1945
21.2583,1951
21.2611,1953
21.2639,1942
21.2667,1945
21.2694,1960
21.2722,1986
21.2750,2013
21.2778,2025
21.2806,2035
21.2833,2037
21.2861,2029
21.2889,2040
21.2917,2054
21.2944,2077
21.2972,2098
21.3000,2116
21.3028,2118
21.3056,2133
21.3083,2160
21.3111,2186
21.3139,2206
21.3167,2211
21.3194,2223
21.3222,2232
21.3250,1888
21.3278,1893
21.3306,1869
21.3333,1843
21.3361,1806
21.3389,1777
21.3417,1747
21.3444,1720
21.3472,1697
21.3500,1680
21.3528,1665
21.3556,1646
21.3583,1623
21.3611,1603
21.3639,1596
21.3667,1580
21.3694,1583
21.3722,1574
21.3750,1563
21.3778,1541
21.3806,1521
21.3833,1528
21.3861,1537
21.3889,1542
21.3917,1531
21.3944,1539
21.3972,1549
21.4000,1543
21.4028,1551
21.4056,1550
21.4083,1556
21.4111,1561
21.4139,1569
21.4167,1575
21.4194,1579
21.4222,1580
21.4250,1577
21.4278,1584
21.4306,1588
21.4333,1588
21.4361,1592
21.4389,1592
21.4417,1601
21.4444,1601
21.4472,1617
21.4500,1616
21.4528,1625
21.4556,1621
21.4583,1619
21.4611,1614
21.4639,1619
21.4667,1636
21.4694,1641
21.4722,1634
21.4750,1637
21.4778,1640
21.4806,1636
21.4833,1632
21.4861,1639
21.4889,1637
21.4917,1648
21.4944,1640
21.4972,1641
21.5000,1632
21.5028,1637
21.5056,1638
21.5083,1644
21.5111,1642
21.5139,1642
21.5167,1642
21.5194,1641
21.5222,1637
21.5250,1634
21.5278,1642
21.5306,1628
21.5333,1627
21.5361,1621
21.5389,1614
21.5417,1614
21.5444,1615
21.5472,1619
21.5500,1623
21.5528,1624
21.5556,1616
21.5583,1615
21.5611,1604
21.5639,1604
21.5667,1602
21.5694,1606
21.5722,1597
21.5750,1593
21.5778,1588
21.5806,1588
21.5833,1602
21.5861,1595
21.5889,1599
21.5917,1593
21.5944,1597
21.5972,1586
21.6000,1592
21.6028,1585
21.6056,1593
21.6083,1588
21.6111,1587
21.6139,1595
21.6167,1590
21.6194,1600
21.6222,1589
21.6250,1582
21.6278,1590
21.6306,1591
21.6333,1601
21.6361,1600
21.6389,1591
21.6417,1584
21.6444,1586
21.6472,1597
21.6500,1597
21.6528,1606
21.6556,1607
21.6583,1602
21.6611,1606
21.6639,1597
21.6667,1605
21.6694,1599
21.6722,1601
21.6750,1609
21.6778,1610
21.6806,1600
21.6833,1606
21.6861,1605
21.6889,1612
21.6917,1613
21.6944,1599
21.6972,1604
21.7000,1592
21.7028,1611
21.7056,1604
21.7083,1618
21.7111,1629
21.7139,1626
21.7167,1628
21.7194,1627
21.7222,1618
21.7250,1622
21.7278,1626
21.7306,1632
21.7333,1637
21.7361,1628
21.7389,1620
21.7417,1620
21.7444,1617
21.7472,1618
21.7500,1630
21.7528,1648
21.7556,1643
21.7583,1646
21.7611,1642
21.7639,1638
21.7667,1640
21.7694,1644
21.7722,1642
21.7750,1639
21.7778,1647
21.7806,1659
21.7833,1653
21.7861,1650
21.7889,1644
21.7917,1655
21.7944,1659
21.7972,1657
21.8000,1659
21.8028,1653
21.8056,1651
21.8083,1664
21.8111,1681
21.8139,1679
21.8167,1669
21.8194,1666
21.8222,1652
21.8250,1655
21.8278,1651
21.8306,1664
21.8333,1677
21.8361,1674
21.8389,1691
21.8417,1688
21.8444,1686
21.8472,1678
21.8500,1682
21.8528,1681
21.8556,1691
21.8583,1679
21.8611,1686
21.8639,1693
21.8667,1696
21.8694,1687
21.8722,1687
21.8750,1680
21.8778,1683
21.8806,1683
21.8833,1685
21.8861,1692
21.8889,1695
21.8917,1701
21.8944,1706
21.8972,1705
21.9000,1689
21.9028,1688
21.9056,1685
21.9083,1676
21.9111,1686
21.9139,1695
21.9167,1703
21.9194,1702
21.9222,1692
21.9250,1696
21.9278,1702
21.9306,1696
21.9333,1691
21.9361,1691
21.9389,1699
21.9417,1728
21.9444,1760
21.9472,1793
21.9500,1811
21.9528,1825
21.9556,1835
21.9583,1858
21.9611,1869
21.9639,1866
21.9667,1875
21.9694,1888
21.9722,1919
21.9750,1948
21.9778,1980
21.9806,1996
21.9833,2019
21.9861,2019
21.9889,2001
21.9917,1987
21.9944,1960
21.9972,1914
22.0000,1863
22.0028,1806
22.0056,1768
22.0083,1717
22.0111,1693
22.0139,1673
22.0167,1669
22.0194,1654
22.0222,1650
22.0250,1638
22.0278,1629
22.0306,1616
22.0333,1607
22.0361,1600
22.0389,1592
22.0417,1594
22.0444,1597
22.0472,1602
22.0500,1597
22.0528,1596
22.0556,1585
22.0583,1590
22.0611,1588
22.0639,1594
22.0667,1590
22.0694,1599
22.0722,1612
22.0750,1631
22.0778,1666
22.0806,1680
22.0833,1656
22.0861,1623
22.0889,1587
22.0917,1571
22.0944,1617
22.0972,1764
22.1000,2014
22.1028,2355
22.1056,2637
22.1083,2728
22.1111,2676
22.1139,2582
22.1167,2474
22.1194,2379
22.1222,2156
22.1250,1771
22.1278,1369
22.1306,1124
22.1333,1007
22.1361,970
22.1389,945
22.1417,936
22.1444,949
22.1472,983
22.1500,1030
22.1528,1082
22.1556,1130
22.1583,1192
22.1611,1258
22.1639,1340
22.1667,1440
22.1694,1538
22.1722,1614
22.1750,1662
22.1778,1698
22.1806,1714
22.1833,1722
22.1861,1741
22.1889,1759
22.1917,1777
22.1944,1784
22.1972,1784
22.2000,1791
22.2028,1790
22.2056,1806
22.2083,1828
22.2111,1849
22.2139,1860
22.2167,1867
22.2194,1859
22.2222,1862
22.2250,1856
22.2278,1872
22.2306,1885
22.2333,1898
22.2361,1891
22.2389,1889
22.2417,1895
22.2444,1905
22.2472,1920
22.2500,1939
22.2528,1964
22.2556,1972
22.2583,1968
22.2611,1968
22.2639,1969
22.2667,1983
22.2694,1998
22.2722,2014
22.2750,2013
22.2778,2024
22.2806,2034
22.2833,2043
22.2861,2068
22.2889,2091
22.2917,2105
22.2944,2117
22.2972,2118
22.3000,2123
22.3028,2128
22.3056,2159
22.3083,2175
22.3111,2197
22.3139,2220
22.3167,2227
22.3194,2222
22.3222,1903
22.3250,1899
22.3278,1872
22.3306,1833
22.3333,1790
22.3361,1753
22.3389,1723
22.3417,1709
22.3444,1696
22.3472,1692
22.3500,1665
22.3528,1650
22.3556,1630
22.3583,1610
22.3611,1605
22.3639,1587
22.3667,1590
22.3694,1583
22.3722,1583
22.3750,1574
22.3778,1570
22.3806,1568
22.3833,1571
22.3861,1578
22.3889,1570
22.3917,1578
22.3944,1564
22.3972,1559
22.4000,1554
22.4028,1558
22.4056,1556
22.4083,1575
22.4111,1578
22.4139,1581
22.4167,1571
22.4194,1573
22.4222,1577
22.4250,1585
22.4278,1582
22.4306,1584
22.4333,1581
22.4361,1587
22.4389,1581
22.4417,1589
22.4444,1603
22.4472,1619
22.4500,1621
22.4528,1615
22.4556,1615
22.4583,1611
22.4611,1606
22.4639,1617
22.4667,1623
22.4694,1629
22.4722,1633
22.4750,1631
22.4778,1629
22.4806,1623
22.4833,1624
22.4861,1630
22.4889,1623
22.4917,1633
22.4944,1637
22.4972,1635
22.5000,1643
22.5028,1641
22.5056,1649
22.5083,1654
22.5111,1655
22.5139,1661
22.5167,1650
22.5194,1639
22.5222,1635
22.5250,1646
22.5278,1648
22.5306,1651
22.5333,1646
22.5361,1632
22.5389,1624
22.5417,1628
22.5444,1620
22.5472,1632
22.5500,1637
22.5528,1638
22.5556,1629
22.5583,1614
22.5611,1612
22.5639,1600
22.5667,1613
22.5694,1612
22.5722,1620
22.5750,1628
22.5778,1614
22.5806,1600
22.5833,1595
22.5861,1601
22.5889,1608
22.5917,1604
22.5944,1601
22.5972,1601
22.6000,1608
22.6028,1608
22.6056,1615
22.6083,1614
22.6111,1623
22.6139,1621
22.6167,1607
22.6194,1608
22.6222,1608
22.6250,1602
22.6278,1607
22.6306,1614
22.6333,1611
22.6361,1608
22.6389,1607
22.6417,1610
22.6444,1612
22.6472,1616
22.6500,1605
22.6528,1610
22.6556,1613
22.6583,1606
22.6611,1601
22.6639,1605
22.6667,1609
22.6694,1614
22.6722,1623
22.6750,1623
22.6778,1624
22.6806,1619
22.6833,1620
22.6861,1618
22.6889,1621
22.6917,1630
22.6944,1626
22.6972,1626
22.7000,1621
22.7028,1622
22.7056,1619
22.7083,1625
22.7111,1638
22.7139,1627
22.7167,1631
22.7194,1636
22.7222,1634
22.7250,1640
22.7278,1651
22.7306,1646
22.7333,1644
22.7361,1640
22.7389,1639
22.7417,1649
22.7444,1652
22.7472,1651
22.7500,1649
22.7528,1649
22.7556,1633
22.7583,1633
22.7611,1634
22.7639,1642
22.7667,1650
22.7694,1651
22.7722,1659
22.7750,1658
22.7778,1673
22.7806,1676
22.7833,1664
22.7861,1666
22.7889,1666
22.7917,1669
22.7944,1670
22.7972,1666
22.8000,1661
22.8028,1667
22.8056,1671
22.8083,1672
22.8111,1679
22.8139,1676
22.8167,1673
22.8194,1679
22.8222,1678
22.8250,1681
22.8278,1676
22.8306,1680
22.8333,1693
22.8361,1686
22.8389,1705
22.8417,1723
22.8444,1753
22.8472,1779
22.8500,1796
22.8528,1813
22.8556,1826
22.8583,1834
22.8611,1842
22.8639,1847
22.8667,1865
22.8694,1885
22.8722,1912
22.8750,1948
22.8778,1976
22.8806,1999
22.8833,2023
22.8861,2021
22.8889,2020
22.8917,2000
22.8944,1979
22.8972,1934
22.9000,1875
22.9028,1822
22.9056,1757
22.9083,1702
22.9111,1666
22.9139,1645
22.9167,1635
22.9194,1624
22.9222,1609
22.9250,1598
22.9278,1592
22.9306,1585
22.9333,1574
22.9361,1568
22.9389,1566
22.9417,1563
22.9444,1561
22.9472,1556
22.9500,1556
22.9528,1554
22.9556,1550
22.9583,1550
22.9611,1553
22.9639,1560
22.9667,1560
22.9694,1573
22.9722,1598
22.9750,1617
22.9778,1647
22.9806,1650
22.9833,1629
22.9861,1585
22.9889,1554
22.9917,1540
22.9944,1608
22.9972,1777
23.0000,2042
23.0028,2403
23.0056,2669
23.0083,2734
23.0111,2692
23.0139,2573
23.0167,2459
23.0194,2340
23.0222,2071
23.0250,1663
23.0278,1308
23.0306,1106
23.0333,1020
23.0361,976
23.0389,946
23.0417,932
23.0444,953
23.0472,987
23.0500,1030
23.0528,1092
23.0556,1139
23.0583,1193
23.0611,1259
23.0639,1363
23.0667,1457
23.0694,1554
23.0722,1629
23.0750,1681
23.0778,1714
23.0806,1731
23.0833,1741
23.0861,1755
23.0889,1768
23.0917,1795
23.0944,1799
23.0972,1796
23.1000,1784
23.1028,1803
23.1056,1820
23.1083,1839
23.1111,1860
23.1139,1860
23.1167,1853
23.1194,1849
23.1222,1852
23.1250,1858
23.1278,1864
23.1306,1888
23.1333,1889
23.1361,1874
23.1389,1867
23.1417,1877
23.1444,1889
23.1472,1919
23.1500,1932
23.1528,1943
23.1556,1952
23.1583,1956
23.1611,1947
23.1639,1953
23.1667,1972
23.1694,1988
23.1722,2004
23.1750,2020
23.1778,2032
23.1806,2039
23.1833,2051
23.1861,2068
23.1889,2092
23.1917,2105
23.1944,2118
23.1972,2132
23.2000,2139
23.2028,2159
23.2056,2168
23.2083,2184
23.2111,2208
23.2139,2227
23.2167,2225
23.2194,2222
23.2222,1891
23.2250,1898
23.2278,1873
23.2306,1840
23.2333,1805
23.2361,1769
23.2389,1739
23.2417,1719
23.2444,1711
23.2472,1698
23.2500,1692
23.2528,1670
23.2556,1645
23.2583,1632
23.2611,1612
23.2639,1609
23.2667,1607
23.2694,1614
23.2722,1601
23.2750,1598
23.2778,1587
23.2806,1587
23.2833,1589
23.2861,1595
23.2889,1598
23.2917,1591
23.2944,1586
23.2972,1580
23.3000,1590
23.3028,1599
23.3056,1609
23.3083,1611
23.3111,1602
23.3139,1604
23.3167,1598
23.3194,1600
23.3222,1608
23.3250,1613
23.3278,1617
23.3306,1623
23.3333,1624
23.3361,1632
23.3389,1630
23.3417,1642
23.3444,1640
23.3472,1647
23.3500,1655
23.3528,1655
23.3556,1645
23.3583,1640
23.3611,1640
23.3639,1636
23.3667,1652
23.3694,1656
23.3722,1660
23.3750,1646
23.3778,1647
23.3806,1657
23.3833,1661
23.3861,1657
23.3889,1668
23.3917,1670
23.3944,1655
23.3972,1652
23.4000,1648
23.4028,1654
23.4056,1653
23.4083,1657
23.4111,1660
23.4139,1651
23.4167,1647
23.4194,1634
23.4222,1630
23.4250,1637
23.4278,1638
23.4306,1637
23.4333,1634
23.4361,1629
23.4389,1628
23.4417,1631
23.4444,1635
23.4472,1630
23.4500,1629
23.4528,1630
23.4556,1629
23.4583,1622
23.4611,1617
23.4639,1615
23.4667,1614
23.4694,1624
23.4722,1622
23.4750,1614
23.4778,1618
23.4806,1611
23.4833,1618
23.4861,1623
23.4889,1620
23.4917,1628
23.4944,1625
23.4972,1625
23.5000,1612
23.5028,1602
23.5056,1602
23.5083,1614
23.5111,1624
23.5139,1625
23.5167,1621
23.5194,1617
23.5222,1619
23.5250,1608
23.5278,1610
23.5306,1608
23.5333,1599
23.5361,1593
23.5389,1611
23.5417,1622
23.5444,1627
23.5472,1628
23.5500,1622
23.5528,1622
23.5556,1620
23.5583,1618
23.5611,1612
23.5639,1619
23.5667,1621
23.5694,1612
23.5722,1627
23.5750,1625
23.5778,1629
23.5806,1624
23.5833,1636
23.5861,1634
23.5889,1635
23.5917,1628
23.5944,1614
23.5972,1613
23.6000,1619
23.6028,1624
23.6056,1628
23.6083,1634
23.6111,1640
23.6139,1639
23.6167,1637
23.6194,1629
23.6222,1639
23.6250,1633
23.6278,1639
23.6306,1645
23.6333,1642
23.6361,1638
23.6389,1646
23.6417,1646
23.6444,1651
23.6472,1658
23.6500,1669
23.6528,1667
23.6556,1664
23.6583,1656
23.6611,1655
23.6639,1654
23.6667,1659
23.6694,1664
23.6722,1656
23.6750,1666
23.6778,1663
23.6806,1664
23.6833,1672
23.6861,1670
23.6889,1676
23.6917,1661
23.6944,1659
23.6972,1660
23.7000,1662
23.7028,1676
23.7056,1698
23.7083,1723
23.7111,1755
23.7139,1780
23.7167,1803
23.7194,1812
23.7222,1821
23.7250,1831
23.7278,1835
23.7306,1843
23.7333,1864
23.7361,1879
23.7389,1910
23.7417,1947
23.7444,1995
23.7472,2021
23.7500,2033
23.7528,2029
23.7556,2009
23.7583,1990
23.7611,1949
23.7639,1909
23.7667,1865
23.7694,1800
23.7722,1742
23.7750,1690
23.7778,1655
23.7806,1633
23.7833,1618
23.7861,1614
23.7889,1613
23.7917,1603
23.7944,1588
23.7972,1581
23.8000,1584
23.8028,1569
23.8056,1564
23.8083,1565
23.8111,1556
23.8139,1554
23.8167,1553
23.8194,1556
23.8222,1562
23.8250,1560
23.8278,1554
23.8306,1556
23.8333,1564
23.8361,1576
23.8389,1594
23.8417,1627
23.8444,1643
23.8472,1647
23.8500,1618
23.8528,1579
23.8556,1564
23.8583,1586
23.8611,1673
23.8639,1863
23.8667,2156
23.8694,2502
23.8722,2718
23.8750,2744
23.8778,2663
23.8806,2534
23.8833,2429
23.8861,2273
23.8889,1945
23.8917,1547
23.8944,1238
23.8972,1088
23.9000,1021
23.9028,979
23.9056,960
23.9083,948
23.9111,961
23.9139,987
23.9167,1038
23.9194,1097
23.9222,1164
23.9250,1229
23.9278,1307
23.9306,1395
23.9333,1476
23.9361,1565
23.9389,1637
23.9417,1689
23.9444,1718
23.9472,1742
23.9500,1759
23.9528,1769
23.9556,1790
23.9583,1800
23.9611,1805
23.9639,1795
23.9667,1804
23.9694,1809
23.9722,1827
23.9750,1850
23.9778,1874
23.9806,1883
23.9833,1888
23.9861,1875
23.9889,1869
23.9917,1867
23.9944,1880
23.9972,1890
24.0000,1895
24.0028,1883
24.0056,1884
24.0083,1895
24.0111,1913
24.0139,1938
24.0167,1960
24.0194,1958
24.0222,1968
24.0250,1972
24.0278,1957
24.0306,1966
24.0333,1995
24.0361,2021
24.0389,2036
24.0417,2041
24.0444,2046
24.0472,2051
24.0500,2067
24.0528,2073
24.0556,2094
24.0583,2107
24.0611,2113
24.0639,2190
24.0667,2187
24.0694,2155
24.0722,2115
24.0750,2097
24.0778,2060
24.0806,2021
24.0833,1986
24.0861,1934
24.0889,1905
24.0917,1867
24.0944,1838
24.0972,1802
24.1000,1771
24.1028,1735
24.1056,1701
24.1083,1684
24.1111,1672
24.1139,1653
24.1167,1651
24.1194,1637
24.1222,1625
24.1250,1611
24.1278,1601
24.1306,1602
24.1333,1602
24.1361,1591
24.1389,1594
24.1417,1594
24.1444,1573
24.1472,1572
24.1500,1583
24.1528,1597
24.1556,1607
24.1583,1624
24.1611,1617
24.1639,1610
24.1667,1611
24.1694,1609
24.1722,1614
24.1750,1618
24.1778,1626
24.1806,1623
24.1833,1628
24.1861,1628
24.1889,1629
24.1917,1641
24.1944,1663
24.1972,1665
24.2000,1675
24.2028,1682
24.2056,1665
24.2083,1659
24.2111,1662
24.2139,1664
24.2167,1680
24.2194,1678
24.2222,1678
24.2250,1676
24.2278,1673
24.2306,1672
24.2333,1683
24.2361,1683
24.2389,1686
24.2417,1680
24.2444,1680
24.2472,1673
24.2500,1679
24.2528,1684
24.2556,1687
24.2583,1690
24.2611,1692
24.2639,1682
24.2667,1678
24.2694,1670
24.2722,1670
24.2750,1679
24.2778,1679
24.2806,1671
24.2833,1668
24.2861,1664
24.2889,1660
24.2917,1665
24.2944,1662
24.2972,1661
24.3000,1655
24.3028,1650
24.3056,1644
24.3083,1644
24.3111,1638
24.3139,1648
24.3167,1645
24.3194,1656
24.3222,1657
24.3250,1656
24.3278,1650
24.3306,1641
24.3333,1642
24.3361,1645
24.3389,1644
24.3417,1647
24.3444,1650
24.3472,1644
24.3500,1636
24.3528,1643
24.3556,1651
24.3583,1653
24.3611,1647
24.3639,1650
24.3667,1646
24.3694,1648
24.3722,1643
24.3750,1650
24.3778,1640
24.3806,1630
24.3833,1634
24.3861,1629
24.3889,1638
24.3917,1634
24.3944,1647
24.3972,1642
24.4000,1650
24.4028,1652
24.4056,1656
24.4083,1646
24.4111,1647
24.4139,1651
24.4167,1658
24.4194,1656
24.4222,1660
24.4250,1670
24.4278,1654
24.4306,1671
24.4333,1669
24.4361,1668
24.4389,1680
24.4417,1675
24.4444,1671
24.4472,1684
24.4500,1679
24.4528,1679
24.4556,1682
24.4583,1690
24.4611,1685
24.4639,1682
24.4667,1673
24.4694,1674
24.4722,1683
24.4750,1689
24.4778,1691
24.4806,1693
24.4833,1695
24.4861,1699
24.4889,1701
24.4917,1696
24.4944,1712
24.4972,1704
24.5000,1707
24.5028,1697
24.5056,1695
24.5083,1690
24.5111,1684
24.5139,1687
24.5167,1688
24.5194,1699
24.5222,1711
24.5250,1711
24.5278,1715
24.5306,1726
24.5333,1733
24.5361,1750
24.5389,1784
24.5417,1820
24.5444,1842
24.5472,1845
24.5500,1864
24.5528,1876
24.5556,1888
24.5583,1903
24.5611,1916
24.5639,1927
24.5667,1948
24.5694,1977
24.5722,2015
24.5750,2044
24.5778,2072
24.5806,2072
24.5833,2062
24.5861,2052
24.5889,2033
24.5917,2005
24.5944,1955
24.5972,1901
24.6000,1827
24.6028,1771
24.6056,1727
24.6083,1697
24.6111,1683
24.6139,1683
24.6167,1683
24.6194,1672
24.6222,1661
24.6250,1650
24.6278,1643
24.6306,1635
24.6333,1633
24.6361,1628
24.6389,1624
24.6417,1618
24.6444,1625
24.6472,1616
24.6500,1619
24.6528,1620
24.6556,1633
24.6583,1635
24.6611,1637
24.6639,1629
24.6667,1638
24.6694,1649
24.6722,1686
24.6750,1696
24.6778,1694
24.6806,1662
24.6833,1631
24.6861,1633
24.6889,1674
24.6917,1795
24.6944,2014
24.6972,2342
24.7000,2656
24.7028,2787
24.7056,2767
24.7083,2670
24.7111,2560
24.7139,2462
24.7167,2267
24.7194,1897
24.7222,1526
24.7250,1291
24.7278,1171
24.7306,1120
24.7333,1069
24.7361,1029
24.7389,1005
24.7417,1021
24.7444,1059
24.7472,1121
24.7500,1193
24.7528,1262
24.7556,1331
24.7583,1409
24.7611,1504
24.7639,1601
24.7667,1681
24.7694,1742
24.7722,1765
24.7750,1785
24.7778,1801
24.7806,1811
24.7833,1830
24.7861,1857
24.7889,1870
24.7917,1874
24.7944,1880
24.7972,1889
24.8000,1900
24.8028,1918
24.8056,1926
24.8083,1942
24.8111,1931
24.8139,1930
24.8167,1928
24.8194,1932
24.8222,1953
24.8250,1961
24.8278,1977
24.8306,1975
24.8333,1963
24.8361,1962
24.8389,1976
24.8417,1989
24.8444,2022
24.8472,2032
24.8500,2037
24.8528,2028
24.8556,2034
24.8583,2023
24.8611,2030
24.8639,2055
24.8667,2071
24.8694,2086
24.8722,2085
24.8750,2079
24.8778,2088
24.8806,2104
24.8833,2121
24.8861,2144
24.8889,2153
24.8917,2169
24.8944,2179
24.8972,2187
24.9000,2203
24.9028,2218
24.9056,2235
24.9083,2241
24.9111,2246
24.9139,2234
24.9167,1922
24.9194,1926
24.9222,1903
24.9250,1867
24.9278,1832
24.9306,1801
24.9333,1764
24.9361,1741
24.9389,1732
24.9417,1728
24.9444,1717
24.9472,1691
24.9500,1667
24.9528,1652
24.9556,1646
24.9583,1645
24.9611,1636
24.9639,1637
24.9667,1630
24.9694,1621
24.9722,1613
24.9750,1613
24.9778,1613
24.9806,1624
24.9833,1623
24.9861,1618
24.9889,1605
24.9917,1597
24.9944,1597
24.9972,1593
25.0000,1598
25.0028,1603
25.0056,1616
25.0083,1618
25.0111,1615
25.0139,1626
25.0167,1614
25.0194,1628
25.0222,1620
25.0250,1623
25.0278,1618
25.0306,1614
25.0333,1623
25.0361,1624
25.0389,1633
25.0417,1651
25.0444,1659
25.0472,1656
25.0500,1649
25.0528,1634
25.0556,1627
25.0583,1630
25.0611,1633
25.0639,1641
25.0667,1641
25.0694,1641
25.0722,1644
25.0750,1643
25.0778,1642
25.0806,1640
25.0833,1631
25.0861,1632
25.0889,1614
25.0917,1613
25.0944,1618
25.0972,1617
25.1000,1625
25.1028,1618
25.1056,1614
25.1083,1611
25.1111,1607
25.1139,1612
25.1167,1612
25.1194,1609
25.1222,1610
25.1250,1607
25.1278,1610
25.1306,1605
25.1333,1600
25.1361,1592
25.1389,1593
25.1417,1587
25.1444,1601
25.1472,1596
25.1500,1588
25.1528,1578
25.1556,1580
25.1583,1576
25.1611,1578
25.1639,1577
25.1667,1571
25.1694,1574
25.1722,1568
25.1750,1583
25.1778,1582
25.1806,1582
25.1833,1586
25.1861,1582
25.1889,1567
25.1917,1568
25.1944,1554
25.1972,1560
25.2000,1565
25.2028,1572
25.2056,1568
25.2083,1576
25.2111,1569
25.2139,1558
25.2167,1570
25.2194,1570
25.2222,1566
25.2250,1565
25.2278,1568
25.2306,1564
25.2333,1572
25.2361,1579
25.2389,1575
25.2417,1574
25.2444,1582
25.2472,1576
25.2500,1566
25.2528,1564
25.2556,1553
25.2583,1562
25.2611,1568
25.2639,1567
25.2667,1566
25.2694,1562
25.2722,1564
25.2750,1571
25.2778,1579
25.2806,1584
25.2833,1592
25.2861,1582
25.2889,1579
25.2917,1572
25.2944,1566
25.2972,1563
25.3000,1574
25.3028,1585
25.3056,1585
25.3083,1593
25.3111,1592
25.3139,1576
25.3167,1576
25.3194,1572
25.3222,1586
25.3250,1606
25.3278,1633
25.3306,1647
25.3333,1666
25.3361,1683
25.3389,1698
25.3417,1709
25.3444,1708
25.3472,1709
25.3500,1730
25.3528,1750
25.3556,1779
25.3583,1816
25.3611,1852
25.3639,1885
25.3667,1894
25.3694,1894
25.3722,1885
25.3750,1881
25.3778,1873
25.3806,1827
25.3833,1776
25.3861,1713
25.3889,1646
25.3917,1601
25.3944,1555
25.3972,1521
25.4000,1516
25.4028,1519
25.4056,1516
25.4083,1512
25.4111,1493
25.4139,1493
25.4167,1477
25.4194,1468
25.4222,1459
25.4250,1459
25.4278,1461
25.4306,1455
25.4333,1455
25.4361,1457
25.4389,1455
25.4417,1462
25.4444,1458
25.4472,1463
25.4500,1461
25.4528,1463
25.4556,1485
25.4583,1491
25.4611,1514
25.4639,1522
25.4667,1518
25.4694,1501
25.4722,1484
25.4750,1465
25.4778,1494
25.4806,1587
25.4833,1781
25.4861,2087
25.4889,2384
25.4917,2502
25.4944,2488
25.4972,2431
25.5000,2373
25.5028,2337
25.5056,2219
25.5083,1957
25.5111,1667
25.5139,1442
25.5167,1277
25.5194,1151
25.5222,1053
25.5250,956
25.5278,905
25.5306,904
25.5333,934
25.5361,984
25.5389,1037
25.5417,1103
25.5444,1152
25.5472,1198
25.5500,1271
25.5528,1336
25.5556,1403
25.5583,1475
25.5611,1516
25.5639,1561
25.5667,1582
25.5694,1621
25.5722,1646
25.5750,1672
25.5778,1690
25.5806,1693
25.5833,1687
25.5861,1690
25.5889,1686
25.5917,1696
25.5944,1724
25.5972,1726
25.6000,1738
25.6028,1739
25.6056,1738
25.6083,1739
25.6111,1744
25.6139,1758
25.6167,1779
25.6194,1766
25.6222,1778
25.6250,1775
25.6278,1778
25.6306,1786
25.6333,1799
25.6361,1816
25.6389,1826
25.6417,1822
25.6444,1830
25.6472,1833
25.6500,1840
25.6528,1864
25.6556,1883
25.6583,1883
25.6611,1881
25.6639,1869
25.6667,1874
25.6694,1886
25.6722,1899
25.6750,1942
25.6778,1960
25.6806,1962
25.6833,2034
25.6861,2020
25.6889,1987
25.6917,1961
25.6944,1940
25.6972,1923
25.7000,1887
25.7028,1849
25.7056,1804
25.7083,1773
25.7111,1735
25.7139,1728
25.7167,1711
25.7194,1688
25.7222,1656
25.7250,1634
25.7278,1606
25.7306,1593
25.7333,1584
25.7361,1566
25.7389,1561
25.7417,1545
25.7444,1523
25.7472,1524
25.7500,1522
25.7528,1522
25.7556,1516
25.7583,1508
25.7611,1501
25.7639,1493
25.7667,1503
25.7694,1511
25.7722,1513
25.7750,1528
25.7778,1529
25.7806,1528
25.7833,1528
25.7861,1514
25.7889,1513
25.7917,1518
25.7944,1518
25.7972,1531
25.8000,1540
25.8028,1543
25.8056,1550
25.8083,1551
25.8111,1556
25.8139,1564
25.8167,1575
25.8194,1565
25.8222,1550
25.8250,1554
25.8278,1557
25.8306,1551
25.8333,1557
25.8361,1565
25.8389,1572
25.8417,1566
25.8444,1565
25.8472,1574
25.8500,1578
25.8528,1589
25.8556,1587
25.8583,1592
25.8611,1589
25.8639,1588
25.8667,1584
25.8694,1590
25.8722,1599
25.8750,1605
25.8778,1596
25.8806,1595
25.8833,1601
25.8861,1597
25.8889,1585
25.8917,1572
25.8944,1571
25.8972,1569
25.9000,1571
25.9028,1571
25.9056,1567
25.9083,1572
25.9111,1576
25.9139,1593
25.9167,1594
25.9194,1584
25.9222,1578
25.9250,1572
25.9278,1573
25.9306,1574
25.9333,1581
25.9361,1593
25.9389,1594
25.9417,1593
25.9444,1590
25.9472,1579
25.9500,1576
25.9528,1576
25.9556,1570
25.9583,1581
25.9611,1574
25.9639,1569
25.9667,1575
25.9694,1582
25.9722,1591
25.9750,1606
25.9778,1615
25.9806,1620
25.9833,1620
25.9861,1630
25.9889,1659
25.9917,1679
25.9944,1695
25.9972,1708
26.0000,1718
26.0028,1720
26.0056,1739
26.0083,1753
26.0111,1779
26.0139,1802
26.0167,1834
26.0194,1857
26.0222,1880
26.0250,1905
26.0278,1931
26.0306,1946
26.0333,1936
26.0361,1912
26.0389,1882
26.0417,1831
26.0444,1789
26.0472,1730
26.0500,1664
26.0528,1620
26.0556,1570
26.0583,1556
26.0611,1548
26.0639,1535
26.0667,1520
26.0694,1511
26.0722,1516
26.0750,1513
26.0778,1508
26.0806,1495
26.0833,1492
26.0861,1485
26.0889,1492
26.0917,1494
26.0944,1498
26.0972,1495
26.1000,1482
26.1028,1476
26.1056,1470
26.1083,1472
26.1111,1477
26.1139,1474
26.1167,1481
26.1194,1501
26.1222,1528
26.1250,1562
26.1278,1561
26.1306,1545
26.1333,1525
26.1361,1504
26.1389,1496
26.1417,1520
26.1444,1624
26.1472,1816
26.1500,2111
26.1528,2378
26.1556,2475
26.1583,2462
26.1611,2425
26.1639,2401
26.1667,2374
26.1694,2258
26.1722,1998
26.1750,1698
26.1778,1457
26.1806,1311
26.1833,1202
26.1861,1113
26.1889,1024
26.1917,977
26.1944,955
26.1972,979
26.2000,1026
26.2028,1088
26.2056,1150
26.2083,1214
26.2111,1275
26.2139,1334
26.2167,1420
26.2194,1495
26.2222,1563
26.2250,1610
26.2278,1634
26.2306,1658
26.2333,1676
26.2361,1697
26.2389,1705
26.2417,1731
26.2444,1733
26.2472,1735
26.2500,1732
26.2528,1747
26.2556,1767
26.2583,1776
26.2611,1773
26.2639,1773
26.2667,1769
26.2694,1770
26.2722,1790
26.2750,1811
26.2778,1822
26.2806,1827
26.2833,1822
26.2861,1832
26.2889,1835
26.2917,1831
26.2944,1843
26.2972,1858
26.3000,1868
26.3028,1876
26.3056,1881
26.3083,1887
26.3111,1889
26.3139,1903
26.3167,1917
26.3194,1920
26.3222,1935
26.3250,1947
26.3278,1954
26.3306,1958
26.3333,1987
26.3361,2011
26.3389,2027
26.3417,2039
26.3444,2028
26.3472,2028
26.3500,2029
26.3528,2044
26.3556,2066
26.3583,2099
26.3611,2117
26.3639,2123
26.3667,2130
26.3694,2121
26.3722,1762
26.3750,1772
26.3778,1763
26.3806,1749
26.3833,1720
26.3861,1691
26.3889,1666
26.3917,1648
26.3944,1647
26.3972,1640
26.4000,1640
26.4028,1626
26.4056,1591
26.4083,1565
26.4111,1566
26.4139,1584
26.4167,1596
26.4194,1592
26.4222,1591
26.4250,1573
26.4278,1559
26.4306,1550
26.4333,1566
26.4361,1590
26.4389,1603
26.4417,1613
26.4444,1595
26.4472,1572
26.4500,1563
26.4528,1567
26.4556,1574
26.4583,1594
26.4611,1597
26.4639,1602
26.4667,1595
26.4694,1606
26.4722,1610
26.4750,1623
26.4778,1624
26.4806,1623
26.4833,1621
26.4861,1610
26.4889,1611
26.4917,1608
26.4944,1609
26.4972,1624
26.5000,1632
26.5028,1639
26.5056,1625
26.5083,1619
26.5111,1617
26.5139,1621
26.5167,1618
26.5194,1620
26.5222,1620
26.5250,1616
26.5278,1617
26.5306,1628
26.5333,1645
26.5361,1649
26.5389,1652
26.5417,1643
26.5444,1634
26.5472,1625
26.5500,1626
26.5528,1629
26.5556,1629
26.5583,1630
26.5611,1639
26.5639,1634
26.5667,1621
26.5694,1619
26.5722,1611
26.5750,1620
26.5778,1616
26.5806,1613
26.5833,1603
26.5861,1606
26.5889,1616
26.5917,1621
26.5944,1627
26.5972,1636
26.6000,1646
26.6028,1660
26.6056,1678
26.6083,1683
26.6111,1700
26.6139,1710
26.6167,1713
26.6194,1727
26.6222,1729
26.6250,1743
26.6278,1763
26.6306,1809
26.6333,1854
26.6361,1880
26.6389,1899
26.6417,1918
26.6444,1937
26.6472,1946
26.6500,1955
26.6528,1953
26.6556,1939
26.6583,1922
26.6611,1889
26.6639,1831
26.6667,1768
26.6694,1687
26.6722,1619
26.6750,1577
26.6778,1546
26.6806,1530
26.6833,1531
26.6861,1510
26.6889,1514
26.6917,1504
26.6944,1500
26.6972,1510
26.7000,1500
26.7028,1494
26.7056,1482
26.7083,1466
26.7111,1460
26.7139,1461
26.7167,1453
26.7194,1463
26.7222,1468
26.7250,1481
26.7278,1491
26.7306,1490
26.7333,1498
26.7361,1501
26.7389,1512
26.7417,1546
26.7444,1576
26.7472,1591
26.7500,1594
26.7528,1561
26.7556,1529
26.7583,1513
26.7611,1548
26.7639,1645
26.7667,1821
26.7694,2103
26.7722,2380
26.7750,2481
26.7778,2470
26.7806,2423
26.7833,2408
26.7861,2372
26.7889,2261
26.7917,1983
26.7944,1689
26.7972,1448
26.8000,1305
26.8028,1187
26.8056,1085
26.8083,993
26.8111,955
26.8139,959
26.8167,990
26.8194,1028
26.8222,1074
26.8250,1145
26.8278,1196
26.8306,1261
26.8333,1324
26.8361,1410
26.8389,1481
26.8417,1536
26.8444,1579
26.8472,1605
26.8500,1636
26.8528,1660
26.8556,1685
26.8583,1701
26.8611,1701
26.8639,1712
26.8667,1707
26.8694,1705
26.8722,1715
26.8750,1731
26.8778,1749
26.8806,1761
26.8833,1766
26.8861,1779
26.8889,1782
26.8917,1794
26.8944,1814
26.8972,1830
26.9000,1834
26.9028,1819
26.9056,1817
26.9083,1808
26.9111,1815
26.9139,1836
26.9167,1860
26.9194,1888
26.9222,1892
26.9250,1889
26.9278,1880
26.9306,1882
26.9333,1891
26.9361,1913
26.9389,1930
26.9417,1932
26.9444,1939
26.9472,1936
26.9500,1943
26.9528,1978
26.9556,1997
26.9583,2014
26.9611,2026
26.9639,2028
26.9667,2032
26.9694,2041
26.9722,2064
26.9750,2090
26.9778,2118
26.9806,2138
26.9833,2137
26.9861,2131
26.9889,2122
26.9917,1764
26.9944,1771
26.9972,1755
27.0000,1731
27.0028,1707
27.0056,1676
27.0083,1655
27.0111,1657
27.0139,1655
27.0167,1648
27.0194,1638
27.0222,1609
27.0250,1591
27.0278,1574
27.0306,1574
27.0333,1590
27.0361,1603
27.0389,1597
27.0417,1595
27.0444,1578
27.0472,1567
27.0500,1581
27.0528,1582
27.0556,1599
27.0583,1604
27.0611,1602
27.0639,1578
27.0667,1557
27.0694,1562
27.0722,1583
27.0750,1600
27.0778,1619
27.0806,1613
27.0833,1618
27.0861,1601
27.0889,1603
27.0917,1616
27.0944,1617
27.0972,1622
27.1000,1619
27.1028,1612
27.1056,1610
27.1083,1614
27.1111,1623
27.1139,1638
27.1167,1644
27.1194,1638
27.1222,1638
27.1250,1624
27.1278,1623
27.1306,1622
27.1333,1638
27.1361,1652
27.1389,1663
27.1417,1658
27.1444,1653
27.1472,1637
27.1500,1643
27.1528,1645
27.1556,1652
27.1583,1660
27.1611,1658
27.1639,1649
27.1667,1636
27.1694,1624
27.1722,1633
27.1750,1648
27.1778,1653
27.1806,1654
27.1833,1637
27.1861,1629
27.1889,1625
27.1917,1627
27.1944,1627
27.1972,1628
27.2000,1623
27.2028,1615
27.2056,1616
27.2083,1617
27.2111,1627
27.2139,1619
27.2167,1619
27.2194,1617
27.2222,1616
27.2250,1610
27.2278,1617
27.2306,1615
27.2333,1621
27.2361,1628
27.2389,1629
27.2417,1646
27.2444,1649
27.2472,1672
27.2500,1682
27.2528,1701
27.2556,1719
27.2583,1727
27.2611,1714
27.2639,1714
27.2667,1729
27.2694,1751
27.2722,1783
27.2750,1820
27.2778,1861
27.2806,1881
27.2833,1886
27.2861,1910
27.2889,1929
27.2917,1959
27.2944,1964
27.2972,1964
27.3000,1948
27.3028,1926
27.3056,1896
27.3083,1839
27.3111,1771
27.3139,1698
27.3167,1635
27.3194,1592
27.3222,1567
27.3250,1563
27.3278,1551
27.3306,1551
27.3333,1543
27.3361,1534
27.3389,1518
27.3417,1492
27.3444,1477
27.3472,1480
27.3500,1483
27.3528,1494
27.3556,1494
27.3583,1493
27.3611,1498
27.3639,1485
27.3667,1479
27.3694,1478
27.3722,1467
27.3750,1475
27.3778,1493
27.3806,1505
27.3833,1527
27.3861,1555
27.3889,1582
27.3917,1613
27.3944,1607
27.3972,1595
27.4000,1568
27.4028,1550
27.4056,1578
27.4083,1670
27.4111,1855
27.4139,2149
27.4167,2416
27.4194,2528
27.4222,2513
27.4250,2474
27.4278,2422
27.4306,2393
27.4333,2237
27.4361,1927
27.4389,1586
27.4417,1337
27.4444,1199
27.4472,1114
27.4500,1045
27.4528,982
27.4556,968
27.4583,977
27.4611,1024
27.4639,1061
27.4667,1115
27.4694,1161
27.4722,1210
27.4750,1272
27.4778,1353
27.4806,1425
27.4833,1506
27.4861,1584
27.4889,1629
27.4917,1654
27.4944,1674
27.4972,1696
27.5000,1722
27.5028,1723
27.5056,1737
27.5083,1735
27.5111,1735
27.5139,1737
27.5167,1746
27.5194,1760
27.5222,1791
27.5250,1809
27.5278,1806
27.5306,1800
27.5333,1803
27.5361,1804
27.5389,1811
27.5417,1830
27.5444,1828
27.5472,1832
27.5500,1838
27.5528,1844
27.5556,1866
27.5583,1884
27.5611,1890
27.5639,1906
27.5667,1903
27.5694,1901
27.5722,1906
27.5750,1911
27.5778,1922
27.5806,1935
27.5833,1955
27.5861,1974
27.5889,1960
27.5917,1961
27.5944,1964
27.5972,1982
27.6000,2012
27.6028,2043
27.6056,2064
27.6083,2071
27.6111,2057
27.6139,2058
27.6167,2035
27.6194,2007
27.6222,1968
27.6250,1935
27.6278,1893
27.6306,1854
27.6333,1811
27.6361,1773
27.6389,1755
27.6417,1738
27.6444,1706
27.6472,1674
27.6500,1651
27.6528,1637
27.6556,1627
27.6583,1633
27.6611,1633
27.6639,1614
27.6667,1595
27.6694,1584
27.6722,1578
27.6750,1571
27.6778,1583
27.6806,1579
27.6833,1577
27.6861,1569
27.6889,1562
27.6917,1563
27.6944,1567
27.6972,1572
27.7000,1579
27.7028,1574
27.7056,1578
27.7083,1566
27.7111,1565
27.7139,1572
27.7167,1570
27.7194,1587
27.7222,1602
27.7250,1610
27.7278,1606
27.7306,1603
27.7333,1602
27.7361,1602
27.7389,1613
27.7417,1614
27.7444,1619
27.7472,1614
27.7500,1614
27.7528,1617
27.7556,1622
27.7583,1623
27.7611,1627
27.7639,1642
27.7667,1631
27.7694,1627
27.7722,1631
27.7750,1644
27.7778,1656
27.7806,1655
27.7833,1650
27.7861,1642
27.7889,1631
27.7917,1629
27.7944,1641
27.7972,1641
27.8000,1661
27.8028,1674
27.8056,1671
27.8083,1664
27.8111,1660
27.8139,1653
27.8167,1659
27.8194,1650
27.8222,1650
27.8250,1652
27.8278,1641
27.8306,1639
27.8333,1628
27.8361,1629
27.8389,1622
27.8417,1642
27.8444,1643
27.8472,1646
27.8500,1640
27.8528,1623
27.8556,1614
27.8583,1623
27.8611,1613
27.8639,1629
27.8667,1630
27.8694,1613
27.8722,1603
27.8750,1611
27.8778,1620
27.8806,1626
27.8833,1625
27.8861,1619
27.8889,1619
27.8917,1626
27.8944,1627
27.8972,1632
27.9000,1628
27.9028,1624
27.9056,1625
27.9083,1624
27.9111,1619
27.9139,1617
27.9167,1613
27.9194,1614
27.9222,1619
27.9250,1631
27.9278,1639
27.9306,1641
27.9333,1648
27.9361,1641
27.9389,1644
27.9417,1653
27.9444,1652
27.9472,1649
27.9500,1631
27.9528,1635
27.9556,1627
27.9583,1625
27.9611,1632
27.9639,1633
27.9667,1640
27.9694,1643
27.9722,1656
27.9750,1658
27.9778,1658
27.9806,1652
27.9833,1647
27.9861,1634
27.9889,1631
27.9917,1626
27.9944,1635
27.9972,1653
28.0000,1659
28.0028,1661
28.0056,1654
28.0083,1655
28.0111,1645
28.0139,1650
28.0167,1661
28.0194,1661
28.0222,1669
28.0250,1654
28.0278,1661
28.0306,1671
28.0333,1679
28.0361,1681
28.0389,1677
28.0417,1676
28.0444,1668
28.0472,1657
28.0500,1649
28.0528,1659
28.0556,1673
28.0583,1678
28.0611,1691
28.0639,1685
28.0667,1675
28.0694,1674
28.0722,1671
28.0750,1670
28.0778,1692
28.0806,1726
28.0833,1755
28.0861,1771
28.0889,1778
28.0917,1781
28.0944,1796
28.0972,1823
28.1000,1836
28.1028,1836
28.1056,1838
28.1083,1852
28.1111,1867
28.1139,1902
28.1167,1933
28.1194,1953
28.1222,1964
28.1250,1960
28.1278,1947
28.1306,1933
28.1333,1908
28.1361,1864
28.1389,1808
28.1417,1759
28.1444,1713
28.1472,1678
28.1500,1660
28.1528,1638
28.1556,1632
28.1583,1628
28.1611,1622
28.1639,1619
28.1667,1606
28.1694,1597
28.1722,1595
28.1750,1582
28.1778,1579
28.1806,1570
28.1833,1557
28.1861,1550
28.1889,1549
28.1917,1549
28.1944,1556
28.1972,1568
28.2000,1569
28.2028,1573
28.2056,1566
28.2083,1579
28.2111,1573
28.2139,1580
28.2167,1605
28.2194,1645
28.2222,1675
28.2250,1683
28.2278,1663
28.2306,1632
28.2333,1604
28.2361,1639
28.2389,1749
28.2417,1968
28.2444,2277
28.2472,2548
28.2500,2649
28.2528,2631
28.2556,2564
28.2583,2532
28.2611,2508
28.2639,2385
28.2667,2054
28.2694,1672
28.2722,1401
28.2750,1243
28.2778,1145
28.2806,1079
28.2833,1034
28.2861,1029
28.2889,1041
28.2917,1077
28.2944,1136
28.2972,1175
28.3000,1224
28.3028,1270
28.3056,1339
28.3083,1416
28.3111,1511
28.3139,1586
28.3167,1630
28.3194,1651
28.3222,1676
28.3250,1689
28.3278,1718
28.3306,1758
28.3333,1784
28.3361,1793
28.3389,1804
28.3417,1799
28.3444,1805
28.3472,1817
28.3500,1825
28.3528,1830
28.3556,1831
28.3583,1831
28.3611,1842
28.3639,1847
28.3667,1855
28.3694,1854
28.3722,1857
28.3750,1870
28.3778,1862
28.3806,1869
28.3833,1869
28.3861,1878
28.3889,1890
28.3917,1922
28.3944,1946
28.3972,1950
28.4000,1949
28.4028,1931
28.4056,1901
28.4083,1925
28.4111,1942
28.4139,1961
28.4167,1975
28.4194,1978
28.4222,1980
28.4250,1979
28.4278,2004
28.4306,2031
28.4333,2042
28.4361,2060
28.4389,2063
28.4417,2077
28.4444,2089
28.4472,2102
28.4500,2114
28.4528,2131
28.4556,2134
28.4583,2148
28.4611,2158
28.4639,2164
28.4667,1832
28.4694,1838
28.4722,1825
28.4750,1792
28.4778,1765
28.4806,1732
28.4833,1692
28.4861,1680
28.4889,1663
28.4917,1656
28.4944,1644
28.4972,1632
28.5000,1616
28.5028,1600
28.5056,1590
28.5083,1592
28.5111,1600
28.5139,1592
28.5167,1578
28.5194,1579
28.5222,1563
28.5250,1557
28.5278,1566
28.5306,1579
28.5333,1577
28.5361,1572
28.5389,1566
28.5417,1562
28.5444,1554
28.5472,1558
28.5500,1575
28.5528,1585
28.5556,1587
28.5583,1580
28.5611,1573
28.5639,1587
28.5667,1587
28.5694,1606
28.5722,1604
28.5750,1605
28.5778,1606
28.5806,1603
28.5833,1594
28.5861,1600
28.5889,1625
28.5917,1629
28.5944,1634
28.5972,1633
28.6000,1622
28.6028,1620
28.6056,1619
28.6083,1626
28.6111,1632
28.6139,1636
28.6167,1639
28.6194,1642
28.6222,1631
28.6250,1640
28.6278,1645
28.6306,1652
28.6333,1648
28.6361,1639
28.6389,1631
28.6417,1635
28.6444,1630
28.6472,1643
28.6500,1655
28.6528,1656
28.6556,1652
28.6583,1649
28.6611,1632
28.6639,1624
28.6667,1622
28.6694,1632
28.6722,1640
28.6750,1641
28.6778,1632
28.6806,1625
28.6833,1614
28.6861,1620
28.6889,1617
28.6917,1623
28.6944,1620
28.6972,1614
28.7000,1606
28.7028,1600
28.7056,1597
28.7083,1604
28.7111,1609
28.7139,1606
28.7167,1607
28.7194,1596
28.7222,1592
28.7250,1590
28.7278,1590
28.7306,1591
28.7333,1596
28.7361,1591
28.7389,1593
28.7417,1584
28.7444,1584
28.7472,1588
28.7500,1594
28.7528,1595
28.7556,1603
28.7583,1593
28.7611,1586
28.7639,1583
28.7667,1589
28.7694,1595
28.7722,1595
28.7750,1593
28.7778,1588
28.7806,1592
28.7833,1596
28.7861,1604
28.7889,1610
28.7917,1612
28.7944,1612
28.7972,1610
28.8000,1612
28.8028,1606
28.8056,1600
28.8083,1601
28.8111,1612
28.8139,1615
28.8167,1613
28.8194,1613
28.8222,1615
28.8250,1607
28.8278,1613
28.8306,1628
28.8333,1625
28.8361,1635
28.8389,1623
28.8417,1617
28.8444,1608
28.8472,1611
28.8500,1617
28.8528,1629
28.8556,1629
28.8583,1631
28.8611,1622
28.8639,1617
28.8667,1623
28.8694,1615
28.8722,1625
28.8750,1637
28.8778,1629
28.8806,1635
28.8833,1639
28.8861,1637
28.8889,1639
28.8917,1639
28.8944,1646
28.8972,1644
28.9000,1641
28.9028,1637
28.9056,1634
28.9083,1640
28.9111,1640
28.9139,1630
28.9167,1642
28.9194,1642
28.9222,1646
28.9250,1653
28.9278,1640
28.9306,1638
28.9333,1635
28.9361,1642
28.9389,1642
28.9417,1643
28.9444,1640
28.9472,1647
28.9500,1651
28.9528,1650
28.9556,1658
28.9583,1651
28.9611,1648
28.9639,1657
28.9667,1649
28.9694,1653
28.9722,1631
28.9750,1632
28.9778,1614
28.9806,1625
28.9833,1640
28.9861,1649
28.9889,1652
28.9917,1656
28.9944,1652
28.9972,1656
29.0000,1658
29.0028,1648
29.0056,1644
29.0083,1647
29.0111,1663
29.0139,1653
29.0167,1655
29.0194,1671
29.0222,1668
29.0250,1665
29.0278,1673
29.0306,1664
29.0333,1664
29.0361,1661
29.0389,1669
29.0417,1662
29.0444,1655
29.0472,1661
29.0500,1658
29.0528,1663
29.0556,1662
29.0583,1653
29.0611,1656
29.0639,1655
29.0667,1671
29.0694,1668
29.0722,1660
29.0750,1654
29.0778,1657
29.0806,1645
29.0833,1654
29.0861,1657
29.0889,1661
29.0917,1667
29.0944,1673
29.0972,1673
29.1000,1681
29.1028,1675
29.1056,1667
29.1083,1668
29.1111,1681
29.1139,1677
29.1167,1688
29.1194,1684
29.1222,1690
29.1250,1688
29.1278,1689
29.1306,1692
29.1333,1689
29.1361,1684
29.1389,1689
29.1417,1687
29.1444,1701
29.1472,1729
29.1500,1756
29.1528,1783
29.1556,1797
29.1583,1812
29.1611,1831
29.1639,1833
29.1667,1844
29.1694,1838
29.1722,1858
29.1750,1876
29.1778,1901
29.1806,1936
29.1833,1959
29.1861,1979
29.1889,2005
29.1917,1998
29.1944,1982
29.1972,1965
29.2000,1925
29.2028,1883
29.2056,1830
29.2083,1777
29.2111,1738
29.2139,1716
29.2167,1685
29.2194,1675
29.2222,1664
29.2250,1649
29.2278,1647
29.2306,1640
29.2333,1626
29.2361,1610
29.2389,1600
29.2417,1595
29.2444,1582
29.2472,1595
29.2500,1596
29.2528,1597
29.2556,1599
29.2583,1587
29.2611,1585
29.2639,1580
29.2667,1580
29.2694,1576
29.2722,1582
29.2750,1590
29.2778,1614
29.2806,1664
29.2833,1702
29.2861,1721
29.2889,1704
29.2917,1668
29.2944,1628
29.2972,1628
29.3000,1694
29.3028,1854
29.3056,2110
29.3083,2455
29.3111,2708
29.3139,2770
29.3167,2714
29.3194,2621
29.3222,2538
29.3250,2444
29.3278,2194
29.3306,1770
29.3333,1371
29.3361,1123
29.3389,1030
29.3417,993
29.3444,977
29.3472,977
29.3500,1010
29.3528,1035
29.3556,1073
29.3583,1111
29.3611,1152
29.3639,1190
29.3667,1252
29.3694,1342
29.3722,1443
29.3750,1539
29.3778,1628
29.3806,1661
29.3833,1695
29.3861,1706
29.3889,1728
29.3917,1739
29.3944,1756
29.3972,1778
29.4000,1788
29.4028,1777
29.4056,1776
29.4083,1776
29.4111,1778
29.4139,1805
29.4167,1823
29.4194,1835
29.4222,1822
29.4250,1806
29.4278,1809
29.4306,1804
29.4333,1832
29.4361,1852
29.4389,1865
29.4417,1866
29.4444,1858
29.4472,1853
29.4500,1859
29.4528,1888
29.4556,1904
29.4583,1912
29.4611,1914
29.4639,1920
29.4667,1911
29.4694,1935
29.4722,1946
29.4750,1962
29.4778,1973
29.4806,1981
29.4833,1984
29.4861,1989
29.4889,2000
29.4917,2025
29.4944,2054
29.4972,2068
29.5000,2070
29.5028,2073
29.5056,2076
29.5083,2089
29.5111,2107
29.5139,2130
29.5167,2154
29.5194,2177
29.5222,2175
29.5250,2175
29.5278,1901
29.5306,1906
29.5333,1896
29.5361,1861
29.5389,1827
29.5417,1798
29.5444,1757
29.5472,1735
29.5500,1724
29.5528,1721
29.5556,1694
29.5583,1666
29.5611,1645
29.5639,1621
29.5667,1604
29.5694,1603
29.5722,1586
29.5750,1586
29.5778,1578
29.5806,1571
29.5833,1578
29.5861,1568
29.5889,1571
29.5917,1574
29.5944,1574
29.5972,1583
29.6000,1582
29.6028,1576
29.6056,1569
29.6083,1569
29.6111,1568
29.6139,1590
29.6167,1593
29.6194,1595
29.6222,1593
29.6250,1579
29.6278,1576
29.6306,1570
29.6333,1585
29.6361,1590
29.6389,1594
29.6417,1581
29.6444,1585
29.6472,1596
29.6500,1605
29.6528,1611
29.6556,1619
29.6583,1615
29.6611,1616
29.6639,1605
29.6667,1609
29.6694,1618
29.6722,1631
29.6750,1635
29.6778,1640
29.6806,1645
29.6833,1638
29.6861,1638
29.6889,1647
29.6917,1643
29.6944,1648
29.6972,1647
29.7000,1645
29.7028,1635
29.7056,1638
29.7083,1642
29.7111,1655
29.7139,1662
29.7167,1651
29.7194,1646
29.7222,1640
29.7250,1629
29.7278,1635
29.7306,1639
29.7333,1653
29.7361,1657
29.7389,1656
29.7417,1648
29.7444,1643
29.7472,1640
29.7500,1644
29.7528,1642
29.7556,1649
29.7583,1643
29.7611,1627
29.7639,1617
29.7667,1625
29.7694,1626
29.7722,1626
29.7750,1630
29.7778,1624
29.7806,1622
29.7833,1616
29.7861,1614
29.7889,1606
29.7917,1602
29.7944,1616
29.7972,1617
29.8000,1618
29.8028,1619
29.8056,1611
29.8083,1600
29.8111,1607
29.8139,1610
29.8167,1614
29.8194,1613
29.8222,1604
29.8250,1599
29.8278,1596
29.8306,1590
29.8333,1592
29.8361,1597
29.8389,1585
29.8417,1572
29.8444,1567
29.8472,1570
29.8500,1580
29.8528,1590
29.8556,1598
29.8583,1593
29.8611,1594
29.8639,1585
29.8667,1589
29.8694,1588
29.8722,1597
29.8750,1604
29.8778,1602
29.8806,1602
29.8833,1598
29.8861,1592
29.8889,1602
29.8917,1605
29.8944,1614
29.8972,1615
29.9000,1610
29.9028,1607
29.9056,1600
29.9083,1601
29.9111,1608
29.9139,1614
29.9167,1620
29.9194,1622
29.9222,1619
29.9250,1614
29.9278,1621
29.9306,1622
29.9333,1624
29.9361,1627
29.9389,1625
29.9417,1609
29.9444,1618
29.9472,1626
29.9500,1623
29.9528,1636
29.9556,1628
29.9583,1634
29.9611,1643
29.9639,1639
29.9667,1629
29.9694,1636
29.9722,1633
29.9750,1634
29.9778,1637
29.9806,1637
29.9833,1647
29.9861,1648
29.9889,1651
29.9917,1654
29.9944,1655
29.9972,1646
30.0000,1649
30.0028,1647
30.0056,1647
30.0083,1642
30.0111,1644
30.0139,1657
30.0167,1664
30.0194,1667
30.0222,1664
30.0250,1662
30.0278,1655
30.0306,1667
30.0333,1661
30.0361,1672
30.0389,1676
30.0417,1671
30.0444,1674
30.0472,1678
30.0500,1678
30.0528,1678
30.0556,1677
30.0583,1680
30.0611,1679
30.0639,1689
30.0667,1693
30.0694,1686
30.0722,1681
30.0750,1673
30.0778,1673
30.0806,1675
30.0833,1674
30.0861,1681
30.0889,1680
30.0917,1686
30.0944,1682
30.0972,1692
30.1000,1690
30.1028,1683
30.1056,1680
30.1083,1682
30.1111,1688
30.1139,1693
30.1167,1684
30.1194,1696
30.1222,1690
30.1250,1691
30.1278,1690
30.1306,1688
30.1333,1695
30.1361,1699
30.1389,1701
30.1417,1702
30.1444,1699
30.1472,1694
30.1500,1696
30.1528,1701
30.1556,1696
30.1583,1704
30.1611,1705
30.1639,1714
30.1667,1714
30.1694,1724
30.1722,1745
30.1750,1768
30.1778,1795
30.1806,1815
30.1833,1829
30.1861,1855
30.1889,1865
30.1917,1872
30.1944,1877
30.1972,1882
30.2000,1889
30.2028,1912
30.2056,1935
30.2083,1953
30.2111,1978
30.2139,1990
30.2167,1991
30.2194,1979
30.2222,1957
30.2250,1912
30.2278,1876
30.2306,1815
30.2333,1759
30.2361,1719
30.2389,1681
30.2417,1666
30.2444,1639
30.2472,1631
30.2500,1627
30.2528,1615
30.2556,1605
30.2583,1584
30.2611,1570
30.2639,1556
30.2667,1547
30.2694,1549
30.2722,1543
30.2750,1537
30.2778,1541
30.2806,1537
30.2833,1539
30.2861,1541
30.2889,1540
30.2917,1545
30.2944,1556
30.2972,1558
30.3000,1556
30.3028,1573
30.3056,1609
30.3083,1640
30.3111,1664
30.3139,1666
30.3167,1626
30.3194,1601
30.3222,1588
30.3250,1618
30.3278,1750
30.3306,1987
30.3333,2318
30.3361,2613
30.3389,2725
30.3417,2687
30.3444,2598
30.3472,2502
30.3500,2410
30.3528,2211
30.3556,1820
30.3583,1374
30.3611,1075
30.3639,928
30.3667,876
30.3694,862
30.3722,871
30.3750,900
30.3778,929
30.3806,980
30.3833,1041
30.3861,1103
30.3889,1152
30.3917,1223
30.3944,1308
30.3972,1404
30.4000,1506
30.4028,1588
30.4056,1639
30.4083,1680
30.4111,1686
30.4139,1700
30.4167,1710
30.4194,1729
30.4222,1752
30.4250,1761
30.4278,1762
30.4306,1749
30.4333,1763
30.4361,1774
30.4389,1796
30.4417,1816
30.4444,1826
30.4472,1822
30.4500,1814
30.4528,1807
30.4556,1802
30.4583,1813
30.4611,1837
30.4639,1853
30.4667,1845
30.4694,1841
30.4722,1832
30.4750,1810
30.4778,1814
30.4806,1837
30.4833,1850
30.4861,1867
30.4889,1866
30.4917,1870
30.4944,1878
30.4972,1885
30.5000,1922
30.5028,1943
30.5056,1949
30.5083,1955
30.5111,1956
30.5139,1981
30.5167,1997
30.5194,2019
30.5222,2045
30.5250,2050
30.5278,2052
30.5306,2062
30.5333,2074
30.5361,2094
30.5389,2117
30.5417,2156
30.5444,2170
30.5472,2177
30.5500,2185
30.5528,1887
30.5556,1884
30.5583,1854
30.5611,1834
30.5639,1807
30.5667,1770
30.5694,1748
30.5722,1718
30.5750,1703
30.5778,1682
30.5806,1665
30.5833,1643
30.5861,1612
30.5889,1586
30.5917,1563
30.5944,1560
30.5972,1566
30.6000,1569
30.6028,1565
30.6056,1570
30.6083,1571
30.6111,1559
30.6139,1550
30.6167,1559
30.6194,1558
30.6222,1558
30.6250,1545
30.6278,1552
30.6306,1539
30.6333,1542
30.6361,1548
30.6389,1555
30.6417,1554
30.6444,1569
30.6472,1568
30.6500,1565
30.6528,1564
30.6556,1565
30.6583,1562
30.6611,1572
30.6639,1566
30.6667,1571
30.6694,1574
30.6722,1592
30.6750,1595
30.6778,1608
30.6806,1598
30.6833,1594
30.6861,1583
30.6889,1585
30.6917,1589
30.6944,1588
30.6972,1607
30.7000,1613
30.7028,1622
30.7056,1621
30.7083,1613
30.7111,1614
30.7139,1610
30.7167,1612
30.7194,1614
30.7222,1616
30.7250,1615
30.7278,1616
30.7306,1629
30.7333,1638
30.7361,1642
30.7389,1633
30.7417,1621
30.7444,1619
30.7472,1618
30.7500,1617
30.7528,1611
30.7556,1611
30.7583,1615
30.7611,1627
30.7639,1626
30.7667,1624
30.7694,1622
30.7722,1616
30.7750,1608
30.7778,1616
30.7806,1610
30.7833,1601
30.7861,1603
30.7889,1596
30.7917,1602
30.7944,1596
30.7972,1605
30.8000,1608
30.8028,1609
30.8056,1614
30.8083,1617
30.8111,1619
30.8139,1601
30.8167,1593
30.8194,1593
30.8222,1582
30.8250,1578
30.8278,1578
30.8306,1584
30.8333,1588
30.8361,1594
30.8389,1592
30.8417,1588
30.8444,1589
30.8472,1587
30.8500,1589
30.8528,1592
30.8556,1595
30.8583,1601
30.8611,1600
30.8639,1598
30.8667,1593
30.8694,1582
30.8722,1587
30.8750,1588
30.8778,1590
30.8806,1594
30.8833,1586
30.8861,1573
30.8889,1576
30.8917,1574
30.8944,1570
30.8972,1580
30.9000,1590
30.9028,1598
30.9056,1605
30.9083,1602
30.9111,1599
30.9139,1591
30.9167,1591
30.9194,1603
30.9222,1598
30.9250,1594
30.9278,1592
30.9306,1585
30.9333,1592
30.9361,1597
30.9389,1603
30.9417,1612
30.9444,1617
30.9472,1619
30.9500,1610
30.9528,1613
30.9556,1609
30.9583,1614
30.9611,1605
30.9639,1610
30.9667,1609
30.9694,1617
30.9722,1624
30.9750,1626
30.9778,1627
30.9806,1618
30.9833,1618
30.9861,1614
30.9889,1617
30.9917,1620
30.9944,1630
30.9972,1622
31.0000,1625
31.0028,1627
31.0056,1633
31.0083,1627
31.0111,1617
31.0139,1619
31.0167,1615
31.0194,1616
31.0222,1625
31.0250,1620
31.0278,1619
31.0306,1618
31.0333,1624
31.0361,1637
31.0389,1636
31.0417,1654
31.0444,1648
31.0472,1642
31.0500,1634
31.0528,1637
31.0556,1642
31.0583,1648
31.0611,1641
31.0639,1644
31.0667,1643
31.0694,1641
31.0722,1644
31.0750,1646
31.0778,1646
31.0806,1647
31.0833,1652
31.0861,1649
31.0889,1648
31.0917,1659
31.0944,1659
31.0972,1655
31.1000,1650
31.1028,1652
31.1056,1658
31.1083,1658
31.1111,1656
31.1139,1667
31.1167,1667
31.1194,1670
31.1222,1666
31.1250,1656
31.1278,1651
31.1306,1650
31.1333,1664
31.1361,1675
31.1389,1687
31.1417,1692
31.1444,1692
31.1472,1714
31.1500,1740
31.1528,1770
31.1556,1791
31.1583,1800
31.1611,1811
31.1639,1818
31.1667,1836
31.1694,1834
31.1722,1836
31.1750,1861
31.1778,1891
31.1806,1927
31.1833,1956
31.1861,1975
31.1889,1980
31.1917,1970
31.1944,1959
31.1972,1945
31.2000,1917
31.2028,1877
31.2056,1831
31.2083,1777
31.2111,1721
31.2139,1683
31.2167,1657
31.2194,1640
31.2222,1621
31.2250,1617
31.2278,1610
31.2306,1597
31.2333,1584
31.2361,1572
31.2389,1577
31.2417,1570
31.2444,1567
31.2472,1571
31.2500,1575
31.2528,1566
31.2556,1574
31.2583,1570
31.2611,1561
31.2639,1557
31.2667,1565
31.2694,1573
31.2722,1576
31.2750,1582
31.2778,1600
31.2806,1625
31.2833,1652
31.2861,1672
31.2889,1659
31.2917,1612
31.2944,1573
31.2972,1564
31.3000,1598
31.3028,1733
31.3056,1963
31.3083,2275
31.3111,2585
31.3139,2700
31.3167,2668
31.3194,2569
31.3222,2484
31.3250,2385
31.3278,2203
31.3306,1825
31.3333,1422
31.3361,1151
31.3389,1017
31.3417,968
31.3444,943
31.3472,934
31.3500,951
31.3528,969
31.3556,1006
31.3583,1058
31.3611,1130
31.3639,1179
31.3667,1250
31.3694,1345
31.3722,1437
31.3750,1528
31.3778,1616
31.3806,1678
31.3833,1710
31.3861,1730
31.3889,1733
31.3917,1742
31.3944,1765
31.3972,1775
31.4000,1788
31.4028,1786
31.4056,1794
31.4083,1797
31.4111,1817
31.4139,1838
31.4167,1860
31.4194,1864
31.4222,1858
31.4250,1843
31.4278,1842
31.4306,1850
31.4333,1867
31.4361,1878
31.4389,1880
31.4417,1890
31.4444,1885
31.4472,1879
31.4500,1886
31.4528,1901
31.4556,1916
31.4583,1937
31.4611,1942
31.4639,1933
31.4667,1924
31.4694,1940
31.4722,1945
31.4750,1971
31.4778,1989
31.4806,2006
31.4833,2010
31.4861,2009
31.4889,2009
31.4917,2033
31.4944,2052
31.4972,2076
31.5000,2105
31.5028,2116
31.5056,2131
31.5083,2129
31.5111,2149
31.5139,2181
31.5167,2194
31.5194,2199
31.5222,2212
31.5250,2224
31.5278,1932
31.5306,1934
31.5333,1899
31.5361,1868
31.5389,1839
31.5417,1793
31.5444,1757
31.5472,1747
31.5500,1726
31.5528,1710
31.5556,1698
31.5583,1682
31.5611,1643
31.5639,1629
31.5667,1609
31.5694,1605
31.5722,1593
31.5750,1586
31.5778,1589
31.5806,1590
31.5833,1580
31.5861,1583
31.5889,1575
31.5917,1583
31.5944,1588
31.5972,1586
31.6000,1583
31.6028,1574
31.6056,1566
31.6083,1565
31.6111,1566
31.6139,1579
31.6167,1591
31.6194,1599
31.6222,1587
31.6250,1589
31.6278,1589
31.6306,1588
31.6333,1601
31.6361,1598
31.6389,1590
31.6417,1593
31.6444,1603
31.6472,1599
31.6500,1609
31.6528,1626
31.6556,1639
31.6583,1637
31.6611,1625
31.6639,1612
31.6667,1617
31.6694,1615
31.6722,1620
31.6750,1633
31.6778,1627
31.6806,1620
31.6833,1626
31.6861,1627
31.6889,1636
31.6917,1639
31.6944,1649
31.6972,1650
31.7000,1646
31.7028,1640
31.7056,1632
31.7083,1627
31.7111,1628
31.7139,1634
31.7167,1646
31.7194,1642
31.7222,1643
31.7250,1632
31.7278,1619
31.7306,1610
31.7333,1614
31.7361,1617
31.7389,1625
31.7417,1623
31.7444,1620
31.7472,1613
31.7500,1619
31.7528,1624
31.7556,1622
31.7583,1620
31.7611,1609
31.7639,1597
31.7667,1594
31.7694,1593
31.7722,1597
31.7750,1596
31.7778,1590
31.7806,1594
31.7833,1595
31.7861,1592
31.7889,1599
31.7917,1598
31.7944,1606
31.7972,1608
31.8000,1604
31.8028,1597
31.8056,1594
31.8083,1587
31.8111,1586
31.8139,1583
31.8167,1585
31.8194,1585
31.8222,1583
31.8250,1585
31.8278,1578
31.8306,1582
31.8333,1576
31.8361,1582
31.8389,1590
31.8417,1589
31.8444,1595
31.8472,1591
31.8500,1593
31.8528,1596
31.8556,1598
31.8583,1603
31.8611,1600
31.8639,1595
31.8667,1595
31.8694,1596
31.8722,1601
31.8750,1605
31.8778,1603
31.8806,1606
31.8833,1611
31.8861,1620
31.8889,1623
31.8917,1617
31.8944,1623
31.8972,1628
31.9000,1623
31.9028,1621
31.9056,1604
31.9083,1612
31.9111,1621
31.9139,1616
31.9167,1628
31.9194,1630
31.9222,1629
31.9250,1629
31.9278,1632
31.9306,1620
31.9333,1620
31.9361,1618
31.9389,1623
31.9417,1618
31.9444,1623
31.9472,1628
31.9500,1637
31.9528,1638
31.9556,1644
31.9583,1643
31.9611,1643
31.9639,1630
31.9667,1633
31.9694,1633
31.9722,1634
31.9750,1645
31.9778,1644
31.9806,1638
31.9833,1647
31.9861,1653
31.9889,1655
31.9917,1655
31.9944,1654
31.9972,1651
32.0000,1647
32.0028,1646
32.0056,1641
32.0083,1646
32.0111,1655
32.0139,1662
32.0167,1659
32.0194,1655
32.0222,1653
32.0250,1652
32.0278,1661
32.0306,1668
32.0333,1674
32.0361,1676
32.0389,1684
32.0417,1707
32.0444,1727
32.0472,1761
32.0500,1785
32.0528,1800
32.0556,1813
32.0583,1824
32.0611,1827
32.0639,1831
32.0667,1846
32.0694,1860
32.0722,1885
32.0750,1907
32.0778,1940
32.0806,1969
32.0833,1992
32.0861,1996
32.0889,1978
32.0917,1977
32.0944,1963
32.0972,1918
32.1000,1872
32.1028,1816
32.1056,1747
32.1083,1701
32.1111,1660
32.1139,1634
32.1167,1627
32.1194,1620
32.1222,1604
32.1250,1605
32.1278,1589
32.1306,1586
32.1333,1578
32.1361,1572
32.1389,1561
32.1417,1554
32.1444,1557
32.1472,1561
32.1500,1564
32.1528,1564
32.1556,1558
32.1583,1561
32.1611,1553
32.1639,1555
32.1667,1553
32.1694,1565
32.1722,1566
32.1750,1590
32.1778,1629
32.1806,1642
32.1833,1643
32.1861,1609
32.1889,1576
32.1917,1546
32.1944,1571
32.1972,1682
32.2000,1898
32.2028,2210
32.2056,2545
32.2083,2712
32.2111,2710
32.2139,2611
32.2167,2508
32.2194,2415
32.2222,2235
32.2250,1884
32.2278,1470
32.2306,1186
32.2333,1035
32.2361,978
32.2389,939
32.2417,927
32.2444,931
32.2472,958
32.2500,999
32.2528,1055
32.2556,1114
32.2583,1167
32.2611,1223
32.2639,1314
32.2667,1402
32.2694,1499
32.2722,1588
32.2750,1640
32.2778,1687
32.2806,1704
32.2833,1721
32.2861,1745
32.2889,1772
32.2917,1781
32.2944,1796
32.2972,1799
32.3000,1800
32.3028,1791
32.3056,1813
32.3083,1830
32.3111,1856
32.3139,1866
32.3167,1865
32.3194,1865
32.3222,1850
32.3250,1849
32.3278,1862
32.3306,1873
32.3333,1891
32.3361,1888
32.3389,1887
32.3417,1880
32.3444,1882
32.3472,1900
32.3500,1919
32.3528,1934
32.3556,1937
32.3583,1937
32.3611,1942
32.3639,1941
32.3667,1946
32.3694,1971
32.3722,1996
32.3750,2001
32.3778,2006
32.3806,2016
32.3833,2024
32.3861,2043
32.3889,2060
32.3917,2073
32.3944,2089
32.3972,2098
32.4000,2113
32.4028,2115
32.4056,2134
32.4083,2153
32.4111,2181
32.4139,2200
32.4167,2211
32.4194,2213
32.4222,1927
32.4250,1928
32.4278,1900
32.4306,1862
32.4333,1838
32.4361,1804
32.4389,1767
32.4417,1730
32.4444,1716
32.4472,1700
32.4500,1692
32.4528,1672
32.4556,1651
32.4583,1630
32.4611,1610
32.4639,1604
32.4667,1603
32.4694,1600
32.4722,1605
32.4750,1600
32.4778,1585
32.4806,1586
32.4833,1582
32.4861,1589
32.4889,1597
32.4917,1588
32.4944,1584
32.4972,1586
32.5000,1578
32.5028,1579
32.5056,1576
32.5083,1593
32.5111,1596
32.5139,1596
32.5167,1605
32.5194,1598
32.5222,1597
32.5250,1579
32.5278,1594
32.5306,1606
32.5333,1622
32.5361,1619
32.5389,1629
32.5417,1627
32.5444,1622
32.5472,1629
32.5500,1637
32.5528,1642
32.5556,1641
32.5583,1630
32.5611,1623
32.5639,1624
32.5667,1630
32.5694,1639
32.5722,1641
32.5750,1646
32.5778,1653
32.5806,1647
32.5833,1647
32.5861,1650
32.5889,1647
32.5917,1651
32.5944,1645
32.5972,1642
32.6000,1635
32.6028,1637
32.6056,1657
32.6083,1652
32.6111,1655
32.6139,1655
32.6167,1642
32.6194,1637
32.6222,1632
32.6250,1635
32.6278,1633
32.6306,1636
32.6333,1633
32.6361,1626
32.6389,1620
32.6417,1627
32.6444,1616
32.6472,1625
32.6500,1626
32.6528,1623
32.6556,1615
32.6583,1605
32.6611,1609
32.6639,1609
32.6667,1608
32.6694,1622
32.6722,1637
32.6750,1632
32.6778,1631
32.6806,1623
32.6833,1618
32.6861,1611
32.6889,1621
32.6917,1614
32.6944,1612
32.6972,1612
32.7000,1606
32.7028,1606
32.7056,1606
32.7083,1608
32.7111,1612
32.7139,1608
32.7167,1609
32.7194,1598
32.7222,1605
32.7250,1603
32.7278,1601
32.7306,1602
32.7333,1601
32.7361,1602
32.7389,1599
32.7417,1599
32.7444,1603
32.7472,1607
32.7500,1608
32.7528,1612
32.7556,1608
32.7583,1606
32.7611,1604
32.7639,1595
32.7667,1606
32.7694,1608
32.7722,1612
32.7750,1623
32.7778,1629
32.7806,1622
32.7833,1624
32.7861,1629
32.7889,1618
32.7917,1623
32.7944,1620
32.7972,1616
32.8000,1619
32.8028,1624
32.8056,1628
32.8083,1635
32.8111,1632
32.8139,1644
32.8167,1637
32.8194,1643
32.8222,1637
32.8250,1643
32.8278,1640
32.8306,1648
32.8333,1646
32.8361,1648
32.8389,1652
32.8417,1659
32.8444,1653
32.8472,1653
32.8500,1660
32.8528,1650
32.8556,1651
32.8583,1666
32.8611,1676
32.8639,1709
32.8667,1739
32.8694,1766
32.8722,1783
32.8750,1800
32.8778,1819
32.8806,1820
32.8833,1824
32.8861,1840
32.8889,1861
32.8917,1866
32.8944,1891
32.8972,1925
32.9000,1958
32.9028,2000
32.9056,2012
32.9083,2011
32.9111,1995
32.9139,1982
32.9167,1947
32.9194,1898
32.9222,1842
32.9250,1780
32.9278,1720
32.9306,1667
32.9333,1629
32.9361,1621
32.9389,1607
32.9417,1597
32.9444,1592
32.9472,1583
32.9500,1576
32.9528,1568
32.9556,1566
32.9583,1566
32.9611,1553
32.9639,1550
32.9667,1545
32.9694,1534
32.9722,1543
32.9750,1541
32.9778,1545
32.9806,1555
32.9833,1554
32.9861,1564
32.9889,1556
32.9917,1555
32.9944,1571
32.9972,1589
33.0000,1616
33.0028,1625
33.0056,1619
33.0083,1588
33.0111,1555
33.0139,1542
33.0167,1585
33.0194,1717
33.0222,1949
33.0250,2295
33.0278,2602
33.0306,2712
33.0333,2686
33.0361,2584
33.0389,2479
33.0417,2365
33.0444,2114
33.0472,1726
33.0500,1349
33.0528,1121
33.0556,1009
33.0583,956
33.0611,930
33.0639,903
33.0667,914
33.0694,939
33.0722,989
33.0750,1047
33.0778,1099
33.0806,1159
33.0833,1229
33.0861,1323
33.0889,1422
33.0917,1523
33.0944,1586
33.0972,1640
33.1000,1674
33.1028,1694
33.1056,1710
33.1083,1735
33.1111,1756
33.1139,1774
33.1167,1781
33.1194,1784
33.1222,1781
33.1250,1785
33.1278,1798
33.1306,1820
33.1333,1837
33.1361,1855
33.1389,1860
33.1417,1859
33.1444,1845
33.1472,1849
33.1500,1863
33.1528,1875
33.1556,1876
33.1583,1880
33.1611,1873
33.1639,1867
33.1667,1877
33.1694,1890
33.1722,1915
33.1750,1934
33.1778,1942
33.1806,1935
33.1833,1941
33.1861,1946
33.1889,1947
33.1917,1965
33.1944,1985
33.1972,2003
33.2000,2000
33.2028,2010
33.2056,2018
33.2083,2029
33.2111,2052
33.2139,2082
33.2167,2102
33.2194,2106
33.2222,2114
33.2250,2121
33.2278,2137
33.2306,2156
33.2333,2173
33.2361,2198
33.2389,2206
33.2417,2211
33.2444,1881
33.2472,1892
33.2500,1862
33.2528,1829
33.2556,1795
33.2583,1758
33.2611,1728
33.2639,1710
33.2667,1693
33.2694,1686
33.2722,1669
33.2750,1637
33.2778,1618
33.2806,1604
33.2833,1602
33.2861,1591
33.2889,1600
33.2917,1600
33.2944,1603
33.2972,1583
33.3000,1585
33.3028,1577
33.3056,1587
33.3083,1599
33.3111,1599
33.3139,1597
33.3167,1596
33.3194,1580
33.3222,1587
33.3250,1578
33.3278,1598
33.3306,1608
33.3333,1613
33.3361,1613
33.3389,1593
33.3417,1592
33.3444,1595
33.3472,1602
33.3500,1612
33.3528,1618
33.3556,1629
33.3583,1629
33.3611,1636
33.3639,1642
33.3667,1649
33.3694,1652
33.3722,1654
33.3750,1645
33.3778,1640
33.3806,1629
33.3833,1632
33.3861,1635
33.3889,1643
33.3917,1647
33.3944,1652
33.3972,1651
33.4000,1648
33.4028,1648
33.4056,1646
33.4083,1653
33.4111,1648
33.4139,1654
33.4167,1648
33.4194,1638
33.4222,1646
33.4250,1642
33.4278,1644
33.4306,1639
33.4333,1637
33.4361,1636
33.4389,1625
33.4417,1622
33.4444,1616
33.4472,1615
33.4500,1615
33.4528,1617
33.4556,1631
33.4583,1624
33.4611,1628
33.4639,1629
33.4667,1631
33.4694,1626
33.4722,1633
33.4750,1629
33.4778,1617
33.4806,1599
33.4833,1585
33.4861,1590
33.4889,1601
33.4917,1605
33.4944,1602
33.4972,1606
33.5000,1599
33.5028,1594
33.5056,1607
33.5083,1607
33.5111,1610
33.5139,1611
33.5167,1610
33.5194,1603
33.5222,1599
33.5250,1601
33.5278,1609
33.5306,1612
33.5333,1614
33.5361,1620
33.5389,1618
33.5417,1608
33.5444,1611
33.5472,1615
33.5500,1621
33.5528,1614
33.5556,1619
33.5583,1623
33.5611,1624
33.5639,1620
33.5667,1620
33.5694,1622
33.5722,1623
33.5750,1624
33.5778,1620
33.5806,1611
33.5833,1623
33.5861,1623
33.5889,1636
33.5917,1637
33.5944,1642
33.5972,1657
33.6000,1646
33.6028,1642
33.6056,1633
33.6083,1637
33.6111,1635
33.6139,1633
33.6167,1624
33.6194,1616
33.6222,1626
33.6250,1631
33.6278,1644
33.6306,1672
33.6333,1711
33.6361,1738
33.6389,1758
33.6417,1762
33.6444,1781
33.6472,1784
33.6500,1800
33.6528,1804
33.6556,1825
33.6583,1841
33.6611,1873
33.6639,1900
33.6667,1933
33.6694,1954
33.6722,1982
33.6750,1992
33.6778,1982
33.6806,1969
33.6833,1951
33.6861,1931
33.6889,1891
33.6917,1832
33.6944,1763
33.6972,1707
33.7000,1653
33.7028,1620
33.7056,1600
33.7083,1591
33.7111,1577
33.7139,1566
33.7167,1548
33.7194,1534
33.7222,1526
33.7250,1527
33.7278,1539
33.7306,1529
33.7333,1536
33.7361,1523
33.7389,1521
33.7417,1521
33.7444,1515
33.7472,1512
33.7500,1511
33.7528,1510
33.7556,1533
33.7583,1523
33.7611,1535
33.7639,1551
33.7667,1568
33.7694,1600
33.7722,1603
33.7750,1593
33.7778,1571
33.7806,1542
33.7833,1525
33.7861,1574
33.7889,1717
33.7917,1949
33.7944,2301
33.7972,2617
33.8000,2726
33.8028,2693
33.8056,2588
33.8083,2471
33.8111,2349
33.8139,2084
33.8167,1680
33.8194,1306
33.8222,1083
33.8250,981
33.8278,944
33.8306,918
33.8333,901
33.8361,897
33.8389,905
33.8417,945
33.8444,1006
33.8472,1075
33.8500,1130
33.8528,1219
33.8556,1306
33.8583,1406
33.8611,1502
33.8639,1584
33.8667,1632
33.8694,1678
33.8722,1683
33.8750,1692
33.8778,1712
33.8806,1731
33.8833,1742
33.8861,1753
33.8889,1758
33.8917,1757
33.8944,1768
33.8972,1788
33.9000,1805
33.9028,1822
33.9056,1824
33.9083,1823
33.9111,1814
33.9139,1818
33.9167,1830
33.9194,1851
33.9222,1868
33.9250,1870
33.9278,1876
33.9306,1868
33.9333,1869
33.9361,1877
33.9389,1880
33.9417,1900
33.9444,1924
33.9472,1923
33.9500,1917
33.9528,1917
33.9556,1917
33.9583,1949
33.9611,1964
33.9639,1990
33.9667,2005
33.9694,2003
33.9722,1998
33.9750,1998
33.9778,2008
33.9806,2041
33.9833,2069
33.9861,2092
33.9889,2097
33.9917,2101
33.9944,2112
33.9972,2130
34.0000,2146
34.0028,2168
34.0056,2172
34.0083,2167
34.0111,2180
34.0139,1871
34.0167,1876
34.0194,1844
34.0222,1817
34.0250,1783
34.0278,1754
34.0306,1729
34.0333,1711
34.0361,1687
34.0389,1683
34.0417,1665
34.0444,1641
34.0472,1624
34.0500,1607
34.0528,1593
34.0556,1591
34.0583,1591
34.0611,1594
34.0639,1588
34.0667,1578
34.0694,1576
34.0722,1580
34.0750,1577
34.0778,1580
34.0806,1584
34.0833,1582
34.0861,1584
34.0889,1572
34.0917,1570
34.0944,1575
34.0972,1572
34.1000,1576
34.1028,1591
34.1056,1592
34.1083,1595
34.1111,1599
34.1139,1600
34.1167,1603
34.1194,1607
34.1222,1615
34.1250,1611
34.1278,1607
34.1306,1607
34.1333,1614
34.1361,1626
34.1389,1625
34.1417,1628
34.1444,1631
34.1472,1637
34.1500,1632
34.1528,1630
34.1556,1617
34.1583,1618
34.1611,1620
34.1639,1623
34.1667,1622
34.1694,1628
34.1722,1625
34.1750,1627
34.1778,1620
34.1806,1628
34.1833,1622
34.1861,1631
34.1889,1633
34.1917,1627
34.1944,1611
34.1972,1614
34.2000,1617
34.2028,1621
34.2056,1620
34.2083,1624
34.2111,1627
34.2139,1621
34.2167,1615
34.2194,1609
34.2222,1604
34.2250,1607
34.2278,1605
34.2306,1602
34.2333,1608
34.2361,1611
34.2389,1605
34.2417,1612
34.2444,1610
34.2472,1605
34.2500,1597
34.2528,1591
34.2556,1588
34.2583,1581
34.2611,1577
34.2639,1583
34.2667,1588
34.2694,1594
34.2722,1596
34.2750,1601
34.2778,1594
34.2806,1598
34.2833,1602
34.2861,1603
34.2889,1600
34.2917,1602
34.2944,1599
34.2972,1597
34.3000,1605
34.3028,1599
34.3056,1595
34.3083,1599
34.3111,1597
34.3139,1591
34.3167,1592
34.3194,1592
34.3222,1597
34.3250,1597
34.3278,1600
34.3306,1595
34.3333,1597
34.3361,1596
34.3389,1609
34.3417,1616
34.3444,1618
34.3472,1620
34.3500,1612
34.3528,1613
34.3556,1613
34.3583,1615
34.3611,1619
34.3639,1621
34.3667,1631
34.3694,1654
34.3722,1681
34.3750,1718
34.3778,1749
34.3806,1761
34.3833,1767
34.3861,1772
34.3889,1775
34.3917,1788
34.3944,1810
34.3972,1828
34.4000,1852
34.4028,1883
34.4056,1918
34.4083,1945
34.4111,1974
34.4139,1993
34.4167,1997
34.4194,1977
34.4222,1951
34.4250,1927
34.4278,1894
34.4306,1836
34.4333,1766
34.4361,1694
34.4389,1641
34.4417,1607
34.4444,1577
34.4472,1565
34.4500,1558
34.4528,1552
34.4556,1545
34.4583,1526
34.4611,1524
34.4639,1511
34.4667,1522
34.4694,1516
34.4722,1518
34.4750,1518
34.4778,1505
34.4806,1500
34.4833,1500
34.4861,1493
34.4889,1506
34.4917,1504
34.4944,1504
34.4972,1499
34.5000,1516
34.5028,1526
34.5056,1556
34.5083,1583
34.5111,1594
34.5139,1587
34.5167,1543
34.5194,1510
34.5222,1499
34.5250,1523
34.5278,1627
34.5306,1825
34.5333,2135
34.5361,2498
34.5389,2708
34.5417,2724
34.5444,2634
34.5472,2505
34.5500,2382
34.5528,2173
34.5556,1800
34.5583,1394
34.5611,1126
34.5639,980
34.5667,924
34.5694,891
34.5722,861
34.5750,854
34.5778,873
34.5806,918
34.5833,965
34.5861,1030
34.5889,1099
34.5917,1175
34.5944,1265
34.5972,1369
34.6000,1453
34.6028,1547
34.6056,1613
34.6083,1644
34.6111,1668
34.6139,1671
34.6167,1686
34.6194,1704
34.6222,1720
34.6250,1735
34.6278,1748
34.6306,1746
34.6333,1755
34.6361,1760
34.6389,1785
34.6417,1800
34.6444,1804
34.6472,1811
34.6500,1810
34.6528,1808
34.6556,1816
34.6583,1827
34.6611,1829
34.6639,1849
34.6667,1846
34.6694,1864
34.6722,1851
34.6750,1862
34.6778,1872
34.6806,1886
34.6833,1899
34.6861,1903
34.6889,1896
34.6917,1902
34.6944,1896
34.6972,1915
34.7000,1936
34.7028,1974
34.7056,1976
34.7083,1978
34.7111,1984
34.7139,1984
34.7167,2003
34.7194,2019
34.7222,2035
34.7250,2052
34.7278,2064
34.7306,2074
34.7333,2077
34.7361,2105
34.7389,2123
34.7417,2157
34.7444,2170
34.7472,2170
34.7500,2168
34.7528,1853
34.7556,1860
34.7583,1838
34.7611,1807
34.7639,1775
34.7667,1752
34.7694,1724
34.7722,1711
34.7750,1679
34.7778,1662
34.7806,1645
34.7833,1634
34.7861,1623
34.7889,1600
34.7917,1593
34.7944,1589
34.7972,1583
34.8000,1587
34.8028,1587
34.8056,1594
34.8083,1587
34.8111,1588
34.8139,1586
34.8167,1579
34.8194,1588
34.8222,1583
34.8250,1586
34.8278,1578
34.8306,1589
34.8333,1591
34.8361,1587
34.8389,1595
34.8417,1608
34.8444,1596
34.8472,1597
34.8500,1601
34.8528,1605
34.8556,1617
34.8583,1629
34.8611,1633
34.8639,1631
34.8667,1622
34.8694,1617
34.8722,1617
34.8750,1623
34.8778,1624
34.8806,1631
34.8833,1630
34.8861,1622
34.8889,1633
34.8917,1639
34.8944,1637
34.8972,1641
34.9000,1642
34.9028,1648
34.9056,1645
34.9083,1644
34.9111,1633
34.9139,1635
34.9167,1631
34.9194,1639
34.9222,1641
34.9250,1642
34.9278,1641
34.9306,1621
34.9333,1632
34.9361,1626
34.9389,1627
34.9417,1625
34.9444,1624
34.9472,1631
34.9500,1623
34.9528,1617
34.9556,1612
34.9583,1621
34.9611,1620
34.9639,1620
34.9667,1609
34.9694,1620
34.9722,1618
34.9750,1627
34.9778,1627
34.9806,1626
34.9833,1617
34.9861,1618
34.9889,1601
34.9917,1598
34.9944,1593
34.9972,1581
35.0000,1600
35.0028,1604
35.0056,1613
35.0083,1617
35.0111,1622
35.0139,1612
35.0167,1605
35.0194,1596
35.0222,1603
35.0250,1592
35.0278,1605
35.0306,1606
35.0333,1605
35.0361,1612
35.0389,1613
35.0417,1620
35.0444,1615
35.0472,1613
35.0500,1603
35.0528,1600
35.0556,1605
35.0583,1610
35.0611,1612
35.0639,1608
35.0667,1614
35.0694,1621
35.0722,1618
35.0750,1620
35.0778,1623
35.0806,1633
35.0833,1627
35.0861,1615
35.0889,1605
35.0917,1610
35.0944,1605
35.0972,1610
35.1000,1620
35.1028,1624
35.1056,1637
35.1083,1652
35.1111,1663
35.1139,1681
35.1167,1709
35.1194,1739
35.1222,1757
35.1250,1760
35.1278,1767
35.1306,1772
35.1333,1776
35.1361,1794
35.1389,1813
35.1417,1847
35.1444,1858
35.1472,1890
35.1500,1918
35.1528,1950
35.1556,1979
35.1583,1991
35.1611,1996
35.1639,1983
35.1667,1963
35.1694,1933
35.1722,1879
35.1750,1818
35.1778,1741
35.1806,1672
35.1833,1619
35.1861,1587
35.1889,1568
35.1917,1562
35.1944,1547
35.1972,1537
35.2000,1522
35.2028,1513
35.2056,1517
35.2083,1502
35.2111,1497
35.2139,1494
35.2167,1498
35.2194,1497
35.2222,1503
35.2250,1509
35.2278,1499
35.2306,1488
35.2333,1483
35.2361,1483
35.2389,1486
35.2417,1500
35.2444,1509
35.2472,1531
35.2500,1549
35.2528,1583
35.2556,1592
35.2583,1581
35.2611,1550
35.2639,1517
35.2667,1507
35.2694,1560
35.2722,1713
35.2750,1946
35.2778,2284
35.2806,2581
35.2833,2690
35.2861,2661
35.2889,2570
35.2917,2467
35.2944,2356
35.2972,2102
35.3000,1715
35.3028,1377
35.3056,1170
35.3083,1058
35.3111,999
35.3139,932
35.3167,899
35.3194,885
35.3222,912
35.3250,952
35.3278,1012
35.3306,1079
35.3333,1143
35.3361,1194
35.3389,1278
35.3417,1381
35.3444,1467
35.3472,1552
35.3500,1615
35.3528,1646
35.3556,1663
35.3583,1677
35.3611,1681
35.3639,1696
35.3667,1710
35.3694,1714
35.3722,1716
35.3750,1728
35.3778,1739
35.3806,1751
35.3833,1765
35.3861,1778
35.3889,1783
35.3917,1783
35.3944,1771
35.3972,1774
35.4000,1791
35.4028,1812
35.4056,1825
35.4083,1829
35.4111,1832
35.4139,1826
35.4167,1825
35.4194,1832
35.4222,1839
35.4250,1847
35.4278,1854
35.4306,1865
35.4333,1866
35.4361,1877
35.4389,1886
35.4417,1902
35.4444,1927
35.4472,1941
35.4500,1940
35.4528,1945
35.4556,1944
35.4583,1943
35.4611,1957
35.4639,1979
35.4667,1989
35.4694,1996
35.4722,2012
35.4750,2005
35.4778,2011
35.4806,2026
35.4833,2038
35.4861,2055
35.4889,2068
35.4917,2085
35.4944,2088
35.4972,1827
35.5000,1830
35.5028,1814
35.5056,1795
35.5083,1762
35.5111,1727
35.5139,1699
35.5167,1675
35.5194,1665
35.5222,1660
35.5250,1656
35.5278,1635
35.5306,1619
35.5333,1604
35.5361,1601
35.5389,1592
35.5417,1581
35.5444,1575
35.5472,1571
35.5500,1566
35.5528,1559
35.5556,1556
35.5583,1562
35.5611,1570
35.5639,1573
35.5667,1580
35.5694,1573
35.5722,1573
35.5750,1574
35.5778,1557
35.5806,1559
35.5833,1568
35.5861,1574
35.5889,1581
35.5917,1583
35.5944,1592
35.5972,1606
35.6000,1613
35.6028,1611
35.6056,1610
35.6083,1607
35.6111,1603
35.6139,1600
35.6167,1606
35.6194,1618
35.6222,1622
35.6250,1630
35.6278,1623
35.6306,1614
35.6333,1606
35.6361,1602
35.6389,1619
35.6417,1634
35.6444,1632
35.6472,1632
35.6500,1627
35.6528,1613
35.6556,1622
35.6583,1618
35.6611,1616
35.6639,1622
35.6667,1632
35.6694,1640
35.6722,1647
35.6750,1629
35.6778,1614
35.6806,1614
35.6833,1611
35.6861,1617
35.6889,1614
35.6917,1610
35.6944,1601
35.6972,1607
35.7000,1603
35.7028,1610
35.7056,1609
35.7083,1607
35.7111,1594
35.7139,1588
35.7167,1581
35.7194,1584
35.7222,1604
35.7250,1607
35.7278,1611
35.7306,1602
35.7333,1592
35.7361,1596
35.7389,1598
35.7417,1602
35.7444,1608
35.7472,1609
35.7500,1618
35.7528,1610
35.7556,1608
35.7583,1609
35.7611,1599
35.7639,1607
35.7667,1605
35.7694,1607
35.7722,1605
35.7750,1596
35.7778,1599
35.7806,1600
35.7833,1604
35.7861,1601
35.7889,1601
35.7917,1611
35.7944,1608
35.7972,1616
35.8000,1622
35.8028,1635
35.8056,1664
35.8083,1683
35.8111,1708
35.8139,1722
35.8167,1729
35.8194,1741
35.8222,1756
35.8250,1773
35.8278,1791
35.8306,1805
35.8333,1828
35.8361,1838
35.8389,1871
35.8417,1903
35.8444,1928
35.8472,1958
35.8500,1969
35.8528,1974
35.8556,1960
35.8583,1931
35.8611,1882
35.8639,1825
35.8667,1754
35.8694,1684
35.8722,1633
35.8750,1604
35.8778,1577
35.8806,1564
35.8833,1555
35.8861,1540
35.8889,1518
35.8917,1523
35.8944,1527
35.8972,1517
35.9000,1517
35.9028,1509
35.9056,1506
35.9083,1502
35.9111,1505
35.9139,1495
35.9167,1494
35.9194,1500
35.9222,1508
35.9250,1515
35.9278,1515
35.9306,1512
35.9333,1514
35.9361,1501
35.9389,1520
35.9417,1552
35.9444,1580
35.9472,1582
35.9500,1578
35.9528,1552
35.9556,1523
35.9583,1530
35.9611,1589
35.9639,1728
35.9667,1960
35.9694,2281
35.9722,2505
35.9750,2542
35.9778,2504
35.9806,2450
35.9833,2412
35.9861,2346
35.9889,2119
35.9917,1798
35.9944,1517
35.9972,1327
36.0000,1209
36.0028,1111
36.0056,1034
36.0083,968
36.0111,939
36.0139,957
36.0167,1000
36.0194,1052
36.0222,1118
36.0250,1182
36.0278,1233
36.0306,1309
36.0333,1373
36.0361,1449
36.0389,1525
36.0417,1581
36.0444,1621
36.0472,1647
36.0500,1676
36.0528,1703
36.0556,1726
36.0583,1741
36.0611,1748
36.0639,1743
36.0667,1732
36.0694,1740
36.0722,1754
36.0750,1775
36.0778,1779
36.0806,1787
36.0833,1794
36.0861,1799
36.0889,1790
36.0917,1805
36.0944,1827
36.0972,1841
36.1000,1848
36.1028,1847
36.1056,1839
36.1083,1834
36.1111,1831
36.1139,1850
36.1167,1869
36.1194,1885
36.1222,1895
36.1250,1898
36.1278,1902
36.1306,1915
36.1333,1935
36.1361,1938
36.1389,1945
36.1417,1951
36.1444,1947
36.1472,1934
36.1500,1953
36.1528,1966
36.1556,1998
36.1583,2023
36.1611,2036
36.1639,2087
36.1667,2078
36.1694,2056
36.1722,2024
36.1750,2009
36.1778,1985
36.1806,1957
36.1833,1928
36.1861,1890
36.1889,1850
36.1917,1815
36.1944,1798
36.1972,1779
36.2000,1759
36.2028,1727
36.2056,1705
36.2083,1676
36.2111,1657
36.2139,1645
36.2167,1645
36.2194,1631
36.2222,1620
36.2250,1614
36.2278,1605
36.2306,1593
36.2333,1588
36.2361,1593
36.2389,1591
36.2417,1595
36.2444,1582
36.2472,1578
36.2500,1585
36.2528,1589
36.2556,1580
36.2583,1586
36.2611,1579
36.2639,1575
36.2667,1578
36.2694,1596
36.2722,1599
36.2750,1606
36.2778,1614
36.2806,1619
36.2833,1618
36.2861,1615
36.2889,1614
36.2917,1612
36.2944,1629
36.2972,1634
36.3000,1634
36.3028,1636
36.3056,1625
36.3083,1618
36.3111,1611
36.3139,1615
36.3167,1636
36.3194,1657
36.3222,1663
36.3250,1659
36.3278,1657
36.3306,1647
36.3333,1646
36.3361,1652
36.3389,1639
36.3417,1636
36.3444,1634
36.3472,1632
36.3500,1638
36.3528,1642
36.3556,1647
36.3583,1651
36.3611,1643
36.3639,1643
36.3667,1640
36.3694,1629
36.3722,1633
36.3750,1634
36.3778,1638
36.3806,1634
36.3833,1619
36.3861,1614
36.3889,1613
36.3917,1615
36.3944,1628
36.3972,1628
36.4000,1627
36.4028,1621
36.4056,1614
36.4083,1611
36.4111,1619
36.4139,1627
36.4167,1638
36.4194,1642
36.4222,1631
36.4250,1618
36.4278,1620
36.4306,1613
36.4333,1610
36.4361,1616
36.4389,1613
36.4417,1619
36.4444,1622
36.4472,1619
36.4500,1641
36.4528,1676
36.4556,1711
36.4583,1736
36.4611,1731
36.4639,1742
36.4667,1750
36.4694,1752
36.4722,1776
36.4750,1805
36.4778,1825
36.4806,1857
36.4833,1876
36.4861,1905
36.4889,1929
36.4917,1947
36.4944,1968
36.4972,1983
36.5000,1989
36.5028,1965
36.5056,1939
36.5083,1890
36.5111,1843
36.5139,1774
36.5167,1709
36.5194,1654
36.5222,1617
36.5250,1587
36.5278,1557
36.5306,1545
36.5333,1534
36.5361,1533
36.5389,1524
36.5417,1529
36.5444,1512
36.5472,1492
36.5500,1492
36.5528,1486
36.5556,1490
36.5583,1491
36.5611,1495
36.5639,1495
36.5667,1494
36.5694,1491
36.5722,1481
36.5750,1483
36.5778,1486
36.5806,1495
36.5833,1498
36.5861,1524
36.5889,1560
36.5917,1598
36.5944,1603
36.5972,1590
36.6000,1573
36.6028,1535
36.6056,1533
36.6083,1563
36.6111,1680
36.6139,1882
36.6167,2193
36.6194,2473
36.6222,2579
36.6250,2549
36.6278,2489
36.6306,2434
36.6333,2376
36.6361,2185
36.6389,1864
36.6417,1544
36.6444,1317
36.6472,1200
36.6500,1119
36.6528,1037
36.6556,987
36.6583,962
36.6611,967
36.6639,992
36.6667,1050
36.6694,1116
36.6722,1175
36.6750,1234
36.6778,1306
36.6806,1396
36.6833,1476
36.6861,1555
36.6889,1613
36.6917,1644
36.6944,1656
36.6972,1678
36.7000,1699
36.7028,1713
36.7056,1720
36.7083,1733
36.7111,1750
36.7139,1753
36.7167,1768
36.7194,1781
36.7222,1808
36.7250,1823
36.7278,1816
36.7306,1821
36.7333,1809
36.7361,1797
36.7389,1802
36.7417,1813
36.7444,1831
36.7472,1840
36.7500,1853
36.7528,1855
36.7556,1858
36.7583,1862
36.7611,1878
36.7639,1898
36.7667,1894
36.7694,1906
36.7722,1907
36.7750,1913
36.7778,1908
36.7806,1924
36.7833,1942
36.7861,1958
36.7889,1973
36.7917,1977
36.7944,1975
36.7972,1982
36.8000,2000
36.8028,2010
36.8056,2037
36.8083,2046
36.8111,2092
36.8139,2086
36.8167,2060
36.8194,2038
36.8222,2022
36.8250,1988
36.8278,1955
36.8306,1919
36.8333,1884
36.8361,1843
36.8389,1815
36.8417,1792
36.8444,1765
36.8472,1741
36.8500,1709
36.8528,1682
36.8556,1651
36.8583,1646
36.8611,1637
36.8639,1626
36.8667,1625
36.8694,1632
36.8722,1611
36.8750,1600
36.8778,1586
36.8806,1587
36.8833,1581
36.8861,1584
36.8889,1579
36.8917,1570
36.8944,1566
36.8972,1565
36.9000,1579
36.9028,1589
36.9056,1605
36.9083,1598
36.9111,1595
36.9139,1585
36.9167,1577
36.9194,1574
36.9222,1585
36.9250,1595
36.9278,1601
36.9306,1592
36.9333,1587
36.9361,1591
36.9389,1598
36.9417,1604
36.9444,1609
36.9472,1617
36.9500,1619
36.9528,1619
36.9556,1619
36.9583,1616
36.9611,1632
36.9639,1638
36.9667,1635
36.9694,1642
36.9722,1619
36.9750,1627
36.9778,1623
36.9806,1626
36.9833,1636
36.9861,1634
36.9889,1630
36.9917,1626
36.9944,1625
36.9972,1626
37.0000,1635
37.0028,1637
37.0056,1632
37.0083,1635
37.0111,1631
37.0139,1635
37.0167,1627
37.0194,1634
37.0222,1630
37.0250,1631
37.0278,1627
37.0306,1630
37.0333,1625
37.0361,1611
37.0389,1608
37.0417,1609
37.0444,1612
37.0472,1618
37.0500,1607
37.0528,1601
37.0556,1592
37.0583,1594
37.0611,1592
37.0639,1586
37.0667,1597
37.0694,1588
37.0722,1584
37.0750,1582
37.0778,1581
37.0806,1575
37.0833,1580
37.0861,1585
37.0889,1581
37.0917,1572
37.0944,1566
37.0972,1570
37.1000,1569
37.1028,1579
37.1056,1586
37.1083,1581
37.1111,1580
37.1139,1597
37.1167,1620
37.1194,1656
37.1222,1695
37.1250,1721
37.1278,1729
37.1306,1707
37.1333,1709
37.1361,1716
37.1389,1737
37.1417,1767
37.1444,1803
37.1472,1822
37.1500,1851
37.1528,1871
37.1556,1900
37.1583,1930
37.1611,1944
37.1639,1952
37.1667,1952
37.1694,1925
37.1722,1896
37.1750,1844
37.1778,1782
37.1806,1698
37.1833,1637
37.1861,1571
37.1889,1535
37.1917,1513
37.1944,1506
37.1972,1497
37.2000,1483
37.2028,1475
37.2056,1474
37.2083,1464
37.2111,1460
37.2139,1461
37.2167,1448
37.2194,1441
37.2222,1437
37.2250,1440
37.2278,1434
37.2306,1437
37.2333,1439
37.2361,1432
37.2389,1441
37.2417,1447
37.2444,1449
37.2472,1445
37.2500,1451
37.2528,1478
37.2556,1509
37.2583,1553
37.2611,1563
37.2639,1544
37.2667,1513
37.2694,1485
37.2722,1488
37.2750,1562
37.2778,1735
37.2806,2019
37.2833,2383
37.2861,2609
37.2889,2647
37.2917,2586
37.2944,2492
37.2972,2408
37.3000,2266
37.3028,1930
37.3056,1503
37.3083,1178
37.3111,1005
37.3139,930
37.3167,889
37.3194,881
37.3222,881
37.3250,894
37.3278,931
37.3306,970
37.3333,1037
37.3361,1100
37.3389,1174
37.3417,1255
37.3444,1354
37.3472,1449
37.3500,1522
37.3528,1590
37.3556,1624
37.3583,1653
37.3611,1662
37.3639,1682
37.3667,1694
37.3694,1715
37.3722,1730
37.3750,1747
37.3778,1751
37.3806,1743
37.3833,1755
37.3861,1761
37.3889,1783
37.3917,1792
37.3944,1804
37.3972,1805
37.4000,1801
37.4028,1800
37.4056,1809
37.4083,1823
37.4111,1841
37.4139,1842
37.4167,1836
37.4194,1839
37.4222,1841
37.4250,1847
37.4278,1873
37.4306,1885
37.4333,1895
37.4361,1904
37.4389,1902
37.4417,1909
37.4444,1922
37.4472,1948
37.4500,1962
37.4528,1961
37.4556,1964
37.4583,1966
37.4611,1973
37.4639,1981
37.4667,2013
37.4694,2032
37.4722,2056
37.4750,2068
37.4778,2066
37.4806,2070
37.4833,2079
37.4861,2101
37.4889,2125
37.4917,2133
37.4944,2141
37.4972,2141
37.5000,2135
37.5028,1830
37.5056,1834
37.5083,1807
37.5111,1781
37.5139,1755
37.5167,1724
37.5194,1702
37.5222,1689
37.5250,1685
37.5278,1676
37.5306,1650
37.5333,1626
37.5361,1617
37.5389,1606
37.5417,1596
37.5444,1600
37.5472,1596
37.5500,1606
37.5528,1598
37.5556,1593
37.5583,1580
37.5611,1582
37.5639,1599
37.5667,1612
37.5694,1610
37.5722,1613
37.5750,1612
37.5778,1603
37.5806,1603
37.5833,1620
37.5861,1633
37.5889,1639
37.5917,1642
37.5944,1640
37.5972,1633
37.6000,1628
37.6028,1635
37.6056,1640
37.6083,1653
37.6111,1649
37.6139,1649
37.6167,1642
37.6194,1653
37.6222,1670
37.6250,1672
37.6278,1666
37.6306,1667
37.6333,1660
37.6361,1660
37.6389,1657
37.6417,1654
37.6444,1660
37.6472,1676
37.6500,1685
37.6528,1684
37.6556,1684
37.6583,1676
37.6611,1685
37.6639,1676
37.6667,1677
37.6694,1681
37.6722,1675
37.6750,1670
37.6778,1657
37.6806,1666
37.6833,1664
37.6861,1676
37.6889,1680
37.6917,1673
37.6944,1660
37.6972,1649
37.7000,1646
37.7028,1649
37.7056,1653
37.7083,1649
37.7111,1645
37.7139,1637
37.7167,1630
37.7194,1620
37.7222,1626
37.7250,1627
37.7278,1630
37.7306,1628
37.7333,1619
37.7361,1612
37.7389,1609
37.7417,1608
37.7444,1610
37.7472,1607
37.7500,1615
37.7528,1613
37.7556,1614
37.7583,1619
37.7611,1618
37.7639,1617
37.7667,1620
37.7694,1621
37.7722,1618
37.7750,1619
37.7778,1614
37.7806,1624
37.7833,1621
37.7861,1621
37.7889,1624
37.7917,1624
37.7944,1624
37.7972,1621
37.8000,1625
37.8028,1613
37.8056,1629
37.8083,1640
37.8111,1635
37.8139,1627
37.8167,1635
37.8194,1630
37.8222,1633
37.8250,1638
37.8278,1635
37.8306,1635
37.8333,1634
37.8361,1632
37.8389,1625
37.8417,1626
37.8444,1622
37.8472,1636
37.8500,1635
37.8528,1642
37.8556,1641
37.8583,1641
37.8611,1638
37.8639,1637
37.8667,1644
37.8694,1647
37.8722,1646
37.8750,1642
37.8778,1655
37.8806,1649
37.8833,1654
37.8861,1662
37.8889,1664
37.8917,1660
37.8944,1661
37.8972,1670
37.9000,1669
37.9028,1692
37.9056,1723
37.9083,1761
37.9111,1776
37.9139,1797
37.9167,1787
37.9194,1798
37.9222,1814
37.9250,1823
37.9278,1840
37.9306,1868
37.9333,1883
37.9361,1903
37.9389,1933
37.9417,1968
37.9444,1987
37.9472,1993
37.9500,1991
37.9528,1987
37.9556,1968
37.9583,1940
37.9611,1891
37.9639,1831
37.9667,1763
37.9694,1701
37.9722,1654
37.9750,1620
37.9778,1594
37.9806,1580
37.9833,1573
37.9861,1570
37.9889,1573
37.9917,1567
37.9944,1548
37.9972,1540
38.0000,1538
38.0028,1539
38.0056,1526
38.0083,1516
38.0111,1508
38.0139,1514
38.0167,1516
38.0194,1516
38.0222,1528
38.0250,1528
38.0278,1527
38.0306,1527
38.0333,1536
38.0361,1538
38.0389,1561
38.0417,1596
38.0444,1626
38.0472,1628
38.0500,1596
38.0528,1563
38.0556,1540
38.0583,1565
38.0611,1674
38.0639,1887
38.0667,2191
38.0694,2542
38.0722,2716
38.0750,2707
38.0778,2623
38.0806,2511
38.0833,2424
38.0861,2246
38.0889,1847
38.0917,1405
38.0944,1092
38.0972,937
38.1000,874
38.1028,850
38.1056,843
38.1083,857
38.1111,866
38.1139,906
38.1167,957
38.1194,1017
38.1222,1081
38.1250,1158
38.1278,1247
38.1306,1345
38.1333,1449
38.1361,1528
38.1389,1589
38.1417,1627
38.1444,1640
38.1472,1640
38.1500,1663
38.1528,1683
38.1556,1708
38.1583,1725
38.1611,1731
38.1639,1732
38.1667,1731
38.1694,1741
38.1722,1752
38.1750,1768
38.1778,1786
38.1806,1780
38.1833,1771
38.1861,1771
38.1889,1772
38.1917,1794
38.1944,1817
38.1972,1825
38.2000,1820
38.2028,1820
38.2056,1821
38.2083,1825
38.2111,1829
38.2139,1850
38.2167,1869
38.2194,1873
38.2222,1874
38.2250,1872
38.2278,1885
38.2306,1895
38.2333,1925
38.2361,1963
38.2389,1970
38.2417,1969
38.2444,1972
38.2472,1975
38.2500,1983
38.2528,2007
38.2556,2036
38.2583,2055
38.2611,2062
38.2639,2065
38.2667,2075
38.2694,2083
38.2722,2110
38.2750,2127
38.2778,2136
38.2806,2132
38.2833,2145
38.2861,1865
38.2889,1860
38.2917,1838
38.2944,1817
38.2972,1795
38.3000,1765
38.3028,1729
38.3056,1698
38.3083,1666
38.3111,1651
38.3139,1639
38.3167,1624
38.3194,1616
38.3222,1593
38.3250,1587
38.3278,1581
38.3306,1583
38.3333,1579
38.3361,1584
38.3389,1599
38.3417,1599
38.3444,1589
38.3472,1589
38.3500,1597
38.3528,1598
38.3556,1611
38.3583,1612
38.3611,1602
38.3639,1595
38.3667,1598
38.3694,1598
38.3722,1595
38.3750,1607
38.3778,1608
38.3806,1612
38.3833,1619
38.3861,1621
38.3889,1625
38.3917,1622
38.3944,1624
38.3972,1632
38.4000,1635
38.4028,1640
38.4056,1648
38.4083,1655
38.4111,1662
38.4139,1676
38.4167,1677
38.4194,1665
38.4222,1657
38.4250,1660
38.4278,1663
38.4306,1656
38.4333,1661
38.4361,1667
38.4389,1655
38.4417,1660
38.4444,1662
38.4472,1661
38.4500,1663
38.4528,1663
38.4556,1672
38.4583,1671
38.4611,1672
38.4639,1663
38.4667,1658
38.4694,1665
38.4722,1669
38.4750,1672
38.4778,1675
38.4806,1664
38.4833,1653
38.4861,1647
38.4889,1646
38.4917,1645
38.4944,1652
38.4972,1630
38.5000,1625
38.5028,1620
38.5056,1624
38.5083,1625
38.5111,1622
38.5139,1618
38.5167,1621
38.5194,1619
38.5222,1609
38.5250,1607
38.5278,1606
38.5306,1609
38.5333,1594
38.5361,1607
38.5389,1604
38.5417,1605
38.5444,1609
38.5472,1607
38.5500,1603
38.5528,1607
38.5556,1606
38.5583,1616
38.5611,1610
38.5639,1606
38.5667,1607
38.5694,1611
38.5722,1609
38.5750,1607
38.5778,1600
38.5806,1603
38.5833,1594
38.5861,1596
38.5889,1593
38.5917,1603
38.5944,1601
38.5972,1596
38.6000,1597
38.6028,1599
38.6056,1609
38.6083,1609
38.6111,1616
38.6139,1617
38.6167,1622
38.6194,1619
38.6222,1621
38.6250,1620
38.6278,1616
38.6306,1624
38.6333,1625
38.6361,1625
38.6389,1633
38.6417,1640
38.6444,1654
38.6472,1656
38.6500,1637
38.6528,1635
38.6556,1634
38.6583,1629
38.6611,1634
38.6639,1635
38.6667,1644
38.6694,1634
38.6722,1640
38.6750,1651
38.6778,1644
38.6806,1650
38.6833,1644
38.6861,1642
38.6889,1639
38.6917,1643
38.6944,1647
38.6972,1641
38.7000,1645
38.7028,1643
38.7056,1643
38.7083,1644
38.7111,1652
38.7139,1653
38.7167,1648
38.7194,1656
38.7222,1657
38.7250,1661
38.7278,1659
38.7306,1651
38.7333,1649
38.7361,1656
38.7389,1668
38.7417,1671
38.7444,1680
38.7472,1676
38.7500,1681
38.7528,1679
38.7556,1676
38.7583,1669
38.7611,1673
38.7639,1669
38.7667,1673
38.7694,1673
38.7722,1678
38.7750,1691
38.7778,1689
38.7806,1685
38.7833,1683
38.7861,1687
38.7889,1687
38.7917,1688
38.7944,1686
38.7972,1678
38.8000,1689
38.8028,1693
38.8056,1700
38.8083,1700
38.8111,1714
38.8139,1709
38.8167,1711
38.8194,1702
38.8222,1695
38.8250,1699
38.8278,1701
38.8306,1709
38.8333,1710
38.8361,1710
38.8389,1709
38.8417,1705
38.8444,1705
38.8472,1708
38.8500,1702
38.8528,1709
38.8556,1707
38.8583,1716
38.8611,1712
38.8639,1714
38.8667,1715
38.8694,1718
38.8722,1723
38.8750,1737
38.8778,1736
38.8806,1745
38.8833,1759
38.8861,1796
38.8889,1816
38.8917,1839
38.8944,1854
38.8972,1873
38.9000,1885
38.9028,1892
38.9056,1913
38.9083,1905
38.9111,1917
38.9139,1941
38.9167,1970
38.9194,1996
38.9222,2020
38.9250,2035
38.9278,2024
38.9306,2016
38.9333,2005
38.9361,1976
38.9389,1930
38.9417,1876
38.9444,1823
38.9472,1772
38.9500,1728
38.9528,1701
38.9556,1679
38.9583,1666
38.9611,1670
38.9639,1654
38.9667,1640
38.9694,1634
38.9722,1632
38.9750,1613
38.9778,1607
38.9806,1611
38.9833,1601
38.9861,1609
38.9889,1602
38.9917,1616
38.9944,1607
38.9972,1602
39.0000,1597
39.0028,1601
39.0056,1602
39.0083,1614
39.0111,1617
39.0139,1629
39.0167,1665
39.0194,1691
39.0222,1708
39.0250,1705
39.0278,1658
39.0306,1626
39.0333,1613
39.0361,1646
39.0389,1772
39.0417,2007
39.0444,2329
39.0472,2634
39.0500,2746
39.0528,2715
39.0556,2602
39.0583,2505
39.0611,2419
39.0639,2234
39.0667,1857
39.0694,1479
39.0722,1225
39.0750,1096
39.0778,1044
39.0806,1022
39.0833,1001
39.0861,998
39.0889,1023
39.0917,1061
39.0944,1116
39.0972,1175
39.1000,1220
39.1028,1287
39.1056,1367
39.1083,1455
39.1111,1563
39.1139,1641
39.1167,1702
39.1194,1740
39.1222,1746
39.1250,1747
39.1278,1762
39.1306,1783
39.1333,1805
39.1361,1821
39.1389,1829
39.1417,1824
39.1444,1832
39.1472,1840
39.1500,1850
39.1528,1875
39.1556,1885
39.1583,1877
39.1611,1874
39.1639,1866
39.1667,1873
39.1694,1890
39.1722,1907
39.1750,1934
39.1778,1929
39.1806,1929
39.1833,1920
39.1861,1923
39.1889,1937
39.1917,1952
39.1944,1963
39.1972,1984
39.2000,1980
39.2028,1975
39.2056,1992
39.2083,2009
39.2111,2024
39.2139,2043
39.2167,2060
39.2194,2054
39.2222,2049
39.2250,2061
39.2278,2065
39.2306,2092
39.2333,2120
39.2361,2125
39.2389,2135
39.2417,2151
39.2444,2155
39.2472,2162
39.2500,2169
39.2528,2188
39.2556,2207
39.2583,2198
39.2611,2206
39.2639,1950
39.2667,1954
39.2694,1930
39.2722,1900
39.2750,1865
39.2778,1835
39.2806,1804
39.2833,1778
39.2861,1756
39.2889,1733
39.2917,1721
39.2944,1699
39.2972,1677
39.3000,1658
39.3028,1638
39.3056,1634
39.3083,1637
39.3111,1623
39.3139,1612
39.3167,1612
39.3194,1614
39.3222,1608
39.3250,1610
39.3278,1612
39.3306,1611
39.3333,1612
39.3361,1614
39.3389,1603
39.3417,1604
39.3444,1598
39.3472,1603
39.3500,1609
39.3528,1618
39.3556,1633
39.3583,1637
39.3611,1639
39.3639,1634
39.3667,1635
39.3694,1643
39.3722,1641
39.3750,1645
39.3778,1655
39.3806,1653
39.3833,1657
39.3861,1667
39.3889,1667
39.3917,1678
39.3944,1690
39.3972,1679
39.4000,1663
39.4028,1666
39.4056,1671
39.4083,1659
39.4111,1667
39.4139,1670
39.4167,1677
39.4194,1666
39.4222,1670
39.4250,1679
39.4278,1663
39.4306,1663
39.4333,1659
39.4361,1662
39.4389,1659
39.4417,1652
39.4444,1649
39.4472,1654
39.4500,1655
39.4528,1656
39.4556,1657
39.4583,1659
39.4611,1655
39.4639,1649
39.4667,1643
39.4694,1637
39.4722,1639
39.4750,1641
39.4778,1629
39.4806,1634
39.4833,1614
39.4861,1595
39.4889,1584
39.4917,1580
39.4944,1576
39.4972,1576
39.5000,1578
39.5028,1587
39.5056,1590
39.5083,1594
39.5111,1596
39.5139,1600
39.5167,1610
39.5194,1609
39.5222,1609
39.5250,1612
39.5278,1607
39.5306,1613
39.5333,1611
39.5361,1616
39.5389,1606
39.5417,1603
39.5444,1603
39.5472,1605
39.5500,1611
39.5528,1614
39.5556,1624
39.5583,1622
39.5611,1615
39.5639,1607
39.5667,1612
39.5694,1611
39.5722,1608
39.5750,1615
39.5778,1618
39.5806,1617
39.5833,1623
39.5861,1621
39.5889,1630
39.5917,1633
39.5944,1643
39.5972,1644
39.6000,1642
39.6028,1631
39.6056,1625
39.6083,1632
39.6111,1636
39.6139,1637
39.6167,1644
39.6194,1643
39.6222,1650
39.6250,1650
39.6278,1649
39.6306,1655
39.6333,1661
39.6361,1663
39.6389,1665
39.6417,1663
39.6444,1655
39.6472,1662
39.6500,1667
39.6528,1668
39.6556,1678
39.6583,1674
39.6611,1671
39.6639,1675
39.6667,1674
39.6694,1672
39.6722,1661
39.6750,1663
39.6778,1650
39.6806,1646
39.6833,1642
39.6861,1645
39.6889,1642
39.6917,1645
39.6944,1636
39.6972,1639
39.7000,1623
39.7028,1632
39.7056,1637
39.7083,1644
39.7111,1639
39.7139,1624
39.7167,1624
39.7194,1612
39.7222,1610
39.7250,1615
39.7278,1622
39.7306,1619
39.7333,1616
39.7361,1617
39.7389,1610
39.7417,1609
39.7444,1616
39.7472,1615
39.7500,1618
39.7528,1622
39.7556,1619
39.7583,1621
39.7611,1621
39.7639,1619
39.7667,1614
39.7694,1617
39.7722,1619
39.7750,1622
39.7778,1626
39.7806,1615
39.7833,1625
39.7861,1633
39.7889,1637
39.7917,1629
39.7944,1622
39.7972,1627
39.8000,1624
39.8028,1625
39.8056,1647
39.8083,1681
39.8111,1709
39.8139,1740
39.8167,1744
39.8194,1777
39.8222,1787
39.8250,1797
39.8278,1805
39.8306,1816
39.8333,1839
39.8361,1865
39.8389,1898
39.8417,1935
39.8444,1951
39.8472,1973
39.8500,1968
39.8528,1970
39.8556,1952
39.8583,1932
39.8611,1894
39.8639,1848
39.8667,1790
39.8694,1731
39.8722,1689
39.8750,1656
39.8778,1622
39.8806,1616
39.8833,1608
39.8861,1594
39.8889,1594
39.8917,1592
39.8944,1579
39.8972,1571
39.9000,1568
39.9028,1554
39.9056,1551
39.9083,1546
39.9111,1546
39.9139,1551
39.9167,1554
39.9194,1560
39.9222,1556
39.9250,1554
39.9278,1548
39.9306,1555
39.9333,1557
39.9361,1569
39.9389,1588
39.9417,1608
39.9444,1635
39.9472,1618
39.9500,1588
39.9528,1568
39.9556,1542
39.9583,1581
39.9611,1688
39.9639,1901
39.9667,2217
39.9694,2558
39.9722,2712
39.9750,2701
39.9778,2602
39.9806,2478
39.9833,2382
39.9861,2200
39.9889,1845
39.9917,1461
39.9944,1203
39.9972,1070
40.0000,1005
40.0028,981
40.0056,947
40.0083,947
40.0111,964
40.0139,1001
40.0167,1056
40.0194,1113
40.0222,1172
40.0250,1230
40.0278,1323
40.0306,1406
40.0333,1494
40.0361,1580
40.0389,1635
40.0417,1678
40.0444,1702
40.0472,1718
40.0500,1728
40.0528,1746
40.0556,1766
40.0583,1782
40.0611,1794
40.0639,1796
40.0667,1803
40.0694,1805
40.0722,1821
40.0750,1834
40.0778,1855
40.0806,1848
40.0833,1846
40.0861,1846
40.0889,1858
40.0917,1863
40.0944,1891
40.0972,1902
40.1000,1914
40.1028,1919
40.1056,1911
40.1083,1929
40.1111,1943
40.1139,1963
40.1167,1985
40.1194,2005
40.1222,2007
40.1250,2023
40.1278,2030
40.1306,2057
40.1333,2078
40.1361,2110
40.1389,2143
40.1417,2149
40.1444,2140
40.1472,2152
40.1500,2164
40.1528,2179
40.1556,2210
40.1583,2220
40.1611,2222
40.1639,2183
40.1667,2171
40.1694,2147
40.1722,2123
40.1750,2094
40.1778,2063
40.1806,2018
40.1833,1978
40.1861,1942
40.1889,1895
40.1917,1864
40.1944,1847
40.1972,1810
40.2000,1778
40.2028,1747
40.2056,1714
40.2083,1675
40.2111,1674
40.2139,1664
40.2167,1657
40.2194,1639
40.2222,1612
40.2250,1592
40.2278,1581
40.2306,1570
40.2333,1577
40.2361,1587
40.2389,1577
40.2417,1568
40.2444,1568
40.2472,1554
40.2500,1558
40.2528,1560
40.2556,1562
40.2583,1567
40.2611,1565
40.2639,1561
40.2667,1553
40.2694,1563
40.2722,1567
40.2750,1560
40.2778,1569
40.2806,1575
40.2833,1574
40.2861,1585
40.2889,1578
40.2917,1582
40.2944,1589
40.2972,1580
40.3000,1581
40.3028,1576
40.3056,1574
40.3083,1570
40.3111,1574
40.3139,1579
40.3167,1591
40.3194,1589
40.3222,1581
40.3250,1575
40.3278,1572
40.3306,1577
40.3333,1579
40.3361,1584
40.3389,1581
40.3417,1589
40.3444,1587
40.3472,1579
40.3500,1589
40.3528,1580
40.3556,1586
40.3583,1581
40.3611,1580
40.3639,1579
40.3667,1571
40.3694,1578
40.3722,1580
40.3750,1583
40.3778,1588
40.3806,1585
40.3833,1587
40.3861,1592
40.3889,1608
40.3917,1652
40.3944,1702
40.3972,1728
40.4000,1726
40.4028,1716
40.4056,1692
40.4083,1675
40.4111,1659
40.4139,1646
40.4167,1647
40.4194,1637
40.4222,1633
40.4250,1624
40.4278,1618
40.4306,1615
40.4333,1605
40.4361,1598
40.4389,1598
40.4417,1580
40.4444,1576
40.4472,1560
40.4500,1562
40.4528,1563
40.4556,1567
40.4583,1565
40.4611,1560
40.4639,1578
40.4667,1622
40.4694,1677
40.4722,1721
40.4750,1721
40.4778,1703
40.4806,1674
40.4833,1636
40.4861,1614
40.4889,1587
40.4917,1585
40.4944,1570
40.4972,1567
40.5000,1573
40.5028,1553
40.5056,1546
40.5083,1538
40.5111,1521
40.5139,1516
40.5167,1521
40.5194,1514
40.5222,1512
40.5250,1511
40.5278,1509
40.5306,1511
40.5333,1508
40.5361,1507
40.5389,1509
40.5417,1518
40.5444,1509
40.5472,1507
40.5500,1505
40.5528,1514
40.5556,1525
40.5583,1522
40.5611,1522
40.5639,1515
40.5667,1521
40.5694,1516
40.5722,1525
40.5750,1521
40.5778,1524
40.5806,1531
40.5833,1533
40.5861,1527
40.5889,1528
40.5917,1537
40.5944,1540
40.5972,1540
40.6000,1543
40.6028,1545
40.6056,1551
40.6083,1543
40.6111,1546
40.6139,1537
40.6167,1542
40.6194,1548
40.6222,1554
40.6250,1554
40.6278,1557
40.6306,1550
40.6333,1546
40.6361,1552
40.6389,1544
40.6417,1549
40.6444,1552
40.6472,1552
40.6500,1566
40.6528,1594
40.6556,1627
40.6583,1657
40.6611,1679
40.6639,1689
40.6667,1700
40.6694,1707
40.6722,1735
40.6750,1731
40.6778,1742
40.6806,1763
40.6833,1789
40.6861,1826
40.6889,1851
40.6917,1889
40.6944,1898
40.6972,1894
40.7000,1876
40.7028,1869
40.7056,1835
40.7083,1804
40.7111,1746
40.7139,1691
40.7167,1634
40.7194,1589
40.7222,1551
40.7250,1519
40.7278,1518
40.7306,1503
40.7333,1496
40.7361,1492
40.7389,1481
40.7417,1488
40.7444,1488
40.7472,1488
40.7500,1482
40.7528,1485
40.7556,1492
40.7583,1493
40.7611,1491
40.7639,1492
40.7667,1495
40.7694,1493
40.7722,1494
40.7750,1491
40.7778,1498
40.7806,1504
40.7833,1525
40.7861,1555
40.7889,1580
40.7917,1602
40.7944,1586
40.7972,1571
40.8000,1527
40.8028,1505
40.8056,1524
40.8083,1636
40.8111,1846
40.8139,2161
40.8167,2517
40.8194,2677
40.8222,2675
40.8250,2582
40.8278,2463
40.8306,2360
40.8333,2174
40.8361,1824
40.8389,1447
40.8417,1202
40.8444,1058
40.8472,1003
40.8500,982
40.8528,957
40.8556,960
40.8583,968
40.8611,1005
40.8639,1053
40.8667,1113
40.8694,1170
40.8722,1240
40.8750,1331
40.8778,1427
40.8806,1525
40.8833,1621
40.8861,1682
40.8889,1714
40.8917,1729
40.8944,1743
40.8972,1756
40.9000,1774
40.9028,1804
40.9056,1816
40.9083,1834
40.9111,1828
40.9139,1846
40.9167,1852
40.9194,1868
40.9222,1892
40.9250,1910
40.9278,1899
40.9306,1890
40.9333,1880
40.9361,1879
40.9389,1900
40.9417,1920
40.9444,1933
40.9472,1932
40.9500,1937
40.9528,1925
40.9556,1928
40.9583,1934
40.9611,1958
40.9639,1965
40.9667,1972
40.9694,1977
40.9722,1978
40.9750,1985
40.9778,1999
40.9806,2005
40.9833,2027
40.9861,2049
40.9889,2052
40.9917,2061
40.9944,2066
40.9972,2072
41.0000,2102
41.0028,2115
41.0056,2118
41.0083,2136
41.0111,2240
41.0139,2238
41.0167,2217
41.0194,2200
41.0222,2181
41.0250,2145
41.0278,2095
41.0306,2048
41.0333,2014
41.0361,1978
41.0389,1951
41.0417,1926
41.0444,1894
41.0472,1859
41.0500,1820
41.0528,1789
41.0556,1765
41.0583,1744
41.0611,1731
41.0639,1718
41.0667,1703
41.0694,1689
41.0722,1666
41.0750,1652
41.0778,1646
41.0806,1639
41.0833,1638
41.0861,1618
41.0889,1606
41.0917,1591
41.0944,1590
41.0972,1595
41.1000,1596
41.1028,1606
41.1056,1610
41.1083,1603
41.1111,1593
41.1139,1593
41.1167,1594
41.1194,1599
41.1222,1607
41.1250,1612
41.1278,1602
41.1306,1595
41.1333,1584
41.1361,1595
41.1389,1602
41.1417,1616
41.1444,1625
41.1472,1619
41.1500,1611
41.1528,1608
41.1556,1609
41.1583,1626
41.1611,1626
41.1639,1640
41.1667,1625
41.1694,1627
41.1722,1619
41.1750,1615
41.1778,1624
41.1806,1628
41.1833,1635
41.1861,1637
41.1889,1640
41.1917,1629
41.1944,1623
41.1972,1629
41.2000,1633
41.2028,1637
41.2056,1641
41.2083,1641
41.2111,1635
41.2139,1631
41.2167,1630
41.2194,1632
41.2222,1644
41.2250,1639
41.2278,1638
41.2306,1630
41.2333,1625
41.2361,1623
41.2389,1628
41.2417,1636
41.2444,1646
41.2472,1641
41.2500,1634
41.2528,1630
41.2556,1636
41.2583,1634
41.2611,1636
41.2639,1627
41.2667,1624
41.2694,1626
41.2722,1618
41.2750,1614
41.2778,1601
41.2806,1600
41.2833,1608
41.2861,1602
41.2889,1608
41.2917,1599
41.2944,1605
41.2972,1607
41.3000,1606
41.3028,1609
41.3056,1612
41.3083,1614
41.3111,1606
41.3139,1610
41.3167,1607
41.3194,1602
41.3222,1617
41.3250,1609
41.3278,1604
41.3306,1601
41.3333,1605
41.3361,1605
41.3389,1613
41.3417,1613
41.3444,1610
41.3472,1611
41.3500,1610
41.3528,1605
41.3556,1615
41.3583,1618
41.3611,1628
41.3639,1623
41.3667,1625
41.3694,1626
41.3722,1616
41.3750,1613
41.3778,1606
41.3806,1612
41.3833,1604
41.3861,1613
41.3889,1611
41.3917,1619
41.3944,1627
41.3972,1626
41.4000,1619
41.4028,1618
41.4056,1622
41.4083,1621
41.4111,1625
41.4139,1634
41.4167,1628
41.4194,1632
41.4222,1641
41.4250,1637
41.4278,1639
41.4306,1640
41.4333,1649
41.4361,1679
41.4389,1712
41.4417,1739
41.4444,1764
41.4472,1763
41.4500,1771
41.4528,1774
41.4556,1782
41.4583,1799
41.4611,1816
41.4639,1839
41.4667,1862
41.4694,1877
41.4722,1916
41.4750,1942
41.4778,1970
41.4806,1979
41.4833,1981
41.4861,1967
41.4889,1940
41.4917,1895
41.4944,1851
41.4972,1776
41.5000,1722
41.5028,1672
41.5056,1635
41.5083,1601
41.5111,1589
41.5139,1583
41.5167,1577
41.5194,1563
41.5222,1550
41.5250,1540
41.5278,1535
41.5306,1523
41.5333,1520
41.5361,1521
41.5389,1522
41.5417,1531
41.5444,1533
41.5472,1532
41.5500,1536
41.5528,1526
41.5556,1525
41.5583,1534
41.5611,1542
41.5639,1530
41.5667,1547
41.5694,1559
41.5722,1585
41.5750,1605
41.5778,1614
41.5806,1605
41.5833,1572
41.5861,1549
41.5889,1551
41.5917,1626
41.5944,1787
41.5972,2037
41.6000,2388
41.6028,2660
41.6056,2723
41.6083,2670
41.6111,2561
41.6139,2463
41.6167,2352
41.6194,2070
41.6222,1699
41.6250,1388
41.6278,1210
41.6306,1112
41.6333,1055
41.6361,1005
41.6389,988
41.6417,987
41.6444,998
41.6472,1034
41.6500,1089
41.6528,1156
41.6556,1213
41.6583,1281
41.6611,1362
41.6639,1446
41.6667,1543
41.6694,1619
41.6722,1678
41.6750,1714
41.6778,1723
41.6806,1731
41.6833,1759
41.6861,1787
41.6889,1795
41.6917,1813
41.6944,1813
41.6972,1807
41.7000,1810
41.7028,1826
41.7056,1847
41.7083,1861
41.7111,1862
41.7139,1871
41.7167,1875
41.7194,1880
41.7222,1890
41.7250,1896
41.7278,1888
41.7306,1882
41.7333,1879
41.7361,1878
41.7389,1884
41.7417,1896
41.7444,1906
41.7472,1920
41.7500,1930
41.7528,1924
41.7556,1925
41.7583,1927
41.7611,1932
41.7639,1950
41.7667,1966
41.7694,1981
41.7722,2001
41.7750,1998
41.7778,1998
41.7806,2000
41.7833,2019
41.7861,2037
41.7889,2054
41.7917,2062
41.7944,2067
41.7972,2070
41.8000,2073
41.8028,2081
41.8056,2111
41.8083,2127
41.8111,2138
41.8139,2147
41.8167,2144
41.8194,1884
41.8222,1878
41.8250,1859
41.8278,1830
41.8306,1793
41.8333,1764
41.8361,1731
41.8389,1723
41.8417,1703
41.8444,1685
41.8472,1670
41.8500,1654
41.8528,1624
41.8556,1615
41.8583,1598
41.8611,1600
41.8639,1591
41.8667,1585
41.8694,1578
41.8722,1582
41.8750,1591
41.8778,1580
41.8806,1584
41.8833,1582
41.8861,1579
41.8889,1578
41.8917,1567
41.8944,1567
41.8972,1561
41.9000,1562
41.9028,1571
41.9056,1580
41.9083,1588
41.9111,1601
41.9139,1598
41.9167,1598
41.9194,1603
41.9222,1608
41.9250,1616
41.9278,1613
41.9306,1623
41.9333,1613
41.9361,1602
41.9389,1613
41.9417,1623
41.9444,1629
41.9472,1633
41.9500,1633
41.9528,1624
41.9556,1623
41.9583,1614
41.9611,1617
41.9639,1623
41.9667,1631
41.9694,1636
41.9722,1643
41.9750,1641
41.9778,1643
41.9806,1640
41.9833,1633
41.9861,1631
41.9889,1638
41.9917,1647
41.9944,1653
41.9972,1648
42.0000,1645
42.0028,1635
42.0056,1620
42.0083,1617
42.0111,1614
42.0139,1616
42.0167,1615
42.0194,1623
42.0222,1626
42.0250,1619
42.0278,1610
42.0306,1599
42.0333,1592
42.0361,1599
42.0389,1603
42.0417,1608
42.0444,1605
42.0472,1608
42.0500,1607
42.0528,1597
42.0556,1597
42.0583,1598
42.0611,1596
42.0639,1596
42.0667,1603
42.0694,1604
42.0722,1603
42.0750,1608
42.0778,1612
42.0806,1604
42.0833,1600
42.0861,1602
42.0889,1593
42.0917,1592
42.0944,1592
42.0972,1592
42.1000,1591
42.1028,1599
42.1056,1603
42.1083,1606
42.1111,1607
42.1139,1591
42.1167,1572
42.1194,1585
42.1222,1583
42.1250,1593
42.1278,1602
42.1306,1606
42.1333,1609
42.1361,1626
42.1389,1661
42.1417,1698
42.1444,1715
42.1472,1718
42.1500,1722
42.1528,1727
42.1556,1734
42.1583,1748
42.1611,1759
42.1639,1779
42.1667,1807
42.1694,1838
42.1722,1864
42.1750,1890
42.1778,1916
42.1806,1928
42.1833,1938
42.1861,1936
42.1889,1919
42.1917,1894
42.1944,1855
42.1972,1806
42.2000,1729
42.2028,1658
42.2056,1599
42.2083,1571
42.2111,1539
42.2139,1539
42.2167,1536
42.2194,1532
42.2222,1525
42.2250,1510
42.2278,1508
42.2306,1495
42.2333,1499
42.2361,1492
42.2389,1496
42.2417,1499
42.2444,1503
42.2472,1500
42.2500,1488
42.2528,1485
42.2556,1478
42.2583,1474
42.2611,1484
42.2639,1489
42.2667,1492
42.2694,1503
42.2722,1521
42.2750,1548
42.2778,1569
42.2806,1580
42.2833,1561
42.2861,1529
42.2889,1500
42.2917,1491
42.2944,1539
42.2972,1651
42.3000,1852
42.3028,2174
42.3056,2455
42.3083,2553
42.3111,2529
42.3139,2460
42.3167,2404
42.3194,2334
42.3222,2144
42.3250,1831
42.3278,1534
42.3306,1338
42.3333,1211
42.3361,1111
42.3389,1038
42.3417,972
42.3444,937
42.3472,939
42.3500,968
42.3528,1024
42.3556,1088
42.3583,1159
42.3611,1210
42.3639,1267
42.3667,1345
42.3694,1417
42.3722,1503
42.3750,1560
42.3778,1602
42.3806,1639
42.3833,1652
42.3861,1666
42.3889,1690
42.3917,1706
42.3944,1705
42.3972,1703
42.4000,1703
42.4028,1709
42.4056,1716
42.4083,1754
42.4111,1772
42.4139,1788
42.4167,1789
42.4194,1785
42.4222,1794
42.4250,1790
42.4278,1793
42.4306,1805
42.4333,1804
42.4361,1804
42.4389,1802
42.4417,1809
42.4444,1809
42.4472,1831
42.4500,1851
42.4528,1852
42.4556,1857
42.4583,1851
42.4611,1858
42.4639,1865
42.4667,1888
42.4694,1905
42.4722,1923
42.4750,1930
42.4778,1919
42.4806,1914
42.4833,1922
42.4861,1947
42.4889,1957
42.4917,1984
42.4944,1992
42.4972,2090
42.5000,2076
42.5028,2049
42.5056,2022
42.5083,1994
42.5111,1969
42.5139,1930
42.5167,1879
42.5194,1836
42.5222,1801
42.5250,1784
42.5278,1769
42.5306,1756
42.5333,1729
42.5361,1702
42.5389,1666
42.5417,1635
42.5444,1607
42.5472,1595
42.5500,1603
42.5528,1604
42.5556,1596
42.5583,1581
42.5611,1565
42.5639,1559
42.5667,1555
42.5694,1558
42.5722,1549
42.5750,1545
42.5778,1541
42.5806,1540
42.5833,1546
42.5861,1558
42.5889,1561
42.5917,1573
42.5944,1564
42.5972,1563
42.6000,1558
42.6028,1564
42.6056,1572
42.6083,1576
42.6111,1578
42.6139,1600
42.6167,1598
42.6194,1598
42.6222,1602
42.6250,1596
42.6278,1588
42.6306,1588
42.6333,1585
42.6361,1575
42.6389,1577
42.6417,1579
42.6444,1590
42.6472,1585
42.6500,1605
42.6528,1605
42.6556,1602
42.6583,1604
42.6611,1594
42.6639,1604
42.6667,1615
42.6694,1630
42.6722,1631
42.6750,1627
42.6778,1618
42.6806,1620
42.6833,1616
42.6861,1622
42.6889,1611
42.6917,1622
42.6944,1611
42.6972,1594
42.7000,1587
42.7028,1592
42.7056,1597
42.7083,1607
42.7111,1619
42.7139,1608
42.7167,1611
42.7194,1597
42.7222,1601
42.7250,1616
42.7278,1628
42.7306,1625
42.7333,1619
42.7361,1596
42.7389,1587
42.7417,1576
42.7444,1576
42.7472,1575
42.7500,1582
42.7528,1585
42.7556,1595
42.7583,1600
42.7611,1594
42.7639,1590
42.7667,1591
42.7694,1606
42.7722,1627
42.7750,1667
42.7778,1693
42.7806,1702
42.7833,1707
42.7861,1703
42.7889,1717
42.7917,1727
42.7944,1747
42.7972,1782
42.8000,1812
42.8028,1833
42.8056,1856
42.8083,1881
42.8111,1903
42.8139,1932
42.8167,1934
42.8194,1938
42.8222,1919
42.8250,1887
42.8278,1858
42.8306,1819
42.8333,1751
42.8361,1680
42.8389,1617
42.8417,1576
42.8444,1540
42.8472,1532
42.8500,1527
42.8528,1526
42.8556,1509
42.8583,1508
42.8611,1508
42.8639,1503
42.8667,1492
42.8694,1486
42.8722,1493
42.8750,1473
42.8778,1460
42.8806,1459
42.8833,1458
42.8861,1467
42.8889,1478
42.8917,1477
42.8944,1493
42.8972,1497
42.9000,1488
42.9028,1473
42.9056,1481
42.9083,1509
42.9111,1542
42.9139,1568
42.9167,1580
42.9194,1570
42.9222,1543
42.9250,1511
42.9278,1520
42.9306,1589
42.9333,1738
42.9361,1988
42.9389,2308
42.9417,2496
42.9444,2516
42.9472,2470
42.9500,2412
42.9528,2365
42.9556,2299
42.9583,2055
42.9611,1746
42.9639,1479
42.9667,1298
42.9694,1190
42.9722,1110
42.9750,1027
42.9778,980
42.9806,963
42.9833,982
42.9861,1026
42.9889,1084
42.9917,1145
42.9944,1212
42.9972,1256
43.0000,1316
43.0028,1392
43.0056,1486
43.0083,1562
43.0111,1622
43.0139,1655
43.0167,1680
43.0194,1698
43.0222,1721
43.0250,1732
43.0278,1749
43.0306,1749
43.0333,1750
43.0361,1754
43.0389,1756
43.0417,1775
43.0444,1788
43.0472,1790
43.0500,1810
43.0528,1805
43.0556,1807
43.0583,1805
43.0611,1808
43.0639,1830
43.0667,1836
43.0694,1844
43.0722,1857
43.0750,1852
43.0778,1857
43.0806,1856
43.0833,1876
43.0861,1899
43.0889,1903
43.0917,1898
43.0944,1900
43.0972,1898
43.1000,1900
43.1028,1920
43.1056,1934
43.1083,1947
43.1111,1951
43.1139,1963
43.1167,1972
43.1194,1982
43.1222,2000
43.1250,2015
43.1278,2037
43.1306,2036
43.1333,2058
43.1361,2055
43.1389,2030
43.1417,2009
43.1444,1984
43.1472,1956
43.1500,1924
43.1528,1884
43.1556,1853
43.1583,1814
43.1611,1777
43.1639,1751
43.1667,1728
43.1694,1699
43.1722,1688
43.1750,1659
43.1778,1636
43.1806,1628
43.1833,1625
43.1861,1627
43.1889,1622
43.1917,1610
43.1944,1585
43.1972,1570
43.2000,1559
43.2028,1561
43.2056,1565
43.2083,1571
43.2111,1579
43.2139,1565
43.2167,1564
43.2194,1570
43.2222,1567
43.2250,1572
43.2278,1580
43.2306,1571
43.2333,1563
43.2361,1567
43.2389,1562
43.2417,1572
43.2444,1582
43.2472,1589
43.2500,1596
43.2528,1603
43.2556,1594
43.2583,1580
43.2611,1577
43.2639,1586
43.2667,1592
43.2694,1602
43.2722,1602
43.2750,1604
43.2778,1598
43.2806,1611
43.2833,1613
43.2861,1616
43.2889,1621
43.2917,1618
43.2944,1620
43.2972,1611
43.3000,1610
43.3028,1611
43.3056,1609
43.3083,1609
43.3111,1603
43.3139,1611
43.3167,1614
43.3194,1611
43.3222,1614
43.3250,1620
43.3278,1617
43.3306,1613
43.3333,1599
43.3361,1587
43.3389,1594
43.3417,1583
43.3444,1593
43.3472,1597
43.3500,1608
43.3528,1610
43.3556,1604
43.3583,1604
43.3611,1587
43.3639,1577
43.3667,1577
43.3694,1577
43.3722,1588
43.3750,1583
43.3778,1588
43.3806,1580
43.3833,1577
43.3861,1579
43.3889,1587
43.3917,1594
43.3944,1595
43.3972,1616
43.4000,1626
43.4028,1668
43.4056,1680
43.4083,1686
43.4111,1696
43.4139,1704
43.4167,1709
43.4194,1739
43.4222,1768
43.4250,1798
43.4278,1818
43.4306,1823
43.4333,1849
43.4361,1876
43.4389,1908
43.4417,1921
43.4444,1924
43.4472,1929
43.4500,1917
43.4528,1887
43.4556,1840
43.4583,1759
43.4611,1682
43.4639,1613
43.4667,1559
43.4694,1534
43.4722,1517
43.4750,1504
43.4778,1498
43.4806,1498
43.4833,1493
43.4861,1496
43.4889,1488
43.4917,1473
43.4944,1471
43.4972,1461
43.5000,1458
43.5028,1456
43.5056,1457
43.5083,1463
43.5111,1454
43.5139,1453
43.5167,1457
43.5194,1450
43.5222,1455
43.5250,1461
43.5278,1473
43.5306,1481
43.5333,1490
43.5361,1502
43.5389,1528
43.5417,1545
43.5444,1554
43.5472,1529
43.5500,1506
43.5528,1502
43.5556,1517
43.5583,1612
43.5611,1810
43.5639,2125
43.5667,2400
43.5694,2485
43.5722,2462
43.5750,2395
43.5778,2347
43.5806,2299
43.5833,2163
43.5861,1875
43.5889,1584
43.5917,1365
43.5944,1229
43.5972,1134
43.6000,1049
43.6028,980
43.6056,946
43.6083,951
43.6111,973
43.6139,1021
43.6167,1081
43.6194,1147
43.6222,1202
43.6250,1267
43.6278,1353
43.6306,1429
43.6333,1496
43.6361,1554
43.6389,1593
43.6417,1623
43.6444,1651
43.6472,1674
43.6500,1690
43.6528,1713
43.6556,1718
43.6583,1719
43.6611,1719
43.6639,1710
43.6667,1717
43.6694,1733
43.6722,1749
43.6750,1759
43.6778,1752
43.6806,1752
43.6833,1758
43.6861,1760
43.6889,1777
43.6917,1791
43.6944,1804
43.6972,1808
43.7000,1799
43.7028,1798
43.7056,1794
43.7083,1802
43.7111,1830
43.7139,1846
43.7167,1850
43.7194,1850
43.7222,1854
43.7250,1865
43.7278,1872
43.7306,1895
43.7333,1904
43.7361,1905
43.7389,1915
43.7417,1895
43.7444,1885
43.7472,1891
43.7500,1910
43.7528,1931
43.7556,1946
43.7583,2044
43.7611,2040
43.7639,2009
43.7667,1996
43.7694,1961
43.7722,1901
43.7750,1839
43.7778,1793
43.7806,1751
43.7833,1721
43.7861,1681
43.7889,1654
43.7917,1622
43.7944,1602
43.7972,1569
43.8000,1539
43.8028,1524
43.8056,1523
43.8083,1510
43.8111,1505
43.8139,1480
43.8167,1456
43.8194,1419
43.8222,1412
43.8250,1411
43.8278,1439
43.8306,1457
43.8333,1480
43.8361,1493
43.8389,1485
43.8417,1463
43.8444,1457
43.8472,1451
43.8500,1454
43.8528,1444
43.8556,1436
43.8583,1436
43.8611,1439
43.8639,1438
43.8667,1434
43.8694,1456
43.8722,1478
43.8750,1496
43.8778,1495
43.8806,1492
43.8833,1481
43.8861,1492
43.8889,1490
43.8917,1495
43.8944,1484
43.8972,1496
43.9000,1502
43.9028,1524
43.9056,1544
43.9083,1561
43.9111,1572
43.9139,1559
43.9167,1543
43.9194,1530
43.9222,1514
43.9250,1513
43.9278,1538
43.9306,1540
43.9333,1562
43.9361,1573
43.9389,1575
43.9417,1568
43.9444,1566
43.9472,1550
43.9500,1529
43.9528,1513
43.9556,1512
43.9583,1525
43.9611,1508
43.9639,1516
43.9667,1515
43.9694,1509
43.9722,1492
43.9750,1495
43.9778,1515
43.9806,1537
43.9833,1534
43.9861,1512
43.9889,1506
43.9917,1501
43.9944,1500
43.9972,1494
44.0000,1485
44.0028,1485
44.0056,1481
44.0083,1506
44.0111,1513
44.0139,1495
44.0167,1482
44.0194,1475
44.0222,1446
44.0250,1427
44.0278,1448
44.0306,1459
44.0333,1462
44.0361,1466
44.0389,1468
44.0417,1507
44.0444,1537
44.0472,1563
44.0500,1596
44.0528,1628
44.0556,1667
44.0583,1696
44.0611,1703
44.0639,1709
44.0667,1714
44.0694,1718
44.0722,1727
44.0750,1741
44.0778,1761
44.0806,1771
44.0833,1808
44.0861,1835
44.0889,1873
44.0917,1923
44.0944,1963
44.0972,1982
44.1000,1983
44.1028,1988
44.1056,1986
44.1083,1985
44.1111,1961
44.1139,1921
44.1167,1853
44.1194,1781
44.1222,1750
44.1250,1719
44.1278,1705
44.1306,1701
44.1333,1698
44.1361,1705
44.1389,1706
44.1417,1701
44.1444,1713
44.1472,1718
44.1500,1730
44.1528,1720
44.1556,1714
44.1583,1701
44.1611,1692
44.1639,1681
44.1667,1682
44.1694,1696
44.1722,1692
44.1750,1709
44.1778,1691
44.1806,1685
44.1833,1718
44.1861,1729
44.1889,1755
44.1917,1799
44.1944,1829
44.1972,1837
44.2000,1803
44.2028,1764
44.2056,1729
44.2083,1742
44.2111,1778
44.2139,1906
44.2167,2138
44.2194,2482
44.2222,2769
44.2250,2884
44.2278,2871
44.2306,2786
44.2333,2679
44.2361,2528
44.2389,2253
44.2417,1794
44.2444,1380
44.2472,1152
44.2500,1061
44.2528,1036
44.2556,1033
44.2583,1035
44.2611,1055
44.2639,1104
44.2667,1171
44.2694,1239
44.2722,1291
44.2750,1343
44.2778,1437
44.2806,1517
44.2833,1626
44.2861,1724
44.2889,1789
44.2917,1847
44.2944,1859
44.2972,1865
44.3000,1856
44.3028,1867
44.3056,1880
44.3083,1899
44.3111,1915
44.3139,1918
44.3167,1912
44.3194,1915
44.3222,1924
44.3250,1947
44.3278,1961
44.3306,1973
44.3333,1967
44.3361,1964
44.3389,1974
44.3417,1991
44.3444,2002
44.3472,2011
44.3500,2020
44.3528,2012
44.3556,2011
44.3583,2006
44.3611,2009
44.3639,2028
44.3667,2055
44.3694,2061
44.3722,2074
44.3750,2061
44.3778,2065
44.3806,2074
44.3833,2086
44.3861,2114
44.3889,2117
44.3917,2135
44.3944,2144
44.3972,2146
44.4000,2148
44.4028,2157
44.4056,2170
44.4083,2191
44.4111,2222
44.4139,2229
44.4167,2243
44.4194,2238
44.4222,2250
44.4250,2286
44.4278,2285
44.4306,2296
44.4333,2321
44.4361,2345
44.4389,1953
44.4417,1955
44.4444,1942
44.4472,1918
44.4500,1884
44.4528,1861
44.4556,1824
44.4583,1790
44.4611,1799
44.4639,1793
44.4667,1788
44.4694,1756
44.4722,1725
44.4750,1716
44.4778,1700
44.4806,1704
44.4833,1712
44.4861,1709
44.4889,1705
44.4917,1692
44.4944,1687
44.4972,1678
44.5000,1671
44.5028,1674
44.5056,1682
44.5083,1683
44.5111,1674
44.5139,1660
44.5167,1651
44.5194,1644
44.5222,1649
44.5250,1667
44.5278,1678
44.5306,1669
44.5333,1651
44.5361,1651
44.5389,1658
44.5417,1666
44.5444,1676
44.5472,1680
44.5500,1675
44.5528,1669
44.5556,1687
44.5583,1693
44.5611,1701
44.5639,1699
44.5667,1692
44.5694,1689
44.5722,1683
44.5750,1655
44.5778,1660
44.5806,1660
44.5833,1646
44.5861,1642
44.5889,1653
44.5917,1646
44.5944,1654
44.5972,1640
44.6000,1640
44.6028,1641
44.6056,1654
44.6083,1661
44.6111,1654
44.6139,1656
44.6167,1648
44.6194,1660
44.6222,1668
44.6250,1658
44.6278,1625
44.6306,1595
44.6333,1577
44.6361,1556
44.6389,1524
44.6417,1556
44.6444,1601
44.6472,1607
44.6500,1595
44.6528,1610
44.6556,1642
44.6583,1644
44.6611,1629
44.6639,1612
44.6667,1611
44.6694,1625
44.6722,1626
44.6750,1636
44.6778,1616
44.6806,1597
44.6833,1594
44.6861,1597
44.6889,1608
44.6917,1620
44.6944,1610
44.6972,1607
44.7000,1596
44.7028,1582
44.7056,1594
44.7083,1599
44.7111,1591
44.7139,1588
44.7167,1601
44.7194,1596
44.7222,1590
44.7250,1569
44.7278,1577
44.7306,1565
44.7333,1551
44.7361,1553
44.7389,1540
44.7417,1549
44.7444,1567
44.7472,1583
44.7500,1600
44.7528,1597
44.7556,1600
44.7583,1605
44.7611,1595
44.7639,1601
44.7667,1605
44.7694,1598
44.7722,1592
44.7750,1592
44.7778,1583
44.7806,1599
44.7833,1600
44.7861,1602
44.7889,1600
44.7917,1610
44.7944,1616
44.7972,1618
44.8000,1618
44.8028,1615
44.8056,1609
44.8083,1620
44.8111,1624
44.8139,1637
44.8167,1665
44.8194,1678
44.8222,1689
44.8250,1696
44.8278,1705
44.8306,1726
44.8333,1735
44.8361,1751
44.8389,1770
44.8417,1789
44.8444,1807
44.8472,1828
44.8500,1861
44.8528,1904
44.8556,1926
44.8583,1927
44.8611,1915
44.8639,1895
44.8667,1872
44.8694,1834
44.8722,1780
44.8750,1711
44.8778,1659
44.8806,1629
44.8833,1597
44.8861,1585
44.8889,1587
44.8917,1585
44.8944,1593
44.8972,1584
44.9000,1583
44.9028,1578
44.9056,1572
44.9083,1570
44.9111,1571
44.9139,1557
44.9167,1559
44.9194,1555
44.9222,1540
44.9250,1554
44.9278,1568
44.9306,1556
44.9333,1544
44.9361,1530
44.9389,1541
44.9417,1551
44.9444,1570
44.9472,1598
44.9500,1615
44.9528,1660
44.9556,1666
44.9583,1639
44.9611,1606
44.9639,1581
44.9667,1584
44.9694,1662
44.9722,1819
44.9750,2068
44.9778,2360
44.9806,2496
44.9833,2484
44.9861,2403
44.9889,2308
44.9917,2188
44.9944,1987
44.9972,1634
45.0000,1287
45.0028,1078
45.0056,986
45.0083,960
45.0111,937
45.0139,911
45.0167,886
45.0194,880
45.0222,906
45.0250,955
45.0278,1019
45.0306,1067
45.0333,1125
45.0361,1191
45.0389,1264
45.0417,1363
45.0444,1463
45.0472,1539
45.0500,1604
45.0528,1649
45.0556,1679
45.0583,1697
45.0611,1718
45.0639,1735
45.0667,1736
45.0694,1742
45.0722,1749
45.0750,1755
45.0778,1767
45.0806,1793
45.0833,1802
45.0861,1816
45.0889,1810
45.0917,1807
45.0944,1816
45.0972,1820
45.1000,1846
45.1028,1878
45.1056,1884
45.1083,1871
45.1111,1857
45.1139,1853
45.1167,1873
45.1194,1898
45.1222,1926
45.1250,1932
45.1278,1921
45.1306,1903
45.1333,1923
45.1361,1945
45.1389,1981
45.1417,2001
45.1444,2007
45.1472,1999
45.1500,1991
45.1528,1995
45.1556,2017
45.1583,2010
45.1611,2044
45.1639,2064
45.1667,2097
45.1694,2101
45.1722,2102
45.1750,2117
45.1778,2135
45.1806,2153
45.1833,2168
45.1861,2188
45.1889,2183
45.1917,2180
45.1944,1918
45.1972,1920
45.2000,1897
45.2028,1851
45.2056,1821
45.2083,1785
45.2111,1758
45.2139,1742
45.2167,1721
45.2194,1701
45.2222,1681
45.2250,1669
45.2278,1655
45.2306,1642
45.2333,1617
45.2361,1604
45.2389,1602
45.2417,1615
45.2444,1621
45.2472,1606
45.2500,1602
45.2528,1597
45.2556,1600
45.2583,1620
45.2611,1617
45.2639,1608
45.2667,1608
45.2694,1597
45.2722,1592
45.2750,1600
45.2778,1614
45.2806,1618
45.2833,1615
45.2861,1618
45.2889,1614
45.2917,1619
45.2944,1602
45.2972,1603
45.3000,1612
45.3028,1609
45.3056,1606
45.3083,1620
45.3111,1619
45.3139,1629
45.3167,1634
45.3194,1630
45.3222,1626
45.3250,1624
45.3278,1618
45.3306,1624
45.3333,1622
45.3361,1625
45.3389,1630
45.3417,1644
45.3444,1649
45.3472,1647
45.3500,1647
45.3528,1648
45.3556,1640
45.3583,1642
45.3611,1626
45.3639,1634
45.3667,1636
45.3694,1629
45.3722,1615
45.3750,1623
45.3778,1634
45.3806,1632
45.3833,1630
45.3861,1626
45.3889,1628
45.3917,1623
45.3944,1622
45.3972,1619
45.4000,1609
45.4028,1615
45.4056,1615
45.4083,1614
45.4111,1610
45.4139,1622
45.4167,1619
45.4194,1618
45.4222,1609
45.4250,1607
45.4278,1606
45.4306,1598
45.4333,1593
45.4361,1601
45.4389,1607
45.4417,1601
45.4444,1592
45.4472,1592
45.4500,1583
45.4528,1584
45.4556,1583
45.4583,1602
45.4611,1597
45.4639,1606
45.4667,1609
45.4694,1602
45.4722,1603
45.4750,1608
45.4778,1611
45.4806,1624
45.4833,1618
45.4861,1625
45.4889,1614
45.4917,1615
45.4944,1607
45.4972,1617
45.5000,1625
45.5028,1636
45.5056,1638
45.5083,1624
45.5111,1636
45.5139,1625
45.5167,1636
45.5194,1643
45.5222,1633
45.5250,1629
45.5278,1634
45.5306,1634
45.5333,1632
45.5361,1634
45.5389,1630
45.5417,1635
45.5444,1650
45.5472,1651
45.5500,1659
45.5528,1654
45.5556,1653
45.5583,1647
45.5611,1653
45.5639,1658
45.5667,1647
45.5694,1649
45.5722,1645
45.5750,1643
45.5778,1640
45.5806,1648
45.5833,1651
45.5861,1648
45.5889,1646
45.5917,1648
45.5944,1659
45.5972,1672
45.6000,1686
45.6028,1711
45.6056,1722
45.6083,1737
45.6111,1761
45.6139,1777
45.6167,1786
45.6194,1792
45.6222,1802
45.6250,1825
45.6278,1842
45.6306,1867
45.6333,1909
45.6361,1943
45.6389,1964
45.6417,1963
45.6444,1945
45.6472,1928
45.6500,1900
45.6528,1861
45.6556,1803
45.6583,1745
45.6611,1680
45.6639,1624
45.6667,1584
45.6694,1561
45.6722,1543
45.6750,1543
45.6778,1536
45.6806,1533
45.6833,1529
45.6861,1526
45.6889,1522
45.6917,1503
45.6944,1503
45.6972,1493
45.7000,1487
45.7028,1493
45.7056,1483
45.7083,1485
45.7111,1486
45.7139,1494
45.7167,1499
45.7194,1494
45.7222,1493
45.7250,1493
45.7278,1506
45.7306,1528
45.7333,1556
45.7361,1567
45.7389,1562
45.7417,1548
45.7444,1511
45.7472,1499
45.7500,1524
45.7528,1614
45.7556,1790
45.7583,2059
45.7611,2355
45.7639,2509
45.7667,2532
45.7694,2471
45.7722,2395
45.7750,2311
45.7778,2140
45.7806,1806
45.7833,1431
45.7861,1153
45.7889,1015
45.7917,944
45.7944,897
45.7972,848
45.8000,822
45.8028,832
45.8056,869
45.8083,909
45.8111,977
45.8139,1045
45.8167,1092
45.8194,1164
45.8222,1255
45.8250,1345
45.8278,1432
45.8306,1502
45.8333,1545
45.8361,1575
45.8389,1604
45.8417,1623
45.8444,1648
45.8472,1674
45.8500,1688
45.8528,1692
45.8556,1682
45.8583,1686
45.8611,1691
45.8639,1714
45.8667,1730
45.8694,1743
45.8722,1742
45.8750,1740
45.8778,1746
45.8806,1761
45.8833,1772
45.8861,1776
45.8889,1778
45.8917,1785
45.8944,1787
45.8972,1782
45.9000,1780
45.9028,1806
45.9056,1814
45.9083,1821
45.9111,1839
45.9139,1841
45.9167,1848
45.9194,1854
45.9222,1865
45.9250,1891
45.9278,1893
45.9306,1894
45.9333,1889
45.9361,1887
45.9389,1882
45.9417,1893
45.9444,1924
45.9472,1954
45.9500,1961
45.9528,1967
45.9556,1972
45.9583,1973
45.9611,1982
45.9639,1994
45.9667,2004
45.9694,2009
45.9722,2018
45.9750,2021
45.9778,1742
45.9806,1753
45.9833,1730
45.9861,1703
45.9889,1676
45.9917,1650
45.9944,1617
45.9972,1604
46.0000,1581
46.0028,1572
46.0056,1562
46.0083,1544
46.0111,1520
46.0139,1498
46.0167,1486
46.0194,1483
46.0222,1474
46.0250,1476
46.0278,1468
46.0306,1471
46.0333,1457
46.0361,1449
46.0389,1453
46.0417,1461
46.0444,1465
46.0472,1467
46.0500,1462
46.0528,1465
46.0556,1465
46.0583,1470
46.0611,1484
46.0639,1489
46.0667,1491
46.0694,1484
46.0722,1479
46.0750,1478
46.0778,1477
46.0806,1484
46.0833,1498
46.0861,1505
46.0889,1501
46.0917,1504
46.0944,1494
46.0972,1503
46.1000,1512
46.1028,1527
46.1056,1539
46.1083,1539
46.1111,1540
46.1139,1536
46.1167,1536
46.1194,1538
46.1222,1541
46.1250,1534
46.1278,1534
46.1306,1525
46.1333,1521
46.1361,1527
46.1389,1530
46.1417,1539
46.1444,1545
46.1472,1540
46.1500,1531
46.1528,1523
46.1556,1522
46.1583,1524
46.1611,1521
46.1639,1529
46.1667,1524
46.1694,1528
46.1722,1521
46.1750,1529
46.1778,1515
46.1806,1519
46.1833,1521
46.1861,1526
46.1889,1522
46.1917,1518
46.1944,1509
46.1972,1512
46.2000,1508
46.2028,1508
46.2056,1505
46.2083,1505
46.2111,1504
46.2139,1488
46.2167,1480
46.2194,1484
46.2222,1490
46.2250,1489
46.2278,1497
46.2306,1510
46.2333,1508
46.2361,1508
46.2389,1497
46.2417,1500
46.2444,1493
46.2472,1491
46.2500,1487
46.2528,1488
46.2556,1478
46.2583,1491
46.2611,1493
46.2639,1501
46.2667,1498
46.2694,1502
46.2722,1505
46.2750,1505
46.2778,1496
46.2806,1506
46.2833,1510
46.2861,1516
46.2889,1519
46.2917,1517
46.2944,1515
46.2972,1519
46.3000,1526
46.3028,1535
46.3056,1532
46.3083,1531
46.3111,1535
46.3139,1552
46.3167,1572
46.3194,1612
46.3222,1638
46.3250,1651
46.3278,1656
46.3306,1670
46.3333,1675
46.3361,1685
46.3389,1699
46.3417,1727
46.3444,1764
46.3472,1784
46.3500,1808
46.3528,1834
46.3556,1865
46.3583,1880
46.3611,1890
46.3639,1892
46.3667,1878
46.3694,1852
46.3722,1816
46.3750,1752
46.3778,1692
46.3806,1629
46.3833,1581
46.3861,1531
46.3889,1512
46.3917,1508
46.3944,1494
46.3972,1491
46.4000,1477
46.4028,1477
46.4056,1480
46.4083,1472
46.4111,1467
46.4139,1460
46.4167,1450
46.4194,1445
46.4222,1450
46.4250,1456
46.4278,1457
46.4306,1468
46.4333,1468
46.4361,1461
46.4389,1458
46.4417,1459
46.4444,1450
46.4472,1450
46.4500,1477
46.4528,1504
46.4556,1536
46.4583,1565
46.4611,1561
46.4639,1538
46.4667,1501
46.4694,1496
46.4722,1531
46.4750,1651
46.4778,1856
46.4806,2185
46.4833,2453
46.4861,2536
46.4889,2505
46.4917,2442
46.4944,2383
46.4972,2318
46.5000,2133
46.5028,1793
46.5056,1446
46.5083,1212
46.5111,1082
46.5139,997
46.5167,948
46.5194,905
46.5222,908
46.5250,936
46.5278,989
46.5306,1055
46.5333,1119
46.5361,1170
46.5389,1227
46.5417,1304
46.5444,1386
46.5472,1472
46.5500,1557
46.5528,1599
46.5556,1625
46.5583,1645
46.5611,1664
46.5639,1690
46.5667,1699
46.5694,1730
46.5722,1736
46.5750,1739
46.5778,1744
46.5806,1754
46.5833,1754
46.5861,1773
46.5889,1789
46.5917,1791
46.5944,1797
46.5972,1791
46.6000,1800
46.6028,1806
46.6056,1824
46.6083,1845
46.6111,1855
46.6139,1852
46.6167,1845
46.6194,1841
46.6222,1849
46.6250,1855
46.6278,1885
46.6306,1901
46.6333,1930
46.6361,1927
46.6389,1924
46.6417,1920
46.6444,1920
46.6472,1935
46.6500,1946
46.6528,1955
46.6556,1961
46.6583,1963
46.6611,1968
46.6639,1984
46.6667,2009
46.6694,2038
46.6722,2043
46.6750,2059
46.6778,2065
46.6806,2070
46.6833,2078
46.6861,2101
46.6889,2123
46.6917,2139
46.6944,2144
46.6972,2148
46.7000,1874
46.7028,1879
46.7056,1860
46.7083,1828
46.7111,1794
46.7139,1762
46.7167,1737
46.7194,1717
46.7222,1712
46.7250,1696
46.7278,1686
46.7306,1675
46.7333,1662
46.7361,1652
46.7389,1645
46.7417,1650
46.7444,1652
46.7472,1654
46.7500,1650
46.7528,1648
46.7556,1634
46.7583,1629
46.7611,1625
46.7639,1633
46.7667,1640
46.7694,1648
46.7722,1649
46.7750,1647
46.7778,1633
46.7806,1630
46.7833,1639
46.7861,1645
46.7889,1645
46.7917,1640
46.7944,1640
46.7972,1643
46.8000,1658
46.8028,1670
46.8056,1675
46.8083,1671
46.8111,1665
46.8139,1663
46.8167,1662
46.8194,1677
46.8222,1682
46.8250,1689
46.8278,1690
46.8306,1694
46.8333,1699
46.8361,1688
46.8389,1679
46.8417,1677
46.8444,1683
46.8472,1701
46.8500,1710
46.8528,1704
46.8556,1705
46.8583,1693
46.8611,1694
46.8639,1701
46.8667,1712
46.8694,1708
46.8722,1708
46.8750,1695
46.8778,1692
46.8806,1687
46.8833,1687
46.8861,1693
46.8889,1693
46.8917,1694
46.8944,1687
46.8972,1679
46.9000,1680
46.9028,1684
46.9056,1686
46.9083,1681
46.9111,1683
46.9139,1674
46.9167,1669
46.9194,1666
46.9222,1669
46.9250,1682
46.9278,1676
46.9306,1675
46.9333,1670
46.9361,1671
46.9389,1671
46.9417,1670
46.9444,1676
46.9472,1681
46.9500,1687
46.9528,1679
46.9556,1676
46.9583,1670
46.9611,1668
46.9639,1672
46.9667,1673
46.9694,1672
46.9722,1676
46.9750,1677
46.9778,1665
46.9806,1671
46.9833,1673
46.9861,1675
46.9889,1676
46.9917,1672
46.9944,1680
46.9972,1700
47.0000,1728
47.0028,1758
47.0056,1795
47.0083,1805
47.0111,1798
47.0139,1805
47.0167,1814
47.0194,1835
47.0222,1870
47.0250,1890
47.0278,1914
47.0306,1930
47.0333,1960
47.0361,1976
47.0389,2003
47.0417,2016
47.0444,2031
47.0472,2035
47.0500,2010
47.0528,1983
47.0556,1943
47.0583,1879
47.0611,1805
47.0639,1738
47.0667,1689
47.0694,1643
47.0722,1622
47.0750,1605
47.0778,1592
47.0806,1585
47.0833,1579
47.0861,1585
47.0889,1583
47.0917,1570
47.0944,1563
47.0972,1553
47.1000,1551
47.1028,1555
47.1056,1556
47.1083,1558
47.1111,1547
47.1139,1549
47.1167,1549
47.1194,1550
47.1222,1557
47.1250,1562
47.1278,1567
47.1306,1567
47.1333,1572
47.1361,1602
47.1389,1625
47.1417,1644
47.1444,1642
47.1472,1611
47.1500,1591
47.1528,1575
47.1556,1606
47.1583,1731
47.1611,1945
47.1639,2256
47.1667,2541
47.1694,2652
47.1722,2618
47.1750,2542
47.1778,2472
47.1806,2405
47.1833,2210
47.1861,1826
47.1889,1431
47.1917,1181
47.1944,1058
47.1972,1015
47.2000,983
47.2028,979
47.2056,982
47.2083,1002
47.2111,1041
47.2139,1093
47.2167,1159
47.2194,1238
47.2222,1303
47.2250,1389
47.2278,1474
47.2306,1568
47.2333,1644
47.2361,1694
47.2389,1719
47.2417,1732
47.2444,1742
47.2472,1756
47.2500,1782
47.2528,1799
47.2556,1818
47.2583,1821
47.2611,1821
47.2639,1825
47.2667,1832
47.2694,1840
47.2722,1857
47.2750,1859
47.2778,1855
47.2806,1855
47.2833,1846
47.2861,1857
47.2889,1871
47.2917,1878
47.2944,1876
47.2972,1882
47.3000,1877
47.3028,1876
47.3056,1884
47.3083,1906
47.3111,1929
47.3139,1945
47.3167,1952
47.3194,1955
47.3222,1959
47.3250,1964
47.3278,1975
47.3306,1997
47.3333,2010
47.3361,2019
47.3389,2027
47.3417,2034
47.3444,2044
47.3472,2052
47.3500,2080
47.3528,2110
47.3556,2112
47.3583,2116
47.3611,2105
47.3639,2117
47.3667,2127
47.3694,2154
47.3722,2174
47.3750,2186
47.3778,2196
47.3806,2199
47.3833,1864
47.3861,1865
47.3889,1846
47.3917,1810
47.3944,1776
47.3972,1755
47.4000,1727
47.4028,1716
47.4056,1705
47.4083,1686
47.4111,1669
47.4139,1650
47.4167,1630
47.4194,1621
47.4222,1605
47.4250,1610
47.4278,1610
47.4306,1619
47.4333,1618
47.4361,1605
47.4389,1603
47.4417,1595
47.4444,1587
47.4472,1591
47.4500,1591
47.4528,1591
47.4556,1587
47.4583,1584
47.4611,1573
47.4639,1579
47.4667,1596
47.4694,1599
47.4722,1601
47.4750,1605
47.4778,1590
47.4806,1587
47.4833,1589
47.4861,1595
47.4889,1614
47.4917,1616
47.4944,1620
47.4972,1616
47.5000,1615
47.5028,1623
47.5056,1630
47.5083,1627
47.5111,1638
47.5139,1629
47.5167,1639
47.5194,1630
47.5222,1633
47.5250,1636
47.5278,1642
47.5306,1634
47.5333,1637
47.5361,1626
47.5389,1620
47.5417,1625
47.5444,1630
47.5472,1635
47.5500,1633
47.5528,1645
47.5556,1642
47.5583,1632
47.5611,1626
47.5639,1624
47.5667,1618
47.5694,1610
47.5722,1598
47.5750,1593
47.5778,1580
47.5806,1574
47.5833,1576
47.5861,1588
47.5889,1589
47.5917,1590
47.5944,1576
47.5972,1564
47.6000,1555
47.6028,1550
47.6056,1547
47.6083,1549
47.6111,1557
47.6139,1552
47.6167,1557
47.6194,1559
47.6222,1563
47.6250,1568
47.6278,1578
47.6306,1570
47.6333,1576
47.6361,1579
47.6389,1576
47.6417,1579
47.6444,1579
47.6472,1575
47.6500,1572
47.6528,1569
47.6556,1562
47.6583,1562
47.6611,1563
47.6639,1559
47.6667,1568
47.6694,1575
47.6722,1579
47.6750,1578
47.6778,1572
47.6806,1578
47.6833,1580
47.6861,1588
47.6889,1583
47.6917,1582
47.6944,1584
47.6972,1581
47.7000,1590
47.7028,1595
47.7056,1590
47.7083,1597
47.7111,1600
47.7139,1597
47.7167,1596
47.7194,1594
47.7222,1602
47.7250,1603
47.7278,1600
47.7306,1604
47.7333,1606
47.7361,1599
47.7389,1590
47.7417,1596
47.7444,1598
47.7472,1599
47.7500,1608
47.7528,1597
47.7556,1602
47.7583,1608
47.7611,1615
47.7639,1624
47.7667,1638
47.7694,1643
47.7722,1635
47.7750,1620
47.7778,1609
47.7806,1616
47.7833,1636
47.7861,1666
47.7889,1700
47.7917,1737
47.7944,1746
47.7972,1766
47.8000,1775
47.8028,1780
47.8056,1790
47.8083,1797
47.8111,1821
47.8139,1842
47.8167,1876
47.8194,1912
47.8222,1938
47.8250,1975
47.8278,1979
47.8306,1967
47.8333,1954
47.8361,1939
47.8389,1901
47.8417,1868
47.8444,1816
47.8472,1755
47.8500,1709
47.8528,1664
47.8556,1627
47.8583,1597
47.8611,1584
47.8639,1579
47.8667,1579
47.8694,1565
47.8722,1567
47.8750,1568
47.8778,1554
47.8806,1541
47.8833,1537
47.8861,1521
47.8889,1523
47.8917,1518
47.8944,1524
47.8972,1521
47.9000,1528
47.9028,1526
47.9056,1530
47.9083,1535
47.9111,1527
47.9139,1526
47.9167,1541
47.9194,1563
47.9222,1601
47.9250,1627
47.9278,1650
47.9306,1640
47.9333,1618
47.9361,1593
47.9389,1608
47.9417,1674
47.9444,1832
47.9472,2091
47.9500,2416
47.9528,2605
47.9556,2623
47.9583,2580
47.9611,2508
47.9639,2459
47.9667,2366
47.9694,2080
47.9722,1705
47.9750,1391
47.9778,1202
47.9806,1117
47.9833,1059
47.9861,1005
47.9889,983
47.9917,987
47.9944,1010
47.9972,1052
48.0000,1101
48.0028,1152
48.0056,1201
48.0083,1266
48.0111,1347
48.0139,1441
48.0167,1521
48.0194,1587
48.0222,1632
48.0250,1651
48.0278,1669
48.0306,1686
48.0333,1710
48.0361,1744
48.0389,1753
48.0417,1764
48.0444,1766
48.0472,1766
48.0500,1771
48.0528,1791
48.0556,1806
48.0583,1813
48.0611,1822
48.0639,1826
48.0667,1826
48.0694,1829
48.0722,1836
48.0750,1841
48.0778,1856
48.0806,1857
48.0833,1853
48.0861,1848
48.0889,1861
48.0917,1861
48.0944,1882
48.0972,1900
48.1000,1920
48.1028,1925
48.1056,1921
48.1083,1923
48.1111,1928
48.1139,1934
48.1167,1949
48.1194,1961
48.1222,1960
48.1250,1962
48.1278,1969
48.1306,1976
48.1333,1995
48.1361,2027
48.1389,2048
48.1417,2047
48.1444,2053
48.1472,2050
48.1500,2067
48.1528,2085
48.1556,2111
48.1583,2129
48.1611,2138
48.1639,2141
48.1667,2143
48.1694,1858
48.1722,1867
48.1750,1845
48.1778,1819
48.1806,1784
48.1833,1762
48.1861,1739
48.1889,1718
48.1917,1715
48.1944,1689
48.1972,1678
48.2000,1663
48.2028,1634
48.2056,1618
48.2083,1608
48.2111,1613
48.2139,1620
48.2167,1625
48.2194,1621
48.2222,1620
48.2250,1605
48.2278,1603
48.2306,1601
48.2333,1614
48.2361,1619
48.2389,1619
48.2417,1608
48.2444,1611
48.2472,1598
48.2500,1600
48.2528,1614
48.2556,1631
48.2583,1625
48.2611,1627
48.2639,1629
48.2667,1629
48.2694,1617
48.2722,1622
48.2750,1631
48.2778,1632
48.2806,1634
48.2833,1631
48.2861,1640
48.2889,1646
48.2917,1648
48.2944,1668
48.2972,1656
48.3000,1651
48.3028,1649
48.3056,1641
48.3083,1633
48.3111,1630
48.3139,1651
48.3167,1653
48.3194,1657
48.3222,1647
48.3250,1637
48.3278,1629
48.3306,1634
48.3333,1628
48.3361,1625
48.3389,1620
48.3417,1621
48.3444,1619
48.3472,1610
48.3500,1612
48.3528,1626
48.3556,1621
48.3583,1625
48.3611,1619
48.3639,1612
48.3667,1600
48.3694,1602
48.3722,1588
48.3750,1592
48.3778,1589
48.3806,1577
48.3833,1574
48.3861,1573
48.3889,1575
48.3917,1581
48.3944,1579
48.3972,1575
48.4000,1571
48.4028,1556
48.4056,1545
48.4083,1543
48.4111,1546
48.4139,1544
48.4167,1560
48.4194,1550
48.4222,1549
48.4250,1551
48.4278,1551
48.4306,1540
48.4333,1547
48.4361,1539
48.4389,1539
48.4417,1529
48.4444,1532
48.4472,1538
48.4500,1536
48.4528,1545
48.4556,1549
48.4583,1545
48.4611,1552
48.4639,1553
48.4667,1545
48.4694,1552
48.4722,1550
48.4750,1546
48.4778,1557
48.4806,1561
48.4833,1567
48.4861,1570
48.4889,1567
48.4917,1568
48.4944,1561
48.4972,1567
48.5000,1557
48.5028,1554
48.5056,1550
48.5083,1556
48.5111,1557
48.5139,1561
48.5167,1557
48.5194,1568
48.5222,1565
48.5250,1573
48.5278,1574
48.5306,1573
48.5333,1571
48.5361,1572
48.5389,1570
48.5417,1582
48.5444,1579
48.5472,1592
48.5500,1594
48.5528,1596
48.5556,1600
48.5583,1610
48.5611,1603
48.5639,1608
48.5667,1609
48.5694,1608
48.5722,1611
48.5750,1610
48.5778,1613
48.5806,1623
48.5833,1620
48.5861,1620
48.5889,1632
48.5917,1637
48.5944,1638
48.5972,1635
48.6000,1636
48.6028,1632
48.6056,1629
48.6083,1640
48.6111,1639
48.6139,1643
48.6167,1650
48.6194,1649
48.6222,1652
48.6250,1655
48.6278,1648
48.6306,1654
48.6333,1646
48.6361,1646
48.6389,1648
48.6417,1648
48.6444,1643
48.6472,1647
48.6500,1659
48.6528,1679
48.6556,1722
48.6583,1751
48.6611,1767
48.6639,1777
48.6667,1787
48.6694,1795
48.6722,1800
48.6750,1817
48.6778,1828
48.6806,1848
48.6833,1865
48.6861,1890
48.6889,1926
48.6917,1958
48.6944,1971
48.6972,1966
48.7000,1965
48.7028,1943
48.7056,1925
48.7083,1890
48.7111,1833
48.7139,1780
48.7167,1720
48.7194,1670
48.7222,1635
48.7250,1610
48.7278,1609
48.7306,1601
48.7333,1582
48.7361,1575
48.7389,1571
48.7417,1559
48.7444,1556
48.7472,1544
48.7500,1543
48.7528,1547
48.7556,1548
48.7583,1547
48.7611,1538
48.7639,1531
48.7667,1521
48.7694,1521
48.7722,1522
48.7750,1527
48.7778,1532
48.7806,1541
48.7833,1557
48.7861,1586
48.7889,1613
48.7917,1645
48.7944,1653
48.7972,1625
48.8000,1589
48.8028,1572
48.8056,1575
48.8083,1674
48.8111,1866
48.8139,2151
48.8167,2516
48.8194,2737
48.8222,2761
48.8250,2690
48.8278,2581
48.8306,2487
48.8333,2351
48.8361,2022
48.8389,1584
48.8417,1239
48.8444,1060
48.8472,986
48.8500,975
48.8528,959
48.8556,960
48.8583,975
48.8611,994
48.8639,1049
48.8667,1099
48.8694,1157
48.8722,1222
48.8750,1309
48.8778,1404
48.8806,1498
48.8833,1591
48.8861,1659
48.8889,1701
48.8917,1724
48.8944,1725
48.8972,1734
48.9000,1754
48.9028,1782
48.9056,1793
48.9083,1798
48.9111,1798
48.9139,1795
48.9167,1801
48.9194,1823
48.9222,1845
48.9250,1857
48.9278,1857
48.9306,1845
48.9333,1842
48.9361,1841
48.9389,1842
48.9417,1861
48.9444,1872
48.9472,1874
48.9500,1877
48.9528,1867
48.9556,1867
48.9583,1879
48.9611,1896
48.9639,1922
48.9667,1935
48.9694,1925
48.9722,1922
48.9750,1919
48.9778,1933
48.9806,1958
48.9833,1965
48.9861,1994
48.9889,2000
48.9917,2000
48.9944,2005
48.9972,2014
49.0000,2026
49.0028,2055
49.0056,2072
49.0083,2082
49.0111,2086
49.0139,2093
49.0167,2105
49.0194,2133
49.0222,2158
49.0250,2176
49.0278,2177
49.0306,2180
49.0333,2192
49.0361,1916
49.0389,1931
49.0417,1909
49.0444,1878
49.0472,1837
49.0500,1793
49.0528,1763
49.0556,1753
49.0583,1737
49.0611,1732
49.0639,1716
49.0667,1697
49.0694,1666
49.0722,1645
49.0750,1640
49.0778,1632
49.0806,1632
49.0833,1633
49.0861,1618
49.0889,1609
49.0917,1610
49.0944,1612
49.0972,1618
49.1000,1624
49.1028,1629
49.1056,1626
49.1083,1623
49.1111,1617
49.1139,1620
49.1167,1623
49.1194,1636
49.1222,1645
49.1250,1655
49.1278,1647
49.1306,1652
49.1333,1649
49.1361,1655
49.1389,1669
49.1417,1674
49.1444,1668
49.1472,1661
49.1500,1655
49.1528,1652
49.1556,1654
49.1583,1675
49.1611,1679
49.1639,1692
49.1667,1686
49.1694,1673
49.1722,1666
49.1750,1663
49.1778,1665
49.1806,1662
49.1833,1667
49.1861,1674
49.1889,1668
49.1917,1656
49.1944,1660
49.1972,1655
49.2000,1660
49.2028,1669
49.2056,1659
49.2083,1654
49.2111,1656
49.2139,1649
49.2167,1653
49.2194,1660
49.2222,1669
49.2250,1667
49.2278,1664
49.2306,1653
49.2333,1641
49.2361,1642
49.2389,1642
49.2417,1654
49.2444,1650
49.2472,1641
49.2500,1627
49.2528,1630
49.2556,1630
49.2583,1636
49.2611,1638
49.2639,1640
49.2667,1635
49.2694,1618
49.2722,1613
49.2750,1608
49.2778,1604
49.2806,1608
49.2833,1601
49.2861,1599
49.2889,1601
49.2917,1603
49.2944,1590
49.2972,1588
49.3000,1594
49.3028,1593
49.3056,1585
49.3083,1589
49.3111,1586
49.3139,1591
49.3167,1592
49.3194,1607
49.3222,1609
49.3250,1612
49.3278,1613
49.3306,1602
49.3333,1608
49.3361,1601
49.3389,1595
49.3417,1598
49.3444,1603
49.3472,1603
49.3500,1597
49.3528,1603
49.3556,1610
49.3583,1619
49.3611,1615
49.3639,1612
49.3667,1609
49.3694,1611
49.3722,1601
49.3750,1606
49.3778,1611
49.3806,1621
49.3833,1623
49.3861,1625
49.3889,1624
49.3917,1620
49.3944,1615
49.3972,1627
49.4000,1627
49.4028,1636
49.4056,1639
49.4083,1643
49.4111,1632
49.4139,1633
49.4167,1631
49.4194,1643
49.4222,1636
49.4250,1650
49.4278,1644
49.4306,1641
49.4333,1636
49.4361,1641
49.4389,1649
49.4417,1654
49.4444,1657
49.4472,1658
49.4500,1645
49.4528,1648
49.4556,1661
49.4583,1663
49.4611,1675
49.4639,1670
49.4667,1667
49.4694,1668
49.4722,1661
49.4750,1658
49.4778,1656
49.4806,1663
49.4833,1659
49.4861,1662
49.4889,1662
49.4917,1666
49.4944,1676
49.4972,1676
49.5000,1666
49.5028,1674
49.5056,1671
49.5083,1677
49.5111,1673
49.5139,1670
49.5167,1663
49.5194,1666
49.5222,1677
49.5250,1682
49.5278,1678
49.5306,1674
49.5333,1681
49.5361,1701
49.5389,1731
49.5417,1764
49.5444,1788
49.5472,1810
49.5500,1824
49.5528,1832
49.5556,1841
49.5583,1855
49.5611,1861
49.5639,1864
49.5667,1887
49.5694,1914
49.5722,1946
49.5750,1985
49.5778,2004
49.5806,1997
49.5833,1996
49.5861,1980
49.5889,1958
49.5917,1918
49.5944,1864
49.5972,1814
49.6000,1747
49.6028,1702
49.6056,1665
49.6083,1633
49.6111,1617
49.6139,1613
49.6167,1605
49.6194,1604
49.6222,1597
49.6250,1588
49.6278,1583
49.6306,1580
49.6333,1572
49.6361,1573
49.6389,1570
49.6417,1560
49.6444,1559
49.6472,1563
49.6500,1562
49.6528,1562
49.6556,1572
49.6583,1571
49.6611,1577
49.6639,1576
49.6667,1586
49.6694,1602
49.6722,1632
49.6750,1654
49.6778,1666
49.6806,1633
49.6833,1604
49.6861,1581
49.6889,1600
49.6917,1685
49.6944,1876
49.6972,2153
49.7000,2515
49.7028,2753
49.7056,2779
49.7083,2697
49.7111,2577
49.7139,2475
49.7167,2331
49.7194,2019
49.7222,1580
49.7250,1235
49.7278,1047
49.7306,980
49.7333,952
49.7361,946
49.7389,950
49.7417,971
49.7444,998
49.7472,1044
49.7500,1090
49.7528,1162
49.7556,1238
49.7583,1327
49.7611,1419
49.7639,1512
49.7667,1590
49.7694,1659
49.7722,1692
49.7750,1707
49.7778,1724
49.7806,1737
49.7833,1749
49.7861,1787
49.7889,1799
49.7917,1808
49.7944,1806
49.7972,1804
49.8000,1813
49.8028,1838
49.8056,1849
49.8083,1867
49.8111,1864
49.8139,1853
49.8167,1843
49.8194,1841
49.8222,1862
49.8250,1869
49.8278,1885
49.8306,1891
49.8333,1891
49.8361,1878
49.8389,1872
49.8417,1888
49.8444,1904
49.8472,1925
49.8500,1935
49.8528,1935
49.8556,1923
49.8583,1944
49.8611,1948
49.8639,1974
49.8667,1988
49.8694,2006
49.8722,2009
49.8750,2012
49.8778,2018
49.8806,2030
49.8833,2042
49.8861,2067
49.8889,2078
49.8917,2100
49.8944,2097
49.8972,2104
49.9000,2119
49.9028,2134
49.9056,2153
49.9083,2166
49.9111,2183
49.9139,2184
49.9167,2184
49.9194,1931
49.9222,1936
49.9250,1909
49.9278,1890
49.9306,1852
49.9333,1812
49.9361,1785
49.9389,1772
49.9417,1765
49.9444,1745
49.9472,1719
49.9500,1698
49.9528,1665
49.9556,1651
49.9583,1638
49.9611,1634
49.9639,1634
49.9667,1630
49.9694,1621
49.9722,1619
49.9750,1607
49.9778,1604
49.9806,1611
49.9833,1621
49.9861,1624
49.9889,1628
49.9917,1622
49.9944,1615
49.9972,1618
50.0000,1620
50.0028,1631
50.0056,1632
50.0083,1635
50.0111,1635
50.0139,1630
50.0167,1625
50.0194,1627
50.0222,1643
50.0250,1645
50.0278,1657
50.0306,1652
50.0333,1658
50.0361,1657
50.0389,1650
50.0417,1655
50.0444,1657
50.0472,1669
50.0500,1671
50.0528,1668
50.0556,1662
50.0583,1654
50.0611,1651
50.0639,1653
50.0667,1668
50.0694,1659
50.0722,1670
50.0750,1661
50.0778,1659
50.0806,1653
50.0833,1662
50.0861,1665
50.0889,1656
50.0917,1652
50.0944,1646
50.0972,1640
50.1000,1644
50.1028,1649
50.1056,1656
50.1083,1660
50.1111,1650
50.1139,1643
50.1167,1633
50.1194,1628
50.1222,1628
50.1250,1628
50.1278,1620
50.1306,1619
50.1333,1612
50.1361,1611
50.1389,1625
50.1417,1618
50.1444,1622
50.1472,1618
50.1500,1618
50.1528,1617
50.1556,1609
50.1583,1612
50.1611,1610
50.1639,1613
50.1667,1601
50.1694,1600
50.1722,1599
50.1750,1599
50.1778,1601
50.1806,1606
50.1833,1608
50.1861,1611
50.1889,1608
50.1917,1597
50.1944,1595
50.1972,1590
50.2000,1592
50.2028,1596
50.2056,1604
50.2083,1597
50.2111,1603
50.2139,1603
50.2167,1610
50.2194,1608
50.2222,1612
50.2250,1617
50.2278,1612
50.2306,1613
50.2333,1609
50.2361,1605
50.2389,1609
50.2417,1604
50.2444,1610
50.2472,1615
50.2500,1609
50.2528,1609
50.2556,1610
50.2583,1610
50.2611,1613
50.2639,1617
50.2667,1613
50.2694,1609
50.2722,1615
50.2750,1610
50.2778,1612
50.2806,1624
50.2833,1618
50.2861,1628
50.2889,1624
50.2917,1625
50.2944,1623
50.2972,1625
50.3000,1631
50.3028,1633
50.3056,1629
50.3083,1633
50.3111,1633
50.3139,1626
50.3167,1623
50.3194,1626
50.3222,1631
50.3250,1630
50.3278,1630
50.3306,1627
50.3333,1626
50.3361,1627
50.3389,1635
50.3417,1648
50.3444,1659
50.3472,1654
50.3500,1657
50.3528,1647
50.3556,1652
50.3583,1659
50.3611,1676
50.3639,1722
50.3667,1747
50.3694,1773
50.3722,1789
50.3750,1810
50.3778,1818
50.3806,1818
50.3833,1819
50.3861,1830
50.3889,1843
50.3917,1867
50.3944,1891
50.3972,1934
50.4000,1955
50.4028,1980
50.4056,1996
50.4083,1984
50.4111,1968
50.4139,1953
50.4167,1910
50.4194,1867
50.4222,1810
50.4250,1740
50.4278,1686
50.4306,1638
50.4333,1608
50.4361,1595
50.4389,1586
50.4417,1590
50.4444,1582
50.4472,1572
50.4500,1561
50.4528,1553
50.4556,1544
50.4583,1546
50.4611,1542
50.4639,1540
50.4667,1537
50.4694,1535
50.4722,1534
50.4750,1537
50.4778,1544
50.4806,1535
50.4833,1541
50.4861,1544
50.4889,1545
50.4917,1556
50.4944,1559
50.4972,1585
50.5000,1612
50.5028,1612
50.5056,1606
50.5083,1569
50.5111,1536
50.5139,1548
50.5167,1618
50.5194,1803
50.5222,2074
50.5250,2443
50.5278,2698
50.5306,2742
50.5333,2683
50.5361,2555
50.5389,2442
50.5417,2296
50.5444,1974
50.5472,1548
50.5500,1215
50.5528,1029
50.5556,957
50.5583,931
50.5611,903
50.5639,910
50.5667,908
50.5694,942
50.5722,987
50.5750,1061
50.5778,1125
50.5806,1193
50.5833,1280
50.5861,1374
50.5889,1469
50.5917,1557
50.5944,1629
50.5972,1675
50.6000,1690
50.6028,1704
50.6056,1703
50.6083,1719
50.6111,1753
50.6139,1760
50.6167,1778
50.6194,1776
50.6222,1771
50.6250,1784
50.6278,1799
50.6306,1814
50.6333,1827
50.6361,1829
50.6389,1831
50.6417,1829
50.6444,1837
50.6472,1843
50.6500,1856
50.6528,1865
50.6556,1877
50.6583,1868
50.6611,1862
50.6639,1866
50.6667,1872
50.6694,1888
50.6722,1912
50.6750,1927
50.6778,1923
50.6806,1932
50.6833,1928
50.6861,1939
50.6889,1954
50.6917,1975
50.6944,1988
50.6972,1992
50.7000,1995
50.7028,1988
50.7056,2008
50.7083,2028
50.7111,2055
50.7139,2070
50.7167,2074
50.7194,2076
50.7222,2081
50.7250,2094
50.7278,2123
50.7306,2139
50.7333,2148
50.7361,2170
50.7389,2164
50.7417,2171
50.7444,1894
50.7472,1899
50.7500,1880
50.7528,1852
50.7556,1815
50.7583,1786
50.7611,1761
50.7639,1735
50.7667,1728
50.7694,1712
50.7722,1703
50.7750,1673
50.7778,1656
50.7806,1638
50.7833,1627
50.7861,1611
50.7889,1615
50.7917,1615
50.7944,1626
50.7972,1615
50.8000,1607
50.8028,1608
50.8056,1614
50.8083,1607
50.8111,1620
50.8139,1626
50.8167,1619
50.8194,1621
50.8222,1619
50.8250,1622
50.8278,1628
50.8306,1633
50.8333,1641
50.8361,1643
50.8389,1631
50.8417,1631
50.8444,1625
50.8472,1627
50.8500,1642
50.8528,1639
50.8556,1648
50.8583,1653
50.8611,1658
50.8639,1651
50.8667,1650
50.8694,1661
50.8722,1659
50.8750,1656
50.8778,1648
50.8806,1640
50.8833,1646
50.8861,1635
50.8889,1644
50.8917,1645
50.8944,1656
50.8972,1653
50.9000,1647
50.9028,1641
50.9056,1637
50.9083,1637
50.9111,1637
50.9139,1648
50.9167,1638
50.9194,1636
50.9222,1626
50.9250,1631
50.9278,1639
50.9306,1645
50.9333,1637
50.9361,1633
50.9389,1626
50.9417,1622
50.9444,1619
50.9472,1612
50.9500,1616
50.9528,1617
50.9556,1613
50.9583,1606
50.9611,1614
50.9639,1608
50.9667,1607
50.9694,1615
50.9722,1617
50.9750,1612
50.9778,1609
50.9806,1608
50.9833,1603
50.9861,1600
50.9889,1606
50.9917,1612
50.9944,1603
50.9972,1604
51.0000,1609
51.0028,1614
51.0056,1605
51.0083,1597
51.0111,1594
51.0139,1587
51.0167,1582
51.0194,1582
51.0222,1583
51.0250,1589
51.0278,1596
51.0306,1600
51.0333,1600
51.0361,1599
51.0389,1606
51.0417,1604
51.0444,1602
51.0472,1594
51.0500,1600
51.0528,1598
51.0556,1597
51.0583,1596
51.0611,1592
51.0639,1603
51.0667,1606
51.0694,1604
51.0722,1606
51.0750,1611
51.0778,1599
51.0806,1588
51.0833,1591
51.0861,1598
51.0889,1600
51.0917,1605
51.0944,1617
51.0972,1626
51.1000,1644
51.1028,1671
51.1056,1712
51.1083,1740
51.1111,1752
51.1139,1752
51.1167,1746
51.1194,1740
51.1222,1752
51.1250,1776
51.1278,1799
51.1306,1833
51.1333,1858
51.1361,1899
51.1389,1922
51.1417,1954
51.1444,1960
51.1472,1961
51.1500,1946
51.1528,1930
51.1556,1909
51.1583,1849
51.1611,1787
51.1639,1714
51.1667,1651
51.1694,1598
51.1722,1568
51.1750,1539
51.1778,1545
51.1806,1541
51.1833,1528
51.1861,1520
51.1889,1518
51.1917,1506
51.1944,1499
51.1972,1498
51.2000,1495
51.2028,1493
51.2056,1486
51.2083,1484
51.2111,1484
51.2139,1487
51.2167,1479
51.2194,1475
51.2222,1483
51.2250,1487
51.2278,1488
51.2306,1492
51.2333,1504
51.2361,1520
51.2389,1552
51.2417,1559
51.2444,1550
51.2472,1513
51.2500,1487
51.2528,1475
51.2556,1524
51.2583,1675
51.2611,1913
51.2639,2257
51.2667,2600
51.2694,2742
51.2722,2703
51.2750,2591
51.2778,2438
51.2806,2289
51.2833,2017
51.2861,1603
51.2889,1242
51.2917,1027
51.2944,929
51.2972,890
51.3000,861
51.3028,839
51.3056,836
51.3083,855
51.3111,888
51.3139,958
51.3167,1027
51.3194,1106
51.3222,1190
51.3250,1296
51.3278,1396
51.3306,1490
51.3333,1560
51.3361,1608
51.3389,1635
51.3417,1642
51.3444,1657
51.3472,1680
51.3500,1692
51.3528,1718
51.3556,1734
51.3583,1737
51.3611,1738
51.3639,1745
51.3667,1761
51.3694,1767
51.3722,1777
51.3750,1792
51.3778,1794
51.3806,1789
51.3833,1794
51.3861,1808
51.3889,1823
51.3917,1836
51.3944,1846
51.3972,1847
51.4000,1844
51.4028,1828
51.4056,1835
51.4083,1849
51.4111,1863
51.4139,1874
51.4167,1885
51.4194,1891
51.4222,1884
51.4250,1896
51.4278,1909
51.4306,1931
51.4333,1940
51.4361,1952
51.4389,1950
51.4417,1957
51.4444,1967
51.4472,1982
51.4500,2012
51.4528,2030
51.4556,2053
51.4583,2054
51.4611,2060
51.4639,2075
51.4667,2076
51.4694,2096
51.4722,2109
51.4750,2128
51.4778,2132
51.4806,2133
51.4833,1857
51.4861,1859
51.4889,1828
51.4917,1809
51.4944,1785
51.4972,1762
51.5000,1737
51.5028,1720
51.5056,1696
51.5083,1682
51.5111,1674
51.5139,1650
51.5167,1640
51.5194,1625
51.5222,1609
51.5250,1606
51.5278,1600
51.5306,1607
51.5333,1597
51.5361,1598
51.5389,1608
51.5417,1614
51.5444,1606
51.5472,1612
51.5500,1614
51.5528,1607
51.5556,1606
51.5583,1600
51.5611,1614
51.5639,1614
51.5667,1615
51.5694,1622
51.5722,1628
51.5750,1630
51.5778,1629
51.5806,1643
51.5833,1637
51.5861,1643
51.5889,1644
51.5917,1648
51.5944,1641
51.5972,1642
51.6000,1626
51.6028,1621
51.6056,1632
51.6083,1644
51.6111,1640
51.6139,1641
51.6167,1636
51.6194,1630
51.6222,1637
51.6250,1640
51.6278,1647
51.6306,1647
51.6333,1644
51.6361,1648
51.6389,1651
51.6417,1638
51.6444,1632
51.6472,1630
51.6500,1638
51.6528,1627
51.6556,1623
51.6583,1618
51.6611,1615
51.6639,1615
51.6667,1615
51.6694,1623
51.6722,1619
51.6750,1619
51.6778,1617
51.6806,1615
51.6833,1606
51.6861,1604
51.6889,1608
51.6917,1603
51.6944,1602
51.6972,1613
51.7000,1604
51.7028,1607
51.7056,1601
51.7083,1612
51.7111,1604
51.7139,1603
51.7167,1605
51.7194,1596
51.7222,1599
51.7250,1590
51.7278,1590
51.7306,1600
51.7333,1595
51.7361,1596
51.7389,1601
51.7417,1595
51.7444,1610
51.7472,1609
51.7500,1602
51.7528,1599
51.7556,1605
51.7583,1598
51.7611,1597
51.7639,1599
51.7667,1596
51.7694,1597
51.7722,1600
51.7750,1609
51.7778,1612
51.7806,1599
51.7833,1600
51.7861,1596
51.7889,1600
51.7917,1612
51.7944,1620
51.7972,1616
51.8000,1642
51.8028,1664
51.8056,1705
51.8083,1741
51.8111,1759
51.8139,1759
51.8167,1751
51.8194,1754
51.8222,1760
51.8250,1780
51.8278,1809
51.8306,1841
51.8333,1860
51.8361,1890
51.8389,1927
51.8417,1961
51.8444,1979
51.8472,1989
51.8500,1974
51.8528,1970
51.8556,1939
51.8583,1896
51.8611,1836
51.8639,1757
51.8667,1668
51.8694,1615
51.8722,1580
51.8750,1563
51.8778,1566
51.8806,1553
51.8833,1545
51.8861,1544
51.8889,1527
51.8917,1521
51.8944,1514
51.8972,1511
51.9000,1502
51.9028,1493
51.9056,1499
51.9083,1488
51.9111,1493
51.9139,1496
51.9167,1504
51.9194,1494
51.9222,1495
51.9250,1503
51.9278,1502
51.9306,1511
51.9333,1515
51.9361,1523
51.9389,1548
51.9417,1566
51.9444,1566
51.9472,1544
51.9500,1509
51.9528,1491
51.9556,1510
51.9583,1600
51.9611,1788
51.9639,2073
51.9667,2441
51.9694,2695
51.9722,2739
51.9750,2660
51.9778,2510
51.9806,2382
51.9833,2189
51.9861,1823
51.9889,1421
51.9917,1139
51.9944,986
51.9972,918
52.0000,881
52.0028,854
52.0056,852
52.0083,858
52.0111,884
52.0139,947
52.0167,1009
52.0194,1083
52.0222,1168
52.0250,1267
52.0278,1366
52.0306,1454
52.0333,1540
52.0361,1605
52.0389,1641
52.0417,1667
52.0444,1677
52.0472,1688
52.0500,1707
52.0528,1723
52.0556,1740
52.0583,1752
52.0611,1755
52.0639,1759
52.0667,1761
52.0694,1781
52.0722,1801
52.0750,1816
52.0778,1823
52.0806,1820
52.0833,1823
52.0861,1813
52.0889,1822
52.0917,1840
52.0944,1851
52.0972,1867
52.1000,1861
52.1028,1849
52.1056,1860
52.1083,1864
52.1111,1888
52.1139,1908
52.1167,1911
52.1194,1912
52.1222,1903
52.1250,1906
52.1278,1914
52.1306,1927
52.1333,1942
52.1361,1952
52.1389,1969
52.1417,1975
52.1444,1981
52.1472,1990
52.1500,2000
52.1528,2012
52.1556,2035
52.1583,2047
52.1611,2088
52.1639,2081
52.1667,2060
52.1694,2043
52.1722,2015
52.1750,1990
52.1778,1964
52.1806,1930
52.1833,1889
52.1861,1845
52.1889,1821
52.1917,1800
52.1944,1772
52.1972,1752
52.2000,1725
52.2028,1695
52.2056,1665
52.2083,1640
52.2111,1638
52.2139,1633
52.2167,1618
52.2194,1615
52.2222,1602
52.2250,1593
52.2278,1591
52.2306,1591
52.2333,1604
52.2361,1609
52.2389,1598
52.2417,1601
52.2444,1592
52.2472,1597
52.2500,1606
52.2528,1611
52.2556,1624
52.2583,1621
52.2611,1618
52.2639,1614
52.2667,1618
52.2694,1627
52.2722,1632
52.2750,1631
52.2778,1630
52.2806,1632
52.2833,1627
52.2861,1638
52.2889,1637
52.2917,1648
52.2944,1653
52.2972,1660
52.3000,1651
52.3028,1642
52.3056,1642
52.3083,1644
52.3111,1655
52.3139,1661
52.3167,1664
52.3194,1668
52.3222,1668
52.3250,1665
52.3278,1668
52.3306,1664
52.3333,1663
52.3361,1656
52.3389,1654
52.3417,1642
52.3444,1637
52.3472,1649
52.3500,1660
52.3528,1667
52.3556,1674
52.3583,1675
52.3611,1657
52.3639,1644
52.3667,1637
52.3694,1643
52.3722,1648
52.3750,1642
52.3778,1636
52.3806,1625
52.3833,1622
52.3861,1618
52.3889,1622
52.3917,1618
52.3944,1630
52.3972,1621
52.4000,1614
52.4028,1612
52.4056,1613
52.4083,1615
52.4111,1618
52.4139,1623
52.4167,1623
52.4194,1616
52.4222,1616
52.4250,1608
52.4278,1610
52.4306,1604
52.4333,1612
52.4361,1611
52.4389,1609
52.4417,1610
52.4444,1610
52.4472,1610
52.4500,1625
52.4528,1622
52.4556,1628
52.4583,1621
52.4611,1622
52.4639,1618
52.4667,1618
52.4694,1616
52.4722,1619
52.4750,1621
52.4778,1615
52.4806,1612
52.4833,1607
52.4861,1604
52.4889,1600
52.4917,1601
52.4944,1608
52.4972,1605
52.5000,1607
52.5028,1634
52.5056,1655
52.5083,1696
52.5111,1727
52.5139,1748
52.5167,1756
52.5194,1757
52.5222,1751
52.5250,1759
52.5278,1780
52.5306,1808
52.5333,1844
52.5361,1870
52.5389,1891
52.5417,1915
52.5444,1938
52.5472,1951
52.5500,1954
52.5528,1959
52.5556,1947
52.5583,1921
52.5611,1877
52.5639,1816
52.5667,1742
52.5694,1666
52.5722,1602
52.5750,1569
52.5778,1544
52.5806,1533
52.5833,1523
52.5861,1520
52.5889,1514
52.5917,1508
52.5944,1509
52.5972,1499
52.6000,1491
52.6028,1481
52.6056,1476
52.6083,1471
52.6111,1472
52.6139,1475
52.6167,1468
52.6194,1475
52.6222,1469
52.6250,1463
52.6278,1477
52.6306,1480
52.6333,1485
52.6361,1490
52.6389,1507
52.6417,1536
52.6444,1546
52.6472,1531
52.6500,1514
52.6528,1484
52.6556,1458
52.6583,1482
52.6611,1571
52.6639,1747
52.6667,2038
52.6694,2382
52.6722,2586
52.6750,2607
52.6778,2536
52.6806,2444
52.6833,2347
52.6861,2176
52.6889,1846
52.6917,1496
52.6944,1243
52.6972,1102
52.7000,1016
52.7028,962
52.7056,902
52.7083,877
52.7111,873
52.7139,897
52.7167,954
52.7194,1015
52.7222,1098
52.7250,1155
52.7278,1243
52.7306,1333
52.7333,1419
52.7361,1492
52.7389,1556
52.7417,1592
52.7444,1623
52.7472,1634
52.7500,1656
52.7528,1679
52.7556,1698
52.7583,1714
52.7611,1718
52.7639,1718
52.7667,1711
52.7694,1717
52.7722,1730
52.7750,1751
52.7778,1757
52.7806,1765
52.7833,1764
52.7861,1771
52.7889,1779
52.7917,1784
52.7944,1788
52.7972,1792
52.8000,1796
52.8028,1798
52.8056,1791
52.8083,1798
52.8111,1809
52.8139,1833
52.8167,1846
52.8194,1855
52.8222,1852
52.8250,1848
52.8278,1852
52.8306,1854
52.8333,1878
52.8361,1879
52.8389,1894
52.8417,1894
52.8444,1895
52.8472,1905
52.8500,1914
52.8528,1939
52.8556,1949
52.8583,1964
52.8611,1974
52.8639,2010
52.8667,2013
52.8694,1990
52.8722,1970
52.8750,1949
52.8778,1926
52.8806,1887
52.8833,1851
52.8861,1812
52.8889,1785
52.8917,1762
52.8944,1744
52.8972,1736
52.9000,1706
52.9028,1672
52.9056,1639
52.9083,1612
52.9111,1610
52.9139,1605
52.9167,1598
52.9194,1584
52.9222,1579
52.9250,1572
52.9278,1549
52.9306,1544
52.9333,1540
52.9361,1545
52.9389,1544
52.9417,1550
52.9444,1546
52.9472,1538
52.9500,1542
52.9528,1549
52.9556,1565
52.9583,1571
52.9611,1570
52.9639,1555
52.9667,1556
52.9694,1558
52.9722,1557
52.9750,1570
52.9778,1573
52.9806,1581
52.9833,1581
52.9861,1580
52.9889,1578
52.9917,1583
52.9944,1589
52.9972,1585
53.0000,1591
53.0028,1579
53.0056,1574
53.0083,1586
53.0111,1585
53.0139,1594
53.0167,1602
53.0194,1604
53.0222,1584
53.0250,1578
53.0278,1578
53.0306,1580
53.0333,1584
53.0361,1582
53.0389,1593
53.0417,1597
53.0444,1587
53.0472,1581
53.0500,1585
53.0528,1575
53.0556,1585
53.0583,1582
53.0611,1573
53.0639,1564
53.0667,1573
53.0694,1573
53.0722,1577
53.0750,1582
53.0778,1582
53.0806,1588
53.0833,1583
53.0861,1572
53.0889,1561
53.0917,1573
53.0944,1572
53.0972,1571
53.1000,1579
53.1028,1575
53.1056,1570
53.1083,1578
53.1111,1567
53.1139,1573
53.1167,1564
53.1194,1569
53.1222,1576
53.1250,1567
53.1278,1570
53.1306,1570
53.1333,1578
53.1361,1567
53.1389,1563
53.1417,1566
53.1444,1579
53.1472,1595
53.1500,1638
53.1528,1679
53.1556,1696
53.1583,1715
53.1611,1714
53.1639,1704
53.1667,1718
53.1694,1725
53.1722,1747
53.1750,1781
53.1778,1817
53.1806,1842
53.1833,1868
53.1861,1893
53.1889,1934
53.1917,1947
53.1944,1955
53.1972,1947
53.2000,1931
53.2028,1903
53.2056,1856
53.2083,1795
53.2111,1728
53.2139,1663
53.2167,1610
53.2194,1577
53.2222,1551
53.2250,1540
53.2278,1530
53.2306,1516
53.2333,1507
53.2361,1500
53.2389,1493
53.2417,1495
53.2444,1494
53.2472,1493
53.2500,1492
53.2528,1483
53.2556,1486
53.2583,1494
53.2611,1476
53.2639,1469
53.2667,1469
53.2694,1479
53.2722,1485
53.2750,1497
53.2778,1499
53.2806,1498
53.2833,1515
53.2861,1536
53.2889,1563
53.2917,1568
53.2944,1550
53.2972,1524
53.3000,1490
53.3028,1490
53.3056,1546
53.3083,1677
53.3111,1890
53.3139,2216
53.3167,2458
53.3194,2532
53.3222,2500
53.3250,2443
53.3278,2409
53.3306,2343
53.3333,2146
53.3361,1845
53.3389,1571
53.3417,1376
53.3444,1250
53.3472,1162
53.3500,1085
53.3528,1015
53.3556,984
53.3583,977
53.3611,1005
53.3639,1055
53.3667,1123
53.3694,1189
53.3722,1247
53.3750,1311
53.3778,1374
53.3806,1457
53.3833,1529
53.3861,1596
53.3889,1641
53.3917,1672
53.3944,1693
53.3972,1709
53.4000,1725
53.4028,1731
53.4056,1738
53.4083,1739
53.4111,1743
53.4139,1745
53.4167,1767
53.4194,1787
53.4222,1805
53.4250,1809
53.4278,1803
53.4306,1792
53.4333,1798
53.4361,1798
53.4389,1816
53.4417,1826
53.4444,1830
53.4472,1823
53.4500,1835
53.4528,1841
53.4556,1854
53.4583,1865
53.4611,1880
53.4639,1891
53.4667,1887
53.4694,1885
53.4722,1887
53.4750,1886
53.4778,1896
53.4806,1919
53.4833,1942
53.4861,1952
53.4889,1959
53.4917,1952
53.4944,1969
53.4972,2003
53.5000,2005
53.5028,2012
53.5056,2017
53.5083,2092
53.5111,2082
53.5139,2050
53.5167,2029
53.5194,2000
53.5222,1973
53.5250,1935
53.5278,1909
53.5306,1886
53.5333,1855
53.5361,1837
53.5389,1811
53.5417,1795
53.5444,1776
53.5472,1749
53.5500,1728
53.5528,1695
53.5556,1677
53.5583,1676
53.5611,1674
53.5639,1657
53.5667,1647
53.5694,1643
53.5722,1632
53.5750,1627
53.5778,1633
53.5806,1640
53.5833,1635
53.5861,1638
53.5889,1632
53.5917,1641
53.5944,1643
53.5972,1627
53.6000,1627
53.6028,1624
53.6056,1621
53.6083,1626
53.6111,1630
53.6139,1639
53.6167,1645
53.6194,1655
53.6222,1654
53.6250,1665
53.6278,1668
53.6306,1655
53.6333,1662
53.6361,1670
53.6389,1685
53.6417,1682
53.6444,1687
53.6472,1676
53.6500,1670
53.6528,1656
53.6556,1652
53.6583,1663
53.6611,1672
53.6639,1683
53.6667,1688
53.6694,1686
53.6722,1685
53.6750,1683
53.6778,1683
53.6806,1673
53.6833,1661
53.6861,1659
53.6889,1657
53.6917,1662
53.6944,1665
53.6972,1678
53.7000,1686
53.7028,1687
53.7056,1684
53.7083,1682
53.7111,1673
53.7139,1658
53.7167,1645
53.7194,1644
53.7222,1646
53.7250,1638
53.7278,1647
53.7306,1645
53.7333,1653
53.7361,1651
53.7389,1643
53.7417,1643
53.7444,1644
53.7472,1660
53.7500,1678
53.7528,1707
53.7556,1723
53.7583,1736
53.7611,1738
53.7639,1744
53.7667,1746
53.7694,1755
53.7722,1772
53.7750,1800
53.7778,1832
53.7806,1866
53.7833,1899
53.7861,1914
53.7889,1944
53.7917,1957
53.7944,1985
53.7972,2009
53.8000,2010
53.8028,1988
53.8056,1945
53.8083,1897
53.8111,1834
53.8139,1769
53.8167,1707
53.8194,1641
53.8222,1604
53.8250,1565
53.8278,1548
53.8306,1537
53.8333,1519
53.8361,1512
53.8389,1515
53.8417,1512
53.8444,1512
53.8472,1516
53.8500,1514
53.8528,1495
53.8556,1486
53.8583,1480
53.8611,1478
53.8639,1486
53.8667,1493
53.8694,1500
53.8722,1501
53.8750,1491
53.8778,1493
53.8806,1490
53.8833,1492
53.8861,1500
53.8889,1535
53.8917,1565
53.8944,1586
53.8972,1593
53.9000,1573
53.9028,1554
53.9056,1540
53.9083,1567
53.9111,1659
53.9139,1833
53.9167,2116
53.9194,2408
53.9222,2527
53.9250,2492
53.9278,2451
53.9306,2396
53.9333,2354
53.9361,2220
53.9389,1941
53.9417,1649
53.9444,1425
53.9472,1277
53.9500,1171
53.9528,1091
53.9556,1030
53.9583,990
53.9611,992
53.9639,1017
53.9667,1063
53.9694,1120
53.9722,1168
53.9750,1224
53.9778,1297
53.9806,1362
53.9833,1450
53.9861,1525
53.9889,1585
53.9917,1629
53.9944,1655
53.9972,1669
54.0000,1692
54.0028,1712
54.0056,1738
54.0083,1742
54.0111,1751
54.0139,1768
54.0167,1759
54.0194,1782
54.0222,1790
54.0250,1801
54.0278,1809
54.0306,1804
54.0333,1804
54.0361,1804
54.0389,1800
54.0417,1815
54.0444,1823
54.0472,1822
54.0500,1827
54.0528,1826
54.0556,1834
54.0583,1839
54.0611,1852
54.0639,1870
54.0667,1889
54.0694,1885
54.0722,1891
54.0750,1889
54.0778,1890
54.0806,1902
54.0833,1910
54.0861,1924
54.0889,1923
54.0917,1945
54.0944,1949
54.0972,1968
54.1000,1988
54.1028,2008
54.1056,2024
54.1083,2022
54.1111,2023
54.1139,2017
54.1167,2031
54.1194,2037
54.1222,2052
54.1250,2071
54.1278,2088
54.1306,2097
54.1333,2101
54.1361,2105
54.1389,1803
54.1417,1810
54.1444,1788
54.1472,1758
54.1500,1733
54.1528,1714
54.1556,1698
54.1583,1690
54.1611,1686
54.1639,1678
54.1667,1662
54.1694,1648
54.1722,1633
54.1750,1622
54.1778,1612
54.1806,1612
54.1833,1618
54.1861,1623
54.1889,1623
54.1917,1621
54.1944,1610
54.1972,1605
54.2000,1618
54.2028,1632
54.2056,1635
54.2083,1639
54.2111,1648
54.2139,1629
54.2167,1628
54.2194,1633
54.2222,1634
54.2250,1653
54.2278,1644
54.2306,1646
54.2333,1648
54.2361,1655
54.2389,1656
54.2417,1650
54.2444,1654
54.2472,1657
54.2500,1653
54.2528,1646
54.2556,1645
54.2583,1654
54.2611,1671
54.2639,1667
54.2667,1672
54.2694,1655
54.2722,1652
54.2750,1654
54.2778,1664
54.2806,1682
54.2833,1677
54.2861,1672
54.2889,1670
54.2917,1655
54.2944,1654
54.2972,1657
54.3000,1658
54.3028,1654
54.3056,1658
54.3083,1648
54.3111,1645
54.3139,1633
54.3167,1632
54.3194,1640
54.3222,1647
54.3250,1653
54.3278,1645
54.3306,1637
54.3333,1621
54.3361,1608
54.3389,1610
54.3417,1622
54.3444,1652
54.3472,1679
54.3500,1709
54.3528,1711
54.3556,1718
54.3583,1719
54.3611,1712
54.3639,1720
54.3667,1736
54.3694,1759
54.3722,1786
54.3750,1817
54.3778,1857
54.3806,1882
54.3833,1908
54.3861,1928
54.3889,1943
54.3917,1966
54.3944,1972
54.3972,1956
54.4000,1924
54.4028,1880
54.4056,1828
54.4083,1762
54.4111,1697
54.4139,1635
54.4167,1591
54.4194,1553
54.4222,1529
54.4250,1514
54.4278,1500
54.4306,1494
54.4333,1484
54.4361,1488
54.4389,1485
54.4417,1475
54.4444,1467
54.4472,1455
54.4500,1449
54.4528,1444
54.4556,1452
54.4583,1457
54.4611,1460
54.4639,1460
54.4667,1458
54.4694,1453
54.4722,1452
54.4750,1446
54.4778,1450
54.4806,1458
54.4833,1479
54.4861,1518
54.4889,1550
54.4917,1562
54.4944,1555
54.4972,1539
54.5000,1521
54.5028,1531
54.5056,1600
54.5083,1737
54.5111,1961
54.5139,2281
54.5167,2478
54.5194,2507
54.5222,2462
54.5250,2406
54.5278,2352
54.5306,2257
54.5333,2008
54.5361,1666
54.5389,1385
54.5417,1214
54.5444,1110
54.5472,1041
54.5500,964
54.5528,911
54.5556,903
54.5583,940
54.5611,984
54.5639,1051
54.5667,1117
54.5694,1161
54.5722,1223
54.5750,1280
54.5778,1365
54.5806,1442
54.5833,1521
54.5861,1573
54.5889,1607
54.5917,1638
54.5944,1652
54.5972,1669
54.6000,1676
54.6028,1687
54.6056,1685
54.6083,1689
54.6111,1686
54.6139,1700
54.6167,1716
54.6194,1733
54.6222,1748
54.6250,1762
54.6278,1763
54.6306,1751
54.6333,1745
54.6361,1751
54.6389,1766
54.6417,1778
54.6444,1782
54.6472,1777
54.6500,1779
54.6528,1772
54.6556,1791
54.6583,1812
54.6611,1831
54.6639,1851
54.6667,1843
54.6694,1845
54.6722,1846
54.6750,1855
54.6778,1869
54.6806,1897
54.6833,1901
54.6861,1903
54.6889,1896
54.6917,1908
54.6944,1918
54.6972,1923
54.7000,1942
54.7028,1964
54.7056,1975
54.7083,1972
54.7111,1984
54.7139,1993
54.7167,1994
54.7194,2028
54.7222,2040
54.7250,2049
54.7278,2052
54.7306,2054
54.7333,1769
54.7361,1767
54.7389,1754
54.7417,1729
54.7444,1699
54.7472,1675
54.7500,1657
54.7528,1641
54.7556,1638
54.7583,1630
54.7611,1618
54.7639,1598
54.7667,1584
54.7694,1573
54.7722,1568
54.7750,1571
54.7778,1570
54.7806,1568
54.7833,1562
54.7861,1571
54.7889,1569
54.7917,1568
54.7944,1565
54.7972,1569
54.8000,1576
54.8028,1565
54.8056,1567
54.8083,1574
54.8111,1567
54.8139,1571
54.8167,1579
54.8194,1576
54.8222,1590
54.8250,1591
54.8278,1603
54.8306,1588
54.8333,1595
54.8361,1608
54.8389,1617
54.8417,1620
54.8444,1623
54.8472,1621
54.8500,1622
54.8528,1624
54.8556,1627
54.8583,1632
54.8611,1627
54.8639,1615
54.8667,1605
54.8694,1604
54.8722,1607
54.8750,1608
54.8778,1621
54.8806,1615
54.8833,1626
54.8861,1628
54.8889,1629
54.8917,1624
54.8944,1623
54.8972,1625
54.9000,1613
54.9028,1617
54.9056,1606
54.9083,1606
54.9111,1597
54.9139,1601
54.9167,1606
54.9194,1614
54.9222,1620
54.9250,1606
54.9278,1608
54.9306,1608
54.9333,1591
54.9361,1589
54.9389,1583
54.9417,1585
54.9444,1588
54.9472,1587
54.9500,1583
54.9528,1588
54.9556,1592
54.9583,1595
54.9611,1585
54.9639,1585
54.9667,1589
54.9694,1608
54.9722,1634
54.9750,1667
54.9778,1711
54.9806,1725
54.9833,1731
54.9861,1730
54.9889,1733
54.9917,1738
54.9944,1759
54.9972,1785
55.0000,1815
55.0028,1838
55.0056,1860
55.0083,1884
55.0111,1910
55.0139,1937
55.0167,1961
55.0194,1964
55.0222,1958
55.0250,1939
55.0278,1906
55.0306,1862
55.0333,1792
55.0361,1712
55.0389,1636
55.0417,1589
55.0444,1553
55.0472,1529
55.0500,1520
55.0528,1518
55.0556,1519
55.0583,1514
55.0611,1505
55.0639,1510
55.0667,1494
55.0694,1503
55.0722,1493
55.0750,1489
55.0778,1486
55.0806,1487
55.0833,1491
55.0861,1486
55.0889,1481
55.0917,1489
55.0944,1488
55.0972,1488
55.1000,1484
55.1028,1498
55.1056,1497
55.1083,1512
55.1111,1533
55.1139,1573
55.1167,1581
55.1194,1575
55.1222,1535
55.1250,1506
55.1278,1510
55.1306,1571
55.1333,1735
55.1361,1980
55.1389,2329
55.1417,2595
55.1444,2662
55.1472,2619
55.1500,2543
55.1528,2473
55.1556,2372
55.1583,2063
55.1611,1617
55.1639,1241
55.1667,1023
55.1694,928
55.1722,892
55.1750,872
55.1778,883
55.1806,899
55.1833,934
55.1861,991
55.1889,1064
55.1917,1122
55.1944,1191
55.1972,1282
55.2000,1373
55.2028,1465
55.2056,1557
55.2083,1615
55.2111,1655
55.2139,1674
55.2167,1684
55.2194,1700
55.2222,1724
55.2250,1741
55.2278,1753
55.2306,1755
55.2333,1759
55.2361,1756
55.2389,1765
55.2417,1786
55.2444,1808
55.2472,1826
55.2500,1830
55.2528,1821
55.2556,1808
55.2583,1807
55.2611,1814
55.2639,1828
55.2667,1837
55.2694,1844
55.2722,1841
55.2750,1839
55.2778,1842
55.2806,1852
55.2833,1873
55.2861,1889
55.2889,1900
55.2917,1900
55.2944,1903
55.2972,1903
55.3000,1904
55.3028,1927
55.3056,1946
55.3083,1970
55.3111,1969
55.3139,1976
55.3167,1974
55.3194,1987
55.3222,2015
55.3250,2038
55.3278,2054
55.3306,2062
55.3333,2057
55.3361,2064
55.3389,2064
55.3417,2082
55.3444,2104
55.3472,2118
55.3500,2135
55.3528,2137
55.3556,2143
55.3583,1800
55.3611,1808
55.3639,1787
55.3667,1766
55.3694,1747
55.3722,1720
55.3750,1695
55.3778,1678
55.3806,1670
55.3833,1669
55.3861,1658
55.3889,1646
55.3917,1627
55.3944,1602
55.3972,1601
55.4000,1604
55.4028,1592
55.4056,1602
55.4083,1607
55.4111,1605
55.4139,1590
55.4167,1586
55.4194,1589
55.4222,1595
55.4250,1610
55.4278,1610
55.4306,1607
55.4333,1605
55.4361,1605
55.4389,1607
55.4417,1619
55.4444,1630
55.4472,1638
55.4500,1625
55.4528,1629
55.4556,1628
55.4583,1626
55.4611,1639
55.4639,1646
55.4667,1642
55.4694,1636
55.4722,1644
55.4750,1645
55.4778,1662
55.4806,1670
55.4833,1677
55.4861,1678
55.4889,1677
55.4917,1672
55.4944,1666
55.4972,1664
55.5000,1667
55.5028,1678
55.5056,1681
55.5083,1677
55.5111,1673
55.5139,1670
55.5167,1659
55.5194,1659
55.5222,1667
55.5250,1678
55.5278,1663
55.5306,1652
55.5333,1639
55.5361,1632
55.5389,1641
55.5417,1642
55.5444,1654
55.5472,1647
55.5500,1645
55.5528,1631
55.5556,1627
55.5583,1630
55.5611,1641
55.5639,1632
55.5667,1637
55.5694,1636
55.5722,1623
55.5750,1609
55.5778,1606
55.5806,1597
55.5833,1606
55.5861,1604
55.5889,1608
55.5917,1609
55.5944,1601
55.5972,1605
55.6000,1583
55.6028,1598
55.6056,1598
55.6083,1615
55.6111,1612
55.6139,1609
55.6167,1608
55.6194,1600
55.6222,1593
55.6250,1597
55.6278,1607
55.6306,1599
55.6333,1597
55.6361,1590
55.6389,1580
55.6417,1581
55.6444,1571
55.6472,1566
55.6500,1560
55.6528,1559
55.6556,1558
55.6583,1560
55.6611,1562
55.6639,1560
55.6667,1552
55.6694,1549
55.6722,1556
55.6750,1557
55.6778,1550
55.6806,1552
55.6833,1553
55.6861,1545
55.6889,1542
55.6917,1532
55.6944,1526
55.6972,1527
55.7000,1525
55.7028,1527
55.7056,1543
55.7083,1552
55.7111,1555
55.7139,1560
55.7167,1555
55.7194,1547
55.7222,1553
55.7250,1552
55.7278,1547
55.7306,1541
55.7333,1526
55.7361,1527
55.7389,1532
55.7417,1539
55.7444,1556
55.7472,1577
55.7500,1613
55.7528,1637
55.7556,1659
55.7583,1670
55.7611,1663
55.7639,1653
55.7667,1658
55.7694,1685
55.7722,1712
55.7750,1754
55.7778,1784
55.7806,1817
55.7833,1841
55.7861,1874
55.7889,1902
55.7917,1912
55.7944,1918
55.7972,1896
55.8000,1877
55.8028,1855
55.8056,1816
55.8083,1763
55.8111,1690
55.8139,1616
55.8167,1555
55.8194,1519
55.8222,1501
55.8250,1493
55.8278,1482
55.8306,1460
55.8333,1436
55.8361,1433
55.8389,1421
55.8417,1426
55.8444,1439
55.8472,1445
55.8500,1456
55.8528,1446
55.8556,1434
55.8583,1441
55.8611,1453
55.8639,1465
55.8667,1462
55.8694,1455
55.8722,1461
55.8750,1468
55.8778,1475
55.8806,1490
55.8833,1520
55.8861,1553
55.8889,1594
55.8917,1613
55.8944,1611
55.8972,1583
55.9000,1563
55.9028,1571
55.9056,1642
55.9083,1827
55.9111,2079
55.9139,2433
55.9167,2638
55.9194,2648
55.9222,2583
55.9250,2464
55.9278,2362
55.9306,2203
55.9333,1817
55.9361,1339
55.9389,988
55.9417,820
55.9444,778
55.9472,776
55.9500,792
55.9528,802
55.9556,830
55.9583,870
55.9611,939
55.9639,1016
55.9667,1084
55.9694,1165
55.9722,1265
55.9750,1366
55.9778,1466
55.9806,1550
55.9833,1607
55.9861,1645
55.9889,1673
55.9917,1691
55.9944,1699
55.9972,1736
56.0000,1765
56.0028,1788
56.0056,1777
56.0083,1755
56.0111,1743
56.0139,1764
56.0167,1805
56.0194,1834
56.0222,1849
56.0250,1858
56.0278,1844
56.0306,1831
56.0333,1833
56.0361,1844
56.0389,1862
56.0417,1877
56.0444,1891
56.0472,1880
56.0500,1865
56.0528,1866
56.0556,1889
56.0583,1905
56.0611,1916
56.0639,1926
56.0667,1929
56.0694,1936
56.0722,1934
56.0750,1952
56.0778,1974
56.0806,1985
56.0833,1988
56.0861,1971
56.0889,1968
56.0917,1977
56.0944,1993
56.0972,2019
56.1000,2044
56.1028,2057
56.1056,2055
56.1083,2053
56.1111,2058
56.1139,2074
56.1167,2091
56.1194,2112
56.1222,2129
56.1250,2133
56.1278,2133
56.1306,2130
56.1333,1857
56.1361,1861
56.1389,1843
56.1417,1804
56.1444,1775
56.1472,1749
56.1500,1728
56.1528,1706
56.1556,1678
56.1583,1670
56.1611,1648
56.1639,1619
56.1667,1606
56.1694,1600
56.1722,1610
56.1750,1602
56.1778,1584
56.1806,1582
56.1833,1592
56.1861,1604
56.1889,1614
56.1917,1633
56.1944,1634
56.1972,1628
56.2000,1635
56.2028,1631
56.2056,1633
56.2083,1629
56.2111,1638
56.2139,1648
56.2167,1645
56.2194,1654
56.2222,1658
56.2250,1674
56.2278,1671
56.2306,1665
56.2333,1667
56.2361,1670
56.2389,1678
56.2417,1682
56.2444,1701
56.2472,1690
56.2500,1685
56.2528,1688
56.2556,1698
56.2583,1698
56.2611,1712
56.2639,1715
56.2667,1708
56.2694,1699
56.2722,1698
56.2750,1694
56.2778,1703
56.2806,1705
56.2833,1710
56.2861,1702
56.2889,1705
56.2917,1696
56.2944,1695
56.2972,1703
56.3000,1703
56.3028,1714
56.3056,1702
56.3083,1698
56.3111,1696
56.3139,1682
56.3167,1680
56.3194,1685
56.3222,1691
56.3250,1681
56.3278,1680
56.3306,1667
56.3333,1665
56.3361,1669
56.3389,1664
56.3417,1658
56.3444,1645
56.3472,1639
56.3500,1635
56.3528,1639
56.3556,1639
56.3583,1653
56.3611,1666
56.3639,1657
56.3667,1644
56.3694,1632
56.3722,1635
56.3750,1632
56.3778,1633
56.3806,1631
56.3833,1634
56.3861,1637
56.3889,1637
56.3917,1646
56.3944,1652
56.3972,1647
56.4000,1648
56.4028,1650
56.4056,1639
56.4083,1633
56.4111,1641
56.4139,1636
56.4167,1633
56.4194,1636
56.4222,1638
56.4250,1646
56.4278,1643
56.4306,1643
56.4333,1643
56.4361,1647
56.4389,1647
56.4417,1658
56.4444,1654
56.4472,1661
56.4500,1656
56.4528,1660
56.4556,1663
56.4583,1670
56.4611,1672
56.4639,1662
56.4667,1663
56.4694,1658
56.4722,1656
56.4750,1664
56.4778,1665
56.4806,1671
56.4833,1661
56.4861,1663
56.4889,1661
56.4917,1657
56.4944,1650
56.4972,1659
56.5000,1679
56.5028,1679
56.5056,1678
56.5083,1671
56.5111,1675
56.5139,1660
56.5167,1671
56.5194,1678
56.5222,1681
56.5250,1684
56.5278,1676
56.5306,1678
56.5333,1679
56.5361,1669
56.5389,1666
56.5417,1672
56.5444,1660
56.5472,1645
56.5500,1640
56.5528,1650
56.5556,1678
56.5583,1690
56.5611,1718
56.5639,1752
56.5667,1775
56.5694,1811
56.5722,1822
56.5750,1822
56.5778,1834
56.5806,1834
56.5833,1845
56.5861,1859
56.5889,1888
56.5917,1910
56.5944,1937
56.5972,1970
56.6000,2012
56.6028,2035
56.6056,2060
56.6083,2049
56.6111,2037
56.6139,2021
56.6167,1998
56.6194,1963
56.6222,1905
56.6250,1831
56.6278,1762
56.6306,1697
56.6333,1664
56.6361,1633
56.6389,1629
56.6417,1623
56.6444,1621
56.6472,1611
56.6500,1599
56.6528,1594
56.6556,1591
56.6583,1584
56.6611,1589
56.6639,1578
56.6667,1563
56.6694,1548
56.6722,1546
56.6750,1551
56.6778,1567
56.6806,1567
56.6833,1562
56.6861,1553
56.6889,1554
56.6917,1559
56.6944,1576
56.6972,1604
56.7000,1634
56.7028,1639
56.7056,1618
56.7083,1578
56.7111,1546
56.7139,1550
56.7167,1616
56.7194,1789
56.7222,2044
56.7250,2396
56.7278,2643
56.7306,2686
56.7333,2613
56.7361,2486
56.7389,2399
56.7417,2270
56.7444,1970
56.7472,1559
56.7500,1223
56.7528,1046
56.7556,971
56.7583,942
56.7611,910
56.7639,896
56.7667,913
56.7694,950
56.7722,1001
56.7750,1058
56.7778,1118
56.7806,1188
56.7833,1272
56.7861,1378
56.7889,1480
56.7917,1569
56.7944,1630
56.7972,1672
56.8000,1692
56.8028,1701
56.8056,1718
56.8083,1729
56.8111,1748
56.8139,1770
56.8167,1768
56.8194,1774
56.8222,1766
56.8250,1776
56.8278,1792
56.8306,1807
56.8333,1830
56.8361,1834
56.8389,1827
56.8417,1824
56.8444,1818
56.8472,1826
56.8500,1834
56.8528,1855
56.8556,1860
56.8583,1866
56.8611,1873
56.8639,1890
56.8667,1916
56.8694,1941
56.8722,1964
56.8750,1982
56.8778,1976
56.8806,1968
56.8833,1960
56.8861,1959
56.8889,1964
56.8917,1980
56.8944,1995
56.8972,2004
56.9000,2004
56.9028,1989
56.9056,1996
56.9083,2014
56.9111,2014
56.9139,2024
56.9167,2039
56.9194,2047
56.9222,2049
56.9250,2055
56.9278,2067
56.9306,2081
56.9333,2083
56.9361,2076
56.9389,2090
56.9417,2107
56.9444,1884
56.9472,1894
56.9500,1864
56.9528,1843
56.9556,1815
56.9583,1790
56.9611,1767
56.9639,1738
56.9667,1723
56.9694,1706
56.9722,1698
56.9750,1664
56.9778,1646
56.9806,1636
56.9833,1627
56.9861,1630
56.9889,1636
56.9917,1634
56.9944,1633
56.9972,1623
57.0000,1620
57.0028,1629
57.0056,1646
57.0083,1656
57.0111,1655
57.0139,1652
57.0167,1641
57.0194,1642
57.0222,1630
57.0250,1638
57.0278,1647
57.0306,1665
57.0333,1674
57.0361,1689
57.0389,1685
57.0417,1680
57.0444,1665
57.0472,1659
57.0500,1661
57.0528,1663
57.0556,1667
57.0583,1657
57.0611,1670
57.0639,1676
57.0667,1693
57.0694,1699
57.0722,1698
57.0750,1691
57.0778,1679
57.0806,1673
57.0833,1668
57.0861,1677
57.0889,1691
57.0917,1705
57.0944,1701
57.0972,1702
57.1000,1705
57.1028,1690
57.1056,1689
57.1083,1677
57.1111,1675
57.1139,1676
57.1167,1673
57.1194,1664
57.1222,1657
57.1250,1642
57.1278,1640
57.1306,1646
57.1333,1646
57.1361,1652
57.1389,1663
57.1417,1659
57.1444,1665
57.1472,1660
57.1500,1657
57.1528,1651
57.1556,1653
57.1583,1663
57.1611,1651
57.1639,1659
57.1667,1661
57.1694,1662
57.1722,1665
57.1750,1662
57.1778,1655
57.1806,1651
57.1833,1648
57.1861,1653
57.1889,1652
57.1917,1645
57.1944,1649
57.1972,1635
57.2000,1642
57.2028,1641
57.2056,1645
57.2083,1648
57.2111,1653
57.2139,1651
57.2167,1651
57.2194,1643
57.2222,1638
57.2250,1643
57.2278,1650
57.2306,1653
57.2333,1655
57.2361,1645
57.2389,1652
57.2417,1650
57.2444,1658
57.2472,1652
57.2500,1655
57.2528,1647
57.2556,1648
57.2583,1643
57.2611,1651
57.2639,1653
57.2667,1663
57.2694,1665
57.2722,1664
57.2750,1659
57.2778,1652
57.2806,1647
57.2833,1652
57.2861,1655
57.2889,1684
57.2917,1729
57.2944,1767
57.2972,1800
57.3000,1814
57.3028,1822
57.3056,1817
57.3083,1815
57.3111,1840
57.3139,1863
57.3167,1890
57.3194,1919
57.3222,1928
57.3250,1955
57.3278,1981
57.3306,2007
57.3333,2023
57.3361,2032
57.3389,2023
57.3417,1998
57.3444,1977
57.3472,1915
57.3500,1852
57.3528,1777
57.3556,1684
57.3583,1620
57.3611,1581
57.3639,1566
57.3667,1571
57.3694,1559
57.3722,1548
57.3750,1541
57.3778,1540
57.3806,1529
57.3833,1527
57.3861,1521
57.3889,1513
57.3917,1501
57.3944,1499
57.3972,1497
57.4000,1487
57.4028,1490
57.4056,1501
57.4083,1513
57.4111,1521
57.4139,1506
57.4167,1490
57.4194,1502
57.4222,1516
57.4250,1532
57.4278,1562
57.4306,1569
57.4333,1545
57.4361,1509
57.4389,1497
57.4417,1517
57.4444,1612
57.4472,1807
57.4500,2085
57.4528,2423
57.4556,2635
57.4583,2647
57.4611,2560
57.4639,2444
57.4667,2331
57.4694,2137
57.4722,1755
57.4750,1337
57.4778,1064
57.4806,923
57.4833,867
57.4861,845
57.4889,830
57.4917,828
57.4944,857
57.4972,898
57.5000,960
57.5028,1029
57.5056,1098
57.5083,1185
57.5111,1282
57.5139,1376
57.5167,1471
57.5194,1546
57.5222,1601
57.5250,1635
57.5278,1652
57.5306,1657
57.5333,1676
57.5361,1693
57.5389,1712
57.5417,1737
57.5444,1735
57.5472,1735
57.5500,1737
57.5528,1750
57.5556,1769
57.5583,1782
57.5611,1794
57.5639,1800
57.5667,1797
57.5694,1802
57.5722,1806
57.5750,1817
57.5778,1823
57.5806,1832
57.5833,1841
57.5861,1838
57.5889,1842
57.5917,1841
57.5944,1846
57.5972,1862
57.6000,1874
57.6028,1883
57.6056,1884
57.6083,1890
57.6111,1891
57.6139,1911
57.6167,1926
57.6194,1921
57.6222,1931
57.6250,1951
57.6278,1944
57.6306,1955
57.6333,1974
57.6361,1995
57.6389,2015
57.6417,2031
57.6444,2041
57.6472,2028
57.6500,2034
57.6528,2039
57.6556,2059
57.6583,2064
57.6611,2075
57.6639,2082
57.6667,2098
57.6694,1843
57.6722,1841
57.6750,1810
57.6778,1786
57.6806,1756
57.6833,1736
57.6861,1711
57.6889,1699
57.6917,1683
57.6944,1666
57.6972,1643
57.7000,1623
57.7028,1611
57.7056,1605
57.7083,1602
57.7111,1597
57.7139,1600
57.7167,1601
57.7194,1603
57.7222,1604
57.7250,1613
57.7278,1601
57.7306,1600
57.7333,1603
57.7361,1606
57.7389,1605
57.7417,1599
57.7444,1605
57.7472,1610
57.7500,1615
57.7528,1623
57.7556,1620
57.7583,1627
57.7611,1627
57.7639,1627
57.7667,1624
57.7694,1628
57.7722,1634
57.7750,1630
57.7778,1625
57.7806,1626
57.7833,1634
57.7861,1635
57.7889,1643
57.7917,1644
57.7944,1638
57.7972,1640
57.8000,1634
57.8028,1635
57.8056,1635
57.8083,1634
57.8111,1653
57.8139,1647
57.8167,1639
57.8194,1647
57.8222,1657
57.8250,1652
57.8278,1640
57.8306,1628
57.8333,1631
57.8361,1631
57.8389,1632
57.8417,1627
57.8444,1619
57.8472,1616
57.8500,1600
57.8528,1610
57.8556,1611
57.8583,1613
57.8611,1604
57.8639,1605
57.8667,1604
57.8694,1593
57.8722,1589
57.8750,1583
57.8778,1584
57.8806,1588
57.8833,1586
57.8861,1589
57.8889,1591
57.8917,1587
57.8944,1578
57.8972,1584
57.9000,1576
57.9028,1580
57.9056,1583
57.9083,1576
57.9111,1585
57.9139,1590
57.9167,1595
57.9194,1592
57.9222,1586
57.9250,1578
57.9278,1584
57.9306,1583
57.9333,1577
57.9361,1589
57.9389,1590
57.9417,1593
57.9444,1590
57.9472,1572
57.9500,1576
57.9528,1577
57.9556,1579
57.9583,1591
57.9611,1601
57.9639,1592
57.9667,1603
57.9694,1608
57.9722,1624
57.9750,1642
57.9778,1674
57.9806,1706
57.9833,1737
57.9861,1753
57.9889,1763
57.9917,1760
57.9944,1753
57.9972,1770
58.0000,1788
58.0028,1829
58.0056,1871
58.0083,1891
58.0111,1919
58.0139,1939
58.0167,1974
58.0194,1985
58.0222,2007
58.0250,2000
58.0278,1982
58.0306,1962
58.0333,1918
58.0361,1859
58.0389,1783
58.0417,1703
58.0444,1635
58.0472,1585
58.0500,1559
58.0528,1551
58.0556,1544
58.0583,1533
58.0611,1530
58.0639,1523
58.0667,1518
58.0694,1519
58.0722,1511
58.0750,1517
58.0778,1506
58.0806,1494
58.0833,1504
58.0861,1507
58.0889,1505
58.0917,1501
58.0944,1509
58.0972,1509
58.1000,1510
58.1028,1516
58.1056,1518
58.1083,1520
58.1111,1542
58.1139,1562
58.1167,1572
58.1194,1556
58.1222,1524
58.1250,1494
58.1278,1501
58.1306,1559
58.1333,1717
58.1361,1949
58.1389,2311
58.1417,2600
58.1444,2701
58.1472,2656
58.1500,2545
58.1528,2418
58.1556,2255
58.1583,1929
58.1611,1478
58.1639,1135
58.1667,954
58.1694,874
58.1722,849
58.1750,835
58.1778,839
58.1806,866
58.1833,893
58.1861,945
58.1889,1024
58.1917,1108
58.1944,1200
58.1972,1300
58.2000,1400
58.2028,1488
58.2056,1566
58.2083,1629
58.2111,1676
58.2139,1693
58.2167,1708
58.2194,1707
58.2222,1732
58.2250,1754
58.2278,1758
58.2306,1773
58.2333,1772
58.2361,1784
58.2389,1794
58.2417,1810
58.2444,1812
58.2472,1819
58.2500,1826
58.2528,1827
58.2556,1835
58.2583,1840
58.2611,1856
58.2639,1862
58.2667,1853
58.2694,1855
58.2722,1860
58.2750,1863
58.2778,1858
58.2806,1870
58.2833,1894
58.2861,1904
58.2889,1918
58.2917,1910
58.2944,1907
58.2972,1916
58.3000,1930
58.3028,1940
58.3056,1948
58.3083,1964
58.3111,1972
58.3139,1970
58.3167,1960
58.3194,1979
58.3222,2013
58.3250,2028
58.3278,2043
58.3306,2064
58.3333,2076
58.3361,2084
58.3389,2106
58.3417,2113
58.3444,2133
58.3472,2138
58.3500,2136
58.3528,2138
58.3556,2148
58.3583,1783
58.3611,1791
58.3639,1800
58.3667,1807
58.3694,1779
58.3722,1759
58.3750,1738
58.3778,1709
58.3806,1686
58.3833,1676
58.3861,1653
58.3889,1641
58.3917,1630
58.3944,1615
58.3972,1618
58.4000,1608
58.4028,1602
58.4056,1601
58.4083,1601
58.4111,1604
58.4139,1621
58.4167,1636
58.4194,1646
58.4222,1652
58.4250,1666
58.4278,1668
58.4306,1666
58.4333,1682
58.4361,1716
58.4389,1748
58.4417,1768
58.4444,1776
58.4472,1761
58.4500,1755
58.4528,1736
58.4556,1729
58.4583,1720
58.4611,1727
58.4639,1722
58.4667,1720
58.4694,1716
58.4722,1703
58.4750,1710
58.4778,1719
58.4806,1735
58.4833,1762
58.4861,1746
58.4889,1738
58.4917,1722
58.4944,1706
58.4972,1712
58.5000,1704
58.5028,1709
58.5056,1721
58.5083,1725
58.5111,1721
58.5139,1715
58.5167,1712
58.5194,1698
58.5222,1693
58.5250,1697
58.5278,1687
58.5306,1683
58.5333,1696
58.5361,1708
58.5389,1711
58.5417,1706
58.5444,1690
58.5472,1678
58.5500,1687
58.5528,1703
58.5556,1703
58.5583,1702
58.5611,1714
58.5639,1718
58.5667,1715
58.5694,1704
58.5722,1690
58.5750,1689
58.5778,1683
58.5806,1682
58.5833,1683
58.5861,1679
58.5889,1686
58.5917,1667
58.5944,1653
58.5972,1653
58.6000,1650
58.6028,1663
58.6056,1667
58.6083,1654
58.6111,1643
58.6139,1644
58.6167,1659
58.6194,1684
58.6222,1706
58.6250,1735
58.6278,1755
58.6306,1785
58.6333,1785
58.6361,1789
58.6389,1778
58.6417,1790
58.6444,1823
58.6472,1853
58.6500,1898
58.6528,1920
58.6556,1941
58.6583,1963
58.6611,1986
58.6639,2010
58.6667,2033
58.6694,2026
58.6722,2021
58.6750,2004
58.6778,1982
58.6806,1937
58.6833,1861
58.6861,1783
58.6889,1719
58.6917,1646
58.6944,1591
58.6972,1565
58.7000,1557
58.7028,1560
58.7056,1569
58.7083,1568
58.7111,1573
58.7139,1561
58.7167,1551
58.7194,1527
58.7222,1526
58.7250,1524
58.7278,1524
58.7306,1522
58.7333,1516
58.7361,1518
58.7389,1515
58.7417,1527
58.7444,1527
58.7472,1539
58.7500,1544
58.7528,1536
58.7556,1552
58.7583,1573
58.7611,1588
58.7639,1590
58.7667,1572
58.7694,1535
58.7722,1503
58.7750,1515
58.7778,1600
58.7806,1766
58.7833,2019
58.7861,2360
58.7889,2638
58.7917,2717
58.7944,2664
58.7972,2533
58.8000,2408
58.8028,2224
58.8056,1862
58.8083,1413
58.8111,1087
58.8139,926
58.8167,876
58.8194,857
58.8222,836
58.8250,827
58.8278,843
58.8306,887
58.8333,950
58.8361,1011
58.8389,1080
58.8417,1155
58.8444,1270
58.8472,1360
58.8500,1457
58.8528,1543
58.8556,1595
58.8583,1628
58.8611,1658
58.8639,1671
58.8667,1686
58.8694,1718
58.8722,1736
58.8750,1748
58.8778,1770
58.8806,1772
58.8833,1770
58.8861,1779
58.8889,1789
58.8917,1799
58.8944,1815
58.8972,1820
58.9000,1821
58.9028,1826
58.9056,1826
58.9083,1844
58.9111,1855
58.9139,1866
58.9167,1872
58.9194,1870
58.9222,1872
58.9250,1874
58.9278,1878
58.9306,1889
58.9333,1902
58.9361,1906
58.9389,1919
58.9417,1922
58.9444,1930
58.9472,1935
58.9500,1952
58.9528,1961
58.9556,1966
58.9583,1959
58.9611,1968
58.9639,1987
58.9667,1990
58.9694,2022
58.9722,2035
58.9750,2044
58.9778,2049
58.9806,2053
58.9833,2063
58.9861,2073
58.9889,2081
58.9917,2090
58.9944,2101
58.9972,2107
59.0000,2109
59.0028,1811
59.0056,1806
59.0083,1772
59.0111,1741
59.0139,1721
59.0167,1684
59.0194,1680
59.0222,1659
59.0250,1653
59.0278,1637
59.0306,1624
59.0333,1612
59.0361,1608
59.0389,1595
59.0417,1605
59.0444,1598
59.0472,1603
59.0500,1602
59.0528,1590
59.0556,1584
59.0583,1584
59.0611,1589
59.0639,1597
59.0667,1594
59.0694,1593
59.0722,1588
59.0750,1598
59.0778,1592
59.0806,1589
59.0833,1602
59.0861,1593
59.0889,1599
59.0917,1614
59.0944,1621
59.0972,1615
59.1000,1612
59.1028,1610
59.1056,1613
59.1083,1628
59.1111,1613
59.1139,1614
59.1167,1597
59.1194,1603
59.1222,1603
59.1250,1614
59.1278,1618
59.1306,1624
59.1333,1628
59.1361,1617
59.1389,1621
59.1417,1619
59.1444,1623
59.1472,1621
59.1500,1626
59.1528,1613
59.1556,1618
59.1583,1620
59.1611,1621
59.1639,1622
59.1667,1612
59.1694,1601
59.1722,1591
59.1750,1583
59.1778,1588
59.1806,1582
59.1833,1589
59.1861,1595
59.1889,1585
59.1917,1588
59.1944,1596
59.1972,1591
59.2000,1594
59.2028,1587
59.2056,1578
59.2083,1570
59.2111,1570
59.2139,1569
59.2167,1567
59.2194,1587
59.2222,1588
59.2250,1582
59.2278,1580
59.2306,1579
59.2333,1580
59.2361,1585
59.2389,1581
59.2417,1571
59.2444,1575
59.2472,1575
59.2500,1586
59.2528,1601
59.2556,1644
59.2583,1679
59.2611,1703
59.2639,1720
59.2667,1724
59.2694,1702
59.2722,1693
59.2750,1713
59.2778,1742
59.2806,1771
59.2833,1830
59.2861,1856
59.2889,1882
59.2917,1906
59.2944,1923
59.2972,1932
59.3000,1940
59.3028,1952
59.3056,1954
59.3083,1940
59.3111,1903
59.3139,1840
59.3167,1768
59.3194,1675
59.3222,1616
59.3250,1575
59.3278,1542
59.3306,1519
59.3333,1505
59.3361,1494
59.3389,1492
59.3417,1494
59.3444,1478
59.3472,1475
59.3500,1460
59.3528,1466
59.3556,1472
59.3583,1467
59.3611,1465
59.3639,1467
59.3667,1466
59.3694,1461
59.3722,1452
59.3750,1461
59.3778,1461
59.3806,1463
59.3833,1459
59.3861,1475
59.3889,1492
59.3917,1526
59.3944,1552
59.3972,1551
59.4000,1523
59.4028,1483
59.4056,1459
59.4083,1494
59.4111,1618
59.4139,1825
59.4167,2120
59.4194,2453
59.4222,2644
59.4250,2652
59.4278,2560
59.4306,2424
59.4333,2274
59.4361,2025
59.4389,1596
59.4417,1207
59.4444,964
59.4472,866
59.4500,828
59.4528,813
59.4556,794
59.4583,795
59.4611,822
59.4639,866
59.4667,933
59.4694,1001
59.4722,1081
59.4750,1173
59.4778,1281
59.4806,1380
59.4833,1470
59.4861,1531
59.4889,1596
59.4917,1631
59.4944,1652
59.4972,1670
59.5000,1673
59.5028,1691
59.5056,1714
59.5083,1728
59.5111,1727
59.5139,1732
59.5167,1744
59.5194,1759
59.5222,1781
59.5250,1808
59.5278,1815
59.5306,1814
59.5333,1806
59.5361,1798
59.5389,1809
59.5417,1828
59.5444,1843
59.5472,1843
59.5500,1847
59.5528,1853
59.5556,1848
59.5583,1855
59.5611,1860
59.5639,1873
59.5667,1885
59.5694,1887
59.5722,1893
59.5750,1898
59.5778,1899
59.5806,1915
59.5833,1931
59.5861,1938
59.5889,1952
59.5917,1963
59.5944,1973
59.5972,1986
59.6000,2006
59.6028,2019
59.6056,2028
59.6083,2030
59.6111,2039
59.6139,2046
59.6167,2064
59.6194,2069
59.6222,2095
59.6250,2118
59.6278,2122
59.6306,2128
59.6333,2119
59.6361,1810
59.6389,1812
59.6417,1793
59.6444,1777
59.6472,1763
59.6500,1732
59.6528,1706
59.6556,1692
59.6583,1665
59.6611,1646
59.6639,1639
59.6667,1639
59.6694,1626
59.6722,1618
59.6750,1598
59.6778,1600
59.6806,1605
59.6833,1603
59.6861,1617
59.6889,1620
59.6917,1626
59.6944,1628
59.6972,1622
59.7000,1630
59.7028,1624
59.7056,1631
59.7083,1626
59.7111,1622
59.7139,1620
59.7167,1625
59.7194,1642
59.7222,1644
59.7250,1658
59.7278,1649
59.7306,1632
59.7333,1635
59.7361,1650
59.7389,1654
59.7417,1649
59.7444,1662
59.7472,1675
59.7500,1662
59.7528,1659
59.7556,1650
59.7583,1648
59.7611,1653
59.7639,1649
59.7667,1662
59.7694,1668
59.7722,1669
59.7750,1665
59.7778,1662
59.7806,1661
59.7833,1663
59.7861,1649
59.7889,1639
59.7917,1630
59.7944,1631
59.7972,1621
59.8000,1619
59.8028,1611
59.8056,1610
59.8083,1610
59.8111,1619
59.8139,1610
59.8167,1620
59.8194,1615
59.8222,1612
59.8250,1607
59.8278,1607
59.8306,1602
59.8333,1605
59.8361,1604
59.8389,1602
59.8417,1597
59.8444,1599
59.8472,1596
59.8500,1587
59.8528,1587
59.8556,1595
59.8583,1598
59.8611,1592
59.8639,1581
59.8667,1594
59.8694,1604
59.8722,1621
59.8750,1652
59.8778,1680
59.8806,1708
59.8833,1733
59.8861,1744
59.8889,1739
59.8917,1733
59.8944,1742
59.8972,1760
59.9000,1795
59.9028,1834
59.9056,1863
59.9083,1897
59.9111,1921
59.9139,1952
59.9167,1965
59.9194,1978
59.9222,1983
59.9250,1979
59.9278,1949
59.9306,1907
59.9333,1842
59.9361,1755
59.9389,1676
59.9417,1624
59.9444,1566
59.9472,1530
59.9500,1507
59.9528,1508
59.9556,1509
59.9583,1514
59.9611,1511
59.9639,1505
59.9667,1489
59.9694,1484
59.9722,1475
59.9750,1472
59.9778,1475
59.9806,1478
59.9833,1467
59.9861,1469
59.9889,1469
59.9917,1466
59.9944,1486
59.9972,1487
60.0000,1493
60.0028,1486
60.0056,1489
60.0083,1509
60.0111,1530
60.0139,1552
60.0167,1546
60.0194,1522
60.0222,1485
60.0250,1473
60.0278,1513
60.0306,1622
60.0333,1829
60.0361,2126
60.0389,2485
60.0417,2682
60.0444,2680
60.0472,2586
60.0500,2449
60.0528,2301
60.0556,2047
60.0583,1614
60.0611,1225
60.0639,1000
60.0667,888
60.0694,842
60.0722,824
60.0750,807
60.0778,815
60.0806,844
60.0833,892
60.0861,954
60.0889,1026
60.0917,1095
60.0944,1191
60.0972,1296
60.1000,1389
60.1028,1486
60.1056,1561
60.1083,1607
60.1111,1623
60.1139,1638
60.1167,1647
60.1194,1661
60.1222,1681
60.1250,1711
60.1278,1747
60.1306,1750
60.1333,1758
60.1361,1764
60.1389,1764
60.1417,1784
60.1444,1802
60.1472,1808
60.1500,1812
60.1528,1818
60.1556,1814
60.1583,1830
60.1611,1834
60.1639,1847
60.1667,1848
60.1694,1842
60.1722,1846
60.1750,1847
60.1778,1852
60.1806,1869
60.1833,1890
60.1861,1897
60.1889,1911
60.1917,1918
60.1944,1927
60.1972,1934
60.2000,1940
60.2028,1958
60.2056,1972
60.2083,1978
60.2111,1972
60.2139,1983
60.2167,1988
60.2194,2014
