Tiempo(s),Valor_ADC
0.0028,1780
0.0056,1774
0.0083,1798
0.0111,1817
0.0139,1817
0.0167,1796
0.0194,1776
0.0222,1744
0.0250,1736
0.0278,1744
0.0306,1749
0.0333,1737
0.0361,1727
0.0389,1752
0.0417,1770
0.0444,1786
0.0472,1800
0.0500,1808
0.0528,1791
0.0556,1771
0.0583,1755
0.0611,1747
0.0639,1744
0.0667,1726
0.0694,1733
0.0722,1775
0.0750,1828
0.0778,1878
0.0806,1900
0.0833,1887
0.0861,1874
0.0889,1878
0.0917,1881
0.0944,1866
0.0972,1864
0.1000,1855
0.1028,1853
0.1056,1856
0.1083,1870
0.1111,1882
0.1139,1882
0.1167,1879
0.1194,1886
0.1222,1904
0.1250,1899
0.1278,1891
0.1306,1897
0.1333,1879
0.1361,1872
0.1389,1897
0.1417,1927
0.1444,1955
0.1472,1980
0.1500,2041
0.1528,2019
0.1556,1978
0.1583,1954
0.1611,1922
0.1639,1928
0.1667,1948
0.1694,1974
0.1722,1973
0.1750,1948
0.1778,1904
0.1806,1869
0.1833,1870
0.1861,1894
0.1889,1915
0.1917,1897
0.1944,1839
0.1972,1799
0.2000,1768
0.2028,1780
0.2056,1797
0.2083,1832
0.2111,1838
0.2139,1795
0.2167,1734
0.2194,1701
0.2222,1681
0.2250,1666
0.2278,1691
0.2306,1708
0.2333,1708
0.2361,1705
0.2389,1689
0.2417,1657
0.2444,1629
0.2472,1631
0.2500,1639
0.2528,1631
0.2556,1632
0.2583,1636
0.2611,1633
0.2639,1634
0.2667,1645
0.2694,1671
0.2722,1668
0.2750,1651
0.2778,1648
0.2806,1622
0.2833,1600
0.2861,1620
0.2889,1632
0.2917,1647
0.2944,1649
0.2972,1691
0.3000,1710
0.3028,1702
0.3056,1682
0.3083,1657
0.3111,1646
0.3139,1663
0.3167,1703
0.3194,1715
0.3222,1707
0.3250,1684
0.3278,1690
0.3306,1698
0.3333,1703
0.3361,1707
0.3389,1706
0.3417,1687
0.3444,1667
0.3472,1686
0.3500,1704
0.3528,1702
0.3556,1692
0.3583,1687
0.3611,1680
0.3639,1673
0.3667,1696
0.3694,1713
0.3722,1729
0.3750,1741
0.3778,1742
0.3806,1727
0.3833,1711
0.3861,1708
0.3889,1722
0.3917,1718
0.3944,1703
0.3972,1693
0.4000,1672
0.4028,1675
0.4056,1679
0.4083,1693
0.4111,1688
0.4139,1688
0.4167,1705
0.4194,1732
0.4222,1747
0.4250,1737
0.4278,1750
0.4306,1757
0.4333,1752
0.4361,1740
0.4389,1725
0.4417,1703
0.4444,1691
0.4472,1717
0.4500,1729
0.4528,1727
0.4556,1700
0.4583,1697
0.4611,1667
0.4639,1642
0.4667,1657
0.4694,1705
0.4722,1745
0.4750,1760
0.4778,1778
0.4806,1767
0.4833,1733
0.4861,1728
0.4889,1755
0.4917,1749
0.4944,1708
0.4972,1701
0.5000,1711
0.5028,1740
0.5056,1752
0.5083,1763
0.5111,1754
0.5139,1747
0.5167,1748
0.5194,1740
0.5222,1717
0.5250,1700
0.5278,1708
0.5306,1711
0.5333,1706
0.5361,1694
0.5389,1696
0.5417,1700
0.5444,1693
0.5472,1701
0.5500,1699
0.5528,1685
0.5556,1660
0.5583,1646
0.5611,1632
0.5639,1657
0.5667,1696
0.5694,1730
0.5722,1757
0.5750,1773
0.5778,1783
0.5806,1779
0.5833,1751
0.5861,1745
0.5889,1743
0.5917,1718
0.5944,1723
0.5972,1744
0.6000,1751
0.6028,1736
0.6056,1724
0.6083,1710
0.6111,1715
0.6139,1714
0.6167,1735
0.6194,1767
0.6222,1771
0.6250,1756
0.6278,1742
0.6306,1719
0.6333,1688
0.6361,1674
0.6389,1667
0.6417,1663
0.6444,1678
0.6472,1702
0.6500,1705
0.6528,1706
0.6556,1674
0.6583,1645
0.6611,1635
0.6639,1649
0.6667,1668
0.6694,1671
0.6722,1666
0.6750,1681
0.6778,1693
0.6806,1697
0.6833,1698
0.6861,1706
0.6889,1697
0.6917,1704
0.6944,1684
0.6972,1678
0.7000,1669
0.7028,1661
0.7056,1657
0.7083,1674
0.7111,1680
0.7139,1652
0.7167,1627
0.7194,1572
0.7222,1506
0.7250,1479
0.7278,1497
0.7306,1566
0.7333,1652
0.7361,1761
0.7389,1879
0.7417,2037
0.7444,2278
0.7472,2536
0.7500,2731
0.7528,2776
0.7556,2651
0.7583,2399
0.7611,2145
0.7639,1963
0.7667,1893
0.7694,1889
0.7722,1871
0.7750,1850
0.7778,1841
0.7806,1841
0.7833,1777
0.7861,1720
0.7889,1657
0.7917,1629
0.7944,1604
0.7972,1633
0.8000,1652
0.8028,1654
0.8056,1673
0.8083,1648
0.8111,1625
0.8139,1596
0.8167,1586
0.8194,1596
0.8222,1607
0.8250,1632
0.8278,1640
0.8306,1624
0.8333,1602
0.8361,1606
0.8389,1621
0.8417,1626
0.8444,1629
0.8472,1632
0.8500,1622
0.8528,1622
0.8556,1609
0.8583,1605
0.8611,1581
0.8639,1584
0.8667,1595
0.8694,1612
0.8722,1612
0.8750,1615
0.8778,1615
0.8806,1617
0.8833,1599
0.8861,1597
0.8889,1608
0.8917,1620
0.8944,1662
0.8972,1690
0.9000,1701
0.9028,1678
0.9056,1651
0.9083,1644
0.9111,1643
0.9139,1644
0.9167,1682
0.9194,1704
0.9222,1702
0.9250,1692
0.9278,1680
0.9306,1662
0.9333,1647
0.9361,1669
0.9389,1694
0.9417,1738
0.9444,1780
0.9472,1806
0.9500,1812
0.9528,1808
0.9556,1791
0.9583,1773
0.9611,1723
0.9639,1725
0.9667,1730
0.9694,1721
0.9722,1713
0.9750,1687
0.9778,1670
0.9806,1634
0.9833,1600
0.9861,1593
0.9889,1613
0.9917,1623
0.9944,1629
0.9972,1633
1.0000,1601
1.0028,1579
1.0056,1561
1.0083,1563
1.0111,1558
1.0139,1558
1.0167,1552
1.0194,1543
1.0222,1525
1.0250,1523
1.0278,1549
1.0306,1563
1.0333,1580
1.0361,1578
1.0389,1573
1.0417,1558
1.0444,1573
1.0472,1598
1.0500,1598
1.0528,1578
1.0556,1573
1.0583,1586
1.0611,1596
1.0639,1593
1.0667,1602
1.0694,1591
1.0722,1574
1.0750,1568
1.0778,1555
1.0806,1550
1.0833,1533
1.0861,1539
1.0889,1552
1.0917,1556
1.0944,1551
1.0972,1551
1.1000,1544
1.1028,1547
1.1056,1568
1.1083,1606
1.1111,1593
1.1139,1569
1.1167,1575
1.1194,1563
1.1222,1535
1.1250,1533
1.1278,1551
1.1306,1565
1.1333,1596
1.1361,1605
1.1389,1595
1.1417,1573
1.1444,1551
1.1472,1543
1.1500,1539
1.1528,1541
1.1556,1561
1.1583,1585
1.1611,1600
1.1639,1614
1.1667,1618
1.1694,1614
1.1722,1603
1.1750,1583
1.1778,1554
1.1806,1562
1.1833,1563
1.1861,1582
1.1889,1586
1.1917,1586
1.1944,1564
1.1972,1550
1.2000,1554
1.2028,1545
1.2056,1557
1.2083,1567
1.2111,1567
1.2139,1564
1.2167,1560
1.2194,1566
1.2222,1561
1.2250,1580
1.2278,1578
1.2306,1574
1.2333,1559
1.2361,1567
1.2389,1580
1.2417,1577
1.2444,1571
1.2472,1558
1.2500,1552
1.2528,1554
1.2556,1573
1.2583,1601
1.2611,1601
1.2639,1609
1.2667,1591
1.2694,1580
1.2722,1559
1.2750,1567
1.2778,1572
1.2806,1578
1.2833,1573
1.2861,1580
1.2889,1576
1.2917,1550
1.2944,1551
1.2972,1566
1.3000,1582
1.3028,1575
1.3056,1584
1.3083,1588
1.3111,1595
1.3139,1583
1.3167,1588
1.3194,1576
1.3222,1573
1.3250,1594
1.3278,1592
1.3306,1595
1.3333,1579
1.3361,1584
1.3389,1568
1.3417,1533
1.3444,1534
1.3472,1564
1.3500,1585
1.3528,1587
1.3556,1596
1.3583,1596
1.3611,1607
1.3639,1611
1.3667,1619
1.3694,1600
1.3722,1593
1.3750,1570
1.3778,1576
1.3806,1600
1.3833,1616
1.3861,1618
1.3889,1615
1.3917,1606
1.3944,1591
1.3972,1591
1.4000,1595
1.4028,1588
1.4056,1587
1.4083,1605
1.4111,1616
1.4139,1645
1.4167,1667
1.4194,1680
1.4222,1675
1.4250,1661
1.4278,1651
1.4306,1631
1.4333,1620
1.4361,1621
1.4389,1617
1.4417,1609
1.4444,1599
1.4472,1589
1.4500,1551
1.4528,1527
1.4556,1543
1.4583,1558
1.4611,1567
1.4639,1577
1.4667,1579
1.4694,1553
1.4722,1529
1.4750,1515
1.4778,1528
1.4806,1561
1.4833,1593
1.4861,1602
1.4889,1601
1.4917,1595
1.4944,1574
1.4972,1566
1.5000,1558
1.5028,1557
1.5056,1584
1.5083,1593
1.5111,1592
1.5139,1582
1.5167,1552
1.5194,1495
1.5222,1430
1.5250,1389
1.5278,1409
1.5306,1491
1.5333,1588
1.5361,1698
1.5389,1805
1.5417,1957
1.5444,2183
1.5472,2438
1.5500,2630
1.5528,2668
1.5556,2504
1.5583,2254
1.5611,2010
1.5639,1852
1.5667,1786
1.5694,1768
1.5722,1780
1.5750,1795
1.5778,1790
1.5806,1765
1.5833,1705
1.5861,1638
1.5889,1586
1.5917,1549
1.5944,1531
1.5972,1543
1.6000,1542
1.6028,1540
1.6056,1537
1.6083,1565
1.6111,1569
1.6139,1553
1.6167,1554
1.6194,1553
1.6222,1559
1.6250,1551
1.6278,1530
1.6306,1516
1.6333,1492
1.6361,1493
1.6389,1502
1.6417,1520
1.6444,1541
1.6472,1588
1.6500,1595
1.6528,1591
1.6556,1572
1.6583,1579
1.6611,1590
1.6639,1593
1.6667,1586
1.6694,1579
1.6722,1564
1.6750,1554
1.6778,1586
1.6806,1594
1.6833,1616
1.6861,1611
1.6889,1609
1.6917,1600
1.6944,1606
1.6972,1626
1.7000,1626
1.7028,1619
1.7056,1623
1.7083,1619
1.7111,1609
1.7139,1598
1.7167,1600
1.7194,1615
1.7222,1623
1.7250,1649
1.7278,1673
1.7306,1670
1.7333,1660
1.7361,1658
1.7389,1653
1.7417,1772
1.7444,1793
1.7472,1812
1.7500,1802
1.7528,1776
1.7556,1747
1.7583,1726
1.7611,1716
1.7639,1705
1.7667,1682
1.7694,1666
1.7722,1642
1.7750,1633
1.7778,1639
1.7806,1612
1.7833,1572
1.7861,1588
1.7889,1623
1.7917,1650
1.7944,1639
1.7972,1621
1.8000,1604
1.8028,1615
1.8056,1629
1.8083,1622
1.8111,1613
1.8139,1610
1.8167,1605
1.8194,1598
1.8222,1604
1.8250,1615
1.8278,1622
1.8306,1614
1.8333,1600
1.8361,1584
1.8389,1576
1.8417,1578
1.8444,1584
1.8472,1586
1.8500,1567
1.8528,1555
1.8556,1579
1.8583,1594
1.8611,1617
1.8639,1602
1.8667,1573
1.8694,1571
1.8722,1559
1.8750,1555
1.8778,1551
1.8806,1578
1.8833,1613
1.8861,1637
1.8889,1639
1.8917,1629
1.8944,1639
1.8972,1641
1.9000,1640
1.9028,1626
1.9056,1616
1.9083,1599
1.9111,1608
1.9139,1630
1.9167,1633
1.9194,1617
1.9222,1602
1.9250,1588
1.9278,1568
1.9306,1556
1.9333,1587
1.9361,1602
1.9389,1599
1.9417,1594
1.9444,1599
1.9472,1601
1.9500,1606
1.9528,1587
1.9556,1584
1.9583,1600
1.9611,1604
1.9639,1599
1.9667,1574
1.9694,1571
1.9722,1596
1.9750,1641
1.9778,1667
1.9806,1653
1.9833,1643
1.9861,1634
1.9889,1615
1.9917,1596
1.9944,1599
1.9972,1606
2.0000,1604
2.0028,1587
2.0056,1542
2.0083,1534
2.0111,1548
2.0139,1583
2.0167,1612
2.0194,1621
2.0222,1641
2.0250,1669
2.0278,1677
2.0306,1646
2.0333,1625
2.0361,1577
2.0389,1565
2.0417,1576
2.0444,1605
2.0472,1616
2.0500,1610
2.0528,1622
2.0556,1625
2.0583,1635
2.0611,1630
2.0639,1615
2.0667,1602
2.0694,1591
2.0722,1600
2.0750,1611
2.0778,1613
2.0806,1602
2.0833,1613
2.0861,1651
2.0889,1665
2.0917,1639
2.0944,1637
2.0972,1633
2.1000,1637
2.1028,1628
2.1056,1639
2.1083,1621
2.1111,1599
2.1139,1591
2.1167,1608
2.1194,1615
2.1222,1647
2.1250,1678
2.1278,1708
2.1306,1697
2.1333,1685
2.1361,1672
2.1389,1668
2.1417,1675
2.1444,1668
2.1472,1643
2.1500,1623
2.1528,1635
2.1556,1653
2.1583,1687
2.1611,1707
2.1639,1739
2.1667,1735
2.1694,1735
2.1722,1726
2.1750,1722
2.1778,1701
2.1806,1667
2.1833,1638
2.1861,1636
2.1889,1633
2.1917,1634
2.1944,1631
2.1972,1624
2.2000,1604
2.2028,1613
2.2056,1631
2.2083,1649
2.2111,1636
2.2139,1641
2.2167,1627
2.2194,1612
2.2222,1576
2.2250,1574
2.2278,1579
2.2306,1613
2.2333,1638
2.2361,1644
2.2389,1656
2.2417,1659
2.2444,1659
2.2472,1666
2.2500,1679
2.2528,1678
2.2556,1675
2.2583,1644
2.2611,1610
2.2639,1585
2.2667,1536
2.2694,1501
2.2722,1497
2.2750,1545
2.2778,1607
2.2806,1630
2.2833,1666
2.2861,1732
2.2889,1909
2.2917,2166
2.2944,2449
2.2972,2677
2.3000,2709
2.3028,2544
2.3056,2274
2.3083,2033
2.3111,1884
2.3139,1830
2.3167,1835
2.3194,1838
2.3222,1852
2.3250,1848
2.3278,1813
2.3306,1756
2.3333,1680
2.3361,1607
2.3389,1556
2.3417,1555
2.3444,1595
2.3472,1623
2.3500,1609
2.3528,1586
2.3556,1551
2.3583,1536
2.3611,1530
2.3639,1556
2.3667,1618
2.3694,1679
2.3722,1728
2.3750,1713
2.3778,1675
2.3806,1649
2.3833,1684
2.3861,1677
2.3889,1657
2.3917,1628
2.3944,1623
2.3972,1639
2.4000,1656
2.4028,1668
2.4056,1677
2.4083,1685
2.4111,1678
2.4139,1661
2.4167,1613
2.4194,1593
2.4222,1618
2.4250,1653
2.4278,1687
2.4306,1698
2.4333,1699
2.4361,1691
2.4389,1705
2.4417,1708
2.4444,1714
2.4472,1739
2.4500,1725
2.4528,1688
2.4556,1660
2.4583,1669
2.4611,1674
2.4639,1692
2.4667,1697
2.4694,1712
2.4722,1716
2.4750,1743
2.4778,1769
2.4806,1777
2.4833,1789
2.4861,1807
2.4889,1907
2.4917,1881
2.4944,1828
2.4972,1734
2.5000,1668
2.5028,1663
2.5056,1710
2.5083,1768
2.5111,1805
2.5139,1835
2.5167,1825
2.5194,1814
2.5222,1814
2.5250,1811
2.5278,1773
2.5306,1696
2.5333,1633
2.5361,1603
2.5389,1621
2.5417,1669
2.5444,1717
2.5472,1753
2.5500,1750
2.5528,1707
2.5556,1627
2.5583,1565
2.5611,1541
2.5639,1564
2.5667,1606
2.5694,1652
2.5722,1677
2.5750,1682
2.5778,1671
2.5806,1652
2.5833,1659
2.5861,1668
2.5889,1638
2.5917,1617
2.5944,1605
2.5972,1604
2.6000,1618
2.6028,1645
2.6056,1661
2.6083,1663
2.6111,1643
2.6139,1644
2.6167,1661
2.6194,1676
2.6222,1685
2.6250,1691
2.6278,1665
2.6306,1642
2.6333,1636
2.6361,1623
2.6389,1612
2.6417,1632
2.6444,1669
2.6472,1687
2.6500,1704
2.6528,1695
2.6556,1680
2.6583,1672
2.6611,1703
2.6639,1738
2.6667,1775
2.6694,1770
2.6722,1751
2.6750,1706
2.6778,1657
2.6806,1613
2.6833,1624
2.6861,1633
2.6889,1655
2.6917,1666
2.6944,1685
2.6972,1673
2.7000,1661
2.7028,1653
2.7056,1630
2.7083,1639
2.7111,1679
2.7139,1722
2.7167,1746
2.7194,1748
2.7222,1741
2.7250,1733
2.7278,1716
2.7306,1707
2.7333,1709
2.7361,1705
2.7389,1711
2.7417,1714
2.7444,1732
2.7472,1739
2.7500,1725
2.7528,1712
2.7556,1712
2.7583,1698
2.7611,1686
2.7639,1702
2.7667,1717
2.7694,1743
2.7722,1737
2.7750,1703
2.7778,1655
2.7806,1642
2.7833,1672
2.7861,1719
2.7889,1727
2.7917,1700
2.7944,1699
2.7972,1701
2.8000,1708
2.8028,1702
2.8056,1700
2.8083,1696
2.8111,1702
2.8139,1703
2.8167,1715
2.8194,1716
2.8222,1730
2.8250,1755
2.8278,1784
2.8306,1796
2.8333,1800
2.8361,1777
2.8389,1748
2.8417,1727
2.8444,1744
2.8472,1801
2.8500,1848
2.8528,1860
2.8556,1846
2.8583,1831
2.8611,1784
2.8639,1761
2.8667,1725
2.8694,1702
2.8722,1706
2.8750,1710
2.8778,1718
2.8806,1709
2.8833,1701
2.8861,1667
2.8889,1620
2.8917,1603
2.8944,1642
2.8972,1727
2.9000,1805
2.9028,1844
2.9056,1838
2.9083,1787
2.9111,1744
2.9139,1729
2.9167,1708
2.9194,1667
2.9222,1669
2.9250,1674
2.9278,1688
2.9306,1710
2.9333,1726
2.9361,1715
2.9389,1693
2.9417,1670
2.9444,1679
2.9472,1675
2.9500,1637
2.9528,1624
2.9556,1628
2.9583,1662
2.9611,1718
2.9639,1770
2.9667,1805
2.9694,1845
2.9722,1953
2.9750,2126
2.9778,2347
2.9806,2555
2.9833,2673
2.9861,2618
2.9889,2406
2.9917,2160
2.9944,1963
2.9972,1868
3.0000,1810
3.0028,1845
3.0056,1923
3.0083,1963
3.0111,1957
3.0139,1898
3.0167,1834
3.0194,1761
3.0222,1738
3.0250,1728
3.0278,1739
3.0306,1755
3.0333,1761
3.0361,1751
3.0389,1745
3.0417,1755
3.0444,1789
3.0472,1793
3.0500,1775
3.0528,1757
3.0556,1746
3.0583,1725
3.0611,1702
3.0639,1684
3.0667,1697
3.0694,1738
3.0722,1777
3.0750,1788
3.0778,1785
3.0806,1764
3.0833,1718
3.0861,1660
3.0889,1678
3.0917,1746
3.0944,1806
3.0972,1831
3.1000,1801
3.1028,1764
3.1056,1727
3.1083,1703
3.1111,1728
3.1139,1773
3.1167,1809
3.1194,1836
3.1222,1868
3.1250,1872
3.1278,1890
3.1306,1870
3.1333,1862
3.1361,1848
3.1389,1842
3.1417,1843
3.1444,1863
3.1472,1869
3.1500,1866
3.1528,1885
3.1556,1911
3.1583,1915
3.1611,1889
3.1639,1903
3.1667,1905
3.1694,1913
3.1722,1933
3.1750,1961
3.1778,1968
3.1806,1950
3.1833,1945
3.1861,1953
3.1889,1934
3.1917,1925
3.1944,1892
3.1972,1856
3.2000,1864
3.2028,1888
3.2056,1907
3.2083,1901
3.2111,1907
3.2139,1881
3.2167,1836
3.2194,1790
3.2222,1777
3.2250,1780
3.2278,1758
3.2306,1731
3.2333,1725
3.2361,1718
3.2389,1751
3.2417,1788
3.2444,1832
3.2472,1834
3.2500,1808
3.2528,1776
3.2556,1753
3.2583,1728
3.2611,1719
3.2639,1730
3.2667,1725
3.2694,1709
3.2722,1704
3.2750,1713
3.2778,1707
3.2806,1733
3.2833,1761
3.2861,1784
3.2889,1793
3.2917,1797
3.2944,1772
3.2972,1757
3.3000,1727
3.3028,1724
3.3056,1736
3.3083,1745
3.3111,1749
3.3139,1747
3.3167,1734
3.3194,1735
3.3222,1738
3.3250,1755
3.3278,1779
3.3306,1767
3.3333,1744
3.3361,1716
3.3389,1696
3.3417,1692
3.3444,1683
3.3472,1665
3.3500,1681
3.3528,1722
3.3556,1722
3.3583,1702
3.3611,1693
3.3639,1714
3.3667,1716
3.3694,1729
3.3722,1738
3.3750,1717
3.3778,1700
3.3806,1679
3.3833,1685
3.3861,1694
3.3889,1701
3.3917,1710
3.3944,1701
3.3972,1669
3.4000,1628
3.4028,1601
3.4056,1608
3.4083,1613
3.4111,1658
3.4139,1691
3.4167,1715
3.4194,1723
3.4222,1724
3.4250,1714
3.4278,1687
3.4306,1675
3.4333,1672
3.4361,1669
3.4389,1657
3.4417,1639
3.4444,1631
3.4472,1640
3.4500,1660
3.4528,1687
3.4556,1680
3.4583,1682
3.4611,1678
3.4639,1691
3.4667,1664
3.4694,1640
3.4722,1617
3.4750,1612
3.4778,1622
3.4806,1656
3.4833,1696
3.4861,1706
3.4889,1695
3.4917,1702
3.4944,1703
3.4972,1660
3.5000,1638
3.5028,1638
3.5056,1637
3.5083,1634
3.5111,1636
3.5139,1619
3.5167,1584
3.5194,1570
3.5222,1561
3.5250,1566
3.5278,1550
3.5306,1533
3.5333,1526
3.5361,1517
3.5389,1515
3.5417,1528
3.5444,1544
3.5472,1549
3.5500,1549
3.5528,1541
3.5556,1521
3.5583,1501
3.5611,1521
3.5639,1553
3.5667,1561
3.5694,1568
3.5722,1570
3.5750,1569
3.5778,1578
3.5806,1589
3.5833,1606
3.5861,1606
3.5889,1593
3.5917,1583
3.5944,1549
3.5972,1481
3.6000,1441
3.6028,1430
3.6056,1454
3.6083,1478
3.6111,1530
3.6139,1576
3.6167,1632
3.6194,1745
3.6222,1930
3.6250,2182
3.6278,2403
3.6306,2511
3.6333,2424
3.6361,2164
3.6389,1894
3.6417,1731
3.6444,1665
3.6472,1661
3.6500,1705
3.6528,1752
3.6556,1775
3.6583,1759
3.6611,1707
3.6639,1645
3.6667,1586
3.6694,1544
3.6722,1531
3.6750,1523
3.6778,1517
3.6806,1527
3.6833,1537
3.6861,1526
3.6889,1501
3.6917,1521
3.6944,1523
3.6972,1529
3.7000,1531
3.7028,1516
3.7056,1489
3.7083,1455
3.7111,1452
3.7139,1464
3.7167,1497
3.7194,1515
3.7222,1535
3.7250,1545
3.7278,1541
3.7306,1520
3.7333,1483
3.7361,1485
3.7389,1510
3.7417,1529
3.7444,1538
3.7472,1539
3.7500,1547
3.7528,1553
3.7556,1563
3.7583,1562
3.7611,1560
3.7639,1560
3.7667,1543
3.7694,1550
3.7722,1575
3.7750,1607
3.7778,1630
3.7806,1635
3.7833,1638
3.7861,1613
3.7889,1596
3.7917,1596
3.7944,1599
3.7972,1611
3.8000,1614
3.8028,1603
3.8056,1599
3.8083,1605
3.8111,1624
3.8139,1669
3.8167,1704
3.8194,1637
3.8222,1662
3.8250,1659
3.8278,1684
3.8306,1699
3.8333,1674
3.8361,1620
3.8389,1620
3.8417,1664
3.8444,1721
3.8472,1729
3.8500,1718
3.8528,1704
3.8556,1652
3.8583,1612
3.8611,1607
3.8639,1601
3.8667,1580
3.8694,1572
3.8722,1599
3.8750,1621
3.8778,1599
3.8806,1581
3.8833,1573
3.8861,1575
3.8889,1574
3.8917,1573
3.8944,1554
3.8972,1529
3.9000,1535
3.9028,1543
3.9056,1564
3.9083,1574
3.9111,1588
3.9139,1577
3.9167,1562
3.9194,1559
3.9222,1572
3.9250,1575
3.9278,1581
3.9306,1576
3.9333,1569
3.9361,1559
3.9389,1580
3.9417,1599
3.9444,1601
3.9472,1610
3.9500,1604
3.9528,1596
3.9556,1589
3.9583,1588
3.9611,1610
3.9639,1639
3.9667,1653
3.9694,1649
3.9722,1638
3.9750,1635
3.9778,1626
3.9806,1622
3.9833,1610
3.9861,1601
3.9889,1606
3.9917,1630
3.9944,1655
3.9972,1637
4.0000,1639
4.0028,1617
4.0056,1612
4.0083,1602
4.0111,1605
4.0139,1601
4.0167,1600
4.0194,1624
4.0222,1640
4.0250,1653
4.0278,1618
4.0306,1568
4.0333,1546
4.0361,1567
4.0389,1630
4.0417,1711
4.0444,1749
4.0472,1730
4.0500,1704
4.0528,1670
4.0556,1672
4.0583,1683
4.0611,1704
4.0639,1713
4.0667,1716
4.0694,1718
4.0722,1722
4.0750,1717
4.0778,1707
4.0806,1719
4.0833,1725
4.0861,1723
4.0889,1727
4.0917,1735
4.0944,1723
4.0972,1691
4.1000,1677
4.1028,1670
4.1056,1675
4.1083,1676
4.1111,1683
4.1139,1679
4.1167,1650
4.1194,1639
4.1222,1647
4.1250,1649
4.1278,1635
4.1306,1626
4.1333,1617
4.1361,1601
4.1389,1605
4.1417,1632
4.1444,1642
4.1472,1638
4.1500,1636
4.1528,1648
4.1556,1662
4.1583,1663
4.1611,1663
4.1639,1648
4.1667,1633
4.1694,1627
4.1722,1597
4.1750,1567
4.1778,1557
4.1806,1572
4.1833,1604
4.1861,1634
4.1889,1635
4.1917,1620
4.1944,1598
4.1972,1581
4.2000,1609
4.2028,1654
4.2056,1691
4.2083,1756
4.2111,1879
4.2139,2067
4.2167,2308
4.2194,2547
4.2222,2699
4.2250,2687
4.2278,2490
4.2306,2251
4.2333,2056
4.2361,1937
4.2389,1903
4.2417,1901
4.2444,1925
4.2472,1932
4.2500,1918
4.2528,1882
4.2556,1785
4.2583,1689
4.2611,1637
4.2639,1604
4.2667,1621
4.2694,1667
4.2722,1710
4.2750,1720
4.2778,1728
4.2806,1741
4.2833,1737
4.2861,1704
4.2889,1690
4.2917,1691
4.2944,1690
4.2972,1690
4.3000,1691
4.3028,1717
4.3056,1729
4.3083,1709
4.3111,1684
4.3139,1684
4.3167,1686
4.3194,1717
4.3222,1729
4.3250,1736
4.3278,1739
4.3306,1744
4.3333,1732
4.3361,1711
4.3389,1711
4.3417,1729
4.3444,1730
4.3472,1707
4.3500,1700
4.3528,1748
4.3556,1774
4.3583,1787
4.3611,1806
4.3639,1814
4.3667,1809
4.3694,1801
4.3722,1802
4.3750,1776
4.3778,1758
4.3806,1753
4.3833,1749
4.3861,1754
4.3889,1784
4.3917,1819
4.3944,1833
4.3972,1830
4.4000,1837
4.4028,1840
4.4056,1822
4.4083,1819
4.4111,1827
4.4139,1848
4.4167,1878
4.4194,1868
4.4222,1879
4.4250,1866
4.4278,1851
4.4306,1825
4.4333,1802
4.4361,1792
4.4389,1799
4.4417,1806
4.4444,1799
4.4472,1799
4.4500,1818
4.4528,1813
4.4556,1788
4.4583,1778
4.4611,1773
4.4639,1764
4.4667,1755
4.4694,1733
4.4722,1716
4.4750,1716
4.4778,1718
4.4806,1720
4.4833,1735
4.4861,1737
4.4889,1739
4.4917,1723
4.4944,1693
4.4972,1671
4.5000,1684
4.5028,1720
4.5056,1735
4.5083,1756
4.5111,1765
4.5139,1747
4.5167,1716
4.5194,1720
4.5222,1720
4.5250,1711
4.5278,1713
4.5306,1737
4.5333,1749
4.5361,1748
4.5389,1746
4.5417,1756
4.5444,1753
4.5472,1750
4.5500,1749
4.5528,1746
4.5556,1728
4.5583,1721
4.5611,1725
4.5639,1744
4.5667,1759
4.5694,1777
4.5722,1785
4.5750,1776
4.5778,1751
4.5806,1744
4.5833,1733
4.5861,1712
4.5889,1715
4.5917,1738
4.5944,1751
4.5972,1773
4.6000,1790
4.6028,1780
4.6056,1774
4.6083,1771
4.6111,1775
4.6139,1765
4.6167,1747
4.6194,1747
4.6222,1760
4.6250,1772
4.6278,1774
4.6306,1771
4.6333,1719
4.6361,1690
4.6389,1700
4.6417,1729
4.6444,1753
4.6472,1745
4.6500,1767
4.6528,1786
4.6556,1800
4.6583,1808
4.6611,1811
4.6639,1799
4.6667,1797
4.6694,1807
4.6722,1806
4.6750,1804
4.6778,1818
4.6806,1818
4.6833,1820
4.6861,1811
4.6889,1829
4.6917,1829
4.6944,1821
4.6972,1813
4.7000,1825
4.7028,1824
4.7056,1816
4.7083,1794
4.7111,1761
4.7139,1740
4.7167,1735
4.7194,1736
4.7222,1725
4.7250,1694
4.7278,1679
4.7306,1680
4.7333,1690
4.7361,1694
4.7389,1722
4.7417,1723
4.7444,1721
4.7472,1735
4.7500,1760
4.7528,1764
4.7556,1760
4.7583,1764
4.7611,1776
4.7639,1771
4.7667,1758
4.7694,1761
4.7722,1751
4.7750,1749
4.7778,1748
4.7806,1756
4.7833,1752
4.7861,1754
4.7889,1765
4.7917,1763
4.7944,1733
4.7972,1688
4.8000,1648
4.8028,1622
4.8056,1609
4.8083,1620
4.8111,1681
4.8139,1735
4.8167,1812
4.8194,1931
4.8222,2129
4.8250,2364
4.8278,2603
4.8306,2793
4.8333,2836
4.8361,2656
4.8389,2381
4.8417,2128
4.8444,1957
4.8472,1893
4.8500,1918
4.8528,1960
4.8556,1996
4.8583,2010
4.8611,1963
4.8639,1880
4.8667,1784
4.8694,1739
4.8722,1721
4.8750,1702
4.8778,1717
4.8806,1722
4.8833,1736
4.8861,1715
4.8889,1692
4.8917,1691
4.8944,1694
4.8972,1720
4.9000,1781
4.9028,1796
4.9056,1779
4.9083,1742
4.9111,1715
4.9139,1700
4.9167,1713
4.9194,1741
4.9222,1764
4.9250,1753
4.9278,1738
4.9306,1725
4.9333,1714
4.9361,1714
4.9389,1725
4.9417,1751
4.9444,1757
4.9472,1752
4.9500,1751
4.9528,1730
4.9556,1719
4.9583,1751
4.9611,1772
4.9639,1750
4.9667,1719
4.9694,1732
4.9722,1752
4.9750,1783
4.9778,1823
4.9806,1859
4.9833,1856
4.9861,1854
4.9889,1852
4.9917,1848
4.9944,1846
4.9972,1853
5.0000,1851
5.0028,1871
5.0056,1857
5.0083,1845
5.0111,1844
5.0139,1842
5.0167,1827
5.0194,1836
5.0222,1979
5.0250,1949
5.0278,1934
5.0306,1916
5.0333,1878
5.0361,1860
5.0389,1863
5.0417,1868
5.0444,1881
5.0472,1873
5.0500,1855
5.0528,1808
5.0556,1783
5.0583,1798
5.0611,1811
5.0639,1796
5.0667,1774
5.0694,1743
5.0722,1708
5.0750,1676
5.0778,1678
5.0806,1737
5.0833,1767
5.0861,1777
5.0889,1764
5.0917,1746
5.0944,1736
5.0972,1727
5.1000,1727
5.1028,1736
5.1056,1740
5.1083,1743
5.1111,1753
5.1139,1751
5.1167,1757
5.1194,1781
5.1222,1782
5.1250,1762
5.1278,1742
5.1306,1717
5.1333,1693
5.1361,1707
5.1389,1738
5.1417,1757
5.1444,1750
5.1472,1738
5.1500,1727
5.1528,1732
5.1556,1731
5.1583,1743
5.1611,1741
5.1639,1739
5.1667,1726
5.1694,1728
5.1722,1731
5.1750,1715
5.1778,1739
5.1806,1787
5.1833,1812
5.1861,1806
5.1889,1792
5.1917,1781
5.1944,1766
5.1972,1771
5.2000,1780
5.2028,1775
5.2056,1759
5.2083,1763
5.2111,1753
5.2139,1750
5.2167,1743
5.2194,1749
5.2222,1758
5.2250,1762
5.2278,1766
5.2306,1738
5.2333,1685
5.2361,1668
5.2389,1708
5.2417,1760
5.2444,1793
5.2472,1822
5.2500,1830
5.2528,1801
5.2556,1776
5.2583,1768
5.2611,1772
5.2639,1769
5.2667,1748
5.2694,1743
5.2722,1724
5.2750,1735
5.2778,1766
5.2806,1804
5.2833,1823
5.2861,1812
5.2889,1821
5.2917,1820
5.2944,1788
5.2972,1779
5.3000,1793
5.3028,1794
5.3056,1797
5.3083,1811
5.3111,1825
5.3139,1844
5.3167,1833
5.3194,1835
5.3222,1821
5.3250,1795
5.3278,1771
5.3306,1742
5.3333,1720
5.3361,1714
5.3389,1732
5.3417,1745
5.3444,1734
5.3472,1724
5.3500,1719
5.3528,1725
5.3556,1741
5.3583,1772
5.3611,1757
5.3639,1736
5.3667,1715
5.3694,1705
5.3722,1715
5.3750,1707
5.3778,1729
5.3806,1744
5.3833,1761
5.3861,1732
5.3889,1732
5.3917,1737
5.3944,1744
5.3972,1750
5.4000,1747
5.4028,1744
5.4056,1746
5.4083,1755
5.4111,1748
5.4139,1724
5.4167,1693
5.4194,1651
5.4222,1623
5.4250,1610
5.4278,1633
5.4306,1687
5.4333,1720
5.4361,1769
5.4389,1844
5.4417,1983
5.4444,2190
5.4472,2452
5.4500,2665
5.4528,2752
5.4556,2667
5.4583,2448
5.4611,2217
5.4639,2020
5.4667,1918
5.4694,1896
5.4722,1901
5.4750,1904
5.4778,1920
5.4806,1916
5.4833,1863
5.4861,1784
5.4889,1713
5.4917,1655
5.4944,1633
5.4972,1674
5.5000,1725
5.5028,1743
5.5056,1732
5.5083,1736
5.5111,1728
5.5139,1722
5.5167,1713
5.5194,1725
5.5222,1714
5.5250,1708
5.5278,1700
5.5306,1698
5.5333,1687
5.5361,1709
5.5389,1739
5.5417,1757
5.5444,1744
5.5472,1730
5.5500,1725
5.5528,1724
5.5556,1722
5.5583,1731
5.5611,1740
5.5639,1733
5.5667,1732
5.5694,1737
5.5722,1732
5.5750,1715
5.5778,1712
5.5806,1721
5.5833,1735
5.5861,1729
5.5889,1733
5.5917,1722
5.5944,1719
5.5972,1728
5.6000,1752
5.6028,1762
5.6056,1767
5.6083,1782
5.6111,1772
5.6139,1758
5.6167,1761
5.6194,1773
5.6222,1784
5.6250,1795
5.6278,1835
5.6306,1847
5.6333,1835
5.6361,1841
5.6389,1854
5.6417,1955
5.6444,1921
5.6472,1885
5.6500,1847
5.6528,1842
5.6556,1844
5.6583,1856
5.6611,1849
5.6639,1829
5.6667,1809
5.6694,1786
5.6722,1772
5.6750,1763
5.6778,1770
5.6806,1785
5.6833,1753
5.6861,1721
5.6889,1693
5.6917,1668
5.6944,1656
5.6972,1668
5.7000,1680
5.7028,1695
5.7056,1718
5.7083,1728
5.7111,1704
5.7139,1682
5.7167,1693
5.7194,1709
5.7222,1723
5.7250,1720
5.7278,1730
5.7306,1720
5.7333,1704
5.7361,1722
5.7389,1720
5.7417,1728
5.7444,1724
5.7472,1732
5.7500,1716
5.7528,1698
5.7556,1687
5.7583,1712
5.7611,1709
5.7639,1704
5.7667,1678
5.7694,1646
5.7722,1626
5.7750,1622
5.7778,1631
5.7806,1648
5.7833,1669
5.7861,1700
5.7889,1716
5.7917,1716
5.7944,1726
5.7972,1724
5.8000,1711
5.8028,1696
5.8056,1687
5.8083,1705
5.8111,1703
5.8139,1694
5.8167,1697
5.8194,1721
5.8222,1739
5.8250,1748
5.8278,1744
5.8306,1738
5.8333,1718
5.8361,1725
5.8389,1753
5.8417,1751
5.8444,1731
5.8472,1715
5.8500,1707
5.8528,1695
5.8556,1692
5.8583,1697
5.8611,1706
5.8639,1711
5.8667,1708
5.8694,1704
5.8722,1697
5.8750,1703
5.8778,1724
5.8806,1735
5.8833,1711
5.8861,1695
5.8889,1688
5.8917,1688
5.8944,1706
5.8972,1726
5.9000,1734
5.9028,1718
5.9056,1695
5.9083,1675
5.9111,1664
5.9139,1670
5.9167,1687
5.9194,1720
5.9222,1740
5.9250,1747
5.9278,1737
5.9306,1713
5.9333,1699
5.9361,1700
5.9389,1700
5.9417,1697
5.9444,1715
5.9472,1722
5.9500,1722
5.9528,1724
5.9556,1729
5.9583,1745
5.9611,1759
5.9639,1733
5.9667,1727
5.9694,1720
5.9722,1715
5.9750,1702
5.9778,1698
5.9806,1691
5.9833,1695
5.9861,1682
5.9889,1689
5.9917,1697
5.9944,1709
5.9972,1722
6.0000,1737
6.0028,1752
6.0056,1764
6.0083,1775
6.0111,1748
6.0139,1707
6.0167,1720
6.0194,1750
6.0222,1756
6.0250,1763
6.0278,1789
6.0306,1802
6.0333,1817
6.0361,1819
6.0389,1827
6.0417,1806
6.0444,1796
6.0472,1782
6.0500,1767
6.0528,1739
6.0556,1739
6.0583,1728
6.0611,1709
6.0639,1688
6.0667,1677
6.0694,1675
6.0722,1672
6.0750,1684
6.0778,1715
6.0806,1728
6.0833,1728
6.0861,1709
6.0889,1698
6.0917,1679
6.0944,1656
6.0972,1658
6.1000,1689
6.1028,1710
6.1056,1733
6.1083,1735
6.1111,1724
6.1139,1689
6.1167,1680
6.1194,1673
6.1222,1686
6.1250,1708
6.1278,1727
6.1306,1738
6.1333,1713
6.1361,1687
6.1389,1655
6.1417,1634
6.1444,1621
6.1472,1653
6.1500,1703
6.1528,1771
6.1556,1855
6.1583,2007
6.1611,2222
6.1639,2464
6.1667,2670
6.1694,2766
6.1722,2655
6.1750,2403
6.1778,2172
6.1806,2010
6.1833,1912
6.1861,1889
6.1889,1912
6.1917,1920
6.1944,1902
6.1972,1878
6.2000,1814
6.2028,1735
6.2056,1678
6.2083,1665
6.2111,1670
6.2139,1692
6.2167,1733
6.2194,1745
6.2222,1713
6.2250,1682
6.2278,1692
6.2306,1701
6.2333,1705
6.2361,1701
6.2389,1736
6.2417,1719
6.2444,1713
6.2472,1704
6.2500,1682
6.2528,1661
6.2556,1671
6.2583,1697
6.2611,1718
6.2639,1717
6.2667,1704
6.2694,1682
6.2722,1673
6.2750,1696
6.2778,1695
6.2806,1690
6.2833,1697
6.2861,1712
6.2889,1703
6.2917,1710
6.2944,1723
6.2972,1761
6.3000,1764
6.3028,1748
6.3056,1731
6.3083,1734
6.3111,1723
6.3139,1740
6.3167,1782
6.3194,1820
6.3222,1834
6.3250,1823
6.3278,1811
6.3306,1793
6.3333,1792
6.3361,1777
6.3389,1774
6.3417,1790
6.3444,1794
6.3472,1796
6.3500,1793
6.3528,1790
6.3556,1799
6.3583,1891
6.3611,1875
6.3639,1848
6.3667,1836
6.3694,1827
6.3722,1833
6.3750,1859
6.3778,1870
6.3806,1855
6.3833,1830
6.3861,1825
6.3889,1786
6.3917,1766
6.3944,1757
6.3972,1766
6.4000,1776
6.4028,1779
6.4056,1790
6.4083,1789
6.4111,1759
6.4139,1743
6.4167,1755
6.4194,1776
6.4222,1764
6.4250,1738
6.4278,1697
6.4306,1683
6.4333,1682
6.4361,1705
6.4389,1727
6.4417,1717
6.4444,1697
6.4472,1681
6.4500,1679
6.4528,1695
6.4556,1729
6.4583,1755
6.4611,1745
6.4639,1717
6.4667,1685
6.4694,1655
6.4722,1638
6.4750,1660
6.4778,1691
6.4806,1719
6.4833,1707
6.4861,1705
6.4889,1695
6.4917,1702
6.4944,1720
6.4972,1755
6.5000,1768
6.5028,1752
6.5056,1747
6.5083,1731
6.5111,1698
6.5139,1684
6.5167,1686
6.5194,1720
6.5222,1742
6.5250,1765
6.5278,1758
6.5306,1737
6.5333,1713
6.5361,1725
6.5389,1726
6.5417,1718
6.5444,1721
6.5472,1730
6.5500,1723
6.5528,1696
6.5556,1693
6.5583,1706
6.5611,1679
6.5639,1661
6.5667,1640
6.5694,1636
6.5722,1645
6.5750,1691
6.5778,1761
6.5806,1773
6.5833,1729
6.5861,1696
6.5889,1690
6.5917,1704
6.5944,1734
6.5972,1766
6.6000,1778
6.6028,1780
6.6056,1773
6.6083,1757
6.6111,1729
6.6139,1691
6.6167,1692
6.6194,1693
6.6222,1701
6.6250,1702
6.6278,1730
6.6306,1739
6.6333,1729
6.6361,1719
6.6389,1699
6.6417,1676
6.6444,1672
6.6472,1685
6.6500,1706
6.6528,1709
6.6556,1715
6.6583,1693
6.6611,1672
6.6639,1659
6.6667,1676
6.6694,1687
6.6722,1706
6.6750,1699
6.6778,1689
6.6806,1677
6.6833,1677
6.6861,1666
6.6889,1676
6.6917,1662
6.6944,1648
6.6972,1646
6.7000,1635
6.7028,1614
6.7056,1607
6.7083,1607
6.7111,1617
6.7139,1602
6.7167,1599
6.7194,1618
6.7222,1657
6.7250,1656
6.7278,1662
6.7306,1661
6.7333,1658
6.7361,1671
6.7389,1672
6.7417,1655
6.7444,1634
6.7472,1621
6.7500,1602
6.7528,1611
6.7556,1649
6.7583,1654
6.7611,1643
6.7639,1669
6.7667,1730
6.7694,1750
6.7722,1725
6.7750,1709
6.7778,1702
6.7806,1686
6.7833,1641
6.7861,1613
6.7889,1579
6.7917,1533
6.7944,1497
6.7972,1476
6.8000,1441
6.8028,1413
6.8056,1420
6.8083,1426
6.8111,1404
6.8139,1371
6.8167,1360
6.8194,1349
6.8222,1322
6.8250,1301
6.8278,1246
6.8306,1223
6.8333,1275
6.8361,1283
6.8389,1255
6.8417,1199
6.8444,1158
6.8472,1126
6.8500,1032
6.8528,942
6.8556,963
6.8583,1140
6.8611,1250
6.8639,1245
6.8667,1189
6.8694,1149
6.8722,1145
6.8750,1224
6.8778,1395
6.8806,1480
6.8833,1459
6.8861,1460
6.8889,1577
6.8917,1892
6.8944,2258
6.8972,2514
6.9000,2559
6.9028,2385
6.9056,2112
6.9083,1824
6.9111,1579
6.9139,1425
6.9167,1370
6.9194,1376
6.9222,1385
6.9250,1404
6.9278,1424
6.9306,1424
6.9333,1363
6.9361,1271
6.9389,1190
6.9417,1140
6.9444,1135
6.9472,1118
6.9500,1088
6.9528,1086
6.9556,1086
6.9583,1085
6.9611,1084
6.9639,1096
6.9667,1120
6.9694,1128
6.9722,1110
6.9750,1108
6.9778,1095
6.9806,1090
6.9833,1099
6.9861,1149
6.9889,1176
6.9917,1156
6.9944,1113
6.9972,1065
7.0000,1033
7.0028,1014
7.0056,1027
7.0083,1059
7.0111,1055
7.0139,1006
7.0167,994
7.0194,998
7.0222,993
7.0250,1003
7.0278,997
7.0306,981
7.0333,968
7.0361,958
7.0389,977
7.0417,1014
7.0444,1047
7.0472,1065
7.0500,1081
7.0528,1069
7.0556,1041
7.0583,1021
7.0611,974
7.0639,948
7.0667,954
7.0694,969
7.0722,988
7.0750,1000
7.0778,1003
7.0806,973
7.0833,956
7.0861,952
7.0889,955
7.0917,978
7.0944,984
7.0972,985
7.1000,959
7.1028,952
7.1056,941
7.1083,912
7.1111,867
7.1139,826
7.1167,798
7.1194,768
7.1222,762
7.1250,794
7.1278,832
7.1306,833
7.1333,820
7.1361,827
7.1389,815
7.1417,796
7.1444,787
7.1472,803
7.1500,793
7.1528,755
7.1556,708
7.1583,669
7.1611,645
7.1639,673
7.1667,718
7.1694,742
7.1722,758
7.1750,778
7.1778,733
7.1806,656
7.1833,574
7.1861,511
7.1889,502
7.1917,561
7.1944,697
7.1972,770
7.2000,774
7.2028,726
7.2056,713
7.2083,733
7.2111,732
7.2139,741
7.2167,747
7.2194,740
7.2222,718
7.2250,733
7.2278,772
7.2306,794
7.2333,796
7.2361,773
7.2389,752
7.2417,732
7.2444,733
7.2472,732
7.2500,716
7.2528,704
7.2556,711
7.2583,738
7.2611,747
7.2639,737
7.2667,680
7.2694,628
7.2722,610
7.2750,636
7.2778,683
7.2806,725
7.2833,790
7.2861,837
7.2889,834
7.2917,818
7.2944,788
7.2972,740
7.3000,670
7.3028,634
7.3056,671
7.3083,730
7.3111,765
7.3139,789
7.3167,806
7.3194,811
7.3222,815
7.3250,814
7.3278,801
7.3306,754
7.3333,694
7.3361,680
7.3389,718
7.3417,773
7.3444,825
7.3472,869
7.3500,883
7.3528,899
7.3556,925
7.3583,933
7.3611,943
7.3639,948
7.3667,940
7.3694,877
7.3722,832
7.3750,823
7.3778,852
7.3806,877
7.3833,917
7.3861,946
7.3889,935
7.3917,920
7.3944,917
7.3972,899
7.4000,855
7.4028,838
7.4056,867
7.4083,915
7.4111,932
7.4139,923
7.4167,938
7.4194,971
7.4222,994
7.4250,989
7.4278,961
7.4306,986
7.4333,1039
7.4361,1077
7.4389,1092
7.4417,1110
7.4444,1146
7.4472,1190
7.4500,1204
7.4528,1212
7.4556,1186
7.4583,1141
7.4611,1086
7.4639,1093
7.4667,1146
7.4694,1169
7.4722,1186
7.4750,1186
7.4778,1160
7.4806,1136
7.4833,1154
7.4861,1169
7.4889,1176
7.4917,1160
7.4944,1161
7.4972,1171
7.5000,1187
7.5028,1197
7.5056,1223
7.5083,1265
7.5111,1279
7.5139,1259
7.5167,1217
7.5194,1203
7.5222,1217
7.5250,1270
7.5278,1280
7.5306,1256
7.5333,1267
7.5361,1340
7.5389,1411
7.5417,1446
7.5444,1437
7.5472,1378
7.5500,1305
7.5528,1273
7.5556,1292
7.5583,1329
7.5611,1361
7.5639,1398
7.5667,1454
7.5694,1513
7.5722,1633
7.5750,1847
7.5778,2126
7.5806,2399
7.5833,2601
7.5861,2603
7.5889,2395
7.5917,2120
7.5944,1863
7.5972,1705
7.6000,1665
7.6028,1716
7.6056,1800
7.6083,1835
7.6111,1830
7.6139,1790
7.6167,1730
7.6194,1661
7.6222,1620
7.6250,1622
7.6278,1609
7.6306,1598
7.6333,1604
7.6361,1594
7.6389,1597
7.6417,1571
7.6444,1584
7.6472,1616
7.6500,1633
7.6528,1667
7.6556,1680
7.6583,1700
7.6611,1713
7.6639,1722
7.6667,1715
7.6694,1737
7.6722,1780
7.6750,1850
7.6778,1885
7.6806,1881
7.6833,1886
7.6861,1893
7.6889,1854
7.6917,1825
7.6944,1811
7.6972,1823
7.7000,1831
7.7028,1850
7.7056,1899
7.7083,1944
7.7111,1970
7.7139,1978
7.7167,1963
7.7194,1933
7.7222,1929
7.7250,1952
7.7278,1962
7.7306,1992
7.7333,2049
7.7361,2111
7.7389,2142
7.7417,2140
7.7444,2117
7.7472,2094
7.7500,2104
7.7528,2136
7.7556,2194
7.7583,2224
7.7611,2193
7.7639,2167
7.7667,2178
7.7694,2201
7.7722,2217
7.7750,2443
7.7778,2430
7.7806,2394
7.7833,2410
7.7861,2439
7.7889,2465
7.7917,2504
7.7944,2511
7.7972,2471
7.8000,2413
7.8028,2369
7.8056,2366
7.8083,2371
7.8111,2379
7.8139,2410
7.8167,2450
7.8194,2476
7.8222,2478
7.8250,2448
7.8278,2402
7.8306,2364
7.8333,2355
7.8361,2358
7.8389,2368
7.8417,2357
7.8444,2354
7.8472,2345
7.8500,2358
7.8528,2382
7.8556,2413
7.8583,2403
7.8611,2383
7.8639,2383
7.8667,2389
7.8694,2382
7.8722,2377
7.8750,2386
7.8778,2398
7.8806,2381
7.8833,2393
7.8861,2399
7.8889,2397
7.8917,2433
7.8944,2459
7.8972,2478
7.9000,2462
7.9028,2458
7.9056,2461
7.9083,2468
7.9111,2489
7.9139,2517
7.9167,2536
7.9194,2528
7.9222,2506
7.9250,2465
7.9278,2445
7.9306,2447
7.9333,2484
7.9361,2504
7.9389,2512
7.9417,2500
7.9444,2503
7.9472,2518
7.9500,2507
7.9528,2497
7.9556,2497
7.9583,2478
7.9611,2485
7.9639,2489
7.9667,2486
7.9694,2474
7.9722,2478
7.9750,2492
7.9778,2522
7.9806,2516
7.9833,2537
7.9861,2526
7.9889,2511
7.9917,2520
7.9944,2549
7.9972,2545
8.0000,2509
8.0028,2473
8.0056,2485
8.0083,2508
8.0111,2513
8.0139,2513
8.0167,2513
8.0194,2500
8.0222,2491
8.0250,2500
8.0278,2483
8.0306,2467
8.0333,2463
8.0361,2464
8.0389,2467
8.0417,2483
8.0444,2503
8.0472,2509
8.0500,2504
8.0528,2489
8.0556,2463
8.0583,2446
8.0611,2422
8.0639,2400
8.0667,2389
8.0694,2415
8.0722,2464
8.0750,2508
8.0778,2533
8.0806,2550
8.0833,2556
8.0861,2543
8.0889,2477
8.0917,2401
8.0944,2365
8.0972,2380
8.1000,2412
8.1028,2447
8.1056,2459
8.1083,2446
8.1111,2396
8.1139,2365
8.1167,2384
8.1194,2422
8.1222,2474
8.1250,2491
8.1278,2472
8.1306,2423
8.1333,2418
8.1361,2442
8.1389,2461
8.1417,2493
8.1444,2533
8.1472,2514
8.1500,2454
8.1528,2403
8.1556,2375
8.1583,2367
8.1611,2367
8.1639,2371
8.1667,2369
8.1694,2389
8.1722,2391
8.1750,2395
8.1778,2374
8.1806,2347
8.1833,2331
8.1861,2296
8.1889,2286
8.1917,2257
8.1944,2250
8.1972,2260
8.2000,2257
8.2028,2256
8.2056,2251
8.2083,2231
8.2111,2209
8.2139,2239
8.2167,2270
8.2194,2267
8.2222,2270
8.2250,2260
8.2278,2261
8.2306,2252
8.2333,2256
8.2361,2266
8.2389,2232
8.2417,2169
8.2444,2118
8.2472,2064
8.2500,2031
8.2528,2041
8.2556,2111
8.2583,2173
8.2611,2219
8.2639,2280
8.2667,2378
8.2694,2527
8.2722,2751
8.2750,2990
8.2778,3179
8.2806,3228
8.2833,3106
8.2861,2861
8.2889,2614
8.2917,2429
8.2944,2345
8.2972,2314
8.3000,2307
8.3028,2286
8.3056,2278
8.3083,2237
8.3111,2176
8.3139,2140
8.3167,2109
8.3194,2091
8.3222,2080
8.3250,2078
8.3278,2071
8.3306,2045
8.3333,2031
8.3361,2038
8.3389,2034
8.3417,2045
8.3444,2078
8.3472,2089
8.3500,2067
8.3528,2066
8.3556,2044
8.3583,2022
8.3611,2014
8.3639,2025
8.3667,2033
8.3694,2031
8.3722,2027
8.3750,2028
8.3778,2008
8.3806,2012
8.3833,2010
8.3861,2007
8.3889,2007
8.3917,1994
8.3944,1985
8.3972,1974
8.4000,1950
8.4028,1940
8.4056,1962
8.4083,2002
8.4111,2033
8.4139,2059
8.4167,2045
8.4194,2004
8.4222,1966
8.4250,1986
8.4278,2025
8.4306,2053
8.4333,2074
8.4361,2069
8.4389,2043
8.4417,2045
8.4444,2056
8.4472,2079
8.4500,2080
8.4528,2076
8.4556,2063
8.4583,2035
8.4611,2010
8.4639,2020
8.4667,2049
8.4694,2051
8.4722,2076
8.4750,2066
8.4778,2044
8.4806,2044
8.4833,2058
8.4861,2053
8.4889,2037
8.4917,2027
8.4944,2015
8.4972,1982
8.5000,1955
8.5028,1933
8.5056,1925
8.5083,1904
8.5111,1901
8.5139,1899
8.5167,1896
8.5194,1876
8.5222,1855
8.5250,1847
8.5278,1847
8.5306,1854
8.5333,1876
8.5361,1881
8.5389,1854
8.5417,1834
8.5444,1813
8.5472,1802
8.5500,1795
8.5528,1812
8.5556,1818
8.5583,1826
8.5611,1835
8.5639,1839
8.5667,1837
8.5694,1831
8.5722,1828
8.5750,1825
8.5778,1813
8.5806,1809
8.5833,1808
8.5861,1811
8.5889,1788
8.5917,1790
8.5944,1806
8.5972,1819
8.6000,1813
8.6028,1806
8.6056,1798
8.6083,1809
8.6111,1824
8.6139,1848
8.6167,1848
8.6194,1826
8.6222,1820
8.6250,1822
8.6278,1825
8.6306,1839
8.6333,1884
8.6361,1893
8.6389,1890
8.6417,1882
8.6444,1885
8.6472,1890
8.6500,1881
8.6528,1882
8.6556,1894
8.6583,1879
8.6611,1853
8.6639,1845
8.6667,1824
8.6694,1816
8.6722,1820
8.6750,1834
8.6778,1839
8.6806,1824
8.6833,1824
8.6861,1804
8.6889,1785
8.6917,1789
8.6944,1823
8.6972,1836
8.7000,1836
8.7028,1831
8.7056,1822
8.7083,1803
8.7111,1796
8.7139,1802
8.7167,1784
8.7194,1773
8.7222,1781
8.7250,1790
8.7278,1779
8.7306,1779
8.7333,1758
8.7361,1745
8.7389,1725
8.7417,1720
8.7444,1729
8.7472,1725
8.7500,1718
8.7528,1729
8.7556,1737
8.7583,1729
8.7611,1721
8.7639,1736
8.7667,1749
8.7694,1766
8.7722,1793
8.7750,1807
8.7778,1781
8.7806,1771
8.7833,1754
8.7861,1755
8.7889,1729
8.7917,1757
8.7944,1764
8.7972,1774
8.8000,1765
8.8028,1763
8.8056,1767
8.8083,1768
8.8111,1790
8.8139,1785
8.8167,1770
8.8194,1750
8.8222,1740
8.8250,1727
8.8278,1702
8.8306,1676
8.8333,1666
8.8361,1654
8.8389,1637
8.8417,1643
8.8444,1650
8.8472,1636
8.8500,1634
8.8528,1636
8.8556,1650
8.8583,1643
8.8611,1648
8.8639,1663
8.8667,1682
8.8694,1687
8.8722,1673
8.8750,1629
8.8778,1585
8.8806,1572
8.8833,1608
8.8861,1631
8.8889,1647
8.8917,1645
8.8944,1651
8.8972,1643
8.9000,1622
8.9028,1593
8.9056,1565
8.9083,1559
8.9111,1567
8.9139,1605
8.9167,1620
8.9194,1649
8.9222,1708
8.9250,1826
8.9278,2029
8.9306,2275
8.9333,2504
8.9361,2574
8.9389,2456
8.9417,2269
8.9444,2084
8.9472,1944
8.9500,1878
8.9528,1859
8.9556,1853
8.9583,1862
8.9611,1871
8.9639,1853
8.9667,1806
8.9694,1724
8.9722,1637
8.9750,1583
8.9778,1559
8.9806,1586
8.9833,1631
8.9861,1632
8.9889,1604
8.9917,1569
8.9944,1559
8.9972,1570
9.0000,1574
9.0028,1585
9.0056,1596
9.0083,1582
9.0111,1560
9.0139,1523
9.0167,1535
9.0194,1556
9.0222,1600
9.0250,1636
9.0278,1636
9.0306,1620
9.0333,1592
9.0361,1589
9.0389,1588
9.0417,1607
9.0444,1630
9.0472,1613
9.0500,1604
9.0528,1601
9.0556,1599
9.0583,1620
9.0611,1620
9.0639,1616
9.0667,1597
9.0694,1568
9.0722,1567
9.0750,1580
9.0778,1573
9.0806,1587
9.0833,1592
9.0861,1591
9.0889,1614
9.0917,1655
9.0944,1655
9.0972,1605
9.1000,1567
9.1028,1585
9.1056,1619
9.1083,1627
9.1111,1653
9.1139,1681
9.1167,1699
9.1194,1716
9.1222,1727
9.1250,1770
9.1278,1782
9.1306,1775
9.1333,1778
9.1361,1776
9.1389,1776
9.1417,1758
9.1444,1736
9.1472,1724
9.1500,1718
9.1528,1721
9.1556,1687
9.1583,1677
9.1611,1691
9.1639,1730
9.1667,1722
9.1694,1725
9.1722,1729
9.1750,1723
9.1778,1684
9.1806,1662
9.1833,1655
9.1861,1628
9.1889,1639
9.1917,1654
9.1944,1655
9.1972,1645
9.2000,1615
9.2028,1604
9.2056,1604
9.2083,1631
9.2111,1654
9.2139,1661
9.2167,1657
9.2194,1664
9.2222,1668
9.2250,1661
9.2278,1623
9.2306,1611
9.2333,1615
9.2361,1632
9.2389,1638
9.2417,1659
9.2444,1663
9.2472,1658
9.2500,1653
9.2528,1661
9.2556,1667
9.2583,1660
9.2611,1679
9.2639,1677
9.2667,1672
9.2694,1673
9.2722,1680
9.2750,1680
9.2778,1679
9.2806,1679
9.2833,1653
9.2861,1600
9.2889,1563
9.2917,1561
9.2944,1619
9.2972,1661
9.3000,1698
9.3028,1718
9.3056,1709
9.3083,1682
9.3111,1670
9.3139,1651
9.3167,1626
9.3194,1627
9.3222,1632
9.3250,1647
9.3278,1646
9.3306,1675
9.3333,1680
9.3361,1668
9.3389,1625
9.3417,1609
9.3444,1624
9.3472,1666
9.3500,1707
9.3528,1712
9.3556,1703
9.3583,1673
9.3611,1676
9.3639,1692
9.3667,1707
9.3694,1715
9.3722,1692
9.3750,1689
9.3778,1682
9.3806,1668
9.3833,1669
9.3861,1669
9.3889,1646
9.3917,1620
9.3944,1638
9.3972,1654
9.4000,1653
9.4028,1596
9.4056,1458
9.4083,1356
9.4111,1317
9.4139,1306
9.4167,1319
9.4194,1377
9.4222,1508
9.4250,1670
9.4278,1763
9.4306,1772
9.4333,1698
9.4361,1594
9.4389,1529
9.4417,1536
9.4444,1577
9.4472,1637
9.4500,1734
9.4528,1791
9.4556,1773
9.4583,1706
9.4611,1650
9.4639,1612
9.4667,1585
9.4694,1600
9.4722,1602
9.4750,1554
9.4778,1483
9.4806,1475
9.4833,1465
9.4861,1432
9.4889,1413
9.4917,1416
9.4944,1456
9.4972,1522
9.5000,1564
9.5028,1541
9.5056,1484
9.5083,1456
9.5111,1532
9.5139,1835
9.5167,2324
9.5194,2805
9.5222,3062
9.5250,2991
9.5278,2665
9.5306,2229
9.5333,1793
9.5361,1486
9.5389,1436
9.5417,1636
9.5444,1835
9.5472,1928
9.5500,1932
9.5528,1835
9.5556,1668
9.5583,1510
9.5611,1396
9.5639,1273
9.5667,1266
9.5694,1465
9.5722,1642
9.5750,1616
9.5778,1482
9.5806,1405
9.5833,1403
9.5861,1404
9.5889,1360
9.5917,1176
9.5944,953
9.5972,964
9.6000,1253
9.6028,1547
9.6056,1687
9.6083,1694
9.6111,1740
9.6139,1795
9.6167,1748
9.6194,1662
9.6222,1583
9.6250,1445
9.6278,1279
9.6306,1188
9.6333,1309
9.6361,1572
9.6389,1769
9.6417,1858
9.6444,1814
9.6472,1723
9.6500,1639
9.6528,1583
9.6556,1545
9.6583,1497
9.6611,1442
9.6639,1416
9.6667,1430
9.6694,1489
9.6722,1528
9.6750,1515
9.6778,1435
9.6806,1351
9.6833,1324
9.6861,1354
9.6889,1475
9.6917,1643
9.6944,1748
9.6972,1773
9.7000,1737
9.7028,1685
9.7056,1652
9.7083,1635
9.7111,1652
9.7139,1633
9.7167,1607
9.7194,1533
9.7222,1522
9.7250,1536
9.7278,1543
9.7306,1595
9.7333,1632
9.7361,1624
9.7389,1611
9.7417,1561
9.7444,1507
9.7472,1450
9.7500,1422
9.7528,1484
9.7556,1594
9.7583,1642
9.7611,1639
9.7639,1588
9.7667,1476
9.7694,1378
9.7722,1293
9.7750,1295
9.7778,1378
9.7806,1468
9.7833,1491
9.7861,1444
9.7889,1449
9.7917,1565
9.7944,1632
9.7972,1443
9.8000,1150
9.8028,911
9.8056,847
9.8083,1026
9.8111,1375
9.8139,1660
9.8167,1746
9.8194,1669
9.8222,1568
9.8250,1498
9.8278,1478
9.8306,1483
9.8333,1508
9.8361,1523
9.8389,1479
9.8417,1395
9.8444,1246
9.8472,1085
9.8500,1085
9.8528,1290
9.8556,1538
9.8583,1714
9.8611,1801
9.8639,1816
9.8667,1743
9.8694,1668
9.8722,1593
9.8750,1501
9.8778,1411
9.8806,1377
9.8833,1404
9.8861,1457
9.8889,1497
9.8917,1518
9.8944,1516
9.8972,1504
9.9000,1491
9.9028,1445
9.9056,1416
9.9083,1431
9.9111,1508
9.9139,1544
9.9167,1576
9.9194,1604
9.9222,1613
9.9250,1609
9.9278,1596
9.9306,1588
9.9333,1605
9.9361,1599
9.9389,1617
9.9417,1613
9.9444,1593
9.9472,1567
9.9500,1552
9.9528,1544
9.9556,1548
9.9583,1567
9.9611,1598
9.9639,1611
9.9667,1612
9.9694,1615
9.9722,1607
9.9750,1582
9.9778,1539
9.9806,1507
9.9833,1503
9.9861,1485
9.9889,1497
9.9917,1498
9.9944,1493
9.9972,1469
10.0000,1469
10.0028,1474
10.0056,1475
10.0083,1477
10.0111,1497
10.0139,1502
10.0167,1474
10.0194,1457
10.0222,1462
10.0250,1478
10.0278,1514
10.0306,1562
10.0333,1587
10.0361,1579
10.0389,1567
10.0417,1581
10.0444,1589
10.0472,1617
10.0500,1628
10.0528,1631
10.0556,1596
10.0583,1584
10.0611,1570
10.0639,1561
10.0667,1557
10.0694,1548
10.0722,1536
10.0750,1523
10.0778,1530
10.0806,1521
10.0833,1537
10.0861,1590
10.0889,1679
10.0917,1803
10.0944,2000
10.0972,2227
10.1000,2433
10.1028,2513
10.1056,2384
10.1083,2162
10.1111,1972
10.1139,1842
10.1167,1766
10.1194,1762
10.1222,1771
10.1250,1772
10.1278,1780
10.1306,1785
10.1333,1755
10.1361,1675
10.1389,1610
10.1417,1589
10.1444,1597
10.1472,1612
10.1500,1627
10.1528,1647
10.1556,1656
10.1583,1660
10.1611,1656
10.1639,1656
10.1667,1662
10.1694,1683
10.1722,1688
10.1750,1668
10.1778,1653
10.1806,1649
10.1833,1665
10.1861,1691
10.1889,1706
10.1917,1719
10.1944,1701
10.1972,1656
10.2000,1605
10.2028,1595
10.2056,1627
10.2083,1686
10.2111,1723
10.2139,1738
10.2167,1728
10.2194,1724
10.2222,1759
10.2250,1763
10.2278,1743
10.2306,1708
10.2333,1667
10.2361,1622
10.2389,1637
10.2417,1686
10.2444,1753
10.2472,1787
10.2500,1804
10.2528,1800
10.2556,1754
10.2583,1699
10.2611,1683
10.2639,1668
10.2667,1703
10.2694,1756
10.2722,1780
10.2750,1761
10.2778,1755
10.2806,1764
10.2833,1780
10.2861,1829
10.2889,1900
10.2917,1963
10.2944,1978
10.2972,1969
10.3000,1964
10.3028,1952
10.3056,1920
10.3083,1893
10.3111,1881
10.3139,1871
10.3167,1892
10.3194,1926
10.3222,1948
10.3250,1935
10.3278,1913
10.3306,1909
10.3333,1882
10.3361,1816
10.3389,1784
10.3417,1857
10.3444,1955
10.3472,2018
10.3500,2033
10.3528,2012
10.3556,1988
10.3583,1981
10.3611,1984
10.3639,1999
10.3667,1985
10.3694,1989
10.3722,2005
10.3750,1970
10.3778,1933
10.3806,1921
10.3833,1920
10.3861,1913
10.3889,1932
10.3917,1951
10.3944,1945
10.3972,1925
10.4000,1924
10.4028,1941
10.4056,1937
10.4083,1931
10.4111,1916
10.4139,1886
10.4167,1855
10.4194,1859
10.4222,1872
10.4250,1887
10.4278,1905
10.4306,1938
10.4333,1942
10.4361,1937
10.4389,1906
10.4417,1887
10.4444,1883
10.4472,1897
10.4500,1934
10.4528,1964
10.4556,1963
10.4583,1946
10.4611,1941
10.4639,1912
10.4667,1911
10.4694,1933
10.4722,1961
10.4750,1959
10.4778,1940
10.4806,1935
10.4833,1940
10.4861,1942
10.4889,1946
10.4917,1972
10.4944,1980
10.4972,1966
10.5000,1947
10.5028,1933
10.5056,1920
10.5083,1929
10.5111,1939
10.5139,1956
10.5167,1966
10.5194,1969
10.5222,1963
10.5250,1939
10.5278,1907
10.5306,1912
10.5333,1940
10.5361,1951
10.5389,1947
10.5417,1953
10.5444,1937
10.5472,1918
10.5500,1951
10.5528,1978
10.5556,1977
10.5583,1976
10.5611,1988
10.5639,1968
10.5667,1938
10.5694,1921
10.5722,1940
10.5750,1961
10.5778,1984
10.5806,2005
10.5833,2012
10.5861,1989
10.5889,1975
10.5917,1969
10.5944,1935
10.5972,1903
10.6000,1886
10.6028,1872
10.6056,1844
10.6083,1818
10.6111,1789
10.6139,1756
10.6167,1729
10.6194,1747
10.6222,1772
10.6250,1779
10.6278,1806
10.6306,1840
10.6333,1853
10.6361,1833
10.6389,1818
10.6417,1818
10.6444,1795
10.6472,1784
10.6500,1789
10.6528,1820
10.6556,1823
10.6583,1827
10.6611,1809
10.6639,1795
10.6667,1786
10.6694,1784
10.6722,1799
10.6750,1804
10.6778,1801
10.6806,1780
10.6833,1744
10.6861,1688
10.6889,1655
10.6917,1652
10.6944,1668
10.6972,1695
10.7000,1735
10.7028,1823
10.7056,1934
10.7083,2135
10.7111,2430
10.7139,2754
10.7167,3014
10.7194,3086
10.7222,2922
10.7250,2615
10.7278,2312
10.7306,2105
10.7333,1990
10.7361,1949
10.7389,1953
10.7417,1979
10.7444,1975
10.7472,1926
10.7500,1837
10.7528,1738
10.7556,1673
10.7583,1632
10.7611,1636
10.7639,1658
10.7667,1675
10.7694,1702
10.7722,1702
10.7750,1678
10.7778,1638
10.7806,1619
10.7833,1608
10.7861,1622
10.7889,1633
10.7917,1640
10.7944,1610
10.7972,1593
10.8000,1592
10.8028,1602
10.8056,1623
10.8083,1647
10.8111,1660
10.8139,1644
10.8167,1619
10.8194,1612
10.8222,1626
10.8250,1633
10.8278,1634
10.8306,1641
10.8333,1642
10.8361,1620
10.8389,1603
10.8417,1582
10.8444,1577
10.8472,1589
10.8500,1611
10.8528,1627
10.8556,1635
10.8583,1627
10.8611,1618
10.8639,1604
10.8667,1597
10.8694,1611
10.8722,1625
10.8750,1626
10.8778,1641
10.8806,1647
10.8833,1636
10.8861,1630
10.8889,1631
10.8917,1637
10.8944,1638
10.8972,1614
10.9000,1620
10.9028,1620
10.9056,1612
10.9083,1620
10.9111,1627
10.9139,1605
10.9167,1588
10.9194,1574
10.9222,1562
10.9250,1547
10.9278,1545
10.9306,1544
10.9333,1524
10.9361,1489
10.9389,1469
10.9417,1476
10.9444,1482
10.9472,1504
10.9500,1519
10.9528,1510
10.9556,1473
10.9583,1446
10.9611,1442
10.9639,1426
10.9667,1439
10.9694,1468
10.9722,1491
10.9750,1476
10.9778,1461
10.9806,1456
10.9833,1441
10.9861,1434
10.9889,1428
10.9917,1423
10.9944,1410
10.9972,1403
11.0000,1413
11.0028,1415
11.0056,1425
11.0083,1429
11.0111,1445
11.0139,1429
11.0167,1416
11.0194,1400
11.0222,1367
11.0250,1350
11.0278,1355
11.0306,1405
11.0333,1427
11.0361,1448
11.0389,1457
11.0417,1451
11.0444,1416
11.0472,1406
11.0500,1416
11.0528,1415
11.0556,1428
11.0583,1448
11.0611,1465
11.0639,1453
11.0667,1450
11.0694,1444
11.0722,1431
11.0750,1414
11.0778,1409
11.0806,1407
11.0833,1408
11.0861,1414
11.0889,1446
11.0917,1446
11.0944,1429
11.0972,1432
11.1000,1434
11.1028,1446
11.1056,1452
11.1083,1467
11.1111,1464
11.1139,1438
11.1167,1420
11.1194,1433
11.1222,1435
11.1250,1439
11.1278,1480
11.1306,1500
11.1333,1495
11.1361,1470
11.1389,1454
11.1417,1438
11.1444,1405
11.1472,1394
11.1500,1388
11.1528,1389
11.1556,1390
11.1583,1380
11.1611,1350
11.1639,1312
11.1667,1310
11.1694,1325
11.1722,1352
11.1750,1353
11.1778,1358
11.1806,1355
11.1833,1339
11.1861,1322
11.1889,1309
11.1917,1298
11.1944,1295
11.1972,1299
11.2000,1316
11.2028,1324
11.2056,1323
11.2083,1333
11.2111,1330
11.2139,1324
11.2167,1324
11.2194,1312
11.2222,1306
11.2250,1275
11.2278,1287
11.2306,1322
11.2333,1320
11.2361,1302
11.2389,1249
11.2417,1227
11.2444,1206
11.2472,1236
11.2500,1293
11.2528,1361
11.2556,1424
11.2583,1575
11.2611,1823
11.2639,2156
11.2667,2534
11.2694,2827
11.2722,2929
11.2750,2740
11.2778,2370
11.2806,1996
11.2833,1698
11.2861,1555
11.2889,1547
11.2917,1540
11.2944,1536
11.2972,1518
11.3000,1476
11.3028,1423
11.3056,1356
11.3083,1312
11.3111,1285
11.3139,1284
11.3167,1297
11.3194,1308
11.3222,1313
11.3250,1294
11.3278,1292
11.3306,1301
11.3333,1310
11.3361,1330
11.3389,1371
11.3417,1377
11.3444,1369
11.3472,1341
11.3500,1320
11.3528,1313
11.3556,1319
11.3583,1339
11.3611,1352
11.3639,1344
11.3667,1330
11.3694,1315
11.3722,1315
11.3750,1305
11.3778,1307
11.3806,1322
11.3833,1344
11.3861,1366
11.3889,1378
11.3917,1367
11.3944,1355
11.3972,1356
11.4000,1379
11.4028,1380
11.4056,1387
11.4083,1392
11.4111,1411
11.4139,1416
11.4167,1427
11.4194,1423
11.4222,1428
11.4250,1420
11.4278,1424
11.4306,1443
11.4333,1450
11.4361,1456
11.4389,1461
11.4417,1454
11.4444,1438
11.4472,1445
11.4500,1446
11.4528,1460
11.4556,1453
11.4583,1457
11.4611,1504
11.4639,1529
11.4667,1548
11.4694,1543
11.4722,1540
11.4750,1542
11.4778,1539
11.4806,1536
11.4833,1518
11.4861,1505
11.4889,1507
11.4917,1500
11.4944,1500
11.4972,1496
11.5000,1500
11.5028,1502
11.5056,1493
11.5083,1497
11.5111,1504
11.5139,1501
11.5167,1508
11.5194,1506
11.5222,1503
11.5250,1483
11.5278,1486
11.5306,1499
11.5333,1506
11.5361,1529
11.5389,1532
11.5417,1522
11.5444,1497
11.5472,1488
11.5500,1506
11.5528,1522
11.5556,1545
11.5583,1576
11.5611,1577
11.5639,1552
11.5667,1539
11.5694,1542
11.5722,1519
11.5750,1499
11.5778,1500
11.5806,1520
11.5833,1541
11.5861,1551
11.5889,1562
11.5917,1578
11.5944,1589
11.5972,1600
11.6000,1596
11.6028,1592
11.6056,1586
11.6083,1592
11.6111,1590
11.6139,1596
11.6167,1605
11.6194,1605
11.6222,1602
11.6250,1589
11.6278,1597
11.6306,1600
11.6333,1598
11.6361,1601
11.6389,1608
11.6417,1602
11.6444,1587
11.6472,1590
11.6500,1601
11.6528,1621
11.6556,1643
11.6583,1656
11.6611,1650
11.6639,1636
11.6667,1620
11.6694,1614
11.6722,1612
11.6750,1623
11.6778,1670
11.6806,1696
11.6833,1709
11.6861,1726
11.6889,1728
11.6917,1716
11.6944,1705
11.6972,1687
11.7000,1674
11.7028,1681
11.7056,1701
11.7083,1740
11.7111,1751
11.7139,1754
11.7167,1760
11.7194,1765
11.7222,1748
11.7250,1742
11.7278,1742
11.7306,1741
11.7333,1708
11.7361,1682
11.7389,1670
11.7417,1661
11.7444,1652
11.7472,1663
11.7500,1673
11.7528,1686
11.7556,1687
11.7583,1691
11.7611,1687
11.7639,1666
11.7667,1660
11.7694,1668
11.7722,1659
11.7750,1646
11.7778,1656
11.7806,1674
11.7833,1660
11.7861,1673
11.7889,1667
11.7917,1694
11.7944,1689
11.7972,1702
11.8000,1714
11.8028,1713
11.8056,1732
11.8083,1750
11.8111,1748
11.8139,1713
11.8167,1695
11.8194,1650
11.8222,1614
11.8250,1576
11.8278,1592
11.8306,1632
11.8333,1681
11.8361,1762
11.8389,1864
11.8417,2030
11.8444,2287
11.8472,2613
11.8500,2929
11.8528,3129
11.8556,3119
11.8583,2904
11.8611,2566
11.8639,2259
11.8667,2066
11.8694,1967
11.8722,1929
11.8750,1929
11.8778,1925
11.8806,1884
11.8833,1825
11.8861,1786
11.8889,1772
11.8917,1764
11.8944,1740
11.8972,1751
11.9000,1773
11.9028,1775
11.9056,1788
11.9083,1794
11.9111,1787
11.9139,1762
11.9167,1754
11.9194,1759
11.9222,1751
11.9250,1739
11.9278,1755
11.9306,1754
11.9333,1720
11.9361,1706
11.9389,1712
11.9417,1728
11.9444,1720
11.9472,1728
11.9500,1704
11.9528,1663
11.9556,1652
11.9583,1689
11.9611,1739
11.9639,1774
11.9667,1778
11.9694,1771
11.9722,1749
11.9750,1752
11.9778,1757
11.9806,1764
11.9833,1764
11.9861,1745
11.9889,1737
11.9917,1742
11.9944,1765
11.9972,1795
12.0000,1824
12.0028,1833
12.0056,1820
12.0083,1818
12.0111,1803
12.0139,1779
12.0167,1775
12.0194,1798
12.0222,1824
12.0250,1845
12.0278,1858
12.0306,1853
12.0333,1833
12.0361,1827
12.0389,1836
12.0417,1850
12.0444,1882
12.0472,1892
12.0500,1899
12.0528,1902
12.0556,1905
12.0583,1895
12.0611,1858
12.0639,1831
12.0667,1838
12.0694,1847
12.0722,1847
12.0750,1844
12.0778,1848
12.0806,1838
12.0833,1833
12.0861,1837
12.0889,1825
12.0917,1815
12.0944,1818
12.0972,1815
12.1000,1807
12.1028,1801
12.1056,1791
12.1083,1807
12.1111,1798
12.1139,1800
12.1167,1811
12.1194,1834
12.1222,1840
12.1250,1836
12.1278,1852
12.1306,1850
12.1333,1848
12.1361,1842
12.1389,1858
12.1417,1851
12.1444,1845
12.1472,1838
12.1500,1845
12.1528,1825
12.1556,1796
12.1583,1773
12.1611,1772
12.1639,1792
12.1667,1820
12.1694,1830
12.1722,1828
12.1750,1833
12.1778,1847
12.1806,1863
12.1833,1856
12.1861,1851
12.1889,1854
12.1917,1843
12.1944,1840
12.1972,1842
12.2000,1848
12.2028,1856
12.2056,1889
12.2083,1879
12.2111,1873
12.2139,1859
12.2167,1872
12.2194,1864
12.2222,1848
12.2250,1866
12.2278,1892
12.2306,1901
12.2333,1893
12.2361,1908
12.2389,1944
12.2417,1949
12.2444,1942
12.2472,1947
12.2500,1951
12.2528,1943
12.2556,1947
12.2583,1943
12.2611,1940
12.2639,1938
12.2667,1958
12.2694,1976
12.2722,1985
12.2750,1988
12.2778,2002
12.2806,2001
12.2833,1978
12.2861,1997
12.2889,1996
12.2917,1975
12.2944,1946
12.2972,1918
12.3000,1885
12.3028,1865
12.3056,1864
12.3083,1863
12.3111,1879
12.3139,1878
12.3167,1880
12.3194,1867
12.3222,1860
12.3250,1856
12.3278,1859
12.3306,1845
12.3333,1856
12.3361,1859
12.3389,1864
12.3417,1864
12.3444,1873
12.3472,1890
12.3500,1882
12.3528,1876
12.3556,1904
12.3583,1930
12.3611,1938
12.3639,1920
12.3667,1928
12.3694,1921
12.3722,1908
12.3750,1897
12.3778,1895
12.3806,1891
12.3833,1883
12.3861,1844
12.3889,1821
12.3917,1807
12.3944,1826
12.3972,1864
12.4000,1890
12.4028,1931
12.4056,2007
12.4083,2121
12.4111,2303
12.4139,2556
12.4167,2770
12.4194,2836
12.4222,2724
12.4250,2554
12.4278,2395
12.4306,2311
12.4333,2269
12.4361,2258
12.4389,2228
12.4417,2211
12.4444,2211
12.4472,2189
12.4500,2146
12.4528,2068
12.4556,1995
12.4583,1944
12.4611,1922
12.4639,1912
12.4667,1919
12.4694,1915
12.4722,1893
12.4750,1872
12.4778,1875
12.4806,1887
12.4833,1893
12.4861,1903
12.4889,1912
12.4917,1909
12.4944,1898
12.4972,1877
12.5000,1874
12.5028,1877
12.5056,1892
12.5083,1897
12.5111,1868
12.5139,1859
12.5167,1852
12.5194,1866
12.5222,1859
12.5250,1876
12.5278,1889
12.5306,1893
12.5333,1888
12.5361,1898
12.5389,1896
12.5417,1880
12.5444,1884
12.5472,1886
12.5500,1894
12.5528,1884
12.5556,1888
12.5583,1901
12.5611,1917
12.5639,1927
12.5667,1955
12.5694,1957
12.5722,1941
12.5750,1937
12.5778,1959
12.5806,1952
12.5833,1961
12.5861,1965
12.5889,1977
12.5917,1977
12.5944,1977
12.5972,1968
12.6000,1963
12.6028,1960
12.6056,1968
12.6083,2033
12.6111,2006
12.6139,2007
12.6167,2005
12.6194,1985
12.6222,1977
12.6250,2000
12.6278,2033
12.6306,2029
12.6333,2011
12.6361,1996
12.6389,1968
12.6417,1948
12.6444,1953
12.6472,1957
12.6500,1966
12.6528,1947
12.6556,1935
12.6583,1924
12.6611,1920
12.6639,1925
12.6667,1935
12.6694,1932
12.6722,1913
12.6750,1904
12.6778,1889
12.6806,1878
12.6833,1882
12.6861,1906
12.6889,1929
12.6917,1919
12.6944,1904
12.6972,1901
12.7000,1902
12.7028,1922
12.7056,1943
12.7083,1949
12.7111,1944
12.7139,1940
12.7167,1938
12.7194,1917
12.7222,1896
12.7250,1878
12.7278,1872
12.7306,1884
12.7333,1901
12.7361,1919
12.7389,1899
12.7417,1878
12.7444,1888
12.7472,1912
12.7500,1919
12.7528,1902
12.7556,1881
12.7583,1872
12.7611,1852
12.7639,1869
12.7667,1896
12.7694,1905
12.7722,1881
12.7750,1856
12.7778,1829
12.7806,1800
12.7833,1789
12.7861,1811
12.7889,1846
12.7917,1869
12.7944,1888
12.7972,1894
12.8000,1886
12.8028,1869
12.8056,1883
12.8083,1893
12.8111,1902
12.8139,1889
12.8167,1889
12.8194,1885
12.8222,1906
12.8250,1934
12.8278,1932
12.8306,1891
12.8333,1862
12.8361,1849
12.8389,1840
12.8417,1830
12.8444,1842
12.8472,1835
12.8500,1829
12.8528,1834
12.8556,1848
12.8583,1856
12.8611,1859
12.8639,1878
12.8667,1910
12.8694,1914
12.8722,1901
12.8750,1891
12.8778,1860
12.8806,1820
12.8833,1778
12.8861,1785
12.8889,1783
12.8917,1780
12.8944,1778
12.8972,1764
12.9000,1764
12.9028,1768
12.9056,1789
12.9083,1797
12.9111,1785
12.9139,1788
12.9167,1779
12.9194,1767
12.9222,1748
12.9250,1759
12.9278,1756
12.9306,1755
12.9333,1758
12.9361,1760
12.9389,1752
12.9417,1738
12.9444,1740
12.9472,1748
12.9500,1730
12.9528,1712
12.9556,1718
12.9583,1736
12.9611,1720
12.9639,1699
12.9667,1679
12.9694,1646
12.9722,1635
12.9750,1658
12.9778,1694
12.9806,1732
12.9833,1803
12.9861,1947
12.9889,2170
12.9917,2473
12.9944,2826
12.9972,3103
13.0000,3175
13.0028,3006
13.0056,2688
13.0083,2380
13.0111,2131
13.0139,1992
13.0167,1974
13.0194,1990
13.0222,2005
13.0250,2003
13.0278,1974
13.0306,1874
13.0333,1763
13.0361,1695
13.0389,1649
13.0417,1653
13.0444,1676
13.0472,1724
13.0500,1725
13.0528,1697
13.0556,1683
13.0583,1647
13.0611,1635
13.0639,1639
13.0667,1665
13.0694,1660
13.0722,1657
13.0750,1651
13.0778,1649
13.0806,1628
13.0833,1630
13.0861,1673
13.0889,1700
13.0917,1697
13.0944,1680
13.0972,1675
13.1000,1649
13.1028,1644
13.1056,1658
13.1083,1664
13.1111,1668
13.1139,1679
13.1167,1683
13.1194,1656
13.1222,1658
13.1250,1671
13.1278,1683
13.1306,1675
13.1333,1659
13.1361,1652
13.1389,1639
13.1417,1638
13.1444,1657
13.1472,1685
13.1500,1725
13.1528,1736
13.1556,1729
13.1583,1712
13.1611,1692
13.1639,1695
13.1667,1722
13.1694,1739
13.1722,1735
13.1750,1731
13.1778,1707
13.1806,1697
13.1833,1698
13.1861,1723
13.1889,1750
13.1917,1713
13.1944,1700
13.1972,1693
13.2000,1674
13.2028,1693
13.2056,1714
13.2083,1721
13.2111,1707
13.2139,1708
13.2167,1687
13.2194,1660
13.2222,1661
13.2250,1667
13.2278,1693
13.2306,1690
13.2333,1681
13.2361,1669
13.2389,1661
13.2417,1653
13.2444,1665
13.2472,1678
13.2500,1672
13.2528,1656
13.2556,1640
13.2583,1615
13.2611,1601
13.2639,1611
13.2667,1636
13.2694,1643
13.2722,1641
13.2750,1643
13.2778,1637
13.2806,1617
13.2833,1625
13.2861,1639
13.2889,1641
13.2917,1621
13.2944,1639
13.2972,1630
13.3000,1620
13.3028,1631
13.3056,1647
13.3083,1656
13.3111,1656
13.3139,1643
13.3167,1632
13.3194,1613
13.3222,1614
13.3250,1639
13.3278,1665
13.3306,1663
13.3333,1648
13.3361,1635
13.3389,1617
13.3417,1615
13.3444,1633
13.3472,1638
13.3500,1641
13.3528,1638
13.3556,1647
13.3583,1643
13.3611,1637
13.3639,1676
13.3667,1710
13.3694,1709
13.3722,1687
13.3750,1658
13.3778,1596
13.3806,1566
13.3833,1576
13.3861,1622
13.3889,1657
13.3917,1673
13.3944,1687
13.3972,1681
13.4000,1684
13.4028,1693
13.4056,1726
13.4083,1732
13.4111,1737
13.4139,1729
13.4167,1709
13.4194,1686
13.4222,1678
13.4250,1685
13.4278,1713
13.4306,1728
13.4333,1744
13.4361,1742
13.4389,1735
13.4417,1733
13.4444,1715
13.4472,1695
13.4500,1661
13.4528,1642
13.4556,1619
13.4583,1621
13.4611,1628
13.4639,1641
13.4667,1632
13.4694,1597
13.4722,1566
13.4750,1556
13.4778,1557
13.4806,1567
13.4833,1582
13.4861,1582
13.4889,1583
13.4917,1581
13.4944,1583
13.4972,1579
13.5000,1567
13.5028,1577
13.5056,1596
13.5083,1587
13.5111,1576
13.5139,1580
13.5167,1589
13.5194,1579
13.5222,1563
13.5250,1571
13.5278,1582
13.5306,1598
13.5333,1608
13.5361,1588
13.5389,1518
13.5417,1467
13.5444,1453
13.5472,1473
13.5500,1527
13.5528,1596
13.5556,1692
13.5583,1830
13.5611,2037
13.5639,2332
13.5667,2676
13.5694,2969
13.5722,3080
13.5750,2955
13.5778,2616
13.5806,2257
13.5833,1990
13.5861,1847
13.5889,1796
13.5917,1793
13.5944,1790
13.5972,1784
13.6000,1757
13.6028,1714
13.6056,1646
13.6083,1583
13.6111,1519
13.6139,1501
13.6167,1513
13.6194,1524
13.6222,1545
13.6250,1572
13.6278,1561
13.6306,1532
13.6333,1531
13.6361,1541
13.6389,1551
13.6417,1559
13.6444,1554
13.6472,1556
13.6500,1547
13.6528,1541
13.6556,1538
13.6583,1544
13.6611,1548
13.6639,1567
13.6667,1557
13.6694,1548
13.6722,1535
13.6750,1548
13.6778,1559
13.6806,1567
13.6833,1582
13.6861,1599
13.6889,1577
13.6917,1561
13.6944,1564
13.6972,1584
13.7000,1605
13.7028,1621
13.7056,1655
13.7083,1660
13.7111,1646
13.7139,1640
13.7167,1636
13.7194,1639
13.7222,1648
13.7250,1656
13.7278,1653
13.7306,1630
13.7333,1616
13.7361,1616
13.7389,1613
13.7417,1617
13.7444,1625
13.7472,1634
13.7500,1632
13.7528,1625
13.7556,1634
13.7583,1654
13.7611,1670
13.7639,1710
13.7667,1721
13.7694,1720
13.7722,1706
13.7750,1683
13.7778,1661
13.7806,1660
13.7833,1666
13.7861,1669
13.7889,1647
13.7917,1644
13.7944,1650
13.7972,1653
13.8000,1667
13.8028,1692
13.8056,1705
13.8083,1695
13.8111,1666
13.8139,1640
13.8167,1617
13.8194,1599
13.8222,1619
13.8250,1640
13.8278,1640
13.8306,1619
13.8333,1606
13.8361,1609
13.8389,1635
13.8417,1680
13.8444,1704
13.8472,1687
13.8500,1658
13.8528,1644
13.8556,1626
13.8583,1637
13.8611,1644
13.8639,1664
13.8667,1663
13.8694,1653
13.8722,1644
13.8750,1630
13.8778,1629
13.8806,1632
13.8833,1650
13.8861,1668
13.8889,1669
13.8917,1680
13.8944,1668
13.8972,1656
13.9000,1647
13.9028,1661
13.9056,1665
13.9083,1671
13.9111,1677
13.9139,1682
13.9167,1679
13.9194,1660
13.9222,1670
13.9250,1684
13.9278,1674
13.9306,1675
13.9333,1674
13.9361,1670
13.9389,1666
13.9417,1664
13.9444,1677
13.9472,1668
13.9500,1653
13.9528,1651
13.9556,1658
13.9583,1659
13.9611,1684
13.9639,1706
13.9667,1734
13.9694,1734
13.9722,1733
13.9750,1732
13.9778,1722
13.9806,1720
13.9833,1725
13.9861,1717
13.9889,1705
13.9917,1705
13.9944,1719
13.9972,1728
14.0000,1752
14.0028,1787
14.0056,1808
14.0083,1800
14.0111,1775
14.0139,1747
14.0167,1735
14.0194,1720
14.0222,1716
14.0250,1694
14.0278,1664
14.0306,1632
14.0333,1627
14.0361,1623
14.0389,1606
14.0417,1615
14.0444,1636
14.0472,1645
14.0500,1619
14.0528,1629
14.0556,1623
14.0583,1622
14.0611,1650
14.0639,1663
14.0667,1673
14.0694,1680
14.0722,1678
14.0750,1680
14.0778,1683
14.0806,1693
14.0833,1703
14.0861,1698
14.0889,1680
14.0917,1675
14.0944,1671
14.0972,1654
14.1000,1639
14.1028,1628
14.1056,1638
14.1083,1628
14.1111,1608
14.1139,1565
14.1167,1535
14.1194,1531
14.1222,1571
14.1250,1623
14.1278,1666
14.1306,1727
14.1333,1827
14.1361,1995
14.1389,2239
14.1417,2520
14.1444,2762
14.1472,2816
14.1500,2658
14.1528,2408
14.1556,2176
14.1583,2023
14.1611,1935
14.1639,1920
14.1667,1916
14.1694,1934
14.1722,1946
14.1750,1934
14.1778,1861
14.1806,1776
14.1833,1711
14.1861,1674
14.1889,1640
14.1917,1639
14.1944,1651
14.1972,1660
14.2000,1662
14.2028,1673
14.2056,1671
14.2083,1646
14.2111,1641
14.2139,1645
14.2167,1662
14.2194,1664
14.2222,1662
14.2250,1650
14.2278,1638
14.2306,1637
14.2333,1650
14.2361,1673
14.2389,1670
14.2417,1663
14.2444,1640
14.2472,1627
14.2500,1624
14.2528,1643
14.2556,1659
14.2583,1691
14.2611,1719
14.2639,1729
14.2667,1735
14.2694,1712
14.2722,1707
14.2750,1697
14.2778,1687
14.2806,1692
14.2833,1700
14.2861,1715
14.2889,1711
14.2917,1724
14.2944,1739
14.2972,1736
14.3000,1727
14.3028,1730
14.3056,1737
14.3083,1732
14.3111,1739
14.3139,1749
14.3167,1741
14.3194,1730
14.3222,1726
14.3250,1725
14.3278,1738
14.3306,1748
14.3333,1758
14.3361,1799
14.3389,1829
14.3417,1835
14.3444,1832
14.3472,1814
14.3500,1786
14.3528,1765
14.3556,1763
14.3583,1766
14.3611,1780
14.3639,1803
14.3667,1784
14.3694,1761
14.3722,1738
14.3750,1727
14.3778,1711
14.3806,1715
14.3833,1731
14.3861,1730
14.3889,1711
14.3917,1692
14.3944,1672
14.3972,1654
14.4000,1656
14.4028,1670
14.4056,1692
14.4083,1712
14.4111,1733
14.4139,1730
14.4167,1718
14.4194,1731
14.4222,1740
14.4250,1754
14.4278,1746
14.4306,1734
14.4333,1732
14.4361,1713
14.4389,1685
14.4417,1671
14.4444,1689
14.4472,1696
14.4500,1689
14.4528,1705
14.4556,1703
14.4583,1697
14.4611,1696
14.4639,1694
14.4667,1688
14.4694,1684
14.4722,1691
14.4750,1681
14.4778,1664
14.4806,1664
14.4833,1683
14.4861,1698
14.4889,1706
14.4917,1718
14.4944,1736
14.4972,1736
14.5000,1722
14.5028,1725
14.5056,1723
14.5083,1723
14.5111,1726
14.5139,1729
14.5167,1727
14.5194,1719
14.5222,1717
14.5250,1717
14.5278,1708
14.5306,1711
14.5333,1726
14.5361,1717
14.5389,1707
14.5417,1712
14.5444,1722
14.5472,1719
14.5500,1731
14.5528,1730
14.5556,1724
14.5583,1728
14.5611,1743
14.5639,1758
14.5667,1767
14.5694,1766
14.5722,1783
14.5750,1775
14.5778,1758
14.5806,1747
14.5833,1746
14.5861,1746
14.5889,1744
14.5917,1755
14.5944,1785
14.5972,1816
14.6000,1841
14.6028,1850
14.6056,1868
14.6083,1852
14.6111,1827
14.6139,1781
14.6167,1721
14.6194,1693
14.6222,1722
14.6250,1757
14.6278,1757
14.6306,1742
14.6333,1726
14.6361,1679
14.6389,1659
14.6417,1664
14.6444,1677
14.6472,1679
14.6500,1691
14.6528,1710
14.6556,1711
14.6583,1713
14.6611,1705
14.6639,1701
14.6667,1694
14.6694,1687
14.6722,1688
14.6750,1692
14.6778,1689
14.6806,1694
14.6833,1720
14.6861,1727
14.6889,1737
14.6917,1734
14.6944,1742
14.6972,1728
14.7000,1692
14.7028,1662
14.7056,1623
14.7083,1590
14.7111,1582
14.7139,1603
14.7167,1636
14.7194,1678
14.7222,1762
14.7250,1884
14.7278,2088
14.7306,2381
14.7333,2682
14.7361,2883
14.7389,2882
14.7417,2691
14.7444,2441
14.7472,2204
14.7500,2056
14.7528,1988
14.7556,1956
14.7583,1950
14.7611,1943
14.7639,1942
14.7667,1893
14.7694,1818
14.7722,1751
14.7750,1712
14.7778,1677
14.7806,1685
14.7833,1693
14.7861,1707
14.7889,1695
14.7917,1682
14.7944,1661
14.7972,1627
14.8000,1622
14.8028,1637
14.8056,1656
14.8083,1652
14.8111,1649
14.8139,1647
14.8167,1645
14.8194,1652
14.8222,1686
14.8250,1714
14.8278,1704
14.8306,1690
14.8333,1681
14.8361,1658
14.8389,1650
14.8417,1650
14.8444,1668
14.8472,1679
14.8500,1700
14.8528,1720
14.8556,1723
14.8583,1721
14.8611,1722
14.8639,1734
14.8667,1720
14.8694,1719
14.8722,1713
14.8750,1700
14.8778,1686
14.8806,1697
14.8833,1721
14.8861,1729
14.8889,1742
14.8917,1754
14.8944,1742
14.8972,1733
14.9000,1744
14.9028,1751
14.9056,1761
14.9083,1774
14.9111,1779
14.9139,1757
14.9167,1732
14.9194,1719
14.9222,1726
14.9250,1749
14.9278,1817
14.9306,1796
14.9333,1780
14.9361,1752
14.9389,1757
14.9417,1762
14.9444,1775
14.9472,1761
14.9500,1741
14.9528,1733
14.9556,1704
14.9583,1706
14.9611,1730
14.9639,1750
14.9667,1741
14.9694,1736
14.9722,1704
14.9750,1688
14.9778,1687
14.9806,1694
14.9833,1709
14.9861,1719
14.9889,1708
14.9917,1702
14.9944,1684
14.9972,1677
15.0000,1683
15.0028,1700
15.0056,1700
15.0083,1699
15.0111,1688
15.0139,1683
15.0167,1680
15.0194,1672
15.0222,1683
15.0250,1686
15.0278,1666
15.0306,1661
15.0333,1672
15.0361,1672
15.0389,1689
15.0417,1718
15.0444,1747
15.0472,1759
15.0500,1743
15.0528,1722
15.0556,1696
15.0583,1696
15.0611,1705
15.0639,1715
15.0667,1719
15.0694,1725
15.0722,1719
15.0750,1701
15.0778,1691
15.0806,1683
15.0833,1700
15.0861,1702
15.0889,1703
15.0917,1711
15.0944,1710
15.0972,1694
15.1000,1698
15.1028,1711
15.1056,1719
15.1083,1718
15.1111,1725
15.1139,1724
15.1167,1698
15.1194,1692
15.1222,1705
15.1250,1698
15.1278,1685
15.1306,1686
15.1333,1700
15.1361,1688
15.1389,1687
15.1417,1682
15.1444,1690
15.1472,1697
15.1500,1702
15.1528,1698
15.1556,1678
15.1583,1664
15.1611,1670
15.1639,1682
15.1667,1692
15.1694,1688
15.1722,1702
15.1750,1709
15.1778,1718
15.1806,1738
15.1833,1751
15.1861,1737
15.1889,1726
15.1917,1719
15.1944,1725
15.1972,1715
15.2000,1712
15.2028,1707
15.2056,1698
15.2083,1705
15.2111,1723
15.2139,1743
15.2167,1764
15.2194,1795
15.2222,1821
15.2250,1827
15.2278,1808
15.2306,1777
15.2333,1728
15.2361,1684
15.2389,1670
15.2417,1665
15.2444,1669
15.2472,1663
15.2500,1656
15.2528,1659
15.2556,1649
15.2583,1644
15.2611,1636
15.2639,1639
15.2667,1641
15.2694,1658
15.2722,1674
15.2750,1653
15.2778,1634
15.2806,1625
15.2833,1630
15.2861,1632
15.2889,1640
15.2917,1642
15.2944,1634
15.2972,1632
15.3000,1640
15.3028,1635
15.3056,1622
15.3083,1619
15.3111,1615
15.3139,1611
15.3167,1600
15.3194,1582
15.3222,1568
15.3250,1564
15.3278,1572
15.3306,1597
15.3333,1636
15.3361,1657
15.3389,1723
15.3417,1854
15.3444,2076
15.3472,2374
15.3500,2688
15.3528,2935
15.3556,2969
15.3583,2777
15.3611,2506
15.3639,2228
15.3667,2029
15.3694,1928
15.3722,1888
15.3750,1876
15.3778,1860
15.3806,1853
15.3833,1818
15.3861,1760
15.3889,1708
15.3917,1672
15.3944,1643
15.3972,1631
15.4000,1639
15.4028,1653
15.4056,1657
15.4083,1657
15.4111,1649
15.4139,1643
15.4167,1630
15.4194,1624
15.4222,1645
15.4250,1643
15.4278,1644
15.4306,1652
15.4333,1664
15.4361,1654
15.4389,1658
15.4417,1677
15.4444,1667
15.4472,1651
15.4500,1644
15.4528,1641
15.4556,1632
15.4583,1647
15.4611,1677
15.4639,1700
15.4667,1688
15.4694,1671
15.4722,1655
15.4750,1650
15.4778,1656
15.4806,1690
15.4833,1723
15.4861,1720
15.4889,1699
15.4917,1682
15.4944,1673
15.4972,1675
15.5000,1704
15.5028,1715
15.5056,1708
15.5083,1687
15.5111,1656
15.5139,1642
15.5167,1640
15.5194,1679
15.5222,1709
15.5250,1715
15.5278,1730
15.5306,1737
15.5333,1740
15.5361,1751
15.5389,1752
15.5417,1769
15.5444,1790
15.5472,1755
15.5500,1774
15.5528,1775
15.5556,1758
15.5583,1789
15.5611,1790
15.5639,1779
15.5667,1760
15.5694,1733
15.5722,1703
15.5750,1679
15.5778,1681
15.5806,1690
15.5833,1714
15.5861,1719
15.5889,1719
15.5917,1714
15.5944,1685
15.5972,1686
15.6000,1712
15.6028,1735
15.6056,1713
15.6083,1675
15.6111,1640
15.6139,1622
15.6167,1641
15.6194,1688
15.6222,1734
15.6250,1747
15.6278,1737
15.6306,1722
15.6333,1696
15.6361,1690
15.6389,1720
15.6417,1769
15.6444,1786
15.6472,1784
15.6500,1771
15.6528,1734
15.6556,1704
15.6583,1708
15.6611,1728
15.6639,1746
15.6667,1747
15.6694,1746
15.6722,1739
15.6750,1723
15.6778,1734
15.6806,1732
15.6833,1731
15.6861,1714
15.6889,1721
15.6917,1734
15.6944,1742
15.6972,1748
15.7000,1762
15.7028,1779
15.7056,1781
15.7083,1759
15.7111,1736
15.7139,1695
15.7167,1674
15.7194,1663
15.7222,1682
15.7250,1697
15.7278,1707
15.7306,1720
15.7333,1734
15.7361,1739
15.7389,1755
15.7417,1772
15.7444,1769
15.7472,1750
15.7500,1743
15.7528,1713
15.7556,1698
15.7583,1693
15.7611,1704
15.7639,1719
15.7667,1736
15.7694,1746
15.7722,1746
15.7750,1727
15.7778,1724
15.7806,1726
15.7833,1730
15.7861,1729
15.7889,1733
15.7917,1735
15.7944,1728
15.7972,1724
15.8000,1740
15.8028,1748
15.8056,1760
15.8083,1777
15.8111,1786
15.8139,1778
15.8167,1755
15.8194,1755
15.8222,1743
15.8250,1732
15.8278,1740
15.8306,1762
15.8333,1758
15.8361,1764
15.8389,1772
15.8417,1791
15.8444,1793
15.8472,1786
15.8500,1798
15.8528,1810
15.8556,1818
15.8583,1839
15.8611,1857
15.8639,1843
15.8667,1807
15.8694,1756
15.8722,1713
15.8750,1684
15.8778,1689
15.8806,1709
15.8833,1714
15.8861,1710
15.8889,1711
15.8917,1696
15.8944,1680
15.8972,1663
15.9000,1680
15.9028,1690
15.9056,1686
15.9083,1692
15.9111,1686
15.9139,1689
15.9167,1698
15.9194,1700
15.9222,1699
15.9250,1674
15.9278,1663
15.9306,1658
15.9333,1682
15.9361,1703
15.9389,1720
15.9417,1732
15.9444,1721
15.9472,1705
15.9500,1692
15.9528,1656
15.9556,1606
15.9583,1588
15.9611,1601
15.9639,1632
15.9667,1679
15.9694,1723
15.9722,1782
15.9750,1893
15.9778,2109
15.9806,2409
15.9833,2731
15.9861,2984
15.9889,3062
15.9917,2905
15.9944,2614
15.9972,2309
16.0000,2119
16.0028,2012
16.0056,1947
16.0083,1923
16.0111,1914
16.0139,1880
16.0167,1843
16.0194,1801
16.0222,1757
16.0250,1706
16.0278,1662
16.0306,1664
16.0333,1673
16.0361,1695
16.0389,1705
16.0417,1709
16.0444,1685
16.0472,1674
16.0500,1677
16.0528,1701
16.0556,1699
16.0583,1704
16.0611,1694
16.0639,1674
16.0667,1645
16.0694,1654
16.0722,1660
16.0750,1668
16.0778,1689
16.0806,1698
16.0833,1710
16.0861,1709
16.0889,1713
16.0917,1714
16.0944,1711
16.0972,1697
16.1000,1697
16.1028,1688
16.1056,1674
16.1083,1663
16.1111,1670
16.1139,1681
16.1167,1706
16.1194,1720
16.1222,1725
16.1250,1722
16.1278,1705
16.1306,1715
16.1333,1715
16.1361,1711
16.1389,1715
16.1417,1719
16.1444,1717
16.1472,1732
16.1500,1742
16.1528,1752
16.1556,1745
16.1583,1748
16.1611,1759
16.1639,1766
16.1667,1778
16.1694,1794
16.1722,1798
16.1750,1805
16.1778,1809
16.1806,1814
16.1833,1826
16.1861,1794
16.1889,1769
16.1917,1745
16.1944,1741
16.1972,1760
16.2000,1785
16.2028,1794
16.2056,1777
16.2083,1758
16.2111,1742
16.2139,1718
16.2167,1713
16.2194,1717
16.2222,1721
16.2250,1727
16.2278,1717
16.2306,1726
16.2333,1724
16.2361,1714
16.2389,1726
16.2417,1724
16.2444,1719
16.2472,1716
16.2500,1712
16.2528,1716
16.2556,1728
16.2583,1753
16.2611,1757
16.2639,1762
16.2667,1758
16.2694,1761
16.2722,1764
16.2750,1744
16.2778,1738
16.2806,1731
16.2833,1706
16.2861,1703
16.2889,1713
16.2917,1734
16.2944,1734
16.2972,1751
16.3000,1749
16.3028,1725
16.3056,1711
16.3083,1721
16.3111,1731
16.3139,1745
16.3167,1763
16.3194,1779
16.3222,1785
16.3250,1766
16.3278,1746
16.3306,1733
16.3333,1712
16.3361,1697
16.3389,1696
16.3417,1703
16.3444,1719
16.3472,1731
16.3500,1733
16.3528,1720
16.3556,1702
16.3583,1709
16.3611,1722
16.3639,1742
16.3667,1746
16.3694,1741
16.3722,1722
16.3750,1690
16.3778,1673
16.3806,1659
16.3833,1656
16.3861,1650
16.3889,1675
16.3917,1684
16.3944,1701
16.3972,1731
16.4000,1759
16.4028,1756
16.4056,1739
16.4083,1721
16.4111,1717
16.4139,1708
16.4167,1710
16.4194,1721
16.4222,1707
16.4250,1697
16.4278,1704
16.4306,1721
16.4333,1728
16.4361,1735
16.4389,1750
16.4417,1739
16.4444,1719
16.4472,1702
16.4500,1713
16.4528,1717
16.4556,1702
16.4583,1710
16.4611,1731
16.4639,1744
16.4667,1746
16.4694,1749
16.4722,1750
16.4750,1744
16.4778,1749
16.4806,1755
16.4833,1729
16.4861,1697
16.4889,1687
16.4917,1691
16.4944,1702
16.4972,1712
16.5000,1729
16.5028,1754
16.5056,1781
16.5083,1797
16.5111,1793
16.5139,1783
16.5167,1769
16.5194,1783
16.5222,1789
16.5250,1781
16.5278,1779
16.5306,1795
16.5333,1796
16.5361,1802
16.5389,1827
16.5417,1839
16.5444,1828
16.5472,1811
16.5500,1799
16.5528,1765
16.5556,1724
16.5583,1706
16.5611,1703
16.5639,1685
16.5667,1667
16.5694,1655
16.5722,1652
16.5750,1660
16.5778,1665
16.5806,1671
16.5833,1684
16.5861,1677
16.5889,1684
16.5917,1679
16.5944,1676
16.5972,1700
16.6000,1684
16.6028,1658
16.6056,1651
16.6083,1692
16.6111,1747
16.6139,1768
16.6167,1765
16.6194,1755
16.6222,1730
16.6250,1701
16.6278,1669
16.6306,1648
16.6333,1632
16.6361,1618
16.6389,1613
16.6417,1597
16.6444,1588
16.6472,1608
16.6500,1651
16.6528,1671
16.6556,1725
16.6583,1858
16.6611,2083
16.6639,2384
16.6667,2719
16.6694,2947
16.6722,2999
16.6750,2827
16.6778,2531
16.6806,2249
16.6833,2039
16.6861,1932
16.6889,1908
16.6917,1913
16.6944,1929
16.6972,1920
16.7000,1877
16.7028,1807
16.7056,1720
16.7083,1665
16.7111,1641
16.7139,1634
16.7167,1656
16.7194,1695
16.7222,1689
16.7250,1662
16.7278,1629
16.7306,1603
16.7333,1604
16.7361,1623
16.7389,1653
16.7417,1679
16.7444,1672
16.7472,1644
16.7500,1617
16.7528,1616
16.7556,1615
16.7583,1638
16.7611,1675
16.7639,1694
16.7667,1689
16.7694,1684
16.7722,1648
16.7750,1644
16.7778,1656
16.7806,1672
16.7833,1682
16.7861,1676
16.7889,1676
16.7917,1670
16.7944,1661
16.7972,1676
16.8000,1697
16.8028,1697
16.8056,1695
16.8083,1671
16.8111,1668
16.8139,1681
16.8167,1688
16.8194,1703
16.8222,1699
16.8250,1682
16.8278,1679
16.8306,1673
16.8333,1676
16.8361,1691
16.8389,1707
16.8417,1722
16.8444,1711
16.8472,1699
16.8500,1694
16.8528,1715
16.8556,1731
16.8583,1754
16.8611,1829
16.8639,1786
16.8667,1771
16.8694,1738
16.8722,1723
16.8750,1729
16.8778,1755
16.8806,1772
16.8833,1749
16.8861,1727
16.8889,1706
16.8917,1674
16.8944,1654
16.8972,1677
16.9000,1715
16.9028,1721
16.9056,1723
16.9083,1715
16.9111,1708
16.9139,1686
16.9167,1710
16.9194,1722
16.9222,1704
16.9250,1684
16.9278,1655
16.9306,1632
16.9333,1601
16.9361,1618
16.9389,1659
16.9417,1675
16.9444,1691
16.9472,1714
16.9500,1712
16.9528,1697
16.9556,1688
16.9583,1715
16.9611,1716
16.9639,1721
16.9667,1713
16.9694,1717
16.9722,1705
16.9750,1686
16.9778,1701
16.9806,1708
16.9833,1692
16.9861,1665
16.9889,1659
16.9917,1665
16.9944,1681
16.9972,1719
17.0000,1740
17.0028,1744
17.0056,1744
17.0083,1735
17.0111,1720
17.0139,1708
17.0167,1710
17.0194,1710
17.0222,1692
17.0250,1670
17.0278,1655
17.0306,1645
17.0333,1654
17.0361,1676
17.0389,1712
17.0417,1702
17.0444,1675
17.0472,1653
17.0500,1653
17.0528,1681
17.0556,1698
17.0583,1721
17.0611,1731
17.0639,1706
17.0667,1681
17.0694,1688
17.0722,1688
17.0750,1700
17.0778,1736
17.0806,1744
17.0833,1722
17.0861,1682
17.0889,1665
17.0917,1656
17.0944,1670
17.0972,1689
17.1000,1699
17.1028,1702
17.1056,1698
17.1083,1692
17.1111,1693
17.1139,1675
17.1167,1685
17.1194,1693
17.1222,1692
17.1250,1678
17.1278,1667
17.1306,1646
17.1333,1630
17.1361,1640
17.1389,1672
17.1417,1695
17.1444,1708
17.1472,1721
17.1500,1726
17.1528,1702
17.1556,1668
17.1583,1679
17.1611,1670
17.1639,1663
17.1667,1684
17.1694,1696
17.1722,1686
17.1750,1670
17.1778,1710
17.1806,1737
17.1833,1749
17.1861,1758
17.1889,1767
17.1917,1747
17.1944,1744
17.1972,1747
17.2000,1758
17.2028,1756
17.2056,1753
17.2083,1752
17.2111,1760
17.2139,1769
17.2167,1788
17.2194,1802
17.2222,1783
17.2250,1774
17.2278,1765
17.2306,1758
17.2333,1730
17.2361,1713
17.2389,1702
17.2417,1686
17.2444,1672
17.2472,1654
17.2500,1645
17.2528,1644
17.2556,1653
17.2583,1674
17.2611,1684
17.2639,1687
17.2667,1702
17.2694,1718
17.2722,1708
17.2750,1685
17.2778,1677
17.2806,1670
17.2833,1665
17.2861,1669
17.2889,1666
17.2917,1659
17.2944,1650
17.2972,1661
17.3000,1687
17.3028,1698
17.3056,1703
17.3083,1697
17.3111,1694
17.3139,1670
17.3167,1665
17.3194,1637
17.3222,1605
17.3250,1590
17.3278,1596
17.3306,1616
17.3333,1653
17.3361,1709
17.3389,1810
17.3417,1983
17.3444,2252
17.3472,2584
17.3500,2853
17.3528,2952
17.3556,2826
17.3583,2557
17.3611,2260
17.3639,2038
17.3667,1941
17.3694,1922
17.3722,1932
17.3750,1944
17.3778,1947
17.3806,1932
17.3833,1856
17.3861,1768
17.3889,1704
17.3917,1676
17.3944,1666
17.3972,1667
17.4000,1675
17.4028,1656
17.4056,1634
17.4083,1619
17.4111,1605
17.4139,1584
17.4167,1607
17.4194,1639
17.4222,1644
17.4250,1650
17.4278,1636
17.4306,1628
17.4333,1623
17.4361,1619
17.4389,1622
17.4417,1620
17.4444,1625
17.4472,1643
17.4500,1653
17.4528,1652
17.4556,1680
17.4583,1699
17.4611,1706
17.4639,1697
17.4667,1680
17.4694,1655
17.4722,1624
17.4750,1619
17.4778,1637
17.4806,1659
17.4833,1654
17.4861,1642
17.4889,1620
17.4917,1610
17.4944,1627
17.4972,1670
17.5000,1716
17.5028,1739
17.5056,1749
17.5083,1740
17.5111,1720
17.5139,1702
17.5167,1704
17.5194,1737
17.5222,1736
17.5250,1740
17.5278,1728
17.5306,1706
17.5333,1677
17.5361,1677
17.5389,1690
17.5417,1769
17.5444,1742
17.5472,1733
17.5500,1723
17.5528,1711
17.5556,1724
17.5583,1742
17.5611,1760
17.5639,1760
17.5667,1743
17.5694,1710
17.5722,1696
17.5750,1691
17.5778,1698
17.5806,1695
17.5833,1679
17.5861,1669
17.5889,1661
17.5917,1657
17.5944,1681
17.5972,1716
17.6000,1734
17.6028,1733
17.6056,1712
17.6083,1694
17.6111,1654
17.6139,1634
17.6167,1643
17.6194,1660
17.6222,1657
17.6250,1638
17.6278,1617
17.6306,1600
17.6333,1598
17.6361,1637
17.6389,1663
17.6417,1688
17.6444,1683
17.6472,1674
17.6500,1653
17.6528,1644
17.6556,1636
17.6583,1658
17.6611,1667
17.6639,1691
17.6667,1694
17.6694,1687
17.6722,1679
17.6750,1691
17.6778,1707
17.6806,1708
17.6833,1696
17.6861,1681
17.6889,1679
17.6917,1676
17.6944,1677
17.6972,1702
17.7000,1712
17.7028,1690
17.7056,1676
17.7083,1669
17.7111,1656
17.7139,1660
17.7167,1687
17.7194,1706
17.7222,1724
17.7250,1731
17.7278,1723
17.7306,1696
17.7333,1677
17.7361,1671
17.7389,1684
17.7417,1695
17.7444,1714
17.7472,1732
17.7500,1725
17.7528,1697
17.7556,1670
17.7583,1662
17.7611,1656
17.7639,1670
17.7667,1685
17.7694,1691
17.7722,1685
17.7750,1686
17.7778,1697
17.7806,1711
17.7833,1695
17.7861,1697
17.7889,1684
17.7917,1671
17.7944,1667
17.7972,1670
17.8000,1681
17.8028,1697
17.8056,1710
17.8083,1720
17.8111,1728
17.8139,1725
17.8167,1741
17.8194,1739
17.8222,1736
17.8250,1715
17.8278,1684
17.8306,1661
17.8333,1645
17.8361,1683
17.8389,1714
17.8417,1730
17.8444,1720
17.8472,1714
17.8500,1696
17.8528,1688
17.8556,1699
17.8583,1697
17.8611,1696
17.8639,1708
17.8667,1740
17.8694,1753
17.8722,1758
17.8750,1756
17.8778,1757
17.8806,1760
17.8833,1744
17.8861,1747
17.8889,1725
17.8917,1710
17.8944,1741
17.8972,1797
17.9000,1830
17.9028,1844
17.9056,1836
17.9083,1793
17.9111,1732
17.9139,1675
17.9167,1642
17.9194,1630
17.9222,1633
17.9250,1658
17.9278,1693
17.9306,1706
17.9333,1712
17.9361,1728
17.9389,1727
17.9417,1721
17.9444,1708
17.9472,1689
17.9500,1681
17.9528,1678
17.9556,1675
17.9583,1677
17.9611,1680
17.9639,1687
17.9667,1708
17.9694,1715
17.9722,1686
17.9750,1676
17.9778,1684
17.9806,1704
17.9833,1708
17.9861,1708
17.9889,1694
17.9917,1662
17.9944,1624
17.9972,1600
18.0000,1579
18.0028,1569
18.0056,1614
18.0083,1670
18.0111,1750
18.0139,1865
18.0167,2025
18.0194,2242
18.0222,2474
18.0250,2642
18.0278,2666
18.0306,2518
18.0333,2286
18.0361,2128
18.0389,2030
18.0417,1962
18.0444,1933
18.0472,1944
18.0500,1955
18.0528,1967
18.0556,1959
18.0583,1911
18.0611,1845
18.0639,1755
18.0667,1695
18.0694,1654
18.0722,1656
18.0750,1682
18.0778,1698
18.0806,1689
18.0833,1671
18.0861,1666
18.0889,1650
18.0917,1635
18.0944,1648
18.0972,1676
18.1000,1688
18.1028,1691
18.1056,1687
18.1083,1678
18.1111,1660
18.1139,1648
18.1167,1652
18.1194,1659
18.1222,1665
18.1250,1683
18.1278,1702
18.1306,1691
18.1333,1680
18.1361,1687
18.1389,1688
18.1417,1685
18.1444,1693
18.1472,1722
18.1500,1742
18.1528,1741
18.1556,1757
18.1583,1754
18.1611,1730
18.1639,1710
18.1667,1699
18.1694,1689
18.1722,1684
18.1750,1690
18.1778,1727
18.1806,1743
18.1833,1726
18.1861,1718
18.1889,1714
18.1917,1745
18.1944,1777
18.1972,1795
18.2000,1795
18.2028,1758
18.2056,1731
18.2083,1723
18.2111,1745
18.2139,1764
18.2167,1855
18.2194,1840
18.2222,1832
18.2250,1824
18.2278,1783
18.2306,1752
18.2333,1751
18.2361,1772
18.2389,1791
18.2417,1794
18.2444,1772
18.2472,1755
18.2500,1736
18.2528,1710
18.2556,1722
18.2583,1741
18.2611,1729
18.2639,1703
18.2667,1692
18.2694,1712
18.2722,1703
18.2750,1714
18.2778,1715
18.2806,1710
18.2833,1710
18.2861,1696
18.2889,1694
18.2917,1688
18.2944,1682
18.2972,1677
18.3000,1684
18.3028,1685
18.3056,1718
18.3083,1747
18.3111,1742
18.3139,1718
18.3167,1676
18.3194,1644
18.3222,1604
18.3250,1594
18.3278,1610
18.3306,1639
18.3333,1694
18.3361,1747
18.3389,1750
18.3417,1716
18.3444,1693
18.3472,1677
18.3500,1666
18.3528,1664
18.3556,1671
18.3583,1689
18.3611,1712
18.3639,1722
18.3667,1700
18.3694,1669
18.3722,1642
18.3750,1653
18.3778,1656
18.3806,1659
18.3833,1669
18.3861,1672
18.3889,1682
18.3917,1698
18.3944,1696
18.3972,1697
18.4000,1673
18.4028,1661
18.4056,1649
18.4083,1653
18.4111,1654
18.4139,1684
18.4167,1695
18.4194,1692
18.4222,1685
18.4250,1687
18.4278,1675
18.4306,1659
18.4333,1665
18.4361,1673
18.4389,1682
18.4417,1675
18.4444,1662
18.4472,1639
18.4500,1634
18.4528,1646
18.4556,1669
18.4583,1703
18.4611,1687
18.4639,1681
18.4667,1667
18.4694,1642
18.4722,1630
18.4750,1644
18.4778,1649
18.4806,1644
18.4833,1663
18.4861,1659
18.4889,1659
18.4917,1651
18.4944,1646
18.4972,1658
18.5000,1642
18.5028,1648
18.5056,1662
18.5083,1666
18.5111,1658
18.5139,1648
18.5167,1667
18.5194,1676
18.5222,1690
18.5250,1701
18.5278,1699
18.5306,1704
18.5333,1719
18.5361,1748
18.5389,1751
18.5417,1729
18.5444,1704
18.5472,1698
18.5500,1682
18.5528,1702
18.5556,1746
18.5583,1789
18.5611,1808
18.5639,1801
18.5667,1791
18.5694,1768
18.5722,1745
18.5750,1728
18.5778,1710
18.5806,1669
18.5833,1639
18.5861,1624
18.5889,1620
18.5917,1621
18.5944,1623
18.5972,1633
18.6000,1633
18.6028,1645
18.6056,1651
18.6083,1659
18.6111,1648
18.6139,1663
18.6167,1674
18.6194,1659
18.6222,1671
18.6250,1682
18.6278,1681
18.6306,1675
18.6333,1679
18.6361,1692
18.6389,1673
18.6417,1648
18.6444,1657
18.6472,1651
18.6500,1639
18.6528,1626
18.6556,1632
18.6583,1610
18.6611,1553
18.6639,1513
18.6667,1523
18.6694,1554
18.6722,1591
18.6750,1646
18.6778,1713
18.6806,1787
18.6833,1954
18.6861,2193
18.6889,2487
18.6917,2713
18.6944,2773
18.6972,2636
18.7000,2379
18.7028,2125
18.7056,1975
18.7083,1891
18.7111,1853
18.7139,1864
18.7167,1884
18.7194,1866
18.7222,1834
18.7250,1767
18.7278,1690
18.7306,1618
18.7333,1596
18.7361,1594
18.7389,1617
18.7417,1620
18.7444,1651
18.7472,1657
18.7500,1638
18.7528,1627
18.7556,1627
18.7583,1636
18.7611,1631
18.7639,1647
18.7667,1620
18.7694,1596
18.7722,1582
18.7750,1588
18.7778,1602
18.7806,1621
18.7833,1644
18.7861,1649
18.7889,1632
18.7917,1621
18.7944,1626
18.7972,1657
18.8000,1658
18.8028,1672
18.8056,1670
18.8083,1663
18.8111,1650
18.8139,1642
18.8167,1648
18.8194,1658
18.8222,1655
18.8250,1663
18.8278,1657
18.8306,1632
18.8333,1640
18.8361,1658
18.8389,1663
18.8417,1670
18.8444,1685
18.8472,1687
18.8500,1684
18.8528,1679
18.8556,1679
18.8583,1669
18.8611,1680
18.8639,1711
18.8667,1731
18.8694,1747
18.8722,1738
18.8750,1748
18.8778,1756
18.8806,1753
18.8833,1799
18.8861,1781
18.8889,1748
18.8917,1756
18.8944,1766
18.8972,1797
18.9000,1794
18.9028,1788
18.9056,1761
18.9083,1724
18.9111,1692
18.9139,1694
18.9167,1713
18.9194,1720
18.9222,1716
18.9250,1722
18.9278,1704
18.9306,1685
18.9333,1680
18.9361,1694
18.9389,1699
18.9417,1685
18.9444,1679
18.9472,1668
18.9500,1646
18.9528,1653
18.9556,1650
18.9583,1658
18.9611,1655
18.9639,1677
18.9667,1690
18.9694,1670
18.9722,1673
18.9750,1667
18.9778,1666
18.9806,1663
18.9833,1675
18.9861,1675
18.9889,1673
18.9917,1693
18.9944,1724
18.9972,1744
19.0000,1742
19.0028,1745
19.0056,1714
19.0083,1662
19.0111,1631
19.0139,1641
19.0167,1659
19.0194,1667
19.0222,1676
19.0250,1678
19.0278,1665
19.0306,1670
19.0333,1680
19.0361,1712
19.0389,1723
19.0417,1707
19.0444,1695
19.0472,1676
19.0500,1654
19.0528,1663
19.0556,1700
19.0583,1715
19.0611,1727
19.0639,1719
19.0667,1702
19.0694,1679
19.0722,1678
19.0750,1698
19.0778,1721
19.0806,1726
19.0833,1726
19.0861,1725
19.0889,1710
19.0917,1703
19.0944,1698
19.0972,1691
19.1000,1672
19.1028,1670
19.1056,1674
19.1083,1675
19.1111,1672
19.1139,1668
19.1167,1677
19.1194,1692
19.1222,1697
19.1250,1717
19.1278,1700
19.1306,1674
19.1333,1679
19.1361,1685
19.1389,1685
19.1417,1682
19.1444,1695
19.1472,1692
19.1500,1682
19.1528,1689
19.1556,1705
19.1583,1718
19.1611,1720
19.1639,1731
19.1667,1737
19.1694,1724
19.1722,1729
19.1750,1749
19.1778,1755
19.1806,1761
19.1833,1764
19.1861,1769
19.1889,1772
19.1917,1766
19.1944,1778
19.1972,1785
19.2000,1781
19.2028,1787
19.2056,1783
19.2083,1753
19.2111,1737
19.2139,1753
19.2167,1749
19.2194,1726
19.2222,1716
19.2250,1716
19.2278,1707
19.2306,1694
19.2333,1704
19.2361,1709
19.2389,1708
19.2417,1711
19.2444,1705
19.2472,1702
19.2500,1702
19.2528,1708
19.2556,1707
19.2583,1706
19.2611,1686
19.2639,1674
19.2667,1660
19.2694,1671
19.2722,1679
19.2750,1723
19.2778,1732
19.2806,1719
19.2833,1725
19.2861,1718
19.2889,1703
19.2917,1693
19.2944,1690
19.2972,1692
19.3000,1676
19.3028,1658
19.3056,1623
19.3083,1575
19.3111,1552
19.3139,1580
19.3167,1616
19.3194,1660
19.3222,1701
19.3250,1778
19.3278,1869
19.3306,2040
19.3333,2284
19.3361,2542
19.3389,2681
19.3417,2653
19.3444,2455
19.3472,2219
19.3500,2037
19.3528,1946
19.3556,1926
19.3583,1914
19.3611,1919
19.3639,1940
19.3667,1933
19.3694,1887
19.3722,1814
19.3750,1743
19.3778,1679
19.3806,1643
19.3833,1649
19.3861,1661
19.3889,1651
19.3917,1664
19.3944,1670
19.3972,1670
19.4000,1659
19.4028,1661
19.4056,1683
19.4083,1693
19.4111,1688
19.4139,1690
19.4167,1685
19.4194,1669
19.4222,1660
19.4250,1661
19.4278,1668
19.4306,1678
19.4333,1686
19.4361,1692
19.4389,1681
19.4417,1691
19.4444,1716
19.4472,1724
19.4500,1719
19.4528,1706
19.4556,1710
19.4583,1701
19.4611,1700
19.4639,1715
19.4667,1733
19.4694,1720
19.4722,1713
19.4750,1714
19.4778,1720
19.4806,1714
19.4833,1741
19.4861,1756
19.4889,1765
19.4917,1754
19.4944,1752
19.4972,1729
19.5000,1715
19.5028,1730
19.5056,1747
19.5083,1764
19.5111,1772
19.5139,1775
19.5167,1781
19.5194,1767
19.5222,1763
19.5250,1771
19.5278,1768
19.5306,1761
19.5333,1768
19.5361,1780
19.5389,1769
19.5417,1767
19.5444,1765
19.5472,1767
19.5500,1765
19.5528,1779
19.5556,1757
19.5583,1749
19.5611,1730
19.5639,1726
19.5667,1734
19.5694,1729
19.5722,1742
19.5750,1741
19.5778,1727
19.5806,1696
19.5833,1684
19.5861,1669
19.5889,1668
19.5917,1680
19.5944,1680
19.5972,1668
19.6000,1656
19.6028,1657
19.6056,1647
19.6083,1635
19.6111,1652
19.6139,1675
19.6167,1691
19.6194,1686
19.6222,1676
19.6250,1653
19.6278,1630
19.6306,1634
19.6333,1645
19.6361,1662
19.6389,1655
19.6417,1662
19.6444,1659
19.6472,1656
19.6500,1666
19.6528,1672
19.6556,1674
19.6583,1664
19.6611,1651
19.6639,1653
19.6667,1639
19.6694,1640
19.6722,1661
19.6750,1678
19.6778,1684
19.6806,1668
19.6833,1674
19.6861,1658
19.6889,1663
19.6917,1678
19.6944,1689
19.6972,1669
19.7000,1658
19.7028,1657
19.7056,1629
19.7083,1642
19.7111,1666
19.7139,1685
19.7167,1689
19.7194,1661
19.7222,1663
19.7250,1651
19.7278,1648
19.7306,1642
19.7333,1634
19.7361,1645
19.7389,1640
19.7417,1660
19.7444,1666
19.7472,1659
19.7500,1649
19.7528,1657
19.7556,1671
19.7583,1668
19.7611,1665
19.7639,1679
19.7667,1673
19.7694,1683
19.7722,1693
19.7750,1706
19.7778,1702
19.7806,1698
19.7833,1707
19.7861,1710
19.7889,1729
19.7917,1742
19.7944,1749
19.7972,1728
19.8000,1712
19.8028,1695
19.8056,1673
19.8083,1632
19.8111,1618
19.8139,1612
19.8167,1599
19.8194,1585
19.8222,1593
19.8250,1589
19.8278,1592
19.8306,1587
19.8333,1583
19.8361,1581
19.8389,1568
19.8417,1580
19.8444,1608
19.8472,1635
19.8500,1664
19.8528,1664
19.8556,1653
19.8583,1630
19.8611,1615
19.8639,1601
19.8667,1591
19.8694,1569
19.8722,1596
19.8750,1626
19.8778,1635
19.8806,1645
19.8833,1654
19.8861,1642
19.8889,1609
19.8917,1573
19.8944,1535
19.8972,1508
19.9000,1495
19.9028,1516
19.9056,1554
19.9083,1576
19.9111,1616
19.9139,1711
19.9167,1842
19.9194,2053
19.9222,2317
19.9250,2521
19.9278,2532
19.9306,2383
19.9333,2196
19.9361,2035
19.9389,1943
19.9417,1897
19.9444,1870
19.9472,1833
19.9500,1823
19.9528,1852
19.9556,1872
19.9583,1842
19.9611,1768
19.9639,1689
19.9667,1621
19.9694,1590
19.9722,1600
19.9750,1626
19.9778,1618
19.9806,1615
19.9833,1595
19.9861,1588
19.9889,1589
19.9917,1587
19.9944,1614
19.9972,1612
20.0000,1620
20.0028,1645
20.0056,1648
20.0083,1649
20.0111,1656
20.0139,1639
20.0167,1620
20.0194,1589
20.0222,1599
20.0250,1638
20.0278,1657
20.0306,1661
20.0333,1665
20.0361,1664
20.0389,1658
20.0417,1651
20.0444,1660
20.0472,1659
20.0500,1658
20.0528,1674
20.0556,1690
20.0583,1688
20.0611,1692
20.0639,1673
20.0667,1649
20.0694,1630
20.0722,1644
20.0750,1682
20.0778,1716
20.0806,1725
20.0833,1743
20.0861,1735
20.0889,1717
20.0917,1716
20.0944,1704
20.0972,1677
20.1000,1672
20.1028,1681
20.1056,1697
20.1083,1693
20.1111,1691
20.1139,1716
20.1167,1810
20.1194,1778
20.1222,1774
20.1250,1744
20.1278,1728
20.1306,1736
20.1333,1739
20.1361,1722
20.1389,1706
20.1417,1695
20.1444,1683
20.1472,1664
20.1500,1673
20.1528,1682
20.1556,1698
20.1583,1680
20.1611,1655
20.1639,1623
20.1667,1607
20.1694,1645
20.1722,1712
20.1750,1740
20.1778,1738
20.1806,1689
20.1833,1630
20.1861,1583
20.1889,1597
20.1917,1654
20.1944,1689
20.1972,1710
20.2000,1706
20.2028,1681
20.2056,1642
20.2083,1624
20.2111,1640
20.2139,1636
20.2167,1648
20.2194,1677
20.2222,1724
20.2250,1748
20.2278,1766
20.2306,1761
20.2333,1749
20.2361,1708
20.2389,1678
20.2417,1625
20.2444,1614
20.2472,1624
20.2500,1649
20.2528,1677
20.2556,1705
20.2583,1711
20.2611,1713
20.2639,1709
20.2667,1690
20.2694,1660
20.2722,1625
20.2750,1582
20.2778,1587
20.2806,1614
20.2833,1631
20.2861,1659
20.2889,1687
20.2917,1699
20.2944,1667
20.2972,1644
20.3000,1643
20.3028,1656
20.3056,1673
20.3083,1691
20.3111,1720
20.3139,1706
20.3167,1678
20.3194,1656
20.3222,1641
20.3250,1649
20.3278,1680
20.3306,1724
20.3333,1756
20.3361,1725
20.3389,1666
20.3417,1647
20.3444,1670
20.3472,1678
20.3500,1703
20.3528,1718
20.3556,1720
20.3583,1704
20.3611,1683
20.3639,1677
20.3667,1660
20.3694,1688
20.3722,1737
20.3750,1783
20.3778,1794
20.3806,1796
20.3833,1795
20.3861,1772
20.3889,1783
20.3917,1783
20.3944,1777
20.3972,1744
20.4000,1712
20.4028,1704
20.4056,1660
20.4083,1618
20.4111,1594
20.4139,1603
20.4167,1596
20.4194,1617
20.4222,1623
20.4250,1616
20.4278,1613
20.4306,1620
20.4333,1616
20.4361,1618
20.4389,1635
20.4417,1646
20.4444,1656
20.4472,1642
20.4500,1636
20.4528,1656
20.4556,1648
20.4583,1641
20.4611,1658
20.4639,1670
20.4667,1669
20.4694,1668
20.4722,1683
20.4750,1698
20.4778,1674
20.4806,1626
20.4833,1579
20.4861,1529
20.4889,1506
20.4917,1534
20.4944,1603
20.4972,1690
20.5000,1776
20.5028,1871
20.5056,2017
20.5083,2245
20.5111,2525
20.5139,2790
20.5167,2906
20.5194,2823
20.5222,2578
20.5250,2270
20.5278,2018
20.5306,1892
20.5333,1879
20.5361,1911
20.5389,1920
20.5417,1919
20.5444,1868
20.5472,1781
20.5500,1704
20.5528,1635
20.5556,1619
20.5583,1610
20.5611,1669
20.5639,1706
20.5667,1695
20.5694,1640
20.5722,1590
20.5750,1562
20.5778,1551
20.5806,1554
20.5833,1578
20.5861,1639
20.5889,1672
20.5917,1686
20.5944,1658
20.5972,1613
20.6000,1625
20.6028,1672
20.6056,1696
20.6083,1678
20.6111,1661
20.6139,1640
20.6167,1609
20.6194,1623
20.6222,1662
20.6250,1688
20.6278,1696
20.6306,1691
20.6333,1685
20.6361,1648
20.6389,1634
20.6417,1643
20.6444,1664
20.6472,1676
20.6500,1683
20.6528,1703
20.6556,1698
20.6583,1670
20.6611,1692
20.6639,1693
20.6667,1691
20.6694,1704
20.6722,1716
20.6750,1712
20.6778,1670
20.6806,1655
20.6833,1688
20.6861,1718
20.6889,1747
20.6917,1794
20.6944,1824
20.6972,1831
20.7000,1823
20.7028,1820
20.7056,1789
20.7083,1817
20.7111,1783
20.7139,1751
20.7167,1733
20.7194,1739
20.7222,1756
20.7250,1761
20.7278,1767
20.7306,1757
20.7333,1765
20.7361,1742
20.7389,1743
20.7417,1746
20.7444,1751
20.7472,1757
20.7500,1784
20.7528,1795
20.7556,1791
20.7583,1753
20.7611,1741
20.7639,1720
20.7667,1715
20.7694,1706
20.7722,1709
20.7750,1718
20.7778,1728
20.7806,1745
20.7833,1741
20.7861,1735
20.7889,1725
20.7917,1723
20.7944,1709
20.7972,1708
20.8000,1720
20.8028,1718
20.8056,1706
20.8083,1696
20.8111,1708
20.8139,1737
20.8167,1764
20.8194,1802
20.8222,1816
20.8250,1803
20.8278,1796
20.8306,1820
20.8333,1853
20.8361,1863
20.8389,1852
20.8417,1818
20.8444,1766
20.8472,1711
20.8500,1674
20.8528,1659
20.8556,1694
20.8583,1746
20.8611,1787
20.8639,1791
20.8667,1745
20.8694,1724
20.8722,1728
20.8750,1753
20.8778,1778
20.8806,1786
20.8833,1795
20.8861,1791
20.8889,1779
20.8917,1776
20.8944,1754
20.8972,1743
20.9000,1739
20.9028,1724
20.9056,1724
20.9083,1735
20.9111,1753
20.9139,1778
20.9167,1798
20.9194,1809
20.9222,1831
20.9250,1834
20.9278,1830
20.9306,1822
20.9333,1823
20.9361,1799
20.9389,1790
20.9417,1793
20.9444,1786
20.9472,1791
20.9500,1802
20.9528,1806
20.9556,1828
20.9583,1844
20.9611,1841
20.9639,1843
20.9667,1835
20.9694,1855
20.9722,1879
20.9750,1859
20.9778,1820
20.9806,1797
20.9833,1785
20.9861,1781
20.9889,1766
20.9917,1754
20.9944,1745
20.9972,1723
21.0000,1728
21.0028,1720
21.0056,1709
21.0083,1715
21.0111,1743
21.0139,1763
21.0167,1771
21.0194,1784
21.0222,1779
21.0250,1756
21.0278,1729
21.0306,1719
21.0333,1710
21.0361,1709
21.0389,1715
21.0417,1755
21.0444,1796
21.0472,1819
21.0500,1826
21.0528,1791
21.0556,1719
21.0583,1683
21.0611,1678
21.0639,1653
21.0667,1640
21.0694,1645
21.0722,1654
21.0750,1695
21.0778,1741
21.0806,1811
21.0833,1910
21.0861,2093
21.0889,2384
21.0917,2726
21.0944,2999
21.0972,3102
21.1000,3007
21.1028,2739
21.1056,2442
21.1083,2200
21.1111,2055
21.1139,1985
21.1167,1969
21.1194,1956
21.1222,1939
21.1250,1906
21.1278,1845
21.1306,1794
21.1333,1749
21.1361,1717
21.1389,1730
21.1417,1773
21.1444,1812
21.1472,1806
21.1500,1793
21.1528,1752
21.1556,1707
21.1583,1667
21.1611,1650
21.1639,1683
21.1667,1718
21.1694,1756
21.1722,1774
21.1750,1761
21.1778,1723
21.1806,1701
21.1833,1697
21.1861,1715
21.1889,1755
21.1917,1786
21.1944,1776
21.1972,1755
21.2000,1744
21.2028,1756
21.2056,1755
21.2083,1764
21.2111,1766
21.2139,1750
21.2167,1737
21.2194,1726
21.2222,1720
21.2250,1723
21.2278,1721
21.2306,1726
21.2333,1742
21.2361,1754
21.2389,1792
21.2417,1801
21.2444,1802
21.2472,1790
21.2500,1802
21.2528,1799
21.2556,1779
21.2583,1777
21.2611,1768
21.2639,1780
21.2667,1785
21.2694,1809
21.2722,1818
21.2750,1822
21.2778,1811
21.2806,1817
21.2833,1799
21.2861,1798
21.2889,1824
21.2917,1829
21.2944,1814
21.2972,1797
21.3000,1788
21.3028,1782
21.3056,1774
21.3083,1795
21.3111,1791
21.3139,1759
21.3167,1737
21.3194,1742
21.3222,1751
21.3250,1750
21.3278,1750
21.3306,1773
21.3333,1776
21.3361,1778
21.3389,1775
21.3417,1758
21.3444,1734
21.3472,1712
21.3500,1703
21.3528,1691
21.3556,1674
21.3583,1682
21.3611,1701
21.3639,1727
21.3667,1727
21.3694,1747
21.3722,1739
21.3750,1713
21.3778,1694
21.3806,1695
21.3833,1688
21.3861,1693
21.3889,1720
21.3917,1747
21.3944,1740
21.3972,1734
21.4000,1724
21.4028,1723
21.4056,1700
21.4083,1718
21.4111,1721
21.4139,1726
21.4167,1729
21.4194,1732
21.4222,1752
21.4250,1761
21.4278,1772
21.4306,1774
21.4333,1742
21.4361,1708
21.4389,1697
21.4417,1705
21.4444,1697
21.4472,1697
21.4500,1707
21.4528,1721
21.4556,1719
21.4583,1716
21.4611,1723
21.4639,1712
21.4667,1712
21.4694,1731
21.4722,1744
21.4750,1728
21.4778,1720
21.4806,1726
21.4833,1704
21.4861,1699
21.4889,1721
21.4917,1759
21.4944,1762
21.4972,1755
21.5000,1733
21.5028,1715
21.5056,1688
21.5083,1692
21.5111,1706
21.5139,1712
21.5167,1736
21.5194,1773
21.5222,1797
21.5250,1812
21.5278,1801
21.5306,1797
21.5333,1774
21.5361,1762
21.5389,1752
21.5417,1755
21.5444,1776
21.5472,1804
21.5500,1848
21.5528,1860
21.5556,1855
21.5583,1836
21.5611,1792
21.5639,1759
21.5667,1754
21.5694,1772
21.5722,1794
21.5750,1796
21.5778,1774
21.5806,1756
21.5833,1731
21.5861,1712
21.5889,1711
21.5917,1705
21.5944,1701
21.5972,1687
21.6000,1691
21.6028,1701
21.6056,1697
21.6083,1712
21.6111,1718
21.6139,1704
21.6167,1694
21.6194,1702
21.6222,1703
21.6250,1712
21.6278,1702
21.6306,1697
21.6333,1703
21.6361,1717
21.6389,1736
21.6417,1739
21.6444,1725
21.6472,1717
21.6500,1731
21.6528,1719
21.6556,1713
21.6583,1701
21.6611,1671
21.6639,1625
21.6667,1602
21.6694,1607
21.6722,1638
21.6750,1675
21.6778,1756
21.6806,1890
21.6833,2126
21.6861,2431
21.6889,2752
21.6917,2971
21.6944,2995
21.6972,2783
21.7000,2479
21.7028,2202
21.7056,1999
21.7083,1909
21.7111,1898
21.7139,1886
21.7167,1889
21.7194,1879
21.7222,1834
21.7250,1763
21.7278,1707
21.7306,1677
21.7333,1665
21.7361,1670
21.7389,1697
21.7417,1734
21.7444,1744
21.7472,1734
21.7500,1705
21.7528,1653
21.7556,1622
21.7583,1645
21.7611,1684
21.7639,1689
21.7667,1664
21.7694,1611
21.7722,1538
21.7750,1514
21.7778,1559
21.7806,1636
21.7833,1665
21.7861,1645
21.7889,1640
21.7917,1668
21.7944,1682
21.7972,1682
21.8000,1688
21.8028,1679
21.8056,1647
21.8083,1625
21.8111,1611
21.8139,1639
21.8167,1685
21.8194,1745
21.8222,1766
21.8250,1744
21.8278,1720
21.8306,1733
21.8333,1770
21.8361,1788
21.8389,1772
21.8417,1676
21.8444,1567
21.8472,1477
21.8500,1468
21.8528,1518
21.8556,1551
21.8583,1563
21.8611,1607
21.8639,1681
21.8667,1748
21.8694,1739
21.8722,1661
21.8750,1613
21.8778,1573
21.8806,1456
21.8833,1427
21.8861,1471
21.8889,1534
21.8917,1621
21.8944,1710
21.8972,1779
21.9000,1778
21.9028,1746
21.9056,1756
21.9083,1722
21.9111,1619
21.9139,1543
21.9167,1508
21.9194,1464
21.9222,1434
21.9250,1478
21.9278,1586
21.9306,1621
21.9333,1423
21.9361,1110
21.9389,868
21.9417,801
21.9444,931
21.9472,1284
21.9500,1637
21.9528,1834
21.9556,1777
21.9583,1566
21.9611,1305
21.9639,1109
21.9667,1177
21.9694,1537
21.9722,1866
21.9750,1993
21.9778,1925
21.9806,1725
21.9833,1539
21.9861,1429
21.9889,1400
21.9917,1382
21.9944,1377
21.9972,1326
22.0000,1178
22.0028,969
22.0056,708
22.0083,505
22.0111,535
22.0139,729
22.0167,1071
22.0194,1527
22.0222,1871
22.0250,2074
22.0278,2105
22.0306,1954
22.0333,1707
22.0361,1620
22.0389,1620
22.0417,1600
22.0444,1563
22.0472,1538
22.0500,1598
22.0528,1640
22.0556,1620
22.0583,1514
22.0611,1448
22.0639,1441
22.0667,1512
22.0694,1547
22.0722,1562
22.0750,1575
22.0778,1615
22.0806,1656
22.0833,1654
22.0861,1559
22.0889,1443
22.0917,1393
22.0944,1390
22.0972,1473
22.1000,1563
22.1028,1547
22.1056,1391
22.1083,1267
22.1111,1279
22.1139,1401
22.1167,1589
22.1194,1770
22.1222,1836
22.1250,1796
22.1278,1767
22.1306,1777
22.1333,1743
22.1361,1695
22.1389,1668
22.1417,1640
22.1444,1633
22.1472,1619
22.1500,1614
22.1528,1570
22.1556,1538
22.1583,1544
22.1611,1575
22.1639,1599
22.1667,1600
22.1694,1595
22.1722,1551
22.1750,1422
22.1778,1354
22.1806,1418
22.1833,1550
22.1861,1645
22.1889,1654
22.1917,1607
22.1944,1534
22.1972,1498
22.2000,1476
22.2028,1509
22.2056,1568
22.2083,1611
22.2111,1596
22.2139,1538
22.2167,1504
22.2194,1510
22.2222,1540
22.2250,1566
22.2278,1565
22.2306,1546
22.2333,1485
22.2361,1391
22.2389,1270
22.2417,1113
22.2444,1018
22.2472,1124
22.2500,1378
22.2528,1588
22.2556,1700
22.2583,1655
22.2611,1468
22.2639,1120
22.2667,725
22.2694,477
22.2722,702
22.2750,1247
22.2778,1770
22.2806,1981
22.2833,1924
22.2861,1739
22.2889,1542
22.2917,1397
22.2944,1333
22.2972,1419
22.3000,1616
22.3028,1845
22.3056,2067
22.3083,2230
22.3111,2256
22.3139,2114
22.3167,1865
22.3194,1654
22.3222,1545
22.3250,1535
22.3278,1584
22.3306,1630
22.3333,1633
22.3361,1619
22.3389,1619
22.3417,1609
22.3444,1571
22.3472,1511
22.3500,1448
22.3528,1388
22.3556,1362
22.3583,1373
22.3611,1411
22.3639,1445
22.3667,1445
22.3694,1414
22.3722,1358
22.3750,1306
22.3778,1285
22.3806,1297
22.3833,1306
22.3861,1320
22.3889,1313
22.3917,1283
22.3944,1258
22.3972,1255
22.4000,1285
22.4028,1306
22.4056,1314
22.4083,1319
22.4111,1297
22.4139,1264
22.4167,1249
22.4194,1247
22.4222,1276
22.4250,1305
22.4278,1337
22.4306,1309
22.4333,1263
22.4361,1229
22.4389,1236
22.4417,1253
22.4444,1257
22.4472,1278
22.4500,1284
22.4528,1258
22.4556,1242
22.4583,1249
22.4611,1324
22.4639,1363
22.4667,1379
22.4694,1365
22.4722,1347
22.4750,1325
22.4778,1315
22.4806,1333
22.4833,1348
22.4861,1361
22.4889,1360
22.4917,1346
22.4944,1333
22.4972,1330
22.5000,1337
22.5028,1341
22.5056,1372
22.5083,1385
22.5111,1387
22.5139,1368
22.5167,1345
22.5194,1331
22.5222,1328
22.5250,1338
22.5278,1372
22.5306,1385
22.5333,1372
22.5361,1339
22.5389,1303
22.5417,1280
22.5444,1283
22.5472,1285
22.5500,1294
22.5528,1287
22.5556,1297
22.5583,1292
22.5611,1286
22.5639,1280
22.5667,1308
22.5694,1326
22.5722,1345
22.5750,1339
22.5778,1331
22.5806,1316
22.5833,1310
22.5861,1322
22.5889,1323
22.5917,1322
22.5944,1306
22.5972,1323
22.6000,1332
22.6028,1334
22.6056,1347
22.6083,1364
22.6111,1356
22.6139,1344
22.6167,1325
22.6194,1327
22.6222,1345
22.6250,1374
22.6278,1399
22.6306,1402
22.6333,1385
22.6361,1383
22.6389,1383
22.6417,1380
22.6444,1386
22.6472,1408
22.6500,1406
22.6528,1390
22.6556,1393
22.6583,1395
22.6611,1394
22.6639,1411
22.6667,1439
22.6694,1464
22.6722,1474
22.6750,1469
22.6778,1466
22.6806,1449
22.6833,1441
22.6861,1446
22.6889,1471
22.6917,1473
22.6944,1488
22.6972,1499
22.7000,1506
22.7028,1495
22.7056,1507
22.7083,1528
22.7111,1511
22.7139,1512
22.7167,1518
22.7194,1553
22.7222,1576
22.7250,1597
22.7278,1617
22.7306,1618
22.7333,1603
22.7361,1582
22.7389,1557
22.7417,1524
22.7444,1520
22.7472,1545
22.7500,1559
22.7528,1549
22.7556,1532
22.7583,1525
22.7611,1524
22.7639,1535
22.7667,1556
22.7694,1568
22.7722,1558
22.7750,1549
22.7778,1556
22.7806,1546
22.7833,1516
22.7861,1511
22.7889,1529
22.7917,1559
22.7944,1572
22.7972,1597
22.8000,1621
22.8028,1605
22.8056,1618
22.8083,1628
22.8111,1632
22.8139,1619
22.8167,1615
22.8194,1617
22.8222,1618
22.8250,1616
22.8278,1598
22.8306,1536
22.8333,1501
22.8361,1509
22.8389,1554
22.8417,1587
22.8444,1636
22.8472,1694
22.8500,1761
22.8528,1847
22.8556,2016
22.8583,2255
22.8611,2458
22.8639,2562
22.8667,2468
22.8694,2268
22.8722,2072
22.8750,1952
22.8778,1929
22.8806,1908
22.8833,1888
22.8861,1894
22.8889,1908
22.8917,1927
22.8944,1924
22.8972,1884
22.9000,1817
22.9028,1741
22.9056,1700
22.9083,1691
22.9111,1683
22.9139,1685
22.9167,1696
22.9194,1683
22.9222,1674
22.9250,1691
22.9278,1727
22.9306,1736
22.9333,1719
22.9361,1714
22.9389,1706
22.9417,1693
22.9444,1687
22.9472,1699
22.9500,1720
22.9528,1717
22.9556,1716
22.9583,1706
22.9611,1697
22.9639,1673
22.9667,1688
22.9694,1703
22.9722,1692
22.9750,1690
22.9778,1676
22.9806,1688
22.9833,1688
22.9861,1709
22.9889,1735
22.9917,1742
22.9944,1726
22.9972,1699
23.0000,1673
23.0028,1655
23.0056,1674
23.0083,1707
23.0111,1748
23.0139,1756
23.0167,1756
23.0194,1735
23.0222,1721
23.0250,1724
23.0278,1738
23.0306,1728
23.0333,1694
23.0361,1665
23.0389,1655
23.0417,1662
23.0444,1682
23.0472,1702
23.0500,1724
23.0528,1696
23.0556,1676
23.0583,1651
23.0611,1630
23.0639,1628
23.0667,1640
23.0694,1658
23.0722,1646
23.0750,1626
23.0778,1624
23.0806,1615
23.0833,1606
23.0861,1602
23.0889,1602
23.0917,1602
23.0944,1616
23.0972,1631
23.1000,1632
23.1028,1634
23.1056,1628
23.1083,1616
23.1111,1594
23.1139,1570
23.1167,1577
23.1194,1581
23.1222,1578
23.1250,1564
23.1278,1543
23.1306,1520
23.1333,1485
23.1361,1481
23.1389,1471
23.1417,1446
23.1444,1444
23.1472,1462
23.1500,1474
23.1528,1470
23.1556,1470
23.1583,1465
23.1611,1432
23.1639,1418
23.1667,1411
23.1694,1407
23.1722,1389
23.1750,1383
23.1778,1384
23.1806,1373
23.1833,1362
23.1861,1351
23.1889,1348
23.1917,1339
23.1944,1330
23.1972,1336
23.2000,1327
23.2028,1301
23.2056,1272
23.2083,1274
23.2111,1255
23.2139,1247
23.2167,1233
23.2194,1229
23.2222,1224
23.2250,1257
23.2278,1298
23.2306,1313
23.2333,1290
23.2361,1257
23.2389,1213
23.2417,1199
23.2444,1219
23.2472,1232
23.2500,1240
23.2528,1232
23.2556,1234
23.2583,1196
23.2611,1179
23.2639,1177
23.2667,1183
23.2694,1190
23.2722,1173
23.2750,1158
23.2778,1154
23.2806,1135
23.2833,1104
23.2861,1085
23.2889,1090
23.2917,1100
23.2944,1102
23.2972,1125
23.3000,1144
23.3028,1146
23.3056,1136
23.3083,1139
23.3111,1114
23.3139,1094
23.3167,1105
23.3194,1119
23.3222,1142
23.3250,1147
23.3278,1152
23.3306,1146
23.3333,1127
23.3361,1096
23.3389,1087
23.3417,1086
23.3444,1087
23.3472,1112
23.3500,1130
23.3528,1131
23.3556,1134
23.3583,1117
23.3611,1088
23.3639,1041
23.3667,1022
23.3694,1012
23.3722,1012
23.3750,1003
23.3778,1001
23.3806,992
23.3833,989
23.3861,1016
23.3889,1042
23.3917,1018
23.3944,996
23.3972,981
23.4000,973
23.4028,966
23.4056,980
23.4083,996
23.4111,1004
23.4139,1007
23.4167,1006
23.4194,1004
23.4222,984
23.4250,982
23.4278,987
23.4306,989
23.4333,999
23.4361,1013
23.4389,1038
23.4417,1037
23.4444,1025
23.4472,1021
23.4500,992
23.4528,963
23.4556,955
23.4583,974
23.4611,1004
23.4639,1030
23.4667,1088
23.4694,1187
23.4722,1360
23.4750,1666
23.4778,2002
23.4806,2272
23.4833,2393
23.4861,2319
23.4889,2061
23.4917,1765
23.4944,1505
23.4972,1369
23.5000,1322
23.5028,1304
23.5056,1317
23.5083,1319
23.5111,1298
23.5139,1243
23.5167,1202
23.5194,1166
23.5222,1121
23.5250,1110
23.5278,1124
23.5306,1159
23.5333,1193
23.5361,1222
23.5389,1218
23.5417,1191
23.5444,1174
23.5472,1192
23.5500,1220
23.5528,1239
23.5556,1268
23.5583,1263
23.5611,1240
23.5639,1227
23.5667,1249
23.5694,1266
23.5722,1265
23.5750,1264
23.5778,1271
23.5806,1269
23.5833,1293
23.5861,1315
23.5889,1359
23.5917,1373
23.5944,1373
23.5972,1367
23.6000,1359
23.6028,1347
23.6056,1374
23.6083,1412
23.6111,1412
23.6139,1405
23.6167,1396
23.6194,1373
23.6222,1359
23.6250,1375
23.6278,1420
23.6306,1452
23.6333,1457
23.6361,1466
23.6389,1457
23.6417,1438
23.6444,1430
23.6472,1455
23.6500,1492
23.6528,1539
23.6556,1584
23.6583,1620
23.6611,1610
23.6639,1615
23.6667,1635
23.6694,1657
23.6722,1912
23.6750,1886
23.6778,1892
23.6806,1874
23.6833,1889
23.6861,1910
23.6889,1915
23.6917,1909
23.6944,1899
23.6972,1884
23.7000,1874
23.7028,1878
23.7056,1895
23.7083,1915
23.7111,1922
23.7139,1918
23.7167,1896
23.7194,1870
23.7222,1857
23.7250,1865
23.7278,1875
23.7306,1869
23.7333,1867
23.7361,1873
23.7389,1872
23.7417,1885
23.7444,1936
23.7472,1983
23.7500,2003
23.7528,1997
23.7556,1991
23.7583,1996
23.7611,1979
23.7639,1983
23.7667,2017
23.7694,2051
23.7722,2081
23.7750,2102
23.7778,2104
23.7806,2090
23.7833,2082
23.7861,2097
23.7889,2093
23.7917,2102
23.7944,2101
23.7972,2101
23.8000,2092
23.8028,2083
23.8056,2081
23.8083,2088
23.8111,2081
23.8139,2089
23.8167,2106
23.8194,2106
23.8222,2111
23.8250,2130
23.8278,2161
23.8306,2183
23.8333,2197
23.8361,2203
23.8389,2186
23.8417,2202
23.8444,2227
23.8472,2278
23.8500,2313
23.8528,2321
23.8556,2319
23.8583,2307
23.8611,2266
23.8639,2254
23.8667,2286
23.8694,2331
23.8722,2349
23.8750,2366
23.8778,2354
23.8806,2338
23.8833,2344
23.8861,2367
23.8889,2374
23.8917,2376
23.8944,2383
23.8972,2404
23.9000,2415
23.9028,2405
23.9056,2409
23.9083,2430
23.9111,2447
23.9139,2447
23.9167,2444
23.9194,2419
23.9222,2387
23.9250,2389
23.9278,2410
23.9306,2408
23.9333,2389
23.9361,2376
23.9389,2360
23.9417,2355
23.9444,2378
23.9472,2392
23.9500,2369
23.9528,2353
23.9556,2327
23.9583,2312
23.9611,2311
23.9639,2317
23.9667,2343
23.9694,2363
23.9722,2364
23.9750,2396
23.9778,2416
23.9806,2428
23.9833,2442
23.9861,2455
23.9889,2461
23.9917,2432
23.9944,2427
23.9972,2438
24.0000,2434
24.0028,2434
24.0056,2414
24.0083,2368
24.0111,2322
24.0139,2326
24.0167,2355
24.0194,2408
24.0222,2494
24.0250,2626
24.0278,2824
24.0306,3093
24.0333,3316
24.0361,3312
24.0389,3334
24.0417,3383
24.0444,3404
24.0472,3395
24.0500,3273
24.0528,3053
24.0556,2850
24.0583,2742
24.0611,2669
24.0639,2652
24.0667,2656
24.0694,2627
24.0722,2600
24.0750,2588
24.0778,2581
24.0806,2541
24.0833,2535
24.0861,2537
24.0889,2535
24.0917,2543
24.0944,2532
24.0972,2519
24.1000,2502
24.1028,2520
24.1056,2544
24.1083,2565
24.1111,2564
24.1139,2562
24.1167,2547
24.1194,2518
24.1222,2499
24.1250,2520
24.1278,2549
24.1306,2565
24.1333,2556
24.1361,2564
24.1389,2557
24.1417,2539
24.1444,2527
24.1472,2548
24.1500,2586
24.1528,2600
24.1556,2612
24.1583,2606
24.1611,2602
24.1639,2587
24.1667,2599
24.1694,2606
24.1722,2618
24.1750,2630
24.1778,2631
24.1806,2608
24.1833,2596
24.1861,2607
24.1889,2615
24.1917,2614
24.1944,2618
24.1972,2630
24.2000,2628
24.2028,2616
24.2056,2631
24.2083,2633
24.2111,2620
24.2139,2601
24.2167,2610
24.2194,2615
24.2222,2625
24.2250,2600
24.2278,2589
24.2306,2547
24.2333,2528
24.2361,2520
24.2389,2527
24.2417,2513
24.2444,2507
24.2472,2499
24.2500,2487
24.2528,2488
24.2556,2486
24.2583,2461
24.2611,2441
24.2639,2441
24.2667,2447
24.2694,2461
24.2722,2462
24.2750,2447
24.2778,2424
24.2806,2408
24.2833,2400
24.2861,2395
24.2889,2383
24.2917,2360
24.2944,2360
24.2972,2356
24.3000,2361
24.3028,2373
24.3056,2379
24.3083,2371
24.3111,2346
24.3139,2319
24.3167,2294
24.3194,2256
24.3222,2233
24.3250,2241
24.3278,2245
24.3306,2262
24.3333,2274
24.3361,2280
24.3389,2265
24.3417,2264
24.3444,2276
24.3472,2285
24.3500,2290
24.3528,2295
24.3556,2292
24.3583,2281
24.3611,2295
24.3639,2302
24.3667,2313
24.3694,2286
24.3722,2284
24.3750,2271
24.3778,2258
24.3806,2241
24.3833,2229
24.3861,2232
24.3889,2235
24.3917,2245
24.3944,2265
24.3972,2291
24.4000,2266
24.4028,2252
24.4056,2250
24.4083,2249
24.4111,2237
24.4139,2239
24.4167,2249
24.4194,2236
24.4222,2227
24.4250,2225
24.4278,2213
24.4306,2184
24.4333,2164
24.4361,2147
24.4389,2128
24.4417,2128
24.4444,2159
24.4472,2169
24.4500,2157
24.4528,2139
24.4556,2161
24.4583,2153
24.4611,2138
24.4639,2140
24.4667,2162
24.4694,2163
24.4722,2161
24.4750,2166
24.4778,2174
24.4806,2196
24.4833,2217
24.4861,2228
24.4889,2186
24.4917,2150
24.4944,2122
24.4972,2121
24.5000,2113
24.5028,2135
24.5056,2162
24.5083,2172
24.5111,2186
24.5139,2202
24.5167,2193
24.5194,2174
24.5222,2163
24.5250,2151
24.5278,2117
24.5306,2071
24.5333,2035
24.5361,2017
24.5389,1999
24.5417,1990
24.5444,2000
24.5472,2018
24.5500,2009
24.5528,2002
24.5556,1999
24.5583,1997
24.5611,2009
24.5639,2027
24.5667,2047
24.5694,2053
24.5722,2058
24.5750,2044
24.5778,2000
24.5806,1976
24.5833,1977
24.5861,1998
24.5889,2007
24.5917,2030
24.5944,2033
24.5972,2030
24.6000,1999
24.6028,1982
24.6056,1969
24.6083,1954
24.6111,1901
24.6139,1876
24.6167,1860
24.6194,1853
24.6222,1870
24.6250,1918
24.6278,1957
24.6306,2016
24.6333,2127
24.6361,2301
24.6389,2557
24.6417,2836
24.6444,3107
24.6472,3208
24.6500,3108
24.6528,2844
24.6556,2538
24.6583,2319
24.6611,2201
24.6639,2172
24.6667,2179
24.6694,2169
24.6722,2158
24.6750,2135
24.6778,2061
24.6806,1957
24.6833,1871
24.6861,1830
24.6889,1811
24.6917,1826
24.6944,1864
24.6972,1883
24.7000,1874
24.7028,1857
24.7056,1840
24.7083,1821
24.7111,1820
24.7139,1848
24.7167,1875
24.7194,1883
24.7222,1872
24.7250,1860
24.7278,1818
24.7306,1787
24.7333,1796
24.7361,1813
24.7389,1818
24.7417,1824
24.7444,1825
24.7472,1820
24.7500,1815
24.7528,1813
24.7556,1835
24.7583,1847
24.7611,1822
24.7639,1817
24.7667,1793
24.7694,1776
24.7722,1782
24.7750,1807
24.7778,1832
24.7806,1811
24.7833,1795
24.7861,1771
24.7889,1770
24.7917,1770
24.7944,1801
24.7972,1820
24.8000,1811
24.8028,1791
24.8056,1766
24.8083,1749
24.8111,1766
24.8139,1806
24.8167,1834
24.8194,1840
24.8222,1825
24.8250,1799
24.8278,1791
24.8306,1794
24.8333,1821
24.8361,1700
24.8389,1724
24.8417,1750
24.8444,1774
24.8472,1769
24.8500,1745
24.8528,1724
24.8556,1714
24.8583,1697
24.8611,1690
24.8639,1687
24.8667,1680
24.8694,1655
24.8722,1644
24.8750,1625
24.8778,1611
24.8806,1645
24.8833,1691
24.8861,1705
24.8889,1675
24.8917,1644
24.8944,1625
24.8972,1600
24.9000,1587
24.9028,1591
24.9056,1608
24.9083,1602
24.9111,1582
24.9139,1574
24.9167,1546
24.9194,1534
24.9222,1557
24.9250,1580
24.9278,1603
24.9306,1616
24.9333,1628
24.9361,1626
24.9389,1590
24.9417,1561
24.9444,1571
24.9472,1583
24.9500,1590
24.9528,1606
24.9556,1607
24.9583,1600
24.9611,1582
24.9639,1568
24.9667,1565
24.9694,1566
24.9722,1563
24.9750,1580
24.9778,1579
24.9806,1585
24.9833,1601
24.9861,1597
24.9889,1589
24.9917,1594
24.9944,1605
24.9972,1576
25.0000,1547
25.0028,1535
25.0056,1536
25.0083,1535
25.0111,1542
25.0139,1552
25.0167,1554
25.0194,1552
25.0222,1570
25.0250,1587
25.0278,1573
25.0306,1556
25.0333,1553
25.0361,1546
25.0389,1513
25.0417,1515
25.0444,1535
25.0472,1547
25.0500,1546
25.0528,1546
25.0556,1549
25.0583,1538
25.0611,1520
25.0639,1546
25.0667,1549
25.0694,1532
25.0722,1514
25.0750,1515
25.0778,1514
25.0806,1519
25.0833,1542
25.0861,1536
25.0889,1523
25.0917,1506
25.0944,1476
25.0972,1463
25.1000,1475
25.1028,1507
25.1056,1519
25.1083,1506
25.1111,1487
25.1139,1504
25.1167,1501
25.1194,1515
25.1222,1524
25.1250,1531
25.1278,1524
25.1306,1503
25.1333,1478
25.1361,1454
25.1389,1445
25.1417,1470
25.1444,1513
25.1472,1533
25.1500,1543
25.1528,1547
25.1556,1546
25.1583,1531
25.1611,1517
25.1639,1513
25.1667,1503
25.1694,1495
25.1722,1471
25.1750,1470
25.1778,1489
25.1806,1519
25.1833,1561
25.1861,1592
25.1889,1587
25.1917,1595
25.1944,1606
25.1972,1619
25.2000,1617
25.2028,1601
25.2056,1573
25.2083,1521
25.2111,1489
25.2139,1466
25.2167,1462
25.2194,1444
25.2222,1431
25.2250,1444
25.2278,1455
25.2306,1456
25.2333,1454
25.2361,1449
25.2389,1444
25.2417,1459
25.2444,1474
25.2472,1460
25.2500,1432
25.2528,1425
25.2556,1442
25.2583,1449
25.2611,1457
25.2639,1477
25.2667,1466
25.2694,1448
25.2722,1439
25.2750,1441
25.2778,1440
25.2806,1435
25.2833,1431
25.2861,1420
25.2889,1385
25.2917,1341
25.2944,1338
25.2972,1332
25.3000,1361
25.3028,1421
25.3056,1474
25.3083,1533
25.3111,1615
25.3139,1759
25.3167,1986
25.3194,2236
25.3222,2478
25.3250,2566
25.3278,2459
25.3306,2225
25.3333,1980
25.3361,1792
25.3389,1677
25.3417,1639
25.3444,1656
25.3472,1668
25.3500,1662
25.3528,1640
25.3556,1584
25.3583,1476
25.3611,1404
25.3639,1362
25.3667,1335
25.3694,1328
25.3722,1347
25.3750,1388
25.3778,1424
25.3806,1422
25.3833,1429
25.3861,1402
25.3889,1393
25.3917,1396
25.3944,1409
25.3972,1403
25.4000,1400
25.4028,1410
25.4056,1406
25.4083,1405
25.4111,1419
25.4139,1439
25.4167,1445
25.4194,1419
25.4222,1395
25.4250,1383
25.4278,1383
25.4306,1402
25.4333,1463
25.4361,1506
25.4389,1503
25.4417,1477
25.4444,1467
25.4472,1461
25.4500,1458
25.4528,1473
25.4556,1460
25.4583,1448
25.4611,1443
25.4639,1446
25.4667,1458
25.4694,1484
25.4722,1530
25.4750,1538
25.4778,1523
25.4806,1490
25.4833,1466
25.4861,1472
25.4889,1478
25.4917,1502
25.4944,1533
25.4972,1515
25.5000,1506
25.5028,1513
25.5056,1533
25.5083,1555
25.5111,1580
25.5139,1549
25.5167,1562
25.5194,1538
25.5222,1558
25.5250,1589
25.5278,1607
25.5306,1618
25.5333,1615
25.5361,1587
25.5389,1548
25.5417,1532
25.5444,1535
25.5472,1542
25.5500,1545
25.5528,1546
25.5556,1513
25.5583,1491
25.5611,1500
25.5639,1523
25.5667,1516
25.5694,1488
25.5722,1460
25.5750,1467
25.5778,1465
25.5806,1477
25.5833,1501
25.5861,1485
25.5889,1474
25.5917,1476
25.5944,1479
25.5972,1476
25.6000,1497
25.6028,1527
25.6056,1554
25.6083,1534
25.6111,1528
25.6139,1505
25.6167,1458
25.6194,1446
25.6222,1466
25.6250,1494
25.6278,1507
25.6306,1505
25.6333,1500
25.6361,1488
25.6389,1485
25.6417,1483
25.6444,1488
25.6472,1473
25.6500,1470
25.6528,1460
25.6556,1446
25.6583,1455
25.6611,1488
25.6639,1516
25.6667,1523
25.6694,1500
25.6722,1499
25.6750,1493
25.6778,1480
25.6806,1480
25.6833,1506
25.6861,1521
25.6889,1515
25.6917,1523
25.6944,1537
25.6972,1531
25.7000,1529
25.7028,1533
25.7056,1526
25.7083,1508
25.7111,1506
25.7139,1508
25.7167,1512
25.7194,1507
25.7222,1501
25.7250,1469
25.7278,1449
25.7306,1452
25.7333,1468
25.7361,1482
25.7389,1490
25.7417,1494
25.7444,1499
25.7472,1465
25.7500,1464
25.7528,1490
25.7556,1508
25.7583,1506
25.7611,1514
25.7639,1500
25.7667,1505
25.7694,1504
25.7722,1534
25.7750,1536
25.7778,1512
25.7806,1492
25.7833,1457
25.7861,1463
25.7889,1466
25.7917,1502
25.7944,1518
25.7972,1502
25.8000,1483
25.8028,1480
25.8056,1499
25.8083,1507
25.8111,1532
25.8139,1523
25.8167,1492
25.8194,1464
25.8222,1469
25.8250,1502
25.8278,1541
25.8306,1577
25.8333,1616
25.8361,1612
25.8389,1606
25.8417,1602
25.8444,1597
25.8472,1580
25.8500,1582
25.8528,1610
25.8556,1628
25.8583,1620
25.8611,1612
25.8639,1610
25.8667,1612
25.8694,1594
25.8722,1586
25.8750,1584
25.8778,1565
25.8806,1547
25.8833,1533
25.8861,1504
25.8889,1471
25.8917,1467
25.8944,1479
25.8972,1475
25.9000,1447
25.9028,1458
25.9056,1478
25.9083,1511
25.9111,1552
25.9139,1557
25.9167,1547
25.9194,1547
25.9222,1557
25.9250,1571
25.9278,1577
25.9306,1575
25.9333,1572
25.9361,1566
25.9389,1549
25.9417,1544
25.9444,1525
25.9472,1518
25.9500,1547
25.9528,1583
25.9556,1589
25.9583,1565
25.9611,1512
25.9639,1482
25.9667,1449
25.9694,1439
25.9722,1474
25.9750,1518
25.9778,1566
25.9806,1660
25.9833,1816
25.9861,2041
25.9889,2318
25.9917,2563
25.9944,2679
25.9972,2615
26.0000,2377
26.0028,2109
26.0056,1891
26.0083,1790
26.0111,1761
26.0139,1784
26.0167,1820
26.0194,1858
26.0222,1849
26.0250,1792
26.0278,1700
26.0306,1636
26.0333,1622
26.0361,1592
26.0389,1593
26.0417,1615
26.0444,1637
26.0472,1621
26.0500,1602
26.0528,1579
26.0556,1557
26.0583,1553
26.0611,1583
26.0639,1626
26.0667,1656
26.0694,1644
26.0722,1623
26.0750,1617
26.0778,1631
26.0806,1656
26.0833,1669
26.0861,1673
26.0889,1656
26.0917,1654
26.0944,1646
26.0972,1638
26.1000,1650
26.1028,1668
26.1056,1653
26.1083,1591
26.1111,1533
26.1139,1525
26.1167,1585
26.1194,1651
26.1222,1728
26.1250,1733
26.1278,1723
26.1306,1710
26.1333,1671
26.1361,1642
26.1389,1642
26.1417,1673
26.1444,1699
26.1472,1714
26.1500,1720
26.1528,1731
26.1556,1721
26.1583,1710
26.1611,1710
26.1639,1710
26.1667,1699
26.1694,1698
26.1722,1730
26.1750,1778
26.1778,1800
26.1806,1807
26.1833,1750
26.1861,1731
26.1889,1714
26.1917,1713
26.1944,1732
26.1972,1772
26.2000,1814
26.2028,1837
26.2056,1787
26.2083,1708
26.2111,1633
26.2139,1585
26.2167,1555
26.2194,1565
26.2222,1599
26.2250,1649
26.2278,1697
26.2306,1730
26.2333,1723
26.2361,1688
26.2389,1674
26.2417,1675
26.2444,1664
26.2472,1630
26.2500,1611
26.2528,1623
26.2556,1645
26.2583,1642
26.2611,1639
26.2639,1636
26.2667,1627
26.2694,1640
26.2722,1642
26.2750,1610
26.2778,1576
26.2806,1548
26.2833,1541
26.2861,1522
26.2889,1524
26.2917,1572
26.2944,1610
26.2972,1626
26.3000,1634
26.3028,1656
26.3056,1646
26.3083,1616
26.3111,1579
26.3139,1538
26.3167,1511
26.3194,1530
26.3222,1586
26.3250,1631
26.3278,1656
26.3306,1672
26.3333,1669
26.3361,1631
26.3389,1593
26.3417,1585
26.3444,1562
26.3472,1539
26.3500,1510
26.3528,1477
26.3556,1447
26.3583,1450
26.3611,1498
26.3639,1578
26.3667,1620
26.3694,1660
26.3722,1654
26.3750,1595
26.3778,1546
26.3806,1510
26.3833,1501
26.3861,1487
26.3889,1496
26.3917,1502
26.3944,1514
26.3972,1540
26.4000,1563
26.4028,1576
26.4056,1569
26.4083,1502
26.4111,1435
26.4139,1391
26.4167,1381
26.4194,1432
26.4222,1501
26.4250,1534
26.4278,1540
26.4306,1503
26.4333,1463
26.4361,1447
26.4389,1473
26.4417,1500
26.4444,1508
26.4472,1466
26.4500,1391
26.4528,1328
26.4556,1278
26.4583,1281
26.4611,1338
26.4639,1401
26.4667,1439
26.4694,1456
26.4722,1441
26.4750,1431
26.4778,1405
26.4806,1416
26.4833,1401
26.4861,1386
26.4889,1358
26.4917,1358
26.4944,1361
26.4972,1369
26.5000,1397
26.5028,1394
26.5056,1387
26.5083,1369
26.5111,1352
26.5139,1299
26.5167,1220
26.5194,1196
26.5222,1213
26.5250,1220
26.5278,1210
26.5306,1191
26.5333,1184
26.5361,1184
26.5389,1187
26.5417,1187
26.5444,1185
26.5472,1192
26.5500,1190
26.5528,1188
26.5556,1177
26.5583,1172
26.5611,1172
26.5639,1175
26.5667,1161
26.5694,1153
26.5722,1132
26.5750,1117
26.5778,1111
26.5806,1125
26.5833,1143
26.5861,1124
26.5889,1117
26.5917,1082
26.5944,1010
26.5972,942
26.6000,934
26.6028,952
26.6056,985
26.6083,1025
26.6111,1089
26.6139,1183
26.6167,1337
26.6194,1548
26.6222,1787
26.6250,1952
26.6278,1985
26.6306,1856
26.6333,1639
26.6361,1410
26.6389,1241
26.6417,1182
26.6444,1167
26.6472,1171
26.6500,1178
26.6528,1183
26.6556,1190
26.6583,1186
26.6611,1138
26.6639,1057
26.6667,985
26.6694,973
26.6722,965
26.6750,950
26.6778,923
26.6806,898
26.6833,878
26.6861,882
26.6889,910
26.6917,937
26.6944,946
26.6972,959
26.7000,955
26.7028,932
26.7056,892
26.7083,856
26.7111,854
26.7139,889
26.7167,929
26.7194,945
26.7222,950
26.7250,932
26.7278,901
26.7306,874
26.7333,858
26.7361,853
26.7389,864
26.7417,879
26.7444,863
26.7472,846
26.7500,836
26.7528,837
26.7556,833
26.7583,844
26.7611,851
26.7639,854
26.7667,880
26.7694,898
26.7722,892
26.7750,879
26.7778,885
26.7806,908
26.7833,921
26.7861,917
26.7889,915
26.7917,903
26.7944,898
26.7972,901
26.8000,911
26.8028,904
26.8056,898
26.8083,912
26.8111,930
26.8139,917
26.8167,965
26.8194,974
26.8222,947
26.8250,880
26.8278,840
26.8306,838
26.8333,851
26.8361,866
26.8389,900
26.8417,933
26.8444,925
26.8472,893
26.8500,849
26.8528,822
26.8556,829
26.8583,867
26.8611,881
26.8639,863
26.8667,818
26.8694,804
26.8722,830
26.8750,842
26.8778,826
26.8806,814
26.8833,781
26.8861,771
26.8889,797
26.8917,828
26.8944,832
26.8972,832
26.9000,865
26.9028,890
26.9056,905
26.9083,903
26.9111,866
26.9139,853
26.9167,882
26.9194,934
26.9222,949
26.9250,956
26.9278,962
26.9306,952
26.9333,928
26.9361,901
26.9389,891
26.9417,924
26.9444,950
26.9472,953
26.9500,969
26.9528,969
26.9556,965
26.9583,985
26.9611,1023
26.9639,1042
26.9667,1029
26.9694,1001
26.9722,975
26.9750,968
26.9778,999
26.9806,1034
26.9833,1058
26.9861,1064
26.9889,1080
26.9917,1083
26.9944,1063
26.9972,1035
27.0000,1023
27.0028,1050
27.0056,1069
27.0083,1081
27.0111,1108
27.0139,1131
27.0167,1161
27.0194,1187
27.0222,1199
27.0250,1181
27.0278,1153
27.0306,1135
27.0333,1129
27.0361,1140
27.0389,1172
27.0417,1203
27.0444,1160
27.0472,1152
27.0500,1184
27.0528,1223
27.0556,1236
27.0583,1239
27.0611,1240
27.0639,1237
27.0667,1260
27.0694,1305
27.0722,1319
27.0750,1322
27.0778,1309
27.0806,1305
27.0833,1314
27.0861,1351
27.0889,1385
27.0917,1414
27.0944,1425
27.0972,1435
27.1000,1422
27.1028,1413
27.1056,1407
27.1083,1402
27.1111,1422
27.1139,1434
27.1167,1425
27.1194,1412
27.1222,1392
27.1250,1349
27.1278,1333
27.1306,1363
27.1333,1409
27.1361,1440
27.1389,1472
27.1417,1469
27.1444,1454
27.1472,1455
27.1500,1465
27.1528,1475
27.1556,1488
27.1583,1500
27.1611,1516
27.1639,1515
27.1667,1515
27.1694,1522
27.1722,1516
27.1750,1497
27.1778,1482
27.1806,1496
27.1833,1491
27.1861,1507
27.1889,1533
27.1917,1545
27.1944,1522
27.1972,1474
27.2000,1438
27.2028,1437
27.2056,1471
27.2083,1545
27.2111,1604
27.2139,1665
27.2167,1744
27.2194,1868
27.2222,2050
27.2250,2294
27.2278,2549
27.2306,2711
27.2333,2684
27.2361,2487
27.2389,2243
27.2417,2061
27.2444,1951
27.2472,1901
27.2500,1916
27.2528,1943
27.2556,1960
27.2583,1954
27.2611,1952
27.2639,1915
27.2667,1852
27.2694,1814
27.2722,1790
27.2750,1807
27.2778,1847
27.2806,1896
27.2833,1902
27.2861,1890
27.2889,1887
27.2917,1915
27.2944,1940
27.2972,1959
27.3000,1974
27.3028,1957
27.3056,1926
27.3083,1899
27.3111,1914
27.3139,1937
27.3167,1956
27.3194,1997
27.3222,2019
27.3250,1997
27.3278,1989
27.3306,1997
27.3333,2010
27.3361,2029
27.3389,2058
27.3417,2066
27.3444,2053
27.3472,2047
27.3500,2059
27.3528,2075
27.3556,2078
27.3583,2106
27.3611,2161
27.3639,2194
27.3667,2183
27.3694,2166
27.3722,2142
27.3750,2140
27.3778,2138
27.3806,2180
27.3833,2219
27.3861,2232
27.3889,2241
27.3917,2250
27.3944,2229
27.3972,2225
27.4000,2229
27.4028,2242
27.4056,2247
27.4083,2267
27.4111,2283
27.4139,2289
27.4167,2290
27.4194,2320
27.4222,2318
27.4250,2290
27.4278,2251
27.4306,2228
27.4333,2232
27.4361,2250
27.4389,2285
27.4417,2315
27.4444,2292
27.4472,2255
27.4500,2221
27.4528,2211
27.4556,2221
27.4583,2274
27.4611,2308
27.4639,2329
27.4667,2312
27.4694,2283
27.4722,2222
27.4750,2157
27.4778,2150
27.4806,2168
27.4833,2193
27.4861,2196
27.4889,2179
27.4917,2169
27.4944,2157
27.4972,2187
27.5000,2235
27.5028,2248
27.5056,2247
27.5083,2217
27.5111,2181
27.5139,2156
27.5167,2151
27.5194,2189
27.5222,2233
27.5250,2262
27.5278,2273
27.5306,2262
27.5333,2250
27.5361,2242
27.5389,2273
27.5417,2290
27.5444,2300
27.5472,2286
27.5500,2276
27.5528,2256
27.5556,2247
27.5583,2259
27.5611,2266
27.5639,2279
27.5667,2310
27.5694,2347
27.5722,2336
27.5750,2336
27.5778,2356
27.5806,2368
27.5833,2348
27.5861,2301
27.5889,2281
27.5917,2263
27.5944,2296
27.5972,2304
27.6000,2324
27.6028,2327
27.6056,2322
27.6083,2332
27.6111,2357
27.6139,2362
27.6167,2367
27.6194,2381
27.6222,2384
27.6250,2363
27.6278,2375
27.6306,2417
27.6333,2462
27.6361,2491
27.6389,2504
27.6417,2499
27.6444,2464
27.6472,2431
27.6500,2426
27.6528,2410
27.6556,2428
27.6583,2500
27.6611,2529
27.6639,2534
27.6667,2528
27.6694,2515
27.6722,2506
27.6750,2492
27.6778,2488
27.6806,2490
27.6833,2450
27.6861,2415
27.6889,2402
27.6917,2405
27.6944,2409
27.6972,2433
27.7000,2441
27.7028,2438
27.7056,2424
27.7083,2414
27.7111,2400
27.7139,2375
27.7167,2375
27.7194,2398
27.7222,2397
27.7250,2383
27.7278,2377
27.7306,2382
27.7333,2388
27.7361,2386
27.7389,2384
27.7417,2385
27.7444,2382
27.7472,2373
27.7500,2357
27.7528,2321
27.7556,2301
27.7583,2334
27.7611,2381
27.7639,2423
27.7667,2425
27.7694,2417
27.7722,2387
27.7750,2359
27.7778,2357
27.7806,2363
27.7833,2371
27.7861,2389
27.7889,2452
27.7917,2548
27.7944,2713
27.7972,2938
27.8000,3185
27.8028,3317
27.8056,3283
27.8083,3130
27.8111,2918
27.8139,2743
27.8167,2651
27.8194,2619
27.8222,2612
27.8250,2591
27.8278,2573
27.8306,2579
27.8333,2561
27.8361,2569
27.8389,2537
27.8417,2471
27.8444,2417
27.8472,2401
27.8500,2408
27.8528,2404
27.8556,2390
27.8583,2375
27.8611,2350
27.8639,2314
27.8667,2312
27.8694,2344
27.8722,2381
27.8750,2389
27.8778,2372
27.8806,2342
27.8833,2329
27.8861,2322
27.8889,2341
27.8917,2346
27.8944,2337
27.8972,2327
27.9000,2315
27.9028,2299
27.9056,2282
27.9083,2286
27.9111,2302
27.9139,2291
27.9167,2310
27.9194,2316
27.9222,2312
27.9250,2294
27.9278,2285
27.9306,2280
27.9333,2282
27.9361,2286
27.9389,2292
27.9417,2289
27.9444,2274
27.9472,2258
27.9500,2269
27.9528,2266
27.9556,2261
27.9583,2270
27.9611,2269
27.9639,2263
27.9667,2250
27.9694,2247
27.9722,2234
27.9750,2221
27.9778,2215
27.9806,2204
27.9833,2179
27.9861,2173
27.9889,2199
27.9917,2240
27.9944,2225
27.9972,2235
28.0000,2244
28.0028,2242
28.0056,2238
28.0083,2234
28.0111,2228
28.0139,2222
28.0167,2226
28.0194,2221
28.0222,2201
28.0250,2140
28.0278,2102
28.0306,2089
28.0333,2081
28.0361,2084
28.0389,2111
28.0417,2132
28.0444,2114
28.0472,2090
28.0500,2067
28.0528,2031
28.0556,2026
28.0583,2026
28.0611,2016
28.0639,2015
28.0667,2023
28.0694,2039
28.0722,2040
28.0750,2064
28.0778,2076
28.0806,2097
28.0833,2105
28.0861,2120
28.0889,2137
28.0917,2128
28.0944,2108
28.0972,2091
28.1000,2083
28.1028,2069
28.1056,2076
28.1083,2083
28.1111,2095
28.1139,2113
28.1167,2125
28.1194,2114
28.1222,2099
28.1250,2094
28.1278,2096
28.1306,2090
28.1333,2069
28.1361,2079
28.1389,2064
28.1417,2061
28.1444,2056
28.1472,2093
28.1500,2124
28.1528,2123
28.1556,2093
28.1583,2068
28.1611,2029
28.1639,2008
28.1667,2013
28.1694,2030
28.1722,2036
28.1750,2039
28.1778,2049
28.1806,2056
28.1833,2062
28.1861,2060
28.1889,2065
28.1917,2072
28.1944,2088
28.1972,2125
28.2000,2125
28.2028,2107
28.2056,2083
28.2083,2068
28.2111,2075
28.2139,2075
28.2167,2091
28.2194,2098
28.2222,2084
28.2250,2079
28.2278,2077
28.2306,2072
28.2333,2101
28.2361,2142
28.2389,2152
28.2417,2125
28.2444,2095
28.2472,2059
28.2500,2047
28.2528,2045
28.2556,2061
28.2583,2073
28.2611,2072
28.2639,2060
28.2667,2065
28.2694,2070
28.2722,2051
28.2750,2051
28.2778,2073
28.2806,2096
28.2833,2130
28.2861,2177
28.2889,2198
28.2917,2205
28.2944,2212
28.2972,2223
28.3000,2204
28.3028,2186
28.3056,2153
28.3083,2143
28.3111,2141
28.3139,2140
28.3167,2144
28.3194,2142
28.3222,2138
28.3250,2150
28.3278,2163
28.3306,2175
28.3333,2163
28.3361,2136
28.3389,2089
28.3417,2041
28.3444,2018
28.3472,2034
28.3500,2065
28.3528,2108
28.3556,2203
28.3583,2344
28.3611,2556
28.3639,2824
28.3667,3088
28.3694,3256
28.3722,3221
28.3750,3027
28.3778,2753
28.3806,2501
28.3833,2333
28.3861,2256
28.3889,2254
28.3917,2268
28.3944,2278
28.3972,2278
28.4000,2240
28.4028,2165
28.4056,2087
28.4083,2034
28.4111,2005
28.4139,2010
28.4167,2020
28.4194,2031
28.4222,2014
28.4250,1989
28.4278,1982
28.4306,1961
28.4333,1966
28.4361,1997
28.4389,2013
28.4417,2019
28.4444,2001
28.4472,1986
28.4500,1975
28.4528,1965
28.4556,2007
28.4583,2037
28.4611,2049
28.4639,2036
28.4667,1998
28.4694,1978
28.4722,1976
28.4750,1995
28.4778,2023
28.4806,2025
28.4833,2005
28.4861,1981
28.4889,1969
28.4917,1980
28.4944,1985
28.4972,2022
28.5000,2035
28.5028,1999
28.5056,1976
28.5083,1972
28.5111,1967
28.5139,1979
28.5167,2002
28.5194,2024
28.5222,2023
28.5250,1998
28.5278,2007
28.5306,2020
28.5333,2023
28.5361,2033
28.5389,2039
28.5417,2025
28.5444,2023
28.5472,2047
28.5500,2069
28.5528,2085
28.5556,2116
28.5583,2156
28.5611,2025
28.5639,2010
28.5667,1999
28.5694,1991
28.5722,1980
28.5750,1976
28.5778,1966
28.5806,1955
28.5833,1945
28.5861,1931
28.5889,1927
28.5917,1895
28.5944,1867
28.5972,1849
28.6000,1817
28.6028,1786
28.6056,1773
28.6083,1757
28.6111,1730
28.6139,1728
28.6167,1717
28.6194,1721
28.6222,1717
28.6250,1712
28.6278,1708
28.6306,1687
28.6333,1680
28.6361,1675
28.6389,1671
28.6417,1656
28.6444,1656
28.6472,1638
28.6500,1626
28.6528,1616
28.6556,1624
28.6583,1648
28.6611,1668
28.6639,1668
28.6667,1653
28.6694,1626
28.6722,1602
28.6750,1605
28.6778,1625
28.6806,1622
28.6833,1595
28.6861,1572
28.6889,1544
28.6917,1505
28.6944,1496
28.6972,1524
28.7000,1534
28.7028,1539
28.7056,1533
28.7083,1533
28.7111,1527
28.7139,1525
28.7167,1519
28.7194,1512
28.7222,1502
28.7250,1499
28.7278,1510
28.7306,1503
28.7333,1492
28.7361,1512
28.7389,1511
28.7417,1496
28.7444,1489
28.7472,1499
28.7500,1497
28.7528,1492
28.7556,1511
28.7583,1532
28.7611,1527
28.7639,1498
28.7667,1470
28.7694,1431
28.7722,1425
28.7750,1454
28.7778,1496
28.7806,1522
28.7833,1542
28.7861,1550
28.7889,1508
28.7917,1471
28.7944,1457
28.7972,1469
28.8000,1457
28.8028,1441
28.8056,1421
28.8083,1401
28.8111,1389
28.8139,1367
28.8167,1369
28.8194,1358
28.8222,1348
28.8250,1331
28.8278,1332
28.8306,1321
28.8333,1315
28.8361,1325
28.8389,1327
28.8417,1314
28.8444,1306
28.8472,1299
28.8500,1291
28.8528,1279
28.8556,1289
28.8583,1301
28.8611,1300
28.8639,1305
28.8667,1315
28.8694,1308
28.8722,1300
28.8750,1311
28.8778,1325
28.8806,1316
28.8833,1290
28.8861,1267
28.8889,1239
28.8917,1211
28.8944,1215
28.8972,1228
28.9000,1259
28.9028,1291
28.9056,1351
28.9083,1440
28.9111,1611
28.9139,1871
28.9167,2154
28.9194,2372
28.9222,2427
28.9250,2274
28.9278,1999
28.9306,1737
28.9333,1545
28.9361,1460
28.9389,1446
28.9417,1447
28.9444,1474
28.9472,1491
28.9500,1482
28.9528,1430
28.9556,1362
28.9583,1295
28.9611,1243
28.9639,1232
28.9667,1257
28.9694,1293
28.9722,1300
28.9750,1313
28.9778,1299
28.9806,1282
28.9833,1279
28.9861,1305
28.9889,1316
28.9917,1318
28.9944,1306
28.9972,1295
29.0000,1273
29.0028,1255
29.0056,1252
29.0083,1270
29.0111,1287
29.0139,1301
29.0167,1307
29.0194,1309
29.0222,1290
29.0250,1297
29.0278,1305
29.0306,1313
29.0333,1318
29.0361,1317
29.0389,1321
29.0417,1312
29.0444,1308
29.0472,1323
29.0500,1312
29.0528,1318
29.0556,1323
29.0583,1327
29.0611,1336
29.0639,1328
29.0667,1310
29.0694,1320
29.0722,1337
29.0750,1362
29.0778,1370
29.0806,1346
29.0833,1337
29.0861,1348
29.0889,1376
29.0917,1380
29.0944,1385
29.0972,1390
29.1000,1395
29.1028,1394
29.1056,1402
29.1083,1394
29.1111,1425
29.1139,1426
29.1167,1441
29.1194,1433
29.1222,1409
29.1250,1395
29.1278,1383
29.1306,1360
29.1333,1341
29.1361,1342
29.1389,1336
29.1417,1321
29.1444,1303
29.1472,1306
29.1500,1319
29.1528,1331
29.1556,1331
29.1583,1311
29.1611,1275
29.1639,1277
29.1667,1287
29.1694,1291
29.1722,1301
29.1750,1320
29.1778,1328
29.1806,1320
29.1833,1312
29.1861,1309
29.1889,1298
29.1917,1298
29.1944,1298
29.1972,1303
29.2000,1287
29.2028,1284
29.2056,1282
29.2083,1263
29.2111,1264
29.2139,1278
29.2167,1297
29.2194,1302
29.2222,1301
29.2250,1295
29.2278,1281
29.2306,1281
29.2333,1295
29.2361,1325
29.2389,1317
29.2417,1312
29.2444,1306
29.2472,1287
29.2500,1282
29.2528,1297
29.2556,1302
29.2583,1296
29.2611,1303
29.2639,1315
29.2667,1330
29.2694,1335
29.2722,1349
29.2750,1363
29.2778,1372
29.2806,1353
29.2833,1342
29.2861,1345
29.2889,1326
29.2917,1325
29.2944,1339
29.2972,1363
29.3000,1369
29.3028,1372
29.3056,1367
29.3083,1367
29.3111,1357
29.3139,1357
29.3167,1374
29.3194,1380
29.3222,1374
29.3250,1376
29.3278,1356
29.3306,1343
29.3333,1337
29.3361,1353
29.3389,1366
29.3417,1411
29.3444,1459
29.3472,1477
29.3500,1480
29.3528,1458
29.3556,1415
29.3583,1366
29.3611,1339
29.3639,1332
29.3667,1358
29.3694,1372
29.3722,1384
29.3750,1371
29.3778,1353
29.3806,1317
29.3833,1296
29.3861,1293
29.3889,1292
29.3917,1305
29.3944,1345
29.3972,1355
29.4000,1364
29.4028,1352
29.4056,1351
29.4083,1362
29.4111,1367
29.4139,1389
29.4167,1392
29.4194,1386
29.4222,1381
29.4250,1366
29.4278,1351
29.4306,1337
29.4333,1332
29.4361,1346
29.4389,1360
29.4417,1378
29.4444,1393
29.4472,1366
29.4500,1315
29.4528,1284
29.4556,1279
29.4583,1282
29.4611,1312
29.4639,1381
29.4667,1497
29.4694,1663
29.4722,1891
29.4750,2164
29.4778,2366
29.4806,2410
29.4833,2289
29.4861,2057
29.4889,1842
29.4917,1693
29.4944,1616
29.4972,1606
29.5000,1593
29.5028,1614
29.5056,1634
29.5083,1620
29.5111,1569
29.5139,1506
29.5167,1444
29.5194,1391
29.5222,1380
29.5250,1400
29.5278,1419
29.5306,1444
29.5333,1444
29.5361,1443
29.5389,1429
29.5417,1402
29.5444,1398
29.5472,1408
29.5500,1412
29.5528,1412
29.5556,1410
29.5583,1385
29.5611,1365
29.5639,1377
29.5667,1392
29.5694,1413
29.5722,1426
29.5750,1438
29.5778,1443
29.5806,1443
29.5833,1444
29.5861,1446
29.5889,1448
29.5917,1462
29.5944,1478
29.5972,1484
29.6000,1483
29.6028,1474
29.6056,1496
29.6083,1501
29.6111,1494
29.6139,1488
29.6167,1485
29.6194,1481
29.6222,1473
29.6250,1497
29.6278,1536
29.6306,1545
29.6333,1549
29.6361,1541
29.6389,1519
29.6417,1513
29.6444,1538
29.6472,1557
29.6500,1577
29.6528,1581
29.6556,1582
29.6583,1582
29.6611,1596
29.6639,1637
29.6667,1674
29.6694,1688
29.6722,1703
29.6750,1704
29.6778,1680
29.6806,1613
29.6833,1590
29.6861,1596
29.6889,1605
29.6917,1614
29.6944,1635
29.6972,1635
29.7000,1617
29.7028,1590
29.7056,1582
29.7083,1568
29.7111,1558
29.7139,1555
29.7167,1558
29.7194,1545
29.7222,1552
29.7250,1549
29.7278,1539
29.7306,1533
29.7333,1537
29.7361,1536
29.7389,1536
29.7417,1522
29.7444,1523
29.7472,1534
29.7500,1538
29.7528,1552
29.7556,1540
29.7583,1528
29.7611,1511
29.7639,1515
29.7667,1523
29.7694,1503
29.7722,1511
29.7750,1534
29.7778,1546
29.7806,1544
29.7833,1560
29.7861,1550
29.7889,1541
29.7917,1539
29.7944,1559
29.7972,1570
29.8000,1566
29.8028,1557
29.8056,1556
29.8083,1563
29.8111,1563
29.8139,1581
29.8167,1576
29.8194,1577
29.8222,1583
29.8250,1604
29.8278,1604
29.8306,1605
29.8333,1601
29.8361,1591
29.8389,1576
29.8417,1573
29.8444,1591
29.8472,1603
29.8500,1589
29.8528,1598
29.8556,1594
29.8583,1592
29.8611,1596
29.8639,1615
29.8667,1622
29.8694,1622
29.8722,1623
29.8750,1635
29.8778,1621
29.8806,1628
29.8833,1637
29.8861,1654
29.8889,1659
29.8917,1664
29.8944,1669
29.8972,1687
29.9000,1683
29.9028,1674
29.9056,1678
29.9083,1687
29.9111,1708
29.9139,1725
29.9167,1705
29.9194,1666
29.9222,1644
29.9250,1622
29.9278,1595
29.9306,1590
29.9333,1585
29.9361,1571
29.9389,1535
29.9417,1523
29.9444,1535
29.9472,1575
29.9500,1597
29.9528,1643
29.9556,1644
29.9583,1641
29.9611,1626
29.9639,1616
29.9667,1600
29.9694,1581
29.9722,1572
29.9750,1592
29.9778,1618
29.9806,1631
29.9833,1638
29.9861,1633
29.9889,1618
29.9917,1622
29.9944,1637
29.9972,1636
30.0000,1621
30.0028,1616
30.0056,1591
30.0083,1564
30.0111,1542
30.0139,1555
30.0167,1598
30.0194,1649
30.0222,1728
30.0250,1842
30.0278,2036
30.0306,2293
30.0333,2568
30.0361,2739
30.0389,2723
30.0417,2505
30.0444,2233
30.0472,2011
30.0500,1857
30.0528,1807
30.0556,1807
30.0583,1845
30.0611,1881
30.0639,1879
30.0667,1858
30.0694,1790
30.0722,1708
30.0750,1649
30.0778,1628
30.0806,1622
30.0833,1628
30.0861,1646
30.0889,1665
30.0917,1670
30.0944,1658
30.0972,1634
30.1000,1617
30.1028,1622
30.1056,1623
30.1083,1618
30.1111,1605
30.1139,1619
30.1167,1613
30.1194,1624
30.1222,1661
30.1250,1680
30.1278,1690
30.1306,1660
30.1333,1668
30.1361,1651
30.1389,1646
30.1417,1633
30.1444,1646
30.1472,1659
30.1500,1649
30.1528,1661
30.1556,1669
30.1583,1684
30.1611,1688
30.1639,1679
30.1667,1669
30.1694,1661
30.1722,1676
30.1750,1708
30.1778,1741
30.1806,1750
30.1833,1746
30.1861,1729
30.1889,1709
30.1917,1712
30.1944,1724
30.1972,1728
30.2000,1734
30.2028,1741
30.2056,1753
30.2083,1758
30.2111,1740
30.2139,1750
30.2167,1761
30.2194,1777
30.2222,1798
30.2250,1812
30.2278,1752
30.2306,1779
30.2333,1786
30.2361,1803
30.2389,1800
30.2417,1796
30.2444,1767
30.2472,1755
30.2500,1766
30.2528,1773
30.2556,1759
30.2583,1716
30.2611,1699
30.2639,1709
30.2667,1725
30.2694,1720
30.2722,1725
30.2750,1715
30.2778,1697
30.2806,1672
30.2833,1671
30.2861,1667
30.2889,1665
30.2917,1680
30.2944,1668
30.2972,1626
30.3000,1605
30.3028,1606
30.3056,1633
30.3083,1663
30.3111,1690
30.3139,1707
30.3167,1737
30.3194,1743
30.3222,1756
30.3250,1755
30.3278,1752
30.3306,1766
30.3333,1766
30.3361,1768
30.3389,1742
30.3417,1722
30.3444,1721
30.3472,1705
30.3500,1702
30.3528,1702
30.3556,1683
30.3583,1655
30.3611,1650
30.3639,1662
30.3667,1680
30.3694,1683
30.3722,1684
30.3750,1681
30.3778,1662
30.3806,1649
30.3833,1659
30.3861,1675
30.3889,1694
30.3917,1716
30.3944,1720
30.3972,1701
30.4000,1674
30.4028,1681
30.4056,1720
30.4083,1759
30.4111,1772
30.4139,1766
30.4167,1761
30.4194,1749
30.4222,1748
30.4250,1728
30.4278,1705
30.4306,1690
30.4333,1701
30.4361,1706
30.4389,1718
30.4417,1732
30.4444,1732
30.4472,1726
30.4500,1716
30.4528,1714
30.4556,1704
30.4583,1707
30.4611,1733
30.4639,1770
30.4667,1789
30.4694,1774
30.4722,1761
30.4750,1751
30.4778,1763
30.4806,1779
30.4833,1796
30.4861,1802
30.4889,1797
30.4917,1794
30.4944,1782
30.4972,1775
30.5000,1775
30.5028,1779
30.5056,1773
30.5083,1747
30.5111,1731
30.5139,1717
30.5167,1700
30.5194,1677
30.5222,1680
30.5250,1660
30.5278,1643
30.5306,1649
30.5333,1673
30.5361,1689
30.5389,1681
30.5417,1671
30.5444,1679
30.5472,1683
30.5500,1677
30.5528,1665
30.5556,1679
30.5583,1673
30.5611,1685
30.5639,1709
30.5667,1707
30.5694,1698
30.5722,1693
30.5750,1686
30.5778,1661
30.5806,1663
30.5833,1682
30.5861,1696
30.5889,1693
30.5917,1658
30.5944,1619
30.5972,1572
30.6000,1561
30.6028,1580
30.6056,1631
30.6083,1666
30.6111,1719
30.6139,1833
30.6167,2025
30.6194,2309
30.6222,2652
30.6250,2905
30.6278,2950
30.6306,2791
30.6333,2499
30.6361,2216
30.6389,2006
30.6417,1896
30.6444,1864
30.6472,1872
30.6500,1893
30.6528,1889
30.6556,1867
30.6583,1809
30.6611,1758
30.6639,1713
30.6667,1677
30.6694,1647
30.6722,1643
30.6750,1634
30.6778,1631
30.6806,1623
30.6833,1628
30.6861,1616
30.6889,1618
30.6917,1607
30.6944,1603
30.6972,1626
30.7000,1634
30.7028,1654
30.7056,1661
30.7083,1672
30.7111,1682
30.7139,1686
30.7167,1673
30.7194,1673
30.7222,1647
30.7250,1622
30.7278,1608
30.7306,1631
30.7333,1660
30.7361,1679
30.7389,1682
30.7417,1676
30.7444,1677
30.7472,1675
30.7500,1675
30.7528,1684
30.7556,1692
30.7583,1666
30.7611,1642
30.7639,1637
30.7667,1619
30.7694,1625
30.7722,1653
30.7750,1721
30.7778,1768
30.7806,1773
30.7833,1758
30.7861,1735
30.7889,1730
30.7917,1737
30.7944,1752
30.7972,1747
30.8000,1751
30.8028,1755
30.8056,1774
30.8083,1805
30.8111,1820
30.8139,1831
30.8167,1829
30.8194,1823
30.8222,1775
30.8250,1741
30.8278,1716
30.8306,1718
30.8333,1743
30.8361,1734
30.8389,1712
30.8417,1674
30.8444,1654
30.8472,1652
30.8500,1671
30.8528,1698
30.8556,1709
30.8583,1669
30.8611,1625
30.8639,1602
30.8667,1584
30.8694,1611
30.8722,1652
30.8750,1692
30.8778,1714
30.8806,1708
30.8833,1681
30.8861,1647
30.8889,1654
30.8917,1663
30.8944,1654
30.8972,1631
30.9000,1615
30.9028,1601
30.9056,1602
30.9083,1608
30.9111,1642
30.9139,1680
30.9167,1683
30.9194,1675
30.9222,1654
30.9250,1626
30.9278,1618
30.9306,1637
30.9333,1658
30.9361,1680
30.9389,1699
30.9417,1694
30.9444,1687
30.9472,1662
30.9500,1657
30.9528,1651
30.9556,1647
30.9583,1637
30.9611,1658
30.9639,1673
30.9667,1681
30.9694,1677
30.9722,1673
30.9750,1660
30.9778,1663
30.9806,1682
30.9833,1681
30.9861,1686
30.9889,1698
30.9917,1705
30.9944,1708
30.9972,1710
31.0000,1687
31.0028,1675
31.0056,1656
31.0083,1651
31.0111,1664
31.0139,1671
31.0167,1675
31.0194,1681
31.0222,1686
31.0250,1679
31.0278,1691
31.0306,1704
31.0333,1708
31.0361,1706
31.0389,1715
31.0417,1703
31.0444,1684
31.0472,1666
31.0500,1657
31.0528,1652
31.0556,1651
31.0583,1644
31.0611,1652
31.0639,1682
31.0667,1726
31.0694,1763
31.0722,1790
31.0750,1774
31.0778,1752
31.0806,1720
31.0833,1698
31.0861,1670
31.0889,1679
31.0917,1713
31.0944,1728
31.0972,1736
31.1000,1731
31.1028,1726
31.1056,1701
31.1083,1719
31.1111,1746
31.1139,1762
31.1167,1768
31.1194,1774
31.1222,1743
31.1250,1711
31.1278,1693
31.1306,1701
31.1333,1705
31.1361,1710
31.1389,1708
31.1417,1688
31.1444,1672
31.1472,1666
31.1500,1658
31.1528,1648
31.1556,1636
31.1583,1624
31.1611,1616
31.1639,1596
31.1667,1584
31.1694,1596
31.1722,1608
31.1750,1620
31.1778,1635
31.1806,1639
31.1833,1651
31.1861,1657
31.1889,1656
31.1917,1652
31.1944,1634
31.1972,1624
31.2000,1635
31.2028,1646
31.2056,1639
31.2083,1630
31.2111,1620
31.2139,1600
31.2167,1580
31.2194,1576
31.2222,1593
31.2250,1606
31.2278,1636
31.2306,1691
31.2333,1760
31.2361,1890
31.2389,2131
31.2417,2420
31.2444,2699
31.2472,2825
31.2500,2759
31.2528,2518
31.2556,2215
31.2583,1977
31.2611,1834
31.2639,1782
31.2667,1781
31.2694,1815
31.2722,1857
31.2750,1851
31.2778,1812
31.2806,1760
31.2833,1682
31.2861,1634
31.2889,1619
31.2917,1653
31.2944,1688
31.2972,1668
31.3000,1649
31.3028,1602
31.3056,1576
31.3083,1568
31.3111,1596
31.3139,1635
31.3167,1648
31.3194,1660
31.3222,1643
31.3250,1629
31.3278,1641
31.3306,1647
31.3333,1649
31.3361,1621
31.3389,1608
31.3417,1623
31.3444,1628
31.3472,1635
31.3500,1653
31.3528,1670
31.3556,1669
31.3583,1656
31.3611,1631
31.3639,1611
31.3667,1608
31.3694,1651
31.3722,1714
31.3750,1747
31.3778,1722
31.3806,1695
31.3833,1672
31.3861,1672
31.3889,1690
31.3917,1702
31.3944,1705
31.3972,1691
31.4000,1676
31.4028,1661
31.4056,1662
31.4083,1676
31.4111,1690
31.4139,1700
31.4167,1721
31.4194,1764
31.4222,1784
31.4250,1807
31.4278,1815
31.4306,1826
31.4333,1816
31.4361,1840
31.4389,1837
31.4417,1812
31.4444,1784
31.4472,1750
31.4500,1752
31.4528,1737
31.4556,1718
31.4583,1709
31.4611,1702
31.4639,1681
31.4667,1671
31.4694,1661
31.4722,1670
31.4750,1664
31.4778,1669
31.4806,1665
31.4833,1636
31.4861,1598
31.4889,1580
31.4917,1577
31.4944,1590
31.4972,1608
31.5000,1625
31.5028,1609
31.5056,1611
31.5083,1630
31.5111,1656
31.5139,1681
31.5167,1662
31.5194,1656
31.5222,1668
31.5250,1656
31.5278,1662
31.5306,1666
31.5333,1646
31.5361,1609
31.5389,1595
31.5417,1582
31.5444,1560
31.5472,1542
31.5500,1558
31.5528,1583
31.5556,1615
31.5583,1625
31.5611,1629
31.5639,1598
31.5667,1574
31.5694,1584
31.5722,1608
31.5750,1635
31.5778,1657
31.5806,1681
31.5833,1692
31.5861,1689
31.5889,1679
31.5917,1669
31.5944,1650
31.5972,1626
31.6000,1614
31.6028,1621
31.6056,1635
31.6083,1649
31.6111,1657
31.6139,1662
31.6167,1652
31.6194,1659
31.6222,1648
31.6250,1637
31.6278,1618
31.6306,1611
31.6333,1613
31.6361,1603
31.6389,1599
31.6417,1593
31.6444,1583
31.6472,1593
31.6500,1621
31.6528,1659
31.6556,1679
31.6583,1691
31.6611,1683
31.6639,1684
31.6667,1665
31.6694,1673
31.6722,1658
31.6750,1650
31.6778,1636
31.6806,1633
31.6833,1618
31.6861,1614
31.6889,1621
31.6917,1622
31.6944,1615
31.6972,1615
31.7000,1617
31.7028,1633
31.7056,1640
31.7083,1644
31.7111,1636
31.7139,1638
31.7167,1647
31.7194,1655
31.7222,1649
31.7250,1621
31.7278,1619
31.7306,1620
31.7333,1631
31.7361,1637
31.7389,1651
31.7417,1631
31.7444,1635
31.7472,1630
31.7500,1653
31.7528,1649
31.7556,1637
31.7583,1631
31.7611,1646
31.7639,1652
31.7667,1646
31.7694,1659
31.7722,1665
31.7750,1659
31.7778,1649
31.7806,1675
31.7833,1683
31.7861,1689
31.7889,1702
31.7917,1705
31.7944,1693
31.7972,1678
31.8000,1683
31.8028,1703
31.8056,1687
31.8083,1667
31.8111,1654
31.8139,1630
31.8167,1620
31.8194,1631
31.8222,1651
31.8250,1631
31.8278,1619
31.8306,1608
31.8333,1596
31.8361,1585
31.8389,1583
31.8417,1614
31.8444,1605
31.8472,1608
31.8500,1605
31.8528,1605
31.8556,1609
31.8583,1596
31.8611,1600
31.8639,1604
31.8667,1596
31.8694,1599
31.8722,1602
31.8750,1610
31.8778,1616
31.8806,1626
31.8833,1610
31.8861,1575
31.8889,1538
31.8917,1512
31.8944,1512
31.8972,1540
31.9000,1581
31.9028,1626
31.9056,1690
31.9083,1751
31.9111,1892
31.9139,2102
31.9167,2370
31.9194,2594
31.9222,2688
31.9250,2566
31.9278,2337
31.9306,2114
31.9333,1965
31.9361,1861
31.9389,1817
31.9417,1811
31.9444,1819
31.9472,1827
31.9500,1814
31.9528,1751
31.9556,1666
31.9583,1609
31.9611,1599
31.9639,1616
31.9667,1631
31.9694,1664
31.9722,1677
31.9750,1651
31.9778,1609
31.9806,1588
31.9833,1602
31.9861,1599
31.9889,1624
31.9917,1639
31.9944,1647
31.9972,1652
32.0000,1647
32.0028,1639
32.0056,1643
32.0083,1656
32.0111,1665
32.0139,1661
32.0167,1643
32.0194,1648
32.0222,1641
32.0250,1625
32.0278,1635
32.0306,1665
32.0333,1659
32.0361,1644
32.0389,1634
32.0417,1639
32.0444,1633
32.0472,1654
32.0500,1695
32.0528,1714
32.0556,1699
32.0583,1681
32.0611,1691
32.0639,1695
32.0667,1707
32.0694,1716
32.0722,1733
32.0750,1718
32.0778,1716
32.0806,1702
32.0833,1686
32.0861,1679
32.0889,1699
32.0917,1735
32.0944,1776
32.0972,1796
32.1000,1817
32.1028,1811
32.1056,1779
32.1083,1767
32.1111,1862
32.1139,1849
32.1167,1811
32.1194,1787
32.1222,1767
32.1250,1733
32.1278,1739
32.1306,1754
32.1333,1778
32.1361,1782
32.1389,1767
32.1417,1749
32.1444,1736
32.1472,1753
32.1500,1768
32.1528,1764
32.1556,1736
32.1583,1698
32.1611,1663
32.1639,1650
32.1667,1669
32.1694,1687
32.1722,1703
32.1750,1705
32.1778,1668
32.1806,1647
32.1833,1626
32.1861,1641
32.1889,1643
32.1917,1634
32.1944,1636
32.1972,1647
32.2000,1669
32.2028,1680
32.2056,1688
32.2083,1675
32.2111,1660
32.2139,1630
32.2167,1613
32.2194,1616
32.2222,1640
32.2250,1687
32.2278,1741
32.2306,1770
32.2333,1784
32.2361,1761
32.2389,1718
32.2417,1682
32.2444,1670
32.2472,1666
32.2500,1684
32.2528,1696
32.2556,1691
32.2583,1681
32.2611,1684
32.2639,1694
32.2667,1706
32.2694,1692
32.2722,1697
32.2750,1699
32.2778,1724
32.2806,1731
32.2833,1743
32.2861,1726
32.2889,1716
32.2917,1710
32.2944,1688
32.2972,1689
32.3000,1705
32.3028,1712
32.3056,1721
32.3083,1735
32.3111,1729
32.3139,1720
32.3167,1715
32.3194,1718
32.3222,1723
32.3250,1714
32.3278,1719
32.3306,1719
32.3333,1701
32.3361,1672
32.3389,1658
32.3417,1667
32.3444,1675
32.3472,1708
32.3500,1754
32.3528,1768
32.3556,1766
32.3583,1764
32.3611,1740
32.3639,1726
32.3667,1721
32.3694,1732
32.3722,1738
32.3750,1736
32.3778,1747
32.3806,1741
32.3833,1731
32.3861,1708
32.3889,1693
32.3917,1695
32.3944,1712
32.3972,1757
32.4000,1765
32.4028,1750
32.4056,1730
32.4083,1739
32.4111,1750
32.4139,1771
32.4167,1791
32.4194,1787
32.4222,1788
32.4250,1777
32.4278,1760
32.4306,1756
32.4333,1741
32.4361,1734
32.4389,1734
32.4417,1738
32.4444,1726
32.4472,1742
32.4500,1761
32.4528,1762
32.4556,1737
32.4583,1716
32.4611,1700
32.4639,1714
32.4667,1753
32.4694,1811
32.4722,1861
32.4750,1870
32.4778,1858
32.4806,1834
32.4833,1818
32.4861,1794
32.4889,1776
32.4917,1765
32.4944,1734
32.4972,1722
32.5000,1726
32.5028,1737
32.5056,1740
32.5083,1747
32.5111,1733
32.5139,1723
32.5167,1707
32.5194,1694
32.5222,1684
32.5250,1675
32.5278,1698
32.5306,1724
32.5333,1749
32.5361,1769
32.5389,1747
32.5417,1736
32.5444,1735
32.5472,1748
32.5500,1766
32.5528,1761
32.5556,1731
32.5583,1712
32.5611,1724
32.5639,1716
32.5667,1724
32.5694,1747
32.5722,1735
32.5750,1697
32.5778,1680
32.5806,1652
32.5833,1635
32.5861,1624
32.5889,1637
32.5917,1659
32.5944,1691
32.5972,1734
32.6000,1827
32.6028,1952
32.6056,2162
32.6083,2429
32.6111,2648
32.6139,2753
32.6167,2651
32.6194,2434
32.6222,2191
32.6250,2002
32.6278,1905
32.6306,1870
32.6333,1875
32.6361,1917
32.6389,1951
32.6417,1944
32.6444,1894
32.6472,1824
32.6500,1743
32.6528,1683
32.6556,1665
32.6583,1696
32.6611,1727
32.6639,1740
32.6667,1739
32.6694,1707
32.6722,1682
32.6750,1666
32.6778,1666
32.6806,1692
32.6833,1701
32.6861,1702
32.6889,1712
32.6917,1710
32.6944,1712
32.6972,1709
32.7000,1697
32.7028,1707
32.7056,1689
32.7083,1693
32.7111,1698
32.7139,1706
32.7167,1713
32.7194,1747
32.7222,1753
32.7250,1742
32.7278,1729
32.7306,1721
32.7333,1693
32.7361,1699
32.7389,1719
32.7417,1734
32.7444,1734
32.7472,1749
32.7500,1751
32.7528,1751
32.7556,1736
32.7583,1742
32.7611,1754
32.7639,1749
32.7667,1735
32.7694,1725
32.7722,1738
32.7750,1755
32.7778,1787
32.7806,1804
32.7833,1803
32.7861,1787
32.7889,1781
32.7917,1778
32.7944,1778
32.7972,1807
32.8000,1861
32.8028,1764
32.8056,1791
32.8083,1821
32.8111,1849
32.8139,1859
32.8167,1858
32.8194,1836
32.8222,1817
32.8250,1790
32.8278,1781
32.8306,1753
32.8333,1722
32.8361,1729
32.8389,1740
32.8417,1755
32.8444,1753
32.8472,1746
32.8500,1738
32.8528,1712
32.8556,1685
32.8583,1672
32.8611,1682
32.8639,1697
32.8667,1703
32.8694,1705
32.8722,1676
32.8750,1659
32.8778,1644
32.8806,1641
32.8833,1633
32.8861,1640
32.8889,1650
32.8917,1655
32.8944,1655
32.8972,1656
32.9000,1679
32.9028,1695
32.9056,1701
32.9083,1719
32.9111,1707
32.9139,1681
32.9167,1661
32.9194,1644
32.9222,1641
32.9250,1662
32.9278,1673
32.9306,1689
32.9333,1678
32.9361,1682
32.9389,1670
32.9417,1663
32.9444,1665
32.9472,1678
32.9500,1678
32.9528,1662
32.9556,1651
32.9583,1649
32.9611,1623
32.9639,1592
32.9667,1594
32.9694,1604
32.9722,1629
32.9750,1622
32.9778,1620
32.9806,1640
32.9833,1664
32.9861,1704
32.9889,1730
32.9917,1734
32.9944,1727
32.9972,1703
33.0000,1689
33.0028,1664
33.0056,1654
33.0083,1648
33.0111,1639
33.0139,1620
33.0167,1623
33.0194,1628
33.0222,1620
33.0250,1625
33.0278,1631
33.0306,1622
33.0333,1621
33.0361,1619
33.0389,1621
33.0417,1626
33.0444,1618
33.0472,1599
33.0500,1582
33.0528,1540
33.0556,1518
33.0583,1531
33.0611,1544
33.0639,1584
33.0667,1635
33.0694,1663
33.0722,1631
33.0750,1582
33.0778,1547
33.0806,1553
33.0833,1570
33.0861,1577
33.0889,1579
33.0917,1559
33.0944,1538
33.0972,1540
33.1000,1528
33.1028,1526
33.1056,1526
33.1083,1516
33.1111,1502
33.1139,1507
33.1167,1517
33.1194,1508
33.1222,1486
33.1250,1473
33.1278,1477
33.1306,1473
33.1333,1481
33.1361,1463
33.1389,1454
33.1417,1435
33.1444,1412
33.1472,1410
33.1500,1408
33.1528,1420
33.1556,1425
33.1583,1447
33.1611,1450
33.1639,1465
33.1667,1471
33.1694,1499
33.1722,1485
33.1750,1454
33.1778,1419
33.1806,1377
33.1833,1348
33.1861,1339
33.1889,1341
33.1917,1317
33.1944,1301
33.1972,1288
33.2000,1282
33.2028,1260
33.2056,1222
33.2083,1192
33.2111,1171
33.2139,1173
33.2167,1182
33.2194,1157
33.2222,1120
33.2250,1105
33.2278,1098
33.2306,1125
33.2333,1149
33.2361,1158
33.2389,1154
33.2417,1126
33.2444,1102
33.2472,1107
33.2500,1115
33.2528,1090
33.2556,1075
33.2583,1061
33.2611,1038
33.2639,1009
33.2667,1000
33.2694,981
33.2722,921
33.2750,878
33.2778,867
33.2806,871
33.2833,901
33.2861,943
33.2889,994
33.2917,1053
33.2944,1168
33.2972,1361
33.3000,1604
33.3028,1784
33.3056,1805
33.3083,1638
33.3111,1366
33.3139,1145
33.3167,1012
33.3194,958
33.3222,944
33.3250,958
33.3278,974
33.3306,961
33.3333,926
33.3361,878
33.3389,811
33.3417,723
33.3444,658
33.3472,616
33.3500,599
33.3528,583
33.3556,593
33.3583,622
33.3611,624
33.3639,620
33.3667,614
33.3694,605
33.3722,574
33.3750,553
33.3778,529
33.3806,526
33.3833,509
33.3861,502
33.3889,505
33.3917,497
33.3944,477
33.3972,456
33.4000,446
33.4028,442
33.4056,452
33.4083,465
33.4111,462
33.4139,442
33.4167,422
33.4194,413
33.4222,384
33.4250,381
33.4278,392
33.4306,388
33.4333,392
33.4361,394
33.4389,402
33.4417,374
33.4444,354
33.4472,359
33.4500,360
33.4528,353
33.4556,349
33.4583,340
33.4611,315
33.4639,265
33.4667,254
33.4694,272
33.4722,284
33.4750,308
33.4778,335
33.4806,335
33.4833,333
33.4861,328
33.4889,335
33.4917,344
33.4944,328
33.4972,337
33.5000,324
33.5028,280
33.5056,257
33.5083,255
33.5111,263
33.5139,263
33.5167,265
33.5194,248
33.5222,237
33.5250,250
33.5278,262
33.5306,243
33.5333,184
33.5361,167
33.5389,185
33.5417,215
33.5444,223
33.5472,241
33.5500,243
33.5528,243
33.5556,258
33.5583,237
33.5611,210
33.5639,187
33.5667,190
33.5694,192
33.5722,209
33.5750,216
33.5778,207
33.5806,221
33.5833,231
33.5861,242
33.5889,263
33.5917,275
33.5944,263
33.5972,256
33.6000,249
33.6028,233
33.6056,241
33.6083,253
33.6111,274
33.6139,329
33.6167,412
33.6194,451
33.6222,456
33.6250,428
33.6278,418
33.6306,400
33.6333,399
33.6361,391
33.6389,403
33.6417,424
33.6444,449
33.6472,476
33.6500,498
33.6528,511
33.6556,513
33.6583,517
33.6611,524
33.6639,528
33.6667,543
33.6694,549
33.6722,558
33.6750,592
33.6778,640
33.6806,669
33.6833,676
33.6861,678
33.6889,676
33.6917,680
33.6944,701
33.6972,720
33.7000,710
33.7028,713
33.7056,744
33.7083,802
33.7111,840
33.7139,859
33.7167,868
33.7194,852
33.7222,853
33.7250,875
33.7278,913
33.7306,941
33.7333,965
33.7361,980
33.7389,987
33.7417,1004
33.7444,1045
33.7472,1076
33.7500,1100
33.7528,1102
33.7556,1106
33.7583,1146
33.7611,1189
33.7639,1245
33.7667,1292
33.7694,1318
33.7722,1312
33.7750,1313
33.7778,1326
33.7806,1355
33.7833,1397
33.7861,1444
33.7889,1476
33.7917,1481
33.7944,1488
33.7972,1498
33.8000,1508
33.8028,1523
33.8056,1536
33.8083,1553
33.8111,1547
33.8139,1557
33.8167,1578
33.8194,1615
33.8222,1629
33.8250,1659
33.8278,1688
33.8306,1719
33.8333,1737
33.8361,1758
33.8389,1780
33.8417,1779
33.8444,1803
33.8472,1844
33.8500,1875
33.8528,1915
33.8556,1956
33.8583,1987
33.8611,1985
33.8639,1987
33.8667,2023
33.8694,2071
33.8722,2115
33.8750,2143
33.8778,2175
33.8806,2165
33.8833,2160
33.8861,2158
33.8889,2150
33.8917,2127
33.8944,2150
33.8972,2204
33.9000,2286
33.9028,2350
33.9056,2464
33.9083,2615
33.9111,2798
33.9139,3036
33.9167,3294
33.9194,3344
33.9222,3344
33.9250,3329
33.9278,3200
33.9306,3037
33.9333,2913
33.9361,2856
33.9389,2831
33.9417,2817
33.9444,2838
33.9472,2853
33.9500,2847
33.9528,2807
33.9556,2771
33.9583,2746
33.9611,2760
33.9639,2784
33.9667,2809
33.9694,2834
33.9722,2839
33.9750,2848
33.9778,2860
33.9806,2876
33.9833,2888
33.9861,2904
33.9889,2932
33.9917,2918
33.9944,2910
33.9972,2921
34.0000,2935
34.0028,2972
34.0056,3011
34.0083,3064
34.0111,3111
34.0139,3117
34.0167,3133
34.0194,3132
34.0222,3128
34.0250,3138
34.0278,3147
34.0306,3176
34.0333,3188
34.0361,3208
34.0389,3223
34.0417,3224
34.0444,3238
34.0472,3243
34.0500,3263
34.0528,3274
34.0556,3293
34.0583,3308
34.0611,3327
34.0639,3337
34.0667,3350
34.0694,3354
34.0722,3335
34.0750,3333
34.0778,3338
34.0806,3358
34.0833,3363
34.0861,3373
34.0889,3367
34.0917,3350
34.0944,3339
34.0972,3344
34.1000,3363
34.1028,3378
34.1056,3379
34.1083,3377
34.1111,3361
34.1139,3348
34.1167,3350
34.1194,3375
34.1222,3385
34.1250,3383
34.1278,3376
34.1306,3363
34.1333,3363
34.1361,3347
34.1389,3358
34.1417,3371
34.1444,3373
34.1472,3370
34.1500,3363
34.1528,3348
34.1556,3351
34.1583,3356
34.1611,3369
34.1639,3371
34.1667,3367
34.1694,3361
34.1722,3347
34.1750,3345
34.1778,3358
34.1806,3357
34.1833,3377
34.1861,3371
34.1889,3357
34.1917,3357
34.1944,3355
34.1972,3350
34.2000,3359
34.2028,3364
34.2056,3372
34.2083,3367
34.2111,3355
34.2139,3343
34.2167,3348
34.2194,3359
34.2222,3364
34.2250,3362
34.2278,3354
34.2306,3344
34.2333,3346
34.2361,3345
34.2389,3343
34.2417,3343
34.2444,3352
34.2472,3348
34.2500,3336
34.2528,3311
34.2556,3282
34.2583,3270
34.2611,3271
34.2639,3323
34.2667,3345
34.2694,3339
34.2722,3334
34.2750,3336
34.2778,3336
34.2806,3341
34.2833,3335
34.2861,3335
34.2889,3332
34.2917,3322
34.2944,3317
34.2972,3296
34.3000,3265
34.3028,3227
34.3056,3218
34.3083,3210
34.3111,3201
34.3139,3205
34.3167,3202
34.3194,3194
34.3222,3184
34.3250,3194
34.3278,3211
34.3306,3214
34.3333,3192
34.3361,3163
34.3389,3123
34.3417,3077
34.3444,3064
34.3472,3096
34.3500,3117
34.3528,3141
34.3556,3130
34.3583,3086
34.3611,3054
34.3639,3046
34.3667,3065
34.3694,3065
34.3722,3066
34.3750,3061
34.3778,3020
34.3806,3003
34.3833,2990
34.3861,2968
34.3889,2963
34.3917,2942
34.3944,2924
34.3972,2904
34.4000,2887
34.4028,2907
34.4056,2940
34.4083,2959
34.4111,2946
34.4139,2914
34.4167,2888
34.4194,2860
34.4222,2848
34.4250,2878
34.4278,2895
34.4306,2899
34.4333,2885
34.4361,2848
34.4389,2786
34.4417,2763
34.4444,2738
34.4472,2722
34.4500,2703
34.4528,2700
34.4556,2702
34.4583,2672
34.4611,2620
34.4639,2580
34.4667,2554
34.4694,2532
34.4722,2523
34.4750,2528
34.4778,2528
34.4806,2528
34.4833,2512
34.4861,2507
34.4889,2490
34.4917,2476
34.4944,2453
34.4972,2450
34.5000,2443
34.5028,2419
34.5056,2400
34.5083,2384
34.5111,2368
34.5139,2380
34.5167,2397
34.5194,2393
34.5222,2381
34.5250,2378
34.5278,2348
34.5306,2272
34.5333,2230
34.5361,2214
34.5389,2219
34.5417,2264
34.5444,2335
34.5472,2426
34.5500,2515
34.5528,2684
34.5556,2913
34.5583,3151
34.5611,3326
34.5639,3339
34.5667,3197
34.5694,2942
34.5722,2699
34.5750,2510
34.5778,2412
34.5806,2349
34.5833,2339
34.5861,2345
34.5889,2342
34.5917,2323
34.5944,2280
34.5972,2229
34.6000,2181
34.6028,2142
34.6056,2130
34.6083,2130
34.6111,2128
34.6139,2130
34.6167,2103
34.6194,2066
34.6222,2035
34.6250,2037
34.6278,2046
34.6306,2058
34.6333,2068
34.6361,2064
34.6389,2031
34.6417,1998
34.6444,2008
34.6472,2013
34.6500,2034
34.6528,2053
34.6556,2037
34.6583,2000
34.6611,1946
34.6639,1923
34.6667,1932
34.6694,1949
34.6722,1972
34.6750,1991
34.6778,1997
34.6806,1988
34.6833,1954
34.6861,1947
34.6889,1941
34.6917,1952
34.6944,1967
34.6972,1966
34.7000,1936
34.7028,1920
34.7056,1945
34.7083,1964
34.7111,1963
34.7139,1961
34.7167,1956
34.7194,1942
34.7222,1905
34.7250,1881
34.7278,1872
34.7306,1882
34.7333,1901
34.7361,1909
34.7389,1912
34.7417,1907
34.7444,1937
34.7472,1944
34.7500,1946
34.7528,1837
34.7556,1846
34.7583,1847
34.7611,1839
34.7639,1835
34.7667,1831
34.7694,1823
34.7722,1819
34.7750,1792
34.7778,1776
34.7806,1767
34.7833,1761
34.7861,1755
34.7889,1727
34.7917,1706
34.7944,1670
34.7972,1631
34.8000,1604
34.8028,1600
34.8056,1586
34.8083,1573
34.8111,1566
34.8139,1574
34.8167,1591
34.8194,1582
34.8222,1558
34.8250,1577
34.8278,1605
34.8306,1601
34.8333,1588
34.8361,1568
34.8389,1541
34.8417,1535
34.8444,1534
34.8472,1548
34.8500,1564
34.8528,1573
34.8556,1573
34.8583,1564
34.8611,1558
34.8639,1564
34.8667,1544
34.8694,1536
34.8722,1513
34.8750,1509
34.8778,1501
34.8806,1496
34.8833,1513
34.8861,1530
34.8889,1540
34.8917,1532
34.8944,1519
34.8972,1498
34.9000,1485
34.9028,1481
34.9056,1499
34.9083,1511
34.9111,1510
34.9139,1516
34.9167,1516
34.9194,1509
34.9222,1500
34.9250,1493
34.9278,1512
34.9306,1515
34.9333,1527
34.9361,1511
34.9389,1503
34.9417,1497
34.9444,1496
34.9472,1503
34.9500,1498
34.9528,1478
34.9556,1480
34.9583,1462
34.9611,1466
34.9639,1485
34.9667,1492
34.9694,1478
34.9722,1482
34.9750,1482
34.9778,1470
34.9806,1448
34.9833,1462
34.9861,1469
34.9889,1464
34.9917,1460
34.9944,1472
34.9972,1457
35.0000,1440
35.0028,1428
35.0056,1442
35.0083,1465
35.0111,1482
35.0139,1502
35.0167,1496
35.0194,1472
35.0222,1462
35.0250,1465
35.0278,1455
35.0306,1450
35.0333,1454
35.0361,1481
35.0389,1489
35.0417,1497
35.0444,1498
35.0472,1490
35.0500,1471
35.0528,1475
35.0556,1488
35.0583,1489
35.0611,1501
35.0639,1516
35.0667,1526
35.0694,1510
35.0722,1490
35.0750,1462
35.0778,1432
35.0806,1405
35.0833,1381
35.0861,1381
35.0889,1382
35.0917,1393
35.0944,1388
35.0972,1371
35.1000,1388
35.1028,1395
35.1056,1401
35.1083,1394
35.1111,1390
35.1139,1388
35.1167,1370
35.1194,1369
35.1222,1373
35.1250,1386
35.1278,1393
35.1306,1391
35.1333,1387
35.1361,1397
35.1389,1382
35.1417,1371
35.1444,1353
35.1472,1350
35.1500,1348
35.1528,1333
35.1556,1334
35.1583,1316
35.1611,1320
35.1639,1316
35.1667,1300
35.1694,1312
35.1722,1326
35.1750,1342
35.1778,1354
35.1806,1399
35.1833,1502
35.1861,1688
35.1889,1919
35.1917,2169
35.1944,2371
35.1972,2396
35.2000,2227
35.2028,1978
35.2056,1758
35.2083,1613
35.2111,1554
35.2139,1570
35.2167,1590
35.2194,1577
35.2222,1550
35.2250,1486
35.2278,1412
35.2306,1346
35.2333,1317
35.2361,1319
35.2389,1332
35.2417,1347
35.2444,1368
35.2472,1370
35.2500,1358
35.2528,1342
35.2556,1309
35.2583,1282
35.2611,1278
35.2639,1309
35.2667,1343
35.2694,1356
35.2722,1357
35.2750,1346
35.2778,1344
35.2806,1342
35.2833,1346
35.2861,1332
35.2889,1317
35.2917,1306
35.2944,1321
35.2972,1350
35.3000,1364
35.3028,1357
35.3056,1321
35.3083,1303
35.3111,1297
35.3139,1311
35.3167,1313
35.3194,1318
35.3222,1332
35.3250,1367
35.3278,1390
35.3306,1388
35.3333,1380
35.3361,1368
35.3389,1368
35.3417,1364
35.3444,1370
35.3472,1372
35.3500,1366
35.3528,1381
35.3556,1384
35.3583,1397
35.3611,1400
35.3639,1417
35.3667,1410
35.3694,1401
35.3722,1412
35.3750,1411
35.3778,1421
35.3806,1442
35.3833,1459
35.3861,1496
35.3889,1477
35.3917,1466
35.3944,1440
35.3972,1415
35.4000,1407
35.4028,1394
35.4056,1387
35.4083,1360
35.4111,1332
35.4139,1320
35.4167,1314
35.4194,1322
35.4222,1330
35.4250,1323
35.4278,1304
35.4306,1303
35.4333,1288
35.4361,1281
35.4389,1265
35.4417,1262
35.4444,1284
35.4472,1289
35.4500,1265
35.4528,1258
35.4556,1269
35.4583,1281
35.4611,1304
35.4639,1320
35.4667,1309
35.4694,1284
35.4722,1268
35.4750,1252
35.4778,1258
35.4806,1250
35.4833,1265
35.4861,1266
35.4889,1260
35.4917,1250
35.4944,1240
35.4972,1239
35.5000,1267
35.5028,1286
35.5056,1307
35.5083,1304
35.5111,1290
35.5139,1275
35.5167,1258
35.5194,1266
35.5222,1277
35.5250,1282
35.5278,1280
35.5306,1271
35.5333,1271
35.5361,1277
35.5389,1299
35.5417,1323
35.5444,1336
35.5472,1336
35.5500,1331
35.5528,1329
35.5556,1311
35.5583,1303
35.5611,1308
35.5639,1316
35.5667,1320
35.5694,1310
35.5722,1307
35.5750,1306
35.5778,1302
35.5806,1299
35.5833,1292
35.5861,1294
35.5889,1273
35.5917,1266
35.5944,1240
35.5972,1237
35.6000,1245
35.6028,1271
35.6056,1301
35.6083,1311
35.6111,1313
35.6139,1296
35.6167,1274
35.6194,1259
35.6222,1285
35.6250,1314
35.6278,1338
35.6306,1356
35.6333,1348
35.6361,1331
35.6389,1308
35.6417,1294
35.6444,1295
35.6472,1296
35.6500,1292
35.6528,1310
35.6556,1319
35.6583,1326
35.6611,1330
35.6639,1342
35.6667,1333
35.6694,1320
35.6722,1305
35.6750,1304
35.6778,1294
35.6806,1305
35.6833,1321
35.6861,1313
35.6889,1305
35.6917,1311
35.6944,1305
35.6972,1310
35.7000,1299
35.7028,1317
35.7056,1319
35.7083,1303
35.7111,1292
35.7139,1306
35.7167,1319
35.7194,1351
35.7222,1372
35.7250,1405
35.7278,1415
35.7306,1417
35.7333,1400
35.7361,1365
35.7389,1327
35.7417,1315
35.7444,1298
35.7472,1283
35.7500,1265
35.7528,1241
35.7556,1231
35.7583,1220
35.7611,1238
35.7639,1252
35.7667,1246
35.7694,1238
35.7722,1234
35.7750,1233
35.7778,1214
35.7806,1223
35.7833,1234
35.7861,1252
35.7889,1264
35.7917,1272
35.7944,1263
35.7972,1259
35.8000,1258
35.8028,1273
35.8056,1296
35.8083,1284
35.8111,1271
35.8139,1266
35.8167,1247
35.8194,1242
35.8222,1231
35.8250,1206
35.8278,1188
35.8306,1181
35.8333,1224
35.8361,1268
35.8389,1328
35.8417,1438
35.8444,1596
35.8472,1797
35.8500,2030
35.8528,2229
35.8556,2289
35.8583,2151
35.8611,1923
35.8639,1725
35.8667,1575
35.8694,1483
35.8722,1457
35.8750,1460
35.8778,1465
35.8806,1479
35.8833,1480
35.8861,1434
35.8889,1367
35.8917,1308
35.8944,1269
35.8972,1256
35.9000,1280
35.9028,1312
35.9056,1333
35.9083,1297
35.9111,1274
35.9139,1266
35.9167,1272
35.9194,1302
35.9222,1326
35.9250,1337
35.9278,1309
35.9306,1279
35.9333,1262
35.9361,1246
35.9389,1250
35.9417,1286
35.9444,1329
35.9472,1335
35.9500,1341
35.9528,1344
35.9556,1329
35.9583,1299
35.9611,1291
35.9639,1304
35.9667,1318
35.9694,1320
35.9722,1323
35.9750,1327
35.9778,1334
35.9806,1332
35.9833,1326
35.9861,1315
35.9889,1314
35.9917,1332
35.9944,1338
35.9972,1369
36.0000,1395
36.0028,1421
36.0056,1416
36.0083,1398
36.0111,1397
36.0139,1394
36.0167,1404
36.0194,1405
36.0222,1425
36.0250,1446
36.0278,1446
36.0306,1447
36.0333,1444
36.0361,1440
36.0389,1452
36.0417,1466
36.0444,1567
36.0472,1548
36.0500,1530
36.0528,1512
36.0556,1505
36.0583,1505
36.0611,1523
36.0639,1539
36.0667,1539
36.0694,1520
36.0722,1496
36.0750,1477
36.0778,1453
36.0806,1438
36.0833,1445
36.0861,1427
36.0889,1401
36.0917,1394
36.0944,1405
36.0972,1405
36.1000,1412
36.1028,1434
36.1056,1412
36.1083,1395
36.1111,1372
36.1139,1367
36.1167,1374
36.1194,1401
36.1222,1440
36.1250,1467
36.1278,1461
36.1306,1447
36.1333,1407
36.1361,1388
36.1389,1379
36.1417,1399
36.1444,1417
36.1472,1438
36.1500,1439
36.1528,1424
36.1556,1434
36.1583,1431
36.1611,1445
36.1639,1465
36.1667,1460
36.1694,1453
36.1722,1446
36.1750,1447
36.1778,1441
36.1806,1463
36.1833,1480
36.1861,1479
36.1889,1471
36.1917,1463
36.1944,1440
36.1972,1435
36.2000,1452
36.2028,1468
36.2056,1474
36.2083,1492
36.2111,1510
36.2139,1521
36.2167,1534
36.2194,1553
36.2222,1538
36.2250,1531
36.2278,1520
36.2306,1521
36.2333,1510
36.2361,1497
36.2389,1507
36.2417,1531
36.2444,1539
36.2472,1538
36.2500,1532
36.2528,1535
36.2556,1538
36.2583,1532
36.2611,1549
36.2639,1574
36.2667,1576
36.2694,1570
36.2722,1556
36.2750,1547
36.2778,1559
36.2806,1572
36.2833,1585
36.2861,1584
36.2889,1579
36.2917,1599
36.2944,1607
36.2972,1622
36.3000,1650
36.3028,1659
36.3056,1653
36.3083,1630
36.3111,1615
36.3139,1596
36.3167,1573
36.3194,1572
36.3222,1579
36.3250,1600
36.3278,1595
36.3306,1605
36.3333,1611
36.3361,1623
36.3389,1614
36.3417,1640
36.3444,1650
36.3472,1657
36.3500,1660
36.3528,1661
36.3556,1663
36.3583,1664
36.3611,1688
36.3639,1689
36.3667,1704
36.3694,1717
36.3722,1718
36.3750,1711
36.3778,1702
36.3806,1706
36.3833,1713
36.3861,1716
36.3889,1715
36.3917,1706
36.3944,1696
36.3972,1668
36.4000,1672
36.4028,1672
36.4056,1668
36.4083,1646
36.4111,1642
36.4139,1625
36.4167,1612
36.4194,1628
36.4222,1654
36.4250,1669
36.4278,1666
36.4306,1667
36.4333,1661
36.4361,1657
36.4389,1661
36.4417,1702
36.4444,1707
36.4472,1700
36.4500,1695
36.4528,1680
36.4556,1652
36.4583,1651
36.4611,1667
36.4639,1703
36.4667,1724
36.4694,1712
36.4722,1696
36.4750,1661
36.4778,1645
36.4806,1649
36.4833,1664
36.4861,1686
36.4889,1729
36.4917,1803
36.4944,1911
36.4972,2076
36.5000,2316
36.5028,2581
36.5056,2744
36.5083,2737
36.5111,2568
36.5139,2303
36.5167,2097
36.5194,1953
36.5222,1897
36.5250,1889
36.5278,1896
36.5306,1938
36.5333,1950
36.5361,1916
36.5389,1863
36.5417,1791
36.5444,1744
36.5472,1729
36.5500,1736
36.5528,1790
36.5556,1813
36.5583,1804
36.5611,1773
36.5639,1759
36.5667,1734
36.5694,1730
36.5722,1743
36.5750,1773
36.5778,1776
36.5806,1786
36.5833,1776
36.5861,1762
36.5889,1761
36.5917,1773
36.5944,1783
36.5972,1755
36.6000,1748
36.6028,1751
36.6056,1746
36.6083,1759
36.6111,1787
36.6139,1805
36.6167,1804
36.6194,1784
36.6222,1760
36.6250,1727
36.6278,1729
36.6306,1774
36.6333,1816
36.6361,1843
36.6389,1853
36.6417,1857
36.6444,1844
36.6472,1835
36.6500,1845
36.6528,1873
36.6556,1889
36.6583,1880
36.6611,1873
36.6639,1877
36.6667,1873
36.6694,1891
36.6722,1891
36.6750,1898
36.6778,1899
36.6806,1903
36.6833,1920
36.6861,1919
36.6889,1926
36.6917,1919
36.6944,1930
36.6972,1968
36.7000,1976
36.7028,1977
36.7056,1945
36.7083,1932
36.7111,1925
36.7139,1920
36.7167,1906
36.7194,1905
36.7222,1878
36.7250,1853
36.7278,1831
36.7306,1826
36.7333,1822
36.7361,1829
36.7389,1841
36.7417,1841
36.7444,1836
36.7472,1831
36.7500,1823
36.7528,1809
36.7556,1800
36.7583,1807
36.7611,1812
36.7639,1809
36.7667,1804
36.7694,1812
36.7722,1793
36.7750,1784
36.7778,1791
36.7806,1800
36.7833,1787
36.7861,1764
36.7889,1764
36.7917,1765
36.7944,1771
36.7972,1777
36.8000,1804
36.8028,1806
36.8056,1792
36.8083,1789
36.8111,1768
36.8139,1758
36.8167,1761
36.8194,1774
36.8222,1806
36.8250,1825
36.8278,1839
36.8306,1863
36.8333,1863
36.8361,1856
36.8389,1839
36.8417,1833
36.8444,1813
36.8472,1793
36.8500,1794
36.8528,1799
36.8556,1818
36.8583,1840
36.8611,1848
36.8639,1827
36.8667,1797
36.8694,1788
36.8722,1788
36.8750,1810
36.8778,1820
36.8806,1839
36.8833,1842
36.8861,1829
36.8889,1818
36.8917,1815
36.8944,1820
36.8972,1823
36.9000,1841
36.9028,1827
36.9056,1808
36.9083,1806
36.9111,1817
36.9139,1845
36.9167,1845
36.9194,1857
36.9222,1840
36.9250,1838
36.9278,1821
36.9306,1825
36.9333,1830
36.9361,1821
36.9389,1838
36.9417,1843
36.9444,1838
36.9472,1825
36.9500,1838
36.9528,1830
36.9556,1824
36.9583,1825
36.9611,1830
36.9639,1835
36.9667,1806
36.9694,1800
36.9722,1803
36.9750,1801
36.9778,1811
36.9806,1815
36.9833,1822
36.9861,1812
36.9889,1814
36.9917,1818
36.9944,1817
36.9972,1826
37.0000,1840
37.0028,1845
37.0056,1856
37.0083,1864
37.0111,1872
37.0139,1881
37.0167,1881
37.0194,1896
37.0222,1899
37.0250,1884
37.0278,1861
37.0306,1848
37.0333,1818
37.0361,1790
37.0389,1782
37.0417,1786
37.0444,1782
37.0472,1782
37.0500,1786
37.0528,1788
37.0556,1788
37.0583,1793
37.0611,1810
37.0639,1800
37.0667,1777
37.0694,1754
37.0722,1759
37.0750,1760
37.0778,1777
37.0806,1788
37.0833,1796
37.0861,1792
37.0889,1790
37.0917,1779
37.0944,1767
37.0972,1776
37.1000,1781
37.1028,1777
37.1056,1782
37.1083,1764
37.1111,1770
37.1139,1762
37.1167,1734
37.1194,1716
37.1222,1705
37.1250,1712
37.1278,1731
37.1306,1766
37.1333,1828
37.1361,1888
37.1389,2004
37.1417,2224
37.1444,2487
37.1472,2723
37.1500,2832
37.1528,2743
37.1556,2510
37.1583,2243
37.1611,2044
37.1639,1923
37.1667,1883
37.1694,1917
37.1722,1981
37.1750,2020
37.1778,2023
37.1806,1974
37.1833,1905
37.1861,1833
37.1889,1797
37.1917,1769
37.1944,1772
37.1972,1773
37.2000,1792
37.2028,1776
37.2056,1764
37.2083,1753
37.2111,1754
37.2139,1768
37.2167,1771
37.2194,1778
37.2222,1788
37.2250,1783
37.2278,1767
37.2306,1757
37.2333,1744
37.2361,1747
37.2389,1755
37.2417,1770
37.2444,1770
37.2472,1767
37.2500,1762
37.2528,1761
37.2556,1741
37.2583,1764
37.2611,1785
37.2639,1802
37.2667,1787
37.2694,1797
37.2722,1804
37.2750,1815
37.2778,1831
37.2806,1838
37.2833,1819
37.2861,1777
37.2889,1760
37.2917,1753
37.2944,1783
37.2972,1821
37.3000,1856
37.3028,1864
37.3056,1823
37.3083,1780
37.3111,1761
37.3139,1778
37.3167,1823
37.3194,1878
37.3222,1906
37.3250,1896
37.3278,1881
37.3306,1855
37.3333,1875
37.3361,1919
37.3389,1977
37.3417,1975
37.3444,1939
37.3472,1899
37.3500,1858
37.3528,1844
37.3556,1841
37.3583,1851
37.3611,1854
37.3639,1845
37.3667,1815
37.3694,1816
37.3722,1814
37.3750,1791
37.3778,1770
37.3806,1739
37.3833,1721
37.3861,1704
37.3889,1712
37.3917,1720
37.3944,1741
37.3972,1754
37.4000,1776
37.4028,1752
37.4056,1734
37.4083,1731
37.4111,1747
37.4139,1752
37.4167,1751
37.4194,1744
37.4222,1724
37.4250,1678
37.4278,1650
37.4306,1648
37.4333,1655
37.4361,1663
37.4389,1683
37.4417,1708
37.4444,1697
37.4472,1688
37.4500,1675
37.4528,1673
37.4556,1675
37.4583,1691
37.4611,1704
37.4639,1706
37.4667,1722
37.4694,1747
37.4722,1762
37.4750,1767
37.4778,1794
37.4806,1794
37.4833,1767
37.4861,1738
37.4889,1698
37.4917,1678
37.4944,1640
37.4972,1664
37.5000,1715
37.5028,1759
37.5056,1771
37.5083,1766
37.5111,1747
37.5139,1720
37.5167,1694
37.5194,1653
37.5222,1632
37.5250,1635
37.5278,1675
37.5306,1721
37.5333,1721
37.5361,1728
37.5389,1737
37.5417,1765
37.5444,1773
37.5472,1782
37.5500,1758
37.5528,1729
37.5556,1721
37.5583,1723
37.5611,1714
37.5639,1705
37.5667,1711
37.5694,1731
37.5722,1736
37.5750,1731
37.5778,1743
37.5806,1743
37.5833,1739
37.5861,1712
37.5889,1684
37.5917,1687
37.5944,1670
37.5972,1666
37.6000,1679
37.6028,1699
37.6056,1723
37.6083,1751
37.6111,1768
37.6139,1768
37.6167,1742
37.6194,1720
37.6222,1706
37.6250,1688
37.6278,1682
37.6306,1663
37.6333,1631
37.6361,1618
37.6389,1665
37.6417,1711
37.6444,1732
37.6472,1741
37.6500,1749
37.6528,1742
37.6556,1732
37.6583,1730
37.6611,1717
37.6639,1691
37.6667,1653
37.6694,1632
37.6722,1648
37.6750,1649
37.6778,1677
37.6806,1720
37.6833,1747
37.6861,1730
37.6889,1722
37.6917,1725
37.6944,1728
37.6972,1753
37.7000,1763
37.7028,1769
37.7056,1788
37.7083,1804
37.7111,1824
37.7139,1820
37.7167,1817
37.7194,1837
37.7222,1841
37.7250,1815
37.7278,1770
37.7306,1707
37.7333,1637
37.7361,1597
37.7389,1593
37.7417,1610
37.7444,1630
37.7472,1654
37.7500,1657
37.7528,1649
37.7556,1633
37.7583,1653
37.7611,1672
37.7639,1677
37.7667,1673
37.7694,1649
37.7722,1610
37.7750,1586
37.7778,1580
37.7806,1609
37.7833,1642
37.7861,1683
37.7889,1690
37.7917,1691
37.7944,1701
37.7972,1722
37.8000,1716
37.8028,1660
37.8056,1613
37.8083,1585
37.8111,1565
37.8139,1534
37.8167,1541
37.8194,1571
37.8222,1628
37.8250,1689
37.8278,1738
37.8306,1818
37.8333,1921
37.8361,2110
37.8389,2346
37.8417,2592
37.8444,2708
37.8472,2618
37.8500,2358
37.8528,2114
37.8556,1947
37.8583,1849
37.8611,1830
37.8639,1833
37.8667,1851
37.8694,1860
37.8722,1864
37.8750,1820
37.8778,1765
37.8806,1705
37.8833,1637
37.8861,1556
37.8889,1487
37.8917,1506
37.8944,1552
37.8972,1616
37.9000,1654
37.9028,1650
37.9056,1622
37.9083,1640
37.9111,1680
37.9139,1706
37.9167,1710
37.9194,1655
37.9222,1583
37.9250,1557
37.9278,1603
37.9306,1632
37.9333,1669
37.9361,1683
37.9389,1664
37.9417,1657
37.9444,1685
37.9472,1697
37.9500,1686
37.9528,1658
37.9556,1636
37.9583,1630
37.9611,1640
37.9639,1625
37.9667,1646
37.9694,1690
37.9722,1699
37.9750,1683
37.9778,1678
37.9806,1679
37.9833,1680
37.9861,1666
37.9889,1664
37.9917,1666
37.9944,1657
37.9972,1659
38.0000,1686
38.0028,1691
38.0056,1690
38.0083,1708
38.0111,1754
38.0139,1793
38.0167,1824
38.0194,1834
38.0222,1808
38.0250,1766
38.0278,1790
38.0306,1808
38.0333,1804
38.0361,1873
38.0389,1858
38.0417,1831
38.0444,1777
38.0472,1709
38.0500,1657
38.0528,1667
38.0556,1737
38.0583,1834
38.0611,1849
38.0639,1810
38.0667,1761
38.0694,1729
38.0722,1714
38.0750,1704
38.0778,1687
38.0806,1640
38.0833,1584
38.0861,1590
38.0889,1635
38.0917,1688
38.0944,1710
38.0972,1719
38.1000,1706
38.1028,1673
38.1056,1605
38.1083,1531
38.1111,1475
38.1139,1470
38.1167,1550
38.1194,1636
38.1222,1686
38.1250,1705
38.1278,1706
38.1306,1706
38.1333,1707
38.1361,1689
38.1389,1683
38.1417,1669
38.1444,1643
38.1472,1633
38.1500,1650
38.1528,1653
38.1556,1662
38.1583,1662
38.1611,1654
38.1639,1629
38.1667,1636
38.1694,1663
38.1722,1680
38.1750,1682
38.1778,1662
38.1806,1621
38.1833,1573
38.1861,1559
38.1889,1590
38.1917,1614
38.1944,1638
38.1972,1632
38.2000,1636
38.2028,1654
38.2056,1703
38.2083,1715
38.2111,1659
38.2139,1607
38.2167,1628
38.2194,1703
38.2222,1732
38.2250,1749
38.2278,1764
38.2306,1776
38.2333,1754
38.2361,1734
38.2389,1684
38.2417,1627
38.2444,1588
38.2472,1574
38.2500,1609
38.2528,1658
38.2556,1700
38.2583,1683
38.2611,1644
38.2639,1610
38.2667,1642
38.2694,1676
38.2722,1675
38.2750,1616
38.2778,1598
38.2806,1638
38.2833,1691
38.2861,1740
38.2889,1760
38.2917,1750
38.2944,1730
38.2972,1752
38.3000,1753
38.3028,1737
38.3056,1714
38.3083,1707
38.3111,1716
38.3139,1705
38.3167,1644
38.3194,1525
38.3222,1435
38.3250,1461
38.3278,1577
38.3306,1699
38.3333,1770
38.3361,1822
38.3389,1844
38.3417,1802
38.3444,1724
38.3472,1688
38.3500,1653
38.3528,1574
38.3556,1522
38.3583,1542
38.3611,1646
38.3639,1786
38.3667,1873
38.3694,1890
38.3722,1836
38.3750,1742
38.3778,1640
38.3806,1570
38.3833,1507
38.3861,1509
38.3889,1625
38.3917,1767
38.3944,1902
38.3972,1925
38.4000,1815
38.4028,1700
38.4056,1659
38.4083,1706
38.4111,1763
38.4139,1777
38.4167,1753
38.4194,1700
38.4222,1619
38.4250,1571
38.4278,1559
38.4306,1599
38.4333,1670
38.4361,1736
38.4389,1796
38.4417,1810
38.4444,1737
38.4472,1635
38.4500,1543
38.4528,1506
38.4556,1540
38.4583,1610
38.4611,1669
38.4639,1660
38.4667,1668
38.4694,1724
38.4722,1782
38.4750,1812
38.4778,1782
38.4806,1696
38.4833,1595
38.4861,1575
38.4889,1585
38.4917,1606
38.4944,1618
38.4972,1636
38.5000,1624
38.5028,1616
38.5056,1625
38.5083,1615
38.5111,1522
38.5139,1454
38.5167,1458
38.5194,1599
38.5222,1911
38.5250,2343
38.5278,2748
38.5306,2990
38.5333,2974
38.5361,2730
38.5389,2380
38.5417,2069
38.5444,1832
38.5472,1714
38.5500,1682
38.5528,1723
38.5556,1801
38.5583,1818
38.5611,1778
38.5639,1735
38.5667,1728
38.5694,1731
38.5722,1773
38.5750,1799
38.5778,1820
38.5806,1774
38.5833,1717
38.5861,1683
38.5889,1615
38.5917,1533
38.5944,1503
38.5972,1575
38.6000,1650
38.6028,1680
38.6056,1684
38.6083,1648
38.6111,1568
38.6139,1514
38.6167,1562
38.6194,1661
38.6222,1711
38.6250,1685
38.6278,1632
38.6306,1619
38.6333,1648
38.6361,1724
38.6389,1746
38.6417,1616
38.6444,1468
38.6472,1446
38.6500,1540
38.6528,1652
38.6556,1745
38.6583,1835
38.6611,1814
38.6639,1522
38.6667,1140
38.6694,867
38.6722,875
38.6750,1166
38.6778,1597
38.6806,1916
38.6833,1938
38.6861,1654
38.6889,1387
38.6917,1257
38.6944,1326
38.6972,1580
38.7000,1818
38.7028,1952
38.7056,1931
38.7083,1794
38.7111,1712
38.7139,1827
38.7167,1946
38.7194,2018
38.7222,2380
38.7250,2424
38.7278,2450
38.7306,2392
38.7333,2291
38.7361,2173
38.7389,2099
38.7417,2061
38.7444,1971
38.7472,1906
38.7500,1900
38.7528,1930
38.7556,1949
38.7583,1949
38.7611,1870
38.7639,1652
38.7667,1345
38.7694,1268
38.7722,1444
38.7750,1601
38.7778,1560
38.7806,1608
38.7833,1996
38.7861,2545
38.7889,2769
38.7917,2444
38.7944,1946
38.7972,1760
38.8000,1993
38.8028,2265
38.8056,2347
38.8083,2210
38.8111,2015
38.8139,1867
38.8167,1858
38.8194,1989
38.8222,2103
38.8250,2069
38.8278,2056
38.8306,2121
38.8333,2146
38.8361,2050
38.8389,1863
38.8417,1573
38.8444,1373
38.8472,1567
38.8500,1982
38.8528,2297
38.8556,2385
38.8583,2212
38.8611,1832
38.8639,1446
38.8667,1229
38.8694,1281
38.8722,1555
38.8750,1953
38.8778,2117
38.8806,1757
38.8833,1390
38.8861,1416
38.8889,1771
38.8917,2094
38.8944,2247
38.8972,2226
38.9000,2154
38.9028,2054
38.9056,2069
38.9083,2087
38.9111,1940
38.9139,1708
38.9167,1499
38.9194,1422
38.9222,1583
38.9250,2015
38.9278,2355
38.9306,2268
38.9333,1948
38.9361,1731
38.9389,1722
38.9417,1678
38.9444,1610
38.9472,1725
38.9500,2018
38.9528,2180
38.9556,2093
38.9583,1886
38.9611,1661
38.9639,1410
38.9667,1143
38.9694,948
38.9722,889
38.9750,1240
38.9778,1810
38.9806,2317
38.9833,2578
38.9861,2511
38.9889,2229
38.9917,1928
38.9944,1782
38.9972,1745
39.0000,1737
39.0028,1789
39.0056,1845
39.0083,1787
39.0111,1703
39.0139,1768
39.0167,1788
39.0194,1734
39.0222,1632
39.0250,1373
39.0278,1126
39.0306,1157
39.0333,1491
39.0361,1790
39.0389,1815
39.0417,1675
39.0444,1603
39.0472,1804
39.0500,2068
39.0528,2129
39.0556,1970
39.0583,1634
39.0611,1417
39.0639,1438
39.0667,1470
39.0694,1463
39.0722,1521
39.0750,1591
39.0778,1604
39.0806,1559
39.0833,1561
39.0861,1489
39.0889,1333
39.0917,1358
39.0944,1426
39.0972,1409
39.1000,1352
39.1028,1419
39.1056,1580
39.1083,1703
39.1111,1739
39.1139,1614
39.1167,1410
39.1194,1330
39.1222,1379
39.1250,1476
39.1278,1413
39.1306,1129
39.1333,897
39.1361,883
39.1389,1117
39.1417,1560
39.1444,1951
39.1472,2180
39.1500,2252
39.1528,2015
39.1556,1705
39.1583,1625
39.1611,1724
39.1639,1739
39.1667,1679
39.1694,1596
39.1722,1544
39.1750,1042
39.1778,997
39.1806,695
39.1833,473
39.1861,386
39.1889,603
39.1917,1068
39.1944,1299
39.1972,1210
39.2000,1179
39.2028,1306
39.2056,1350
39.2083,1245
39.2111,1092
39.2139,995
39.2167,853
39.2194,801
39.2222,814
39.2250,890
39.2278,988
39.2306,1012
39.2333,989
39.2361,988
39.2389,1041
39.2417,953
39.2444,662
39.2472,528
39.2500,812
39.2528,1134
39.2556,1192
39.2583,1125
39.2611,1103
39.2639,1147
39.2667,1037
39.2694,739
39.2722,630
39.2750,820
39.2778,1094
39.2806,1278
39.2833,1076
39.2861,666
39.2889,436
39.2917,458
39.2944,620
39.2972,891
39.3000,1092
39.3028,1217
39.3056,1206
39.3083,975
39.3111,733
39.3139,750
39.3167,862
39.3194,817
39.3222,597
39.3250,272
39.3278,275
39.3306,621
39.3333,972
39.3361,1131
39.3389,1129
39.3417,971
39.3444,554
39.3472,258
39.3500,366
39.3528,711
39.3556,972
39.3583,1021
39.3611,979
39.3639,953
39.3667,897
39.3694,694
39.3722,398
39.3750,265
39.3778,431
39.3806,668
39.3833,849
39.3861,892
39.3889,742
39.3917,446
39.3944,125
39.3972,165
39.4000,345
39.4028,491
39.4056,609
39.4083,779
39.4111,913
39.4139,937
39.4167,836
39.4194,679
39.4222,486
39.4250,333
39.4278,294
39.4306,254
39.4333,114
39.4361,53
39.4389,190
39.4417,446
39.4444,512
39.4472,533
39.4500,778
39.4528,908
39.4556,641
39.4583,234
39.4611,146
39.4639,434
39.4667,698
39.4694,717
39.4722,597
39.4750,372
39.4778,211
39.4806,221
39.4833,383
39.4861,527
39.4889,530
39.4917,420
39.4944,410
39.4972,517
39.5000,630
39.5028,561
39.5056,174
39.5083,187
39.5111,608
39.5139,922
39.5167,1037
39.5194,974
39.5222,725
39.5250,440
39.5278,371
39.5306,373
39.5333,409
39.5361,512
39.5389,504
39.5417,376
39.5444,367
39.5472,541
39.5500,757
39.5528,814
39.5556,690
39.5583,478
39.5611,297
39.5639,286
39.5667,426
39.5694,655
39.5722,828
39.5750,839
39.5778,773
39.5806,735
39.5833,747
39.5861,783
39.5889,728
39.5917,546
39.5944,437
39.5972,445
39.6000,455
39.6028,465
39.6056,598
39.6083,725
39.6111,716
39.6139,646
39.6167,652
39.6194,714
39.6222,697
39.6250,730
39.6278,815
39.6306,894
39.6333,916
39.6361,900
39.6389,901
39.6417,890
39.6444,905
39.6472,928
39.6500,945
39.6528,911
39.6556,859
39.6583,794
39.6611,762
39.6639,801
39.6667,895
39.6694,961
39.6722,922
39.6750,814
39.6778,720
39.6806,722
39.6833,800
39.6861,883
39.6889,998
39.6917,1129
39.6944,1252
39.6972,1348
39.7000,1404
39.7028,1462
39.7056,1601
39.7083,1802
39.7111,1922
39.7139,1876
39.7167,1653
39.7194,1378
39.7222,1223
39.7250,1196
39.7278,1262
39.7306,1307
39.7333,1285
39.7361,1273
39.7389,1293
39.7417,1337
39.7444,1370
39.7472,1369
39.7500,1294
39.7528,1202
39.7556,1200
39.7583,1284
39.7611,1368
39.7639,1427
39.7667,1453
39.7694,1400
39.7722,1360
39.7750,1346
39.7778,1343
39.7806,1310
39.7833,1274
39.7861,1334
39.7889,1445
39.7917,1546
39.7944,1588
39.7972,1592
39.8000,1564
39.8028,1561
39.8056,1567
39.8083,1537
39.8111,1524
39.8139,1528
39.8167,1587
39.8194,1654
39.8222,1729
39.8250,1759
39.8278,1730
39.8306,1627
39.8333,1527
39.8361,1527
39.8389,1656
39.8417,1807
39.8444,1907
39.8472,1935
39.8500,1918
39.8528,1910
39.8556,1911
39.8583,1921
39.8611,1926
39.8639,1916
39.8667,1933
39.8694,1971
39.8722,2010
39.8750,2025
39.8778,2010
39.8806,1972
39.8833,1956
39.8861,1996
39.8889,2098
39.8917,2179
39.8944,2249
39.8972,2269
39.9000,2273
39.9028,2272
39.9056,2273
39.9083,2270
39.9111,2272
39.9139,2281
39.9167,2344
39.9194,2384
39.9222,2410
39.9250,2423
39.9278,2438
39.9306,2472
39.9333,2503
39.9361,2551
39.9389,2577
39.9417,2593
39.9444,2606
39.9472,2606
39.9500,2568
39.9528,2511
39.9556,2535
39.9583,2634
39.9611,2740
39.9639,2814
39.9667,2836
39.9694,2817
39.9722,2757
39.9750,2727
39.9778,2715
39.9806,2692
39.9833,2677
39.9861,2684
39.9889,2671
39.9917,2690
39.9944,2749
39.9972,2831
40.0000,2905
40.0028,2948
40.0056,2966
40.0083,2940
40.0111,2877
40.0139,2808
40.0167,2741
40.0194,2727
40.0222,2752
40.0250,2848
40.0278,2938
40.0306,3005
40.0333,3017
40.0361,3009
40.0389,2998
40.0417,2988
40.0444,3021
40.0472,3070
40.0500,3107
40.0528,3141
40.0556,3161
40.0583,3188
40.0611,3173
40.0639,3138
40.0667,3109
40.0694,3084
40.0722,3059
40.0750,3117
40.0778,3244
40.0806,3312
40.0833,3355
40.0861,3379
40.0889,3361
40.0917,3328
40.0944,3289
40.0972,3246
40.1000,3230
40.1028,3221
40.1056,3229
40.1083,3261
40.1111,3310
40.1139,3325
40.1167,3324
40.1194,3328
40.1222,3363
40.1250,3384
40.1278,3371
40.1306,3358
40.1333,3330
40.1361,3310
40.1389,3328
40.1417,3341
40.1444,3362
40.1472,3375
40.1500,3365
40.1528,3337
40.1556,3322
40.1583,3329
40.1611,3355
40.1639,3372
40.1667,3389
40.1694,3377
40.1722,3347
40.1750,3332
40.1778,3335
40.1806,3352
40.1833,3375
40.1861,3388
40.1889,3385
40.1917,3357
40.1944,3337
40.1972,3342
40.2000,3345
40.2028,3371
40.2056,3393
40.2083,3387
40.2111,3366
40.2139,3351
40.2167,3340
40.2194,3349
40.2222,3369
40.2250,3383
40.2278,3389
40.2306,3365
40.2333,3349
40.2361,3339
40.2389,3341
40.2417,3371
40.2444,3377
40.2472,3381
40.2500,3373
40.2528,3353
40.2556,3343
40.2583,3348
40.2611,3363
40.2639,3378
40.2667,3383
40.2694,3373
40.2722,3360
40.2750,3347
40.2778,3349
40.2806,3356
40.2833,3372
40.2861,3380
40.2889,3370
40.2917,3367
40.2944,3339
40.2972,3343
40.3000,3352
40.3028,3368
40.3056,3380
40.3083,3373
40.3111,3361
40.3139,3358
40.3167,3358
40.3194,3362
40.3222,3380
40.3250,3379
40.3278,3386
40.3306,3376
40.3333,3354
40.3361,3359
40.3389,3365
40.3417,3360
40.3444,3376
40.3472,3383
40.3500,3376
40.3528,3363
40.3556,3350
40.3583,3347
40.3611,3353
40.3639,3373
40.3667,3368
40.3694,3369
40.3722,3337
40.3750,3321
40.3778,3303
40.3806,3260
40.3833,3232
40.3861,3195
40.3889,3156
40.3917,3118
40.3944,3120
40.3972,3158
40.4000,3190
40.4028,3196
40.4056,3203
40.4083,3223
40.4111,3239
40.4139,3254
40.4167,3251
40.4194,3246
40.4222,3211
40.4250,3149
40.4278,3086
40.4306,3015
40.4333,2994
40.4361,2994
40.4389,3031
40.4417,3065
40.4444,3108
40.4472,3122
40.4500,3098
40.4528,2984
40.4556,2842
40.4583,2770
40.4611,2854
40.4639,2969
40.4667,3064
40.4694,3109
40.4722,3040
40.4750,2967
40.4778,2954
40.4806,2999
40.4833,3054
40.4861,3126
40.4889,3162
40.4917,3143
40.4944,3113
40.4972,3067
40.5000,3019
40.5028,2968
40.5056,2899
40.5083,2830
40.5111,2824
40.5139,2908
40.5167,3002
40.5194,3042
40.5222,2967
40.5250,2862
40.5278,2856
40.5306,2940
40.5333,2972
40.5361,2908
40.5389,2813
40.5417,2749
40.5444,2769
40.5472,2870
40.5500,2913
40.5528,2918
40.5556,2921
40.5583,2922
40.5611,2951
40.5639,2996
40.5667,3019
40.5694,3005
40.5722,2939
40.5750,2884
40.5778,2831
40.5806,2770
40.5833,2724
40.5861,2677
40.5889,2676
40.5917,2677
40.5944,2699
40.5972,2728
40.6000,2732
40.6028,2694
40.6056,2630
40.6083,2566
40.6111,2500
40.6139,2468
40.6167,2472
40.6194,2463
40.6222,2447
40.6250,2425
40.6278,2405
40.6306,2385
40.6333,2363
40.6361,2352
40.6389,2336
40.6417,2326
40.6444,2312
40.6472,2342
40.6500,2373
40.6528,2404
40.6556,2402
40.6583,2398
40.6611,2378
40.6639,2366
40.6667,2368
40.6694,2378
40.6722,2368
40.6750,2350
40.6778,2342
40.6806,2308
40.6833,2303
40.6861,2278
40.6889,2268
40.6917,2235
40.6944,2202
40.6972,2182
40.7000,2150
40.7028,2135
40.7056,2106
40.7083,2085
40.7111,2058
40.7139,2041
40.7167,2034
40.7194,2028
40.7222,2032
40.7250,2049
40.7278,2052
40.7306,2042
40.7333,2033
40.7361,2016
40.7389,2000
40.7417,1985
40.7444,1976
40.7472,1970
40.7500,1961
40.7528,1958
40.7556,1941
40.7583,1913
40.7611,1910
40.7639,1918
40.7667,1958
40.7694,1996
40.7722,2015
40.7750,2000
40.7778,1984
40.7806,1948
40.7833,1918
40.7861,1912
40.7889,1903
40.7917,1875
40.7944,1838
40.7972,1817
40.8000,1795
40.8028,1766
40.8056,1745
40.8083,1741
40.8111,1719
40.8139,1710
40.8167,1701
40.8194,1683
40.8222,1663
40.8250,1662
40.8278,1642
40.8306,1632
40.8333,1620
40.8361,1604
40.8389,1617
40.8417,1613
40.8444,1623
40.8472,1614
40.8500,1611
40.8528,1625
40.8556,1614
40.8583,1590
40.8611,1564
40.8639,1526
40.8667,1510
40.8694,1521
40.8722,1540
40.8750,1547
40.8778,1523
40.8806,1479
40.8833,1429
40.8861,1402
40.8889,1412
40.8917,1435
40.8944,1483
40.8972,1527
40.9000,1588
40.9028,1689
40.9056,1873
40.9083,2097
40.9111,2270
40.9139,2326
40.9167,2221
40.9194,2006
40.9222,1779
40.9250,1624
40.9278,1556
40.9306,1527
40.9333,1546
40.9361,1598
40.9389,1613
40.9417,1597
40.9444,1549
40.9472,1475
40.9500,1413
40.9528,1359
40.9556,1349
40.9583,1370
40.9611,1392
40.9639,1380
40.9667,1362
40.9694,1342
40.9722,1335
40.9750,1332
40.9778,1326
40.9806,1320
40.9833,1318
40.9861,1324
40.9889,1316
40.9917,1303
40.9944,1298
40.9972,1318
41.0000,1343
41.0028,1343
41.0056,1345
41.0083,1321
41.0111,1311
41.0139,1311
41.0167,1318
41.0194,1318
41.0222,1324
41.0250,1332
41.0278,1341
41.0306,1326
41.0333,1318
41.0361,1319
41.0389,1332
41.0417,1338
41.0444,1343
41.0472,1337
41.0500,1326
41.0528,1321
41.0556,1310
41.0583,1335
41.0611,1329
41.0639,1335
41.0667,1335
41.0694,1335
41.0722,1330
41.0750,1341
41.0778,1362
41.0806,1359
41.0833,1368
41.0861,1387
41.0889,1401
41.0917,1382
41.0944,1383
41.0972,1372
41.1000,1372
41.1028,1385
41.1056,1408
41.1083,1404
41.1111,1408
41.1139,1396
41.1167,1394
41.1194,1395
41.1222,1397
41.1250,1407
41.1278,1418
41.1306,1394
41.1333,1371
41.1361,1387
41.1389,1393
41.1417,1385
41.1444,1383
41.1472,1388
41.1500,1394
41.1528,1394
41.1556,1399
41.1583,1413
41.1611,1413
41.1639,1397
41.1667,1391
41.1694,1390
41.1722,1394
41.1750,1415
41.1778,1417
41.1806,1398
41.1833,1367
41.1861,1340
41.1889,1333
41.1917,1327
41.1944,1323
41.1972,1336
41.2000,1327
41.2028,1314
41.2056,1299
41.2083,1293
41.2111,1250
41.2139,1234
41.2167,1227
41.2194,1243
41.2222,1259
41.2250,1274
41.2278,1282
41.2306,1274
41.2333,1272
41.2361,1259
41.2389,1264
41.2417,1266
41.2444,1277
41.2472,1278
41.2500,1256
41.2528,1257
41.2556,1267
41.2583,1275
41.2611,1274
41.2639,1294
41.2667,1298
41.2694,1297
41.2722,1271
41.2750,1246
41.2778,1236
41.2806,1249
41.2833,1253
41.2861,1248
41.2889,1258
41.2917,1253
41.2944,1263
41.2972,1270
41.3000,1268
41.3028,1257
41.3056,1249
41.3083,1258
41.3111,1261
41.3139,1274
41.3167,1272
41.3194,1265
41.3222,1269
41.3250,1276
41.3278,1287
41.3306,1278
41.3333,1280
41.3361,1302
41.3389,1321
41.3417,1328
41.3444,1317
41.3472,1316
41.3500,1311
41.3528,1307
41.3556,1306
41.3583,1307
41.3611,1299
41.3639,1309
41.3667,1289
41.3694,1289
41.3722,1254
41.3750,1229
41.3778,1213
41.3806,1180
41.3833,1159
41.3861,1154
41.3889,1123
41.3917,1096
41.3944,1091
41.3972,1100
41.4000,1117
41.4028,1153
41.4056,1158
41.4083,1147
41.4111,1137
41.4139,1130
41.4167,1123
41.4194,1105
41.4222,1088
41.4250,1088
41.4278,1106
41.4306,1114
41.4333,1111
41.4361,1119
41.4389,1115
41.4417,1111
41.4444,1114
41.4472,1101
41.4500,1087
41.4528,1085
41.4556,1081
41.4583,1072
41.4611,1046
41.4639,1033
41.4667,1046
41.4694,1081
41.4722,1112
41.4750,1175
41.4778,1256
41.4806,1364
41.4833,1557
41.4861,1832
41.4889,2123
41.4917,2341
41.4944,2400
41.4972,2225
41.5000,1924
41.5028,1639
41.5056,1430
41.5083,1318
41.5111,1290
41.5139,1313
41.5167,1341
41.5194,1332
41.5222,1296
41.5250,1247
41.5278,1196
41.5306,1140
41.5333,1118
41.5361,1121
41.5389,1124
41.5417,1130
41.5444,1125
41.5472,1124
41.5500,1108
41.5528,1089
41.5556,1073
41.5583,1100
41.5611,1126
41.5639,1164
41.5667,1159
41.5694,1142
41.5722,1108
41.5750,1109
41.5778,1119
41.5806,1123
41.5833,1124
41.5861,1110
41.5889,1106
41.5917,1110
41.5944,1148
41.5972,1160
41.6000,1188
41.6028,1184
41.6056,1177
41.6083,1150
41.6111,1106
41.6139,1097
41.6167,1114
41.6194,1125
41.6222,1160
41.6250,1191
41.6278,1214
41.6306,1212
41.6333,1196
41.6361,1193
41.6389,1191
41.6417,1192
41.6444,1208
41.6472,1211
41.6500,1188
41.6528,1159
41.6556,1151
41.6583,1167
41.6611,1175
41.6639,1187
41.6667,1183
41.6694,1185
41.6722,1188
41.6750,1202
41.6778,1208
41.6806,1222
41.6833,1195
41.6861,1201
41.6889,1166
41.6917,1127
41.6944,1093
41.6972,1080
41.7000,1069
41.7028,1078
41.7056,1103
41.7083,1092
41.7111,1047
41.7139,1020
41.7167,988
41.7194,979
41.7222,982
41.7250,1006
41.7278,1019
41.7306,998
41.7333,1001
41.7361,992
41.7389,983
41.7417,976
41.7444,971
41.7472,951
41.7500,937
41.7528,920
41.7556,915
41.7583,922
41.7611,927
41.7639,952
41.7667,976
41.7694,946
41.7722,913
41.7750,889
41.7778,883
41.7806,871
41.7833,905
41.7861,942
41.7889,978
41.7917,978
41.7944,949
41.7972,913
41.8000,892
41.8028,883
41.8056,904
41.8083,923
41.8111,935
41.8139,934
41.8167,939
41.8194,948
41.8222,956
41.8250,944
41.8278,902
41.8306,856
41.8333,844
41.8361,873
41.8389,924
41.8417,970
41.8444,985
41.8472,982
41.8500,987
41.8528,991
41.8556,998
41.8583,1007
41.8611,1017
41.8639,1025
41.8667,1036
41.8694,1031
41.8722,989
41.8750,954
41.8778,927
41.8806,900
41.8833,886
41.8861,888
41.8889,905
41.8917,902
41.8944,901
41.8972,893
41.9000,884
41.9028,879
41.9056,875
41.9083,858
41.9111,843
41.9139,816
41.9167,826
41.9194,832
41.9222,853
41.9250,882
41.9278,882
41.9306,878
41.9333,876
41.9361,875
41.9389,880
41.9417,890
41.9444,914
41.9472,911
41.9500,895
41.9528,881
41.9556,872
41.9583,865
41.9611,859
41.9639,840
41.9667,809
41.9694,807
41.9722,821
41.9750,862
41.9778,912
41.9806,973
41.9833,1038
41.9861,1168
41.9889,1332
41.9917,1605
41.9944,1905
41.9972,2139
42.0000,2205
42.0028,2039
42.0056,1750
42.0083,1442
42.0111,1206
42.0139,1089
42.0167,1069
42.0194,1112
42.0222,1138
42.0250,1162
42.0278,1143
42.0306,1088
42.0333,1002
42.0361,937
42.0389,903
42.0417,906
42.0444,964
42.0472,984
42.0500,983
42.0528,996
42.0556,1005
42.0583,994
42.0611,977
42.0639,993
42.0667,1005
42.0694,1009
42.0722,1018
42.0750,1008
42.0778,1008
42.0806,1014
42.0833,1045
42.0861,1075
42.0889,1080
42.0917,1080
42.0944,1068
42.0972,1055
42.1000,1066
42.1028,1075
42.1056,1096
42.1083,1108
42.1111,1127
42.1139,1129
42.1167,1125
42.1194,1109
42.1222,1114
42.1250,1110
42.1278,1140
42.1306,1150
42.1333,1160
42.1361,1150
42.1389,1145
42.1417,1137
42.1444,1159
42.1472,1162
42.1500,1179
42.1528,1197
42.1556,1233
42.1583,1253
42.1611,1272
42.1639,1282
42.1667,1280
42.1694,1265
42.1722,1258
42.1750,1272
42.1778,1290
42.1806,1302
42.1833,1332
42.1861,1367
42.1889,1515
42.1917,1500
42.1944,1469
42.1972,1451
42.2000,1428
42.2028,1422
42.2056,1431
42.2083,1415
42.2111,1393
42.2139,1369
42.2167,1341
42.2194,1302
42.2222,1292
42.2250,1299
42.2278,1314
42.2306,1332
42.2333,1339
42.2361,1335
42.2389,1329
42.2417,1333
42.2444,1378
42.2472,1391
42.2500,1390
42.2528,1399
42.2556,1391
42.2583,1396
42.2611,1410
42.2639,1430
42.2667,1430
42.2694,1437
42.2722,1438
42.2750,1451
42.2778,1476
42.2806,1484
42.2833,1511
42.2861,1546
42.2889,1563
42.2917,1559
42.2944,1551
42.2972,1538
42.3000,1548
42.3028,1552
42.3056,1578
42.3083,1609
42.3111,1633
42.3139,1649
42.3167,1683
42.3194,1704
42.3222,1735
42.3250,1777
42.3278,1772
42.3306,1774
42.3333,1779
42.3361,1787
42.3389,1795
42.3417,1835
42.3444,1853
42.3472,1849
42.3500,1871
42.3528,1898
42.3556,1912
42.3583,1927
42.3611,1965
42.3639,2001
42.3667,2008
42.3694,2001
42.3722,1980
42.3750,1960
42.3778,1946
42.3806,1920
42.3833,1938
42.3861,1961
42.3889,1984
42.3917,2007
42.3944,2002
42.3972,1982
42.4000,1975
42.4028,1989
42.4056,1996
42.4083,2009
42.4111,2041
42.4139,2052
42.4167,2062
42.4194,2066
42.4222,2076
42.4250,2087
42.4278,2079
42.4306,2071
42.4333,2064
42.4361,2059
42.4389,2048
42.4417,2078
42.4444,2114
42.4472,2152
42.4500,2172
42.4528,2197
42.4556,2192
42.4583,2201
42.4611,2223
42.4639,2257
42.4667,2266
42.4694,2265
42.4722,2260
42.4750,2280
42.4778,2308
42.4806,2369
42.4833,2480
42.4861,2613
42.4889,2828
42.4917,3136
42.4944,3330
42.4972,3349
42.5000,3388
42.5028,3389
42.5056,3377
42.5083,3300
42.5111,3064
42.5139,2831
42.5167,2707
42.5194,2646
42.5222,2651
42.5250,2662
42.5278,2638
42.5306,2598
42.5333,2553
42.5361,2526
42.5389,2500
42.5417,2508
42.5444,2513
42.5472,2508
42.5500,2489
42.5528,2504
42.5556,2514
42.5583,2522
42.5611,2536
42.5639,2554
42.5667,2545
42.5694,2534
42.5722,2527
42.5750,2547
42.5778,2558
42.5806,2550
42.5833,2543
42.5861,2527
42.5889,2512
42.5917,2523
42.5944,2540
42.5972,2560
42.6000,2570
42.6028,2572
42.6056,2572
42.6083,2551
42.6111,2527
42.6139,2511
42.6167,2516
42.6194,2537
42.6222,2545
42.6250,2562
42.6278,2567
42.6306,2560
42.6333,2577
42.6361,2594
42.6389,2610
42.6417,2627
42.6444,2660
42.6472,2664
42.6500,2684
42.6528,2687
42.6556,2669
42.6583,2663
42.6611,2670
42.6639,2687
42.6667,2688
42.6694,2695
42.6722,2717
42.6750,2745
42.6778,2756
42.6806,2754
42.6833,2758
42.6861,2780
42.6889,2769
42.6917,2765
42.6944,2749
42.6972,2722
42.7000,2725
42.7028,2726
42.7056,2709
42.7083,2685
42.7111,2665
42.7139,2628
42.7167,2605
42.7194,2580
42.7222,2573
42.7250,2559
42.7278,2563
42.7306,2556
42.7333,2569
42.7361,2594
42.7389,2594
42.7417,2590
42.7444,2579
42.7472,2555
42.7500,2534
42.7528,2519
42.7556,2510
42.7583,2520
42.7611,2552
42.7639,2556
42.7667,2543
42.7694,2515
42.7722,2493
42.7750,2490
42.7778,2486
42.7806,2504
42.7833,2517
42.7861,2518
42.7889,2506
42.7917,2495
42.7944,2495
42.7972,2492
42.8000,2501
42.8028,2509
42.8056,2512
42.8083,2497
42.8111,2515
42.8139,2515
42.8167,2516
42.8194,2504
42.8222,2497
42.8250,2465
42.8278,2442
42.8306,2438
42.8333,2430
42.8361,2426
42.8389,2422
42.8417,2449
42.8444,2463
42.8472,2458
42.8500,2464
42.8528,2482
42.8556,2493
42.8583,2498
42.8611,2494
42.8639,2481
42.8667,2460
42.8694,2452
42.8722,2463
42.8750,2441
42.8778,2429
42.8806,2405
42.8833,2390
42.8861,2378
42.8889,2368
42.8917,2366
42.8944,2362
42.8972,2334
42.9000,2306
42.9028,2309
42.9056,2311
42.9083,2302
42.9111,2294
42.9139,2295
42.9167,2281
42.9194,2263
42.9222,2273
42.9250,2266
42.9278,2248
42.9306,2258
42.9333,2281
42.9361,2291
42.9389,2295
42.9417,2316
42.9444,2301
42.9472,2303
42.9500,2281
42.9528,2269
42.9556,2260
42.9583,2261
42.9611,2258
42.9639,2238
42.9667,2201
42.9694,2158
42.9722,2138
42.9750,2124
42.9778,2122
42.9806,2161
42.9833,2221
42.9861,2279
42.9889,2375
42.9917,2544
42.9944,2797
42.9972,3089
43.0000,3336
43.0028,3361
43.0056,3312
43.0083,3085
43.0111,2788
43.0139,2549
43.0167,2391
43.0194,2351
43.0222,2358
43.0250,2388
43.0278,2392
43.0306,2384
43.0333,2333
43.0361,2283
43.0389,2234
43.0417,2218
43.0444,2221
43.0472,2209
43.0500,2223
43.0528,2239
43.0556,2238
43.0583,2231
43.0611,2228
43.0639,2202
43.0667,2176
43.0694,2183
43.0722,2180
43.0750,2176
43.0778,2154
43.0806,2151
43.0833,2148
43.0861,2138
43.0889,2126
43.0917,2122
43.0944,2120
43.0972,2109
43.1000,2101
43.1028,2101
43.1056,2077
43.1083,2078
43.1111,2096
43.1139,2085
43.1167,2071
43.1194,2076
43.1222,2074
43.1250,2075
43.1278,2078
43.1306,2082
43.1333,2100
43.1361,2090
43.1389,2078
43.1417,2069
43.1444,2047
43.1472,2046
43.1500,2032
43.1528,2033
43.1556,2023
43.1583,2030
43.1611,2039
43.1639,2052
43.1667,2056
43.1694,2061
43.1722,2062
43.1750,2045
43.1778,2023
43.1806,1994
43.1833,1993
43.1861,2005
43.1889,2042
43.1917,1937
43.1944,1950
43.1972,1937
43.2000,1923
43.2028,1922
43.2056,1906
43.2083,1892
43.2111,1894
43.2139,1876
43.2167,1852
43.2194,1833
43.2222,1842
43.2250,1838
43.2278,1827
43.2306,1823
43.2333,1808
43.2361,1775
43.2389,1747
43.2417,1737
43.2444,1746
43.2472,1750
43.2500,1761
43.2528,1773
43.2556,1772
43.2583,1747
43.2611,1731
43.2639,1717
43.2667,1713
43.2694,1696
43.2722,1695
43.2750,1681
43.2778,1665
43.2806,1670
43.2833,1660
43.2861,1647
43.2889,1646
43.2917,1637
43.2944,1630
43.2972,1613
43.3000,1609
43.3028,1593
43.3056,1588
43.3083,1607
43.3111,1644
43.3139,1659
43.3167,1633
43.3194,1609
43.3222,1602
43.3250,1594
43.3278,1594
43.3306,1602
43.3333,1615
43.3361,1625
43.3389,1634
43.3417,1641
43.3444,1631
43.3472,1601
43.3500,1597
43.3528,1603
43.3556,1592
43.3583,1602
43.3611,1608
43.3639,1604
43.3667,1600
43.3694,1600
43.3722,1599
43.3750,1598
43.3778,1597
43.3806,1598
43.3833,1597
43.3861,1585
43.3889,1596
43.3917,1597
43.3944,1599
43.3972,1584
43.4000,1588
43.4028,1601
43.4056,1598
43.4083,1589
43.4111,1582
43.4139,1547
43.4167,1542
43.4194,1542
43.4222,1532
43.4250,1511
43.4278,1476
43.4306,1465
43.4333,1443
43.4361,1466
43.4389,1494
43.4417,1516
43.4444,1519
43.4472,1521
43.4500,1500
43.4528,1473
43.4556,1465
43.4583,1464
43.4611,1478
43.4639,1483
43.4667,1475
43.4694,1475
43.4722,1491
43.4750,1487
43.4778,1499
43.4806,1521
43.4833,1544
43.4861,1532
43.4889,1515
43.4917,1510
43.4944,1498
43.4972,1471
43.5000,1445
43.5028,1413
43.5056,1368
43.5083,1349
43.5111,1366
43.5139,1429
43.5167,1486
43.5194,1583
43.5222,1721
43.5250,1948
43.5278,2217
43.5306,2512
43.5333,2700
43.5361,2692
43.5389,2468
43.5417,2163
43.5444,1889
43.5472,1700
43.5500,1609
43.5528,1586
43.5556,1599
43.5583,1632
43.5611,1653
43.5639,1622
43.5667,1554
43.5694,1482
43.5722,1419
43.5750,1401
43.5778,1399
43.5806,1401
43.5833,1422
43.5861,1423
43.5889,1429
43.5917,1417
43.5944,1398
43.5972,1384
43.6000,1403
43.6028,1427
43.6056,1409
43.6083,1391
43.6111,1371
43.6139,1360
43.6167,1346
43.6194,1367
43.6222,1377
43.6250,1375
43.6278,1374
43.6306,1356
43.6333,1346
43.6361,1330
43.6389,1337
43.6417,1366
43.6444,1390
43.6472,1400
43.6500,1406
43.6528,1374
43.6556,1350
43.6583,1369
43.6611,1394
43.6639,1418
43.6667,1411
43.6694,1398
43.6722,1392
43.6750,1405
43.6778,1416
43.6806,1444
43.6833,1448
43.6861,1438
43.6889,1429
43.6917,1425
43.6944,1416
43.6972,1419
43.7000,1431
43.7028,1457
43.7056,1454
43.7083,1455
43.7111,1460
43.7139,1464
43.7167,1483
43.7194,1496
43.7222,1510
43.7250,1444
43.7278,1447
43.7306,1446
43.7333,1447
43.7361,1444
43.7389,1450
43.7417,1434
43.7444,1405
43.7472,1387
43.7500,1361
43.7528,1349
43.7556,1340
43.7583,1371
43.7611,1371
43.7639,1368
43.7667,1348
43.7694,1350
43.7722,1330
43.7750,1307
43.7778,1311
43.7806,1335
43.7833,1340
43.7861,1332
43.7889,1317
43.7917,1304
43.7944,1289
43.7972,1283
43.8000,1308
43.8028,1323
43.8056,1324
43.8083,1310
43.8111,1305
43.8139,1294
43.8167,1292
43.8194,1314
43.8222,1321
43.8250,1310
43.8278,1300
43.8306,1295
43.8333,1291
43.8361,1284
43.8389,1301
43.8417,1304
43.8444,1299
43.8472,1285
43.8500,1273
43.8528,1268
43.8556,1263
43.8583,1279
43.8611,1316
43.8639,1328
43.8667,1327
43.8694,1334
43.8722,1312
43.8750,1298
43.8778,1306
43.8806,1312
43.8833,1303
43.8861,1307
43.8889,1282
43.8917,1287
43.8944,1277
43.8972,1281
43.9000,1289
43.9028,1299
43.9056,1290
43.9083,1285
43.9111,1289
43.9139,1285
43.9167,1294
43.9194,1297
43.9222,1288
43.9250,1290
43.9278,1306
43.9306,1306
43.9333,1312
43.9361,1319
43.9389,1339
43.9417,1341
43.9444,1308
43.9472,1287
43.9500,1280
43.9528,1295
43.9556,1293
43.9583,1310
43.9611,1314
43.9639,1297
43.9667,1309
43.9694,1314
43.9722,1329
43.9750,1349
43.9778,1371
43.9806,1393
43.9833,1385
43.9861,1388
43.9889,1407
43.9917,1388
43.9944,1365
43.9972,1345
44.0000,1355
44.0028,1372
44.0056,1384
44.0083,1400
44.0111,1391
44.0139,1365
44.0167,1350
44.0194,1326
44.0222,1309
44.0250,1275
44.0278,1263
44.0306,1261
44.0333,1274
44.0361,1289
44.0389,1309
44.0417,1318
44.0444,1305
44.0472,1289
44.0500,1278
44.0528,1272
44.0556,1278
44.0583,1290
44.0611,1305
44.0639,1305
44.0667,1287
44.0694,1278
44.0722,1269
44.0750,1264
44.0778,1270
44.0806,1296
44.0833,1309
44.0861,1328
44.0889,1343
44.0917,1318
44.0944,1301
44.0972,1268
44.1000,1218
44.1028,1185
44.1056,1175
44.1083,1219
44.1111,1263
44.1139,1310
44.1167,1382
44.1194,1499
44.1222,1671
44.1250,1904
44.1278,2169
44.1306,2390
44.1333,2486
44.1361,2393
44.1389,2136
44.1417,1851
44.1444,1628
44.1472,1492
44.1500,1444
44.1528,1457
44.1556,1476
44.1583,1497
44.1611,1473
44.1639,1401
44.1667,1321
44.1694,1243
44.1722,1163
44.1750,1109
44.1778,1096
44.1806,1098
44.1833,1110
44.1861,1111
44.1889,1100
44.1917,1080
44.1944,1049
44.1972,1064
44.2000,1085
44.2028,1086
44.2056,1069
44.2083,1056
44.2111,1047
44.2139,1052
44.2167,1049
44.2194,1075
44.2222,1093
44.2250,1092
44.2278,1096
44.2306,1108
44.2333,1109
44.2361,1120
44.2389,1142
44.2417,1150
44.2444,1146
44.2472,1144
44.2500,1150
44.2528,1130
44.2556,1134
44.2583,1149
44.2611,1173
44.2639,1179
44.2667,1188
44.2694,1199
44.2722,1189
44.2750,1189
44.2778,1197
44.2806,1249
44.2833,1261
44.2861,1273
44.2889,1268
44.2917,1254
44.2944,1258
44.2972,1270
44.3000,1306
44.3028,1313
44.3056,1324
44.3083,1332
44.3111,1338
44.3139,1322
44.3167,1312
44.3194,1341
44.3222,1512
44.3250,1497
44.3278,1484
44.3306,1456
44.3333,1448
44.3361,1438
44.3389,1441
44.3417,1443
44.3444,1441
44.3472,1423
44.3500,1411
44.3528,1400
44.3556,1413
44.3583,1425
44.3611,1420
44.3639,1388
44.3667,1362
44.3694,1356
44.3722,1356
44.3750,1362
44.3778,1398
44.3806,1401
44.3833,1393
44.3861,1392
44.3889,1372
44.3917,1366
44.3944,1382
44.3972,1384
44.4000,1396
44.4028,1387
44.4056,1365
44.4083,1355
44.4111,1351
44.4139,1364
44.4167,1393
44.4194,1428
44.4222,1440
44.4250,1438
44.4278,1424
44.4306,1400
44.4333,1379
44.4361,1380
44.4389,1392
44.4417,1398
44.4444,1397
44.4472,1419
44.4500,1422
44.4528,1422
44.4556,1421
44.4583,1431
44.4611,1422
44.4639,1421
44.4667,1416
44.4694,1431
44.4722,1429
44.4750,1431
44.4778,1441
44.4806,1447
44.4833,1445
44.4861,1446
44.4889,1456
44.4917,1461
44.4944,1462
44.4972,1462
44.5000,1458
44.5028,1461
44.5056,1468
44.5083,1474
44.5111,1479
44.5139,1468
44.5167,1480
44.5194,1490
44.5222,1473
44.5250,1457
44.5278,1465
44.5306,1468
44.5333,1466
44.5361,1460
44.5389,1450
44.5417,1444
44.5444,1446
44.5472,1456
44.5500,1475
44.5528,1486
44.5556,1499
44.5583,1495
44.5611,1500
44.5639,1483
44.5667,1480
44.5694,1487
44.5722,1475
44.5750,1480
44.5778,1496
44.5806,1504
44.5833,1490
44.5861,1486
44.5889,1467
44.5917,1454
44.5944,1461
44.5972,1485
44.6000,1519
44.6028,1525
44.6056,1530
44.6083,1540
44.6111,1532
44.6139,1522
44.6167,1519
44.6194,1523
44.6222,1514
44.6250,1502
44.6278,1499
44.6306,1498
44.6333,1514
44.6361,1522
44.6389,1552
44.6417,1573
44.6444,1570
44.6472,1582
44.6500,1578
44.6528,1573
44.6556,1585
44.6583,1579
44.6611,1574
44.6639,1570
44.6667,1591
44.6694,1611
44.6722,1609
44.6750,1613
44.6778,1616
44.6806,1619
44.6833,1606
44.6861,1613
44.6889,1618
44.6917,1616
44.6944,1597
44.6972,1592
44.7000,1576
44.7028,1553
44.7056,1537
44.7083,1527
44.7111,1513
44.7139,1522
44.7167,1555
44.7194,1569
44.7222,1574
44.7250,1576
44.7278,1583
44.7306,1571
44.7333,1560
44.7361,1561
44.7389,1571
44.7417,1573
44.7444,1574
44.7472,1569
44.7500,1566
44.7528,1552
44.7556,1549
44.7583,1552
44.7611,1556
44.7639,1566
44.7667,1584
44.7694,1591
44.7722,1589
44.7750,1564
44.7778,1524
44.7806,1493
44.7833,1497
44.7861,1512
44.7889,1543
44.7917,1572
44.7944,1613
44.7972,1696
44.8000,1839
44.8028,2052
44.8056,2342
44.8083,2606
44.8111,2750
44.8139,2690
44.8167,2476
44.8194,2215
44.8222,1986
44.8250,1838
44.8278,1782
44.8306,1765
44.8333,1777
44.8361,1791
44.8389,1789
44.8417,1758
44.8444,1693
44.8472,1631
44.8500,1589
44.8528,1557
44.8556,1575
44.8583,1598
44.8611,1605
44.8639,1601
44.8667,1594
44.8694,1579
44.8722,1566
44.8750,1569
44.8778,1586
44.8806,1599
44.8833,1594
44.8861,1588
44.8889,1595
44.8917,1592
44.8944,1603
44.8972,1620
44.9000,1637
44.9028,1646
44.9056,1621
44.9083,1607
44.9111,1586
44.9139,1594
44.9167,1630
44.9194,1646
44.9222,1673
44.9250,1665
44.9278,1656
44.9306,1628
44.9333,1608
44.9361,1617
44.9389,1644
44.9417,1657
44.9444,1661
44.9472,1661
44.9500,1649
44.9528,1642
44.9556,1638
44.9583,1666
44.9611,1673
44.9639,1683
44.9667,1691
44.9694,1684
44.9722,1682
44.9750,1685
44.9778,1723
44.9806,1754
44.9833,1778
44.9861,1787
44.9889,1768
44.9917,1758
44.9944,1755
44.9972,1774
45.0000,1780
45.0028,1827
45.0056,1817
45.0083,1774
45.0111,1760
45.0139,1766
45.0167,1806
45.0194,1814
45.0222,1800
45.0250,1768
45.0278,1741
45.0306,1720
45.0333,1720
45.0361,1746
45.0389,1746
45.0417,1731
45.0444,1712
45.0472,1700
45.0500,1687
45.0528,1677
45.0556,1685
45.0583,1683
45.0611,1682
45.0639,1671
45.0667,1661
45.0694,1661
45.0722,1659
45.0750,1667
45.0778,1687
45.0806,1694
45.0833,1699
45.0861,1681
45.0889,1656
45.0917,1632
45.0944,1632
45.0972,1647
45.1000,1648
45.1028,1652
45.1056,1671
45.1083,1694
45.1111,1689
45.1139,1670
45.1167,1670
45.1194,1654
45.1222,1661
45.1250,1671
45.1278,1680
45.1306,1676
45.1333,1687
45.1361,1709
45.1389,1711
45.1417,1700
45.1444,1688
45.1472,1681
45.1500,1666
45.1528,1674
45.1556,1673
45.1583,1681
45.1611,1680
45.1639,1684
45.1667,1683
45.1694,1684
45.1722,1688
45.1750,1715
45.1778,1743
45.1806,1731
45.1833,1717
45.1861,1687
45.1889,1674
45.1917,1685
45.1944,1696
45.1972,1707
45.2000,1709
45.2028,1712
45.2056,1703
45.2083,1709
45.2111,1698
45.2139,1703
45.2167,1711
45.2194,1732
45.2222,1733
45.2250,1725
45.2278,1702
45.2306,1686
45.2333,1685
45.2361,1702
45.2389,1709
45.2417,1696
45.2444,1701
45.2472,1705
45.2500,1692
45.2528,1704
45.2556,1731
45.2583,1746
45.2611,1739
45.2639,1735
45.2667,1716
45.2694,1704
45.2722,1687
45.2750,1680
45.2778,1695
45.2806,1697
45.2833,1696
45.2861,1707
45.2889,1711
45.2917,1711
45.2944,1702
45.2972,1714
45.3000,1724
45.3028,1711
45.3056,1722
45.3083,1711
45.3111,1697
45.3139,1682
45.3167,1688
45.3194,1691
45.3222,1687
45.3250,1697
45.3278,1693
45.3306,1679
45.3333,1691
45.3361,1714
45.3389,1732
45.3417,1732
45.3444,1730
45.3472,1728
45.3500,1713
45.3528,1703
45.3556,1698
45.3583,1698
45.3611,1699
45.3639,1706
45.3667,1707
45.3694,1711
45.3722,1709
45.3750,1719
45.3778,1736
45.3806,1742
45.3833,1745
45.3861,1744
45.3889,1748
45.3917,1731
45.3944,1715
45.3972,1722
45.4000,1732
45.4028,1724
45.4056,1743
45.4083,1753
45.4111,1756
45.4139,1762
45.4167,1773
45.4194,1781
45.4222,1767
45.4250,1747
45.4278,1736
45.4306,1710
45.4333,1707
45.4361,1705
45.4389,1672
45.4417,1626
45.4444,1616
45.4472,1631
45.4500,1664
45.4528,1673
45.4556,1705
45.4583,1710
45.4611,1696
45.4639,1704
45.4667,1697
45.4694,1685
45.4722,1665
45.4750,1655
45.4778,1662
45.4806,1668
45.4833,1673
45.4861,1680
45.4889,1679
45.4917,1685
45.4944,1680
45.4972,1670
45.5000,1654
45.5028,1625
45.5056,1599
45.5083,1596
45.5111,1591
45.5139,1633
45.5167,1684
45.5194,1740
45.5222,1787
45.5250,1877
45.5278,2064
45.5306,2310
45.5333,2582
45.5361,2784
45.5389,2807
45.5417,2601
45.5444,2334
45.5472,2106
45.5500,1946
45.5528,1865
45.5556,1843
45.5583,1861
45.5611,1871
45.5639,1864
45.5667,1829
45.5694,1763
45.5722,1692
45.5750,1647
45.5778,1628
45.5806,1633
45.5833,1648
45.5861,1657
45.5889,1662
45.5917,1654
45.5944,1642
45.5972,1651
45.6000,1652
45.6028,1646
45.6056,1633
45.6083,1630
45.6111,1624
45.6139,1604
45.6167,1615
45.6194,1608
45.6222,1625
45.6250,1641
45.6278,1658
45.6306,1643
45.6333,1636
45.6361,1626
45.6389,1630
45.6417,1635
45.6444,1660
45.6472,1667
45.6500,1649
45.6528,1645
45.6556,1637
45.6583,1639
45.6611,1645
45.6639,1654
45.6667,1660
45.6694,1650
45.6722,1650
45.6750,1636
45.6778,1647
45.6806,1653
45.6833,1676
45.6861,1701
45.6889,1728
45.6917,1717
45.6944,1704
45.6972,1689
45.7000,1686
45.7028,1692
45.7056,1714
45.7083,1736
45.7111,1746
45.7139,1754
45.7167,1737
45.7194,1740
45.7222,1729
45.7250,1739
45.7278,1757
45.7306,1782
45.7333,1801
45.7361,1804
45.7389,1786
45.7417,1757
45.7444,1744
45.7472,1745
45.7500,1736
45.7528,1733
45.7556,1720
45.7583,1700
45.7611,1685
45.7639,1682
45.7667,1682
45.7694,1662
45.7722,1657
45.7750,1658
45.7778,1651
45.7806,1634
45.7833,1635
45.7861,1640
45.7889,1641
45.7917,1637
45.7944,1632
45.7972,1637
45.8000,1628
45.8028,1629
45.8056,1625
45.8083,1626
45.8111,1617
45.8139,1626
45.8167,1635
45.8194,1615
45.8222,1618
45.8250,1614
45.8278,1612
45.8306,1599
45.8333,1612
45.8361,1629
45.8389,1628
45.8417,1632
45.8444,1643
45.8472,1643
45.8500,1625
45.8528,1624
45.8556,1638
45.8583,1639
45.8611,1645
45.8639,1657
45.8667,1666
45.8694,1660
45.8722,1666
45.8750,1675
45.8778,1677
45.8806,1661
45.8833,1654
45.8861,1648
45.8889,1645
45.8917,1666
45.8944,1686
45.8972,1708
45.9000,1699
45.9028,1681
45.9056,1672
45.9083,1668
45.9111,1661
45.9139,1678
45.9167,1693
45.9194,1686
45.9222,1673
45.9250,1670
45.9278,1672
45.9306,1672
45.9333,1682
45.9361,1679
45.9389,1671
45.9417,1668
45.9444,1673
45.9472,1696
45.9500,1716
45.9528,1713
45.9556,1703
45.9583,1686
45.9611,1675
45.9639,1679
45.9667,1690
45.9694,1686
45.9722,1674
45.9750,1681
45.9778,1679
45.9806,1677
45.9833,1683
45.9861,1698
45.9889,1698
45.9917,1691
45.9944,1692
45.9972,1702
46.0000,1692
46.0028,1688
46.0056,1696
46.0083,1701
46.0111,1687
46.0139,1695
46.0167,1698
46.0194,1687
46.0222,1681
46.0250,1684
46.0278,1703
46.0306,1685
46.0333,1690
46.0361,1699
46.0389,1713
46.0417,1721
46.0444,1721
46.0472,1709
46.0500,1696
46.0528,1702
46.0556,1707
46.0583,1699
46.0611,1706
46.0639,1710
46.0667,1720
46.0694,1701
46.0722,1682
46.0750,1674
46.0778,1666
46.0806,1684
46.0833,1708
46.0861,1730
46.0889,1731
46.0917,1713
46.0944,1698
46.0972,1692
46.1000,1687
46.1028,1692
46.1056,1724
46.1083,1737
46.1111,1737
46.1139,1743
46.1167,1732
46.1194,1720
46.1222,1706
46.1250,1685
46.1278,1687
46.1306,1671
46.1333,1695
46.1361,1713
46.1389,1731
46.1417,1742
46.1444,1745
46.1472,1728
46.1500,1709
46.1528,1700
46.1556,1715
46.1583,1732
46.1611,1733
46.1639,1752
46.1667,1767
46.1694,1757
46.1722,1756
46.1750,1748
46.1778,1734
46.1806,1711
46.1833,1703
46.1861,1712
46.1889,1728
46.1917,1755
46.1944,1792
46.1972,1817
46.2000,1808
46.2028,1796
46.2056,1785
46.2083,1768
46.2111,1736
46.2139,1720
46.2167,1704
46.2194,1695
46.2222,1698
46.2250,1718
46.2278,1733
46.2306,1721
46.2333,1715
46.2361,1711
46.2389,1706
46.2417,1694
46.2444,1694
46.2472,1687
46.2500,1676
46.2528,1682
46.2556,1681
46.2583,1683
46.2611,1666
46.2639,1676
46.2667,1689
46.2694,1671
46.2722,1670
46.2750,1689
46.2778,1719
46.2806,1735
46.2833,1739
46.2861,1732
46.2889,1692
46.2917,1640
46.2944,1600
46.2972,1578
46.3000,1573
46.3028,1605
46.3056,1660
46.3083,1711
46.3111,1784
46.3139,1905
46.3167,2106
46.3194,2350
46.3222,2614
46.3250,2821
46.3278,2869
46.3306,2695
46.3333,2413
46.3361,2162
46.3389,1971
46.3417,1875
46.3444,1833
46.3472,1838
46.3500,1838
46.3528,1845
46.3556,1829
46.3583,1785
46.3611,1731
46.3639,1681
46.3667,1663
46.3694,1663
46.3722,1682
46.3750,1720
46.3778,1730
46.3806,1718
46.3833,1698
46.3861,1683
46.3889,1655
46.3917,1665
46.3944,1693
46.3972,1700
46.4000,1691
46.4028,1684
46.4056,1692
46.4083,1688
46.4111,1672
46.4139,1699
46.4167,1713
46.4194,1695
46.4222,1671
46.4250,1649
46.4278,1645
46.4306,1656
46.4333,1680
46.4361,1708
46.4389,1711
46.4417,1700
46.4444,1689
46.4472,1692
46.4500,1699
46.4528,1718
46.4556,1734
46.4583,1726
46.4611,1725
46.4639,1720
46.4667,1707
46.4694,1689
46.4722,1696
46.4750,1724
46.4778,1727
46.4806,1741
46.4833,1743
46.4861,1746
46.4889,1743
46.4917,1750
46.4944,1763
46.4972,1775
46.5000,1755
46.5028,1744
46.5056,1753
46.5083,1789
46.5111,1806
46.5139,1831
46.5167,1866
46.5194,1841
46.5222,1824
46.5250,1806
46.5278,1799
46.5306,1797
46.5333,1822
46.5361,1826
46.5389,1813
46.5417,1800
46.5444,1779
46.5472,1767
46.5500,1758
46.5528,1752
46.5556,1738
46.5583,1717
46.5611,1705
46.5639,1705
46.5667,1705
46.5694,1693
46.5722,1679
46.5750,1678
46.5778,1666
46.5806,1655
46.5833,1652
46.5861,1639
46.5889,1635
46.5917,1639
46.5944,1651
46.5972,1663
46.6000,1637
46.6028,1627
46.6056,1622
46.6083,1619
46.6111,1635
46.6139,1658
46.6167,1669
46.6194,1666
46.6222,1680
46.6250,1669
46.6278,1653
46.6306,1656
46.6333,1671
46.6361,1661
46.6389,1658
46.6417,1668
46.6444,1676
46.6472,1684
46.6500,1676
46.6528,1694
46.6556,1689
46.6583,1684
46.6611,1668
46.6639,1660
46.6667,1652
46.6694,1652
46.6722,1672
46.6750,1683
46.6778,1668
46.6806,1650
46.6833,1642
46.6861,1641
46.6889,1633
46.6917,1635
46.6944,1658
46.6972,1672
46.7000,1679
46.7028,1709
46.7056,1710
46.7083,1694
46.7111,1689
46.7139,1690
46.7167,1683
46.7194,1674
46.7222,1671
46.7250,1669
46.7278,1666
46.7306,1659
46.7333,1663
46.7361,1671
46.7389,1679
46.7417,1682
46.7444,1679
46.7472,1685
46.7500,1671
46.7528,1665
46.7556,1659
46.7583,1651
46.7611,1644
46.7639,1659
46.7667,1662
46.7694,1673
46.7722,1681
46.7750,1685
46.7778,1669
46.7806,1655
46.7833,1648
46.7861,1657
46.7889,1659
46.7917,1678
46.7944,1696
46.7972,1687
46.8000,1670
46.8028,1659
46.8056,1662
46.8083,1672
46.8111,1675
46.8139,1691
46.8167,1701
46.8194,1693
46.8222,1676
46.8250,1671
46.8278,1661
46.8306,1652
46.8333,1659
46.8361,1682
46.8389,1685
46.8417,1681
46.8444,1684
46.8472,1683
46.8500,1681
46.8528,1689
46.8556,1689
46.8583,1669
46.8611,1651
46.8639,1657
46.8667,1666
46.8694,1679
46.8722,1698
46.8750,1710
46.8778,1711
46.8806,1715
46.8833,1701
46.8861,1694
46.8889,1694
46.8917,1701
46.8944,1719
46.8972,1718
46.9000,1710
46.9028,1709
46.9056,1705
46.9083,1696
46.9111,1700
46.9139,1701
46.9167,1694
46.9194,1687
46.9222,1681
46.9250,1685
46.9278,1688
46.9306,1699
46.9333,1727
46.9361,1750
46.9389,1745
46.9417,1744
46.9444,1733
46.9472,1726
46.9500,1709
46.9528,1703
46.9556,1701
46.9583,1700
46.9611,1728
46.9639,1751
46.9667,1769
46.9694,1780
46.9722,1780
46.9750,1783
46.9778,1771
46.9806,1755
46.9833,1740
46.9861,1739
46.9889,1727
46.9917,1725
46.9944,1708
46.9972,1682
47.0000,1662
47.0028,1670
47.0056,1688
47.0083,1694
47.0111,1704
47.0139,1712
47.0167,1718
47.0194,1705
47.0222,1690
47.0250,1685
47.0278,1668
47.0306,1659
47.0333,1693
47.0361,1696
47.0389,1716
47.0417,1709
47.0444,1698
47.0472,1699
47.0500,1704
47.0528,1702
47.0556,1703
47.0583,1676
47.0611,1651
47.0639,1619
47.0667,1603
47.0694,1597
47.0722,1631
47.0750,1682
47.0778,1716
47.0806,1776
47.0833,1865
47.0861,2023
47.0889,2256
47.0917,2508
47.0944,2703
47.0972,2732
47.1000,2555
47.1028,2309
47.1056,2077
47.1083,1907
47.1111,1836
47.1139,1830
47.1167,1848
47.1194,1871
47.1222,1892
47.1250,1880
47.1278,1826
47.1306,1763
47.1333,1727
47.1361,1708
47.1389,1702
47.1417,1712
47.1444,1724
47.1472,1732
47.1500,1718
47.1528,1706
47.1556,1677
47.1583,1664
47.1611,1673
47.1639,1710
47.1667,1723
47.1694,1716
47.1722,1710
47.1750,1708
47.1778,1692
47.1806,1693
47.1833,1697
47.1861,1702
47.1889,1691
47.1917,1677
47.1944,1676
47.1972,1677
47.2000,1686
47.2028,1715
47.2056,1727
47.2083,1734
47.2111,1736
47.2139,1735
47.2167,1727
47.2194,1720
47.2222,1729
47.2250,1738
47.2278,1731
47.2306,1724
47.2333,1733
47.2361,1722
47.2389,1736
47.2417,1747
47.2444,1757
47.2472,1760
47.2500,1753
47.2528,1763
47.2556,1763
47.2583,1755
47.2611,1767
47.2639,1789
47.2667,1797
47.2694,1793
47.2722,1790
47.2750,1796
47.2778,1793
47.2806,1803
47.2833,1828
47.2861,1826
47.2889,1829
47.2917,1832
47.2944,1836
47.2972,1825
47.3000,1821
47.3028,1837
47.3056,1807
47.3083,1790
47.3111,1774
47.3139,1768
47.3167,1754
47.3194,1757
47.3222,1759
47.3250,1752
47.3278,1737
47.3306,1725
47.3333,1726
47.3361,1713
47.3389,1701
47.3417,1689
47.3444,1670
47.3472,1654
47.3500,1657
47.3528,1694
47.3556,1693
47.3583,1683
47.3611,1672
47.3639,1660
47.3667,1649
47.3694,1648
47.3722,1653
47.3750,1655
47.3778,1644
47.3806,1643
47.3833,1633
47.3861,1628
47.3889,1618
47.3917,1626
47.3944,1640
47.3972,1637
47.4000,1647
47.4028,1667
47.4056,1691
47.4083,1690
47.4111,1692
47.4139,1692
47.4167,1673
47.4194,1669
47.4222,1670
47.4250,1670
47.4278,1673
47.4306,1681
47.4333,1686
47.4361,1667
47.4389,1653
47.4417,1661
47.4444,1671
47.4472,1681
47.4500,1685
47.4528,1688
47.4556,1688
47.4583,1656
47.4611,1663
47.4639,1660
47.4667,1654
47.4694,1668
47.4722,1693
47.4750,1692
47.4778,1674
47.4806,1663
47.4833,1662
47.4861,1665
47.4889,1694
47.4917,1720
47.4944,1726
47.4972,1716
47.5000,1721
47.5028,1711
47.5056,1695
47.5083,1694
47.5111,1704
47.5139,1709
47.5167,1707
47.5194,1684
47.5222,1691
47.5250,1693
47.5278,1686
47.5306,1692
47.5333,1688
47.5361,1680
47.5389,1681
47.5417,1684
47.5444,1678
47.5472,1669
47.5500,1668
47.5528,1666
47.5556,1679
47.5583,1678
47.5611,1701
47.5639,1710
47.5667,1697
47.5694,1693
47.5722,1698
47.5750,1691
47.5778,1702
47.5806,1706
47.5833,1690
47.5861,1669
47.5889,1658
47.5917,1663
47.5944,1679
47.5972,1687
47.6000,1685
47.6028,1670
47.6056,1671
47.6083,1680
47.6111,1702
47.6139,1714
47.6167,1707
47.6194,1691
47.6222,1697
47.6250,1688
47.6278,1678
47.6306,1671
47.6333,1671
47.6361,1662
47.6389,1660
47.6417,1671
47.6444,1684
47.6472,1692
47.6500,1718
47.6528,1732
47.6556,1738
47.6583,1727
47.6611,1730
47.6639,1727
47.6667,1717
47.6694,1711
47.6722,1698
47.6750,1688
47.6778,1679
47.6806,1675
47.6833,1685
47.6861,1685
47.6889,1688
47.6917,1701
47.6944,1718
47.6972,1717
47.7000,1720
47.7028,1713
47.7056,1692
47.7083,1674
47.7111,1679
47.7139,1681
47.7167,1686
47.7194,1693
47.7222,1705
47.7250,1698
47.7278,1698
47.7306,1720
47.7333,1733
47.7361,1755
47.7389,1772
47.7417,1777
47.7444,1772
47.7472,1758
47.7500,1751
47.7528,1759
47.7556,1766
47.7583,1757
47.7611,1769
47.7639,1770
47.7667,1760
47.7694,1755
47.7722,1766
47.7750,1760
47.7778,1740
47.7806,1728
47.7833,1728
47.7861,1717
47.7889,1691
47.7917,1692
47.7944,1683
47.7972,1666
47.8000,1677
47.8028,1696
47.8056,1692
47.8083,1687
47.8111,1671
47.8139,1668
47.8167,1648
47.8194,1660
47.8222,1677
47.8250,1707
47.8278,1734
47.8306,1743
47.8333,1743
47.8361,1707
47.8389,1684
47.8417,1688
47.8444,1688
47.8472,1690
47.8500,1700
47.8528,1683
47.8556,1654
47.8583,1610
47.8611,1575
47.8639,1573
47.8667,1584
47.8694,1639
47.8722,1705
47.8750,1744
47.8778,1798
47.8806,1936
47.8833,2148
47.8861,2393
47.8889,2616
47.8917,2726
47.8944,2658
47.8972,2438
47.9000,2201
47.9028,2017
47.9056,1909
47.9083,1856
47.9111,1863
47.9139,1890
47.9167,1915
47.9194,1900
47.9222,1854
47.9250,1781
47.9278,1695
47.9306,1652
47.9333,1642
47.9361,1649
47.9389,1658
47.9417,1668
47.9444,1671
47.9472,1676
47.9500,1685
47.9528,1715
47.9556,1713
47.9583,1709
47.9611,1716
47.9639,1697
47.9667,1691
47.9694,1691
47.9722,1695
47.9750,1692
47.9778,1684
47.9806,1699
47.9833,1709
47.9861,1705
47.9889,1693
47.9917,1692
47.9944,1689
47.9972,1693
48.0000,1713
48.0028,1723
48.0056,1706
48.0083,1685
48.0111,1672
48.0139,1676
48.0167,1674
48.0194,1691
48.0222,1721
48.0250,1725
48.0278,1725
48.0306,1731
48.0333,1746
48.0361,1750
48.0389,1753
48.0417,1745
48.0444,1730
48.0472,1726
48.0500,1736
48.0528,1747
48.0556,1753
48.0583,1768
48.0611,1792
48.0639,1803
48.0667,1792
48.0694,1781
48.0722,1780
48.0750,1784
48.0778,1799
48.0806,1820
48.0833,1834
48.0861,1834
48.0889,1845
48.0917,1847
48.0944,1839
48.0972,1836
48.1000,1828
48.1028,1820
48.1056,1792
48.1083,1766
48.1111,1755
48.1139,1744
48.1167,1741
48.1194,1751
48.1222,1753
48.1250,1736
48.1278,1718
48.1306,1716
48.1333,1706
48.1361,1680
48.1389,1678
48.1417,1676
48.1444,1666
48.1472,1662
48.1500,1669
48.1528,1663
48.1556,1675
48.1583,1682
48.1611,1702
48.1639,1687
48.1667,1676
48.1694,1684
48.1722,1685
48.1750,1666
48.1778,1657
48.1806,1652
48.1833,1656
48.1861,1648
48.1889,1659
48.1917,1664
48.1944,1654
48.1972,1652
48.2000,1651
48.2028,1665
48.2056,1665
48.2083,1666
48.2111,1659
48.2139,1677
48.2167,1683
48.2194,1700
48.2222,1714
48.2250,1693
48.2278,1683
48.2306,1684
48.2333,1685
48.2361,1684
48.2389,1682
48.2417,1690
48.2444,1690
48.2472,1690
48.2500,1696
48.2528,1702
48.2556,1691
48.2583,1688
48.2611,1686
48.2639,1692
48.2667,1698
48.2694,1706
48.2722,1704
48.2750,1692
48.2778,1684
48.2806,1674
48.2833,1674
48.2861,1654
48.2889,1670
48.2917,1688
48.2944,1692
48.2972,1679
48.3000,1668
48.3028,1680
48.3056,1665
48.3083,1663
48.3111,1666
48.3139,1679
48.3167,1674
48.3194,1689
48.3222,1701
48.3250,1692
48.3278,1692
48.3306,1690
48.3333,1688
48.3361,1694
48.3389,1682
48.3417,1686
48.3444,1670
48.3472,1672
48.3500,1691
48.3528,1683
48.3556,1680
48.3583,1678
48.3611,1686
48.3639,1680
48.3667,1668
48.3694,1662
48.3722,1659
48.3750,1664
48.3778,1679
48.3806,1690
48.3833,1703
48.3861,1703
48.3889,1695
48.3917,1689
48.3944,1685
48.3972,1675
48.4000,1678
48.4028,1683
48.4056,1703
48.4083,1718
48.4111,1713
48.4139,1694
48.4167,1687
48.4194,1690
48.4222,1709
48.4250,1708
48.4278,1713
48.4306,1712
48.4333,1723
48.4361,1710
48.4389,1702
48.4417,1683
48.4444,1658
48.4472,1656
48.4500,1673
48.4528,1688
48.4556,1702
48.4583,1705
48.4611,1712
48.4639,1710
48.4667,1710
48.4694,1725
48.4722,1734
48.4750,1729
48.4778,1717
48.4806,1714
48.4833,1701
48.4861,1700
48.4889,1702
48.4917,1711
48.4944,1701
48.4972,1695
48.5000,1702
48.5028,1719
48.5056,1719
48.5083,1718
48.5111,1741
48.5139,1751
48.5167,1748
48.5194,1753
48.5222,1752
48.5250,1725
48.5278,1723
48.5306,1742
48.5333,1750
48.5361,1768
48.5389,1796
48.5417,1809
48.5444,1809
48.5472,1796
48.5500,1772
48.5528,1745
48.5556,1727
48.5583,1710
48.5611,1722
48.5639,1719
48.5667,1726
48.5694,1716
48.5722,1712
48.5750,1697
48.5778,1696
48.5806,1696
48.5833,1687
48.5861,1680
48.5889,1672
48.5917,1686
48.5944,1698
48.5972,1706
48.6000,1719
48.6028,1714
48.6056,1697
48.6083,1690
48.6111,1689
48.6139,1689
48.6167,1694
48.6194,1725
48.6222,1712
48.6250,1699
48.6278,1680
48.6306,1666
48.6333,1644
48.6361,1622
48.6389,1606
48.6417,1622
48.6444,1655
48.6472,1694
48.6500,1768
48.6528,1853
48.6556,2018
48.6583,2224
48.6611,2482
48.6639,2686
48.6667,2740
48.6694,2611
48.6722,2365
48.6750,2115
48.6778,1942
48.6806,1844
48.6833,1818
48.6861,1834
48.6889,1893
48.6917,1913
48.6944,1895
48.6972,1834
48.7000,1762
48.7028,1686
48.7056,1669
48.7083,1693
48.7111,1727
48.7139,1743
48.7167,1731
48.7194,1717
48.7222,1707
48.7250,1690
48.7278,1696
48.7306,1708
48.7333,1719
48.7361,1721
48.7389,1720
48.7417,1729
48.7444,1707
48.7472,1683
48.7500,1701
48.7528,1713
48.7556,1707
48.7583,1710
48.7611,1714
48.7639,1714
48.7667,1719
48.7694,1732
48.7722,1723
48.7750,1700
48.7778,1686
48.7806,1686
48.7833,1684
48.7861,1696
48.7889,1714
48.7917,1731
48.7944,1750
48.7972,1762
48.8000,1762
48.8028,1760
48.8056,1753
48.8083,1755
48.8111,1764
48.8139,1771
48.8167,1764
48.8194,1762
48.8222,1757
48.8250,1748
48.8278,1751
48.8306,1766
48.8333,1796
48.8361,1800
48.8389,1793
48.8417,1788
48.8444,1774
48.8472,1778
48.8500,1797
48.8528,1817
48.8556,1866
48.8583,1860
48.8611,1849
48.8639,1837
48.8667,1832
48.8694,1842
48.8722,1831
48.8750,1810
48.8778,1802
48.8806,1796
48.8833,1782
48.8861,1765
48.8889,1766
48.8917,1751
48.8944,1736
48.8972,1719
48.9000,1716
48.9028,1712
48.9056,1695
48.9083,1706
48.9111,1698
48.9139,1708
48.9167,1702
48.9194,1694
48.9222,1670
48.9250,1658
48.9278,1660
48.9306,1665
48.9333,1658
48.9361,1643
48.9389,1640
48.9417,1637
48.9444,1639
48.9472,1672
48.9500,1685
48.9528,1695
48.9556,1672
48.9583,1657
48.9611,1659
48.9639,1632
48.9667,1648
48.9694,1662
48.9722,1685
48.9750,1673
48.9778,1677
48.9806,1674
48.9833,1657
48.9861,1648
48.9889,1669
48.9917,1688
48.9944,1694
48.9972,1704
49.0000,1698
49.0028,1685
49.0056,1671
49.0083,1670
49.0111,1674
49.0139,1682
49.0167,1676
49.0194,1678
49.0222,1684
49.0250,1689
49.0278,1704
49.0306,1710
49.0333,1697
49.0361,1687
49.0389,1674
49.0417,1662
49.0444,1662
49.0472,1672
49.0500,1689
49.0528,1696
49.0556,1700
49.0583,1688
49.0611,1692
49.0639,1695
49.0667,1693
49.0694,1699
49.0722,1700
49.0750,1688
49.0778,1684
49.0806,1689
49.0833,1681
49.0861,1682
49.0889,1679
49.0917,1683
49.0944,1676
49.0972,1680
49.1000,1686
49.1028,1684
49.1056,1669
49.1083,1667
49.1111,1675
49.1139,1666
49.1167,1672
49.1194,1685
49.1222,1674
49.1250,1673
49.1278,1674
49.1306,1680
49.1333,1666
49.1361,1664
49.1389,1665
49.1417,1684
49.1444,1695
49.1472,1697
49.1500,1699
49.1528,1707
49.1556,1695
49.1583,1687
49.1611,1679
49.1639,1672
49.1667,1663
49.1694,1658
49.1722,1661
49.1750,1670
49.1778,1697
49.1806,1705
49.1833,1698
49.1861,1690
49.1889,1687
49.1917,1681
49.1944,1658
49.1972,1655
49.2000,1676
49.2028,1686
49.2056,1696
49.2083,1703
49.2111,1699
49.2139,1677
49.2167,1669
49.2194,1667
49.2222,1679
49.2250,1670
49.2278,1660
49.2306,1663
49.2333,1681
49.2361,1690
49.2389,1697
49.2417,1675
49.2444,1653
49.2472,1656
49.2500,1675
49.2528,1690
49.2556,1710
49.2583,1714
49.2611,1696
49.2639,1685
49.2667,1686
49.2694,1694
49.2722,1697
49.2750,1696
49.2778,1681
49.2806,1658
49.2833,1640
49.2861,1658
49.2889,1700
49.2917,1727
49.2944,1738
49.2972,1737
49.3000,1735
49.3028,1705
49.3056,1695
49.3083,1694
49.3111,1692
49.3139,1677
49.3167,1666
49.3194,1655
49.3222,1635
49.3250,1616
49.3278,1597
49.3306,1598
49.3333,1597
49.3361,1608
49.3389,1614
49.3417,1613
49.3444,1600
49.3472,1600
49.3500,1613
49.3528,1612
49.3556,1608
49.3583,1603
49.3611,1601
49.3639,1592
49.3667,1593
49.3694,1596
49.3722,1591
49.3750,1582
49.3778,1582
49.3806,1581
49.3833,1564
49.3861,1555
49.3889,1557
49.3917,1517
49.3944,1466
49.3972,1430
49.4000,1435
49.4028,1455
49.4056,1490
49.4083,1548
49.4111,1623
49.4139,1684
49.4167,1816
49.4194,2032
49.4222,2266
49.4250,2476
49.4278,2573
49.4306,2459
49.4333,2206
49.4361,1962
49.4389,1784
49.4417,1685
49.4444,1643
49.4472,1640
49.4500,1676
49.4528,1679
49.4556,1657
49.4583,1616
49.4611,1550
49.4639,1470
49.4667,1426
49.4694,1410
49.4722,1414
49.4750,1431
49.4778,1454
49.4806,1451
49.4833,1415
49.4861,1390
49.4889,1372
49.4917,1366
49.4944,1364
49.4972,1380
49.5000,1379
49.5028,1364
49.5056,1351
49.5083,1352
49.5111,1343
49.5139,1343
49.5167,1356
49.5194,1377
49.5222,1377
49.5250,1362
49.5278,1357
49.5306,1354
49.5333,1338
49.5361,1335
49.5389,1331
49.5417,1319
49.5444,1294
49.5472,1297
49.5500,1303
49.5528,1310
49.5556,1316
49.5583,1304
49.5611,1294
49.5639,1271
49.5667,1270
49.5694,1277
49.5722,1285
49.5750,1297
49.5778,1295
49.5806,1283
49.5833,1262
49.5861,1252
49.5889,1279
49.5917,1292
49.5944,1306
49.5972,1296
49.6000,1274
49.6028,1251
49.6056,1235
49.6083,1236
49.6111,1258
49.6139,1278
49.6167,1179
49.6194,1202
49.6222,1166
49.6250,1140
49.6278,1136
49.6306,1138
49.6333,1132
49.6361,1141
49.6389,1125
49.6417,1099
49.6444,1069
49.6472,1049
49.6500,1035
49.6528,1021
49.6556,1004
49.6583,995
49.6611,985
49.6639,960
49.6667,958
49.6694,947
49.6722,936
49.6750,934
49.6778,940
49.6806,927
49.6833,924
49.6861,919
49.6889,913
49.6917,904
49.6944,891
49.6972,887
49.7000,879
49.7028,865
49.7056,853
49.7083,861
49.7111,890
49.7139,890
49.7167,892
49.7194,889
49.7222,863
49.7250,861
49.7278,865
49.7306,864
49.7333,856
49.7361,856
49.7389,843
49.7417,826
49.7444,825
49.7472,833
49.7500,839
49.7528,850
49.7556,851
49.7583,836
49.7611,830
49.7639,827
49.7667,834
49.7694,852
49.7722,858
49.7750,862
49.7778,869
49.7806,883
49.7833,864
49.7861,858
49.7889,855
49.7917,848
49.7944,838
49.7972,842
49.8000,854
49.8028,853
49.8056,860
49.8083,879
49.8111,884
49.8139,883
49.8167,885
49.8194,886
49.8222,871
49.8250,857
49.8278,854
49.8306,854
49.8333,838
49.8361,838
49.8389,841
49.8417,849
49.8444,865
49.8472,890
49.8500,891
49.8528,888
49.8556,885
49.8583,894
49.8611,889
49.8639,878
49.8667,883
49.8694,889
49.8722,895
49.8750,886
49.8778,891
49.8806,880
49.8833,886
49.8861,881
49.8889,884
49.8917,881
49.8944,885
49.8972,917
49.9000,921
49.9028,912
49.9056,910
49.9083,930
49.9111,939
49.9139,951
49.9167,956
49.9194,956
49.9222,952
49.9250,951
49.9278,959
49.9306,958
49.9333,967
49.9361,973
49.9389,981
49.9417,971
49.9444,963
49.9472,966
49.9500,971
49.9528,981
49.9556,1000
49.9583,1016
49.9611,1001
49.9639,987
49.9667,998
49.9694,1019
49.9722,1027
49.9750,1039
49.9778,1043
49.9806,1020
49.9833,1016
49.9861,1017
49.9889,1044
49.9917,1064
49.9944,1073
49.9972,1086
50.0000,1101
50.0028,1095
50.0056,1111
50.0083,1120
50.0111,1114
50.0139,1115
50.0167,1126
50.0194,1134
50.0222,1142
50.0250,1162
50.0278,1187
50.0306,1175
50.0333,1159
50.0361,1151
50.0389,1167
50.0417,1183
50.0444,1203
50.0472,1237
50.0500,1259
50.0528,1261
50.0556,1275
50.0583,1286
50.0611,1284
50.0639,1291
50.0667,1294
50.0694,1293
50.0722,1284
50.0750,1281
50.0778,1292
50.0806,1287
50.0833,1272
50.0861,1278
50.0889,1274
50.0917,1267
50.0944,1275
50.0972,1296
50.1000,1323
50.1028,1329
50.1056,1339
50.1083,1348
50.1111,1330
50.1139,1341
50.1167,1361
50.1194,1367
50.1222,1365
50.1250,1380
50.1278,1390
50.1306,1395
50.1333,1411
50.1361,1426
50.1389,1439
50.1417,1439
50.1444,1439
50.1472,1451
50.1500,1431
50.1528,1398
50.1556,1376
50.1583,1373
50.1611,1399
50.1639,1429
50.1667,1490
50.1694,1549
50.1722,1627
50.1750,1749
50.1778,1963
50.1806,2212
50.1833,2445
50.1861,2599
50.1889,2592
50.1917,2391
50.1944,2142
50.1972,1945
50.2000,1825
50.2028,1768
50.2056,1761
50.2083,1794
50.2111,1816
50.2139,1824
50.2167,1809
50.2194,1747
50.2222,1686
50.2250,1640
50.2278,1637
50.2306,1660
50.2333,1690
50.2361,1733
50.2389,1754
50.2417,1752
50.2444,1727
50.2472,1733
50.2500,1743
50.2528,1733
50.2556,1749
50.2583,1769
50.2611,1773
50.2639,1783
50.2667,1789
50.2694,1805
50.2722,1809
50.2750,1815
50.2778,1831
50.2806,1833
50.2833,1819
50.2861,1803
50.2889,1819
50.2917,1851
50.2944,1864
50.2972,1879
50.3000,1883
50.3028,1871
50.3056,1870
50.3083,1887
50.3111,1920
50.3139,1943
50.3167,1962
50.3194,1955
50.3222,1955
50.3250,1970
50.3278,1992
50.3306,2002
50.3333,2005
50.3361,2016
50.3389,2032
50.3417,2017
50.3444,2023
50.3472,2035
50.3500,2073
50.3528,2086
50.3556,2122
50.3583,2127
50.3611,2118
50.3639,2100
50.3667,2094
50.3694,2106
50.3722,2128
50.3750,2158
50.3778,2309
50.3806,2324
50.3833,2325
50.3861,2325
50.3889,2315
50.3917,2312
50.3944,2310
50.3972,2303
50.4000,2291
50.4028,2277
50.4056,2264
50.4083,2245
50.4111,2249
50.4139,2257
50.4167,2271
50.4194,2260
50.4222,2242
50.4250,2244
50.4278,2241
50.4306,2243
50.4333,2239
50.4361,2233
50.4389,2219
50.4417,2197
50.4444,2189
50.4472,2218
50.4500,2226
50.4528,2235
50.4556,2243
50.4583,2246
50.4611,2237
50.4639,2254
50.4667,2272
50.4694,2261
50.4722,2245
50.4750,2226
50.4778,2220
50.4806,2208
50.4833,2210
50.4861,2245
50.4889,2281
50.4917,2279
50.4944,2273
50.4972,2277
50.5000,2275
50.5028,2289
50.5056,2305
50.5083,2318
50.5111,2308
50.5139,2307
50.5167,2307
50.5194,2296
50.5222,2285
50.5250,2293
50.5278,2316
50.5306,2329
50.5333,2326
50.5361,2328
50.5389,2329
50.5417,2321
50.5444,2329
50.5472,2340
50.5500,2345
50.5528,2347
50.5556,2345
50.5583,2339
50.5611,2322
50.5639,2317
50.5667,2331
50.5694,2344
50.5722,2338
50.5750,2340
50.5778,2338
50.5806,2325
50.5833,2332
50.5861,2359
50.5889,2369
50.5917,2362
50.5944,2367
50.5972,2365
50.6000,2349
50.6028,2336
50.6056,2321
50.6083,2325
50.6111,2313
50.6139,2320
50.6167,2335
50.6194,2321
50.6222,2319
50.6250,2321
50.6278,2332
50.6306,2333
50.6333,2344
50.6361,2367
50.6389,2373
50.6417,2380
50.6444,2378
50.6472,2367
50.6500,2343
50.6528,2333
50.6556,2343
50.6583,2334
50.6611,2313
50.6639,2318
50.6667,2341
50.6694,2333
50.6722,2333
50.6750,2346
50.6778,2336
50.6806,2338
50.6833,2342
50.6861,2358
50.6889,2353
50.6917,2340
50.6944,2343
50.6972,2344
50.7000,2331
50.7028,2329
50.7056,2324
50.7083,2319
50.7111,2308
50.7139,2325
50.7167,2338
50.7194,2335
50.7222,2332
50.7250,2332
50.7278,2320
50.7306,2293
50.7333,2284
50.7361,2303
50.7389,2322
50.7417,2326
50.7444,2338
50.7472,2343
50.7500,2338
50.7528,2344
50.7556,2340
50.7583,2324
50.7611,2319
50.7639,2315
50.7667,2315
50.7694,2308
50.7722,2296
50.7750,2304
50.7778,2327
50.7806,2349
50.7833,2352
50.7861,2362
50.7889,2350
50.7917,2329
50.7944,2326
50.7972,2326
50.8000,2330
50.8028,2338
50.8056,2362
50.8083,2391
50.8111,2381
50.8139,2383
50.8167,2373
50.8194,2353
50.8222,2344
50.8250,2342
50.8278,2323
50.8306,2303
50.8333,2289
50.8361,2274
50.8389,2264
50.8417,2258
50.8444,2255
50.8472,2267
50.8500,2266
50.8528,2264
50.8556,2266
50.8583,2260
50.8611,2246
50.8639,2257
50.8667,2259
50.8694,2252
50.8722,2228
50.8750,2217
50.8778,2215
50.8806,2197
50.8833,2200
50.8861,2244
50.8889,2260
50.8917,2267
50.8944,2253
50.8972,2251
50.9000,2214
50.9028,2186
50.9056,2177
50.9083,2145
50.9111,2140
50.9139,2164
50.9167,2194
50.9194,2222
50.9222,2252
50.9250,2336
50.9278,2459
50.9306,2661
50.9333,2921
50.9361,3154
50.9389,3282
50.9417,3200
50.9444,2973
50.9472,2720
50.9500,2514
50.9528,2392
50.9556,2347
50.9583,2345
50.9611,2357
50.9639,2378
50.9667,2385
50.9694,2347
50.9722,2299
50.9750,2230
50.9778,2198
50.9806,2173
50.9833,2179
50.9861,2204
50.9889,2209
50.9917,2184
50.9944,2164
50.9972,2145
51.0000,2137
51.0028,2144
51.0056,2168
51.0083,2175
51.0111,2153
51.0139,2146
51.0167,2138
51.0194,2129
51.0222,2136
51.0250,2145
51.0278,2164
51.0306,2153
51.0333,2138
51.0361,2128
51.0389,2108
51.0417,2114
51.0444,2131
51.0472,2164
51.0500,2159
51.0528,2162
51.0556,2148
51.0583,2141
51.0611,2128
51.0639,2150
51.0667,2181
51.0694,2170
51.0722,2139
51.0750,2129
51.0778,2115
51.0806,2117
51.0833,2132
51.0861,2166
51.0889,2188
51.0917,2188
51.0944,2173
51.0972,2155
51.1000,2131
51.1028,2135
51.1056,2159
51.1083,2169
51.1111,2170
51.1139,2173
51.1167,2178
51.1194,2163
51.1222,2162
51.1250,2168
51.1278,2180
51.1306,2194
51.1333,2174
51.1361,2143
51.1389,2116
51.1417,2120
51.1444,2135
51.1472,2130
51.1500,2112
51.1528,2079
51.1556,2055
51.1583,2033
51.1611,2013
51.1639,2026
51.1667,2032
51.1694,2042
51.1722,2033
51.1750,2014
51.1778,1976
51.1806,1948
51.1833,1955
51.1861,1939
51.1889,1920
51.1917,1909
51.1944,1915
51.1972,1910
51.2000,1908
51.2028,1934
51.2056,1961
51.2083,1950
51.2111,1933
51.2139,1919
51.2167,1903
51.2194,1874
51.2222,1871
51.2250,1875
51.2278,1884
51.2306,1886
51.2333,1891
51.2361,1881
51.2389,1876
51.2417,1881
51.2444,1885
51.2472,1872
51.2500,1845
51.2528,1853
51.2556,1851
51.2583,1838
51.2611,1854
51.2639,1876
51.2667,1897
51.2694,1884
51.2722,1875
51.2750,1874
51.2778,1864
51.2806,1868
51.2833,1880
51.2861,1872
51.2889,1855
51.2917,1843
51.2944,1847
51.2972,1846
51.3000,1835
51.3028,1842
51.3056,1843
51.3083,1828
51.3111,1839
51.3139,1844
51.3167,1850
51.3194,1834
51.3222,1831
51.3250,1821
51.3278,1819
51.3306,1810
51.3333,1811
51.3361,1805
51.3389,1790
51.3417,1788
51.3444,1815
51.3472,1815
51.3500,1796
51.3528,1779
51.3556,1774
51.3583,1761
51.3611,1789
51.3639,1812
51.3667,1819
51.3694,1799
51.3722,1783
51.3750,1782
51.3778,1772
51.3806,1769
51.3833,1778
51.3861,1799
51.3889,1796
51.3917,1793
51.3944,1780
51.3972,1762
51.4000,1746
51.4028,1735
51.4056,1752
51.4083,1747
51.4111,1738
51.4139,1742
51.4167,1733
51.4194,1723
51.4222,1744
51.4250,1778
51.4278,1792
51.4306,1779
51.4333,1767
51.4361,1743
51.4389,1725
51.4417,1715
51.4444,1716
51.4472,1727
51.4500,1728
51.4528,1731
51.4556,1730
51.4583,1724
51.4611,1732
51.4639,1733
51.4667,1735
51.4694,1718
51.4722,1701
51.4750,1716
51.4778,1714
51.4806,1720
51.4833,1712
51.4861,1716
51.4889,1716
51.4917,1712
51.4944,1702
51.4972,1693
51.5000,1682
51.5028,1686
51.5056,1698
51.5083,1689
51.5111,1682
51.5139,1686
51.5167,1683
51.5194,1677
51.5222,1677
51.5250,1681
51.5278,1689
51.5306,1695
51.5333,1717
51.5361,1726
51.5389,1736
51.5417,1736
51.5444,1730
51.5472,1725
51.5500,1725
51.5528,1733
51.5556,1745
51.5583,1747
51.5611,1737
51.5639,1742
51.5667,1738
51.5694,1729
51.5722,1721
51.5750,1702
51.5778,1673
51.5806,1652
51.5833,1659
51.5861,1680
51.5889,1666
51.5917,1649
51.5944,1642
51.5972,1625
51.6000,1624
51.6028,1633
51.6056,1639
51.6083,1632
51.6111,1626
51.6139,1629
51.6167,1617
51.6194,1610
51.6222,1614
51.6250,1625
51.6278,1631
51.6306,1625
51.6333,1635
51.6361,1636
51.6389,1627
51.6417,1630
51.6444,1629
51.6472,1616
51.6500,1603
51.6528,1581
51.6556,1569
51.6583,1520
51.6611,1512
51.6639,1525
51.6667,1546
51.6694,1577
51.6722,1632
51.6750,1726
51.6778,1836
51.6806,2027
51.6833,2293
51.6861,2540
51.6889,2665
51.6917,2612
51.6944,2396
51.6972,2129
51.7000,1928
51.7028,1815
51.7056,1767
51.7083,1759
51.7111,1776
51.7139,1777
51.7167,1777
51.7194,1743
51.7222,1693
51.7250,1626
51.7278,1590
51.7306,1571
51.7333,1589
51.7361,1609
51.7389,1613
51.7417,1611
51.7444,1608
51.7472,1577
51.7500,1535
51.7528,1521
51.7556,1532
51.7583,1537
51.7611,1565
51.7639,1560
51.7667,1571
51.7694,1564
51.7722,1560
51.7750,1572
51.7778,1569
51.7806,1557
51.7833,1562
51.7861,1572
51.7889,1541
51.7917,1550
51.7944,1561
51.7972,1565
51.8000,1564
51.8028,1564
51.8056,1566
51.8083,1555
51.8111,1556
51.8139,1578
51.8167,1592
51.8194,1586
51.8222,1589
51.8250,1601
51.8278,1601
51.8306,1582
51.8333,1585
51.8361,1577
51.8389,1579
51.8417,1601
51.8444,1610
51.8472,1615
51.8500,1629
51.8528,1635
51.8556,1638
51.8583,1618
51.8611,1610
51.8639,1598
51.8667,1609
51.8694,1601
51.8722,1631
51.8750,1647
51.8778,1678
51.8806,1730
51.8833,1731
51.8861,1735
51.8889,1711
51.8917,1683
51.8944,1675
51.8972,1672
51.9000,1662
51.9028,1661
51.9056,1648
51.9083,1631
51.9111,1606
51.9139,1607
51.9167,1606
51.9194,1596
51.9222,1594
51.9250,1591
51.9278,1569
51.9306,1563
51.9333,1556
51.9361,1550
51.9389,1551
51.9417,1553
51.9444,1551
51.9472,1533
51.9500,1519
51.9528,1522
51.9556,1502
51.9583,1499
51.9611,1513
51.9639,1532
51.9667,1550
51.9694,1550
51.9722,1536
51.9750,1523
51.9778,1502
51.9806,1523
51.9833,1523
51.9861,1498
51.9889,1484
51.9917,1478
51.9944,1494
51.9972,1499
52.0000,1505
52.0028,1528
52.0056,1535
52.0083,1534
52.0111,1533
52.0139,1530
52.0167,1527
52.0194,1538
52.0222,1557
52.0250,1563
52.0278,1542
52.0306,1527
52.0333,1533
52.0361,1537
52.0389,1535
52.0417,1544
52.0444,1543
52.0472,1536
52.0500,1525
52.0528,1531
52.0556,1542
52.0583,1560
52.0611,1584
52.0639,1589
52.0667,1568
52.0694,1556
52.0722,1558
52.0750,1551
52.0778,1543
52.0806,1563
52.0833,1581
52.0861,1582
52.0889,1575
52.0917,1562
52.0944,1556
52.0972,1556
52.1000,1561
52.1028,1570
52.1056,1577
52.1083,1580
52.1111,1577
52.1139,1559
52.1167,1556
52.1194,1553
52.1222,1562
52.1250,1551
52.1278,1533
52.1306,1522
52.1333,1541
52.1361,1553
52.1389,1586
52.1417,1608
52.1444,1609
52.1472,1601
52.1500,1586
52.1528,1571
52.1556,1552
52.1583,1557
52.1611,1552
52.1639,1560
52.1667,1554
52.1694,1543
52.1722,1553
52.1750,1563
52.1778,1566
52.1806,1593
52.1833,1601
52.1861,1587
52.1889,1573
52.1917,1577
52.1944,1568
52.1972,1546
52.2000,1543
52.2028,1558
52.2056,1569
52.2083,1578
52.2111,1591
52.2139,1600
52.2167,1608
52.2194,1598
52.2222,1600
52.2250,1588
52.2278,1581
52.2306,1565
52.2333,1566
52.2361,1569
52.2389,1575
52.2417,1588
52.2444,1595
52.2472,1585
52.2500,1584
52.2528,1575
52.2556,1579
52.2583,1577
52.2611,1588
52.2639,1608
52.2667,1604
52.2694,1616
52.2722,1631
52.2750,1627
52.2778,1611
52.2806,1604
52.2833,1605
52.2861,1601
52.2889,1587
52.2917,1580
52.2944,1585
52.2972,1581
52.3000,1596
52.3028,1606
52.3056,1617
52.3083,1618
52.3111,1623
52.3139,1639
52.3167,1639
52.3194,1632
52.3222,1634
52.3250,1619
52.3278,1606
52.3306,1584
52.3333,1609
52.3361,1627
52.3389,1628
52.3417,1627
52.3444,1627
52.3472,1634
52.3500,1652
52.3528,1670
52.3556,1667
52.3583,1645
52.3611,1638
52.3639,1643
52.3667,1638
52.3694,1624
52.3722,1636
52.3750,1625
52.3778,1622
52.3806,1621
52.3833,1638
52.3861,1654
52.3889,1666
52.3917,1685
52.3944,1695
52.3972,1691
52.4000,1692
52.4028,1697
52.4056,1689
52.4083,1667
52.4111,1671
52.4139,1676
52.4167,1681
52.4194,1688
52.4222,1716
52.4250,1740
52.4278,1749
52.4306,1746
52.4333,1741
52.4361,1728
52.4389,1698
52.4417,1693
52.4444,1688
52.4472,1676
52.4500,1664
52.4528,1663
52.4556,1663
52.4583,1654
52.4611,1640
52.4639,1627
52.4667,1631
52.4694,1638
52.4722,1647
52.4750,1652
52.4778,1650
52.4806,1649
52.4833,1647
52.4861,1652
52.4889,1644
52.4917,1649
52.4944,1652
52.4972,1648
52.5000,1647
52.5028,1670
52.5056,1674
52.5083,1665
52.5111,1666
52.5139,1672
52.5167,1663
52.5194,1643
52.5222,1638
52.5250,1614
52.5278,1575
52.5306,1557
52.5333,1581
52.5361,1626
52.5389,1662
52.5417,1708
52.5444,1760
52.5472,1879
52.5500,2107
52.5528,2385
52.5556,2645
52.5583,2757
52.5611,2699
52.5639,2460
52.5667,2174
52.5694,1964
52.5722,1848
52.5750,1814
52.5778,1809
52.5806,1851
52.5833,1879
52.5861,1872
52.5889,1832
52.5917,1755
52.5944,1696
52.5972,1638
52.6000,1624
52.6028,1652
52.6056,1679
52.6083,1696
52.6111,1690
52.6139,1669
52.6167,1652
52.6194,1642
52.6222,1655
52.6250,1667
52.6278,1663
52.6306,1663
52.6333,1661
52.6361,1653
52.6389,1641
52.6417,1645
52.6444,1656
52.6472,1655
52.6500,1660
52.6528,1674
52.6556,1679
52.6583,1672
52.6611,1678
52.6639,1697
52.6667,1695
52.6694,1693
52.6722,1693
52.6750,1688
52.6778,1673
52.6806,1663
52.6833,1674
52.6861,1684
52.6889,1694
52.6917,1706
52.6944,1711
52.6972,1697
52.7000,1695
52.7028,1710
52.7056,1711
52.7083,1715
52.7111,1729
52.7139,1747
52.7167,1733
52.7194,1728
52.7222,1742
52.7250,1761
52.7278,1760
52.7306,1750
52.7333,1751
52.7361,1758
52.7389,1772
52.7417,1789
52.7444,1813
52.7472,1865
52.7500,1844
52.7528,1848
52.7556,1836
52.7583,1847
52.7611,1870
52.7639,1890
52.7667,1885
52.7694,1872
52.7722,1844
52.7750,1803
52.7778,1763
52.7806,1756
52.7833,1757
52.7861,1745
52.7889,1739
52.7917,1729
52.7944,1728
52.7972,1707
52.8000,1719
52.8028,1716
52.8056,1716
52.8083,1708
52.8111,1683
52.8139,1661
52.8167,1644
52.8194,1642
52.8222,1683
52.8250,1699
52.8278,1697
52.8306,1681
52.8333,1668
52.8361,1660
52.8389,1668
52.8417,1668
52.8444,1675
52.8472,1668
52.8500,1659
52.8528,1647
52.8556,1633
52.8583,1627
52.8611,1643
52.8639,1652
52.8667,1661
52.8694,1659
52.8722,1649
52.8750,1635
52.8778,1645
52.8806,1659
52.8833,1661
52.8861,1656
52.8889,1650
52.8917,1649
52.8944,1649
52.8972,1641
52.9000,1664
52.9028,1678
52.9056,1695
52.9083,1683
52.9111,1682
52.9139,1665
52.9167,1649
52.9194,1653
52.9222,1659
52.9250,1660
52.9278,1668
52.9306,1699
52.9333,1699
52.9361,1665
52.9389,1646
52.9417,1649
52.9444,1659
52.9472,1669
52.9500,1679
52.9528,1684
52.9556,1675
52.9583,1676
52.9611,1686
52.9639,1684
52.9667,1682
52.9694,1667
52.9722,1665
52.9750,1662
52.9778,1666
52.9806,1674
52.9833,1683
52.9861,1673
52.9889,1665
52.9917,1680
52.9944,1677
52.9972,1672
53.0000,1663
53.0028,1667
53.0056,1660
53.0083,1649
53.0111,1649
53.0139,1665
53.0167,1656
53.0194,1674
53.0222,1684
53.0250,1690
53.0278,1672
53.0306,1656
53.0333,1646
53.0361,1624
53.0389,1634
53.0417,1662
53.0444,1686
53.0472,1672
53.0500,1669
53.0528,1674
53.0556,1670
53.0583,1670
53.0611,1675
53.0639,1674
53.0667,1675
53.0694,1669
53.0722,1663
53.0750,1659
53.0778,1659
53.0806,1683
53.0833,1698
53.0861,1695
53.0889,1694
53.0917,1689
53.0944,1684
53.0972,1675
53.1000,1660
53.1028,1661
53.1056,1650
53.1083,1656
53.1111,1674
53.1139,1686
53.1167,1674
53.1194,1669
53.1222,1683
53.1250,1690
53.1278,1682
53.1306,1676
53.1333,1654
53.1361,1661
53.1389,1661
53.1417,1678
53.1444,1670
53.1472,1656
53.1500,1657
53.1528,1668
53.1556,1681
53.1583,1678
53.1611,1685
53.1639,1630
53.1667,1552
53.1694,1553
53.1722,1621
53.1750,1702
53.1778,1757
53.1806,1782
53.1833,1776
53.1861,1760
53.1889,1761
53.1917,1770
53.1944,1765
53.1972,1749
53.2000,1742
53.2028,1722
53.2056,1704
53.2083,1700
53.2111,1709
53.2139,1709
53.2167,1709
53.2194,1714
53.2222,1731
53.2250,1716
53.2278,1699
53.2306,1691
53.2333,1699
53.2361,1707
53.2389,1735
53.2417,1770
53.2444,1780
53.2472,1762
53.2500,1761
53.2528,1755
53.2556,1747
53.2583,1759
53.2611,1775
53.2639,1778
53.2667,1776
53.2694,1771
53.2722,1774
53.2750,1776
53.2778,1766
53.2806,1774
53.2833,1779
53.2861,1770
53.2889,1762
53.2917,1735
53.2944,1708
53.2972,1677
53.3000,1652
53.3028,1659
53.3056,1683
53.3083,1708
53.3111,1727
53.3139,1734
53.3167,1737
53.3194,1768
53.3222,1785
53.3250,1765
53.3278,1704
53.3306,1647
53.3333,1605
53.3361,1593
53.3389,1625
53.3417,1709
53.3444,1787
53.3472,1802
53.3500,1782
53.3528,1752
53.3556,1695
53.3583,1637
53.3611,1594
53.3639,1574
53.3667,1605
53.3694,1651
53.3722,1700
53.3750,1769
53.3778,1926
53.3806,2199
53.3833,2528
53.3861,2831
53.3889,3007
53.3917,2948
53.3944,2679
53.3972,2352
53.4000,2105
53.4028,1946
53.4056,1877
53.4083,1874
53.4111,1917
53.4139,1947
53.4167,1937
53.4194,1871
53.4222,1768
53.4250,1694
53.4278,1677
53.4306,1687
53.4333,1718
53.4361,1722
53.4389,1715
53.4417,1688
53.4444,1666
53.4472,1654
53.4500,1642
53.4528,1596
53.4556,1574
53.4583,1581
53.4611,1630
53.4639,1692
53.4667,1738
53.4694,1766
53.4722,1767
53.4750,1761
53.4778,1761
53.4806,1784
53.4833,1795
53.4861,1767
53.4889,1748
53.4917,1743
53.4944,1737
53.4972,1731
53.5000,1713
53.5028,1710
53.5056,1699
53.5083,1701
53.5111,1722
53.5139,1719
53.5167,1726
53.5194,1722
53.5222,1719
53.5250,1705
53.5278,1707
53.5306,1713
53.5333,1748
53.5361,1754
53.5389,1751
53.5417,1733
53.5444,1699
53.5472,1692
53.5500,1743
53.5528,1828
53.5556,1890
53.5583,1923
53.5611,1918
53.5639,1889
53.5667,1815
53.5694,1761
53.5722,1766
53.5750,1806
53.5778,1827
53.5806,1899
53.5833,1876
53.5861,1835
53.5889,1862
53.5917,1902
53.5944,1931
53.5972,1934
53.6000,1921
53.6028,1872
53.6056,1824
53.6083,1771
53.6111,1750
53.6139,1734
53.6167,1748
53.6194,1774
53.6222,1796
53.6250,1786
53.6278,1750
53.6306,1721
53.6333,1670
53.6361,1619
53.6389,1598
53.6417,1616
53.6444,1641
53.6472,1649
53.6500,1666
53.6528,1677
53.6556,1679
53.6583,1681
53.6611,1683
53.6639,1679
53.6667,1641
53.6694,1618
53.6722,1620
53.6750,1606
53.6778,1620
53.6806,1633
53.6833,1638
53.6861,1613
53.6889,1611
53.6917,1611
53.6944,1610
53.6972,1619
53.7000,1629
53.7028,1636
53.7056,1626
53.7083,1610
53.7111,1593
53.7139,1582
53.7167,1581
53.7194,1571
53.7222,1568
53.7250,1549
53.7278,1551
53.7306,1535
53.7333,1528
53.7361,1553
53.7389,1597
53.7417,1620
53.7444,1605
53.7472,1587
53.7500,1562
53.7528,1537
53.7556,1537
53.7583,1555
53.7611,1572
53.7639,1580
53.7667,1571
53.7694,1566
53.7722,1544
53.7750,1527
53.7778,1508
53.7806,1512
53.7833,1498
53.7861,1495
53.7889,1492
53.7917,1475
53.7944,1467
53.7972,1477
53.8000,1486
53.8028,1491
53.8056,1479
53.8083,1470
53.8111,1465
53.8139,1452
53.8167,1453
53.8194,1469
53.8222,1483
53.8250,1472
53.8278,1443
53.8306,1438
53.8333,1402
53.8361,1380
53.8389,1387
53.8417,1396
53.8444,1388
53.8472,1393
53.8500,1389
53.8528,1373
53.8556,1348
53.8583,1337
53.8611,1325
53.8639,1309
53.8667,1285
53.8694,1287
53.8722,1300
53.8750,1311
53.8778,1317
53.8806,1316
53.8833,1308
53.8861,1295
53.8889,1281
53.8917,1272
53.8944,1244
53.8972,1228
53.9000,1226
53.9028,1225
53.9056,1219
53.9083,1223
53.9111,1228
53.9139,1215
53.9167,1202
53.9194,1194
53.9222,1172
53.9250,1151
53.9278,1147
53.9306,1150
53.9333,1151
53.9361,1141
53.9389,1124
53.9417,1112
53.9444,1097
53.9472,1061
53.9500,1021
53.9528,1010
53.9556,1022
53.9583,1051
53.9611,1079
53.9639,1090
53.9667,1089
53.9694,1089
53.9722,1062
53.9750,1023
53.9778,1004
53.9806,1003
53.9833,1019
53.9861,1011
53.9889,996
53.9917,969
53.9944,955
53.9972,928
54.0000,934
54.0028,916
54.0056,898
54.0083,921
54.0111,953
54.0139,979
54.0167,985
54.0194,992
54.0222,1000
54.0250,966
54.0278,952
54.0306,950
54.0333,940
54.0361,909
54.0389,896
54.0417,904
54.0444,922
54.0472,917
54.0500,909
54.0528,881
54.0556,844
54.0583,808
54.0611,786
54.0639,783
54.0667,764
54.0694,780
54.0722,766
54.0750,749
54.0778,737
54.0806,727
54.0833,704
54.0861,679
54.0889,669
54.0917,676
54.0944,658
54.0972,660
54.1000,663
54.1028,658
54.1056,638
54.1083,635
54.1111,636
54.1139,623
54.1167,606
54.1194,602
54.1222,599
54.1250,589
54.1278,566
54.1306,520
54.1333,481
54.1361,457
54.1389,475
54.1417,504
54.1444,538
54.1472,594
54.1500,677
54.1528,787
54.1556,949
54.1583,1162
54.1611,1377
54.1639,1504
54.1667,1444
54.1694,1235
54.1722,999
54.1750,798
54.1778,678
54.1806,642
54.1833,629
54.1861,663
54.1889,703
54.1917,712
54.1944,683
54.1972,615
54.2000,535
54.2028,464
54.2056,426
54.2083,430
54.2111,451
54.2139,474
54.2167,475
54.2194,483
54.2222,470
54.2250,435
54.2278,433
54.2306,438
54.2333,452
54.2361,453
54.2389,466
54.2417,465
54.2444,454
54.2472,460
54.2500,479
54.2528,487
54.2556,490
54.2583,484
54.2611,475
54.2639,470
54.2667,476
54.2694,488
54.2722,496
54.2750,499
54.2778,494
54.2806,491
54.2833,492
54.2861,500
54.2889,520
54.2917,546
54.2944,555
54.2972,560
54.3000,555
54.3028,549
54.3056,557
54.3083,567
54.3111,592
54.3139,613
54.3167,624
54.3194,627
54.3222,641
54.3250,638
54.3278,639
54.3306,644
54.3333,648
54.3361,672
54.3389,694
54.3417,729
54.3444,742
54.3472,768
54.3500,785
54.3528,784
54.3556,1014
54.3583,1017
54.3611,1021
54.3639,1003
54.3667,1005
54.3694,1014
54.3722,1025
54.3750,1032
54.3778,1037
54.3806,1042
54.3833,1037
54.3861,1040
54.3889,1033
54.3917,1019
54.3944,1007
54.3972,1023
54.4000,1038
54.4028,1042
54.4056,1039
54.4083,1037
54.4111,1048
54.4139,1064
54.4167,1069
54.4194,1078
54.4222,1079
54.4250,1083
54.4278,1116
54.4306,1144
54.4333,1146
54.4361,1169
54.4389,1175
54.4417,1182
54.4444,1187
54.4472,1210
54.4500,1225
54.4528,1246
54.4556,1256
54.4583,1275
54.4611,1296
54.4639,1313
54.4667,1354
54.4694,1373
54.4722,1381
54.4750,1392
54.4778,1411
54.4806,1434
54.4833,1461
54.4861,1478
54.4889,1497
54.4917,1500
54.4944,1534
54.4972,1558
54.5000,1584
54.5028,1598
54.5056,1611
54.5083,1627
54.5111,1676
54.5139,1703
54.5167,1753
54.5194,1774
54.5222,1780
54.5250,1796
54.5278,1807
54.5306,1834
54.5333,1853
54.5361,1895
54.5389,1933
54.5417,1962
54.5444,1974
54.5472,1983
54.5500,1998
54.5528,2017
54.5556,2046
54.5583,2096
54.5611,2118
54.5639,2133
54.5667,2152
54.5694,2157
54.5722,2167
54.5750,2177
54.5778,2207
54.5806,2234
54.5833,2279
54.5861,2317
54.5889,2357
54.5917,2379
54.5944,2407
54.5972,2446
54.6000,2468
54.6028,2468
54.6056,2488
54.6083,2511
54.6111,2546
54.6139,2588
54.6167,2623
54.6194,2651
54.6222,2663
54.6250,2695
54.6278,2718
54.6306,2755
54.6333,2764
54.6361,2795
54.6389,2839
54.6417,2881
54.6444,2895
54.6472,2918
54.6500,2950
54.6528,2963
54.6556,2984
54.6583,3005
54.6611,3020
54.6639,3033
54.6667,3063
54.6694,3114
54.6722,3153
54.6750,3189
54.6778,3210
54.6806,3219
54.6833,3203
54.6861,3243
54.6889,3272
54.6917,3302
54.6944,3338
54.6972,3364
54.7000,3357
54.7028,3342
54.7056,3320
54.7083,3332
54.7111,3343
54.7139,3368
54.7167,3384
54.7194,3378
54.7222,3351
54.7250,3342
54.7278,3352
54.7306,3348
54.7333,3371
54.7361,3389
54.7389,3391
54.7417,3360
54.7444,3346
54.7472,3350
54.7500,3351
54.7528,3368
54.7556,3376
54.7583,3385
54.7611,3374
54.7639,3350
54.7667,3348
54.7694,3350
54.7722,3365
54.7750,3395
54.7778,3385
54.7806,3377
54.7833,3356
54.7861,3344
54.7889,3349
54.7917,3356
54.7944,3388
54.7972,3390
54.8000,3380
54.8028,3353
54.8056,3354
54.8083,3346
54.8111,3361
54.8139,3376
54.8167,3382
54.8194,3381
54.8222,3368
54.8250,3357
54.8278,3353
54.8306,3366
54.8333,3377
54.8361,3390
54.8389,3389
54.8417,3369
54.8444,3362
54.8472,3361
54.8500,3357
54.8528,3376
54.8556,3388
54.8583,3386
54.8611,3380
54.8639,3374
54.8667,3359
54.8694,3365
54.8722,3377
54.8750,3384
54.8778,3397
54.8806,3373
54.8833,3371
54.8861,3358
54.8889,3358
54.8917,3371
54.8944,3389
54.8972,3388
54.9000,3375
54.9028,3367
54.9056,3352
54.9083,3366
54.9111,3372
54.9139,3376
54.9167,3370
54.9194,3379
54.9222,3367
54.9250,3356
54.9278,3361
54.9306,3366
54.9333,3373
54.9361,3389
54.9389,3378
54.9417,3371
54.9444,3354
54.9472,3354
54.9500,3362
54.9528,3372
54.9556,3375
54.9583,3372
54.9611,3371
54.9639,3364
54.9667,3362
54.9694,3365
54.9722,3369
54.9750,3375
54.9778,3378
54.9806,3372
54.9833,3361
54.9861,3359
54.9889,3360
54.9917,3368
54.9944,3371
54.9972,3367
55.0000,3366
55.0028,3368
55.0056,3362
55.0083,3357
55.0111,3364
55.0139,3373
55.0167,3367
55.0194,3365
55.0222,3355
55.0250,3359
55.0278,3359
55.0306,3355
55.0333,3368
55.0361,3375
55.0389,3377
55.0417,3370
55.0444,3353
55.0472,3360
55.0500,3364
55.0528,3366
55.0556,3381
55.0583,3373
55.0611,3371
55.0639,3359
55.0667,3352
55.0694,3377
55.0722,3361
55.0750,3358
55.0778,3372
55.0806,3372
55.0833,3369
55.0861,3363
55.0889,3356
55.0917,3359
55.0944,3364
55.0972,3357
55.1000,3363
55.1028,3362
55.1056,3352
55.1083,3353
55.1111,3347
55.1139,3356
55.1167,3347
55.1194,3336
55.1222,3324
55.1250,3298
55.1278,3258
55.1306,3220
55.1333,3158
55.1361,3133
55.1389,3114
55.1417,3104
55.1444,3086
55.1472,3073
55.1500,3038
55.1528,3004
55.1556,2982
55.1583,2979
55.1611,2981
55.1639,2968
55.1667,2947
55.1694,2924
55.1722,2894
55.1750,2870
55.1778,2864
55.1806,2859
55.1833,2860
55.1861,2849
55.1889,2841
55.1917,2832
55.1944,2806
55.1972,2809
55.2000,2804
55.2028,2805
55.2056,2800
55.2083,2786
55.2111,2772
55.2139,2738
55.2167,2740
55.2194,2757
55.2222,2765
55.2250,2770
55.2278,2757
55.2306,2729
55.2333,2699
55.2361,2674
55.2389,2663
55.2417,2668
55.2444,2667
55.2472,2651
55.2500,2623
55.2528,2595
55.2556,2589
55.2583,2609
55.2611,2609
55.2639,2612
55.2667,2607
55.2694,2601
55.2722,2577
55.2750,2565
55.2778,2551
55.2806,2533
55.2833,2534
55.2861,2540
55.2889,2532
55.2917,2517
55.2944,2501
55.2972,2501
55.3000,2507
55.3028,2498
55.3056,2491
55.3083,2494
55.3111,2483
55.3139,2466
55.3167,2460
55.3194,2467
55.3222,2473
55.3250,2458
55.3278,2453
55.3306,2413
55.3333,2390
55.3361,2399
55.3389,2419
55.3417,2421
55.3444,2430
55.3472,2432
55.3500,2422
55.3528,2396
55.3556,2375
55.3583,2370
55.3611,2361
55.3639,2364
55.3667,2363
55.3694,2360
55.3722,2338
55.3750,2306
55.3778,2296
55.3806,2287
55.3833,2279
55.3861,2271
55.3889,2256
55.3917,2239
55.3944,2233
55.3972,2238
55.4000,2242
55.4028,2228
55.4056,2222
55.4083,2223
55.4111,2204
55.4139,2194
55.4167,2185
55.4194,2190
55.4222,2176
55.4250,2160
55.4278,2163
55.4306,2172
55.4333,2187
55.4361,2199
55.4389,2217
55.4417,2214
55.4444,2191
55.4472,2171
55.4500,2156
55.4528,2127
55.4556,2115
55.4583,2133
55.4611,2124
55.4639,2108
55.4667,2087
55.4694,2048
55.4722,2022
55.4750,2004
55.4778,1993
55.4806,1992
55.4833,1990
55.4861,1989
55.4889,1998
55.4917,1993
55.4944,1989
55.4972,1970
55.5000,1956
55.5028,1944
55.5056,1940
55.5083,1927
55.5111,1929
55.5139,1918
55.5167,1932
55.5194,1933
55.5222,1930
55.5250,1937
55.5278,1932
55.5306,1912
55.5333,1889
55.5361,1864
55.5389,1853
55.5417,1830
55.5444,1807
55.5472,1787
55.5500,1763
55.5528,1720
55.5556,1679
55.5583,1680
55.5611,1698
55.5639,1733
55.5667,1812
55.5694,1951
55.5722,2130
55.5750,2357
55.5778,2534
55.5806,2582
55.5833,2427
55.5861,2168
55.5889,1928
55.5917,1767
55.5944,1697
55.5972,1679
55.6000,1703
55.6028,1709
55.6056,1709
55.6083,1689
55.6111,1631
55.6139,1544
55.6167,1474
55.6194,1439
55.6222,1441
55.6250,1464
55.6278,1492
55.6306,1493
55.6333,1463
55.6361,1448
55.6389,1446
55.6417,1433
55.6444,1425
55.6472,1441
55.6500,1449
55.6528,1452
55.6556,1453
55.6583,1457
55.6611,1458
55.6639,1466
55.6667,1465
55.6694,1464
55.6722,1457
55.6750,1432
55.6778,1415
55.6806,1427
55.6833,1439
55.6861,1452
55.6889,1465
55.6917,1467
55.6944,1451
55.6972,1449
55.7000,1436
55.7028,1414
55.7056,1420
55.7083,1431
55.7111,1452
55.7139,1470
55.7167,1479
55.7194,1477
55.7222,1466
55.7250,1456
55.7278,1461
55.7306,1471
55.7333,1478
55.7361,1487
55.7389,1490
55.7417,1488
55.7444,1484
55.7472,1489
55.7500,1496
55.7528,1493
55.7556,1495
55.7583,1490
55.7611,1507
55.7639,1528
55.7667,1562
55.7694,1527
55.7722,1537
55.7750,1572
55.7778,1570
55.7806,1551
55.7833,1528
55.7861,1507
55.7889,1492
55.7917,1474
55.7944,1467
55.7972,1465
55.8000,1453
55.8028,1428
55.8056,1434
55.8083,1440
55.8111,1416
55.8139,1405
55.8167,1395
55.8194,1392
55.8222,1383
55.8250,1384
55.8278,1381
55.8306,1380
55.8333,1366
55.8361,1361
55.8389,1356
55.8417,1342
55.8444,1335
55.8472,1344
55.8500,1363
55.8528,1372
55.8556,1381
55.8583,1383
55.8611,1356
55.8639,1348
55.8667,1353
55.8694,1364
55.8722,1364
55.8750,1373
55.8778,1382
55.8806,1375
55.8833,1365
55.8861,1376
55.8889,1383
55.8917,1363
55.8944,1361
55.8972,1367
55.9000,1371
55.9028,1368
55.9056,1375
55.9083,1390
55.9111,1385
55.9139,1381
55.9167,1383
55.9194,1383
55.9222,1366
55.9250,1385
55.9278,1386
55.9306,1383
55.9333,1371
55.9361,1373
55.9389,1379
55.9417,1385
55.9444,1395
55.9472,1404
55.9500,1404
55.9528,1394
55.9556,1395
55.9583,1412
55.9611,1419
55.9639,1390
55.9667,1378
55.9694,1350
55.9722,1331
55.9750,1318
55.9778,1321
55.9806,1332
55.9833,1342
55.9861,1363
55.9889,1377
55.9917,1369
55.9944,1358
55.9972,1363
56.0000,1344
56.0028,1348
56.0056,1365
56.0083,1354
56.0111,1337
56.0139,1320
56.0167,1325
56.0194,1331
56.0222,1344
56.0250,1334
56.0278,1339
56.0306,1329
56.0333,1325
56.0361,1333
56.0389,1328
56.0417,1328
56.0444,1344
56.0472,1350
56.0500,1355
56.0528,1351
56.0556,1362
56.0583,1354
56.0611,1327
56.0639,1295
56.0667,1292
56.0694,1303
56.0722,1314
56.0750,1343
56.0778,1357
56.0806,1355
56.0833,1358
56.0861,1355
56.0889,1367
56.0917,1364
56.0944,1374
56.0972,1395
56.1000,1386
56.1028,1378
56.1056,1356
56.1083,1337
56.1111,1310
56.1139,1295
56.1167,1289
56.1194,1282
56.1222,1277
56.1250,1267
56.1278,1243
56.1306,1230
56.1333,1225
56.1361,1238
56.1389,1253
56.1417,1248
56.1444,1256
56.1472,1256
56.1500,1266
56.1528,1265
56.1556,1283
56.1583,1289
56.1611,1277
56.1639,1273
56.1667,1261
56.1694,1267
56.1722,1264
56.1750,1274
56.1778,1261
56.1806,1258
56.1833,1248
56.1861,1247
56.1889,1251
56.1917,1227
56.1944,1210
56.1972,1188
56.2000,1165
56.2028,1157
56.2056,1189
56.2083,1246
56.2111,1289
56.2139,1315
56.2167,1363
56.2194,1442
56.2222,1611
56.2250,1844
56.2278,2086
56.2306,2225
56.2333,2173
56.2361,1959
56.2389,1705
56.2417,1509
56.2444,1399
56.2472,1355
56.2500,1373
56.2528,1403
56.2556,1421
56.2583,1427
56.2611,1388
56.2639,1324
56.2667,1258
56.2694,1197
56.2722,1186
56.2750,1209
56.2778,1242
56.2806,1260
56.2833,1260
56.2861,1242
56.2889,1221
56.2917,1187
56.2944,1187
56.2972,1205
56.3000,1212
56.3028,1209
56.3056,1210
56.3083,1210
56.3111,1211
56.3139,1219
56.3167,1239
56.3194,1249
56.3222,1249
56.3250,1238
56.3278,1231
56.3306,1205
56.3333,1206
56.3361,1217
56.3389,1215
56.3417,1218
56.3444,1220
56.3472,1226
56.3500,1228
56.3528,1231
56.3556,1249
56.3583,1269
56.3611,1263
56.3639,1257
56.3667,1247
56.3694,1230
56.3722,1232
56.3750,1243
56.3778,1277
56.3806,1287
56.3833,1315
56.3861,1319
56.3889,1315
56.3917,1293
56.3944,1286
56.3972,1301
56.4000,1324
56.4028,1349
56.4056,1382
56.4083,1401
56.4111,1388
56.4139,1392
56.4167,1406
56.4194,1407
56.4222,1441
56.4250,1439
56.4278,1417
56.4306,1413
56.4333,1422
56.4361,1415
56.4389,1395
56.4417,1364
56.4444,1340
56.4472,1313
56.4500,1302
56.4528,1299
56.4556,1315
56.4583,1298
56.4611,1262
56.4639,1242
56.4667,1232
56.4694,1229
56.4722,1233
56.4750,1248
56.4778,1254
56.4806,1261
56.4833,1241
56.4861,1232
56.4889,1199
56.4917,1181
56.4944,1195
56.4972,1214
56.5000,1220
56.5028,1248
56.5056,1250
56.5083,1236
56.5111,1216
56.5139,1221
56.5167,1228
56.5194,1229
56.5222,1219
56.5250,1232
56.5278,1240
56.5306,1237
56.5333,1231
56.5361,1235
56.5389,1241
56.5417,1222
56.5444,1231
56.5472,1228
56.5500,1218
56.5528,1214
56.5556,1229
56.5583,1223
56.5611,1223
56.5639,1227
56.5667,1226
56.5694,1217
56.5722,1220
56.5750,1224
56.5778,1236
56.5806,1231
56.5833,1231
56.5861,1240
56.5889,1246
56.5917,1273
56.5944,1292
56.5972,1307
56.6000,1288
56.6028,1275
56.6056,1249
56.6083,1240
56.6111,1233
56.6139,1254
56.6167,1274
56.6194,1278
56.6222,1272
56.6250,1271
56.6278,1271
56.6306,1256
56.6333,1260
56.6361,1272
56.6389,1285
56.6417,1269
56.6444,1246
56.6472,1222
56.6500,1203
56.6528,1225
56.6556,1259
56.6583,1293
56.6611,1319
56.6639,1322
56.6667,1323
56.6694,1300
56.6722,1292
56.6750,1312
56.6778,1326
56.6806,1320
56.6833,1318
56.6861,1303
56.6889,1302
56.6917,1316
56.6944,1318
56.6972,1333
56.7000,1317
56.7028,1304
56.7056,1297
56.7083,1295
56.7111,1287
56.7139,1302
56.7167,1321
56.7194,1347
56.7222,1359
56.7250,1375
56.7278,1389
56.7306,1394
56.7333,1405
56.7361,1424
56.7389,1427
56.7417,1430
56.7444,1403
56.7472,1397
56.7500,1369
56.7528,1326
56.7556,1292
56.7583,1283
56.7611,1308
56.7639,1350
56.7667,1387
56.7694,1413
56.7722,1443
56.7750,1432
56.7778,1416
56.7806,1395
56.7833,1391
56.7861,1403
56.7889,1391
56.7917,1386
56.7944,1358
56.7972,1322
56.8000,1282
56.8028,1255
56.8056,1256
56.8083,1259
56.8111,1266
56.8139,1301
56.8167,1330
56.8194,1339
56.8222,1336
56.8250,1326
56.8278,1320
56.8306,1311
56.8333,1309
56.8361,1316
56.8389,1292
56.8417,1266
56.8444,1233
56.8472,1212
56.8500,1226
56.8528,1255
56.8556,1308
56.8583,1366
