Tiempo(s),Valor_ADC
0.0028,1625
0.0056,1616
0.0083,1602
0.0111,1588
0.0139,1572
0.0167,1559
0.0194,1533
0.0222,1524
0.0250,1519
0.0278,1525
0.0306,1539
0.0333,1538
0.0361,1555
0.0389,1573
0.0417,1571
0.0444,1569
0.0472,1552
0.0500,1544
0.0528,1537
0.0556,1539
0.0583,1549
0.0611,1540
0.0639,1538
0.0667,1535
0.0694,1543
0.0722,1559
0.0750,1580
0.0778,1608
0.0806,1628
0.0833,1627
0.0861,1604
0.0889,1576
0.0917,1548
0.0944,1536
0.0972,1561
0.1000,1589
0.1028,1601
0.1056,1598
0.1083,1567
0.1111,1528
0.1139,1488
0.1167,1489
0.1194,1504
0.1222,1526
0.1250,1550
0.1278,1582
0.1306,1619
0.1333,1650
0.1361,1680
0.1389,1695
0.1417,1692
0.1444,1694
0.1472,1698
0.1500,1689
0.1528,1679
0.1556,1657
0.1583,1661
0.1611,1665
0.1639,1667
0.1667,1666
0.1694,1684
0.1722,1697
0.1750,1705
0.1778,1672
0.1806,1642
0.1833,1625
0.1861,1625
0.1889,1614
0.1917,1590
0.1944,1558
0.1972,1526
0.2000,1515
0.2028,1528
0.2056,1543
0.2083,1554
0.2111,1568
0.2139,1571
0.2167,1577
0.2194,1588
0.2222,1597
0.2250,1580
0.2278,1550
0.2306,1518
0.2333,1479
0.2361,1466
0.2389,1475
0.2417,1508
0.2444,1552
0.2472,1606
0.2500,1657
0.2528,1676
0.2556,1659
0.2583,1628
0.2611,1605
0.2639,1623
0.2667,1694
0.2694,1817
0.2722,1961
0.2750,2082
0.2778,2117
0.2806,2060
0.2833,1931
0.2861,1787
0.2889,1679
0.2917,1614
0.2944,1556
0.2972,1472
0.3000,1394
0.3028,1319
0.3056,1259
0.3083,1264
0.3111,1302
0.3139,1361
0.3167,1427
0.3194,1480
0.3222,1526
0.3250,1548
0.3278,1540
0.3306,1529
0.3333,1530
0.3361,1543
0.3389,1560
0.3417,1593
0.3444,1603
0.3472,1610
0.3500,1600
0.3528,1600
0.3556,1577
0.3583,1555
0.3611,1555
0.3639,1565
0.3667,1573
0.3694,1609
0.3722,1631
0.3750,1647
0.3778,1643
0.3806,1656
0.3833,1683
0.3861,1703
0.3889,1703
0.3917,1691
0.3944,1695
0.3972,1701
0.4000,1734
0.4028,1768
0.4056,1792
0.4083,1799
0.4111,1790
0.4139,1779
0.4167,1767
0.4194,1744
0.4222,1717
0.4250,1708
0.4278,1695
0.4306,1685
0.4333,1675
0.4361,1673
0.4389,1681
0.4417,1688
0.4444,1692
0.4472,1707
0.4500,1718
0.4528,1725
0.4556,1749
0.4583,1756
0.4611,1783
0.4639,1805
0.4667,1871
0.4694,1858
0.4722,1835
0.4750,1824
0.4778,1817
0.4806,1806
0.4833,1806
0.4861,1817
0.4889,1823
0.4917,1808
0.4944,1795
0.4972,1778
0.5000,1761
0.5028,1744
0.5056,1733
0.5083,1724
0.5111,1709
0.5139,1706
0.5167,1698
0.5194,1692
0.5222,1699
0.5250,1687
0.5278,1660
0.5306,1644
0.5333,1623
0.5361,1608
0.5389,1610
0.5417,1621
0.5444,1627
0.5472,1640
0.5500,1659
0.5528,1673
0.5556,1671
0.5583,1657
0.5611,1632
0.5639,1605
0.5667,1584
0.5694,1570
0.5722,1543
0.5750,1535
0.5778,1543
0.5806,1555
0.5833,1577
0.5861,1587
0.5889,1590
0.5917,1560
0.5944,1537
0.5972,1529
0.6000,1546
0.6028,1554
0.6056,1556
0.6083,1558
0.6111,1537
0.6139,1538
0.6167,1544
0.6194,1547
0.6222,1555
0.6250,1543
0.6278,1538
0.6306,1532
0.6333,1533
0.6361,1536
0.6389,1532
0.6417,1540
0.6444,1538
0.6472,1549
0.6500,1556
0.6528,1562
0.6556,1577
0.6583,1582
0.6611,1585
0.6639,1592
0.6667,1602
0.6694,1615
0.6722,1619
0.6750,1625
0.6778,1628
0.6806,1625
0.6833,1603
0.6861,1581
0.6889,1579
0.6917,1578
0.6944,1580
0.6972,1584
0.7000,1579
0.7028,1576
0.7056,1597
0.7083,1615
0.7111,1632
0.7139,1671
0.7167,1689
0.7194,1709
0.7222,1711
0.7250,1704
0.7278,1689
0.7306,1683
0.7333,1692
0.7361,1706
0.7389,1726
0.7417,1753
0.7444,1772
0.7472,1798
0.7500,1792
0.7528,1772
0.7556,1748
0.7583,1709
0.7611,1662
0.7639,1624
0.7667,1610
0.7694,1611
0.7722,1628
0.7750,1637
0.7778,1633
0.7806,1630
0.7833,1637
0.7861,1636
0.7889,1636
0.7917,1639
0.7944,1610
0.7972,1589
0.8000,1570
0.8028,1573
0.8056,1584
0.8083,1588
0.8111,1603
0.8139,1604
0.8167,1622
0.8194,1622
0.8222,1630
0.8250,1626
0.8278,1631
0.8306,1639
0.8333,1672
0.8361,1709
0.8389,1733
0.8417,1740
0.8444,1732
0.8472,1731
0.8500,1774
0.8528,1842
0.8556,1958
0.8583,2080
0.8611,2169
0.8639,2202
0.8667,2132
0.8694,1994
0.8722,1855
0.8750,1770
0.8778,1741
0.8806,1713
0.8833,1638
0.8861,1522
0.8889,1409
0.8917,1320
0.8944,1308
0.8972,1368
0.9000,1501
0.9028,1641
0.9056,1741
0.9083,1799
0.9111,1808
0.9139,1794
0.9167,1787
0.9194,1790
0.9222,1796
0.9250,1803
0.9278,1825
0.9306,1826
0.9333,1828
0.9361,1821
0.9389,1813
0.9417,1803
0.9444,1801
0.9472,1830
0.9500,1857
0.9528,1874
0.9556,1866
0.9583,1857
0.9611,1847
0.9639,1858
0.9667,1854
0.9694,1865
0.9722,1855
0.9750,1843
0.9778,1838
0.9806,1834
0.9833,1844
0.9861,1866
0.9889,1915
0.9917,1949
0.9944,1965
0.9972,1974
1.0000,1985
1.0028,1969
1.0056,1960
1.0083,1957
1.0111,1944
1.0139,1932
1.0167,1910
1.0194,1885
1.0222,1872
1.0250,1874
1.0278,1896
1.0306,1908
1.0333,1918
1.0361,1900
1.0389,1884
1.0417,1871
1.0444,1864
1.0472,1884
1.0500,1895
1.0528,1890
1.0556,1899
1.0583,1883
1.0611,1868
1.0639,1859
1.0667,1852
1.0694,1839
1.0722,1824
1.0750,1797
1.0778,1768
1.0806,1739
1.0833,1732
1.0861,1730
1.0889,1721
1.0917,1720
1.0944,1728
1.0972,1723
1.1000,1705
1.1028,1702
1.1056,1710
1.1083,1711
1.1111,1718
1.1139,1716
1.1167,1724
1.1194,1741
1.1222,1743
1.1250,1759
1.1278,1764
1.1306,1753
1.1333,1742
1.1361,1744
1.1389,1752
1.1417,1760
1.1444,1757
1.1472,1747
1.1500,1737
1.1528,1728
1.1556,1697
1.1583,1672
1.1611,1661
1.1639,1663
1.1667,1674
1.1694,1692
1.1722,1701
1.1750,1711
1.1778,1713
1.1806,1713
1.1833,1707
1.1861,1709
1.1889,1707
1.1917,1719
1.1944,1719
1.1972,1727
1.2000,1721
1.2028,1741
1.2056,1760
1.2083,1776
1.2111,1779
1.2139,1772
1.2167,1751
1.2194,1730
1.2222,1720
1.2250,1724
1.2278,1740
1.2306,1762
1.2333,1771
1.2361,1781
1.2389,1806
1.2417,1826
1.2444,1843
1.2472,1845
1.2500,1820
1.2528,1780
1.2556,1739
1.2583,1732
1.2611,1720
1.2639,1700
1.2667,1683
1.2694,1692
1.2722,1691
1.2750,1691
1.2778,1726
1.2806,1737
1.2833,1752
1.2861,1757
1.2889,1755
1.2917,1736
1.2944,1712
1.2972,1684
1.3000,1669
1.3028,1667
1.3056,1663
1.3083,1674
1.3111,1675
1.3139,1686
1.3167,1696
1.3194,1697
1.3222,1701
1.3250,1691
1.3278,1703
1.3306,1703
1.3333,1703
1.3361,1690
1.3389,1688
1.3417,1675
1.3444,1658
1.3472,1655
1.3500,1641
1.3528,1650
1.3556,1647
1.3583,1653
1.3611,1662
1.3639,1662
1.3667,1668
1.3694,1661
1.3722,1641
1.3750,1616
1.3778,1597
1.3806,1584
1.3833,1561
1.3861,1543
1.3889,1550
1.3917,1568
1.3944,1587
1.3972,1612
1.4000,1618
1.4028,1622
1.4056,1610
1.4083,1619
1.4111,1631
1.4139,1633
1.4167,1623
1.4194,1610
1.4222,1595
1.4250,1603
1.4278,1617
1.4306,1642
1.4333,1664
1.4361,1655
1.4389,1645
1.4417,1631
1.4444,1624
1.4472,1594
1.4500,1589
1.4528,1589
1.4556,1609
1.4583,1629
1.4611,1660
1.4639,1677
1.4667,1676
1.4694,1656
1.4722,1622
1.4750,1597
1.4778,1602
1.4806,1629
1.4833,1674
1.4861,1722
1.4889,1783
1.4917,1812
1.4944,1806
1.4972,1785
1.5000,1779
1.5028,1793
1.5056,1813
1.5083,1828
1.5111,1812
1.5139,1785
1.5167,1751
1.5194,1726
1.5222,1733
1.5250,1757
1.5278,1785
1.5306,1793
1.5333,1792
1.5361,1781
1.5389,1768
1.5417,1733
1.5444,1700
1.5472,1694
1.5500,1687
1.5528,1689
1.5556,1701
1.5583,1717
1.5611,1738
1.5639,1766
1.5667,1773
1.5694,1781
1.5722,1786
1.5750,1792
1.5778,1799
1.5806,1804
1.5833,1820
1.5861,1834
1.5889,1842
1.5917,1855
1.5944,1852
1.5972,1850
1.6000,1841
1.6028,1820
1.6056,1773
1.6083,1764
1.6111,1787
1.6139,1848
1.6167,1943
1.6194,2065
1.6222,2182
1.6250,2250
1.6278,2248
1.6306,2145
1.6333,2006
1.6361,1874
1.6389,1752
1.6417,1641
1.6444,1529
1.6472,1427
1.6500,1367
1.6528,1363
1.6556,1379
1.6583,1435
1.6611,1510
1.6639,1586
1.6667,1651
1.6694,1685
1.6722,1708
1.6750,1719
1.6778,1732
1.6806,1739
1.6833,1759
1.6861,1776
1.6889,1777
1.6917,1794
1.6944,1810
1.6972,1819
1.7000,1813
1.7028,1823
1.7056,1824
1.7083,1831
1.7111,1847
1.7139,1843
1.7167,1830
1.7194,1828
1.7222,1826
1.7250,1832
1.7278,1849
1.7306,1865
1.7333,1885
1.7361,1881
1.7389,1853
1.7417,1822
1.7444,1803
1.7472,1793
1.7500,1786
1.7528,1784
1.7556,1795
1.7583,1812
1.7611,1821
1.7639,1857
1.7667,1893
1.7694,1908
1.7722,1889
1.7750,1851
1.7778,1800
1.7806,1759
1.7833,1733
1.7861,1732
1.7889,1760
1.7917,1790
1.7944,1812
1.7972,1804
1.8000,1800
1.8028,1798
1.8056,1788
1.8083,1800
1.8111,1813
1.8139,1831
1.8167,1858
1.8194,1879
1.8222,1879
1.8250,1875
1.8278,1873
1.8306,1879
1.8333,1704
1.8361,1717
1.8389,1716
1.8417,1707
1.8444,1695
1.8472,1703
1.8500,1681
1.8528,1674
1.8556,1658
1.8583,1637
1.8611,1609
1.8639,1585
1.8667,1576
1.8694,1570
1.8722,1574
1.8750,1598
1.8778,1608
1.8806,1611
1.8833,1588
1.8861,1568
1.8889,1553
1.8917,1549
1.8944,1551
1.8972,1551
1.9000,1542
1.9028,1536
1.9056,1518
1.9083,1526
1.9111,1523
1.9139,1555
1.9167,1580
1.9194,1589
1.9222,1582
1.9250,1552
1.9278,1518
1.9306,1495
1.9333,1503
1.9361,1522
1.9389,1554
1.9417,1558
1.9444,1565
1.9472,1568
1.9500,1573
1.9528,1574
1.9556,1575
1.9583,1585
1.9611,1589
1.9639,1594
1.9667,1606
1.9694,1630
1.9722,1644
1.9750,1659
1.9778,1683
1.9806,1692
1.9833,1695
1.9861,1676
1.9889,1661
1.9917,1643
1.9944,1639
1.9972,1659
2.0000,1664
2.0028,1663
2.0056,1651
2.0083,1664
2.0111,1673
2.0139,1700
2.0167,1714
2.0194,1726
2.0222,1735
2.0250,1758
2.0278,1781
2.0306,1809
2.0333,1834
2.0361,1837
2.0389,1834
2.0417,1824
2.0444,1832
2.0472,1839
2.0500,1845
2.0528,1845
2.0556,1835
2.0583,1817
2.0611,1790
2.0639,1768
2.0667,1774
2.0694,1751
2.0722,1733
2.0750,1722
2.0778,1736
2.0806,1733
2.0833,1736
2.0861,1737
2.0889,1722
2.0917,1707
2.0944,1682
2.0972,1643
2.1000,1606
2.1028,1597
2.1056,1611
2.1083,1632
2.1111,1641
2.1139,1652
2.1167,1663
2.1194,1667
2.1222,1668
2.1250,1646
2.1278,1615
2.1306,1590
2.1333,1584
2.1361,1585
2.1389,1595
2.1417,1595
2.1444,1600
2.1472,1628
2.1500,1647
2.1528,1654
2.1556,1655
2.1583,1653
2.1611,1635
2.1639,1636
2.1667,1640
2.1694,1672
2.1722,1721
2.1750,1770
2.1778,1807
2.1806,1827
2.1833,1820
2.1861,1795
2.1889,1772
2.1917,1754
2.1944,1744
2.1972,1749
2.2000,1756
2.2028,1740
2.2056,1729
2.2083,1721
2.2111,1727
2.2139,1736
2.2167,1751
2.2194,1759
2.2222,1739
2.2250,1724
2.2278,1690
2.2306,1682
2.2333,1670
2.2361,1672
2.2389,1677
2.2417,1658
2.2444,1675
2.2472,1678
2.2500,1669
2.2528,1658
2.2556,1641
2.2583,1633
2.2611,1628
2.2639,1631
2.2667,1640
2.2694,1647
2.2722,1672
2.2750,1660
2.2778,1645
2.2806,1613
2.2833,1593
2.2861,1588
2.2889,1592
2.2917,1610
2.2944,1624
2.2972,1658
2.3000,1698
2.3028,1719
2.3056,1727
2.3083,1734
2.3111,1758
2.3139,1762
2.3167,1769
2.3194,1777
2.3222,1783
2.3250,1787
2.3278,1803
2.3306,1804
2.3333,1785
2.3361,1775
2.3389,1750
2.3417,1739
2.3444,1736
2.3472,1719
2.3500,1693
2.3528,1683
2.3556,1670
2.3583,1655
2.3611,1639
2.3639,1630
2.3667,1642
2.3694,1648
2.3722,1653
2.3750,1649
2.3778,1633
2.3806,1599
2.3833,1572
2.3861,1564
2.3889,1572
2.3917,1591
2.3944,1606
2.3972,1606
2.4000,1616
2.4028,1611
2.4056,1616
2.4083,1616
2.4111,1617
2.4139,1620
2.4167,1635
2.4194,1658
2.4222,1664
2.4250,1666
2.4278,1667
2.4306,1682
2.4333,1702
2.4361,1758
2.4389,1867
2.4417,2004
2.4444,2145
2.4472,2229
2.4500,2185
2.4528,2090
2.4556,1946
2.4583,1817
2.4611,1686
2.4639,1563
2.4667,1460
2.4694,1377
2.4722,1321
2.4750,1315
2.4778,1321
2.4806,1353
2.4833,1412
2.4861,1497
2.4889,1581
2.4917,1649
2.4944,1682
2.4972,1699
2.5000,1695
2.5028,1688
2.5056,1674
2.5083,1659
2.5111,1659
2.5139,1647
2.5167,1646
2.5194,1649
2.5222,1651
2.5250,1666
2.5278,1673
2.5306,1685
2.5333,1702
2.5361,1729
2.5389,1740
2.5417,1743
2.5444,1718
2.5472,1695
2.5500,1691
2.5528,1687
2.5556,1676
2.5583,1670
2.5611,1669
2.5639,1664
2.5667,1659
2.5694,1651
2.5722,1676
2.5750,1688
2.5778,1691
2.5806,1673
2.5833,1663
2.5861,1653
2.5889,1660
2.5917,1657
2.5944,1656
2.5972,1641
2.6000,1634
2.6028,1632
2.6056,1631
2.6083,1648
2.6111,1652
2.6139,1666
2.6167,1664
2.6194,1666
2.6222,1666
2.6250,1668
2.6278,1683
2.6306,1696
2.6333,1690
2.6361,1690
2.6389,1691
2.6417,1691
2.6444,1701
2.6472,1692
2.6500,1683
2.6528,1687
2.6556,1534
2.6583,1538
2.6611,1529
2.6639,1524
2.6667,1521
2.6694,1507
2.6722,1500
2.6750,1488
2.6778,1476
2.6806,1472
2.6833,1469
2.6861,1465
2.6889,1451
2.6917,1427
2.6944,1415
2.6972,1409
2.7000,1420
2.7028,1422
2.7056,1421
2.7083,1416
2.7111,1408
2.7139,1404
2.7167,1420
2.7194,1429
2.7222,1451
2.7250,1456
2.7278,1456
2.7306,1478
2.7333,1510
2.7361,1542
2.7389,1573
2.7417,1579
2.7444,1603
2.7472,1619
2.7500,1641
2.7528,1664
2.7556,1697
2.7583,1716
2.7611,1718
2.7639,1700
2.7667,1660
2.7694,1637
2.7722,1628
2.7750,1642
2.7778,1657
2.7806,1672
2.7833,1684
2.7861,1688
2.7889,1700
2.7917,1694
2.7944,1687
2.7972,1676
2.8000,1669
2.8028,1672
2.8056,1680
2.8083,1688
2.8111,1705
2.8139,1714
2.8167,1719
2.8194,1711
2.8222,1701
2.8250,1716
2.8278,1738
2.8306,1741
2.8333,1727
2.8361,1720
2.8389,1717
2.8417,1717
2.8444,1725
2.8472,1735
2.8500,1733
2.8528,1734
2.8556,1731
2.8583,1715
2.8611,1725
2.8639,1740
2.8667,1745
2.8694,1765
2.8722,1780
2.8750,1802
2.8778,1813
2.8806,1812
2.8833,1795
2.8861,1794
2.8889,1787
2.8917,1799
2.8944,1807
2.8972,1812
2.9000,1817
2.9028,1833
2.9056,1849
2.9083,1862
2.9111,1875
2.9139,1880
2.9167,1881
2.9194,1889
2.9222,1899
2.9250,1901
2.9278,1900
2.9306,1900
2.9333,1889
2.9361,1870
2.9389,1836
2.9417,1819
2.9444,1811
2.9472,1823
2.9500,1841
2.9528,1858
2.9556,1862
2.9583,1865
2.9611,1863
2.9639,1859
2.9667,1850
2.9694,1852
2.9722,1856
2.9750,1876
2.9778,1867
2.9806,1849
2.9833,1822
2.9861,1793
2.9889,1773
2.9917,1766
2.9944,1773
2.9972,1801
3.0000,1833
3.0028,1842
3.0056,1857
3.0083,1851
3.0111,1849
3.0139,1839
3.0167,1820
3.0194,1781
3.0222,1745
3.0250,1705
3.0278,1694
3.0306,1718
3.0333,1749
3.0361,1768
3.0389,1799
3.0417,1806
3.0444,1805
3.0472,1801
3.0500,1793
3.0528,1805
3.0556,1811
3.0583,1807
3.0611,1800
3.0639,1788
3.0667,1783
3.0694,1788
3.0722,1771
3.0750,1775
3.0778,1787
3.0806,1789
3.0833,1785
3.0861,1783
3.0889,1780
3.0917,1779
3.0944,1786
3.0972,1821
3.1000,1837
3.1028,1830
3.1056,1807
3.1083,1777
3.1111,1739
3.1139,1723
3.1167,1724
3.1194,1745
3.1222,1786
3.1250,1828
3.1278,1846
3.1306,1850
3.1333,1854
3.1361,1841
3.1389,1834
3.1417,1821
3.1444,1820
3.1472,1824
3.1500,1852
3.1528,1878
3.1556,1888
3.1583,1878
3.1611,1865
3.1639,1838
3.1667,1825
3.1694,1820
3.1722,1812
3.1750,1800
3.1778,1796
3.1806,1795
3.1833,1778
3.1861,1773
3.1889,1772
3.1917,1769
3.1944,1753
3.1972,1725
3.2000,1696
3.2028,1677
3.2056,1679
3.2083,1680
3.2111,1690
3.2139,1688
3.2167,1703
3.2194,1726
3.2222,1729
3.2250,1717
3.2278,1700
3.2306,1698
3.2333,1693
3.2361,1707
3.2389,1732
3.2417,1743
3.2444,1720
3.2472,1691
3.2500,1671
3.2528,1674
3.2556,1708
3.2583,1822
3.2611,1976
3.2639,2137
3.2667,2244
3.2694,2262
3.2722,2166
3.2750,2004
3.2778,1863
3.2806,1757
3.2833,1674
3.2861,1596
3.2889,1501
3.2917,1384
3.2944,1296
3.2972,1244
3.3000,1232
3.3028,1281
3.3056,1390
3.3083,1508
3.3111,1609
3.3139,1667
3.3167,1705
3.3194,1693
3.3222,1672
3.3250,1672
3.3278,1698
3.3306,1728
3.3333,1770
3.3361,1795
3.3389,1800
3.3417,1795
3.3444,1788
3.3472,1792
3.3500,1808
3.3528,1845
3.3556,1884
3.3583,1924
3.3611,1968
3.3639,2015
3.3667,2018
3.3694,1995
3.3722,1990
3.3750,1991
3.3778,2008
3.3806,2011
3.3833,2021
3.3861,2014
3.3889,2034
3.3917,2055
3.3944,2081
3.3972,2094
3.4000,2112
3.4028,2119
3.4056,2128
3.4083,2143
3.4111,2152
3.4139,2172
3.4167,2182
3.4194,2176
3.4222,2172
3.4250,2173
3.4278,2160
3.4306,2159
3.4333,2196
3.4361,2216
3.4389,2224
3.4417,2229
3.4444,2222
3.4472,2232
3.4500,2233
3.4528,2247
3.4556,2246
3.4583,2332
3.4611,2320
3.4639,2327
3.4667,2315
3.4694,2308
3.4722,2292
3.4750,2276
3.4778,2260
3.4806,2251
3.4833,2222
3.4861,2182
3.4889,2151
3.4917,2132
3.4944,2098
3.4972,2085
3.5000,2057
3.5028,2020
3.5056,2004
3.5083,1990
3.5111,1971
3.5139,1961
3.5167,1940
3.5194,1929
3.5222,1918
3.5250,1884
3.5278,1862
3.5306,1844
3.5333,1844
3.5361,1835
3.5389,1824
3.5417,1829
3.5444,1800
3.5472,1789
3.5500,1782
3.5528,1774
3.5556,1757
3.5583,1773
3.5611,1772
3.5639,1758
3.5667,1735
3.5694,1705
3.5722,1689
3.5750,1667
3.5778,1680
3.5806,1706
3.5833,1723
3.5861,1737
3.5889,1734
3.5917,1727
3.5944,1703
3.5972,1690
3.6000,1685
3.6028,1686
3.6056,1698
3.6083,1705
3.6111,1708
3.6139,1699
3.6167,1692
3.6194,1677
3.6222,1670
3.6250,1675
3.6278,1688
3.6306,1706
3.6333,1724
3.6361,1727
3.6389,1723
3.6417,1695
3.6444,1683
3.6472,1681
3.6500,1709
3.6528,1720
3.6556,1752
3.6583,1766
3.6611,1759
3.6639,1733
3.6667,1694
3.6694,1659
3.6722,1651
3.6750,1664
3.6778,1677
3.6806,1700
3.6833,1733
3.6861,1737
3.6889,1740
3.6917,1717
3.6944,1685
3.6972,1664
3.7000,1641
3.7028,1631
3.7056,1622
3.7083,1638
3.7111,1651
3.7139,1682
3.7167,1708
3.7194,1716
3.7222,1718
3.7250,1709
3.7278,1708
3.7306,1699
3.7333,1685
3.7361,1683
3.7389,1677
3.7417,1678
3.7444,1675
3.7472,1684
3.7500,1692
3.7528,1724
3.7556,1750
3.7583,1776
3.7611,1760
3.7639,1731
3.7667,1683
3.7694,1655
3.7722,1645
3.7750,1655
3.7778,1679
3.7806,1686
3.7833,1694
3.7861,1694
3.7889,1690
3.7917,1689
3.7944,1681
3.7972,1673
3.8000,1666
3.8028,1666
3.8056,1672
3.8083,1687
3.8111,1701
3.8139,1720
3.8167,1716
3.8194,1713
3.8222,1697
3.8250,1692
3.8278,1680
3.8306,1680
3.8333,1694
3.8361,1702
3.8389,1708
3.8417,1706
3.8444,1698
3.8472,1691
3.8500,1694
3.8528,1695
3.8556,1699
3.8583,1715
3.8611,1751
3.8639,1768
3.8667,1768
3.8694,1745
3.8722,1712
3.8750,1682
3.8778,1676
3.8806,1670
3.8833,1675
3.8861,1692
3.8889,1704
3.8917,1721
3.8944,1720
3.8972,1710
3.9000,1705
3.9028,1701
3.9056,1710
3.9083,1715
3.9111,1730
3.9139,1729
3.9167,1738
3.9194,1750
3.9222,1765
3.9250,1789
3.9278,1798
3.9306,1801
3.9333,1802
3.9361,1809
3.9389,1798
3.9417,1801
3.9444,1803
3.9472,1821
3.9500,1841
3.9528,1847
3.9556,1831
3.9583,1798
3.9611,1781
3.9639,1752
3.9667,1754
3.9694,1756
3.9722,1763
3.9750,1766
3.9778,1758
3.9806,1723
3.9833,1692
3.9861,1654
3.9889,1641
3.9917,1635
3.9944,1645
3.9972,1644
4.0000,1633
4.0028,1608
4.0056,1594
4.0083,1593
4.0111,1586
4.0139,1606
4.0167,1617
4.0194,1625
4.0222,1632
4.0250,1622
4.0278,1614
4.0306,1609
4.0333,1628
4.0361,1652
4.0389,1655
4.0417,1635
4.0444,1624
4.0472,1644
4.0500,1669
4.0528,1730
4.0556,1816
4.0583,1918
4.0611,2020
4.0639,2080
4.0667,2056
4.0694,1969
4.0722,1871
4.0750,1804
4.0778,1739
4.0806,1685
4.0833,1606
4.0861,1517
4.0889,1418
4.0917,1354
4.0944,1304
4.0972,1311
4.1000,1359
4.1028,1441
4.1056,1522
4.1083,1581
4.1111,1612
4.1139,1616
4.1167,1622
4.1194,1627
4.1222,1623
4.1250,1620
4.1278,1630
4.1306,1662
4.1333,1680
4.1361,1684
4.1389,1660
4.1417,1636
4.1444,1626
4.1472,1646
4.1500,1675
4.1528,1689
4.1556,1697
4.1583,1688
4.1611,1674
4.1639,1668
4.1667,1684
4.1694,1715
4.1722,1730
4.1750,1739
4.1778,1741
4.1806,1754
4.1833,1791
4.1861,1794
4.1889,1779
4.1917,1742
4.1944,1721
4.1972,1682
4.2000,1657
4.2028,1655
4.2056,1668
4.2083,1691
4.2111,1715
4.2139,1736
4.2167,1749
4.2194,1746
4.2222,1752
4.2250,1767
4.2278,1767
4.2306,1754
4.2333,1753
4.2361,1741
4.2389,1739
4.2417,1753
4.2444,1756
4.2472,1744
4.2500,1736
4.2528,1794
4.2556,1792
4.2583,1792
4.2611,1791
4.2639,1782
4.2667,1769
4.2694,1747
4.2722,1755
4.2750,1754
4.2778,1751
4.2806,1747
4.2833,1727
4.2861,1717
4.2889,1704
4.2917,1712
4.2944,1713
4.2972,1711
4.3000,1718
4.3028,1716
4.3056,1710
4.3083,1720
4.3111,1730
4.3139,1731
4.3167,1714
4.3194,1687
4.3222,1661
4.3250,1644
4.3278,1628
4.3306,1599
4.3333,1569
4.3361,1546
4.3389,1526
4.3417,1526
4.3444,1541
4.3472,1550
4.3500,1564
4.3528,1584
4.3556,1591
4.3583,1608
4.3611,1613
4.3639,1606
4.3667,1609
4.3694,1604
4.3722,1599
4.3750,1609
4.3778,1610
4.3806,1612
4.3833,1612
4.3861,1629
4.3889,1639
4.3917,1643
4.3944,1659
4.3972,1675
4.4000,1669
4.4028,1677
4.4056,1684
4.4083,1712
4.4111,1712
4.4139,1705
4.4167,1673
4.4194,1638
4.4222,1618
4.4250,1635
4.4278,1637
4.4306,1661
4.4333,1693
4.4361,1701
4.4389,1708
4.4417,1724
4.4444,1714
4.4472,1707
4.4500,1700
4.4528,1701
4.4556,1710
4.4583,1719
4.4611,1728
4.4639,1708
4.4667,1699
4.4694,1700
4.4722,1707
4.4750,1717
4.4778,1721
4.4806,1722
4.4833,1726
4.4861,1744
4.4889,1743
4.4917,1732
4.4944,1718
4.4972,1709
4.5000,1725
4.5028,1745
4.5056,1766
4.5083,1774
4.5111,1767
4.5139,1757
4.5167,1768
4.5194,1794
4.5222,1805
4.5250,1784
4.5278,1757
4.5306,1713
4.5333,1697
4.5361,1705
4.5389,1728
4.5417,1751
4.5444,1772
4.5472,1785
4.5500,1807
4.5528,1808
4.5556,1816
4.5583,1812
4.5611,1811
4.5639,1806
4.5667,1801
4.5694,1788
4.5722,1799
4.5750,1804
4.5778,1823
4.5806,1840
4.5833,1860
4.5861,1859
4.5889,1862
4.5917,1839
4.5944,1831
4.5972,1810
4.6000,1805
4.6028,1815
4.6056,1839
4.6083,1869
4.6111,1896
4.6139,1903
4.6167,1886
4.6194,1856
4.6222,1816
4.6250,1781
4.6278,1776
4.6306,1789
4.6333,1802
4.6361,1838
4.6389,1859
4.6417,1862
4.6444,1860
4.6472,1853
4.6500,1848
4.6528,1855
4.6556,1861
4.6583,1860
4.6611,1853
4.6639,1850
4.6667,1845
4.6694,1839
4.6722,1830
4.6750,1812
4.6778,1805
4.6806,1793
4.6833,1783
4.6861,1751
4.6889,1733
4.6917,1725
4.6944,1703
4.6972,1677
4.7000,1672
4.7028,1675
4.7056,1658
4.7083,1648
4.7111,1641
4.7139,1646
4.7167,1657
4.7194,1649
4.7222,1639
4.7250,1629
4.7278,1615
4.7306,1599
4.7333,1586
4.7361,1576
4.7389,1583
4.7417,1578
4.7444,1598
4.7472,1618
4.7500,1651
4.7528,1687
4.7556,1674
4.7583,1644
4.7611,1617
4.7639,1595
4.7667,1622
4.7694,1706
4.7722,1849
4.7750,2001
4.7778,2119
4.7806,2163
4.7833,2116
4.7861,1999
4.7889,1886
4.7917,1793
4.7944,1725
4.7972,1652
4.8000,1570
4.8028,1488
4.8056,1415
4.8083,1382
4.8111,1372
4.8139,1406
4.8167,1464
4.8194,1551
4.8222,1597
4.8250,1624
4.8278,1639
4.8306,1635
4.8333,1625
4.8361,1620
4.8389,1631
4.8417,1635
4.8444,1644
4.8472,1653
4.8500,1637
4.8528,1625
4.8556,1616
4.8583,1635
4.8611,1645
4.8639,1667
4.8667,1685
4.8694,1683
4.8722,1678
4.8750,1674
4.8778,1678
4.8806,1684
4.8833,1703
4.8861,1737
4.8889,1747
4.8917,1755
4.8944,1748
4.8972,1730
4.9000,1720
4.9028,1709
4.9056,1717
4.9083,1734
4.9111,1747
4.9139,1752
4.9167,1730
4.9194,1715
4.9222,1711
4.9250,1724
4.9278,1747
4.9306,1747
4.9333,1727
4.9361,1699
4.9389,1692
4.9417,1678
4.9444,1668
4.9472,1679
4.9500,1686
4.9528,1694
4.9556,1694
4.9583,1684
4.9611,1686
4.9639,1692
4.9667,1708
4.9694,1780
4.9722,1774
4.9750,1785
4.9778,1800
4.9806,1808
4.9833,1793
4.9861,1775
4.9889,1774
4.9917,1767
4.9944,1759
4.9972,1758
5.0000,1758
5.0028,1760
5.0056,1764
5.0083,1755
5.0111,1736
5.0139,1722
5.0167,1722
5.0194,1726
5.0222,1726
5.0250,1729
5.0278,1723
5.0306,1711
5.0333,1697
5.0361,1694
5.0389,1696
5.0417,1704
5.0444,1711
5.0472,1732
5.0500,1740
5.0528,1738
5.0556,1738
5.0583,1746
5.0611,1757
5.0639,1761
5.0667,1757
5.0694,1731
5.0722,1690
5.0750,1665
5.0778,1670
5.0806,1695
5.0833,1715
5.0861,1743
5.0889,1755
5.0917,1740
5.0944,1714
5.0972,1686
5.1000,1673
5.1028,1672
5.1056,1691
5.1083,1690
5.1111,1697
5.1139,1716
5.1167,1729
5.1194,1744
5.1222,1750
5.1250,1750
5.1278,1761
5.1306,1764
5.1333,1775
5.1361,1790
5.1389,1810
5.1417,1793
5.1444,1774
5.1472,1761
5.1500,1765
5.1528,1769
5.1556,1783
5.1583,1786
5.1611,1788
5.1639,1762
5.1667,1739
5.1694,1726
5.1722,1724
5.1750,1715
5.1778,1715
5.1806,1719
5.1833,1714
5.1861,1713
5.1889,1718
5.1917,1740
5.1944,1746
5.1972,1736
5.2000,1715
5.2028,1707
5.2056,1694
5.2083,1678
5.2111,1666
5.2139,1677
5.2167,1696
5.2194,1698
5.2222,1716
5.2250,1729
5.2278,1739
5.2306,1760
5.2333,1763
5.2361,1758
5.2389,1747
5.2417,1737
5.2444,1735
5.2472,1755
5.2500,1772
5.2528,1790
5.2556,1797
5.2583,1801
5.2611,1793
5.2639,1801
5.2667,1793
5.2694,1775
5.2722,1758
5.2750,1724
5.2778,1696
5.2806,1676
5.2833,1685
5.2861,1695
5.2889,1705
5.2917,1727
5.2944,1742
5.2972,1758
5.3000,1769
5.3028,1756
5.3056,1742
5.3083,1713
5.3111,1693
5.3139,1683
5.3167,1693
5.3194,1708
5.3222,1726
5.3250,1750
5.3278,1774
5.3306,1771
5.3333,1757
5.3361,1741
5.3389,1726
5.3417,1718
5.3444,1709
5.3472,1715
5.3500,1728
5.3528,1739
5.3556,1754
5.3583,1771
5.3611,1791
5.3639,1794
5.3667,1785
5.3694,1780
5.3722,1792
5.3750,1806
5.3778,1824
5.3806,1827
5.3833,1834
5.3861,1848
5.3889,1854
5.3917,1841
5.3944,1833
5.3972,1832
5.4000,1820
5.4028,1823
5.4056,1832
5.4083,1848
5.4111,1834
5.4139,1806
5.4167,1757
5.4194,1714
5.4222,1680
5.4250,1676
5.4278,1676
5.4306,1666
5.4333,1649
5.4361,1670
5.4389,1688
5.4417,1699
5.4444,1682
5.4472,1666
5.4500,1653
5.4528,1647
5.4556,1630
5.4583,1636
5.4611,1639
5.4639,1631
5.4667,1636
5.4694,1644
5.4722,1665
5.4750,1660
5.4778,1658
5.4806,1664
5.4833,1680
5.4861,1688
5.4889,1685
5.4917,1670
5.4944,1671
5.4972,1700
5.5000,1737
5.5028,1809
5.5056,1915
5.5083,2031
5.5111,2123
5.5139,2165
5.5167,2129
5.5194,2032
5.5222,1922
5.5250,1827
5.5278,1730
5.5306,1631
5.5333,1526
5.5361,1432
5.5389,1357
5.5417,1317
5.5444,1323
5.5472,1369
5.5500,1473
5.5528,1580
5.5556,1661
5.5583,1708
5.5611,1711
5.5639,1706
5.5667,1688
5.5694,1670
5.5722,1656
5.5750,1686
5.5778,1721
5.5806,1735
5.5833,1726
5.5861,1691
5.5889,1648
5.5917,1616
5.5944,1609
5.5972,1614
5.6000,1645
5.6028,1678
5.6056,1711
5.6083,1720
5.6111,1724
5.6139,1728
5.6167,1731
5.6194,1732
5.6222,1738
5.6250,1742
5.6278,1733
5.6306,1714
5.6333,1703
5.6361,1722
5.6389,1740
5.6417,1767
5.6444,1786
5.6472,1760
5.6500,1723
5.6528,1697
5.6556,1719
5.6583,1759
5.6611,1802
5.6639,1811
5.6667,1779
5.6694,1715
5.6722,1667
5.6750,1674
5.6778,1704
5.6806,1760
5.6833,1793
5.6861,1805
5.6889,1780
5.6917,1747
5.6944,1727
5.6972,1704
5.7000,1690
5.7028,1698
5.7056,1722
5.7083,1760
5.7111,1772
5.7139,1774
5.7167,1764
5.7194,1749
5.7222,1743
5.7250,1744
5.7278,1736
5.7306,1727
5.7333,1728
5.7361,1745
5.7389,1758
5.7417,1768
5.7444,1776
5.7472,1753
5.7500,1721
5.7528,1695
5.7556,1682
5.7583,1671
5.7611,1674
5.7639,1672
5.7667,1679
5.7694,1691
5.7722,1723
5.7750,1766
5.7778,1782
5.7806,1752
5.7833,1687
5.7861,1638
5.7889,1593
5.7917,1574
5.7944,1589
5.7972,1607
5.8000,1629
5.8028,1654
5.8056,1678
5.8083,1671
5.8111,1670
5.8139,1672
5.8167,1674
5.8194,1680
5.8222,1693
5.8250,1707
5.8278,1721
5.8306,1731
5.8333,1735
5.8361,1709
5.8389,1690
5.8417,1679
5.8444,1694
5.8472,1712
5.8500,1734
5.8528,1732
5.8556,1741
5.8583,1730
5.8611,1733
5.8639,1724
5.8667,1710
5.8694,1718
5.8722,1722
5.8750,1713
5.8778,1686
5.8806,1665
5.8833,1669
5.8861,1667
5.8889,1683
5.8917,1700
5.8944,1729
5.8972,1742
5.9000,1739
5.9028,1722
5.9056,1718
5.9083,1710
5.9111,1721
5.9139,1729
5.9167,1743
5.9194,1746
5.9222,1752
5.9250,1766
5.9278,1758
5.9306,1764
5.9333,1766
5.9361,1753
5.9389,1733
5.9417,1709
5.9444,1687
5.9472,1683
5.9500,1691
5.9528,1694
5.9556,1712
5.9583,1722
5.9611,1713
5.9639,1709
5.9667,1704
5.9694,1695
5.9722,1697
5.9750,1710
5.9778,1728
5.9806,1744
5.9833,1742
5.9861,1738
5.9889,1727
5.9917,1709
5.9944,1721
5.9972,1743
6.0000,1763
6.0028,1782
6.0056,1770
6.0083,1765
6.0111,1752
6.0139,1744
6.0167,1728
6.0194,1714
6.0222,1706
6.0250,1701
6.0278,1722
6.0306,1742
6.0333,1753
6.0361,1755
6.0389,1736
6.0417,1725
6.0444,1709
6.0472,1699
6.0500,1694
6.0528,1718
6.0556,1747
6.0583,1756
6.0611,1763
6.0639,1771
6.0667,1778
6.0694,1787
6.0722,1783
6.0750,1761
6.0778,1732
6.0806,1733
6.0833,1763
6.0861,1811
6.0889,1854
6.0917,1864
6.0944,1845
6.0972,1817
6.1000,1813
6.1028,1805
6.1056,1819
6.1083,1833
6.1111,1848
6.1139,1855
6.1167,1868
6.1194,1872
6.1222,1887
6.1250,1898
6.1278,1899
6.1306,1898
6.1333,1894
6.1361,1901
6.1389,1909
6.1417,1906
6.1444,1900
6.1472,1883
6.1500,1860
6.1528,1836
6.1556,1801
6.1583,1788
6.1611,1768
6.1639,1773
6.1667,1769
6.1694,1755
6.1722,1752
6.1750,1773
6.1778,1798
6.1806,1810
6.1833,1813
6.1861,1807
6.1889,1773
6.1917,1753
6.1944,1709
6.1972,1676
6.2000,1660
6.2028,1671
6.2056,1692
6.2083,1707
6.2111,1711
6.2139,1716
6.2167,1717
6.2194,1743
6.2222,1753
6.2250,1748
6.2278,1723
6.2306,1701
6.2333,1680
6.2361,1708
6.2389,1791
6.2417,1905
6.2444,2046
6.2472,2162
6.2500,2201
6.2528,2165
6.2556,2063
6.2583,1955
6.2611,1886
6.2639,1841
6.2667,1787
6.2694,1704
6.2722,1597
6.2750,1471
6.2778,1369
6.2806,1327
6.2833,1356
6.2861,1459
6.2889,1574
6.2917,1658
6.2944,1701
6.2972,1699
6.3000,1681
6.3028,1674
6.3056,1670
6.3083,1675
6.3111,1687
6.3139,1706
6.3167,1725
6.3194,1726
6.3222,1713
6.3250,1689
6.3278,1678
6.3306,1686
6.3333,1713
6.3361,1735
6.3389,1750
6.3417,1756
6.3444,1759
6.3472,1755
6.3500,1766
6.3528,1765
6.3556,1768
6.3583,1762
6.3611,1751
6.3639,1732
6.3667,1730
6.3694,1738
6.3722,1737
6.3750,1764
6.3778,1786
6.3806,1804
6.3833,1801
6.3861,1778
6.3889,1760
6.3917,1751
6.3944,1757
6.3972,1765
6.4000,1753
6.4028,1758
6.4056,1758
6.4083,1754
6.4111,1758
6.4139,1776
6.4167,1792
6.4194,1798
6.4222,1791
6.4250,1802
6.4278,1809
6.4306,1796
6.4333,1789
6.4361,1779
6.4389,1815
6.4417,1797
6.4444,1813
6.4472,1822
6.4500,1823
6.4528,1826
6.4556,1831
6.4583,1835
6.4611,1840
6.4639,1839
6.4667,1816
6.4694,1793
6.4722,1760
6.4750,1757
6.4778,1756
6.4806,1747
6.4833,1738
6.4861,1739
6.4889,1757
6.4917,1775
6.4944,1770
6.4972,1761
6.5000,1743
6.5028,1732
6.5056,1744
6.5083,1724
6.5111,1700
6.5139,1688
6.5167,1688
6.5194,1687
6.5222,1689
6.5250,1695
6.5278,1697
6.5306,1684
6.5333,1691
6.5361,1698
6.5389,1696
6.5417,1700
6.5444,1695
6.5472,1701
6.5500,1720
6.5528,1731
6.5556,1737
6.5583,1731
6.5611,1711
6.5639,1686
6.5667,1665
6.5694,1678
6.5722,1698
6.5750,1720
6.5778,1744
6.5806,1755
6.5833,1753
6.5861,1742
6.5889,1734
6.5917,1730
6.5944,1730
6.5972,1738
6.6000,1739
6.6028,1730
6.6056,1720
6.6083,1718
6.6111,1731
6.6139,1753
6.6167,1764
6.6194,1773
6.6222,1793
6.6250,1804
6.6278,1804
6.6306,1797
6.6333,1763
6.6361,1710
6.6389,1676
6.6417,1648
6.6444,1648
6.6472,1657
6.6500,1685
6.6528,1704
6.6556,1689
6.6583,1687
6.6611,1702
6.6639,1719
6.6667,1729
6.6694,1717
6.6722,1732
6.6750,1726
6.6778,1725
6.6806,1724
6.6833,1712
6.6861,1697
6.6889,1718
6.6917,1737
6.6944,1777
6.6972,1791
6.7000,1784
6.7028,1754
6.7056,1724
6.7083,1706
6.7111,1718
6.7139,1726
6.7167,1735
6.7194,1742
6.7222,1751
6.7250,1755
6.7278,1749
6.7306,1757
6.7333,1749
6.7361,1740
6.7389,1730
6.7417,1722
6.7444,1709
6.7472,1697
6.7500,1688
6.7528,1707
6.7556,1723
6.7583,1739
6.7611,1754
6.7639,1741
6.7667,1707
6.7694,1696
6.7722,1686
6.7750,1689
6.7778,1704
6.7806,1719
6.7833,1726
6.7861,1720
6.7889,1712
6.7917,1716
6.7944,1722
6.7972,1718
6.8000,1716
6.8028,1719
6.8056,1716
6.8083,1720
6.8111,1742
6.8139,1760
6.8167,1767
6.8194,1762
6.8222,1746
6.8250,1740
6.8278,1736
6.8306,1746
6.8333,1739
6.8361,1738
6.8389,1771
6.8417,1820
6.8444,1837
6.8472,1850
6.8500,1851
6.8528,1869
6.8556,1879
6.8583,1882
6.8611,1860
6.8639,1836
6.8667,1826
6.8694,1842
6.8722,1855
6.8750,1860
6.8778,1849
6.8806,1834
6.8833,1795
6.8861,1752
6.8889,1736
6.8917,1732
6.8944,1745
6.8972,1738
6.9000,1741
6.9028,1721
6.9056,1703
6.9083,1699
6.9111,1708
6.9139,1707
6.9167,1704
6.9194,1705
6.9222,1717
6.9250,1723
6.9278,1730
6.9306,1749
6.9333,1745
6.9361,1723
6.9389,1688
6.9417,1657
6.9444,1663
6.9472,1678
6.9500,1696
6.9528,1734
6.9556,1761
6.9583,1742
6.9611,1706
6.9639,1660
6.9667,1644
6.9694,1669
6.9722,1724
6.9750,1825
6.9778,1955
6.9806,2074
6.9833,2133
6.9861,2136
6.9889,2068
6.9917,1979
6.9944,1896
6.9972,1837
7.0000,1798
7.0028,1736
7.0056,1654
7.0083,1562
7.0111,1479
7.0139,1414
7.0167,1380
7.0194,1406
7.0222,1483
7.0250,1593
7.0278,1699
7.0306,1782
7.0333,1807
7.0361,1801
7.0389,1762
7.0417,1710
7.0444,1696
7.0472,1704
7.0500,1704
7.0528,1696
7.0556,1688
7.0583,1687
7.0611,1704
7.0639,1706
7.0667,1694
7.0694,1688
7.0722,1694
7.0750,1711
7.0778,1741
7.0806,1756
7.0833,1748
7.0861,1751
7.0889,1745
7.0917,1745
7.0944,1740
7.0972,1733
7.1000,1722
7.1028,1723
7.1056,1746
7.1083,1790
7.1111,1830
7.1139,1856
7.1167,1855
7.1194,1826
7.1222,1782
7.1250,1760
7.1278,1758
7.1306,1771
7.1333,1815
7.1361,1847
7.1389,1846
7.1417,1835
7.1444,1802
7.1472,1780
7.1500,1763
7.1528,1751
7.1556,1763
7.1583,1800
7.1611,1831
7.1639,1849
7.1667,1843
7.1694,1826
7.1722,1815
7.1750,1830
7.1778,1820
7.1806,1787
7.1833,1789
7.1861,1796
7.1889,1814
7.1917,1815
7.1944,1798
7.1972,1775
7.2000,1782
7.2028,1784
7.2056,1799
7.2083,1797
7.2111,1783
7.2139,1777
7.2167,1761
7.2194,1737
7.2222,1722
7.2250,1724
7.2278,1728
7.2306,1730
7.2333,1725
7.2361,1707
7.2389,1717
7.2417,1716
7.2444,1726
7.2472,1713
7.2500,1710
7.2528,1706
7.2556,1711
7.2583,1702
7.2611,1708
7.2639,1715
7.2667,1715
7.2694,1735
7.2722,1741
7.2750,1747
7.2778,1748
7.2806,1746
7.2833,1728
7.2861,1718
7.2889,1715
7.2917,1726
7.2944,1742
7.2972,1756
7.3000,1760
7.3028,1735
7.3056,1730
7.3083,1717
7.3111,1686
7.3139,1672
7.3167,1666
7.3194,1688
7.3222,1724
7.3250,1771
7.3278,1803
7.3306,1825
7.3333,1827
7.3361,1804
7.3389,1785
7.3417,1759
7.3444,1728
7.3472,1732
7.3500,1738
7.3528,1739
7.3556,1751
7.3583,1761
7.3611,1774
7.3639,1780
7.3667,1786
7.3694,1777
7.3722,1773
7.3750,1749
7.3778,1741
7.3806,1727
7.3833,1709
7.3861,1706
7.3889,1723
7.3917,1747
7.3944,1778
7.3972,1787
7.4000,1762
7.4028,1741
7.4056,1716
7.4083,1696
7.4111,1689
7.4139,1706
7.4167,1727
7.4194,1756
7.4222,1746
7.4250,1713
7.4278,1669
7.4306,1657
7.4333,1667
7.4361,1700
7.4389,1724
7.4417,1732
7.4444,1726
7.4472,1726
7.4500,1741
7.4528,1756
7.4556,1754
7.4583,1723
7.4611,1697
7.4639,1685
7.4667,1711
7.4694,1742
7.4722,1774
7.4750,1785
7.4778,1784
7.4806,1776
7.4833,1782
7.4861,1802
7.4889,1838
7.4917,1857
7.4944,1865
7.4972,1854
7.5000,1837
7.5028,1806
7.5056,1796
7.5083,1776
7.5111,1798
7.5139,1830
7.5167,1831
7.5194,1831
7.5222,1821
7.5250,1789
7.5278,1759
7.5306,1724
7.5333,1718
7.5361,1726
7.5389,1734
7.5417,1738
7.5444,1713
7.5472,1678
7.5500,1647
7.5528,1620
7.5556,1611
7.5583,1622
7.5611,1633
7.5639,1644
7.5667,1655
7.5694,1659
7.5722,1651
7.5750,1634
7.5778,1631
7.5806,1644
7.5833,1685
7.5861,1713
7.5889,1707
7.5917,1678
7.5944,1652
7.5972,1637
7.6000,1640
7.6028,1658
7.6056,1650
7.6083,1617
7.6111,1607
7.6139,1620
7.6167,1693
7.6194,1797
7.6222,1932
7.6250,2067
7.6278,2149
7.6306,2153
7.6333,2075
7.6361,1938
7.6389,1790
7.6417,1695
7.6444,1661
7.6472,1634
7.6500,1603
7.6528,1547
7.6556,1484
7.6583,1423
7.6611,1373
7.6639,1359
7.6667,1382
7.6694,1465
7.6722,1588
7.6750,1681
7.6778,1739
7.6806,1748
7.6833,1724
7.6861,1687
7.6889,1662
7.6917,1661
7.6944,1662
7.6972,1673
7.7000,1682
7.7028,1700
7.7056,1714
7.7083,1725
7.7111,1730
7.7139,1730
7.7167,1713
7.7194,1695
7.7222,1691
7.7250,1685
7.7278,1674
7.7306,1690
7.7333,1722
7.7361,1741
7.7389,1751
7.7417,1753
7.7444,1742
7.7472,1744
7.7500,1744
7.7528,1741
7.7556,1742
7.7583,1738
7.7611,1741
7.7639,1724
7.7667,1698
7.7694,1667
7.7722,1649
7.7750,1670
7.7778,1704
7.7806,1734
7.7833,1755
7.7861,1770
7.7889,1771
7.7917,1774
7.7944,1788
7.7972,1797
7.8000,1803
7.8028,1806
7.8056,1809
7.8083,1815
7.8111,1811
7.8139,1790
7.8167,1776
7.8194,1814
7.8222,1815
7.8250,1821
7.8278,1827
7.8306,1822
7.8333,1822
7.8361,1821
7.8389,1822
7.8417,1844
7.8444,1859
7.8472,1846
7.8500,1837
7.8528,1821
7.8556,1809
7.8583,1823
7.8611,1829
7.8639,1825
7.8667,1829
7.8694,1832
7.8722,1802
7.8750,1750
7.8778,1696
7.8806,1658
7.8833,1650
7.8861,1655
7.8889,1666
7.8917,1683
7.8944,1695
7.8972,1687
7.9000,1663
7.9028,1638
7.9056,1649
7.9083,1705
7.9111,1768
7.9139,1793
7.9167,1809
7.9194,1807
7.9222,1800
7.9250,1776
7.9278,1747
7.9306,1731
7.9333,1728
7.9361,1737
7.9389,1768
7.9417,1801
7.9444,1808
7.9472,1817
7.9500,1818
7.9528,1820
7.9556,1815
7.9583,1793
7.9611,1783
7.9639,1773
7.9667,1766
7.9694,1786
7.9722,1814
7.9750,1840
7.9778,1849
7.9806,1829
7.9833,1796
7.9861,1735
7.9889,1694
7.9917,1671
7.9944,1671
7.9972,1694
8.0000,1715
8.0028,1720
8.0056,1724
8.0083,1714
8.0111,1712
8.0139,1731
8.0167,1753
8.0194,1781
8.0222,1804
8.0250,1806
8.0278,1799
8.0306,1784
8.0333,1774
8.0361,1764
8.0389,1772
8.0417,1784
8.0444,1783
8.0472,1777
8.0500,1776
8.0528,1783
8.0556,1784
8.0583,1784
8.0611,1775
8.0639,1766
8.0667,1757
8.0694,1771
8.0722,1796
8.0750,1819
8.0778,1827
8.0806,1828
8.0833,1818
8.0861,1796
8.0889,1774
8.0917,1770
8.0944,1796
8.0972,1815
8.1000,1831
8.1028,1845
8.1056,1845
8.1083,1835
8.1111,1826
8.1139,1831
8.1167,1843
8.1194,1849
8.1222,1864
8.1250,1862
8.1278,1879
8.1306,1875
8.1333,1861
8.1361,1821
8.1389,1787
8.1417,1760
8.1444,1749
8.1472,1739
8.1500,1743
8.1528,1722
8.1556,1712
8.1583,1697
8.1611,1704
8.1639,1695
8.1667,1688
8.1694,1666
8.1722,1655
8.1750,1655
8.1778,1678
8.1806,1698
8.1833,1707
8.1861,1696
8.1889,1681
8.1917,1656
8.1944,1640
8.1972,1633
8.2000,1643
8.2028,1669
8.2056,1687
8.2083,1695
8.2111,1703
8.2139,1672
8.2167,1631
8.2194,1604
8.2222,1592
8.2250,1610
8.2278,1700
8.2306,1811
8.2333,1951
8.2361,2061
8.2389,2112
8.2417,2085
8.2444,1991
8.2472,1870
8.2500,1772
8.2528,1738
8.2556,1710
8.2583,1661
8.2611,1590
8.2639,1517
8.2667,1459
8.2694,1414
8.2722,1404
8.2750,1430
8.2778,1491
8.2806,1567
8.2833,1629
8.2861,1651
8.2889,1657
8.2917,1658
8.2944,1648
8.2972,1655
8.3000,1669
8.3028,1675
8.3056,1678
8.3083,1664
8.3111,1630
8.3139,1623
8.3167,1626
8.3194,1644
8.3222,1666
8.3250,1677
8.3278,1696
8.3306,1720
8.3333,1739
8.3361,1716
8.3389,1699
8.3417,1681
8.3444,1668
8.3472,1685
8.3500,1708
8.3528,1717
8.3556,1709
8.3583,1696
8.3611,1703
8.3639,1735
8.3667,1762
8.3694,1788
8.3722,1782
8.3750,1784
8.3778,1766
8.3806,1749
8.3833,1720
8.3861,1701
8.3889,1680
8.3917,1674
8.3944,1687
8.3972,1694
8.4000,1708
8.4028,1726
8.4056,1735
8.4083,1745
8.4111,1735
8.4139,1731
8.4167,1719
8.4194,1722
8.4222,1732
8.4250,1746
8.4278,1742
8.4306,1750
8.4333,1751
8.4361,1757
8.4389,1753
8.4417,1755
8.4444,1738
8.4472,1735
8.4500,1719
8.4528,1705
8.4556,1706
8.4583,1725
8.4611,1738
8.4639,1740
8.4667,1740
8.4694,1734
8.4722,1715
8.4750,1703
8.4778,1708
8.4806,1713
8.4833,1727
8.4861,1730
8.4889,1706
8.4917,1680
8.4944,1667
8.4972,1675
8.5000,1669
8.5028,1652
8.5056,1654
8.5083,1661
8.5111,1648
8.5139,1605
8.5167,1563
8.5194,1535
8.5222,1541
8.5250,1568
8.5278,1600
8.5306,1618
8.5333,1623
8.5361,1630
8.5389,1637
8.5417,1643
8.5444,1652
8.5472,1670
8.5500,1681
8.5528,1696
8.5556,1698
8.5583,1685
8.5611,1685
8.5639,1678
8.5667,1685
8.5694,1693
8.5722,1703
8.5750,1705
8.5778,1707
8.5806,1701
8.5833,1706
8.5861,1702
8.5889,1722
8.5917,1739
8.5944,1732
8.5972,1726
8.6000,1716
8.6028,1700
8.6056,1692
8.6083,1679
8.6111,1677
8.6139,1685
8.6167,1686
8.6194,1686
8.6222,1677
8.6250,1674
8.6278,1679
8.6306,1677
8.6333,1667
8.6361,1672
8.6389,1684
8.6417,1687
8.6444,1680
8.6472,1671
8.6500,1681
8.6528,1687
8.6556,1695
8.6583,1688
8.6611,1692
8.6639,1698
8.6667,1680
8.6694,1675
8.6722,1664
8.6750,1675
8.6778,1683
8.6806,1699
8.6833,1730
8.6861,1753
8.6889,1752
8.6917,1748
8.6944,1750
8.6972,1780
8.7000,1811
8.7028,1834
8.7056,1846
8.7083,1850
8.7111,1848
8.7139,1856
8.7167,1882
8.7194,1877
8.7222,1844
8.7250,1828
8.7278,1816
8.7306,1828
8.7333,1838
8.7361,1816
8.7389,1806
8.7417,1788
8.7444,1759
8.7472,1752
8.7500,1750
8.7528,1725
8.7556,1696
8.7583,1656
8.7611,1630
8.7639,1618
8.7667,1610
8.7694,1613
8.7722,1621
8.7750,1616
8.7778,1608
8.7806,1588
8.7833,1580
8.7861,1579
8.7889,1582
8.7917,1599
8.7944,1618
8.7972,1628
8.8000,1642
8.8028,1666
8.8056,1687
8.8083,1705
8.8111,1696
8.8139,1689
8.8167,1659
8.8194,1663
8.8222,1648
8.8250,1651
8.8278,1686
8.8306,1748
8.8333,1843
8.8361,1972
8.8389,2084
8.8417,2153
8.8444,2155
8.8472,2083
8.8500,1961
8.8528,1816
8.8556,1731
8.8583,1685
8.8611,1640
8.8639,1570
8.8667,1475
8.8694,1390
8.8722,1342
8.8750,1315
8.8778,1338
8.8806,1414
8.8833,1534
8.8861,1635
8.8889,1687
8.8917,1695
8.8944,1679
8.8972,1667
8.9000,1675
8.9028,1682
8.9056,1714
8.9083,1747
8.9111,1777
8.9139,1788
8.9167,1787
8.9194,1774
8.9222,1749
8.9250,1727
8.9278,1726
8.9306,1740
8.9333,1756
8.9361,1772
8.9389,1764
8.9417,1745
8.9444,1733
8.9472,1750
8.9500,1770
8.9528,1791
8.9556,1804
8.9583,1817
8.9611,1826
8.9639,1838
8.9667,1855
8.9694,1864
8.9722,1871
8.9750,1855
8.9778,1850
8.9806,1855
8.9833,1869
8.9861,1870
8.9889,1872
8.9917,1854
8.9944,1830
8.9972,1800
9.0000,1793
9.0028,1827
9.0056,1858
9.0083,1888
9.0111,1936
9.0139,1947
9.0167,1947
9.0194,1915
9.0222,1883
9.0250,1843
9.0278,1807
9.0306,1798
9.0333,1827
9.0361,1817
9.0389,1831
9.0417,1825
9.0444,1829
9.0472,1835
9.0500,1817
9.0528,1803
9.0556,1785
9.0583,1760
9.0611,1774
9.0639,1791
9.0667,1805
9.0694,1790
9.0722,1785
9.0750,1790
9.0778,1773
9.0806,1729
9.0833,1685
9.0861,1658
9.0889,1657
9.0917,1666
9.0944,1668
9.0972,1672
9.1000,1658
9.1028,1636
9.1056,1629
9.1083,1621
9.1111,1654
9.1139,1690
9.1167,1697
9.1194,1689
9.1222,1682
9.1250,1680
9.1278,1687
9.1306,1698
9.1333,1697
9.1361,1658
9.1389,1626
9.1417,1611
9.1444,1606
9.1472,1621
9.1500,1640
9.1528,1683
9.1556,1734
9.1583,1745
9.1611,1753
9.1639,1736
9.1667,1698
9.1694,1683
9.1722,1684
9.1750,1690
9.1778,1719
9.1806,1755
9.1833,1791
9.1861,1842
9.1889,1854
9.1917,1843
9.1944,1793
9.1972,1747
9.2000,1729
9.2028,1720
9.2056,1718
9.2083,1701
9.2111,1689
9.2139,1670
9.2167,1672
9.2194,1653
9.2222,1640
9.2250,1640
9.2278,1654
9.2306,1683
9.2333,1712
9.2361,1744
9.2389,1790
9.2417,1812
9.2444,1831
9.2472,1830
9.2500,1833
9.2528,1830
9.2556,1822
9.2583,1830
9.2611,1830
9.2639,1814
9.2667,1824
9.2694,1819
9.2722,1823
9.2750,1832
9.2778,1849
9.2806,1880
9.2833,1926
9.2861,1958
9.2889,1973
9.2917,1968
9.2944,1967
9.2972,1961
9.3000,1953
9.3028,1943
9.3056,1910
9.3083,1872
9.3111,1874
9.3139,1899
9.3167,1908
9.3194,1922
9.3222,1909
9.3250,1904
9.3278,1883
9.3306,1866
9.3333,1858
9.3361,1842
9.3389,1825
9.3417,1803
9.3444,1782
9.3472,1779
9.3500,1773
9.3528,1771
9.3556,1773
9.3583,1759
9.3611,1740
9.3639,1726
9.3667,1720
9.3694,1705
9.3722,1692
9.3750,1700
9.3778,1727
9.3806,1746
9.3833,1744
9.3861,1698
9.3889,1625
9.3917,1564
9.3944,1547
9.3972,1561
9.4000,1597
9.4028,1644
9.4056,1677
9.4083,1727
9.4111,1739
9.4139,1742
9.4167,1736
9.4194,1720
9.4222,1715
9.4250,1765
9.4278,1851
9.4306,1969
9.4333,2130
9.4361,2264
9.4389,2314
9.4417,2249
9.4444,2079
9.4472,1875
9.4500,1732
9.4528,1648
9.4556,1598
9.4583,1545
9.4611,1489
9.4639,1447
9.4667,1422
9.4694,1418
9.4722,1430
9.4750,1486
9.4778,1558
9.4806,1626
9.4833,1674
9.4861,1701
9.4889,1704
9.4917,1695
9.4944,1656
9.4972,1640
9.5000,1633
9.5028,1632
9.5056,1665
9.5083,1707
9.5111,1763
9.5139,1776
9.5167,1758
9.5194,1730
9.5222,1734
9.5250,1761
9.5278,1794
9.5306,1799
9.5333,1784
9.5361,1771
9.5389,1729
9.5417,1689
9.5444,1675
9.5472,1660
9.5500,1657
9.5528,1648
9.5556,1662
9.5583,1689
9.5611,1705
9.5639,1736
9.5667,1748
9.5694,1732
9.5722,1703
9.5750,1684
9.5778,1673
9.5806,1694
9.5833,1731
9.5861,1743
9.5889,1763
9.5917,1769
9.5944,1766
9.5972,1736
9.6000,1705
9.6028,1700
9.6056,1716
9.6083,1733
9.6111,1739
9.6139,1734
9.6167,1723
9.6194,1744
9.6222,1773
9.6250,1780
9.6278,1768
9.6306,1754
9.6333,1740
9.6361,1725
9.6389,1728
9.6417,1738
9.6444,1791
9.6472,1805
9.6500,1793
9.6528,1792
9.6556,1807
9.6583,1821
9.6611,1825
9.6639,1833
9.6667,1829
9.6694,1811
9.6722,1782
9.6750,1744
9.6778,1717
9.6806,1681
9.6833,1659
9.6861,1663
9.6889,1671
9.6917,1689
9.6944,1730
9.6972,1731
9.7000,1709
9.7028,1650
9.7056,1600
9.7083,1574
9.7111,1585
9.7139,1607
9.7167,1635
9.7194,1641
9.7222,1648
9.7250,1663
9.7278,1663
9.7306,1678
9.7333,1684
9.7361,1681
9.7389,1667
9.7417,1657
9.7444,1670
9.7472,1684
9.7500,1688
9.7528,1694
9.7556,1686
9.7583,1683
9.7611,1686
9.7639,1711
9.7667,1721
9.7694,1730
9.7722,1720
9.7750,1714
9.7778,1703
9.7806,1689
9.7833,1678
9.7861,1671
9.7889,1671
9.7917,1655
9.7944,1646
9.7972,1642
9.8000,1642
9.8028,1646
9.8056,1646
9.8083,1654
9.8111,1670
9.8139,1688
9.8167,1681
9.8194,1671
9.8222,1676
9.8250,1688
9.8278,1692
9.8306,1706
9.8333,1712
9.8361,1731
9.8389,1733
9.8417,1725
9.8444,1713
9.8472,1698
9.8500,1686
9.8528,1674
9.8556,1690
9.8583,1701
9.8611,1708
9.8639,1722
9.8667,1748
9.8694,1760
9.8722,1749
9.8750,1741
9.8778,1725
9.8806,1714
9.8833,1684
9.8861,1658
9.8889,1638
9.8917,1612
9.8944,1597
9.8972,1584
9.9000,1603
9.9028,1627
9.9056,1656
9.9083,1693
9.9111,1724
9.9139,1748
9.9167,1745
9.9194,1747
9.9222,1745
9.9250,1722
9.9278,1700
9.9306,1701
9.9333,1697
9.9361,1702
9.9389,1722
9.9417,1746
9.9444,1752
9.9472,1747
9.9500,1740
9.9528,1708
9.9556,1678
9.9583,1645
9.9611,1621
9.9639,1618
9.9667,1631
9.9694,1659
9.9722,1685
9.9750,1688
9.9778,1688
9.9806,1689
9.9833,1682
9.9861,1682
9.9889,1704
9.9917,1723
9.9944,1727
9.9972,1718
10.0000,1716
10.0028,1721
10.0056,1762
10.0083,1805
10.0111,1827
10.0139,1830
10.0167,1826
10.0194,1816
10.0222,1828
10.0250,1833
10.0278,1834
10.0306,1824
10.0333,1814
10.0361,1826
10.0389,1865
10.0417,1895
10.0444,1916
10.0472,1923
10.0500,1898
10.0528,1837
10.0556,1770
10.0583,1734
10.0611,1730
10.0639,1746
10.0667,1751
10.0694,1748
10.0722,1742
10.0750,1729
10.0778,1696
10.0806,1658
10.0833,1629
10.0861,1612
10.0889,1623
10.0917,1625
10.0944,1634
10.0972,1627
10.1000,1611
10.1028,1601
10.1056,1594
10.1083,1598
10.1111,1616
10.1139,1615
10.1167,1601
10.1194,1571
10.1222,1550
10.1250,1539
10.1278,1535
10.1306,1557
10.1333,1585
10.1361,1626
10.1389,1659
10.1417,1673
10.1444,1681
10.1472,1699
10.1500,1718
10.1528,1736
10.1556,1795
10.1583,1881
10.1611,1993
10.1639,2102
10.1667,2177
10.1694,2158
10.1722,2023
10.1750,1831
10.1778,1664
10.1806,1527
10.1833,1433
10.1861,1351
10.1889,1278
10.1917,1236
10.1944,1237
10.1972,1294
10.2000,1357
10.2028,1438
10.2056,1516
10.2083,1581
10.2111,1630
10.2139,1637
10.2167,1626
10.2194,1587
10.2222,1571
10.2250,1548
10.2278,1553
10.2306,1550
10.2333,1571
10.2361,1610
10.2389,1646
10.2417,1673
10.2444,1686
10.2472,1685
10.2500,1672
10.2528,1667
10.2556,1661
10.2583,1648
10.2611,1624
10.2639,1605
10.2667,1584
10.2694,1585
10.2722,1600
10.2750,1624
10.2778,1635
10.2806,1639
10.2833,1640
10.2861,1632
10.2889,1623
10.2917,1626
10.2944,1636
10.2972,1652
10.3000,1656
10.3028,1656
10.3056,1664
10.3083,1658
10.3111,1648
10.3139,1636
10.3167,1627
10.3194,1625
10.3222,1622
10.3250,1632
10.3278,1638
10.3306,1633
10.3333,1651
10.3361,1649
10.3389,1669
10.3417,1691
10.3444,1706
10.3472,1719
10.3500,1718
10.3528,1712
10.3556,1684
10.3583,1673
10.3611,1672
10.3639,1691
10.3667,1702
10.3694,1705
10.3722,1733
10.3750,1737
10.3778,1737
10.3806,1733
10.3833,1715
10.3861,1685
10.3889,1671
10.3917,1665
10.3944,1679
10.3972,1685
10.4000,1691
10.4028,1703
10.4056,1698
10.4083,1686
10.4111,1672
10.4139,1662
10.4167,1634
10.4194,1621
10.4222,1618
10.4250,1620
10.4278,1617
10.4306,1638
10.4333,1655
10.4361,1664
10.4389,1656
10.4417,1648
10.4444,1622
10.4472,1610
10.4500,1613
10.4528,1643
10.4556,1658
10.4583,1661
10.4611,1640
10.4639,1629
10.4667,1630
10.4694,1654
10.4722,1684
10.4750,1684
10.4778,1652
10.4806,1625
10.4833,1597
10.4861,1602
10.4889,1624
10.4917,1651
10.4944,1670
10.4972,1677
10.5000,1664
10.5028,1677
10.5056,1686
10.5083,1698
10.5111,1713
10.5139,1706
10.5167,1690
10.5194,1669
10.5222,1671
10.5250,1673
10.5278,1713
10.5306,1731
10.5333,1724
10.5361,1703
10.5389,1686
10.5417,1670
10.5444,1667
10.5472,1666
10.5500,1665
10.5528,1671
10.5556,1683
10.5583,1686
10.5611,1675
10.5639,1668
10.5667,1671
10.5694,1661
10.5722,1666
10.5750,1655
10.5778,1649
10.5806,1651
10.5833,1650
10.5861,1662
10.5889,1681
10.5917,1685
10.5944,1691
10.5972,1694
10.6000,1702
10.6028,1714
10.6056,1721
10.6083,1713
10.6111,1725
10.6139,1698
10.6167,1690
10.6194,1700
10.6222,1721
10.6250,1734
10.6278,1735
10.6306,1711
10.6333,1673
10.6361,1649
10.6389,1643
10.6417,1653
10.6444,1672
10.6472,1680
10.6500,1665
10.6528,1655
10.6556,1662
10.6583,1681
10.6611,1687
10.6639,1677
10.6667,1685
10.6694,1692
10.6722,1710
10.6750,1715
10.6778,1721
10.6806,1718
10.6833,1699
10.6861,1688
10.6889,1674
10.6917,1658
10.6944,1651
10.6972,1665
10.7000,1715
10.7028,1768
10.7056,1819
10.7083,1864
10.7111,1875
10.7139,1851
10.7167,1775
10.7194,1688
10.7222,1629
10.7250,1625
10.7278,1660
10.7306,1694
10.7333,1711
10.7361,1710
10.7389,1708
10.7417,1689
10.7444,1682
10.7472,1682
10.7500,1688
10.7528,1687
10.7556,1693
10.7583,1686
10.7611,1689
10.7639,1678
10.7667,1689
10.7694,1698
10.7722,1707
10.7750,1706
10.7778,1708
10.7806,1709
10.7833,1705
10.7861,1727
10.7889,1758
10.7917,1786
10.7944,1814
10.7972,1814
10.8000,1786
10.8028,1757
10.8056,1701
10.8083,1673
10.8111,1685
10.8139,1705
10.8167,1744
10.8194,1797
10.8222,1840
10.8250,1867
10.8278,1878
10.8306,1880
10.8333,1872
10.8361,1861
10.8389,1840
10.8417,1817
10.8444,1807
10.8472,1820
10.8500,1829
10.8528,1833
10.8556,1825
10.8583,1824
10.8611,1832
10.8639,1829
10.8667,1839
10.8694,1834
10.8722,1815
10.8750,1813
10.8778,1812
10.8806,1780
10.8833,1738
10.8861,1683
10.8889,1648
10.8917,1629
10.8944,1640
10.8972,1658
10.9000,1675
10.9028,1685
10.9056,1683
10.9083,1657
10.9111,1632
10.9139,1606
10.9167,1616
10.9194,1633
10.9222,1641
10.9250,1657
10.9278,1676
10.9306,1685
10.9333,1680
10.9361,1671
10.9389,1667
10.9417,1655
10.9444,1661
10.9472,1656
10.9500,1667
10.9528,1711
10.9556,1769
10.9583,1845
10.9611,1947
10.9639,2048
10.9667,2162
10.9694,2237
10.9722,2240
10.9750,2117
10.9778,1923
10.9806,1748
10.9833,1639
10.9861,1548
10.9889,1457
10.9917,1392
10.9944,1343
10.9972,1344
11.0000,1377
11.0028,1424
11.0056,1478
11.0083,1554
11.0111,1615
11.0139,1662
11.0167,1686
11.0194,1695
11.0222,1682
11.0250,1654
11.0278,1634
11.0306,1632
11.0333,1670
11.0361,1707
11.0389,1730
11.0417,1744
11.0444,1740
11.0472,1720
11.0500,1707
11.0528,1701
11.0556,1705
11.0583,1729
11.0611,1735
11.0639,1726
11.0667,1702
11.0694,1690
11.0722,1695
11.0750,1705
11.0778,1706
11.0806,1701
11.0833,1685
11.0861,1678
11.0889,1675
11.0917,1701
11.0944,1722
11.0972,1736
11.1000,1733
11.1028,1711
11.1056,1703
11.1083,1689
11.1111,1703
11.1139,1726
11.1167,1740
11.1194,1760
11.1222,1741
11.1250,1720
11.1278,1705
11.1306,1720
11.1333,1740
11.1361,1765
11.1389,1780
11.1417,1787
11.1444,1803
11.1472,1809
11.1500,1786
11.1528,1767
11.1556,1757
11.1583,1746
11.1611,1717
11.1639,1698
11.1667,1723
11.1694,1758
11.1722,1803
11.1750,1869
11.1778,1875
11.1806,1853
11.1833,1807
11.1861,1752
11.1889,1720
11.1917,1705
11.1944,1714
11.1972,1730
11.2000,1739
11.2028,1743
11.2056,1755
11.2083,1761
11.2111,1764
11.2139,1763
11.2167,1764
11.2194,1757
11.2222,1730
11.2250,1697
11.2278,1676
11.2306,1683
11.2333,1700
11.2361,1718
11.2389,1745
11.2417,1756
11.2444,1746
11.2472,1737
11.2500,1715
11.2528,1713
11.2556,1702
11.2583,1700
11.2611,1695
11.2639,1690
11.2667,1700
11.2694,1703
11.2722,1719
11.2750,1738
11.2778,1755
11.2806,1771
11.2833,1778
11.2861,1774
11.2889,1766
11.2917,1759
11.2944,1721
11.2972,1679
11.3000,1685
11.3028,1711
11.3056,1729
11.3083,1746
11.3111,1751
11.3139,1735
11.3167,1726
11.3194,1725
11.3222,1727
11.3250,1731
11.3278,1731
11.3306,1727
11.3333,1727
11.3361,1720
11.3389,1712
11.3417,1720
11.3444,1746
11.3472,1751
11.3500,1746
11.3528,1727
11.3556,1724
11.3583,1723
11.3611,1719
11.3639,1716
11.3667,1716
11.3694,1722
11.3722,1708
11.3750,1690
11.3778,1677
11.3806,1669
11.3833,1679
11.3861,1703
11.3889,1715
11.3917,1718
11.3944,1732
11.3972,1745
11.4000,1759
11.4028,1760
11.4056,1743
11.4083,1705
11.4111,1685
11.4139,1669
11.4167,1674
11.4194,1685
11.4222,1721
11.4250,1754
11.4278,1766
11.4306,1766
11.4333,1745
11.4361,1730
11.4389,1714
11.4417,1708
11.4444,1691
11.4472,1686
11.4500,1680
11.4528,1688
11.4556,1700
11.4583,1710
11.4611,1704
11.4639,1686
11.4667,1667
11.4694,1651
11.4722,1652
11.4750,1658
11.4778,1689
11.4806,1695
11.4833,1696
11.4861,1697
11.4889,1693
11.4917,1698
11.4944,1716
11.4972,1743
11.5000,1741
11.5028,1730
11.5056,1740
11.5083,1735
11.5111,1719
11.5139,1697
11.5167,1683
11.5194,1667
11.5222,1649
11.5250,1633
11.5278,1653
11.5306,1679
11.5333,1706
11.5361,1716
11.5389,1684
11.5417,1651
11.5444,1618
11.5472,1604
11.5500,1617
11.5528,1629
11.5556,1637
11.5583,1633
11.5611,1615
11.5639,1627
11.5667,1638
11.5694,1652
11.5722,1644
11.5750,1651
11.5778,1645
11.5806,1652
11.5833,1666
11.5861,1690
11.5889,1694
11.5917,1674
11.5944,1651
11.5972,1636
11.6000,1642
11.6028,1665
11.6056,1675
11.6083,1673
11.6111,1652
11.6139,1630
11.6167,1635
11.6194,1646
11.6222,1657
11.6250,1644
11.6278,1632
11.6306,1623
11.6333,1635
11.6361,1655
11.6389,1661
11.6417,1639
11.6444,1599
11.6472,1579
11.6500,1574
11.6528,1606
11.6556,1652
11.6583,1668
11.6611,1682
11.6639,1688
11.6667,1690
11.6694,1693
11.6722,1699
11.6750,1700
11.6778,1711
11.6806,1716
11.6833,1714
11.6861,1715
11.6889,1710
11.6917,1699
11.6944,1691
11.6972,1671
11.7000,1664
11.7028,1664
11.7056,1674
11.7083,1678
11.7111,1669
11.7139,1642
11.7167,1610
11.7194,1563
11.7222,1527
11.7250,1537
11.7278,1567
11.7306,1606
11.7333,1648
11.7361,1686
11.7389,1708
11.7417,1701
11.7444,1674
11.7472,1647
11.7500,1638
11.7528,1636
11.7556,1653
11.7583,1667
11.7611,1687
11.7639,1694
11.7667,1716
11.7694,1717
11.7722,1727
11.7750,1743
11.7778,1768
11.7806,1778
11.7833,1781
11.7861,1760
11.7889,1738
11.7917,1715
11.7944,1714
11.7972,1708
11.8000,1727
11.8028,1733
11.8056,1745
11.8083,1747
11.8111,1754
11.8139,1760
11.8167,1751
11.8194,1770
11.8222,1802
11.8250,1832
11.8278,1834
11.8306,1806
11.8333,1764
11.8361,1721
11.8389,1690
11.8417,1682
11.8444,1686
11.8472,1685
11.8500,1686
11.8528,1688
11.8556,1685
11.8583,1682
11.8611,1689
11.8639,1701
11.8667,1711
11.8694,1724
11.8722,1709
11.8750,1673
11.8778,1634
11.8806,1609
11.8833,1609
11.8861,1620
11.8889,1627
11.8917,1639
11.8944,1657
11.8972,1663
11.9000,1677
11.9028,1688
11.9056,1687
11.9083,1694
11.9111,1711
11.9139,1730
11.9167,1750
11.9194,1737
11.9222,1721
11.9250,1704
11.9278,1702
11.9306,1713
11.9333,1787
11.9361,1915
11.9389,2046
11.9417,2143
11.9444,2163
11.9472,2074
11.9500,1923
11.9528,1781
11.9556,1689
11.9583,1660
11.9611,1625
11.9639,1566
11.9667,1509
11.9694,1447
11.9722,1408
11.9750,1407
11.9778,1420
11.9806,1476
11.9833,1551
11.9861,1627
11.9889,1691
11.9917,1722
11.9944,1724
11.9972,1714
12.0000,1704
12.0028,1710
12.0056,1725
12.0083,1766
12.0111,1802
12.0139,1836
12.0167,1823
12.0194,1812
12.0222,1795
12.0250,1788
12.0278,1764
12.0306,1758
12.0333,1734
12.0361,1719
12.0389,1736
12.0417,1763
12.0444,1782
12.0472,1792
12.0500,1804
12.0528,1808
12.0556,1799
12.0583,1788
12.0611,1790
12.0639,1798
12.0667,1805
12.0694,1801
12.0722,1792
12.0750,1772
12.0778,1741
12.0806,1729
12.0833,1742
12.0861,1768
12.0889,1788
12.0917,1802
12.0944,1815
12.0972,1837
12.1000,1863
12.1028,1877
12.1056,1875
12.1083,1857
12.1111,1826
12.1139,1816
12.1167,1794
12.1194,1767
12.1222,1748
12.1250,1735
12.1278,1736
12.1306,1769
12.1333,1796
12.1361,1796
12.1389,1777
12.1417,1776
12.1444,1785
12.1472,1804
12.1500,1813
12.1528,1818
12.1556,1804
12.1583,1799
12.1611,1806
12.1639,1812
12.1667,1842
12.1694,1855
12.1722,1847
12.1750,1821
12.1778,1788
12.1806,1767
12.1833,1755
12.1861,1760
12.1889,1783
12.1917,1807
12.1944,1838
12.1972,1852
12.2000,1871
12.2028,1871
12.2056,1841
12.2083,1788
12.2111,1767
12.2139,1767
12.2167,1784
12.2194,1794
12.2222,1802
12.2250,1802
12.2278,1798
12.2306,1797
12.2333,1786
12.2361,1773
12.2389,1775
12.2417,1777
12.2444,1782
12.2472,1778
12.2500,1787
12.2528,1791
12.2556,1805
12.2583,1809
12.2611,1816
12.2639,1819
12.2667,1821
12.2694,1825
12.2722,1827
12.2750,1825
12.2778,1829
12.2806,1831
12.2833,1832
12.2861,1841
12.2889,1853
12.2917,1864
12.2944,1869
12.2972,1881
12.3000,1886
12.3028,1886
12.3056,1896
12.3083,1896
12.3111,1897
12.3139,1877
12.3167,1846
12.3194,1795
12.3222,1754
12.3250,1746
12.3278,1754
12.3306,1785
12.3333,1804
12.3361,1813
12.3389,1825
12.3417,1822
12.3444,1816
12.3472,1807
12.3500,1788
12.3528,1788
12.3556,1783
12.3583,1786
12.3611,1798
12.3639,1799
12.3667,1802
12.3694,1817
12.3722,1831
12.3750,1842
12.3778,1831
12.3806,1815
12.3833,1786
12.3861,1763
12.3889,1765
12.3917,1765
12.3944,1762
12.3972,1760
12.4000,1805
12.4028,1833
12.4056,1846
12.4083,1832
12.4111,1804
12.4139,1766
12.4167,1749
12.4194,1730
12.4222,1738
12.4250,1739
12.4278,1745
12.4306,1766
12.4333,1796
12.4361,1803
12.4389,1803
12.4417,1787
12.4444,1769
12.4472,1751
12.4500,1736
12.4528,1753
12.4556,1770
12.4583,1778
12.4611,1792
12.4639,1777
12.4667,1768
12.4694,1746
12.4722,1738
12.4750,1739
12.4778,1752
12.4806,1776
12.4833,1794
12.4861,1817
12.4889,1816
12.4917,1800
12.4944,1797
12.4972,1775
12.5000,1772
12.5028,1760
12.5056,1746
12.5083,1729
12.5111,1721
12.5139,1725
12.5167,1749
12.5194,1751
12.5222,1754
12.5250,1764
12.5278,1781
12.5306,1794
12.5333,1784
12.5361,1777
12.5389,1789
12.5417,1790
12.5444,1776
12.5472,1759
12.5500,1730
12.5528,1737
12.5556,1748
12.5583,1752
12.5611,1772
12.5639,1779
12.5667,1788
12.5694,1776
12.5722,1744
12.5750,1726
12.5778,1715
12.5806,1714
12.5833,1741
12.5861,1746
12.5889,1770
12.5917,1795
12.5944,1803
12.5972,1802
12.6000,1791
12.6028,1756
12.6056,1738
12.6083,1724
12.6111,1705
12.6139,1700
12.6167,1714
12.6194,1733
12.6222,1746
12.6250,1770
12.6278,1778
12.6306,1774
12.6333,1771
12.6361,1779
12.6389,1764
12.6417,1746
12.6444,1738
12.6472,1759
12.6500,1802
12.6528,1820
12.6556,1829
12.6583,1815
12.6611,1793
12.6639,1785
12.6667,1768
12.6694,1755
12.6722,1753
12.6750,1753
12.6778,1748
12.6806,1748
12.6833,1764
12.6861,1778
12.6889,1779
12.6917,1753
12.6944,1718
12.6972,1698
12.7000,1686
12.7028,1685
12.7056,1695
12.7083,1700
12.7111,1722
12.7139,1750
12.7167,1766
12.7194,1787
12.7222,1799
12.7250,1818
12.7278,1834
12.7306,1836
12.7333,1849
12.7361,1858
12.7389,1845
12.7417,1839
12.7444,1829
12.7472,1826
12.7500,1823
12.7528,1823
12.7556,1825
12.7583,1808
12.7611,1808
12.7639,1794
12.7667,1789
12.7694,1791
12.7722,1783
12.7750,1750
12.7778,1712
12.7806,1679
12.7833,1682
12.7861,1717
12.7889,1758
12.7917,1778
12.7944,1773
12.7972,1771
12.8000,1743
12.8028,1698
12.8056,1665
12.8083,1642
12.8111,1643
12.8139,1665
12.8167,1694
12.8194,1708
12.8222,1710
12.8250,1707
12.8278,1699
12.8306,1681
12.8333,1661
12.8361,1654
12.8389,1667
12.8417,1695
12.8444,1723
12.8472,1730
12.8500,1720
12.8528,1721
12.8556,1731
12.8583,1772
12.8611,1881
12.8639,2034
12.8667,2178
12.8694,2282
12.8722,2289
12.8750,2186
12.8778,2040
12.8806,1894
12.8833,1784
12.8861,1697
12.8889,1607
12.8917,1529
12.8944,1479
12.8972,1455
12.9000,1452
12.9028,1462
12.9056,1508
12.9083,1561
12.9111,1597
12.9139,1618
12.9167,1635
12.9194,1635
12.9222,1631
12.9250,1640
12.9278,1641
12.9306,1644
12.9333,1657
12.9361,1666
12.9389,1684
12.9417,1703
12.9444,1718
12.9472,1721
12.9500,1732
12.9528,1733
12.9556,1738
12.9583,1743
12.9611,1729
12.9639,1721
12.9667,1723
12.9694,1727
12.9722,1729
12.9750,1739
12.9778,1756
12.9806,1782
12.9833,1796
12.9861,1811
12.9889,1800
12.9917,1781
12.9944,1763
12.9972,1770
13.0000,1774
13.0028,1752
13.0056,1721
13.0083,1675
13.0111,1644
13.0139,1642
13.0167,1658
13.0194,1693
13.0222,1701
13.0250,1713
13.0278,1734
13.0306,1753
13.0333,1762
13.0361,1761
13.0389,1750
13.0417,1734
13.0444,1726
13.0472,1728
13.0500,1712
13.0528,1719
13.0556,1734
13.0583,1753
13.0611,1758
13.0639,1757
13.0667,1740
13.0694,1712
13.0722,1712
13.0750,1750
13.0778,1781
13.0806,1812
13.0833,1827
13.0861,1822
13.0889,1809
13.0917,1787
13.0944,1753
13.0972,1718
13.1000,1677
13.1028,1658
13.1056,1664
13.1083,1689
13.1111,1712
13.1139,1740
13.1167,1722
13.1194,1681
13.1222,1640
13.1250,1609
13.1278,1591
13.1306,1589
13.1333,1611
13.1361,1622
13.1389,1621
13.1417,1599
13.1444,1597
13.1472,1597
13.1500,1616
13.1528,1639
13.1556,1662
13.1583,1676
13.1611,1679
13.1639,1649
13.1667,1627
13.1694,1617
13.1722,1634
13.1750,1668
13.1778,1695
13.1806,1697
13.1833,1669
13.1861,1620
13.1889,1614
13.1917,1636
13.1944,1656
13.1972,1674
13.2000,1679
13.2028,1673
13.2056,1679
13.2083,1676
13.2111,1676
13.2139,1669
13.2167,1664
13.2194,1663
13.2222,1670
13.2250,1699
13.2278,1748
13.2306,1763
13.2333,1760
13.2361,1753
13.2389,1737
13.2417,1710
13.2444,1692
13.2472,1682
13.2500,1693
13.2528,1710
13.2556,1744
13.2583,1779
13.2611,1809
13.2639,1799
13.2667,1755
13.2694,1707
13.2722,1665
13.2750,1632
13.2778,1634
13.2806,1660
13.2833,1678
13.2861,1713
13.2889,1728
13.2917,1731
13.2944,1741
13.2972,1722
13.3000,1714
13.3028,1710
13.3056,1711
13.3083,1707
13.3111,1715
13.3139,1725
13.3167,1739
13.3194,1764
13.3222,1796
13.3250,1812
13.3278,1812
13.3306,1786
13.3333,1760
13.3361,1721
13.3389,1662
13.3417,1655
13.3444,1669
13.3472,1722
13.3500,1766
13.3528,1778
13.3556,1787
13.3583,1757
13.3611,1734
13.3639,1727
13.3667,1715
13.3694,1711
13.3722,1702
13.3750,1698
13.3778,1705
13.3806,1726
13.3833,1733
13.3861,1747
13.3889,1772
13.3917,1785
13.3944,1802
13.3972,1810
13.4000,1807
13.4028,1806
13.4056,1789
13.4083,1761
13.4111,1737
13.4139,1737
13.4167,1743
13.4194,1755
13.4222,1769
13.4250,1761
13.4278,1761
13.4306,1760
13.4333,1768
13.4361,1802
13.4389,1818
13.4417,1808
13.4444,1764
13.4472,1702
13.4500,1673
13.4528,1662
13.4556,1665
13.4583,1691
13.4611,1693
13.4639,1709
13.4667,1739
13.4694,1752
13.4722,1772
13.4750,1787
13.4778,1802
13.4806,1809
13.4833,1811
13.4861,1804
13.4889,1797
13.4917,1780
13.4944,1779
13.4972,1796
13.5000,1812
13.5028,1816
13.5056,1810
13.5083,1823
13.5111,1848
13.5139,1876
13.5167,1904
13.5194,1910
13.5222,1886
13.5250,1845
13.5278,1825
13.5306,1820
13.5333,1812
13.5361,1814
13.5389,1827
13.5417,1834
13.5444,1853
13.5472,1884
13.5500,1921
13.5528,1924
13.5556,1927
13.5583,1892
13.5611,1870
13.5639,1851
13.5667,1863
13.5694,1882
13.5722,1866
13.5750,1810
13.5778,1733
13.5806,1664
13.5833,1618
13.5861,1600
13.5889,1615
13.5917,1651
13.5944,1686
13.5972,1729
13.6000,1781
13.6028,1830
13.6056,1842
13.6083,1821
13.6111,1777
13.6139,1708
13.6167,1646
13.6194,1614
13.6222,1605
13.6250,1624
13.6278,1641
13.6306,1683
13.6333,1715
13.6361,1717
13.6389,1692
13.6417,1665
13.6444,1664
13.6472,1690
13.6500,1759
13.6528,1889
13.6556,2037
13.6583,2160
13.6611,2244
13.6639,2233
13.6667,2125
13.6694,1976
13.6722,1856
13.6750,1777
13.6778,1722
13.6806,1669
13.6833,1606
13.6861,1536
13.6889,1474
13.6917,1417
13.6944,1391
13.6972,1412
13.7000,1494
13.7028,1599
13.7056,1701
13.7083,1787
13.7111,1842
13.7139,1847
13.7167,1812
13.7194,1745
13.7222,1690
13.7250,1655
13.7278,1651
13.7306,1680
13.7333,1705
13.7361,1723
13.7389,1739
13.7417,1750
13.7444,1763
13.7472,1772
13.7500,1762
13.7528,1762
13.7556,1767
13.7583,1764
13.7611,1758
13.7639,1748
13.7667,1752
13.7694,1736
13.7722,1729
13.7750,1727
13.7778,1726
13.7806,1720
13.7833,1730
13.7861,1731
13.7889,1750
13.7917,1746
13.7944,1749
13.7972,1758
13.8000,1784
13.8028,1806
13.8056,1824
13.8083,1817
13.8111,1801
13.8139,1782
13.8167,1770
13.8194,1753
13.8222,1744
13.8250,1741
13.8278,1743
13.8306,1744
13.8333,1738
13.8361,1743
13.8389,1755
13.8417,1747
13.8444,1734
13.8472,1718
13.8500,1706
13.8528,1787
13.8556,1775
13.8583,1754
13.8611,1766
13.8639,1791
13.8667,1805
13.8694,1799
13.8722,1784
13.8750,1768
13.8778,1765
13.8806,1756
13.8833,1762
13.8861,1768
13.8889,1788
13.8917,1787
13.8944,1777
13.8972,1753
13.9000,1740
13.9028,1738
13.9056,1739
13.9083,1752
13.9111,1751
13.9139,1748
13.9167,1749
13.9194,1762
13.9222,1779
13.9250,1799
13.9278,1804
13.9306,1782
13.9333,1764
13.9361,1731
13.9389,1711
13.9417,1691
13.9444,1702
13.9472,1714
13.9500,1708
13.9528,1700
13.9556,1709
13.9583,1712
13.9611,1722
13.9639,1728
13.9667,1732
13.9694,1730
13.9722,1735
13.9750,1729
13.9778,1731
13.9806,1742
13.9833,1743
13.9861,1744
13.9889,1746
13.9917,1758
13.9944,1765
13.9972,1771
14.0000,1776
14.0028,1780
14.0056,1773
14.0083,1786
14.0111,1773
14.0139,1771
14.0167,1768
14.0194,1776
14.0222,1804
14.0250,1837
14.0278,1863
14.0306,1865
14.0333,1856
14.0361,1843
14.0389,1817
14.0417,1795
14.0444,1756
14.0472,1691
14.0500,1638
14.0528,1607
14.0556,1615
14.0583,1639
14.0611,1666
14.0639,1696
14.0667,1711
14.0694,1736
14.0722,1755
14.0750,1757
14.0778,1750
14.0806,1753
14.0833,1746
14.0861,1735
14.0889,1725
14.0917,1718
14.0944,1714
14.0972,1714
14.1000,1721
14.1028,1735
14.1056,1742
14.1083,1752
14.1111,1765
14.1139,1775
14.1167,1790
14.1194,1765
14.1222,1757
14.1250,1747
14.1278,1760
14.1306,1782
14.1333,1782
14.1361,1754
14.1389,1707
14.1417,1662
14.1444,1625
14.1472,1613
14.1500,1626
14.1528,1645
14.1556,1661
14.1583,1671
14.1611,1679
14.1639,1682
14.1667,1685
14.1694,1703
14.1722,1726
14.1750,1738
14.1778,1751
14.1806,1763
14.1833,1767
14.1861,1767
14.1889,1765
14.1917,1756
14.1944,1766
14.1972,1763
14.2000,1781
14.2028,1797
14.2056,1816
14.2083,1834
14.2111,1844
14.2139,1849
14.2167,1856
14.2194,1892
14.2222,1932
14.2250,1964
14.2278,1976
14.2306,1965
14.2333,1934
14.2361,1888
14.2389,1849
14.2417,1817
14.2444,1797
14.2472,1794
14.2500,1800
14.2528,1792
14.2556,1797
14.2583,1809
14.2611,1801
14.2639,1773
14.2667,1755
14.2694,1744
14.2722,1725
14.2750,1703
14.2778,1693
14.2806,1683
14.2833,1678
14.2861,1681
14.2889,1681
14.2917,1672
14.2944,1673
14.2972,1667
14.3000,1665
14.3028,1677
14.3056,1688
14.3083,1699
14.3111,1710
14.3139,1724
14.3167,1719
14.3194,1733
14.3222,1750
14.3250,1772
14.3278,1783
14.3306,1795
14.3333,1784
14.3361,1746
14.3389,1691
14.3417,1633
14.3444,1572
14.3472,1562
14.3500,1624
14.3528,1736
14.3556,1899
14.3583,2041
14.3611,2132
14.3639,2141
14.3667,2066
14.3694,1942
14.3722,1834
14.3750,1740
14.3778,1692
14.3806,1642
14.3833,1575
14.3861,1514
14.3889,1458
14.3917,1415
14.3944,1408
14.3972,1432
14.4000,1510
14.4028,1600
14.4056,1675
14.4083,1729
14.4111,1756
14.4139,1776
14.4167,1773
14.4194,1764
14.4222,1759
14.4250,1760
14.4278,1764
14.4306,1760
14.4333,1760
14.4361,1735
14.4389,1721
14.4417,1714
14.4444,1714
14.4472,1710
14.4500,1718
14.4528,1719
14.4556,1709
14.4583,1705
14.4611,1691
14.4639,1685
14.4667,1689
14.4694,1693
14.4722,1701
14.4750,1692
14.4778,1707
14.4806,1733
14.4833,1768
14.4861,1789
14.4889,1813
14.4917,1829
14.4944,1824
14.4972,1812
14.5000,1807
14.5028,1793
14.5056,1796
14.5083,1787
14.5111,1801
14.5139,1821
14.5167,1842
14.5194,1850
14.5222,1835
14.5250,1811
14.5278,1783
14.5306,1753
14.5333,1743
14.5361,1728
14.5389,1720
14.5417,1726
14.5444,1729
14.5472,1722
14.5500,1738
14.5528,1763
14.5556,1755
14.5583,1751
14.5611,1759
14.5639,1775
14.5667,1781
14.5694,1779
14.5722,1767
14.5750,1752
14.5778,1749
14.5806,1731
14.5833,1726
14.5861,1716
14.5889,1705
14.5917,1687
14.5944,1677
14.5972,1682
14.6000,1673
14.6028,1683
14.6056,1714
14.6083,1770
14.6111,1808
14.6139,1799
14.6167,1764
14.6194,1699
14.6222,1635
14.6250,1597
14.6278,1585
14.6306,1592
14.6333,1610
14.6361,1633
14.6389,1667
14.6417,1683
14.6444,1698
14.6472,1704
14.6500,1688
14.6528,1671
14.6556,1648
14.6583,1649
14.6611,1679
14.6639,1712
14.6667,1729
14.6694,1766
14.6722,1787
14.6750,1769
14.6778,1744
14.6806,1706
14.6833,1671
14.6861,1653
14.6889,1663
14.6917,1665
14.6944,1657
14.6972,1663
14.7000,1665
14.7028,1696
14.7056,1727
14.7083,1740
14.7111,1715
14.7139,1685
14.7167,1649
14.7194,1639
14.7222,1642
14.7250,1663
14.7278,1688
14.7306,1709
14.7333,1726
14.7361,1744
14.7389,1758
14.7417,1755
14.7444,1749
14.7472,1739
14.7500,1715
14.7528,1685
14.7556,1686
14.7583,1685
14.7611,1723
14.7639,1749
14.7667,1752
14.7694,1763
14.7722,1768
14.7750,1770
14.7778,1736
14.7806,1702
14.7833,1668
14.7861,1641
14.7889,1631
14.7917,1639
14.7944,1633
14.7972,1613
14.8000,1611
14.8028,1592
14.8056,1586
14.8083,1604
14.8111,1632
14.8139,1662
14.8167,1692
14.8194,1718
14.8222,1718
14.8250,1702
14.8278,1683
14.8306,1665
14.8333,1650
14.8361,1657
14.8389,1667
14.8417,1687
14.8444,1701
14.8472,1701
14.8500,1702
14.8528,1710
14.8556,1729
14.8583,1747
14.8611,1762
14.8639,1758
14.8667,1735
14.8694,1734
14.8722,1739
14.8750,1746
14.8778,1749
14.8806,1729
14.8833,1717
14.8861,1732
14.8889,1742
14.8917,1771
14.8944,1798
14.8972,1816
14.9000,1819
14.9028,1829
14.9056,1819
14.9083,1805
14.9111,1793
14.9139,1779
14.9167,1754
14.9194,1729
14.9222,1710
14.9250,1699
14.9278,1698
14.9306,1689
14.9333,1686
14.9361,1673
14.9389,1654
14.9417,1637
14.9444,1610
14.9472,1598
14.9500,1600
14.9528,1604
14.9556,1599
14.9583,1609
14.9611,1595
14.9639,1582
14.9667,1566
14.9694,1566
14.9722,1563
14.9750,1589
14.9778,1618
14.9806,1638
14.9833,1658
14.9861,1667
14.9889,1679
14.9917,1667
14.9944,1640
14.9972,1626
15.0000,1650
15.0028,1709
15.0056,1826
15.0083,1980
15.0111,2093
15.0139,2155
15.0167,2111
15.0194,2005
15.0222,1900
15.0250,1796
15.0278,1709
15.0306,1636
15.0333,1548
15.0361,1451
15.0389,1373
15.0417,1311
15.0444,1285
15.0472,1293
15.0500,1344
15.0528,1415
15.0556,1484
15.0583,1558
15.0611,1623
15.0639,1661
15.0667,1699
15.0694,1695
15.0722,1692
15.0750,1692
15.0778,1684
15.0806,1691
15.0833,1699
15.0861,1678
15.0889,1658
15.0917,1637
15.0944,1628
15.0972,1638
15.1000,1671
15.1028,1698
15.1056,1715
15.1083,1720
15.1111,1726
15.1139,1702
15.1167,1688
15.1194,1668
15.1222,1672
15.1250,1675
15.1278,1684
15.1306,1686
15.1333,1687
15.1361,1694
15.1389,1711
15.1417,1722
15.1444,1729
15.1472,1725
15.1500,1714
15.1528,1710
15.1556,1720
15.1583,1734
15.1611,1761
15.1639,1804
15.1667,1821
15.1694,1793
15.1722,1741
15.1750,1689
15.1778,1693
15.1806,1726
15.1833,1769
15.1861,1781
15.1889,1772
15.1917,1741
15.1944,1699
15.1972,1686
15.2000,1697
15.2028,1720
15.2056,1785
15.2083,1780
15.2111,1770
15.2139,1752
15.2167,1732
15.2194,1738
15.2222,1748
15.2250,1748
15.2278,1746
15.2306,1738
15.2333,1731
15.2361,1735
15.2389,1749
15.2417,1743
15.2444,1729
15.2472,1710
15.2500,1696
15.2528,1684
15.2556,1700
15.2583,1712
15.2611,1713
15.2639,1711
15.2667,1718
15.2694,1723
15.2722,1735
15.2750,1761
15.2778,1755
15.2806,1741
15.2833,1730
15.2861,1733
15.2889,1717
15.2917,1697
15.2944,1678
15.2972,1651
15.3000,1644
15.3028,1655
15.3056,1682
15.3083,1706
15.3111,1692
15.3139,1681
15.3167,1676
15.3194,1664
15.3222,1667
15.3250,1686
15.3278,1705
15.3306,1730
15.3333,1747
15.3361,1756
15.3389,1766
15.3417,1761
15.3444,1747
15.3472,1731
15.3500,1749
15.3528,1753
15.3556,1775
15.3583,1808
15.3611,1823
15.3639,1814
15.3667,1764
15.3694,1726
15.3722,1686
15.3750,1663
15.3778,1679
15.3806,1709
15.3833,1745
15.3861,1769
15.3889,1767
15.3917,1745
15.3944,1723
15.3972,1696
15.4000,1685
15.4028,1666
15.4056,1662
15.4083,1669
15.4111,1684
15.4139,1696
15.4167,1717
15.4194,1729
15.4222,1722
15.4250,1702
15.4278,1690
15.4306,1701
15.4333,1725
15.4361,1746
15.4389,1756
15.4417,1770
15.4444,1773
15.4472,1760
15.4500,1725
15.4528,1666
15.4556,1636
15.4583,1639
15.4611,1658
15.4639,1683
15.4667,1702
15.4694,1721
15.4722,1726
15.4750,1731
15.4778,1743
15.4806,1761
15.4833,1781
15.4861,1793
15.4889,1787
15.4917,1809
15.4944,1819
15.4972,1822
15.5000,1812
15.5028,1808
15.5056,1799
15.5083,1793
15.5111,1803
15.5139,1826
15.5167,1835
15.5194,1829
15.5222,1831
15.5250,1838
15.5278,1836
15.5306,1830
15.5333,1801
15.5361,1741
15.5389,1694
15.5417,1658
15.5444,1620
15.5472,1625
15.5500,1641
15.5528,1658
15.5556,1657
15.5583,1637
15.5611,1614
15.5639,1603
15.5667,1582
15.5694,1565
15.5722,1555
15.5750,1550
15.5778,1565
15.5806,1575
15.5833,1579
15.5861,1578
15.5889,1592
15.5917,1620
15.5944,1636
15.5972,1668
15.6000,1703
15.6028,1744
15.6056,1756
15.6083,1713
15.6111,1631
15.6139,1565
15.6167,1548
15.6194,1598
15.6222,1726
15.6250,1888
15.6278,2022
15.6306,2091
15.6333,2085
15.6361,1972
15.6389,1843
15.6417,1728
15.6444,1628
15.6472,1566
15.6500,1500
15.6528,1437
15.6556,1390
15.6583,1327
15.6611,1288
15.6639,1275
15.6667,1317
15.6694,1388
15.6722,1489
15.6750,1577
15.6778,1639
15.6806,1671
15.6833,1673
15.6861,1658
15.6889,1641
15.6917,1649
15.6944,1657
15.6972,1673
15.7000,1688
15.7028,1707
15.7056,1707
15.7083,1696
15.7111,1696
15.7139,1717
15.7167,1732
15.7194,1749
15.7222,1749
15.7250,1717
15.7278,1665
15.7306,1640
15.7333,1645
15.7361,1672
15.7389,1693
15.7417,1695
15.7444,1685
15.7472,1648
15.7500,1634
15.7528,1630
15.7556,1657
15.7583,1686
15.7611,1716
15.7639,1725
15.7667,1721
15.7694,1716
15.7722,1728
15.7750,1732
15.7778,1732
15.7806,1725
15.7833,1713
15.7861,1700
15.7889,1711
15.7917,1740
15.7944,1760
15.7972,1790
15.8000,1786
15.8028,1788
15.8056,1794
15.8083,1829
15.8111,1840
15.8139,1850
15.8167,1857
15.8194,1846
15.8222,1826
15.8250,1810
15.8278,1820
15.8306,1843
15.8333,1865
15.8361,1878
15.8389,1864
15.8417,1845
15.8444,1821
15.8472,1795
15.8500,1792
15.8528,1804
15.8556,1811
15.8583,1816
15.8611,1794
15.8639,1765
15.8667,1739
15.8694,1736
15.8722,1722
15.8750,1715
15.8778,1712
15.8806,1710
15.8833,1727
15.8861,1729
15.8889,1720
15.8917,1707
15.8944,1690
15.8972,1690
15.9000,1712
15.9028,1716
15.9056,1720
15.9083,1716
15.9111,1701
15.9139,1693
15.9167,1715
15.9194,1732
15.9222,1750
15.9250,1767
15.9278,1780
15.9306,1789
15.9333,1786
15.9361,1784
15.9389,1767
15.9417,1775
15.9444,1778
15.9472,1766
15.9500,1759
15.9528,1747
15.9556,1757
15.9583,1775
15.9611,1784
15.9639,1776
15.9667,1761
15.9694,1747
15.9722,1761
15.9750,1773
15.9778,1793
15.9806,1796
15.9833,1802
15.9861,1778
15.9889,1759
15.9917,1731
15.9944,1700
15.9972,1700
16.0000,1700
16.0028,1700
16.0056,1716
16.0083,1719
16.0111,1745
16.0139,1758
16.0167,1760
16.0194,1749
16.0222,1751
16.0250,1742
16.0278,1741
16.0306,1747
16.0333,1753
16.0361,1769
16.0389,1791
16.0417,1820
16.0444,1839
16.0472,1848
16.0500,1843
16.0528,1820
16.0556,1779
16.0583,1727
16.0611,1703
16.0639,1708
16.0667,1735
16.0694,1797
16.0722,1847
16.0750,1889
16.0778,1895
16.0806,1889
16.0833,1859
16.0861,1837
16.0889,1824
16.0917,1834
16.0944,1851
16.0972,1871
16.1000,1878
16.1028,1886
16.1056,1891
16.1083,1896
16.1111,1873
16.1139,1860
16.1167,1852
16.1194,1845
16.1222,1826
16.1250,1787
16.1278,1759
16.1306,1743
16.1333,1730
16.1361,1713
16.1389,1698
16.1417,1702
16.1444,1712
16.1472,1710
16.1500,1708
16.1528,1695
16.1556,1699
16.1583,1693
16.1611,1694
16.1639,1683
16.1667,1690
16.1694,1686
16.1722,1680
16.1750,1687
16.1778,1695
16.1806,1718
16.1833,1742
16.1861,1744
16.1889,1719
16.1917,1699
16.1944,1670
16.1972,1650
16.2000,1630
16.2028,1620
16.2056,1600
16.2083,1636
16.2111,1697
16.2139,1807
16.2167,1950
16.2194,2070
16.2222,2136
16.2250,2086
16.2278,1982
16.2306,1870
16.2333,1781
16.2361,1713
16.2389,1650
16.2417,1558
16.2444,1463
16.2472,1399
16.2500,1352
16.2528,1341
16.2556,1378
16.2583,1436
16.2611,1534
16.2639,1639
16.2667,1719
16.2694,1760
16.2722,1755
16.2750,1741
16.2778,1704
16.2806,1663
16.2833,1639
16.2861,1617
16.2889,1629
16.2917,1654
16.2944,1663
16.2972,1674
16.3000,1688
16.3028,1715
16.3056,1748
16.3083,1778
16.3111,1802
16.3139,1779
16.3167,1743
16.3194,1704
16.3222,1660
16.3250,1652
16.3278,1666
16.3306,1683
16.3333,1706
16.3361,1724
16.3389,1752
16.3417,1774
16.3444,1779
16.3472,1784
16.3500,1783
16.3528,1762
16.3556,1751
16.3583,1749
16.3611,1746
16.3639,1745
16.3667,1741
16.3694,1740
16.3722,1770
16.3750,1794
16.3778,1806
16.3806,1813
16.3833,1814
16.3861,1828
16.3889,1865
16.3917,1881
16.3944,1862
16.3972,1793
16.4000,1730
16.4028,1694
16.4056,1702
16.4083,1725
16.4111,1766
16.4139,1764
16.4167,1774
16.4194,1791
16.4222,1807
16.4250,1820
16.4278,1819
16.4306,1824
16.4333,1823
16.4361,1831
16.4389,1810
16.4417,1773
16.4444,1723
16.4472,1680
16.4500,1668
16.4528,1682
16.4556,1713
16.4583,1738
16.4611,1746
16.4639,1730
16.4667,1711
16.4694,1687
16.4722,1670
16.4750,1639
16.4778,1624
16.4806,1646
16.4833,1666
16.4861,1698
16.4889,1733
16.4917,1755
16.4944,1761
16.4972,1757
16.5000,1750
16.5028,1743
16.5056,1749
16.5083,1751
16.5111,1746
16.5139,1725
16.5167,1698
16.5194,1667
16.5222,1640
16.5250,1641
16.5278,1646
16.5306,1669
16.5333,1674
16.5361,1666
16.5389,1655
16.5417,1654
16.5444,1675
16.5472,1690
16.5500,1697
16.5528,1698
16.5556,1687
16.5583,1687
16.5611,1695
16.5639,1684
16.5667,1691
16.5694,1690
16.5722,1711
16.5750,1727
16.5778,1740
16.5806,1736
16.5833,1743
16.5861,1751
16.5889,1759
16.5917,1757
16.5944,1764
16.5972,1749
16.6000,1733
16.6028,1692
16.6056,1676
16.6083,1656
16.6111,1656
16.6139,1680
16.6167,1696
16.6194,1706
16.6222,1703
16.6250,1692
16.6278,1683
16.6306,1691
16.6333,1690
16.6361,1681
16.6389,1676
16.6417,1668
16.6444,1651
16.6472,1640
16.6500,1654
16.6528,1685
16.6556,1705
16.6583,1736
16.6611,1763
16.6639,1796
16.6667,1805
16.6694,1796
16.6722,1787
16.6750,1777
16.6778,1784
16.6806,1799
16.6833,1810
16.6861,1814
16.6889,1813
16.6917,1819
16.6944,1834
16.6972,1830
16.7000,1830
16.7028,1818
16.7056,1803
16.7083,1791
16.7111,1747
16.7139,1719
16.7167,1699
16.7194,1673
16.7222,1655
16.7250,1634
16.7278,1626
16.7306,1626
16.7333,1629
16.7361,1633
16.7389,1637
16.7417,1650
16.7444,1662
16.7472,1679
16.7500,1687
16.7528,1676
16.7556,1649
16.7583,1630
16.7611,1604
16.7639,1580
16.7667,1565
16.7694,1564
16.7722,1560
16.7750,1591
16.7778,1658
16.7806,1711
16.7833,1720
16.7861,1674
16.7889,1610
16.7917,1542
16.7944,1542
16.7972,1581
16.8000,1678
16.8028,1803
16.8056,1951
16.8083,2056
16.8111,2084
16.8139,2015
16.8167,1918
16.8194,1809
16.8222,1735
16.8250,1674
16.8278,1640
16.8306,1573
16.8333,1485
16.8361,1414
16.8389,1366
16.8417,1343
16.8444,1356
16.8472,1393
16.8500,1455
16.8528,1514
16.8556,1586
16.8583,1639
16.8611,1676
16.8639,1698
16.8667,1710
16.8694,1711
16.8722,1716
16.8750,1712
16.8778,1701
16.8806,1689
16.8833,1682
16.8861,1678
16.8889,1669
16.8917,1671
16.8944,1677
16.8972,1681
16.9000,1692
16.9028,1700
16.9056,1705
16.9083,1714
16.9111,1721
16.9139,1716
16.9167,1715
16.9194,1714
16.9222,1715
16.9250,1710
16.9278,1727
16.9306,1749
16.9333,1760
16.9361,1792
16.9389,1821
16.9417,1846
16.9444,1840
16.9472,1806
16.9500,1742
16.9528,1705
16.9556,1693
16.9583,1683
16.9611,1681
16.9639,1693
16.9667,1715
16.9694,1746
16.9722,1768
16.9750,1777
16.9778,1764
16.9806,1744
16.9833,1723
16.9861,1720
16.9889,1721
16.9917,1736
16.9944,1766
16.9972,1785
17.0000,1735
17.0028,1731
17.0056,1736
17.0083,1740
17.0111,1746
17.0139,1738
17.0167,1761
17.0194,1773
17.0222,1781
17.0250,1781
17.0278,1767
17.0306,1748
17.0333,1714
17.0361,1702
17.0389,1712
17.0417,1723
17.0444,1734
17.0472,1753
17.0500,1767
17.0528,1755
17.0556,1730
17.0583,1715
17.0611,1703
17.0639,1716
17.0667,1717
17.0694,1698
17.0722,1696
17.0750,1689
17.0778,1698
17.0806,1713
17.0833,1725
17.0861,1731
17.0889,1733
17.0917,1721
17.0944,1707
17.0972,1708
17.1000,1709
17.1028,1713
17.1056,1705
17.1083,1696
17.1111,1703
17.1139,1708
17.1167,1710
17.1194,1713
17.1222,1709
17.1250,1701
17.1278,1694
17.1306,1698
17.1333,1706
17.1361,1710
17.1389,1718
17.1417,1731
17.1444,1744
17.1472,1735
17.1500,1717
17.1528,1711
17.1556,1719
17.1583,1733
17.1611,1730
17.1639,1733
17.1667,1733
17.1694,1735
17.1722,1743
17.1750,1744
17.1778,1745
17.1806,1726
17.1833,1721
17.1861,1701
17.1889,1687
17.1917,1681
17.1944,1702
17.1972,1718
17.2000,1736
17.2028,1731
17.2056,1713
17.2083,1691
17.2111,1679
17.2139,1677
17.2167,1686
17.2194,1684
17.2222,1697
17.2250,1693
17.2278,1704
17.2306,1688
17.2333,1676
17.2361,1667
17.2389,1664
17.2417,1674
17.2444,1680
17.2472,1686
17.2500,1696
17.2528,1724
17.2556,1747
17.2583,1765
17.2611,1763
17.2639,1751
17.2667,1738
17.2694,1736
17.2722,1757
17.2750,1774
17.2778,1792
17.2806,1794
17.2833,1794
17.2861,1782
17.2889,1806
17.2917,1828
17.2944,1834
17.2972,1848
17.3000,1843
17.3028,1846
17.3056,1846
17.3083,1833
17.3111,1823
17.3139,1794
17.3167,1771
17.3194,1763
17.3222,1764
17.3250,1785
17.3278,1798
17.3306,1818
17.3333,1798
17.3361,1765
17.3389,1720
17.3417,1695
17.3444,1691
17.3472,1689
17.3500,1696
17.3528,1713
17.3556,1722
17.3583,1717
17.3611,1700
17.3639,1681
17.3667,1662
17.3694,1648
17.3722,1648
17.3750,1650
17.3778,1656
17.3806,1668
17.3833,1676
17.3861,1692
17.3889,1704
17.3917,1726
17.3944,1738
17.3972,1726
17.4000,1718
17.4028,1715
17.4056,1700
17.4083,1668
17.4111,1633
17.4139,1611
17.4167,1626
17.4194,1669
17.4222,1734
17.4250,1836
17.4278,1961
17.4306,2036
17.4333,2071
17.4361,2013
17.4389,1914
17.4417,1830
17.4444,1754
17.4472,1707
17.4500,1690
17.4528,1667
17.4556,1623
17.4583,1562
17.4611,1484
17.4639,1407
17.4667,1379
17.4694,1410
17.4722,1501
17.4750,1598
17.4778,1676
17.4806,1712
17.4833,1725
17.4861,1723
17.4889,1714
17.4917,1719
17.4944,1734
17.4972,1750
17.5000,1754
17.5028,1749
17.5056,1736
17.5083,1704
17.5111,1664
17.5139,1639
17.5167,1643
17.5194,1671
17.5222,1704
17.5250,1714
17.5278,1718
17.5306,1713
17.5333,1725
17.5361,1738
17.5389,1763
17.5417,1754
17.5444,1753
17.5472,1742
17.5500,1735
17.5528,1747
17.5556,1774
17.5583,1788
17.5611,1795
17.5639,1809
17.5667,1805
17.5694,1797
17.5722,1790
17.5750,1778
17.5778,1780
17.5806,1784
17.5833,1776
17.5861,1777
17.5889,1781
17.5917,1781
17.5944,1771
17.5972,1770
17.6000,1787
17.6028,1795
17.6056,1809
17.6083,1813
17.6111,1822
17.6139,1813
17.6167,1803
17.6194,1805
17.6222,1802
17.6250,1803
17.6278,1780
17.6306,1756
17.6333,1747
17.6361,1754
17.6389,1783
17.6417,1819
17.6444,1839
17.6472,1830
17.6500,1794
17.6528,1743
17.6556,1715
17.6583,1687
17.6611,1688
17.6639,1709
17.6667,1718
17.6694,1725
17.6722,1730
17.6750,1737
17.6778,1728
17.6806,1719
17.6833,1702
17.6861,1661
17.6889,1629
17.6917,1620
17.6944,1627
17.6972,1629
17.7000,1628
17.7028,1633
17.7056,1648
17.7083,1666
17.7111,1673
17.7139,1678
17.7167,1692
17.7194,1722
17.7222,1720
17.7250,1729
17.7278,1730
17.7306,1724
17.7333,1720
17.7361,1738
17.7389,1761
17.7417,1762
17.7444,1758
17.7472,1742
17.7500,1730
17.7528,1717
17.7556,1711
17.7583,1712
17.7611,1700
17.7639,1694
17.7667,1688
17.7694,1681
17.7722,1689
17.7750,1692
17.7778,1722
17.7806,1728
17.7833,1732
17.7861,1717
17.7889,1690
17.7917,1678
17.7944,1685
17.7972,1683
17.8000,1682
17.8028,1690
17.8056,1705
17.8083,1734
17.8111,1734
17.8139,1728
17.8167,1718
17.8194,1723
17.8222,1727
17.8250,1739
17.8278,1745
17.8306,1740
17.8333,1743
17.8361,1736
17.8389,1724
17.8417,1724
17.8444,1732
17.8472,1740
17.8500,1746
17.8528,1737
17.8556,1727
17.8583,1723
17.8611,1714
17.8639,1703
17.8667,1692
17.8694,1699
17.8722,1709
17.8750,1741
17.8778,1768
17.8806,1786
17.8833,1819
17.8861,1818
17.8889,1828
17.8917,1835
17.8944,1845
17.8972,1859
17.9000,1865
17.9028,1873
17.9056,1898
17.9083,1907
17.9111,1898
17.9139,1865
17.9167,1842
17.9194,1840
17.9222,1846
17.9250,1859
17.9278,1865
17.9306,1843
17.9333,1818
17.9361,1811
17.9389,1799
17.9417,1786
17.9444,1776
17.9472,1764
17.9500,1743
17.9528,1708
17.9556,1696
17.9583,1693
17.9611,1700
17.9639,1718
17.9667,1726
17.9694,1732
17.9722,1738
17.9750,1705
17.9778,1679
17.9806,1654
17.9833,1641
17.9861,1648
17.9889,1651
17.9917,1648
17.9944,1644
17.9972,1655
18.0000,1680
18.0028,1692
18.0056,1715
18.0083,1720
18.0111,1721
18.0139,1713
18.0167,1691
18.0194,1672
18.0222,1672
18.0250,1705
18.0278,1774
18.0306,1881
18.0333,1963
18.0361,2001
18.0389,1956
18.0417,1892
18.0444,1816
18.0472,1771
18.0500,1767
18.0528,1785
18.0556,1771
18.0583,1725
18.0611,1654
18.0639,1560
18.0667,1439
18.0694,1346
18.0722,1330
18.0750,1378
18.0778,1496
18.0806,1614
18.0833,1688
18.0861,1733
18.0889,1743
18.0917,1738
18.0944,1735
18.0972,1724
18.1000,1721
18.1028,1713
18.1056,1722
18.1083,1720
18.1111,1715
18.1139,1708
18.1167,1714
18.1194,1711
18.1222,1717
18.1250,1736
18.1278,1744
18.1306,1758
18.1333,1752
18.1361,1729
18.1389,1724
18.1417,1704
18.1444,1707
18.1472,1720
18.1500,1729
18.1528,1748
18.1556,1756
18.1583,1754
18.1611,1740
18.1639,1725
18.1667,1731
18.1694,1742
18.1722,1738
18.1750,1725
18.1778,1713
18.1806,1717
18.1833,1712
18.1861,1714
18.1889,1715
18.1917,1725
18.1944,1725
18.1972,1729
18.2000,1739
18.2028,1747
18.2056,1761
18.2083,1772
18.2111,1797
18.2139,1830
18.2167,1843
18.2194,1850
18.2222,1830
18.2250,1809
18.2278,1781
18.2306,1786
18.2333,1785
18.2361,1793
18.2389,1812
18.2417,1809
18.2444,1815
18.2472,1807
18.2500,1794
18.2528,1778
18.2556,1773
18.2583,1775
18.2611,1827
18.2639,1819
18.2667,1840
18.2694,1840
18.2722,1825
18.2750,1800
18.2778,1772
18.2806,1748
18.2833,1740
18.2861,1734
18.2889,1729
18.2917,1723
18.2944,1723
18.2972,1736
18.3000,1728
18.3028,1731
18.3056,1719
18.3083,1702
18.3111,1707
18.3139,1715
18.3167,1728
18.3194,1732
18.3222,1726
18.3250,1735
18.3278,1722
18.3306,1707
18.3333,1675
18.3361,1658
18.3389,1669
18.3417,1723
18.3444,1789
18.3472,1834
18.3500,1839
18.3528,1809
18.3556,1768
18.3583,1750
18.3611,1723
18.3639,1715
18.3667,1726
18.3694,1750
18.3722,1778
18.3750,1786
18.3778,1777
18.3806,1756
18.3833,1739
18.3861,1719
18.3889,1729
18.3917,1738
18.3944,1762
18.3972,1772
18.4000,1792
18.4028,1797
18.4056,1772
18.4083,1743
18.4111,1710
18.4139,1695
18.4167,1691
18.4194,1705
18.4222,1711
18.4250,1718
18.4278,1730
18.4306,1756
18.4333,1759
18.4361,1748
18.4389,1748
18.4417,1741
18.4444,1718
18.4472,1712
18.4500,1726
18.4528,1744
18.4556,1757
18.4583,1763
18.4611,1738
18.4639,1753
18.4667,1771
18.4694,1796
18.4722,1810
18.4750,1821
18.4778,1830
18.4806,1843
18.4833,1832
18.4861,1837
18.4889,1829
18.4917,1835
18.4944,1849
18.4972,1873
18.5000,1892
18.5028,1886
18.5056,1882
18.5083,1868
18.5111,1858
18.5139,1857
18.5167,1839
18.5194,1813
18.5222,1802
18.5250,1775
18.5278,1736
18.5306,1675
18.5333,1612
18.5361,1573
18.5389,1557
18.5417,1571
18.5444,1591
18.5472,1606
18.5500,1618
18.5528,1653
18.5556,1677
18.5583,1681
18.5611,1677
18.5639,1667
18.5667,1653
18.5694,1635
18.5722,1639
18.5750,1666
18.5778,1698
18.5806,1703
18.5833,1707
18.5861,1698
18.5889,1698
18.5917,1691
18.5944,1676
18.5972,1668
18.6000,1649
18.6028,1656
18.6056,1699
18.6083,1758
18.6111,1873
18.6139,2003
18.6167,2114
18.6194,2161
18.6222,2102
18.6250,1975
18.6278,1850
18.6306,1773
18.6333,1751
18.6361,1746
18.6389,1687
18.6417,1618
18.6444,1546
18.6472,1469
18.6500,1397
18.6528,1346
18.6556,1339
18.6583,1413
18.6611,1507
18.6639,1606
18.6667,1678
18.6694,1715
18.6722,1713
18.6750,1702
18.6778,1701
18.6806,1712
18.6833,1715
18.6861,1726
18.6889,1733
18.6917,1732
18.6944,1741
18.6972,1742
18.7000,1753
18.7028,1771
18.7056,1789
18.7083,1798
18.7111,1792
18.7139,1773
18.7167,1748
18.7194,1746
18.7222,1762
18.7250,1773
18.7278,1784
18.7306,1785
18.7333,1769
18.7361,1745
18.7389,1740
18.7417,1744
18.7444,1760
18.7472,1765
18.7500,1775
18.7528,1771
18.7556,1775
18.7583,1778
18.7611,1777
18.7639,1773
18.7667,1792
18.7694,1796
18.7722,1808
18.7750,1800
18.7778,1786
18.7806,1764
18.7833,1741
18.7861,1724
18.7889,1731
18.7917,1739
18.7944,1753
18.7972,1785
18.8000,1810
18.8028,1815
18.8056,1818
18.8083,1794
18.8111,1793
18.8139,1786
18.8167,1793
18.8194,1783
18.8222,1789
18.8250,1799
18.8278,1801
18.8306,1808
18.8333,1793
18.8361,1786
18.8389,1779
18.8417,1780
18.8444,1760
18.8472,1742
18.8500,1722
18.8528,1725
18.8556,1737
18.8583,1746
18.8611,1748
18.8639,1757
18.8667,1736
18.8694,1724
18.8722,1716
18.8750,1721
18.8778,1720
18.8806,1724
18.8833,1731
18.8861,1719
18.8889,1706
18.8917,1694
18.8944,1701
18.8972,1723
18.9000,1732
18.9028,1734
18.9056,1719
18.9083,1682
18.9111,1660
18.9139,1653
18.9167,1668
18.9194,1691
18.9222,1703
18.9250,1708
18.9278,1723
18.9306,1730
18.9333,1748
18.9361,1747
18.9389,1728
18.9417,1716
18.9444,1727
18.9472,1748
18.9500,1768
18.9528,1770
18.9556,1763
18.9583,1752
18.9611,1734
18.9639,1712
18.9667,1697
18.9694,1702
18.9722,1716
18.9750,1728
18.9778,1732
18.9806,1734
18.9833,1741
18.9861,1750
18.9889,1756
18.9917,1757
18.9944,1740
18.9972,1735
19.0000,1721
19.0028,1713
19.0056,1731
19.0083,1747
19.0111,1756
19.0139,1748
19.0167,1727
19.0194,1715
19.0222,1716
19.0250,1717
19.0278,1735
19.0306,1754
19.0333,1785
19.0361,1816
19.0389,1814
19.0417,1826
19.0444,1813
19.0472,1821
19.0500,1820
19.0528,1806
19.0556,1808
19.0583,1806
19.0611,1807
19.0639,1810
19.0667,1827
19.0694,1852
19.0722,1864
19.0750,1860
19.0778,1853
19.0806,1843
19.0833,1828
19.0861,1827
19.0889,1831
19.0917,1820
19.0944,1789
19.0972,1767
19.1000,1749
19.1028,1735
19.1056,1739
19.1083,1713
19.1111,1720
19.1139,1732
19.1167,1747
19.1194,1732
19.1222,1679
19.1250,1643
19.1278,1630
19.1306,1647
19.1333,1663
19.1361,1649
19.1389,1611
19.1417,1600
19.1444,1587
19.1472,1586
19.1500,1597
19.1528,1599
19.1556,1598
19.1583,1604
19.1611,1618
19.1639,1650
19.1667,1671
19.1694,1667
19.1722,1665
19.1750,1653
19.1778,1659
19.1806,1686
19.1833,1724
19.1861,1822
19.1889,1940
19.1917,2044
19.1944,2087
19.1972,2049
19.2000,1936
19.2028,1813
19.2056,1712
19.2083,1651
19.2111,1609
19.2139,1569
19.2167,1509
19.2194,1451
19.2222,1405
19.2250,1382
19.2278,1372
19.2306,1388
19.2333,1441
19.2361,1515
19.2389,1575
19.2417,1641
19.2444,1693
19.2472,1704
19.2500,1671
19.2528,1627
19.2556,1605
19.2583,1595
19.2611,1615
19.2639,1636
19.2667,1646
19.2694,1656
19.2722,1670
19.2750,1672
19.2778,1678
19.2806,1682
19.2833,1670
19.2861,1658
19.2889,1650
19.2917,1643
19.2944,1637
19.2972,1650
19.3000,1674
19.3028,1706
19.3056,1731
19.3083,1722
19.3111,1706
19.3139,1685
19.3167,1677
19.3194,1688
19.3222,1720
19.3250,1750
19.3278,1769
19.3306,1756
19.3333,1732
19.3361,1710
19.3389,1724
19.3417,1729
19.3444,1761
19.3472,1773
19.3500,1776
19.3528,1764
19.3556,1764
19.3583,1753
19.3611,1750
19.3639,1760
19.3667,1763
19.3694,1756
19.3722,1749
19.3750,1744
19.3778,1752
19.3806,1764
19.3833,1782
19.3861,1788
19.3889,1794
19.3917,1799
19.3944,1814
19.3972,1816
19.4000,1811
19.4028,1808
19.4056,1805
19.4083,1788
19.4111,1768
19.4139,1765
19.4167,1766
19.4194,1787
19.4222,1813
19.4250,1821
19.4278,1835
19.4306,1840
19.4333,1826
19.4361,1802
19.4389,1761
19.4417,1738
19.4444,1719
19.4472,1715
19.4500,1704
19.4528,1706
19.4556,1719
19.4583,1708
19.4611,1684
19.4639,1673
19.4667,1668
19.4694,1666
19.4722,1674
19.4750,1693
19.4778,1722
19.4806,1749
19.4833,1755
19.4861,1752
19.4889,1730
19.4917,1720
19.4944,1730
19.4972,1761
19.5000,1764
19.5028,1767
19.5056,1759
19.5083,1751
19.5111,1743
19.5139,1750
19.5167,1750
19.5194,1744
19.5222,1734
19.5250,1739
19.5278,1755
19.5306,1779
19.5333,1801
19.5361,1828
19.5389,1840
19.5417,1822
19.5444,1785
19.5472,1751
19.5500,1702
19.5528,1661
19.5556,1633
19.5583,1632
19.5611,1649
19.5639,1655
19.5667,1668
19.5694,1655
19.5722,1653
19.5750,1660
19.5778,1659
19.5806,1692
19.5833,1712
19.5861,1738
19.5889,1754
19.5917,1763
19.5944,1763
19.5972,1747
19.6000,1738
19.6028,1740
19.6056,1744
19.6083,1756
19.6111,1758
19.6139,1795
19.6167,1841
19.6194,1864
19.6222,1867
19.6250,1868
19.6278,1856
19.6306,1829
19.6333,1834
19.6361,1856
19.6389,1876
19.6417,1882
19.6444,1885
19.6472,1869
19.6500,1857
19.6528,1847
19.6556,1829
19.6583,1805
19.6611,1768
19.6639,1737
19.6667,1695
19.6694,1684
19.6722,1695
19.6750,1721
19.6778,1731
19.6806,1725
19.6833,1695
19.6861,1655
19.6889,1626
19.6917,1599
19.6944,1604
19.6972,1611
19.7000,1622
19.7028,1634
19.7056,1643
19.7083,1647
19.7111,1642
19.7139,1631
19.7167,1609
19.7194,1615
19.7222,1625
19.7250,1643
19.7278,1655
19.7306,1641
19.7333,1647
19.7361,1667
19.7389,1713
19.7417,1768
19.7444,1793
19.7472,1776
19.7500,1738
19.7528,1710
19.7556,1720
19.7583,1789
19.7611,1885
19.7639,1987
19.7667,2069
19.7694,2068
19.7722,1964
19.7750,1818
19.7778,1684
19.7806,1600
19.7833,1555
19.7861,1521
19.7889,1460
19.7917,1405
19.7944,1356
19.7972,1314
19.8000,1301
19.8028,1352
19.8056,1461
19.8083,1584
19.8111,1668
19.8139,1679
19.8167,1680
19.8194,1656
19.8222,1641
19.8250,1655
19.8278,1661
19.8306,1659
19.8333,1650
19.8361,1636
19.8389,1631
19.8417,1628
19.8444,1634
19.8472,1646
19.8500,1671
19.8528,1678
19.8556,1678
19.8583,1666
19.8611,1665
19.8639,1658
19.8667,1662
19.8694,1670
19.8722,1679
19.8750,1682
19.8778,1675
19.8806,1682
19.8833,1694
19.8861,1726
19.8889,1743
19.8917,1750
19.8944,1743
19.8972,1720
19.9000,1707
19.9028,1706
19.9056,1692
19.9083,1691
19.9111,1707
19.9139,1724
19.9167,1722
19.9194,1726
19.9222,1715
19.9250,1708
19.9278,1715
19.9306,1729
19.9333,1748
19.9361,1758
19.9389,1751
19.9417,1747
19.9444,1740
19.9472,1732
19.9500,1735
19.9528,1754
19.9556,1763
19.9583,1766
19.9611,1758
19.9639,1753
19.9667,1756
19.9694,1763
19.9722,1755
19.9750,1774
19.9778,1777
19.9806,1771
19.9833,1771
19.9861,1756
19.9889,1738
19.9917,1733
19.9944,1738
19.9972,1740
20.0000,1748
20.0028,1745
20.0056,1731
20.0083,1713
20.0111,1703
20.0139,1712
20.0167,1720
20.0194,1715
20.0222,1694
20.0250,1666
20.0278,1634
20.0306,1614
20.0333,1623
20.0361,1648
20.0389,1672
20.0417,1676
20.0444,1670
20.0472,1651
20.0500,1645
20.0528,1649
20.0556,1663
20.0583,1670
20.0611,1664
20.0639,1674
20.0667,1680
20.0694,1691
20.0722,1712
20.0750,1726
20.0778,1733
20.0806,1752
20.0833,1755
20.0861,1762
20.0889,1768
20.0917,1763
20.0944,1758
20.0972,1766
20.1000,1768
20.1028,1772
20.1056,1759
20.1083,1725
20.1111,1686
20.1139,1635
20.1167,1604
20.1194,1631
20.1222,1668
20.1250,1693
20.1278,1694
20.1306,1683
20.1333,1669
20.1361,1673
20.1389,1673
20.1417,1693
20.1444,1689
20.1472,1684
20.1500,1671
20.1528,1678
20.1556,1686
20.1583,1692
20.1611,1683
20.1639,1686
20.1667,1686
20.1694,1690
20.1722,1692
20.1750,1693
20.1778,1707
20.1806,1712
20.1833,1714
20.1861,1715
20.1889,1743
20.1917,1780
20.1944,1823
20.1972,1844
20.2000,1854
20.2028,1866
20.2056,1853
20.2083,1846
20.2111,1834
20.2139,1812
20.2167,1812
20.2194,1796
20.2222,1786
20.2250,1787
20.2278,1790
20.2306,1803
20.2333,1812
20.2361,1824
20.2389,1835
20.2417,1843
20.2444,1827
20.2472,1811
20.2500,1775
20.2528,1734
20.2556,1709
20.2583,1705
20.2611,1700
20.2639,1695
20.2667,1692
20.2694,1699
20.2722,1697
20.2750,1692
20.2778,1673
20.2806,1649
20.2833,1628
20.2861,1620
20.2889,1629
20.2917,1654
20.2944,1672
20.2972,1676
20.3000,1656
20.3028,1626
20.3056,1599
20.3083,1576
20.3111,1597
20.3139,1634
20.3167,1639
20.3194,1642
20.3222,1634
20.3250,1631
20.3278,1645
20.3306,1672
20.3333,1692
20.3361,1700
20.3389,1728
20.3417,1768
20.3444,1859
20.3472,1963
20.3500,2051
20.3528,2091
20.3556,2041
20.3583,1942
20.3611,1812
20.3639,1711
20.3667,1642
20.3694,1573
20.3722,1499
20.3750,1436
20.3778,1400
20.3806,1376
20.3833,1362
20.3861,1363
20.3889,1411
20.3917,1500
20.3944,1615
20.3972,1685
20.4000,1711
20.4028,1689
20.4056,1667
20.4083,1653
20.4111,1641
20.4139,1654
20.4167,1670
20.4194,1674
20.4222,1673
20.4250,1663
20.4278,1675
20.4306,1675
20.4333,1686
20.4361,1701
20.4389,1707
20.4417,1707
20.4444,1708
20.4472,1702
20.4500,1712
20.4528,1717
20.4556,1735
20.4583,1757
20.4611,1763
20.4639,1765
20.4667,1754
20.4694,1746
20.4722,1731
20.4750,1725
20.4778,1735
20.4806,1750
20.4833,1754
20.4861,1761
20.4889,1744
20.4917,1744
20.4944,1767
20.4972,1789
20.5000,1787
20.5028,1769
20.5056,1724
20.5083,1690
20.5111,1674
20.5139,1691
20.5167,1708
20.5194,1740
20.5222,1768
20.5250,1787
20.5278,1792
20.5306,1784
20.5333,1777
20.5361,1755
20.5389,1767
20.5417,1778
20.5444,1806
20.5472,1824
20.5500,1826
20.5528,1812
20.5556,1797
20.5583,1773
20.5611,1771
20.5639,1772
20.5667,1769
20.5694,1729
20.5722,1687
20.5750,1666
20.5778,1672
20.5806,1687
20.5833,1691
20.5861,1701
20.5889,1705
20.5917,1719
20.5944,1726
20.5972,1716
20.6000,1685
20.6028,1651
20.6056,1637
20.6083,1650
20.6111,1661
20.6139,1680
20.6167,1686
20.6194,1691
20.6222,1700
20.6250,1699
20.6278,1675
20.6306,1636
20.6333,1620
20.6361,1612
20.6389,1625
20.6417,1650
20.6444,1683
20.6472,1713
20.6500,1727
20.6528,1730
20.6556,1714
20.6583,1685
20.6611,1661
20.6639,1640
20.6667,1631
20.6694,1629
20.6722,1642
20.6750,1667
20.6778,1695
20.6806,1706
20.6833,1706
20.6861,1695
20.6889,1671
20.6917,1640
20.6944,1643
20.6972,1652
20.7000,1675
20.7028,1679
20.7056,1688
20.7083,1701
20.7111,1708
20.7139,1712
20.7167,1728
20.7194,1731
20.7222,1738
20.7250,1729
20.7278,1715
20.7306,1713
20.7333,1701
20.7361,1679
20.7389,1645
20.7417,1639
20.7444,1654
20.7472,1686
20.7500,1695
20.7528,1704
20.7556,1700
20.7583,1696
20.7611,1689
20.7639,1673
20.7667,1656
20.7694,1654
20.7722,1667
20.7750,1699
20.7778,1726
20.7806,1720
20.7833,1703
20.7861,1683
20.7889,1671
20.7917,1669
20.7944,1687
20.7972,1699
20.8000,1721
20.8028,1745
20.8056,1759
20.8083,1780
20.8111,1800
20.8139,1825
20.8167,1850
20.8194,1871
20.8222,1883
20.8250,1891
20.8278,1879
20.8306,1877
20.8333,1867
20.8361,1865
20.8389,1866
20.8417,1848
20.8444,1829
20.8472,1802
20.8500,1789
20.8528,1778
20.8556,1772
20.8583,1745
20.8611,1717
20.8639,1682
20.8667,1662
20.8694,1650
20.8722,1644
20.8750,1634
20.8778,1638
20.8806,1628
20.8833,1605
20.8861,1577
20.8889,1568
20.8917,1584
20.8944,1621
20.8972,1662
20.9000,1698
20.9028,1715
20.9056,1719
20.9083,1698
20.9111,1675
20.9139,1658
20.9167,1653
20.9194,1643
20.9222,1645
20.9250,1654
20.9278,1681
20.9306,1709
20.9333,1730
20.9361,1728
20.9389,1712
20.9417,1710
20.9444,1733
20.9472,1801
20.9500,1911
20.9528,2026
20.9556,2116
20.9583,2125
20.9611,2059
20.9639,1923
20.9667,1773
20.9694,1669
20.9722,1601
20.9750,1549
20.9778,1483
20.9806,1413
20.9833,1359
20.9861,1324
20.9889,1319
20.9917,1353
20.9944,1418
20.9972,1520
21.0000,1612
21.0028,1671
21.0056,1699
21.0083,1696
21.0111,1672
21.0139,1661
21.0167,1670
21.0194,1683
21.0222,1700
21.0250,1722
21.0278,1731
21.0306,1749
21.0333,1748
21.0361,1726
21.0389,1715
21.0417,1711
21.0444,1715
21.0472,1718
21.0500,1738
21.0528,1748
21.0556,1772
21.0583,1797
21.0611,1800
21.0639,1781
21.0667,1759
21.0694,1730
21.0722,1693
21.0750,1652
21.0778,1638
21.0806,1654
21.0833,1682
21.0861,1699
21.0889,1687
21.0917,1672
21.0944,1647
21.0972,1629
21.1000,1640
21.1028,1670
21.1056,1709
21.1083,1744
21.1111,1775
21.1139,1788
21.1167,1783
21.1194,1781
21.1222,1768
21.1250,1753
21.1278,1750
21.1306,1750
21.1333,1753
21.1361,1749
21.1389,1773
21.1417,1788
21.1444,1818
21.1472,1830
21.1500,1837
21.1528,1841
21.1556,1827
21.1583,1813
21.1611,1803
21.1639,1771
21.1667,1778
21.1694,1786
21.1722,1793
21.1750,1818
21.1778,1827
21.1806,1816
21.1833,1784
21.1861,1737
21.1889,1704
21.1917,1681
21.1944,1666
21.1972,1659
21.2000,1650
21.2028,1646
21.2056,1661
21.2083,1663
21.2111,1668
21.2139,1684
21.2167,1688
21.2194,1698
21.2222,1691
21.2250,1697
21.2278,1703
21.2306,1706
21.2333,1697
21.2361,1701
21.2389,1694
21.2417,1694
21.2444,1698
21.2472,1702
21.2500,1716
21.2528,1709
21.2556,1698
21.2583,1687
21.2611,1696
21.2639,1716
21.2667,1760
21.2694,1783
21.2722,1787
21.2750,1777
21.2778,1748
21.2806,1716
21.2833,1688
21.2861,1660
21.2889,1670
21.2917,1690
21.2944,1719
21.2972,1737
21.3000,1728
21.3028,1711
21.3056,1714
21.3083,1704
21.3111,1683
21.3139,1663
21.3167,1648
21.3194,1648
21.3222,1653
21.3250,1672
21.3278,1688
21.3306,1690
21.3333,1690
21.3361,1684
21.3389,1686
21.3417,1690
21.3444,1690
21.3472,1702
21.3500,1713
21.3528,1722
21.3556,1721
21.3583,1711
21.3611,1702
21.3639,1688
21.3667,1697
21.3694,1711
21.3722,1709
21.3750,1701
21.3778,1693
21.3806,1698
21.3833,1722
21.3861,1766
21.3889,1798
21.3917,1785
21.3944,1757
21.3972,1729
21.4000,1695
21.4028,1670
21.4056,1663
21.4083,1655
21.4111,1644
21.4139,1639
21.4167,1637
21.4194,1667
21.4222,1727
21.4250,1765
21.4278,1799
21.4306,1813
21.4333,1817
21.4361,1841
21.4389,1858
21.4417,1865
21.4444,1861
21.4472,1854
21.4500,1828
21.4528,1816
21.4556,1807
21.4583,1807
21.4611,1832
21.4639,1856
21.4667,1870
21.4694,1856
21.4722,1845
21.4750,1819
21.4778,1795
21.4806,1777
21.4833,1756
21.4861,1735
21.4889,1703
21.4917,1662
21.4944,1652
21.4972,1689
21.5000,1722
21.5028,1743
21.5056,1724
21.5083,1672
21.5111,1620
21.5139,1592
21.5167,1603
21.5194,1603
21.5222,1606
21.5250,1606
21.5278,1605
21.5306,1610
21.5333,1624
21.5361,1635
21.5389,1634
21.5417,1644
21.5444,1646
21.5472,1660
21.5500,1689
21.5528,1698
21.5556,1703
21.5583,1691
21.5611,1696
21.5639,1731
21.5667,1811
21.5694,1912
21.5722,2046
21.5750,2152
21.5778,2193
21.5806,2149
21.5833,2016
21.5861,1865
21.5889,1758
21.5917,1689
21.5944,1643
21.5972,1579
21.6000,1531
21.6028,1498
21.6056,1476
21.6083,1450
21.6111,1432
21.6139,1455
21.6167,1507
21.6194,1584
21.6222,1643
21.6250,1672
21.6278,1697
21.6306,1705
21.6333,1701
21.6361,1687
21.6389,1705
21.6417,1716
21.6444,1744
21.6472,1754
21.6500,1767
21.6528,1763
21.6556,1755
21.6583,1746
21.6611,1764
21.6639,1771
21.6667,1778
21.6694,1784
21.6722,1779
21.6750,1757
21.6778,1747
21.6806,1755
21.6833,1740
21.6861,1737
21.6889,1741
21.6917,1760
21.6944,1760
21.6972,1760
21.7000,1748
21.7028,1741
21.7056,1750
21.7083,1762
21.7111,1768
21.7139,1770
21.7167,1770
21.7194,1768
21.7222,1774
21.7250,1780
21.7278,1788
21.7306,1784
21.7333,1760
21.7361,1743
21.7389,1734
21.7417,1739
21.7444,1761
21.7472,1778
21.7500,1787
21.7528,1793
21.7556,1790
21.7583,1796
21.7611,1796
21.7639,1809
21.7667,1809
21.7694,1814
21.7722,1836
21.7750,1848
21.7778,1862
21.7806,1877
21.7833,1733
21.7861,1753
21.7889,1774
21.7917,1776
21.7944,1766
21.7972,1756
21.8000,1746
21.8028,1737
21.8056,1738
21.8083,1734
21.8111,1729
21.8139,1730
21.8167,1735
21.8194,1744
21.8222,1779
21.8250,1813
21.8278,1839
21.8306,1802
21.8333,1755
21.8361,1710
21.8389,1651
21.8417,1628
21.8444,1640
21.8472,1671
21.8500,1703
21.8528,1739
21.8556,1765
21.8583,1763
21.8611,1720
21.8639,1682
21.8667,1654
21.8694,1637
21.8722,1646
21.8750,1668
21.8778,1692
21.8806,1698
21.8833,1693
21.8861,1690
21.8889,1692
21.8917,1701
21.8944,1710
21.8972,1716
21.9000,1730
21.9028,1749
21.9056,1750
21.9083,1753
21.9111,1737
21.9139,1728
21.9167,1732
21.9194,1733
21.9222,1745
21.9250,1752
21.9278,1763
21.9306,1809
21.9333,1850
21.9361,1879
21.9389,1866
21.9417,1819
21.9444,1751
21.9472,1692
21.9500,1646
21.9528,1618
21.9556,1597
21.9583,1585
21.9611,1608
21.9639,1640
21.9667,1665
21.9694,1674
21.9722,1670
21.9750,1671
21.9778,1682
21.9806,1696
21.9833,1714
21.9861,1729
21.9889,1734
21.9917,1736
21.9944,1742
21.9972,1750
22.0000,1735
22.0028,1719
22.0056,1690
22.0083,1688
22.0111,1691
22.0139,1698
22.0167,1714
22.0194,1726
22.0222,1735
22.0250,1763
22.0278,1788
22.0306,1809
22.0333,1808
22.0361,1781
22.0389,1742
22.0417,1713
22.0444,1705
22.0472,1716
22.0500,1726
22.0528,1749
22.0556,1756
22.0583,1769
22.0611,1799
22.0639,1825
22.0667,1836
22.0694,1834
22.0722,1825
22.0750,1814
22.0778,1809
22.0806,1824
22.0833,1835
22.0861,1834
22.0889,1821
22.0917,1808
22.0944,1787
22.0972,1759
22.1000,1734
22.1028,1716
22.1056,1722
22.1083,1732
22.1111,1731
22.1139,1722
22.1167,1716
22.1194,1725
22.1222,1737
22.1250,1748
22.1278,1720
22.1306,1669
22.1333,1605
22.1361,1562
22.1389,1549
22.1417,1556
22.1444,1577
22.1472,1583
22.1500,1607
22.1528,1628
22.1556,1653
22.1583,1673
22.1611,1666
22.1639,1649
22.1667,1626
22.1694,1626
22.1722,1629
22.1750,1631
22.1778,1606
22.1806,1579
22.1833,1600
22.1861,1632
22.1889,1706
22.1917,1818
22.1944,1957
22.1972,2075
22.2000,2138
22.2028,2125
22.2056,2002
22.2083,1855
22.2111,1742
22.2139,1663
22.2167,1610
22.2194,1542
22.2222,1481
22.2250,1452
22.2278,1410
22.2306,1404
22.2333,1411
22.2361,1447
22.2389,1526
22.2417,1602
22.2444,1656
22.2472,1666
22.2500,1667
22.2528,1652
22.2556,1633
22.2583,1619
22.2611,1612
22.2639,1604
22.2667,1587
22.2694,1573
22.2722,1572
22.2750,1585
22.2778,1596
22.2806,1616
22.2833,1630
22.2861,1642
22.2889,1663
22.2917,1664
22.2944,1670
22.2972,1663
22.3000,1662
22.3028,1670
22.3056,1661
22.3083,1651
22.3111,1655
22.3139,1668
22.3167,1679
22.3194,1687
22.3222,1702
22.3250,1730
22.3278,1735
22.3306,1720
22.3333,1706
22.3361,1693
22.3389,1691
22.3417,1697
22.3444,1721
22.3472,1732
22.3500,1728
22.3528,1715
22.3556,1699
22.3583,1692
22.3611,1708
22.3639,1711
22.3667,1718
22.3694,1727
22.3722,1723
22.3750,1722
22.3778,1711
22.3806,1702
22.3833,1708
22.3861,1720
22.3889,1758
22.3917,1760
22.3944,1756
22.3972,1754
22.4000,1756
22.4028,1775
22.4056,1793
22.4083,1799
22.4111,1789
22.4139,1764
22.4167,1741
22.4194,1728
22.4222,1723
22.4250,1726
22.4278,1753
22.4306,1772
22.4333,1773
22.4361,1766
22.4389,1756
22.4417,1755
22.4444,1766
22.4472,1780
22.4500,1786
22.4528,1791
22.4556,1804
22.4583,1803
22.4611,1786
22.4639,1761
22.4667,1761
22.4694,1774
22.4722,1790
22.4750,1811
22.4778,1819
22.4806,1827
22.4833,1831
22.4861,1831
22.4889,1821
22.4917,1783
22.4944,1728
22.4972,1688
22.5000,1674
22.5028,1689
22.5056,1699
22.5083,1733
22.5111,1761
22.5139,1773
22.5167,1766
22.5194,1765
22.5222,1763
22.5250,1770
22.5278,1787
22.5306,1793
22.5333,1793
22.5361,1782
22.5389,1769
22.5417,1777
22.5444,1776
22.5472,1785
22.5500,1793
22.5528,1798
22.5556,1793
22.5583,1798
22.5611,1804
22.5639,1807
22.5667,1797
22.5694,1803
22.5722,1812
22.5750,1811
22.5778,1822
22.5806,1835
22.5833,1816
22.5861,1788
22.5889,1770
22.5917,1758
22.5944,1768
22.5972,1792
22.6000,1816
22.6028,1826
22.6056,1811
22.6083,1783
22.6111,1747
22.6139,1725
22.6167,1717
22.6194,1728
22.6222,1754
22.6250,1756
22.6278,1765
22.6306,1752
22.6333,1758
22.6361,1748
22.6389,1765
22.6417,1768
22.6444,1769
22.6472,1780
22.6500,1786
22.6528,1787
22.6556,1790
22.6583,1792
22.6611,1792
22.6639,1798
22.6667,1811
22.6694,1834
22.6722,1855
22.6750,1878
22.6778,1897
22.6806,1913
22.6833,1927
22.6861,1946
22.6889,1935
22.6917,1920
22.6944,1898
22.6972,1877
22.7000,1870
22.7028,1910
22.7056,1946
22.7083,1972
22.7111,1976
22.7139,1963
22.7167,1923
22.7194,1861
22.7222,1807
22.7250,1770
22.7278,1743
22.7306,1732
22.7333,1723
22.7361,1722
22.7389,1717
22.7417,1696
22.7444,1678
22.7472,1677
22.7500,1685
22.7528,1696
22.7556,1697
22.7583,1679
22.7611,1696
22.7639,1689
22.7667,1699
22.7694,1710
22.7722,1716
22.7750,1709
22.7778,1709
22.7806,1702
22.7833,1696
22.7861,1703
22.7889,1710
22.7917,1705
22.7944,1696
22.7972,1673
22.8000,1642
22.8028,1607
22.8056,1573
22.8083,1576
22.8111,1615
22.8139,1715
22.8167,1854
22.8194,1994
22.8222,2092
22.8250,2111
22.8278,2053
22.8306,1954
22.8333,1833
22.8361,1751
22.8389,1707
22.8417,1673
22.8444,1617
22.8472,1560
22.8500,1513
22.8528,1431
22.8556,1376
22.8583,1340
22.8611,1383
22.8639,1476
22.8667,1580
22.8694,1650
22.8722,1683
22.8750,1709
22.8778,1711
22.8806,1717
22.8833,1697
22.8861,1675
22.8889,1662
22.8917,1647
22.8944,1651
22.8972,1660
22.9000,1656
22.9028,1641
22.9056,1629
22.9083,1636
22.9111,1644
22.9139,1650
22.9167,1650
22.9194,1643
22.9222,1630
22.9250,1636
22.9278,1648
22.9306,1660
22.9333,1680
22.9361,1686
22.9389,1702
22.9417,1720
22.9444,1726
22.9472,1724
22.9500,1743
22.9528,1743
22.9556,1735
22.9583,1722
22.9611,1698
22.9639,1686
22.9667,1685
22.9694,1690
22.9722,1703
22.9750,1698
22.9778,1688
22.9806,1673
22.9833,1681
22.9861,1692
22.9889,1714
22.9917,1725
22.9944,1750
22.9972,1764
23.0000,1766
23.0028,1758
23.0056,1753
23.0083,1756
23.0111,1762
23.0139,1822
23.0167,1819
23.0194,1811
23.0222,1796
23.0250,1803
23.0278,1827
23.0306,1834
23.0333,1836
23.0361,1827
23.0389,1804
23.0417,1794
23.0444,1782
23.0472,1793
23.0500,1796
23.0528,1797
23.0556,1779
23.0583,1779
23.0611,1775
23.0639,1773
23.0667,1775
23.0694,1780
23.0722,1788
23.0750,1776
23.0778,1756
23.0806,1762
23.0833,1790
23.0861,1816
23.0889,1809
23.0917,1784
23.0944,1736
23.0972,1696
23.1000,1672
23.1028,1666
23.1056,1682
23.1083,1695
23.1111,1713
23.1139,1717
23.1167,1715
23.1194,1715
23.1222,1726
23.1250,1723
23.1278,1728
23.1306,1726
23.1333,1733
23.1361,1739
23.1389,1741
23.1417,1733
23.1444,1737
23.1472,1747
23.1500,1750
23.1528,1755
23.1556,1770
23.1583,1768
23.1611,1770
23.1639,1770
23.1667,1771
23.1694,1769
23.1722,1769
23.1750,1773
23.1778,1780
23.1806,1768
23.1833,1757
23.1861,1717
23.1889,1677
23.1917,1658
23.1944,1659
23.1972,1665
23.2000,1683
23.2028,1704
23.2056,1713
23.2083,1725
23.2111,1709
23.2139,1695
23.2167,1688
23.2194,1683
23.2222,1689
23.2250,1702
23.2278,1729
23.2306,1730
23.2333,1745
23.2361,1742
23.2389,1740
23.2417,1729
23.2444,1716
23.2472,1730
23.2500,1733
23.2528,1742
23.2556,1737
23.2583,1720
23.2611,1710
23.2639,1691
23.2667,1708
23.2694,1710
23.2722,1713
23.2750,1724
23.2778,1712
23.2806,1714
23.2833,1716
23.2861,1723
23.2889,1730
23.2917,1754
23.2944,1772
23.2972,1798
23.3000,1803
23.3028,1816
23.3056,1805
23.3083,1804
23.3111,1802
23.3139,1790
23.3167,1794
23.3194,1799
23.3222,1804
23.3250,1816
23.3278,1829
23.3306,1841
23.3333,1840
23.3361,1840
23.3389,1820
23.3417,1800
23.3444,1766
23.3472,1726
23.3500,1703
23.3528,1689
23.3556,1696
23.3583,1686
23.3611,1670
23.3639,1665
23.3667,1671
23.3694,1665
23.3722,1659
23.3750,1649
23.3778,1625
23.3806,1601
23.3833,1596
23.3861,1599
23.3889,1620
23.3917,1632
23.3944,1628
23.3972,1629
23.4000,1632
23.4028,1650
23.4056,1661
23.4083,1667
23.4111,1641
23.4139,1625
23.4167,1612
23.4194,1599
23.4222,1589
23.4250,1581
23.4278,1573
23.4306,1592
23.4333,1641
23.4361,1726
23.4389,1863
23.4417,1994
23.4444,2078
23.4472,2115
23.4500,2044
23.4528,1933
23.4556,1848
23.4583,1791
23.4611,1733
23.4639,1652
23.4667,1562
23.4694,1475
23.4722,1415
23.4750,1364
23.4778,1344
23.4806,1358
23.4833,1428
23.4861,1530
23.4889,1619
23.4917,1676
23.4944,1718
23.4972,1737
23.5000,1748
23.5028,1740
23.5056,1727
23.5083,1708
23.5111,1698
23.5139,1686
23.5167,1683
23.5194,1673
23.5222,1655
23.5250,1659
23.5278,1667
23.5306,1686
23.5333,1694
23.5361,1716
23.5389,1731
23.5417,1738
23.5444,1744
23.5472,1749
23.5500,1760
23.5528,1758
23.5556,1747
23.5583,1741
23.5611,1738
23.5639,1736
23.5667,1748
23.5694,1752
23.5722,1758
23.5750,1774
23.5778,1781
23.5806,1799
23.5833,1800
23.5861,1820
23.5889,1830
23.5917,1829
23.5944,1811
23.5972,1792
23.6000,1768
23.6028,1751
23.6056,1743
23.6083,1740
23.6111,1762
23.6139,1786
23.6167,1803
23.6194,1799
23.6222,1793
23.6250,1782
23.6278,1781
23.6306,1798
23.6333,1826
23.6361,1851
23.6389,1850
23.6417,1828
23.6444,1802
23.6472,1782
23.6500,1777
23.6528,1771
23.6556,1776
23.6583,1796
23.6611,1807
23.6639,1806
23.6667,1802
23.6694,1792
23.6722,1797
23.6750,1792
23.6778,1773
23.6806,1754
23.6833,1761
23.6861,1765
23.6889,1785
23.6917,1794
23.6944,1808
23.6972,1812
23.7000,1795
23.7028,1763
23.7056,1754
23.7083,1740
23.7111,1769
23.7139,1799
23.7167,1806
23.7194,1790
23.7222,1768
23.7250,1743
23.7278,1727
23.7306,1719
23.7333,1725
23.7361,1737
23.7389,1734
23.7417,1744
23.7444,1746
23.7472,1756
23.7500,1763
23.7528,1761
23.7556,1755
23.7583,1749
23.7611,1739
23.7639,1732
23.7667,1727
23.7694,1726
23.7722,1716
23.7750,1722
23.7778,1731
23.7806,1742
23.7833,1752
23.7861,1766
23.7889,1763
23.7917,1769
23.7944,1747
23.7972,1736
23.8000,1730
23.8028,1726
23.8056,1742
23.8083,1740
23.8111,1746
23.8139,1741
23.8167,1751
23.8194,1765
23.8222,1771
23.8250,1769
23.8278,1742
23.8306,1715
23.8333,1686
23.8361,1675
23.8389,1681
23.8417,1700
23.8444,1706
23.8472,1715
23.8500,1716
23.8528,1719
23.8556,1728
23.8583,1741
23.8611,1720
23.8639,1729
23.8667,1728
23.8694,1743
23.8722,1749
23.8750,1746
23.8778,1755
23.8806,1753
23.8833,1740
23.8861,1750
23.8889,1748
23.8917,1754
23.8944,1758
23.8972,1775
23.9000,1765
23.9028,1770
23.9056,1766
23.9083,1777
23.9111,1791
23.9139,1805
23.9167,1805
23.9194,1795
23.9222,1768
23.9250,1740
23.9278,1732
23.9306,1723
23.9333,1750
23.9361,1792
23.9389,1841
23.9417,1853
23.9444,1846
23.9472,1837
23.9500,1809
23.9528,1793
23.9556,1805
23.9583,1828
23.9611,1831
23.9639,1838
23.9667,1840
23.9694,1836
23.9722,1828
23.9750,1812
23.9778,1803
23.9806,1801
23.9833,1813
23.9861,1830
23.9889,1839
23.9917,1842
23.9944,1824
23.9972,1801
24.0000,1781
24.0028,1766
24.0056,1740
24.0083,1724
24.0111,1716
24.0139,1737
24.0167,1723
24.0194,1706
24.0222,1680
24.0250,1650
24.0278,1616
24.0306,1620
24.0333,1641
24.0361,1647
24.0389,1651
24.0417,1658
24.0444,1648
24.0472,1643
24.0500,1641
24.0528,1648
24.0556,1659
24.0583,1654
24.0611,1670
24.0639,1682
24.0667,1683
24.0694,1676
24.0722,1665
24.0750,1668
24.0778,1679
24.0806,1734
24.0833,1849
24.0861,1996
24.0889,2109
24.0917,2152
24.0944,2097
24.0972,1979
24.1000,1866
24.1028,1773
24.1056,1699
24.1083,1637
24.1111,1547
24.1139,1458
24.1167,1411
24.1194,1387
24.1222,1380
24.1250,1412
24.1278,1479
24.1306,1571
24.1333,1653
24.1361,1688
24.1389,1696
24.1417,1700
24.1444,1686
24.1472,1676
24.1500,1708
24.1528,1738
24.1556,1759
24.1583,1755
24.1611,1740
24.1639,1696
24.1667,1649
24.1694,1614
24.1722,1623
24.1750,1633
24.1778,1657
24.1806,1661
24.1833,1673
24.1861,1685
24.1889,1692
24.1917,1695
24.1944,1683
24.1972,1690
24.2000,1689
24.2028,1705
24.2056,1711
24.2083,1716
24.2111,1715
24.2139,1709
24.2167,1695
24.2194,1705
24.2222,1712
24.2250,1717
24.2278,1729
24.2306,1726
24.2333,1741
24.2361,1753
24.2389,1768
24.2417,1785
24.2444,1789
24.2472,1790
24.2500,1800
24.2528,1795
24.2556,1793
24.2583,1787
24.2611,1773
24.2639,1765
24.2667,1751
24.2694,1752
24.2722,1749
24.2750,1752
24.2778,1763
24.2806,1783
24.2833,1780
24.2861,1822
24.2889,1847
24.2917,1863
24.2944,1862
24.2972,1857
24.3000,1839
24.3028,1801
24.3056,1766
24.3083,1733
24.3111,1700
24.3139,1681
24.3167,1671
24.3194,1657
24.3222,1664
24.3250,1663
24.3278,1670
24.3306,1680
24.3333,1696
24.3361,1701
24.3389,1709
24.3417,1724
24.3444,1724
24.3472,1721
24.3500,1712
24.3528,1709
24.3556,1699
24.3583,1699
24.3611,1699
24.3639,1701
24.3667,1713
24.3694,1731
24.3722,1753
24.3750,1762
24.3778,1757
24.3806,1745
24.3833,1728
24.3861,1709
24.3889,1717
24.3917,1721
24.3944,1722
24.3972,1721
24.4000,1724
24.4028,1725
24.4056,1719
24.4083,1702
24.4111,1681
24.4139,1671
24.4167,1678
24.4194,1682
24.4222,1688
24.4250,1694
24.4278,1696
24.4306,1692
24.4333,1692
24.4361,1696
24.4389,1696
24.4417,1710
24.4444,1718
24.4472,1717
24.4500,1708
24.4528,1707
24.4556,1717
24.4583,1718
24.4611,1716
24.4639,1722
24.4667,1747
24.4694,1752
24.4722,1760
24.4750,1745
24.4778,1726
24.4806,1717
24.4833,1721
24.4861,1744
24.4889,1758
24.4917,1748
24.4944,1752
24.4972,1730
24.5000,1705
24.5028,1666
24.5056,1648
24.5083,1640
24.5111,1645
24.5139,1679
24.5167,1694
24.5194,1711
24.5222,1708
24.5250,1693
24.5278,1674
24.5306,1673
24.5333,1680
24.5361,1712
24.5389,1733
24.5417,1739
24.5444,1741
24.5472,1731
24.5500,1730
24.5528,1711
24.5556,1704
24.5583,1700
24.5611,1704
24.5639,1705
24.5667,1725
24.5694,1742
24.5722,1767
24.5750,1788
24.5778,1805
24.5806,1826
24.5833,1829
24.5861,1858
24.5889,1875
24.5917,1880
24.5944,1879
24.5972,1868
24.6000,1861
24.6028,1844
24.6056,1810
24.6083,1773
24.6111,1760
24.6139,1769
24.6167,1779
24.6194,1782
24.6222,1762
24.6250,1725
24.6278,1690
24.6306,1669
24.6333,1670
24.6361,1664
24.6389,1662
24.6417,1664
24.6444,1661
24.6472,1657
24.6500,1654
24.6528,1652
24.6556,1650
24.6583,1647
24.6611,1642
24.6639,1650
24.6667,1663
24.6694,1686
24.6722,1697
24.6750,1690
24.6778,1695
24.6806,1684
24.6833,1686
24.6861,1690
24.6889,1678
24.6917,1678
24.6944,1674
24.6972,1694
24.7000,1692
24.7028,1673
24.7056,1667
24.7083,1669
24.7111,1689
24.7139,1740
24.7167,1856
24.7194,1980
24.7222,2078
24.7250,2111
24.7278,2053
24.7306,1956
24.7333,1860
24.7361,1798
24.7389,1742
24.7417,1674
24.7444,1592
24.7472,1518
24.7500,1455
24.7528,1420
24.7556,1415
24.7583,1431
24.7611,1484
24.7639,1582
24.7667,1672
24.7694,1741
24.7722,1771
24.7750,1786
24.7778,1760
24.7806,1749
24.7833,1740
24.7861,1745
24.7889,1723
24.7917,1690
24.7944,1668
24.7972,1655
24.8000,1651
24.8028,1651
24.8056,1662
24.8083,1685
24.8111,1694
24.8139,1703
24.8167,1718
24.8194,1727
24.8222,1722
24.8250,1728
24.8278,1729
24.8306,1733
24.8333,1727
24.8361,1723
24.8389,1718
24.8417,1711
24.8444,1710
24.8472,1716
24.8500,1728
24.8528,1752
24.8556,1760
24.8583,1758
24.8611,1750
24.8639,1745
24.8667,1745
24.8694,1742
24.8722,1751
24.8750,1756
24.8778,1761
24.8806,1760
24.8833,1783
24.8861,1814
24.8889,1847
24.8917,1851
24.8944,1839
24.8972,1797
24.9000,1752
24.9028,1707
24.9056,1684
24.9083,1661
24.9111,1665
24.9139,1744
24.9167,1738
24.9194,1749
24.9222,1779
24.9250,1801
24.9278,1807
24.9306,1799
24.9333,1771
24.9361,1740
24.9389,1706
24.9417,1696
24.9444,1682
24.9472,1667
24.9500,1663
24.9528,1650
24.9556,1625
24.9583,1609
24.9611,1608
24.9639,1615
24.9667,1645
24.9694,1650
24.9722,1646
24.9750,1645
24.9778,1640
24.9806,1654
24.9833,1668
24.9861,1684
24.9889,1683
24.9917,1680
24.9944,1658
24.9972,1627
25.0000,1603
25.0028,1595
25.0056,1609
25.0083,1619
25.0111,1633
25.0139,1641
25.0167,1652
25.0194,1654
25.0222,1663
25.0250,1656
25.0278,1654
25.0306,1657
25.0333,1662
25.0361,1681
25.0389,1680
25.0417,1691
25.0444,1666
25.0472,1650
25.0500,1644
25.0528,1648
25.0556,1643
25.0583,1645
25.0611,1641
25.0639,1636
25.0667,1631
25.0694,1619
25.0722,1633
25.0750,1643
25.0778,1651
25.0806,1640
25.0833,1656
25.0861,1653
25.0889,1662
25.0917,1667
25.0944,1677
25.0972,1695
25.1000,1723
25.1028,1717
25.1056,1719
25.1083,1705
25.1111,1690
25.1139,1696
25.1167,1677
25.1194,1680
25.1222,1680
25.1250,1681
25.1278,1674
25.1306,1670
25.1333,1677
25.1361,1669
25.1389,1670
25.1417,1676
25.1444,1688
25.1472,1703
25.1500,1718
25.1528,1733
25.1556,1725
25.1583,1719
25.1611,1702
25.1639,1699
25.1667,1702
25.1694,1694
25.1722,1682
25.1750,1676
25.1778,1690
25.1806,1714
25.1833,1752
25.1861,1755
25.1889,1754
25.1917,1767
25.1944,1786
25.1972,1828
25.2000,1854
25.2028,1851
25.2056,1870
25.2083,1871
25.2111,1882
25.2139,1870
25.2167,1854
25.2194,1850
25.2222,1823
25.2250,1795
25.2278,1781
25.2306,1783
25.2333,1780
25.2361,1780
25.2389,1771
25.2417,1758
25.2444,1758
25.2472,1753
25.2500,1750
25.2528,1744
25.2556,1715
25.2583,1695
25.2611,1685
25.2639,1684
25.2667,1680
25.2694,1682
25.2722,1671
25.2750,1662
25.2778,1655
25.2806,1642
25.2833,1642
25.2861,1657
25.2889,1673
25.2917,1693
25.2944,1700
25.2972,1706
25.3000,1697
25.3028,1689
25.3056,1680
25.3083,1692
25.3111,1690
25.3139,1686
25.3167,1645
25.3194,1615
25.3222,1603
25.3250,1618
25.3278,1666
25.3306,1776
25.3333,1930
25.3361,2060
25.3389,2111
25.3417,2087
25.3444,1989
25.3472,1887
25.3500,1787
25.3528,1695
25.3556,1620
25.3583,1554
25.3611,1495
25.3639,1460
25.3667,1437
25.3694,1424
25.3722,1432
25.3750,1470
25.3778,1536
25.3806,1607
25.3833,1679
25.3861,1741
25.3889,1789
25.3917,1795
25.3944,1771
25.3972,1737
25.4000,1707
25.4028,1703
25.4056,1706
25.4083,1718
25.4111,1735
25.4139,1737
25.4167,1735
25.4194,1741
25.4222,1747
25.4250,1740
25.4278,1745
25.4306,1727
25.4333,1720
25.4361,1727
25.4389,1743
25.4417,1767
25.4444,1783
25.4472,1775
25.4500,1747
25.4528,1728
25.4556,1709
25.4583,1720
25.4611,1735
25.4639,1757
25.4667,1780
25.4694,1794
25.4722,1788
25.4750,1783
25.4778,1779
25.4806,1788
25.4833,1792
25.4861,1806
25.4889,1822
25.4917,1818
25.4944,1820
25.4972,1806
25.5000,1789
25.5028,1796
25.5056,1804
25.5083,1819
25.5111,1828
25.5139,1834
25.5167,1824
25.5194,1824
25.5222,1816
25.5250,1819
25.5278,1821
25.5306,1843
25.5333,1836
25.5361,1837
25.5389,1846
25.5417,1836
25.5444,1830
25.5472,1846
25.5500,1856
25.5528,1846
25.5556,1843
25.5583,1836
25.5611,1816
25.5639,1805
25.5667,1793
25.5694,1803
25.5722,1813
25.5750,1824
25.5778,1847
25.5806,1864
25.5833,1860
25.5861,1836
25.5889,1800
25.5917,1768
25.5944,1740
25.5972,1738
25.6000,1736
25.6028,1768
25.6056,1786
25.6083,1799
25.6111,1801
25.6139,1798
25.6167,1808
25.6194,1815
25.6222,1798
25.6250,1788
25.6278,1790
25.6306,1783
25.6333,1784
25.6361,1779
25.6389,1772
25.6417,1779
25.6444,1791
25.6472,1804
25.6500,1813
25.6528,1812
25.6556,1820
25.6583,1818
25.6611,1821
25.6639,1822
25.6667,1828
25.6694,1841
25.6722,1840
25.6750,1832
25.6778,1822
25.6806,1814
25.6833,1802
25.6861,1804
25.6889,1798
25.6917,1802
25.6944,1804
25.6972,1804
25.7000,1806
25.7028,1804
25.7056,1807
25.7083,1797
25.7111,1788
25.7139,1785
25.7167,1772
25.7194,1766
25.7222,1774
25.7250,1777
25.7278,1784
25.7306,1802
25.7333,1810
25.7361,1826
25.7389,1834
25.7417,1821
25.7444,1793
25.7472,1785
25.7500,1761
25.7528,1753
25.7556,1734
25.7583,1728
25.7611,1731
25.7639,1746
25.7667,1758
25.7694,1752
25.7722,1746
25.7750,1746
25.7778,1746
25.7806,1756
25.7833,1767
25.7861,1773
25.7889,1781
25.7917,1798
25.7944,1785
25.7972,1787
25.8000,1784
25.8028,1783
25.8056,1798
25.8083,1806
25.8111,1811
25.8139,1824
25.8167,1845
25.8194,1857
25.8222,1892
25.8250,1912
25.8278,1916
25.8306,1918
25.8333,1889
25.8361,1882
25.8389,1876
25.8417,1875
25.8444,1885
25.8472,1896
25.8500,1902
25.8528,1903
25.8556,1895
25.8583,1884
25.8611,1876
25.8639,1857
25.8667,1841
25.8694,1811
25.8722,1794
25.8750,1753
25.8778,1739
25.8806,1718
25.8833,1701
25.8861,1709
25.8889,1699
25.8917,1691
25.8944,1690
25.8972,1684
25.9000,1663
25.9028,1664
25.9056,1650
25.9083,1665
25.9111,1691
25.9139,1717
25.9167,1736
25.9194,1735
25.9222,1716
25.9250,1700
25.9278,1675
25.9306,1658
25.9333,1653
25.9361,1667
25.9389,1679
25.9417,1684
25.9444,1687
25.9472,1660
25.9500,1643
25.9528,1663
25.9556,1731
25.9583,1843
25.9611,1993
25.9639,2123
25.9667,2208
25.9694,2180
25.9722,2064
25.9750,1920
25.9778,1806
25.9806,1723
25.9833,1668
25.9861,1607
25.9889,1505
25.9917,1413
25.9944,1356
25.9972,1330
26.0000,1342
26.0028,1392
26.0056,1474
26.0083,1575
26.0111,1665
26.0139,1729
26.0167,1749
26.0194,1755
26.0222,1757
26.0250,1767
26.0278,1759
26.0306,1764
26.0333,1759
26.0361,1739
26.0389,1736
26.0417,1723
26.0444,1717
26.0472,1714
26.0500,1714
26.0528,1727
26.0556,1721
26.0583,1726
26.0611,1713
26.0639,1713
26.0667,1715
26.0694,1715
26.0722,1739
26.0750,1757
26.0778,1775
26.0806,1781
26.0833,1762
26.0861,1743
26.0889,1721
26.0917,1705
26.0944,1704
26.0972,1699
26.1000,1705
26.1028,1712
26.1056,1708
26.1083,1717
26.1111,1719
26.1139,1730
26.1167,1758
26.1194,1766
26.1222,1781
26.1250,1798
26.1278,1805
26.1306,1811
26.1333,1810
26.1361,1794
26.1389,1780
26.1417,1765
26.1444,1760
26.1472,1759
26.1500,1772
26.1528,1788
26.1556,1803
26.1583,1781
26.1611,1777
26.1639,1785
26.1667,1793
26.1694,1789
26.1722,1788
26.1750,1778
26.1778,1768
26.1806,1749
26.1833,1752
26.1861,1754
26.1889,1764
26.1917,1775
26.1944,1780
26.1972,1775
26.2000,1743
26.2028,1734
26.2056,1740
26.2083,1739
26.2111,1733
26.2139,1732
26.2167,1734
26.2194,1738
26.2222,1754
26.2250,1756
26.2278,1753
26.2306,1738
26.2333,1726
26.2361,1711
26.2389,1685
26.2417,1677
26.2444,1675
26.2472,1696
26.2500,1729
26.2528,1752
26.2556,1771
26.2583,1769
26.2611,1765
26.2639,1748
26.2667,1746
26.2694,1741
26.2722,1706
26.2750,1680
26.2778,1667
26.2806,1659
26.2833,1677
26.2861,1685
26.2889,1700
26.2917,1725
26.2944,1739
26.2972,1740
26.3000,1740
26.3028,1741
26.3056,1736
26.3083,1724
26.3111,1712
26.3139,1717
26.3167,1731
26.3194,1726
26.3222,1714
26.3250,1698
26.3278,1696
26.3306,1701
26.3333,1697
26.3361,1702
26.3389,1719
26.3417,1726
26.3444,1724
26.3472,1720
26.3500,1723
26.3528,1713
26.3556,1706
26.3583,1705
26.3611,1697
26.3639,1699
26.3667,1686
26.3694,1685
26.3722,1696
26.3750,1704
26.3778,1699
26.3806,1689
26.3833,1664
26.3861,1657
26.3889,1651
26.3917,1664
26.3944,1693
26.3972,1711
26.4000,1726
26.4028,1729
26.4056,1707
26.4083,1671
26.4111,1650
26.4139,1661
26.4167,1689
26.4194,1706
26.4222,1723
26.4250,1729
26.4278,1733
26.4306,1754
26.4333,1777
26.4361,1799
26.4389,1819
26.4417,1835
26.4444,1842
26.4472,1840
26.4500,1836
26.4528,1839
26.4556,1834
26.4583,1828
26.4611,1835
26.4639,1851
26.4667,1853
26.4694,1852
26.4722,1862
26.4750,1867
26.4778,1870
26.4806,1860
26.4833,1834
26.4861,1795
26.4889,1759
26.4917,1745
26.4944,1734
26.4972,1710
26.5000,1685
26.5028,1650
26.5056,1633
26.5083,1624
26.5111,1622
26.5139,1623
26.5167,1614
26.5194,1609
26.5222,1609
26.5250,1608
26.5278,1590
26.5306,1592
26.5333,1595
26.5361,1616
26.5389,1637
26.5417,1665
26.5444,1659
26.5472,1665
26.5500,1660
26.5528,1671
26.5556,1676
26.5583,1678
26.5611,1644
26.5639,1630
26.5667,1650
26.5694,1696
26.5722,1769
26.5750,1862
26.5778,1977
26.5806,2070
26.5833,2101
26.5861,2049
26.5889,1950
26.5917,1839
26.5944,1742
26.5972,1644
26.6000,1573
26.6028,1499
26.6056,1452
26.6083,1420
26.6111,1415
26.6139,1433
26.6167,1468
26.6194,1498
26.6222,1556
26.6250,1603
26.6278,1635
26.6306,1650
26.6333,1661
26.6361,1656
26.6389,1662
26.6417,1676
26.6444,1679
26.6472,1698
26.6500,1710
26.6528,1716
26.6556,1721
26.6583,1718
26.6611,1693
26.6639,1668
26.6667,1658
26.6694,1661
26.6722,1677
26.6750,1684
26.6778,1689
26.6806,1696
26.6833,1724
26.6861,1733
26.6889,1747
26.6917,1743
26.6944,1729
26.6972,1715
26.7000,1708
26.7028,1716
26.7056,1730
26.7083,1741
26.7111,1732
26.7139,1734
26.7167,1736
26.7194,1750
26.7222,1772
26.7250,1790
26.7278,1787
26.7306,1778
26.7333,1761
26.7361,1732
26.7389,1712
26.7417,1702
26.7444,1688
26.7472,1696
26.7500,1700
26.7528,1720
26.7556,1742
26.7583,1759
26.7611,1775
26.7639,1777
26.7667,1780
26.7694,1792
26.7722,1768
26.7750,1763
26.7778,1735
26.7806,1714
26.7833,1719
26.7861,1719
26.7889,1731
26.7917,1747
26.7944,1758
26.7972,1767
26.8000,1747
26.8028,1740
26.8056,1728
26.8083,1726
26.8111,1734
26.8139,1736
26.8167,1747
26.8194,1735
26.8222,1728
26.8250,1703
26.8278,1702
26.8306,1695
26.8333,1686
26.8361,1684
26.8389,1690
26.8417,1695
26.8444,1693
26.8472,1716
26.8500,1713
26.8528,1715
26.8556,1716
26.8583,1714
26.8611,1718
26.8639,1716
26.8667,1699
26.8694,1702
26.8722,1695
26.8750,1685
26.8778,1686
26.8806,1689
26.8833,1709
26.8861,1722
26.8889,1747
26.8917,1766
26.8944,1771
26.8972,1761
26.9000,1736
26.9028,1718
26.9056,1694
26.9083,1682
26.9111,1673
26.9139,1671
26.9167,1673
26.9194,1677
26.9222,1683
26.9250,1697
26.9278,1705
26.9306,1713
26.9333,1711
26.9361,1716
26.9389,1719
26.9417,1723
26.9444,1737
26.9472,1737
26.9500,1740
26.9528,1741
26.9556,1727
26.9583,1713
26.9611,1706
26.9639,1700
26.9667,1701
26.9694,1708
26.9722,1718
26.9750,1718
26.9778,1727
26.9806,1747
26.9833,1750
26.9861,1725
26.9889,1699
26.9917,1667
26.9944,1650
26.9972,1656
27.0000,1674
27.0028,1705
27.0056,1723
27.0083,1742
27.0111,1739
27.0139,1753
27.0167,1743
27.0194,1740
27.0222,1752
27.0250,1762
27.0278,1769
27.0306,1793
27.0333,1817
27.0361,1836
27.0389,1835
27.0417,1828
27.0444,1817
27.0472,1800
27.0500,1811
27.0528,1837
27.0556,1857
27.0583,1873
27.0611,1878
27.0639,1864
27.0667,1864
27.0694,1848
27.0722,1818
27.0750,1775
27.0778,1731
27.0806,1712
27.0833,1719
27.0861,1721
27.0889,1714
27.0917,1707
27.0944,1694
27.0972,1676
27.1000,1656
27.1028,1633
27.1056,1624
27.1083,1625
27.1111,1622
27.1139,1625
27.1167,1623
27.1194,1621
27.1222,1612
27.1250,1624
27.1278,1639
27.1306,1659
27.1333,1682
27.1361,1692
27.1389,1678
27.1417,1677
27.1444,1689
27.1472,1697
27.1500,1700
27.1528,1674
27.1556,1636
27.1583,1623
27.1611,1648
27.1639,1725
27.1667,1845
27.1694,1994
27.1722,2109
27.1750,2143
27.1778,2065
27.1806,1935
27.1833,1787
27.1861,1682
27.1889,1596
27.1917,1543
27.1944,1498
27.1972,1444
27.2000,1415
27.2028,1401
27.2056,1394
27.2083,1421
27.2111,1461
27.2139,1520
27.2167,1585
27.2194,1632
27.2222,1649
27.2250,1682
27.2278,1683
27.2306,1699
27.2333,1692
27.2361,1709
27.2389,1739
27.2417,1765
27.2444,1775
27.2472,1761
27.2500,1725
27.2528,1690
27.2556,1674
27.2583,1671
27.2611,1694
27.2639,1720
27.2667,1748
27.2694,1761
27.2722,1762
27.2750,1752
27.2778,1752
27.2806,1756
27.2833,1755
27.2861,1763
27.2889,1767
27.2917,1780
27.2944,1783
27.2972,1771
27.3000,1752
27.3028,1737
27.3056,1721
27.3083,1720
27.3111,1732
27.3139,1740
27.3167,1743
27.3194,1754
27.3222,1751
27.3250,1743
27.3278,1732
27.3306,1722
27.3333,1724
27.3361,1742
27.3389,1754
27.3417,1775
27.3444,1795
27.3472,1792
27.3500,1793
27.3528,1794
27.3556,1799
27.3583,1805
27.3611,1814
27.3639,1792
27.3667,1785
27.3694,1802
27.3722,1790
27.3750,1765
27.3778,1766
27.3806,1780
27.3833,1787
27.3861,1786
27.3889,1779
27.3917,1765
27.3944,1750
27.3972,1748
27.4000,1771
27.4028,1786
27.4056,1785
27.4083,1784
27.4111,1750
27.4139,1720
27.4167,1711
27.4194,1718
27.4222,1752
27.4250,1769
27.4278,1792
27.4306,1814
27.4333,1830
27.4361,1813
27.4389,1799
27.4417,1788
27.4444,1784
27.4472,1779
27.4500,1753
27.4528,1737
27.4556,1730
27.4583,1741
27.4611,1774
27.4639,1792
27.4667,1802
27.4694,1779
27.4722,1750
27.4750,1723
27.4778,1701
27.4806,1689
27.4833,1691
27.4861,1711
27.4889,1728
27.4917,1744
27.4944,1757
27.4972,1768
27.5000,1779
27.5028,1788
27.5056,1788
27.5083,1784
27.5111,1772
27.5139,1769
27.5167,1776
27.5194,1789
27.5222,1794
27.5250,1805
27.5278,1812
27.5306,1810
27.5333,1801
27.5361,1807
27.5389,1809
27.5417,1810
27.5444,1812
27.5472,1802
27.5500,1796
27.5528,1801
27.5556,1828
27.5583,1861
27.5611,1868
27.5639,1866
27.5667,1840
27.5694,1813
27.5722,1780
27.5750,1739
27.5778,1707
27.5806,1720
27.5833,1744
27.5861,1764
27.5889,1783
27.5917,1785
27.5944,1782
27.5972,1790
27.6000,1815
27.6028,1835
27.6056,1852
27.6083,1866
27.6111,1882
27.6139,1889
27.6167,1895
27.6194,1883
27.6222,1890
27.6250,1871
27.6278,1879
27.6306,1894
27.6333,1909
27.6361,1929
27.6389,1936
27.6417,1912
27.6444,1886
27.6472,1866
27.6500,1832
27.6528,1809
27.6556,1786
27.6583,1770
27.6611,1759
27.6639,1755
27.6667,1756
27.6694,1772
27.6722,1787
27.6750,1761
27.6778,1732
27.6806,1713
27.6833,1701
27.6861,1699
27.6889,1697
27.6917,1692
27.6944,1667
27.6972,1655
27.7000,1650
27.7028,1656
27.7056,1664
27.7083,1668
27.7111,1686
27.7139,1690
27.7167,1702
27.7194,1728
27.7222,1737
27.7250,1721
27.7278,1698
27.7306,1659
27.7333,1620
27.7361,1638
27.7389,1709
27.7417,1825
27.7444,1961
27.7472,2060
27.7500,2098
27.7528,2053
27.7556,1945
27.7583,1849
27.7611,1763
27.7639,1704
27.7667,1678
27.7694,1648
27.7722,1589
27.7750,1540
27.7778,1488
27.7806,1441
27.7833,1404
27.7861,1412
27.7889,1468
27.7917,1558
27.7944,1635
27.7972,1691
27.8000,1713
27.8028,1722
27.8056,1715
27.8083,1708
27.8111,1712
27.8139,1712
27.8167,1701
27.8194,1693
27.8222,1684
27.8250,1671
27.8278,1666
27.8306,1664
27.8333,1661
27.8361,1679
27.8389,1681
27.8417,1677
27.8444,1660
27.8472,1653
27.8500,1666
27.8528,1696
27.8556,1727
27.8583,1736
27.8611,1748
27.8639,1734
27.8667,1720
27.8694,1721
27.8722,1735
27.8750,1750
27.8778,1766
27.8806,1788
27.8833,1792
27.8861,1791
27.8889,1781
27.8917,1755
27.8944,1754
27.8972,1757
27.9000,1766
27.9028,1764
27.9056,1749
27.9083,1738
27.9111,1733
27.9139,1746
27.9167,1775
27.9194,1810
27.9222,1824
27.9250,1807
27.9278,1790
27.9306,1766
27.9333,1747
27.9361,1743
27.9389,1756
27.9417,1756
27.9444,1748
27.9472,1752
27.9500,1757
27.9528,1760
27.9556,1754
27.9583,1760
27.9611,1774
27.9639,1771
27.9667,1762
27.9694,1742
27.9722,1724
27.9750,1714
27.9778,1728
27.9806,1731
27.9833,1726
27.9861,1697
27.9889,1668
27.9917,1656
27.9944,1657
27.9972,1663
28.0000,1669
28.0028,1693
28.0056,1698
28.0083,1680
28.0111,1653
28.0139,1633
28.0167,1621
28.0194,1631
28.0222,1662
28.0250,1694
28.0278,1719
28.0306,1751
28.0333,1763
28.0361,1764
28.0389,1729
28.0417,1707
28.0444,1686
28.0472,1684
28.0500,1703
28.0528,1723
28.0556,1735
28.0583,1723
28.0611,1706
28.0639,1686
28.0667,1690
28.0694,1686
28.0722,1692
28.0750,1683
28.0778,1681
28.0806,1680
28.0833,1675
28.0861,1675
28.0889,1678
28.0917,1692
28.0944,1697
28.0972,1700
28.1000,1704
28.1028,1703
28.1056,1707
28.1083,1695
28.1111,1672
28.1139,1664
28.1167,1684
28.1194,1724
28.1222,1729
28.1250,1737
28.1278,1739
28.1306,1742
28.1333,1745
28.1361,1734
28.1389,1727
28.1417,1721
28.1444,1729
28.1472,1737
28.1500,1750
28.1528,1788
28.1556,1825
28.1583,1854
28.1611,1882
28.1639,1888
28.1667,1865
28.1694,1836
28.1722,1814
28.1750,1802
28.1778,1810
28.1806,1817
28.1833,1828
28.1861,1826
28.1889,1814
28.1917,1800
28.1944,1774
28.1972,1743
28.2000,1714
28.2028,1693
28.2056,1672
28.2083,1651
28.2111,1647
28.2139,1648
28.2167,1637
28.2194,1626
28.2222,1622
28.2250,1644
28.2278,1653
28.2306,1666
28.2333,1669
28.2361,1675
28.2389,1650
28.2417,1617
28.2444,1615
28.2472,1629
28.2500,1662
28.2528,1699
28.2556,1711
28.2583,1703
28.2611,1699
28.2639,1714
28.2667,1724
28.2694,1716
28.2722,1692
28.2750,1652
28.2778,1648
28.2806,1676
28.2833,1754
28.2861,1869
28.2889,1982
28.2917,2063
28.2944,2037
28.2972,1926
28.3000,1812
28.3028,1734
28.3056,1699
28.3083,1710
28.3111,1719
28.3139,1674
28.3167,1614
28.3194,1527
28.3222,1439
28.3250,1371
28.3278,1338
28.3306,1376
28.3333,1461
28.3361,1562
28.3389,1634
28.3417,1671
28.3444,1680
28.3472,1678
28.3500,1682
28.3528,1680
28.3556,1682
28.3583,1695
28.3611,1681
28.3639,1672
28.3667,1670
28.3694,1679
28.3722,1703
28.3750,1727
28.3778,1744
28.3806,1753
28.3833,1747
28.3861,1736
28.3889,1723
28.3917,1709
28.3944,1724
28.3972,1745
28.4000,1761
28.4028,1781
28.4056,1790
28.4083,1770
28.4111,1781
28.4139,1777
28.4167,1776
28.4194,1768
28.4222,1756
28.4250,1755
28.4278,1744
28.4306,1733
28.4333,1739
28.4361,1762
28.4389,1783
28.4417,1770
28.4444,1756
28.4472,1736
28.4500,1735
28.4528,1714
28.4556,1731
28.4583,1749
28.4611,1764
28.4639,1790
28.4667,1790
28.4694,1783
28.4722,1789
28.4750,1767
28.4778,1786
28.4806,1796
28.4833,1799
28.4861,1795
28.4889,1758
28.4917,1720
28.4944,1695
28.4972,1701
28.5000,1706
28.5028,1726
28.5056,1735
28.5083,1749
28.5111,1749
28.5139,1737
28.5167,1732
28.5194,1737
28.5222,1744
28.5250,1721
28.5278,1694
28.5306,1679
28.5333,1692
28.5361,1712
28.5389,1739
28.5417,1746
28.5444,1744
28.5472,1734
28.5500,1699
28.5528,1665
28.5556,1681
28.5583,1714
28.5611,1739
28.5639,1749
28.5667,1754
28.5694,1745
28.5722,1737
28.5750,1730
28.5778,1745
28.5806,1773
28.5833,1801
28.5861,1824
28.5889,1833
28.5917,1829
28.5944,1809
28.5972,1770
28.6000,1739
28.6028,1709
28.6056,1698
28.6083,1685
28.6111,1710
28.6139,1726
28.6167,1725
28.6194,1717
28.6222,1712
28.6250,1708
28.6278,1707
28.6306,1719
28.6333,1726
28.6361,1743
28.6389,1753
28.6417,1741
28.6444,1748
28.6472,1733
28.6500,1736
28.6528,1733
28.6556,1735
28.6583,1744
28.6611,1766
28.6639,1770
28.6667,1771
28.6694,1780
28.6722,1807
28.6750,1833
28.6778,1869
28.6806,1916
28.6833,1940
28.6861,1930
28.6889,1915
28.6917,1902
28.6944,1905
28.6972,1892
28.7000,1889
28.7028,1894
28.7056,1911
28.7083,1908
28.7111,1899
28.7139,1876
28.7167,1852
28.7194,1814
28.7222,1768
28.7250,1748
28.7278,1713
28.7306,1690
28.7333,1688
28.7361,1691
28.7389,1675
28.7417,1677
28.7444,1680
28.7472,1674
28.7500,1666
28.7528,1668
28.7556,1640
28.7583,1636
28.7611,1641
28.7639,1649
28.7667,1668
28.7694,1668
28.7722,1679
28.7750,1676
28.7778,1676
28.7806,1680
28.7833,1695
28.7861,1691
28.7889,1707
28.7917,1708
28.7944,1717
28.7972,1715
28.8000,1704
28.8028,1698
28.8056,1707
28.8083,1755
28.8111,1822
28.8139,1964
28.8167,2091
28.8194,2161
28.8222,2122
28.8250,1992
28.8278,1840
28.8306,1728
28.8333,1684
28.8361,1675
28.8389,1674
28.8417,1638
28.8444,1581
28.8472,1521
28.8500,1455
28.8528,1414
28.8556,1401
28.8583,1442
28.8611,1518
28.8639,1583
28.8667,1647
28.8694,1699
28.8722,1720
28.8750,1731
28.8778,1733
28.8806,1729
28.8833,1719
28.8861,1704
28.8889,1689
28.8917,1676
28.8944,1675
28.8972,1684
28.9000,1703
28.9028,1732
28.9056,1748
28.9083,1753
28.9111,1749
28.9139,1725
28.9167,1720
28.9194,1710
28.9222,1710
28.9250,1722
28.9278,1737
28.9306,1731
28.9333,1724
28.9361,1715
28.9389,1712
28.9417,1719
28.9444,1733
28.9472,1741
28.9500,1750
28.9528,1764
28.9556,1755
28.9583,1757
28.9611,1768
28.9639,1788
28.9667,1787
28.9694,1757
28.9722,1742
28.9750,1711
28.9778,1700
28.9806,1709
28.9833,1726
28.9861,1771
28.9889,1797
28.9917,1831
28.9944,1832
28.9972,1820
29.0000,1808
29.0028,1800
29.0056,1785
29.0083,1778
29.0111,1778
29.0139,1775
29.0167,1778
29.0194,1784
29.0222,1796
29.0250,1743
29.0278,1750
29.0306,1784
29.0333,1802
29.0361,1809
29.0389,1791
29.0417,1791
29.0444,1794
29.0472,1802
29.0500,1792
29.0528,1774
29.0556,1752
29.0583,1737
29.0611,1736
29.0639,1725
29.0667,1717
29.0694,1692
29.0722,1674
29.0750,1660
29.0778,1655
29.0806,1669
29.0833,1682
29.0861,1708
29.0889,1736
29.0917,1744
29.0944,1726
29.0972,1712
29.1000,1695
29.1028,1693
29.1056,1684
29.1083,1679
29.1111,1686
29.1139,1690
29.1167,1703
29.1194,1722
29.1222,1741
29.1250,1754
29.1278,1748
29.1306,1732
29.1333,1716
29.1361,1697
29.1389,1697
29.1417,1708
29.1444,1730
29.1472,1761
29.1500,1785
29.1528,1788
29.1556,1777
29.1583,1758
29.1611,1750
29.1639,1751
29.1667,1737
29.1694,1724
29.1722,1683
29.1750,1650
29.1778,1640
29.1806,1653
29.1833,1659
29.1861,1690
29.1889,1713
29.1917,1726
29.1944,1719
29.1972,1711
29.2000,1727
29.2028,1748
29.2056,1776
29.2083,1801
29.2111,1814
29.2139,1820
29.2167,1827
29.2194,1817
29.2222,1811
29.2250,1810
29.2278,1808
29.2306,1833
29.2333,1862
29.2361,1871
29.2389,1858
29.2417,1834
29.2444,1802
29.2472,1757
29.2500,1716
29.2528,1693
29.2556,1688
29.2583,1684
29.2611,1665
29.2639,1651
29.2667,1634
29.2694,1618
29.2722,1593
29.2750,1581
29.2778,1590
29.2806,1592
29.2833,1599
29.2861,1592
29.2889,1578
29.2917,1588
29.2944,1601
29.2972,1598
29.3000,1594
29.3028,1605
29.3056,1608
29.3083,1612
29.3111,1625
29.3139,1671
29.3167,1716
29.3194,1740
29.3222,1733
29.3250,1705
29.3278,1667
29.3306,1656
29.3333,1691
29.3361,1811
29.3389,1961
29.3417,2094
29.3444,2148
29.3472,2061
29.3500,1866
29.3528,1684
29.3556,1590
29.3583,1549
29.3611,1542
29.3639,1526
29.3667,1488
29.3694,1470
29.3722,1456
29.3750,1438
29.3778,1409
29.3806,1397
29.3833,1408
29.3861,1474
29.3889,1557
29.3917,1630
29.3944,1668
29.3972,1671
29.4000,1645
29.4028,1632
29.4056,1634
29.4083,1644
29.4111,1674
29.4139,1672
29.4167,1655
29.4194,1644
29.4222,1629
29.4250,1621
29.4278,1652
29.4306,1718
29.4333,1786
29.4361,1808
29.4389,1787
29.4417,1744
29.4444,1697
29.4472,1652
29.4500,1640
29.4528,1627
29.4556,1637
29.4583,1661
29.4611,1696
29.4639,1727
29.4667,1750
29.4694,1784
29.4722,1794
29.4750,1790
29.4778,1753
29.4806,1705
29.4833,1679
29.4861,1663
29.4889,1662
29.4917,1677
29.4944,1685
29.4972,1679
29.5000,1684
29.5028,1699
29.5056,1718
29.5083,1747
29.5111,1756
29.5139,1753
29.5167,1719
29.5194,1709
29.5222,1720
29.5250,1749
29.5278,1765
29.5306,1771
29.5333,1767
29.5361,1723
29.5389,1723
29.5417,1727
29.5444,1706
29.5472,1676
29.5500,1650
29.5528,1640
29.5556,1651
29.5583,1658
29.5611,1650
29.5639,1657
29.5667,1652
29.5694,1667
29.5722,1670
29.5750,1671
29.5778,1672
29.5806,1677
29.5833,1668
29.5861,1659
29.5889,1658
29.5917,1668
29.5944,1685
29.5972,1679
29.6000,1663
29.6028,1658
29.6056,1641
29.6083,1655
29.6111,1678
29.6139,1687
29.6167,1687
29.6194,1696
29.6222,1706
29.6250,1723
29.6278,1732
29.6306,1734
29.6333,1725
29.6361,1717
29.6389,1697
29.6417,1677
29.6444,1670
29.6472,1655
29.6500,1641
29.6528,1619
29.6556,1602
29.6583,1597
29.6611,1617
29.6639,1641
29.6667,1685
29.6694,1714
29.6722,1727
29.6750,1729
29.6778,1714
29.6806,1706
29.6833,1710
29.6861,1706
29.6889,1702
29.6917,1702
29.6944,1702
29.6972,1696
29.7000,1701
29.7028,1713
29.7056,1761
29.7083,1805
29.7111,1820
29.7139,1825
29.7167,1815
29.7194,1806
29.7222,1804
29.7250,1822
29.7278,1816
29.7306,1811
29.7333,1798
29.7361,1810
29.7389,1814
29.7417,1837
29.7444,1864
29.7472,1867
29.7500,1849
29.7528,1830
29.7556,1804
29.7583,1761
29.7611,1728
29.7639,1697
29.7667,1689
29.7694,1674
29.7722,1640
29.7750,1616
29.7778,1626
29.7806,1629
29.7833,1628
29.7861,1590
29.7889,1551
29.7917,1542
29.7944,1554
29.7972,1586
29.8000,1600
29.8028,1594
29.8056,1599
29.8083,1582
29.8111,1573
29.8139,1559
29.8167,1542
29.8194,1517
29.8222,1512
29.8250,1543
29.8278,1576
29.8306,1610
29.8333,1618
29.8361,1651
29.8389,1664
29.8417,1664
29.8444,1678
29.8472,1718
29.8500,1792
29.8528,1911
29.8556,2033
29.8583,2139
29.8611,2189
29.8639,2118
29.8667,1957
29.8694,1754
29.8722,1612
29.8750,1519
29.8778,1476
29.8806,1459
29.8833,1435
29.8861,1413
29.8889,1366
29.8917,1343
29.8944,1357
29.8972,1418
29.9000,1491
29.9028,1551
29.9056,1585
29.9083,1624
29.9111,1653
29.9139,1671
29.9167,1658
29.9194,1635
29.9222,1597
29.9250,1597
29.9278,1609
29.9306,1617
29.9333,1633
29.9361,1634
29.9389,1630
29.9417,1633
29.9444,1658
29.9472,1687
29.9500,1693
29.9528,1676
29.9556,1661
29.9583,1658
29.9611,1669
29.9639,1682
29.9667,1710
29.9694,1757
29.9722,1804
29.9750,1806
29.9778,1778
29.9806,1720
29.9833,1628
29.9861,1590
29.9889,1583
29.9917,1596
29.9944,1647
29.9972,1682
30.0000,1709
30.0028,1722
30.0056,1738
30.0083,1752
30.0111,1751
30.0139,1730
30.0167,1705
30.0194,1688
30.0222,1691
30.0250,1720
30.0278,1720
30.0306,1695
30.0333,1690
30.0361,1696
30.0389,1701
30.0417,1701
30.0444,1697
30.0472,1710
30.0500,1720
30.0528,1735
30.0556,1757
30.0583,1777
30.0611,1808
30.0639,1835
30.0667,1722
30.0694,1735
30.0722,1760
30.0750,1778
30.0778,1790
30.0806,1804
30.0833,1786
30.0861,1751
30.0889,1703
30.0917,1659
30.0944,1634
30.0972,1607
30.1000,1586
30.1028,1604
30.1056,1629
30.1083,1633
30.1111,1643
30.1139,1635
30.1167,1647
30.1194,1676
30.1222,1657
30.1250,1645
30.1278,1644
30.1306,1676
30.1333,1708
30.1361,1725
30.1389,1746
30.1417,1721
30.1444,1691
30.1472,1658
30.1500,1624
30.1528,1593
30.1556,1615
30.1583,1638
30.1611,1645
30.1639,1618
30.1667,1587
30.1694,1592
30.1722,1633
30.1750,1692
30.1778,1741
30.1806,1754
30.1833,1755
30.1861,1747
30.1889,1708
30.1917,1677
30.1944,1632
30.1972,1609
30.2000,1594
30.2028,1640
30.2056,1736
30.2083,1883
30.2111,2058
30.2139,2176
30.2167,2159
30.2194,2067
30.2222,1913
30.2250,1765
30.2278,1690
30.2306,1683
30.2333,1732
30.2361,1760
30.2389,1761
30.2417,1724
30.2444,1680
30.2472,1632
30.2500,1614
30.2528,1617
30.2556,1626
30.2583,1671
30.2611,1710
30.2639,1773
30.2667,1808
30.2694,1785
30.2722,1741
30.2750,1705
30.2778,1681
30.2806,1674
30.2833,1675
30.2861,1692
30.2889,1693
30.2917,1686
30.2944,1646
30.2972,1599
30.3000,1575
30.3028,1575
30.3056,1591
30.3083,1600
30.3111,1605
30.3139,1607
30.3167,1594
30.3194,1603
30.3222,1649
30.3250,1694
30.3278,1730
30.3306,1735
30.3333,1705
30.3361,1654
30.3389,1599
30.3417,1552
30.3444,1539
30.3472,1563
30.3500,1618
30.3528,1677
30.3556,1706
30.3583,1707
30.3611,1700
30.3639,1709
30.3667,1742
30.3694,1799
30.3722,1882
30.3750,1982
30.3778,2068
30.3806,2118
30.3833,2073
30.3861,1924
30.3889,1773
30.3917,1659
30.3944,1584
30.3972,1506
30.4000,1429
30.4028,1384
30.4056,1371
30.4083,1400
30.4111,1445
30.4139,1484
30.4167,1507
30.4194,1545
30.4222,1608
30.4250,1653
30.4278,1686
30.4306,1693
30.4333,1655
30.4361,1606
30.4389,1596
30.4417,1603
30.4444,1616
30.4472,1647
30.4500,1673
30.4528,1688
30.4556,1700
30.4583,1714
30.4611,1725
30.4639,1739
30.4667,1753
30.4694,1754
30.4722,1743
30.4750,1729
30.4778,1734
30.4806,1737
30.4833,1728
30.4861,1724
30.4889,1714
30.4917,1710
30.4944,1715
30.4972,1727
30.5000,1753
30.5028,1760
30.5056,1771
30.5083,1753
30.5111,1720
30.5139,1675
30.5167,1651
30.5194,1642
30.5222,1652
30.5250,1663
30.5278,1693
30.5306,1704
30.5333,1703
30.5361,1699
30.5389,1706
30.5417,1729
30.5444,1739
30.5472,1754
30.5500,1786
30.5528,1829
30.5556,1858
30.5583,1855
30.5611,1826
30.5639,1790
30.5667,1767
30.5694,1754
30.5722,1760
30.5750,1771
30.5778,1764
30.5806,1765
30.5833,1788
30.5861,1773
30.5889,1781
30.5917,1791
30.5944,1826
30.5972,1841
30.6000,1836
30.6028,1798
30.6056,1771
30.6083,1770
30.6111,1805
30.6139,1811
30.6167,1800
30.6194,1761
30.6222,1732
30.6250,1703
30.6278,1683
30.6306,1676
30.6333,1680
30.6361,1688
30.6389,1681
30.6417,1671
30.6444,1672
30.6472,1694
30.6500,1698
30.6528,1699
30.6556,1711
30.6583,1726
30.6611,1733
30.6639,1743
30.6667,1752
30.6694,1750
30.6722,1747
30.6750,1768
30.6778,1798
30.6806,1829
30.6833,1853
30.6861,1852
30.6889,1839
30.6917,1815
30.6944,1804
30.6972,1771
30.7000,1754
30.7028,1725
30.7056,1732
30.7083,1734
30.7111,1738
30.7139,1747
30.7167,1764
30.7194,1765
30.7222,1779
30.7250,1811
30.7278,1818
30.7306,1814
30.7333,1779
30.7361,1721
30.7389,1657
30.7417,1632
30.7444,1639
30.7472,1670
30.7500,1712
30.7528,1743
30.7556,1760
30.7583,1757
30.7611,1753
30.7639,1777
30.7667,1812
30.7694,1851
30.7722,1876
30.7750,1883
30.7778,1896
30.7806,1914
30.7833,1909
30.7861,1904
30.7889,1878
30.7917,1863
30.7944,1855
30.7972,1870
30.8000,1919
30.8028,1944
30.8056,1936
30.8083,1913
30.8111,1886
30.8139,1863
30.8167,1847
30.8194,1830
30.8222,1801
30.8250,1756
30.8278,1696
30.8306,1657
30.8333,1650
30.8361,1658
30.8389,1663
30.8417,1680
30.8444,1660
30.8472,1632
30.8500,1607
30.8528,1580
30.8556,1565
30.8583,1566
30.8611,1577
30.8639,1597
30.8667,1630
30.8694,1648
30.8722,1656
30.8750,1662
30.8778,1647
30.8806,1646
30.8833,1634
30.8861,1652
30.8889,1668
30.8917,1677
30.8944,1686
30.8972,1681
30.9000,1712
30.9028,1793
30.9056,1936
30.9083,2103
30.9111,2259
30.9139,2329
30.9167,2317
30.9194,2165
30.9222,1929
30.9250,1704
30.9278,1553
30.9306,1454
30.9333,1389
30.9361,1344
30.9389,1330
30.9417,1343
30.9444,1389
30.9472,1431
30.9500,1471
30.9528,1527
30.9556,1601
30.9583,1671
30.9611,1731
30.9639,1770
30.9667,1773
30.9694,1768
30.9722,1747
30.9750,1724
30.9778,1731
30.9806,1739
30.9833,1746
30.9861,1743
30.9889,1744
30.9917,1733
30.9944,1721
30.9972,1722
31.0000,1785
31.0028,1871
31.0056,1927
31.0083,1927
31.0111,1875
31.0139,1778
31.0167,1682
31.0194,1614
31.0222,1608
31.0250,1635
31.0278,1679
31.0306,1706
31.0333,1739
31.0361,1746
31.0389,1747
31.0417,1772
31.0444,1755
31.0472,1744
31.0500,1724
31.0528,1711
31.0556,1701
31.0583,1710
31.0611,1729
31.0639,1749
31.0667,1752
31.0694,1757
31.0722,1774
31.0750,1768
31.0778,1763
31.0806,1776
31.0833,1794
31.0861,1795
31.0889,1806
31.0917,1816
31.0944,1847
31.0972,1880
31.1000,1882
31.1028,1870
31.1056,1851
31.1083,1828
31.1111,1811
31.1139,1810
31.1167,1798
31.1194,1861
31.1222,1879
31.1250,1902
31.1278,1896
31.1306,1848
31.1333,1792
31.1361,1745
31.1389,1742
31.1417,1732
31.1444,1721
31.1472,1701
31.1500,1671
31.1528,1638
31.1556,1632
31.1583,1637
31.1611,1661
31.1639,1668
31.1667,1655
31.1694,1637
31.1722,1628
31.1750,1630
31.1778,1654
31.1806,1692
31.1833,1714
31.1861,1727
31.1889,1715
31.1917,1719
31.1944,1721
31.1972,1731
31.2000,1756
31.2028,1765
31.2056,1767
31.2083,1759
31.2111,1752
31.2139,1770
31.2167,1793
31.2194,1826
31.2222,1851
31.2250,1838
31.2278,1815
31.2306,1783
31.2333,1745
31.2361,1734
31.2389,1720
31.2417,1713
31.2444,1696
31.2472,1692
31.2500,1676
31.2528,1661
31.2556,1655
31.2583,1667
31.2611,1671
31.2639,1689
31.2667,1702
31.2694,1708
31.2722,1696
31.2750,1691
31.2778,1690
31.2806,1683
31.2833,1703
31.2861,1708
31.2889,1724
31.2917,1730
31.2944,1742
31.2972,1737
31.3000,1729
31.3028,1725
31.3056,1717
31.3083,1711
31.3111,1708
31.3139,1715
31.3167,1714
31.3194,1731
31.3222,1758
31.3250,1771
31.3278,1777
31.3306,1781
31.3333,1773
31.3361,1757
31.3389,1742
31.3417,1751
31.3444,1735
31.3472,1712
31.3500,1665
31.3528,1627
31.3556,1612
31.3583,1619
31.3611,1663
31.3639,1714
31.3667,1749
31.3694,1788
31.3722,1809
31.3750,1832
31.3778,1850
31.3806,1859
31.3833,1852
31.3861,1839
31.3889,1848
31.3917,1872
31.3944,1884
31.3972,1880
31.4000,1884
31.4028,1866
31.4056,1862
31.4083,1845
31.4111,1823
31.4139,1807
31.4167,1787
31.4194,1779
31.4222,1779
31.4250,1771
31.4278,1773
31.4306,1748
31.4333,1724
31.4361,1676
31.4389,1643
31.4417,1640
31.4444,1642
31.4472,1643
31.4500,1637
31.4528,1620
31.4556,1600
31.4583,1597
31.4611,1586
31.4639,1573
31.4667,1574
31.4694,1574
31.4722,1592
31.4750,1613
31.4778,1620
31.4806,1633
31.4833,1635
31.4861,1653
31.4889,1666
31.4917,1679
31.4944,1695
31.4972,1692
31.5000,1699
31.5028,1705
31.5056,1732
31.5083,1822
31.5111,1947
31.5139,2072
31.5167,2128
31.5194,2109
31.5222,1988
31.5250,1809
31.5278,1676
31.5306,1628
31.5333,1598
31.5361,1535
31.5389,1418
31.5417,1293
31.5444,1219
31.5472,1217
31.5500,1302
31.5528,1408
31.5556,1508
31.5583,1596
31.5611,1674
31.5639,1706
31.5667,1710
31.5694,1712
31.5722,1687
31.5750,1660
31.5778,1656
31.5806,1651
31.5833,1665
31.5861,1673
31.5889,1677
31.5917,1696
31.5944,1697
31.5972,1697
31.6000,1705
31.6028,1723
31.6056,1740
31.6083,1745
31.6111,1749
31.6139,1758
31.6167,1769
31.6194,1767
31.6222,1779
31.6250,1780
31.6278,1756
31.6306,1732
31.6333,1707
31.6361,1700
31.6389,1719
31.6417,1738
31.6444,1737
31.6472,1740
31.6500,1737
31.6528,1728
31.6556,1704
31.6583,1694
31.6611,1689
31.6639,1691
31.6667,1694
31.6694,1717
31.6722,1711
31.6750,1715
31.6778,1711
31.6806,1724
31.6833,1743
31.6861,1761
31.6889,1772
31.6917,1777
31.6944,1777
31.6972,1771
31.7000,1773
31.7028,1773
31.7056,1769
31.7083,1791
31.7111,1811
31.7139,1835
31.7167,1841
31.7194,1854
31.7222,1707
31.7250,1715
31.7278,1677
31.7306,1669
31.7333,1675
31.7361,1699
31.7389,1732
31.7417,1761
31.7444,1774
31.7472,1780
31.7500,1767
31.7528,1745
31.7556,1736
31.7583,1752
31.7611,1776
31.7639,1784
31.7667,1771
31.7694,1744
31.7722,1697
31.7750,1651
31.7778,1632
31.7806,1648
31.7833,1677
31.7861,1710
31.7889,1738
31.7917,1738
31.7944,1731
31.7972,1727
31.8000,1728
31.8028,1730
31.8056,1740
31.8083,1760
31.8111,1777
31.8139,1786
31.8167,1792
31.8194,1788
31.8222,1806
31.8250,1849
31.8278,1858
31.8306,1838
31.8333,1792
31.8361,1750
31.8389,1749
31.8417,1758
31.8444,1772
31.8472,1772
31.8500,1760
31.8528,1745
31.8556,1728
31.8583,1725
31.8611,1720
31.8639,1706
31.8667,1711
31.8694,1710
31.8722,1718
31.8750,1730
31.8778,1756
31.8806,1783
31.8833,1783
31.8861,1782
31.8889,1769
31.8917,1746
31.8944,1716
31.8972,1714
31.9000,1710
31.9028,1704
31.9056,1713
31.9083,1713
31.9111,1718
31.9139,1725
31.9167,1724
31.9194,1716
31.9222,1687
31.9250,1697
31.9278,1706
31.9306,1725
31.9333,1730
31.9361,1723
31.9389,1717
31.9417,1713
31.9444,1722
31.9472,1725
31.9500,1724
31.9528,1711
31.9556,1682
31.9583,1662
31.9611,1650
31.9639,1649
31.9667,1655
31.9694,1684
31.9722,1699
31.9750,1730
31.9778,1726
31.9806,1703
31.9833,1666
31.9861,1651
31.9889,1661
31.9917,1676
31.9944,1682
31.9972,1676
32.0000,1678
32.0028,1689
32.0056,1717
32.0083,1727
32.0111,1731
32.0139,1735
32.0167,1724
32.0194,1719
32.0222,1706
32.0250,1712
32.0278,1695
32.0306,1696
32.0333,1705
32.0361,1725
32.0389,1747
32.0417,1783
32.0444,1811
32.0472,1823
32.0500,1845
32.0528,1864
32.0556,1883
32.0583,1893
32.0611,1887
32.0639,1861
32.0667,1839
32.0694,1801
32.0722,1768
32.0750,1751
32.0778,1751
32.0806,1751
32.0833,1736
32.0861,1715
32.0889,1719
32.0917,1751
32.0944,1784
32.0972,1793
32.1000,1774
32.1028,1737
32.1056,1676
32.1083,1620
32.1111,1593
32.1139,1572
32.1167,1572
32.1194,1576
32.1222,1601
32.1250,1609
32.1278,1601
32.1306,1588
32.1333,1586
32.1361,1610
32.1389,1644
32.1417,1667
32.1444,1675
32.1472,1673
32.1500,1685
32.1528,1685
32.1556,1694
32.1583,1694
32.1611,1678
32.1639,1649
32.1667,1634
32.1694,1668
32.1722,1761
32.1750,1885
32.1778,1993
32.1806,2051
32.1833,2073
32.1861,1988
32.1889,1863
32.1917,1765
32.1944,1692
32.1972,1629
32.2000,1550
32.2028,1471
32.2056,1422
32.2083,1401
32.2111,1398
32.2139,1414
32.2167,1455
32.2194,1508
32.2222,1569
32.2250,1616
32.2278,1648
32.2306,1695
32.2333,1725
32.2361,1714
32.2389,1699
32.2417,1679
32.2444,1669
32.2472,1652
32.2500,1630
32.2528,1609
32.2556,1614
32.2583,1646
32.2611,1682
32.2639,1713
32.2667,1741
32.2694,1760
32.2722,1767
32.2750,1758
32.2778,1751
32.2806,1744
32.2833,1734
32.2861,1737
32.2889,1725
32.2917,1714
32.2944,1685
32.2972,1676
32.3000,1676
32.3028,1697
32.3056,1741
32.3083,1778
32.3111,1790
32.3139,1778
32.3167,1748
32.3194,1738
32.3222,1722
32.3250,1717
32.3278,1713
32.3306,1713
32.3333,1698
32.3361,1689
32.3389,1689
32.3417,1690
32.3444,1698
32.3472,1698
32.3500,1715
32.3528,1722
32.3556,1729
32.3583,1733
32.3611,1742
32.3639,1754
32.3667,1749
32.3694,1736
32.3722,1691
32.3750,1681
32.3778,1656
32.3806,1654
32.3833,1661
32.3861,1661
32.3889,1680
32.3917,1690
32.3944,1693
32.3972,1700
32.4000,1704
32.4028,1711
32.4056,1732
32.4083,1741
32.4111,1751
32.4139,1737
32.4167,1725
32.4194,1717
32.4222,1709
32.4250,1729
32.4278,1749
32.4306,1763
32.4333,1770
32.4361,1769
32.4389,1761
32.4417,1766
32.4444,1774
32.4472,1776
32.4500,1774
32.4528,1753
32.4556,1763
32.4583,1779
32.4611,1809
32.4639,1848
32.4667,1855
32.4694,1846
32.4722,1819
32.4750,1770
32.4778,1753
32.4806,1728
32.4833,1713
32.4861,1712
32.4889,1719
32.4917,1732
32.4944,1735
32.4972,1737
32.5000,1730
32.5028,1742
32.5056,1753
32.5083,1769
32.5111,1796
32.5139,1804
32.5167,1796
32.5194,1767
32.5222,1747
32.5250,1753
32.5278,1764
32.5306,1773
32.5333,1777
32.5361,1769
32.5389,1748
32.5417,1739
32.5444,1753
32.5472,1759
32.5500,1777
32.5528,1784
32.5556,1786
32.5583,1783
32.5611,1765
32.5639,1755
32.5667,1735
32.5694,1726
32.5722,1701
32.5750,1694
32.5778,1700
32.5806,1705
32.5833,1715
32.5861,1708
32.5889,1720
32.5917,1729
32.5944,1751
32.5972,1765
32.6000,1760
32.6028,1749
32.6056,1733
32.6083,1716
32.6111,1707
32.6139,1699
32.6167,1712
32.6194,1724
32.6222,1732
32.6250,1732
32.6278,1736
32.6306,1743
32.6333,1734
32.6361,1740
32.6389,1734
32.6417,1733
32.6444,1722
32.6472,1726
32.6500,1742
32.6528,1758
32.6556,1767
32.6583,1754
32.6611,1732
32.6639,1707
32.6667,1705
32.6694,1704
32.6722,1697
32.6750,1693
32.6778,1691
32.6806,1691
32.6833,1698
32.6861,1707
32.6889,1720
32.6917,1730
32.6944,1734
32.6972,1752
32.7000,1764
32.7028,1771
32.7056,1766
32.7083,1765
32.7111,1759
32.7139,1743
32.7167,1738
32.7194,1713
32.7222,1713
32.7250,1734
32.7278,1771
32.7306,1790
32.7333,1811
32.7361,1829
32.7389,1854
32.7417,1861
32.7444,1864
32.7472,1867
32.7500,1861
32.7528,1863
32.7556,1857
32.7583,1873
32.7611,1877
32.7639,1891
32.7667,1890
32.7694,1874
32.7722,1846
32.7750,1816
32.7778,1786
32.7806,1764
32.7833,1747
32.7861,1727
32.7889,1717
32.7917,1717
32.7944,1704
32.7972,1689
32.8000,1671
32.8028,1666
32.8056,1669
32.8083,1686
32.8111,1691
32.8139,1687
32.8167,1659
32.8194,1637
32.8222,1623
32.8250,1619
32.8278,1606
32.8306,1610
32.8333,1625
32.8361,1639
32.8389,1638
32.8417,1632
32.8444,1627
32.8472,1611
32.8500,1619
32.8528,1637
32.8556,1666
32.8583,1697
32.8611,1720
32.8639,1720
32.8667,1739
32.8694,1773
32.8722,1838
32.8750,1941
32.8778,2026
32.8806,2089
32.8833,2031
32.8861,1875
32.8889,1724
32.8917,1601
32.8944,1542
32.8972,1508
32.9000,1475
32.9028,1463
32.9056,1455
32.9083,1441
32.9111,1448
32.9139,1483
32.9167,1551
32.9194,1621
32.9222,1663
32.9250,1669
32.9278,1674
32.9306,1670
32.9333,1680
32.9361,1688
32.9389,1712
32.9417,1740
32.9444,1748
32.9472,1762
32.9500,1753
32.9528,1721
32.9556,1666
32.9583,1632
32.9611,1611
32.9639,1620
32.9667,1647
32.9694,1682
32.9722,1690
32.9750,1697
32.9778,1689
32.9806,1695
32.9833,1698
32.9861,1713
32.9889,1722
32.9917,1734
32.9944,1727
32.9972,1721
33.0000,1736
33.0028,1758
33.0056,1772
33.0083,1776
33.0111,1787
33.0139,1815
33.0167,1835
33.0194,1848
33.0222,1832
33.0250,1798
33.0278,1752
33.0306,1714
33.0333,1694
33.0361,1673
33.0389,1675
33.0417,1683
33.0444,1686
33.0472,1703
33.0500,1727
33.0528,1741
33.0556,1752
33.0583,1759
33.0611,1758
33.0639,1759
33.0667,1760
33.0694,1755
33.0722,1760
33.0750,1737
33.0778,1734
33.0806,1740
33.0833,1745
33.0861,1722
33.0889,1740
33.0917,1757
33.0944,1765
33.0972,1762
33.1000,1737
33.1028,1728
33.1056,1716
33.1083,1712
33.1111,1711
33.1139,1710
33.1167,1712
33.1194,1729
33.1222,1746
33.1250,1761
33.1278,1769
33.1306,1772
33.1333,1752
33.1361,1723
33.1389,1711
33.1417,1716
33.1444,1740
33.1472,1773
33.1500,1776
33.1528,1745
33.1556,1709
33.1583,1677
33.1611,1670
33.1639,1692
33.1667,1713
33.1694,1726
33.1722,1735
33.1750,1765
33.1778,1775
33.1806,1761
33.1833,1739
33.1861,1724
33.1889,1713
33.1917,1696
33.1944,1684
33.1972,1671
33.2000,1668
33.2028,1672
33.2056,1699
33.2083,1715
33.2111,1727
33.2139,1727
33.2167,1726
33.2194,1709
33.2222,1710
33.2250,1736
33.2278,1750
33.2306,1748
33.2333,1738
33.2361,1725
33.2389,1693
33.2417,1667
33.2444,1664
33.2472,1669
33.2500,1685
33.2528,1695
33.2556,1695
33.2583,1685
33.2611,1691
33.2639,1705
33.2667,1709
33.2694,1706
33.2722,1705
33.2750,1707
33.2778,1714
33.2806,1726
33.2833,1737
33.2861,1737
33.2889,1723
33.2917,1700
33.2944,1676
33.2972,1656
33.3000,1639
33.3028,1646
33.3056,1638
33.3083,1647
33.3111,1659
33.3139,1662
33.3167,1671
33.3194,1671
33.3222,1670
33.3250,1665
33.3278,1652
33.3306,1661
33.3333,1678
33.3361,1713
33.3389,1738
33.3417,1748
33.3444,1765
33.3472,1789
33.3500,1783
33.3528,1772
33.3556,1726
33.3583,1676
33.3611,1643
33.3639,1633
33.3667,1638
33.3694,1656
33.3722,1684
33.3750,1718
33.3778,1731
33.3806,1728
33.3833,1694
33.3861,1673
33.3889,1659
33.3917,1647
33.3944,1651
33.3972,1654
33.4000,1683
33.4028,1688
33.4056,1700
33.4083,1700
33.4111,1708
33.4139,1704
33.4167,1701
33.4194,1691
33.4222,1698
33.4250,1721
33.4278,1771
33.4306,1810
33.4333,1848
33.4361,1858
33.4389,1850
33.4417,1825
33.4444,1812
33.4472,1823
33.4500,1846
33.4528,1864
33.4556,1901
33.4583,1917
33.4611,1921
33.4639,1890
33.4667,1885
33.4694,1862
33.4722,1855
33.4750,1856
33.4778,1840
33.4806,1812
33.4833,1776
33.4861,1749
33.4889,1721
33.4917,1695
33.4944,1682
33.4972,1670
33.5000,1652
33.5028,1645
33.5056,1644
33.5083,1650
33.5111,1652
33.5139,1635
33.5167,1618
33.5194,1623
33.5222,1642
33.5250,1680
33.5278,1718
33.5306,1731
33.5333,1718
33.5361,1679
33.5389,1638
33.5417,1609
33.5444,1589
33.5472,1596
33.5500,1608
33.5528,1649
33.5556,1691
33.5583,1697
33.5611,1692
33.5639,1676
33.5667,1661
33.5694,1668
33.5722,1741
33.5750,1846
33.5778,1978
33.5806,2050
33.5833,2078
33.5861,1997
33.5889,1836
33.5917,1704
33.5944,1614
33.5972,1568
33.6000,1517
33.6028,1469
33.6056,1440
33.6083,1445
33.6111,1465
33.6139,1497
33.6167,1538
33.6194,1590
33.6222,1655
33.6250,1692
33.6278,1736
33.6306,1778
33.6333,1776
33.6361,1765
33.6389,1747
33.6417,1716
33.6444,1709
33.6472,1724
33.6500,1727
33.6528,1704
33.6556,1697
33.6583,1691
33.6611,1696
33.6639,1722
33.6667,1733
33.6694,1739
33.6722,1725
33.6750,1709
33.6778,1692
33.6806,1705
33.6833,1710
33.6861,1722
33.6889,1739
33.6917,1747
33.6944,1748
33.6972,1729
33.7000,1719
33.7028,1738
33.7056,1763
33.7083,1791
33.7111,1796
33.7139,1788
33.7167,1759
33.7194,1744
33.7222,1736
33.7250,1763
33.7278,1800
33.7306,1834
33.7333,1834
33.7361,1835
33.7389,1823
33.7417,1811
33.7444,1802
33.7472,1784
33.7500,1766
33.7528,1746
33.7556,1726
33.7583,1731
33.7611,1721
33.7639,1720
33.7667,1722
33.7694,1738
33.7722,1808
33.7750,1818
33.7778,1840
33.7806,1838
33.7833,1793
33.7861,1736
33.7889,1692
33.7917,1670
33.7944,1686
33.7972,1720
33.8000,1754
33.8028,1762
33.8056,1759
33.8083,1759
33.8111,1750
33.8139,1734
33.8167,1736
33.8194,1744
33.8222,1752
33.8250,1767
33.8278,1767
33.8306,1774
33.8333,1771
33.8361,1759
33.8389,1764
33.8417,1787
33.8444,1794
33.8472,1797
33.8500,1811
33.8528,1803
33.8556,1792
33.8583,1779
33.8611,1781
33.8639,1773
33.8667,1784
33.8694,1789
33.8722,1802
33.8750,1824
33.8778,1831
33.8806,1838
33.8833,1837
33.8861,1830
33.8889,1830
33.8917,1807
33.8944,1785
33.8972,1785
33.9000,1827
33.9028,1842
33.9056,1843
33.9083,1820
33.9111,1764
33.9139,1725
33.9167,1704
33.9194,1685
33.9222,1686
33.9250,1706
33.9278,1726
33.9306,1753
33.9333,1758
33.9361,1759
33.9389,1746
33.9417,1742
33.9444,1738
33.9472,1743
33.9500,1755
33.9528,1761
33.9556,1765
33.9583,1761
33.9611,1751
33.9639,1745
33.9667,1762
33.9694,1753
33.9722,1763
33.9750,1774
33.9778,1760
33.9806,1763
33.9833,1776
33.9861,1786
33.9889,1797
33.9917,1807
33.9944,1807
33.9972,1813
34.0000,1804
34.0028,1791
34.0056,1783
34.0083,1776
34.0111,1771
34.0139,1787
34.0167,1794
34.0194,1796
34.0222,1772
34.0250,1756
34.0278,1726
34.0306,1706
34.0333,1703
34.0361,1719
34.0389,1734
34.0417,1732
34.0444,1728
34.0472,1745
34.0500,1760
34.0528,1774
34.0556,1792
34.0583,1776
34.0611,1759
34.0639,1735
34.0667,1714
34.0694,1711
34.0722,1740
34.0750,1774
34.0778,1794
34.0806,1826
34.0833,1836
34.0861,1842
34.0889,1843
34.0917,1830
34.0944,1819
34.0972,1812
34.1000,1816
34.1028,1830
34.1056,1852
34.1083,1868
34.1111,1869
34.1139,1893
34.1167,1904
34.1194,1931
34.1222,1952
34.1250,1970
34.1278,1965
34.1306,1941
34.1333,1899
34.1361,1865
34.1389,1858
34.1417,1849
34.1444,1855
34.1472,1843
34.1500,1819
34.1528,1771
34.1556,1736
34.1583,1727
34.1611,1725
34.1639,1715
34.1667,1724
34.1694,1719
34.1722,1713
34.1750,1705
34.1778,1687
34.1806,1670
34.1833,1677
34.1861,1695
34.1889,1695
34.1917,1682
34.1944,1681
34.1972,1677
34.2000,1692
34.2028,1695
34.2056,1714
34.2083,1721
34.2111,1712
34.2139,1678
34.2167,1650
34.2194,1635
34.2222,1630
34.2250,1664
34.2278,1694
34.2306,1708
34.2333,1727
34.2361,1773
34.2389,1851
34.2417,1946
34.2444,2046
34.2472,2129
34.2500,2159
34.2528,2039
34.2556,1840
34.2583,1651
34.2611,1535
34.2639,1478
34.2667,1455
34.2694,1450
34.2722,1456
34.2750,1461
34.2778,1449
34.2806,1437
34.2833,1456
34.2861,1533
34.2889,1610
34.2917,1678
34.2944,1720
34.2972,1740
34.3000,1737
34.3028,1705
34.3056,1668
34.3083,1639
34.3111,1652
34.3139,1668
34.3167,1696
34.3194,1699
34.3222,1705
34.3250,1690
34.3278,1681
34.3306,1668
34.3333,1685
34.3361,1704
34.3389,1723
34.3417,1726
34.3444,1713
34.3472,1696
34.3500,1692
34.3528,1711
34.3556,1741
34.3583,1769
34.3611,1775
34.3639,1784
34.3667,1780
34.3694,1774
34.3722,1745
34.3750,1712
34.3778,1699
34.3806,1705
34.3833,1693
34.3861,1704
34.3889,1717
34.3917,1709
34.3944,1707
34.3972,1707
34.4000,1709
34.4028,1719
34.4056,1705
34.4083,1708
34.4111,1712
34.4139,1719
34.4167,1736
34.4194,1757
34.4222,1761
34.4250,1770
34.4278,1750
34.4306,1753
34.4333,1745
34.4361,1765
34.4389,1769
34.4417,1762
34.4444,1761
34.4472,1761
34.4500,1768
34.4528,1746
34.4556,1748
34.4583,1763
34.4611,1767
34.4639,1742
34.4667,1719
34.4694,1714
34.4722,1733
34.4750,1750
34.4778,1748
34.4806,1727
34.4833,1718
34.4861,1710
34.4889,1717
34.4917,1729
34.4944,1746
34.4972,1739
34.5000,1731
34.5028,1715
34.5056,1711
34.5083,1705
34.5111,1706
34.5139,1723
34.5167,1731
34.5194,1741
34.5222,1765
34.5250,1776
34.5278,1776
34.5306,1771
34.5333,1752
34.5361,1736
34.5389,1717
34.5417,1689
34.5444,1690
34.5472,1682
34.5500,1681
34.5528,1668
34.5556,1673
34.5583,1663
34.5611,1654
34.5639,1639
34.5667,1629
34.5694,1636
34.5722,1650
34.5750,1671
34.5778,1685
34.5806,1684
34.5833,1667
34.5861,1663
34.5889,1663
34.5917,1675
34.5944,1683
34.5972,1692
34.6000,1677
34.6028,1687
34.6056,1706
34.6083,1747
34.6111,1785
34.6139,1805
34.6167,1790
34.6194,1740
34.6222,1676
34.6250,1611
34.6278,1565
34.6306,1532
34.6333,1539
34.6361,1579
34.6389,1628
34.6417,1668
34.6444,1691
34.6472,1684
34.6500,1659
34.6528,1637
34.6556,1625
34.6583,1618
34.6611,1619
34.6639,1630
34.6667,1644
34.6694,1649
34.6722,1654
34.6750,1635
34.6778,1630
34.6806,1635
34.6833,1665
34.6861,1679
34.6889,1692
34.6917,1700
34.6944,1714
34.6972,1723
34.7000,1737
34.7028,1747
34.7056,1759
34.7083,1756
34.7111,1737
34.7139,1715
34.7167,1673
34.7194,1646
34.7222,1630
34.7250,1642
34.7278,1639
34.7306,1652
34.7333,1654
34.7361,1664
34.7389,1660
34.7417,1665
34.7444,1686
34.7472,1707
34.7500,1731
34.7528,1751
34.7556,1777
34.7583,1812
34.7611,1840
34.7639,1879
34.7667,1895
34.7694,1910
34.7722,1911
34.7750,1920
34.7778,1909
34.7806,1891
34.7833,1864
34.7861,1839
34.7889,1817
34.7917,1809
34.7944,1809
34.7972,1806
34.8000,1776
34.8028,1758
34.8056,1744
34.8083,1758
34.8111,1749
34.8139,1751
34.8167,1725
34.8194,1706
34.8222,1686
34.8250,1691
34.8278,1701
34.8306,1698
34.8333,1673
34.8361,1638
34.8389,1607
34.8417,1583
34.8444,1568
34.8472,1555
34.8500,1570
34.8528,1577
34.8556,1600
34.8583,1611
34.8611,1622
34.8639,1633
34.8667,1633
34.8694,1654
34.8722,1680
34.8750,1693
34.8778,1702
34.8806,1710
34.8833,1719
34.8861,1758
34.8889,1834
34.8917,1954
34.8944,2049
34.8972,2111
34.9000,2050
34.9028,1878
34.9056,1699
34.9083,1565
34.9111,1483
34.9139,1445
34.9167,1426
34.9194,1439
34.9222,1467
34.9250,1489
34.9278,1514
34.9306,1550
34.9333,1589
34.9361,1627
34.9389,1665
34.9417,1697
34.9444,1727
34.9472,1737
34.9500,1734
34.9528,1709
34.9556,1699
34.9583,1705
34.9611,1692
34.9639,1701
34.9667,1681
34.9694,1662
34.9722,1677
34.9750,1692
34.9778,1712
34.9806,1726
34.9833,1742
34.9861,1724
34.9889,1721
34.9917,1706
34.9944,1708
34.9972,1698
35.0000,1698
35.0028,1703
35.0056,1713
35.0083,1705
35.0111,1702
35.0139,1716
35.0167,1738
35.0194,1773
35.0222,1827
35.0250,1861
35.0278,1849
35.0306,1805
35.0333,1747
35.0361,1712
35.0389,1722
35.0417,1755
35.0444,1800
35.0472,1805
35.0500,1790
35.0528,1775
35.0556,1750
35.0583,1738
35.0611,1736
35.0639,1741
35.0667,1748
35.0694,1758
35.0722,1762
35.0750,1773
35.0778,1784
35.0806,1797
35.0833,1806
35.0861,1810
35.0889,1794
35.0917,1769
35.0944,1737
35.0972,1721
35.1000,1705
35.1028,1794
35.1056,1793
35.1083,1806
35.1111,1810
35.1139,1823
35.1167,1826
35.1194,1813
35.1222,1778
35.1250,1762
35.1278,1779
35.1306,1793
35.1333,1796
35.1361,1799
35.1389,1790
35.1417,1782
35.1444,1768
35.1472,1746
35.1500,1732
35.1528,1739
35.1556,1738
35.1583,1724
35.1611,1704
35.1639,1700
35.1667,1716
35.1694,1737
35.1722,1753
35.1750,1767
35.1778,1753
35.1806,1745
35.1833,1741
35.1861,1742
35.1889,1749
35.1917,1749
35.1944,1750
35.1972,1742
35.2000,1747
35.2028,1735
35.2056,1747
35.2083,1765
35.2111,1754
35.2139,1757
35.2167,1763
35.2194,1764
35.2222,1762
35.2250,1780
35.2278,1805
35.2306,1802
35.2333,1780
35.2361,1745
35.2389,1701
35.2417,1696
35.2444,1702
35.2472,1684
35.2500,1682
35.2528,1694
35.2556,1696
35.2583,1695
35.2611,1704
35.2639,1698
35.2667,1701
35.2694,1700
35.2722,1693
35.2750,1697
35.2778,1702
35.2806,1714
35.2833,1712
35.2861,1711
35.2889,1723
35.2917,1719
35.2944,1730
35.2972,1722
35.3000,1711
35.3028,1709
35.3056,1721
35.3083,1715
35.3111,1705
35.3139,1692
35.3167,1684
35.3194,1676
35.3222,1694
35.3250,1702
35.3278,1702
35.3306,1698
35.3333,1697
35.3361,1725
35.3389,1730
35.3417,1743
35.3444,1755
35.3472,1746
35.3500,1728
35.3528,1727
35.3556,1737
35.3583,1755
35.3611,1742
35.3639,1728
35.3667,1695
35.3694,1676
35.3722,1671
35.3750,1668
35.3778,1691
35.3806,1707
35.3833,1724
35.3861,1755
35.3889,1785
35.3917,1810
35.3944,1825
35.3972,1837
35.4000,1853
35.4028,1853
35.4056,1866
35.4083,1867
35.4111,1859
35.4139,1839
35.4167,1829
35.4194,1828
35.4222,1840
35.4250,1856
35.4278,1874
35.4306,1869
35.4333,1849
35.4361,1827
35.4389,1783
35.4417,1752
35.4444,1741
35.4472,1735
35.4500,1719
35.4528,1705
35.4556,1701
35.4583,1696
35.4611,1690
35.4639,1688
35.4667,1672
35.4694,1651
35.4722,1638
35.4750,1639
35.4778,1651
35.4806,1694
35.4833,1765
35.4861,1830
35.4889,1840
35.4917,1791
35.4944,1688
35.4972,1576
35.5000,1506
35.5028,1486
35.5056,1495
35.5083,1541
35.5111,1594
35.5139,1627
35.5167,1650
35.5194,1669
35.5222,1713
35.5250,1784
35.5278,1894
35.5306,1980
35.5333,2028
35.5361,1970
35.5389,1821
35.5417,1656
35.5444,1578
35.5472,1582
35.5500,1646
35.5528,1711
35.5556,1747
35.5583,1756
35.5611,1691
35.5639,1540
35.5667,1373
35.5694,1263
35.5722,1250
35.5750,1343
35.5778,1461
35.5806,1554
35.5833,1599
35.5861,1609
35.5889,1603
35.5917,1596
35.5944,1618
35.5972,1635
35.6000,1655
35.6028,1668
35.6056,1687
35.6083,1688
35.6111,1682
35.6139,1683
35.6167,1686
35.6194,1683
35.6222,1691
35.6250,1701
35.6278,1719
35.6306,1718
35.6333,1705
35.6361,1704
35.6389,1703
35.6417,1696
35.6444,1695
35.6472,1706
35.6500,1719
35.6528,1739
35.6556,1753
35.6583,1773
35.6611,1780
35.6639,1776
35.6667,1763
35.6694,1763
35.6722,1750
35.6750,1737
35.6778,1724
35.6806,1710
35.6833,1717
35.6861,1726
35.6889,1742
35.6917,1773
35.6944,1789
35.6972,1786
35.7000,1775
35.7028,1756
35.7056,1740
35.7083,1719
35.7111,1698
35.7139,1678
35.7167,1670
35.7194,1687
35.7222,1710
35.7250,1731
35.7278,1740
35.7306,1754
35.7333,1772
35.7361,1742
35.7389,1745
35.7417,1733
35.7444,1711
35.7472,1704
35.7500,1709
35.7528,1691
35.7556,1677
35.7583,1680
35.7611,1701
35.7639,1734
35.7667,1750
35.7694,1749
35.7722,1746
35.7750,1751
35.7778,1753
35.7806,1753
35.7833,1738
35.7861,1711
35.7889,1713
35.7917,1731
35.7944,1733
35.7972,1745
35.8000,1742
35.8028,1747
35.8056,1753
35.8083,1754
35.8111,1761
35.8139,1761
35.8167,1751
35.8194,1750
35.8222,1745
35.8250,1740
35.8278,1738
35.8306,1724
35.8333,1717
35.8361,1720
35.8389,1719
35.8417,1730
35.8444,1752
35.8472,1752
35.8500,1747
35.8528,1721
35.8556,1711
35.8583,1713
35.8611,1721
35.8639,1747
35.8667,1760
35.8694,1778
35.8722,1771
35.8750,1769
35.8778,1759
35.8806,1750
35.8833,1731
35.8861,1731
35.8889,1721
35.8917,1722
35.8944,1727
35.8972,1737
35.9000,1741
35.9028,1754
35.9056,1755
35.9083,1775
35.9111,1789
35.9139,1777
35.9167,1768
35.9194,1735
35.9222,1719
35.9250,1706
35.9278,1699
35.9306,1691
35.9333,1707
35.9361,1718
35.9389,1719
35.9417,1712
35.9444,1699
35.9472,1694
35.9500,1699
35.9528,1736
35.9556,1758
35.9583,1766
35.9611,1755
35.9639,1775
35.9667,1795
35.9694,1826
35.9722,1875
35.9750,1931
35.9778,1940
35.9806,1917
35.9833,1874
35.9861,1837
35.9889,1791
35.9917,1736
35.9944,1689
35.9972,1659
36.0000,1654
36.0028,1656
36.0056,1665
36.0083,1679
36.0111,1675
36.0139,1682
36.0167,1684
36.0194,1685
36.0222,1678
36.0250,1690
36.0278,1707
36.0306,1724
36.0333,1764
36.0361,1790
36.0389,1794
36.0417,1788
36.0444,1764
36.0472,1755
36.0500,1729
36.0528,1713
36.0556,1708
36.0583,1699
36.0611,1711
36.0639,1699
36.0667,1666
36.0694,1626
36.0722,1606
36.0750,1587
36.0778,1581
36.0806,1593
36.0833,1601
36.0861,1607
36.0889,1605
36.0917,1600
36.0944,1608
36.0972,1614
36.1000,1631
36.1028,1637
36.1056,1645
36.1083,1657
36.1111,1638
36.1139,1618
36.1167,1607
36.1194,1631
36.1222,1682
36.1250,1729
36.1278,1748
36.1306,1734
36.1333,1697
36.1361,1664
36.1389,1678
36.1417,1749
36.1444,1867
36.1472,1965
36.1500,2020
36.1528,1989
36.1556,1883
36.1583,1756
36.1611,1660
36.1639,1614
36.1667,1586
36.1694,1561
36.1722,1526
36.1750,1504
36.1778,1490
36.1806,1441
36.1833,1381
36.1861,1373
36.1889,1401
36.1917,1486
36.1944,1558
36.1972,1617
36.2000,1658
36.2028,1671
36.2056,1678
36.2083,1683
36.2111,1682
36.2139,1689
36.2167,1717
36.2194,1765
36.2222,1848
36.2250,1877
36.2278,1847
36.2306,1800
36.2333,1713
36.2361,1655
36.2389,1619
36.2417,1634
36.2444,1650
36.2472,1680
36.2500,1700
36.2528,1710
36.2556,1721
36.2583,1710
36.2611,1705
36.2639,1699
36.2667,1698
36.2694,1693
36.2722,1707
36.2750,1721
36.2778,1742
36.2806,1758
36.2833,1760
36.2861,1765
36.2889,1782
36.2917,1803
36.2944,1807
36.2972,1808
36.3000,1792
36.3028,1776
36.3056,1777
36.3083,1781
36.3111,1790
36.3139,1785
36.3167,1774
36.3194,1737
36.3222,1722
36.3250,1711
36.3278,1715
36.3306,1730
36.3333,1741
36.3361,1752
36.3389,1745
36.3417,1744
36.3444,1738
36.3472,1731
36.3500,1722
36.3528,1722
36.3556,1822
36.3583,1827
36.3611,1834
36.3639,1827
36.3667,1807
36.3694,1784
36.3722,1754
36.3750,1731
36.3778,1718
36.3806,1718
36.3833,1727
36.3861,1731
36.3889,1735
36.3917,1740
36.3944,1735
36.3972,1743
36.4000,1749
36.4028,1752
36.4056,1752
36.4083,1744
36.4111,1742
36.4139,1740
36.4167,1748
36.4194,1741
36.4222,1749
36.4250,1756
36.4278,1746
36.4306,1748
36.4333,1748
36.4361,1764
36.4389,1770
36.4417,1784
36.4444,1784
36.4472,1756
36.4500,1740
36.4528,1734
36.4556,1743
36.4583,1761
36.4611,1780
36.4639,1793
36.4667,1792
36.4694,1792
36.4722,1796
36.4750,1803
36.4778,1792
36.4806,1769
36.4833,1750
36.4861,1744
36.4889,1750
36.4917,1754
36.4944,1771
36.4972,1775
36.5000,1770
36.5028,1752
36.5056,1739
36.5083,1734
36.5111,1727
36.5139,1716
36.5167,1721
36.5194,1729
36.5222,1732
36.5250,1726
36.5278,1737
36.5306,1733
36.5333,1754
36.5361,1786
36.5389,1827
36.5417,1846
36.5444,1836
36.5472,1800
36.5500,1744
36.5528,1690
36.5556,1683
36.5583,1697
36.5611,1723
36.5639,1746
36.5667,1749
36.5694,1748
36.5722,1723
36.5750,1710
36.5778,1701
36.5806,1700
36.5833,1706
36.5861,1713
36.5889,1719
36.5917,1733
36.5944,1737
36.5972,1751
36.6000,1762
36.6028,1781
36.6056,1805
36.6083,1824
36.6111,1849
36.6139,1852
36.6167,1863
36.6194,1859
36.6222,1850
36.6250,1843
36.6278,1830
36.6306,1816
36.6333,1808
36.6361,1818
36.6389,1832
36.6417,1854
36.6444,1864
36.6472,1860
36.6500,1853
36.6528,1815
36.6556,1775
36.6583,1747
36.6611,1709
36.6639,1684
36.6667,1672
36.6694,1660
36.6722,1657
36.6750,1667
36.6778,1676
36.6806,1682
36.6833,1678
36.6861,1670
36.6889,1657
36.6917,1657
36.6944,1657
36.6972,1686
36.7000,1700
36.7028,1720
36.7056,1732
36.7083,1729
36.7111,1723
36.7139,1706
36.7167,1665
36.7194,1637
36.7222,1625
36.7250,1634
36.7278,1638
36.7306,1649
36.7333,1667
36.7361,1677
36.7389,1696
36.7417,1750
36.7444,1833
36.7472,1935
36.7500,2013
36.7528,2035
36.7556,1980
36.7583,1860
36.7611,1761
36.7639,1693
36.7667,1675
36.7694,1660
36.7722,1628
36.7750,1582
36.7778,1524
36.7806,1467
36.7833,1421
36.7861,1401
36.7889,1442
36.7917,1545
36.7944,1655
36.7972,1734
36.8000,1777
36.8028,1773
36.8056,1747
36.8083,1712
36.8111,1699
36.8139,1695
36.8167,1696
36.8194,1688
36.8222,1682
36.8250,1664
36.8278,1651
36.8306,1642
36.8333,1659
36.8361,1671
36.8389,1675
36.8417,1670
36.8444,1660
36.8472,1657
36.8500,1651
36.8528,1660
36.8556,1669
36.8583,1690
36.8611,1698
36.8639,1702
36.8667,1690
36.8694,1686
36.8722,1690
36.8750,1701
36.8778,1728
36.8806,1740
36.8833,1738
36.8861,1741
36.8889,1724
36.8917,1725
36.8944,1742
36.8972,1744
36.9000,1750
36.9028,1748
36.9056,1743
36.9083,1744
36.9111,1745
36.9139,1767
36.9167,1762
36.9194,1758
36.9222,1751
36.9250,1750
36.9278,1742
36.9306,1738
36.9333,1741
36.9361,1737
36.9389,1738
36.9417,1735
36.9444,1738
36.9472,1742
36.9500,1740
36.9528,1729
36.9556,1729
36.9583,1734
36.9611,1739
36.9639,1737
36.9667,1730
36.9694,1722
36.9722,1723
36.9750,1711
36.9778,1704
36.9806,1703
36.9833,1709
36.9861,1700
36.9889,1675
36.9917,1655
36.9944,1637
36.9972,1623
37.0000,1615
37.0028,1613
37.0056,1623
37.0083,1649
37.0111,1659
37.0139,1674
37.0167,1670
37.0194,1670
37.0222,1664
37.0250,1647
37.0278,1635
37.0306,1636
37.0333,1645
37.0361,1646
37.0389,1654
37.0417,1654
37.0444,1663
37.0472,1669
37.0500,1682
37.0528,1694
37.0556,1705
37.0583,1722
37.0611,1726
37.0639,1730
37.0667,1720
37.0694,1711
37.0722,1709
37.0750,1717
37.0778,1718
37.0806,1720
37.0833,1723
37.0861,1740
37.0889,1772
37.0917,1795
37.0944,1788
37.0972,1768
37.1000,1742
37.1028,1707
37.1056,1688
37.1083,1676
37.1111,1655
37.1139,1642
37.1167,1641
37.1194,1675
37.1222,1706
37.1250,1701
37.1278,1695
37.1306,1661
37.1333,1647
37.1361,1643
37.1389,1655
37.1417,1662
37.1444,1669
37.1472,1678
37.1500,1677
37.1528,1679
37.1556,1677
37.1583,1666
37.1611,1679
37.1639,1702
37.1667,1706
37.1694,1699
37.1722,1693
37.1750,1685
37.1778,1676
37.1806,1659
37.1833,1656
37.1861,1663
37.1889,1669
37.1917,1666
37.1944,1669
37.1972,1676
37.2000,1675
37.2028,1681
37.2056,1678
37.2083,1668
37.2111,1663
37.2139,1647
37.2167,1640
37.2194,1633
37.2222,1651
37.2250,1690
37.2278,1736
37.2306,1776
37.2333,1776
37.2361,1772
37.2389,1764
37.2417,1756
37.2444,1747
37.2472,1754
37.2500,1770
37.2528,1759
37.2556,1758
37.2583,1768
37.2611,1774
37.2639,1778
37.2667,1762
37.2694,1757
37.2722,1744
37.2750,1727
37.2778,1703
37.2806,1690
37.2833,1680
37.2861,1672
37.2889,1655
37.2917,1629
37.2944,1618
37.2972,1618
37.3000,1605
37.3028,1596
37.3056,1581
37.3083,1558
37.3111,1526
37.3139,1535
37.3167,1549
37.3194,1562
37.3222,1576
37.3250,1583
37.3278,1561
37.3306,1542
37.3333,1544
37.3361,1553
37.3389,1592
37.3417,1618
37.3444,1636
37.3472,1641
37.3500,1625
37.3528,1615
37.3556,1588
37.3583,1586
37.3611,1616
37.3639,1662
37.3667,1755
37.3694,1873
37.3722,1988
37.3750,2044
37.3778,2038
37.3806,1957
37.3833,1863
37.3861,1778
37.3889,1701
37.3917,1626
37.3944,1535
37.3972,1434
37.4000,1350
37.4028,1307
37.4056,1294
37.4083,1301
37.4111,1355
37.4139,1442
37.4167,1538
37.4194,1620
37.4222,1660
37.4250,1677
37.4278,1665
37.4306,1655
37.4333,1658
37.4361,1652
37.4389,1634
37.4417,1607
37.4444,1594
37.4472,1587
37.4500,1598
37.4528,1603
37.4556,1609
37.4583,1607
37.4611,1615
37.4639,1629
37.4667,1623
37.4694,1618
37.4722,1623
37.4750,1645
37.4778,1647
37.4806,1661
37.4833,1664
37.4861,1662
37.4889,1645
37.4917,1639
37.4944,1630
37.4972,1636
37.5000,1639
37.5028,1658
37.5056,1658
37.5083,1675
37.5111,1672
37.5139,1687
37.5167,1691
37.5194,1694
37.5222,1691
37.5250,1691
37.5278,1680
37.5306,1667
37.5333,1672
37.5361,1676
37.5389,1678
37.5417,1680
37.5444,1663
37.5472,1644
37.5500,1619
37.5528,1620
37.5556,1631
37.5583,1659
37.5611,1685
37.5639,1691
37.5667,1733
37.5694,1732
37.5722,1726
37.5750,1713
37.5778,1690
37.5806,1689
37.5833,1689
37.5861,1704
37.5889,1697
37.5917,1693
37.5944,1663
37.5972,1640
37.6000,1627
37.6028,1621
37.6056,1606
37.6083,1580
37.6111,1551
37.6139,1536
37.6167,1529
37.6194,1553
37.6222,1574
37.6250,1597
37.6278,1607
37.6306,1607
37.6333,1596
37.6361,1601
37.6389,1595
37.6417,1602
37.6444,1609
37.6472,1616
37.6500,1613
37.6528,1616
37.6556,1610
37.6583,1617
37.6611,1636
37.6639,1632
37.6667,1628
37.6694,1641
37.6722,1647
37.6750,1662
37.6778,1660
37.6806,1664
37.6833,1658
37.6861,1653
37.6889,1650
37.6917,1682
37.6944,1718
37.6972,1741
37.7000,1753
37.7028,1724
37.7056,1667
37.7083,1631
37.7111,1606
37.7139,1606
37.7167,1610
37.7194,1631
37.7222,1648
37.7250,1657
37.7278,1666
37.7306,1661
37.7333,1649
37.7361,1650
37.7389,1647
37.7417,1654
37.7444,1672
37.7472,1678
37.7500,1682
37.7528,1679
37.7556,1680
37.7583,1674
37.7611,1671
37.7639,1679
37.7667,1687
37.7694,1688
37.7722,1684
37.7750,1685
37.7778,1678
37.7806,1663
37.7833,1663
37.7861,1670
37.7889,1664
37.7917,1668
37.7944,1668
37.7972,1672
37.8000,1668
37.8028,1662
37.8056,1674
37.8083,1665
37.8111,1668
37.8139,1660
37.8167,1658
37.8194,1660
37.8222,1686
37.8250,1708
37.8278,1720
37.8306,1719
37.8333,1708
37.8361,1699
37.8389,1690
37.8417,1686
37.8444,1688
37.8472,1704
37.8500,1716
37.8528,1735
37.8556,1735
37.8583,1719
37.8611,1710
37.8639,1702
37.8667,1702
37.8694,1699
37.8722,1702
37.8750,1708
37.8778,1707
37.8806,1723
37.8833,1734
37.8861,1755
37.8889,1775
37.8917,1793
37.8944,1791
37.8972,1795
37.9000,1802
37.9028,1808
37.9056,1818
37.9083,1819
37.9111,1818
37.9139,1819
37.9167,1813
37.9194,1805
37.9222,1797
37.9250,1806
37.9278,1796
37.9306,1773
37.9333,1744
37.9361,1721
37.9389,1703
37.9417,1701
37.9444,1703
37.9472,1684
37.9500,1684
37.9528,1684
37.9556,1707
37.9583,1721
37.9611,1721
37.9639,1703
37.9667,1651
37.9694,1587
37.9722,1530
37.9750,1511
37.9778,1529
37.9806,1563
37.9833,1595
37.9861,1610
37.9889,1613
37.9917,1611
37.9944,1607
37.9972,1615
38.0000,1628
38.0028,1629
38.0056,1637
38.0083,1625
38.0111,1612
38.0139,1614
38.0167,1642
38.0194,1720
38.0222,1822
38.0250,1946
38.0278,2059
38.0306,2116
38.0333,2086
38.0361,1997
38.0389,1895
38.0417,1804
38.0444,1718
38.0472,1636
38.0500,1548
38.0528,1464
38.0556,1404
38.0583,1367
38.0611,1375
38.0639,1386
38.0667,1418
38.0694,1477
38.0722,1546
38.0750,1597
38.0778,1632
38.0806,1643
38.0833,1652
38.0861,1656
38.0889,1650
38.0917,1649
38.0944,1659
38.0972,1659
38.1000,1666
38.1028,1660
38.1056,1657
38.1083,1657
38.1111,1666
38.1139,1667
38.1167,1667
38.1194,1674
38.1222,1681
38.1250,1683
38.1278,1676
38.1306,1673
38.1333,1690
38.1361,1707
38.1389,1707
38.1417,1723
38.1444,1739
38.1472,1769
38.1500,1778
38.1528,1783
38.1556,1763
38.1583,1748
38.1611,1752
38.1639,1758
38.1667,1772
38.1694,1777
38.1722,1777
38.1750,1791
38.1778,1799
38.1806,1818
38.1833,1831
38.1861,1851
38.1889,1862
38.1917,1847
38.1944,1829
38.1972,1806
38.2000,1778
38.2028,1742
38.2056,1716
38.2083,1714
38.2111,1727
38.2139,1755
38.2167,1786
38.2194,1831
38.2222,1825
38.2250,1845
38.2278,1861
38.2306,1879
38.2333,1875
38.2361,1868
38.2389,1863
38.2417,1859
38.2444,1848
38.2472,1820
38.2500,1796
38.2528,1759
38.2556,1716
38.2583,1694
38.2611,1689
38.2639,1690
38.2667,1701
38.2694,1718
38.2722,1718
38.2750,1711
38.2778,1713
38.2806,1695
38.2833,1688
38.2861,1669
38.2889,1651
38.2917,1648
38.2944,1653
38.2972,1675
38.3000,1727
38.3028,1769
38.3056,1780
38.3083,1777
38.3111,1739
38.3139,1702
38.3167,1675
38.3194,1630
38.3222,1627
38.3250,1632
38.3278,1639
38.3306,1658
38.3333,1664
38.3361,1652
38.3389,1642
38.3417,1654
38.3444,1676
38.3472,1693
38.3500,1711
38.3528,1704
38.3556,1702
38.3583,1707
38.3611,1699
38.3639,1690
38.3667,1684
38.3694,1691
38.3722,1702
38.3750,1712
38.3778,1731
38.3806,1742
38.3833,1747
38.3861,1732
38.3889,1715
38.3917,1700
38.3944,1683
38.3972,1683
38.4000,1690
38.4028,1704
38.4056,1706
38.4083,1711
38.4111,1719
38.4139,1725
38.4167,1734
38.4194,1734
38.4222,1716
38.4250,1693
38.4278,1663
38.4306,1645
38.4333,1643
38.4361,1662
38.4389,1681
38.4417,1694
38.4444,1694
38.4472,1691
38.4500,1690
38.4528,1698
38.4556,1709
38.4583,1708
38.4611,1715
38.4639,1705
38.4667,1721
38.4694,1734
38.4722,1747
38.4750,1750
38.4778,1755
38.4806,1759
38.4833,1764
38.4861,1756
38.4889,1757
38.4917,1751
38.4944,1745
38.4972,1751
38.5000,1752
38.5028,1763
38.5056,1764
38.5083,1785
38.5111,1783
38.5139,1773
38.5167,1759
38.5194,1755
38.5222,1753
38.5250,1757
38.5278,1764
38.5306,1772
38.5333,1786
38.5361,1792
38.5389,1786
38.5417,1755
38.5444,1737
38.5472,1721
38.5500,1723
38.5528,1738
38.5556,1753
38.5583,1749
38.5611,1754
38.5639,1770
38.5667,1780
38.5694,1812
38.5722,1842
38.5750,1875
38.5778,1888
38.5806,1904
38.5833,1911
38.5861,1920
38.5889,1932
38.5917,1935
38.5944,1948
38.5972,1965
38.6000,1971
38.6028,1962
38.6056,1938
38.6083,1921
38.6111,1922
38.6139,1934
38.6167,1935
38.6194,1938
38.6222,1940
38.6250,1918
38.6278,1892
38.6306,1879
38.6333,1855
38.6361,1814
38.6389,1751
38.6417,1693
38.6444,1673
38.6472,1668
38.6500,1691
38.6528,1700
38.6556,1709
38.6583,1733
38.6611,1743
38.6639,1749
38.6667,1752
38.6694,1755
38.6722,1762
38.6750,1750
38.6778,1748
38.6806,1738
38.6833,1725
38.6861,1720
38.6889,1719
38.6917,1734
38.6944,1752
38.6972,1772
38.7000,1785
38.7028,1760
38.7056,1756
38.7083,1770
38.7111,1816
38.7139,1901
38.7167,2025
38.7194,2152
38.7222,2230
38.7250,2229
38.7278,2145
38.7306,2020
38.7333,1917
38.7361,1829
38.7389,1755
38.7417,1669
38.7444,1589
38.7472,1514
38.7500,1441
38.7528,1390
38.7556,1377
38.7583,1419
38.7611,1508
38.7639,1625
38.7667,1707
38.7694,1744
38.7722,1756
38.7750,1766
38.7778,1740
38.7806,1739
38.7833,1723
38.7861,1724
38.7889,1726
38.7917,1736
38.7944,1748
38.7972,1750
38.8000,1751
38.8028,1737
38.8056,1733
38.8083,1737
38.8111,1749
38.8139,1751
38.8167,1754
38.8194,1752
38.8222,1756
38.8250,1768
38.8278,1769
38.8306,1772
38.8333,1779
38.8361,1787
38.8389,1797
38.8417,1814
38.8444,1827
38.8472,1826
38.8500,1804
38.8528,1760
38.8556,1704
38.8583,1667
38.8611,1655
38.8639,1680
38.8667,1714
38.8694,1748
38.8722,1758
38.8750,1755
38.8778,1767
38.8806,1766
38.8833,1769
38.8861,1769
38.8889,1778
38.8917,1794
38.8944,1800
38.8972,1800
38.9000,1788
38.9028,1788
38.9056,1797
38.9083,1814
38.9111,1825
38.9139,1820
38.9167,1821
38.9194,1824
38.9222,1847
38.9250,1862
38.9278,1875
38.9306,1870
38.9333,1851
38.9361,1838
38.9389,1849
38.9417,1856
38.9444,1859
38.9472,1845
38.9500,1831
38.9528,1810
38.9556,1800
38.9583,1807
38.9611,1807
38.9639,1792
38.9667,1784
38.9694,1777
38.9722,1774
38.9750,1776
38.9778,1775
38.9806,1757
38.9833,1759
38.9861,1762
38.9889,1764
38.9917,1769
38.9944,1769
38.9972,1762
39.0000,1755
39.0028,1752
39.0056,1749
39.0083,1758
39.0111,1762
39.0139,1761
39.0167,1772
39.0194,1764
39.0222,1755
39.0250,1758
39.0278,1773
39.0306,1787
39.0333,1785
39.0361,1778
39.0389,1771
39.0417,1766
39.0444,1774
39.0472,1790
39.0500,1780
39.0528,1760
39.0556,1750
39.0583,1742
39.0611,1741
39.0639,1756
39.0667,1764
39.0694,1771
39.0722,1766
39.0750,1773
39.0778,1763
39.0806,1755
39.0833,1751
39.0861,1760
39.0889,1779
39.0917,1808
39.0944,1838
39.0972,1856
39.1000,1853
39.1028,1818
39.1056,1778
39.1083,1739
39.1111,1706
39.1139,1690
39.1167,1702
39.1194,1715
39.1222,1722
39.1250,1714
39.1278,1726
39.1306,1732
39.1333,1732
39.1361,1737
39.1389,1734
39.1417,1734
39.1444,1734
39.1472,1729
39.1500,1728
39.1528,1743
39.1556,1754
39.1583,1752
39.1611,1734
39.1639,1725
39.1667,1709
39.1694,1712
39.1722,1716
39.1750,1709
39.1778,1706
39.1806,1701
39.1833,1711
39.1861,1730
39.1889,1745
39.1917,1760
39.1944,1761
39.1972,1744
39.2000,1744
39.2028,1750
39.2056,1786
39.2083,1811
39.2111,1817
39.2139,1790
39.2167,1751
39.2194,1707
39.2222,1687
39.2250,1676
39.2278,1699
39.2306,1712
39.2333,1723
39.2361,1727
39.2389,1710
39.2417,1709
39.2444,1699
39.2472,1695
39.2500,1684
39.2528,1673
39.2556,1678
39.2583,1681
39.2611,1702
39.2639,1704
39.2667,1714
39.2694,1710
39.2722,1709
39.2750,1720
39.2778,1725
39.2806,1731
39.2833,1722
39.2861,1705
39.2889,1701
39.2917,1701
39.2944,1716
39.2972,1735
39.3000,1747
39.3028,1768
39.3056,1792
39.3083,1822
39.3111,1839
39.3139,1844
39.3167,1829
39.3194,1816
39.3222,1809
39.3250,1808
39.3278,1826
39.3306,1843
39.3333,1866
39.3361,1858
39.3389,1850
39.3417,1846
39.3444,1852
39.3472,1836
39.3500,1846
39.3528,1864
39.3556,1887
39.3583,1880
39.3611,1860
39.3639,1806
39.3667,1758
39.3694,1713
39.3722,1676
39.3750,1627
39.3778,1611
39.3806,1595
39.3833,1588
39.3861,1583
39.3889,1598
39.3917,1609
39.3944,1627
39.3972,1647
39.4000,1668
39.4028,1689
39.4056,1690
39.4083,1687
39.4111,1681
39.4139,1673
39.4167,1670
39.4194,1649
39.4222,1647
39.4250,1655
39.4278,1682
39.4306,1711
39.4333,1724
39.4361,1727
39.4389,1723
39.4417,1718
39.4444,1721
39.4472,1753
39.4500,1851
39.4528,1976
39.4556,2101
39.4583,2179
39.4611,2174
39.4639,2081
39.4667,1978
39.4694,1914
39.4722,1846
39.4750,1764
39.4778,1663
39.4806,1546
39.4833,1444
39.4861,1360
39.4889,1326
39.4917,1320
39.4944,1366
39.4972,1458
39.5000,1554
39.5028,1628
39.5056,1674
39.5083,1694
39.5111,1700
39.5139,1701
39.5167,1694
39.5194,1693
39.5222,1691
39.5250,1685
39.5278,1698
39.5306,1716
39.5333,1713
39.5361,1722
39.5389,1719
39.5417,1738
39.5444,1748
39.5472,1743
39.5500,1737
39.5528,1731
39.5556,1736
39.5583,1738
39.5611,1745
39.5639,1753
39.5667,1747
39.5694,1747
39.5722,1739
39.5750,1730
39.5778,1725
39.5806,1738
39.5833,1757
39.5861,1777
39.5889,1797
39.5917,1794
39.5944,1765
39.5972,1753
39.6000,1748
39.6028,1747
39.6056,1755
39.6083,1749
39.6111,1768
39.6139,1779
39.6167,1797
39.6194,1801
39.6222,1788
39.6250,1770
39.6278,1753
39.6306,1752
39.6333,1751
39.6361,1751
39.6389,1765
39.6417,1755
39.6444,1779
39.6472,1791
39.6500,1860
39.6528,1849
39.6556,1866
39.6583,1845
39.6611,1832
39.6639,1792
39.6667,1755
39.6694,1728
39.6722,1714
39.6750,1705
39.6778,1705
39.6806,1688
39.6833,1685
39.6861,1684
39.6889,1677
39.6917,1676
39.6944,1670
39.6972,1679
39.7000,1682
39.7028,1683
39.7056,1680
39.7083,1676
39.7111,1675
39.7139,1667
39.7167,1670
39.7194,1667
39.7222,1681
39.7250,1699
39.7278,1710
39.7306,1712
39.7333,1703
39.7361,1701
39.7389,1698
39.7417,1700
39.7444,1708
39.7472,1722
39.7500,1742
39.7528,1731
39.7556,1707
39.7583,1668
39.7611,1640
39.7639,1620
39.7667,1618
39.7694,1620
39.7722,1632
39.7750,1643
39.7778,1647
39.7806,1665
39.7833,1676
39.7861,1672
39.7889,1675
39.7917,1671
39.7944,1691
39.7972,1692
39.8000,1706
39.8028,1727
39.8056,1734
39.8083,1726
39.8111,1714
39.8139,1700
39.8167,1690
39.8194,1721
39.8222,1747
39.8250,1751
39.8278,1754
39.8306,1740
39.8333,1743
39.8361,1752
39.8389,1762
39.8417,1749
39.8444,1732
39.8472,1712
39.8500,1691
39.8528,1684
39.8556,1688
39.8583,1713
39.8611,1746
39.8639,1782
39.8667,1812
39.8694,1806
39.8722,1755
39.8750,1686
39.8778,1642
39.8806,1619
39.8833,1618
39.8861,1630
39.8889,1668
39.8917,1703
39.8944,1721
39.8972,1732
39.9000,1731
39.9028,1719
39.9056,1723
39.9083,1739
39.9111,1745
39.9139,1737
39.9167,1744
39.9194,1729
39.9222,1727
39.9250,1720
39.9278,1723
39.9306,1731
39.9333,1740
39.9361,1740
39.9389,1732
39.9417,1734
39.9444,1728
39.9472,1734
39.9500,1735
39.9528,1747
39.9556,1768
39.9583,1790
39.9611,1786
39.9639,1774
39.9667,1749
39.9694,1734
39.9722,1715
39.9750,1710
39.9778,1733
39.9806,1767
39.9833,1800
39.9861,1823
39.9889,1802
39.9917,1770
39.9944,1732
39.9972,1695
40.0000,1679
40.0028,1678
40.0056,1695
40.0083,1705
40.0111,1721
40.0139,1729
40.0167,1738
40.0194,1734
40.0222,1733
40.0250,1731
40.0278,1731
40.0306,1743
40.0333,1750
40.0361,1763
40.0389,1776
40.0417,1781
40.0444,1781
40.0472,1777
40.0500,1777
40.0528,1778
40.0556,1764
40.0583,1748
40.0611,1742
40.0639,1741
40.0667,1741
40.0694,1764
40.0722,1774
40.0750,1791
40.0778,1802
40.0806,1803
40.0833,1799
40.0861,1795
40.0889,1797
40.0917,1794
40.0944,1785
40.0972,1795
40.1000,1802
40.1028,1793
40.1056,1769
40.1083,1757
40.1111,1750
40.1139,1756
40.1167,1777
40.1194,1806
40.1222,1834
40.1250,1848
40.1278,1854
40.1306,1866
40.1333,1863
40.1361,1841
40.1389,1832
40.1417,1838
40.1444,1844
40.1472,1842
40.1500,1841
40.1528,1834
40.1556,1823
40.1583,1825
40.1611,1797
40.1639,1767
40.1667,1763
40.1694,1749
40.1722,1751
40.1750,1737
40.1778,1717
40.1806,1696
40.1833,1676
40.1861,1664
40.1889,1662
40.1917,1674
40.1944,1675
40.1972,1679
40.2000,1678
40.2028,1671
40.2056,1673
40.2083,1706
40.2111,1716
40.2139,1713
40.2167,1693
40.2194,1677
40.2222,1657
40.2250,1652
40.2278,1668
40.2306,1685
40.2333,1689
40.2361,1679
40.2389,1653
40.2417,1653
40.2444,1655
40.2472,1715
40.2500,1811
40.2528,1951
40.2556,2080
40.2583,2166
40.2611,2163
40.2639,2078
40.2667,1956
40.2694,1858
40.2722,1776
40.2750,1712
40.2778,1620
40.2806,1534
40.2833,1460
40.2861,1407
40.2889,1395
40.2917,1416
40.2944,1461
40.2972,1540
40.3000,1615
40.3028,1678
40.3056,1705
40.3083,1706
40.3111,1681
40.3139,1654
40.3167,1653
40.3194,1651
40.3222,1663
40.3250,1677
40.3278,1697
40.3306,1703
40.3333,1714
40.3361,1721
40.3389,1725
40.3417,1737
40.3444,1735
40.3472,1739
40.3500,1742
40.3528,1734
40.3556,1718
40.3583,1706
40.3611,1699
40.3639,1699
40.3667,1728
40.3694,1731
40.3722,1736
40.3750,1746
40.3778,1751
40.3806,1747
40.3833,1753
40.3861,1771
40.3889,1771
40.3917,1758
40.3944,1725
40.3972,1702
40.4000,1711
40.4028,1729
40.4056,1745
40.4083,1759
40.4111,1768
40.4139,1769
40.4167,1756
40.4194,1755
40.4222,1756
40.4250,1769
40.4278,1767
40.4306,1770
40.4333,1812
40.4361,1858
40.4389,1870
40.4417,1862
40.4444,1824
40.4472,1797
40.4500,1816
40.4528,1811
40.4556,1817
40.4583,1814
40.4611,1807
40.4639,1786
40.4667,1777
40.4694,1766
40.4722,1749
40.4750,1748
40.4778,1745
40.4806,1748
40.4833,1758
40.4861,1772
40.4889,1775
40.4917,1770
40.4944,1749
40.4972,1748
40.5000,1758
40.5028,1779
40.5056,1785
40.5083,1789
40.5111,1760
40.5139,1746
40.5167,1754
40.5194,1768
40.5222,1770
40.5250,1761
40.5278,1731
40.5306,1696
40.5333,1677
40.5361,1687
40.5389,1700
40.5417,1713
40.5444,1726
40.5472,1727
40.5500,1718
40.5528,1709
40.5556,1706
40.5583,1715
40.5611,1737
40.5639,1770
40.5667,1816
40.5694,1819
40.5722,1787
40.5750,1743
40.5778,1690
40.5806,1677
40.5833,1687
40.5861,1698
40.5889,1716
40.5917,1728
40.5944,1733
40.5972,1743
40.6000,1749
40.6028,1759
40.6056,1762
40.6083,1770
40.6111,1770
40.6139,1786
40.6167,1780
40.6194,1781
40.6222,1790
40.6250,1789
40.6278,1776
40.6306,1756
40.6333,1755
40.6361,1757
40.6389,1786
40.6417,1790
40.6444,1794
40.6472,1802
40.6500,1798
40.6528,1791
40.6556,1778
40.6583,1782
40.6611,1788
40.6639,1793
40.6667,1786
40.6694,1787
40.6722,1791
40.6750,1777
40.6778,1769
40.6806,1781
40.6833,1809
40.6861,1822
40.6889,1837
40.6917,1818
40.6944,1765
40.6972,1720
40.7000,1705
40.7028,1680
40.7056,1679
40.7083,1702
40.7111,1711
40.7139,1732
40.7167,1739
40.7194,1729
40.7222,1706
40.7250,1696
40.7278,1697
40.7306,1700
40.7333,1727
40.7361,1757
40.7389,1776
40.7417,1777
40.7444,1773
40.7472,1743
40.7500,1704
40.7528,1683
40.7556,1670
40.7583,1675
40.7611,1702
40.7639,1725
40.7667,1734
40.7694,1740
40.7722,1736
40.7750,1728
40.7778,1719
40.7806,1718
40.7833,1717
40.7861,1714
40.7889,1717
40.7917,1711
40.7944,1713
40.7972,1722
40.8000,1726
40.8028,1727
40.8056,1734
40.8083,1728
40.8111,1721
40.8139,1709
40.8167,1713
40.8194,1735
40.8222,1776
40.8250,1802
40.8278,1817
40.8306,1784
40.8333,1742
40.8361,1704
40.8389,1685
40.8417,1669
40.8444,1670
40.8472,1663
40.8500,1656
40.8528,1668
40.8556,1679
40.8583,1687
40.8611,1693
40.8639,1700
40.8667,1702
40.8694,1717
40.8722,1731
40.8750,1740
40.8778,1759
40.8806,1790
40.8833,1806
40.8861,1831
40.8889,1846
40.8917,1858
40.8944,1867
40.8972,1867
40.9000,1857
40.9028,1858
40.9056,1861
40.9083,1874
40.9111,1891
40.9139,1925
40.9167,1935
40.9194,1929
40.9222,1925
40.9250,1903
40.9278,1884
40.9306,1853
40.9333,1850
40.9361,1837
40.9389,1837
40.9417,1847
40.9444,1839
40.9472,1833
40.9500,1806
40.9528,1793
40.9556,1768
40.9583,1734
40.9611,1696
40.9639,1663
40.9667,1639
40.9694,1628
40.9722,1640
40.9750,1655
40.9778,1682
40.9806,1700
40.9833,1700
40.9861,1713
40.9889,1719
40.9917,1724
40.9944,1728
40.9972,1721
41.0000,1734
41.0028,1756
41.0056,1763
41.0083,1766
41.0111,1758
41.0139,1763
41.0167,1795
41.0194,1852
41.0222,1937
41.0250,2027
41.0278,2117
41.0306,2174
41.0333,2180
41.0361,2115
41.0389,2012
41.0417,1936
41.0444,1884
41.0472,1828
41.0500,1761
41.0528,1641
41.0556,1514
41.0583,1425
41.0611,1362
41.0639,1356
41.0667,1402
41.0694,1496
41.0722,1597
41.0750,1670
41.0778,1724
41.0806,1749
41.0833,1755
41.0861,1753
41.0889,1750
41.0917,1749
41.0944,1757
41.0972,1760
41.1000,1759
41.1028,1781
41.1056,1800
41.1083,1798
41.1111,1789
41.1139,1774
41.1167,1747
41.1194,1739
41.1222,1747
41.1250,1782
41.1278,1826
41.1306,1854
41.1333,1845
41.1361,1804
41.1389,1763
41.1417,1714
41.1444,1666
41.1472,1664
41.1500,1679
41.1528,1694
41.1556,1727
41.1583,1753
41.1611,1770
41.1639,1781
41.1667,1771
41.1694,1758
41.1722,1763
41.1750,1767
41.1778,1784
41.1806,1803
41.1833,1819
41.1861,1831
41.1889,1842
41.1917,1863
41.1944,1857
41.1972,1832
41.2000,1795
41.2028,1761
41.2056,1729
41.2083,1714
41.2111,1722
41.2139,1746
41.2167,1781
41.2194,1798
41.2222,1799
41.2250,1800
41.2278,1798
41.2306,1815
41.2333,1851
41.2361,1875
41.2389,1897
41.2417,1905
41.2444,1898
41.2472,1881
41.2500,1778
41.2528,1775
41.2556,1791
41.2583,1811
41.2611,1817
41.2639,1830
41.2667,1816
41.2694,1796
41.2722,1774
41.2750,1746
41.2778,1713
41.2806,1675
41.2833,1643
41.2861,1622
41.2889,1607
41.2917,1624
41.2944,1655
41.2972,1679
41.3000,1704
41.3028,1706
41.3056,1684
41.3083,1681
41.3111,1669
41.3139,1668
41.3167,1661
41.3194,1668
41.3222,1674
41.3250,1665
41.3278,1655
41.3306,1658
41.3333,1668
41.3361,1679
41.3389,1700
41.3417,1712
41.3444,1739
41.3472,1760
41.3500,1780
41.3528,1809
41.3556,1829
41.3583,1866
41.3611,1879
41.3639,1847
41.3667,1766
41.3694,1707
41.3722,1706
41.3750,1781
41.3778,1849
41.3806,1835
41.3833,1738
41.3861,1600
41.3889,1500
41.3917,1455
41.3944,1458
41.3972,1499
41.4000,1561
41.4028,1621
41.4056,1665
41.4083,1676
41.4111,1660
41.4139,1637
41.4167,1616
41.4194,1622
41.4222,1631
41.4250,1659
41.4278,1690
41.4306,1712
41.4333,1723
41.4361,1723
41.4389,1714
41.4417,1697
41.4444,1693
41.4472,1688
41.4500,1703
41.4528,1692
41.4556,1685
41.4583,1678
41.4611,1669
41.4639,1656
41.4667,1654
41.4694,1660
41.4722,1662
41.4750,1663
41.4778,1680
41.4806,1692
41.4833,1689
41.4861,1697
41.4889,1696
41.4917,1700
41.4944,1706
41.4972,1718
41.5000,1732
41.5028,1729
41.5056,1708
41.5083,1680
41.5111,1646
41.5139,1637
41.5167,1655
41.5194,1700
41.5222,1755
41.5250,1781
41.5278,1787
41.5306,1774
41.5333,1753
41.5361,1745
41.5389,1742
41.5417,1764
41.5444,1795
41.5472,1814
41.5500,1837
41.5528,1850
41.5556,1875
41.5583,1888
41.5611,1860
41.5639,1835
41.5667,1814
41.5694,1801
41.5722,1781
41.5750,1776
41.5778,1762
41.5806,1775
41.5833,1785
41.5861,1783
41.5889,1785
41.5917,1778
41.5944,1752
41.5972,1705
41.6000,1651
41.6028,1619
41.6056,1628
41.6083,1642
41.6111,1652
41.6139,1652
41.6167,1641
41.6194,1642
41.6222,1640
41.6250,1643
41.6278,1648
41.6306,1636
41.6333,1620
41.6361,1613
41.6389,1613
41.6417,1612
41.6444,1622
41.6472,1645
41.6500,1678
41.6528,1702
41.6556,1715
41.6583,1696
41.6611,1670
41.6639,1642
41.6667,1658
41.6694,1711
41.6722,1811
41.6750,1947
41.6778,2072
41.6806,2164
41.6833,2175
41.6861,2118
41.6889,2007
41.6917,1901
41.6944,1804
41.6972,1719
41.7000,1648
41.7028,1573
41.7056,1488
41.7083,1402
41.7111,1342
41.7139,1315
41.7167,1343
41.7194,1414
41.7222,1523
41.7250,1617
41.7278,1683
41.7306,1715
41.7333,1713
41.7361,1696
41.7389,1678
41.7417,1677
41.7444,1701
41.7472,1724
41.7500,1746
41.7528,1759
41.7556,1751
41.7583,1729
41.7611,1710
41.7639,1701
41.7667,1690
41.7694,1682
41.7722,1675
41.7750,1657
41.7778,1638
41.7806,1624
41.7833,1637
41.7861,1654
41.7889,1692
41.7917,1730
41.7944,1754
41.7972,1748
41.8000,1724
41.8028,1711
41.8056,1714
41.8083,1710
41.8111,1725
41.8139,1743
41.8167,1741
41.8194,1742
41.8222,1729
41.8250,1735
41.8278,1742
41.8306,1742
41.8333,1753
41.8361,1769
41.8389,1780
41.8417,1783
41.8444,1791
41.8472,1810
41.8500,1797
41.8528,1791
41.8556,1814
41.8583,1852
41.8611,1877
41.8639,1860
41.8667,1836
41.8694,1796
41.8722,1771
41.8750,1773
41.8778,1792
41.8806,1813
41.8833,1826
41.8861,1817
41.8889,1796
41.8917,1762
41.8944,1727
41.8972,1703
41.9000,1694
41.9028,1686
41.9056,1701
41.9083,1718
41.9111,1724
41.9139,1717
41.9167,1703
41.9194,1707
41.9222,1712
41.9250,1707
41.9278,1720
41.9306,1736
41.9333,1744
41.9361,1740
41.9389,1733
41.9417,1721
41.9444,1729
41.9472,1733
41.9500,1730
41.9528,1698
41.9556,1664
41.9583,1636
41.9611,1620
41.9639,1608
41.9667,1614
41.9694,1631
41.9722,1635
41.9750,1639
41.9778,1643
41.9806,1646
41.9833,1663
41.9861,1682
41.9889,1700
41.9917,1725
41.9944,1735
41.9972,1736
42.0000,1735
42.0028,1736
42.0056,1745
42.0083,1751
42.0111,1753
42.0139,1732
42.0167,1721
42.0194,1706
42.0222,1697
42.0250,1702
42.0278,1724
42.0306,1740
42.0333,1748
42.0361,1752
42.0389,1755
42.0417,1772
42.0444,1809
42.0472,1857
42.0500,1874
42.0528,1845
42.0556,1786
42.0583,1723
42.0611,1692
42.0639,1680
42.0667,1679
42.0694,1667
42.0722,1662
42.0750,1651
42.0778,1672
42.0806,1689
42.0833,1700
42.0861,1698
42.0889,1706
42.0917,1709
42.0944,1711
42.0972,1719
42.1000,1723
42.1028,1732
42.1056,1741
42.1083,1755
42.1111,1769
42.1139,1781
42.1167,1803
42.1194,1827
42.1222,1847
42.1250,1886
42.1278,1926
42.1306,1944
42.1333,1940
42.1361,1923
42.1389,1936
42.1417,1953
42.1444,1955
42.1472,1933
42.1500,1903
42.1528,1869
42.1556,1840
42.1583,1830
42.1611,1813
42.1639,1796
42.1667,1757
42.1694,1732
42.1722,1704
42.1750,1691
42.1778,1685
42.1806,1670
42.1833,1661
42.1861,1644
42.1889,1631
42.1917,1636
42.1944,1638
42.1972,1640
42.2000,1650
42.2028,1645
42.2056,1641
42.2083,1630
42.2111,1636
42.2139,1647
42.2167,1657
42.2194,1666
42.2222,1679
42.2250,1705
42.2278,1703
42.2306,1693
42.2333,1692
42.2361,1710
42.2389,1767
42.2417,1812
42.2444,1814
42.2472,1770
42.2500,1719
42.2528,1686
42.2556,1684
42.2583,1746
42.2611,1833
42.2639,1959
42.2667,2032
42.2694,2050
42.2722,2002
42.2750,1903
42.2778,1787
42.2806,1680
42.2833,1596
42.2861,1525
42.2889,1457
42.2917,1389
42.2944,1329
42.2972,1277
42.3000,1273
42.3028,1318
42.3056,1412
42.3083,1513
42.3111,1612
42.3139,1676
42.3167,1703
42.3194,1699
42.3222,1689
42.3250,1674
42.3278,1673
42.3306,1700
42.3333,1762
42.3361,1840
42.3389,1862
42.3417,1833
42.3444,1779
42.3472,1714
42.3500,1658
42.3528,1625
42.3556,1613
42.3583,1628
42.3611,1644
42.3639,1650
42.3667,1647
42.3694,1649
42.3722,1657
42.3750,1669
42.3778,1661
42.3806,1679
42.3833,1683
42.3861,1681
42.3889,1680
42.3917,1686
42.3944,1700
42.3972,1704
42.4000,1709
42.4028,1713
42.4056,1714
42.4083,1726
42.4111,1742
42.4139,1764
42.4167,1805
42.4194,1849
42.4222,1870
42.4250,1862
42.4278,1838
42.4306,1795
42.4333,1754
42.4361,1716
42.4389,1704
42.4417,1679
42.4444,1676
42.4472,1676
42.4500,1695
42.4528,1710
42.4556,1732
42.4583,1757
42.4611,1766
42.4639,1762
42.4667,1773
42.4694,1799
42.4722,1808
42.4750,1728
42.4778,1723
42.4806,1724
42.4833,1715
42.4861,1723
42.4889,1733
42.4917,1741
42.4944,1759
42.4972,1753
42.5000,1742
42.5028,1719
42.5056,1704
42.5083,1710
42.5111,1722
42.5139,1740
42.5167,1742
42.5194,1717
42.5222,1691
42.5250,1666
42.5278,1650
42.5306,1677
42.5333,1701
42.5361,1706
42.5389,1713
42.5417,1698
42.5444,1675
42.5472,1649
42.5500,1619
42.5528,1613
42.5556,1615
42.5583,1634
42.5611,1662
42.5639,1690
42.5667,1722
42.5694,1725
42.5722,1708
42.5750,1687
42.5778,1671
42.5806,1667
42.5833,1690
42.5861,1739
42.5889,1779
42.5917,1801
42.5944,1788
42.5972,1735
42.6000,1686
42.6028,1643
42.6056,1625
42.6083,1639
42.6111,1660
42.6139,1678
42.6167,1695
42.6194,1700
42.6222,1700
42.6250,1701
42.6278,1707
42.6306,1722
42.6333,1751
42.6361,1760
42.6389,1754
42.6417,1734
42.6444,1718
42.6472,1707
42.6500,1720
42.6528,1755
42.6556,1796
42.6583,1816
42.6611,1804
42.6639,1781
42.6667,1746
42.6694,1727
42.6722,1710
42.6750,1697
42.6778,1698
42.6806,1710
42.6833,1701
42.6861,1696
42.6889,1680
42.6917,1695
42.6944,1709
42.6972,1738
42.7000,1787
42.7028,1820
42.7056,1851
42.7083,1869
42.7111,1860
42.7139,1836
42.7167,1830
42.7194,1824
42.7222,1824
42.7250,1826
42.7278,1845
42.7306,1869
42.7333,1898
42.7361,1915
42.7389,1938
42.7417,1964
42.7444,1979
42.7472,1973
42.7500,1931
42.7528,1834
42.7556,1731
42.7583,1661
42.7611,1610
42.7639,1585
42.7667,1582
42.7694,1594
42.7722,1623
42.7750,1633
42.7778,1637
42.7806,1633
42.7833,1628
42.7861,1634
42.7889,1630
42.7917,1631
42.7944,1637
42.7972,1653
42.8000,1654
42.8028,1666
42.8056,1666
42.8083,1674
42.8111,1686
42.8139,1699
42.8167,1740
42.8194,1776
42.8222,1804
42.8250,1805
42.8278,1784
42.8306,1750
42.8333,1723
42.8361,1715
42.8389,1750
42.8417,1849
42.8444,1968
42.8472,2061
42.8500,2090
42.8528,2040
42.8556,1933
42.8583,1818
42.8611,1736
42.8639,1674
42.8667,1622
42.8694,1542
42.8722,1454
42.8750,1386
42.8778,1343
42.8806,1332
42.8833,1357
42.8861,1421
42.8889,1522
42.8917,1626
42.8944,1728
42.8972,1789
42.9000,1806
42.9028,1779
42.9056,1730
42.9083,1695
42.9111,1718
42.9139,1765
42.9167,1796
42.9194,1785
42.9222,1724
42.9250,1654
42.9278,1617
42.9306,1617
42.9333,1632
42.9361,1685
42.9389,1715
42.9417,1729
42.9444,1709
42.9472,1665
42.9500,1638
42.9528,1642
42.9556,1656
42.9583,1688
42.9611,1713
42.9639,1735
42.9667,1774
42.9694,1799
42.9722,1810
42.9750,1800
42.9778,1783
42.9806,1758
42.9833,1748
42.9861,1741
42.9889,1747
42.9917,1765
42.9944,1789
42.9972,1832
43.0000,1870
43.0028,1871
43.0056,1829
43.0083,1775
43.0111,1735
43.0139,1721
43.0167,1712
43.0194,1719
43.0222,1745
43.0250,1775
43.0278,1799
43.0306,1813
43.0333,1821
43.0361,1832
43.0389,1815
43.0417,1808
43.0444,1802
43.0472,1809
43.0500,1810
43.0528,1799
43.0556,1780
43.0583,1777
43.0611,1776
43.0639,1760
43.0667,1737
43.0694,1738
43.0722,1753
43.0750,1768
43.0778,1777
43.0806,1757
43.0833,1737
43.0861,1702
43.0889,1670
43.0917,1654
43.0944,1646
43.0972,1655
43.1000,1676
43.1028,1676
43.1056,1675
43.1083,1654
43.1111,1640
43.1139,1639
43.1167,1614
43.1194,1601
43.1222,1593
43.1250,1580
43.1278,1590
43.1306,1630
43.1333,1646
43.1361,1654
43.1389,1657
43.1417,1646
43.1444,1639
43.1472,1641
43.1500,1652
43.1528,1672
43.1556,1684
43.1583,1688
43.1611,1687
43.1639,1678
43.1667,1697
43.1694,1721
43.1722,1748
43.1750,1780
43.1778,1820
43.1806,1828
43.1833,1804
43.1861,1753
43.1889,1703
43.1917,1670
43.1944,1655
43.1972,1641
43.2000,1634
43.2028,1632
43.2056,1654
43.2083,1668
43.2111,1669
43.2139,1694
43.2167,1718
43.2194,1704
43.2222,1670
43.2250,1660
43.2278,1660
43.2306,1689
43.2333,1717
43.2361,1722
43.2389,1732
43.2417,1710
43.2444,1716
43.2472,1743
43.2500,1754
43.2528,1763
43.2556,1762
43.2583,1751
43.2611,1722
43.2639,1702
43.2667,1676
43.2694,1661
43.2722,1645
43.2750,1655
43.2778,1688
43.2806,1711
43.2833,1751
43.2861,1771
43.2889,1798
43.2917,1817
43.2944,1846
43.2972,1851
43.3000,1847
43.3028,1837
43.3056,1819
43.3083,1824
43.3111,1822
43.3139,1842
43.3167,1855
43.3194,1893
43.3222,1915
43.3250,1935
43.3278,1931
43.3306,1899
43.3333,1851
43.3361,1792
43.3389,1749
43.3417,1694
43.3444,1671
43.3472,1669
43.3500,1669
43.3528,1662
43.3556,1659
43.3583,1660
43.3611,1675
43.3639,1695
43.3667,1695
43.3694,1679
43.3722,1666
43.3750,1641
43.3778,1636
43.3806,1644
43.3833,1664
43.3861,1711
43.3889,1747
43.3917,1749
43.3944,1736
43.3972,1711
43.4000,1699
43.4028,1697
43.4056,1710
43.4083,1738
43.4111,1733
43.4139,1716
43.4167,1695
43.4194,1663
43.4222,1648
43.4250,1652
43.4278,1688
43.4306,1778
43.4333,1893
43.4361,2019
43.4389,2086
43.4417,2070
43.4444,1987
43.4472,1885
43.4500,1779
43.4528,1739
43.4556,1734
43.4583,1702
43.4611,1648
43.4639,1562
43.4667,1487
43.4694,1388
43.4722,1332
43.4750,1386
43.4778,1497
43.4806,1631
43.4833,1715
43.4861,1754
43.4889,1748
43.4917,1723
43.4944,1714
43.4972,1699
43.5000,1679
43.5028,1671
43.5056,1661
43.5083,1658
43.5111,1660
43.5139,1660
43.5167,1674
43.5194,1693
43.5222,1714
43.5250,1745
43.5278,1761
43.5306,1769
43.5333,1766
43.5361,1741
43.5389,1722
43.5417,1706
43.5444,1712
43.5472,1733
43.5500,1731
43.5528,1721
43.5556,1690
43.5583,1679
43.5611,1681
43.5639,1699
43.5667,1722
43.5694,1741
43.5722,1749
43.5750,1744
43.5778,1726
43.5806,1725
43.5833,1741
43.5861,1748
43.5889,1769
43.5917,1775
43.5944,1783
43.5972,1793
43.6000,1803
43.6028,1792
43.6056,1780
43.6083,1753
43.6111,1768
43.6139,1776
43.6167,1790
43.6194,1797
43.6222,1790
43.6250,1792
43.6278,1798
43.6306,1815
43.6333,1821
43.6361,1811
43.6389,1802
43.6417,1790
43.6444,1789
43.6472,1789
43.6500,1800
43.6528,1835
43.6556,1874
43.6583,1902
43.6611,1900
43.6639,1855
43.6667,1806
43.6694,1769
43.6722,1742
43.6750,1736
43.6778,1758
43.6806,1771
43.6833,1770
43.6861,1755
43.6889,1729
43.6917,1692
43.6944,1649
43.6972,1625
43.7000,1624
43.7028,1638
43.7056,1675
43.7083,1704
43.7111,1717
43.7139,1710
43.7167,1702
43.7194,1716
43.7222,1722
43.7250,1761
43.7278,1790
43.7306,1810
43.7333,1829
43.7361,1834
43.7389,1812
43.7417,1802
43.7444,1790
43.7472,1765
43.7500,1752
43.7528,1754
43.7556,1748
43.7583,1742
43.7611,1734
43.7639,1719
43.7667,1723
43.7694,1732
43.7722,1754
43.7750,1738
43.7778,1727
43.7806,1701
43.7833,1695
43.7861,1697
43.7889,1722
43.7917,1742
43.7944,1759
43.7972,1747
43.8000,1720
43.8028,1710
43.8056,1708
43.8083,1702
43.8111,1718
43.8139,1732
43.8167,1746
43.8194,1752
43.8222,1773
43.8250,1795
43.8278,1827
43.8306,1838
43.8333,1829
43.8361,1809
43.8389,1779
43.8417,1749
43.8444,1727
43.8472,1709
43.8500,1688
43.8528,1698
43.8556,1703
43.8583,1723
43.8611,1727
43.8639,1743
43.8667,1765
43.8694,1789
43.8722,1789
43.8750,1781
43.8778,1756
43.8806,1730
43.8833,1740
43.8861,1763
43.8889,1804
43.8917,1837
43.8944,1859
43.8972,1842
43.9000,1837
43.9028,1818
43.9056,1820
43.9083,1823
43.9111,1852
43.9139,1901
43.9167,1949
43.9194,1946
43.9222,1912
43.9250,1868
43.9278,1809
43.9306,1752
43.9333,1719
43.9361,1697
43.9389,1706
43.9417,1702
43.9444,1706
43.9472,1714
43.9500,1712
43.9528,1705
43.9556,1710
43.9583,1714
43.9611,1726
43.9639,1738
43.9667,1753
43.9694,1780
43.9722,1777
43.9750,1721
43.9778,1678
43.9806,1650
43.9833,1659
43.9861,1690
43.9889,1711
43.9917,1730
43.9944,1735
43.9972,1708
44.0000,1674
44.0028,1673
44.0056,1695
44.0083,1695
44.0111,1674
44.0139,1652
44.0167,1665
44.0194,1704
44.0222,1787
44.0250,1914
44.0278,2035
44.0306,2101
44.0333,2076
44.0361,1978
44.0389,1875
44.0417,1794
44.0444,1751
44.0472,1742
44.0500,1721
44.0528,1675
44.0556,1623
44.0583,1572
44.0611,1515
44.0639,1445
44.0667,1397
44.0694,1414
44.0722,1480
44.0750,1591
44.0778,1688
44.0806,1777
44.0833,1808
44.0861,1778
44.0889,1710
44.0917,1643
44.0944,1611
44.0972,1603
44.1000,1620
44.1028,1642
44.1056,1682
44.1083,1707
44.1111,1718
44.1139,1734
44.1167,1733
44.1194,1724
44.1222,1727
44.1250,1726
44.1278,1718
44.1306,1707
44.1333,1717
44.1361,1719
44.1389,1746
44.1417,1774
44.1444,1792
44.1472,1792
44.1500,1781
44.1528,1758
44.1556,1747
44.1583,1740
44.1611,1745
44.1639,1759
44.1667,1787
44.1694,1786
44.1722,1768
44.1750,1748
44.1778,1727
44.1806,1740
44.1833,1763
44.1861,1790
44.1889,1789
44.1917,1782
44.1944,1772
44.1972,1746
44.2000,1719
44.2028,1697
44.2056,1688
44.2083,1686
44.2111,1690
44.2139,1715
44.2167,1736
44.2194,1767
44.2222,1819
44.2250,1802
44.2278,1810
44.2306,1805
44.2333,1792
44.2361,1805
44.2389,1809
44.2417,1817
44.2444,1816
44.2472,1802
44.2500,1770
44.2528,1740
44.2556,1733
44.2583,1742
44.2611,1741
44.2639,1745
44.2667,1734
44.2694,1713
44.2722,1704
44.2750,1696
44.2778,1687
44.2806,1667
44.2833,1653
44.2861,1648
44.2889,1655
44.2917,1671
44.2944,1679
44.2972,1688
44.3000,1697
44.3028,1697
44.3056,1701
44.3083,1703
44.3111,1709
44.3139,1726
44.3167,1750
44.3194,1771
44.3222,1770
44.3250,1761
44.3278,1763
44.3306,1758
44.3333,1746
44.3361,1750
44.3389,1748
44.3417,1779
44.3444,1800
44.3472,1801
44.3500,1781
44.3528,1756
44.3556,1744
44.3583,1737
44.3611,1758
44.3639,1773
44.3667,1774
44.3694,1746
44.3722,1729
44.3750,1711
44.3778,1705
44.3806,1707
44.3833,1709
44.3861,1733
44.3889,1752
44.3917,1749
44.3944,1755
44.3972,1756
44.4000,1749
44.4028,1744
44.4056,1741
44.4083,1724
44.4111,1704
44.4139,1685
44.4167,1673
44.4194,1678
44.4222,1680
44.4250,1693
44.4278,1695
44.4306,1706
44.4333,1744
44.4361,1778
44.4389,1805
44.4417,1811
44.4444,1793
44.4472,1783
44.4500,1771
44.4528,1772
44.4556,1753
44.4583,1739
44.4611,1713
44.4639,1710
44.4667,1729
44.4694,1753
44.4722,1784
44.4750,1827
44.4778,1845
44.4806,1860
44.4833,1850
44.4861,1848
44.4889,1843
44.4917,1831
44.4944,1821
44.4972,1805
44.5000,1796
44.5028,1790
44.5056,1803
44.5083,1849
44.5111,1895
44.5139,1899
44.5167,1879
44.5194,1842
44.5222,1792
44.5250,1747
44.5278,1720
44.5306,1700
44.5333,1691
44.5361,1697
44.5389,1704
44.5417,1690
44.5444,1679
44.5472,1661
44.5500,1644
44.5528,1625
44.5556,1609
44.5583,1611
44.5611,1618
44.5639,1624
44.5667,1616
44.5694,1625
44.5722,1665
44.5750,1676
44.5778,1685
44.5806,1660
44.5833,1636
44.5861,1619
44.5889,1615
44.5917,1615
44.5944,1619
44.5972,1657
44.6000,1683
44.6028,1700
44.6056,1710
44.6083,1707
44.6111,1698
44.6139,1715
44.6167,1750
44.6194,1848
44.6222,1978
44.6250,2044
44.6278,2041
44.6306,1944
44.6333,1829
44.6361,1738
44.6389,1700
44.6417,1681
44.6444,1660
44.6472,1591
44.6500,1509
44.6528,1427
44.6556,1377
44.6583,1372
44.6611,1383
44.6639,1418
44.6667,1486
44.6694,1574
44.6722,1636
44.6750,1694
44.6778,1722
44.6806,1710
44.6833,1686
44.6861,1665
44.6889,1640
44.6917,1641
44.6944,1659
44.6972,1681
44.7000,1701
44.7028,1703
44.7056,1695
44.7083,1694
44.7111,1685
44.7139,1682
44.7167,1685
44.7194,1692
44.7222,1687
44.7250,1696
44.7278,1701
44.7306,1708
44.7333,1690
44.7361,1689
44.7389,1691
44.7417,1701
44.7444,1726
44.7472,1746
44.7500,1764
44.7528,1783
44.7556,1771
44.7583,1738
44.7611,1697
44.7639,1668
44.7667,1665
44.7694,1667
44.7722,1675
44.7750,1679
44.7778,1693
44.7806,1702
44.7833,1710
44.7861,1721
44.7889,1730
44.7917,1749
44.7944,1771
44.7972,1775
44.8000,1783
44.8028,1772
44.8056,1786
44.8083,1786
44.8111,1791
44.8139,1800
44.8167,1836
44.8194,1831
44.8222,1818
44.8250,1796
44.8278,1766
44.8306,1759
44.8333,1756
44.8361,1756
44.8389,1766
44.8417,1759
44.8444,1750
44.8472,1755
44.8500,1761
44.8528,1769
44.8556,1771
44.8583,1780
44.8611,1765
44.8639,1744
44.8667,1733
44.8694,1732
44.8722,1743
44.8750,1732
44.8778,1710
44.8806,1673
44.8833,1646
44.8861,1639
44.8889,1668
44.8917,1693
44.8944,1719
44.8972,1735
44.9000,1739
44.9028,1703
44.9056,1658
44.9083,1628
44.9111,1613
44.9139,1638
44.9167,1675
44.9194,1694
44.9222,1701
44.9250,1714
44.9278,1722
44.9306,1728
44.9333,1747
44.9361,1761
44.9389,1768
44.9417,1761
44.9444,1759
44.9472,1752
44.9500,1728
44.9528,1707
44.9556,1723
44.9583,1740
44.9611,1756
44.9639,1739
44.9667,1720
44.9694,1716
44.9722,1730
44.9750,1751
44.9778,1748
44.9806,1711
44.9833,1689
44.9861,1670
44.9889,1681
44.9917,1695
44.9944,1724
44.9972,1756
45.0000,1774
45.0028,1774
45.0056,1776
45.0083,1769
45.0111,1751
45.0139,1739
45.0167,1715
45.0194,1688
45.0222,1680
45.0250,1694
45.0278,1716
45.0306,1732
45.0333,1762
45.0361,1791
45.0389,1790
45.0417,1800
45.0444,1804
45.0472,1782
45.0500,1772
45.0528,1771
45.0556,1755
45.0583,1722
45.0611,1680
45.0639,1656
45.0667,1658
45.0694,1661
45.0722,1653
45.0750,1646
45.0778,1644
45.0806,1641
45.0833,1657
45.0861,1668
45.0889,1676
45.0917,1705
45.0944,1743
45.0972,1761
45.1000,1797
45.1028,1810
45.1056,1808
45.1083,1813
45.1111,1838
45.1139,1853
45.1167,1861
45.1194,1875
45.1222,1898
45.1250,1904
45.1278,1892
45.1306,1881
45.1333,1876
45.1361,1887
45.1389,1879
45.1417,1890
45.1444,1899
45.1472,1909
45.1500,1930
45.1528,1946
45.1556,1911
45.1583,1837
45.1611,1766
45.1639,1706
45.1667,1656
45.1694,1627
45.1722,1613
45.1750,1605
45.1778,1619
45.1806,1646
45.1833,1659
45.1861,1659
45.1889,1645
45.1917,1630
45.1944,1620
45.1972,1627
45.2000,1627
45.2028,1632
45.2056,1644
45.2083,1655
45.2111,1667
45.2139,1690
45.2167,1695
45.2194,1699
45.2222,1704
45.2250,1707
45.2278,1723
45.2306,1753
45.2333,1754
45.2361,1746
45.2389,1746
45.2417,1776
45.2444,1822
45.2472,1901
45.2500,2024
45.2528,2127
45.2556,2178
45.2583,2133
45.2611,2006
45.2639,1875
45.2667,1752
45.2694,1687
45.2722,1646
45.2750,1608
45.2778,1576
45.2806,1522
45.2833,1467
45.2861,1405
45.2889,1364
45.2917,1361
45.2944,1410
45.2972,1492
45.3000,1580
45.3028,1638
45.3056,1689
45.3083,1733
45.3111,1760
45.3139,1753
45.3167,1749
45.3194,1739
45.3222,1739
45.3250,1716
45.3278,1707
45.3306,1676
45.3333,1648
45.3361,1636
45.3389,1652
45.3417,1683
45.3444,1716
45.3472,1735
45.3500,1747
45.3528,1747
45.3556,1748
45.3583,1745
45.3611,1735
45.3639,1715
45.3667,1707
45.3694,1729
45.3722,1760
45.3750,1783
45.3778,1797
45.3806,1759
45.3833,1707
45.3861,1663
45.3889,1641
45.3917,1636
45.3944,1648
45.3972,1675
45.4000,1705
45.4028,1734
45.4056,1730
45.4083,1704
45.4111,1701
45.4139,1687
45.4167,1686
45.4194,1708
45.4222,1715
45.4250,1738
45.4278,1754
45.4306,1748
45.4333,1735
45.4361,1733
45.4389,1743
45.4417,1751
45.4444,1767
45.4472,1777
45.4500,1782
45.4528,1771
45.4556,1779
45.4583,1792
45.4611,1673
45.4639,1679
45.4667,1729
45.4694,1755
45.4722,1755
45.4750,1739
45.4778,1713
45.4806,1696
45.4833,1690
45.4861,1680
45.4889,1673
45.4917,1673
45.4944,1680
45.4972,1676
45.5000,1696
45.5028,1695
45.5056,1710
45.5083,1705
45.5111,1683
45.5139,1647
45.5167,1631
45.5194,1629
45.5222,1635
45.5250,1653
45.5278,1676
45.5306,1678
45.5333,1679
45.5361,1673
45.5389,1644
45.5417,1624
45.5444,1621
45.5472,1621
45.5500,1631
45.5528,1636
45.5556,1635
45.5583,1633
45.5611,1643
45.5639,1644
45.5667,1648
45.5694,1648
45.5722,1647
45.5750,1653
45.5778,1651
45.5806,1647
45.5833,1643
45.5861,1656
45.5889,1666
45.5917,1682
45.5944,1701
45.5972,1711
45.6000,1724
45.6028,1725
45.6056,1712
45.6083,1707
45.6111,1694
45.6139,1677
45.6167,1681
45.6194,1696
45.6222,1697
45.6250,1707
45.6278,1698
45.6306,1693
45.6333,1680
45.6361,1681
45.6389,1683
45.6417,1698
45.6444,1705
45.6472,1716
45.6500,1719
45.6528,1725
45.6556,1725
45.6583,1722
45.6611,1733
45.6639,1736
45.6667,1719
45.6694,1701
45.6722,1677
45.6750,1667
45.6778,1681
45.6806,1691
45.6833,1713
45.6861,1735
45.6889,1726
45.6917,1719
45.6944,1692
45.6972,1657
45.7000,1647
45.7028,1644
45.7056,1648
45.7083,1653
45.7111,1669
45.7139,1691
45.7167,1710
45.7194,1713
45.7222,1714
45.7250,1714
45.7278,1714
45.7306,1715
45.7333,1710
45.7361,1706
45.7389,1709
45.7417,1713
45.7444,1712
45.7472,1706
45.7500,1701
45.7528,1710
45.7556,1736
45.7583,1761
45.7611,1789
45.7639,1789
45.7667,1787
45.7694,1758
45.7722,1729
45.7750,1697
45.7778,1677
45.7806,1678
45.7833,1700
45.7861,1723
45.7889,1749
45.7917,1765
45.7944,1758
45.7972,1758
45.8000,1730
45.8028,1704
45.8056,1684
45.8083,1664
45.8111,1667
45.8139,1664
45.8167,1680
45.8194,1693
45.8222,1718
45.8250,1750
45.8278,1772
45.8306,1784
45.8333,1790
45.8361,1797
45.8389,1798
45.8417,1810
45.8444,1817
45.8472,1826
45.8500,1819
45.8528,1831
45.8556,1860
45.8583,1891
45.8611,1930
45.8639,1970
45.8667,1991
45.8694,1962
45.8722,1890
45.8750,1825
45.8778,1769
45.8806,1716
45.8833,1672
45.8861,1651
45.8889,1634
45.8917,1633
45.8944,1648
45.8972,1649
45.9000,1649
45.9028,1650
45.9056,1645
45.9083,1648
45.9111,1651
45.9139,1650
45.9167,1649
45.9194,1654
45.9222,1646
45.9250,1654
45.9278,1647
45.9306,1650
45.9333,1651
45.9361,1657
45.9389,1657
45.9417,1653
45.9444,1650
45.9472,1654
45.9500,1666
45.9528,1689
45.9556,1713
45.9583,1721
45.9611,1713
45.9639,1715
45.9667,1727
45.9694,1777
45.9722,1828
45.9750,1863
45.9778,1913
45.9806,1984
45.9833,2067
45.9861,2104
45.9889,2095
45.9917,2000
45.9944,1878
45.9972,1769
46.0000,1690
46.0028,1616
46.0056,1532
46.0083,1462
46.0111,1387
46.0139,1350
46.0167,1347
46.0194,1388
46.0222,1459
46.0250,1552
46.0278,1630
46.0306,1687
46.0333,1719
46.0361,1729
46.0389,1727
46.0417,1705
46.0444,1705
46.0472,1707
46.0500,1713
46.0528,1711
46.0556,1708
46.0583,1701
46.0611,1711
46.0639,1720
46.0667,1729
46.0694,1744
46.0722,1753
46.0750,1747
46.0778,1732
46.0806,1720
46.0833,1696
46.0861,1683
46.0889,1689
46.0917,1706
46.0944,1713
46.0972,1724
46.1000,1740
46.1028,1744
46.1056,1744
46.1083,1724
46.1111,1727
46.1139,1737
46.1167,1739
46.1194,1740
46.1222,1741
46.1250,1746
46.1278,1753
46.1306,1755
46.1333,1787
46.1361,1822
46.1389,1852
46.1417,1847
46.1444,1816
46.1472,1779
46.1500,1746
46.1528,1724
46.1556,1736
46.1583,1760
46.1611,1784
46.1639,1801
46.1667,1788
46.1694,1788
46.1722,1790
46.1750,1779
46.1778,1764
46.1806,1748
46.1833,1730
46.1861,1743
46.1889,1769
46.1917,1778
46.1944,1776
46.1972,1748
46.2000,1723
46.2028,1696
46.2056,1677
46.2083,1668
46.2111,1681
46.2139,1683
46.2167,1687
46.2194,1683
46.2222,1683
46.2250,1679
46.2278,1672
46.2306,1677
46.2333,1676
46.2361,1686
46.2389,1695
46.2417,1689
46.2444,1673
46.2472,1664
46.2500,1662
46.2528,1669
46.2556,1672
46.2583,1677
46.2611,1669
46.2639,1678
46.2667,1688
46.2694,1690
46.2722,1667
46.2750,1658
46.2778,1656
46.2806,1667
46.2833,1684
46.2861,1692
46.2889,1705
46.2917,1701
46.2944,1683
46.2972,1650
46.3000,1612
46.3028,1586
46.3056,1582
46.3083,1576
46.3111,1601
46.3139,1628
46.3167,1653
46.3194,1667
46.3222,1672
46.3250,1672
46.3278,1669
46.3306,1679
46.3333,1671
46.3361,1686
46.3389,1691
46.3417,1705
46.3444,1707
46.3472,1712
46.3500,1724
46.3528,1728
46.3556,1728
46.3583,1726
46.3611,1715
46.3639,1696
46.3667,1691
46.3694,1687
46.3722,1708
46.3750,1723
46.3778,1729
46.3806,1720
46.3833,1698
46.3861,1689
46.3889,1708
46.3917,1745
46.3944,1755
46.3972,1759
46.4000,1749
46.4028,1724
46.4056,1700
46.4083,1695
46.4111,1702
46.4139,1701
46.4167,1707
46.4194,1713
46.4222,1717
46.4250,1716
46.4278,1713
46.4306,1705
46.4333,1728
46.4361,1717
46.4389,1701
46.4417,1683
46.4444,1676
46.4472,1677
46.4500,1674
46.4528,1677
46.4556,1691
46.4583,1681
46.4611,1701
46.4639,1716
46.4667,1728
46.4694,1737
46.4722,1734
46.4750,1715
46.4778,1704
46.4806,1698
46.4833,1708
46.4861,1719
46.4889,1725
46.4917,1710
46.4944,1688
46.4972,1682
46.5000,1679
46.5028,1680
46.5056,1682
46.5083,1676
46.5111,1686
46.5139,1692
46.5167,1695
46.5194,1705
46.5222,1717
46.5250,1732
46.5278,1734
46.5306,1730
46.5333,1733
46.5361,1741
46.5389,1755
46.5417,1769
46.5444,1752
46.5472,1721
46.5500,1704
46.5528,1692
46.5556,1678
46.5583,1684
46.5611,1690
46.5639,1694
46.5667,1714
46.5694,1718
46.5722,1726
46.5750,1732
46.5778,1732
46.5806,1738
46.5833,1735
46.5861,1739
46.5889,1715
46.5917,1703
46.5944,1701
46.5972,1699
46.6000,1706
46.6028,1707
46.6056,1710
46.6083,1714
46.6111,1714
46.6139,1719
46.6167,1718
46.6194,1721
46.6222,1724
46.6250,1722
46.6278,1719
46.6306,1714
46.6333,1704
46.6361,1711
46.6389,1736
46.6417,1761
46.6444,1780
46.6472,1782
46.6500,1757
46.6528,1731
46.6556,1713
46.6583,1694
46.6611,1691
46.6639,1700
46.6667,1700
46.6694,1697
46.6722,1683
46.6750,1670
46.6778,1666
46.6806,1670
46.6833,1694
46.6861,1712
46.6889,1722
46.6917,1728
46.6944,1719
46.6972,1712
46.7000,1704
46.7028,1697
46.7056,1707
46.7083,1713
46.7111,1728
46.7139,1751
46.7167,1772
46.7194,1767
46.7222,1747
46.7250,1726
46.7278,1717
46.7306,1716
46.7333,1717
46.7361,1734
46.7389,1739
46.7417,1742
46.7444,1742
46.7472,1755
46.7500,1767
46.7528,1773
46.7556,1775
46.7583,1776
46.7611,1791
46.7639,1811
46.7667,1805
46.7694,1769
46.7722,1725
46.7750,1667
46.7778,1635
46.7806,1616
46.7833,1639
46.7861,1665
46.7889,1691
46.7917,1711
46.7944,1733
46.7972,1745
46.8000,1739
46.8028,1713
46.8056,1683
46.8083,1675
46.8111,1674
46.8139,1681
46.8167,1699
46.8194,1725
46.8222,1734
46.8250,1736
46.8278,1740
46.8306,1737
46.8333,1734
46.8361,1745
46.8389,1751
46.8417,1774
46.8444,1814
46.8472,1870
46.8500,1912
46.8528,1928
46.8556,1912
46.8583,1888
46.8611,1845
46.8639,1808
46.8667,1797
46.8694,1803
46.8722,1837
46.8750,1884
46.8778,1900
46.8806,1901
46.8833,1852
46.8861,1799
46.8889,1745
46.8917,1707
46.8944,1695
46.8972,1712
46.9000,1733
46.9028,1731
46.9056,1728
46.9083,1727
46.9111,1742
46.9139,1750
46.9167,1733
46.9194,1710
46.9222,1682
46.9250,1671
46.9278,1656
46.9306,1652
46.9333,1655
46.9361,1661
46.9389,1662
46.9417,1671
46.9444,1676
46.9472,1683
46.9500,1698
46.9528,1720
46.9556,1734
46.9583,1761
46.9611,1767
46.9639,1758
46.9667,1738
46.9694,1718
46.9722,1729
46.9750,1774
46.9778,1815
46.9806,1870
46.9833,1933
46.9861,2032
46.9889,2113
46.9917,2180
46.9944,2175
46.9972,2059
47.0000,1930
47.0028,1800
47.0056,1685
47.0083,1563
47.0111,1431
47.0139,1318
47.0167,1264
47.0194,1269
47.0222,1322
47.0250,1415
47.0278,1509
47.0306,1606
47.0333,1686
47.0361,1729
47.0389,1754
47.0417,1743
47.0444,1727
47.0472,1688
47.0500,1665
47.0528,1655
47.0556,1683
47.0583,1724
47.0611,1761
47.0639,1787
47.0667,1783
47.0694,1763
47.0722,1730
47.0750,1690
47.0778,1668
47.0806,1655
47.0833,1646
47.0861,1649
47.0889,1643
47.0917,1649
47.0944,1652
47.0972,1653
47.1000,1664
47.1028,1661
47.1056,1683
47.1083,1707
47.1111,1721
47.1139,1725
47.1167,1725
47.1194,1722
47.1222,1726
47.1250,1720
47.1278,1731
47.1306,1729
47.1333,1758
47.1361,1749
47.1389,1746
47.1417,1742
47.1444,1745
47.1472,1777
47.1500,1793
47.1528,1804
47.1556,1813
47.1583,1815
47.1611,1796
47.1639,1771
47.1667,1747
47.1694,1741
47.1722,1750
47.1750,1756
47.1778,1774
47.1806,1771
47.1833,1752
47.1861,1725
47.1889,1694
47.1917,1690
47.1944,1688
47.1972,1707
47.2000,1721
47.2028,1766
47.2056,1770
47.2083,1775
47.2111,1799
47.2139,1805
47.2167,1787
47.2194,1758
47.2222,1740
47.2250,1718
47.2278,1710
47.2306,1694
47.2333,1690
47.2361,1689
47.2389,1697
47.2417,1697
47.2444,1692
47.2472,1683
47.2500,1659
47.2528,1628
47.2556,1609
47.2583,1614
47.2611,1629
47.2639,1646
47.2667,1643
47.2694,1631
47.2722,1630
47.2750,1633
47.2778,1658
47.2806,1672
47.2833,1691
47.2861,1699
47.2889,1702
47.2917,1695
47.2944,1706
47.2972,1702
47.3000,1700
47.3028,1683
47.3056,1678
47.3083,1677
47.3111,1693
47.3139,1688
47.3167,1698
47.3194,1708
47.3222,1715
47.3250,1715
47.3278,1724
47.3306,1745
47.3333,1763
47.3361,1770
47.3389,1769
47.3417,1736
47.3444,1704
47.3472,1681
47.3500,1654
47.3528,1633
47.3556,1633
47.3583,1641
47.3611,1648
47.3639,1670
47.3667,1688
47.3694,1713
47.3722,1723
47.3750,1717
47.3778,1702
47.3806,1697
47.3833,1684
47.3861,1678
47.3889,1674
47.3917,1673
47.3944,1693
47.3972,1731
47.4000,1740
47.4028,1741
47.4056,1736
47.4083,1717
47.4111,1702
47.4139,1701
47.4167,1702
47.4194,1710
47.4222,1718
47.4250,1731
47.4278,1743
47.4306,1762
47.4333,1784
47.4361,1770
47.4389,1746
47.4417,1718
47.4444,1712
47.4472,1695
47.4500,1679
47.4528,1666
47.4556,1651
47.4583,1638
47.4611,1635
47.4639,1647
47.4667,1657
47.4694,1656
47.4722,1659
47.4750,1658
47.4778,1674
47.4806,1679
47.4833,1691
47.4861,1694
47.4889,1696
47.4917,1700
47.4944,1700
47.4972,1708
47.5000,1714
47.5028,1712
47.5056,1712
47.5083,1722
47.5111,1713
47.5139,1715
47.5167,1722
47.5194,1744
47.5222,1767
47.5250,1783
47.5278,1798
47.5306,1802
47.5333,1791
47.5361,1771
47.5389,1763
47.5417,1738
47.5444,1715
47.5472,1696
47.5500,1679
47.5528,1670
47.5556,1682
47.5583,1684
47.5611,1689
47.5639,1676
47.5667,1668
47.5694,1665
47.5722,1660
47.5750,1668
47.5778,1672
47.5806,1686
47.5833,1693
47.5861,1692
47.5889,1689
47.5917,1686
47.5944,1686
47.5972,1690
47.6000,1690
47.6028,1701
47.6056,1695
47.6083,1705
47.6111,1722
47.6139,1737
47.6167,1754
47.6194,1761
47.6222,1752
47.6250,1747
47.6278,1735
47.6306,1729
47.6333,1747
47.6361,1748
47.6389,1727
47.6417,1693
47.6444,1666
47.6472,1652
47.6500,1649
47.6528,1643
47.6556,1650
47.6583,1659
47.6611,1671
47.6639,1691
47.6667,1707
47.6694,1731
47.6722,1742
47.6750,1731
47.6778,1711
47.6806,1683
47.6833,1662
47.6861,1649
47.6889,1656
47.6917,1684
47.6944,1703
47.6972,1726
47.7000,1737
47.7028,1750
47.7056,1751
47.7083,1752
47.7111,1742
47.7139,1733
47.7167,1727
47.7194,1728
47.7222,1724
47.7250,1718
47.7278,1725
47.7306,1738
47.7333,1744
47.7361,1759
47.7389,1758
47.7417,1736
47.7444,1699
47.7472,1664
47.7500,1650
47.7528,1654
47.7556,1665
47.7583,1654
47.7611,1636
47.7639,1629
47.7667,1630
47.7694,1643
47.7722,1662
47.7750,1672
47.7778,1670
47.7806,1657
47.7833,1655
47.7861,1658
47.7889,1668
47.7917,1699
47.7944,1721
47.7972,1735
47.8000,1747
47.8028,1744
47.8056,1756
47.8083,1739
47.8111,1733
47.8139,1724
47.8167,1732
47.8194,1730
47.8222,1732
47.8250,1745
47.8278,1755
47.8306,1767
47.8333,1774
47.8361,1799
47.8389,1820
47.8417,1826
47.8444,1817
47.8472,1805
47.8500,1791
47.8528,1774
47.8556,1766
47.8583,1771
47.8611,1778
47.8639,1770
47.8667,1748
47.8694,1699
47.8722,1651
47.8750,1636
47.8778,1639
47.8806,1652
47.8833,1679
47.8861,1713
47.8889,1740
47.8917,1735
47.8944,1726
47.8972,1705
47.9000,1690
47.9028,1689
47.9056,1689
47.9083,1690
47.9111,1682
47.9139,1681
47.9167,1687
47.9194,1706
47.9222,1718
47.9250,1729
47.9278,1747
47.9306,1725
47.9333,1723
47.9361,1724
47.9389,1739
47.9417,1757
47.9444,1791
47.9472,1819
47.9500,1842
47.9528,1849
47.9556,1851
47.9583,1857
47.9611,1853
47.9639,1849
47.9667,1878
47.9694,1942
47.9722,2028
47.9750,2112
47.9778,2152
47.9806,2098
47.9833,1984
47.9861,1884
47.9889,1794
47.9917,1714
47.9944,1620
47.9972,1527
48.0000,1433
48.0028,1371
48.0056,1355
48.0083,1366
48.0111,1424
48.0139,1505
48.0167,1596
48.0194,1673
48.0222,1720
48.0250,1750
48.0278,1759
48.0306,1751
48.0333,1714
48.0361,1685
48.0389,1682
48.0417,1693
48.0444,1725
48.0472,1759
48.0500,1789
48.0528,1786
48.0556,1780
48.0583,1775
48.0611,1787
48.0639,1807
48.0667,1833
48.0694,1835
48.0722,1791
48.0750,1753
48.0778,1719
48.0806,1695
48.0833,1674
48.0861,1678
48.0889,1692
48.0917,1699
48.0944,1719
48.0972,1742
48.1000,1740
48.1028,1743
48.1056,1734
48.1083,1729
48.1111,1722
48.1139,1727
48.1167,1733
48.1194,1748
48.1222,1771
48.1250,1788
48.1278,1785
48.1306,1790
48.1333,1789
48.1361,1779
48.1389,1787
48.1417,1795
48.1444,1816
48.1472,1834
48.1500,1842
48.1528,1847
48.1556,1852
48.1583,1850
48.1611,1859
48.1639,1882
48.1667,1911
48.1694,1919
48.1722,1908
48.1750,1888
48.1778,1857
48.1806,1800
48.1833,1787
48.1861,1802
48.1889,1826
48.1917,1837
48.1944,1858
48.1972,1871
48.2000,1868
48.2028,1850
48.2056,1848
48.2083,1836
48.2111,1808
48.2139,1774
48.2167,1733
48.2194,1724
48.2222,1718
48.2250,1722
48.2278,1706
48.2306,1698
48.2333,1687
48.2361,1698
48.2389,1709
48.2417,1716
48.2444,1735
48.2472,1744
48.2500,1742
48.2528,1737
48.2556,1736
48.2583,1733
48.2611,1747
48.2639,1757
48.2667,1766
48.2694,1775
48.2722,1775
48.2750,1765
48.2778,1757
48.2806,1758
48.2833,1754
48.2861,1754
48.2889,1763
48.2917,1776
48.2944,1784
48.2972,1774
48.3000,1757
48.3028,1745
48.3056,1745
48.3083,1800
48.3111,1839
48.3139,1854
48.3167,1844
48.3194,1794
48.3222,1733
48.3250,1693
48.3278,1677
48.3306,1678
48.3333,1713
48.3361,1746
48.3389,1772
48.3417,1800
48.3444,1796
48.3472,1792
48.3500,1774
48.3528,1762
48.3556,1747
48.3583,1719
48.3611,1726
48.3639,1723
48.3667,1730
48.3694,1733
48.3722,1734
48.3750,1744
48.3778,1739
48.3806,1734
48.3833,1732
48.3861,1740
48.3889,1741
48.3917,1744
48.3944,1732
48.3972,1738
48.4000,1753
48.4028,1754
48.4056,1753
48.4083,1748
48.4111,1741
48.4139,1725
48.4167,1715
48.4194,1698
48.4222,1682
48.4250,1685
48.4278,1695
48.4306,1703
48.4333,1691
48.4361,1685
48.4389,1705
48.4417,1729
48.4444,1743
48.4472,1739
48.4500,1719
48.4528,1705
48.4556,1697
48.4583,1709
48.4611,1750
48.4639,1789
48.4667,1797
48.4694,1780
48.4722,1760
48.4750,1712
48.4778,1705
48.4806,1693
48.4833,1701
48.4861,1711
48.4889,1722
48.4917,1718
48.4944,1698
48.4972,1712
48.5000,1719
48.5028,1705
48.5056,1686
48.5083,1681
48.5111,1674
48.5139,1692
48.5167,1714
48.5194,1730
48.5222,1735
48.5250,1734
48.5278,1718
48.5306,1730
48.5333,1754
48.5361,1773
48.5389,1775
48.5417,1762
48.5444,1735
48.5472,1715
48.5500,1709
48.5528,1719
48.5556,1742
48.5583,1759
48.5611,1756
48.5639,1745
48.5667,1749
48.5694,1753
48.5722,1748
48.5750,1752
48.5778,1773
48.5806,1765
48.5833,1736
48.5861,1698
48.5889,1654
48.5917,1631
48.5944,1619
48.5972,1637
48.6000,1664
48.6028,1710
48.6056,1735
48.6083,1750
48.6111,1743
48.6139,1719
48.6167,1723
48.6194,1716
48.6222,1722
48.6250,1733
48.6278,1742
48.6306,1736
48.6333,1729
48.6361,1739
48.6389,1759
48.6417,1773
48.6444,1790
48.6472,1785
48.6500,1759
48.6528,1737
48.6556,1719
48.6583,1739
48.6611,1745
48.6639,1745
48.6667,1717
48.6694,1704
48.6722,1687
48.6750,1697
48.6778,1718
48.6806,1725
48.6833,1722
48.6861,1705
48.6889,1682
48.6917,1674
48.6944,1670
48.6972,1687
48.7000,1700
48.7028,1720
48.7056,1731
48.7083,1734
48.7111,1742
48.7139,1748
48.7167,1757
48.7194,1765
48.7222,1766
48.7250,1782
48.7278,1802
48.7306,1822
48.7333,1816
48.7361,1824
48.7389,1825
48.7417,1839
48.7444,1848
48.7472,1857
48.7500,1869
48.7528,1880
48.7556,1877
48.7583,1863
48.7611,1808
48.7639,1766
48.7667,1734
48.7694,1712
48.7722,1704
48.7750,1717
48.7778,1724
48.7806,1737
48.7833,1743
48.7861,1739
48.7889,1732
48.7917,1729
48.7944,1704
48.7972,1688
48.8000,1670
48.8028,1662
48.8056,1653
48.8083,1659
48.8111,1671
48.8139,1676
48.8167,1679
48.8194,1671
48.8222,1675
48.8250,1692
48.8278,1709
48.8306,1729
48.8333,1724
48.8361,1724
48.8389,1719
48.8417,1699
48.8444,1684
48.8472,1672
48.8500,1658
48.8528,1655
48.8556,1690
48.8583,1770
48.8611,1887
48.8639,2011
48.8667,2135
48.8694,2223
48.8722,2273
48.8750,2215
48.8778,2078
48.8806,1941
48.8833,1828
48.8861,1735
48.8889,1653
48.8917,1566
48.8944,1472
48.8972,1399
48.9000,1358
48.9028,1360
48.9056,1380
48.9083,1451
48.9111,1518
48.9139,1596
48.9167,1640
48.9194,1655
48.9222,1655
48.9250,1649
48.9278,1648
48.9306,1642
48.9333,1638
48.9361,1648
48.9389,1676
48.9417,1706
48.9444,1719
48.9472,1707
48.9500,1691
48.9528,1677
48.9556,1679
48.9583,1696
48.9611,1730
48.9639,1755
48.9667,1764
48.9694,1755
48.9722,1721
48.9750,1682
48.9778,1648
48.9806,1645
48.9833,1665
48.9861,1697
48.9889,1713
48.9917,1720
48.9944,1704
48.9972,1697
49.0000,1683
49.0028,1675
49.0056,1684
49.0083,1707
49.0111,1714
49.0139,1725
49.0167,1727
49.0194,1713
49.0222,1706
49.0250,1674
49.0278,1665
49.0306,1674
49.0333,1685
49.0361,1711
49.0389,1742
49.0417,1773
49.0444,1801
49.0472,1802
49.0500,1808
49.0528,1809
49.0556,1801
49.0583,1797
49.0611,1807
49.0639,1809
49.0667,1812
49.0694,1808
49.0722,1806
49.0750,1784
49.0778,1751
49.0806,1733
49.0833,1731
49.0861,1725
49.0889,1717
49.0917,1710
49.0944,1701
49.0972,1678
49.1000,1663
49.1028,1655
49.1056,1650
49.1083,1646
49.1111,1666
49.1139,1664
49.1167,1652
49.1194,1635
49.1222,1611
49.1250,1595
49.1278,1602
49.1306,1612
49.1333,1619
49.1361,1616
49.1389,1610
49.1417,1616
49.1444,1609
49.1472,1615
49.1500,1623
49.1528,1635
49.1556,1645
49.1583,1656
49.1611,1674
49.1639,1673
49.1667,1674
49.1694,1656
49.1722,1631
49.1750,1603
49.1778,1605
49.1806,1616
49.1833,1630
49.1861,1640
49.1889,1661
49.1917,1676
49.1944,1700
49.1972,1680
49.2000,1642
49.2028,1595
49.2056,1575
49.2083,1602
49.2111,1636
49.2139,1648
49.2167,1665
49.2194,1671
49.2222,1669
49.2250,1660
49.2278,1648
49.2306,1644
49.2333,1653
49.2361,1673
49.2389,1680
49.2417,1693
49.2444,1705
49.2472,1709
49.2500,1729
49.2528,1730
49.2556,1723
49.2583,1710
49.2611,1697
49.2639,1667
49.2667,1634
49.2694,1616
49.2722,1629
49.2750,1649
49.2778,1674
49.2806,1701
49.2833,1700
49.2861,1691
49.2889,1654
49.2917,1656
49.2944,1639
49.2972,1630
49.3000,1621
49.3028,1611
49.3056,1625
49.3083,1648
49.3111,1688
49.3139,1720
49.3167,1725
49.3194,1716
49.3222,1708
49.3250,1668
49.3278,1642
49.3306,1634
49.3333,1653
49.3361,1683
49.3389,1713
49.3417,1742
49.3444,1749
49.3472,1745
49.3500,1728
49.3528,1733
49.3556,1714
49.3583,1690
49.3611,1670
49.3639,1646
49.3667,1621
49.3694,1616
49.3722,1612
49.3750,1637
49.3778,1679
49.3806,1707
49.3833,1708
49.3861,1695
49.3889,1673
49.3917,1660
49.3944,1658
49.3972,1676
49.4000,1702
49.4028,1714
49.4056,1717
49.4083,1709
49.4111,1702
49.4139,1697
49.4167,1693
49.4194,1727
49.4222,1733
49.4250,1726
49.4278,1720
49.4306,1719
49.4333,1708
49.4361,1718
49.4389,1737
49.4417,1746
49.4444,1761
49.4472,1776
49.4500,1775
49.4528,1748
49.4556,1709
49.4583,1675
49.4611,1646
49.4639,1650
49.4667,1654
49.4694,1689
49.4722,1710
49.4750,1746
49.4778,1765
49.4806,1765
49.4833,1767
49.4861,1790
49.4889,1826
49.4917,1853
49.4944,1881
49.4972,1885
49.5000,1863
49.5028,1850
49.5056,1841
49.5083,1840
49.5111,1852
49.5139,1875
49.5167,1898
49.5194,1904
49.5222,1894
49.5250,1882
49.5278,1876
49.5306,1878
49.5333,1858
49.5361,1833
49.5389,1812
49.5417,1806
49.5444,1794
49.5472,1770
49.5500,1752
49.5528,1718
49.5556,1684
49.5583,1648
49.5611,1615
49.5639,1619
49.5667,1638
49.5694,1668
49.5722,1692
49.5750,1691
49.5778,1673
49.5806,1662
49.5833,1644
49.5861,1635
49.5889,1631
49.5917,1630
49.5944,1649
49.5972,1657
49.6000,1670
49.6028,1698
49.6056,1727
49.6083,1752
49.6111,1746
49.6139,1722
49.6167,1689
49.6194,1690
49.6222,1725
49.6250,1807
49.6278,1910
49.6306,2016
49.6333,2095
49.6361,2139
49.6389,2128
49.6417,2065
49.6444,1978
49.6472,1894
49.6500,1804
49.6528,1707
49.6556,1585
49.6583,1456
49.6611,1364
49.6639,1307
49.6667,1292
49.6694,1326
49.6722,1405
49.6750,1504
49.6778,1591
49.6806,1674
49.6833,1725
49.6861,1760
49.6889,1743
49.6917,1715
49.6944,1680
49.6972,1661
49.7000,1659
49.7028,1668
49.7056,1697
49.7083,1730
49.7111,1737
49.7139,1729
49.7167,1722
49.7194,1719
49.7222,1720
49.7250,1715
49.7278,1709
49.7306,1684
49.7333,1667
49.7361,1664
49.7389,1663
49.7417,1659
49.7444,1677
49.7472,1677
49.7500,1681
49.7528,1684
49.7556,1698
49.7583,1712
49.7611,1717
49.7639,1723
49.7667,1726
49.7694,1715
49.7722,1697
49.7750,1708
49.7778,1760
49.7806,1815
49.7833,1846
49.7861,1852
49.7889,1836
49.7917,1806
49.7944,1797
49.7972,1798
49.8000,1804
49.8028,1825
49.8056,1840
49.8083,1839
49.8111,1825
49.8139,1808
49.8167,1803
49.8194,1796
49.8222,1806
49.8250,1820
49.8278,1830
49.8306,1831
49.8333,1821
49.8361,1818
49.8389,1805
49.8417,1808
49.8444,1808
49.8472,1817
49.8500,1843
49.8528,1739
49.8556,1743
49.8583,1741
49.8611,1747
49.8639,1748
49.8667,1757
49.8694,1756
49.8722,1759
49.8750,1756
49.8778,1758
49.8806,1740
49.8833,1723
49.8861,1705
49.8889,1683
49.8917,1683
49.8944,1700
49.8972,1738
49.9000,1762
49.9028,1775
49.9056,1776
49.9083,1766
49.9111,1755
49.9139,1759
49.9167,1765
49.9194,1759
49.9222,1721
49.9250,1655
49.9278,1598
49.9306,1589
49.9333,1602
49.9361,1641
49.9389,1689
49.9417,1714
49.9444,1722
49.9472,1712
49.9500,1696
49.9528,1700
49.9556,1706
49.9583,1713
49.9611,1722
49.9639,1737
49.9667,1750
49.9694,1749
49.9722,1748
49.9750,1748
49.9778,1731
49.9806,1736
49.9833,1729
49.9861,1748
49.9889,1774
49.9917,1796
49.9944,1801
49.9972,1804
50.0000,1811
50.0028,1813
50.0056,1800
50.0083,1783
50.0111,1776
50.0139,1771
50.0167,1783
50.0194,1763
50.0222,1738
50.0250,1693
50.0278,1678
50.0306,1665
50.0333,1674
50.0361,1698
50.0389,1721
50.0417,1725
50.0444,1713
50.0472,1709
50.0500,1702
50.0528,1699
50.0556,1695
50.0583,1695
50.0611,1711
50.0639,1729
50.0667,1752
50.0694,1772
50.0722,1788
50.0750,1800
50.0778,1785
50.0806,1756
50.0833,1736
50.0861,1716
50.0889,1696
50.0917,1696
50.0944,1701
50.0972,1702
50.1000,1732
50.1028,1779
50.1056,1811
50.1083,1818
50.1111,1813
50.1139,1769
50.1167,1719
50.1194,1668
50.1222,1637
50.1250,1632
50.1278,1665
50.1306,1701
50.1333,1723
50.1361,1734
50.1389,1736
50.1417,1734
50.1444,1737
50.1472,1722
50.1500,1706
50.1528,1707
50.1556,1719
50.1583,1744
50.1611,1757
50.1639,1770
50.1667,1776
50.1694,1778
50.1722,1773
50.1750,1765
50.1778,1744
50.1806,1734
50.1833,1751
50.1861,1774
50.1889,1810
50.1917,1855
50.1944,1867
50.1972,1881
50.2000,1871
50.2028,1872
50.2056,1888
50.2083,1892
50.2111,1887
50.2139,1885
50.2167,1867
50.2194,1847
50.2222,1830
50.2250,1814
50.2278,1803
50.2306,1785
50.2333,1785
50.2361,1796
50.2389,1800
50.2417,1795
50.2444,1787
50.2472,1768
50.2500,1750
50.2528,1723
50.2556,1703
50.2583,1677
50.2611,1653
50.2639,1647
50.2667,1666
50.2694,1691
50.2722,1710
50.2750,1712
50.2778,1702
50.2806,1686
50.2833,1692
50.2861,1691
50.2889,1684
50.2917,1685
50.2944,1675
50.2972,1684
50.3000,1712
50.3028,1730
50.3056,1719
50.3083,1703
50.3111,1701
50.3139,1709
50.3167,1701
50.3194,1698
50.3222,1678
50.3250,1672
50.3278,1686
50.3306,1757
50.3333,1868
50.3361,2014
50.3389,2132
50.3417,2208
50.3444,2198
50.3472,2108
50.3500,2001
50.3528,1900
50.3556,1811
50.3583,1730
50.3611,1638
50.3639,1537
50.3667,1449
50.3694,1370
50.3722,1322
50.3750,1336
50.3778,1415
50.3806,1533
50.3833,1655
50.3861,1738
50.3889,1766
50.3917,1736
50.3944,1701
50.3972,1674
50.4000,1664
50.4028,1699
50.4056,1750
50.4083,1788
50.4111,1801
50.4139,1779
50.4167,1747
50.4194,1700
50.4222,1648
50.4250,1629
50.4278,1633
50.4306,1654
50.4333,1673
50.4361,1690
50.4389,1705
50.4417,1713
50.4444,1718
50.4472,1713
50.4500,1710
50.4528,1723
50.4556,1730
50.4583,1743
50.4611,1737
50.4639,1743
50.4667,1747
50.4694,1772
50.4722,1805
50.4750,1805
50.4778,1802
50.4806,1793
50.4833,1780
50.4861,1773
50.4889,1771
50.4917,1777
50.4944,1784
50.4972,1790
50.5000,1787
50.5028,1788
50.5056,1782
50.5083,1763
50.5111,1741
50.5139,1727
50.5167,1716
50.5194,1715
50.5222,1729
50.5250,1758
50.5278,1780
50.5306,1797
50.5333,1842
50.5361,1842
50.5389,1829
50.5417,1811
50.5444,1799
50.5472,1784
50.5500,1760
50.5528,1750
50.5556,1752
50.5583,1748
50.5611,1764
50.5639,1795
50.5667,1822
50.5694,1836
50.5722,1830
50.5750,1808
50.5778,1759
50.5806,1706
50.5833,1677
50.5861,1675
50.5889,1686
50.5917,1697
50.5944,1703
50.5972,1714
50.6000,1731
50.6028,1747
50.6056,1741
50.6083,1743
50.6111,1737
50.6139,1756
50.6167,1786
50.6194,1806
50.6222,1781
50.6250,1751
50.6278,1696
50.6306,1660
50.6333,1637
50.6361,1639
50.6389,1650
50.6417,1663
50.6444,1684
50.6472,1715
50.6500,1731
50.6528,1733
50.6556,1738
50.6583,1722
50.6611,1689
50.6639,1671
50.6667,1676
50.6694,1685
50.6722,1696
50.6750,1707
50.6778,1707
50.6806,1721
50.6833,1730
50.6861,1741
50.6889,1753
50.6917,1753
50.6944,1740
50.6972,1727
50.7000,1716
50.7028,1732
50.7056,1743
50.7083,1767
50.7111,1766
50.7139,1756
50.7167,1725
50.7194,1686
50.7222,1662
50.7250,1652
50.7278,1665
50.7306,1692
50.7333,1724
50.7361,1750
50.7389,1747
50.7417,1730
50.7444,1729
50.7472,1737
50.7500,1732
50.7528,1725
50.7556,1714
50.7583,1699
50.7611,1700
50.7639,1697
50.7667,1721
50.7694,1722
50.7722,1711
50.7750,1700
50.7778,1685
50.7806,1689
50.7833,1701
50.7861,1715
50.7889,1715
50.7917,1725
50.7944,1779
50.7972,1789
50.8000,1784
50.8028,1748
50.8056,1701
50.8083,1668
50.8111,1660
50.8139,1671
50.8167,1707
50.8194,1737
50.8222,1765
50.8250,1771
50.8278,1771
50.8306,1754
50.8333,1735
50.8361,1720
50.8389,1715
50.8417,1700
50.8444,1709
50.8472,1713
50.8500,1732
50.8528,1744
50.8556,1750
50.8583,1745
50.8611,1736
50.8639,1725
50.8667,1731
50.8694,1730
50.8722,1727
50.8750,1718
50.8778,1700
50.8806,1689
50.8833,1684
50.8861,1694
50.8889,1708
50.8917,1718
50.8944,1747
50.8972,1760
50.9000,1772
50.9028,1789
50.9056,1771
50.9083,1745
50.9111,1715
50.9139,1709
50.9167,1707
50.9194,1734
50.9222,1784
50.9250,1824
50.9278,1859
50.9306,1872
50.9333,1880
50.9361,1867
50.9389,1861
50.9417,1862
50.9444,1870
50.9472,1870
50.9500,1863
50.9528,1852
50.9556,1841
50.9583,1844
50.9611,1835
50.9639,1820
50.9667,1790
50.9694,1753
50.9722,1714
50.9750,1688
50.9778,1669
50.9806,1664
50.9833,1665
50.9861,1668
50.9889,1650
50.9917,1644
50.9944,1644
50.9972,1642
51.0000,1646
51.0028,1645
51.0056,1640
51.0083,1649
51.0111,1665
51.0139,1683
51.0167,1709
51.0194,1732
51.0222,1729
51.0250,1715
51.0278,1701
51.0306,1678
51.0333,1662
51.0361,1675
51.0389,1679
51.0417,1686
51.0444,1699
51.0472,1708
51.0500,1708
51.0528,1705
51.0556,1737
51.0583,1814
51.0611,1939
51.0639,2050
51.0667,2151
51.0694,2149
51.0722,2084
51.0750,1977
51.0778,1873
51.0806,1771
51.0833,1686
51.0861,1591
51.0889,1508
51.0917,1440
51.0944,1392
51.0972,1362
51.1000,1371
51.1028,1430
51.1056,1545
51.1083,1647
51.1111,1721
51.1139,1747
51.1167,1732
51.1194,1695
51.1222,1662
51.1250,1658
51.1278,1662
51.1306,1674
51.1333,1676
51.1361,1679
51.1389,1671
51.1417,1662
51.1444,1669
51.1472,1674
51.1500,1696
51.1528,1715
51.1556,1723
51.1583,1720
51.1611,1713
51.1639,1705
51.1667,1709
51.1694,1700
51.1722,1709
51.1750,1716
51.1778,1719
51.1806,1727
51.1833,1733
51.1861,1753
51.1889,1762
51.1917,1749
51.1944,1736
51.1972,1726
51.2000,1712
51.2028,1707
51.2056,1712
51.2083,1723
51.2111,1739
51.2139,1768
51.2167,1809
51.2194,1809
51.2222,1795
51.2250,1764
51.2278,1736
51.2306,1717
51.2333,1720
51.2361,1724
51.2389,1750
51.2417,1770
51.2444,1786
51.2472,1796
51.2500,1796
51.2528,1801
51.2556,1797
51.2583,1871
51.2611,1862
51.2639,1833
51.2667,1795
51.2694,1786
51.2722,1800
51.2750,1806
51.2778,1803
51.2806,1796
51.2833,1779
51.2861,1793
51.2889,1785
51.2917,1776
51.2944,1743
51.2972,1702
51.3000,1674
51.3028,1660
51.3056,1665
51.3083,1668
51.3111,1678
51.3139,1681
51.3167,1684
51.3194,1677
51.3222,1684
51.3250,1694
51.3278,1683
51.3306,1676
51.3333,1660
51.3361,1649
51.3389,1630
51.3417,1631
51.3444,1637
51.3472,1648
51.3500,1683
51.3528,1705
51.3556,1724
51.3583,1721
51.3611,1696
51.3639,1677
51.3667,1658
51.3694,1635
51.3722,1645
51.3750,1660
51.3778,1661
51.3806,1672
51.3833,1690
51.3861,1693
51.3889,1696
51.3917,1715
51.3944,1719
51.3972,1727
51.4000,1718
51.4028,1708
51.4056,1693
51.4083,1676
51.4111,1678
51.4139,1666
51.4167,1674
51.4194,1688
51.4222,1707
51.4250,1722
51.4278,1720
51.4306,1712
51.4333,1683
51.4361,1657
51.4389,1638
51.4417,1650
51.4444,1662
51.4472,1684
51.4500,1697
51.4528,1699
51.4556,1706
51.4583,1690
51.4611,1690
51.4639,1675
51.4667,1666
51.4694,1654
51.4722,1654
51.4750,1662
51.4778,1686
51.4806,1720
51.4833,1734
51.4861,1745
51.4889,1736
51.4917,1715
51.4944,1709
51.4972,1718
51.5000,1727
51.5028,1762
51.5056,1786
51.5083,1794
51.5111,1810
51.5139,1798
51.5167,1763
51.5194,1707
51.5222,1654
51.5250,1610
51.5278,1601
51.5306,1619
51.5333,1640
51.5361,1655
51.5389,1646
51.5417,1641
51.5444,1631
51.5472,1638
51.5500,1654
51.5528,1675
51.5556,1689
51.5583,1691
51.5611,1680
51.5639,1680
51.5667,1677
51.5694,1677
51.5722,1687
51.5750,1685
51.5778,1690
51.5806,1701
51.5833,1701
51.5861,1698
51.5889,1692
51.5917,1689
51.5944,1675
51.5972,1678
51.6000,1682
51.6028,1705
51.6056,1732
51.6083,1759
51.6111,1792
51.6139,1832
51.6167,1876
51.6194,1884
51.6222,1864
51.6250,1810
51.6278,1779
51.6306,1768
51.6333,1763
51.6361,1763
51.6389,1755
51.6417,1739
51.6444,1737
51.6472,1761
51.6500,1765
51.6528,1778
51.6556,1786
51.6583,1804
51.6611,1807
51.6639,1790
51.6667,1757
51.6694,1716
51.6722,1689
51.6750,1676
51.6778,1681
51.6806,1672
51.6833,1677
51.6861,1670
51.6889,1659
51.6917,1657
51.6944,1640
51.6972,1623
51.7000,1614
51.7028,1614
51.7056,1622
51.7083,1627
51.7111,1625
51.7139,1632
51.7167,1619
51.7194,1636
51.7222,1662
51.7250,1684
51.7278,1675
51.7306,1667
51.7333,1653
51.7361,1654
51.7389,1665
51.7417,1664
51.7444,1634
51.7472,1613
51.7500,1594
51.7528,1641
51.7556,1721
51.7583,1849
51.7611,2008
51.7639,2115
51.7667,2165
51.7694,2107
51.7722,2005
51.7750,1876
51.7778,1761
51.7806,1686
51.7833,1632
51.7861,1565
51.7889,1505
51.7917,1430
51.7944,1333
51.7972,1260
51.8000,1241
51.8028,1285
51.8056,1389
51.8083,1519
51.8111,1607
51.8139,1648
51.8167,1664
51.8194,1649
51.8222,1640
51.8250,1617
51.8278,1612
51.8306,1627
51.8333,1646
51.8361,1657
51.8389,1669
51.8417,1693
51.8444,1694
51.8472,1687
51.8500,1676
51.8528,1654
51.8556,1659
51.8583,1671
51.8611,1676
51.8639,1692
51.8667,1715
51.8694,1737
51.8722,1772
51.8750,1809
51.8778,1813
51.8806,1789
51.8833,1740
51.8861,1684
51.8889,1644
51.8917,1623
51.8944,1621
51.8972,1651
51.9000,1664
51.9028,1683
51.9056,1679
51.9083,1685
51.9111,1698
51.9139,1701
51.9167,1701
51.9194,1711
51.9222,1735
51.9250,1756
51.9278,1781
51.9306,1803
51.9333,1809
51.9361,1809
51.9389,1795
51.9417,1792
51.9444,1807
51.9472,1807
51.9500,1792
51.9528,1788
51.9556,1721
51.9583,1728
51.9611,1745
51.9639,1767
51.9667,1786
51.9694,1795
51.9722,1790
51.9750,1769
51.9778,1774
51.9806,1773
51.9833,1742
51.9861,1713
51.9889,1695
51.9917,1684
51.9944,1696
51.9972,1705
52.0000,1710
52.0028,1711
52.0056,1705
52.0083,1702
52.0111,1685
52.0139,1677
52.0167,1677
52.0194,1666
52.0222,1667
52.0250,1684
52.0278,1696
52.0306,1708
52.0333,1705
52.0361,1675
52.0389,1628
52.0417,1590
52.0444,1567
52.0472,1561
52.0500,1573
52.0528,1576
52.0556,1589
52.0583,1626
52.0611,1652
52.0639,1665
52.0667,1654
52.0694,1642
52.0722,1630
52.0750,1620
52.0778,1612
52.0806,1603
52.0833,1598
52.0861,1613
52.0889,1615
52.0917,1604
52.0944,1611
52.0972,1631
52.1000,1656
52.1028,1671
52.1056,1694
52.1083,1701
52.1111,1698
52.1139,1683
52.1167,1660
52.1194,1652
52.1222,1652
52.1250,1643
52.1278,1646
52.1306,1666
52.1333,1684
52.1361,1699
52.1389,1717
52.1417,1719
52.1444,1713
52.1472,1692
52.1500,1672
52.1528,1634
52.1556,1603
52.1583,1586
52.1611,1579
52.1639,1583
52.1667,1599
52.1694,1612
52.1722,1640
52.1750,1651
52.1778,1638
52.1806,1634
52.1833,1633
52.1861,1622
52.1889,1630
52.1917,1632
52.1944,1635
52.1972,1647
52.2000,1654
52.2028,1646
52.2056,1653
52.2083,1670
52.2111,1659
52.2139,1668
52.2167,1677
52.2194,1682
52.2222,1717
52.2250,1771
52.2278,1816
52.2306,1835
52.2333,1850
52.2361,1849
52.2389,1829
52.2417,1784
52.2444,1739
52.2472,1719
52.2500,1737
52.2528,1762
52.2556,1768
52.2583,1780
52.2611,1768
52.2639,1756
52.2667,1736
52.2694,1728
52.2722,1736
52.2750,1729
52.2778,1719
52.2806,1709
52.2833,1695
52.2861,1694
52.2889,1693
52.2917,1652
52.2944,1617
52.2972,1595
52.3000,1610
52.3028,1638
52.3056,1655
52.3083,1650
52.3111,1624
52.3139,1608
52.3167,1596
52.3194,1591
52.3222,1595
52.3250,1616
52.3278,1632
52.3306,1660
52.3333,1676
52.3361,1680
52.3389,1670
52.3417,1666
52.3444,1643
52.3472,1624
52.3500,1625
52.3528,1651
52.3556,1681
52.3583,1696
52.3611,1685
52.3639,1667
52.3667,1666
52.3694,1696
52.3722,1766
52.3750,1888
52.3778,2004
52.3806,2063
52.3833,2032
52.3861,1929
52.3889,1811
52.3917,1725
52.3944,1703
52.3972,1701
52.4000,1695
52.4028,1665
52.4056,1614
52.4083,1555
52.4111,1485
52.4139,1402
52.4167,1359
52.4194,1382
52.4222,1458
52.4250,1563
52.4278,1642
52.4306,1696
52.4333,1708
52.4361,1714
52.4389,1713
52.4417,1707
52.4444,1709
52.4472,1717
52.4500,1743
52.4528,1774
52.4556,1777
52.4583,1773
52.4611,1770
52.4639,1783
52.4667,1781
52.4694,1792
52.4722,1785
52.4750,1775
52.4778,1780
52.4806,1780
52.4833,1770
52.4861,1783
52.4889,1801
52.4917,1821
52.4944,1819
52.4972,1816
52.5000,1801
52.5028,1788
52.5056,1791
52.5083,1813
52.5111,1833
52.5139,1833
52.5167,1823
52.5194,1782
52.5222,1754
52.5250,1742
52.5278,1757
52.5306,1757
52.5333,1758
52.5361,1771
52.5389,1776
52.5417,1804
52.5444,1814
52.5472,1828
52.5500,1828
52.5528,1834
52.5556,1831
52.5583,1818
52.5611,1821
52.5639,1836
52.5667,1850
52.5694,1861
52.5722,1832
52.5750,1836
52.5778,1836
52.5806,1816
52.5833,1789
52.5861,1779
52.5889,1783
52.5917,1797
52.5944,1811
52.5972,1816
52.6000,1816
52.6028,1809
52.6056,1781
52.6083,1763
52.6111,1746
52.6139,1732
52.6167,1704
52.6194,1692
52.6222,1685
52.6250,1684
52.6278,1689
52.6306,1697
52.6333,1718
52.6361,1717
52.6389,1706
52.6417,1693
52.6444,1696
52.6472,1706
52.6500,1720
52.6528,1759
52.6556,1801
52.6583,1815
52.6611,1801
52.6639,1768
52.6667,1724
52.6694,1692
52.6722,1662
52.6750,1668
52.6778,1674
52.6806,1683
52.6833,1688
52.6861,1685
52.6889,1680
52.6917,1664
52.6944,1663
52.6972,1663
52.7000,1674
52.7028,1687
52.7056,1705
52.7083,1714
52.7111,1715
52.7139,1726
52.7167,1724
52.7194,1731
52.7222,1725
52.7250,1746
52.7278,1754
52.7306,1762
52.7333,1768
52.7361,1755
52.7389,1736
52.7417,1722
52.7444,1719
52.7472,1732
52.7500,1732
52.7528,1725
52.7556,1732
52.7583,1746
52.7611,1757
52.7639,1783
52.7667,1805
52.7694,1816
52.7722,1791
52.7750,1764
52.7778,1736
52.7806,1738
52.7833,1756
52.7861,1775
52.7889,1806
52.7917,1841
52.7944,1861
52.7972,1860
52.8000,1852
52.8028,1849
52.8056,1838
52.8083,1823
52.8111,1796
52.8139,1782
52.8167,1775
52.8194,1803
52.8222,1838
52.8250,1846
52.8278,1841
52.8306,1815
52.8333,1812
52.8361,1819
52.8389,1818
52.8417,1822
52.8444,1836
52.8472,1844
52.8500,1846
52.8528,1835
52.8556,1819
52.8583,1804
52.8611,1780
52.8639,1780
52.8667,1753
52.8694,1746
52.8722,1725
52.8750,1729
52.8778,1752
52.8806,1789
52.8833,1829
52.8861,1848
52.8889,1864
52.8917,1881
52.8944,1900
52.8972,1872
52.9000,1774
52.9028,1661
52.9056,1536
52.9083,1477
52.9111,1458
52.9139,1459
52.9167,1493
52.9194,1526
52.9222,1590
52.9250,1642
52.9278,1681
52.9306,1701
52.9333,1714
52.9361,1739
52.9389,1762
52.9417,1774
52.9444,1782
52.9472,1788
52.9500,1805
52.9528,1852
52.9556,1927
52.9583,2020
52.9611,2100
52.9639,2135
52.9667,2103
52.9694,2002
52.9722,1871
52.9750,1746
52.9778,1639
52.9806,1571
52.9833,1494
52.9861,1432
52.9889,1415
52.9917,1398
52.9944,1374
52.9972,1346
53.0000,1354
53.0028,1404
53.0056,1487
53.0083,1563
53.0111,1621
53.0139,1676
53.0167,1707
53.0194,1724
53.0222,1726
53.0250,1718
53.0278,1715
53.0306,1719
53.0333,1726
53.0361,1737
53.0389,1733
53.0417,1742
53.0444,1737
53.0472,1733
53.0500,1722
53.0528,1712
53.0556,1717
53.0583,1714
53.0611,1707
53.0639,1694
53.0667,1669
53.0694,1650
53.0722,1634
53.0750,1625
53.0778,1627
53.0806,1614
53.0833,1625
53.0861,1640
53.0889,1652
53.0917,1672
53.0944,1692
53.0972,1723
53.1000,1736
53.1028,1741
53.1056,1757
53.1083,1785
53.1111,1803
53.1139,1812
53.1167,1822
53.1194,1823
53.1222,1821
53.1250,1820
53.1278,1811
53.1306,1802
53.1333,1792
53.1361,1785
53.1389,1784
53.1417,1805
53.1444,1812
53.1472,1826
53.1500,1835
53.1528,1843
53.1556,1856
53.1583,1852
53.1611,1854
53.1639,1836
53.1667,1832
53.1694,1810
53.1722,1793
53.1750,1773
53.1778,1754
53.1806,1737
53.1833,1705
53.1861,1677
53.1889,1652
53.1917,1645
53.1944,1630
53.1972,1632
53.2000,1632
53.2028,1652
53.2056,1683
53.2083,1713
53.2111,1723
53.2139,1722
53.2167,1717
53.2194,1701
53.2222,1681
53.2250,1678
53.2278,1669
53.2306,1642
53.2333,1638
53.2361,1653
53.2389,1681
53.2417,1698
53.2444,1700
53.2472,1686
53.2500,1663
53.2528,1665
53.2556,1678
53.2583,1684
53.2611,1701
53.2639,1690
53.2667,1679
53.2694,1674
53.2722,1675
53.2750,1670
53.2778,1656
53.2806,1644
53.2833,1650
53.2861,1675
53.2889,1708
53.2917,1728
53.2944,1736
53.2972,1711
53.3000,1695
53.3028,1682
53.3056,1688
53.3083,1707
53.3111,1716
53.3139,1720
53.3167,1712
53.3194,1697
53.3222,1706
53.3250,1715
53.3278,1735
53.3306,1771
53.3333,1795
53.3361,1783
53.3389,1750
53.3417,1714
53.3444,1675
53.3472,1652
53.3500,1667
53.3528,1686
53.3556,1705
53.3583,1720
53.3611,1731
53.3639,1740
53.3667,1748
53.3694,1745
53.3722,1733
53.3750,1703
53.3778,1681
53.3806,1672
53.3833,1686
53.3861,1712
53.3889,1757
53.3917,1783
53.3944,1799
53.3972,1819
53.4000,1830
53.4028,1854
53.4056,1849
53.4083,1831
53.4111,1811
53.4139,1798
53.4167,1793
53.4194,1800
53.4222,1814
53.4250,1824
53.4278,1830
53.4306,1830
53.4333,1832
53.4361,1835
53.4389,1828
53.4417,1838
53.4444,1832
53.4472,1825
53.4500,1789
53.4528,1740
53.4556,1707
53.4583,1699
53.4611,1699
53.4639,1685
53.4667,1664
53.4694,1651
53.4722,1634
53.4750,1630
53.4778,1624
53.4806,1635
53.4833,1637
53.4861,1617
53.4889,1625
53.4917,1645
53.4944,1674
53.4972,1686
53.5000,1683
53.5028,1672
53.5056,1651
53.5083,1641
53.5111,1625
53.5139,1610
53.5167,1618
53.5194,1638
53.5222,1670
53.5250,1689
53.5278,1703
53.5306,1709
53.5333,1696
53.5361,1703
53.5389,1740
53.5417,1807
53.5444,1916
53.5472,2048
53.5500,2157
53.5528,2205
53.5556,2178
53.5583,2055
53.5611,1902
53.5639,1768
53.5667,1698
53.5694,1656
53.5722,1599
53.5750,1532
53.5778,1457
53.5806,1389
53.5833,1349
53.5861,1343
53.5889,1376
53.5917,1440
53.5944,1510
53.5972,1567
53.6000,1605
53.6028,1620
53.6056,1635
53.6083,1657
53.6111,1652
53.6139,1653
53.6167,1649
53.6194,1626
53.6222,1614
53.6250,1608
53.6278,1612
53.6306,1626
53.6333,1625
53.6361,1634
53.6389,1644
53.6417,1658
53.6444,1660
53.6472,1653
53.6500,1646
53.6528,1655
53.6556,1680
53.6583,1704
53.6611,1722
53.6639,1701
53.6667,1690
53.6694,1681
53.6722,1692
53.6750,1695
53.6778,1695
53.6806,1688
53.6833,1669
53.6861,1654
53.6889,1647
53.6917,1634
53.6944,1618
53.6972,1607
53.7000,1613
53.7028,1626
53.7056,1634
53.7083,1652
53.7111,1664
53.7139,1665
53.7167,1683
53.7194,1708
53.7222,1734
53.7250,1726
53.7278,1705
53.7306,1671
53.7333,1656
53.7361,1639
53.7389,1645
53.7417,1661
53.7444,1676
53.7472,1682
53.7500,1712
53.7528,1754
53.7556,1792
53.7583,1670
53.7611,1669
53.7639,1700
53.7667,1713
53.7694,1705
53.7722,1703
53.7750,1696
53.7778,1677
53.7806,1653
53.7833,1628
53.7861,1610
53.7889,1613
53.7917,1632
53.7944,1649
53.7972,1663
53.8000,1658
53.8028,1641
53.8056,1617
53.8083,1605
53.8111,1583
53.8139,1589
53.8167,1607
53.8194,1625
53.8222,1623
53.8250,1613
53.8278,1601
53.8306,1590
53.8333,1577
53.8361,1570
53.8389,1569
53.8417,1571
53.8444,1587
53.8472,1592
53.8500,1601
53.8528,1607
53.8556,1616
53.8583,1625
53.8611,1639
53.8639,1646
53.8667,1628
53.8694,1618
53.8722,1632
53.8750,1624
53.8778,1634
53.8806,1657
53.8833,1665
53.8861,1665
53.8889,1656
53.8917,1658
53.8944,1641
53.8972,1651
53.9000,1670
53.9028,1676
53.9056,1655
53.9083,1641
53.9111,1645
53.9139,1667
53.9167,1673
53.9194,1676
53.9222,1653
53.9250,1627
53.9278,1605
53.9306,1596
53.9333,1578
53.9361,1582
53.9389,1601
53.9417,1628
53.9444,1644
53.9472,1664
53.9500,1667
53.9528,1666
53.9556,1650
53.9583,1632
53.9611,1629
53.9639,1628
53.9667,1632
53.9694,1632
53.9722,1655
53.9750,1681
53.9778,1684
53.9806,1678
53.9833,1678
53.9861,1653
53.9889,1638
53.9917,1606
53.9944,1580
53.9972,1586
54.0000,1617
54.0028,1642
54.0056,1638
54.0083,1641
54.0111,1636
54.0139,1645
54.0167,1646
54.0194,1675
54.0222,1717
54.0250,1743
54.0278,1764
54.0306,1765
54.0333,1765
54.0361,1748
54.0389,1755
54.0417,1762
54.0444,1755
54.0472,1763
54.0500,1768
54.0528,1763
54.0556,1746
54.0583,1725
54.0611,1716
54.0639,1702
54.0667,1674
54.0694,1660
54.0722,1655
54.0750,1658
54.0778,1653
54.0806,1623
54.0833,1585
54.0861,1592
54.0889,1609
54.0917,1645
54.0944,1659
54.0972,1634
54.1000,1560
54.1028,1479
54.1056,1424
54.1083,1410
54.1111,1420
54.1139,1448
54.1167,1477
54.1194,1522
54.1222,1553
54.1250,1576
54.1278,1575
54.1306,1573
54.1333,1557
54.1361,1544
54.1389,1543
54.1417,1565
54.1444,1591
54.1472,1611
54.1500,1623
54.1528,1617
54.1556,1616
54.1583,1643
54.1611,1731
54.1639,1853
54.1667,2004
54.1694,2122
54.1722,2159
54.1750,2094
54.1778,1923
54.1806,1769
54.1833,1648
54.1861,1570
54.1889,1485
54.1917,1359
54.1944,1252
54.1972,1182
54.2000,1178
54.2028,1230
54.2056,1331
54.2083,1441
54.2111,1530
54.2139,1578
54.2167,1601
54.2194,1605
54.2222,1603
54.2250,1589
54.2278,1571
54.2306,1556
54.2333,1551
54.2361,1559
54.2389,1563
54.2417,1570
54.2444,1562
54.2472,1547
54.2500,1548
54.2528,1554
54.2556,1585
54.2583,1616
54.2611,1664
54.2639,1683
54.2667,1671
54.2694,1633
54.2722,1602
54.2750,1576
54.2778,1552
54.2806,1550
54.2833,1564
54.2861,1586
54.2889,1608
54.2917,1613
54.2944,1601
54.2972,1599
54.3000,1593
54.3028,1596
54.3056,1578
54.3083,1574
54.3111,1573
54.3139,1591
54.3167,1609
54.3194,1620
54.3222,1627
54.3250,1637
54.3278,1637
54.3306,1641
54.3333,1660
54.3361,1667
54.3389,1677
54.3417,1670
54.3444,1668
54.3472,1648
54.3500,1656
54.3528,1666
54.3556,1680
54.3583,1706
54.3611,1710
54.3639,1710
54.3667,1705
54.3694,1709
54.3722,1726
54.3750,1760
54.3778,1742
54.3806,1750
54.3833,1747
54.3861,1723
54.3889,1710
54.3917,1698
54.3944,1669
54.3972,1637
54.4000,1617
54.4028,1604
54.4056,1634
54.4083,1684
54.4111,1712
54.4139,1695
54.4167,1669
54.4194,1604
54.4222,1552
54.4250,1510
54.4278,1520
54.4306,1530
54.4333,1551
54.4361,1587
54.4389,1616
54.4417,1623
54.4444,1612
54.4472,1596
54.4500,1593
54.4528,1586
54.4556,1592
54.4583,1617
54.4611,1637
54.4639,1638
54.4667,1608
54.4694,1584
54.4722,1585
54.4750,1594
54.4778,1612
54.4806,1633
54.4833,1641
54.4861,1654
54.4889,1669
54.4917,1692
54.4944,1720
54.4972,1731
54.5000,1726
54.5028,1682
54.5056,1638
54.5083,1605
54.5111,1579
54.5139,1570
54.5167,1586
54.5194,1600
54.5222,1624
54.5250,1643
54.5278,1650
54.5306,1659
54.5333,1656
54.5361,1643
54.5389,1649
54.5417,1649
54.5444,1648
54.5472,1649
54.5500,1654
54.5528,1679
54.5556,1693
54.5583,1699
54.5611,1708
54.5639,1690
54.5667,1676
54.5694,1666
54.5722,1675
54.5750,1718
54.5778,1771
54.5806,1794
54.5833,1805
54.5861,1784
54.5889,1725
54.5917,1651
54.5944,1583
54.5972,1534
54.6000,1520
54.6028,1532
54.6056,1560
54.6083,1607
54.6111,1645
54.6139,1677
54.6167,1694
54.6194,1708
54.6222,1695
54.6250,1681
54.6278,1683
54.6306,1700
54.6333,1724
54.6361,1745
54.6389,1759
54.6417,1751
54.6444,1753
54.6472,1747
54.6500,1742
54.6528,1725
54.6556,1721
54.6583,1732
54.6611,1753
54.6639,1744
54.6667,1730
54.6694,1719
54.6722,1718
54.6750,1719
54.6778,1727
54.6806,1744
54.6833,1752
54.6861,1758
54.6889,1771
54.6917,1767
54.6944,1775
54.6972,1796
54.7000,1823
54.7028,1854
54.7056,1868
54.7083,1885
54.7111,1879
54.7139,1852
54.7167,1839
54.7194,1818
54.7222,1812
54.7250,1838
54.7278,1868
54.7306,1885
54.7333,1869
54.7361,1853
54.7389,1850
54.7417,1815
54.7444,1757
54.7472,1710
54.7500,1691
54.7528,1707
54.7556,1708
54.7583,1696
54.7611,1675
54.7639,1661
54.7667,1650
54.7694,1636
54.7722,1618
54.7750,1602
54.7778,1608
54.7806,1628
54.7833,1639
54.7861,1621
54.7889,1598
54.7917,1584
54.7944,1582
54.7972,1609
54.8000,1623
54.8028,1632
54.8056,1636
54.8083,1626
54.8111,1630
54.8139,1647
54.8167,1670
54.8194,1690
54.8222,1699
54.8250,1704
54.8278,1720
54.8306,1769
54.8333,1850
54.8361,1997
54.8389,2162
54.8417,2289
54.8444,2339
54.8472,2285
54.8500,2115
54.8528,1899
54.8556,1738
54.8583,1648
54.8611,1592
54.8639,1537
54.8667,1462
54.8694,1389
54.8722,1335
54.8750,1331
54.8778,1348
54.8806,1400
54.8833,1482
54.8861,1562
54.8889,1620
54.8917,1662
54.8944,1685
54.8972,1690
54.9000,1684
54.9028,1684
54.9056,1677
54.9083,1686
54.9111,1729
54.9139,1759
54.9167,1767
54.9194,1760
54.9222,1734
54.9250,1708
54.9278,1679
54.9306,1675
54.9333,1682
54.9361,1696
54.9389,1717
54.9417,1759
54.9444,1773
54.9472,1758
54.9500,1732
54.9528,1683
54.9556,1656
54.9583,1679
54.9611,1714
54.9639,1736
54.9667,1745
54.9694,1731
54.9722,1717
54.9750,1700
54.9778,1690
54.9806,1701
54.9833,1714
54.9861,1732
54.9889,1742
54.9917,1756
54.9944,1760
54.9972,1751
55.0000,1754
55.0028,1735
55.0056,1729
55.0083,1722
55.0111,1733
55.0139,1751
55.0167,1772
55.0194,1790
55.0222,1775
55.0250,1738
55.0278,1714
55.0306,1708
55.0333,1710
55.0361,1726
55.0389,1740
55.0417,1744
55.0444,1754
55.0472,1763
55.0500,1831
55.0528,1835
55.0556,1855
55.0583,1841
55.0611,1802
55.0639,1762
55.0667,1733
55.0694,1731
55.0722,1750
55.0750,1750
55.0778,1738
55.0806,1710
55.0833,1691
55.0861,1685
55.0889,1703
55.0917,1708
55.0944,1703
55.0972,1701
55.1000,1689
55.1028,1694
55.1056,1711
55.1083,1733
55.1111,1753
55.1139,1750
55.1167,1734
55.1194,1725
55.1222,1722
55.1250,1707
55.1278,1690
55.1306,1684
55.1333,1669
55.1361,1674
55.1389,1659
55.1417,1654
55.1444,1648
55.1472,1666
55.1500,1678
55.1528,1688
55.1556,1685
55.1583,1689
55.1611,1682
55.1639,1672
55.1667,1672
55.1694,1675
55.1722,1693
55.1750,1696
55.1778,1708
55.1806,1707
55.1833,1715
55.1861,1730
55.1889,1730
55.1917,1740
55.1944,1754
55.1972,1776
55.2000,1767
55.2028,1763
55.2056,1752
55.2083,1742
55.2111,1745
55.2139,1749
55.2167,1751
55.2194,1743
55.2222,1731
55.2250,1725
55.2278,1727
55.2306,1729
55.2333,1741
55.2361,1748
55.2389,1733
55.2417,1710
55.2444,1698
55.2472,1688
55.2500,1684
55.2528,1683
55.2556,1673
55.2583,1673
55.2611,1693
55.2639,1715
55.2667,1718
55.2694,1703
55.2722,1690
55.2750,1690
55.2778,1698
55.2806,1702
55.2833,1694
55.2861,1690
55.2889,1702
55.2917,1700
55.2944,1697
55.2972,1688
55.3000,1681
55.3028,1700
55.3056,1725
55.3083,1735
55.3111,1730
55.3139,1715
55.3167,1697
55.3194,1695
55.3222,1708
55.3250,1716
55.3278,1719
55.3306,1724
55.3333,1727
55.3361,1718
55.3389,1708
55.3417,1676
55.3444,1646
55.3472,1624
55.3500,1619
55.3528,1637
55.3556,1672
55.3583,1694
55.3611,1707
55.3639,1716
55.3667,1728
55.3694,1728
55.3722,1734
55.3750,1727
55.3778,1715
55.3806,1716
55.3833,1709
55.3861,1713
55.3889,1711
55.3917,1707
55.3944,1705
55.3972,1703
55.4000,1701
55.4028,1703
55.4056,1729
55.4083,1768
55.4111,1793
55.4139,1794
55.4167,1785
55.4194,1785
55.4222,1813
55.4250,1832
55.4278,1861
55.4306,1870
55.4333,1869
55.4361,1838
55.4389,1835
55.4417,1846
55.4444,1849
55.4472,1857
55.4500,1861
55.4528,1866
55.4556,1858
55.4583,1846
55.4611,1818
55.4639,1788
55.4667,1770
55.4694,1791
55.4722,1796
55.4750,1784
55.4778,1776
55.4806,1760
55.4833,1758
55.4861,1751
55.4889,1741
55.4917,1728
55.4944,1710
55.4972,1693
55.5000,1681
55.5028,1692
55.5056,1706
55.5083,1724
55.5111,1715
55.5139,1716
55.5167,1716
55.5194,1720
55.5222,1718
55.5250,1722
55.5278,1751
55.5306,1744
55.5333,1709
55.5361,1662
55.5389,1618
55.5417,1589
55.5444,1599
55.5472,1613
55.5500,1660
55.5528,1708
55.5556,1737
55.5583,1739
55.5611,1732
55.5639,1738
55.5667,1774
55.5694,1861
55.5722,1981
55.5750,2107
55.5778,2198
55.5806,2234
55.5833,2162
55.5861,2019
55.5889,1898
55.5917,1808
55.5944,1769
55.5972,1723
55.6000,1651
55.6028,1572
55.6056,1502
55.6083,1457
55.6111,1474
55.6139,1540
55.6167,1647
55.6194,1734
55.6222,1796
55.6250,1799
55.6278,1765
55.6306,1724
55.6333,1661
55.6361,1637
55.6389,1636
55.6417,1670
55.6444,1699
55.6472,1740
55.6500,1758
55.6528,1753
55.6556,1750
55.6583,1763
55.6611,1780
55.6639,1811
55.6667,1828
55.6694,1827
55.6722,1811
55.6750,1796
55.6778,1781
55.6806,1788
55.6833,1810
55.6861,1820
55.6889,1832
55.6917,1840
55.6944,1860
55.6972,1867
55.7000,1851
55.7028,1831
55.7056,1804
55.7083,1805
55.7111,1828
55.7139,1850
55.7167,1852
55.7194,1817
55.7222,1772
55.7250,1741
55.7278,1723
55.7306,1726
55.7333,1738
55.7361,1745
55.7389,1754
55.7417,1753
55.7444,1756
55.7472,1767
55.7500,1780
55.7528,1778
55.7556,1770
55.7583,1771
55.7611,1783
55.7639,1812
55.7667,1823
55.7694,1781
55.7722,1781
55.7750,1778
55.7778,1781
55.7806,1803
55.7833,1804
55.7861,1798
55.7889,1794
55.7917,1770
55.7944,1746
55.7972,1739
55.8000,1741
55.8028,1752
55.8056,1762
55.8083,1765
55.8111,1761
55.8139,1744
55.8167,1745
55.8194,1754
55.8222,1764
55.8250,1759
55.8278,1747
55.8306,1739
55.8333,1729
55.8361,1712
55.8389,1707
55.8417,1707
55.8444,1723
55.8472,1735
55.8500,1743
55.8528,1734
55.8556,1731
55.8583,1733
55.8611,1756
55.8639,1737
55.8667,1709
55.8694,1672
55.8722,1649
55.8750,1650
55.8778,1652
55.8806,1666
55.8833,1679
55.8861,1689
55.8889,1691
55.8917,1708
55.8944,1724
55.8972,1717
55.9000,1715
55.9028,1710
55.9056,1706
55.9083,1712
55.9111,1714
55.9139,1711
55.9167,1731
55.9194,1740
55.9222,1746
55.9250,1749
55.9278,1737
55.9306,1732
55.9333,1743
55.9361,1746
55.9389,1737
55.9417,1737
55.9444,1734
55.9472,1739
55.9500,1745
55.9528,1765
55.9556,1761
55.9583,1761
55.9611,1762
55.9639,1791
55.9667,1822
55.9694,1834
55.9722,1782
55.9750,1709
55.9778,1631
55.9806,1588
55.9833,1575
55.9861,1594
55.9889,1628
55.9917,1666
55.9944,1700
55.9972,1706
56.0000,1721
56.0028,1720
56.0056,1731
56.0083,1725
56.0111,1724
56.0139,1715
56.0167,1714
56.0194,1709
56.0222,1713
56.0250,1717
56.0278,1714
56.0306,1710
56.0333,1705
56.0361,1706
56.0389,1725
56.0417,1748
56.0444,1752
56.0472,1737
56.0500,1719
56.0528,1704
56.0556,1732
56.0583,1758
56.0611,1762
56.0639,1766
56.0667,1752
56.0694,1703
56.0722,1652
56.0750,1608
56.0778,1588
56.0806,1591
56.0833,1601
56.0861,1649
56.0889,1713
56.0917,1735
56.0944,1745
56.0972,1724
56.1000,1675
56.1028,1636
56.1056,1629
56.1083,1629
56.1111,1640
56.1139,1671
56.1167,1686
56.1194,1713
56.1222,1731
56.1250,1740
56.1278,1735
56.1306,1721
56.1333,1726
56.1361,1736
56.1389,1737
56.1417,1757
56.1444,1783
56.1472,1797
56.1500,1785
56.1528,1747
56.1556,1722
56.1583,1704
56.1611,1690
56.1639,1691
56.1667,1699
56.1694,1716
56.1722,1730
56.1750,1733
56.1778,1716
56.1806,1671
56.1833,1644
56.1861,1626
56.1889,1620
56.1917,1641
56.1944,1672
56.1972,1709
56.2000,1725
56.2028,1724
56.2056,1714
56.2083,1700
56.2111,1697
56.2139,1694
56.2167,1688
56.2194,1682
56.2222,1699
56.2250,1710
56.2278,1724
56.2306,1725
56.2333,1739
56.2361,1762
56.2389,1790
56.2417,1787
56.2444,1781
56.2472,1759
56.2500,1752
56.2528,1762
56.2556,1770
56.2583,1744
56.2611,1726
56.2639,1697
56.2667,1673
56.2694,1672
56.2722,1677
56.2750,1684
56.2778,1712
56.2806,1727
56.2833,1723
56.2861,1713
56.2889,1688
56.2917,1675
56.2944,1698
56.2972,1713
56.3000,1723
56.3028,1724
56.3056,1713
56.3083,1724
56.3111,1732
56.3139,1734
56.3167,1719
56.3194,1708
56.3222,1699
56.3250,1713
56.3278,1721
56.3306,1728
56.3333,1727
56.3361,1730
56.3389,1734
56.3417,1732
56.3444,1735
56.3472,1737
56.3500,1736
56.3528,1760
56.3556,1786
56.3583,1800
56.3611,1812
56.3639,1812
56.3667,1800
56.3694,1771
56.3722,1711
56.3750,1663
56.3778,1642
56.3806,1653
56.3833,1695
56.3861,1748
56.3889,1780
56.3917,1772
56.3944,1753
56.3972,1732
56.4000,1720
56.4028,1753
56.4056,1798
56.4083,1819
56.4111,1821
56.4139,1804
56.4167,1782
56.4194,1776
56.4222,1779
56.4250,1788
56.4278,1796
56.4306,1792
56.4333,1800
56.4361,1811
56.4389,1832
56.4417,1823
56.4444,1798
56.4472,1769
56.4500,1743
56.4528,1739
56.4556,1765
56.4583,1789
56.4611,1775
56.4639,1722
56.4667,1660
56.4694,1624
56.4722,1619
56.4750,1644
56.4778,1674
56.4806,1688
56.4833,1678
56.4861,1667
56.4889,1663
56.4917,1678
56.4944,1706
56.4972,1731
56.5000,1735
56.5028,1731
56.5056,1747
56.5083,1759
56.5111,1760
56.5139,1749
56.5167,1727
56.5194,1708
56.5222,1721
56.5250,1756
56.5278,1785
56.5306,1777
56.5333,1765
56.5361,1752
56.5389,1775
56.5417,1814
56.5444,1907
56.5472,2023
56.5500,2134
56.5528,2224
56.5556,2242
56.5583,2155
56.5611,2048
56.5639,1963
56.5667,1886
56.5694,1799
56.5722,1696
56.5750,1578
56.5778,1494
56.5806,1440
56.5833,1437
56.5861,1452
56.5889,1466
56.5917,1525
56.5944,1604
56.5972,1658
56.6000,1701
56.6028,1744
56.6056,1761
56.6083,1775
56.6111,1767
56.6139,1739
56.6167,1716
56.6194,1691
56.6222,1676
56.6250,1684
56.6278,1707
56.6306,1730
56.6333,1749
56.6361,1761
56.6389,1752
56.6417,1741
56.6444,1716
56.6472,1708
56.6500,1704
56.6528,1708
56.6556,1712
56.6583,1720
56.6611,1727
56.6639,1750
56.6667,1777
56.6694,1779
56.6722,1784
56.6750,1787
56.6778,1778
56.6806,1753
56.6833,1726
56.6861,1696
56.6889,1679
56.6917,1665
56.6944,1665
56.6972,1676
56.7000,1709
56.7028,1739
56.7056,1766
56.7083,1783
56.7111,1778
56.7139,1774
56.7167,1769
56.7194,1764
56.7222,1763
56.7250,1766
56.7278,1768
56.7306,1772
56.7333,1776
56.7361,1800
56.7389,1814
56.7417,1791
56.7444,1759
56.7472,1754
56.7500,1734
56.7528,1738
56.7556,1735
56.7583,1759
56.7611,1778
56.7639,1786
56.7667,1792
56.7694,1779
56.7722,1766
56.7750,1754
56.7778,1746
56.7806,1749
56.7833,1752
56.7861,1742
56.7889,1735
56.7917,1707
56.7944,1678
56.7972,1654
56.8000,1658
56.8028,1677
56.8056,1711
56.8083,1712
56.8111,1705
56.8139,1685
56.8167,1677
56.8194,1684
56.8222,1692
56.8250,1683
56.8278,1675
56.8306,1653
56.8333,1655
56.8361,1668
56.8389,1677
56.8417,1689
56.8444,1699
56.8472,1712
56.8500,1737
56.8528,1763
56.8556,1770
56.8583,1747
56.8611,1714
56.8639,1691
56.8667,1688
56.8694,1681
56.8722,1699
56.8750,1704
56.8778,1719
56.8806,1736
56.8833,1731
56.8861,1736
56.8889,1731
56.8917,1733
56.8944,1742
56.8972,1747
56.9000,1755
56.9028,1740
56.9056,1726
56.9083,1731
56.9111,1725
56.9139,1727
56.9167,1710
56.9194,1704
56.9222,1699
56.9250,1711
56.9278,1736
56.9306,1756
56.9333,1764
56.9361,1754
56.9389,1732
56.9417,1724
56.9444,1742
56.9472,1748
56.9500,1741
56.9528,1720
56.9556,1723
56.9583,1717
56.9611,1729
56.9639,1721
56.9667,1714
56.9694,1710
56.9722,1716
56.9750,1704
56.9778,1702
56.9806,1694
56.9833,1676
56.9861,1668
56.9889,1662
56.9917,1658
56.9944,1674
56.9972,1683
57.0000,1696
57.0028,1717
57.0056,1741
57.0083,1750
57.0111,1750
57.0139,1736
57.0167,1716
57.0194,1712
57.0222,1733
57.0250,1774
57.0278,1807
57.0306,1787
57.0333,1742
57.0361,1695
57.0389,1679
57.0417,1676
57.0444,1695
57.0472,1709
57.0500,1705
57.0528,1683
57.0556,1673
57.0583,1683
57.0611,1694
57.0639,1720
57.0667,1753
57.0694,1763
57.0722,1755
57.0750,1747
57.0778,1750
57.0806,1717
57.0833,1694
57.0861,1672
57.0889,1664
57.0917,1668
57.0944,1684
57.0972,1707
57.1000,1733
57.1028,1751
57.1056,1747
57.1083,1740
57.1111,1741
57.1139,1735
57.1167,1752
57.1194,1748
57.1222,1738
57.1250,1742
57.1278,1751
57.1306,1787
57.1333,1820
57.1361,1821
57.1389,1798
57.1417,1755
57.1444,1700
57.1472,1679
57.1500,1695
57.1528,1717
57.1556,1746
57.1583,1760
57.1611,1744
57.1639,1710
57.1667,1682
57.1694,1666
57.1722,1653
57.1750,1681
57.1778,1689
57.1806,1702
57.1833,1721
57.1861,1727
57.1889,1729
57.1917,1735
57.1944,1734
57.1972,1743
57.2000,1758
57.2028,1773
57.2056,1795
57.2083,1789
57.2111,1771
57.2139,1745
57.2167,1736
57.2194,1726
57.2222,1735
57.2250,1742
57.2278,1733
57.2306,1729
57.2333,1723
57.2361,1730
57.2389,1746
57.2417,1748
57.2444,1750
57.2472,1735
57.2500,1714
57.2528,1710
57.2556,1715
57.2583,1726
57.2611,1739
57.2639,1722
57.2667,1693
57.2694,1676
57.2722,1673
57.2750,1693
57.2778,1717
57.2806,1733
57.2833,1738
57.2861,1731
57.2889,1728
57.2917,1740
57.2944,1743
57.2972,1730
57.3000,1719
57.3028,1696
57.3056,1672
57.3083,1666
57.3111,1690
57.3139,1719
57.3167,1761
57.3194,1786
57.3222,1804
57.3250,1806
57.3278,1810
57.3306,1810
57.3333,1811
57.3361,1793
57.3389,1790
57.3417,1779
57.3444,1772
57.3472,1768
57.3500,1762
57.3528,1769
57.3556,1787
57.3583,1808
57.3611,1823
57.3639,1829
57.3667,1812
57.3694,1785
57.3722,1768
57.3750,1763
57.3778,1779
57.3806,1783
57.3833,1766
57.3861,1744
57.3889,1719
57.3917,1693
57.3944,1672
57.3972,1667
57.4000,1671
57.4028,1689
57.4056,1713
57.4083,1732
57.4111,1735
57.4139,1727
57.4167,1703
57.4194,1688
57.4222,1669
57.4250,1649
57.4278,1638
57.4306,1644
57.4333,1654
57.4361,1697
57.4389,1722
57.4417,1745
57.4444,1752
57.4472,1742
57.4500,1733
57.4528,1737
57.4556,1744
57.4583,1757
57.4611,1752
57.4639,1756
57.4667,1777
57.4694,1845
57.4722,1967
57.4750,2075
57.4778,2187
57.4806,2240
57.4833,2186
57.4861,2094
57.4889,1987
57.4917,1883
57.4944,1762
57.4972,1650
57.5000,1543
57.5028,1452
57.5056,1391
57.5083,1356
57.5111,1364
57.5139,1421
57.5167,1506
57.5194,1598
57.5222,1659
57.5250,1700
57.5278,1724
57.5306,1739
57.5333,1731
57.5361,1745
57.5389,1739
57.5417,1744
57.5444,1753
57.5472,1754
57.5500,1757
57.5528,1752
57.5556,1731
57.5583,1707
57.5611,1705
57.5639,1722
57.5667,1745
57.5694,1755
57.5722,1761
57.5750,1751
57.5778,1737
57.5806,1719
57.5833,1719
57.5861,1738
57.5889,1757
57.5917,1769
57.5944,1758
57.5972,1735
57.6000,1729
57.6028,1721
57.6056,1734
57.6083,1746
57.6111,1758
57.6139,1763
57.6167,1765
57.6194,1760
57.6222,1772
57.6250,1771
57.6278,1768
57.6306,1748
57.6333,1735
57.6361,1745
57.6389,1757
57.6417,1768
57.6444,1786
57.6472,1822
57.6500,1841
57.6528,1848
57.6556,1837
57.6583,1798
57.6611,1775
57.6639,1768
57.6667,1785
57.6694,1819
57.6722,1831
57.6750,1839
57.6778,1841
57.6806,1844
57.6833,1864
57.6861,1852
57.6889,1784
57.6917,1800
57.6944,1797
57.6972,1788
57.7000,1785
57.7028,1767
57.7056,1761
57.7083,1763
57.7111,1771
57.7139,1765
57.7167,1771
57.7194,1789
57.7222,1791
57.7250,1756
57.7278,1734
57.7306,1701
57.7333,1663
57.7361,1650
57.7389,1652
57.7417,1684
57.7444,1720
57.7472,1737
57.7500,1748
57.7528,1737
57.7556,1700
57.7583,1672
57.7611,1650
57.7639,1661
57.7667,1676
57.7694,1679
57.7722,1688
57.7750,1699
57.7778,1704
57.7806,1713
57.7833,1723
57.7861,1728
57.7889,1735
57.7917,1724
57.7944,1726
57.7972,1723
57.8000,1720
57.8028,1703
57.8056,1705
57.8083,1721
57.8111,1761
57.8139,1785
57.8167,1787
57.8194,1754
57.8222,1724
57.8250,1682
57.8278,1664
57.8306,1643
57.8333,1655
57.8361,1686
57.8389,1717
57.8417,1749
57.8444,1764
57.8472,1759
57.8500,1743
57.8528,1714
57.8556,1697
57.8583,1678
57.8611,1687
57.8639,1695
57.8667,1705
57.8694,1712
57.8722,1717
57.8750,1705
57.8778,1672
57.8806,1654
57.8833,1652
57.8861,1673
57.8889,1701
57.8917,1731
57.8944,1745
57.8972,1744
57.9000,1728
57.9028,1712
57.9056,1704
57.9083,1686
57.9111,1674
57.9139,1666
57.9167,1662
57.9194,1674
57.9222,1676
57.9250,1685
57.9278,1680
57.9306,1668
57.9333,1657
57.9361,1650
57.9389,1666
57.9417,1703
57.9444,1745
57.9472,1770
57.9500,1769
57.9528,1737
57.9556,1699
57.9583,1678
57.9611,1669
57.9639,1662
57.9667,1679
57.9694,1699
57.9722,1710
57.9750,1722
57.9778,1710
57.9806,1713
57.9833,1721
57.9861,1733
57.9889,1747
57.9917,1749
57.9944,1749
57.9972,1747
58.0000,1747
58.0028,1732
58.0056,1711
58.0083,1702
58.0111,1689
58.0139,1690
58.0167,1691
58.0194,1693
58.0222,1703
58.0250,1702
58.0278,1702
58.0306,1736
58.0333,1769
58.0361,1784
58.0389,1775
58.0417,1765
58.0444,1752
58.0472,1716
58.0500,1686
58.0528,1676
58.0556,1679
58.0583,1691
58.0611,1700
58.0639,1705
58.0667,1695
58.0694,1706
58.0722,1725
58.0750,1737
58.0778,1744
58.0806,1755
58.0833,1765
58.0861,1778
58.0889,1781
58.0917,1772
58.0944,1748
58.0972,1713
58.1000,1684
58.1028,1671
58.1056,1688
58.1083,1724
58.1111,1744
58.1139,1775
58.1167,1821
58.1194,1866
58.1222,1913
58.1250,1919
58.1278,1910
58.1306,1877
58.1333,1862
58.1361,1848
58.1389,1849
58.1417,1854
58.1444,1863
58.1472,1858
58.1500,1838
58.1528,1837
58.1556,1849
58.1583,1834
58.1611,1841
58.1639,1818
58.1667,1813
58.1694,1808
58.1722,1796
58.1750,1771
58.1778,1728
58.1806,1682
58.1833,1656
58.1861,1657
58.1889,1667
58.1917,1697
58.1944,1718
58.1972,1723
58.2000,1724
58.2028,1709
58.2056,1694
58.2083,1686
58.2111,1686
58.2139,1687
58.2167,1687
58.2194,1681
58.2222,1679
58.2250,1684
58.2278,1676
58.2306,1691
58.2333,1699
58.2361,1715
58.2389,1719
58.2417,1725
58.2444,1719
58.2472,1731
58.2500,1760
58.2528,1852
58.2556,1990
58.2583,2114
58.2611,2208
58.2639,2235
58.2667,2173
58.2694,2070
58.2722,1966
58.2750,1853
58.2778,1738
58.2806,1604
58.2833,1492
58.2861,1385
58.2889,1327
58.2917,1325
58.2944,1364
58.2972,1436
58.3000,1507
58.3028,1595
58.3056,1653
58.3083,1697
58.3111,1720
58.3139,1726
58.3167,1728
58.3194,1722
58.3222,1702
58.3250,1698
58.3278,1693
58.3306,1689
58.3333,1693
58.3361,1701
58.3389,1721
58.3417,1764
58.3444,1792
58.3472,1795
58.3500,1769
58.3528,1739
58.3556,1706
58.3583,1697
58.3611,1703
58.3639,1725
58.3667,1758
58.3694,1786
58.3722,1782
58.3750,1752
58.3778,1721
58.3806,1707
58.3833,1721
58.3861,1745
58.3889,1770
58.3917,1804
58.3944,1802
58.3972,1778
58.4000,1754
58.4028,1742
58.4056,1732
58.4083,1736
58.4111,1751
58.4139,1757
58.4167,1768
58.4194,1794
58.4222,1818
58.4250,1815
58.4278,1801
58.4306,1770
58.4333,1761
58.4361,1777
58.4389,1798
58.4417,1822
58.4444,1833
58.4472,1854
58.4500,1858
58.4528,1846
58.4556,1837
58.4583,1823
58.4611,1830
58.4639,1818
58.4667,1819
58.4694,1811
58.4722,1817
58.4750,1865
58.4778,1866
58.4806,1845
58.4833,1841
58.4861,1832
58.4889,1829
58.4917,1834
58.4944,1800
58.4972,1771
58.5000,1739
58.5028,1712
58.5056,1688
58.5083,1680
58.5111,1682
58.5139,1694
58.5167,1714
58.5194,1731
58.5222,1728
58.5250,1731
58.5278,1731
58.5306,1724
58.5333,1715
58.5361,1722
58.5389,1724
58.5417,1711
58.5444,1697
58.5472,1684
58.5500,1698
58.5528,1705
58.5556,1713
58.5583,1720
58.5611,1717
58.5639,1728
58.5667,1738
58.5694,1750
58.5722,1763
58.5750,1772
58.5778,1762
58.5806,1743
58.5833,1731
58.5861,1731
58.5889,1721
58.5917,1697
58.5944,1687
58.5972,1704
58.6000,1714
58.6028,1722
58.6056,1729
58.6083,1727
58.6111,1740
58.6139,1734
58.6167,1730
58.6194,1712
58.6222,1717
58.6250,1719
58.6278,1716
58.6306,1719
58.6333,1723
58.6361,1735
58.6389,1741
58.6417,1747
58.6444,1746
58.6472,1741
58.6500,1732
58.6528,1720
58.6556,1712
58.6583,1699
58.6611,1716
58.6639,1753
58.6667,1768
58.6694,1772
58.6722,1759
58.6750,1750
58.6778,1736
58.6806,1747
58.6833,1764
58.6861,1744
58.6889,1731
58.6917,1706
58.6944,1696
58.6972,1685
58.7000,1701
58.7028,1726
58.7056,1759
58.7083,1791
58.7111,1792
58.7139,1773
58.7167,1744
58.7194,1725
58.7222,1720
58.7250,1725
58.7278,1734
58.7306,1729
58.7333,1742
58.7361,1729
58.7389,1727
58.7417,1743
58.7444,1749
58.7472,1759
58.7500,1773
58.7528,1776
58.7556,1763
58.7583,1740
58.7611,1737
58.7639,1741
58.7667,1736
58.7694,1729
58.7722,1746
58.7750,1764
58.7778,1760
58.7806,1748
58.7833,1732
58.7861,1729
58.7889,1722
58.7917,1727
58.7944,1729
58.7972,1739
58.8000,1737
58.8028,1734
58.8056,1745
58.8083,1770
58.8111,1790
58.8139,1808
58.8167,1802
58.8194,1797
58.8222,1800
58.8250,1815
58.8278,1835
58.8306,1882
58.8333,1916
58.8361,1919
58.8389,1923
58.8417,1885
58.8444,1841
58.8472,1808
58.8500,1827
58.8528,1858
58.8556,1886
58.8583,1894
58.8611,1886
58.8639,1867
58.8667,1834
58.8694,1783
58.8722,1729
58.8750,1692
58.8778,1668
58.8806,1667
58.8833,1673
58.8861,1671
58.8889,1677
58.8917,1690
58.8944,1699
58.8972,1702
58.9000,1712
58.9028,1705
58.9056,1685
58.9083,1658
58.9111,1634
58.9139,1619
58.9167,1618
58.9194,1628
58.9222,1650
58.9250,1683
58.9278,1713
58.9306,1739
58.9333,1755
58.9361,1775
58.9389,1774
58.9417,1755
58.9444,1708
58.9472,1669
58.9500,1636
58.9528,1650
58.9556,1686
58.9583,1777
58.9611,1927
58.9639,2068
58.9667,2175
58.9694,2205
58.9722,2125
58.9750,2004
58.9778,1871
58.9806,1772
58.9833,1694
58.9861,1611
58.9889,1509
58.9917,1434
58.9944,1392
58.9972,1386
59.0000,1403
59.0028,1443
59.0056,1530
59.0083,1611
59.0111,1674
59.0139,1699
59.0167,1704
59.0194,1703
59.0222,1692
59.0250,1680
59.0278,1686
59.0306,1681
59.0333,1691
59.0361,1681
59.0389,1682
59.0417,1677
59.0444,1680
59.0472,1692
59.0500,1721
59.0528,1737
59.0556,1757
59.0583,1765
59.0611,1750
59.0639,1717
59.0667,1689
59.0694,1686
59.0722,1701
59.0750,1717
59.0778,1718
59.0806,1738
59.0833,1748
59.0861,1762
59.0889,1776
59.0917,1804
59.0944,1813
59.0972,1805
59.1000,1775
59.1028,1757
59.1056,1748
59.1083,1758
59.1111,1766
59.1139,1760
59.1167,1755
59.1194,1752
59.1222,1745
59.1250,1757
59.1278,1763
59.1306,1767
59.1333,1775
59.1361,1786
59.1389,1798
59.1417,1791
59.1444,1759
59.1472,1738
59.1500,1741
59.1528,1764
59.1556,1780
59.1583,1810
59.1611,1806
59.1639,1797
59.1667,1782
59.1694,1778
59.1722,1782
59.1750,1776
59.1778,1777
59.1806,1778
59.1833,1771
59.1861,1759
59.1889,1747
59.1917,1734
59.1944,1742
59.1972,1752
59.2000,1759
59.2028,1771
59.2056,1761
59.2083,1745
59.2111,1723
59.2139,1719
59.2167,1714
59.2194,1698
59.2222,1684
59.2250,1693
59.2278,1690
59.2306,1687
59.2333,1667
59.2361,1664
59.2389,1669
59.2417,1689
59.2444,1709
59.2472,1730
59.2500,1737
59.2528,1731
59.2556,1725
59.2583,1732
59.2611,1731
59.2639,1713
59.2667,1698
59.2694,1673
59.2722,1651
59.2750,1642
59.2778,1664
59.2806,1687
59.2833,1702
59.2861,1708
59.2889,1704
59.2917,1700
59.2944,1714
59.2972,1732
59.3000,1744
59.3028,1745
59.3056,1734
59.3083,1722
59.3111,1709
59.3139,1703
59.3167,1712
59.3194,1728
59.3222,1737
59.3250,1736
59.3278,1721
59.3306,1715
59.3333,1730
59.3361,1729
59.3389,1713
59.3417,1710
59.3444,1719
59.3472,1731
59.3500,1737
59.3528,1737
59.3556,1697
59.3583,1666
59.3611,1644
59.3639,1663
59.3667,1675
59.3694,1697
59.3722,1712
59.3750,1729
59.3778,1734
59.3806,1706
59.3833,1673
59.3861,1644
59.3889,1644
59.3917,1674
59.3944,1712
59.3972,1743
59.4000,1781
59.4028,1792
59.4056,1783
59.4083,1753
59.4111,1708
59.4139,1681
59.4167,1664
59.4194,1658
59.4222,1681
59.4250,1698
59.4278,1717
59.4306,1737
59.4333,1747
59.4361,1755
59.4389,1754
59.4417,1732
59.4444,1707
59.4472,1673
59.4500,1670
59.4528,1675
59.4556,1695
59.4583,1712
59.4611,1723
59.4639,1726
59.4667,1727
59.4694,1723
59.4722,1731
59.4750,1733
59.4778,1718
59.4806,1696
59.4833,1688
59.4861,1692
59.4889,1709
59.4917,1763
59.4944,1805
59.4972,1832
59.5000,1847
59.5028,1843
59.5056,1827
59.5083,1831
59.5111,1838
59.5139,1857
59.5167,1860
59.5194,1851
59.5222,1843
59.5250,1848
59.5278,1836
59.5306,1819
59.5333,1798
59.5361,1794
59.5389,1783
59.5417,1772
59.5444,1756
59.5472,1734
59.5500,1715
59.5528,1686
59.5556,1662
59.5583,1625
59.5611,1625
59.5639,1636
59.5667,1660
59.5694,1672
59.5722,1673
59.5750,1661
59.5778,1650
59.5806,1653
59.5833,1652
59.5861,1660
59.5889,1659
59.5917,1649
59.5944,1635
59.5972,1616
59.6000,1608
59.6028,1612
59.6056,1622
59.6083,1636
59.6111,1660
59.6139,1701
59.6167,1720
59.6194,1719
59.6222,1697
59.6250,1664
59.6278,1656
59.6306,1692
59.6333,1791
59.6361,1937
59.6389,2083
59.6417,2164
59.6444,2163
59.6472,2084
59.6500,1974
59.6528,1864
59.6556,1762
59.6583,1680
59.6611,1598
59.6639,1522
59.6667,1458
59.6694,1417
59.6722,1380
59.6750,1375
59.6778,1401
59.6806,1464
59.6833,1559
59.6861,1647
59.6889,1713
59.6917,1736
59.6944,1734
59.6972,1719
59.7000,1699
59.7028,1687
59.7056,1668
59.7083,1671
59.7111,1681
59.7139,1688
59.7167,1692
59.7194,1689
59.7222,1710
59.7250,1723
59.7278,1741
59.7306,1737
59.7333,1705
59.7361,1673
59.7389,1644
59.7417,1644
59.7444,1679
59.7472,1713
59.7500,1739
59.7528,1744
59.7556,1739
59.7583,1738
59.7611,1720
59.7639,1702
59.7667,1702
59.7694,1721
59.7722,1727
59.7750,1720
59.7778,1705
59.7806,1692
59.7833,1683
59.7861,1697
59.7889,1711
59.7917,1729
59.7944,1754
59.7972,1771
59.8000,1772
59.8028,1778
59.8056,1778
59.8083,1779
59.8111,1782
59.8139,1797
59.8167,1794
59.8194,1786
59.8222,1758
59.8250,1750
59.8278,1740
59.8306,1740
59.8333,1852
59.8361,1853
59.8389,1862
59.8417,1845
59.8444,1809
59.8472,1781
59.8500,1766
59.8528,1758
59.8556,1765
59.8583,1766
59.8611,1760
59.8639,1749
59.8667,1723
59.8694,1698
59.8722,1684
59.8750,1679
59.8778,1675
59.8806,1674
59.8833,1688
59.8861,1689
59.8889,1711
59.8917,1693
59.8944,1668
59.8972,1649
59.9000,1657
59.9028,1663
59.9056,1660
59.9083,1674
59.9111,1666
59.9139,1673
59.9167,1672
59.9194,1658
59.9222,1656
59.9250,1672
59.9278,1697
59.9306,1704
59.9333,1720
59.9361,1728
59.9389,1729
59.9417,1735
59.9444,1715
59.9472,1698
59.9500,1649
59.9528,1632
59.9556,1632
59.9583,1666
59.9611,1704
59.9639,1718
59.9667,1719
59.9694,1717
59.9722,1704
59.9750,1696
59.9778,1687
59.9806,1685
59.9833,1673
59.9861,1667
59.9889,1655
59.9917,1682
59.9944,1686
59.9972,1698
60.0000,1697
60.0028,1706
60.0056,1716
60.0083,1734
60.0111,1736
60.0139,1721
60.0167,1707
60.0194,1714
60.0222,1725
60.0250,1724
60.0278,1720
60.0306,1703
60.0333,1695
60.0361,1686
60.0389,1693
60.0417,1692
60.0444,1695
60.0472,1679
60.0500,1673
60.0528,1670
60.0556,1670
60.0583,1670
60.0611,1689
60.0639,1703
60.0667,1718
60.0694,1722
60.0722,1715
60.0750,1701
60.0778,1689
60.0806,1681
60.0833,1677
60.0861,1689
60.0889,1689
60.0917,1696
60.0944,1694
60.0972,1699
60.1000,1703
60.1028,1704
60.1056,1713
60.1083,1715
60.1111,1719
60.1139,1713
60.1167,1709
60.1194,1696
60.1222,1707
60.1250,1731
60.1278,1736
60.1306,1753
60.1333,1756
60.1361,1772
60.1389,1777
60.1417,1778
60.1444,1781
60.1472,1792
60.1500,1806
60.1528,1828
60.1556,1835
60.1583,1829
60.1611,1818
60.1639,1810
60.1667,1787
60.1694,1782
60.1722,1779
60.1750,1774
60.1778,1757
60.1806,1729
60.1833,1695
60.1861,1676
60.1889,1674
60.1917,1660
60.1944,1652
60.1972,1649
60.2000,1647
60.2028,1656
60.2056,1660
60.2083,1656
60.2111,1640
60.2139,1630
60.2167,1622
60.2194,1625
60.2222,1623
60.2250,1625
60.2278,1622
60.2306,1620
60.2333,1635
60.2361,1644
60.2389,1646
60.2417,1629
60.2444,1611
60.2472,1598
60.2500,1609
60.2528,1614
60.2556,1614
60.2583,1611
60.2611,1619
60.2639,1642
60.2667,1677
60.2694,1745
60.2722,1860
60.2750,1982
60.2778,2071
60.2806,2097
60.2833,2067
60.2861,1990
60.2889,1914
60.2917,1837
60.2944,1752
60.2972,1663
60.3000,1568
60.3028,1481
60.3056,1404
60.3083,1363
60.3111,1344
60.3139,1348
60.3167,1393
60.3194,1495
60.3222,1608
60.3250,1719
60.3278,1766
60.3306,1760
60.3333,1727
60.3361,1675
60.3389,1651
60.3417,1637
60.3444,1620
60.3472,1621
60.3500,1627
60.3528,1646
60.3556,1648
60.3583,1656
60.3611,1669
60.3639,1680
60.3667,1701
60.3694,1705
60.3722,1699
60.3750,1707
60.3778,1718
60.3806,1722
60.3833,1715
60.3861,1701
60.3889,1684
60.3917,1683
60.3944,1681
60.3972,1686
60.4000,1708
60.4028,1711
60.4056,1720
60.4083,1741
60.4111,1761
60.4139,1778
60.4167,1772
60.4194,1758
60.4222,1747
60.4250,1745
60.4278,1747
60.4306,1763
60.4333,1785
60.4361,1778
60.4389,1758
60.4417,1732
60.4444,1721
60.4472,1715
60.4500,1729
60.4528,1738
60.4556,1747
60.4583,1771
60.4611,1788
60.4639,1787
60.4667,1782
60.4694,1805
60.4722,1799
60.4750,1780
60.4778,1766
60.4806,1754
60.4833,1743
60.4861,1736
60.4889,1740
60.4917,1732
60.4944,1740
60.4972,1738
60.5000,1736
60.5028,1724
60.5056,1720
60.5083,1700
60.5111,1674
60.5139,1646
60.5167,1639
60.5194,1647
60.5222,1668
60.5250,1679
60.5278,1701
60.5306,1690
60.5333,1681
60.5361,1654
60.5389,1637
60.5417,1609
60.5444,1600
60.5472,1607
60.5500,1617
60.5528,1633
60.5556,1650
60.5583,1666
60.5611,1673
60.5639,1681
60.5667,1665
60.5694,1646
60.5722,1621
60.5750,1603
60.5778,1601
60.5806,1608
60.5833,1640
60.5861,1667
60.5889,1691
60.5917,1711
60.5944,1711
60.5972,1712
60.6000,1715
60.6028,1713
60.6056,1713
60.6083,1713
60.6111,1690
60.6139,1680
60.6167,1665
60.6194,1661
60.6222,1667
60.6250,1687
60.6278,1724
60.6306,1745
60.6333,1730
60.6361,1708
60.6389,1703
60.6417,1694
60.6444,1707
60.6472,1750
60.6500,1789
60.6528,1788
60.6556,1766
60.6583,1726
60.6611,1672
60.6639,1633
60.6667,1623
60.6694,1638
60.6722,1655
60.6750,1688
60.6778,1703
60.6806,1718
60.6833,1724
60.6861,1718
60.6889,1724
60.6917,1737
60.6944,1741
60.6972,1745
60.7000,1738
60.7028,1738
60.7056,1734
60.7083,1739
60.7111,1738
60.7139,1735
60.7167,1727
60.7194,1718
60.7222,1694
60.7250,1689
60.7278,1689
60.7306,1707
60.7333,1721
60.7361,1721
60.7389,1707
60.7417,1691
60.7444,1690
60.7472,1700
60.7500,1715
60.7528,1756
60.7556,1796
60.7583,1844
60.7611,1887
60.7639,1893
60.7667,1878
60.7694,1850
60.7722,1807
60.7750,1794
60.7778,1804
60.7806,1834
60.7833,1864
60.7861,1893
60.7889,1898
60.7917,1881
60.7944,1870
60.7972,1840
60.8000,1825
60.8028,1806
60.8056,1760
60.8083,1727
60.8111,1712
60.8139,1729
60.8167,1743
60.8194,1730
60.8222,1720
60.8250,1704
60.8278,1674
60.8306,1654
60.8333,1636
60.8361,1630
60.8389,1630
60.8417,1659
60.8444,1670
60.8472,1674
60.8500,1673
60.8528,1677
60.8556,1674
60.8583,1678
60.8611,1673
60.8639,1662
60.8667,1669
60.8694,1680
60.8722,1692
60.8750,1699
60.8778,1712
60.8806,1706
60.8833,1682
60.8861,1660
60.8889,1666
60.8917,1682
60.8944,1710
60.8972,1788
60.9000,1902
60.9028,2019
60.9056,2080
60.9083,2080
60.9111,2013
60.9139,1910
60.9167,1817
60.9194,1752
60.9222,1697
60.9250,1629
60.9278,1549
60.9306,1480
60.9333,1411
60.9361,1378
60.9389,1379
60.9417,1410
60.9444,1477
60.9472,1585
60.9500,1689
60.9528,1757
60.9556,1773
60.9583,1769
60.9611,1745
60.9639,1713
60.9667,1684
60.9694,1690
60.9722,1701
60.9750,1701
60.9778,1688
60.9806,1678
60.9833,1684
60.9861,1696
60.9889,1703
60.9917,1702
60.9944,1689
60.9972,1676
61.0000,1676
61.0028,1678
61.0056,1664
61.0083,1671
61.0111,1690
61.0139,1706
61.0167,1712
61.0194,1718
61.0222,1726
61.0250,1744
61.0278,1754
61.0306,1744
61.0333,1738
61.0361,1734
61.0389,1735
61.0417,1757
61.0444,1779
61.0472,1782
61.0500,1783
61.0528,1791
61.0556,1814
61.0583,1829
61.0611,1827
61.0639,1796
61.0667,1756
61.0694,1739
61.0722,1741
61.0750,1740
61.0778,1738
61.0806,1732
61.0833,1734
61.0861,1732
61.0889,1746
61.0917,1769
61.0944,1783
61.0972,1809
61.1000,1813
61.1028,1803
61.1056,1820
61.1083,1836
61.1111,1827
61.1139,1818
61.1167,1783
61.1194,1747
61.1222,1718
61.1250,1712
61.1278,1711
61.1306,1715
61.1333,1725
61.1361,1748
61.1389,1752
61.1417,1748
61.1444,1733
61.1472,1720
61.1500,1715
61.1528,1699
61.1556,1693
61.1583,1695
61.1611,1703
61.1639,1705
61.1667,1708
61.1694,1725
61.1722,1723
61.1750,1719
61.1778,1710
61.1806,1711
61.1833,1707
61.1861,1702
61.1889,1700
61.1917,1699
61.1944,1717
61.1972,1742
61.2000,1760
61.2028,1756
61.2056,1749
61.2083,1734
61.2111,1723
61.2139,1714
61.2167,1707
61.2194,1694
61.2222,1680
61.2250,1696
61.2278,1714
61.2306,1727
61.2333,1730
61.2361,1725
61.2389,1715
61.2417,1704
61.2444,1721
61.2472,1744
61.2500,1772
61.2528,1771
61.2556,1776
61.2583,1756
61.2611,1756
61.2639,1740
61.2667,1727
61.2694,1723
61.2722,1727
61.2750,1738
61.2778,1751
61.2806,1759
61.2833,1754
61.2861,1739
61.2889,1733
61.2917,1721
61.2944,1713
61.2972,1719
61.3000,1732
61.3028,1751
61.3056,1753
61.3083,1728
61.3111,1709
61.3139,1697
61.3167,1689
61.3194,1693
61.3222,1699
61.3250,1710
61.3278,1716
61.3306,1723
61.3333,1717
61.3361,1734
61.3389,1754
61.3417,1774
61.3444,1767
61.3472,1758
61.3500,1738
61.3528,1720
61.3556,1710
61.3583,1713
61.3611,1713
61.3639,1719
61.3667,1701
61.3694,1707
61.3722,1706
61.3750,1694
61.3778,1702
61.3806,1714
61.3833,1734
61.3861,1744
61.3889,1758
61.3917,1776
61.3944,1791
61.3972,1820
61.4000,1833
61.4028,1851
61.4056,1849
61.4083,1847
61.4111,1855
61.4139,1864
61.4167,1886
61.4194,1875
61.4222,1867
61.4250,1854
61.4278,1870
61.4306,1888
61.4333,1903
61.4361,1897
61.4389,1882
61.4417,1843
61.4444,1780
61.4472,1741
61.4500,1743
61.4528,1756
61.4556,1764
61.4583,1742
61.4611,1711
61.4639,1685
61.4667,1681
61.4694,1680
61.4722,1665
61.4750,1642
61.4778,1627
61.4806,1631
61.4833,1637
61.4861,1645
61.4889,1658
61.4917,1659
61.4944,1671
61.4972,1691
61.5000,1702
61.5028,1720
61.5056,1699
61.5083,1703
61.5111,1703
61.5139,1722
61.5167,1751
61.5194,1773
61.5222,1763
61.5250,1726
61.5278,1676
61.5306,1657
61.5333,1699
61.5361,1784
61.5389,1924
61.5417,2051
61.5444,2131
61.5472,2128
61.5500,2057
61.5528,1943
61.5556,1850
61.5583,1777
61.5611,1710
61.5639,1650
61.5667,1562
61.5694,1485
61.5722,1434
61.5750,1389
61.5778,1379
61.5806,1409
61.5833,1475
61.5861,1561
61.5889,1644
61.5917,1706
61.5944,1750
61.5972,1766
61.6000,1766
61.6028,1756
61.6056,1764
61.6083,1787
61.6111,1797
61.6139,1773
61.6167,1728
61.6194,1684
61.6222,1678
61.6250,1693
61.6278,1714
61.6306,1732
61.6333,1739
61.6361,1737
61.6389,1726
61.6417,1702
61.6444,1700
61.6472,1706
61.6500,1728
61.6528,1746
61.6556,1774
61.6583,1776
61.6611,1770
61.6639,1750
61.6667,1733
61.6694,1750
61.6722,1771
61.6750,1790
61.6778,1809
61.6806,1814
61.6833,1813
61.6861,1812
61.6889,1804
61.6917,1786
61.6944,1751
61.6972,1724
61.7000,1706
61.7028,1703
61.7056,1715
61.7083,1742
61.7111,1775
61.7139,1805
61.7167,1826
61.7194,1845
61.7222,1829
61.7250,1817
61.7278,1799
61.7306,1792
61.7333,1794
61.7361,1836
61.7389,1834
61.7417,1825
61.7444,1803
61.7472,1786
61.7500,1776
61.7528,1778
61.7556,1777
61.7583,1788
61.7611,1774
61.7639,1772
61.7667,1780
61.7694,1785
61.7722,1772
61.7750,1743
61.7778,1709
61.7806,1695
61.7833,1706
61.7861,1722
61.7889,1728
61.7917,1711
61.7944,1697
61.7972,1677
61.8000,1653
61.8028,1637
61.8056,1626
61.8083,1634
61.8111,1651
61.8139,1681
61.8167,1709
61.8194,1730
61.8222,1700
61.8250,1661
61.8278,1637
61.8306,1633
61.8333,1652
61.8361,1683
61.8389,1690
61.8417,1691
61.8444,1682
61.8472,1682
61.8500,1680
61.8528,1703
61.8556,1735
61.8583,1756
61.8611,1758
61.8639,1749
61.8667,1725
61.8694,1709
61.8722,1695
61.8750,1688
61.8778,1690
61.8806,1677
61.8833,1680
61.8861,1698
61.8889,1722
61.8917,1730
61.8944,1742
61.8972,1731
61.9000,1728
61.9028,1720
61.9056,1689
61.9083,1672
61.9111,1664
61.9139,1662
61.9167,1669
61.9194,1667
61.9222,1684
61.9250,1688
61.9278,1692
61.9306,1686
61.9333,1682
61.9361,1684
61.9389,1700
61.9417,1723
61.9444,1756
61.9472,1756
61.9500,1745
61.9528,1718
61.9556,1714
61.9583,1701
61.9611,1686
61.9639,1678
61.9667,1681
61.9694,1692
61.9722,1699
61.9750,1700
61.9778,1688
61.9806,1669
61.9833,1672
61.9861,1678
61.9889,1688
61.9917,1704
61.9944,1693
61.9972,1685
62.0000,1670
62.0028,1664
62.0056,1677
62.0083,1687
62.0111,1699
62.0139,1714
62.0167,1708
62.0194,1692
62.0222,1686
62.0250,1696
62.0278,1706
62.0306,1728
62.0333,1743
62.0361,1752
62.0389,1753
62.0417,1769
62.0444,1803
62.0472,1817
62.0500,1828
62.0528,1815
62.0556,1777
62.0583,1770
62.0611,1769
62.0639,1792
62.0667,1807
62.0694,1816
62.0722,1823
62.0750,1849
62.0778,1855
62.0806,1836
62.0833,1823
62.0861,1795
62.0889,1764
62.0917,1740
62.0944,1716
62.0972,1701
62.1000,1698
62.1028,1690
62.1056,1695
62.1083,1694
62.1111,1661
62.1139,1635
62.1167,1613
62.1194,1611
62.1222,1604
62.1250,1610
62.1278,1621
62.1306,1633
62.1333,1639
62.1361,1664
62.1389,1701
62.1417,1713
62.1444,1700
62.1472,1658
62.1500,1622
62.1528,1608
62.1556,1614
62.1583,1619
62.1611,1631
62.1639,1638
62.1667,1652
62.1694,1653
62.1722,1629
62.1750,1600
62.1778,1594
62.1806,1626
62.1833,1707
62.1861,1826
62.1889,1961
62.1917,2075
62.1944,2111
62.1972,2051
62.2000,1957
62.2028,1842
62.2056,1754
62.2083,1702
62.2111,1653
62.2139,1615
62.2167,1574
62.2194,1500
62.2222,1420
62.2250,1345
62.2278,1325
62.2306,1371
62.2333,1466
62.2361,1580
62.2389,1653
62.2417,1688
62.2444,1699
62.2472,1699
62.2500,1695
62.2528,1691
62.2556,1675
62.2583,1672
62.2611,1655
62.2639,1646
62.2667,1652
62.2694,1654
62.2722,1662
62.2750,1672
62.2778,1673
62.2806,1689
62.2833,1703
62.2861,1726
62.2889,1729
62.2917,1740
62.2944,1729
62.2972,1711
62.3000,1704
62.3028,1715
62.3056,1724
62.3083,1742
62.3111,1754
62.3139,1752
62.3167,1741
62.3194,1751
62.3222,1772
62.3250,1792
62.3278,1793
62.3306,1767
62.3333,1735
62.3361,1708
62.3389,1699
62.3417,1692
62.3444,1696
62.3472,1716
62.3500,1726
62.3528,1724
62.3556,1729
62.3583,1726
62.3611,1736
62.3639,1740
62.3667,1744
62.3694,1747
62.3722,1760
62.3750,1772
62.3778,1780
62.3806,1787
62.3833,1785
62.3861,1787
62.3889,1791
62.3917,1794
62.3944,1773
62.3972,1775
62.4000,1782
62.4028,1772
