Tiempo(s),Valor_ADC
0.0028,1655
0.0056,1649
0.0083,1635
0.0111,1638
0.0139,1648
0.0167,1644
0.0194,1643
0.0222,1637
0.0250,1631
0.0278,1626
0.0306,1624
0.0333,1629
0.0361,1634
0.0389,1634
0.0417,1632
0.0444,1629
0.0472,1631
0.0500,1636
0.0528,1643
0.0556,1641
0.0583,1651
0.0611,1643
0.0639,1639
0.0667,1627
0.0694,1628
0.0722,1633
0.0750,1642
0.0778,1645
0.0806,1645
0.0833,1646
0.0861,1648
0.0889,1647
0.0917,1652
0.0944,1655
0.0972,1664
0.1000,1674
0.1028,1664
0.1056,1673
0.1083,1675
0.1111,1690
0.1139,1691
0.1167,1700
0.1194,1706
0.1222,1708
0.1250,1704
0.1278,1701
0.1306,1702
0.1333,1699
0.1361,1700
0.1389,1705
0.1417,1701
0.1444,1702
0.1472,1699
0.1500,1706
0.1528,1703
0.1556,1702
0.1583,1705
0.1611,1693
0.1639,1691
0.1667,1689
0.1694,1691
0.1722,1695
0.1750,1698
0.1778,1695
0.1806,1688
0.1833,1694
0.1861,1684
0.1889,1682
0.1917,1679
0.1944,1683
0.1972,1680
0.2000,1685
0.2028,1684
0.2056,1679
0.2083,1679
0.2111,1680
0.2139,1681
0.2167,1686
0.2194,1680
0.2222,1685
0.2250,1691
0.2278,1689
0.2306,1694
0.2333,1701
0.2361,1695
0.2389,1700
0.2417,1693
0.2444,1692
0.2472,1690
0.2500,1696
0.2528,1698
0.2556,1703
0.2583,1720
0.2611,1737
0.2639,1749
0.2667,1781
0.2694,1792
0.2722,1809
0.2750,1826
0.2778,1838
0.2806,1838
0.2833,1833
0.2861,1840
0.2889,1857
0.2917,1874
0.2944,1883
0.2972,1883
0.3000,1887
0.3028,1894
0.3056,1914
0.3083,1921
0.3111,1923
0.3139,1902
0.3167,1883
0.3194,1845
0.3222,1824
0.3250,1808
0.3278,1778
0.3306,1748
0.3333,1717
0.3361,1683
0.3389,1677
0.3417,1666
0.3444,1660
0.3472,1655
0.3500,1654
0.3528,1650
0.3556,1642
0.3583,1633
0.3611,1622
0.3639,1611
0.3667,1612
0.3694,1618
0.3722,1633
0.3750,1639
0.3778,1628
0.3806,1629
0.3833,1630
0.3861,1632
0.3889,1629
0.3917,1637
0.3944,1598
0.3972,1571
0.4000,1588
0.4028,1588
0.4056,1605
0.4083,1624
0.4111,1694
0.4139,1874
0.4167,2169
0.4194,2429
0.4222,2577
0.4250,2655
0.4278,2708
0.4306,2836
0.4333,3050
0.4361,3165
0.4389,3013
0.4417,2640
0.4444,2209
0.4472,1844
0.4500,1563
0.4528,1416
0.4556,1433
0.4583,1563
0.4611,1733
0.4639,1845
0.4667,1842
0.4694,1764
0.4722,1625
0.4750,1504
0.4778,1440
0.4806,1426
0.4833,1452
0.4861,1501
0.4889,1544
0.4917,1567
0.4944,1572
0.4972,1548
0.5000,1522
0.5028,1524
0.5056,1547
0.5083,1567
0.5111,1579
0.5139,1576
0.5167,1561
0.5194,1559
0.5222,1564
0.5250,1581
0.5278,1616
0.5306,1641
0.5333,1651
0.5361,1638
0.5389,1627
0.5417,1630
0.5444,1640
0.5472,1648
0.5500,1644
0.5528,1630
0.5556,1631
0.5583,1641
0.5611,1635
0.5639,1655
0.5667,1693
0.5694,1716
0.5722,1735
0.5750,1725
0.5778,1740
0.5806,1754
0.5833,1775
0.5861,1801
0.5889,1822
0.5917,1814
0.5944,1776
0.5972,1764
0.6000,1757
0.6028,1774
0.6056,1782
0.6083,1788
0.6111,1781
0.6139,1778
0.6167,1787
0.6194,1794
0.6222,1820
0.6250,1841
0.6278,1874
0.6306,1880
0.6333,1880
0.6361,1872
0.6389,1864
0.6417,1946
0.6444,1952
0.6472,1952
0.6500,1943
0.6528,1937
0.6556,1910
0.6583,1897
0.6611,1870
0.6639,1855
0.6667,1847
0.6694,1825
0.6722,1819
0.6750,1794
0.6778,1767
0.6806,1751
0.6833,1749
0.6861,1748
0.6889,1749
0.6917,1752
0.6944,1744
0.6972,1730
0.7000,1723
0.7028,1721
0.7056,1724
0.7083,1717
0.7111,1724
0.7139,1724
0.7167,1728
0.7194,1716
0.7222,1742
0.7250,1752
0.7278,1763
0.7306,1768
0.7333,1771
0.7361,1756
0.7389,1739
0.7417,1710
0.7444,1690
0.7472,1701
0.7500,1728
0.7528,1783
0.7556,1798
0.7583,1765
0.7611,1739
0.7639,1733
0.7667,1715
0.7694,1721
0.7722,1726
0.7750,1711
0.7778,1705
0.7806,1701
0.7833,1723
0.7861,1754
0.7889,1760
0.7917,1759
0.7944,1752
0.7972,1764
0.8000,1771
0.8028,1769
0.8056,1759
0.8083,1753
0.8111,1754
0.8139,1754
0.8167,1744
0.8194,1738
0.8222,1739
0.8250,1749
0.8278,1765
0.8306,1759
0.8333,1755
0.8361,1740
0.8389,1724
0.8417,1724
0.8444,1760
0.8472,1806
0.8500,1832
0.8528,1803
0.8556,1764
0.8583,1718
0.8611,1696
0.8639,1696
0.8667,1713
0.8694,1701
0.8722,1703
0.8750,1710
0.8778,1726
0.8806,1733
0.8833,1731
0.8861,1735
0.8889,1716
0.8917,1701
0.8944,1696
0.8972,1689
0.9000,1687
0.9028,1671
0.9056,1672
0.9083,1663
0.9111,1690
0.9139,1730
0.9167,1748
0.9194,1727
0.9222,1702
0.9250,1674
0.9278,1671
0.9306,1679
0.9333,1675
0.9361,1656
0.9389,1615
0.9417,1596
0.9444,1620
0.9472,1656
0.9500,1680
0.9528,1697
0.9556,1697
0.9583,1689
0.9611,1703
0.9639,1715
0.9667,1739
0.9694,1754
0.9722,1768
0.9750,1778
0.9778,1779
0.9806,1784
0.9833,1799
0.9861,1812
0.9889,1820
0.9917,1831
0.9944,1839
0.9972,1857
1.0000,1875
1.0028,1900
1.0056,1890
1.0083,1858
1.0111,1818
1.0139,1776
1.0167,1749
1.0194,1754
1.0222,1765
1.0250,1777
1.0278,1783
1.0306,1780
1.0333,1771
1.0361,1759
1.0389,1736
1.0417,1723
1.0444,1696
1.0472,1676
1.0500,1643
1.0528,1617
1.0556,1590
1.0583,1561
1.0611,1529
1.0639,1498
1.0667,1477
1.0694,1453
1.0722,1438
1.0750,1437
1.0778,1440
1.0806,1450
1.0833,1460
1.0861,1460
1.0889,1443
1.0917,1436
1.0944,1421
1.0972,1410
1.1000,1426
1.1028,1538
1.1056,1683
1.1083,1834
1.1111,2039
1.1139,2254
1.1167,2448
1.1194,2615
1.1222,2728
1.1250,2831
1.1278,2934
1.1306,2994
1.1333,2898
1.1361,2642
1.1389,2315
1.1417,1982
1.1444,1702
1.1472,1516
1.1500,1442
1.1528,1449
1.1556,1491
1.1583,1532
1.1611,1559
1.1639,1565
1.1667,1562
1.1694,1535
1.1722,1533
1.1750,1517
1.1778,1520
1.1806,1523
1.1833,1530
1.1861,1522
1.1889,1505
1.1917,1483
1.1944,1480
1.1972,1481
1.2000,1493
1.2028,1500
1.2056,1509
1.2083,1504
1.2111,1502
1.2139,1497
1.2167,1503
1.2194,1509
1.2222,1527
1.2250,1534
1.2278,1555
1.2306,1548
1.2333,1552
1.2361,1561
1.2389,1576
1.2417,1582
1.2444,1581
1.2472,1587
1.2500,1582
1.2528,1582
1.2556,1577
1.2583,1580
1.2611,1589
1.2639,1593
1.2667,1594
1.2694,1595
1.2722,1594
1.2750,1601
1.2778,1606
1.2806,1613
1.2833,1626
1.2861,1629
1.2889,1633
1.2917,1627
1.2944,1622
1.2972,1633
1.3000,1643
1.3028,1656
1.3056,1669
1.3083,1679
1.3111,1683
1.3139,1696
1.3167,1706
1.3194,1720
1.3222,1740
1.3250,1753
1.3278,1757
1.3306,1759
1.3333,1764
1.3361,1841
1.3389,1849
1.3417,1827
1.3444,1826
1.3472,1805
1.3500,1783
1.3528,1777
1.3556,1755
1.3583,1742
1.3611,1729
1.3639,1715
1.3667,1703
1.3694,1676
1.3722,1652
1.3750,1636
1.3778,1634
1.3806,1630
1.3833,1624
1.3861,1616
1.3889,1605
1.3917,1593
1.3944,1590
1.3972,1584
1.4000,1586
1.4028,1592
1.4056,1593
1.4083,1594
1.4111,1588
1.4139,1591
1.4167,1594
1.4194,1598
1.4222,1596
1.4250,1599
1.4278,1591
1.4306,1591
1.4333,1589
1.4361,1585
1.4389,1587
1.4417,1597
1.4444,1610
1.4472,1614
1.4500,1612
1.4528,1606
1.4556,1603
1.4583,1608
1.4611,1616
1.4639,1620
1.4667,1619
1.4694,1626
1.4722,1628
1.4750,1625
1.4778,1628
1.4806,1633
1.4833,1636
1.4861,1640
1.4889,1641
1.4917,1640
1.4944,1646
1.4972,1653
1.5000,1667
1.5028,1668
1.5056,1669
1.5083,1662
1.5111,1665
1.5139,1668
1.5167,1676
1.5194,1682
1.5222,1685
1.5250,1689
1.5278,1678
1.5306,1678
1.5333,1679
1.5361,1683
1.5389,1671
1.5417,1682
1.5444,1674
1.5472,1680
1.5500,1680
1.5528,1676
1.5556,1668
1.5583,1671
1.5611,1667
1.5639,1663
1.5667,1655
1.5694,1658
1.5722,1655
1.5750,1654
1.5778,1652
1.5806,1655
1.5833,1669
1.5861,1669
1.5889,1668
1.5917,1662
1.5944,1661
1.5972,1666
1.6000,1676
1.6028,1681
1.6056,1681
1.6083,1688
1.6111,1685
1.6139,1678
1.6167,1685
1.6194,1677
1.6222,1682
1.6250,1680
1.6278,1682
1.6306,1682
1.6333,1680
1.6361,1669
1.6389,1675
1.6417,1682
1.6444,1689
1.6472,1688
1.6500,1687
1.6528,1677
1.6556,1684
1.6583,1691
1.6611,1705
1.6639,1717
1.6667,1729
1.6694,1751
1.6722,1772
1.6750,1784
1.6778,1797
1.6806,1811
1.6833,1835
1.6861,1844
1.6889,1848
1.6917,1833
1.6944,1834
1.6972,1847
1.7000,1867
1.7028,1876
1.7056,1881
1.7083,1883
1.7111,1903
1.7139,1912
1.7167,1936
1.7194,1931
1.7222,1910
1.7250,1885
1.7278,1851
1.7306,1822
1.7333,1797
1.7361,1769
1.7389,1739
1.7417,1721
1.7444,1706
1.7472,1699
1.7500,1698
1.7528,1684
1.7556,1681
1.7583,1666
1.7611,1664
1.7639,1656
1.7667,1649
1.7694,1647
1.7722,1643
1.7750,1645
1.7778,1653
1.7806,1651
1.7833,1651
1.7861,1651
1.7889,1656
1.7917,1652
1.7944,1651
1.7972,1654
1.8000,1630
1.8028,1609
1.8056,1584
1.8083,1543
1.8111,1504
1.8139,1521
1.8167,1609
1.8194,1743
1.8222,1920
1.8250,2137
1.8278,2340
1.8306,2522
1.8333,2683
1.8361,2806
1.8389,2909
1.8417,3026
1.8444,3077
1.8472,2971
1.8500,2707
1.8528,2396
1.8556,2068
1.8583,1783
1.8611,1599
1.8639,1532
1.8667,1531
1.8694,1563
1.8722,1597
1.8750,1615
1.8778,1624
1.8806,1618
1.8833,1598
1.8861,1577
1.8889,1553
1.8917,1552
1.8944,1556
1.8972,1576
1.9000,1599
1.9028,1615
1.9056,1622
1.9083,1631
1.9111,1639
1.9139,1656
1.9167,1665
1.9194,1657
1.9222,1662
1.9250,1653
1.9278,1647
1.9306,1648
1.9333,1656
1.9361,1659
1.9389,1661
1.9417,1662
1.9444,1658
1.9472,1662
1.9500,1671
1.9528,1676
1.9556,1684
1.9583,1674
1.9611,1675
1.9639,1673
1.9667,1674
1.9694,1687
1.9722,1690
1.9750,1700
1.9778,1690
1.9806,1698
1.9833,1703
1.9861,1698
1.9889,1695
1.9917,1704
1.9944,1707
1.9972,1715
2.0000,1717
2.0028,1710
2.0056,1705
2.0083,1709
2.0111,1722
2.0139,1741
2.0167,1752
2.0194,1753
2.0222,1758
2.0250,1755
2.0278,1756
2.0306,1769
2.0333,1789
2.0361,1808
2.0389,1814
2.0417,1812
2.0444,1806
2.0472,1809
2.0500,1867
2.0528,1863
2.0556,1858
2.0583,1837
2.0611,1822
2.0639,1800
2.0667,1780
2.0694,1769
2.0722,1754
2.0750,1737
2.0778,1729
2.0806,1717
2.0833,1699
2.0861,1692
2.0889,1690
2.0917,1669
2.0944,1664
2.0972,1661
2.1000,1646
2.1028,1627
2.1056,1611
2.1083,1602
2.1111,1610
2.1139,1615
2.1167,1618
2.1194,1629
2.1222,1619
2.1250,1621
2.1278,1612
2.1306,1610
2.1333,1605
2.1361,1611
2.1389,1603
2.1417,1615
2.1444,1614
2.1472,1610
2.1500,1613
2.1528,1609
2.1556,1613
2.1583,1621
2.1611,1618
2.1639,1614
2.1667,1615
2.1694,1617
2.1722,1627
2.1750,1626
2.1778,1628
2.1806,1630
2.1833,1627
2.1861,1632
2.1889,1631
2.1917,1640
2.1944,1635
2.1972,1637
2.2000,1636
2.2028,1634
2.2056,1638
2.2083,1637
2.2111,1637
2.2139,1649
2.2167,1658
2.2194,1660
2.2222,1669
2.2250,1659
2.2278,1668
2.2306,1658
2.2333,1671
2.2361,1678
2.2389,1672
2.2417,1661
2.2444,1662
2.2472,1661
2.2500,1655
2.2528,1665
2.2556,1658
2.2583,1662
2.2611,1664
2.2639,1662
2.2667,1660
2.2694,1664
2.2722,1655
2.2750,1651
2.2778,1659
2.2806,1654
2.2833,1658
2.2861,1658
2.2889,1652
2.2917,1655
2.2944,1644
2.2972,1648
2.3000,1651
2.3028,1652
2.3056,1648
2.3083,1645
2.3111,1640
2.3139,1636
2.3167,1638
2.3194,1642
2.3222,1644
2.3250,1645
2.3278,1642
2.3306,1640
2.3333,1637
2.3361,1629
2.3389,1627
2.3417,1639
2.3444,1647
2.3472,1659
2.3500,1655
2.3528,1667
2.3556,1674
2.3583,1672
2.3611,1674
2.3639,1666
2.3667,1667
2.3694,1670
2.3722,1669
2.3750,1690
2.3778,1688
2.3806,1694
2.3833,1702
2.3861,1697
2.3889,1700
2.3917,1705
2.3944,1717
2.3972,1731
2.4000,1742
2.4028,1751
2.4056,1757
2.4083,1787
2.4111,1791
2.4139,1802
2.4167,1810
2.4194,1812
2.4222,1834
2.4250,1843
2.4278,1856
2.4306,1856
2.4333,1865
2.4361,1880
2.4389,1903
2.4417,1901
2.4444,1895
2.4472,1867
2.4500,1823
2.4528,1801
2.4556,1771
2.4583,1748
2.4611,1727
2.4639,1716
2.4667,1697
2.4694,1691
2.4722,1683
2.4750,1682
2.4778,1671
2.4806,1661
2.4833,1647
2.4861,1643
2.4889,1623
2.4917,1633
2.4944,1628
2.4972,1621
2.5000,1622
2.5028,1616
2.5056,1611
2.5083,1616
2.5111,1622
2.5139,1622
2.5167,1623
2.5194,1624
2.5222,1611
2.5250,1583
2.5278,1558
2.5306,1520
2.5333,1492
2.5361,1508
2.5389,1590
2.5417,1716
2.5444,1850
2.5472,2046
2.5500,2242
2.5528,2424
2.5556,2582
2.5583,2727
2.5611,2834
2.5639,2962
2.5667,3028
2.5694,2947
2.5722,2714
2.5750,2398
2.5778,2069
2.5806,1789
2.5833,1585
2.5861,1488
2.5889,1477
2.5917,1493
2.5944,1545
2.5972,1574
2.6000,1595
2.6028,1592
2.6056,1577
2.6083,1567
2.6111,1573
2.6139,1573
2.6167,1574
2.6194,1574
2.6222,1568
2.6250,1554
2.6278,1550
2.6306,1555
2.6333,1567
2.6361,1574
2.6389,1582
2.6417,1577
2.6444,1572
2.6472,1564
2.6500,1558
2.6528,1571
2.6556,1573
2.6583,1573
2.6611,1578
2.6639,1578
2.6667,1565
2.6694,1574
2.6722,1583
2.6750,1591
2.6778,1603
2.6806,1602
2.6833,1609
2.6861,1592
2.6889,1593
2.6917,1607
2.6944,1621
2.6972,1644
2.7000,1642
2.7028,1638
2.7056,1634
2.7083,1629
2.7111,1631
2.7139,1648
2.7167,1671
2.7194,1675
2.7222,1682
2.7250,1690
2.7278,1693
2.7306,1699
2.7333,1703
2.7361,1712
2.7389,1718
2.7417,1716
2.7444,1723
2.7472,1725
2.7500,1730
2.7528,1741
2.7556,1751
2.7583,1762
2.7611,1775
2.7639,1774
2.7667,1778
2.7694,1777
2.7722,1900
2.7750,1901
2.7778,1895
2.7806,1882
2.7833,1874
2.7861,1859
2.7889,1839
2.7917,1820
2.7944,1814
2.7972,1801
2.8000,1802
2.8028,1793
2.8056,1776
2.8083,1748
2.8111,1741
2.8139,1736
2.8167,1727
2.8194,1723
2.8222,1722
2.8250,1707
2.8278,1703
2.8306,1693
2.8333,1698
2.8361,1696
2.8389,1691
2.8417,1697
2.8444,1699
2.8472,1691
2.8500,1685
2.8528,1678
2.8556,1677
2.8583,1682
2.8611,1681
2.8639,1681
2.8667,1681
2.8694,1682
2.8722,1677
2.8750,1681
2.8778,1692
2.8806,1702
2.8833,1704
2.8861,1706
2.8889,1702
2.8917,1692
2.8944,1696
2.8972,1695
2.9000,1698
2.9028,1697
2.9056,1705
2.9083,1708
2.9111,1714
2.9139,1720
2.9167,1722
2.9194,1726
2.9222,1730
2.9250,1724
2.9278,1718
2.9306,1711
2.9333,1726
2.9361,1714
2.9389,1716
2.9417,1729
2.9444,1734
2.9472,1724
2.9500,1733
2.9528,1726
2.9556,1737
2.9583,1740
2.9611,1743
2.9639,1739
2.9667,1731
2.9694,1717
2.9722,1707
2.9750,1714
2.9778,1714
2.9806,1717
2.9833,1730
2.9861,1725
2.9889,1721
2.9917,1727
2.9944,1726
2.9972,1722
3.0000,1725
3.0028,1713
3.0056,1714
3.0083,1714
3.0111,1715
3.0139,1705
3.0167,1712
3.0194,1721
3.0222,1727
3.0250,1720
3.0278,1714
3.0306,1707
3.0333,1709
3.0361,1711
3.0389,1708
3.0417,1698
3.0444,1696
3.0472,1692
3.0500,1686
3.0528,1690
3.0556,1693
3.0583,1694
3.0611,1700
3.0639,1704
3.0667,1695
3.0694,1699
3.0722,1705
3.0750,1705
3.0778,1708
3.0806,1698
3.0833,1696
3.0861,1701
3.0889,1707
3.0917,1701
3.0944,1712
3.0972,1712
3.1000,1710
3.1028,1719
3.1056,1721
3.1083,1731
3.1111,1740
3.1139,1753
3.1167,1778
3.1194,1798
3.1222,1803
3.1250,1826
3.1278,1846
3.1306,1856
3.1333,1848
3.1361,1858
3.1389,1871
3.1417,1886
3.1444,1891
3.1472,1893
3.1500,1905
3.1528,1915
3.1556,1943
3.1583,1937
3.1611,1940
3.1639,1921
3.1667,1881
3.1694,1853
3.1722,1826
3.1750,1807
3.1778,1785
3.1806,1758
3.1833,1724
3.1861,1708
3.1889,1686
3.1917,1676
3.1944,1670
3.1972,1671
3.2000,1667
3.2028,1671
3.2056,1654
3.2083,1650
3.2111,1643
3.2139,1634
3.2167,1638
3.2194,1632
3.2222,1628
3.2250,1631
3.2278,1637
3.2306,1634
3.2333,1636
3.2361,1634
3.2389,1632
3.2417,1614
3.2444,1594
3.2472,1560
3.2500,1517
3.2528,1486
3.2556,1519
3.2583,1609
3.2611,1759
3.2639,1923
3.2667,2127
3.2694,2339
3.2722,2534
3.2750,2698
3.2778,2823
3.2806,2918
3.2833,3029
3.2861,3080
3.2889,2955
3.2917,2685
3.2944,2338
3.2972,2004
3.3000,1727
3.3028,1557
3.3056,1486
3.3083,1493
3.3111,1531
3.3139,1582
3.3167,1616
3.3194,1619
3.3222,1619
3.3250,1605
3.3278,1587
3.3306,1586
3.3333,1579
3.3361,1582
3.3389,1579
3.3417,1573
3.3444,1567
3.3472,1563
3.3500,1560
3.3528,1576
3.3556,1584
3.3583,1583
3.3611,1588
3.3639,1594
3.3667,1583
3.3694,1587
3.3722,1589
3.3750,1595
3.3778,1603
3.3806,1610
3.3833,1599
3.3861,1592
3.3889,1593
3.3917,1605
3.3944,1610
3.3972,1623
3.4000,1626
3.4028,1630
3.4056,1623
3.4083,1626
3.4111,1636
3.4139,1632
3.4167,1654
3.4194,1658
3.4222,1650
3.4250,1652
3.4278,1649
3.4306,1659
3.4333,1674
3.4361,1683
3.4389,1680
3.4417,1691
3.4444,1689
3.4472,1680
3.4500,1682
3.4528,1685
3.4556,1685
3.4583,1708
3.4611,1712
3.4639,1712
3.4667,1712
3.4694,1712
3.4722,1721
3.4750,1745
3.4778,1759
3.4806,1765
3.4833,1775
3.4861,1779
3.4889,1786
3.4917,1855
3.4944,1862
3.4972,1863
3.5000,1852
3.5028,1830
3.5056,1821
3.5083,1801
3.5111,1775
3.5139,1754
3.5167,1747
3.5194,1745
3.5222,1735
3.5250,1711
3.5278,1693
3.5306,1677
3.5333,1661
3.5361,1657
3.5389,1654
3.5417,1650
3.5444,1631
3.5472,1621
3.5500,1617
3.5528,1605
3.5556,1608
3.5583,1609
3.5611,1616
3.5639,1613
3.5667,1614
3.5694,1607
3.5722,1601
3.5750,1598
3.5778,1613
3.5806,1598
3.5833,1605
3.5861,1599
3.5889,1602
3.5917,1602
3.5944,1604
3.5972,1608
3.6000,1603
3.6028,1602
3.6056,1596
3.6083,1589
3.6111,1589
3.6139,1600
3.6167,1602
3.6194,1602
3.6222,1605
3.6250,1604
3.6278,1609
3.6306,1616
3.6333,1617
3.6361,1627
3.6389,1629
3.6417,1637
3.6444,1632
3.6472,1626
3.6500,1636
3.6528,1639
3.6556,1642
3.6583,1652
3.6611,1643
3.6639,1645
3.6667,1647
3.6694,1644
3.6722,1640
3.6750,1648
3.6778,1641
3.6806,1643
3.6833,1645
3.6861,1645
3.6889,1642
3.6917,1641
3.6944,1643
3.6972,1644
3.7000,1643
3.7028,1643
3.7056,1638
3.7083,1626
3.7111,1624
3.7139,1628
3.7167,1628
3.7194,1633
3.7222,1635
3.7250,1630
3.7278,1630
3.7306,1626
3.7333,1617
3.7361,1617
3.7389,1618
3.7417,1622
3.7444,1623
3.7472,1611
3.7500,1609
3.7528,1613
3.7556,1617
3.7583,1619
3.7611,1620
3.7639,1615
3.7667,1611
3.7694,1609
3.7722,1609
3.7750,1611
3.7778,1614
3.7806,1611
3.7833,1619
3.7861,1620
3.7889,1610
3.7917,1620
3.7944,1629
3.7972,1630
3.8000,1632
3.8028,1625
3.8056,1623
3.8083,1621
3.8111,1618
3.8139,1618
3.8167,1623
3.8194,1633
3.8222,1637
3.8250,1628
3.8278,1634
3.8306,1631
3.8333,1639
3.8361,1644
3.8389,1648
3.8417,1649
3.8444,1638
3.8472,1639
3.8500,1634
3.8528,1647
3.8556,1646
3.8583,1645
3.8611,1653
3.8639,1665
3.8667,1663
3.8694,1675
3.8722,1694
3.8750,1715
3.8778,1732
3.8806,1745
3.8833,1760
3.8861,1770
3.8889,1782
3.8917,1796
3.8944,1796
3.8972,1806
3.9000,1810
3.9028,1827
3.9056,1831
3.9083,1837
3.9111,1841
3.9139,1859
3.9167,1880
3.9194,1892
3.9222,1883
3.9250,1862
3.9278,1832
3.9306,1804
3.9333,1780
3.9361,1760
3.9389,1743
3.9417,1710
3.9444,1679
3.9472,1653
3.9500,1640
3.9528,1632
3.9556,1620
3.9583,1621
3.9611,1623
3.9639,1615
3.9667,1611
3.9694,1609
3.9722,1591
3.9750,1592
3.9778,1592
3.9806,1590
3.9833,1587
3.9861,1595
3.9889,1589
3.9917,1606
3.9944,1609
3.9972,1616
4.0000,1612
4.0028,1587
4.0056,1560
4.0083,1523
4.0111,1489
4.0139,1451
4.0167,1464
4.0194,1550
4.0222,1698
4.0250,1850
4.0278,2048
4.0306,2264
4.0333,2456
4.0361,2622
4.0389,2742
4.0417,2825
4.0444,2938
4.0472,3018
4.0500,2968
4.0528,2732
4.0556,2409
4.0583,2071
4.0611,1777
4.0639,1580
4.0667,1493
4.0694,1500
4.0722,1535
4.0750,1582
4.0778,1609
4.0806,1625
4.0833,1616
4.0861,1589
4.0889,1565
4.0917,1551
4.0944,1548
4.0972,1556
4.1000,1565
4.1028,1570
4.1056,1551
4.1083,1545
4.1111,1537
4.1139,1543
4.1167,1547
4.1194,1559
4.1222,1562
4.1250,1559
4.1278,1560
4.1306,1557
4.1333,1555
4.1361,1572
4.1389,1579
4.1417,1585
4.1444,1581
4.1472,1577
4.1500,1577
4.1528,1578
4.1556,1589
4.1583,1594
4.1611,1603
4.1639,1613
4.1667,1609
4.1694,1600
4.1722,1604
4.1750,1615
4.1778,1629
4.1806,1641
4.1833,1644
4.1861,1641
4.1889,1640
4.1917,1635
4.1944,1651
4.1972,1658
4.2000,1677
4.2028,1677
4.2056,1679
4.2083,1667
4.2111,1668
4.2139,1671
4.2167,1676
4.2194,1692
4.2222,1697
4.2250,1709
4.2278,1703
4.2306,1709
4.2333,1717
4.2361,1730
4.2389,1739
4.2417,1749
4.2444,1757
4.2472,1763
4.2500,1768
4.2528,1870
4.2556,1871
4.2583,1870
4.2611,1853
4.2639,1836
4.2667,1813
4.2694,1790
4.2722,1773
4.2750,1761
4.2778,1751
4.2806,1742
4.2833,1728
4.2861,1713
4.2889,1698
4.2917,1686
4.2944,1671
4.2972,1671
4.3000,1661
4.3028,1652
4.3056,1640
4.3083,1633
4.3111,1634
4.3139,1629
4.3167,1630
4.3194,1640
4.3222,1637
4.3250,1634
4.3278,1629
4.3306,1625
4.3333,1615
4.3361,1622
4.3389,1626
4.3417,1625
4.3444,1631
4.3472,1619
4.3500,1622
4.3528,1622
4.3556,1630
4.3583,1631
4.3611,1631
4.3639,1630
4.3667,1632
4.3694,1619
4.3722,1623
4.3750,1625
4.3778,1632
4.3806,1648
4.3833,1647
4.3861,1643
4.3889,1645
4.3917,1644
4.3944,1646
4.3972,1645
4.4000,1654
4.4028,1654
4.4056,1661
4.4083,1659
4.4111,1665
4.4139,1655
4.4167,1659
4.4194,1662
4.4222,1664
4.4250,1671
4.4278,1668
4.4306,1667
4.4333,1672
4.4361,1677
4.4389,1679
4.4417,1687
4.4444,1683
4.4472,1676
4.4500,1676
4.4528,1660
4.4556,1674
4.4583,1672
4.4611,1678
4.4639,1674
4.4667,1670
4.4694,1666
4.4722,1656
4.4750,1662
4.4778,1665
4.4806,1662
4.4833,1657
4.4861,1664
4.4889,1653
4.4917,1650
4.4944,1647
4.4972,1646
4.5000,1647
4.5028,1640
4.5056,1644
4.5083,1646
4.5111,1637
4.5139,1633
4.5167,1638
4.5194,1643
4.5222,1640
4.5250,1640
4.5278,1633
4.5306,1631
4.5333,1629
4.5361,1640
4.5389,1638
4.5417,1641
4.5444,1641
4.5472,1638
4.5500,1633
4.5528,1641
4.5556,1640
4.5583,1640
4.5611,1646
4.5639,1647
4.5667,1645
4.5694,1650
4.5722,1646
4.5750,1643
4.5778,1651
4.5806,1651
4.5833,1651
4.5861,1642
4.5889,1637
4.5917,1639
4.5944,1640
4.5972,1644
4.6000,1648
4.6028,1647
4.6056,1647
4.6083,1647
4.6111,1644
4.6139,1647
4.6167,1643
4.6194,1640
4.6222,1647
4.6250,1639
4.6278,1646
4.6306,1647
4.6333,1653
4.6361,1658
4.6389,1660
4.6417,1660
4.6444,1663
4.6472,1666
4.6500,1660
4.6528,1663
4.6556,1662
4.6583,1672
4.6611,1675
4.6639,1684
4.6667,1689
4.6694,1700
4.6722,1706
4.6750,1732
4.6778,1754
4.6806,1763
4.6833,1783
4.6861,1802
4.6889,1814
4.6917,1815
4.6944,1816
4.6972,1834
4.7000,1838
4.7028,1845
4.7056,1851
4.7083,1856
4.7111,1880
4.7139,1906
4.7167,1917
4.7194,1917
4.7222,1896
4.7250,1873
4.7278,1828
4.7306,1797
4.7333,1776
4.7361,1746
4.7389,1731
4.7417,1704
4.7444,1688
4.7472,1664
4.7500,1662
4.7528,1663
4.7556,1655
4.7583,1658
4.7611,1651
4.7639,1646
4.7667,1628
4.7694,1623
4.7722,1622
4.7750,1623
4.7778,1617
4.7806,1625
4.7833,1635
4.7861,1636
4.7889,1636
4.7917,1635
4.7944,1633
4.7972,1625
4.8000,1621
4.8028,1602
4.8056,1573
4.8083,1541
4.8111,1499
4.8139,1501
4.8167,1574
4.8194,1704
4.8222,1865
4.8250,2061
4.8278,2274
4.8306,2470
4.8333,2631
4.8361,2759
4.8389,2845
4.8417,2960
4.8444,3063
4.8472,3036
4.8500,2802
4.8528,2475
4.8556,2138
4.8583,1845
4.8611,1626
4.8639,1533
4.8667,1521
4.8694,1569
4.8722,1617
4.8750,1652
4.8778,1663
4.8806,1651
4.8833,1623
4.8861,1600
4.8889,1585
4.8917,1579
4.8944,1588
4.8972,1598
4.9000,1602
4.9028,1597
4.9056,1591
4.9083,1584
4.9111,1578
4.9139,1591
4.9167,1597
4.9194,1606
4.9222,1603
4.9250,1594
4.9278,1592
4.9306,1603
4.9333,1605
4.9361,1607
4.9389,1611
4.9417,1610
4.9444,1611
4.9472,1614
4.9500,1608
4.9528,1625
4.9556,1635
4.9583,1639
4.9611,1647
4.9639,1640
4.9667,1635
4.9694,1636
4.9722,1632
4.9750,1650
4.9778,1656
4.9806,1662
4.9833,1661
4.9861,1659
4.9889,1661
4.9917,1674
4.9944,1685
4.9972,1697
5.0000,1694
5.0028,1703
5.0056,1701
5.0083,1701
5.0111,1704
5.0139,1715
5.0167,1722
5.0194,1727
5.0222,1724
5.0250,1719
5.0278,1714
5.0306,1720
5.0333,1734
5.0361,1749
5.0389,1767
5.0417,1772
5.0444,1775
5.0472,1779
5.0500,1874
5.0528,1873
5.0556,1870
5.0583,1871
5.0611,1870
5.0639,1846
5.0667,1815
5.0694,1794
5.0722,1792
5.0750,1769
5.0778,1758
5.0806,1743
5.0833,1720
5.0861,1715
5.0889,1697
5.0917,1685
5.0944,1688
5.0972,1691
5.1000,1681
5.1028,1674
5.1056,1652
5.1083,1644
5.1111,1646
5.1139,1648
5.1167,1653
5.1194,1642
5.1222,1642
5.1250,1637
5.1278,1638
5.1306,1622
5.1333,1634
5.1361,1634
5.1389,1637
5.1417,1637
5.1444,1630
5.1472,1626
5.1500,1631
5.1528,1637
5.1556,1646
5.1583,1649
5.1611,1649
5.1639,1646
5.1667,1645
5.1694,1637
5.1722,1639
5.1750,1651
5.1778,1664
5.1806,1669
5.1833,1671
5.1861,1669
5.1889,1668
5.1917,1660
5.1944,1674
5.1972,1674
5.2000,1677
5.2028,1672
5.2056,1680
5.2083,1686
5.2111,1691
5.2139,1697
5.2167,1701
5.2194,1707
5.2222,1709
5.2250,1699
5.2278,1695
5.2306,1684
5.2333,1688
5.2361,1696
5.2389,1689
5.2417,1695
5.2444,1696
5.2472,1696
5.2500,1691
5.2528,1695
5.2556,1692
5.2583,1690
5.2611,1685
5.2639,1687
5.2667,1668
5.2694,1658
5.2722,1657
5.2750,1655
5.2778,1650
5.2806,1647
5.2833,1642
5.2861,1645
5.2889,1636
5.2917,1644
5.2944,1649
5.2972,1646
5.3000,1642
5.3028,1643
5.3056,1633
5.3083,1644
5.3111,1638
5.3139,1645
5.3167,1640
5.3194,1649
5.3222,1632
5.3250,1631
5.3278,1635
5.3306,1633
5.3333,1639
5.3361,1636
5.3389,1639
5.3417,1634
5.3444,1641
5.3472,1631
5.3500,1624
5.3528,1624
5.3556,1633
5.3583,1627
5.3611,1639
5.3639,1634
5.3667,1649
5.3694,1632
5.3722,1629
5.3750,1636
5.3778,1638
5.3806,1640
5.3833,1645
5.3861,1646
5.3889,1646
5.3917,1651
5.3944,1642
5.3972,1642
5.4000,1635
5.4028,1646
5.4056,1642
5.4083,1640
5.4111,1652
5.4139,1656
5.4167,1660
5.4194,1666
5.4222,1656
5.4250,1659
5.4278,1652
5.4306,1660
5.4333,1653
5.4361,1656
5.4389,1663
5.4417,1661
5.4444,1659
5.4472,1669
5.4500,1670
5.4528,1671
5.4556,1668
5.4583,1668
5.4611,1674
5.4639,1670
5.4667,1677
5.4694,1676
5.4722,1674
5.4750,1677
5.4778,1677
5.4806,1673
5.4833,1672
5.4861,1672
5.4889,1680
5.4917,1693
5.4944,1722
5.4972,1744
5.5000,1770
5.5028,1783
5.5056,1799
5.5083,1812
5.5111,1813
5.5139,1803
5.5167,1811
5.5194,1818
5.5222,1831
5.5250,1835
5.5278,1855
5.5306,1876
5.5333,1892
5.5361,1923
5.5389,1915
5.5417,1905
5.5444,1861
5.5472,1830
5.5500,1796
5.5528,1769
5.5556,1751
5.5583,1733
5.5611,1703
5.5639,1685
5.5667,1668
5.5694,1664
5.5722,1656
5.5750,1652
5.5778,1650
5.5806,1641
5.5833,1637
5.5861,1635
5.5889,1624
5.5917,1632
5.5944,1629
5.5972,1625
5.6000,1628
5.6028,1628
5.6056,1627
5.6083,1632
5.6111,1627
5.6139,1627
5.6167,1628
5.6194,1619
5.6222,1594
5.6250,1560
5.6278,1514
5.6306,1489
5.6333,1521
5.6361,1617
5.6389,1756
5.6417,1924
5.6444,2117
5.6472,2336
5.6500,2525
5.6528,2671
5.6556,2796
5.6583,2905
5.6611,3029
5.6639,3089
5.6667,2984
5.6694,2735
5.6722,2390
5.6750,2062
5.6778,1777
5.6806,1592
5.6833,1527
5.6861,1531
5.6889,1566
5.6917,1606
5.6944,1629
5.6972,1639
5.7000,1630
5.7028,1613
5.7056,1589
5.7083,1589
5.7111,1594
5.7139,1592
5.7167,1604
5.7194,1596
5.7222,1599
5.7250,1588
5.7278,1578
5.7306,1583
5.7333,1591
5.7361,1595
5.7389,1601
5.7417,1596
5.7444,1594
5.7472,1604
5.7500,1600
5.7528,1618
5.7556,1620
5.7583,1626
5.7611,1616
5.7639,1612
5.7667,1611
5.7694,1617
5.7722,1631
5.7750,1643
5.7778,1648
5.7806,1641
5.7833,1639
5.7861,1630
5.7889,1639
5.7917,1647
5.7944,1657
5.7972,1663
5.8000,1656
5.8028,1649
5.8056,1642
5.8083,1648
5.8111,1656
5.8139,1667
5.8167,1686
5.8194,1693
5.8222,1690
5.8250,1695
5.8278,1703
5.8306,1716
5.8333,1723
5.8361,1738
5.8389,1735
5.8417,1735
5.8444,1730
5.8472,1731
5.8500,1734
5.8528,1743
5.8556,1757
5.8583,1766
5.8611,1767
5.8639,1772
5.8667,1775
5.8694,1877
5.8722,1884
5.8750,1874
5.8778,1871
5.8806,1858
5.8833,1840
5.8861,1822
5.8889,1804
5.8917,1787
5.8944,1776
5.8972,1755
5.9000,1742
5.9028,1730
5.9056,1723
5.9083,1696
5.9111,1704
5.9139,1685
5.9167,1691
5.9194,1673
5.9222,1654
5.9250,1644
5.9278,1640
5.9306,1636
5.9333,1647
5.9361,1653
5.9389,1649
5.9417,1647
5.9444,1635
5.9472,1630
5.9500,1629
5.9528,1634
5.9556,1639
5.9583,1643
5.9611,1650
5.9639,1638
5.9667,1636
5.9694,1636
5.9722,1634
5.9750,1643
5.9778,1651
5.9806,1654
5.9833,1652
5.9861,1655
5.9889,1657
5.9917,1648
5.9944,1657
5.9972,1659
6.0000,1671
6.0028,1660
6.0056,1653
6.0083,1663
6.0111,1656
6.0139,1669
6.0167,1671
6.0194,1673
6.0222,1687
6.0250,1685
6.0278,1695
6.0306,1696
6.0333,1707
6.0361,1703
6.0389,1703
6.0417,1697
6.0444,1697
6.0472,1695
6.0500,1697
6.0528,1701
6.0556,1704
6.0583,1710
6.0611,1703
6.0639,1711
6.0667,1712
6.0694,1707
6.0722,1700
6.0750,1708
6.0778,1708
6.0806,1704
6.0833,1703
6.0861,1692
6.0889,1692
6.0917,1680
6.0944,1690
6.0972,1676
6.1000,1673
6.1028,1682
6.1056,1676
6.1083,1680
6.1111,1672
6.1139,1686
6.1167,1683
6.1194,1693
6.1222,1703
6.1250,1683
6.1278,1690
6.1306,1682
6.1333,1677
6.1361,1683
6.1389,1686
6.1417,1683
6.1444,1682
6.1472,1681
6.1500,1689
6.1528,1692
6.1556,1681
6.1583,1683
6.1611,1674
6.1639,1661
6.1667,1658
6.1694,1660
6.1722,1673
6.1750,1675
6.1778,1680
6.1806,1684
6.1833,1681
6.1861,1684
6.1889,1680
6.1917,1680
6.1944,1692
6.1972,1682
6.2000,1680
6.2028,1682
6.2056,1676
6.2083,1679
6.2111,1688
6.2139,1684
6.2167,1689
6.2194,1684
6.2222,1688
6.2250,1688
6.2278,1687
6.2306,1692
6.2333,1698
6.2361,1698
6.2389,1695
6.2417,1700
6.2444,1698
6.2472,1692
6.2500,1691
6.2528,1695
6.2556,1693
6.2583,1710
6.2611,1701
6.2639,1702
6.2667,1704
6.2694,1703
6.2722,1719
6.2750,1714
6.2778,1720
6.2806,1715
6.2833,1718
6.2861,1717
6.2889,1732
6.2917,1742
6.2944,1747
6.2972,1764
6.3000,1785
6.3028,1782
6.3056,1791
6.3083,1803
6.3111,1822
6.3139,1827
6.3167,1832
6.3194,1847
6.3222,1862
6.3250,1863
6.3278,1875
6.3306,1885
6.3333,1902
6.3361,1924
6.3389,1939
6.3417,1947
6.3444,1926
6.3472,1892
6.3500,1873
6.3528,1836
6.3556,1797
6.3583,1763
6.3611,1739
6.3639,1727
6.3667,1730
6.3694,1719
6.3722,1710
6.3750,1693
6.3778,1694
6.3806,1679
6.3833,1670
6.3861,1657
6.3889,1642
6.3917,1648
6.3944,1652
6.3972,1646
6.4000,1652
6.4028,1649
6.4056,1649
6.4083,1652
6.4111,1665
6.4139,1667
6.4167,1662
6.4194,1656
6.4222,1630
6.4250,1590
6.4278,1556
6.4306,1535
6.4333,1557
6.4361,1634
6.4389,1767
6.4417,1911
6.4444,2078
6.4472,2273
6.4500,2463
6.4528,2616
6.4556,2762
6.4583,2884
6.4611,3006
6.4639,3110
6.4667,3048
6.4694,2809
6.4722,2505
6.4750,2159
6.4778,1873
6.4806,1663
6.4833,1545
6.4861,1520
6.4889,1530
6.4917,1577
6.4944,1615
6.4972,1643
6.5000,1645
6.5028,1638
6.5056,1624
6.5083,1620
6.5111,1616
6.5139,1618
6.5167,1630
6.5194,1622
6.5222,1614
6.5250,1608
6.5278,1602
6.5306,1602
6.5333,1607
6.5361,1619
6.5389,1626
6.5417,1614
6.5444,1626
6.5472,1621
6.5500,1626
6.5528,1641
6.5556,1650
6.5583,1647
6.5611,1641
6.5639,1634
6.5667,1640
6.5694,1651
6.5722,1669
6.5750,1685
6.5778,1691
6.5806,1690
6.5833,1678
6.5861,1667
6.5889,1675
6.5917,1681
6.5944,1693
6.5972,1701
6.6000,1710
6.6028,1711
6.6056,1709
6.6083,1704
6.6111,1714
6.6139,1718
6.6167,1718
6.6194,1705
6.6222,1708
6.6250,1718
6.6278,1723
6.6306,1730
6.6333,1750
6.6361,1745
6.6389,1754
6.6417,1759
6.6444,1759
6.6472,1777
6.6500,1790
6.6528,1799
6.6556,1805
6.6583,1809
6.6611,1813
6.6639,1808
6.6667,1821
6.6694,1902
6.6722,1914
6.6750,1906
6.6778,1907
6.6806,1894
6.6833,1870
6.6861,1845
6.6889,1834
6.6917,1817
6.6944,1808
6.6972,1797
6.7000,1784
6.7028,1765
6.7056,1742
6.7083,1723
6.7111,1710
6.7139,1705
6.7167,1700
6.7194,1684
6.7222,1682
6.7250,1672
6.7278,1672
6.7306,1663
6.7333,1662
6.7361,1659
6.7389,1661
6.7417,1660
6.7444,1657
6.7472,1650
6.7500,1649
6.7528,1646
6.7556,1644
6.7583,1650
6.7611,1650
6.7639,1645
6.7667,1651
6.7694,1654
6.7722,1663
6.7750,1674
6.7778,1672
6.7806,1674
6.7833,1672
6.7861,1668
6.7889,1661
6.7917,1671
6.7944,1671
6.7972,1681
6.8000,1685
6.8028,1687
6.8056,1676
6.8083,1675
6.8111,1679
6.8139,1686
6.8167,1698
6.8194,1699
6.8222,1701
6.8250,1699
6.8278,1694
6.8306,1701
6.8333,1708
6.8361,1712
6.8389,1708
6.8417,1705
6.8444,1701
6.8472,1696
6.8500,1701
6.8528,1694
6.8556,1702
6.8583,1701
6.8611,1696
6.8639,1703
6.8667,1689
6.8694,1693
6.8722,1691
6.8750,1690
6.8778,1694
6.8806,1695
6.8833,1681
6.8861,1669
6.8889,1674
6.8917,1671
6.8944,1675
6.8972,1674
6.9000,1670
6.9028,1670
6.9056,1662
6.9083,1657
6.9111,1661
6.9139,1664
6.9167,1660
6.9194,1658
6.9222,1659
6.9250,1657
6.9278,1652
6.9306,1654
6.9333,1647
6.9361,1657
6.9389,1665
6.9417,1659
6.9444,1661
6.9472,1656
6.9500,1648
6.9528,1656
6.9556,1650
6.9583,1658
6.9611,1656
6.9639,1662
6.9667,1662
6.9694,1662
6.9722,1655
6.9750,1657
6.9778,1663
6.9806,1670
6.9833,1673
6.9861,1665
6.9889,1666
6.9917,1662
6.9944,1668
6.9972,1669
7.0000,1672
7.0028,1675
7.0056,1671
7.0083,1669
7.0111,1668
7.0139,1660
7.0167,1660
7.0194,1672
7.0222,1664
7.0250,1660
7.0278,1662
7.0306,1668
7.0333,1668
7.0361,1675
7.0389,1679
7.0417,1674
7.0444,1679
7.0472,1669
7.0500,1662
7.0528,1663
7.0556,1664
7.0583,1671
7.0611,1675
7.0639,1678
7.0667,1681
7.0694,1676
7.0722,1678
7.0750,1686
7.0778,1687
7.0806,1689
7.0833,1696
7.0861,1703
7.0889,1720
7.0917,1732
7.0944,1750
7.0972,1771
7.1000,1790
7.1028,1803
7.1056,1803
7.1083,1804
7.1111,1803
7.1139,1818
7.1167,1820
7.1194,1834
7.1222,1843
7.1250,1859
7.1278,1877
7.1306,1896
7.1333,1893
7.1361,1873
7.1389,1844
7.1417,1814
7.1444,1778
7.1472,1760
7.1500,1732
7.1528,1715
7.1556,1702
7.1583,1690
7.1611,1681
7.1639,1669
7.1667,1653
7.1694,1638
7.1722,1634
7.1750,1626
7.1778,1618
7.1806,1609
7.1833,1608
7.1861,1597
7.1889,1603
7.1917,1602
7.1944,1609
7.1972,1610
7.2000,1630
7.2028,1624
7.2056,1634
7.2083,1634
7.2111,1610
7.2139,1587
7.2167,1554
7.2194,1518
7.2222,1480
7.2250,1469
7.2278,1531
7.2306,1648
7.2333,1808
7.2361,1999
7.2389,2211
7.2417,2422
7.2444,2597
7.2472,2740
7.2500,2847
7.2528,2941
7.2556,3035
7.2583,3012
7.2611,2827
7.2639,2501
7.2667,2153
7.2694,1836
7.2722,1593
7.2750,1472
7.2778,1456
7.2806,1497
7.2833,1565
7.2861,1601
7.2889,1629
7.2917,1624
7.2944,1608
7.2972,1584
7.3000,1572
7.3028,1566
7.3056,1569
7.3083,1576
7.3111,1580
7.3139,1573
7.3167,1562
7.3194,1556
7.3222,1560
7.3250,1566
7.3278,1575
7.3306,1574
7.3333,1575
7.3361,1571
7.3389,1568
7.3417,1575
7.3444,1585
7.3472,1590
7.3500,1599
7.3528,1602
7.3556,1595
7.3583,1592
7.3611,1591
7.3639,1600
7.3667,1610
7.3694,1622
7.3722,1631
7.3750,1626
7.3778,1625
7.3806,1630
7.3833,1634
7.3861,1646
7.3889,1653
7.3917,1659
7.3944,1662
7.3972,1658
7.4000,1644
7.4028,1649
7.4056,1661
7.4083,1668
7.4111,1676
7.4139,1669
7.4167,1675
7.4194,1683
7.4222,1684
7.4250,1702
7.4278,1717
7.4306,1728
7.4333,1724
7.4361,1727
7.4389,1732
7.4417,1733
7.4444,1743
7.4472,1757
7.4500,1764
7.4528,1773
7.4556,1776
7.4583,1790
7.4611,1792
7.4639,1857
7.4667,1863
7.4694,1849
7.4722,1841
7.4750,1820
7.4778,1803
7.4806,1783
7.4833,1764
7.4861,1750
7.4889,1742
7.4917,1732
7.4944,1707
7.4972,1685
7.5000,1661
7.5028,1649
7.5056,1636
7.5083,1634
7.5111,1631
7.5139,1619
7.5167,1609
7.5194,1597
7.5222,1594
7.5250,1582
7.5278,1593
7.5306,1589
7.5333,1586
7.5361,1585
7.5389,1579
7.5417,1573
7.5444,1573
7.5472,1577
7.5500,1578
7.5528,1576
7.5556,1587
7.5583,1581
7.5611,1579
7.5639,1577
7.5667,1574
7.5694,1573
7.5722,1576
7.5750,1570
7.5778,1565
7.5806,1560
7.5833,1570
7.5861,1575
7.5889,1580
7.5917,1582
7.5944,1582
7.5972,1587
7.6000,1590
7.6028,1589
7.6056,1597
7.6083,1601
7.6111,1602
7.6139,1607
7.6167,1599
7.6194,1600
7.6222,1610
7.6250,1620
7.6278,1623
7.6306,1637
7.6333,1639
7.6361,1641
7.6389,1626
7.6417,1624
7.6444,1628
7.6472,1632
7.6500,1623
7.6528,1639
7.6556,1646
7.6583,1636
7.6611,1642
7.6639,1647
7.6667,1647
7.6694,1642
7.6722,1649
7.6750,1640
7.6778,1642
7.6806,1630
7.6833,1628
7.6861,1633
7.6889,1637
7.6917,1630
7.6944,1635
7.6972,1626
7.7000,1624
7.7028,1625
7.7056,1628
7.7083,1625
7.7111,1627
7.7139,1624
7.7167,1616
7.7194,1619
7.7222,1620
7.7250,1629
7.7278,1623
7.7306,1636
7.7333,1635
7.7361,1629
7.7389,1625
7.7417,1624
7.7444,1619
7.7472,1621
7.7500,1624
7.7528,1620
7.7556,1629
7.7583,1628
7.7611,1617
7.7639,1622
7.7667,1619
7.7694,1622
7.7722,1619
7.7750,1630
7.7778,1619
7.7806,1622
7.7833,1620
7.7861,1628
7.7889,1632
7.7917,1638
7.7944,1622
7.7972,1619
7.8000,1617
7.8028,1620
7.8056,1624
7.8083,1624
7.8111,1626
7.8139,1631
7.8167,1627
7.8194,1621
7.8222,1627
7.8250,1624
7.8278,1631
7.8306,1632
7.8333,1636
7.8361,1624
7.8389,1633
7.8417,1635
7.8444,1640
7.8472,1647
7.8500,1644
7.8528,1647
7.8556,1632
7.8583,1639
7.8611,1636
7.8639,1643
7.8667,1647
7.8694,1644
7.8722,1661
7.8750,1661
7.8778,1671
7.8806,1683
7.8833,1698
7.8861,1717
7.8889,1729
7.8917,1754
7.8944,1779
7.8972,1799
7.9000,1805
7.9028,1801
7.9056,1795
7.9083,1795
7.9111,1807
7.9139,1815
7.9167,1827
7.9194,1844
7.9222,1860
7.9250,1880
7.9278,1892
7.9306,1891
7.9333,1863
7.9361,1826
7.9389,1785
7.9417,1764
7.9444,1738
7.9472,1720
7.9500,1699
7.9528,1674
7.9556,1653
7.9583,1657
7.9611,1650
7.9639,1639
7.9667,1624
7.9694,1615
7.9722,1612
7.9750,1605
7.9778,1608
7.9806,1607
7.9833,1598
7.9861,1599
7.9889,1595
7.9917,1595
7.9944,1602
7.9972,1603
8.0000,1611
8.0028,1615
8.0056,1610
8.0083,1600
8.0111,1578
8.0139,1539
8.0167,1506
8.0194,1465
8.0222,1456
8.0250,1514
8.0278,1654
8.0306,1816
8.0333,1995
8.0361,2217
8.0389,2422
8.0417,2594
8.0444,2731
8.0472,2825
8.0500,2926
8.0528,3031
8.0556,3006
8.0583,2803
8.0611,2474
8.0639,2139
8.0667,1837
8.0694,1608
8.0722,1498
8.0750,1493
8.0778,1528
8.0806,1575
8.0833,1611
8.0861,1626
8.0889,1624
8.0917,1605
8.0944,1586
8.0972,1572
8.1000,1569
8.1028,1578
8.1056,1580
8.1083,1571
8.1111,1569
8.1139,1556
8.1167,1548
8.1194,1549
8.1222,1564
8.1250,1582
8.1278,1590
8.1306,1594
8.1333,1583
8.1361,1574
8.1389,1575
8.1417,1590
8.1444,1594
8.1472,1606
8.1500,1607
8.1528,1596
8.1556,1596
8.1583,1596
8.1611,1604
8.1639,1624
8.1667,1634
8.1694,1631
8.1722,1630
8.1750,1632
8.1778,1638
8.1806,1636
8.1833,1647
8.1861,1647
8.1889,1656
8.1917,1653
8.1944,1648
8.1972,1667
8.2000,1671
8.2028,1686
8.2056,1693
8.2083,1693
8.2111,1701
8.2139,1686
8.2167,1691
8.2194,1705
8.2222,1710
8.2250,1732
8.2278,1735
8.2306,1737
8.2333,1747
8.2361,1738
8.2389,1734
8.2417,1755
8.2444,1771
8.2472,1781
8.2500,1792
8.2528,1791
8.2556,1796
8.2583,1805
8.2611,1897
8.2639,1905
8.2667,1887
8.2694,1877
8.2722,1867
8.2750,1852
8.2778,1824
8.2806,1801
8.2833,1780
8.2861,1765
8.2889,1746
8.2917,1734
8.2944,1712
8.2972,1695
8.3000,1692
8.3028,1677
8.3056,1664
8.3083,1661
8.3111,1659
8.3139,1647
8.3167,1642
8.3194,1644
8.3222,1643
8.3250,1636
8.3278,1628
8.3306,1632
8.3333,1633
8.3361,1629
8.3389,1621
8.3417,1621
8.3444,1622
8.3472,1630
8.3500,1625
8.3528,1622
8.3556,1620
8.3583,1619
8.3611,1619
8.3639,1624
8.3667,1629
8.3694,1629
8.3722,1635
8.3750,1637
8.3778,1638
8.3806,1636
8.3833,1645
8.3861,1639
8.3889,1645
8.3917,1653
8.3944,1650
8.3972,1646
8.4000,1653
8.4028,1654
8.4056,1670
8.4083,1680
8.4111,1680
8.4139,1677
8.4167,1671
8.4194,1673
8.4222,1681
8.4250,1679
8.4278,1695
8.4306,1705
8.4333,1706
8.4361,1703
8.4389,1694
8.4417,1699
8.4444,1701
8.4472,1706
8.4500,1706
8.4528,1711
8.4556,1701
8.4583,1708
8.4611,1712
8.4639,1712
8.4667,1710
8.4694,1712
8.4722,1708
8.4750,1707
8.4778,1698
8.4806,1690
8.4833,1698
8.4861,1695
8.4889,1698
8.4917,1693
8.4944,1696
8.4972,1691
8.5000,1690
8.5028,1676
8.5056,1682
8.5083,1679
8.5111,1683
8.5139,1672
8.5167,1672
8.5194,1671
8.5222,1678
8.5250,1688
8.5278,1689
8.5306,1692
8.5333,1704
8.5361,1703
8.5389,1706
8.5417,1702
8.5444,1700
8.5472,1693
8.5500,1690
8.5528,1691
8.5556,1694
8.5583,1692
8.5611,1692
8.5639,1697
8.5667,1682
8.5694,1667
8.5722,1661
8.5750,1646
8.5778,1652
8.5806,1664
8.5833,1672
8.5861,1681
8.5889,1691
8.5917,1688
8.5944,1681
8.5972,1669
8.6000,1659
8.6028,1662
8.6056,1659
8.6083,1658
8.6111,1667
8.6139,1670
8.6167,1670
8.6194,1671
8.6222,1676
8.6250,1675
8.6278,1683
8.6306,1673
8.6333,1662
8.6361,1657
8.6389,1660
8.6417,1667
8.6444,1673
8.6472,1680
8.6500,1682
8.6528,1678
8.6556,1673
8.6583,1672
8.6611,1667
8.6639,1666
8.6667,1665
8.6694,1670
8.6722,1674
8.6750,1692
8.6778,1716
8.6806,1734
8.6833,1747
8.6861,1753
8.6889,1766
8.6917,1779
8.6944,1792
8.6972,1788
8.7000,1787
8.7028,1795
8.7056,1809
8.7083,1824
8.7111,1825
8.7139,1839
8.7167,1856
8.7194,1880
8.7222,1899
8.7250,1895
8.7278,1869
8.7306,1833
8.7333,1808
8.7361,1768
8.7389,1741
8.7417,1704
8.7444,1690
8.7472,1656
8.7500,1642
8.7528,1643
8.7556,1627
8.7583,1631
8.7611,1625
8.7639,1620
8.7667,1616
8.7694,1610
8.7722,1613
8.7750,1612
8.7778,1609
8.7806,1606
8.7833,1600
8.7861,1601
8.7889,1590
8.7917,1601
8.7944,1597
8.7972,1595
8.8000,1602
8.8028,1598
8.8056,1581
8.8083,1552
8.8111,1521
8.8139,1479
8.8167,1475
8.8194,1532
8.8222,1656
8.8250,1796
8.8278,1986
8.8306,2181
8.8333,2362
8.8361,2529
8.8389,2658
8.8417,2770
8.8444,2884
8.8472,2990
8.8500,2948
8.8528,2740
8.8556,2436
8.8583,2101
8.8611,1798
8.8639,1575
8.8667,1454
8.8694,1426
8.8722,1449
8.8750,1491
8.8778,1535
8.8806,1562
8.8833,1581
8.8861,1573
8.8889,1568
8.8917,1559
8.8944,1560
8.8972,1558
8.9000,1562
8.9028,1552
8.9056,1541
8.9083,1524
8.9111,1509
8.9139,1520
8.9167,1538
8.9194,1548
8.9222,1553
8.9250,1558
8.9278,1561
8.9306,1562
8.9333,1572
8.9361,1584
8.9389,1578
8.9417,1573
8.9444,1564
8.9472,1556
8.9500,1556
8.9528,1563
8.9556,1569
8.9583,1579
8.9611,1593
8.9639,1598
8.9667,1598
8.9694,1602
8.9722,1600
8.9750,1605
8.9778,1612
8.9806,1620
8.9833,1612
8.9861,1613
8.9889,1615
8.9917,1616
8.9944,1619
8.9972,1638
9.0000,1646
9.0028,1651
9.0056,1652
9.0083,1650
9.0111,1647
9.0139,1654
9.0167,1653
9.0194,1660
9.0222,1670
9.0250,1671
9.0278,1676
9.0306,1687
9.0333,1700
9.0361,1718
9.0389,1732
9.0417,1735
9.0444,1730
9.0472,1731
9.0500,1728
9.0528,1745
9.0556,1837
9.0583,1834
9.0611,1834
9.0639,1811
9.0667,1787
9.0694,1766
9.0722,1749
9.0750,1724
9.0778,1718
9.0806,1704
9.0833,1693
9.0861,1683
9.0889,1667
9.0917,1651
9.0944,1634
9.0972,1627
9.1000,1622
9.1028,1622
9.1056,1601
9.1083,1601
9.1111,1573
9.1139,1569
9.1167,1565
9.1194,1569
9.1222,1578
9.1250,1579
9.1278,1582
9.1306,1579
9.1333,1586
9.1361,1565
9.1389,1576
9.1417,1559
9.1444,1561
9.1472,1565
9.1500,1567
9.1528,1570
9.1556,1567
9.1583,1574
9.1611,1583
9.1639,1579
9.1667,1570
9.1694,1572
9.1722,1559
9.1750,1553
9.1778,1556
9.1806,1561
9.1833,1563
9.1861,1577
9.1889,1578
9.1917,1591
9.1944,1593
9.1972,1609
9.2000,1607
9.2028,1606
9.2056,1610
9.2083,1611
9.2111,1617
9.2139,1625
9.2167,1623
9.2194,1624
9.2222,1627
9.2250,1624
9.2278,1630
9.2306,1639
9.2333,1644
9.2361,1641
9.2389,1647
9.2417,1640
9.2444,1645
9.2472,1635
9.2500,1635
9.2528,1635
9.2556,1625
9.2583,1624
9.2611,1624
9.2639,1625
9.2667,1624
9.2694,1621
9.2722,1623
9.2750,1613
9.2778,1622
9.2806,1619
9.2833,1617
9.2861,1620
9.2889,1622
9.2917,1619
9.2944,1615
9.2972,1610
9.3000,1615
9.3028,1605
9.3056,1608
9.3083,1600
9.3111,1590
9.3139,1593
9.3167,1595
9.3194,1605
9.3222,1593
9.3250,1592
9.3278,1594
9.3306,1592
9.3333,1596
9.3361,1595
9.3389,1593
9.3417,1587
9.3444,1590
9.3472,1594
9.3500,1591
9.3528,1590
9.3556,1585
9.3583,1581
9.3611,1591
9.3639,1595
9.3667,1599
9.3694,1600
9.3722,1590
9.3750,1581
9.3778,1574
9.3806,1574
9.3833,1576
9.3861,1580
9.3889,1578
9.3917,1580
9.3944,1594
9.3972,1593
9.4000,1599
9.4028,1599
9.4056,1595
9.4083,1595
9.4111,1597
9.4139,1593
9.4167,1590
9.4194,1599
9.4222,1598
9.4250,1601
9.4278,1614
9.4306,1616
9.4333,1625
9.4361,1643
9.4389,1656
9.4417,1670
9.4444,1681
9.4472,1689
9.4500,1701
9.4528,1717
9.4556,1734
9.4583,1746
9.4611,1751
9.4639,1759
9.4667,1772
9.4694,1782
9.4722,1782
9.4750,1795
9.4778,1822
9.4806,1839
9.4833,1848
9.4861,1843
9.4889,1816
9.4917,1783
9.4944,1750
9.4972,1719
9.5000,1696
9.5028,1660
9.5056,1639
9.5083,1608
9.5111,1597
9.5139,1575
9.5167,1573
9.5194,1571
9.5222,1577
9.5250,1570
9.5278,1567
9.5306,1558
9.5333,1554
9.5361,1549
9.5389,1541
9.5417,1543
9.5444,1534
9.5472,1538
9.5500,1536
9.5528,1536
9.5556,1532
9.5583,1538
9.5611,1539
9.5639,1520
9.5667,1508
9.5694,1468
9.5722,1446
9.5750,1411
9.5778,1411
9.5806,1472
9.5833,1596
9.5861,1742
9.5889,1928
9.5917,2135
9.5944,2325
9.5972,2496
9.6000,2646
9.6028,2764
9.6056,2888
9.6083,2988
9.6111,2959
9.6139,2750
9.6167,2446
9.6194,2114
9.6222,1801
9.6250,1570
9.6278,1441
9.6306,1394
9.6333,1400
9.6361,1439
9.6389,1472
9.6417,1501
9.6444,1511
9.6472,1506
9.6500,1500
9.6528,1494
9.6556,1494
9.6583,1496
9.6611,1500
9.6639,1500
9.6667,1486
9.6694,1480
9.6722,1482
9.6750,1474
9.6778,1468
9.6806,1476
9.6833,1476
9.6861,1483
9.6889,1480
9.6917,1484
9.6944,1497
9.6972,1511
9.7000,1525
9.7028,1525
9.7056,1512
9.7083,1499
9.7111,1496
9.7139,1501
9.7167,1511
9.7194,1519
9.7222,1533
9.7250,1532
9.7278,1524
9.7306,1519
9.7333,1515
9.7361,1507
9.7389,1516
9.7417,1530
9.7444,1531
9.7472,1527
9.7500,1541
9.7528,1535
9.7556,1547
9.7583,1547
9.7611,1551
9.7639,1566
9.7667,1568
9.7694,1574
9.7722,1569
9.7750,1577
9.7778,1586
9.7806,1598
9.7833,1616
9.7861,1622
9.7889,1629
9.7917,1638
9.7944,1652
9.7972,1662
9.8000,1666
9.8028,1671
9.8056,1670
9.8083,1674
9.8111,1676
9.8139,1690
9.8167,1710
9.8194,1717
9.8222,1705
9.8250,1712
9.8278,1699
9.8306,1675
9.8333,1627
9.8361,1587
9.8389,1557
9.8417,1539
9.8444,1520
9.8472,1511
9.8500,1502
9.8528,1497
9.8556,1480
9.8583,1459
9.8611,1432
9.8639,1382
9.8667,1347
9.8694,1317
9.8722,1339
9.8750,1388
9.8778,1416
9.8806,1427
9.8833,1385
9.8861,1324
9.8889,1281
9.8917,1298
9.8944,1335
9.8972,1349
9.9000,1362
9.9028,1361
9.9056,1369
9.9083,1366
9.9111,1395
9.9139,1441
9.9167,1486
9.9194,1515
9.9222,1510
9.9250,1495
9.9278,1477
9.9306,1467
9.9333,1452
9.9361,1430
9.9389,1432
9.9417,1453
9.9444,1476
9.9472,1510
9.9500,1538
9.9528,1549
9.9556,1553
9.9583,1553
9.9611,1555
9.9639,1547
9.9667,1529
9.9694,1507
9.9722,1494
9.9750,1504
9.9778,1543
9.9806,1576
9.9833,1606
9.9861,1625
9.9889,1625
9.9917,1624
9.9944,1622
9.9972,1620
10.0000,1615
10.0028,1629
10.0056,1661
10.0083,1698
10.0111,1720
10.0139,1713
10.0167,1691
10.0194,1674
10.0222,1632
10.0250,1613
10.0278,1629
10.0306,1649
10.0333,1690
10.0361,1730
10.0389,1747
10.0417,1756
10.0444,1726
10.0472,1713
10.0500,1703
10.0528,1714
10.0556,1720
10.0583,1727
10.0611,1732
10.0639,1736
10.0667,1735
10.0694,1735
10.0722,1728
10.0750,1717
10.0778,1689
10.0806,1670
10.0833,1657
10.0861,1660
10.0889,1701
10.0917,1740
10.0944,1764
10.0972,1767
10.1000,1738
10.1028,1725
10.1056,1735
10.1083,1739
10.1111,1736
10.1139,1728
10.1167,1729
10.1194,1749
10.1222,1762
10.1250,1780
10.1278,1792
10.1306,1780
10.1333,1756
10.1361,1739
10.1389,1719
10.1417,1715
10.1444,1716
10.1472,1744
10.1500,1748
10.1528,1728
10.1556,1731
10.1583,1748
10.1611,1767
10.1639,1761
10.1667,1745
10.1694,1724
10.1722,1709
10.1750,1700
10.1778,1684
10.1806,1669
10.1833,1673
10.1861,1705
10.1889,1723
10.1917,1737
10.1944,1743
10.1972,1740
10.2000,1739
10.2028,1742
10.2056,1737
10.2083,1736
10.2111,1729
10.2139,1732
10.2167,1741
10.2194,1749
10.2222,1764
10.2250,1772
10.2278,1777
10.2306,1774
10.2333,1778
10.2361,1791
10.2389,1828
10.2417,1866
10.2444,1879
10.2472,1873
10.2500,1863
10.2528,1874
10.2556,1892
10.2583,1902
10.2611,1903
10.2639,1899
10.2667,1903
10.2694,1911
10.2722,1928
10.2750,1921
10.2778,1895
10.2806,1875
10.2833,1843
10.2861,1813
10.2889,1805
10.2917,1784
10.2944,1778
10.2972,1759
10.3000,1735
10.3028,1720
10.3056,1713
10.3083,1718
10.3111,1714
10.3139,1700
10.3167,1678
10.3194,1665
10.3222,1672
10.3250,1694
10.3278,1701
10.3306,1688
10.3333,1664
10.3361,1652
10.3389,1650
10.3417,1644
10.3444,1648
10.3472,1645
10.3500,1643
10.3528,1630
10.3556,1631
10.3583,1630
10.3611,1622
10.3639,1591
10.3667,1557
10.3694,1590
10.3722,1683
10.3750,1822
10.3778,2001
10.3806,2200
10.3833,2380
10.3861,2538
10.3889,2698
10.3917,2837
10.3944,2975
10.3972,3092
10.4000,3090
10.4028,2898
10.4056,2569
10.4083,2210
10.4111,1893
10.4139,1664
10.4167,1551
10.4194,1538
10.4222,1575
10.4250,1624
10.4278,1656
10.4306,1685
10.4333,1680
10.4361,1652
10.4389,1606
10.4417,1577
10.4444,1572
10.4472,1599
10.4500,1637
10.4528,1676
10.4556,1686
10.4583,1679
10.4611,1666
10.4639,1650
10.4667,1648
10.4694,1627
10.4722,1618
10.4750,1596
10.4778,1560
10.4806,1559
10.4833,1587
10.4861,1635
10.4889,1680
10.4917,1693
10.4944,1685
10.4972,1667
10.5000,1650
10.5028,1645
10.5056,1639
10.5083,1648
10.5111,1651
10.5139,1663
10.5167,1659
10.5194,1652
10.5222,1642
10.5250,1643
10.5278,1649
10.5306,1658
10.5333,1658
10.5361,1666
10.5389,1676
10.5417,1691
10.5444,1701
10.5472,1708
10.5500,1688
10.5528,1671
10.5556,1655
10.5583,1633
10.5611,1639
10.5639,1651
10.5667,1664
10.5694,1665
10.5722,1659
10.5750,1667
10.5778,1670
10.5806,1682
10.5833,1689
10.5861,1709
10.5889,1724
10.5917,1734
10.5944,1741
10.5972,1745
10.6000,1755
10.6028,1754
10.6056,1831
10.6083,1839
10.6111,1817
10.6139,1809
10.6167,1798
10.6194,1783
10.6222,1757
10.6250,1740
10.6278,1727
10.6306,1704
10.6333,1687
10.6361,1662
10.6389,1639
10.6417,1618
10.6444,1617
10.6472,1627
10.6500,1624
10.6528,1634
10.6556,1627
10.6583,1626
10.6611,1623
10.6639,1630
10.6667,1627
10.6694,1627
10.6722,1640
10.6750,1634
10.6778,1627
10.6806,1622
10.6833,1617
10.6861,1625
10.6889,1625
10.6917,1630
10.6944,1631
10.6972,1630
10.7000,1615
10.7028,1601
10.7056,1606
10.7083,1599
10.7111,1597
10.7139,1601
10.7167,1595
10.7194,1601
10.7222,1600
10.7250,1586
10.7278,1572
10.7306,1564
10.7333,1566
10.7361,1558
10.7389,1571
10.7417,1580
10.7444,1591
10.7472,1605
10.7500,1591
10.7528,1561
10.7556,1532
10.7583,1516
10.7611,1478
10.7639,1458
10.7667,1440
10.7694,1426
10.7722,1409
10.7750,1396
10.7778,1384
10.7806,1376
10.7833,1376
10.7861,1372
10.7889,1371
10.7917,1360
10.7944,1392
10.7972,1429
10.8000,1450
10.8028,1443
10.8056,1413
10.8083,1397
10.8111,1384
10.8139,1386
10.8167,1410
10.8194,1446
10.8222,1478
10.8250,1502
10.8278,1528
10.8306,1544
10.8333,1564
10.8361,1596
10.8389,1590
10.8417,1588
10.8444,1600
10.8472,1616
10.8500,1627
10.8528,1650
10.8556,1679
10.8583,1704
10.8611,1722
10.8639,1730
10.8667,1745
10.8694,1752
10.8722,1770
10.8750,1781
10.8778,1789
10.8806,1787
10.8833,1783
10.8861,1768
10.8889,1768
10.8917,1741
10.8944,1735
10.8972,1746
10.9000,1775
10.9028,1807
10.9056,1800
10.9083,1771
10.9111,1738
10.9139,1720
10.9167,1717
10.9194,1711
10.9222,1729
10.9250,1745
10.9278,1757
10.9306,1767
10.9333,1776
10.9361,1774
10.9389,1760
10.9417,1757
10.9444,1754
10.9472,1754
10.9500,1748
10.9528,1735
10.9556,1730
10.9583,1734
10.9611,1736
10.9639,1743
10.9667,1749
10.9694,1758
10.9722,1748
10.9750,1737
10.9778,1732
10.9806,1737
10.9833,1740
10.9861,1748
10.9889,1755
10.9917,1764
10.9944,1763
10.9972,1751
11.0000,1748
11.0028,1750
11.0056,1767
11.0083,1784
11.0111,1804
11.0139,1827
11.0167,1830
11.0194,1834
11.0222,1844
11.0250,1859
11.0278,1872
11.0306,1882
11.0333,1891
11.0361,1904
11.0389,1906
11.0417,1926
11.0444,1917
11.0472,1933
11.0500,1941
11.0528,1944
11.0556,1957
11.0583,1983
11.0611,2006
11.0639,2017
11.0667,2009
11.0694,1988
11.0722,1949
11.0750,1928
11.0778,1905
11.0806,1886
11.0833,1868
11.0861,1848
11.0889,1831
11.0917,1824
11.0944,1830
11.0972,1834
11.1000,1813
11.1028,1797
11.1056,1785
11.1083,1766
11.1111,1762
11.1139,1769
11.1167,1771
11.1194,1767
11.1222,1778
11.1250,1769
11.1278,1764
11.1306,1759
11.1333,1754
11.1361,1740
11.1389,1732
11.1417,1730
11.1444,1717
11.1472,1713
11.1500,1690
11.1528,1657
11.1556,1614
11.1583,1597
11.1611,1649
11.1639,1765
11.1667,1920
11.1694,2097
11.1722,2316
11.1750,2518
11.1778,2680
11.1806,2817
11.1833,2914
11.1861,3018
11.1889,3125
11.1917,3137
11.1944,2999
11.1972,2718
11.2000,2374
11.2028,2060
11.2056,1784
11.2083,1633
11.2111,1579
11.2139,1593
11.2167,1629
11.2194,1673
11.2222,1695
11.2250,1701
11.2278,1684
11.2306,1665
11.2333,1635
11.2361,1637
11.2389,1619
11.2417,1628
11.2444,1641
11.2472,1635
11.2500,1621
11.2528,1617
11.2556,1616
11.2583,1606
11.2611,1612
11.2639,1611
11.2667,1611
11.2694,1605
11.2722,1598
11.2750,1599
11.2778,1603
11.2806,1601
11.2833,1603
11.2861,1610
11.2889,1603
11.2917,1601
11.2944,1590
11.2972,1610
11.3000,1618
11.3028,1624
11.3056,1633
11.3083,1638
11.3111,1634
11.3139,1629
11.3167,1622
11.3194,1627
11.3222,1643
11.3250,1655
11.3278,1659
11.3306,1658
11.3333,1654
11.3361,1662
11.3389,1671
11.3417,1674
11.3444,1683
11.3472,1693
11.3500,1681
11.3528,1679
11.3556,1682
11.3583,1693
11.3611,1722
11.3639,1728
11.3667,1743
11.3694,1743
11.3722,1740
11.3750,1743
11.3778,1753
11.3806,1768
11.3833,1780
11.3861,1790
11.3889,1800
11.3917,1807
11.3944,1822
11.3972,1898
11.4000,1912
11.4028,1907
11.4056,1900
11.4083,1877
11.4111,1859
11.4139,1840
11.4167,1822
11.4194,1789
11.4222,1776
11.4250,1771
11.4278,1760
11.4306,1746
11.4333,1729
11.4361,1713
11.4389,1705
11.4417,1704
11.4444,1694
11.4472,1679
11.4500,1670
11.4528,1663
11.4556,1659
11.4583,1665
11.4611,1660
11.4639,1670
11.4667,1668
11.4694,1665
11.4722,1655
11.4750,1640
11.4778,1638
11.4806,1638
11.4833,1641
11.4861,1644
11.4889,1642
11.4917,1637
11.4944,1645
11.4972,1650
11.5000,1652
11.5028,1659
11.5056,1653
11.5083,1660
11.5111,1642
11.5139,1632
11.5167,1628
11.5194,1629
11.5222,1638
11.5250,1653
11.5278,1654
11.5306,1656
11.5333,1652
11.5361,1656
11.5389,1660
11.5417,1657
11.5444,1658
11.5472,1662
11.5500,1673
11.5528,1669
11.5556,1673
11.5583,1672
11.5611,1679
11.5639,1676
11.5667,1676
11.5694,1684
11.5722,1682
11.5750,1688
11.5778,1693
11.5806,1701
11.5833,1714
11.5861,1725
11.5889,1721
11.5917,1717
11.5944,1701
11.5972,1691
11.6000,1692
11.6028,1700
11.6056,1712
11.6083,1710
11.6111,1730
11.6139,1729
11.6167,1718
11.6194,1718
11.6222,1710
11.6250,1705
11.6278,1704
11.6306,1698
11.6333,1696
11.6361,1696
11.6389,1710
11.6417,1709
11.6444,1705
11.6472,1707
11.6500,1700
11.6528,1702
11.6556,1700
11.6583,1695
11.6611,1701
11.6639,1702
11.6667,1703
11.6694,1690
11.6722,1685
11.6750,1687
11.6778,1686
11.6806,1684
11.6833,1688
11.6861,1687
11.6889,1691
11.6917,1698
11.6944,1705
11.6972,1705
11.7000,1699
11.7028,1696
11.7056,1690
11.7083,1678
11.7111,1672
11.7139,1662
11.7167,1663
11.7194,1675
11.7222,1677
11.7250,1692
11.7278,1697
11.7306,1707
11.7333,1721
11.7361,1708
11.7389,1704
11.7417,1694
11.7444,1688
11.7472,1681
11.7500,1676
11.7528,1681
11.7556,1673
11.7583,1676
11.7611,1687
11.7639,1688
11.7667,1681
11.7694,1697
11.7722,1701
11.7750,1691
11.7778,1689
11.7806,1677
11.7833,1671
11.7861,1666
11.7889,1663
11.7917,1678
11.7944,1688
11.7972,1697
11.8000,1708
11.8028,1728
11.8056,1741
11.8083,1749
11.8111,1767
11.8139,1777
11.8167,1789
11.8194,1802
11.8222,1822
11.8250,1838
11.8278,1843
11.8306,1853
11.8333,1858
11.8361,1861
11.8389,1853
11.8417,1874
11.8444,1886
11.8472,1912
11.8500,1922
11.8528,1923
11.8556,1900
11.8583,1868
11.8611,1840
11.8639,1810
11.8667,1795
11.8694,1767
11.8722,1748
11.8750,1722
11.8778,1711
11.8806,1691
11.8833,1683
11.8861,1682
11.8889,1691
11.8917,1692
11.8944,1681
11.8972,1681
11.9000,1678
11.9028,1674
11.9056,1658
11.9083,1657
11.9111,1650
11.9139,1644
11.9167,1651
11.9194,1654
11.9222,1658
11.9250,1655
11.9278,1661
11.9306,1654
11.9333,1627
11.9361,1597
11.9389,1584
11.9417,1550
11.9444,1525
11.9472,1561
11.9500,1652
11.9528,1783
11.9556,1939
11.9583,2126
11.9611,2323
11.9639,2517
11.9667,2682
11.9694,2814
11.9722,2928
11.9750,3046
11.9778,3129
11.9806,3072
11.9833,2825
11.9861,2479
11.9889,2122
11.9917,1831
11.9944,1614
11.9972,1507
12.0000,1503
12.0028,1541
12.0056,1591
12.0083,1642
12.0111,1644
12.0139,1645
12.0167,1629
12.0194,1607
12.0222,1600
12.0250,1592
12.0278,1597
12.0306,1607
12.0333,1603
12.0361,1607
12.0389,1600
12.0417,1601
12.0444,1620
12.0472,1626
12.0500,1632
12.0528,1638
12.0556,1631
12.0583,1621
12.0611,1609
12.0639,1617
12.0667,1624
12.0694,1641
12.0722,1644
12.0750,1644
12.0778,1635
12.0806,1626
12.0833,1625
12.0861,1639
12.0889,1654
12.0917,1655
12.0944,1653
12.0972,1650
12.1000,1644
12.1028,1646
12.1056,1666
12.1083,1675
12.1111,1692
12.1139,1701
12.1167,1692
12.1194,1695
12.1222,1697
12.1250,1699
12.1278,1702
12.1306,1718
12.1333,1720
12.1361,1724
12.1389,1724
12.1417,1732
12.1444,1742
12.1472,1754
12.1500,1750
12.1528,1765
12.1556,1754
12.1583,1763
12.1611,1779
12.1639,1793
12.1667,1799
12.1694,1806
12.1722,1814
12.1750,1819
12.1778,1818
12.1806,1835
12.1833,1958
12.1861,1957
12.1889,1930
12.1917,1915
12.1944,1888
12.1972,1869
12.2000,1846
12.2028,1835
12.2056,1807
12.2083,1804
12.2111,1801
12.2139,1785
12.2167,1770
12.2194,1750
12.2222,1725
12.2250,1708
12.2278,1706
12.2306,1698
12.2333,1692
12.2361,1683
12.2389,1665
12.2417,1661
12.2444,1661
12.2472,1668
12.2500,1665
12.2528,1666
12.2556,1659
12.2583,1665
12.2611,1660
12.2639,1658
12.2667,1663
12.2694,1665
12.2722,1660
12.2750,1667
12.2778,1649
12.2806,1646
12.2833,1650
12.2861,1656
12.2889,1661
12.2917,1666
12.2944,1662
12.2972,1658
12.3000,1648
12.3028,1653
12.3056,1658
12.3083,1662
12.3111,1672
12.3139,1679
12.3167,1675
12.3194,1670
12.3222,1672
12.3250,1673
12.3278,1670
12.3306,1679
12.3333,1679
12.3361,1684
12.3389,1682
12.3417,1693
12.3444,1699
12.3472,1701
12.3500,1709
12.3528,1715
12.3556,1709
12.3583,1726
12.3611,1713
12.3639,1709
12.3667,1712
12.3694,1730
12.3722,1726
12.3750,1726
12.3778,1719
12.3806,1714
12.3833,1721
12.3861,1724
12.3889,1728
12.3917,1733
12.3944,1733
12.3972,1727
12.4000,1726
12.4028,1731
12.4056,1727
12.4083,1728
12.4111,1730
12.4139,1734
12.4167,1728
12.4194,1726
12.4222,1722
12.4250,1721
12.4278,1720
12.4306,1720
12.4333,1711
12.4361,1719
12.4389,1704
12.4417,1703
12.4444,1701
12.4472,1702
12.4500,1702
12.4528,1703
12.4556,1696
12.4583,1706
12.4611,1697
12.4639,1690
12.4667,1699
12.4694,1695
12.4722,1702
12.4750,1697
12.4778,1696
12.4806,1700
12.4833,1700
12.4861,1694
12.4889,1701
12.4917,1703
12.4944,1712
12.4972,1702
12.5000,1712
12.5028,1705
12.5056,1708
12.5083,1708
12.5111,1719
12.5139,1728
12.5167,1722
12.5194,1724
12.5222,1724
12.5250,1719
12.5278,1723
12.5306,1731
12.5333,1729
12.5361,1728
12.5389,1729
12.5417,1723
12.5444,1720
12.5472,1725
12.5500,1727
12.5528,1739
12.5556,1736
12.5583,1734
12.5611,1735
12.5639,1733
12.5667,1736
12.5694,1737
12.5722,1734
12.5750,1738
12.5778,1742
12.5806,1744
12.5833,1740
12.5861,1731
12.5889,1731
12.5917,1732
12.5944,1728
12.5972,1725
12.6000,1720
12.6028,1724
12.6056,1724
12.6083,1729
12.6111,1723
12.6139,1735
12.6167,1737
12.6194,1742
12.6222,1770
12.6250,1782
12.6278,1801
12.6306,1819
12.6333,1840
12.6361,1862
12.6389,1872
12.6417,1871
12.6444,1873
12.6472,1882
12.6500,1885
12.6528,1881
12.6556,1881
12.6583,1894
12.6611,1910
12.6639,1929
12.6667,1949
12.6694,1942
12.6722,1929
12.6750,1894
12.6778,1865
12.6806,1822
12.6833,1798
12.6861,1773
12.6889,1754
12.6917,1730
12.6944,1711
12.6972,1692
12.7000,1690
12.7028,1677
12.7056,1664
12.7083,1654
12.7111,1654
12.7139,1646
12.7167,1639
12.7194,1640
12.7222,1632
12.7250,1625
12.7278,1631
12.7306,1624
12.7333,1631
12.7361,1639
12.7389,1635
12.7417,1640
12.7444,1640
12.7472,1629
12.7500,1612
12.7528,1589
12.7556,1551
12.7583,1518
12.7611,1486
12.7639,1496
12.7667,1581
12.7694,1738
12.7722,1902
12.7750,2111
12.7778,2339
12.7806,2543
12.7833,2696
12.7861,2806
12.7889,2883
12.7917,2971
12.7944,3051
12.7972,3000
12.8000,2751
12.8028,2389
12.8056,2030
12.8083,1729
12.8111,1524
12.8139,1448
12.8167,1466
12.8194,1515
12.8222,1584
12.8250,1621
12.8278,1625
12.8306,1619
12.8333,1599
12.8361,1574
12.8389,1558
12.8417,1550
12.8444,1558
12.8472,1567
12.8500,1569
12.8528,1560
12.8556,1555
12.8583,1544
12.8611,1554
12.8639,1558
12.8667,1572
12.8694,1583
12.8722,1571
12.8750,1575
12.8778,1567
12.8806,1577
12.8833,1593
12.8861,1597
12.8889,1602
12.8917,1600
12.8944,1585
12.8972,1584
12.9000,1584
12.9028,1602
12.9056,1610
12.9083,1621
12.9111,1622
12.9139,1613
12.9167,1614
12.9194,1624
12.9222,1629
12.9250,1641
12.9278,1652
12.9306,1656
12.9333,1644
12.9361,1643
12.9389,1644
12.9417,1654
12.9444,1673
12.9472,1685
12.9500,1692
12.9528,1685
12.9556,1672
12.9583,1668
12.9611,1682
12.9639,1696
12.9667,1701
12.9694,1704
12.9722,1706
12.9750,1699
12.9778,1713
12.9806,1729
12.9833,1736
12.9861,1756
12.9889,1774
12.9917,1781
12.9944,1772
12.9972,1771
13.0000,1907
13.0028,1907
13.0056,1893
13.0083,1880
13.0111,1860
13.0139,1851
13.0167,1820
13.0194,1791
13.0222,1771
13.0250,1764
13.0278,1751
13.0306,1730
13.0333,1715
13.0361,1695
13.0389,1677
13.0417,1652
13.0444,1643
13.0472,1653
13.0500,1632
13.0528,1622
13.0556,1617
13.0583,1609
13.0611,1608
13.0639,1606
13.0667,1611
13.0694,1620
13.0722,1616
13.0750,1604
13.0778,1603
13.0806,1595
13.0833,1588
13.0861,1603
13.0889,1604
13.0917,1614
13.0944,1610
13.0972,1619
13.1000,1610
13.1028,1611
13.1056,1625
13.1083,1624
13.1111,1628
13.1139,1624
13.1167,1627
13.1194,1626
13.1222,1627
13.1250,1628
13.1278,1632
13.1306,1636
13.1333,1638
13.1361,1631
13.1389,1634
13.1417,1634
13.1444,1642
13.1472,1646
13.1500,1657
13.1528,1656
13.1556,1653
13.1583,1653
13.1611,1653
13.1639,1656
13.1667,1658
13.1694,1667
13.1722,1665
13.1750,1666
13.1778,1663
13.1806,1658
13.1833,1653
13.1861,1660
13.1889,1668
13.1917,1666
13.1944,1663
13.1972,1666
13.2000,1666
13.2028,1666
13.2056,1676
13.2083,1682
13.2111,1682
13.2139,1676
13.2167,1664
13.2194,1658
13.2222,1670
13.2250,1669
13.2278,1663
13.2306,1675
13.2333,1667
13.2361,1658
13.2389,1664
13.2417,1665
13.2444,1654
13.2472,1654
13.2500,1660
13.2528,1658
13.2556,1661
13.2583,1661
13.2611,1661
13.2639,1667
13.2667,1665
13.2694,1665
13.2722,1664
13.2750,1654
13.2778,1647
13.2806,1655
13.2833,1652
13.2861,1655
13.2889,1657
13.2917,1658
13.2944,1645
13.2972,1640
13.3000,1644
13.3028,1649
13.3056,1654
13.3083,1665
13.3111,1663
13.3139,1665
13.3167,1658
13.3194,1648
13.3222,1649
13.3250,1651
13.3278,1657
13.3306,1652
13.3333,1655
13.3361,1652
13.3389,1640
13.3417,1639
13.3444,1635
13.3472,1641
13.3500,1645
13.3528,1651
13.3556,1658
13.3583,1646
13.3611,1653
13.3639,1655
13.3667,1657
13.3694,1658
13.3722,1655
13.3750,1652
13.3778,1653
13.3806,1645
13.3833,1647
13.3861,1647
13.3889,1651
13.3917,1648
13.3944,1640
13.3972,1649
13.4000,1642
13.4028,1650
13.4056,1646
13.4083,1640
13.4111,1629
13.4139,1625
13.4167,1640
13.4194,1640
13.4222,1644
13.4250,1664
13.4278,1681
13.4306,1680
13.4333,1672
13.4361,1661
13.4389,1648
13.4417,1652
13.4444,1660
13.4472,1686
13.4500,1693
13.4528,1710
13.4556,1717
13.4583,1726
13.4611,1727
13.4639,1751
13.4667,1767
13.4694,1771
13.4722,1774
13.4750,1767
13.4778,1763
13.4806,1768
13.4833,1765
13.4861,1770
13.4889,1784
13.4917,1809
13.4944,1832
13.4972,1849
13.5000,1842
13.5028,1825
13.5056,1801
13.5083,1769
13.5111,1745
13.5139,1720
13.5167,1703
13.5194,1676
13.5222,1669
13.5250,1649
13.5278,1653
13.5306,1657
13.5333,1655
13.5361,1650
13.5389,1651
13.5417,1632
13.5444,1627
13.5472,1641
13.5500,1643
13.5528,1633
13.5556,1633
13.5583,1633
13.5611,1633
13.5639,1641
13.5667,1634
13.5694,1625
13.5722,1632
13.5750,1625
13.5778,1610
13.5806,1589
13.5833,1577
13.5861,1543
13.5889,1490
13.5917,1469
13.5944,1512
13.5972,1636
13.6000,1793
13.6028,1942
13.6056,2134
13.6083,2344
13.6111,2534
13.6139,2690
13.6167,2804
13.6194,2907
13.6222,3030
13.6250,3071
13.6278,2949
13.6306,2668
13.6333,2334
13.6361,1992
13.6389,1705
13.6417,1536
13.6444,1484
13.6472,1514
13.6500,1574
13.6528,1618
13.6556,1643
13.6583,1624
13.6611,1597
13.6639,1565
13.6667,1527
13.6694,1513
13.6722,1511
13.6750,1516
13.6778,1532
13.6806,1540
13.6833,1550
13.6861,1547
13.6889,1547
13.6917,1555
13.6944,1577
13.6972,1590
13.7000,1593
13.7028,1603
13.7056,1594
13.7083,1593
13.7111,1608
13.7139,1637
13.7167,1656
13.7194,1654
13.7222,1651
13.7250,1643
13.7278,1646
13.7306,1668
13.7333,1681
13.7361,1683
13.7389,1686
13.7417,1683
13.7444,1682
13.7472,1673
13.7500,1692
13.7528,1713
13.7556,1741
13.7583,1772
13.7611,1765
13.7639,1748
13.7667,1724
13.7694,1737
13.7722,1754
13.7750,1782
13.7778,1778
13.7806,1792
13.7833,1806
13.7861,1818
13.7889,1815
13.7917,1801
13.7944,1797
13.7972,1800
13.8000,1814
13.8028,1810
13.8056,1812
13.8083,1816
13.8111,1821
13.8139,1817
13.8167,1817
13.8194,1818
13.8222,1827
13.8250,1830
13.8278,1846
13.8306,1981
13.8333,1983
13.8361,1972
13.8389,1974
13.8417,1954
13.8444,1940
13.8472,1924
13.8500,1897
13.8528,1888
13.8556,1866
13.8583,1846
13.8611,1842
13.8639,1825
13.8667,1799
13.8694,1787
13.8722,1746
13.8750,1732
13.8778,1716
13.8806,1678
13.8833,1632
13.8861,1613
13.8889,1629
13.8917,1636
13.8944,1641
13.8972,1627
13.9000,1645
13.9028,1660
13.9056,1667
13.9083,1638
13.9111,1611
13.9139,1605
13.9167,1627
13.9194,1642
13.9222,1652
13.9250,1648
13.9278,1651
13.9306,1647
13.9333,1633
13.9361,1629
13.9389,1614
13.9417,1609
13.9444,1605
13.9472,1615
13.9500,1630
13.9528,1630
13.9556,1621
13.9583,1616
13.9611,1605
13.9639,1605
13.9667,1590
13.9694,1579
13.9722,1576
13.9750,1572
13.9778,1574
13.9806,1584
13.9833,1589
13.9861,1593
13.9889,1603
13.9917,1602
13.9944,1615
13.9972,1619
14.0000,1620
14.0028,1621
14.0056,1630
14.0083,1634
14.0111,1641
14.0139,1652
14.0167,1661
14.0194,1660
14.0222,1667
14.0250,1667
14.0278,1667
14.0306,1672
14.0333,1666
14.0361,1671
14.0389,1673
14.0417,1676
14.0444,1657
14.0472,1660
14.0500,1659
14.0528,1667
14.0556,1673
14.0583,1685
14.0611,1678
14.0639,1674
14.0667,1671
14.0694,1675
14.0722,1675
14.0750,1674
14.0778,1678
14.0806,1672
14.0833,1663
14.0861,1661
14.0889,1662
14.0917,1666
14.0944,1662
14.0972,1663
14.1000,1660
14.1028,1662
14.1056,1657
14.1083,1643
14.1111,1633
14.1139,1619
14.1167,1619
14.1194,1618
14.1222,1624
14.1250,1616
14.1278,1607
14.1306,1605
14.1333,1594
14.1361,1582
14.1389,1565
14.1417,1562
14.1444,1567
14.1472,1576
14.1500,1570
14.1528,1579
14.1556,1592
14.1583,1598
14.1611,1569
14.1639,1561
14.1667,1559
14.1694,1593
14.1722,1646
14.1750,1675
14.1778,1679
14.1806,1658
14.1833,1647
14.1861,1621
14.1889,1610
14.1917,1583
14.1944,1566
14.1972,1570
14.2000,1572
14.2028,1581
14.2056,1573
14.2083,1558
14.2111,1542
14.2139,1527
14.2167,1513
14.2194,1514
14.2222,1510
14.2250,1505
14.2278,1504
14.2306,1506
14.2333,1512
14.2361,1517
14.2389,1533
14.2417,1542
14.2444,1554
14.2472,1555
14.2500,1559
14.2528,1562
14.2556,1568
14.2583,1578
14.2611,1587
14.2639,1599
14.2667,1607
14.2694,1622
14.2722,1642
14.2750,1660
14.2778,1673
14.2806,1689
14.2833,1704
14.2861,1715
14.2889,1721
14.2917,1719
14.2944,1726
14.2972,1738
14.3000,1739
14.3028,1744
14.3056,1745
14.3083,1760
14.3111,1780
14.3139,1808
14.3167,1810
14.3194,1820
14.3222,1803
14.3250,1763
14.3278,1733
14.3306,1706
14.3333,1693
14.3361,1672
14.3389,1647
14.3417,1626
14.3444,1611
14.3472,1607
14.3500,1593
14.3528,1580
14.3556,1567
14.3583,1567
14.3611,1556
14.3639,1546
14.3667,1539
14.3694,1520
14.3722,1517
14.3750,1512
14.3778,1514
14.3806,1512
14.3833,1523
14.3861,1522
14.3889,1516
14.3917,1517
14.3944,1505
14.3972,1499
14.4000,1477
14.4028,1451
14.4056,1419
14.4083,1385
14.4111,1359
14.4139,1408
14.4167,1522
14.4194,1657
14.4222,1842
14.4250,2053
14.4278,2253
14.4306,2433
14.4333,2568
14.4361,2679
14.4389,2782
14.4417,2884
14.4444,2914
14.4472,2765
14.4500,2481
14.4528,2151
14.4556,1847
14.4583,1596
14.4611,1448
14.4639,1401
14.4667,1417
14.4694,1446
14.4722,1489
14.4750,1511
14.4778,1502
14.4806,1497
14.4833,1481
14.4861,1462
14.4889,1459
14.4917,1465
14.4944,1469
14.4972,1474
14.5000,1470
14.5028,1469
14.5056,1462
14.5083,1461
14.5111,1474
14.5139,1480
14.5167,1496
14.5194,1495
14.5222,1497
14.5250,1500
14.5278,1504
14.5306,1510
14.5333,1523
14.5361,1530
14.5389,1534
14.5417,1533
14.5444,1527
14.5472,1532
14.5500,1539
14.5528,1553
14.5556,1560
14.5583,1568
14.5611,1561
14.5639,1564
14.5667,1570
14.5694,1571
14.5722,1581
14.5750,1588
14.5778,1592
14.5806,1584
14.5833,1591
14.5861,1591
14.5889,1603
14.5917,1627
14.5944,1639
14.5972,1653
14.6000,1664
14.6028,1680
14.6056,1669
14.6083,1673
14.6111,1684
14.6139,1695
14.6167,1709
14.6194,1716
14.6222,1724
14.6250,1724
14.6278,1739
14.6306,1755
14.6333,1765
14.6361,1779
14.6389,1794
14.6417,1801
14.6444,1812
14.6472,1829
14.6500,1902
14.6528,1913
14.6556,1908
14.6583,1886
14.6611,1869
14.6639,1847
14.6667,1821
14.6694,1803
14.6722,1791
14.6750,1790
14.6778,1778
14.6806,1765
14.6833,1743
14.6861,1727
14.6889,1716
14.6917,1701
14.6944,1712
14.6972,1712
14.7000,1703
14.7028,1690
14.7056,1688
14.7083,1688
14.7111,1683
14.7139,1687
14.7167,1688
14.7194,1691
14.7222,1680
14.7250,1673
14.7278,1671
14.7306,1687
14.7333,1687
14.7361,1695
14.7389,1703
14.7417,1707
14.7444,1709
14.7472,1698
14.7500,1699
14.7528,1705
14.7556,1707
14.7583,1705
14.7611,1702
14.7639,1707
14.7667,1704
14.7694,1707
14.7722,1709
14.7750,1718
14.7778,1724
14.7806,1732
14.7833,1730
14.7861,1738
14.7889,1729
14.7917,1737
14.7944,1736
14.7972,1741
14.8000,1748
14.8028,1744
14.8056,1748
14.8083,1750
14.8111,1755
14.8139,1753
14.8167,1753
14.8194,1761
14.8222,1771
14.8250,1780
14.8278,1773
14.8306,1780
14.8333,1782
14.8361,1790
14.8389,1799
14.8417,1801
14.8444,1802
14.8472,1796
14.8500,1791
14.8528,1798
14.8556,1784
14.8583,1795
14.8611,1799
14.8639,1791
14.8667,1801
14.8694,1808
14.8722,1811
14.8750,1823
14.8778,1828
14.8806,1822
14.8833,1818
14.8861,1809
14.8889,1810
14.8917,1806
14.8944,1809
14.8972,1807
14.9000,1805
14.9028,1802
14.9056,1799
14.9083,1793
14.9111,1789
14.9139,1791
14.9167,1793
14.9194,1789
14.9222,1789
14.9250,1793
14.9278,1793
14.9306,1795
14.9333,1798
14.9361,1807
14.9389,1803
14.9417,1801
14.9444,1797
14.9472,1791
14.9500,1800
14.9528,1800
14.9556,1806
14.9583,1802
14.9611,1805
14.9639,1798
14.9667,1798
14.9694,1796
14.9722,1799
14.9750,1794
14.9778,1799
14.9806,1812
14.9833,1812
14.9861,1809
14.9889,1813
14.9917,1815
14.9944,1805
14.9972,1811
15.0000,1808
15.0028,1803
15.0056,1802
15.0083,1803
15.0111,1804
15.0139,1804
15.0167,1809
15.0194,1805
15.0222,1807
15.0250,1805
15.0278,1802
15.0306,1804
15.0333,1811
15.0361,1813
15.0389,1816
15.0417,1805
15.0444,1816
15.0472,1821
15.0500,1833
15.0528,1844
15.0556,1854
15.0583,1878
15.0611,1898
15.0639,1914
15.0667,1926
15.0694,1945
15.0722,1953
15.0750,1960
15.0778,1970
15.0806,1977
15.0833,1982
15.0861,1990
15.0889,1985
15.0917,1989
15.0944,2000
15.0972,2002
15.1000,2029
15.1028,2049
15.1056,2045
15.1083,2029
15.1111,1997
15.1139,1956
15.1167,1927
15.1194,1903
15.1222,1879
15.1250,1850
15.1278,1822
15.1306,1806
15.1333,1797
15.1361,1783
15.1389,1780
15.1417,1765
15.1444,1757
15.1472,1755
15.1500,1747
15.1528,1729
15.1556,1719
15.1583,1725
15.1611,1716
15.1639,1717
15.1667,1717
15.1694,1725
15.1722,1724
15.1750,1711
15.1778,1712
15.1806,1710
15.1833,1703
15.1861,1680
15.1889,1648
15.1917,1618
15.1944,1572
15.1972,1555
15.2000,1597
15.2028,1728
15.2056,1874
15.2083,2062
15.2111,2283
15.2139,2505
15.2167,2684
15.2194,2832
15.2222,2926
15.2250,3030
15.2278,3145
15.2306,3156
15.2333,3003
15.2361,2698
15.2389,2338
15.2417,2011
15.2444,1743
15.2472,1597
15.2500,1555
15.2528,1583
15.2556,1646
15.2583,1685
15.2611,1706
15.2639,1706
15.2667,1700
15.2694,1673
15.2722,1654
15.2750,1639
15.2778,1650
15.2806,1645
15.2833,1648
15.2861,1642
15.2889,1629
15.2917,1627
15.2944,1631
15.2972,1635
15.3000,1645
15.3028,1656
15.3056,1648
15.3083,1634
15.3111,1631
15.3139,1626
15.3167,1640
15.3194,1657
15.3222,1667
15.3250,1671
15.3278,1667
15.3306,1662
15.3333,1666
15.3361,1677
15.3389,1699
15.3417,1705
15.3444,1704
15.3472,1693
15.3500,1676
15.3528,1667
15.3556,1669
15.3583,1681
15.3611,1684
15.3639,1687
15.3667,1680
15.3694,1689
15.3722,1688
15.3750,1688
15.3778,1708
15.3806,1714
15.3833,1718
15.3861,1714
15.3889,1706
15.3917,1708
15.3944,1705
15.3972,1702
15.4000,1708
15.4028,1714
15.4056,1707
15.4083,1716
15.4111,1721
15.4139,1727
15.4167,1733
15.4194,1741
15.4222,1750
15.4250,1756
15.4278,1757
15.4306,1768
15.4333,1768
15.4361,1854
15.4389,1866
15.4417,1845
15.4444,1829
15.4472,1807
15.4500,1780
15.4528,1765
15.4556,1742
15.4583,1729
15.4611,1718
15.4639,1696
15.4667,1679
15.4694,1656
15.4722,1638
15.4750,1630
15.4778,1632
15.4806,1627
15.4833,1613
15.4861,1610
15.4889,1608
15.4917,1600
15.4944,1585
15.4972,1587
15.5000,1582
15.5028,1580
15.5056,1577
15.5083,1573
15.5111,1566
15.5139,1568
15.5167,1568
15.5194,1576
15.5222,1588
15.5250,1591
15.5278,1581
15.5306,1580
15.5333,1584
15.5361,1587
15.5389,1586
15.5417,1592
15.5444,1595
15.5472,1593
15.5500,1593
15.5528,1587
15.5556,1590
15.5583,1593
15.5611,1605
15.5639,1603
15.5667,1610
15.5694,1604
15.5722,1595
15.5750,1596
15.5778,1598
15.5806,1612
15.5833,1616
15.5861,1618
15.5889,1619
15.5917,1629
15.5944,1631
15.5972,1632
15.6000,1633
15.6028,1641
15.6056,1635
15.6083,1637
15.6111,1635
15.6139,1635
15.6167,1641
15.6194,1655
15.6222,1659
15.6250,1660
15.6278,1664
15.6306,1656
15.6333,1649
15.6361,1646
15.6389,1651
15.6417,1647
15.6444,1658
15.6472,1653
15.6500,1650
15.6528,1649
15.6556,1648
15.6583,1650
15.6611,1644
15.6639,1651
15.6667,1650
15.6694,1645
15.6722,1642
15.6750,1643
15.6778,1647
15.6806,1647
15.6833,1639
15.6861,1639
15.6889,1633
15.6917,1627
15.6944,1620
15.6972,1619
15.7000,1623
15.7028,1621
15.7056,1631
15.7083,1639
15.7111,1641
15.7139,1630
15.7167,1635
15.7194,1633
15.7222,1640
15.7250,1640
15.7278,1639
15.7306,1636
15.7333,1642
15.7361,1634
15.7389,1633
15.7417,1645
15.7444,1648
15.7472,1651
15.7500,1651
15.7528,1646
15.7556,1645
15.7583,1641
15.7611,1646
15.7639,1651
15.7667,1654
15.7694,1655
15.7722,1653
15.7750,1651
15.7778,1645
15.7806,1648
15.7833,1646
15.7861,1650
15.7889,1667
15.7917,1670
15.7944,1670
15.7972,1666
15.8000,1665
15.8028,1670
15.8056,1663
15.8083,1660
15.8111,1665
15.8139,1677
15.8167,1692
15.8194,1706
15.8222,1722
15.8250,1742
15.8278,1749
15.8306,1772
15.8333,1784
15.8361,1800
15.8389,1811
15.8417,1803
15.8444,1806
15.8472,1812
15.8500,1812
15.8528,1823
15.8556,1824
15.8583,1836
15.8611,1856
15.8639,1878
15.8667,1898
15.8694,1888
15.8722,1869
15.8750,1836
15.8778,1798
15.8806,1768
15.8833,1749
15.8861,1743
15.8889,1725
15.8917,1705
15.8944,1691
15.8972,1681
15.9000,1685
15.9028,1684
15.9056,1680
15.9083,1674
15.9111,1673
15.9139,1662
15.9167,1656
15.9194,1656
15.9222,1655
15.9250,1650
15.9278,1651
15.9306,1645
15.9333,1639
15.9361,1642
15.9389,1638
15.9417,1634
15.9444,1625
15.9472,1609
15.9500,1579
15.9528,1551
15.9556,1512
15.9583,1467
15.9611,1460
15.9639,1530
15.9667,1658
15.9694,1816
15.9722,2003
15.9750,2226
15.9778,2437
15.9806,2616
15.9833,2752
15.9861,2841
15.9889,2929
15.9917,3027
15.9944,2992
15.9972,2782
16.0000,2456
16.0028,2111
16.0056,1796
16.0083,1556
16.0111,1428
16.0139,1403
16.0167,1434
16.0194,1485
16.0222,1524
16.0250,1546
16.0278,1543
16.0306,1517
16.0333,1495
16.0361,1472
16.0389,1445
16.0417,1433
16.0444,1436
16.0472,1438
16.0500,1435
16.0528,1438
16.0556,1437
16.0583,1449
16.0611,1468
16.0639,1476
16.0667,1488
16.0694,1497
16.0722,1496
16.0750,1501
16.0778,1513
16.0806,1529
16.0833,1552
16.0861,1555
16.0889,1559
16.0917,1568
16.0944,1566
16.0972,1583
16.1000,1597
16.1028,1611
16.1056,1638
16.1083,1629
16.1111,1619
16.1139,1618
16.1167,1621
16.1194,1620
16.1222,1641
16.1250,1641
16.1278,1649
16.1306,1653
16.1333,1642
16.1361,1650
16.1389,1655
16.1417,1669
16.1444,1679
16.1472,1678
16.1500,1694
16.1528,1693
16.1556,1686
16.1583,1680
16.1611,1676
16.1639,1691
16.1667,1707
16.1694,1710
16.1722,1717
16.1750,1723
16.1778,1747
16.1806,1761
16.1833,1779
16.1861,1783
16.1889,1775
16.1917,1779
16.1944,1787
16.1972,1801
16.2000,1854
16.2028,1864
16.2056,1847
16.2083,1832
16.2111,1805
16.2139,1783
16.2167,1766
16.2194,1751
16.2222,1726
16.2250,1708
16.2278,1690
16.2306,1662
16.2333,1648
16.2361,1619
16.2389,1610
16.2417,1602
16.2444,1587
16.2472,1585
16.2500,1587
16.2528,1575
16.2556,1557
16.2583,1549
16.2611,1546
16.2639,1539
16.2667,1533
16.2694,1524
16.2722,1524
16.2750,1515
16.2778,1511
16.2806,1512
16.2833,1519
16.2861,1517
16.2889,1520
16.2917,1524
16.2944,1515
16.2972,1515
16.3000,1519
16.3028,1527
16.3056,1534
16.3083,1552
16.3111,1551
16.3139,1543
16.3167,1539
16.3194,1528
16.3222,1525
16.3250,1531
16.3278,1533
16.3306,1548
16.3333,1551
16.3361,1556
16.3389,1557
16.3417,1564
16.3444,1565
16.3472,1569
16.3500,1561
16.3528,1555
16.3556,1549
16.3583,1551
16.3611,1556
16.3639,1560
16.3667,1556
16.3694,1562
16.3722,1566
16.3750,1574
16.3778,1582
16.3806,1585
16.3833,1587
16.3861,1589
16.3889,1587
16.3917,1588
16.3944,1581
16.3972,1580
16.4000,1599
16.4028,1611
16.4056,1597
16.4083,1591
16.4111,1581
16.4139,1575
16.4167,1596
16.4194,1602
16.4222,1597
16.4250,1606
16.4278,1600
16.4306,1591
16.4333,1579
16.4361,1553
16.4389,1530
16.4417,1515
16.4444,1515
16.4472,1518
16.4500,1518
16.4528,1524
16.4556,1534
16.4583,1542
16.4611,1530
16.4639,1528
16.4667,1533
16.4694,1541
16.4722,1546
16.4750,1547
16.4778,1559
16.4806,1553
16.4833,1546
16.4861,1545
16.4889,1536
16.4917,1534
16.4944,1532
16.4972,1541
16.5000,1539
16.5028,1547
16.5056,1559
16.5083,1553
16.5111,1553
16.5139,1544
16.5167,1531
16.5194,1538
16.5222,1547
16.5250,1558
16.5278,1560
16.5306,1559
16.5333,1560
16.5361,1542
16.5389,1534
16.5417,1537
16.5444,1530
16.5472,1534
16.5500,1539
16.5528,1544
16.5556,1548
16.5583,1547
16.5611,1551
16.5639,1556
16.5667,1558
16.5694,1548
16.5722,1546
16.5750,1565
16.5778,1559
16.5806,1562
16.5833,1558
16.5861,1565
16.5889,1575
16.5917,1565
16.5944,1577
16.5972,1597
16.6000,1629
16.6028,1668
16.6056,1682
16.6083,1691
16.6111,1700
16.6139,1705
16.6167,1721
16.6194,1720
16.6222,1720
16.6250,1728
16.6278,1750
16.6306,1775
16.6333,1781
16.6361,1798
16.6389,1809
16.6417,1823
16.6444,1828
16.6472,1816
16.6500,1799
16.6528,1781
16.6556,1751
16.6583,1727
16.6611,1718
16.6639,1701
16.6667,1678
16.6694,1654
16.6722,1636
16.6750,1624
16.6778,1609
16.6806,1602
16.6833,1600
16.6861,1589
16.6889,1587
16.6917,1588
16.6944,1587
16.6972,1584
16.7000,1592
16.7028,1581
16.7056,1588
16.7083,1584
16.7111,1584
16.7139,1576
16.7167,1584
16.7194,1576
16.7222,1578
16.7250,1574
16.7278,1556
16.7306,1534
16.7333,1509
16.7361,1497
16.7389,1463
16.7417,1459
16.7444,1517
16.7472,1634
16.7500,1784
16.7528,1966
16.7556,2188
16.7583,2405
16.7611,2597
16.7639,2731
16.7667,2820
16.7694,2913
16.7722,3001
16.7750,2998
16.7778,2800
16.7806,2478
16.7833,2131
16.7861,1811
16.7889,1566
16.7917,1455
16.7944,1437
16.7972,1491
16.8000,1545
16.8028,1599
16.8056,1612
16.8083,1605
16.8111,1586
16.8139,1562
16.8167,1540
16.8194,1522
16.8222,1535
16.8250,1543
16.8278,1559
16.8306,1562
16.8333,1553
16.8361,1546
16.8389,1550
16.8417,1559
16.8444,1573
16.8472,1574
16.8500,1571
16.8528,1560
16.8556,1555
16.8583,1564
16.8611,1576
16.8639,1590
16.8667,1601
16.8694,1599
16.8722,1574
16.8750,1559
16.8778,1550
16.8806,1568
16.8833,1580
16.8861,1585
16.8889,1581
16.8917,1585
16.8944,1585
16.8972,1588
16.9000,1598
16.9028,1603
16.9056,1617
16.9083,1614
16.9111,1619
16.9139,1615
16.9167,1607
16.9194,1634
16.9222,1652
16.9250,1674
16.9278,1683
16.9306,1683
16.9333,1677
16.9361,1677
16.9389,1676
16.9417,1678
16.9444,1689
16.9472,1693
16.9500,1702
16.9528,1703
16.9556,1708
16.9583,1713
16.9611,1727
16.9639,1758
16.9667,1771
16.9694,1779
16.9722,1779
16.9750,1771
16.9778,1779
16.9806,1892
16.9833,1899
16.9861,1873
16.9889,1863
16.9917,1845
16.9944,1822
16.9972,1822
17.0000,1792
17.0028,1780
17.0056,1761
17.0083,1748
17.0111,1724
17.0139,1703
17.0167,1686
17.0194,1675
17.0222,1670
17.0250,1648
17.0278,1649
17.0306,1630
17.0333,1630
17.0361,1629
17.0389,1630
17.0417,1636
17.0444,1645
17.0472,1649
17.0500,1645
17.0528,1629
17.0556,1607
17.0583,1605
17.0611,1597
17.0639,1596
17.0667,1592
17.0694,1596
17.0722,1596
17.0750,1591
17.0778,1589
17.0806,1592
17.0833,1596
17.0861,1596
17.0889,1600
17.0917,1598
17.0944,1607
17.0972,1604
17.1000,1611
17.1028,1616
17.1056,1621
17.1083,1635
17.1111,1636
17.1139,1636
17.1167,1634
17.1194,1638
17.1222,1649
17.1250,1658
17.1278,1673
17.1306,1669
17.1333,1663
17.1361,1664
17.1389,1666
17.1417,1678
17.1444,1691
17.1472,1692
17.1500,1704
17.1528,1697
17.1556,1696
17.1583,1678
17.1611,1672
17.1639,1676
17.1667,1678
17.1694,1674
17.1722,1668
17.1750,1663
17.1778,1658
17.1806,1662
17.1833,1673
17.1861,1676
17.1889,1678
17.1917,1679
17.1944,1680
17.1972,1676
17.2000,1684
17.2028,1686
17.2056,1680
17.2083,1683
17.2111,1685
17.2139,1682
17.2167,1692
17.2194,1690
17.2222,1681
17.2250,1680
17.2278,1677
17.2306,1679
17.2333,1679
17.2361,1684
17.2389,1679
17.2417,1671
17.2444,1673
17.2472,1671
17.2500,1667
17.2528,1679
17.2556,1684
17.2583,1681
17.2611,1681
17.2639,1669
17.2667,1666
17.2694,1674
17.2722,1672
17.2750,1662
17.2778,1658
17.2806,1646
17.2833,1654
17.2861,1651
17.2889,1653
17.2917,1665
17.2944,1656
17.2972,1661
17.3000,1665
17.3028,1662
17.3056,1666
17.3083,1656
17.3111,1659
17.3139,1660
17.3167,1669
17.3194,1662
17.3222,1660
17.3250,1661
17.3278,1668
17.3306,1669
17.3333,1671
17.3361,1676
17.3389,1676
17.3417,1678
17.3444,1690
17.3472,1689
17.3500,1696
17.3528,1688
17.3556,1682
17.3583,1681
17.3611,1695
17.3639,1718
17.3667,1752
17.3694,1782
17.3722,1809
17.3750,1824
17.3778,1831
17.3806,1842
17.3833,1864
17.3861,1864
17.3889,1863
17.3917,1854
17.3944,1860
17.3972,1857
17.4000,1860
17.4028,1853
17.4056,1863
17.4083,1886
17.4111,1916
17.4139,1931
17.4167,1933
17.4194,1914
17.4222,1887
17.4250,1856
17.4278,1824
17.4306,1795
17.4333,1774
17.4361,1758
17.4389,1735
17.4417,1729
17.4444,1725
17.4472,1724
17.4500,1719
17.4528,1717
17.4556,1701
17.4583,1688
17.4611,1689
17.4639,1685
17.4667,1678
17.4694,1670
17.4722,1672
17.4750,1662
17.4778,1652
17.4806,1652
17.4833,1656
17.4861,1658
17.4889,1652
17.4917,1644
17.4944,1630
17.4972,1612
17.5000,1580
17.5028,1550
17.5056,1513
17.5083,1499
17.5111,1554
17.5139,1670
17.5167,1818
17.5194,2004
17.5222,2230
17.5250,2438
17.5278,2611
17.5306,2744
17.5333,2840
17.5361,2934
17.5389,3046
17.5417,3044
17.5444,2886
17.5472,2595
17.5500,2246
17.5528,1932
17.5556,1664
17.5583,1522
17.5611,1501
17.5639,1545
17.5667,1589
17.5694,1633
17.5722,1664
17.5750,1668
17.5778,1648
17.5806,1630
17.5833,1616
17.5861,1613
17.5889,1606
17.5917,1613
17.5944,1627
17.5972,1619
17.6000,1610
17.6028,1606
17.6056,1601
17.6083,1620
17.6111,1637
17.6139,1650
17.6167,1648
17.6194,1639
17.6222,1617
17.6250,1603
17.6278,1603
17.6306,1603
17.6333,1602
17.6361,1612
17.6389,1600
17.6417,1593
17.6444,1592
17.6472,1603
17.6500,1613
17.6528,1622
17.6556,1635
17.6583,1637
17.6611,1641
17.6639,1648
17.6667,1662
17.6694,1674
17.6722,1686
17.6750,1688
17.6778,1688
17.6806,1687
17.6833,1683
17.6861,1691
17.6889,1700
17.6917,1716
17.6944,1727
17.6972,1733
17.7000,1728
17.7028,1739
17.7056,1738
17.7083,1757
17.7111,1771
17.7139,1773
17.7167,1775
17.7194,1776
17.7222,1772
17.7250,1769
17.7278,1781
17.7306,1796
17.7333,1803
17.7361,1829
17.7389,1833
17.7417,1827
17.7444,1848
17.7472,1952
17.7500,1962
17.7528,1960
17.7556,1955
17.7583,1939
17.7611,1911
17.7639,1899
17.7667,1874
17.7694,1872
17.7722,1859
17.7750,1853
17.7778,1843
17.7806,1827
17.7833,1813
17.7861,1803
17.7889,1789
17.7917,1789
17.7944,1790
17.7972,1795
17.8000,1773
17.8028,1747
17.8056,1717
17.8083,1696
17.8111,1676
17.8139,1662
17.8167,1665
17.8194,1661
17.8222,1672
17.8250,1670
17.8278,1673
17.8306,1664
17.8333,1654
17.8361,1652
17.8389,1649
17.8417,1653
17.8444,1639
17.8472,1632
17.8500,1629
17.8528,1621
17.8556,1623
17.8583,1628
17.8611,1625
17.8639,1635
17.8667,1630
17.8694,1637
17.8722,1644
17.8750,1647
17.8778,1646
17.8806,1653
17.8833,1659
17.8861,1667
17.8889,1669
17.8917,1674
17.8944,1685
17.8972,1694
17.9000,1703
17.9028,1694
17.9056,1681
17.9083,1678
17.9111,1681
17.9139,1686
17.9167,1693
17.9194,1706
17.9222,1709
17.9250,1707
17.9278,1717
17.9306,1712
17.9333,1706
17.9361,1709
17.9389,1706
17.9417,1704
17.9444,1723
17.9472,1727
17.9500,1728
17.9528,1733
17.9556,1718
17.9583,1710
17.9611,1710
17.9639,1703
17.9667,1706
17.9694,1705
17.9722,1704
17.9750,1700
17.9778,1691
17.9806,1680
17.9833,1673
17.9861,1676
17.9889,1677
17.9917,1687
17.9944,1682
17.9972,1678
18.0000,1680
18.0028,1670
18.0056,1669
18.0083,1666
18.0111,1680
18.0139,1681
18.0167,1686
18.0194,1686
18.0222,1684
18.0250,1682
18.0278,1677
18.0306,1663
18.0333,1666
18.0361,1668
18.0389,1671
18.0417,1677
18.0444,1672
18.0472,1659
18.0500,1665
18.0528,1664
18.0556,1660
18.0583,1651
18.0611,1646
18.0639,1646
18.0667,1648
18.0694,1655
18.0722,1651
18.0750,1646
18.0778,1647
18.0806,1653
18.0833,1651
18.0861,1651
18.0889,1659
18.0917,1671
18.0944,1682
18.0972,1696
18.1000,1698
18.1028,1703
18.1056,1703
18.1083,1714
18.1111,1725
18.1139,1737
18.1167,1757
18.1194,1771
18.1222,1777
18.1250,1784
18.1278,1800
18.1306,1806
18.1333,1824
18.1361,1838
18.1389,1853
18.1417,1849
18.1444,1843
18.1472,1860
18.1500,1881
18.1528,1911
18.1556,1921
18.1583,1910
18.1611,1878
18.1639,1846
18.1667,1810
18.1694,1781
18.1722,1743
18.1750,1700
18.1778,1666
18.1806,1661
18.1833,1662
18.1861,1661
18.1889,1664
18.1917,1650
18.1944,1639
18.1972,1626
18.2000,1608
18.2028,1605
18.2056,1608
18.2083,1607
18.2111,1591
18.2139,1595
18.2167,1594
18.2194,1597
18.2222,1603
18.2250,1603
18.2278,1608
18.2306,1616
18.2333,1607
18.2361,1586
18.2389,1561
18.2417,1524
18.2444,1503
18.2472,1481
18.2500,1495
18.2528,1571
18.2556,1696
18.2583,1834
18.2611,1999
18.2639,2188
18.2667,2368
18.2694,2543
18.2722,2694
18.2750,2813
18.2778,2943
18.2806,3057
18.2833,3029
18.2861,2820
18.2889,2517
18.2917,2176
18.2944,1881
18.2972,1646
18.3000,1513
18.3028,1462
18.3056,1480
18.3083,1517
18.3111,1560
18.3139,1575
18.3167,1580
18.3194,1574
18.3222,1568
18.3250,1550
18.3278,1550
18.3306,1548
18.3333,1549
18.3361,1561
18.3389,1564
18.3417,1566
18.3444,1574
18.3472,1591
18.3500,1580
18.3528,1580
18.3556,1571
18.3583,1574
18.3611,1574
18.3639,1584
18.3667,1594
18.3694,1597
18.3722,1592
18.3750,1581
18.3778,1574
18.3806,1574
18.3833,1568
18.3861,1574
18.3889,1593
18.3917,1615
18.3944,1634
18.3972,1630
18.4000,1629
18.4028,1622
18.4056,1627
18.4083,1634
18.4111,1650
18.4139,1663
18.4167,1663
18.4194,1650
18.4222,1629
18.4250,1623
18.4278,1627
18.4306,1633
18.4333,1648
18.4361,1655
18.4389,1650
18.4417,1651
18.4444,1641
18.4472,1657
18.4500,1681
18.4528,1709
18.4556,1713
18.4583,1707
18.4611,1700
18.4639,1691
18.4667,1693
18.4694,1701
18.4722,1713
18.4750,1737
18.4778,1750
18.4806,1764
18.4833,1768
18.4861,1780
18.4889,1863
18.4917,1858
18.4944,1860
18.4972,1836
18.5000,1825
18.5028,1810
18.5056,1799
18.5083,1787
18.5111,1780
18.5139,1759
18.5167,1747
18.5194,1740
18.5222,1726
18.5250,1715
18.5278,1692
18.5306,1671
18.5333,1665
18.5361,1677
18.5389,1664
18.5417,1666
18.5444,1645
18.5472,1635
18.5500,1634
18.5528,1634
18.5556,1639
18.5583,1640
18.5611,1637
18.5639,1636
18.5667,1625
18.5694,1623
18.5722,1612
18.5750,1614
18.5778,1608
18.5806,1612
18.5833,1607
18.5861,1602
18.5889,1612
18.5917,1617
18.5944,1622
18.5972,1635
18.6000,1640
18.6028,1637
18.6056,1638
18.6083,1647
18.6111,1646
18.6139,1655
18.6167,1659
18.6194,1650
18.6222,1653
18.6250,1652
18.6278,1650
18.6306,1647
18.6333,1650
18.6361,1648
18.6389,1648
18.6417,1653
18.6444,1651
18.6472,1656
18.6500,1665
18.6528,1675
18.6556,1669
18.6583,1667
18.6611,1668
18.6639,1675
18.6667,1685
18.6694,1681
18.6722,1690
18.6750,1691
18.6778,1686
18.6806,1687
18.6833,1679
18.6861,1677
18.6889,1686
18.6917,1685
18.6944,1679
18.6972,1681
18.7000,1683
18.7028,1685
18.7056,1678
18.7083,1673
18.7111,1666
18.7139,1671
18.7167,1662
18.7194,1652
18.7222,1657
18.7250,1655
18.7278,1653
18.7306,1663
18.7333,1649
18.7361,1662
18.7389,1654
18.7417,1656
18.7444,1656
18.7472,1657
18.7500,1657
18.7528,1658
18.7556,1658
18.7583,1652
18.7611,1654
18.7639,1651
18.7667,1647
18.7694,1652
18.7722,1654
18.7750,1651
18.7778,1651
18.7806,1651
18.7833,1656
18.7861,1649
18.7889,1653
18.7917,1659
18.7944,1661
18.7972,1659
18.8000,1665
18.8028,1671
18.8056,1672
18.8083,1681
18.8111,1680
18.8139,1677
18.8167,1678
18.8194,1671
18.8222,1682
18.8250,1690
18.8278,1705
18.8306,1723
18.8333,1737
18.8361,1768
18.8389,1796
18.8417,1804
18.8444,1813
18.8472,1796
18.8500,1808
18.8528,1824
18.8556,1833
18.8583,1851
18.8611,1879
18.8639,1894
18.8667,1916
18.8694,1932
18.8722,1933
18.8750,1926
18.8778,1912
18.8806,1880
18.8833,1852
18.8861,1826
18.8889,1801
18.8917,1772
18.8944,1739
18.8972,1704
18.9000,1681
18.9028,1665
18.9056,1646
18.9083,1651
18.9111,1654
18.9139,1649
18.9167,1641
18.9194,1629
18.9222,1626
18.9250,1613
18.9278,1601
18.9306,1607
18.9333,1605
18.9361,1623
18.9389,1617
18.9417,1622
18.9444,1619
18.9472,1616
18.9500,1619
18.9528,1603
18.9556,1586
18.9583,1561
18.9611,1521
18.9639,1490
18.9667,1510
18.9694,1590
18.9722,1704
18.9750,1859
18.9778,2037
18.9806,2266
18.9833,2488
18.9861,2671
18.9889,2816
18.9917,2934
18.9944,3053
18.9972,3121
19.0000,3047
19.0028,2782
19.0056,2441
19.0083,2088
19.0111,1786
19.0139,1587
19.0167,1488
19.0194,1478
19.0222,1519
19.0250,1568
19.0278,1607
19.0306,1629
19.0333,1627
19.0361,1606
19.0389,1596
19.0417,1581
19.0444,1582
19.0472,1591
19.0500,1591
19.0528,1593
19.0556,1579
19.0583,1572
19.0611,1573
19.0639,1578
19.0667,1586
19.0694,1613
19.0722,1605
19.0750,1595
19.0778,1592
19.0806,1600
19.0833,1616
19.0861,1624
19.0889,1631
19.0917,1632
19.0944,1632
19.0972,1614
19.1000,1617
19.1028,1634
19.1056,1626
19.1083,1645
19.1111,1650
19.1139,1648
19.1167,1637
19.1194,1636
19.1222,1642
19.1250,1660
19.1278,1675
19.1306,1684
19.1333,1681
19.1361,1683
19.1389,1672
19.1417,1681
19.1444,1672
19.1472,1682
19.1500,1690
19.1528,1695
19.1556,1695
19.1583,1702
19.1611,1705
19.1639,1709
19.1667,1722
19.1694,1735
19.1722,1743
19.1750,1739
19.1778,1739
19.1806,1744
19.1833,1752
19.1861,1755
19.1889,1769
19.1917,1784
19.1944,1795
19.1972,1800
19.2000,1801
19.2028,1918
19.2056,1927
19.2083,1919
19.2111,1900
19.2139,1885
19.2167,1859
19.2194,1832
19.2222,1813
19.2250,1797
19.2278,1792
19.2306,1766
19.2333,1755
19.2361,1736
19.2389,1717
19.2417,1700
19.2444,1683
19.2472,1679
19.2500,1676
19.2528,1670
19.2556,1660
19.2583,1655
19.2611,1658
19.2639,1644
19.2667,1653
19.2694,1645
19.2722,1639
19.2750,1629
19.2778,1625
19.2806,1623
19.2833,1632
19.2861,1629
19.2889,1636
19.2917,1636
19.2944,1636
19.2972,1638
19.3000,1629
19.3028,1624
19.3056,1623
19.3083,1629
19.3111,1632
19.3139,1626
19.3167,1633
19.3194,1624
19.3222,1627
19.3250,1631
19.3278,1639
19.3306,1646
19.3333,1641
19.3361,1647
19.3389,1655
19.3417,1642
19.3444,1648
19.3472,1655
19.3500,1664
19.3528,1673
19.3556,1668
19.3583,1667
19.3611,1676
19.3639,1672
19.3667,1678
19.3694,1696
19.3722,1696
19.3750,1698
19.3778,1689
19.3806,1684
19.3833,1692
19.3861,1704
19.3889,1702
19.3917,1696
19.3944,1708
19.3972,1708
19.4000,1700
19.4028,1693
19.4056,1686
19.4083,1685
19.4111,1690
19.4139,1697
19.4167,1691
19.4194,1699
19.4222,1695
19.4250,1691
19.4278,1693
19.4306,1699
19.4333,1697
19.4361,1698
19.4389,1691
19.4417,1679
19.4444,1678
19.4472,1676
19.4500,1688
19.4528,1692
19.4556,1696
19.4583,1697
19.4611,1694
19.4639,1691
19.4667,1686
19.4694,1680
19.4722,1682
19.4750,1681
19.4778,1667
19.4806,1667
19.4833,1671
19.4861,1674
19.4889,1683
19.4917,1682
19.4944,1697
19.4972,1695
19.5000,1697
19.5028,1689
19.5056,1686
19.5083,1691
19.5111,1689
19.5139,1692
19.5167,1693
19.5194,1694
19.5222,1695
19.5250,1688
19.5278,1682
19.5306,1680
19.5333,1682
19.5361,1675
19.5389,1679
19.5417,1681
19.5444,1699
19.5472,1687
19.5500,1688
19.5528,1689
19.5556,1697
19.5583,1695
19.5611,1698
19.5639,1695
19.5667,1695
19.5694,1698
19.5722,1696
19.5750,1692
19.5778,1698
19.5806,1709
19.5833,1714
19.5861,1743
19.5889,1762
19.5917,1789
19.5944,1815
19.5972,1824
19.6000,1844
19.6028,1845
19.6056,1853
19.6083,1862
19.6111,1870
19.6139,1886
19.6167,1899
19.6194,1904
19.6222,1899
19.6250,1900
19.6278,1919
19.6306,1924
19.6333,1930
19.6361,1929
19.6389,1906
19.6417,1878
19.6444,1854
19.6472,1827
19.6500,1808
19.6528,1787
19.6556,1749
19.6583,1715
19.6611,1698
19.6639,1676
19.6667,1673
19.6694,1674
19.6722,1672
19.6750,1664
19.6778,1651
19.6806,1650
19.6833,1648
19.6861,1638
19.6889,1629
19.6917,1641
19.6944,1633
19.6972,1643
19.7000,1636
19.7028,1646
19.7056,1648
19.7083,1640
19.7111,1643
19.7139,1639
19.7167,1613
19.7194,1586
19.7222,1542
19.7250,1505
19.7278,1481
19.7306,1487
19.7333,1586
19.7361,1732
19.7389,1906
19.7417,2111
19.7444,2337
19.7472,2546
19.7500,2719
19.7528,2836
19.7556,2913
19.7583,3005
19.7611,3093
19.7639,3029
19.7667,2771
19.7694,2415
19.7722,2062
19.7750,1753
19.7778,1551
19.7806,1483
19.7833,1490
19.7861,1546
19.7889,1592
19.7917,1628
19.7944,1639
19.7972,1624
19.8000,1604
19.8028,1590
19.8056,1573
19.8083,1574
19.8111,1580
19.8139,1592
19.8167,1588
19.8194,1583
19.8222,1578
19.8250,1576
19.8278,1575
19.8306,1581
19.8333,1591
19.8361,1598
19.8389,1592
19.8417,1585
19.8444,1587
19.8472,1592
19.8500,1611
19.8528,1617
19.8556,1624
19.8583,1625
19.8611,1619
19.8639,1613
19.8667,1603
19.8694,1613
19.8722,1628
19.8750,1622
19.8778,1632
19.8806,1629
19.8833,1629
19.8861,1633
19.8889,1634
19.8917,1646
19.8944,1652
19.8972,1651
19.9000,1645
19.9028,1642
19.9056,1648
19.9083,1649
19.9111,1670
19.9139,1678
19.9167,1677
19.9194,1669
19.9222,1666
19.9250,1668
19.9278,1679
19.9306,1702
19.9333,1719
19.9361,1738
19.9389,1730
19.9417,1736
19.9444,1734
19.9472,1747
19.9500,1758
19.9528,1781
19.9556,1789
19.9583,1788
19.9611,1788
19.9639,1802
19.9667,1906
19.9694,1915
19.9722,1907
19.9750,1901
19.9778,1880
19.9806,1858
19.9833,1823
19.9861,1806
19.9889,1789
19.9917,1779
19.9944,1765
19.9972,1751
20.0000,1733
20.0028,1712
20.0056,1689
20.0083,1673
20.0111,1666
20.0139,1662
20.0167,1655
20.0194,1631
20.0222,1617
20.0250,1602
20.0278,1599
20.0306,1601
20.0333,1606
20.0361,1610
20.0389,1611
20.0417,1612
20.0444,1604
20.0472,1604
20.0500,1604
20.0528,1612
20.0556,1613
20.0583,1606
20.0611,1591
20.0639,1586
20.0667,1588
20.0694,1596
20.0722,1591
20.0750,1593
20.0778,1594
20.0806,1594
20.0833,1593
20.0861,1588
20.0889,1595
20.0917,1605
20.0944,1607
20.0972,1608
20.1000,1600
20.1028,1604
20.1056,1604
20.1083,1609
20.1111,1618
20.1139,1624
20.1167,1633
20.1194,1626
20.1222,1620
20.1250,1627
20.1278,1626
20.1306,1629
20.1333,1638
20.1361,1640
20.1389,1637
20.1417,1638
20.1444,1635
20.1472,1643
20.1500,1655
20.1528,1654
20.1556,1666
20.1583,1668
20.1611,1663
20.1639,1670
20.1667,1668
20.1694,1674
20.1722,1665
20.1750,1673
20.1778,1662
20.1806,1662
20.1833,1655
20.1861,1653
20.1889,1654
20.1917,1658
20.1944,1655
20.1972,1658
20.2000,1661
20.2028,1656
20.2056,1652
20.2083,1660
20.2111,1654
20.2139,1648
20.2167,1652
20.2194,1647
20.2222,1641
20.2250,1643
20.2278,1644
20.2306,1649
20.2333,1655
20.2361,1657
20.2389,1654
20.2417,1646
20.2444,1639
20.2472,1627
20.2500,1632
20.2528,1642
20.2556,1640
20.2583,1646
20.2611,1651
20.2639,1648
20.2667,1651
20.2694,1642
20.2722,1638
20.2750,1650
20.2778,1642
20.2806,1643
20.2833,1637
20.2861,1633
20.2889,1644
20.2917,1643
20.2944,1649
20.2972,1651
20.3000,1648
20.3028,1641
20.3056,1643
20.3083,1645
20.3111,1635
20.3139,1634
20.3167,1632
20.3194,1638
20.3222,1645
20.3250,1650
20.3278,1652
20.3306,1656
20.3333,1657
20.3361,1652
20.3389,1656
20.3417,1653
20.3444,1650
20.3472,1648
20.3500,1655
20.3528,1657
20.3556,1658
20.3583,1669
20.3611,1663
20.3639,1664
20.3667,1673
20.3694,1681
20.3722,1694
20.3750,1729
20.3778,1757
20.3806,1766
20.3833,1783
20.3861,1791
20.3889,1808
20.3917,1813
20.3944,1813
20.3972,1816
20.4000,1834
20.4028,1848
20.4056,1847
20.4083,1856
20.4111,1859
20.4139,1881
20.4167,1896
20.4194,1907
20.4222,1909
20.4250,1876
20.4278,1845
20.4306,1819
20.4333,1794
20.4361,1778
20.4389,1752
20.4417,1716
20.4444,1696
20.4472,1664
20.4500,1661
20.4528,1653
20.4556,1659
20.4583,1648
20.4611,1638
20.4639,1625
20.4667,1616
20.4694,1614
20.4722,1616
20.4750,1618
20.4778,1626
20.4806,1620
20.4833,1620
20.4861,1613
20.4889,1610
20.4917,1607
20.4944,1602
20.4972,1612
20.5000,1596
20.5028,1584
20.5056,1565
20.5083,1545
20.5111,1507
20.5139,1469
20.5167,1476
20.5194,1557
20.5222,1699
20.5250,1864
20.5278,2070
20.5306,2301
20.5333,2501
20.5361,2677
20.5389,2788
20.5417,2887
20.5444,2991
20.5472,3069
20.5500,3014
20.5528,2755
20.5556,2390
20.5583,2047
20.5611,1755
20.5639,1560
20.5667,1481
20.5694,1505
20.5722,1553
20.5750,1600
20.5778,1626
20.5806,1645
20.5833,1629
20.5861,1603
20.5889,1577
20.5917,1569
20.5944,1578
20.5972,1588
20.6000,1596
20.6028,1608
20.6056,1589
20.6083,1579
20.6111,1576
20.6139,1578
20.6167,1582
20.6194,1589
20.6222,1592
20.6250,1585
20.6278,1577
20.6306,1573
20.6333,1585
20.6361,1588
20.6389,1608
20.6417,1603
20.6444,1611
20.6472,1595
20.6500,1588
20.6528,1594
20.6556,1606
20.6583,1626
20.6611,1629
20.6639,1631
20.6667,1625
20.6694,1625
20.6722,1637
20.6750,1648
20.6778,1657
20.6806,1659
20.6833,1658
20.6861,1655
20.6889,1650
20.6917,1648
20.6944,1648
20.6972,1659
20.7000,1666
20.7028,1672
20.7056,1674
20.7083,1665
20.7111,1670
20.7139,1681
20.7167,1693
20.7194,1703
20.7222,1704
20.7250,1705
20.7278,1709
20.7306,1717
20.7333,1731
20.7361,1744
20.7389,1747
20.7417,1764
20.7444,1768
20.7472,1763
20.7500,1780
20.7528,1894
20.7556,1898
20.7583,1894
20.7611,1882
20.7639,1856
20.7667,1845
20.7694,1812
20.7722,1793
20.7750,1778
20.7778,1765
20.7806,1751
20.7833,1742
20.7861,1718
20.7889,1693
20.7917,1678
20.7944,1660
20.7972,1649
20.8000,1643
20.8028,1637
20.8056,1633
20.8083,1626
20.8111,1616
20.8139,1611
20.8167,1612
20.8194,1614
20.8222,1606
20.8250,1612
20.8278,1598
20.8306,1602
20.8333,1603
20.8361,1610
20.8389,1615
20.8417,1624
20.8444,1620
20.8472,1613
20.8500,1606
20.8528,1604
20.8556,1614
20.8583,1611
20.8611,1617
20.8639,1621
20.8667,1615
20.8694,1614
20.8722,1611
20.8750,1619
20.8778,1622
20.8806,1635
20.8833,1646
20.8861,1637
20.8889,1637
20.8917,1633
20.8944,1632
20.8972,1638
20.9000,1643
20.9028,1637
20.9056,1643
20.9083,1644
20.9111,1642
20.9139,1648
20.9167,1656
20.9194,1658
20.9222,1662
20.9250,1669
20.9278,1666
20.9306,1660
20.9333,1659
20.9361,1673
20.9389,1677
20.9417,1689
20.9444,1693
20.9472,1689
20.9500,1686
20.9528,1682
20.9556,1667
20.9583,1657
20.9611,1655
20.9639,1643
20.9667,1639
20.9694,1638
20.9722,1637
20.9750,1645
20.9778,1656
20.9806,1659
20.9833,1664
20.9861,1666
20.9889,1661
20.9917,1665
20.9944,1672
20.9972,1679
21.0000,1683
21.0028,1679
21.0056,1667
21.0083,1654
21.0111,1654
21.0139,1659
21.0167,1654
21.0194,1651
21.0222,1639
21.0250,1640
21.0278,1633
21.0306,1631
21.0333,1635
21.0361,1642
21.0389,1648
21.0417,1657
21.0444,1654
21.0472,1648
21.0500,1643
21.0528,1641
21.0556,1640
21.0583,1643
21.0611,1645
21.0639,1650
21.0667,1646
21.0694,1636
21.0722,1639
21.0750,1638
21.0778,1641
21.0806,1648
21.0833,1647
21.0861,1644
21.0889,1644
21.0917,1633
21.0944,1640
21.0972,1631
21.1000,1634
21.1028,1628
21.1056,1632
21.1083,1629
21.1111,1629
21.1139,1635
21.1167,1641
21.1194,1642
21.1222,1647
21.1250,1645
21.1278,1633
21.1306,1636
21.1333,1634
21.1361,1636
21.1389,1642
21.1417,1640
21.1444,1646
21.1472,1643
21.1500,1648
21.1528,1648
21.1556,1646
21.1583,1652
21.1611,1664
21.1639,1667
21.1667,1664
21.1694,1667
21.1722,1679
21.1750,1688
21.1778,1718
21.1806,1740
21.1833,1761
21.1861,1782
21.1889,1791
21.1917,1808
21.1944,1811
21.1972,1795
21.2000,1807
21.2028,1818
21.2056,1830
21.2083,1837
21.2111,1840
21.2139,1849
21.2167,1868
21.2194,1894
21.2222,1899
21.2250,1874
21.2278,1851
21.2306,1817
21.2333,1796
21.2361,1780
21.2389,1763
21.2417,1718
21.2444,1681
21.2472,1655
21.2500,1647
21.2528,1645
21.2556,1647
21.2583,1645
21.2611,1628
21.2639,1622
21.2667,1605
21.2694,1586
21.2722,1578
21.2750,1578
21.2778,1575
21.2806,1588
21.2833,1590
21.2861,1602
21.2889,1603
21.2917,1593
21.2944,1585
21.2972,1585
21.3000,1580
21.3028,1576
21.3056,1546
21.3083,1508
21.3111,1479
21.3139,1439
21.3167,1444
21.3194,1520
21.3222,1664
21.3250,1825
21.3278,2019
21.3306,2243
21.3333,2442
21.3361,2597
21.3389,2728
21.3417,2840
21.3444,2943
21.3472,3054
21.3500,3023
21.3528,2803
21.3556,2477
21.3583,2113
21.3611,1805
21.3639,1581
21.3667,1480
21.3694,1481
21.3722,1515
21.3750,1558
21.3778,1592
21.3806,1592
21.3833,1580
21.3861,1557
21.3889,1542
21.3917,1534
21.3944,1538
21.3972,1561
21.4000,1565
21.4028,1569
21.4056,1560
21.4083,1547
21.4111,1532
21.4139,1540
21.4167,1552
21.4194,1562
21.4222,1564
21.4250,1560
21.4278,1552
21.4306,1558
21.4333,1576
21.4361,1561
21.4389,1581
21.4417,1582
21.4444,1581
21.4472,1577
21.4500,1571
21.4528,1581
21.4556,1591
21.4583,1602
21.4611,1610
21.4639,1606
21.4667,1616
21.4694,1622
21.4722,1621
21.4750,1626
21.4778,1628
21.4806,1629
21.4833,1635
21.4861,1629
21.4889,1627
21.4917,1622
21.4944,1631
21.4972,1640
21.5000,1639
21.5028,1638
21.5056,1645
21.5083,1645
21.5111,1649
21.5139,1664
21.5167,1686
21.5194,1695
21.5222,1708
21.5250,1702
21.5278,1710
21.5306,1714
21.5333,1709
21.5361,1725
21.5389,1725
21.5417,1729
21.5444,1742
21.5472,1741
21.5500,1737
21.5528,1756
21.5556,1859
21.5583,1863
21.5611,1852
21.5639,1840
21.5667,1834
21.5694,1816
21.5722,1802
21.5750,1787
21.5778,1776
21.5806,1766
21.5833,1749
21.5861,1730
21.5889,1716
21.5917,1694
21.5944,1670
21.5972,1651
21.6000,1650
21.6028,1627
21.6056,1616
21.6083,1591
21.6111,1594
21.6139,1587
21.6167,1586
21.6194,1599
21.6222,1597
21.6250,1596
21.6278,1590
21.6306,1596
21.6333,1590
21.6361,1608
21.6389,1608
21.6417,1606
21.6444,1609
21.6472,1602
21.6500,1597
21.6528,1595
21.6556,1589
21.6583,1586
21.6611,1594
21.6639,1590
21.6667,1593
21.6694,1593
21.6722,1595
21.6750,1603
21.6778,1607
21.6806,1612
21.6833,1606
21.6861,1604
21.6889,1600
21.6917,1608
21.6944,1616
21.6972,1619
21.7000,1629
21.7028,1635
21.7056,1631
21.7083,1627
21.7111,1618
21.7139,1625
21.7167,1622
21.7194,1634
21.7222,1633
21.7250,1632
21.7278,1633
21.7306,1623
21.7333,1628
21.7361,1630
21.7389,1621
21.7417,1629
21.7444,1638
21.7472,1641
21.7500,1637
21.7528,1628
21.7556,1637
21.7583,1645
21.7611,1649
21.7639,1647
21.7667,1641
21.7694,1647
21.7722,1638
21.7750,1636
21.7778,1640
21.7806,1647
21.7833,1658
21.7861,1656
21.7889,1656
21.7917,1642
21.7944,1647
21.7972,1648
21.8000,1643
21.8028,1641
21.8056,1635
21.8083,1628
21.8111,1639
21.8139,1637
21.8167,1650
21.8194,1655
21.8222,1665
21.8250,1656
21.8278,1655
21.8306,1645
21.8333,1637
21.8361,1627
21.8389,1634
21.8417,1631
21.8444,1641
21.8472,1632
21.8500,1628
21.8528,1624
21.8556,1621
21.8583,1624
21.8611,1616
21.8639,1615
21.8667,1612
21.8694,1613
21.8722,1617
21.8750,1617
21.8778,1628
21.8806,1630
21.8833,1630
21.8861,1645
21.8889,1641
21.8917,1649
21.8944,1650
21.8972,1656
21.9000,1654
21.9028,1652
21.9056,1659
21.9083,1655
21.9111,1659
21.9139,1659
21.9167,1653
21.9194,1655
21.9222,1662
21.9250,1676
21.9278,1675
21.9306,1670
21.9333,1662
21.9361,1661
21.9389,1664
21.9417,1661
21.9444,1666
21.9472,1663
21.9500,1664
21.9528,1667
21.9556,1672
21.9583,1676
21.9611,1683
21.9639,1683
21.9667,1683
21.9694,1691
21.9722,1694
21.9750,1701
21.9778,1711
21.9806,1728
21.9833,1734
21.9861,1741
21.9889,1757
21.9917,1772
21.9944,1793
21.9972,1795
22.0000,1800
22.0028,1813
22.0056,1823
22.0083,1838
22.0111,1838
22.0139,1869
22.0167,1882
22.0194,1906
22.0222,1917
22.0250,1913
22.0278,1888
22.0306,1859
22.0333,1833
22.0361,1799
22.0389,1774
22.0417,1744
22.0444,1728
22.0472,1702
22.0500,1684
22.0528,1678
22.0556,1681
22.0583,1678
22.0611,1678
22.0639,1666
22.0667,1647
22.0694,1634
22.0722,1633
22.0750,1624
22.0778,1622
22.0806,1620
22.0833,1629
22.0861,1621
22.0889,1624
22.0917,1621
22.0944,1629
22.0972,1638
22.1000,1625
22.1028,1624
22.1056,1600
22.1083,1572
22.1111,1534
22.1139,1496
22.1167,1500
22.1194,1562
22.1222,1681
22.1250,1826
22.1278,2011
22.1306,2215
22.1333,2421
22.1361,2598
22.1389,2749
22.1417,2877
22.1444,3002
22.1472,3117
22.1500,3094
22.1528,2887
22.1556,2567
22.1583,2217
22.1611,1904
22.1639,1656
22.1667,1514
22.1694,1463
22.1722,1469
22.1750,1515
22.1778,1570
22.1806,1594
22.1833,1615
22.1861,1600
22.1889,1589
22.1917,1571
22.1944,1570
22.1972,1587
22.2000,1591
22.2028,1589
22.2056,1594
22.2083,1571
22.2111,1573
22.2139,1576
22.2167,1591
22.2194,1596
22.2222,1594
22.2250,1592
22.2278,1582
22.2306,1586
22.2333,1594
22.2361,1604
22.2389,1618
22.2417,1615
22.2444,1609
22.2472,1605
22.2500,1599
22.2528,1603
22.2556,1613
22.2583,1616
22.2611,1617
22.2639,1627
22.2667,1619
22.2694,1617
22.2722,1618
22.2750,1626
22.2778,1637
22.2806,1641
22.2833,1648
22.2861,1642
22.2889,1639
22.2917,1645
22.2944,1653
22.2972,1664
22.3000,1676
22.3028,1679
22.3056,1679
22.3083,1677
22.3111,1677
22.3139,1679
22.3167,1695
22.3194,1698
22.3222,1705
22.3250,1706
22.3278,1703
22.3306,1706
22.3333,1703
22.3361,1721
22.3389,1735
22.3417,1741
22.3444,1758
22.3472,1750
22.3500,1752
22.3528,1758
22.3556,1875
22.3583,1869
22.3611,1876
22.3639,1852
22.3667,1837
22.3694,1822
22.3722,1799
22.3750,1782
22.3778,1762
22.3806,1744
22.3833,1736
22.3861,1718
22.3889,1693
22.3917,1679
22.3944,1663
22.3972,1653
22.4000,1646
22.4028,1648
22.4056,1632
22.4083,1631
22.4111,1621
22.4139,1611
22.4167,1611
22.4194,1607
22.4222,1597
22.4250,1597
22.4278,1594
22.4306,1590
22.4333,1585
22.4361,1581
22.4389,1581
22.4417,1582
22.4444,1580
22.4472,1578
22.4500,1577
22.4528,1577
22.4556,1580
22.4583,1583
22.4611,1586
22.4639,1589
22.4667,1587
22.4694,1583
22.4722,1598
22.4750,1605
22.4778,1619
22.4806,1628
22.4833,1632
22.4861,1631
22.4889,1630
22.4917,1626
22.4944,1628
22.4972,1629
22.5000,1634
22.5028,1632
22.5056,1634
22.5083,1642
22.5111,1635
22.5139,1643
22.5167,1644
22.5194,1644
22.5222,1649
22.5250,1651
22.5278,1645
22.5306,1656
22.5333,1650
22.5361,1661
22.5389,1652
22.5417,1664
22.5444,1668
22.5472,1669
22.5500,1671
22.5528,1673
22.5556,1667
22.5583,1658
22.5611,1659
22.5639,1654
22.5667,1645
22.5694,1652
22.5722,1655
22.5750,1652
22.5778,1652
22.5806,1660
22.5833,1665
22.5861,1650
22.5889,1649
22.5917,1645
22.5944,1646
22.5972,1652
22.6000,1646
22.6028,1647
22.6056,1641
22.6083,1637
22.6111,1637
22.6139,1645
22.6167,1644
22.6194,1646
22.6222,1645
22.6250,1647
22.6278,1649
22.6306,1647
22.6333,1641
22.6361,1639
22.6389,1641
22.6417,1634
22.6444,1636
22.6472,1641
22.6500,1637
22.6528,1640
22.6556,1643
22.6583,1647
22.6611,1647
22.6639,1647
22.6667,1649
22.6694,1633
22.6722,1633
22.6750,1631
22.6778,1627
22.6806,1637
22.6833,1634
22.6861,1641
22.6889,1639
22.6917,1643
22.6944,1644
22.6972,1639
22.7000,1643
22.7028,1643
22.7056,1635
22.7083,1638
22.7111,1636
22.7139,1644
22.7167,1645
22.7194,1646
22.7222,1656
22.7250,1653
22.7278,1657
22.7306,1660
22.7333,1654
22.7361,1663
22.7389,1657
22.7417,1660
22.7444,1655
22.7472,1661
22.7500,1665
22.7528,1665
22.7556,1661
22.7583,1659
22.7611,1660
22.7639,1663
22.7667,1673
22.7694,1666
22.7722,1666
22.7750,1680
22.7778,1685
22.7806,1704
22.7833,1733
22.7861,1751
22.7889,1768
22.7917,1784
22.7944,1797
22.7972,1796
22.8000,1799
22.8028,1791
22.8056,1807
22.8083,1818
22.8111,1827
22.8139,1848
22.8167,1860
22.8194,1877
22.8222,1887
22.8250,1892
22.8278,1876
22.8306,1839
22.8333,1804
22.8361,1778
22.8389,1746
22.8417,1727
22.8444,1720
22.8472,1705
22.8500,1675
22.8528,1653
22.8556,1644
22.8583,1634
22.8611,1621
22.8639,1627
22.8667,1615
22.8694,1604
22.8722,1604
22.8750,1599
22.8778,1594
22.8806,1598
22.8833,1601
22.8861,1608
22.8889,1599
22.8917,1609
22.8944,1609
22.8972,1611
22.9000,1608
22.9028,1603
22.9056,1585
22.9083,1559
22.9111,1529
22.9139,1497
22.9167,1476
22.9194,1505
22.9222,1602
22.9250,1744
22.9278,1920
22.9306,2127
22.9333,2350
22.9361,2544
22.9389,2717
22.9417,2824
22.9444,2917
22.9472,3025
22.9500,3078
22.9528,2968
22.9556,2661
22.9583,2305
22.9611,1968
22.9639,1679
22.9667,1511
22.9694,1460
22.9722,1489
22.9750,1538
22.9778,1592
22.9806,1614
22.9833,1624
22.9861,1610
22.9889,1594
22.9917,1567
22.9944,1561
22.9972,1570
23.0000,1576
23.0028,1579
23.0056,1578
23.0083,1576
23.0111,1574
23.0139,1572
23.0167,1580
23.0194,1598
23.0222,1604
23.0250,1597
23.0278,1588
23.0306,1579
23.0333,1576
23.0361,1577
23.0389,1588
23.0417,1600
23.0444,1607
23.0472,1599
23.0500,1593
23.0528,1598
23.0556,1599
23.0583,1609
23.0611,1631
23.0639,1625
23.0667,1620
23.0694,1612
23.0722,1618
23.0750,1613
23.0778,1627
23.0806,1641
23.0833,1639
23.0861,1638
23.0889,1633
23.0917,1641
23.0944,1636
23.0972,1642
23.1000,1659
23.1028,1672
23.1056,1663
23.1083,1660
23.1111,1656
23.1139,1661
23.1167,1676
23.1194,1692
23.1222,1701
23.1250,1707
23.1278,1706
23.1306,1707
23.1333,1713
23.1361,1721
23.1389,1728
23.1417,1741
23.1444,1760
23.1472,1761
23.1500,1766
23.1528,1768
23.1556,1885
23.1583,1889
23.1611,1872
23.1639,1876
23.1667,1850
23.1694,1821
23.1722,1811
23.1750,1782
23.1778,1772
23.1806,1762
23.1833,1744
23.1861,1721
23.1889,1712
23.1917,1685
23.1944,1662
23.1972,1647
23.2000,1647
23.2028,1628
23.2056,1620
23.2083,1607
23.2111,1607
23.2139,1593
23.2167,1596
23.2194,1605
23.2222,1601
23.2250,1601
23.2278,1601
23.2306,1589
23.2333,1590
23.2361,1588
23.2389,1587
23.2417,1592
23.2444,1591
23.2472,1595
23.2500,1601
23.2528,1598
23.2556,1596
23.2583,1586
23.2611,1594
23.2639,1604
23.2667,1593
23.2694,1585
23.2722,1580
23.2750,1584
23.2778,1588
23.2806,1601
23.2833,1601
23.2861,1611
23.2889,1602
23.2917,1602
23.2944,1601
23.2972,1603
23.3000,1618
23.3028,1618
23.3056,1623
23.3083,1627
23.3111,1633
23.3139,1630
23.3167,1634
23.3194,1653
23.3222,1664
23.3250,1665
23.3278,1679
23.3306,1670
23.3333,1671
23.3361,1671
23.3389,1677
23.3417,1681
23.3444,1675
23.3472,1670
23.3500,1671
23.3528,1665
23.3556,1671
23.3583,1658
23.3611,1667
23.3639,1668
23.3667,1664
23.3694,1664
23.3722,1673
23.3750,1662
23.3778,1653
23.3806,1660
23.3833,1660
23.3861,1660
23.3889,1651
23.3917,1655
23.3944,1649
23.3972,1647
23.4000,1645
23.4028,1648
23.4056,1650
23.4083,1639
23.4111,1636
23.4139,1629
23.4167,1641
23.4194,1647
23.4222,1637
23.4250,1634
23.4278,1635
23.4306,1628
23.4333,1627
23.4361,1625
23.4389,1623
23.4417,1631
23.4444,1630
23.4472,1625
23.4500,1632
23.4528,1627
23.4556,1634
23.4583,1639
23.4611,1649
23.4639,1649
23.4667,1650
23.4694,1658
23.4722,1659
23.4750,1663
23.4778,1665
23.4806,1671
23.4833,1679
23.4861,1679
23.4889,1674
23.4917,1668
23.4944,1675
23.4972,1681
23.5000,1684
23.5028,1690
23.5056,1702
23.5083,1702
23.5111,1703
23.5139,1703
23.5167,1703
23.5194,1714
23.5222,1720
23.5250,1730
23.5278,1737
23.5306,1744
23.5333,1738
23.5361,1735
23.5389,1731
23.5417,1730
23.5444,1734
23.5472,1743
23.5500,1744
23.5528,1749
23.5556,1755
23.5583,1758
23.5611,1755
23.5639,1750
23.5667,1749
23.5694,1751
23.5722,1750
23.5750,1752
23.5778,1770
23.5806,1785
23.5833,1807
23.5861,1837
23.5889,1855
23.5917,1863
23.5944,1882
23.5972,1885
23.6000,1892
23.6028,1884
23.6056,1875
23.6083,1881
23.6111,1897
23.6139,1907
23.6167,1928
23.6194,1935
23.6222,1951
23.6250,1976
23.6278,1989
23.6306,1984
23.6333,1966
23.6361,1931
23.6389,1903
23.6417,1876
23.6444,1848
23.6472,1826
23.6500,1809
23.6528,1783
23.6556,1766
23.6583,1756
23.6611,1758
23.6639,1756
23.6667,1744
23.6694,1737
23.6722,1729
23.6750,1727
23.6778,1709
23.6806,1718
23.6833,1717
23.6861,1703
23.6889,1703
23.6917,1699
23.6944,1702
23.6972,1702
23.7000,1699
23.7028,1698
23.7056,1698
23.7083,1687
23.7111,1651
23.7139,1635
23.7167,1607
23.7194,1560
23.7222,1544
23.7250,1593
23.7278,1704
23.7306,1853
23.7333,2037
23.7361,2252
23.7389,2469
23.7417,2660
23.7444,2809
23.7472,2897
23.7500,3001
23.7528,3109
23.7556,3126
23.7583,2961
23.7611,2658
23.7639,2303
23.7667,1974
23.7694,1730
23.7722,1594
23.7750,1564
23.7778,1603
23.7806,1651
23.7833,1693
23.7861,1724
23.7889,1716
23.7917,1703
23.7944,1675
23.7972,1655
23.8000,1650
23.8028,1647
23.8056,1660
23.8083,1666
23.8111,1654
23.8139,1652
23.8167,1649
23.8194,1645
23.8222,1658
23.8250,1681
23.8278,1684
23.8306,1681
23.8333,1668
23.8361,1665
23.8389,1663
23.8417,1670
23.8444,1673
23.8472,1688
23.8500,1700
23.8528,1705
23.8556,1701
23.8583,1700
23.8611,1701
23.8639,1683
23.8667,1681
23.8694,1682
23.8722,1684
23.8750,1683
23.8778,1711
23.8806,1730
23.8833,1753
23.8861,1772
23.8889,1787
23.8917,1794
23.8944,1792
23.8972,1785
23.9000,1781
23.9028,1787
23.9056,1799
23.9083,1810
23.9111,1824
23.9139,1820
23.9167,1826
23.9194,1830
23.9222,1844
23.9250,1846
23.9278,1855
23.9306,1861
23.9333,1862
23.9361,1862
23.9389,1863
23.9417,1876
23.9444,1886
23.9472,1892
23.9500,1888
23.9528,1896
23.9556,1907
23.9583,1907
23.9611,1972
23.9639,1977
23.9667,1969
23.9694,1952
23.9722,1936
23.9750,1916
23.9778,1900
23.9806,1879
23.9833,1868
23.9861,1838
23.9889,1814
23.9917,1799
23.9944,1777
23.9972,1758
24.0000,1745
24.0028,1740
24.0056,1733
24.0083,1731
24.0111,1728
24.0139,1720
24.0167,1700
24.0194,1689
24.0222,1686
24.0250,1687
24.0278,1692
24.0306,1688
24.0333,1687
24.0361,1684
24.0389,1698
24.0417,1695
24.0444,1682
24.0472,1683
24.0500,1667
24.0528,1658
24.0556,1648
24.0583,1642
24.0611,1639
24.0639,1638
24.0667,1655
24.0694,1655
24.0722,1656
24.0750,1646
24.0778,1655
24.0806,1648
24.0833,1646
24.0861,1657
24.0889,1660
24.0917,1648
24.0944,1653
24.0972,1655
24.1000,1655
24.1028,1660
24.1056,1664
24.1083,1666
24.1111,1660
24.1139,1651
24.1167,1644
24.1194,1655
24.1222,1658
24.1250,1672
24.1278,1682
24.1306,1689
24.1333,1686
24.1361,1668
24.1389,1667
24.1417,1668
24.1444,1671
24.1472,1677
24.1500,1680
24.1528,1678
24.1556,1677
24.1583,1675
24.1611,1685
24.1639,1689
24.1667,1687
24.1694,1682
24.1722,1674
24.1750,1660
24.1778,1662
24.1806,1663
24.1833,1667
24.1861,1682
24.1889,1683
24.1917,1679
24.1944,1662
24.1972,1654
24.2000,1641
24.2028,1640
24.2056,1650
24.2083,1657
24.2111,1654
24.2139,1662
24.2167,1657
24.2194,1649
24.2222,1657
24.2250,1658
24.2278,1653
24.2306,1654
24.2333,1637
24.2361,1645
24.2389,1645
24.2417,1649
24.2444,1650
24.2472,1646
24.2500,1638
24.2528,1635
24.2556,1630
24.2583,1635
24.2611,1633
24.2639,1644
24.2667,1651
24.2694,1654
24.2722,1649
24.2750,1641
24.2778,1640
24.2806,1644
24.2833,1650
24.2861,1641
24.2889,1647
24.2917,1643
24.2944,1650
24.2972,1643
24.3000,1652
24.3028,1641
24.3056,1646
24.3083,1643
24.3111,1644
24.3139,1642
24.3167,1643
24.3194,1646
24.3222,1649
24.3250,1661
24.3278,1665
24.3306,1666
24.3333,1670
24.3361,1674
24.3389,1669
24.3417,1666
24.3444,1664
24.3472,1666
24.3500,1671
24.3528,1671
24.3556,1669
24.3583,1677
24.3611,1678
24.3639,1679
24.3667,1690
24.3694,1711
24.3722,1725
24.3750,1744
24.3778,1746
24.3806,1762
24.3833,1773
24.3861,1802
24.3889,1815
24.3917,1822
24.3944,1823
24.3972,1826
24.4000,1838
24.4028,1847
24.4056,1847
24.4083,1864
24.4111,1879
24.4139,1892
24.4167,1899
24.4194,1899
24.4222,1882
24.4250,1857
24.4278,1837
24.4306,1805
24.4333,1787
24.4361,1758
24.4389,1733
24.4417,1722
24.4444,1701
24.4472,1691
24.4500,1680
24.4528,1677
24.4556,1667
24.4583,1664
24.4611,1652
24.4639,1644
24.4667,1641
24.4694,1628
24.4722,1623
24.4750,1610
24.4778,1611
24.4806,1615
24.4833,1617
24.4861,1628
24.4889,1628
24.4917,1628
24.4944,1630
24.4972,1615
24.5000,1598
24.5028,1569
24.5056,1544
24.5083,1513
24.5111,1488
24.5139,1522
24.5167,1618
24.5194,1756
24.5222,1923
24.5250,2117
24.5278,2332
24.5306,2515
24.5333,2673
24.5361,2799
24.5389,2922
24.5417,3023
24.5444,3073
24.5472,2943
24.5500,2648
24.5528,2298
24.5556,1976
24.5583,1713
24.5611,1545
24.5639,1486
24.5667,1492
24.5694,1538
24.5722,1575
24.5750,1616
24.5778,1627
24.5806,1625
24.5833,1599
24.5861,1589
24.5889,1574
24.5917,1580
24.5944,1579
24.5972,1574
24.6000,1574
24.6028,1565
24.6056,1561
24.6083,1563
24.6111,1574
24.6139,1585
24.6167,1590
24.6194,1592
24.6222,1586
24.6250,1586
24.6278,1589
24.6306,1592
24.6333,1601
24.6361,1608
24.6389,1609
24.6417,1608
24.6444,1606
24.6472,1612
24.6500,1616
24.6528,1625
24.6556,1635
24.6583,1628
24.6611,1621
24.6639,1617
24.6667,1618
24.6694,1613
24.6722,1627
24.6750,1635
24.6778,1644
24.6806,1643
24.6833,1644
24.6861,1641
24.6889,1651
24.6917,1660
24.6944,1670
24.6972,1671
24.7000,1668
24.7028,1666
24.7056,1657
24.7083,1673
24.7111,1677
24.7139,1699
24.7167,1698
24.7194,1703
24.7222,1702
24.7250,1700
24.7278,1704
24.7306,1709
24.7333,1725
24.7361,1734
24.7389,1737
24.7417,1734
24.7444,1735
24.7472,1739
24.7500,1880
24.7528,1875
24.7556,1872
24.7583,1857
24.7611,1855
24.7639,1843
24.7667,1822
24.7694,1799
24.7722,1775
24.7750,1755
24.7778,1732
24.7806,1718
24.7833,1698
24.7861,1668
24.7889,1654
24.7917,1640
24.7944,1639
24.7972,1638
24.8000,1626
24.8028,1609
24.8056,1597
24.8083,1592
24.8111,1576
24.8139,1579
24.8167,1573
24.8194,1569
24.8222,1564
24.8250,1562
24.8278,1560
24.8306,1565
24.8333,1560
24.8361,1570
24.8389,1566
24.8417,1557
24.8444,1550
24.8472,1558
24.8500,1551
24.8528,1559
24.8556,1563
24.8583,1562
24.8611,1573
24.8639,1574
24.8667,1570
24.8694,1572
24.8722,1584
24.8750,1580
24.8778,1597
24.8806,1599
24.8833,1594
24.8861,1601
24.8889,1597
24.8917,1600
24.8944,1606
24.8972,1605
24.9000,1598
24.9028,1589
24.9056,1592
24.9083,1593
24.9111,1596
24.9139,1602
24.9167,1608
24.9194,1617
24.9222,1612
24.9250,1624
24.9278,1619
24.9306,1626
24.9333,1613
24.9361,1615
24.9389,1625
24.9417,1623
24.9444,1617
24.9472,1610
24.9500,1604
24.9528,1604
24.9556,1606
24.9583,1607
24.9611,1608
24.9639,1613
24.9667,1603
24.9694,1610
24.9722,1614
24.9750,1610
24.9778,1619
24.9806,1609
24.9833,1598
24.9861,1587
24.9889,1590
24.9917,1587
24.9944,1587
24.9972,1589
25.0000,1579
25.0028,1586
25.0056,1595
25.0083,1582
25.0111,1585
25.0139,1585
25.0167,1572
25.0194,1571
25.0222,1563
25.0250,1552
25.0278,1559
25.0306,1557
25.0333,1565
25.0361,1572
25.0389,1580
25.0417,1576
25.0444,1580
25.0472,1584
25.0500,1591
25.0528,1594
25.0556,1589
25.0583,1582
25.0611,1577
25.0639,1568
25.0667,1573
25.0694,1573
25.0722,1584
25.0750,1582
25.0778,1594
25.0806,1599
25.0833,1595
25.0861,1597
25.0889,1593
25.0917,1597
25.0944,1587
25.0972,1589
25.1000,1586
25.1028,1589
25.1056,1589
25.1083,1598
25.1111,1599
25.1139,1598
25.1167,1603
25.1194,1609
25.1222,1610
25.1250,1597
25.1278,1596
25.1306,1597
25.1333,1593
25.1361,1605
25.1389,1615
25.1417,1616
25.1444,1628
25.1472,1635
25.1500,1636
25.1528,1649
25.1556,1675
25.1583,1695
25.1611,1716
25.1639,1721
25.1667,1733
25.1694,1760
25.1722,1749
25.1750,1750
25.1778,1756
25.1806,1751
25.1833,1780
25.1861,1786
25.1889,1782
25.1917,1789
25.1944,1818
25.1972,1830
25.2000,1846
25.2028,1839
25.2056,1820
25.2083,1789
25.2111,1760
25.2139,1744
25.2167,1717
25.2194,1688
25.2222,1663
25.2250,1624
25.2278,1618
25.2306,1597
25.2333,1604
25.2361,1596
25.2389,1595
25.2417,1597
25.2444,1589
25.2472,1584
25.2500,1573
25.2528,1566
25.2556,1574
25.2583,1558
25.2611,1552
25.2639,1556
25.2667,1555
25.2694,1555
25.2722,1556
25.2750,1569
25.2778,1575
25.2806,1567
25.2833,1542
25.2861,1527
25.2889,1498
25.2917,1449
25.2944,1416
25.2972,1452
25.3000,1579
25.3028,1756
25.3056,1937
25.3083,2142
25.3111,2360
25.3139,2543
25.3167,2696
25.3194,2819
25.3222,2930
25.3250,3029
25.3278,2993
25.3306,2796
25.3333,2462
25.3361,2109
25.3389,1804
25.3417,1562
25.3444,1442
25.3472,1424
25.3500,1465
25.3528,1509
25.3556,1537
25.3583,1554
25.3611,1532
25.3639,1508
25.3667,1484
25.3694,1461
25.3722,1460
25.3750,1467
25.3778,1469
25.3806,1474
25.3833,1465
25.3861,1458
25.3889,1459
25.3917,1470
25.3944,1490
25.3972,1512
25.4000,1521
25.4028,1520
25.4056,1517
25.4083,1516
25.4111,1523
25.4139,1531
25.4167,1551
25.4194,1557
25.4222,1553
25.4250,1543
25.4278,1549
25.4306,1572
25.4333,1582
25.4361,1596
25.4389,1613
25.4417,1618
25.4444,1610
25.4472,1610
25.4500,1609
25.4528,1626
25.4556,1644
25.4583,1643
25.4611,1647
25.4639,1634
25.4667,1623
25.4694,1625
25.4722,1631
25.4750,1638
25.4778,1642
25.4806,1654
25.4833,1657
25.4861,1648
25.4889,1640
25.4917,1644
25.4944,1652
25.4972,1673
25.5000,1672
25.5028,1664
25.5056,1659
25.5083,1659
25.5111,1662
25.5139,1677
25.5167,1695
25.5194,1712
25.5222,1724
25.5250,1732
25.5278,1735
25.5306,1737
25.5333,1783
25.5361,1782
25.5389,1779
25.5417,1757
25.5444,1728
25.5472,1712
25.5500,1683
25.5528,1671
25.5556,1668
25.5583,1645
25.5611,1634
25.5639,1619
25.5667,1594
25.5694,1586
25.5722,1576
25.5750,1577
25.5778,1557
25.5806,1555
25.5833,1545
25.5861,1533
25.5889,1523
25.5917,1515
25.5944,1513
25.5972,1527
25.6000,1531
25.6028,1534
25.6056,1533
25.6083,1535
25.6111,1521
25.6139,1509
25.6167,1501
25.6194,1509
25.6222,1522
25.6250,1514
25.6278,1519
25.6306,1504
25.6333,1502
25.6361,1514
25.6389,1524
25.6417,1521
25.6444,1512
25.6472,1499
25.6500,1494
25.6528,1480
25.6556,1482
25.6583,1488
25.6611,1484
25.6639,1481
25.6667,1492
25.6694,1516
25.6722,1516
25.6750,1542
25.6778,1548
25.6806,1551
25.6833,1537
25.6861,1524
25.6889,1521
25.6917,1529
25.6944,1544
25.6972,1555
25.7000,1558
25.7028,1561
25.7056,1559
25.7083,1557
25.7111,1562
25.7139,1559
25.7167,1566
25.7194,1566
25.7222,1576
25.7250,1568
25.7278,1560
25.7306,1568
25.7333,1571
25.7361,1561
25.7389,1556
25.7417,1558
25.7444,1547
25.7472,1553
25.7500,1541
25.7528,1542
25.7556,1550
25.7583,1541
25.7611,1535
25.7639,1539
25.7667,1528
25.7694,1536
25.7722,1536
25.7750,1534
25.7778,1539
25.7806,1542
25.7833,1549
25.7861,1546
25.7889,1550
25.7917,1542
25.7944,1541
25.7972,1536
25.8000,1529
25.8028,1537
25.8056,1530
25.8083,1536
25.8111,1541
25.8139,1538
25.8167,1540
25.8194,1534
25.8222,1545
25.8250,1536
25.8278,1535
25.8306,1538
25.8333,1539
25.8361,1542
25.8389,1549
25.8417,1550
25.8444,1548
25.8472,1545
25.8500,1540
25.8528,1541
25.8556,1547
25.8583,1541
25.8611,1544
25.8639,1530
25.8667,1533
25.8694,1544
25.8722,1540
25.8750,1535
25.8778,1521
25.8806,1515
25.8833,1509
25.8861,1514
25.8889,1533
25.8917,1547
25.8944,1560
25.8972,1565
25.9000,1559
25.9028,1570
25.9056,1594
25.9083,1613
25.9111,1627
25.9139,1644
25.9167,1658
25.9194,1666
25.9222,1672
25.9250,1674
25.9278,1681
25.9306,1690
25.9333,1707
25.9361,1715
25.9389,1715
25.9417,1719
25.9444,1739
25.9472,1761
25.9500,1780
25.9528,1780
25.9556,1764
25.9583,1725
25.9611,1692
25.9639,1672
25.9667,1645
25.9694,1617
25.9722,1586
25.9750,1560
25.9778,1539
25.9806,1525
25.9833,1514
25.9861,1516
25.9889,1517
25.9917,1510
25.9944,1504
25.9972,1496
26.0000,1501
26.0028,1501
26.0056,1500
26.0083,1496
26.0111,1491
26.0139,1493
26.0167,1511
26.0194,1516
26.0222,1519
26.0250,1515
26.0278,1517
26.0306,1508
26.0333,1488
26.0361,1463
26.0389,1428
26.0417,1399
26.0444,1367
26.0472,1391
26.0500,1480
26.0528,1628
26.0556,1814
26.0583,2015
26.0611,2235
26.0639,2426
26.0667,2574
26.0694,2689
26.0722,2796
26.0750,2893
26.0778,2923
26.0806,2774
26.0833,2499
26.0861,2159
26.0889,1841
26.0917,1580
26.0944,1421
26.0972,1375
26.1000,1400
26.1028,1444
26.1056,1482
26.1083,1498
26.1111,1487
26.1139,1465
26.1167,1444
26.1194,1428
26.1222,1421
26.1250,1426
26.1278,1422
26.1306,1424
26.1333,1427
26.1361,1418
26.1389,1420
26.1417,1426
26.1444,1430
26.1472,1438
26.1500,1445
26.1528,1435
26.1556,1437
26.1583,1425
26.1611,1438
26.1639,1459
26.1667,1472
26.1694,1468
26.1722,1464
26.1750,1458
26.1778,1452
26.1806,1447
26.1833,1455
26.1861,1468
26.1889,1476
26.1917,1486
26.1944,1486
26.1972,1496
26.2000,1497
26.2028,1496
26.2056,1505
26.2083,1502
26.2111,1510
26.2139,1506
26.2167,1505
26.2194,1503
26.2222,1511
26.2250,1516
26.2278,1528
26.2306,1535
26.2333,1525
26.2361,1527
26.2389,1532
26.2417,1531
26.2444,1541
26.2472,1550
26.2500,1561
26.2528,1575
26.2556,1574
26.2583,1587
26.2611,1581
26.2639,1581
26.2667,1593
26.2694,1608
26.2722,1618
26.2750,1613
26.2778,1617
26.2806,1624
26.2833,1736
26.2861,1741
26.2889,1736
26.2917,1725
26.2944,1705
26.2972,1682
26.3000,1671
26.3028,1655
26.3056,1646
26.3083,1630
26.3111,1611
26.3139,1593
26.3167,1569
26.3194,1544
26.3222,1530
26.3250,1518
26.3278,1507
26.3306,1507
26.3333,1497
26.3361,1483
26.3389,1474
26.3417,1470
26.3444,1462
26.3472,1460
26.3500,1460
26.3528,1450
26.3556,1449
26.3583,1447
26.3611,1434
26.3639,1440
26.3667,1448
26.3694,1436
26.3722,1439
26.3750,1441
26.3778,1433
26.3806,1428
26.3833,1412
26.3861,1420
26.3889,1426
26.3917,1429
26.3944,1427
26.3972,1433
26.4000,1423
26.4028,1419
26.4056,1426
26.4083,1420
26.4111,1426
26.4139,1430
26.4167,1430
26.4194,1425
26.4222,1426
26.4250,1437
26.4278,1438
26.4306,1443
26.4333,1442
26.4361,1441
26.4389,1445
26.4417,1444
26.4444,1450
26.4472,1462
26.4500,1469
26.4528,1475
26.4556,1471
26.4583,1471
26.4611,1481
26.4639,1494
26.4667,1487
26.4694,1490
26.4722,1489
26.4750,1487
26.4778,1480
26.4806,1474
26.4833,1477
26.4861,1480
26.4889,1480
26.4917,1489
26.4944,1482
26.4972,1472
26.5000,1476
26.5028,1474
26.5056,1466
26.5083,1471
26.5111,1472
26.5139,1464
26.5167,1460
26.5194,1457
26.5222,1445
26.5250,1455
26.5278,1451
26.5306,1448
26.5333,1456
26.5361,1449
26.5389,1452
26.5417,1445
26.5444,1456
26.5472,1454
26.5500,1466
26.5528,1463
26.5556,1461
26.5583,1453
26.5611,1454
26.5639,1449
26.5667,1450
26.5694,1455
26.5722,1462
26.5750,1456
26.5778,1462
26.5806,1454
26.5833,1461
26.5861,1460
26.5889,1469
26.5917,1474
26.5944,1466
26.5972,1468
26.6000,1473
26.6028,1466
26.6056,1463
26.6083,1468
26.6111,1470
26.6139,1470
26.6167,1468
26.6194,1469
26.6222,1473
26.6250,1480
26.6278,1488
26.6306,1490
26.6333,1482
26.6361,1483
26.6389,1489
26.6417,1491
26.6444,1516
26.6472,1545
26.6500,1570
26.6528,1589
26.6556,1604
26.6583,1613
26.6611,1617
26.6639,1628
26.6667,1636
26.6694,1649
26.6722,1657
26.6750,1672
26.6778,1678
26.6806,1690
26.6833,1698
26.6861,1717
26.6889,1743
26.6917,1777
26.6944,1785
26.6972,1774
26.7000,1746
26.7028,1712
26.7056,1677
26.7083,1649
26.7111,1637
26.7139,1616
26.7167,1596
26.7194,1576
26.7222,1569
26.7250,1561
26.7278,1552
26.7306,1544
26.7333,1538
26.7361,1528
26.7389,1527
26.7417,1522
26.7444,1523
26.7472,1524
26.7500,1523
26.7528,1526
26.7556,1530
26.7583,1529
26.7611,1542
26.7639,1548
26.7667,1556
26.7694,1566
26.7722,1569
26.7750,1562
26.7778,1543
26.7806,1515
26.7833,1491
26.7861,1459
26.7889,1446
26.7917,1507
26.7944,1623
26.7972,1772
26.8000,1955
26.8028,2158
26.8056,2348
26.8083,2520
26.8111,2662
26.8139,2787
26.8167,2924
26.8194,3038
26.8222,3017
26.8250,2820
26.8278,2500
26.8306,2162
26.8333,1851
26.8361,1614
26.8389,1487
26.8417,1465
26.8444,1496
26.8472,1549
26.8500,1599
26.8528,1628
26.8556,1641
26.8583,1624
26.8611,1613
26.8639,1596
26.8667,1597
26.8694,1608
26.8722,1620
26.8750,1632
26.8778,1635
26.8806,1624
26.8833,1621
26.8861,1625
26.8889,1636
26.8917,1645
26.8944,1646
26.8972,1629
26.9000,1627
26.9028,1623
26.9056,1630
26.9083,1637
26.9111,1651
26.9139,1653
26.9167,1663
26.9194,1663
26.9222,1658
26.9250,1675
26.9278,1674
26.9306,1687
26.9333,1689
26.9361,1694
26.9389,1697
26.9417,1698
26.9444,1701
26.9472,1707
26.9500,1720
26.9528,1721
26.9556,1731
26.9583,1727
26.9611,1731
26.9639,1733
26.9667,1740
26.9694,1744
26.9722,1756
26.9750,1768
26.9778,1776
26.9806,1776
26.9833,1780
26.9861,1792
26.9889,1803
26.9917,1808
26.9944,1809
26.9972,1807
27.0000,1808
27.0028,1805
27.0056,1817
27.0083,1832
27.0111,1855
27.0139,1859
27.0167,1872
27.0194,1871
27.0222,1879
27.0250,1889
27.0278,2027
27.0306,2028
27.0333,2012
27.0361,1996
27.0389,1982
27.0417,1972
27.0444,1942
27.0472,1926
27.0500,1921
27.0528,1906
27.0556,1891
27.0583,1884
27.0611,1861
27.0639,1845
27.0667,1839
27.0694,1827
27.0722,1823
27.0750,1813
27.0778,1801
27.0806,1796
27.0833,1786
27.0861,1788
27.0889,1781
27.0917,1785
27.0944,1782
27.0972,1776
27.1000,1772
27.1028,1772
27.1056,1765
27.1083,1777
27.1111,1774
27.1139,1778
27.1167,1784
27.1194,1770
27.1222,1769
27.1250,1765
27.1278,1766
27.1306,1763
27.1333,1764
27.1361,1765
27.1389,1763
27.1417,1764
27.1444,1782
27.1472,1777
27.1500,1772
27.1528,1787
27.1556,1792
27.1583,1791
27.1611,1792
27.1639,1790
27.1667,1785
27.1694,1785
27.1722,1803
27.1750,1802
27.1778,1811
27.1806,1803
27.1833,1810
27.1861,1813
27.1889,1815
27.1917,1826
27.1944,1825
27.1972,1833
27.2000,1833
27.2028,1825
27.2056,1822
27.2083,1829
27.2111,1836
27.2139,1828
27.2167,1832
27.2194,1824
27.2222,1823
27.2250,1818
27.2278,1822
27.2306,1829
27.2333,1827
27.2361,1823
27.2389,1829
27.2417,1826
27.2444,1819
27.2472,1828
27.2500,1822
27.2528,1823
27.2556,1823
27.2583,1822
27.2611,1815
27.2639,1825
27.2667,1818
27.2694,1815
27.2722,1818
27.2750,1813
27.2778,1809
27.2806,1805
27.2833,1799
27.2861,1797
27.2889,1797
27.2917,1798
27.2944,1792
27.2972,1798
27.3000,1795
27.3028,1793
27.3056,1789
27.3083,1792
27.3111,1781
27.3139,1777
27.3167,1778
27.3194,1776
27.3222,1770
27.3250,1762
27.3278,1758
27.3306,1763
27.3333,1761
27.3361,1758
27.3389,1749
27.3417,1759
27.3444,1751
27.3472,1761
27.3500,1759
27.3528,1748
27.3556,1751
27.3583,1744
27.3611,1737
27.3639,1744
27.3667,1749
27.3694,1750
27.3722,1760
27.3750,1776
27.3778,1806
27.3806,1826
27.3833,1829
27.3861,1833
27.3889,1851
27.3917,1860
27.3944,1857
27.3972,1867
27.4000,1880
27.4028,1893
27.4056,1907
27.4083,1907
27.4111,1909
27.4139,1918
27.4167,1938
27.4194,1953
27.4222,1956
27.4250,1950
27.4278,1927
27.4306,1905
27.4333,1863
27.4361,1835
27.4389,1817
27.4417,1782
27.4444,1750
27.4472,1723
27.4500,1720
27.4528,1694
27.4556,1699
27.4583,1678
27.4611,1670
27.4639,1661
27.4667,1655
27.4694,1643
27.4722,1638
27.4750,1631
27.4778,1632
27.4806,1621
27.4833,1626
27.4861,1628
27.4889,1625
27.4917,1629
27.4944,1632
27.4972,1631
27.5000,1627
27.5028,1622
27.5056,1605
27.5083,1579
27.5111,1549
27.5139,1503
27.5167,1490
27.5194,1536
27.5222,1644
27.5250,1790
27.5278,1966
27.5306,2190
27.5333,2417
27.5361,2595
27.5389,2764
27.5417,2888
27.5444,2996
27.5472,3093
27.5500,3093
27.5528,2908
27.5556,2602
27.5583,2254
27.5611,1941
27.5639,1693
27.5667,1553
27.5694,1525
27.5722,1554
27.5750,1597
27.5778,1644
27.5806,1677
27.5833,1688
27.5861,1687
27.5889,1673
27.5917,1663
27.5944,1649
27.5972,1653
27.6000,1664
27.6028,1656
27.6056,1646
27.6083,1638
27.6111,1646
27.6139,1638
27.6167,1646
27.6194,1646
27.6222,1652
27.6250,1642
27.6278,1625
27.6306,1615
27.6333,1623
27.6361,1623
27.6389,1620
27.6417,1608
27.6444,1606
27.6472,1594
27.6500,1589
27.6528,1584
27.6556,1593
27.6583,1602
27.6611,1627
27.6639,1641
27.6667,1638
27.6694,1644
27.6722,1663
27.6750,1673
27.6778,1703
27.6806,1708
27.6833,1712
27.6861,1717
27.6889,1718
27.6917,1723
27.6944,1747
27.6972,1746
27.7000,1764
27.7028,1777
27.7056,1782
27.7083,1797
27.7111,1814
27.7139,1834
27.7167,1853
27.7194,1880
27.7222,1895
27.7250,1902
27.7278,1908
27.7306,1920
27.7333,1931
27.7361,1951
27.7389,1968
27.7417,1990
27.7444,2004
27.7472,2020
27.7500,2029
27.7528,2056
27.7556,2111
27.7583,2113
27.7611,2098
27.7639,2073
27.7667,2052
27.7694,2039
27.7722,2001
27.7750,1990
27.7778,1963
27.7806,1930
27.7833,1907
27.7861,1878
27.7889,1861
27.7917,1847
27.7944,1833
27.7972,1833
27.8000,1814
27.8028,1811
27.8056,1809
27.8083,1779
27.8111,1783
27.8139,1772
27.8167,1774
27.8194,1770
27.8222,1768
27.8250,1764
27.8278,1756
27.8306,1754
27.8333,1757
27.8361,1747
27.8389,1754
27.8417,1759
27.8444,1760
27.8472,1755
27.8500,1746
27.8528,1749
27.8556,1734
27.8583,1745
27.8611,1741
27.8639,1741
27.8667,1737
27.8694,1726
27.8722,1723
27.8750,1715
27.8778,1706
27.8806,1706
27.8833,1718
27.8861,1717
27.8889,1711
27.8917,1705
27.8944,1704
27.8972,1704
27.9000,1702
27.9028,1695
27.9056,1696
27.9083,1685
27.9111,1675
27.9139,1680
27.9167,1689
27.9194,1691
27.9222,1701
27.9250,1694
27.9278,1697
27.9306,1696
27.9333,1703
27.9361,1706
27.9389,1709
27.9417,1703
27.9444,1711
27.9472,1706
27.9500,1701
27.9528,1715
27.9556,1704
27.9583,1712
27.9611,1708
27.9639,1707
27.9667,1710
27.9694,1710
27.9722,1708
27.9750,1708
27.9778,1703
27.9806,1704
27.9833,1712
27.9861,1711
27.9889,1715
27.9917,1714
27.9944,1708
27.9972,1699
28.0000,1709
28.0028,1716
28.0056,1702
28.0083,1702
28.0111,1696
28.0139,1686
28.0167,1693
28.0194,1687
28.0222,1698
28.0250,1697
28.0278,1699
28.0306,1698
28.0333,1694
28.0361,1696
28.0389,1697
28.0417,1695
28.0444,1701
28.0472,1690
28.0500,1696
28.0528,1690
28.0556,1692
28.0583,1696
28.0611,1701
28.0639,1705
28.0667,1703
28.0694,1706
28.0722,1704
28.0750,1709
28.0778,1706
28.0806,1705
28.0833,1699
28.0861,1703
28.0889,1708
28.0917,1703
28.0944,1695
28.0972,1701
28.1000,1704
28.1028,1691
28.1056,1693
28.1083,1689
28.1111,1691
28.1139,1699
28.1167,1700
28.1194,1709
28.1222,1718
28.1250,1726
28.1278,1752
28.1306,1774
28.1333,1794
28.1361,1808
28.1389,1829
28.1417,1850
28.1444,1859
28.1472,1865
28.1500,1853
28.1528,1861
28.1556,1876
28.1583,1892
28.1611,1901
28.1639,1891
28.1667,1906
28.1694,1923
28.1722,1936
28.1750,1940
28.1778,1929
28.1806,1913
28.1833,1884
28.1861,1860
28.1889,1842
28.1917,1812
28.1944,1804
28.1972,1774
28.2000,1750
28.2028,1742
28.2056,1734
28.2083,1718
28.2111,1716
28.2139,1707
28.2167,1701
28.2194,1698
28.2222,1693
28.2250,1690
28.2278,1685
28.2306,1685
28.2333,1674
28.2361,1675
28.2389,1674
28.2417,1682
28.2444,1695
28.2472,1695
28.2500,1699
28.2528,1698
28.2556,1684
28.2583,1671
28.2611,1637
28.2639,1603
28.2667,1569
28.2694,1543
28.2722,1587
28.2750,1696
28.2778,1854
28.2806,2036
28.2833,2265
28.2861,2481
28.2889,2667
28.2917,2806
28.2944,2907
28.2972,3001
28.3000,3091
28.3028,3116
28.3056,2957
28.3083,2654
28.3111,2309
28.3139,2002
28.3167,1740
28.3194,1604
28.3222,1565
28.3250,1603
28.3278,1660
28.3306,1709
28.3333,1728
28.3361,1731
28.3389,1719
28.3417,1695
28.3444,1684
28.3472,1670
28.3500,1678
28.3528,1688
28.3556,1689
28.3583,1691
28.3611,1679
28.3639,1666
28.3667,1666
28.3694,1676
28.3722,1683
28.3750,1686
28.3778,1678
28.3806,1680
28.3833,1682
28.3861,1679
28.3889,1688
28.3917,1698
28.3944,1711
28.3972,1710
28.4000,1707
28.4028,1694
28.4056,1703
28.4083,1706
28.4111,1714
28.4139,1727
28.4167,1724
28.4194,1722
28.4222,1710
28.4250,1711
28.4278,1719
28.4306,1729
28.4333,1736
28.4361,1747
28.4389,1751
28.4417,1742
28.4444,1737
28.4472,1749
28.4500,1750
28.4528,1756
28.4556,1770
28.4583,1765
28.4611,1751
28.4639,1756
28.4667,1758
28.4694,1765
28.4722,1774
28.4750,1783
28.4778,1797
28.4806,1808
28.4833,1814
28.4861,1821
28.4889,1835
28.4917,1849
28.4944,1867
28.4972,1876
28.5000,1879
28.5028,1883
28.5056,1905
28.5083,1997
28.5111,1997
28.5139,1994
28.5167,1980
28.5194,1959
28.5222,1938
28.5250,1917
28.5278,1904
28.5306,1895
28.5333,1882
28.5361,1860
28.5389,1846
28.5417,1820
28.5444,1806
28.5472,1791
28.5500,1775
28.5528,1770
28.5556,1761
28.5583,1752
28.5611,1747
28.5639,1738
28.5667,1727
28.5694,1725
28.5722,1724
28.5750,1724
28.5778,1721
28.5806,1708
28.5833,1707
28.5861,1691
28.5889,1689
28.5917,1688
28.5944,1685
28.5972,1683
28.6000,1684
28.6028,1686
28.6056,1687
28.6083,1673
28.6111,1676
28.6139,1681
28.6167,1684
28.6194,1674
28.6222,1667
28.6250,1661
28.6278,1657
28.6306,1654
28.6333,1671
28.6361,1670
28.6389,1660
28.6417,1654
28.6444,1661
28.6472,1660
28.6500,1659
28.6528,1657
28.6556,1663
28.6583,1663
28.6611,1670
28.6639,1666
28.6667,1668
28.6694,1658
28.6722,1663
28.6750,1674
28.6778,1675
28.6806,1678
28.6833,1686
28.6861,1681
28.6889,1680
28.6917,1685
28.6944,1683
28.6972,1688
28.7000,1686
28.7028,1693
28.7056,1693
28.7083,1690
28.7111,1696
28.7139,1693
28.7167,1686
28.7194,1691
28.7222,1690
28.7250,1694
28.7278,1689
28.7306,1691
28.7333,1694
28.7361,1702
28.7389,1690
28.7417,1680
28.7444,1673
28.7472,1671
28.7500,1668
28.7528,1670
28.7556,1673
28.7583,1677
28.7611,1676
28.7639,1668
28.7667,1661
28.7694,1659
28.7722,1655
28.7750,1662
28.7778,1657
28.7806,1662
28.7833,1669
28.7861,1663
28.7889,1669
28.7917,1664
28.7944,1658
28.7972,1656
28.8000,1659
28.8028,1657
28.8056,1649
28.8083,1659
28.8111,1661
28.8139,1660
28.8167,1664
28.8194,1664
28.8222,1659
28.8250,1666
28.8278,1655
28.8306,1660
28.8333,1662
28.8361,1655
28.8389,1656
28.8417,1651
28.8444,1660
28.8472,1661
28.8500,1656
28.8528,1670
28.8556,1665
28.8583,1658
28.8611,1655
28.8639,1652
28.8667,1656
28.8694,1660
28.8722,1655
28.8750,1664
28.8778,1653
28.8806,1657
28.8833,1658
28.8861,1659
28.8889,1658
28.8917,1655
28.8944,1666
28.8972,1679
28.9000,1680
28.9028,1687
28.9056,1690
28.9083,1717
28.9111,1734
28.9139,1760
28.9167,1782
28.9194,1785
28.9222,1798
28.9250,1807
28.9278,1799
28.9306,1812
28.9333,1821
28.9361,1837
28.9389,1849
28.9417,1858
28.9444,1859
28.9472,1870
28.9500,1884
28.9528,1904
28.9556,1900
28.9583,1891
28.9611,1857
28.9639,1825
28.9667,1795
28.9694,1768
28.9722,1753
28.9750,1716
28.9778,1696
28.9806,1677
28.9833,1674
28.9861,1664
28.9889,1661
28.9917,1662
28.9944,1653
28.9972,1648
29.0000,1632
29.0028,1618
29.0056,1613
29.0083,1613
29.0111,1611
29.0139,1612
29.0167,1612
29.0194,1614
29.0222,1611
29.0250,1613
29.0278,1610
29.0306,1607
29.0333,1599
29.0361,1588
29.0389,1571
29.0417,1543
29.0444,1504
29.0472,1469
29.0500,1469
29.0528,1553
29.0556,1685
29.0583,1856
29.0611,2062
29.0639,2291
29.0667,2496
29.0694,2662
29.0722,2782
29.0750,2881
29.0778,2979
29.0806,3056
29.0833,2985
29.0861,2738
29.0889,2400
29.0917,2063
29.0944,1768
29.0972,1584
29.1000,1501
29.1028,1521
29.1056,1578
29.1083,1617
29.1111,1642
29.1139,1644
29.1167,1637
29.1194,1619
29.1222,1589
29.1250,1571
29.1278,1573
29.1306,1584
29.1333,1590
29.1361,1593
29.1389,1586
29.1417,1579
29.1444,1575
29.1472,1577
29.1500,1588
29.1528,1600
29.1556,1597
29.1583,1598
29.1611,1591
29.1639,1589
29.1667,1594
29.1694,1611
29.1722,1616
29.1750,1627
29.1778,1622
29.1806,1609
29.1833,1610
29.1861,1609
29.1889,1619
29.1917,1636
29.1944,1638
29.1972,1642
29.2000,1645
29.2028,1631
29.2056,1627
29.2083,1638
29.2111,1647
29.2139,1650
29.2167,1663
29.2194,1662
29.2222,1651
29.2250,1655
29.2278,1662
29.2306,1676
29.2333,1684
29.2361,1687
29.2389,1681
29.2417,1679
29.2444,1682
29.2472,1697
29.2500,1705
29.2528,1715
29.2556,1718
29.2583,1723
29.2611,1719
29.2639,1727
29.2667,1737
29.2694,1757
29.2722,1774
29.2750,1785
29.2778,1796
29.2806,1806
29.2833,1805
29.2861,1883
29.2889,1890
29.2917,1880
29.2944,1868
29.2972,1844
29.3000,1828
29.3028,1801
29.3056,1780
29.3083,1762
29.3111,1749
29.3139,1739
29.3167,1718
29.3194,1720
29.3222,1698
29.3250,1685
29.3278,1688
29.3306,1667
29.3333,1659
29.3361,1653
29.3389,1647
29.3417,1631
29.3444,1617
29.3472,1612
29.3500,1609
29.3528,1615
29.3556,1615
29.3583,1610
29.3611,1612
29.3639,1610
29.3667,1602
29.3694,1605
29.3722,1605
29.3750,1602
29.3778,1606
29.3806,1596
29.3833,1598
29.3861,1599
29.3889,1596
29.3917,1604
29.3944,1617
29.3972,1612
29.4000,1610
29.4028,1605
29.4056,1607
29.4083,1611
29.4111,1619
29.4139,1625
29.4167,1626
29.4194,1627
29.4222,1616
29.4250,1604
29.4278,1597
29.4306,1602
29.4333,1614
29.4361,1622
29.4389,1625
29.4417,1621
29.4444,1625
29.4472,1643
29.4500,1642
29.4528,1644
29.4556,1651
29.4583,1642
29.4611,1647
29.4639,1646
29.4667,1654
29.4694,1668
29.4722,1667
29.4750,1655
29.4778,1649
29.4806,1649
29.4833,1648
29.4861,1657
29.4889,1660
29.4917,1660
29.4944,1661
29.4972,1671
29.5000,1677
29.5028,1665
29.5056,1663
29.5083,1671
29.5111,1672
29.5139,1672
29.5167,1675
29.5194,1658
29.5222,1655
29.5250,1645
29.5278,1648
29.5306,1648
29.5333,1659
29.5361,1666
29.5389,1675
29.5417,1665
29.5444,1667
29.5472,1664
29.5500,1659
29.5528,1644
29.5556,1644
29.5583,1630
29.5611,1629
29.5639,1631
29.5667,1635
29.5694,1636
29.5722,1638
29.5750,1641
29.5778,1651
29.5806,1658
29.5833,1648
29.5861,1641
29.5889,1637
29.5917,1638
29.5944,1644
29.5972,1644
29.6000,1644
29.6028,1646
29.6056,1636
29.6083,1636
29.6111,1636
29.6139,1634
29.6167,1645
29.6194,1639
29.6222,1635
29.6250,1641
29.6278,1630
29.6306,1645
29.6333,1644
29.6361,1643
29.6389,1642
29.6417,1638
29.6444,1648
29.6472,1640
29.6500,1657
29.6528,1667
29.6556,1681
29.6583,1695
29.6611,1697
29.6639,1679
29.6667,1665
29.6694,1639
29.6722,1631
29.6750,1626
29.6778,1631
29.6806,1642
29.6833,1643
29.6861,1651
29.6889,1663
29.6917,1674
29.6944,1691
29.6972,1701
29.7000,1715
29.7028,1721
29.7056,1727
29.7083,1729
29.7111,1741
29.7139,1762
29.7167,1777
29.7194,1780
29.7222,1802
29.7250,1820
29.7278,1844
29.7306,1848
29.7333,1850
29.7361,1845
29.7389,1856
29.7417,1867
29.7444,1872
29.7472,1904
29.7500,1902
29.7528,1875
29.7556,1830
29.7583,1788
29.7611,1754
29.7639,1722
29.7667,1686
29.7694,1682
29.7722,1658
29.7750,1658
29.7778,1655
29.7806,1648
29.7833,1632
29.7861,1618
29.7889,1604
29.7917,1590
29.7944,1597
29.7972,1589
29.8000,1604
29.8028,1597
29.8056,1592
29.8083,1597
29.8111,1589
29.8139,1583
29.8167,1580
29.8194,1581
29.8222,1589
29.8250,1588
29.8278,1590
29.8306,1579
29.8333,1556
29.8361,1523
29.8389,1486
29.8417,1467
29.8444,1522
29.8472,1641
29.8500,1776
29.8528,1952
29.8556,2154
29.8583,2348
29.8611,2501
29.8639,2624
29.8667,2736
29.8694,2859
29.8722,2971
29.8750,2955
29.8778,2754
29.8806,2460
29.8833,2123
29.8861,1849
29.8889,1624
29.8917,1481
29.8944,1444
29.8972,1452
29.9000,1501
29.9028,1536
29.9056,1568
29.9083,1579
29.9111,1571
29.9139,1565
29.9167,1558
29.9194,1549
29.9222,1557
29.9250,1561
29.9278,1550
29.9306,1545
29.9333,1526
29.9361,1513
29.9389,1516
29.9417,1523
29.9444,1528
29.9472,1531
29.9500,1527
29.9528,1521
29.9556,1522
29.9583,1526
29.9611,1546
29.9639,1546
29.9667,1560
29.9694,1567
29.9722,1562
29.9750,1559
29.9778,1570
29.9806,1583
29.9833,1583
29.9861,1581
29.9889,1574
29.9917,1553
29.9944,1552
29.9972,1554
30.0000,1557
30.0028,1573
30.0056,1592
30.0083,1601
30.0111,1598
30.0139,1589
30.0167,1586
30.0194,1595
30.0222,1603
30.0250,1609
30.0278,1616
30.0306,1612
30.0333,1603
30.0361,1614
30.0389,1627
30.0417,1633
30.0444,1649
30.0472,1652
30.0500,1650
30.0528,1660
30.0556,1666
30.0583,1684
30.0611,1703
30.0639,1709
30.0667,1706
30.0694,1710
30.0722,1703
30.0750,1712
30.0778,1714
30.0806,1832
30.0833,1841
30.0861,1823
30.0889,1818
30.0917,1796
30.0944,1777
30.0972,1758
30.1000,1750
30.1028,1742
30.1056,1723
30.1083,1713
30.1111,1692
30.1139,1673
30.1167,1661
30.1194,1654
30.1222,1644
30.1250,1640
30.1278,1623
30.1306,1621
30.1333,1609
30.1361,1596
30.1389,1588
30.1417,1581
30.1444,1585
30.1472,1598
30.1500,1600
30.1528,1582
30.1556,1576
30.1583,1559
30.1611,1551
30.1639,1543
30.1667,1543
30.1694,1545
30.1722,1552
30.1750,1552
30.1778,1544
30.1806,1543
30.1833,1537
30.1861,1543
30.1889,1560
30.1917,1560
30.1944,1558
30.1972,1562
30.2000,1561
30.2028,1561
30.2056,1570
30.2083,1569
30.2111,1579
30.2139,1583
30.2167,1578
30.2194,1579
30.2222,1583
30.2250,1578
30.2278,1584
30.2306,1589
30.2333,1588
30.2361,1594
30.2389,1594
30.2417,1600
30.2444,1599
30.2472,1606
30.2500,1617
30.2528,1620
30.2556,1630
30.2583,1623
30.2611,1618
30.2639,1619
30.2667,1615
30.2694,1614
30.2722,1622
30.2750,1627
30.2778,1621
30.2806,1621
30.2833,1623
30.2861,1617
30.2889,1604
30.2917,1609
30.2944,1603
30.2972,1609
30.3000,1611
30.3028,1611
30.3056,1610
30.3083,1613
30.3111,1606
30.3139,1591
30.3167,1589
30.3194,1586
30.3222,1592
30.3250,1586
30.3278,1581
30.3306,1588
30.3333,1576
30.3361,1575
30.3389,1583
30.3417,1578
30.3444,1584
30.3472,1588
30.3500,1592
30.3528,1590
30.3556,1591
30.3583,1583
30.3611,1591
30.3639,1594
30.3667,1592
30.3694,1595
30.3722,1594
30.3750,1595
30.3778,1595
30.3806,1594
30.3833,1594
30.3861,1594
30.3889,1598
30.3917,1589
30.3944,1585
30.3972,1574
30.4000,1578
30.4028,1583
30.4056,1584
30.4083,1584
30.4111,1586
30.4139,1591
30.4167,1595
30.4194,1602
30.4222,1598
30.4250,1604
30.4278,1595
30.4306,1599
30.4333,1590
30.4361,1600
30.4389,1599
30.4417,1602
30.4444,1613
30.4472,1613
30.4500,1627
30.4528,1623
30.4556,1637
30.4583,1640
30.4611,1651
30.4639,1667
30.4667,1683
30.4694,1693
30.4722,1703
30.4750,1709
30.4778,1737
30.4806,1754
30.4833,1768
30.4861,1790
30.4889,1811
30.4917,1807
30.4944,1803
30.4972,1805
30.5000,1816
30.5028,1818
30.5056,1844
30.5083,1848
30.5111,1828
30.5139,1801
30.5167,1770
30.5194,1734
30.5222,1722
30.5250,1704
30.5278,1681
30.5306,1670
30.5333,1650
30.5361,1634
30.5389,1621
30.5417,1616
30.5444,1601
30.5472,1602
30.5500,1598
30.5528,1588
30.5556,1581
30.5583,1574
30.5611,1574
30.5639,1572
30.5667,1575
30.5694,1569
30.5722,1576
30.5750,1581
30.5778,1584
30.5806,1586
30.5833,1585
30.5861,1580
30.5889,1569
30.5917,1546
30.5944,1512
30.5972,1489
30.6000,1450
30.6028,1444
30.6056,1509
30.6083,1640
30.6111,1791
30.6139,1985
30.6167,2193
30.6194,2401
30.6222,2575
30.6250,2714
30.6278,2826
30.6306,2938
30.6333,3031
30.6361,3000
30.6389,2804
30.6417,2483
30.6444,2138
30.6472,1833
30.6500,1605
30.6528,1469
30.6556,1443
30.6583,1464
30.6611,1513
30.6639,1555
30.6667,1585
30.6694,1603
30.6722,1588
30.6750,1576
30.6778,1554
30.6806,1551
30.6833,1552
30.6861,1558
30.6889,1559
30.6917,1553
30.6944,1543
30.6972,1540
30.7000,1546
30.7028,1561
30.7056,1568
30.7083,1574
30.7111,1573
30.7139,1565
30.7167,1560
30.7194,1563
30.7222,1575
30.7250,1575
30.7278,1585
30.7306,1582
30.7333,1588
30.7361,1586
30.7389,1593
30.7417,1607
30.7444,1608
30.7472,1617
30.7500,1620
30.7528,1613
30.7556,1614
30.7583,1605
30.7611,1618
30.7639,1627
30.7667,1638
30.7694,1638
30.7722,1639
30.7750,1630
30.7778,1626
30.7806,1642
30.7833,1653
30.7861,1666
30.7889,1665
30.7917,1662
30.7944,1671
30.7972,1674
30.8000,1680
30.8028,1690
30.8056,1699
30.8083,1697
30.8111,1707
30.8139,1702
30.8167,1708
30.8194,1710
30.8222,1722
30.8250,1741
30.8278,1747
30.8306,1750
30.8333,1756
30.8361,1768
30.8389,1778
30.8417,1893
30.8444,1889
30.8472,1891
30.8500,1872
30.8528,1853
30.8556,1833
30.8583,1803
30.8611,1789
30.8639,1761
30.8667,1743
30.8694,1726
30.8722,1704
30.8750,1696
30.8778,1676
30.8806,1671
30.8833,1660
30.8861,1656
30.8889,1642
30.8917,1625
30.8944,1613
30.8972,1613
30.9000,1601
30.9028,1609
30.9056,1606
30.9083,1601
30.9111,1600
30.9139,1594
30.9167,1591
30.9194,1580
30.9222,1581
30.9250,1590
30.9278,1584
30.9306,1581
30.9333,1582
30.9361,1571
30.9389,1574
30.9417,1567
30.9444,1580
30.9472,1569
30.9500,1568
30.9528,1564
30.9556,1562
30.9583,1558
30.9611,1558
30.9639,1562
30.9667,1568
30.9694,1572
30.9722,1569
30.9750,1567
30.9778,1563
30.9806,1565
30.9833,1575
30.9861,1585
30.9889,1583
30.9917,1589
30.9944,1590
30.9972,1599
31.0000,1601
31.0028,1618
31.0056,1619
31.0083,1625
31.0111,1624
31.0139,1624
31.0167,1630
31.0194,1628
31.0222,1629
31.0250,1636
31.0278,1634
31.0306,1632
31.0333,1635
31.0361,1624
31.0389,1635
31.0417,1638
31.0444,1630
31.0472,1630
31.0500,1630
31.0528,1631
31.0556,1635
31.0583,1639
31.0611,1628
31.0639,1630
31.0667,1632
31.0694,1625
31.0722,1625
31.0750,1627
31.0778,1619
31.0806,1629
31.0833,1625
31.0861,1624
31.0889,1634
31.0917,1630
31.0944,1636
31.0972,1633
31.1000,1628
31.1028,1629
31.1056,1621
31.1083,1621
31.1111,1615
31.1139,1623
31.1167,1619
31.1194,1622
31.1222,1628
31.1250,1637
31.1278,1643
31.1306,1637
31.1333,1648
31.1361,1632
31.1389,1640
31.1417,1628
31.1444,1622
31.1472,1614
31.1500,1598
31.1528,1596
31.1556,1591
31.1583,1592
31.1611,1588
31.1639,1589
31.1667,1590
31.1694,1595
31.1722,1602
31.1750,1609
31.1778,1606
31.1806,1611
31.1833,1615
31.1861,1630
31.1889,1628
31.1917,1643
31.1944,1628
31.1972,1640
31.2000,1641
31.2028,1642
31.2056,1654
31.2083,1653
31.2111,1639
31.2139,1640
31.2167,1632
31.2194,1630
31.2222,1631
31.2250,1634
31.2278,1631
31.2306,1627
31.2333,1633
31.2361,1631
31.2389,1636
31.2417,1637
31.2444,1644
31.2472,1659
31.2500,1686
31.2528,1715
31.2556,1752
31.2583,1763
31.2611,1778
31.2639,1788
31.2667,1806
31.2694,1808
31.2722,1804
31.2750,1814
31.2778,1821
31.2806,1830
31.2833,1826
31.2861,1829
31.2889,1829
31.2917,1837
31.2944,1859
31.2972,1868
31.3000,1870
31.3028,1853
31.3056,1828
31.3083,1790
31.3111,1770
31.3139,1749
31.3167,1732
31.3194,1712
31.3222,1681
31.3250,1671
31.3278,1656
31.3306,1649
31.3333,1639
31.3361,1643
31.3389,1647
31.3417,1637
31.3444,1625
31.3472,1624
31.3500,1626
31.3528,1617
31.3556,1615
31.3583,1610
31.3611,1615
31.3639,1619
31.3667,1631
31.3694,1629
31.3722,1632
31.3750,1633
31.3778,1609
31.3806,1592
31.3833,1572
31.3861,1540
31.3889,1518
31.3917,1501
31.3944,1544
31.3972,1665
31.4000,1824
31.4028,2001
31.4056,2214
31.4083,2429
31.4111,2622
31.4139,2755
31.4167,2847
31.4194,2922
31.4222,3010
31.4250,3041
31.4278,2897
31.4306,2577
31.4333,2220
31.4361,1882
31.4389,1623
31.4417,1491
31.4444,1479
31.4472,1523
31.4500,1587
31.4528,1634
31.4556,1656
31.4583,1661
31.4611,1643
31.4639,1612
31.4667,1592
31.4694,1576
31.4722,1586
31.4750,1581
31.4778,1591
31.4806,1588
31.4833,1580
31.4861,1565
31.4889,1570
31.4917,1579
31.4944,1590
31.4972,1595
31.5000,1595
31.5028,1590
31.5056,1589
31.5083,1583
31.5111,1596
31.5139,1602
31.5167,1614
31.5194,1615
31.5222,1617
31.5250,1605
31.5278,1608
31.5306,1621
31.5333,1633
31.5361,1641
31.5389,1645
31.5417,1643
31.5444,1640
31.5472,1629
31.5500,1635
31.5528,1641
31.5556,1643
31.5583,1655
31.5611,1651
31.5639,1651
31.5667,1649
31.5694,1656
31.5722,1665
31.5750,1679
31.5778,1687
31.5806,1689
31.5833,1674
31.5861,1666
31.5889,1672
31.5917,1687
31.5944,1702
31.5972,1723
31.6000,1726
31.6028,1729
31.6056,1728
31.6083,1734
31.6111,1742
31.6139,1763
31.6167,1784
31.6194,1786
31.6222,1798
31.6250,1798
31.6278,1804
31.6306,1941
31.6333,1947
31.6361,1939
31.6389,1928
31.6417,1910
31.6444,1884
31.6472,1864
31.6500,1830
31.6528,1814
31.6556,1799
31.6583,1784
31.6611,1763
31.6639,1744
31.6667,1722
31.6694,1708
31.6722,1698
31.6750,1694
31.6778,1690
31.6806,1687
31.6833,1682
31.6861,1678
31.6889,1668
31.6917,1673
31.6944,1674
31.6972,1668
31.7000,1659
31.7028,1653
31.7056,1641
31.7083,1639
31.7111,1634
31.7139,1644
31.7167,1630
31.7194,1643
31.7222,1648
31.7250,1641
31.7278,1634
31.7306,1645
31.7333,1640
31.7361,1640
31.7389,1644
31.7417,1650
31.7444,1644
31.7472,1642
31.7500,1640
31.7528,1637
31.7556,1650
31.7583,1652
31.7611,1653
31.7639,1656
31.7667,1647
31.7694,1637
31.7722,1643
31.7750,1644
31.7778,1647
31.7806,1657
31.7833,1656
31.7861,1655
31.7889,1661
31.7917,1672
31.7944,1681
31.7972,1682
31.8000,1685
31.8028,1680
31.8056,1679
31.8083,1681
31.8111,1680
31.8139,1691
31.8167,1696
31.8194,1705
31.8222,1710
31.8250,1714
31.8278,1709
31.8306,1708
31.8333,1712
31.8361,1718
31.8389,1718
31.8417,1719
31.8444,1709
31.8472,1710
31.8500,1721
31.8528,1715
31.8556,1716
31.8583,1712
31.8611,1709
31.8639,1714
31.8667,1711
31.8694,1716
31.8722,1704
31.8750,1710
31.8778,1711
31.8806,1710
31.8833,1705
31.8861,1704
31.8889,1712
31.8917,1714
31.8944,1708
31.8972,1708
31.9000,1708
31.9028,1698
31.9056,1704
31.9083,1699
31.9111,1693
31.9139,1694
31.9167,1694
31.9194,1691
31.9222,1696
31.9250,1694
31.9278,1688
31.9306,1691
31.9333,1696
31.9361,1694
31.9389,1696
31.9417,1690
31.9444,1690
31.9472,1695
31.9500,1691
31.9528,1695
31.9556,1699
31.9583,1699
31.9611,1707
31.9639,1706
31.9667,1699
31.9694,1704
31.9722,1702
31.9750,1704
31.9778,1704
31.9806,1700
31.9833,1699
31.9861,1700
31.9889,1708
31.9917,1697
31.9944,1705
31.9972,1710
32.0000,1703
32.0028,1703
32.0056,1709
32.0083,1710
32.0111,1718
32.0139,1709
32.0167,1722
32.0194,1723
32.0222,1718
32.0250,1722
32.0278,1719
32.0306,1716
32.0333,1715
32.0361,1720
32.0389,1717
32.0417,1717
32.0444,1716
32.0472,1707
32.0500,1714
32.0528,1714
32.0556,1734
32.0583,1737
32.0611,1759
32.0639,1777
32.0667,1802
32.0694,1821
32.0722,1828
32.0750,1845
32.0778,1858
32.0806,1865
32.0833,1869
32.0861,1872
32.0889,1885
32.0917,1899
32.0944,1911
32.0972,1912
32.1000,1920
32.1028,1944
32.1056,1965
32.1083,1980
32.1111,1970
32.1139,1953
32.1167,1920
32.1194,1898
32.1222,1866
32.1250,1841
32.1278,1814
32.1306,1785
32.1333,1767
32.1361,1750
32.1389,1732
32.1417,1729
32.1444,1724
32.1472,1716
32.1500,1708
32.1528,1699
32.1556,1689
32.1583,1683
32.1611,1683
32.1639,1679
32.1667,1669
32.1694,1673
32.1722,1668
32.1750,1677
32.1778,1678
32.1806,1676
32.1833,1679
32.1861,1671
32.1889,1671
32.1917,1646
32.1944,1629
32.1972,1593
32.2000,1567
32.2028,1535
32.2056,1552
32.2083,1637
32.2111,1770
32.2139,1936
32.2167,2150
32.2194,2377
32.2222,2570
32.2250,2726
32.2278,2841
32.2306,2927
32.2333,3020
32.2361,3099
32.2389,3030
32.2417,2769
32.2444,2417
32.2472,2075
32.2500,1790
32.2528,1596
32.2556,1541
32.2583,1553
32.2611,1601
32.2639,1649
32.2667,1684
32.2694,1687
32.2722,1674
32.2750,1655
32.2778,1623
32.2806,1605
32.2833,1603
32.2861,1605
32.2889,1617
32.2917,1619
32.2944,1617
32.2972,1604
32.3000,1607
32.3028,1613
32.3056,1625
32.3083,1628
32.3111,1633
32.3139,1629
32.3167,1617
32.3194,1614
32.3222,1616
32.3250,1624
32.3278,1635
32.3306,1644
32.3333,1637
32.3361,1629
32.3389,1632
32.3417,1631
32.3444,1631
32.3472,1648
32.3500,1656
32.3528,1654
32.3556,1645
32.3583,1655
32.3611,1664
32.3639,1667
32.3667,1673
32.3694,1676
32.3722,1678
32.3750,1679
32.3778,1684
32.3806,1685
32.3833,1688
32.3861,1702
32.3889,1706
32.3917,1703
32.3944,1709
32.3972,1709
32.4000,1709
32.4028,1723
32.4056,1733
32.4083,1749
32.4111,1753
32.4139,1744
32.4167,1749
32.4194,1757
32.4222,1776
32.4250,1788
32.4278,1802
32.4306,1814
32.4333,1817
32.4361,1827
32.4389,1833
32.4417,1949
32.4444,1948
32.4472,1943
32.4500,1934
32.4528,1913
32.4556,1892
32.4583,1862
32.4611,1846
32.4639,1824
32.4667,1810
32.4694,1802
32.4722,1782
32.4750,1767
32.4778,1739
32.4806,1724
32.4833,1712
32.4861,1709
32.4889,1699
32.4917,1690
32.4944,1689
32.4972,1665
32.5000,1652
32.5028,1648
32.5056,1643
32.5083,1658
32.5111,1656
32.5139,1654
32.5167,1642
32.5194,1628
32.5222,1623
32.5250,1631
32.5278,1640
32.5306,1643
32.5333,1654
32.5361,1651
32.5389,1644
32.5417,1646
32.5444,1651
32.5472,1645
32.5500,1643
32.5528,1644
32.5556,1645
32.5583,1631
32.5611,1629
32.5639,1637
32.5667,1637
32.5694,1640
32.5722,1642
32.5750,1644
32.5778,1640
32.5806,1639
32.5833,1637
32.5861,1654
32.5889,1671
32.5917,1680
32.5944,1677
32.5972,1673
32.6000,1674
32.6028,1678
32.6056,1678
32.6083,1685
32.6111,1684
32.6139,1683
32.6167,1681
32.6194,1677
32.6222,1670
32.6250,1679
32.6278,1681
32.6306,1695
32.6333,1705
32.6361,1717
32.6389,1713
32.6417,1704
32.6444,1706
32.6472,1701
32.6500,1693
32.6528,1688
32.6556,1689
32.6583,1686
32.6611,1686
32.6639,1698
32.6667,1697
32.6694,1692
32.6722,1691
32.6750,1690
32.6778,1695
32.6806,1689
32.6833,1697
32.6861,1699
32.6889,1691
32.6917,1693
32.6944,1695
32.6972,1690
32.7000,1689
32.7028,1685
32.7056,1687
32.7083,1683
32.7111,1670
32.7139,1649
32.7167,1653
32.7194,1645
32.7222,1648
32.7250,1664
32.7278,1672
32.7306,1681
32.7333,1687
32.7361,1674
32.7389,1674
32.7417,1666
32.7444,1660
32.7472,1659
32.7500,1663
32.7528,1650
32.7556,1654
32.7583,1651
32.7611,1655
32.7639,1662
32.7667,1664
32.7694,1660
32.7722,1662
32.7750,1666
32.7778,1667
32.7806,1658
32.7833,1662
32.7861,1664
32.7889,1664
32.7917,1672
32.7944,1673
32.7972,1664
32.8000,1662
32.8028,1662
32.8056,1665
32.8083,1659
32.8111,1660
32.8139,1668
32.8167,1673
32.8194,1674
32.8222,1671
32.8250,1676
32.8278,1678
32.8306,1669
32.8333,1661
32.8361,1661
32.8389,1675
32.8417,1676
32.8444,1686
32.8472,1691
32.8500,1701
32.8528,1707
32.8556,1701
32.8583,1695
32.8611,1696
32.8639,1695
32.8667,1697
32.8694,1692
32.8722,1688
32.8750,1682
32.8778,1680
32.8806,1687
32.8833,1692
32.8861,1702
32.8889,1729
32.8917,1742
32.8944,1755
32.8972,1757
32.9000,1768
32.9028,1789
32.9056,1794
32.9083,1809
32.9111,1823
32.9139,1837
32.9167,1845
32.9194,1851
32.9222,1844
32.9250,1855
32.9278,1873
32.9306,1903
32.9333,1928
32.9361,1928
32.9389,1912
32.9417,1871
32.9444,1835
32.9472,1812
32.9500,1792
32.9528,1768
32.9556,1751
32.9583,1739
32.9611,1716
32.9639,1703
32.9667,1679
32.9694,1674
32.9722,1677
32.9750,1680
32.9778,1669
32.9806,1666
32.9833,1650
32.9861,1642
32.9889,1630
32.9917,1630
32.9944,1636
32.9972,1632
33.0000,1637
33.0028,1647
33.0056,1641
33.0083,1649
33.0111,1636
33.0139,1636
33.0167,1625
33.0194,1611
33.0222,1574
33.0250,1546
33.0278,1511
33.0306,1518
33.0333,1601
33.0361,1730
33.0389,1890
33.0417,2079
33.0444,2292
33.0472,2487
33.0500,2657
33.0528,2777
33.0556,2874
33.0583,2975
33.0611,3044
33.0639,2966
33.0667,2719
33.0694,2385
33.0722,2057
33.0750,1783
33.0778,1584
33.0806,1490
33.0833,1471
33.0861,1500
33.0889,1545
33.0917,1589
33.0944,1620
33.0972,1630
33.1000,1617
33.1028,1604
33.1056,1601
33.1083,1605
33.1111,1600
33.1139,1607
33.1167,1588
33.1194,1567
33.1222,1575
33.1250,1584
33.1278,1589
33.1306,1597
33.1333,1610
33.1361,1619
33.1389,1613
33.1417,1600
33.1444,1601
33.1472,1609
33.1500,1616
33.1528,1628
33.1556,1628
33.1583,1625
33.1611,1614
33.1639,1607
33.1667,1617
33.1694,1611
33.1722,1622
33.1750,1644
33.1778,1635
33.1806,1637
33.1833,1655
33.1861,1643
33.1889,1658
33.1917,1668
33.1944,1663
33.1972,1652
33.2000,1648
33.2028,1639
33.2056,1651
33.2083,1669
33.2111,1676
33.2139,1679
33.2167,1685
33.2194,1691
33.2222,1689
33.2250,1697
33.2278,1691
33.2306,1708
33.2333,1711
33.2361,1713
33.2389,1715
33.2417,1713
33.2444,1730
33.2472,1746
33.2500,1764
33.2528,1768
33.2556,1775
33.2583,1776
33.2611,1782
33.2639,1788
33.2667,1927
33.2694,1938
33.2722,1926
33.2750,1904
33.2778,1894
33.2806,1877
33.2833,1859
33.2861,1843
33.2889,1834
33.2917,1817
33.2944,1807
33.2972,1799
33.3000,1774
33.3028,1753
33.3056,1738
33.3083,1728
33.3111,1722
33.3139,1724
33.3167,1708
33.3194,1702
33.3222,1691
33.3250,1676
33.3278,1663
33.3306,1661
33.3333,1660
33.3361,1659
33.3389,1662
33.3417,1657
33.3444,1639
33.3472,1638
33.3500,1629
33.3528,1644
33.3556,1651
33.3583,1643
33.3611,1639
33.3639,1632
33.3667,1626
33.3694,1641
33.3722,1640
33.3750,1645
33.3778,1652
33.3806,1654
33.3833,1652
33.3861,1654
33.3889,1654
33.3917,1661
33.3944,1661
33.3972,1664
33.4000,1662
33.4028,1658
33.4056,1655
33.4083,1654
33.4111,1656
33.4139,1662
33.4167,1663
33.4194,1669
33.4222,1678
33.4250,1675
33.4278,1677
33.4306,1685
33.4333,1688
33.4361,1696
33.4389,1698
33.4417,1693
33.4444,1693
33.4472,1694
33.4500,1697
33.4528,1702
33.4556,1706
33.4583,1707
33.4611,1702
33.4639,1696
33.4667,1685
33.4694,1688
33.4722,1691
33.4750,1690
33.4778,1693
33.4806,1685
33.4833,1680
33.4861,1672
33.4889,1672
33.4917,1672
33.4944,1678
33.4972,1682
33.5000,1687
33.5028,1673
33.5056,1674
33.5083,1665
33.5111,1668
33.5139,1659
33.5167,1653
33.5194,1651
33.5222,1653
33.5250,1658
33.5278,1652
33.5306,1660
33.5333,1654
33.5361,1660
33.5389,1663
33.5417,1661
33.5444,1665
33.5472,1654
33.5500,1650
33.5528,1653
33.5556,1649
33.5583,1651
33.5611,1645
33.5639,1650
33.5667,1656
33.5694,1657
33.5722,1651
33.5750,1648
33.5778,1641
33.5806,1646
33.5833,1648
33.5861,1648
33.5889,1649
33.5917,1648
33.5944,1660
33.5972,1668
33.6000,1664
33.6028,1656
33.6056,1658
33.6083,1652
33.6111,1658
33.6139,1661
33.6167,1660
33.6194,1660
33.6222,1661
33.6250,1657
33.6278,1656
33.6306,1653
33.6333,1653
33.6361,1664
33.6389,1663
33.6417,1663
33.6444,1665
33.6472,1657
33.6500,1653
33.6528,1655
33.6556,1658
33.6583,1658
33.6611,1660
33.6639,1673
33.6667,1681
33.6694,1674
33.6722,1682
33.6750,1699
33.6778,1712
33.6806,1725
33.6833,1739
33.6861,1751
33.6889,1775
33.6917,1795
33.6944,1811
33.6972,1818
33.7000,1818
33.7028,1815
33.7056,1820
33.7083,1831
33.7111,1841
33.7139,1849
33.7167,1867
33.7194,1888
33.7222,1894
33.7250,1891
33.7278,1882
33.7306,1853
33.7333,1823
33.7361,1785
33.7389,1752
33.7417,1734
33.7444,1723
33.7472,1702
33.7500,1689
33.7528,1673
33.7556,1667
33.7583,1660
33.7611,1648
33.7639,1645
33.7667,1634
33.7694,1624
33.7722,1614
33.7750,1603
33.7778,1599
33.7806,1599
33.7833,1598
33.7861,1610
33.7889,1609
33.7917,1620
33.7944,1619
33.7972,1618
33.8000,1617
33.8028,1610
33.8056,1600
33.8083,1571
33.8111,1543
33.8139,1500
33.8167,1476
33.8194,1508
33.8222,1610
33.8250,1753
33.8278,1923
33.8306,2131
33.8333,2339
33.8361,2535
33.8389,2695
33.8417,2809
33.8444,2893
33.8472,3007
33.8500,3063
33.8528,2943
33.8556,2660
33.8583,2314
33.8611,1977
33.8639,1709
33.8667,1534
33.8694,1467
33.8722,1483
33.8750,1532
33.8778,1582
33.8806,1622
33.8833,1633
33.8861,1623
33.8889,1606
33.8917,1591
33.8944,1586
33.8972,1582
33.9000,1589
33.9028,1595
33.9056,1600
33.9083,1579
33.9111,1579
33.9139,1592
33.9167,1597
33.9194,1603
33.9222,1611
33.9250,1608
33.9278,1603
33.9306,1599
33.9333,1592
33.9361,1588
33.9389,1605
33.9417,1609
33.9444,1608
33.9472,1604
33.9500,1598
33.9528,1606
33.9556,1611
33.9583,1631
33.9611,1636
33.9639,1644
33.9667,1647
33.9694,1644
33.9722,1637
33.9750,1642
33.9778,1651
33.9806,1662
33.9833,1650
33.9861,1645
33.9889,1649
33.9917,1649
33.9944,1656
33.9972,1679
34.0000,1682
34.0028,1692
34.0056,1694
34.0083,1688
34.0111,1683
34.0139,1683
34.0167,1688
34.0194,1699
34.0222,1710
34.0250,1720
34.0278,1727
34.0306,1736
34.0333,1742
34.0361,1753
34.0389,1762
34.0417,1768
34.0444,1777
34.0472,1786
34.0500,1790
34.0528,1804
34.0556,1915
34.0583,1908
34.0611,1904
34.0639,1896
34.0667,1873
34.0694,1850
34.0722,1831
34.0750,1812
34.0778,1798
34.0806,1781
34.0833,1762
34.0861,1747
34.0889,1715
34.0917,1702
34.0944,1684
34.0972,1662
34.1000,1655
34.1028,1650
34.1056,1644
34.1083,1634
34.1111,1620
34.1139,1613
34.1167,1596
34.1194,1607
34.1222,1604
34.1250,1601
34.1278,1602
34.1306,1601
34.1333,1591
34.1361,1592
34.1389,1594
34.1417,1593
34.1444,1581
34.1472,1588
34.1500,1595
34.1528,1591
34.1556,1591
34.1583,1586
34.1611,1587
34.1639,1586
34.1667,1584
34.1694,1584
34.1722,1577
34.1750,1572
34.1778,1581
34.1806,1585
34.1833,1603
34.1861,1603
34.1889,1600
34.1917,1602
34.1944,1607
34.1972,1606
34.2000,1609
34.2028,1612
34.2056,1616
34.2083,1607
34.2111,1622
34.2139,1625
34.2167,1632
34.2194,1639
34.2222,1636
34.2250,1643
34.2278,1649
34.2306,1642
34.2333,1645
34.2361,1647
34.2389,1657
34.2417,1656
34.2444,1657
34.2472,1657
34.2500,1657
34.2528,1651
34.2556,1652
34.2583,1653
34.2611,1655
34.2639,1658
34.2667,1657
34.2694,1660
34.2722,1655
34.2750,1666
34.2778,1656
34.2806,1655
34.2833,1655
34.2861,1646
34.2889,1651
34.2917,1645
34.2944,1641
34.2972,1640
34.3000,1639
34.3028,1644
34.3056,1645
34.3083,1639
34.3111,1643
34.3139,1645
34.3167,1647
34.3194,1646
34.3222,1646
34.3250,1650
34.3278,1643
34.3306,1627
34.3333,1628
34.3361,1632
34.3389,1629
34.3417,1627
34.3444,1633
34.3472,1633
34.3500,1637
34.3528,1637
34.3556,1637
34.3583,1632
34.3611,1651
34.3639,1642
34.3667,1644
34.3694,1641
34.3722,1641
34.3750,1634
34.3778,1644
34.3806,1639
34.3833,1642
34.3861,1644
34.3889,1636
34.3917,1630
34.3944,1643
34.3972,1633
34.4000,1639
34.4028,1640
34.4056,1637
34.4083,1636
34.4111,1640
34.4139,1634
34.4167,1639
34.4194,1646
34.4222,1639
34.4250,1639
34.4278,1640
34.4306,1638
34.4333,1647
34.4361,1643
34.4389,1658
34.4417,1653
34.4444,1660
34.4472,1655
34.4500,1649
34.4528,1651
34.4556,1654
34.4583,1660
34.4611,1662
34.4639,1661
34.4667,1655
34.4694,1654
34.4722,1650
34.4750,1659
34.4778,1649
34.4806,1661
34.4833,1665
34.4861,1672
34.4889,1676
34.4917,1690
34.4944,1700
34.4972,1727
34.5000,1748
34.5028,1759
34.5056,1780
34.5083,1792
34.5111,1802
34.5139,1795
34.5167,1796
34.5194,1804
34.5222,1821
34.5250,1814
34.5278,1828
34.5306,1832
34.5333,1846
34.5361,1865
34.5389,1880
34.5417,1869
34.5444,1858
34.5472,1827
34.5500,1793
34.5528,1764
34.5556,1751
34.5583,1726
34.5611,1713
34.5639,1692
34.5667,1670
34.5694,1651
34.5722,1643
34.5750,1633
34.5778,1632
34.5806,1624
34.5833,1622
34.5861,1613
34.5889,1605
34.5917,1602
34.5944,1600
34.5972,1593
34.6000,1602
34.6028,1605
34.6056,1606
34.6083,1598
34.6111,1608
34.6139,1597
34.6167,1597
34.6194,1598
34.6222,1576
34.6250,1555
34.6278,1513
34.6306,1475
34.6333,1454
34.6361,1502
34.6389,1620
34.6417,1780
34.6444,1961
34.6472,2175
34.6500,2386
34.6528,2580
34.6556,2723
34.6583,2818
34.6611,2894
34.6639,3012
34.6667,3027
34.6694,2895
34.6722,2582
34.6750,2224
34.6778,1900
34.6806,1640
34.6833,1509
34.6861,1477
34.6889,1508
34.6917,1554
34.6944,1596
34.6972,1624
34.7000,1619
34.7028,1612
34.7056,1569
34.7083,1559
34.7111,1542
34.7139,1553
34.7167,1560
34.7194,1564
34.7222,1561
34.7250,1558
34.7278,1545
34.7306,1541
34.7333,1543
34.7361,1549
34.7389,1558
34.7417,1556
34.7444,1552
34.7472,1551
34.7500,1544
34.7528,1548
34.7556,1562
34.7583,1577
34.7611,1576
34.7639,1569
34.7667,1568
34.7694,1572
34.7722,1570
34.7750,1590
34.7778,1600
34.7806,1609
34.7833,1600
34.7861,1599
34.7889,1596
34.7917,1599
34.7944,1604
34.7972,1616
34.8000,1625
34.8028,1624
34.8056,1628
34.8083,1628
34.8111,1630
34.8139,1646
34.8167,1659
34.8194,1667
34.8222,1662
34.8250,1663
34.8278,1649
34.8306,1654
34.8333,1668
34.8361,1677
34.8389,1683
34.8417,1685
34.8444,1693
34.8472,1700
34.8500,1709
34.8528,1713
34.8556,1727
34.8583,1730
34.8611,1723
34.8639,1717
34.8667,1726
34.8694,1730
34.8722,1869
34.8750,1871
34.8778,1869
34.8806,1868
34.8833,1854
34.8861,1836
34.8889,1814
34.8917,1802
34.8944,1785
34.8972,1770
34.9000,1748
34.9028,1717
34.9056,1694
34.9083,1666
34.9111,1648
34.9139,1646
34.9167,1658
34.9194,1676
34.9222,1708
34.9250,1708
34.9278,1718
34.9306,1721
34.9333,1729
34.9361,1725
34.9389,1727
34.9417,1714
34.9444,1707
34.9472,1691
34.9500,1680
34.9528,1672
34.9556,1673
34.9583,1666
34.9611,1660
34.9639,1651
34.9667,1645
34.9694,1643
34.9722,1639
34.9750,1648
34.9778,1639
34.9806,1642
34.9833,1640
34.9861,1631
34.9889,1624
34.9917,1622
34.9944,1621
34.9972,1624
35.0000,1621
35.0028,1617
35.0056,1612
35.0083,1614
35.0111,1615
35.0139,1609
35.0167,1613
35.0194,1620
35.0222,1612
35.0250,1620
35.0278,1622
35.0306,1624
35.0333,1622
35.0361,1623
35.0389,1624
35.0417,1623
35.0444,1631
35.0472,1620
35.0500,1621
35.0528,1622
35.0556,1626
35.0583,1626
35.0611,1628
35.0639,1625
35.0667,1621
35.0694,1629
35.0722,1630
35.0750,1641
35.0778,1639
35.0806,1642
35.0833,1640
35.0861,1639
35.0889,1628
35.0917,1636
35.0944,1642
35.0972,1643
35.1000,1642
35.1028,1638
35.1056,1633
35.1083,1626
35.1111,1629
35.1139,1632
35.1167,1630
35.1194,1627
35.1222,1623
35.1250,1616
35.1278,1611
35.1306,1610
35.1333,1613
35.1361,1620
35.1389,1616
35.1417,1615
35.1444,1623
35.1472,1613
35.1500,1613
35.1528,1611
35.1556,1610
35.1583,1613
35.1611,1615
35.1639,1615
35.1667,1620
35.1694,1614
35.1722,1616
35.1750,1618
35.1778,1612
35.1806,1607
35.1833,1616
35.1861,1612
35.1889,1606
35.1917,1616
35.1944,1620
35.1972,1632
35.2000,1615
35.2028,1623
35.2056,1620
35.2083,1623
35.2111,1620
35.2139,1621
35.2167,1624
35.2194,1624
35.2222,1623
35.2250,1626
35.2278,1627
35.2306,1622
35.2333,1624
35.2361,1619
35.2389,1626
35.2417,1628
35.2444,1625
35.2472,1619
35.2500,1613
35.2528,1623
35.2556,1623
35.2583,1629
35.2611,1632
35.2639,1623
35.2667,1631
35.2694,1635
35.2722,1632
35.2750,1642
35.2778,1647
35.2806,1651
35.2833,1650
35.2861,1648
35.2889,1638
35.2917,1641
35.2944,1637
35.2972,1647
35.3000,1649
35.3028,1652
35.3056,1657
35.3083,1654
35.3111,1655
35.3139,1658
35.3167,1660
35.3194,1671
35.3222,1677
35.3250,1692
35.3278,1727
35.3306,1740
35.3333,1758
35.3361,1778
35.3389,1791
35.3417,1807
35.3444,1808
35.3472,1798
35.3500,1801
35.3528,1813
35.3556,1821
35.3583,1821
35.3611,1837
35.3639,1863
35.3667,1880
35.3694,1889
35.3722,1888
35.3750,1879
35.3778,1843
35.3806,1818
35.3833,1795
35.3861,1770
35.3889,1739
35.3917,1720
35.3944,1695
35.3972,1682
35.4000,1669
35.4028,1662
35.4056,1655
35.4083,1646
35.4111,1645
35.4139,1640
35.4167,1627
35.4194,1617
35.4222,1619
35.4250,1615
35.4278,1606
35.4306,1613
35.4333,1610
35.4361,1606
35.4389,1618
35.4417,1622
35.4444,1625
35.4472,1615
35.4500,1615
35.4528,1589
35.4556,1559
35.4583,1528
35.4611,1487
35.4639,1468
35.4667,1502
35.4694,1615
35.4722,1760
35.4750,1941
35.4778,2154
35.4806,2369
35.4833,2554
35.4861,2706
35.4889,2816
35.4917,2913
35.4944,3020
35.4972,3066
35.5000,2933
35.5028,2646
35.5056,2301
35.5083,1967
35.5111,1700
35.5139,1541
35.5167,1492
35.5194,1514
35.5222,1557
35.5250,1595
35.5278,1621
35.5306,1625
35.5333,1606
35.5361,1591
35.5389,1569
35.5417,1559
35.5444,1576
35.5472,1587
35.5500,1578
35.5528,1583
35.5556,1575
35.5583,1563
35.5611,1555
35.5639,1570
35.5667,1571
35.5694,1593
35.5722,1588
35.5750,1588
35.5778,1588
35.5806,1582
35.5833,1583
35.5861,1591
35.5889,1605
35.5917,1603
35.5944,1605
35.5972,1604
35.6000,1617
35.6028,1616
35.6056,1631
35.6083,1637
35.6111,1646
35.6139,1640
35.6167,1639
35.6194,1625
35.6222,1634
35.6250,1646
35.6278,1657
35.6306,1652
35.6333,1656
35.6361,1659
35.6389,1656
35.6417,1667
35.6444,1667
35.6472,1681
35.6500,1695
35.6528,1696
35.6556,1694
35.6583,1692
35.6611,1701
35.6639,1699
35.6667,1713
35.6694,1729
35.6722,1733
35.6750,1734
35.6778,1745
35.6806,1744
35.6833,1752
35.6861,1770
35.6889,1775
35.6917,1787
35.6944,1787
35.6972,1798
35.7000,1809
35.7028,1913
35.7056,1919
35.7083,1918
35.7111,1893
35.7139,1876
35.7167,1863
35.7194,1832
35.7222,1807
35.7250,1792
35.7278,1770
35.7306,1755
35.7333,1741
35.7361,1720
35.7389,1694
35.7417,1679
35.7444,1669
35.7472,1651
35.7500,1640
35.7528,1621
35.7556,1613
35.7583,1604
35.7611,1599
35.7639,1598
35.7667,1608
35.7694,1610
35.7722,1605
35.7750,1605
35.7778,1592
35.7806,1596
35.7833,1591
35.7861,1595
35.7889,1608
35.7917,1600
35.7944,1616
35.7972,1604
35.8000,1602
35.8028,1590
35.8056,1598
35.8083,1595
35.8111,1587
35.8139,1595
35.8167,1595
35.8194,1594
35.8222,1596
35.8250,1596
35.8278,1606
35.8306,1602
35.8333,1608
35.8361,1606
35.8389,1594
35.8417,1600
35.8444,1601
35.8472,1609
35.8500,1605
35.8528,1613
35.8556,1617
35.8583,1613
35.8611,1620
35.8639,1627
35.8667,1638
35.8694,1646
35.8722,1651
35.8750,1654
35.8778,1653
35.8806,1646
35.8833,1642
35.8861,1646
35.8889,1651
35.8917,1655
35.8944,1661
35.8972,1659
35.9000,1658
35.9028,1650
35.9056,1663
35.9083,1658
35.9111,1668
35.9139,1667
35.9167,1670
35.9194,1673
35.9222,1678
35.9250,1673
35.9278,1680
35.9306,1681
35.9333,1675
35.9361,1665
35.9389,1670
35.9417,1658
35.9444,1654
35.9472,1660
35.9500,1658
35.9528,1657
35.9556,1654
35.9583,1651
35.9611,1659
35.9639,1654
35.9667,1659
35.9694,1668
35.9722,1669
35.9750,1664
35.9778,1657
35.9806,1651
35.9833,1649
35.9861,1650
35.9889,1645
35.9917,1643
35.9944,1639
35.9972,1654
36.0000,1655
36.0028,1658
36.0056,1654
36.0083,1658
36.0111,1658
36.0139,1656
36.0167,1662
36.0194,1661
36.0222,1669
36.0250,1667
36.0278,1674
36.0306,1679
36.0333,1681
36.0361,1680
36.0389,1673
36.0417,1678
36.0444,1685
36.0472,1702
36.0500,1711
36.0528,1707
36.0556,1708
36.0583,1708
36.0611,1723
36.0639,1729
36.0667,1731
36.0694,1738
36.0722,1736
36.0750,1740
36.0778,1743
36.0806,1740
36.0833,1738
36.0861,1734
36.0889,1741
36.0917,1749
36.0944,1761
36.0972,1758
36.1000,1757
36.1028,1763
36.1056,1765
36.1083,1767
36.1111,1771
36.1139,1778
36.1167,1786
36.1194,1782
36.1222,1776
36.1250,1781
36.1278,1779
36.1306,1777
36.1333,1770
36.1361,1754
36.1389,1760
36.1417,1766
36.1444,1772
36.1472,1783
36.1500,1799
36.1528,1817
36.1556,1844
36.1583,1854
36.1611,1865
36.1639,1869
36.1667,1881
36.1694,1886
36.1722,1892
36.1750,1894
36.1778,1894
36.1806,1916
36.1833,1927
36.1861,1935
36.1889,1952
36.1917,1950
36.1944,1959
36.1972,1974
36.2000,1967
36.2028,1949
36.2056,1925
36.2083,1886
36.2111,1861
36.2139,1837
36.2167,1817
36.2194,1792
36.2222,1776
36.2250,1764
36.2278,1745
36.2306,1740
36.2333,1729
36.2361,1730
36.2389,1719
36.2417,1716
36.2444,1693
36.2472,1689
36.2500,1688
36.2528,1690
36.2556,1696
36.2583,1700
36.2611,1697
36.2639,1700
36.2667,1693
36.2694,1699
36.2722,1700
36.2750,1699
36.2778,1695
36.2806,1687
36.2833,1661
36.2861,1627
36.2889,1601
36.2917,1577
36.2944,1596
36.2972,1686
36.3000,1815
36.3028,1964
36.3056,2159
36.3083,2372
36.3111,2546
36.3139,2719
36.3167,2837
36.3194,2949
36.3222,3073
36.3250,3135
36.3278,3021
36.3306,2758
36.3333,2416
36.3361,2078
36.3389,1800
36.3417,1618
36.3444,1547
36.3472,1550
36.3500,1583
36.3528,1631
36.3556,1670
36.3583,1695
36.3611,1688
36.3639,1683
36.3667,1653
36.3694,1652
36.3722,1647
36.3750,1651
36.3778,1655
36.3806,1654
36.3833,1643
36.3861,1636
36.3889,1638
36.3917,1645
36.3944,1655
36.3972,1657
36.4000,1663
36.4028,1639
36.4056,1645
36.4083,1634
36.4111,1641
36.4139,1660
36.4167,1662
36.4194,1662
36.4222,1653
36.4250,1650
36.4278,1658
36.4306,1654
36.4333,1682
36.4361,1693
36.4389,1697
36.4417,1686
36.4444,1686
36.4472,1682
36.4500,1683
36.4528,1693
36.4556,1702
36.4583,1707
36.4611,1714
36.4639,1710
36.4667,1718
36.4694,1727
36.4722,1730
36.4750,1737
36.4778,1732
36.4806,1735
36.4833,1734
36.4861,1731
36.4889,1744
36.4917,1756
36.4944,1757
36.4972,1768
36.5000,1763
36.5028,1761
36.5056,1765
36.5083,1764
36.5111,1779
36.5139,1793
36.5167,1808
36.5194,1820
36.5222,1818
36.5250,1822
36.5278,1830
36.5306,1964
36.5333,1959
36.5361,1953
36.5389,1934
36.5417,1912
36.5444,1884
36.5472,1874
36.5500,1850
36.5528,1837
36.5556,1833
36.5583,1817
36.5611,1814
36.5639,1790
36.5667,1767
36.5694,1747
36.5722,1745
36.5750,1751
36.5778,1733
36.5806,1725
36.5833,1713
36.5861,1697
36.5889,1687
36.5917,1684
36.5944,1679
36.5972,1680
36.6000,1672
36.6028,1676
36.6056,1671
36.6083,1665
36.6111,1668
36.6139,1662
36.6167,1655
36.6194,1655
36.6222,1663
36.6250,1670
36.6278,1669
36.6306,1671
36.6333,1678
36.6361,1674
36.6389,1680
36.6417,1674
36.6444,1666
36.6472,1671
36.6500,1670
36.6528,1672
36.6556,1680
36.6583,1690
36.6611,1699
36.6639,1702
36.6667,1693
36.6694,1694
36.6722,1695
36.6750,1705
36.6778,1701
36.6806,1695
36.6833,1699
36.6861,1708
36.6889,1702
36.6917,1713
36.6944,1710
36.6972,1716
36.7000,1721
36.7028,1716
36.7056,1713
36.7083,1719
36.7111,1712
36.7139,1712
36.7167,1719
36.7194,1726
36.7222,1724
36.7250,1725
36.7278,1720
36.7306,1720
36.7333,1711
36.7361,1703
36.7389,1703
36.7417,1704
36.7444,1701
36.7472,1696
36.7500,1707
36.7528,1707
36.7556,1702
36.7583,1709
36.7611,1707
36.7639,1704
36.7667,1695
36.7694,1700
36.7722,1697
36.7750,1700
36.7778,1703
36.7806,1696
36.7833,1684
36.7861,1680
36.7889,1685
36.7917,1690
36.7944,1692
36.7972,1685
36.8000,1690
36.8028,1690
36.8056,1689
36.8083,1680
36.8111,1679
36.8139,1677
36.8167,1682
36.8194,1687
36.8222,1681
36.8250,1673
36.8278,1673
36.8306,1669
36.8333,1667
36.8361,1664
36.8389,1663
36.8417,1657
36.8444,1655
36.8472,1657
36.8500,1656
36.8528,1657
36.8556,1666
36.8583,1660
36.8611,1663
36.8639,1656
36.8667,1657
36.8694,1646
36.8722,1649
36.8750,1661
36.8778,1662
36.8806,1658
36.8833,1654
36.8861,1648
36.8889,1645
36.8917,1644
36.8944,1644
36.8972,1648
36.9000,1649
36.9028,1647
36.9056,1643
36.9083,1642
36.9111,1645
36.9139,1641
36.9167,1637
36.9194,1634
36.9222,1630
36.9250,1632
36.9278,1641
36.9306,1631
36.9333,1630
36.9361,1626
36.9389,1629
36.9417,1628
36.9444,1628
36.9472,1624
36.9500,1630
36.9528,1632
36.9556,1640
36.9583,1650
36.9611,1672
36.9639,1692
36.9667,1704
36.9694,1716
36.9722,1736
36.9750,1757
36.9778,1769
36.9806,1766
36.9833,1759
36.9861,1762
36.9889,1777
36.9917,1779
36.9944,1785
36.9972,1807
37.0000,1831
37.0028,1843
37.0056,1852
37.0083,1841
37.0111,1817
37.0139,1785
37.0167,1757
37.0194,1729
37.0222,1701
37.0250,1681
37.0278,1651
37.0306,1631
37.0333,1616
37.0361,1615
37.0389,1600
37.0417,1589
37.0444,1578
37.0472,1573
37.0500,1566
37.0528,1548
37.0556,1544
37.0583,1532
37.0611,1531
37.0639,1527
37.0667,1529
37.0694,1521
37.0722,1522
37.0750,1522
37.0778,1520
37.0806,1520
37.0833,1514
37.0861,1512
37.0889,1496
37.0917,1473
37.0944,1448
37.0972,1409
37.1000,1400
37.1028,1462
37.1056,1597
37.1083,1746
37.1111,1929
37.1139,2136
37.1167,2353
37.1194,2516
37.1222,2660
37.1250,2758
37.1278,2844
37.1306,2933
37.1333,2911
37.1361,2722
37.1389,2399
37.1417,2055
37.1444,1762
37.1472,1537
37.1500,1430
37.1528,1414
37.1556,1465
37.1583,1530
37.1611,1594
37.1639,1631
37.1667,1648
37.1694,1638
37.1722,1641
37.1750,1637
37.1778,1657
37.1806,1669
37.1833,1686
37.1861,1693
37.1889,1711
37.1917,1700
37.1944,1709
37.1972,1730
37.2000,1739
37.2028,1753
37.2056,1767
37.2083,1767
37.2111,1762
37.2139,1759
37.2167,1765
37.2194,1771
37.2222,1781
37.2250,1785
37.2278,1789
37.2306,1781
37.2333,1775
37.2361,1771
37.2389,1793
37.2417,1798
37.2444,1801
37.2472,1804
37.2500,1795
37.2528,1780
37.2556,1781
37.2583,1785
37.2611,1784
37.2639,1785
37.2667,1795
37.2694,1794
37.2722,1785
37.2750,1791
37.2778,1782
37.2806,1790
37.2833,1785
37.2861,1791
37.2889,1788
37.2917,1787
37.2944,1782
37.2972,1786
37.3000,1798
37.3028,1804
37.3056,1814
37.3083,1813
37.3111,1812
37.3139,1813
37.3167,1825
37.3194,1824
37.3222,1843
37.3250,1843
37.3278,1854
37.3306,1854
37.3333,1865
37.3361,1871
37.3389,1907
37.3417,1914
37.3444,1897
37.3472,1881
37.3500,1865
37.3528,1834
37.3556,1809
37.3583,1781
37.3611,1771
37.3639,1746
37.3667,1727
37.3694,1702
37.3722,1679
37.3750,1654
37.3778,1637
37.3806,1628
37.3833,1620
37.3861,1603
37.3889,1583
37.3917,1575
37.3944,1564
37.3972,1553
37.4000,1551
37.4028,1545
37.4056,1544
37.4083,1532
37.4111,1537
37.4139,1535
37.4167,1523
37.4194,1531
37.4222,1535
37.4250,1536
37.4278,1544
37.4306,1525
37.4333,1521
37.4361,1515
37.4389,1508
37.4417,1520
37.4444,1520
37.4472,1524
37.4500,1521
37.4528,1516
37.4556,1512
37.4583,1521
37.4611,1525
37.4639,1532
37.4667,1524
37.4694,1539
37.4722,1541
37.4750,1542
37.4778,1553
37.4806,1549
37.4833,1558
37.4861,1566
37.4889,1569
37.4917,1574
37.4944,1572
37.4972,1579
37.5000,1585
37.5028,1579
37.5056,1585
37.5083,1589
37.5111,1584
37.5139,1594
37.5167,1590
37.5194,1598
37.5222,1593
37.5250,1611
37.5278,1606
37.5306,1617
37.5333,1610
37.5361,1612
37.5389,1621
37.5417,1622
37.5444,1627
37.5472,1626
37.5500,1628
37.5528,1615
37.5556,1611
37.5583,1617
37.5611,1620
37.5639,1621
37.5667,1615
37.5694,1622
37.5722,1616
37.5750,1622
37.5778,1616
37.5806,1611
37.5833,1615
37.5861,1611
37.5889,1619
37.5917,1612
37.5944,1614
37.5972,1610
37.6000,1618
37.6028,1623
37.6056,1620
37.6083,1618
37.6111,1624
37.6139,1618
37.6167,1609
37.6194,1613
37.6222,1616
37.6250,1618
37.6278,1615
37.6306,1621
37.6333,1612
37.6361,1623
37.6389,1622
37.6417,1617
37.6444,1622
37.6472,1624
37.6500,1627
37.6528,1629
37.6556,1629
37.6583,1641
37.6611,1632
37.6639,1643
37.6667,1646
37.6694,1646
37.6722,1648
37.6750,1647
37.6778,1650
37.6806,1652
37.6833,1654
37.6861,1660
37.6889,1654
37.6917,1655
37.6944,1658
37.6972,1651
37.7000,1649
37.7028,1656
37.7056,1668
37.7083,1667
37.7111,1671
37.7139,1671
37.7167,1673
37.7194,1664
37.7222,1656
37.7250,1652
37.7278,1654
37.7306,1651
37.7333,1654
37.7361,1659
37.7389,1658
37.7417,1667
37.7444,1667
37.7472,1654
37.7500,1657
37.7528,1653
37.7556,1655
37.7583,1650
37.7611,1663
37.7639,1656
37.7667,1655
37.7694,1667
37.7722,1682
37.7750,1702
37.7778,1719
37.7806,1743
37.7833,1767
37.7861,1776
37.7889,1789
37.7917,1789
37.7944,1789
37.7972,1784
37.8000,1801
37.8028,1808
37.8056,1821
37.8083,1834
37.8111,1848
37.8139,1861
37.8167,1876
37.8194,1876
37.8222,1871
37.8250,1851
37.8278,1818
37.8306,1781
37.8333,1763
37.8361,1740
37.8389,1725
37.8417,1703
37.8444,1680
37.8472,1655
37.8500,1642
37.8528,1632
37.8556,1626
37.8583,1621
37.8611,1618
37.8639,1614
37.8667,1613
37.8694,1596
37.8722,1594
37.8750,1588
37.8778,1578
37.8806,1589
37.8833,1591
37.8861,1594
37.8889,1598
37.8917,1595
37.8944,1585
37.8972,1583
37.9000,1577
37.9028,1558
37.9056,1538
37.9083,1509
37.9111,1468
37.9139,1459
37.9167,1510
37.9194,1643
37.9222,1801
37.9250,1983
37.9278,2204
37.9306,2430
37.9333,2602
37.9361,2737
37.9389,2840
37.9417,2941
37.9444,3049
37.9472,3053
37.9500,2857
37.9528,2542
37.9556,2193
37.9583,1886
37.9611,1631
37.9639,1522
37.9667,1507
37.9694,1538
37.9722,1586
37.9750,1625
37.9778,1634
37.9806,1634
37.9833,1610
37.9861,1596
37.9889,1572
37.9917,1581
37.9944,1581
37.9972,1588
38.0000,1581
38.0028,1582
38.0056,1578
38.0083,1578
38.0111,1578
38.0139,1591
38.0167,1594
38.0194,1595
38.0222,1590
38.0250,1578
38.0278,1572
38.0306,1582
38.0333,1593
38.0361,1601
38.0389,1615
38.0417,1614
38.0444,1609
38.0472,1595
38.0500,1605
38.0528,1608
38.0556,1616
38.0583,1623
38.0611,1630
38.0639,1627
38.0667,1624
38.0694,1624
38.0722,1633
38.0750,1642
38.0778,1647
38.0806,1661
38.0833,1649
38.0861,1654
38.0889,1649
38.0917,1637
38.0944,1642
38.0972,1668
38.1000,1662
38.1028,1671
38.1056,1676
38.1083,1678
38.1111,1681
38.1139,1699
38.1167,1705
38.1194,1711
38.1222,1706
38.1250,1706
38.1278,1710
38.1306,1717
38.1333,1741
38.1361,1751
38.1389,1761
38.1417,1767
38.1444,1774
38.1472,1771
38.1500,1778
38.1528,1913
38.1556,1920
38.1583,1905
38.1611,1895
38.1639,1884
38.1667,1857
38.1694,1840
38.1722,1819
38.1750,1803
38.1778,1779
38.1806,1756
38.1833,1733
38.1861,1718
38.1889,1692
38.1917,1681
38.1944,1675
38.1972,1660
38.2000,1658
38.2028,1648
38.2056,1635
38.2083,1621
38.2111,1614
38.2139,1609
38.2167,1611
38.2194,1609
38.2222,1607
38.2250,1602
38.2278,1606
38.2306,1603
38.2333,1601
38.2361,1603
38.2389,1606
38.2417,1610
38.2444,1607
38.2472,1615
38.2500,1607
38.2528,1605
38.2556,1608
38.2583,1609
38.2611,1610
38.2639,1612
38.2667,1608
38.2694,1600
38.2722,1605
38.2750,1614
38.2778,1619
38.2806,1619
38.2833,1618
38.2861,1619
38.2889,1612
38.2917,1608
38.2944,1612
38.2972,1614
38.3000,1618
38.3028,1626
38.3056,1631
38.3083,1637
38.3111,1641
38.3139,1645
38.3167,1646
38.3194,1645
38.3222,1650
38.3250,1639
38.3278,1642
38.3306,1643
38.3333,1646
38.3361,1655
38.3389,1663
38.3417,1665
38.3444,1668
38.3472,1667
38.3500,1673
38.3528,1675
38.3556,1671
38.3583,1680
38.3611,1671
38.3639,1670
38.3667,1664
38.3694,1664
38.3722,1662
38.3750,1668
38.3778,1656
38.3806,1671
38.3833,1672
38.3861,1666
38.3889,1656
38.3917,1654
38.3944,1648
38.3972,1651
38.4000,1649
38.4028,1659
38.4056,1654
38.4083,1653
38.4111,1643
38.4139,1642
38.4167,1646
38.4194,1654
38.4222,1652
38.4250,1653
38.4278,1653
38.4306,1647
38.4333,1650
38.4361,1648
38.4389,1647
38.4417,1650
38.4444,1650
38.4472,1655
38.4500,1658
38.4528,1652
38.4556,1653
38.4583,1658
38.4611,1661
38.4639,1658
38.4667,1652
38.4694,1653
38.4722,1660
38.4750,1660
38.4778,1669
38.4806,1659
38.4833,1671
38.4861,1656
38.4889,1654
38.4917,1660
38.4944,1656
38.4972,1671
38.5000,1671
38.5028,1666
38.5056,1676
38.5083,1665
38.5111,1665
38.5139,1660
38.5167,1661
38.5194,1652
38.5222,1652
38.5250,1653
38.5278,1668
38.5306,1669
38.5333,1679
38.5361,1677
38.5389,1688
38.5417,1687
38.5444,1683
38.5472,1678
38.5500,1683
38.5528,1683
38.5556,1680
38.5583,1690
38.5611,1694
38.5639,1694
38.5667,1687
38.5694,1691
38.5722,1691
38.5750,1689
38.5778,1694
38.5806,1696
38.5833,1698
38.5861,1707
38.5889,1715
38.5917,1740
38.5944,1757
38.5972,1781
38.6000,1795
38.6028,1793
38.6056,1818
38.6083,1818
38.6111,1823
38.6139,1821
38.6167,1833
38.6194,1842
38.6222,1851
38.6250,1849
38.6278,1859
38.6306,1869
38.6333,1902
38.6361,1917
38.6389,1935
38.6417,1918
38.6444,1891
38.6472,1868
38.6500,1843
38.6528,1819
38.6556,1784
38.6583,1766
38.6611,1741
38.6639,1726
38.6667,1715
38.6694,1707
38.6722,1705
38.6750,1698
38.6778,1697
38.6806,1692
38.6833,1681
38.6861,1663
38.6889,1653
38.6917,1655
38.6944,1646
38.6972,1656
38.7000,1660
38.7028,1667
38.7056,1658
38.7083,1666
38.7111,1652
38.7139,1651
38.7167,1648
38.7194,1639
38.7222,1614
38.7250,1588
38.7278,1564
38.7306,1512
38.7333,1523
38.7361,1602
38.7389,1730
38.7417,1893
38.7444,2100
38.7472,2316
38.7500,2526
38.7528,2696
38.7556,2837
38.7583,2943
38.7611,3071
38.7639,3155
38.7667,3089
38.7694,2834
38.7722,2493
38.7750,2139
38.7778,1819
38.7806,1603
38.7833,1507
38.7861,1512
38.7889,1556
38.7917,1605
38.7944,1643
38.7972,1661
38.8000,1658
38.8028,1640
38.8056,1621
38.8083,1604
38.8111,1609
38.8139,1618
38.8167,1623
38.8194,1623
38.8222,1617
38.8250,1615
38.8278,1611
38.8306,1614
38.8333,1623
38.8361,1626
38.8389,1629
38.8417,1628
38.8444,1621
38.8472,1620
38.8500,1623
38.8528,1636
38.8556,1643
38.8583,1649
38.8611,1644
38.8639,1622
38.8667,1621
38.8694,1622
38.8722,1635
38.8750,1647
38.8778,1658
38.8806,1653
38.8833,1648
38.8861,1648
38.8889,1663
38.8917,1661
38.8944,1676
38.8972,1685
38.9000,1692
38.9028,1688
38.9056,1677
38.9083,1680
38.9111,1686
38.9139,1704
38.9167,1705
38.9194,1705
38.9222,1717
38.9250,1711
38.9278,1715
38.9306,1723
38.9333,1738
38.9361,1748
38.9389,1752
38.9417,1745
38.9444,1741
38.9472,1739
38.9500,1748
38.9528,1765
38.9556,1783
38.9583,1795
38.9611,1810
38.9639,1816
38.9667,1820
38.9694,1933
38.9722,1934
38.9750,1919
38.9778,1904
38.9806,1888
38.9833,1880
38.9861,1862
38.9889,1831
38.9917,1817
38.9944,1797
38.9972,1790
39.0000,1775
39.0028,1757
39.0056,1740
39.0083,1723
39.0111,1721
39.0139,1706
39.0167,1697
39.0194,1674
39.0222,1662
39.0250,1658
39.0278,1655
39.0306,1646
39.0333,1644
39.0361,1641
39.0389,1637
39.0417,1621
39.0444,1621
39.0472,1620
39.0500,1620
39.0528,1628
39.0556,1624
39.0583,1637
39.0611,1632
39.0639,1628
39.0667,1621
39.0694,1618
39.0722,1611
39.0750,1617
39.0778,1625
39.0806,1630
39.0833,1624
39.0861,1631
39.0889,1621
39.0917,1619
39.0944,1627
39.0972,1625
39.1000,1632
39.1028,1635
39.1056,1630
39.1083,1638
39.1111,1643
39.1139,1660
39.1167,1651
39.1194,1663
39.1222,1657
39.1250,1661
39.1278,1654
39.1306,1654
39.1333,1660
39.1361,1663
39.1389,1673
39.1417,1680
39.1444,1677
39.1472,1681
39.1500,1675
39.1528,1687
39.1556,1682
39.1583,1689
39.1611,1676
39.1639,1688
39.1667,1685
39.1694,1681
39.1722,1694
39.1750,1690
39.1778,1687
39.1806,1680
39.1833,1677
39.1861,1666
39.1889,1663
39.1917,1659
39.1944,1665
39.1972,1673
39.2000,1678
39.2028,1688
39.2056,1674
39.2083,1667
39.2111,1656
39.2139,1659
39.2167,1651
39.2194,1651
39.2222,1647
39.2250,1646
39.2278,1651
39.2306,1649
39.2333,1653
39.2361,1659
39.2389,1658
39.2417,1651
39.2444,1655
39.2472,1641
39.2500,1646
39.2528,1651
39.2556,1655
39.2583,1657
39.2611,1649
39.2639,1638
39.2667,1647
39.2694,1640
39.2722,1650
39.2750,1650
39.2778,1648
39.2806,1658
39.2833,1648
39.2861,1648
39.2889,1644
39.2917,1639
39.2944,1637
39.2972,1644
39.3000,1643
39.3028,1645
39.3056,1644
39.3083,1645
39.3111,1652
39.3139,1649
39.3167,1657
39.3194,1658
39.3222,1658
39.3250,1655
39.3278,1648
39.3306,1651
39.3333,1657
39.3361,1661
39.3389,1659
39.3417,1666
39.3444,1666
39.3472,1666
39.3500,1661
39.3528,1657
39.3556,1661
39.3583,1666
39.3611,1676
39.3639,1670
39.3667,1674
39.3694,1688
39.3722,1687
39.3750,1702
39.3778,1715
39.3806,1734
39.3833,1747
39.3861,1761
39.3889,1770
39.3917,1792
39.3944,1812
39.3972,1820
39.4000,1830
39.4028,1825
39.4056,1843
39.4083,1840
39.4111,1842
39.4139,1855
39.4167,1872
39.4194,1888
39.4222,1905
39.4250,1900
39.4278,1882
39.4306,1849
39.4333,1823
39.4361,1799
39.4389,1769
39.4417,1748
39.4444,1733
39.4472,1702
39.4500,1690
39.4528,1674
39.4556,1674
39.4583,1655
39.4611,1649
39.4639,1640
39.4667,1630
39.4694,1624
39.4722,1618
39.4750,1615
39.4778,1614
39.4806,1610
39.4833,1609
39.4861,1611
39.4889,1607
39.4917,1612
39.4944,1615
39.4972,1618
39.5000,1621
39.5028,1612
39.5056,1603
39.5083,1582
39.5111,1558
39.5139,1523
39.5167,1493
39.5194,1512
39.5222,1603
39.5250,1738
39.5278,1898
39.5306,2096
39.5333,2309
39.5361,2510
39.5389,2678
39.5417,2815
39.5444,2914
39.5472,3028
39.5500,3089
39.5528,2991
39.5556,2737
39.5583,2412
39.5611,2077
39.5639,1798
39.5667,1601
39.5694,1513
39.5722,1509
39.5750,1542
39.5778,1590
39.5806,1618
39.5833,1639
39.5861,1642
39.5889,1622
39.5917,1596
39.5944,1593
39.5972,1597
39.6000,1602
39.6028,1601
39.6056,1597
39.6083,1586
39.6111,1580
39.6139,1585
39.6167,1586
39.6194,1603
39.6222,1609
39.6250,1607
39.6278,1603
39.6306,1595
39.6333,1605
39.6361,1602
39.6389,1617
39.6417,1614
39.6444,1622
39.6472,1619
39.6500,1626
39.6528,1615
39.6556,1623
39.6583,1631
39.6611,1639
39.6639,1632
39.6667,1630
39.6694,1628
39.6722,1638
39.6750,1647
39.6778,1651
39.6806,1655
39.6833,1665
39.6861,1663
39.6889,1654
39.6917,1652
39.6944,1655
39.6972,1656
39.7000,1677
39.7028,1687
39.7056,1691
39.7083,1691
39.7111,1694
39.7139,1693
39.7167,1698
39.7194,1704
39.7222,1710
39.7250,1707
39.7278,1704
39.7306,1708
39.7333,1715
39.7361,1727
39.7389,1742
39.7417,1756
39.7444,1757
39.7472,1758
39.7500,1770
39.7528,1771
39.7556,1892
39.7583,1900
39.7611,1887
39.7639,1887
39.7667,1876
39.7694,1859
39.7722,1830
39.7750,1811
39.7778,1784
39.7806,1765
39.7833,1751
39.7861,1734
39.7889,1717
39.7917,1689
39.7944,1669
39.7972,1648
39.8000,1644
39.8028,1641
39.8056,1629
39.8083,1628
39.8111,1610
39.8139,1604
39.8167,1600
39.8194,1599
39.8222,1600
39.8250,1603
39.8278,1595
39.8306,1583
39.8333,1581
39.8361,1572
39.8389,1583
39.8417,1577
39.8444,1583
39.8472,1587
39.8500,1576
39.8528,1569
39.8556,1573
39.8583,1578
39.8611,1571
39.8639,1580
39.8667,1576
39.8694,1576
39.8722,1580
39.8750,1573
39.8778,1587
39.8806,1591
39.8833,1584
39.8861,1580
39.8889,1577
39.8917,1573
39.8944,1577
39.8972,1586
39.9000,1592
39.9028,1605
39.9056,1611
39.9083,1617
39.9111,1609
39.9139,1610
39.9167,1612
39.9194,1618
39.9222,1631
39.9250,1630
39.9278,1620
39.9306,1625
39.9333,1625
39.9361,1627
39.9389,1634
39.9417,1633
39.9444,1646
39.9472,1643
39.9500,1638
39.9528,1630
39.9556,1632
39.9583,1630
39.9611,1632
39.9639,1635
39.9667,1642
39.9694,1639
39.9722,1632
39.9750,1627
39.9778,1630
39.9806,1634
39.9833,1633
39.9861,1639
39.9889,1634
39.9917,1627
39.9944,1632
39.9972,1626
40.0000,1634
40.0028,1630
40.0056,1633
40.0083,1630
40.0111,1633
40.0139,1626
40.0167,1617
40.0194,1622
40.0222,1621
40.0250,1622
40.0278,1623
40.0306,1619
40.0333,1622
40.0361,1624
40.0389,1628
40.0417,1624
40.0444,1623
40.0472,1617
40.0500,1615
40.0528,1609
40.0556,1614
40.0583,1619
40.0611,1626
40.0639,1619
40.0667,1624
40.0694,1621
40.0722,1620
40.0750,1622
40.0778,1627
40.0806,1620
40.0833,1625
40.0861,1625
40.0889,1628
40.0917,1629
40.0944,1628
40.0972,1630
40.1000,1634
40.1028,1642
40.1056,1642
40.1083,1641
40.1111,1649
40.1139,1651
40.1167,1648
40.1194,1650
40.1222,1642
40.1250,1646
40.1278,1648
40.1306,1645
40.1333,1652
40.1361,1644
40.1389,1655
40.1417,1653
40.1444,1658
40.1472,1651
40.1500,1656
40.1528,1648
40.1556,1655
40.1583,1655
40.1611,1654
40.1639,1666
40.1667,1667
40.1694,1666
40.1722,1666
40.1750,1669
40.1778,1671
40.1806,1687
40.1833,1693
40.1861,1718
40.1889,1737
40.1917,1748
40.1944,1768
40.1972,1781
40.2000,1804
40.2028,1811
40.2056,1820
40.2083,1816
40.2111,1819
40.2139,1824
40.2167,1837
40.2194,1844
40.2222,1856
40.2250,1868
40.2278,1879
40.2306,1905
40.2333,1895
40.2361,1882
40.2389,1857
40.2417,1824
40.2444,1793
40.2472,1769
40.2500,1742
40.2528,1722
40.2556,1692
40.2583,1675
40.2611,1666
40.2639,1660
40.2667,1658
40.2694,1653
40.2722,1652
40.2750,1645
40.2778,1636
40.2806,1623
40.2833,1617
40.2861,1616
40.2889,1614
40.2917,1609
40.2944,1611
40.2972,1611
40.3000,1616
40.3028,1616
40.3056,1620
40.3083,1611
40.3111,1609
40.3139,1596
40.3167,1567
40.3194,1529
40.3222,1503
40.3250,1480
40.3278,1475
40.3306,1556
40.3333,1688
40.3361,1845
40.3389,2040
40.3417,2271
40.3444,2469
40.3472,2642
40.3500,2777
40.3528,2871
40.3556,2963
40.3583,3056
40.3611,3009
40.3639,2787
40.3667,2450
40.3694,2108
40.3722,1822
40.3750,1605
40.3778,1499
40.3806,1501
40.3833,1542
40.3861,1591
40.3889,1620
40.3917,1632
40.3944,1622
40.3972,1601
40.4000,1575
40.4028,1560
40.4056,1553
40.4083,1557
40.4111,1562
40.4139,1565
40.4167,1561
40.4194,1556
40.4222,1559
40.4250,1551
40.4278,1572
40.4306,1582
40.4333,1576
40.4361,1572
40.4389,1557
40.4417,1558
40.4444,1559
40.4472,1572
40.4500,1582
40.4528,1593
40.4556,1590
40.4583,1584
40.4611,1585
40.4639,1589
40.4667,1603
40.4694,1617
40.4722,1623
40.4750,1636
40.4778,1629
40.4806,1628
40.4833,1624
40.4861,1635
40.4889,1647
40.4917,1652
40.4944,1662
40.4972,1658
40.5000,1650
40.5028,1658
40.5056,1643
40.5083,1661
40.5111,1667
40.5139,1674
40.5167,1671
40.5194,1674
40.5222,1677
40.5250,1681
40.5278,1704
40.5306,1712
40.5333,1718
40.5361,1718
40.5389,1720
40.5417,1737
40.5444,1746
40.5472,1758
40.5500,1770
40.5528,1783
40.5556,1785
40.5583,1795
40.5611,1802
40.5639,1925
40.5667,1927
40.5694,1924
40.5722,1910
40.5750,1891
40.5778,1856
40.5806,1841
40.5833,1811
40.5861,1793
40.5889,1780
40.5917,1772
40.5944,1754
40.5972,1732
40.6000,1711
40.6028,1687
40.6056,1672
40.6083,1661
40.6111,1668
40.6139,1650
40.6167,1638
40.6194,1637
40.6222,1623
40.6250,1618
40.6278,1615
40.6306,1611
40.6333,1619
40.6361,1616
40.6389,1617
40.6417,1614
40.6444,1607
40.6472,1607
40.6500,1608
40.6528,1603
40.6556,1610
40.6583,1607
40.6611,1608
40.6639,1603
40.6667,1613
40.6694,1610
40.6722,1617
40.6750,1609
40.6778,1607
40.6806,1615
40.6833,1616
40.6861,1603
40.6889,1609
40.6917,1609
40.6944,1602
40.6972,1609
40.7000,1614
40.7028,1616
40.7056,1620
40.7083,1623
40.7111,1626
40.7139,1622
40.7167,1626
40.7194,1624
40.7222,1624
40.7250,1632
40.7278,1634
40.7306,1640
40.7333,1646
40.7361,1645
40.7389,1649
40.7417,1650
40.7444,1651
40.7472,1652
40.7500,1656
40.7528,1653
40.7556,1667
40.7583,1665
40.7611,1662
40.7639,1658
40.7667,1676
40.7694,1674
40.7722,1674
40.7750,1677
40.7778,1674
40.7806,1681
40.7833,1674
40.7861,1679
40.7889,1661
40.7917,1677
40.7944,1679
40.7972,1678
40.8000,1670
40.8028,1672
40.8056,1671
40.8083,1677
40.8111,1678
40.8139,1671
40.8167,1672
40.8194,1664
40.8222,1662
40.8250,1659
40.8278,1658
40.8306,1672
40.8333,1674
40.8361,1673
40.8389,1663
40.8417,1666
40.8444,1664
40.8472,1660
40.8500,1656
40.8528,1662
40.8556,1659
40.8583,1664
40.8611,1667
40.8639,1668
40.8667,1672
40.8694,1675
40.8722,1674
40.8750,1670
40.8778,1672
40.8806,1668
40.8833,1668
40.8861,1668
40.8889,1680
40.8917,1680
40.8944,1686
40.8972,1677
40.9000,1673
40.9028,1661
40.9056,1664
40.9083,1665
40.9111,1674
40.9139,1665
40.9167,1662
40.9194,1661
40.9222,1673
40.9250,1663
40.9278,1667
40.9306,1670
40.9333,1673
40.9361,1674
40.9389,1677
40.9417,1673
40.9444,1671
40.9472,1681
40.9500,1672
40.9528,1681
40.9556,1672
40.9583,1677
40.9611,1681
40.9639,1671
40.9667,1672
40.9694,1682
40.9722,1672
40.9750,1681
40.9778,1686
40.9806,1683
40.9833,1682
40.9861,1686
40.9889,1691
40.9917,1700
40.9944,1694
40.9972,1702
41.0000,1714
41.0028,1718
41.0056,1738
41.0083,1751
41.0111,1777
41.0139,1786
41.0167,1800
41.0194,1815
41.0222,1828
41.0250,1817
41.0278,1830
41.0306,1833
41.0333,1843
41.0361,1845
41.0389,1853
41.0417,1866
41.0444,1894
41.0472,1913
41.0500,1917
41.0528,1911
41.0556,1903
41.0583,1865
41.0611,1828
41.0639,1812
41.0667,1790
41.0694,1770
41.0722,1742
41.0750,1718
41.0778,1695
41.0806,1677
41.0833,1669
41.0861,1662
41.0889,1665
41.0917,1658
41.0944,1647
41.0972,1644
41.1000,1635
41.1028,1629
41.1056,1632
41.1083,1629
41.1111,1626
41.1139,1620
41.1167,1625
41.1194,1620
41.1222,1624
41.1250,1619
41.1278,1617
41.1306,1616
41.1333,1599
41.1361,1576
41.1389,1544
41.1417,1500
41.1444,1480
41.1472,1526
41.1500,1638
41.1528,1786
41.1556,1963
41.1583,2184
41.1611,2389
41.1639,2578
41.1667,2731
41.1694,2835
41.1722,2924
41.1750,3039
41.1778,3071
41.1806,2921
41.1833,2625
41.1861,2281
41.1889,1967
41.1917,1705
41.1944,1562
41.1972,1527
41.2000,1551
41.2028,1597
41.2056,1633
41.2083,1656
41.2111,1654
41.2139,1637
41.2167,1601
41.2194,1591
41.2222,1575
41.2250,1587
41.2278,1595
41.2306,1601
41.2333,1594
41.2361,1583
41.2389,1584
41.2417,1580
41.2444,1588
41.2472,1596
41.2500,1602
41.2528,1593
41.2556,1584
41.2583,1576
41.2611,1590
41.2639,1599
41.2667,1617
41.2694,1621
41.2722,1620
41.2750,1627
41.2778,1620
41.2806,1613
41.2833,1612
41.2861,1631
41.2889,1633
41.2917,1645
41.2944,1643
41.2972,1648
41.3000,1644
41.3028,1640
41.3056,1645
41.3083,1652
41.3111,1672
41.3139,1664
41.3167,1655
41.3194,1657
41.3222,1664
41.3250,1667
41.3278,1680
41.3306,1685
41.3333,1696
41.3361,1690
41.3389,1691
41.3417,1696
41.3444,1704
41.3472,1710
41.3500,1729
41.3528,1729
41.3556,1732
41.3583,1731
41.3611,1736
41.3639,1738
41.3667,1760
41.3694,1770
41.3722,1784
41.3750,1785
41.3778,1790
41.3806,1804
41.3833,1926
41.3861,1926
41.3889,1914
41.3917,1905
41.3944,1884
41.3972,1861
41.4000,1837
41.4028,1819
41.4056,1800
41.4083,1786
41.4111,1763
41.4139,1743
41.4167,1725
41.4194,1701
41.4222,1691
41.4250,1675
41.4278,1666
41.4306,1658
41.4333,1661
41.4361,1633
41.4389,1626
41.4417,1625
41.4444,1618
41.4472,1612
41.4500,1613
41.4528,1606
41.4556,1600
41.4583,1604
41.4611,1603
41.4639,1605
41.4667,1600
41.4694,1609
41.4722,1617
41.4750,1619
41.4778,1610
41.4806,1611
41.4833,1611
41.4861,1615
41.4889,1619
41.4917,1627
41.4944,1618
41.4972,1624
41.5000,1619
41.5028,1622
41.5056,1611
41.5083,1613
41.5111,1614
41.5139,1627
41.5167,1625
41.5194,1637
41.5222,1645
41.5250,1650
41.5278,1649
41.5306,1658
41.5333,1640
41.5361,1646
41.5389,1651
41.5417,1652
41.5444,1653
41.5472,1656
41.5500,1676
41.5528,1681
41.5556,1677
41.5583,1673
41.5611,1679
41.5639,1683
41.5667,1691
41.5694,1693
41.5722,1695
41.5750,1692
41.5778,1699
41.5806,1693
41.5833,1693
41.5861,1689
41.5889,1698
41.5917,1701
41.5944,1703
41.5972,1702
41.6000,1702
41.6028,1697
41.6056,1709
41.6083,1708
41.6111,1707
41.6139,1696
41.6167,1692
41.6194,1687
41.6222,1676
41.6250,1682
41.6278,1678
41.6306,1683
41.6333,1687
41.6361,1681
41.6389,1688
41.6417,1693
41.6444,1684
41.6472,1676
41.6500,1681
41.6528,1670
41.6556,1668
41.6583,1667
41.6611,1673
41.6639,1670
41.6667,1673
41.6694,1671
41.6722,1682
41.6750,1674
41.6778,1664
41.6806,1666
41.6833,1664
41.6861,1668
41.6889,1674
41.6917,1691
41.6944,1691
41.6972,1701
41.7000,1699
41.7028,1687
41.7056,1682
41.7083,1688
41.7111,1682
41.7139,1675
41.7167,1673
41.7194,1680
41.7222,1678
41.7250,1680
41.7278,1678
41.7306,1673
41.7333,1671
41.7361,1669
41.7389,1664
41.7417,1668
41.7444,1674
41.7472,1677
41.7500,1683
41.7528,1685
41.7556,1683
41.7583,1676
41.7611,1677
41.7639,1693
41.7667,1691
41.7694,1690
41.7722,1691
41.7750,1681
41.7778,1678
41.7806,1673
41.7833,1670
41.7861,1670
41.7889,1678
41.7917,1680
41.7944,1691
41.7972,1699
41.8000,1694
41.8028,1696
41.8056,1688
41.8083,1682
41.8111,1675
41.8139,1661
41.8167,1671
41.8194,1672
41.8222,1673
41.8250,1692
41.8278,1710
41.8306,1732
41.8333,1741
41.8361,1751
41.8389,1757
41.8417,1772
41.8444,1787
41.8472,1807
41.8500,1808
41.8528,1797
41.8556,1802
41.8583,1808
41.8611,1821
41.8639,1827
41.8667,1854
41.8694,1866
41.8722,1883
41.8750,1893
41.8778,1882
41.8806,1856
41.8833,1826
41.8861,1804
41.8889,1780
41.8917,1757
41.8944,1735
41.8972,1706
41.9000,1680
41.9028,1665
41.9056,1651
41.9083,1662
41.9111,1648
41.9139,1655
41.9167,1648
41.9194,1633
41.9222,1616
41.9250,1599
41.9278,1599
41.9306,1600
41.9333,1605
41.9361,1609
41.9389,1613
41.9417,1615
41.9444,1614
41.9472,1606
41.9500,1598
41.9528,1601
41.9556,1590
41.9583,1569
41.9611,1535
41.9639,1512
41.9667,1479
41.9694,1466
41.9722,1516
41.9750,1636
41.9778,1777
41.9806,1949
41.9833,2145
41.9861,2352
41.9889,2522
41.9917,2667
41.9944,2781
41.9972,2888
42.0000,3004
42.0028,3025
42.0056,2847
42.0083,2549
42.0111,2194
42.0139,1871
42.0167,1622
42.0194,1487
42.0222,1457
42.0250,1471
42.0278,1533
42.0306,1576
42.0333,1597
42.0361,1603
42.0389,1589
42.0417,1566
42.0444,1558
42.0472,1556
42.0500,1567
42.0528,1584
42.0556,1590
42.0583,1575
42.0611,1551
42.0639,1544
42.0667,1546
42.0694,1547
42.0722,1558
42.0750,1557
42.0778,1559
42.0806,1558
42.0833,1550
42.0861,1558
42.0889,1572
42.0917,1587
42.0944,1594
42.0972,1597
42.1000,1588
42.1028,1579
42.1056,1567
42.1083,1570
42.1111,1586
42.1139,1601
42.1167,1611
42.1194,1608
42.1222,1610
42.1250,1614
42.1278,1619
42.1306,1628
42.1333,1633
42.1361,1628
42.1389,1636
42.1417,1620
42.1444,1625
42.1472,1631
42.1500,1637
42.1528,1648
42.1556,1660
42.1583,1659
42.1611,1652
42.1639,1656
42.1667,1662
42.1694,1673
42.1722,1692
42.1750,1693
42.1778,1699
42.1806,1694
42.1833,1689
42.1861,1695
42.1889,1706
42.1917,1716
42.1944,1730
42.1972,1738
42.2000,1742
42.2028,1746
42.2056,1762
42.2083,1915
42.2111,1916
42.2139,1901
42.2167,1894
42.2194,1881
42.2222,1864
42.2250,1848
42.2278,1837
42.2306,1818
42.2333,1809
42.2361,1796
42.2389,1775
42.2417,1751
42.2444,1730
42.2472,1719
42.2500,1704
42.2528,1691
42.2556,1692
42.2583,1680
42.2611,1682
42.2639,1665
42.2667,1657
42.2694,1651
42.2722,1654
42.2750,1657
42.2778,1657
42.2806,1658
42.2833,1654
42.2861,1651
42.2889,1637
42.2917,1643
42.2944,1637
42.2972,1644
42.3000,1644
42.3028,1641
42.3056,1635
42.3083,1639
42.3111,1652
42.3139,1649
42.3167,1655
42.3194,1658
42.3222,1650
42.3250,1656
42.3278,1642
42.3306,1645
42.3333,1652
42.3361,1653
42.3389,1660
42.3417,1659
42.3444,1666
42.3472,1675
42.3500,1679
42.3528,1684
42.3556,1690
42.3583,1692
42.3611,1690
42.3639,1689
42.3667,1690
42.3694,1702
42.3722,1702
42.3750,1697
42.3778,1701
42.3806,1705
42.3833,1707
42.3861,1709
42.3889,1712
42.3917,1710
42.3944,1711
42.3972,1710
42.4000,1709
42.4028,1713
42.4056,1713
42.4083,1706
42.4111,1707
42.4139,1713
42.4167,1722
42.4194,1714
42.4222,1710
42.4250,1716
42.4278,1706
42.4306,1698
42.4333,1701
42.4361,1709
42.4389,1703
42.4417,1697
42.4444,1691
42.4472,1687
42.4500,1687
42.4528,1688
42.4556,1691
42.4583,1688
42.4611,1686
42.4639,1686
42.4667,1676
42.4694,1676
42.4722,1680
42.4750,1686
42.4778,1691
42.4806,1690
42.4833,1685
42.4861,1690
42.4889,1693
42.4917,1690
42.4944,1681
42.4972,1689
42.5000,1688
42.5028,1685
42.5056,1686
42.5083,1685
42.5111,1690
42.5139,1688
42.5167,1692
42.5194,1692
42.5222,1695
42.5250,1695
42.5278,1691
42.5306,1697
42.5333,1702
42.5361,1701
42.5389,1700
42.5417,1701
42.5444,1695
42.5472,1698
42.5500,1698
42.5528,1699
42.5556,1692
42.5583,1696
42.5611,1697
42.5639,1694
42.5667,1695
42.5694,1695
42.5722,1696
42.5750,1690
42.5778,1699
42.5806,1691
42.5833,1687
42.5861,1681
42.5889,1688
42.5917,1696
42.5944,1693
42.5972,1703
42.6000,1696
42.6028,1702
42.6056,1701
42.6083,1699
42.6111,1701
42.6139,1697
42.6167,1710
42.6194,1712
42.6222,1721
42.6250,1725
42.6278,1729
42.6306,1742
42.6333,1763
42.6361,1786
42.6389,1808
42.6417,1811
42.6444,1840
42.6472,1851
42.6500,1856
42.6528,1855
42.6556,1874
42.6583,1884
42.6611,1876
42.6639,1891
42.6667,1902
42.6694,1918
42.6722,1937
42.6750,1951
42.6778,1948
42.6806,1932
42.6833,1894
42.6861,1867
42.6889,1843
42.6917,1821
42.6944,1791
42.6972,1775
42.7000,1754
42.7028,1731
42.7056,1715
42.7083,1705
42.7111,1691
42.7139,1692
42.7167,1693
42.7194,1690
42.7222,1675
42.7250,1666
42.7278,1668
42.7306,1670
42.7333,1672
42.7361,1663
42.7389,1667
42.7417,1667
42.7444,1656
42.7472,1667
42.7500,1665
42.7528,1654
42.7556,1651
42.7583,1637
42.7611,1607
42.7639,1575
42.7667,1543
42.7694,1519
42.7722,1553
42.7750,1648
42.7778,1793
42.7806,1971
42.7833,2184
42.7861,2401
42.7889,2589
42.7917,2754
42.7944,2875
42.7972,2958
42.8000,3062
42.8028,3111
42.8056,2968
42.8083,2685
42.8111,2334
42.8139,2010
42.8167,1740
42.8194,1574
42.8222,1519
42.8250,1535
42.8278,1584
42.8306,1629
42.8333,1653
42.8361,1669
42.8389,1653
42.8417,1638
42.8444,1610
42.8472,1602
42.8500,1608
42.8528,1618
42.8556,1628
42.8583,1616
42.8611,1609
42.8639,1606
42.8667,1595
42.8694,1605
42.8722,1613
42.8750,1630
42.8778,1622
42.8806,1612
42.8833,1603
42.8861,1608
42.8889,1621
42.8917,1622
42.8944,1627
42.8972,1625
42.9000,1615
42.9028,1617
42.9056,1610
42.9083,1619
42.9111,1634
42.9139,1650
42.9167,1652
42.9194,1650
42.9222,1641
42.9250,1638
42.9278,1639
42.9306,1662
42.9333,1670
42.9361,1670
42.9389,1671
42.9417,1669
42.9444,1673
42.9472,1683
42.9500,1684
42.9528,1693
42.9556,1708
42.9583,1698
42.9611,1701
42.9639,1706
42.9667,1711
42.9694,1725
42.9722,1729
42.9750,1751
42.9778,1741
42.9806,1744
42.9833,1745
42.9861,1750
42.9889,1762
42.9917,1773
42.9944,1779
42.9972,1792
43.0000,1795
43.0028,1808
43.0056,1821
43.0083,1930
43.0111,1935
43.0139,1927
43.0167,1913
43.0194,1893
43.0222,1884
43.0250,1856
43.0278,1833
43.0306,1812
43.0333,1798
43.0361,1778
43.0389,1759
43.0417,1738
43.0444,1720
43.0472,1701
43.0500,1684
43.0528,1679
43.0556,1677
43.0583,1657
43.0611,1645
43.0639,1634
43.0667,1616
43.0694,1626
43.0722,1627
43.0750,1619
43.0778,1628
43.0806,1627
43.0833,1616
43.0861,1605
43.0889,1614
43.0917,1605
43.0944,1607
43.0972,1616
43.1000,1613
43.1028,1612
43.1056,1608
43.1083,1603
43.1111,1606
43.1139,1601
43.1167,1605
43.1194,1603
43.1222,1609
43.1250,1601
43.1278,1603
43.1306,1604
43.1333,1607
43.1361,1613
43.1389,1616
43.1417,1619
43.1444,1615
43.1472,1622
43.1500,1623
43.1528,1633
43.1556,1633
43.1583,1639
43.1611,1636
43.1639,1641
43.1667,1635
43.1694,1641
43.1722,1650
43.1750,1653
43.1778,1657
43.1806,1662
43.1833,1652
43.1861,1651
43.1889,1655
43.1917,1660
43.1944,1654
43.1972,1672
43.2000,1671
43.2028,1666
43.2056,1663
43.2083,1658
43.2111,1664
43.2139,1667
43.2167,1660
43.2194,1667
43.2222,1661
43.2250,1648
43.2278,1645
43.2306,1651
43.2333,1648
43.2361,1655
43.2389,1651
43.2417,1650
43.2444,1646
43.2472,1645
43.2500,1641
43.2528,1649
43.2556,1659
43.2583,1659
43.2611,1653
43.2639,1653
43.2667,1640
43.2694,1639
43.2722,1634
43.2750,1626
43.2778,1630
43.2806,1638
43.2833,1635
43.2861,1630
43.2889,1628
43.2917,1640
43.2944,1636
43.2972,1629
43.3000,1634
43.3028,1634
43.3056,1625
43.3083,1634
43.3111,1631
43.3139,1632
43.3167,1634
43.3194,1636
43.3222,1635
43.3250,1629
43.3278,1637
43.3306,1630
43.3333,1636
43.3361,1635
43.3389,1644
43.3417,1632
43.3444,1628
43.3472,1635
43.3500,1635
43.3528,1636
43.3556,1626
43.3583,1626
43.3611,1628
43.3639,1635
43.3667,1627
43.3694,1639
43.3722,1637
43.3750,1637
43.3778,1644
43.3806,1641
43.3833,1642
43.3861,1634
43.3889,1640
43.3917,1640
43.3944,1643
43.3972,1650
43.4000,1649
43.4028,1642
43.4056,1637
43.4083,1633
43.4111,1655
43.4139,1649
43.4167,1646
43.4194,1648
43.4222,1647
43.4250,1652
43.4278,1654
43.4306,1669
43.4333,1673
43.4361,1696
43.4389,1721
43.4417,1741
43.4444,1754
43.4472,1777
43.4500,1796
43.4528,1800
43.4556,1805
43.4583,1797
43.4611,1800
43.4639,1811
43.4667,1820
43.4694,1822
43.4722,1840
43.4750,1866
43.4778,1882
43.4806,1884
43.4833,1883
43.4861,1866
43.4889,1833
43.4917,1789
43.4944,1775
43.4972,1749
43.5000,1735
43.5028,1710
43.5056,1687
43.5083,1667
43.5111,1656
43.5139,1648
43.5167,1642
43.5194,1638
43.5222,1634
43.5250,1624
43.5278,1606
43.5306,1595
43.5333,1598
43.5361,1594
43.5389,1598
43.5417,1597
43.5444,1595
43.5472,1596
43.5500,1604
43.5528,1591
43.5556,1599
43.5583,1595
43.5611,1581
43.5639,1568
43.5667,1540
43.5694,1505
43.5722,1459
43.5750,1446
43.5778,1495
43.5806,1613
43.5833,1774
43.5861,1953
43.5889,2172
43.5917,2385
43.5944,2568
43.5972,2725
43.6000,2815
43.6028,2915
43.6056,3022
43.6083,3039
43.6111,2874
43.6139,2571
43.6167,2226
43.6194,1922
43.6222,1662
43.6250,1531
43.6278,1491
43.6306,1533
43.6333,1582
43.6361,1604
43.6389,1630
43.6417,1621
43.6444,1601
43.6472,1576
43.6500,1559
43.6528,1560
43.6556,1566
43.6583,1578
43.6611,1576
43.6639,1575
43.6667,1556
43.6694,1544
43.6722,1554
43.6750,1565
43.6778,1575
43.6806,1576
43.6833,1580
43.6861,1573
43.6889,1564
43.6917,1570
43.6944,1583
43.6972,1590
43.7000,1605
43.7028,1604
43.7056,1600
43.7083,1600
43.7111,1600
43.7139,1607
43.7167,1616
43.7194,1619
43.7222,1631
43.7250,1625
43.7278,1619
43.7306,1621
43.7333,1624
43.7361,1635
43.7389,1655
43.7417,1645
43.7444,1659
43.7472,1639
43.7500,1639
43.7528,1646
43.7556,1648
43.7583,1665
43.7611,1671
43.7639,1676
43.7667,1672
43.7694,1680
43.7722,1681
43.7750,1708
43.7778,1715
43.7806,1723
43.7833,1730
43.7861,1723
43.7889,1723
43.7917,1721
43.7944,1734
43.7972,1750
43.8000,1765
43.8028,1766
43.8056,1771
43.8083,1778
43.8111,1781
43.8139,1914
43.8167,1921
43.8194,1907
43.8222,1894
43.8250,1881
43.8278,1856
43.8306,1830
43.8333,1808
43.8361,1795
43.8389,1770
43.8417,1754
43.8444,1739
43.8472,1721
43.8500,1697
43.8528,1675
43.8556,1665
43.8583,1653
43.8611,1651
43.8639,1631
43.8667,1629
43.8694,1612
43.8722,1598
43.8750,1607
43.8778,1605
43.8806,1610
43.8833,1600
43.8861,1607
43.8889,1601
43.8917,1608
43.8944,1594
43.8972,1596
43.9000,1593
43.9028,1600
43.9056,1592
43.9083,1587
43.9111,1588
43.9139,1592
43.9167,1597
43.9194,1610
43.9222,1611
43.9250,1607
43.9278,1605
43.9306,1599
43.9333,1591
43.9361,1601
43.9389,1600
43.9417,1598
43.9444,1604
43.9472,1598
43.9500,1601
43.9528,1611
43.9556,1610
43.9583,1615
43.9611,1617
43.9639,1620
43.9667,1621
43.9694,1622
43.9722,1624
43.9750,1626
43.9778,1635
43.9806,1641
43.9833,1635
43.9861,1636
43.9889,1625
43.9917,1636
43.9944,1635
43.9972,1648
44.0000,1651
44.0028,1657
44.0056,1655
44.0083,1652
44.0111,1651
44.0139,1645
44.0167,1648
44.0194,1646
44.0222,1649
44.0250,1649
44.0278,1646
44.0306,1642
44.0333,1648
44.0361,1647
44.0389,1648
44.0417,1640
44.0444,1641
44.0472,1640
44.0500,1638
44.0528,1637
44.0556,1639
44.0583,1643
44.0611,1641
44.0639,1645
44.0667,1643
44.0694,1630
44.0722,1631
44.0750,1636
44.0778,1634
44.0806,1636
44.0833,1633
44.0861,1630
44.0889,1638
44.0917,1630
44.0944,1632
44.0972,1627
44.1000,1636
44.1028,1624
44.1056,1625
44.1083,1623
44.1111,1624
44.1139,1613
44.1167,1617
44.1194,1622
44.1222,1618
44.1250,1624
44.1278,1628
44.1306,1623
44.1333,1631
44.1361,1621
44.1389,1634
44.1417,1637
44.1444,1638
44.1472,1631
44.1500,1625
44.1528,1625
44.1556,1628
44.1583,1640
44.1611,1630
44.1639,1633
44.1667,1630
44.1694,1633
44.1722,1626
44.1750,1634
44.1778,1637
44.1806,1648
44.1833,1653
44.1861,1649
44.1889,1646
44.1917,1643
44.1944,1630
44.1972,1634
44.2000,1637
44.2028,1633
44.2056,1632
44.2083,1635
44.2111,1627
44.2139,1637
44.2167,1636
44.2194,1635
44.2222,1640
44.2250,1645
44.2278,1645
44.2306,1652
44.2333,1647
44.2361,1651
44.2389,1659
44.2417,1667
44.2444,1679
44.2472,1701
44.2500,1725
44.2528,1739
44.2556,1762
44.2583,1779
44.2611,1798
44.2639,1797
44.2667,1791
44.2694,1785
44.2722,1785
44.2750,1801
44.2778,1809
44.2806,1820
44.2833,1832
44.2861,1856
44.2889,1872
44.2917,1886
44.2944,1880
44.2972,1859
44.3000,1835
44.3028,1809
44.3056,1778
44.3083,1747
44.3111,1721
44.3139,1708
44.3167,1685
44.3194,1664
44.3222,1655
44.3250,1648
44.3278,1645
44.3306,1631
44.3333,1631
44.3361,1617
44.3389,1607
44.3417,1607
44.3444,1602
44.3472,1610
44.3500,1602
44.3528,1605
44.3556,1602
44.3583,1601
44.3611,1598
44.3639,1607
44.3667,1598
44.3694,1602
44.3722,1595
44.3750,1583
44.3778,1552
44.3806,1517
44.3833,1480
44.3861,1453
44.3889,1491
44.3917,1597
44.3944,1746
44.3972,1936
44.4000,2159
44.4028,2365
44.4056,2553
44.4083,2691
44.4111,2799
44.4139,2892
44.4167,3001
44.4194,3028
44.4222,2894
44.4250,2592
44.4278,2258
44.4306,1941
44.4333,1691
44.4361,1534
44.4389,1487
44.4417,1519
44.4444,1567
44.4472,1605
44.4500,1620
44.4528,1620
44.4556,1596
44.4583,1578
44.4611,1560
44.4639,1547
44.4667,1546
44.4694,1535
44.4722,1542
44.4750,1541
44.4778,1525
44.4806,1523
44.4833,1531
44.4861,1543
44.4889,1553
44.4917,1564
44.4944,1571
44.4972,1565
44.5000,1556
44.5028,1562
44.5056,1577
44.5083,1587
44.5111,1600
44.5139,1603
44.5167,1607
44.5194,1603
44.5222,1587
44.5250,1605
44.5278,1607
44.5306,1610
44.5333,1616
44.5361,1621
44.5389,1623
44.5417,1620
44.5444,1632
44.5472,1637
44.5500,1652
44.5528,1652
44.5556,1656
44.5583,1644
44.5611,1646
44.5639,1653
44.5667,1672
44.5694,1682
44.5722,1691
44.5750,1693
44.5778,1693
44.5806,1697
44.5833,1700
44.5861,1705
44.5889,1722
44.5917,1724
44.5944,1735
44.5972,1736
44.6000,1734
44.6028,1744
44.6056,1762
44.6083,1771
44.6111,1794
44.6139,1790
44.6167,1794
44.6194,1800
44.6222,1810
44.6250,1912
44.6278,1914
44.6306,1910
44.6333,1888
44.6361,1867
44.6389,1842
44.6417,1808
44.6444,1790
44.6472,1777
44.6500,1766
44.6528,1747
44.6556,1739
44.6583,1705
44.6611,1679
44.6639,1661
44.6667,1638
44.6694,1638
44.6722,1622
44.6750,1631
44.6778,1620
44.6806,1621
44.6833,1618
44.6861,1606
44.6889,1604
44.6917,1606
44.6944,1594
44.6972,1575
44.7000,1571
44.7028,1579
44.7056,1580
44.7083,1587
44.7111,1600
44.7139,1604
44.7167,1596
44.7194,1596
44.7222,1589
44.7250,1585
44.7278,1586
44.7306,1583
44.7333,1584
44.7361,1580
44.7389,1583
44.7417,1577
44.7444,1580
44.7472,1588
44.7500,1596
44.7528,1592
44.7556,1584
44.7583,1588
44.7611,1587
44.7639,1585
44.7667,1589
44.7694,1601
44.7722,1593
44.7750,1602
44.7778,1600
44.7806,1606
44.7833,1609
44.7861,1613
44.7889,1617
44.7917,1621
44.7944,1623
44.7972,1617
44.8000,1614
44.8028,1617
44.8056,1626
44.8083,1645
44.8111,1640
44.8139,1647
44.8167,1651
44.8194,1645
44.8222,1635
44.8250,1630
44.8278,1625
44.8306,1643
44.8333,1636
44.8361,1640
44.8389,1625
44.8417,1619
44.8444,1616
44.8472,1619
44.8500,1602
44.8528,1604
44.8556,1607
44.8583,1605
44.8611,1607
44.8639,1609
44.8667,1613
44.8694,1624
44.8722,1623
44.8750,1614
44.8778,1605
44.8806,1589
44.8833,1587
44.8861,1590
44.8889,1595
44.8917,1606
44.8944,1596
44.8972,1597
44.9000,1592
44.9028,1592
44.9056,1582
44.9083,1585
44.9111,1581
44.9139,1585
44.9167,1579
44.9194,1578
44.9222,1579
44.9250,1582
44.9278,1581
44.9306,1580
44.9333,1590
44.9361,1595
44.9389,1603
44.9417,1609
44.9444,1605
44.9472,1592
44.9500,1607
44.9528,1601
44.9556,1611
44.9583,1609
44.9611,1623
44.9639,1623
44.9667,1628
44.9694,1632
44.9722,1608
44.9750,1601
44.9778,1593
44.9806,1590
44.9833,1589
44.9861,1601
44.9889,1605
44.9917,1612
44.9944,1603
44.9972,1617
45.0000,1616
45.0028,1611
45.0056,1613
45.0083,1615
45.0111,1627
45.0139,1617
45.0167,1614
45.0194,1625
45.0222,1630
45.0250,1629
45.0278,1637
45.0306,1642
45.0333,1642
45.0361,1648
45.0389,1647
45.0417,1642
45.0444,1647
45.0472,1651
45.0500,1667
45.0528,1692
45.0556,1709
45.0583,1714
45.0611,1744
45.0639,1760
45.0667,1783
45.0694,1786
45.0722,1773
45.0750,1775
45.0778,1784
45.0806,1792
45.0833,1794
45.0861,1813
45.0889,1839
45.0917,1864
45.0944,1882
45.0972,1873
45.1000,1842
45.1028,1806
45.1056,1762
45.1083,1718
45.1111,1693
45.1139,1676
45.1167,1669
45.1194,1663
45.1222,1669
45.1250,1654
45.1278,1642
45.1306,1627
45.1333,1613
45.1361,1614
45.1389,1611
45.1417,1595
45.1444,1589
45.1472,1589
45.1500,1591
45.1528,1594
45.1556,1600
45.1583,1589
45.1611,1605
45.1639,1595
45.1667,1596
45.1694,1595
45.1722,1586
45.1750,1582
45.1778,1565
45.1806,1529
45.1833,1498
45.1861,1465
45.1889,1476
45.1917,1546
45.1944,1675
45.1972,1819
45.2000,1983
45.2028,2182
45.2056,2365
45.2083,2527
45.2111,2671
45.2139,2785
45.2167,2924
45.2194,3027
45.2222,2996
45.2250,2793
45.2278,2474
45.2306,2136
45.2333,1844
45.2361,1623
45.2389,1481
45.2417,1431
45.2444,1443
45.2472,1489
45.2500,1537
45.2528,1566
45.2556,1569
45.2583,1566
45.2611,1551
45.2639,1540
45.2667,1534
45.2694,1532
45.2722,1526
45.2750,1531
45.2778,1534
45.2806,1526
45.2833,1525
45.2861,1531
45.2889,1537
45.2917,1544
45.2944,1545
45.2972,1536
45.3000,1527
45.3028,1517
45.3056,1531
45.3083,1542
45.3111,1556
45.3139,1564
45.3167,1559
45.3194,1554
45.3222,1548
45.3250,1547
45.3278,1559
45.3306,1577
45.3333,1582
45.3361,1589
45.3389,1584
45.3417,1584
45.3444,1597
45.3472,1594
45.3500,1610
45.3528,1610
45.3556,1613
45.3583,1611
45.3611,1606
45.3639,1613
45.3667,1614
45.3694,1626
45.3722,1640
45.3750,1636
45.3778,1639
45.3806,1639
45.3833,1640
45.3861,1647
45.3889,1663
45.3917,1667
45.3944,1671
45.3972,1678
45.4000,1682
45.4028,1681
45.4056,1693
45.4083,1706
45.4111,1728
45.4139,1733
45.4167,1736
45.4194,1723
45.4222,1739
45.4250,1744
45.4278,1902
45.4306,1913
45.4333,1902
45.4361,1895
45.4389,1879
45.4417,1863
45.4444,1844
45.4472,1831
45.4500,1824
45.4528,1811
45.4556,1799
45.4583,1786
45.4611,1767
45.4639,1759
45.4667,1751
45.4694,1740
45.4722,1736
45.4750,1721
45.4778,1700
45.4806,1684
45.4833,1673
45.4861,1676
45.4889,1681
45.4917,1682
45.4944,1675
45.4972,1666
45.5000,1667
45.5028,1656
45.5056,1651
45.5083,1646
45.5111,1641
45.5139,1637
45.5167,1638
45.5194,1633
45.5222,1633
45.5250,1625
45.5278,1634
45.5306,1635
45.5333,1634
45.5361,1646
45.5389,1635
45.5417,1641
45.5444,1648
45.5472,1651
45.5500,1651
45.5528,1662
45.5556,1672
45.5583,1683
45.5611,1678
45.5639,1683
45.5667,1685
45.5694,1686
45.5722,1693
45.5750,1696
45.5778,1705
45.5806,1700
45.5833,1699
45.5861,1708
45.5889,1709
45.5917,1720
45.5944,1723
45.5972,1729
45.6000,1732
45.6028,1727
45.6056,1721
45.6083,1722
45.6111,1720
45.6139,1731
45.6167,1717
45.6194,1722
45.6222,1717
45.6250,1720
45.6278,1717
45.6306,1722
45.6333,1723
45.6361,1731
45.6389,1731
45.6417,1727
45.6444,1733
45.6472,1732
45.6500,1732
45.6528,1734
45.6556,1738
45.6583,1745
45.6611,1745
45.6639,1732
45.6667,1723
45.6694,1732
45.6722,1726
45.6750,1714
45.6778,1725
45.6806,1717
45.6833,1724
45.6861,1719
45.6889,1721
45.6917,1724
45.6944,1723
45.6972,1716
45.7000,1714
45.7028,1712
45.7056,1706
45.7083,1704
45.7111,1707
45.7139,1713
45.7167,1718
45.7194,1710
45.7222,1710
45.7250,1707
45.7278,1706
45.7306,1709
45.7333,1698
45.7361,1706
45.7389,1705
45.7417,1700
45.7444,1702
45.7472,1700
45.7500,1702
45.7528,1699
45.7556,1707
45.7583,1707
45.7611,1706
45.7639,1702
45.7667,1707
45.7694,1705
45.7722,1712
45.7750,1710
45.7778,1713
45.7806,1713
45.7833,1712
45.7861,1718
45.7889,1720
45.7917,1725
45.7944,1721
45.7972,1722
45.8000,1732
45.8028,1728
45.8056,1731
45.8083,1730
45.8111,1720
45.8139,1732
45.8167,1730
45.8194,1735
45.8222,1734
45.8250,1744
45.8278,1754
45.8306,1770
45.8333,1786
45.8361,1814
45.8389,1830
45.8417,1843
45.8444,1850
45.8472,1873
45.8500,1870
45.8528,1871
45.8556,1865
45.8583,1880
45.8611,1883
45.8639,1896
45.8667,1900
45.8694,1920
45.8722,1929
45.8750,1952
45.8778,1943
45.8806,1919
45.8833,1881
45.8861,1848
45.8889,1817
45.8917,1802
45.8944,1785
45.8972,1770
45.9000,1763
45.9028,1741
45.9056,1739
45.9083,1729
45.9111,1715
45.9139,1714
45.9167,1702
45.9194,1703
45.9222,1702
45.9250,1702
45.9278,1703
45.9306,1701
45.9333,1699
45.9361,1695
45.9389,1708
45.9417,1700
45.9444,1704
45.9472,1700
45.9500,1708
45.9528,1714
45.9556,1713
45.9583,1687
45.9611,1656
45.9639,1625
45.9667,1601
45.9694,1579
45.9722,1622
45.9750,1723
45.9778,1867
45.9806,2045
45.9833,2247
45.9861,2472
45.9889,2663
45.9917,2803
45.9944,2914
45.9972,2997
46.0000,3102
46.0028,3130
46.0056,2967
46.0083,2667
46.0111,2314
46.0139,1985
46.0167,1726
46.0194,1570
46.0222,1508
46.0250,1537
46.0278,1573
46.0306,1608
46.0333,1633
46.0361,1629
46.0389,1602
46.0417,1561
46.0444,1514
46.0472,1473
46.0500,1466
46.0528,1464
46.0556,1476
46.0583,1484
46.0611,1508
46.0639,1523
46.0667,1556
46.0694,1584
46.0722,1614
46.0750,1647
46.0778,1663
46.0806,1673
46.0833,1693
46.0861,1709
46.0889,1750
46.0917,1787
46.0944,1834
46.0972,1876
46.1000,1901
46.1028,1935
46.1056,1944
46.1083,1956
46.1111,1976
46.1139,1979
46.1167,1980
46.1194,1974
46.1222,1973
46.1250,1978
46.1278,1992
46.1306,2008
46.1333,2024
46.1361,2024
46.1389,2020
46.1417,2005
46.1444,2006
46.1472,2010
46.1500,2010
46.1528,2024
46.1556,2026
46.1583,2031
46.1611,2019
46.1639,2011
46.1667,2014
46.1694,2021
46.1722,2022
46.1750,2022
46.1778,2022
46.1806,2020
46.1833,2023
46.1861,2017
46.1889,2025
46.1917,2030
46.1944,2034
46.1972,2029
46.2000,2025
46.2028,2020
46.2056,2020
46.2083,1992
46.2111,1993
46.2139,1993
46.2167,1960
46.2194,1943
46.2222,1910
46.2250,1892
46.2278,1867
46.2306,1856
46.2333,1842
46.2361,1826
46.2389,1802
46.2417,1770
46.2444,1741
46.2472,1719
46.2500,1716
46.2528,1716
46.2556,1712
46.2583,1706
46.2611,1700
46.2639,1690
46.2667,1690
46.2694,1692
46.2722,1696
46.2750,1698
46.2778,1690
46.2806,1677
46.2833,1670
46.2861,1663
46.2889,1670
46.2917,1678
46.2944,1675
46.2972,1666
46.3000,1666
46.3028,1660
46.3056,1647
46.3083,1654
46.3111,1646
46.3139,1651
46.3167,1651
46.3194,1628
46.3222,1638
46.3250,1620
46.3278,1618
46.3306,1619
46.3333,1626
46.3361,1618
46.3389,1611
46.3417,1602
46.3444,1593
46.3472,1605
46.3500,1607
46.3528,1609
46.3556,1607
46.3583,1604
46.3611,1595
46.3639,1595
46.3667,1592
46.3694,1596
46.3722,1599
46.3750,1610
46.3778,1605
46.3806,1606
46.3833,1598
46.3861,1605
46.3889,1593
46.3917,1593
46.3944,1594
46.3972,1593
46.4000,1594
46.4028,1591
46.4056,1587
46.4083,1590
46.4111,1600
46.4139,1608
46.4167,1610
46.4194,1601
46.4222,1603
46.4250,1593
46.4278,1593
46.4306,1597
46.4333,1599
46.4361,1600
46.4389,1599
46.4417,1595
46.4444,1596
46.4472,1596
46.4500,1599
46.4528,1603
46.4556,1607
46.4583,1608
46.4611,1595
46.4639,1600
46.4667,1601
46.4694,1599
46.4722,1606
46.4750,1613
46.4778,1616
46.4806,1618
46.4833,1615
46.4861,1621
46.4889,1628
46.4917,1629
46.4944,1628
46.4972,1636
46.5000,1629
46.5028,1635
46.5056,1646
46.5083,1639
46.5111,1647
46.5139,1646
46.5167,1643
46.5194,1645
46.5222,1642
46.5250,1637
46.5278,1649
46.5306,1652
46.5333,1666
46.5361,1658
46.5389,1661
46.5417,1663
46.5444,1664
46.5472,1663
46.5500,1653
46.5528,1668
46.5556,1677
46.5583,1673
46.5611,1677
46.5639,1671
46.5667,1681
46.5694,1687
46.5722,1688
46.5750,1684
46.5778,1688
46.5806,1681
46.5833,1688
46.5861,1688
46.5889,1693
46.5917,1691
46.5944,1699
46.5972,1699
46.6000,1689
46.6028,1696
46.6056,1695
46.6083,1703
46.6111,1705
46.6139,1715
46.6167,1717
46.6194,1728
46.6222,1734
46.6250,1750
46.6278,1762
46.6306,1783
46.6333,1802
46.6361,1822
46.6389,1829
46.6417,1829
46.6444,1824
46.6472,1836
46.6500,1842
46.6528,1847
46.6556,1846
46.6583,1866
46.6611,1872
46.6639,1881
46.6667,1897
46.6694,1884
46.6722,1867
46.6750,1835
46.6778,1801
46.6806,1773
46.6833,1752
46.6861,1730
46.6889,1713
46.6917,1690
46.6944,1658
46.6972,1647
46.7000,1648
46.7028,1645
46.7056,1644
46.7083,1638
46.7111,1623
46.7139,1612
46.7167,1601
46.7194,1607
46.7222,1602
46.7250,1599
46.7278,1590
46.7306,1589
46.7333,1593
46.7361,1594
46.7389,1592
46.7417,1591
46.7444,1590
46.7472,1581
46.7500,1569
46.7528,1543
46.7556,1506
46.7583,1465
46.7611,1443
46.7639,1475
46.7667,1586
46.7694,1735
46.7722,1923
46.7750,2118
46.7778,2347
46.7806,2528
46.7833,2675
46.7861,2768
46.7889,2862
46.7917,2963
46.7944,3004
46.7972,2862
46.8000,2571
46.8028,2220
46.8056,1898
46.8083,1643
46.8111,1492
46.8139,1452
46.8167,1474
46.8194,1517
46.8222,1556
46.8250,1580
46.8278,1586
46.8306,1576
46.8333,1545
46.8361,1523
46.8389,1524
46.8417,1525
46.8444,1532
46.8472,1545
46.8500,1541
46.8528,1534
46.8556,1521
46.8583,1519
46.8611,1524
46.8639,1522
46.8667,1521
46.8694,1519
46.8722,1520
46.8750,1515
46.8778,1521
46.8806,1535
46.8833,1548
46.8861,1559
46.8889,1570
46.8917,1554
46.8944,1546
46.8972,1547
46.9000,1547
46.9028,1562
46.9056,1569
46.9083,1577
46.9111,1583
46.9139,1577
46.9167,1577
46.9194,1589
46.9222,1600
46.9250,1611
46.9278,1617
46.9306,1622
46.9333,1618
46.9361,1615
46.9389,1618
46.9417,1622
46.9444,1629
46.9472,1646
46.9500,1647
46.9528,1640
46.9556,1649
46.9583,1656
46.9611,1658
46.9639,1678
46.9667,1687
46.9694,1695
46.9722,1700
46.9750,1695
46.9778,1701
46.9806,1709
46.9833,1721
46.9861,1736
46.9889,1742
46.9917,1751
46.9944,1752
46.9972,1768
47.0000,1912
47.0028,1909
47.0056,1901
47.0083,1895
47.0111,1877
47.0139,1851
47.0167,1831
47.0194,1802
47.0222,1790
47.0250,1773
47.0278,1756
47.0306,1750
47.0333,1718
47.0361,1690
47.0389,1672
47.0417,1661
47.0444,1646
47.0472,1642
47.0500,1634
47.0528,1626
47.0556,1605
47.0583,1600
47.0611,1605
47.0639,1598
47.0667,1606
47.0694,1604
47.0722,1602
47.0750,1596
47.0778,1602
47.0806,1606
47.0833,1602
47.0861,1597
47.0889,1602
47.0917,1604
47.0944,1601
47.0972,1596
47.1000,1596
47.1028,1599
47.1056,1601
47.1083,1606
47.1111,1608
47.1139,1604
47.1167,1601
47.1194,1599
47.1222,1604
47.1250,1613
47.1278,1601
47.1306,1610
47.1333,1604
47.1361,1615
47.1389,1610
47.1417,1610
47.1444,1622
47.1472,1611
47.1500,1612
47.1528,1613
47.1556,1605
47.1583,1606
47.1611,1614
47.1639,1616
47.1667,1631
47.1694,1635
47.1722,1639
47.1750,1647
47.1778,1638
47.1806,1642
47.1833,1644
47.1861,1644
47.1889,1651
47.1917,1652
47.1944,1649
47.1972,1652
47.2000,1652
47.2028,1650
47.2056,1649
47.2083,1656
47.2111,1659
47.2139,1657
47.2167,1656
47.2194,1654
47.2222,1662
47.2250,1658
47.2278,1662
47.2306,1660
47.2333,1652
47.2361,1653
47.2389,1652
47.2417,1649
47.2444,1644
47.2472,1649
47.2500,1652
47.2528,1647
47.2556,1645
47.2583,1650
47.2611,1651
47.2639,1647
47.2667,1642
47.2694,1645
47.2722,1650
47.2750,1639
47.2778,1636
47.2806,1634
47.2833,1635
47.2861,1651
47.2889,1648
47.2917,1658
47.2944,1656
47.2972,1660
47.3000,1657
47.3028,1654
47.3056,1650
47.3083,1654
47.3111,1650
47.3139,1654
47.3167,1651
47.3194,1643
47.3222,1646
47.3250,1640
47.3278,1644
47.3306,1645
47.3333,1650
47.3361,1641
47.3389,1643
47.3417,1628
47.3444,1631
47.3472,1631
47.3500,1627
47.3528,1640
47.3556,1634
47.3583,1642
47.3611,1654
47.3639,1653
47.3667,1665
47.3694,1661
47.3722,1665
47.3750,1658
47.3778,1662
47.3806,1643
47.3833,1649
47.3861,1650
47.3889,1652
47.3917,1652
47.3944,1653
47.3972,1647
47.4000,1639
47.4028,1640
47.4056,1635
47.4083,1637
47.4111,1646
47.4139,1650
47.4167,1666
47.4194,1683
47.4222,1704
47.4250,1727
47.4278,1746
47.4306,1775
47.4333,1783
47.4361,1797
47.4389,1802
47.4417,1783
47.4444,1794
47.4472,1801
47.4500,1803
47.4528,1806
47.4556,1826
47.4583,1828
47.4611,1856
47.4639,1883
47.4667,1891
47.4694,1864
47.4722,1833
47.4750,1798
47.4778,1766
47.4806,1737
47.4833,1707
47.4861,1700
47.4889,1691
47.4917,1667
47.4944,1641
47.4972,1624
47.5000,1622
47.5028,1609
47.5056,1604
47.5083,1609
47.5111,1591
47.5139,1598
47.5167,1609
47.5194,1612
47.5222,1618
47.5250,1617
47.5278,1629
47.5306,1625
47.5333,1631
47.5361,1621
47.5389,1601
47.5417,1599
47.5444,1581
47.5472,1570
47.5500,1550
47.5528,1513
47.5556,1487
47.5583,1444
47.5611,1447
47.5639,1527
47.5667,1668
47.5694,1823
47.5722,2012
47.5750,2216
47.5778,2408
47.5806,2581
47.5833,2708
47.5861,2825
47.5889,2937
47.5917,3028
47.5944,2996
47.5972,2777
47.6000,2440
47.6028,2083
47.6056,1776
47.6083,1538
47.6111,1435
47.6139,1426
47.6167,1471
47.6194,1533
47.6222,1587
47.6250,1613
47.6278,1595
47.6306,1583
47.6333,1558
47.6361,1547
47.6389,1540
47.6417,1551
47.6444,1553
47.6472,1551
47.6500,1546
47.6528,1549
47.6556,1546
47.6583,1554
47.6611,1579
47.6639,1578
47.6667,1574
47.6694,1563
47.6722,1558
47.6750,1545
47.6778,1560
47.6806,1563
47.6833,1576
47.6861,1581
47.6889,1574
47.6917,1575
47.6944,1566
47.6972,1569
47.7000,1582
47.7028,1586
47.7056,1603
47.7083,1613
47.7111,1607
47.7139,1605
47.7167,1603
47.7194,1609
47.7222,1627
47.7250,1632
47.7278,1657
47.7306,1649
47.7333,1657
47.7361,1658
47.7389,1656
47.7417,1662
47.7444,1667
47.7472,1668
47.7500,1662
47.7528,1673
47.7556,1681
47.7583,1689
47.7611,1699
47.7639,1701
47.7667,1707
47.7694,1699
47.7722,1696
47.7750,1703
47.7778,1707
47.7806,1716
47.7833,1730
47.7861,1735
47.7889,1755
47.7917,1756
47.7944,1749
47.7972,1761
47.8000,1876
47.8028,1886
47.8056,1874
47.8083,1859
47.8111,1836
47.8139,1811
47.8167,1786
47.8194,1773
47.8222,1773
47.8250,1752
47.8278,1744
47.8306,1729
47.8333,1711
47.8361,1694
47.8389,1681
47.8417,1675
47.8444,1679
47.8472,1670
47.8500,1652
47.8528,1650
47.8556,1633
47.8583,1636
47.8611,1653
47.8639,1645
47.8667,1641
47.8694,1636
47.8722,1642
47.8750,1637
47.8778,1621
47.8806,1616
47.8833,1621
47.8861,1627
47.8889,1626
47.8917,1633
47.8944,1625
47.8972,1621
47.9000,1621
47.9028,1614
47.9056,1614
47.9083,1626
47.9111,1631
47.9139,1644
47.9167,1651
47.9194,1654
47.9222,1655
47.9250,1648
47.9278,1641
47.9306,1631
47.9333,1638
47.9361,1639
47.9389,1642
47.9417,1639
47.9444,1641
47.9472,1650
47.9500,1644
47.9528,1641
47.9556,1636
47.9583,1641
47.9611,1646
47.9639,1651
47.9667,1659
47.9694,1660
47.9722,1659
47.9750,1656
47.9778,1647
47.9806,1660
47.9833,1646
47.9861,1654
47.9889,1657
47.9917,1648
47.9944,1658
47.9972,1661
48.0000,1665
48.0028,1659
48.0056,1666
48.0083,1671
48.0111,1679
48.0139,1683
48.0167,1683
48.0194,1672
48.0222,1667
48.0250,1674
48.0278,1669
48.0306,1666
48.0333,1656
48.0361,1649
48.0389,1648
48.0417,1648
48.0444,1656
48.0472,1644
48.0500,1651
48.0528,1636
48.0556,1629
48.0583,1629
48.0611,1630
48.0639,1634
48.0667,1636
48.0694,1638
48.0722,1630
48.0750,1632
48.0778,1635
48.0806,1635
48.0833,1641
48.0861,1641
48.0889,1637
48.0917,1621
48.0944,1617
48.0972,1610
48.1000,1620
48.1028,1624
48.1056,1631
48.1083,1634
48.1111,1629
48.1139,1618
48.1167,1624
48.1194,1622
48.1222,1622
48.1250,1640
48.1278,1649
48.1306,1651
48.1333,1646
48.1361,1642
48.1389,1636
48.1417,1629
48.1444,1624
48.1472,1635
48.1500,1636
48.1528,1632
48.1556,1633
48.1583,1636
48.1611,1636
48.1639,1644
48.1667,1646
48.1694,1650
48.1722,1657
48.1750,1658
48.1778,1655
48.1806,1655
48.1833,1649
48.1861,1655
48.1889,1663
48.1917,1678
48.1944,1688
48.1972,1702
48.2000,1716
48.2028,1731
48.2056,1738
48.2083,1743
48.2111,1756
48.2139,1773
48.2167,1788
48.2194,1782
48.2222,1795
48.2250,1806
48.2278,1810
48.2306,1820
48.2333,1830
48.2361,1850
48.2389,1874
48.2417,1895
48.2444,1885
48.2472,1863
48.2500,1836
48.2528,1792
48.2556,1752
48.2583,1723
48.2611,1707
48.2639,1695
48.2667,1682
48.2694,1667
48.2722,1656
48.2750,1645
48.2778,1632
48.2806,1622
48.2833,1622
48.2861,1618
48.2889,1618
48.2917,1619
48.2944,1605
48.2972,1599
48.3000,1589
48.3028,1589
48.3056,1593
48.3083,1595
48.3111,1593
48.3139,1594
48.3167,1590
48.3194,1590
48.3222,1580
48.3250,1566
48.3278,1539
48.3306,1498
48.3333,1470
48.3361,1462
48.3389,1514
48.3417,1642
48.3444,1787
48.3472,1960
48.3500,2154
48.3528,2349
48.3556,2521
48.3583,2672
48.3611,2792
48.3639,2918
48.3667,3039
48.3694,3035
48.3722,2865
48.3750,2559
48.3778,2197
48.3806,1873
48.3833,1628
48.3861,1475
48.3889,1422
48.3917,1436
48.3944,1469
48.3972,1503
48.4000,1538
48.4028,1537
48.4056,1538
48.4083,1520
48.4111,1507
48.4139,1509
48.4167,1513
48.4194,1521
48.4222,1522
48.4250,1521
48.4278,1518
48.4306,1518
48.4333,1530
48.4361,1541
48.4389,1557
48.4417,1563
48.4444,1559
48.4472,1547
48.4500,1542
48.4528,1545
48.4556,1563
48.4583,1575
48.4611,1590
48.4639,1600
48.4667,1601
48.4694,1603
48.4722,1625
48.4750,1639
48.4778,1661
48.4806,1666
48.4833,1667
48.4861,1659
48.4889,1657
48.4917,1668
48.4944,1681
48.4972,1700
48.5000,1723
48.5028,1736
48.5056,1743
48.5083,1735
48.5111,1724
48.5139,1721
48.5167,1733
48.5194,1745
48.5222,1738
48.5250,1731
48.5278,1727
48.5306,1729
48.5333,1729
48.5361,1754
48.5389,1767
48.5417,1759
48.5444,1765
48.5472,1758
48.5500,1741
48.5528,1741
48.5556,1758
48.5583,1774
48.5611,1792
48.5639,1798
48.5667,1800
48.5694,1804
48.5722,1805
48.5750,1931
48.5778,1936
48.5806,1948
48.5833,1962
48.5861,1974
48.5889,1983
48.5917,1988
48.5944,1995
48.5972,1991
48.6000,2003
48.6028,2002
48.6056,2010
48.6083,2009
48.6111,2020
48.6139,2021
48.6167,2031
48.6194,2031
48.6222,2032
48.6250,2027
48.6278,2032
48.6306,2021
48.6333,2020
48.6361,2019
48.6389,2017
48.6417,2013
48.6444,2002
48.6472,1987
48.6500,1975
48.6528,1963
48.6556,1955
48.6583,1957
48.6611,1960
48.6639,1963
48.6667,1970
48.6694,1966
48.6722,1961
48.6750,1952
48.6778,1947
48.6806,1942
48.6833,1939
48.6861,1923
48.6889,1910
48.6917,1896
48.6944,1891
48.6972,1886
48.7000,1878
48.7028,1882
48.7056,1878
48.7083,1876
48.7111,1870
48.7139,1865
48.7167,1863
48.7194,1857
48.7222,1854
48.7250,1839
48.7278,1827
48.7306,1826
48.7333,1816
48.7361,1821
48.7389,1819
48.7417,1816
48.7444,1810
48.7472,1810
48.7500,1800
48.7528,1800
48.7556,1803
48.7583,1793
48.7611,1796
48.7639,1802
48.7667,1796
48.7694,1800
48.7722,1793
48.7750,1801
48.7778,1797
48.7806,1801
48.7833,1801
48.7861,1801
48.7889,1808
48.7917,1819
48.7944,1825
48.7972,1826
48.8000,1833
48.8028,1834
48.8056,1835
48.8083,1838
48.8111,1842
48.8139,1838
48.8167,1843
48.8194,1845
48.8222,1839
48.8250,1835
48.8278,1829
48.8306,1815
48.8333,1803
48.8361,1798
48.8389,1781
48.8417,1779
48.8444,1761
48.8472,1765
48.8500,1756
48.8528,1740
48.8556,1731
48.8583,1724
48.8611,1710
48.8639,1706
48.8667,1694
48.8694,1687
48.8722,1677
48.8750,1674
48.8778,1671
48.8806,1664
48.8833,1667
48.8861,1659
48.8889,1657
48.8917,1637
48.8944,1635
48.8972,1635
48.9000,1630
48.9028,1626
48.9056,1629
48.9083,1624
48.9111,1624
48.9139,1621
48.9167,1619
48.9194,1621
48.9222,1614
48.9250,1618
48.9278,1616
48.9306,1617
48.9333,1616
48.9361,1629
48.9389,1626
48.9417,1623
48.9444,1614
48.9472,1617
48.9500,1613
48.9528,1608
48.9556,1613
48.9583,1616
48.9611,1620
48.9639,1621
48.9667,1619
48.9694,1627
48.9722,1628
48.9750,1627
48.9778,1623
48.9806,1629
48.9833,1625
48.9861,1633
48.9889,1636
48.9917,1656
48.9944,1679
48.9972,1699
49.0000,1722
49.0028,1744
49.0056,1770
49.0083,1789
49.0111,1788
49.0139,1779
49.0167,1789
49.0194,1799
49.0222,1807
49.0250,1812
49.0278,1836
49.0306,1858
49.0333,1873
49.0361,1890
49.0389,1886
49.0417,1870
49.0444,1851
49.0472,1818
49.0500,1790
49.0528,1765
49.0556,1744
49.0583,1733
49.0611,1714
49.0639,1705
49.0667,1691
49.0694,1695
49.0722,1688
49.0750,1684
49.0778,1679
49.0806,1684
49.0833,1678
49.0861,1664
49.0889,1660
49.0917,1654
49.0944,1652
49.0972,1644
49.1000,1651
49.1028,1659
49.1056,1674
49.1083,1674
49.1111,1673
49.1139,1677
49.1167,1674
49.1194,1661
49.1222,1627
49.1250,1600
49.1278,1575
49.1306,1543
49.1333,1570
49.1361,1669
49.1389,1818
49.1417,1993
49.1444,2199
49.1472,2427
49.1500,2621
49.1528,2799
49.1556,2907
49.1583,2991
49.1611,3087
49.1639,3158
49.1667,3067
49.1694,2797
49.1722,2440
49.1750,2101
49.1778,1807
49.1806,1634
49.1833,1589
49.1861,1609
49.1889,1665
49.1917,1710
49.1944,1745
49.1972,1741
49.2000,1732
49.2028,1701
49.2056,1675
49.2083,1653
49.2111,1655
49.2139,1657
49.2167,1660
49.2194,1657
49.2222,1659
49.2250,1641
49.2278,1642
49.2306,1649
49.2333,1655
49.2361,1661
49.2389,1659
49.2417,1658
49.2444,1646
49.2472,1629
49.2500,1629
49.2528,1645
49.2556,1653
49.2583,1670
49.2611,1655
49.2639,1649
49.2667,1643
49.2694,1638
49.2722,1643
49.2750,1644
49.2778,1647
49.2806,1636
49.2833,1622
49.2861,1626
49.2889,1631
49.2917,1634
49.2944,1650
49.2972,1652
49.3000,1640
49.3028,1624
49.3056,1610
49.3083,1616
49.3111,1621
49.3139,1640
49.3167,1638
49.3194,1637
49.3222,1646
49.3250,1644
49.3278,1643
49.3306,1652
49.3333,1658
49.3361,1677
49.3389,1678
49.3417,1670
49.3444,1657
49.3472,1660
49.3500,1658
49.3528,1658
49.3556,1657
49.3583,1671
49.3611,1676
49.3639,1664
49.3667,1655
49.3694,1670
49.3722,1676
49.3750,1675
49.3778,1651
49.3806,1638
49.3833,1612
49.3861,1587
49.3889,1582
49.3917,1565
49.3944,1553
49.3972,1540
49.4000,1541
49.4028,1514
49.4056,1489
49.4083,1471
49.4111,1459
49.4139,1452
49.4167,1440
49.4194,1425
49.4222,1404
49.4250,1382
49.4278,1374
49.4306,1372
49.4333,1360
49.4361,1353
49.4389,1343
49.4417,1331
49.4444,1329
49.4472,1320
49.4500,1311
49.4528,1313
49.4556,1312
49.4583,1321
49.4611,1314
49.4639,1311
49.4667,1297
49.4694,1304
49.4722,1301
49.4750,1299
49.4778,1298
49.4806,1301
49.4833,1306
49.4861,1303
49.4889,1316
49.4917,1314
49.4944,1331
49.4972,1333
49.5000,1336
49.5028,1336
49.5056,1340
49.5083,1356
49.5111,1371
49.5139,1387
49.5167,1402
49.5194,1407
49.5222,1410
49.5250,1415
49.5278,1419
49.5306,1433
49.5333,1453
49.5361,1462
49.5389,1457
49.5417,1462
49.5444,1471
49.5472,1475
49.5500,1482
49.5528,1485
49.5556,1475
49.5583,1481
49.5611,1491
49.5639,1495
49.5667,1496
49.5694,1490
49.5722,1492
49.5750,1495
49.5778,1488
49.5806,1491
49.5833,1501
49.5861,1490
49.5889,1496
49.5917,1510
49.5944,1513
49.5972,1515
49.6000,1505
49.6028,1500
49.6056,1493
49.6083,1491
49.6111,1508
49.6139,1509
49.6167,1507
49.6194,1513
49.6222,1514
49.6250,1512
49.6278,1517
49.6306,1525
49.6333,1532
49.6361,1544
49.6389,1548
49.6417,1558
49.6444,1565
49.6472,1567
49.6500,1564
49.6528,1580
49.6556,1582
49.6583,1585
49.6611,1588
49.6639,1595
49.6667,1603
49.6694,1610
49.6722,1615
49.6750,1624
49.6778,1627
49.6806,1628
49.6833,1622
49.6861,1630
49.6889,1637
49.6917,1636
49.6944,1643
49.6972,1650
49.7000,1650
49.7028,1650
49.7056,1652
49.7083,1656
49.7111,1656
49.7139,1662
49.7167,1669
49.7194,1673
49.7222,1683
49.7250,1679
49.7278,1676
49.7306,1678
49.7333,1684
49.7361,1686
49.7389,1682
49.7417,1690
49.7444,1694
49.7472,1687
49.7500,1697
49.7528,1698
49.7556,1693
49.7583,1696
49.7611,1706
49.7639,1711
49.7667,1706
49.7694,1709
49.7722,1704
49.7750,1712
49.7778,1721
49.7806,1722
49.7833,1715
49.7861,1727
49.7889,1741
49.7917,1754
49.7944,1778
49.7972,1806
49.8000,1817
49.8028,1833
49.8056,1860
49.8083,1865
49.8111,1873
49.8139,1869
49.8167,1870
49.8194,1873
49.8222,1883
49.8250,1897
49.8278,1901
49.8306,1923
49.8333,1939
49.8361,1952
49.8389,1948
49.8417,1930
49.8444,1906
49.8472,1879
49.8500,1848
49.8528,1821
49.8556,1809
49.8583,1790
49.8611,1770
49.8639,1745
49.8667,1743
49.8694,1742
49.8722,1730
49.8750,1726
49.8778,1720
49.8806,1714
49.8833,1708
49.8861,1699
49.8889,1689
49.8917,1684
49.8944,1685
49.8972,1693
49.9000,1699
49.9028,1697
49.9056,1695
49.9083,1699
49.9111,1702
49.9139,1705
49.9167,1699
49.9194,1674
49.9222,1645
49.9250,1608
49.9278,1578
49.9306,1538
49.9333,1544
49.9361,1620
49.9389,1768
49.9417,1928
49.9444,2138
49.9472,2358
49.9500,2564
49.9528,2732
49.9556,2852
49.9583,2943
49.9611,3052
49.9639,3134
49.9667,3087
49.9694,2853
49.9722,2506
49.9750,2168
49.9778,1884
49.9806,1684
49.9833,1603
49.9861,1607
49.9889,1647
49.9917,1684
49.9944,1717
49.9972,1724
50.0000,1714
50.0028,1700
50.0056,1663
50.0083,1654
50.0111,1653
50.0139,1649
50.0167,1663
50.0194,1665
50.0222,1669
50.0250,1661
50.0278,1657
50.0306,1666
50.0333,1682
50.0361,1688
50.0389,1683
50.0417,1684
50.0444,1666
50.0472,1654
50.0500,1654
50.0528,1662
50.0556,1661
50.0583,1674
50.0611,1669
50.0639,1669
50.0667,1665
50.0694,1663
50.0722,1675
50.0750,1688
50.0778,1702
50.0806,1694
50.0833,1680
50.0861,1675
50.0889,1677
50.0917,1695
50.0944,1706
50.0972,1705
50.1000,1710
50.1028,1703
50.1056,1708
50.1083,1705
50.1111,1717
50.1139,1732
50.1167,1743
50.1194,1745
50.1222,1743
50.1250,1739
50.1278,1747
50.1306,1763
50.1333,1771
50.1361,1785
50.1389,1790
50.1417,1789
50.1444,1777
50.1472,1782
50.1500,1781
50.1528,1803
50.1556,1815
50.1583,1828
50.1611,1834
50.1639,1840
50.1667,1850
50.1694,1990
50.1722,1985
50.1750,1974
50.1778,1979
50.1806,1961
50.1833,1945
50.1861,1917
50.1889,1893
50.1917,1880
50.1944,1865
50.1972,1852
50.2000,1834
50.2028,1809
50.2056,1777
50.2083,1756
50.2111,1740
50.2139,1730
50.2167,1726
50.2194,1724
50.2222,1720
50.2250,1716
50.2278,1708
50.2306,1695
50.2333,1692
50.2361,1698
50.2389,1686
50.2417,1672
50.2444,1653
50.2472,1643
50.2500,1639
50.2528,1643
50.2556,1640
50.2583,1648
50.2611,1649
50.2639,1660
50.2667,1667
50.2694,1664
50.2722,1660
50.2750,1667
50.2778,1658
50.2806,1658
50.2833,1653
50.2861,1642
50.2889,1635
50.2917,1628
50.2944,1641
50.2972,1649
50.3000,1656
50.3028,1654
50.3056,1649
50.3083,1652
50.3111,1645
50.3139,1640
50.3167,1644
50.3194,1646
50.3222,1636
50.3250,1633
50.3278,1634
50.3306,1640
50.3333,1642
50.3361,1649
50.3389,1659
50.3417,1661
50.3444,1660
50.3472,1663
50.3500,1663
50.3528,1662
50.3556,1660
50.3583,1672
50.3611,1670
50.3639,1672
50.3667,1660
50.3694,1652
50.3722,1654
50.3750,1643
50.3778,1644
50.3806,1653
50.3833,1641
50.3861,1639
50.3889,1634
50.3917,1637
50.3944,1645
50.3972,1652
50.4000,1658
50.4028,1653
50.4056,1642
50.4083,1644
50.4111,1636
50.4139,1640
50.4167,1640
50.4194,1635
50.4222,1631
50.4250,1623
50.4278,1620
50.4306,1614
50.4333,1623
50.4361,1631
50.4389,1622
50.4417,1619
50.4444,1619
50.4472,1602
50.4500,1604
50.4528,1596
50.4556,1598
50.4583,1600
50.4611,1608
50.4639,1609
50.4667,1605
50.4694,1596
50.4722,1593
50.4750,1585
50.4778,1578
50.4806,1587
50.4833,1582
50.4861,1581
50.4889,1596
50.4917,1598
50.4944,1602
50.4972,1606
50.5000,1608
50.5028,1604
50.5056,1609
50.5083,1614
50.5111,1607
50.5139,1622
50.5167,1625
50.5194,1625
50.5222,1637
50.5250,1626
50.5278,1616
50.5306,1611
50.5333,1614
50.5361,1616
50.5389,1612
50.5417,1609
50.5444,1616
50.5472,1610
50.5500,1615
50.5528,1607
50.5556,1599
50.5583,1602
50.5611,1618
50.5639,1619
50.5667,1620
50.5694,1627
50.5722,1641
50.5750,1637
50.5778,1637
50.5806,1641
50.5833,1644
50.5861,1656
50.5889,1659
50.5917,1670
50.5944,1686
50.5972,1693
50.6000,1711
50.6028,1722
50.6056,1737
50.6083,1747
50.6111,1763
50.6139,1782
50.6167,1792
50.6194,1803
50.6222,1814
50.6250,1815
50.6278,1829
50.6306,1840
50.6333,1856
50.6361,1862
50.6389,1860
50.6417,1847
50.6444,1825
50.6472,1789
50.6500,1766
50.6528,1727
50.6556,1706
50.6583,1679
50.6611,1663
50.6639,1657
50.6667,1645
50.6694,1649
50.6722,1639
50.6750,1632
50.6778,1625
50.6806,1610
50.6833,1594
50.6861,1590
50.6889,1587
50.6917,1580
50.6944,1590
50.6972,1592
50.7000,1594
50.7028,1593
50.7056,1598
50.7083,1596
50.7111,1598
50.7139,1607
50.7167,1590
50.7194,1580
50.7222,1547
50.7250,1514
50.7278,1484
50.7306,1477
50.7333,1527
50.7361,1637
50.7389,1776
50.7417,1930
50.7444,2131
50.7472,2334
50.7500,2515
50.7528,2655
50.7556,2769
50.7583,2882
50.7611,3003
50.7639,3021
50.7667,2851
50.7694,2561
50.7722,2234
50.7750,1921
50.7778,1689
50.7806,1528
50.7833,1468
50.7861,1477
50.7889,1506
50.7917,1550
50.7944,1575
50.7972,1590
50.8000,1594
50.8028,1584
50.8056,1571
50.8083,1554
50.8111,1545
50.8139,1560
50.8167,1561
50.8194,1557
50.8222,1549
50.8250,1552
50.8278,1550
50.8306,1561
50.8333,1567
50.8361,1581
50.8389,1586
50.8417,1591
50.8444,1579
50.8472,1587
50.8500,1595
50.8528,1601
50.8556,1604
50.8583,1605
50.8611,1596
50.8639,1588
50.8667,1596
50.8694,1602
50.8722,1617
50.8750,1629
50.8778,1631
50.8806,1635
50.8833,1627
50.8861,1622
50.8889,1625
50.8917,1626
50.8944,1626
50.8972,1623
50.9000,1636
50.9028,1630
50.9056,1641
50.9083,1648
50.9111,1659
50.9139,1670
50.9167,1672
50.9194,1669
50.9222,1661
50.9250,1662
50.9278,1676
50.9306,1685
50.9333,1698
50.9361,1706
50.9389,1711
50.9417,1707
50.9444,1712
50.9472,1721
50.9500,1739
50.9528,1744
50.9556,1753
50.9583,1757
50.9611,1767
50.9639,1768
50.9667,1784
50.9694,1914
50.9722,1924
50.9750,1902
50.9778,1883
50.9806,1870
50.9833,1853
50.9861,1843
50.9889,1835
50.9917,1818
50.9944,1809
50.9972,1792
51.0000,1763
51.0028,1743
51.0056,1717
51.0083,1701
51.0111,1694
51.0139,1686
51.0167,1686
51.0194,1672
51.0222,1664
51.0250,1650
51.0278,1645
51.0306,1648
51.0333,1654
51.0361,1645
51.0389,1645
51.0417,1641
51.0444,1639
51.0472,1629
51.0500,1627
51.0528,1637
51.0556,1634
51.0583,1633
51.0611,1630
51.0639,1627
51.0667,1632
51.0694,1633
51.0722,1640
51.0750,1648
51.0778,1654
51.0806,1661
51.0833,1666
51.0861,1664
51.0889,1657
51.0917,1652
51.0944,1649
51.0972,1655
51.1000,1651
51.1028,1656
51.1056,1656
51.1083,1664
51.1111,1671
51.1139,1678
51.1167,1674
51.1194,1678
51.1222,1678
51.1250,1682
51.1278,1682
51.1306,1686
51.1333,1685
51.1361,1688
51.1389,1696
51.1417,1700
51.1444,1690
51.1472,1690
51.1500,1701
51.1528,1703
51.1556,1712
51.1583,1712
51.1611,1712
51.1639,1710
51.1667,1700
51.1694,1693
51.1722,1691
51.1750,1693
51.1778,1696
51.1806,1692
51.1833,1695
51.1861,1690
51.1889,1690
51.1917,1691
51.1944,1698
51.1972,1699
51.2000,1698
51.2028,1689
51.2056,1675
51.2083,1677
51.2111,1668
51.2139,1667
51.2167,1672
51.2194,1676
51.2222,1678
51.2250,1679
51.2278,1693
51.2306,1698
51.2333,1712
51.2361,1711
51.2389,1698
51.2417,1688
51.2444,1674
51.2472,1670
51.2500,1670
51.2528,1672
51.2556,1682
51.2583,1678
51.2611,1684
51.2639,1687
51.2667,1681
51.2694,1679
51.2722,1679
51.2750,1679
51.2778,1674
51.2806,1676
51.2833,1687
51.2861,1682
51.2889,1683
51.2917,1686
51.2944,1687
51.2972,1689
51.3000,1691
51.3028,1693
51.3056,1695
51.3083,1686
51.3111,1683
51.3139,1678
51.3167,1678
51.3194,1678
51.3222,1681
51.3250,1673
51.3278,1677
51.3306,1677
51.3333,1686
51.3361,1680
51.3389,1685
51.3417,1686
51.3444,1685
51.3472,1684
51.3500,1695
51.3528,1700
51.3556,1713
51.3583,1724
51.3611,1741
51.3639,1767
51.3667,1776
51.3694,1793
51.3722,1809
51.3750,1835
51.3778,1833
51.3806,1834
51.3833,1843
51.3861,1849
51.3889,1867
51.3917,1871
51.3944,1890
51.3972,1904
51.4000,1930
51.4028,1945
51.4056,1933
51.4083,1914
51.4111,1882
51.4139,1851
51.4167,1828
51.4194,1810
51.4222,1787
51.4250,1776
51.4278,1756
51.4306,1734
51.4333,1723
51.4361,1718
51.4389,1705
51.4417,1706
51.4444,1688
51.4472,1675
51.4500,1671
51.4528,1664
51.4556,1658
51.4583,1663
51.4611,1666
51.4639,1660
51.4667,1662
51.4694,1663
51.4722,1673
51.4750,1665
51.4778,1673
51.4806,1661
51.4833,1660
51.4861,1641
51.4889,1608
51.4917,1589
51.4944,1554
51.4972,1525
51.5000,1566
51.5028,1677
51.5056,1832
51.5083,2003
51.5111,2229
51.5139,2450
51.5167,2654
51.5194,2801
51.5222,2929
51.5250,3038
51.5278,3150
51.5306,3180
51.5333,3041
51.5361,2743
51.5389,2379
51.5417,2035
51.5444,1767
51.5472,1590
51.5500,1548
51.5528,1564
51.5556,1605
51.5583,1674
51.5611,1699
51.5639,1708
51.5667,1696
51.5694,1670
51.5722,1648
51.5750,1639
51.5778,1643
51.5806,1644
51.5833,1642
51.5861,1636
51.5889,1628
51.5917,1614
51.5944,1617
51.5972,1627
51.6000,1633
51.6028,1645
51.6056,1640
51.6083,1633
51.6111,1627
51.6139,1637
51.6167,1638
51.6194,1657
51.6222,1659
51.6250,1663
51.6278,1655
51.6306,1649
51.6333,1647
51.6361,1650
51.6389,1657
51.6417,1665
51.6444,1667
51.6472,1659
51.6500,1649
51.6528,1644
51.6556,1659
51.6583,1661
51.6611,1669
51.6639,1675
51.6667,1676
51.6694,1669
51.6722,1665
51.6750,1672
51.6778,1689
51.6806,1701
51.6833,1712
51.6861,1704
51.6889,1709
51.6917,1715
51.6944,1721
51.6972,1729
51.7000,1747
51.7028,1759
51.7056,1740
51.7083,1731
51.7111,1728
51.7139,1732
51.7167,1739
51.7194,1758
51.7222,1773
51.7250,1791
51.7278,1795
51.7306,1801
51.7333,1809
51.7361,1931
51.7389,1944
51.7417,1923
51.7444,1921
51.7472,1909
51.7500,1891
51.7528,1872
51.7556,1855
51.7583,1831
51.7611,1825
51.7639,1808
51.7667,1785
51.7694,1768
51.7722,1754
51.7750,1739
51.7778,1718
51.7806,1698
51.7833,1693
51.7861,1676
51.7889,1662
51.7917,1654
51.7944,1654
51.7972,1653
51.8000,1647
51.8028,1645
51.8056,1649
51.8083,1643
51.8111,1636
51.8139,1627
51.8167,1612
51.8194,1609
51.8222,1613
51.8250,1615
51.8278,1614
51.8306,1614
51.8333,1613
51.8361,1612
51.8389,1609
51.8417,1615
51.8444,1620
51.8472,1618
51.8500,1620
51.8528,1611
51.8556,1616
51.8583,1620
51.8611,1623
51.8639,1631
51.8667,1633
51.8694,1635
51.8722,1636
51.8750,1636
51.8778,1645
51.8806,1647
51.8833,1654
51.8861,1654
51.8889,1649
51.8917,1651
51.8944,1655
51.8972,1649
51.9000,1661
51.9028,1659
51.9056,1668
51.9083,1660
51.9111,1663
51.9139,1666
51.9167,1645
51.9194,1649
51.9222,1662
51.9250,1664
51.9278,1654
51.9306,1645
51.9333,1644
51.9361,1637
51.9389,1635
51.9417,1641
51.9444,1626
51.9472,1630
51.9500,1614
51.9528,1609
51.9556,1601
51.9583,1604
51.9611,1610
51.9639,1618
51.9667,1613
51.9694,1611
51.9722,1606
51.9750,1607
51.9778,1616
51.9806,1612
51.9833,1614
51.9861,1623
51.9889,1629
51.9917,1638
51.9944,1640
51.9972,1633
52.0000,1637
52.0028,1641
52.0056,1643
52.0083,1648
52.0111,1646
52.0139,1649
52.0167,1657
52.0194,1658
52.0222,1660
52.0250,1654
52.0278,1660
52.0306,1655
52.0333,1664
52.0361,1666
52.0389,1665
52.0417,1671
52.0444,1674
52.0472,1676
52.0500,1674
52.0528,1665
52.0556,1665
52.0583,1663
52.0611,1662
52.0639,1670
52.0667,1667
52.0694,1666
52.0722,1667
52.0750,1664
52.0778,1664
52.0806,1661
52.0833,1659
52.0861,1647
52.0889,1651
52.0917,1641
52.0944,1629
52.0972,1635
52.1000,1635
52.1028,1637
52.1056,1637
52.1083,1633
52.1111,1629
52.1139,1626
52.1167,1616
52.1194,1620
52.1222,1615
52.1250,1613
52.1278,1613
52.1306,1611
52.1333,1620
52.1361,1624
52.1389,1641
52.1417,1646
52.1444,1659
52.1472,1665
52.1500,1683
52.1528,1700
52.1556,1713
52.1583,1732
52.1611,1740
52.1639,1732
52.1667,1729
52.1694,1739
52.1722,1740
52.1750,1741
52.1778,1756
52.1806,1765
52.1833,1768
52.1861,1786
52.1889,1781
52.1917,1781
52.1944,1751
52.1972,1729
52.2000,1700
52.2028,1672
52.2056,1651
52.2083,1631
52.2111,1605
52.2139,1585
52.2167,1563
52.2194,1565
52.2222,1558
52.2250,1564
52.2278,1552
52.2306,1554
52.2333,1534
52.2361,1536
52.2389,1523
52.2417,1518
52.2444,1530
52.2472,1534
52.2500,1535
52.2528,1533
52.2556,1534
52.2583,1525
52.2611,1529
52.2639,1531
52.2667,1538
52.2694,1526
52.2722,1507
52.2750,1488
52.2778,1452
52.2806,1408
52.2833,1396
52.2861,1441
52.2889,1571
52.2917,1728
52.2944,1914
52.2972,2130
52.3000,2343
52.3028,2525
52.3056,2664
52.3083,2760
52.3111,2842
52.3139,2945
52.3167,2965
52.3194,2788
52.3222,2468
52.3250,2114
52.3278,1802
52.3306,1560
52.3333,1436
52.3361,1414
52.3389,1450
52.3417,1490
52.3444,1527
52.3472,1543
52.3500,1536
52.3528,1514
52.3556,1493
52.3583,1479
52.3611,1475
52.3639,1484
52.3667,1489
52.3694,1494
52.3722,1490
52.3750,1488
52.3778,1481
52.3806,1487
52.3833,1507
52.3861,1510
52.3889,1512
52.3917,1500
52.3944,1493
52.3972,1483
52.4000,1492
52.4028,1501
52.4056,1519
52.4083,1534
52.4111,1534
52.4139,1550
52.4167,1542
52.4194,1546
52.4222,1552
52.4250,1569
52.4278,1584
52.4306,1586
52.4333,1590
52.4361,1604
52.4389,1609
52.4417,1621
52.4444,1632
52.4472,1647
52.4500,1643
52.4528,1632
52.4556,1641
52.4583,1640
52.4611,1643
52.4639,1660
52.4667,1673
52.4694,1685
52.4722,1686
52.4750,1683
52.4778,1681
52.4806,1692
52.4833,1715
52.4861,1727
52.4889,1742
52.4917,1746
52.4944,1743
52.4972,1747
52.5000,1758
52.5028,1775
52.5056,1795
52.5083,1796
52.5111,1811
52.5139,1805
52.5167,1815
52.5194,1818
52.5222,1975
52.5250,1979
52.5278,1969
52.5306,1955
52.5333,1938
52.5361,1918
52.5389,1890
52.5417,1868
52.5444,1860
52.5472,1828
52.5500,1817
52.5528,1799
52.5556,1785
52.5583,1763
52.5611,1748
52.5639,1737
52.5667,1718
52.5694,1713
52.5722,1701
52.5750,1695
52.5778,1678
52.5806,1678
52.5833,1666
52.5861,1675
52.5889,1676
52.5917,1665
52.5944,1660
52.5972,1657
52.6000,1655
52.6028,1651
52.6056,1651
52.6083,1644
52.6111,1651
52.6139,1646
52.6167,1641
52.6194,1653
52.6222,1653
52.6250,1654
52.6278,1661
52.6306,1650
52.6333,1650
52.6361,1642
52.6389,1632
52.6417,1633
52.6444,1628
52.6472,1639
52.6500,1631
52.6528,1632
52.6556,1621
52.6583,1616
52.6611,1615
52.6639,1615
52.6667,1618
52.6694,1622
52.6722,1625
52.6750,1621
52.6778,1627
52.6806,1623
52.6833,1628
52.6861,1633
52.6889,1649
52.6917,1641
52.6944,1644
52.6972,1656
52.7000,1658
52.7028,1652
52.7056,1654
52.7083,1656
52.7111,1668
52.7139,1665
52.7167,1672
52.7194,1681
52.7222,1688
52.7250,1690
52.7278,1701
52.7306,1710
52.7333,1701
52.7361,1700
52.7389,1701
52.7417,1700
52.7444,1698
52.7472,1696
52.7500,1694
52.7528,1686
52.7556,1684
52.7583,1686
52.7611,1680
52.7639,1685
52.7667,1691
52.7694,1676
52.7722,1666
52.7750,1649
52.7778,1638
52.7806,1626
52.7833,1619
52.7861,1618
52.7889,1618
52.7917,1617
52.7944,1614
52.7972,1592
52.8000,1594
52.8028,1581
52.8056,1581
52.8083,1583
52.8111,1576
52.8139,1574
52.8167,1580
52.8194,1586
52.8222,1587
52.8250,1597
52.8278,1599
52.8306,1594
52.8333,1596
52.8361,1592
52.8389,1591
52.8417,1596
52.8444,1596
52.8472,1603
52.8500,1608
52.8528,1599
52.8556,1588
52.8583,1575
52.8611,1569
52.8639,1558
52.8667,1552
52.8694,1551
52.8722,1550
52.8750,1559
52.8778,1544
52.8806,1557
52.8833,1560
52.8861,1559
52.8889,1561
52.8917,1559
52.8944,1557
52.8972,1525
52.9000,1507
52.9028,1494
52.9056,1500
52.9083,1501
52.9111,1508
52.9139,1527
52.9167,1551
52.9194,1592
52.9222,1629
52.9250,1685
52.9278,1721
52.9306,1779
52.9333,1829
52.9361,1875
52.9389,1912
52.9417,1951
52.9444,1981
52.9472,2017
52.9500,2036
52.9528,2048
52.9556,2076
52.9583,2109
52.9611,2134
52.9639,2164
52.9667,2199
52.9694,2225
52.9722,2243
52.9750,2250
52.9778,2254
52.9806,2230
52.9833,2207
52.9861,2175
52.9889,2147
52.9917,2111
52.9944,2083
52.9972,2054
53.0000,2024
53.0028,1998
53.0056,1978
53.0083,1975
53.0111,1958
53.0139,1957
53.0167,1948
53.0194,1933
53.0222,1918
53.0250,1904
53.0278,1892
53.0306,1875
53.0333,1876
53.0361,1872
53.0389,1864
53.0417,1867
53.0444,1867
53.0472,1850
53.0500,1849
53.0528,1831
53.0556,1819
53.0583,1789
53.0611,1760
53.0639,1732
53.0667,1683
53.0694,1663
53.0722,1701
53.0750,1802
53.0778,1938
53.0806,2112
53.0833,2322
53.0861,2532
53.0889,2725
53.0917,2877
53.0944,2974
53.0972,3072
53.1000,3173
53.1028,3208
53.1056,3044
53.1083,2729
53.1111,2376
53.1139,2052
53.1167,1793
53.1194,1643
53.1222,1605
53.1250,1629
53.1278,1672
53.1306,1709
53.1333,1721
53.1361,1721
53.1389,1704
53.1417,1675
53.1444,1656
53.1472,1647
53.1500,1650
53.1528,1650
53.1556,1650
53.1583,1638
53.1611,1624
53.1639,1618
53.1667,1622
53.1694,1639
53.1722,1654
53.1750,1661
53.1778,1675
53.1806,1669
53.1833,1674
53.1861,1679
53.1889,1694
53.1917,1715
53.1944,1718
53.1972,1723
53.2000,1709
53.2028,1706
53.2056,1703
53.2083,1701
53.2111,1718
53.2139,1728
53.2167,1738
53.2194,1731
53.2222,1729
53.2250,1729
53.2278,1718
53.2306,1728
53.2333,1727
53.2361,1723
53.2389,1708
53.2417,1705
53.2444,1704
53.2472,1706
53.2500,1712
53.2528,1720
53.2556,1721
53.2583,1717
53.2611,1702
53.2639,1698
53.2667,1685
53.2694,1685
53.2722,1691
53.2750,1704
53.2778,1723
53.2806,1719
53.2833,1721
53.2861,1727
53.2889,1731
53.2917,1741
53.2944,1740
53.2972,1736
53.3000,1717
53.3028,1719
53.3056,1734
53.3083,1871
53.3111,1867
53.3139,1851
53.3167,1838
53.3194,1823
53.3222,1800
53.3250,1783
53.3278,1765
53.3306,1753
53.3333,1743
53.3361,1722
53.3389,1699
53.3417,1672
53.3444,1651
53.3472,1630
53.3500,1611
53.3528,1598
53.3556,1611
53.3583,1599
53.3611,1596
53.3639,1579
53.3667,1573
53.3694,1576
53.3722,1575
53.3750,1572
53.3778,1567
53.3806,1560
53.3833,1552
53.3861,1554
53.3889,1549
53.3917,1545
53.3944,1542
53.3972,1539
53.4000,1534
53.4028,1521
53.4056,1515
53.4083,1511
53.4111,1529
53.4139,1535
53.4167,1547
53.4194,1559
53.4222,1563
53.4250,1565
53.4278,1570
53.4306,1561
53.4333,1573
53.4361,1581
53.4389,1590
53.4417,1591
53.4444,1600
53.4472,1609
53.4500,1610
53.4528,1618
53.4556,1623
53.4583,1621
53.4611,1622
53.4639,1628
53.4667,1635
53.4694,1645
53.4722,1656
53.4750,1668
53.4778,1666
53.4806,1661
53.4833,1666
53.4861,1652
53.4889,1656
53.4917,1653
53.4944,1659
53.4972,1655
53.5000,1661
53.5028,1652
53.5056,1649
53.5083,1651
53.5111,1658
53.5139,1673
53.5167,1691
53.5194,1690
53.5222,1688
53.5250,1684
53.5278,1675
53.5306,1678
53.5333,1677
53.5361,1674
53.5389,1681
53.5417,1684
53.5444,1683
53.5472,1682
53.5500,1686
53.5528,1697
53.5556,1702
53.5583,1697
53.5611,1691
53.5639,1677
53.5667,1664
53.5694,1660
53.5722,1670
53.5750,1676
53.5778,1678
53.5806,1685
53.5833,1678
53.5861,1671
53.5889,1672
53.5917,1661
53.5944,1652
53.5972,1648
53.6000,1649
53.6028,1641
53.6056,1632
53.6083,1636
53.6111,1637
53.6139,1638
53.6167,1633
53.6194,1634
53.6222,1635
53.6250,1627
53.6278,1619
53.6306,1617
53.6333,1620
53.6361,1623
53.6389,1629
53.6417,1623
53.6444,1619
53.6472,1612
53.6500,1619
53.6528,1612
53.6556,1611
53.6583,1607
53.6611,1610
53.6639,1615
53.6667,1621
53.6694,1625
53.6722,1618
53.6750,1626
53.6778,1630
53.6806,1632
53.6833,1631
53.6861,1625
53.6889,1629
53.6917,1635
53.6944,1643
53.6972,1645
53.7000,1649
53.7028,1643
53.7056,1633
53.7083,1632
53.7111,1643
53.7139,1654
53.7167,1682
53.7194,1702
53.7222,1708
53.7250,1716
53.7278,1729
53.7306,1733
53.7333,1754
53.7361,1753
53.7389,1744
53.7417,1749
53.7444,1751
53.7472,1764
53.7500,1779
53.7528,1793
53.7556,1808
53.7583,1834
53.7611,1845
53.7639,1847
53.7667,1821
53.7694,1793
53.7722,1772
53.7750,1741
53.7778,1706
53.7806,1671
53.7833,1654
53.7861,1642
53.7889,1634
53.7917,1639
53.7944,1641
53.7972,1640
53.8000,1638
53.8028,1631
53.8056,1622
53.8083,1608
53.8111,1596
53.8139,1585
53.8167,1582
53.8194,1571
53.8222,1569
53.8250,1570
53.8278,1573
53.8306,1585
53.8333,1597
53.8361,1598
53.8389,1604
53.8417,1601
53.8444,1589
53.8472,1557
53.8500,1527
53.8528,1508
53.8556,1477
53.8583,1515
53.8611,1624
53.8639,1763
53.8667,1922
53.8694,2108
53.8722,2300
53.8750,2476
53.8778,2627
53.8806,2757
53.8833,2872
53.8861,3017
53.8889,3081
53.8917,2972
53.8944,2697
53.8972,2350
53.9000,2020
53.9028,1751
53.9056,1569
53.9083,1484
53.9111,1485
53.9139,1531
53.9167,1575
53.9194,1612
53.9222,1628
53.9250,1620
53.9278,1601
53.9306,1573
53.9333,1573
53.9361,1579
53.9389,1598
53.9417,1598
53.9444,1612
53.9472,1602
53.9500,1587
53.9528,1586
53.9556,1588
53.9583,1589
53.9611,1593
53.9639,1604
53.9667,1600
53.9694,1593
53.9722,1597
53.9750,1612
53.9778,1624
53.9806,1633
53.9833,1642
53.9861,1640
53.9889,1634
53.9917,1640
53.9944,1646
53.9972,1661
54.0000,1678
54.0028,1684
54.0056,1692
54.0083,1677
54.0111,1675
54.0139,1674
54.0167,1680
54.0194,1685
54.0222,1688
54.0250,1697
54.0278,1693
54.0306,1698
54.0333,1704
54.0361,1704
54.0389,1703
54.0417,1710
54.0444,1707
54.0472,1705
54.0500,1706
54.0528,1713
54.0556,1728
54.0583,1735
54.0611,1746
54.0639,1754
54.0667,1747
54.0694,1756
54.0722,1764
54.0750,1772
54.0778,1786
54.0806,1796
54.0833,1798
54.0861,1801
54.0889,1816
54.0917,1824
54.0944,1940
54.0972,1943
54.1000,1940
54.1028,1919
54.1056,1906
54.1083,1886
54.1111,1865
54.1139,1853
54.1167,1842
54.1194,1830
54.1222,1820
54.1250,1797
54.1278,1772
54.1306,1761
54.1333,1739
54.1361,1728
54.1389,1723
54.1417,1715
54.1444,1712
54.1472,1696
54.1500,1688
54.1528,1682
54.1556,1679
54.1583,1677
54.1611,1676
54.1639,1678
54.1667,1663
54.1694,1666
54.1722,1663
54.1750,1667
54.1778,1656
54.1806,1670
54.1833,1677
54.1861,1665
54.1889,1665
54.1917,1658
54.1944,1660
54.1972,1670
54.2000,1682
54.2028,1671
54.2056,1674
54.2083,1671
54.2111,1666
54.2139,1679
54.2167,1679
54.2194,1689
54.2222,1692
54.2250,1701
54.2278,1700
54.2306,1687
54.2333,1688
54.2361,1699
54.2389,1701
54.2417,1701
54.2444,1693
54.2472,1694
54.2500,1691
54.2528,1690
54.2556,1695
54.2583,1691
54.2611,1701
54.2639,1696
54.2667,1689
54.2694,1697
54.2722,1692
54.2750,1693
54.2778,1688
54.2806,1691
54.2833,1691
54.2861,1689
54.2889,1685
54.2917,1687
54.2944,1684
54.2972,1691
54.3000,1689
54.3028,1685
54.3056,1688
54.3083,1677
54.3111,1673
54.3139,1671
54.3167,1667
54.3194,1666
54.3222,1661
54.3250,1664
54.3278,1658
54.3306,1652
54.3333,1651
54.3361,1650
54.3389,1645
54.3417,1654
54.3444,1652
54.3472,1642
54.3500,1639
54.3528,1634
54.3556,1627
54.3583,1627
54.3611,1618
54.3639,1614
54.3667,1611
54.3694,1610
54.3722,1600
54.3750,1595
54.3778,1596
54.3806,1602
54.3833,1607
54.3861,1602
54.3889,1596
54.3917,1589
54.3944,1586
54.3972,1588
54.4000,1595
54.4028,1592
54.4056,1581
54.4083,1578
54.4111,1578
54.4139,1574
54.4167,1579
54.4194,1579
54.4222,1587
54.4250,1591
54.4278,1594
54.4306,1597
54.4333,1598
54.4361,1592
54.4389,1598
54.4417,1608
54.4444,1617
54.4472,1605
54.4500,1603
54.4528,1600
54.4556,1595
54.4583,1603
54.4611,1604
54.4639,1602
54.4667,1602
54.4694,1600
54.4722,1604
54.4750,1617
54.4778,1609
54.4806,1598
54.4833,1601
54.4861,1593
54.4889,1587
54.4917,1596
54.4944,1617
54.4972,1635
54.5000,1665
54.5028,1692
54.5056,1717
54.5083,1730
54.5111,1752
54.5139,1764
54.5167,1780
54.5194,1784
54.5222,1788
54.5250,1785
54.5278,1805
54.5306,1815
54.5333,1834
54.5361,1851
54.5389,1870
54.5417,1886
54.5444,1893
54.5472,1893
54.5500,1856
54.5528,1836
54.5556,1815
54.5583,1789
54.5611,1763
54.5639,1747
54.5667,1723
54.5694,1695
54.5722,1684
54.5750,1663
54.5778,1665
54.5806,1651
54.5833,1653
54.5861,1648
54.5889,1643
54.5917,1640
54.5944,1629
54.5972,1627
54.6000,1619
54.6028,1618
54.6056,1626
54.6083,1622
54.6111,1621
54.6139,1634
54.6167,1633
54.6194,1633
54.6222,1632
54.6250,1630
54.6278,1615
54.6306,1583
54.6333,1558
54.6361,1524
54.6389,1516
54.6417,1564
54.6444,1692
54.6472,1844
54.6500,2028
54.6528,2250
54.6556,2467
54.6583,2659
54.6611,2795
54.6639,2896
54.6667,2983
54.6694,3078
54.6722,3076
54.6750,2893
54.6778,2574
54.6806,2218
54.6833,1900
54.6861,1643
54.6889,1508
54.6917,1485
54.6944,1533
54.6972,1577
54.7000,1614
54.7028,1641
54.7056,1627
54.7083,1619
54.7111,1591
54.7139,1577
54.7167,1587
54.7194,1591
54.7222,1605
54.7250,1601
54.7278,1582
54.7306,1565
54.7333,1544
54.7361,1536
54.7389,1538
54.7417,1540
54.7444,1544
54.7472,1541
54.7500,1523
54.7528,1506
54.7556,1491
54.7583,1486
54.7611,1481
54.7639,1486
54.7667,1482
54.7694,1473
54.7722,1473
54.7750,1476
54.7778,1501
54.7806,1544
54.7833,1585
54.7861,1620
54.7889,1654
54.7917,1682
54.7944,1718
54.7972,1758
54.8000,1785
54.8028,1811
54.8056,1833
54.8083,1846
54.8111,1884
54.8139,1920
54.8167,1963
54.8194,2003
54.8222,2038
54.8250,2062
54.8278,2069
54.8306,2068
54.8333,2064
54.8361,2070
54.8389,2070
54.8417,2081
54.8444,2089
54.8472,2095
54.8500,2096
54.8528,2107
54.8556,2108
54.8583,2116
54.8611,2116
54.8639,2120
54.8667,2120
54.8694,2123
54.8722,2127
54.8750,2130
54.8778,1966
54.8806,1972
54.8833,1962
54.8861,1948
54.8889,1920
54.8917,1892
54.8944,1860
54.8972,1848
54.9000,1825
54.9028,1815
54.9056,1785
54.9083,1758
54.9111,1732
54.9139,1714
54.9167,1710
54.9194,1704
54.9222,1698
54.9250,1700
54.9278,1682
54.9306,1677
54.9333,1663
54.9361,1663
54.9389,1673
54.9417,1674
54.9444,1684
54.9472,1682
54.9500,1677
54.9528,1675
54.9556,1666
54.9583,1670
54.9611,1666
54.9639,1663
54.9667,1659
54.9694,1650
54.9722,1642
54.9750,1635
54.9778,1617
54.9806,1617
54.9833,1619
54.9861,1612
54.9889,1603
54.9917,1587
54.9944,1586
54.9972,1582
55.0000,1579
55.0028,1574
55.0056,1571
55.0083,1568
55.0111,1556
55.0139,1555
55.0167,1549
55.0194,1551
55.0222,1557
55.0250,1548
55.0278,1540
55.0306,1530
55.0333,1524
55.0361,1516
55.0389,1532
55.0417,1546
55.0444,1547
55.0472,1547
55.0500,1543
55.0528,1540
55.0556,1533
55.0583,1543
55.0611,1538
55.0639,1537
55.0667,1528
55.0694,1526
55.0722,1525
55.0750,1529
55.0778,1522
55.0806,1526
55.0833,1527
55.0861,1523
55.0889,1517
55.0917,1519
55.0944,1520
55.0972,1522
55.1000,1527
55.1028,1520
55.1056,1521
55.1083,1513
55.1111,1511
55.1139,1511
55.1167,1506
55.1194,1502
55.1222,1503
55.1250,1503
55.1278,1502
55.1306,1496
55.1333,1495
55.1361,1500
55.1389,1501
55.1417,1513
55.1444,1514
55.1472,1510
55.1500,1519
55.1528,1518
55.1556,1516
55.1583,1530
55.1611,1531
55.1639,1544
55.1667,1541
55.1694,1545
55.1722,1541
55.1750,1541
55.1778,1547
55.1806,1559
55.1833,1560
55.1861,1562
55.1889,1559
55.1917,1563
55.1944,1560
55.1972,1571
55.2000,1573
55.2028,1576
55.2056,1576
55.2083,1577
55.2111,1576
55.2139,1587
55.2167,1585
55.2194,1593
55.2222,1596
55.2250,1597
55.2278,1606
55.2306,1603
55.2333,1605
55.2361,1611
55.2389,1614
55.2417,1618
55.2444,1620
55.2472,1625
55.2500,1625
55.2528,1633
55.2556,1639
55.2583,1649
55.2611,1655
55.2639,1654
55.2667,1648
55.2694,1643
55.2722,1655
55.2750,1674
55.2778,1696
55.2806,1723
55.2833,1737
55.2861,1756
55.2889,1765
55.2917,1790
55.2944,1792
55.2972,1793
55.3000,1776
55.3028,1796
55.3056,1804
55.3083,1811
55.3111,1820
55.3139,1832
55.3167,1848
55.3194,1863
55.3222,1878
55.3250,1876
55.3278,1858
55.3306,1819
55.3333,1791
55.3361,1766
55.3389,1744
55.3417,1722
55.3444,1700
55.3472,1668
55.3500,1641
55.3528,1641
55.3556,1637
55.3583,1636
55.3611,1625
55.3639,1619
55.3667,1613
55.3694,1598
55.3722,1595
55.3750,1594
55.3778,1590
55.3806,1593
55.3833,1585
55.3861,1589
55.3889,1587
55.3917,1583
55.3944,1587
55.3972,1588
55.4000,1588
55.4028,1585
55.4056,1575
55.4083,1547
55.4111,1509
55.4139,1468
55.4167,1441
55.4194,1451
55.4222,1549
55.4250,1686
55.4278,1856
55.4306,2055
55.4333,2275
55.4361,2477
55.4389,2638
55.4417,2752
55.4444,2846
55.4472,2946
55.4500,3025
55.4528,2948
55.4556,2668
55.4583,2340
55.4611,1999
55.4639,1709
55.4667,1519
55.4694,1459
55.4722,1459
55.4750,1506
55.4778,1554
55.4806,1578
55.4833,1589
55.4861,1572
55.4889,1553
55.4917,1533
55.4944,1516
55.4972,1510
55.5000,1516
55.5028,1525
55.5056,1512
55.5083,1513
55.5111,1500
55.5139,1497
55.5167,1507
55.5194,1514
55.5222,1536
55.5250,1533
55.5278,1528
55.5306,1524
55.5333,1530
55.5361,1530
55.5389,1537
55.5417,1549
55.5444,1558
55.5472,1558
55.5500,1557
55.5528,1561
55.5556,1567
55.5583,1573
55.5611,1584
55.5639,1589
55.5667,1587
55.5694,1581
55.5722,1578
55.5750,1571
55.5778,1583
55.5806,1599
55.5833,1607
55.5861,1610
55.5889,1608
55.5917,1601
55.5944,1606
55.5972,1608
55.6000,1618
55.6028,1628
55.6056,1636
55.6083,1637
55.6111,1647
55.6139,1638
55.6167,1649
55.6194,1672
55.6222,1671
55.6250,1682
55.6278,1683
55.6306,1685
55.6333,1684
55.6361,1691
55.6389,1702
55.6417,1722
55.6444,1734
55.6472,1740
55.6500,1747
55.6528,1752
55.6556,1884
55.6583,1879
55.6611,1880
55.6639,1874
55.6667,1856
55.6694,1834
55.6722,1804
55.6750,1791
55.6778,1775
55.6806,1754
55.6833,1742
55.6861,1714
55.6889,1687
55.6917,1671
55.6944,1655
55.6972,1644
55.7000,1633
55.7028,1627
55.7056,1613
55.7083,1604
55.7111,1589
55.7139,1583
55.7167,1583
55.7194,1581
55.7222,1573
55.7250,1579
55.7278,1571
55.7306,1566
55.7333,1566
55.7361,1570
55.7389,1579
55.7417,1579
55.7444,1585
55.7472,1583
55.7500,1585
55.7528,1579
55.7556,1583
55.7583,1595
55.7611,1586
55.7639,1590
55.7667,1597
55.7694,1595
55.7722,1585
55.7750,1587
55.7778,1589
55.7806,1600
55.7833,1602
55.7861,1599
55.7889,1598
55.7917,1604
55.7944,1602
55.7972,1609
55.8000,1613
55.8028,1615
55.8056,1612
55.8083,1618
55.8111,1616
55.8139,1613
55.8167,1617
55.8194,1621
55.8222,1638
55.8250,1639
55.8278,1638
55.8306,1633
55.8333,1637
55.8361,1634
55.8389,1644
55.8417,1647
55.8444,1648
55.8472,1646
55.8500,1650
55.8528,1654
55.8556,1649
55.8583,1644
55.8611,1655
55.8639,1658
55.8667,1661
55.8694,1650
55.8722,1647
55.8750,1644
55.8778,1638
55.8806,1642
55.8833,1632
55.8861,1643
55.8889,1642
55.8917,1645
55.8944,1636
55.8972,1627
55.9000,1632
55.9028,1626
55.9056,1630
55.9083,1623
55.9111,1625
55.9139,1629
55.9167,1625
55.9194,1637
55.9222,1640
55.9250,1647
55.9278,1632
55.9306,1636
55.9333,1642
55.9361,1633
55.9389,1636
55.9417,1632
55.9444,1630
55.9472,1625
55.9500,1626
55.9528,1623
55.9556,1619
55.9583,1627
55.9611,1642
55.9639,1638
55.9667,1639
55.9694,1644
55.9722,1639
55.9750,1641
55.9778,1638
55.9806,1642
55.9833,1643
55.9861,1645
55.9889,1644
55.9917,1644
55.9944,1653
55.9972,1649
56.0000,1646
56.0028,1649
56.0056,1646
56.0083,1651
56.0111,1652
56.0139,1645
56.0167,1655
56.0194,1650
56.0222,1655
56.0250,1652
56.0278,1654
56.0306,1656
56.0333,1659
56.0361,1673
56.0389,1668
56.0417,1665
56.0444,1664
56.0472,1664
56.0500,1664
56.0528,1670
56.0556,1677
56.0583,1699
56.0611,1727
56.0639,1752
56.0667,1766
56.0694,1772
56.0722,1789
56.0750,1799
56.0778,1795
56.0806,1792
56.0833,1798
56.0861,1819
56.0889,1826
56.0917,1830
56.0944,1835
56.0972,1842
56.1000,1864
56.1028,1886
56.1056,1893
56.1083,1889
56.1111,1867
56.1139,1834
56.1167,1814
56.1194,1798
56.1222,1783
56.1250,1750
56.1278,1720
56.1306,1684
56.1333,1655
56.1361,1659
56.1389,1645
56.1417,1632
56.1444,1628
56.1472,1615
56.1500,1610
56.1528,1605
56.1556,1603
56.1583,1599
56.1611,1605
56.1639,1597
56.1667,1601
56.1694,1607
56.1722,1602
56.1750,1600
56.1778,1595
56.1806,1607
56.1833,1604
56.1861,1596
56.1889,1588
56.1917,1556
56.1944,1523
56.1972,1489
56.2000,1454
56.2028,1485
56.2056,1586
56.2083,1722
56.2111,1889
56.2139,2112
56.2167,2330
56.2194,2532
56.2222,2694
56.2250,2804
56.2278,2903
56.2306,3011
56.2333,3078
56.2361,2965
56.2389,2685
56.2417,2354
56.2444,2035
56.2472,1761
56.2500,1579
56.2528,1521
56.2556,1545
56.2583,1580
56.2611,1628
56.2639,1648
56.2667,1662
56.2694,1651
56.2722,1632
56.2750,1609
56.2778,1599
56.2806,1605
56.2833,1612
56.2861,1610
56.2889,1615
56.2917,1602
56.2944,1598
56.2972,1593
56.3000,1602
56.3028,1606
56.3056,1615
56.3083,1610
56.3111,1605
56.3139,1589
56.3167,1583
56.3194,1599
56.3222,1608
56.3250,1624
56.3278,1627
56.3306,1629
56.3333,1625
56.3361,1618
56.3389,1622
56.3417,1637
56.3444,1650
56.3472,1654
56.3500,1655
56.3528,1655
56.3556,1650
56.3583,1647
56.3611,1658
56.3639,1668
56.3667,1673
56.3694,1675
56.3722,1671
56.3750,1665
56.3778,1670
56.3806,1678
56.3833,1681
56.3861,1695
56.3889,1687
56.3917,1693
56.3944,1690
56.3972,1685
56.4000,1693
56.4028,1700
56.4056,1711
56.4083,1724
56.4111,1715
56.4139,1710
56.4167,1700
56.4194,1714
56.4222,1730
56.4250,1750
56.4278,1751
56.4306,1756
56.4333,1757
56.4361,1757
56.4389,1863
56.4417,1864
56.4444,1864
56.4472,1853
56.4500,1837
56.4528,1817
56.4556,1789
56.4583,1779
56.4611,1756
56.4639,1761
56.4667,1747
56.4694,1734
56.4722,1715
56.4750,1703
56.4778,1694
56.4806,1681
56.4833,1675
56.4861,1667
56.4889,1667
56.4917,1643
56.4944,1631
56.4972,1614
56.5000,1606
56.5028,1596
56.5056,1600
56.5083,1595
56.5111,1600
56.5139,1591
56.5167,1587
56.5194,1575
56.5222,1578
56.5250,1570
56.5278,1571
56.5306,1572
56.5333,1565
56.5361,1567
56.5389,1570
56.5417,1572
56.5444,1578
56.5472,1579
56.5500,1580
56.5528,1567
56.5556,1554
56.5583,1537
56.5611,1540
56.5639,1539
56.5667,1552
56.5694,1556
56.5722,1559
56.5750,1553
56.5778,1560
56.5806,1567
56.5833,1574
56.5861,1566
56.5889,1569
56.5917,1570
56.5944,1565
56.5972,1571
56.6000,1574
56.6028,1599
56.6056,1595
56.6083,1599
56.6111,1588
56.6139,1583
56.6167,1575
56.6194,1573
56.6222,1582
56.6250,1593
56.6278,1598
56.6306,1611
56.6333,1598
56.6361,1588
56.6389,1579
56.6417,1574
56.6444,1566
56.6472,1573
56.6500,1573
56.6528,1579
56.6556,1587
56.6583,1590
56.6611,1601
56.6639,1597
56.6667,1590
56.6694,1595
56.6722,1594
56.6750,1580
56.6778,1582
56.6806,1583
56.6833,1589
56.6861,1590
56.6889,1591
56.6917,1581
56.6944,1582
56.6972,1573
56.7000,1569
56.7028,1569
56.7056,1578
56.7083,1577
56.7111,1576
56.7139,1582
56.7167,1577
56.7194,1575
56.7222,1580
56.7250,1576
56.7278,1567
56.7306,1574
56.7333,1560
56.7361,1562
56.7389,1562
56.7417,1570
56.7444,1577
56.7472,1574
56.7500,1575
56.7528,1563
56.7556,1554
56.7583,1546
56.7611,1548
56.7639,1537
56.7667,1541
56.7694,1537
56.7722,1540
56.7750,1550
56.7778,1548
56.7806,1555
56.7833,1560
56.7861,1557
56.7889,1563
56.7917,1557
56.7944,1562
56.7972,1563
56.8000,1564
56.8028,1558
56.8056,1567
56.8083,1572
56.8111,1573
56.8139,1574
56.8167,1576
56.8194,1597
56.8222,1618
56.8250,1640
56.8278,1648
56.8306,1655
56.8333,1668
56.8361,1688
56.8389,1695
56.8417,1694
56.8444,1700
56.8472,1710
56.8500,1725
56.8528,1736
56.8556,1750
56.8583,1760
56.8611,1773
56.8639,1787
56.8667,1805
56.8694,1807
56.8722,1790
56.8750,1762
56.8778,1735
56.8806,1709
56.8833,1682
56.8861,1647
56.8889,1621
56.8917,1601
56.8944,1588
56.8972,1577
56.9000,1566
56.9028,1555
56.9056,1548
56.9083,1539
56.9111,1529
56.9139,1517
56.9167,1504
56.9194,1513
56.9222,1518
56.9250,1512
56.9278,1517
56.9306,1526
56.9333,1524
56.9361,1530
56.9389,1545
56.9417,1548
56.9444,1543
56.9472,1536
56.9500,1518
56.9528,1494
56.9556,1456
56.9583,1422
56.9611,1389
56.9639,1434
56.9667,1531
56.9694,1679
56.9722,1850
56.9750,2030
56.9778,2228
56.9806,2398
56.9833,2548
56.9861,2675
56.9889,2782
56.9917,2923
56.9944,2961
56.9972,2835
57.0000,2557
57.0028,2233
57.0056,1907
57.0083,1642
57.0111,1475
57.0139,1404
57.0167,1398
57.0194,1428
57.0222,1469
57.0250,1489
57.0278,1516
57.0306,1509
57.0333,1501
57.0361,1498
57.0389,1497
57.0417,1498
57.0444,1495
57.0472,1492
57.0500,1482
57.0528,1475
57.0556,1472
57.0583,1473
57.0611,1483
57.0639,1493
57.0667,1493
57.0694,1498
57.0722,1490
57.0750,1491
57.0778,1484
57.0806,1490
57.0833,1496
57.0861,1506
57.0889,1503
57.0917,1500
57.0944,1494
57.0972,1495
57.1000,1501
57.1028,1516
57.1056,1522
57.1083,1522
57.1111,1514
57.1139,1520
57.1167,1525
57.1194,1536
57.1222,1546
57.1250,1559
57.1278,1566
57.1306,1569
57.1333,1556
57.1361,1545
57.1389,1546
57.1417,1560
57.1444,1574
57.1472,1576
57.1500,1590
57.1528,1604
57.1556,1598
57.1583,1607
57.1611,1611
57.1639,1633
57.1667,1653
57.1694,1653
57.1722,1661
57.1750,1668
57.1778,1672
57.1806,1684
57.1833,1697
57.1861,1712
57.1889,1721
57.1917,1722
57.1944,1732
57.1972,1740
57.2000,1850
57.2028,1858
57.2056,1857
57.2083,1857
57.2111,1830
57.2139,1822
57.2167,1801
57.2194,1787
57.2222,1768
57.2250,1757
57.2278,1747
57.2306,1731
57.2333,1712
57.2361,1702
57.2389,1677
57.2417,1667
57.2444,1660
57.2472,1655
57.2500,1647
57.2528,1625
57.2556,1606
57.2583,1605
57.2611,1593
57.2639,1585
57.2667,1581
57.2694,1574
57.2722,1569
57.2750,1571
57.2778,1571
57.2806,1566
57.2833,1576
57.2861,1573
57.2889,1570
57.2917,1568
57.2944,1565
57.2972,1557
57.3000,1570
57.3028,1570
57.3056,1587
57.3083,1594
57.3111,1601
57.3139,1592
57.3167,1590
57.3194,1596
57.3222,1598
57.3250,1595
57.3278,1604
57.3306,1601
57.3333,1606
57.3361,1609
57.3389,1618
57.3417,1628
57.3444,1623
57.3472,1629
57.3500,1633
57.3528,1631
57.3556,1643
57.3583,1642
57.3611,1644
57.3639,1644
57.3667,1652
57.3694,1655
57.3722,1654
57.3750,1651
57.3778,1651
57.3806,1658
57.3833,1654
57.3861,1655
57.3889,1669
57.3917,1675
57.3944,1668
57.3972,1666
57.4000,1666
57.4028,1672
57.4056,1671
57.4083,1666
57.4111,1657
57.4139,1657
57.4167,1659
57.4194,1654
57.4222,1657
57.4250,1662
57.4278,1661
57.4306,1654
57.4333,1652
57.4361,1649
57.4389,1651
57.4417,1647
57.4444,1660
57.4472,1657
57.4500,1652
57.4528,1656
57.4556,1647
57.4583,1644
57.4611,1654
57.4639,1651
57.4667,1650
57.4694,1643
57.4722,1645
57.4750,1643
57.4778,1634
57.4806,1630
57.4833,1631
57.4861,1648
57.4889,1646
57.4917,1649
57.4944,1646
57.4972,1652
57.5000,1651
57.5028,1654
57.5056,1665
57.5083,1667
57.5111,1661
57.5139,1653
57.5167,1649
57.5194,1653
57.5222,1654
57.5250,1660
57.5278,1652
57.5306,1647
57.5333,1649
57.5361,1655
57.5389,1657
57.5417,1661
57.5444,1665
57.5472,1659
57.5500,1661
57.5528,1670
57.5556,1670
57.5583,1687
57.5611,1704
57.5639,1722
57.5667,1749
57.5694,1765
57.5722,1793
57.5750,1816
57.5778,1824
57.5806,1820
57.5833,1815
57.5861,1821
57.5889,1833
57.5917,1837
57.5944,1841
57.5972,1845
57.6000,1868
57.6028,1885
57.6056,1890
57.6083,1899
57.6111,1871
57.6139,1840
57.6167,1806
57.6194,1780
57.6222,1767
57.6250,1750
57.6278,1739
57.6306,1705
57.6333,1687
57.6361,1677
57.6389,1675
57.6417,1654
57.6444,1647
57.6472,1638
57.6500,1634
57.6528,1624
57.6556,1621
57.6583,1617
57.6611,1601
57.6639,1608
57.6667,1609
57.6694,1616
57.6722,1618
57.6750,1618
57.6778,1613
57.6806,1613
57.6833,1603
57.6861,1602
57.6889,1594
57.6917,1565
57.6944,1531
57.6972,1504
57.7000,1477
57.7028,1510
57.7056,1613
57.7083,1774
57.7111,1950
57.7139,2165
57.7167,2386
57.7194,2582
57.7222,2739
57.7250,2852
57.7278,2933
57.7306,3033
57.7333,3068
57.7361,2921
57.7389,2624
57.7417,2279
57.7444,1961
57.7472,1693
57.7500,1546
57.7528,1492
57.7556,1506
57.7583,1550
57.7611,1599
57.7639,1634
57.7667,1640
57.7694,1629
57.7722,1611
57.7750,1589
57.7778,1584
57.7806,1594
57.7833,1599
57.7861,1613
57.7889,1607
57.7917,1593
57.7944,1580
57.7972,1570
57.8000,1573
57.8028,1579
57.8056,1586
57.8083,1584
57.8111,1586
57.8139,1575
57.8167,1573
57.8194,1582
57.8222,1603
57.8250,1599
57.8278,1615
57.8306,1601
57.8333,1601
57.8361,1591
57.8389,1600
57.8417,1614
57.8444,1618
57.8472,1620
57.8500,1619
57.8528,1618
57.8556,1610
57.8583,1631
57.8611,1636
57.8639,1644
57.8667,1653
57.8694,1655
57.8722,1649
57.8750,1640
57.8778,1638
57.8806,1656
57.8833,1669
57.8861,1667
57.8889,1678
57.8917,1677
57.8944,1684
57.8972,1691
57.9000,1700
57.9028,1708
57.9056,1717
57.9083,1718
57.9111,1720
57.9139,1719
57.9167,1716
57.9194,1728
57.9222,1738
57.9250,1747
57.9278,1755
57.9306,1761
57.9333,1760
57.9361,1764
57.9389,1868
57.9417,1876
57.9444,1867
57.9472,1856
57.9500,1842
57.9528,1821
57.9556,1800
57.9583,1791
57.9611,1769
57.9639,1751
57.9667,1740
57.9694,1718
57.9722,1692
57.9750,1675
57.9778,1648
57.9806,1641
57.9833,1641
57.9861,1645
57.9889,1633
57.9917,1614
57.9944,1595
57.9972,1586
58.0000,1589
58.0028,1583
58.0056,1581
58.0083,1588
58.0111,1585
58.0139,1582
58.0167,1572
58.0194,1566
58.0222,1568
58.0250,1578
58.0278,1587
58.0306,1585
58.0333,1581
58.0361,1575
58.0389,1580
58.0417,1582
58.0444,1589
58.0472,1584
58.0500,1586
58.0528,1581
58.0556,1573
58.0583,1584
58.0611,1592
58.0639,1585
58.0667,1594
58.0694,1592
58.0722,1587
58.0750,1589
58.0778,1592
58.0806,1587
58.0833,1589
58.0861,1595
58.0889,1600
58.0917,1595
58.0944,1594
58.0972,1600
58.1000,1609
58.1028,1619
58.1056,1635
58.1083,1640
58.1111,1638
58.1139,1636
58.1167,1642
58.1194,1643
58.1222,1636
58.1250,1642
58.1278,1642
58.1306,1643
58.1333,1642
58.1361,1635
58.1389,1635
58.1417,1647
58.1444,1656
58.1472,1650
58.1500,1663
58.1528,1661
58.1556,1646
58.1583,1642
58.1611,1629
58.1639,1631
58.1667,1635
58.1694,1637
58.1722,1635
58.1750,1637
58.1778,1632
58.1806,1642
58.1833,1634
58.1861,1638
58.1889,1647
58.1917,1637
58.1944,1628
58.1972,1630
58.2000,1626
58.2028,1626
58.2056,1628
58.2083,1630
58.2111,1633
58.2139,1640
58.2167,1631
58.2194,1633
58.2222,1630
58.2250,1632
58.2278,1629
58.2306,1632
58.2333,1637
58.2361,1632
58.2389,1632
58.2417,1632
58.2444,1635
58.2472,1635
58.2500,1627
58.2528,1631
58.2556,1629
58.2583,1633
58.2611,1626
58.2639,1626
58.2667,1629
58.2694,1631
58.2722,1635
58.2750,1636
58.2778,1635
58.2806,1637
58.2833,1633
58.2861,1637
58.2889,1630
58.2917,1631
58.2944,1635
58.2972,1648
58.3000,1665
58.3028,1684
58.3056,1702
58.3083,1720
58.3111,1730
58.3139,1741
58.3167,1745
58.3194,1774
58.3222,1772
58.3250,1772
58.3278,1779
58.3306,1793
58.3333,1804
58.3361,1811
58.3389,1822
58.3417,1831
58.3444,1845
58.3472,1866
58.3500,1880
58.3528,1872
58.3556,1861
58.3583,1821
58.3611,1805
58.3639,1785
58.3667,1772
58.3694,1758
58.3722,1729
58.3750,1701
58.3778,1677
58.3806,1665
58.3833,1662
58.3861,1652
58.3889,1640
58.3917,1628
58.3944,1625
58.3972,1613
58.4000,1611
58.4028,1605
58.4056,1610
58.4083,1609
58.4111,1613
58.4139,1607
58.4167,1614
58.4194,1611
58.4222,1615
58.4250,1614
58.4278,1612
58.4306,1606
58.4333,1599
58.4361,1567
58.4389,1540
58.4417,1500
58.4444,1468
58.4472,1465
58.4500,1549
58.4528,1682
58.4556,1844
58.4583,2044
58.4611,2258
58.4639,2464
58.4667,2636
58.4694,2762
58.4722,2854
58.4750,2960
58.4778,3043
58.4806,2991
58.4833,2757
58.4861,2420
58.4889,2094
58.4917,1800
58.4944,1588
58.4972,1496
58.5000,1504
58.5028,1542
58.5056,1581
58.5083,1616
58.5111,1629
58.5139,1627
58.5167,1608
58.5194,1592
58.5222,1582
58.5250,1575
58.5278,1575
58.5306,1589
58.5333,1592
58.5361,1592
58.5389,1583
58.5417,1578
58.5444,1577
58.5472,1599
58.5500,1600
58.5528,1608
58.5556,1597
58.5583,1595
58.5611,1594
58.5639,1600
58.5667,1608
58.5694,1616
58.5722,1621
58.5750,1618
58.5778,1615
58.5806,1616
58.5833,1608
58.5861,1625
58.5889,1638
58.5917,1641
58.5944,1636
58.5972,1640
58.6000,1635
58.6028,1638
58.6056,1651
58.6083,1666
58.6111,1679
58.6139,1684
58.6167,1684
58.6194,1683
58.6222,1687
58.6250,1697
58.6278,1696
58.6306,1710
58.6333,1706
58.6361,1705
58.6389,1709
58.6417,1704
58.6444,1718
58.6472,1732
58.6500,1743
58.6528,1750
58.6556,1760
58.6583,1755
58.6611,1750
58.6639,1761
58.6667,1777
58.6694,1788
58.6722,1797
58.6750,1806
58.6778,1818
58.6806,1821
58.6833,1961
58.6861,1958
58.6889,1955
58.6917,1945
58.6944,1934
58.6972,1910
58.7000,1894
58.7028,1875
58.7056,1852
58.7083,1844
58.7111,1841
58.7139,1817
58.7167,1788
58.7194,1765
58.7222,1740
58.7250,1726
58.7278,1725
58.7306,1715
58.7333,1702
58.7361,1700
58.7389,1686
58.7417,1675
58.7444,1674
58.7472,1671
58.7500,1677
58.7528,1682
58.7556,1676
58.7583,1678
58.7611,1674
58.7639,1676
58.7667,1670
58.7694,1678
58.7722,1672
58.7750,1673
58.7778,1671
58.7806,1664
58.7833,1667
58.7861,1667
58.7889,1676
58.7917,1677
58.7944,1676
58.7972,1667
58.8000,1667
58.8028,1660
58.8056,1645
58.8083,1664
58.8111,1675
58.8139,1679
58.8167,1677
58.8194,1677
58.8222,1676
58.8250,1673
58.8278,1676
58.8306,1681
58.8333,1677
58.8361,1676
58.8389,1678
58.8417,1683
58.8444,1687
58.8472,1695
58.8500,1696
58.8528,1702
58.8556,1704
58.8583,1704
58.8611,1707
58.8639,1702
58.8667,1703
58.8694,1709
58.8722,1708
58.8750,1713
58.8778,1718
58.8806,1711
58.8833,1707
58.8861,1716
58.8889,1737
58.8917,1729
58.8944,1730
58.8972,1727
58.9000,1718
58.9028,1708
58.9056,1714
58.9083,1716
58.9111,1725
58.9139,1719
58.9167,1731
58.9194,1726
58.9222,1725
58.9250,1722
58.9278,1724
58.9306,1727
58.9333,1727
58.9361,1723
58.9389,1715
58.9417,1708
58.9444,1710
58.9472,1709
58.9500,1715
58.9528,1720
58.9556,1715
58.9583,1715
58.9611,1718
58.9639,1721
58.9667,1724
58.9694,1725
58.9722,1724
58.9750,1714
58.9778,1719
58.9806,1714
58.9833,1721
58.9861,1716
58.9889,1713
58.9917,1718
58.9944,1712
58.9972,1701
59.0000,1696
59.0028,1697
59.0056,1705
59.0083,1710
59.0111,1715
59.0139,1708
59.0167,1704
59.0194,1702
59.0222,1694
59.0250,1703
59.0278,1705
59.0306,1714
59.0333,1708
59.0361,1715
59.0389,1718
59.0417,1728
59.0444,1723
59.0472,1719
59.0500,1719
59.0528,1729
59.0556,1750
59.0583,1774
59.0611,1791
59.0639,1821
59.0667,1830
59.0694,1846
59.0722,1858
59.0750,1854
59.0778,1854
59.0806,1856
59.0833,1854
59.0861,1874
59.0889,1885
59.0917,1893
59.0944,1905
59.0972,1920
59.1000,1928
59.1028,1929
59.1056,1937
59.1083,1924
59.1111,1899
59.1139,1870
59.1167,1839
59.1194,1828
59.1222,1803
59.1250,1774
59.1278,1743
59.1306,1720
59.1333,1711
59.1361,1701
59.1389,1701
59.1417,1710
59.1444,1703
59.1472,1705
59.1500,1689
59.1528,1680
59.1556,1680
59.1583,1663
59.1611,1667
59.1639,1652
59.1667,1660
59.1694,1666
59.1722,1680
59.1750,1679
59.1778,1679
59.1806,1681
59.1833,1670
59.1861,1655
59.1889,1632
59.1917,1586
59.1944,1553
59.1972,1515
59.2000,1518
59.2028,1595
