Tiempo(s),Valor_ADC
0.0028,1414
0.0056,1419
0.0083,1423
0.0111,1412
0.0139,1405
0.0167,1391
0.0194,1386
0.0222,1386
0.0250,1389
0.0278,1396
0.0306,1390
0.0333,1374
0.0361,1364
0.0389,1358
0.0417,1369
0.0444,1390
0.0472,1413
0.0500,1430
0.0528,1443
0.0556,1452
0.0583,1446
0.0611,1425
0.0639,1404
0.0667,1397
0.0694,1388
0.0722,1395
0.0750,1400
0.0778,1403
0.0806,1400
0.0833,1420
0.0861,1427
0.0889,1419
0.0917,1404
0.0944,1379
0.0972,1384
0.1000,1400
0.1028,1404
0.1056,1410
0.1083,1416
0.1111,1414
0.1139,1425
0.1167,1433
0.1194,1425
0.1222,1428
0.1250,1432
0.1278,1449
0.1306,1444
0.1333,1447
0.1361,1447
0.1389,1424
0.1417,1423
0.1444,1427
0.1472,1431
0.1500,1449
0.1528,1458
0.1556,1471
0.1583,1446
0.1611,1442
0.1639,1450
0.1667,1456
0.1694,1471
0.1722,1473
0.1750,1478
0.1778,1458
0.1806,1454
0.1833,1436
0.1861,1448
0.1889,1457
0.1917,1473
0.1944,1475
0.1972,1473
0.2000,1477
0.2028,1491
0.2056,1519
0.2083,1549
0.2111,1566
0.2139,1566
0.2167,1541
0.2194,1518
0.2222,1508
0.2250,1508
0.2278,1520
0.2306,1541
0.2333,1567
0.2361,1596
0.2389,1624
0.2417,1635
0.2444,1639
0.2472,1622
0.2500,1604
0.2528,1583
0.2556,1574
0.2583,1544
0.2611,1524
0.2639,1512
0.2667,1494
0.2694,1481
0.2722,1468
0.2750,1465
0.2778,1475
0.2806,1469
0.2833,1461
0.2861,1460
0.2889,1453
0.2917,1460
0.2944,1466
0.2972,1466
0.3000,1447
0.3028,1435
0.3056,1428
0.3083,1424
0.3111,1437
0.3139,1454
0.3167,1434
0.3194,1427
0.3222,1410
0.3250,1405
0.3278,1392
0.3306,1419
0.3333,1493
0.3361,1653
0.3389,1891
0.3417,2237
0.3444,2666
0.3472,3099
0.3500,3349
0.3528,3367
0.3556,3376
0.3583,3327
0.3611,2876
0.3639,2187
0.3667,1611
0.3694,1242
0.3722,1125
0.3750,1177
0.3778,1298
0.3806,1418
0.3833,1488
0.3861,1498
0.3889,1482
0.3917,1449
0.3944,1419
0.3972,1399
0.4000,1405
0.4028,1418
0.4056,1428
0.4083,1442
0.4111,1444
0.4139,1438
0.4167,1409
0.4194,1380
0.4222,1397
0.4250,1423
0.4278,1440
0.4306,1462
0.4333,1463
0.4361,1458
0.4389,1440
0.4417,1438
0.4444,1445
0.4472,1456
0.4500,1471
0.4528,1480
0.4556,1470
0.4583,1467
0.4611,1450
0.4639,1451
0.4667,1464
0.4694,1492
0.4722,1505
0.4750,1519
0.4778,1516
0.4806,1515
0.4833,1524
0.4861,1549
0.4889,1554
0.4917,1556
0.4944,1567
0.4972,1575
0.5000,1578
0.5028,1573
0.5056,1568
0.5083,1562
0.5111,1558
0.5139,1578
0.5167,1606
0.5194,1632
0.5222,1649
0.5250,1650
0.5278,1655
0.5306,1659
0.5333,1673
0.5361,1672
0.5389,1686
0.5417,1726
0.5444,1774
0.5472,1786
0.5500,1789
0.5528,1772
0.5556,1760
0.5583,1761
0.5611,1754
0.5639,1765
0.5667,1760
0.5694,1742
0.5722,1721
0.5750,1712
0.5778,1677
0.5806,1669
0.5833,1652
0.5861,1651
0.5889,1634
0.5917,1625
0.5944,1624
0.5972,1640
0.6000,1633
0.6028,1650
0.6056,1661
0.6083,1653
0.6111,1658
0.6139,1640
0.6167,1630
0.6194,1625
0.6222,1630
0.6250,1646
0.6278,1648
0.6306,1649
0.6333,1641
0.6361,1628
0.6389,1632
0.6417,1645
0.6444,1661
0.6472,1664
0.6500,1673
0.6528,1685
0.6556,1689
0.6583,1688
0.6611,1674
0.6639,1672
0.6667,1677
0.6694,1687
0.6722,1700
0.6750,1707
0.6778,1709
0.6806,1707
0.6833,1706
0.6861,1711
0.6889,1729
0.6917,1724
0.6944,1721
0.6972,1713
0.7000,1706
0.7028,1712
0.7056,1727
0.7083,1727
0.7111,1737
0.7139,1730
0.7167,1714
0.7194,1726
0.7222,1731
0.7250,1733
0.7278,1740
0.7306,1724
0.7333,1716
0.7361,1715
0.7389,1711
0.7417,1692
0.7444,1692
0.7472,1718
0.7500,1747
0.7528,1751
0.7556,1733
0.7583,1720
0.7611,1719
0.7639,1725
0.7667,1721
0.7694,1733
0.7722,1753
0.7750,1752
0.7778,1753
0.7806,1752
0.7833,1742
0.7861,1759
0.7889,1750
0.7917,1740
0.7944,1732
0.7972,1730
0.8000,1742
0.8028,1743
0.8056,1751
0.8083,1754
0.8111,1765
0.8139,1765
0.8167,1758
0.8194,1755
0.8222,1771
0.8250,1776
0.8278,1768
0.8306,1765
0.8333,1765
0.8361,1770
0.8389,1774
0.8417,1768
0.8444,1757
0.8472,1776
0.8500,1787
0.8528,1788
0.8556,1791
0.8583,1787
0.8611,1789
0.8639,1791
0.8667,1802
0.8694,1814
0.8722,1819
0.8750,1814
0.8778,1811
0.8806,1809
0.8833,1805
0.8861,1814
0.8889,1825
0.8917,1822
0.8944,1819
0.8972,1813
0.9000,1812
0.9028,1811
0.9056,1803
0.9083,1807
0.9111,1812
0.9139,1822
0.9167,1834
0.9194,1831
0.9222,1827
0.9250,1826
0.9278,1828
0.9306,1835
0.9333,1843
0.9361,1843
0.9389,1845
0.9417,1844
0.9444,1841
0.9472,1838
0.9500,1846
0.9528,1840
0.9556,1848
0.9583,1853
0.9611,1855
0.9639,1867
0.9667,1856
0.9694,1853
0.9722,1842
0.9750,1838
0.9778,1836
0.9806,1845
0.9833,1838
0.9861,1832
0.9889,1850
0.9917,1842
0.9944,1855
0.9972,1866
1.0000,1874
1.0028,1876
1.0056,1873
1.0083,1885
1.0111,1912
1.0139,1936
1.0167,1946
1.0194,1946
1.0222,1930
1.0250,1917
1.0278,1888
1.0306,1876
1.0333,1869
1.0361,1897
1.0389,1929
1.0417,1990
1.0444,2016
1.0472,2021
1.0500,2016
1.0528,2009
1.0556,1992
1.0583,1964
1.0611,1942
1.0639,1923
1.0667,1923
1.0694,1917
1.0722,1908
1.0750,1894
1.0778,1877
1.0806,1853
1.0833,1845
1.0861,1842
1.0889,1835
1.0917,1826
1.0944,1824
1.0972,1830
1.1000,1831
1.1028,1852
1.1056,1844
1.1083,1841
1.1111,1814
1.1139,1804
1.1167,1800
1.1194,1799
1.1222,1785
1.1250,1764
1.1278,1749
1.1306,1741
1.1333,1735
1.1361,1734
1.1389,1767
1.1417,1860
1.1444,2045
1.1472,2300
1.1500,2666
1.1528,3079
1.1556,3343
1.1583,3358
1.1611,3366
1.1639,3381
1.1667,3376
1.1694,3189
1.1722,2629
1.1750,2031
1.1778,1638
1.1806,1475
1.1833,1505
1.1861,1611
1.1889,1714
1.1917,1771
1.1944,1789
1.1972,1772
1.2000,1735
1.2028,1704
1.2056,1687
1.2083,1679
1.2111,1683
1.2139,1692
1.2167,1721
1.2194,1729
1.2222,1732
1.2250,1716
1.2278,1689
1.2306,1667
1.2333,1669
1.2361,1696
1.2389,1707
1.2417,1721
1.2444,1715
1.2472,1700
1.2500,1699
1.2528,1710
1.2556,1723
1.2583,1736
1.2611,1752
1.2639,1745
1.2667,1745
1.2694,1732
1.2722,1746
1.2750,1751
1.2778,1756
1.2806,1767
1.2833,1759
1.2861,1757
1.2889,1743
1.2917,1748
1.2944,1767
1.2972,1788
1.3000,1804
1.3028,1809
1.3056,1806
1.3083,1811
1.3111,1805
1.3139,1810
1.3167,1824
1.3194,1836
1.3222,1839
1.3250,1834
1.3278,1821
1.3306,1827
1.3333,1850
1.3361,1874
1.3389,1881
1.3417,1898
1.3444,1893
1.3472,1900
1.3500,1912
1.3528,1930
1.3556,1974
1.3583,1999
1.3611,2018
1.3639,2022
1.3667,2016
1.3694,1880
1.3722,1887
1.3750,1868
1.3778,1858
1.3806,1842
1.3833,1820
1.3861,1792
1.3889,1772
1.3917,1759
1.3944,1743
1.3972,1739
1.4000,1732
1.4028,1726
1.4056,1713
1.4083,1713
1.4111,1703
1.4139,1700
1.4167,1701
1.4194,1703
1.4222,1714
1.4250,1697
1.4278,1708
1.4306,1724
1.4333,1726
1.4361,1733
1.4389,1727
1.4417,1736
1.4444,1725
1.4472,1721
1.4500,1735
1.4528,1742
1.4556,1745
1.4583,1750
1.4611,1752
1.4639,1739
1.4667,1728
1.4694,1718
1.4722,1724
1.4750,1732
1.4778,1750
1.4806,1759
1.4833,1759
1.4861,1749
1.4889,1732
1.4917,1724
1.4944,1728
1.4972,1737
1.5000,1737
1.5028,1740
1.5056,1743
1.5083,1732
1.5111,1734
1.5139,1740
1.5167,1750
1.5194,1750
1.5222,1744
1.5250,1738
1.5278,1718
1.5306,1717
1.5333,1713
1.5361,1730
1.5389,1726
1.5417,1731
1.5444,1715
1.5472,1716
1.5500,1716
1.5528,1719
1.5556,1714
1.5583,1728
1.5611,1734
1.5639,1729
1.5667,1730
1.5694,1723
1.5722,1710
1.5750,1700
1.5778,1701
1.5806,1681
1.5833,1688
1.5861,1696
1.5889,1714
1.5917,1715
1.5944,1706
1.5972,1700
1.6000,1681
1.6028,1682
1.6056,1681
1.6083,1684
1.6111,1689
1.6139,1706
1.6167,1707
1.6194,1711
1.6222,1707
1.6250,1703
1.6278,1698
1.6306,1687
1.6333,1692
1.6361,1693
1.6389,1710
1.6417,1720
1.6444,1720
1.6472,1711
1.6500,1684
1.6528,1691
1.6556,1706
1.6583,1725
1.6611,1740
1.6639,1739
1.6667,1720
1.6694,1718
1.6722,1718
1.6750,1732
1.6778,1739
1.6806,1744
1.6833,1733
1.6861,1729
1.6889,1732
1.6917,1742
1.6944,1748
1.6972,1745
1.7000,1742
1.7028,1742
1.7056,1742
1.7083,1734
1.7111,1730
1.7139,1721
1.7167,1727
1.7194,1727
1.7222,1727
1.7250,1728
1.7278,1722
1.7306,1736
1.7333,1743
1.7361,1749
1.7389,1754
1.7417,1743
1.7444,1727
1.7472,1728
1.7500,1717
1.7528,1721
1.7556,1731
1.7583,1737
1.7611,1746
1.7639,1756
1.7667,1740
1.7694,1743
1.7722,1731
1.7750,1740
1.7778,1756
1.7806,1764
1.7833,1757
1.7861,1748
1.7889,1750
1.7917,1741
1.7944,1746
1.7972,1743
1.8000,1749
1.8028,1758
1.8056,1769
1.8083,1779
1.8111,1782
1.8139,1796
1.8167,1813
1.8194,1822
1.8222,1818
1.8250,1820
1.8278,1831
1.8306,1821
1.8333,1824
1.8361,1829
1.8389,1821
1.8417,1802
1.8444,1795
1.8472,1820
1.8500,1854
1.8528,1876
1.8556,1906
1.8583,1928
1.8611,1934
1.8639,1918
1.8667,1889
1.8694,1868
1.8722,1841
1.8750,1821
1.8778,1802
1.8806,1799
1.8833,1795
1.8861,1788
1.8889,1760
1.8917,1745
1.8944,1731
1.8972,1729
1.9000,1721
1.9028,1703
1.9056,1700
1.9083,1698
1.9111,1704
1.9139,1703
1.9167,1705
1.9194,1702
1.9222,1702
1.9250,1694
1.9278,1691
1.9306,1687
1.9333,1661
1.9361,1632
1.9389,1612
1.9417,1609
1.9444,1616
1.9472,1645
1.9500,1677
1.9528,1756
1.9556,1887
1.9583,2061
1.9611,2328
1.9639,2688
1.9667,3098
1.9694,3345
1.9722,3362
1.9750,3368
1.9778,3349
1.9806,3087
1.9833,2564
1.9861,2054
1.9889,1672
1.9917,1469
1.9944,1410
1.9972,1460
2.0000,1551
2.0028,1636
2.0056,1668
2.0083,1668
2.0111,1638
2.0139,1587
2.0167,1540
2.0194,1537
2.0222,1557
2.0250,1578
2.0278,1588
2.0306,1598
2.0333,1601
2.0361,1595
2.0389,1593
2.0417,1589
2.0444,1594
2.0472,1608
2.0500,1620
2.0528,1615
2.0556,1621
2.0583,1621
2.0611,1631
2.0639,1622
2.0667,1630
2.0694,1628
2.0722,1615
2.0750,1623
2.0778,1632
2.0806,1635
2.0833,1632
2.0861,1641
2.0889,1651
2.0917,1654
2.0944,1667
2.0972,1673
2.1000,1678
2.1028,1685
2.1056,1690
2.1083,1709
2.1111,1707
2.1139,1718
2.1167,1721
2.1194,1721
2.1222,1713
2.1250,1719
2.1278,1735
2.1306,1742
2.1333,1752
2.1361,1745
2.1389,1741
2.1417,1751
2.1444,1762
2.1472,1776
2.1500,1806
2.1528,1812
2.1556,1828
2.1583,1824
2.1611,1825
2.1639,1844
2.1667,1869
2.1694,1883
2.1722,1894
2.1750,1912
2.1778,1908
2.1806,1831
2.1833,1829
2.1861,1804
2.1889,1786
2.1917,1770
2.1944,1758
2.1972,1740
2.2000,1717
2.2028,1714
2.2056,1697
2.2083,1678
2.2111,1680
2.2139,1673
2.2167,1661
2.2194,1639
2.2222,1618
2.2250,1606
2.2278,1624
2.2306,1634
2.2333,1637
2.2361,1639
2.2389,1641
2.2417,1636
2.2444,1642
2.2472,1650
2.2500,1649
2.2528,1647
2.2556,1653
2.2583,1654
2.2611,1650
2.2639,1638
2.2667,1640
2.2694,1644
2.2722,1642
2.2750,1642
2.2778,1636
2.2806,1648
2.2833,1660
2.2861,1670
2.2889,1656
2.2917,1660
2.2944,1659
2.2972,1648
2.3000,1649
2.3028,1643
2.3056,1654
2.3083,1658
2.3111,1665
2.3139,1670
2.3167,1673
2.3194,1655
2.3222,1643
2.3250,1646
2.3278,1647
2.3306,1655
2.3333,1653
2.3361,1651
2.3389,1647
2.3417,1652
2.3444,1653
2.3472,1651
2.3500,1655
2.3528,1643
2.3556,1641
2.3583,1625
2.3611,1604
2.3639,1602
2.3667,1608
2.3694,1618
2.3722,1621
2.3750,1626
2.3778,1646
2.3806,1637
2.3833,1637
2.3861,1635
2.3889,1633
2.3917,1622
2.3944,1617
2.3972,1604
2.4000,1603
2.4028,1621
2.4056,1622
2.4083,1627
2.4111,1621
2.4139,1618
2.4167,1607
2.4194,1605
2.4222,1603
2.4250,1595
2.4278,1609
2.4306,1613
2.4333,1624
2.4361,1629
2.4389,1625
2.4417,1635
2.4444,1634
2.4472,1636
2.4500,1641
2.4528,1643
2.4556,1638
2.4583,1631
2.4611,1621
2.4639,1613
2.4667,1620
2.4694,1630
2.4722,1639
2.4750,1637
2.4778,1647
2.4806,1650
2.4833,1645
2.4861,1646
2.4889,1645
2.4917,1644
2.4944,1639
2.4972,1627
2.5000,1626
2.5028,1627
2.5056,1629
2.5083,1636
2.5111,1645
2.5139,1646
2.5167,1646
2.5194,1633
2.5222,1634
2.5250,1640
2.5278,1650
2.5306,1646
2.5333,1654
2.5361,1644
2.5389,1656
2.5417,1665
2.5444,1666
2.5472,1670
2.5500,1669
2.5528,1659
2.5556,1659
2.5583,1661
2.5611,1657
2.5639,1645
2.5667,1656
2.5694,1662
2.5722,1688
2.5750,1694
2.5778,1708
2.5806,1732
2.5833,1748
2.5861,1756
2.5889,1744
2.5917,1747
2.5944,1740
2.5972,1722
2.6000,1703
2.6028,1706
2.6056,1720
2.6083,1748
2.6111,1783
2.6139,1812
2.6167,1835
2.6194,1847
2.6222,1858
2.6250,1840
2.6278,1825
2.6306,1788
2.6333,1756
2.6361,1735
2.6389,1711
2.6417,1712
2.6444,1724
2.6472,1712
2.6500,1705
2.6528,1686
2.6556,1657
2.6583,1644
2.6611,1628
2.6639,1618
2.6667,1615
2.6694,1618
2.6722,1622
2.6750,1631
2.6778,1631
2.6806,1641
2.6833,1655
2.6861,1649
2.6889,1644
2.6917,1635
2.6944,1600
2.6972,1570
2.7000,1553
2.7028,1552
2.7056,1571
2.7083,1586
2.7111,1640
2.7139,1740
2.7167,1904
2.7194,2145
2.7222,2494
2.7250,2904
2.7278,3310
2.7306,3362
2.7333,3372
2.7361,3376
2.7389,3273
2.7417,2785
2.7444,2197
2.7472,1705
2.7500,1409
2.7528,1330
2.7556,1360
2.7583,1474
2.7611,1566
2.7639,1622
2.7667,1615
2.7694,1571
2.7722,1522
2.7750,1486
2.7778,1487
2.7806,1502
2.7833,1519
2.7861,1541
2.7889,1551
2.7917,1558
2.7944,1539
2.7972,1515
2.8000,1504
2.8028,1499
2.8056,1506
2.8083,1529
2.8111,1543
2.8139,1545
2.8167,1559
2.8194,1573
2.8222,1575
2.8250,1571
2.8278,1568
2.8306,1581
2.8333,1586
2.8361,1577
2.8389,1576
2.8417,1572
2.8444,1584
2.8472,1595
2.8500,1612
2.8528,1617
2.8556,1620
2.8583,1606
2.8611,1605
2.8639,1608
2.8667,1607
2.8694,1627
2.8722,1653
2.8750,1658
2.8778,1659
2.8806,1655
2.8833,1659
2.8861,1681
2.8889,1694
2.8917,1704
2.8944,1696
2.8972,1694
2.9000,1693
2.9028,1703
2.9056,1733
2.9083,1750
2.9111,1760
2.9139,1767
2.9167,1766
2.9194,1753
2.9222,1760
2.9250,1782
2.9278,1811
2.9306,1837
2.9333,1860
2.9361,1872
2.9389,1902
2.9417,1773
2.9444,1783
2.9472,1764
2.9500,1744
2.9528,1733
2.9556,1704
2.9583,1686
2.9611,1666
2.9639,1662
2.9667,1667
2.9694,1648
2.9722,1635
2.9750,1624
2.9778,1616
2.9806,1609
2.9833,1611
2.9861,1626
2.9889,1620
2.9917,1615
2.9944,1613
2.9972,1602
3.0000,1597
3.0028,1602
3.0056,1603
3.0083,1601
3.0111,1609
3.0139,1602
3.0167,1604
3.0194,1610
3.0222,1615
3.0250,1609
3.0278,1603
3.0306,1614
3.0333,1626
3.0361,1638
3.0389,1626
3.0417,1625
3.0444,1631
3.0472,1643
3.0500,1657
3.0528,1654
3.0556,1650
3.0583,1639
3.0611,1626
3.0639,1623
3.0667,1634
3.0694,1643
3.0722,1635
3.0750,1634
3.0778,1622
3.0806,1616
3.0833,1624
3.0861,1638
3.0889,1640
3.0917,1649
3.0944,1648
3.0972,1637
3.1000,1634
3.1028,1638
3.1056,1634
3.1083,1630
3.1111,1633
3.1139,1636
3.1167,1633
3.1194,1644
3.1222,1641
3.1250,1651
3.1278,1660
3.1306,1652
3.1333,1648
3.1361,1637
3.1389,1647
3.1417,1653
3.1444,1659
3.1472,1649
3.1500,1650
3.1528,1649
3.1556,1635
3.1583,1625
3.1611,1616
3.1639,1616
3.1667,1619
3.1694,1626
3.1722,1630
3.1750,1638
3.1778,1639
3.1806,1638
3.1833,1651
3.1861,1664
3.1889,1660
3.1917,1658
3.1944,1657
3.1972,1654
3.2000,1652
3.2028,1651
3.2056,1650
3.2083,1649
3.2111,1649
3.2139,1649
3.2167,1654
3.2194,1658
3.2222,1654
3.2250,1640
3.2278,1645
3.2306,1654
3.2333,1639
3.2361,1646
3.2389,1660
3.2417,1677
3.2444,1670
3.2472,1676
3.2500,1662
3.2528,1657
3.2556,1659
3.2583,1660
3.2611,1655
3.2639,1666
3.2667,1680
3.2694,1689
3.2722,1685
3.2750,1675
3.2778,1660
3.2806,1648
3.2833,1651
3.2861,1654
3.2889,1646
3.2917,1642
3.2944,1638
3.2972,1645
3.3000,1663
3.3028,1671
3.3056,1682
3.3083,1685
3.3111,1684
3.3139,1689
3.3167,1697
3.3194,1694
3.3222,1693
3.3250,1687
3.3278,1672
3.3306,1677
3.3333,1686
3.3361,1696
3.3389,1700
3.3417,1697
3.3444,1710
3.3472,1725
3.3500,1742
3.3528,1756
3.3556,1761
3.3583,1768
3.3611,1764
3.3639,1746
3.3667,1731
3.3694,1721
3.3722,1721
3.3750,1716
3.3778,1739
3.3806,1762
3.3833,1797
3.3861,1837
3.3889,1845
3.3917,1863
3.3944,1862
3.3972,1849
3.4000,1808
3.4028,1783
3.4056,1763
3.4083,1741
3.4111,1733
3.4139,1746
3.4167,1729
3.4194,1706
3.4222,1685
3.4250,1674
3.4278,1677
3.4306,1662
3.4333,1656
3.4361,1645
3.4389,1646
3.4417,1656
3.4444,1660
3.4472,1658
3.4500,1659
3.4528,1655
3.4556,1640
3.4583,1642
3.4611,1617
3.4639,1587
3.4667,1565
3.4694,1565
3.4722,1567
3.4750,1580
3.4778,1591
3.4806,1649
3.4833,1763
3.4861,1945
3.4889,2201
3.4917,2564
3.4944,3000
3.4972,3339
3.5000,3363
3.5028,3375
3.5056,3387
3.5083,3341
3.5111,2888
3.5139,2240
3.5167,1692
3.5194,1387
3.5222,1302
3.5250,1362
3.5278,1486
3.5306,1583
3.5333,1638
3.5361,1649
3.5389,1603
3.5417,1554
3.5444,1524
3.5472,1509
3.5500,1514
3.5528,1531
3.5556,1539
3.5583,1564
3.5611,1586
3.5639,1579
3.5667,1555
3.5694,1533
3.5722,1520
3.5750,1538
3.5778,1557
3.5806,1559
3.5833,1560
3.5861,1543
3.5889,1534
3.5917,1539
3.5944,1557
3.5972,1579
3.6000,1600
3.6028,1609
3.6056,1602
3.6083,1594
3.6111,1584
3.6139,1589
3.6167,1606
3.6194,1621
3.6222,1627
3.6250,1613
3.6278,1592
3.6306,1592
3.6333,1607
3.6361,1643
3.6389,1670
3.6417,1679
3.6444,1677
3.6472,1651
3.6500,1638
3.6528,1641
3.6556,1645
3.6583,1651
3.6611,1676
3.6639,1694
3.6667,1701
3.6694,1717
3.6722,1734
3.6750,1742
3.6778,1753
3.6806,1764
3.6833,1778
3.6861,1782
3.6889,1787
3.6917,1809
3.6944,1825
3.6972,1843
3.7000,1855
3.7028,1869
3.7056,1879
3.7083,1872
3.7111,1754
3.7139,1748
3.7167,1742
3.7194,1727
3.7222,1710
3.7250,1688
3.7278,1665
3.7306,1637
3.7333,1634
3.7361,1630
3.7389,1635
3.7417,1627
3.7444,1613
3.7472,1604
3.7500,1602
3.7528,1603
3.7556,1594
3.7583,1598
3.7611,1595
3.7639,1586
3.7667,1572
3.7694,1562
3.7722,1574
3.7750,1590
3.7778,1607
3.7806,1605
3.7833,1592
3.7861,1591
3.7889,1566
3.7917,1573
3.7944,1573
3.7972,1585
3.8000,1607
3.8028,1613
3.8056,1610
3.8083,1609
3.8111,1612
3.8139,1613
3.8167,1615
3.8194,1608
3.8222,1601
3.8250,1594
3.8278,1597
3.8306,1593
3.8333,1608
3.8361,1615
3.8389,1618
3.8417,1628
3.8444,1614
3.8472,1609
3.8500,1601
3.8528,1604
3.8556,1615
3.8583,1631
3.8611,1617
3.8639,1606
3.8667,1606
3.8694,1597
3.8722,1612
3.8750,1623
3.8778,1619
3.8806,1616
3.8833,1605
3.8861,1598
3.8889,1601
3.8917,1605
3.8944,1612
3.8972,1618
3.9000,1617
3.9028,1606
3.9056,1611
3.9083,1611
3.9111,1597
3.9139,1613
3.9167,1603
3.9194,1598
3.9222,1594
3.9250,1598
3.9278,1609
3.9306,1614
3.9333,1620
3.9361,1620
3.9389,1616
3.9417,1612
3.9444,1609
3.9472,1605
3.9500,1600
3.9528,1596
3.9556,1609
3.9583,1620
3.9611,1623
3.9639,1613
3.9667,1605
3.9694,1598
3.9722,1590
3.9750,1593
3.9778,1588
3.9806,1592
3.9833,1605
3.9861,1620
3.9889,1612
3.9917,1612
3.9944,1606
3.9972,1607
4.0000,1602
4.0028,1606
4.0056,1603
4.0083,1617
4.0111,1616
4.0139,1618
4.0167,1627
4.0194,1637
4.0222,1643
4.0250,1636
4.0278,1630
4.0306,1633
4.0333,1627
4.0361,1636
4.0389,1640
4.0417,1635
4.0444,1632
4.0472,1623
4.0500,1636
4.0528,1641
4.0556,1653
4.0583,1644
4.0611,1638
4.0639,1628
4.0667,1617
4.0694,1615
4.0722,1630
4.0750,1639
4.0778,1654
4.0806,1657
4.0833,1649
4.0861,1644
4.0889,1642
4.0917,1636
4.0944,1643
4.0972,1660
4.1000,1661
4.1028,1661
4.1056,1657
4.1083,1660
4.1111,1662
4.1139,1678
4.1167,1692
4.1194,1697
4.1222,1707
4.1250,1729
4.1278,1736
4.1306,1742
4.1333,1742
4.1361,1736
4.1389,1709
4.1417,1708
4.1444,1693
4.1472,1700
4.1500,1726
4.1528,1763
4.1556,1795
4.1583,1814
4.1611,1823
4.1639,1828
4.1667,1814
4.1694,1787
4.1722,1750
4.1750,1733
4.1778,1721
4.1806,1724
4.1833,1725
4.1861,1729
4.1889,1714
4.1917,1695
4.1944,1672
4.1972,1665
4.2000,1665
4.2028,1652
4.2056,1643
4.2083,1637
4.2111,1640
4.2139,1652
4.2167,1636
4.2194,1635
4.2222,1634
4.2250,1642
4.2278,1649
4.2306,1647
4.2333,1636
4.2361,1615
4.2389,1578
4.2417,1549
4.2444,1534
4.2472,1526
4.2500,1557
4.2528,1620
4.2556,1735
4.2583,1939
4.2611,2207
4.2639,2600
4.2667,3035
4.2694,3343
4.2722,3350
4.2750,3365
4.2778,3378
4.2806,3341
4.2833,2876
4.2861,2230
4.2889,1698
4.2917,1392
4.2944,1323
4.2972,1397
4.3000,1512
4.3028,1614
4.3056,1656
4.3083,1670
4.3111,1629
4.3139,1582
4.3167,1551
4.3194,1531
4.3222,1522
4.3250,1527
4.3278,1535
4.3306,1555
4.3333,1560
4.3361,1538
4.3389,1529
4.3417,1526
4.3444,1535
4.3472,1560
4.3500,1573
4.3528,1594
4.3556,1594
4.3583,1582
4.3611,1571
4.3639,1559
4.3667,1570
4.3694,1575
4.3722,1602
4.3750,1612
4.3778,1597
4.3806,1584
4.3833,1586
4.3861,1588
4.3889,1606
4.3917,1631
4.3944,1630
4.3972,1623
4.4000,1612
4.4028,1617
4.4056,1611
4.4083,1641
4.4111,1668
4.4139,1679
4.4167,1684
4.4194,1681
4.4222,1664
4.4250,1658
4.4278,1678
4.4306,1703
4.4333,1706
4.4361,1708
4.4389,1692
4.4417,1698
4.4444,1719
4.4472,1747
4.4500,1777
4.4528,1766
4.4556,1761
4.4583,1762
4.4611,1774
4.4639,1788
4.4667,1826
4.4694,1844
4.4722,1872
4.4750,1884
4.4778,1886
4.4806,1896
4.4833,1799
4.4861,1798
4.4889,1798
4.4917,1772
4.4944,1755
4.4972,1730
4.5000,1705
4.5028,1698
4.5056,1689
4.5083,1678
4.5111,1657
4.5139,1639
4.5167,1624
4.5194,1625
4.5222,1613
4.5250,1616
4.5278,1638
4.5306,1639
4.5333,1635
4.5361,1617
4.5389,1617
4.5417,1610
4.5444,1617
4.5472,1611
4.5500,1616
4.5528,1615
4.5556,1622
4.5583,1620
4.5611,1619
4.5639,1605
4.5667,1609
4.5694,1611
4.5722,1624
4.5750,1633
4.5778,1638
4.5806,1631
4.5833,1637
4.5861,1640
4.5889,1646
4.5917,1639
4.5944,1649
4.5972,1648
4.6000,1632
4.6028,1632
4.6056,1639
4.6083,1656
4.6111,1661
4.6139,1668
4.6167,1663
4.6194,1653
4.6222,1655
4.6250,1655
4.6278,1658
4.6306,1657
4.6333,1654
4.6361,1648
4.6389,1647
4.6417,1641
4.6444,1638
4.6472,1637
4.6500,1641
4.6528,1652
4.6556,1649
4.6583,1634
4.6611,1624
4.6639,1635
4.6667,1643
4.6694,1654
4.6722,1657
4.6750,1659
4.6778,1650
4.6806,1642
4.6833,1644
4.6861,1651
4.6889,1651
4.6917,1651
4.6944,1637
4.6972,1639
4.7000,1627
4.7028,1616
4.7056,1611
4.7083,1618
4.7111,1636
4.7139,1639
4.7167,1643
4.7194,1647
4.7222,1649
4.7250,1646
4.7278,1636
4.7306,1649
4.7333,1642
4.7361,1634
4.7389,1628
4.7417,1634
4.7444,1628
4.7472,1639
4.7500,1646
4.7528,1638
4.7556,1648
4.7583,1643
4.7611,1643
4.7639,1641
4.7667,1647
4.7694,1661
4.7722,1661
4.7750,1673
4.7778,1657
4.7806,1643
4.7833,1636
4.7861,1635
4.7889,1643
4.7917,1645
4.7944,1656
4.7972,1656
4.8000,1658
4.8028,1657
4.8056,1659
4.8083,1657
4.8111,1655
4.8139,1657
4.8167,1652
4.8194,1654
4.8222,1650
4.8250,1664
4.8278,1666
4.8306,1678
4.8333,1682
4.8361,1682
4.8389,1684
4.8417,1679
4.8444,1674
4.8472,1673
4.8500,1675
4.8528,1678
4.8556,1676
4.8583,1677
4.8611,1686
4.8639,1680
4.8667,1675
4.8694,1685
4.8722,1677
4.8750,1673
4.8778,1683
4.8806,1673
4.8833,1680
4.8861,1673
4.8889,1680
4.8917,1690
4.8944,1679
4.8972,1683
4.9000,1693
4.9028,1705
4.9056,1707
4.9083,1713
4.9111,1722
4.9139,1740
4.9167,1744
4.9194,1757
4.9222,1772
4.9250,1764
4.9278,1767
4.9306,1751
4.9333,1734
4.9361,1712
4.9389,1707
4.9417,1725
4.9444,1772
4.9472,1807
4.9500,1835
4.9528,1850
4.9556,1853
4.9583,1852
4.9611,1833
4.9639,1809
4.9667,1787
4.9694,1764
4.9722,1737
4.9750,1750
4.9778,1742
4.9806,1741
4.9833,1711
4.9861,1693
4.9889,1680
4.9917,1674
4.9944,1658
4.9972,1658
5.0000,1663
5.0028,1665
5.0056,1667
5.0083,1672
5.0111,1662
5.0139,1658
5.0167,1658
5.0194,1652
5.0222,1652
5.0250,1634
5.0278,1620
5.0306,1602
5.0333,1595
5.0361,1603
5.0389,1615
5.0417,1653
5.0444,1743
5.0472,1875
5.0500,2081
5.0528,2384
5.0556,2773
5.0583,3185
5.0611,3351
5.0639,3353
5.0667,3383
5.0694,3355
5.0722,3015
5.0750,2457
5.0778,1943
5.0806,1584
5.0833,1399
5.0861,1379
5.0889,1447
5.0917,1536
5.0944,1597
5.0972,1630
5.1000,1629
5.1028,1593
5.1056,1555
5.1083,1520
5.1111,1516
5.1139,1522
5.1167,1548
5.1194,1546
5.1222,1550
5.1250,1543
5.1278,1541
5.1306,1539
5.1333,1536
5.1361,1548
5.1389,1558
5.1417,1566
5.1444,1570
5.1472,1563
5.1500,1564
5.1528,1562
5.1556,1565
5.1583,1581
5.1611,1581
5.1639,1602
5.1667,1604
5.1694,1597
5.1722,1601
5.1750,1601
5.1778,1600
5.1806,1608
5.1833,1620
5.1861,1621
5.1889,1616
5.1917,1614
5.1944,1623
5.1972,1636
5.2000,1654
5.2028,1663
5.2056,1673
5.2083,1675
5.2111,1666
5.2139,1671
5.2167,1676
5.2194,1685
5.2222,1692
5.2250,1711
5.2278,1709
5.2306,1708
5.2333,1713
5.2361,1727
5.2389,1739
5.2417,1758
5.2444,1772
5.2472,1787
5.2500,1798
5.2528,1824
5.2556,1834
5.2583,1851
5.2611,1866
5.2639,1868
5.2667,1879
5.2694,1886
5.2722,1803
5.2750,1808
5.2778,1788
5.2806,1782
5.2833,1766
5.2861,1745
5.2889,1733
5.2917,1703
5.2944,1689
5.2972,1671
5.3000,1656
5.3028,1636
5.3056,1618
5.3083,1625
5.3111,1615
5.3139,1610
5.3167,1605
5.3194,1609
5.3222,1613
5.3250,1604
5.3278,1601
5.3306,1596
5.3333,1592
5.3361,1605
5.3389,1601
5.3417,1611
5.3444,1604
5.3472,1602
5.3500,1606
5.3528,1605
5.3556,1613
5.3583,1623
5.3611,1616
5.3639,1611
5.3667,1618
5.3694,1613
5.3722,1620
5.3750,1619
5.3778,1614
5.3806,1634
5.3833,1633
5.3861,1624
5.3889,1629
5.3917,1629
5.3944,1631
5.3972,1624
5.4000,1635
5.4028,1630
5.4056,1650
5.4083,1638
5.4111,1636
5.4139,1644
5.4167,1634
5.4194,1626
5.4222,1627
5.4250,1643
5.4278,1647
5.4306,1650
5.4333,1645
5.4361,1644
5.4389,1624
5.4417,1644
5.4444,1630
5.4472,1623
5.4500,1614
5.4528,1618
5.4556,1627
5.4583,1635
5.4611,1634
5.4639,1652
5.4667,1644
5.4694,1633
5.4722,1610
5.4750,1608
5.4778,1608
5.4806,1610
5.4833,1609
5.4861,1612
5.4889,1612
5.4917,1616
5.4944,1618
5.4972,1624
5.5000,1628
5.5028,1623
5.5056,1617
5.5083,1614
5.5111,1613
5.5139,1614
5.5167,1619
5.5194,1616
5.5222,1614
5.5250,1622
5.5278,1629
5.5306,1625
5.5333,1614
5.5361,1615
5.5389,1601
5.5417,1600
5.5444,1604
5.5472,1602
5.5500,1609
5.5528,1610
5.5556,1624
5.5583,1619
5.5611,1621
5.5639,1621
5.5667,1617
5.5694,1615
5.5722,1622
5.5750,1624
5.5778,1637
5.5806,1642
5.5833,1639
5.5861,1640
5.5889,1644
5.5917,1624
5.5944,1627
5.5972,1626
5.6000,1633
5.6028,1634
5.6056,1630
5.6083,1624
5.6111,1632
5.6139,1637
5.6167,1627
5.6194,1621
5.6222,1637
5.6250,1638
5.6278,1638
5.6306,1648
5.6333,1653
5.6361,1658
5.6389,1652
5.6417,1659
5.6444,1668
5.6472,1675
5.6500,1691
5.6528,1705
5.6556,1723
5.6583,1723
5.6611,1712
5.6639,1694
5.6667,1669
5.6694,1654
5.6722,1654
5.6750,1687
5.6778,1725
5.6806,1769
5.6833,1794
5.6861,1819
5.6889,1811
5.6917,1807
5.6944,1794
5.6972,1779
5.7000,1752
5.7028,1716
5.7056,1711
5.7083,1693
5.7111,1685
5.7139,1671
5.7167,1652
5.7194,1629
5.7222,1614
5.7250,1610
5.7278,1597
5.7306,1594
5.7333,1605
5.7361,1605
5.7389,1611
5.7417,1605
5.7444,1609
5.7472,1602
5.7500,1593
5.7528,1600
5.7556,1610
5.7583,1593
5.7611,1576
5.7639,1546
5.7667,1526
5.7694,1532
5.7722,1565
5.7750,1606
5.7778,1679
5.7806,1806
5.7833,1985
5.7861,2251
5.7889,2592
5.7917,3015
5.7944,3337
5.7972,3354
5.8000,3366
5.8028,3371
5.8056,3104
5.8083,2551
5.8111,1991
5.8139,1562
5.8167,1360
5.8194,1305
5.8222,1368
5.8250,1469
5.8278,1545
5.8306,1589
5.8333,1589
5.8361,1556
5.8389,1515
5.8417,1485
5.8444,1478
5.8472,1469
5.8500,1494
5.8528,1502
5.8556,1511
5.8583,1500
5.8611,1492
5.8639,1482
5.8667,1485
5.8694,1493
5.8722,1522
5.8750,1539
5.8778,1543
5.8806,1538
5.8833,1526
5.8861,1530
5.8889,1531
5.8917,1544
5.8944,1553
5.8972,1547
5.9000,1551
5.9028,1547
5.9056,1547
5.9083,1545
5.9111,1556
5.9139,1567
5.9167,1573
5.9194,1576
5.9222,1586
5.9250,1582
5.9278,1579
5.9306,1598
5.9333,1605
5.9361,1609
5.9389,1607
5.9417,1599
5.9444,1595
5.9472,1623
5.9500,1641
5.9528,1658
5.9556,1671
5.9583,1653
5.9611,1649
5.9639,1646
5.9667,1662
5.9694,1669
5.9722,1685
5.9750,1705
5.9778,1715
5.9806,1732
5.9833,1734
5.9861,1751
5.9889,1760
5.9917,1774
5.9944,1792
5.9972,1811
6.0000,1819
6.0028,1837
6.0056,1761
6.0083,1761
6.0111,1731
6.0139,1709
6.0167,1697
6.0194,1681
6.0222,1669
6.0250,1655
6.0278,1631
6.0306,1621
6.0333,1617
6.0361,1597
6.0389,1595
6.0417,1587
6.0444,1577
6.0472,1579
6.0500,1573
6.0528,1573
6.0556,1570
6.0583,1544
6.0611,1548
6.0639,1552
6.0667,1557
6.0694,1559
6.0722,1568
6.0750,1568
6.0778,1557
6.0806,1562
6.0833,1560
6.0861,1563
6.0889,1567
6.0917,1575
6.0944,1577
6.0972,1568
6.1000,1587
6.1028,1572
6.1056,1569
6.1083,1572
6.1111,1575
6.1139,1576
6.1167,1579
6.1194,1578
6.1222,1579
6.1250,1585
6.1278,1581
6.1306,1575
6.1333,1584
6.1361,1588
6.1389,1588
6.1417,1583
6.1444,1589
6.1472,1596
6.1500,1592
6.1528,1599
6.1556,1601
6.1583,1597
6.1611,1576
6.1639,1574
6.1667,1581
6.1694,1577
6.1722,1575
6.1750,1581
6.1778,1593
6.1806,1585
6.1833,1580
6.1861,1575
6.1889,1574
6.1917,1572
6.1944,1570
6.1972,1578
6.2000,1583
6.2028,1582
6.2056,1586
6.2083,1575
6.2111,1576
6.2139,1565
6.2167,1568
6.2194,1557
6.2222,1547
6.2250,1542
6.2278,1543
6.2306,1534
6.2333,1554
6.2361,1553
6.2389,1551
6.2417,1559
6.2444,1559
6.2472,1562
6.2500,1553
6.2528,1550
6.2556,1552
6.2583,1557
6.2611,1559
6.2639,1559
6.2667,1551
6.2694,1545
6.2722,1552
6.2750,1549
6.2778,1562
6.2806,1565
6.2833,1556
6.2861,1555
6.2889,1546
6.2917,1544
6.2944,1548
6.2972,1551
6.3000,1542
6.3028,1547
6.3056,1545
6.3083,1555
6.3111,1565
6.3139,1560
6.3167,1568
6.3194,1557
6.3222,1559
6.3250,1555
6.3278,1550
6.3306,1556
6.3333,1559
6.3361,1555
6.3389,1567
6.3417,1557
6.3444,1575
6.3472,1559
6.3500,1556
6.3528,1545
6.3556,1547
6.3583,1554
6.3611,1549
6.3639,1546
6.3667,1543
6.3694,1544
6.3722,1545
6.3750,1545
6.3778,1545
6.3806,1554
6.3833,1558
6.3861,1561
6.3889,1560
6.3917,1573
6.3944,1565
6.3972,1559
6.4000,1569
6.4028,1585
6.4056,1589
6.4083,1594
6.4111,1607
6.4139,1637
6.4167,1655
6.4194,1659
6.4222,1658
6.4250,1621
6.4278,1605
6.4306,1594
6.4333,1591
6.4361,1602
6.4389,1607
6.4417,1633
6.4444,1659
6.4472,1675
6.4500,1692
6.4528,1698
6.4556,1705
6.4583,1685
6.4611,1648
6.4639,1623
6.4667,1603
6.4694,1600
6.4722,1590
6.4750,1585
6.4778,1564
6.4806,1541
6.4833,1522
6.4861,1522
6.4889,1524
6.4917,1524
6.4944,1521
6.4972,1503
6.5000,1495
6.5028,1486
6.5056,1489
6.5083,1492
6.5111,1504
6.5139,1501
6.5167,1502
6.5194,1484
6.5222,1468
6.5250,1445
6.5278,1420
6.5306,1406
6.5333,1400
6.5361,1413
6.5389,1435
6.5417,1549
6.5444,1711
6.5472,1933
6.5500,2267
6.5528,2684
6.5556,3106
6.5583,3343
6.5611,3359
6.5639,3372
6.5667,3328
6.5694,2881
6.5722,2212
6.5750,1629
6.5778,1264
6.5806,1126
6.5833,1175
6.5861,1288
6.5889,1408
6.5917,1479
6.5944,1500
6.5972,1463
6.6000,1423
6.6028,1384
6.6056,1380
6.6083,1360
6.6111,1360
6.6139,1377
6.6167,1376
6.6194,1372
6.6222,1367
6.6250,1367
6.6278,1373
6.6306,1386
6.6333,1392
6.6361,1404
6.6389,1395
6.6417,1386
6.6444,1376
6.6472,1366
6.6500,1378
6.6528,1377
6.6556,1390
6.6583,1404
6.6611,1405
6.6639,1399
6.6667,1402
6.6694,1406
6.6722,1419
6.6750,1431
6.6778,1449
6.6806,1457
6.6833,1432
6.6861,1429
6.6889,1422
6.6917,1437
6.6944,1455
6.6972,1487
6.7000,1497
6.7028,1496
6.7056,1487
6.7083,1474
6.7111,1483
6.7139,1499
6.7167,1514
6.7194,1529
6.7222,1534
6.7250,1534
6.7278,1536
6.7306,1543
6.7333,1560
6.7361,1568
6.7389,1591
6.7417,1608
6.7444,1607
6.7472,1616
6.7500,1635
6.7528,1656
6.7556,1663
6.7583,1675
6.7611,1703
6.7639,1715
6.7667,1735
6.7694,1629
6.7722,1636
6.7750,1609
6.7778,1580
6.7806,1558
6.7833,1530
6.7861,1504
6.7889,1511
6.7917,1514
6.7944,1518
6.7972,1508
6.8000,1493
6.8028,1481
6.8056,1468
6.8083,1454
6.8111,1449
6.8139,1448
6.8167,1443
6.8194,1442
6.8222,1437
6.8250,1440
6.8278,1440
6.8306,1452
6.8333,1457
6.8361,1452
6.8389,1458
6.8417,1449
6.8444,1440
6.8472,1443
6.8500,1446
6.8528,1447
6.8556,1457
6.8583,1470
6.8611,1476
6.8639,1471
6.8667,1469
6.8694,1468
6.8722,1458
6.8750,1471
6.8778,1478
6.8806,1472
6.8833,1487
6.8861,1471
6.8889,1461
6.8917,1470
6.8944,1484
6.8972,1489
6.9000,1488
6.9028,1488
6.9056,1495
6.9083,1501
6.9111,1503
6.9139,1519
6.9167,1522
6.9194,1519
6.9222,1513
6.9250,1510
6.9278,1497
6.9306,1493
6.9333,1498
6.9361,1512
6.9389,1510
6.9417,1511
6.9444,1511
6.9472,1512
6.9500,1506
6.9528,1496
6.9556,1500
6.9583,1494
6.9611,1498
6.9639,1506
6.9667,1508
6.9694,1508
6.9722,1508
6.9750,1510
6.9778,1507
6.9806,1501
6.9833,1504
6.9861,1507
6.9889,1509
6.9917,1516
6.9944,1521
6.9972,1517
7.0000,1525
7.0028,1523
7.0056,1515
7.0083,1520
7.0111,1523
7.0139,1541
7.0167,1552
7.0194,1544
7.0222,1526
7.0250,1517
7.0278,1515
7.0306,1523
7.0333,1535
7.0361,1552
7.0389,1544
7.0417,1544
7.0444,1538
7.0472,1536
7.0500,1527
7.0528,1521
7.0556,1531
7.0583,1541
7.0611,1539
7.0639,1539
7.0667,1548
7.0694,1558
7.0722,1548
7.0750,1553
7.0778,1547
7.0806,1551
7.0833,1554
7.0861,1571
7.0889,1584
7.0917,1579
7.0944,1588
7.0972,1578
7.1000,1570
7.1028,1576
7.1056,1574
7.1083,1587
7.1111,1592
7.1139,1602
7.1167,1616
7.1194,1617
7.1222,1622
7.1250,1613
7.1278,1609
7.1306,1612
7.1333,1613
7.1361,1610
7.1389,1618
7.1417,1617
7.1444,1615
7.1472,1610
7.1500,1605
7.1528,1594
7.1556,1598
7.1583,1609
7.1611,1622
7.1639,1635
7.1667,1633
7.1694,1629
7.1722,1629
7.1750,1634
7.1778,1644
7.1806,1657
7.1833,1651
7.1861,1634
7.1889,1630
7.1917,1638
7.1944,1648
7.1972,1658
7.2000,1665
7.2028,1676
7.2056,1694
7.2083,1707
7.2111,1726
7.2139,1752
7.2167,1759
7.2194,1771
7.2222,1775
7.2250,1760
7.2278,1748
7.2306,1729
7.2333,1708
7.2361,1715
7.2389,1736
7.2417,1771
7.2444,1802
7.2472,1831
7.2500,1845
7.2528,1863
7.2556,1854
7.2583,1840
7.2611,1814
7.2639,1784
7.2667,1756
7.2694,1751
7.2722,1761
7.2750,1753
7.2778,1750
7.2806,1744
7.2833,1730
7.2861,1710
7.2889,1692
7.2917,1673
7.2944,1664
7.2972,1664
7.3000,1684
7.3028,1710
7.3056,1723
7.3083,1718
7.3111,1705
7.3139,1709
7.3167,1712
7.3194,1714
7.3222,1681
7.3250,1646
7.3278,1631
7.3306,1600
7.3333,1605
7.3361,1632
7.3389,1641
7.3417,1696
7.3444,1826
7.3472,2006
7.3500,2263
7.3528,2636
7.3556,3074
7.3583,3355
7.3611,3357
7.3639,3371
7.3667,3378
7.3694,3335
7.3722,2919
7.3750,2296
7.3778,1781
7.3806,1474
7.3833,1388
7.3861,1442
7.3889,1552
7.3917,1656
7.3944,1702
7.3972,1717
7.4000,1694
7.4028,1640
7.4056,1612
7.4083,1596
7.4111,1604
7.4139,1607
7.4167,1611
7.4194,1632
7.4222,1641
7.4250,1635
7.4278,1624
7.4306,1616
7.4333,1626
7.4361,1635
7.4389,1661
7.4417,1666
7.4444,1666
7.4472,1644
7.4500,1634
7.4528,1622
7.4556,1632
7.4583,1658
7.4611,1670
7.4639,1684
7.4667,1669
7.4694,1647
7.4722,1656
7.4750,1667
7.4778,1694
7.4806,1696
7.4833,1707
7.4861,1709
7.4889,1709
7.4917,1708
7.4944,1714
7.4972,1722
7.5000,1724
7.5028,1731
7.5056,1737
7.5083,1745
7.5111,1753
7.5139,1763
7.5167,1765
7.5194,1788
7.5222,1795
7.5250,1801
7.5278,1785
7.5306,1790
7.5333,1799
7.5361,1827
7.5389,1848
7.5417,1861
7.5444,1862
7.5472,1868
7.5500,1872
7.5528,1891
7.5556,1917
7.5583,1948
7.5611,1967
7.5639,1975
7.5667,1979
7.5694,1987
7.5722,1888
7.5750,1882
7.5778,1875
7.5806,1872
7.5833,1855
7.5861,1828
7.5889,1794
7.5917,1781
7.5944,1778
7.5972,1768
7.6000,1763
7.6028,1755
7.6056,1738
7.6083,1713
7.6111,1701
7.6139,1698
7.6167,1711
7.6194,1728
7.6222,1715
7.6250,1705
7.6278,1699
7.6306,1689
7.6333,1697
7.6361,1692
7.6389,1704
7.6417,1703
7.6444,1706
7.6472,1702
7.6500,1702
7.6528,1703
7.6556,1702
7.6583,1714
7.6611,1711
7.6639,1716
7.6667,1699
7.6694,1687
7.6722,1693
7.6750,1700
7.6778,1725
7.6806,1739
7.6833,1743
7.6861,1741
7.6889,1722
7.6917,1713
7.6944,1716
7.6972,1726
7.7000,1729
7.7028,1724
7.7056,1730
7.7083,1728
7.7111,1731
7.7139,1733
7.7167,1723
7.7194,1734
7.7222,1745
7.7250,1742
7.7278,1747
7.7306,1747
7.7333,1746
7.7361,1736
7.7389,1733
7.7417,1737
7.7444,1750
7.7472,1731
7.7500,1738
7.7528,1743
7.7556,1741
7.7583,1735
7.7611,1727
7.7639,1707
7.7667,1703
7.7694,1707
7.7722,1710
7.7750,1710
7.7778,1720
7.7806,1736
7.7833,1740
7.7861,1730
7.7889,1726
7.7917,1717
7.7944,1718
7.7972,1718
7.8000,1725
7.8028,1720
7.8056,1711
7.8083,1723
7.8111,1715
7.8139,1706
7.8167,1705
7.8194,1713
7.8222,1707
7.8250,1716
7.8278,1716
7.8306,1712
7.8333,1714
7.8361,1726
7.8389,1732
7.8417,1724
7.8444,1716
7.8472,1719
7.8500,1718
7.8528,1712
7.8556,1714
7.8583,1724
7.8611,1737
7.8639,1737
7.8667,1728
7.8694,1718
7.8722,1725
7.8750,1726
7.8778,1747
7.8806,1731
7.8833,1713
7.8861,1699
7.8889,1700
7.8917,1718
7.8944,1729
7.8972,1733
7.9000,1734
7.9028,1723
7.9056,1720
7.9083,1717
7.9111,1726
7.9139,1745
7.9167,1747
7.9194,1737
7.9222,1736
7.9250,1741
7.9278,1740
7.9306,1748
7.9333,1757
7.9361,1761
7.9389,1741
7.9417,1735
7.9444,1735
7.9472,1735
7.9500,1742
7.9528,1755
7.9556,1769
7.9583,1773
7.9611,1766
7.9639,1748
7.9667,1756
7.9694,1758
7.9722,1750
7.9750,1745
7.9778,1755
7.9806,1758
7.9833,1747
7.9861,1746
7.9889,1739
7.9917,1746
7.9944,1763
7.9972,1761
8.0000,1758
8.0028,1754
8.0056,1755
8.0083,1755
8.0111,1762
8.0139,1774
8.0167,1768
8.0194,1768
8.0222,1780
8.0250,1765
8.0278,1763
8.0306,1769
8.0333,1775
8.0361,1773
8.0389,1785
8.0417,1786
8.0444,1791
8.0472,1814
8.0500,1827
8.0528,1849
8.0556,1860
8.0583,1877
8.0611,1881
8.0639,1881
8.0667,1864
8.0694,1856
8.0722,1840
8.0750,1826
8.0778,1837
8.0806,1853
8.0833,1891
8.0861,1914
8.0889,1940
8.0917,1966
8.0944,1973
8.0972,1960
8.1000,1942
8.1028,1925
8.1056,1896
8.1083,1869
8.1111,1855
8.1139,1840
8.1167,1833
8.1194,1822
8.1222,1797
8.1250,1779
8.1278,1778
8.1306,1772
8.1333,1770
8.1361,1771
8.1389,1773
8.1417,1767
8.1444,1768
8.1472,1768
8.1500,1776
8.1528,1772
8.1556,1764
8.1583,1762
8.1611,1758
8.1639,1740
8.1667,1716
8.1694,1691
8.1722,1676
8.1750,1686
8.1778,1704
8.1806,1755
8.1833,1808
8.1861,1893
8.1889,2018
8.1917,2209
8.1944,2499
8.1972,2883
8.2000,3280
8.2028,3360
8.2056,3369
8.2083,3377
8.2111,3348
8.2139,3066
8.2167,2536
8.2194,2044
8.2222,1691
8.2250,1504
8.2278,1472
8.2306,1524
8.2333,1601
8.2361,1663
8.2389,1698
8.2417,1696
8.2444,1672
8.2472,1634
8.2500,1599
8.2528,1602
8.2556,1612
8.2583,1642
8.2611,1658
8.2639,1665
8.2667,1660
8.2694,1652
8.2722,1634
8.2750,1625
8.2778,1620
8.2806,1639
8.2833,1654
8.2861,1675
8.2889,1679
8.2917,1671
8.2944,1661
8.2972,1657
8.3000,1665
8.3028,1668
8.3056,1678
8.3083,1672
8.3111,1676
8.3139,1672
8.3167,1677
8.3194,1689
8.3222,1703
8.3250,1720
8.3278,1720
8.3306,1713
8.3333,1707
8.3361,1725
8.3389,1737
8.3417,1733
8.3444,1734
8.3472,1740
8.3500,1730
8.3528,1725
8.3556,1738
8.3583,1753
8.3611,1769
8.3639,1786
8.3667,1795
8.3694,1801
8.3722,1807
8.3750,1796
8.3778,1811
8.3806,1824
8.3833,1850
8.3861,1859
8.3889,1860
8.3917,1866
8.3944,1876
8.3972,1886
8.4000,1911
8.4028,1926
8.4056,1958
8.4083,1970
8.4111,1982
8.4139,1878
8.4167,1875
8.4194,1878
8.4222,1860
8.4250,1836
8.4278,1808
8.4306,1772
8.4333,1756
8.4361,1734
8.4389,1728
8.4417,1729
8.4444,1720
8.4472,1694
8.4500,1671
8.4528,1657
8.4556,1651
8.4583,1656
8.4611,1656
8.4639,1658
8.4667,1643
8.4694,1631
8.4722,1628
8.4750,1636
8.4778,1633
8.4806,1651
8.4833,1663
8.4861,1662
8.4889,1649
8.4917,1633
8.4944,1644
8.4972,1642
8.5000,1639
8.5028,1641
8.5056,1637
8.5083,1630
8.5111,1632
8.5139,1630
8.5167,1622
8.5194,1629
8.5222,1641
8.5250,1644
8.5278,1660
8.5306,1654
8.5333,1651
8.5361,1644
8.5389,1639
8.5417,1647
8.5444,1647
8.5472,1655
8.5500,1644
8.5528,1640
8.5556,1640
8.5583,1643
8.5611,1643
8.5639,1649
8.5667,1647
8.5694,1651
8.5722,1635
8.5750,1638
8.5778,1639
8.5806,1635
8.5833,1624
8.5861,1614
8.5889,1610
8.5917,1600
8.5944,1603
8.5972,1601
8.6000,1606
8.6028,1613
8.6056,1608
8.6083,1613
8.6111,1609
8.6139,1611
8.6167,1608
8.6194,1608
8.6222,1611
8.6250,1604
8.6278,1602
8.6306,1602
8.6333,1595
8.6361,1593
8.6389,1604
8.6417,1615
8.6444,1618
8.6472,1615
8.6500,1604
8.6528,1599
8.6556,1592
8.6583,1575
8.6611,1590
8.6639,1589
8.6667,1584
8.6694,1581
8.6722,1576
8.6750,1583
8.6778,1593
8.6806,1593
8.6833,1590
8.6861,1585
8.6889,1598
8.6917,1594
8.6944,1591
8.6972,1596
8.7000,1590
8.7028,1580
8.7056,1587
8.7083,1580
8.7111,1578
8.7139,1575
8.7167,1581
8.7194,1586
8.7222,1601
8.7250,1595
8.7278,1598
8.7306,1597
8.7333,1597
8.7361,1586
8.7389,1581
8.7417,1583
8.7444,1595
8.7472,1599
8.7500,1598
8.7528,1587
8.7556,1584
8.7583,1586
8.7611,1583
8.7639,1578
8.7667,1582
8.7694,1579
8.7722,1587
8.7750,1590
8.7778,1611
8.7806,1615
8.7833,1625
8.7861,1623
8.7889,1607
8.7917,1590
8.7944,1581
8.7972,1564
8.8000,1559
8.8028,1567
8.8056,1564
8.8083,1579
8.8111,1586
8.8139,1596
8.8167,1604
8.8194,1613
8.8222,1613
8.8250,1600
8.8278,1597
8.8306,1575
8.8333,1568
8.8361,1573
8.8389,1583
8.8417,1579
8.8444,1599
8.8472,1609
8.8500,1623
8.8528,1639
8.8556,1649
8.8583,1668
8.8611,1678
8.8639,1665
8.8667,1651
8.8694,1630
8.8722,1626
8.8750,1628
8.8778,1640
8.8806,1678
8.8833,1714
8.8861,1738
8.8889,1747
8.8917,1741
8.8944,1736
8.8972,1730
8.9000,1712
8.9028,1683
8.9056,1664
8.9083,1640
8.9111,1632
8.9139,1623
8.9167,1614
8.9194,1580
8.9222,1556
8.9250,1534
8.9278,1514
8.9306,1510
8.9333,1512
8.9361,1511
8.9389,1501
8.9417,1506
8.9444,1496
8.9472,1489
8.9500,1490
8.9528,1490
8.9556,1484
8.9583,1491
8.9611,1497
8.9639,1495
8.9667,1487
8.9694,1451
8.9722,1420
8.9750,1421
8.9778,1421
8.9806,1466
8.9833,1527
8.9861,1621
8.9889,1758
8.9917,1938
8.9944,2184
8.9972,2532
9.0000,2919
9.0028,3275
9.0056,3350
9.0083,3357
9.0111,3228
9.0139,2820
9.0167,2259
9.0194,1752
9.0222,1389
9.0250,1206
9.0278,1165
9.0306,1204
9.0333,1303
9.0361,1384
9.0389,1436
9.0417,1441
9.0444,1403
9.0472,1355
9.0500,1318
9.0528,1322
9.0556,1340
9.0583,1359
9.0611,1363
9.0639,1363
9.0667,1348
9.0694,1342
9.0722,1344
9.0750,1353
9.0778,1360
9.0806,1358
9.0833,1371
9.0861,1381
9.0889,1373
9.0917,1371
9.0944,1376
9.0972,1373
9.1000,1381
9.1028,1383
9.1056,1382
9.1083,1381
9.1111,1380
9.1139,1401
9.1167,1406
9.1194,1415
9.1222,1418
9.1250,1402
9.1278,1404
9.1306,1418
9.1333,1423
9.1361,1425
9.1389,1429
9.1417,1423
9.1444,1437
9.1472,1441
9.1500,1446
9.1528,1457
9.1556,1470
9.1583,1474
9.1611,1499
9.1639,1499
9.1667,1506
9.1694,1501
9.1722,1509
9.1750,1507
9.1778,1522
9.1806,1525
9.1833,1540
9.1861,1559
9.1889,1569
9.1917,1584
9.1944,1604
9.1972,1612
9.2000,1615
9.2028,1631
9.2056,1629
9.2083,1646
9.2111,1671
9.2139,1657
9.2167,1655
9.2194,1635
9.2222,1603
9.2250,1573
9.2278,1545
9.2306,1522
9.2333,1502
9.2361,1480
9.2389,1472
9.2417,1477
9.2444,1475
9.2472,1471
9.2500,1464
9.2528,1450
9.2556,1454
9.2583,1444
9.2611,1439
9.2639,1429
9.2667,1430
9.2694,1427
9.2722,1419
9.2750,1416
9.2778,1410
9.2806,1414
9.2833,1412
9.2861,1417
9.2889,1410
9.2917,1421
9.2944,1442
9.2972,1444
9.3000,1446
9.3028,1448
9.3056,1450
9.3083,1465
9.3111,1468
9.3139,1481
9.3167,1480
9.3194,1488
9.3222,1479
9.3250,1468
9.3278,1472
9.3306,1479
9.3333,1491
9.3361,1491
9.3389,1495
9.3417,1485
9.3444,1485
9.3472,1492
9.3500,1490
9.3528,1499
9.3556,1492
9.3583,1506
9.3611,1501
9.3639,1503
9.3667,1505
9.3694,1501
9.3722,1505
9.3750,1507
9.3778,1493
9.3806,1508
9.3833,1508
9.3861,1511
9.3889,1517
9.3917,1524
9.3944,1517
9.3972,1513
9.4000,1506
9.4028,1497
9.4056,1493
9.4083,1490
9.4111,1502
9.4139,1516
9.4167,1524
9.4194,1519
9.4222,1514
9.4250,1517
9.4278,1515
9.4306,1512
9.4333,1532
9.4361,1533
9.4389,1525
9.4417,1514
9.4444,1526
9.4472,1520
9.4500,1534
9.4528,1526
9.4556,1530
9.4583,1536
9.4611,1547
9.4639,1551
9.4667,1542
9.4694,1541
9.4722,1550
9.4750,1554
9.4778,1550
9.4806,1552
9.4833,1556
9.4861,1558
9.4889,1559
9.4917,1556
9.4944,1558
9.4972,1568
9.5000,1569
9.5028,1575
9.5056,1572
9.5083,1573
9.5111,1571
9.5139,1586
9.5167,1590
9.5194,1602
9.5222,1598
9.5250,1585
9.5278,1580
9.5306,1582
9.5333,1583
9.5361,1579
9.5389,1582
9.5417,1585
9.5444,1594
9.5472,1596
9.5500,1597
9.5528,1590
9.5556,1589
9.5583,1594
9.5611,1609
9.5639,1621
9.5667,1611
9.5694,1605
9.5722,1602
9.5750,1621
9.5778,1622
9.5806,1619
9.5833,1615
9.5861,1611
9.5889,1612
9.5917,1617
9.5944,1626
9.5972,1625
9.6000,1623
9.6028,1624
9.6056,1626
9.6083,1630
9.6111,1640
9.6139,1639
9.6167,1629
9.6194,1633
9.6222,1626
9.6250,1622
9.6278,1630
9.6306,1633
9.6333,1652
9.6361,1662
9.6389,1662
9.6417,1658
9.6444,1658
9.6472,1653
9.6500,1652
9.6528,1659
9.6556,1676
9.6583,1698
9.6611,1721
9.6639,1745
9.6667,1758
9.6694,1760
9.6722,1766
9.6750,1760
9.6778,1757
9.6806,1743
9.6833,1717
9.6861,1690
9.6889,1697
9.6917,1720
9.6944,1758
9.6972,1796
9.7000,1817
9.7028,1823
9.7056,1832
9.7083,1818
9.7111,1799
9.7139,1771
9.7167,1745
9.7194,1733
9.7222,1739
9.7250,1733
9.7278,1721
9.7306,1712
9.7333,1702
9.7361,1685
9.7389,1675
9.7417,1660
9.7444,1646
9.7472,1650
9.7500,1654
9.7528,1653
9.7556,1659
9.7583,1669
9.7611,1664
9.7639,1666
9.7667,1679
9.7694,1677
9.7722,1671
9.7750,1647
9.7778,1619
9.7806,1585
9.7833,1563
9.7861,1564
9.7889,1595
9.7917,1630
9.7944,1707
9.7972,1849
9.8000,2016
9.8028,2290
9.8056,2648
9.8083,3090
9.8111,3356
9.8139,3360
9.8167,3376
9.8194,3370
9.8222,3337
9.8250,2895
9.8278,2258
9.8306,1709
9.8333,1390
9.8361,1285
9.8389,1349
9.8417,1476
9.8444,1583
9.8472,1650
9.8500,1664
9.8528,1631
9.8556,1593
9.8583,1553
9.8611,1538
9.8639,1535
9.8667,1557
9.8694,1573
9.8722,1582
9.8750,1589
9.8778,1580
9.8806,1564
9.8833,1559
9.8861,1562
9.8889,1584
9.8917,1597
9.8944,1614
9.8972,1608
9.9000,1597
9.9028,1595
9.9056,1604
9.9083,1618
9.9111,1639
9.9139,1650
9.9167,1647
9.9194,1634
9.9222,1620
9.9250,1625
9.9278,1646
9.9306,1671
9.9333,1693
9.9361,1697
9.9389,1687
9.9417,1669
9.9444,1677
9.9472,1680
9.9500,1703
9.9528,1713
9.9556,1722
9.9583,1718
9.9611,1704
9.9639,1703
9.9667,1709
9.9694,1725
9.9722,1747
9.9750,1769
9.9778,1775
9.9806,1777
9.9833,1777
9.9861,1775
9.9889,1798
9.9917,1808
9.9944,1824
9.9972,1835
10.0000,1841
10.0028,1847
10.0056,1866
10.0083,1898
10.0111,1914
10.0139,1939
10.0167,1953
10.0194,1966
10.0222,1969
10.0250,1891
10.0278,1897
10.0306,1884
10.0333,1871
10.0361,1846
10.0389,1817
10.0417,1788
10.0444,1755
10.0472,1747
10.0500,1750
10.0528,1757
10.0556,1745
10.0583,1746
10.0611,1721
10.0639,1708
10.0667,1704
10.0694,1699
10.0722,1707
10.0750,1699
10.0778,1696
10.0806,1691
10.0833,1689
10.0861,1695
10.0889,1697
10.0917,1690
10.0944,1678
10.0972,1682
10.1000,1678
10.1028,1686
10.1056,1688
10.1083,1689
10.1111,1707
10.1139,1702
10.1167,1716
10.1194,1709
10.1222,1707
10.1250,1700
10.1278,1708
10.1306,1714
10.1333,1736
10.1361,1727
10.1389,1717
10.1417,1723
10.1444,1714
10.1472,1723
10.1500,1731
10.1528,1728
10.1556,1740
10.1583,1731
10.1611,1730
10.1639,1718
10.1667,1732
10.1694,1743
10.1722,1749
10.1750,1743
10.1778,1748
10.1806,1734
10.1833,1723
10.1861,1718
10.1889,1725
10.1917,1727
10.1944,1734
10.1972,1743
10.2000,1746
10.2028,1745
10.2056,1740
10.2083,1737
10.2111,1722
10.2139,1722
10.2167,1731
10.2194,1721
10.2222,1722
10.2250,1730
10.2278,1741
10.2306,1747
10.2333,1751
10.2361,1734
10.2389,1725
10.2417,1726
10.2444,1728
10.2472,1737
10.2500,1743
10.2528,1738
10.2556,1733
10.2583,1729
10.2611,1726
10.2639,1741
10.2667,1731
10.2694,1732
10.2722,1741
10.2750,1738
10.2778,1725
10.2806,1728
10.2833,1727
10.2861,1728
10.2889,1735
10.2917,1734
10.2944,1738
10.2972,1732
10.3000,1719
10.3028,1721
10.3056,1732
10.3083,1727
10.3111,1745
10.3139,1745
10.3167,1730
10.3194,1735
10.3222,1718
10.3250,1727
10.3278,1727
10.3306,1737
10.3333,1731
10.3361,1737
10.3389,1742
10.3417,1739
10.3444,1744
10.3472,1729
10.3500,1729
10.3528,1736
10.3556,1742
10.3583,1741
10.3611,1762
10.3639,1771
10.3667,1757
10.3694,1749
10.3722,1745
10.3750,1736
10.3778,1733
10.3806,1732
10.3833,1745
10.3861,1744
10.3889,1743
10.3917,1743
10.3944,1739
10.3972,1743
10.4000,1741
10.4028,1743
10.4056,1743
10.4083,1744
10.4111,1745
10.4139,1747
10.4167,1741
10.4194,1739
10.4222,1741
10.4250,1732
10.4278,1741
10.4306,1753
10.4333,1743
10.4361,1732
10.4389,1736
10.4417,1739
10.4444,1745
10.4472,1742
10.4500,1740
10.4528,1764
10.4556,1766
10.4583,1764
10.4611,1765
10.4639,1759
10.4667,1768
10.4694,1763
10.4722,1758
10.4750,1757
10.4778,1759
10.4806,1761
10.4833,1760
10.4861,1759
10.4889,1767
10.4917,1773
10.4944,1770
10.4972,1783
10.5000,1774
10.5028,1785
10.5056,1776
10.5083,1771
10.5111,1783
10.5139,1801
10.5167,1795
10.5194,1809
10.5222,1823
10.5250,1853
10.5278,1866
10.5306,1877
10.5333,1881
10.5361,1872
10.5389,1850
10.5417,1856
10.5444,1838
10.5472,1839
10.5500,1848
10.5528,1875
10.5556,1895
10.5583,1917
10.5611,1919
10.5639,1933
10.5667,1924
10.5694,1918
10.5722,1903
10.5750,1887
10.5778,1860
10.5806,1847
10.5833,1830
10.5861,1822
10.5889,1820
10.5917,1827
10.5944,1803
10.5972,1783
10.6000,1770
10.6028,1757
10.6056,1758
10.6083,1748
10.6111,1753
10.6139,1757
10.6167,1758
10.6194,1756
10.6222,1742
10.6250,1740
10.6278,1735
10.6306,1728
10.6333,1727
10.6361,1717
10.6389,1706
10.6417,1675
10.6444,1660
10.6472,1658
10.6500,1660
10.6528,1669
10.6556,1715
10.6583,1851
10.6611,2008
10.6639,2261
10.6667,2614
10.6694,3037
10.6722,3350
10.6750,3362
10.6778,3373
10.6806,3380
10.6833,3381
10.6861,3197
10.6889,2593
10.6917,1946
10.6944,1519
10.6972,1359
10.7000,1386
10.7028,1495
10.7056,1595
10.7083,1669
10.7111,1704
10.7139,1688
10.7167,1657
10.7194,1641
10.7222,1612
10.7250,1597
10.7278,1588
10.7306,1606
10.7333,1634
10.7361,1647
10.7389,1635
10.7417,1607
10.7444,1576
10.7472,1575
10.7500,1591
10.7528,1621
10.7556,1657
10.7583,1657
10.7611,1647
10.7639,1625
10.7667,1625
10.7694,1631
10.7722,1651
10.7750,1672
10.7778,1678
10.7806,1666
10.7833,1648
10.7861,1630
10.7889,1638
10.7917,1669
10.7944,1691
10.7972,1713
10.8000,1713
10.8028,1701
10.8056,1683
10.8083,1684
10.8111,1706
10.8139,1730
10.8167,1745
10.8194,1734
10.8222,1720
10.8250,1712
10.8278,1719
10.8306,1729
10.8333,1752
10.8361,1774
10.8389,1778
10.8417,1777
10.8444,1771
10.8472,1773
10.8500,1783
10.8528,1802
10.8556,1831
10.8583,1843
10.8611,1853
10.8639,1837
10.8667,1848
10.8694,1874
10.8722,1908
10.8750,1927
10.8778,1940
10.8806,1947
10.8833,1952
10.8861,1864
10.8889,1866
10.8917,1859
10.8944,1855
10.8972,1845
10.9000,1816
10.9028,1765
10.9056,1737
10.9083,1726
10.9111,1730
10.9139,1740
10.9167,1725
10.9194,1707
10.9222,1680
10.9250,1663
10.9278,1648
10.9306,1649
10.9333,1654
10.9361,1663
10.9389,1649
10.9417,1644
10.9444,1638
10.9472,1630
10.9500,1640
10.9528,1653
10.9556,1652
10.9583,1661
10.9611,1647
10.9639,1638
10.9667,1632
10.9694,1640
10.9722,1649
10.9750,1667
10.9778,1677
10.9806,1667
10.9833,1653
10.9861,1633
10.9889,1624
10.9917,1630
10.9944,1641
10.9972,1650
11.0000,1658
11.0028,1644
11.0056,1649
11.0083,1656
11.0111,1669
11.0139,1684
11.0167,1677
11.0194,1676
11.0222,1664
11.0250,1661
11.0278,1656
11.0306,1659
11.0333,1661
11.0361,1660
11.0389,1662
11.0417,1667
11.0444,1668
11.0472,1667
11.0500,1665
11.0528,1674
11.0556,1666
11.0583,1667
11.0611,1662
11.0639,1648
11.0667,1652
11.0694,1641
11.0722,1660
11.0750,1660
11.0778,1668
11.0806,1658
11.0833,1647
11.0861,1639
11.0889,1644
11.0917,1663
11.0944,1668
11.0972,1651
11.1000,1650
11.1028,1650
11.1056,1651
11.1083,1650
11.1111,1645
11.1139,1644
11.1167,1644
11.1194,1638
11.1222,1634
11.1250,1632
11.1278,1646
11.1306,1648
11.1333,1642
11.1361,1640
11.1389,1649
11.1417,1645
11.1444,1645
11.1472,1640
11.1500,1643
11.1528,1646
11.1556,1641
11.1583,1638
11.1611,1621
11.1639,1621
11.1667,1608
11.1694,1626
11.1722,1638
11.1750,1649
11.1778,1672
11.1806,1673
11.1833,1663
11.1861,1650
11.1889,1646
11.1917,1640
11.1944,1645
11.1972,1659
11.2000,1666
11.2028,1653
11.2056,1659
11.2083,1675
11.2111,1674
11.2139,1668
11.2167,1670
11.2194,1653
11.2222,1644
11.2250,1649
11.2278,1650
11.2306,1656
11.2333,1659
11.2361,1659
11.2389,1657
11.2417,1655
11.2444,1633
11.2472,1637
11.2500,1647
11.2528,1671
11.2556,1684
11.2583,1682
11.2611,1691
11.2639,1689
11.2667,1696
11.2694,1695
11.2722,1681
11.2750,1670
11.2778,1657
11.2806,1658
11.2833,1665
11.2861,1678
11.2889,1684
11.2917,1680
11.2944,1679
11.2972,1691
11.3000,1675
11.3028,1663
11.3056,1657
11.3083,1665
11.3111,1667
11.3139,1666
11.3167,1675
11.3194,1678
11.3222,1684
11.3250,1694
11.3278,1689
11.3306,1690
11.3333,1688
11.3361,1688
11.3389,1681
11.3417,1673
11.3444,1676
11.3472,1683
11.3500,1687
11.3528,1688
11.3556,1687
11.3583,1686
11.3611,1685
11.3639,1687
11.3667,1695
11.3694,1692
11.3722,1680
11.3750,1687
11.3778,1686
11.3806,1686
11.3833,1686
11.3861,1697
11.3889,1708
11.3917,1710
11.3944,1730
11.3972,1754
11.4000,1771
11.4028,1783
11.4056,1782
11.4083,1787
11.4111,1799
11.4139,1792
11.4167,1770
11.4194,1765
11.4222,1767
11.4250,1783
11.4278,1802
11.4306,1827
11.4333,1845
11.4361,1860
11.4389,1861
11.4417,1846
11.4444,1817
11.4472,1802
11.4500,1774
11.4528,1771
11.4556,1753
11.4583,1754
11.4611,1735
11.4639,1702
11.4667,1672
11.4694,1638
11.4722,1613
11.4750,1630
11.4778,1657
11.4806,1664
11.4833,1665
11.4861,1650
11.4889,1630
11.4917,1633
11.4944,1636
11.4972,1635
11.5000,1622
11.5028,1619
11.5056,1638
11.5083,1643
11.5111,1611
11.5139,1576
11.5167,1555
11.5194,1548
11.5222,1557
11.5250,1555
11.5278,1571
11.5306,1671
11.5333,1832
11.5361,2081
11.5389,2429
11.5417,2854
11.5444,3242
11.5472,3355
11.5500,3365
11.5528,3371
11.5556,3368
11.5583,3040
11.5611,2387
11.5639,1772
11.5667,1385
11.5694,1242
11.5722,1283
11.5750,1407
11.5778,1521
11.5806,1608
11.5833,1627
11.5861,1609
11.5889,1567
11.5917,1540
11.5944,1514
11.5972,1484
11.6000,1475
11.6028,1497
11.6056,1521
11.6083,1530
11.6111,1517
11.6139,1487
11.6167,1491
11.6194,1486
11.6222,1509
11.6250,1518
11.6278,1537
11.6306,1533
11.6333,1523
11.6361,1518
11.6389,1525
11.6417,1538
11.6444,1551
11.6472,1564
11.6500,1559
11.6528,1560
11.6556,1544
11.6583,1532
11.6611,1535
11.6639,1555
11.6667,1565
11.6694,1557
11.6722,1555
11.6750,1543
11.6778,1551
11.6806,1560
11.6833,1582
11.6861,1598
11.6889,1594
11.6917,1595
11.6944,1577
11.6972,1572
11.7000,1561
11.7028,1591
11.7056,1627
11.7083,1643
11.7111,1637
11.7139,1623
11.7167,1631
11.7194,1644
11.7222,1674
11.7250,1683
11.7278,1700
11.7306,1698
11.7333,1696
11.7361,1688
11.7389,1683
11.7417,1701
11.7444,1733
11.7472,1761
11.7500,1779
11.7528,1809
11.7556,1817
11.7583,1730
11.7611,1725
11.7639,1698
11.7667,1671
11.7694,1654
11.7722,1638
11.7750,1632
11.7778,1616
11.7806,1614
11.7833,1587
11.7861,1569
11.7889,1556
11.7917,1548
11.7944,1529
11.7972,1523
11.8000,1513
11.8028,1509
11.8056,1512
11.8083,1505
11.8111,1496
11.8139,1487
11.8167,1483
11.8194,1495
11.8222,1489
11.8250,1497
11.8278,1510
11.8306,1504
11.8333,1485
11.8361,1470
11.8389,1470
11.8417,1474
11.8444,1478
11.8472,1488
11.8500,1498
11.8528,1509
11.8556,1502
11.8583,1498
11.8611,1492
11.8639,1473
11.8667,1477
11.8694,1492
11.8722,1499
11.8750,1493
11.8778,1485
11.8806,1499
11.8833,1512
11.8861,1517
11.8889,1536
11.8917,1543
11.8944,1530
11.8972,1514
11.9000,1512
11.9028,1523
11.9056,1520
11.9083,1519
11.9111,1518
11.9139,1522
11.9167,1519
11.9194,1511
11.9222,1509
11.9250,1510
11.9278,1514
11.9306,1514
11.9333,1509
11.9361,1508
11.9389,1504
11.9417,1506
11.9444,1512
11.9472,1523
11.9500,1524
11.9528,1511
11.9556,1490
11.9583,1480
11.9611,1464
11.9639,1474
11.9667,1492
11.9694,1505
11.9722,1495
11.9750,1492
11.9778,1494
11.9806,1488
11.9833,1501
11.9861,1514
11.9889,1516
11.9917,1513
11.9944,1505
11.9972,1493
12.0000,1494
12.0028,1484
12.0056,1487
12.0083,1477
12.0111,1485
12.0139,1487
12.0167,1482
12.0194,1489
12.0222,1489
12.0250,1496
12.0278,1498
12.0306,1498
12.0333,1491
12.0361,1482
12.0389,1489
12.0417,1489
12.0444,1490
12.0472,1483
12.0500,1481
12.0528,1480
12.0556,1493
12.0583,1493
12.0611,1494
12.0639,1487
12.0667,1501
12.0694,1508
12.0722,1507
12.0750,1503
12.0778,1507
12.0806,1502
12.0833,1502
12.0861,1500
12.0889,1497
12.0917,1496
12.0944,1509
12.0972,1515
12.1000,1525
12.1028,1529
12.1056,1537
12.1083,1535
12.1111,1523
12.1139,1521
12.1167,1511
12.1194,1506
12.1222,1518
12.1250,1528
12.1278,1529
12.1306,1533
12.1333,1532
12.1361,1518
12.1389,1525
12.1417,1520
12.1444,1515
12.1472,1520
12.1500,1514
12.1528,1520
12.1556,1519
12.1583,1522
12.1611,1533
12.1639,1535
12.1667,1549
12.1694,1554
12.1722,1558
12.1750,1547
12.1778,1534
12.1806,1539
12.1833,1545
12.1861,1550
12.1889,1554
12.1917,1562
12.1944,1549
12.1972,1542
12.2000,1539
12.2028,1533
12.2056,1550
12.2083,1560
12.2111,1561
12.2139,1573
12.2167,1558
12.2194,1560
12.2222,1562
12.2250,1553
12.2278,1557
12.2306,1550
12.2333,1553
12.2361,1547
12.2389,1553
12.2417,1568
12.2444,1573
12.2472,1590
12.2500,1604
12.2528,1632
12.2556,1660
12.2583,1677
12.2611,1701
12.2639,1697
12.2667,1685
12.2694,1683
12.2722,1670
12.2750,1646
12.2778,1638
12.2806,1652
12.2833,1671
12.2861,1699
12.2889,1721
12.2917,1745
12.2944,1755
12.2972,1758
12.3000,1755
12.3028,1733
12.3056,1727
12.3083,1702
12.3111,1676
12.3139,1657
12.3167,1638
12.3194,1614
12.3222,1613
12.3250,1598
12.3278,1595
12.3306,1577
12.3333,1573
12.3361,1562
12.3389,1566
12.3417,1567
12.3444,1573
12.3472,1585
12.3500,1591
12.3528,1581
12.3556,1582
12.3583,1580
12.3611,1580
12.3639,1573
12.3667,1566
12.3694,1537
12.3722,1508
12.3750,1480
12.3778,1459
12.3806,1464
12.3833,1465
12.3861,1509
12.3889,1626
12.3917,1798
12.3944,2041
12.3972,2405
12.4000,2852
12.4028,3258
12.4056,3358
12.4083,3367
12.4111,3382
12.4139,3326
12.4167,2874
12.4194,2239
12.4222,1682
12.4250,1356
12.4278,1235
12.4306,1280
12.4333,1399
12.4361,1511
12.4389,1563
12.4417,1567
12.4444,1529
12.4472,1491
12.4500,1467
12.4528,1454
12.4556,1455
12.4583,1461
12.4611,1470
12.4639,1469
12.4667,1485
12.4694,1473
12.4722,1467
12.4750,1467
12.4778,1468
12.4806,1481
12.4833,1493
12.4861,1511
12.4889,1507
12.4917,1499
12.4944,1487
12.4972,1491
12.5000,1498
12.5028,1516
12.5056,1524
12.5083,1519
12.5111,1513
12.5139,1509
12.5167,1517
12.5194,1535
12.5222,1561
12.5250,1569
12.5278,1583
12.5306,1570
12.5333,1566
12.5361,1552
12.5389,1549
12.5417,1567
12.5444,1590
12.5472,1611
12.5500,1624
12.5528,1622
12.5556,1613
12.5583,1603
12.5611,1603
12.5639,1625
12.5667,1653
12.5694,1648
12.5722,1638
12.5750,1647
12.5778,1661
12.5806,1677
12.5833,1713
12.5861,1734
12.5889,1758
12.5917,1765
12.5944,1748
12.5972,1748
12.6000,1753
12.6028,1779
12.6056,1798
12.6083,1816
12.6111,1824
12.6139,1830
12.6167,1812
12.6194,1813
12.6222,1816
12.6250,1792
12.6278,1763
12.6306,1727
12.6333,1695
12.6361,1687
12.6389,1672
12.6417,1670
12.6444,1651
12.6472,1644
12.6500,1628
12.6528,1607
12.6556,1596
12.6583,1603
12.6611,1593
12.6639,1599
12.6667,1609
12.6694,1606
12.6722,1589
12.6750,1587
12.6778,1589
12.6806,1595
12.6833,1611
12.6861,1605
12.6889,1601
12.6917,1603
12.6944,1602
12.6972,1605
12.7000,1618
12.7028,1642
12.7056,1646
12.7083,1642
12.7111,1629
12.7139,1620
12.7167,1624
12.7194,1624
12.7222,1630
12.7250,1631
12.7278,1638
12.7306,1637
12.7333,1632
12.7361,1636
12.7389,1631
12.7417,1641
12.7444,1633
12.7472,1637
12.7500,1626
12.7528,1611
12.7556,1615
12.7583,1625
12.7611,1641
12.7639,1632
12.7667,1631
12.7694,1642
12.7722,1634
12.7750,1636
12.7778,1636
12.7806,1639
12.7833,1641
12.7861,1640
12.7889,1640
12.7917,1629
12.7944,1623
12.7972,1628
12.8000,1633
12.8028,1641
12.8056,1643
12.8083,1641
12.8111,1638
12.8139,1641
12.8167,1641
12.8194,1636
12.8222,1638
12.8250,1636
12.8278,1643
12.8306,1636
12.8333,1639
12.8361,1640
12.8389,1648
12.8417,1653
12.8444,1650
12.8472,1647
12.8500,1634
12.8528,1636
12.8556,1637
12.8583,1647
12.8611,1655
12.8639,1671
12.8667,1684
12.8694,1669
12.8722,1661
12.8750,1655
12.8778,1638
12.8806,1645
12.8833,1669
12.8861,1686
12.8889,1680
12.8917,1680
12.8944,1683
12.8972,1676
12.9000,1664
12.9028,1665
12.9056,1662
12.9083,1653
12.9111,1654
12.9139,1661
12.9167,1667
12.9194,1667
12.9222,1675
12.9250,1678
12.9278,1681
12.9306,1672
12.9333,1667
12.9361,1666
12.9389,1687
12.9417,1696
12.9444,1699
12.9472,1719
12.9500,1713
12.9528,1709
12.9556,1701
12.9583,1707
12.9611,1706
12.9639,1702
12.9667,1696
12.9694,1694
12.9722,1697
12.9750,1685
12.9778,1693
12.9806,1695
12.9833,1706
12.9861,1712
12.9889,1719
12.9917,1716
12.9944,1721
12.9972,1708
13.0000,1718
13.0028,1722
13.0056,1725
13.0083,1747
13.0111,1733
13.0139,1728
13.0167,1718
13.0194,1710
13.0222,1701
13.0250,1711
13.0278,1715
13.0306,1714
13.0333,1725
13.0361,1735
13.0389,1741
13.0417,1756
13.0444,1757
13.0472,1748
13.0500,1751
13.0528,1743
13.0556,1736
13.0583,1739
13.0611,1748
13.0639,1760
13.0667,1777
13.0694,1771
13.0722,1775
13.0750,1780
13.0778,1783
13.0806,1817
13.0833,1841
13.0861,1866
13.0889,1873
13.0917,1882
13.0944,1886
13.0972,1875
13.1000,1862
13.1028,1846
13.1056,1817
13.1083,1814
13.1111,1829
13.1139,1850
13.1167,1893
13.1194,1925
13.1222,1945
13.1250,1960
13.1278,1962
13.1306,1945
13.1333,1928
13.1361,1919
13.1389,1901
13.1417,1862
13.1444,1852
13.1472,1838
13.1500,1824
13.1528,1802
13.1556,1780
13.1583,1770
13.1611,1766
13.1639,1768
13.1667,1770
13.1694,1756
13.1722,1749
13.1750,1759
13.1778,1758
13.1806,1765
13.1833,1760
13.1861,1756
13.1889,1745
13.1917,1753
13.1944,1737
13.1972,1719
13.2000,1699
13.2028,1690
13.2056,1687
13.2083,1705
13.2111,1732
13.2139,1773
13.2167,1853
13.2194,1987
13.2222,2189
13.2250,2472
13.2278,2836
13.2306,3232
13.2333,3355
13.2361,3361
13.2389,3377
13.2417,3370
13.2444,3182
13.2472,2704
13.2500,2193
13.2528,1806
13.2556,1583
13.2583,1504
13.2611,1533
13.2639,1608
13.2667,1668
13.2694,1694
13.2722,1689
13.2750,1667
13.2778,1627
13.2806,1592
13.2833,1574
13.2861,1581
13.2889,1603
13.2917,1621
13.2944,1651
13.2972,1644
13.3000,1639
13.3028,1621
13.3056,1603
13.3083,1612
13.3111,1622
13.3139,1636
13.3167,1643
13.3194,1637
13.3222,1619
13.3250,1608
13.3278,1610
13.3306,1622
13.3333,1635
13.3361,1653
13.3389,1667
13.3417,1671
13.3444,1661
13.3472,1663
13.3500,1665
13.3528,1666
13.3556,1670
13.3583,1673
13.3611,1676
13.3639,1673
13.3667,1676
13.3694,1694
13.3722,1709
13.3750,1709
13.3778,1713
13.3806,1706
13.3833,1685
13.3861,1693
13.3889,1709
13.3917,1736
13.3944,1751
13.3972,1764
13.4000,1769
13.4028,1772
13.4056,1770
13.4083,1783
13.4111,1780
13.4139,1790
13.4167,1793
13.4194,1799
13.4222,1806
13.4250,1832
13.4278,1842
13.4306,1866
13.4333,1890
13.4361,1902
13.4389,1915
13.4417,1916
13.4444,1925
13.4472,1809
13.4500,1823
13.4528,1803
13.4556,1781
13.4583,1760
13.4611,1745
13.4639,1719
13.4667,1711
13.4694,1691
13.4722,1679
13.4750,1667
13.4778,1635
13.4806,1618
13.4833,1605
13.4861,1603
13.4889,1608
13.4917,1615
13.4944,1624
13.4972,1618
13.5000,1612
13.5028,1593
13.5056,1577
13.5083,1575
13.5111,1581
13.5139,1598
13.5167,1601
13.5194,1597
13.5222,1597
13.5250,1586
13.5278,1592
13.5306,1598
13.5333,1606
13.5361,1603
13.5389,1601
13.5417,1598
13.5444,1589
13.5472,1579
13.5500,1585
13.5528,1584
13.5556,1585
13.5583,1573
13.5611,1567
13.5639,1560
13.5667,1572
13.5694,1587
13.5722,1596
13.5750,1601
13.5778,1592
13.5806,1577
13.5833,1566
13.5861,1556
13.5889,1560
13.5917,1567
13.5944,1567
13.5972,1573
13.6000,1567
13.6028,1568
13.6056,1566
13.6083,1570
13.6111,1564
13.6139,1559
13.6167,1550
13.6194,1544
13.6222,1534
13.6250,1539
13.6278,1538
13.6306,1530
13.6333,1547
13.6361,1550
13.6389,1550
13.6417,1546
13.6444,1530
13.6472,1532
13.6500,1533
13.6528,1525
13.6556,1519
13.6583,1513
13.6611,1518
13.6639,1523
13.6667,1520
13.6694,1536
13.6722,1539
13.6750,1532
13.6778,1522
13.6806,1513
13.6833,1515
13.6861,1513
13.6889,1527
13.6917,1531
13.6944,1523
13.6972,1519
13.7000,1515
13.7028,1515
13.7056,1525
13.7083,1533
13.7111,1523
13.7139,1509
13.7167,1512
13.7194,1500
13.7222,1502
13.7250,1510
13.7278,1527
13.7306,1535
13.7333,1543
13.7361,1543
13.7389,1533
13.7417,1516
13.7444,1508
13.7472,1503
13.7500,1512
13.7528,1527
13.7556,1539
13.7583,1538
13.7611,1532
13.7639,1526
13.7667,1511
13.7694,1495
13.7722,1510
13.7750,1522
13.7778,1522
13.7806,1524
13.7833,1521
13.7861,1514
13.7889,1512
13.7917,1498
13.7944,1508
13.7972,1515
13.8000,1524
13.8028,1520
13.8056,1513
13.8083,1508
13.8111,1515
13.8139,1527
13.8167,1530
13.8194,1529
13.8222,1530
13.8250,1534
13.8278,1539
13.8306,1544
13.8333,1549
13.8361,1559
13.8389,1573
13.8417,1576
13.8444,1594
13.8472,1623
13.8500,1655
13.8528,1668
13.8556,1655
13.8583,1619
13.8611,1581
13.8639,1544
13.8667,1551
13.8694,1579
13.8722,1612
13.8750,1649
13.8778,1691
13.8806,1720
13.8833,1716
13.8861,1713
13.8889,1698
13.8917,1673
13.8944,1650
13.8972,1630
13.9000,1613
13.9028,1607
13.9056,1598
13.9083,1583
13.9111,1570
13.9139,1564
13.9167,1561
13.9194,1552
13.9222,1540
13.9250,1542
13.9278,1543
13.9306,1541
13.9333,1556
13.9361,1549
13.9389,1557
13.9417,1558
13.9444,1555
13.9472,1555
13.9500,1522
13.9528,1500
13.9556,1472
13.9583,1457
13.9611,1468
13.9639,1491
13.9667,1513
13.9694,1569
13.9722,1688
13.9750,1856
13.9778,2093
13.9806,2436
13.9833,2870
13.9861,3281
13.9889,3355
13.9917,3365
13.9944,3365
13.9972,3261
14.0000,2767
14.0028,2145
14.0056,1647
14.0083,1345
14.0111,1254
14.0139,1295
14.0167,1403
14.0194,1490
14.0222,1558
14.0250,1576
14.0278,1544
14.0306,1487
14.0333,1453
14.0361,1450
14.0389,1451
14.0417,1475
14.0444,1488
14.0472,1501
14.0500,1504
14.0528,1494
14.0556,1482
14.0583,1468
14.0611,1470
14.0639,1485
14.0667,1497
14.0694,1502
14.0722,1514
14.0750,1511
14.0778,1520
14.0806,1512
14.0833,1529
14.0861,1546
14.0889,1547
14.0917,1543
14.0944,1539
14.0972,1543
14.1000,1547
14.1028,1553
14.1056,1569
14.1083,1582
14.1111,1590
14.1139,1582
14.1167,1588
14.1194,1586
14.1222,1593
14.1250,1612
14.1278,1616
14.1306,1630
14.1333,1626
14.1361,1633
14.1389,1643
14.1417,1658
14.1444,1669
14.1472,1672
14.1500,1674
14.1528,1680
14.1556,1680
14.1583,1702
14.1611,1723
14.1639,1732
14.1667,1750
14.1694,1749
14.1722,1765
14.1750,1765
14.1778,1784
14.1806,1797
14.1833,1817
14.1861,1841
14.1889,1854
14.1917,1870
14.1944,1884
14.1972,1899
14.2000,1849
14.2028,1855
14.2056,1829
14.2083,1812
14.2111,1799
14.2139,1776
14.2167,1746
14.2194,1723
14.2222,1710
14.2250,1701
14.2278,1701
14.2306,1694
14.2333,1687
14.2361,1671
14.2389,1663
14.2417,1651
14.2444,1651
14.2472,1653
14.2500,1651
14.2528,1654
14.2556,1654
14.2583,1656
14.2611,1658
14.2639,1661
14.2667,1672
14.2694,1667
14.2722,1665
14.2750,1659
14.2778,1663
14.2806,1677
14.2833,1680
14.2861,1682
14.2889,1688
14.2917,1693
14.2944,1673
14.2972,1672
14.3000,1676
14.3028,1696
14.3056,1708
14.3083,1708
14.3111,1694
14.3139,1702
14.3167,1703
14.3194,1714
14.3222,1716
14.3250,1714
14.3278,1715
14.3306,1715
14.3333,1710
14.3361,1709
14.3389,1714
14.3417,1725
14.3444,1738
14.3472,1731
14.3500,1732
14.3528,1730
14.3556,1734
14.3583,1733
14.3611,1734
14.3639,1731
14.3667,1728
14.3694,1727
14.3722,1729
14.3750,1736
14.3778,1729
14.3806,1732
14.3833,1728
14.3861,1728
14.3889,1726
14.3917,1722
14.3944,1715
14.3972,1715
14.4000,1718
14.4028,1725
14.4056,1739
14.4083,1730
14.4111,1730
14.4139,1736
14.4167,1727
14.4194,1732
14.4222,1728
14.4250,1745
14.4278,1738
14.4306,1746
14.4333,1740
14.4361,1727
14.4389,1726
14.4417,1727
14.4444,1749
14.4472,1760
14.4500,1753
14.4528,1755
14.4556,1747
14.4583,1747
14.4611,1738
14.4639,1756
14.4667,1749
14.4694,1755
14.4722,1751
14.4750,1735
14.4778,1716
14.4806,1712
14.4833,1711
14.4861,1728
14.4889,1761
14.4917,1775
14.4944,1775
14.4972,1764
14.5000,1757
14.5028,1749
14.5056,1759
14.5083,1761
14.5111,1755
14.5139,1747
14.5167,1744
14.5194,1750
14.5222,1758
14.5250,1766
14.5278,1781
14.5306,1780
14.5333,1780
14.5361,1782
14.5389,1782
14.5417,1770
14.5444,1770
14.5472,1768
14.5500,1764
14.5528,1760
14.5556,1760
14.5583,1776
14.5611,1778
14.5639,1775
14.5667,1773
14.5694,1760
14.5722,1759
14.5750,1757
14.5778,1766
14.5806,1764
14.5833,1770
14.5861,1777
14.5889,1777
14.5917,1774
14.5944,1774
14.5972,1757
14.6000,1745
14.6028,1734
14.6056,1741
14.6083,1754
14.6111,1778
14.6139,1796
14.6167,1813
14.6194,1813
14.6222,1818
14.6250,1813
14.6278,1824
14.6306,1836
14.6333,1872
14.6361,1889
14.6389,1876
14.6417,1858
14.6444,1829
14.6472,1814
14.6500,1802
14.6528,1793
14.6556,1806
14.6583,1835
14.6611,1891
14.6639,1938
14.6667,1954
14.6694,1957
14.6722,1934
14.6750,1909
14.6778,1871
14.6806,1826
14.6833,1798
14.6861,1809
14.6889,1827
14.6917,1849
14.6944,1855
14.6972,1838
14.7000,1826
14.7028,1803
14.7056,1781
14.7083,1763
14.7111,1765
14.7139,1761
14.7167,1762
14.7194,1778
14.7222,1776
14.7250,1755
14.7278,1734
14.7306,1724
14.7333,1717
14.7361,1724
14.7389,1721
14.7417,1716
14.7444,1690
14.7472,1658
14.7500,1639
14.7528,1642
14.7556,1666
14.7583,1716
14.7611,1813
14.7639,1973
14.7667,2201
14.7694,2538
14.7722,2965
14.7750,3340
14.7778,3355
14.7806,3363
14.7833,3389
14.7861,3383
14.7889,3229
14.7917,2680
14.7944,2065
14.7972,1628
14.8000,1440
14.8028,1442
14.8056,1531
14.8083,1615
14.8111,1670
14.8139,1688
14.8167,1671
14.8194,1629
14.8222,1594
14.8250,1579
14.8278,1568
14.8306,1576
14.8333,1592
14.8361,1608
14.8389,1620
14.8417,1629
14.8444,1606
14.8472,1595
14.8500,1572
14.8528,1588
14.8556,1611
14.8583,1643
14.8611,1654
14.8639,1656
14.8667,1640
14.8694,1626
14.8722,1613
14.8750,1606
14.8778,1614
14.8806,1627
14.8833,1643
14.8861,1643
14.8889,1639
14.8917,1628
14.8944,1633
14.8972,1658
14.9000,1666
14.9028,1678
14.9056,1673
14.9083,1672
14.9111,1680
14.9139,1696
14.9167,1704
14.9194,1713
14.9222,1711
14.9250,1698
14.9278,1697
14.9306,1710
14.9333,1743
14.9361,1752
14.9389,1766
14.9417,1757
14.9444,1767
14.9472,1764
14.9500,1756
14.9528,1777
14.9556,1796
14.9583,1822
14.9611,1839
14.9639,1849
14.9667,1857
14.9694,1869
14.9722,1891
14.9750,1907
14.9778,1929
14.9806,1950
14.9833,1965
14.9861,1968
14.9889,1967
14.9917,1901
14.9944,1909
14.9972,1907
15.0000,1892
15.0028,1863
15.0056,1835
15.0083,1803
15.0111,1783
15.0139,1782
15.0167,1787
15.0194,1790
15.0222,1792
15.0250,1775
15.0278,1767
15.0306,1739
15.0333,1743
15.0361,1745
15.0389,1753
15.0417,1757
15.0444,1744
15.0472,1732
15.0500,1738
15.0528,1732
15.0556,1724
15.0583,1728
15.0611,1723
15.0639,1714
15.0667,1719
15.0694,1713
15.0722,1715
15.0750,1741
15.0778,1755
15.0806,1769
15.0833,1775
15.0861,1762
15.0889,1751
15.0917,1749
15.0944,1754
15.0972,1769
15.1000,1777
15.1028,1775
15.1056,1770
15.1083,1764
15.1111,1770
15.1139,1766
15.1167,1772
15.1194,1776
15.1222,1780
15.1250,1779
15.1278,1757
15.1306,1764
15.1333,1759
15.1361,1765
15.1389,1772
15.1417,1775
15.1444,1786
15.1472,1776
15.1500,1783
15.1528,1786
15.1556,1797
15.1583,1790
15.1611,1787
15.1639,1779
15.1667,1771
15.1694,1773
15.1722,1773
15.1750,1783
15.1778,1799
15.1806,1798
15.1833,1793
15.1861,1783
15.1889,1770
15.1917,1766
15.1944,1770
15.1972,1762
15.2000,1752
15.2028,1765
15.2056,1776
15.2083,1779
15.2111,1779
15.2139,1763
15.2167,1762
15.2194,1766
15.2222,1759
15.2250,1768
15.2278,1762
15.2306,1744
15.2333,1747
15.2361,1755
15.2389,1756
15.2417,1749
15.2444,1756
15.2472,1755
15.2500,1760
15.2528,1768
15.2556,1776
15.2583,1783
15.2611,1783
15.2639,1762
15.2667,1746
15.2694,1744
15.2722,1735
15.2750,1745
15.2778,1745
15.2806,1746
15.2833,1747
15.2861,1766
15.2889,1766
15.2917,1771
15.2944,1773
15.2972,1772
15.3000,1764
15.3028,1762
15.3056,1769
15.3083,1767
15.3111,1767
15.3139,1777
15.3167,1768
15.3194,1765
15.3222,1762
15.3250,1757
15.3278,1763
15.3306,1771
15.3333,1780
15.3361,1762
15.3389,1762
15.3417,1763
15.3444,1767
15.3472,1759
15.3500,1767
15.3528,1771
15.3556,1774
15.3583,1787
15.3611,1781
15.3639,1766
15.3667,1748
15.3694,1743
15.3722,1734
15.3750,1748
15.3778,1772
15.3806,1787
15.3833,1784
15.3861,1773
15.3889,1781
15.3917,1760
15.3944,1763
15.3972,1763
15.4000,1775
15.4028,1788
15.4056,1796
15.4083,1794
15.4111,1797
15.4139,1794
15.4167,1810
15.4194,1824
15.4222,1840
15.4250,1852
15.4278,1853
15.4306,1839
15.4333,1837
15.4361,1838
15.4389,1817
15.4417,1796
15.4444,1772
15.4472,1780
15.4500,1819
15.4528,1869
15.4556,1909
15.4583,1945
15.4611,1925
15.4639,1914
15.4667,1888
15.4694,1870
15.4722,1851
15.4750,1828
15.4778,1822
15.4806,1834
15.4833,1825
15.4861,1810
15.4889,1788
15.4917,1778
15.4944,1766
15.4972,1745
15.5000,1733
15.5028,1726
15.5056,1716
15.5083,1718
15.5111,1725
15.5139,1737
15.5167,1740
15.5194,1740
15.5222,1737
15.5250,1712
15.5278,1720
15.5306,1701
15.5333,1688
15.5361,1662
15.5389,1647
15.5417,1663
15.5444,1684
15.5472,1735
15.5500,1825
15.5528,1945
15.5556,2124
15.5583,2376
15.5611,2730
15.5639,3132
15.5667,3347
15.5694,3354
15.5722,3367
15.5750,3369
15.5778,3256
15.5806,2780
15.5833,2214
15.5861,1763
15.5889,1504
15.5917,1433
15.5944,1480
15.5972,1579
15.6000,1656
15.6028,1713
15.6056,1706
15.6083,1674
15.6111,1618
15.6139,1577
15.6167,1568
15.6194,1559
15.6222,1571
15.6250,1584
15.6278,1593
15.6306,1572
15.6333,1574
15.6361,1584
15.6389,1582
15.6417,1593
15.6444,1599
15.6472,1610
15.6500,1619
15.6528,1605
15.6556,1597
15.6583,1587
15.6611,1581
15.6639,1585
15.6667,1602
15.6694,1634
15.6722,1643
15.6750,1639
15.6778,1626
15.6806,1635
15.6833,1650
15.6861,1670
15.6889,1652
15.6917,1640
15.6944,1636
15.6972,1635
15.7000,1640
15.7028,1645
15.7056,1673
15.7083,1684
15.7111,1700
15.7139,1713
15.7167,1682
15.7194,1689
15.7222,1684
15.7250,1704
15.7278,1716
15.7306,1739
15.7333,1754
15.7361,1758
15.7389,1762
15.7417,1758
15.7444,1776
15.7472,1790
15.7500,1802
15.7528,1807
15.7556,1807
15.7583,1815
15.7611,1827
15.7639,1864
15.7667,1885
15.7694,1887
15.7722,1884
15.7750,1889
15.7778,1903
15.7806,1826
15.7833,1823
15.7861,1813
15.7889,1789
15.7917,1771
15.7944,1750
15.7972,1725
15.8000,1699
15.8028,1695
15.8056,1673
15.8083,1657
15.8111,1631
15.8139,1628
15.8167,1620
15.8194,1626
15.8222,1626
15.8250,1627
15.8278,1623
15.8306,1619
15.8333,1614
15.8361,1620
15.8389,1638
15.8417,1646
15.8444,1651
15.8472,1648
15.8500,1626
15.8528,1622
15.8556,1616
15.8583,1607
15.8611,1605
15.8639,1610
15.8667,1616
15.8694,1630
15.8722,1644
15.8750,1645
15.8778,1639
15.8806,1626
15.8833,1630
15.8861,1626
15.8889,1623
15.8917,1633
15.8944,1633
15.8972,1646
15.9000,1668
15.9028,1656
15.9056,1625
15.9083,1626
15.9111,1612
15.9139,1619
15.9167,1611
15.9194,1622
15.9222,1646
15.9250,1668
15.9278,1685
15.9306,1676
15.9333,1669
15.9361,1665
15.9389,1646
15.9417,1637
15.9444,1635
15.9472,1638
15.9500,1653
15.9528,1650
15.9556,1651
15.9583,1655
15.9611,1651
15.9639,1652
15.9667,1657
15.9694,1643
15.9722,1626
15.9750,1609
15.9778,1607
15.9806,1618
15.9833,1625
15.9861,1621
15.9889,1613
15.9917,1607
15.9944,1609
15.9972,1600
16.0000,1593
16.0028,1603
16.0056,1608
16.0083,1611
16.0111,1622
16.0139,1630
16.0167,1620
16.0194,1614
16.0222,1608
16.0250,1614
16.0278,1596
16.0306,1591
16.0333,1581
16.0361,1591
16.0389,1611
16.0417,1623
16.0444,1634
16.0472,1626
16.0500,1612
16.0528,1596
16.0556,1586
16.0583,1588
16.0611,1587
16.0639,1595
16.0667,1583
16.0694,1596
16.0722,1597
16.0750,1598
16.0778,1610
16.0806,1619
16.0833,1612
16.0861,1610
16.0889,1609
16.0917,1613
16.0944,1602
16.0972,1607
16.1000,1617
16.1028,1614
16.1056,1604
16.1083,1586
16.1111,1580
16.1139,1592
16.1167,1601
16.1194,1610
16.1222,1592
16.1250,1596
16.1278,1589
16.1306,1585
16.1333,1590
16.1361,1591
16.1389,1607
16.1417,1607
16.1444,1601
16.1472,1601
16.1500,1603
16.1528,1607
16.1556,1592
16.1583,1591
16.1611,1586
16.1639,1579
16.1667,1589
16.1694,1593
16.1722,1593
16.1750,1596
16.1778,1583
16.1806,1580
16.1833,1582
16.1861,1591
16.1889,1618
16.1917,1614
16.1944,1607
16.1972,1587
16.2000,1550
16.2028,1536
16.2056,1552
16.2083,1580
16.2111,1611
16.2139,1632
16.2167,1629
16.2194,1652
16.2222,1654
16.2250,1656
16.2278,1658
16.2306,1643
16.2333,1629
16.2361,1598
16.2389,1589
16.2417,1600
16.2444,1631
16.2472,1667
16.2500,1697
16.2528,1721
16.2556,1722
16.2583,1708
16.2611,1703
16.2639,1699
16.2667,1697
16.2694,1685
16.2722,1663
16.2750,1628
16.2778,1588
16.2806,1572
16.2833,1554
16.2861,1548
16.2889,1542
16.2917,1539
16.2944,1523
16.2972,1512
16.3000,1504
16.3028,1490
16.3056,1509
16.3083,1520
16.3111,1497
16.3139,1483
16.3167,1471
16.3194,1465
16.3222,1471
16.3250,1470
16.3278,1459
16.3306,1437
16.3333,1416
16.3361,1424
16.3389,1418
16.3417,1423
16.3444,1443
16.3472,1499
16.3500,1618
16.3528,1819
16.3556,2115
16.3583,2510
16.3611,2932
16.3639,3325
16.3667,3351
16.3694,3368
16.3722,3358
16.3750,3073
16.3778,2497
16.3806,1893
16.3833,1448
16.3861,1215
16.3889,1161
16.3917,1218
16.3944,1317
16.3972,1388
16.4000,1448
16.4028,1437
16.4056,1382
16.4083,1336
16.4111,1300
16.4139,1291
16.4167,1293
16.4194,1294
16.4222,1295
16.4250,1289
16.4278,1262
16.4306,1254
16.4333,1276
16.4361,1290
16.4389,1304
16.4417,1312
16.4444,1318
16.4472,1316
16.4500,1315
16.4528,1303
16.4556,1311
16.4583,1302
16.4611,1319
16.4639,1320
16.4667,1340
16.4694,1354
16.4722,1358
16.4750,1361
16.4778,1354
16.4806,1347
16.4833,1343
16.4861,1357
16.4889,1354
16.4917,1352
16.4944,1341
16.4972,1330
16.5000,1344
16.5028,1362
16.5056,1380
16.5083,1390
16.5111,1401
16.5139,1402
16.5167,1394
16.5194,1403
16.5222,1420
16.5250,1438
16.5278,1438
16.5306,1433
16.5333,1426
16.5361,1438
16.5389,1448
16.5417,1463
16.5444,1473
16.5472,1492
16.5500,1509
16.5528,1520
16.5556,1768
16.5583,1768
16.5611,1777
16.5639,1758
16.5667,1742
16.5694,1712
16.5722,1682
16.5750,1666
16.5778,1656
16.5806,1635
16.5833,1608
16.5861,1606
16.5889,1590
16.5917,1564
16.5944,1550
16.5972,1559
16.6000,1576
16.6028,1574
16.6056,1557
16.6083,1516
16.6111,1459
16.6139,1453
16.6167,1484
16.6194,1516
16.6222,1508
16.6250,1476
16.6278,1436
16.6306,1408
16.6333,1430
16.6361,1470
16.6389,1496
16.6417,1513
16.6444,1523
16.6472,1514
16.6500,1517
16.6528,1510
16.6556,1511
16.6583,1512
16.6611,1515
16.6639,1528
16.6667,1539
16.6694,1529
16.6722,1482
16.6750,1444
16.6778,1409
16.6806,1425
16.6833,1482
16.6861,1537
16.6889,1559
16.6917,1571
16.6944,1573
16.6972,1562
16.7000,1559
16.7028,1552
16.7056,1572
16.7083,1587
16.7111,1601
16.7139,1582
16.7167,1573
16.7194,1572
16.7222,1581
16.7250,1601
16.7278,1597
16.7306,1584
16.7333,1570
16.7361,1563
16.7389,1572
16.7417,1591
16.7444,1600
16.7472,1571
16.7500,1538
16.7528,1528
16.7556,1552
16.7583,1586
16.7611,1609
16.7639,1609
16.7667,1624
16.7694,1626
16.7722,1617
16.7750,1607
16.7778,1580
16.7806,1572
16.7833,1575
16.7861,1594
16.7889,1617
16.7917,1635
16.7944,1615
16.7972,1609
16.8000,1608
16.8028,1615
16.8056,1611
16.8083,1609
16.8111,1606
16.8139,1611
16.8167,1609
16.8194,1608
16.8222,1609
16.8250,1608
16.8278,1606
16.8306,1616
16.8333,1620
16.8361,1628
16.8389,1616
16.8417,1605
16.8444,1616
16.8472,1634
16.8500,1645
16.8528,1633
16.8556,1613
16.8583,1606
16.8611,1608
16.8639,1617
16.8667,1625
16.8694,1633
16.8722,1648
16.8750,1658
16.8778,1661
16.8806,1679
16.8833,1690
16.8861,1679
16.8889,1646
16.8917,1643
16.8944,1665
16.8972,1685
16.9000,1699
16.9028,1703
16.9056,1706
16.9083,1702
16.9111,1698
16.9139,1694
16.9167,1717
16.9194,1753
16.9222,1777
16.9250,1781
16.9278,1767
16.9306,1735
16.9333,1725
16.9361,1703
16.9389,1701
16.9417,1725
16.9444,1753
16.9472,1785
16.9500,1792
16.9528,1788
16.9556,1777
16.9583,1779
16.9611,1777
16.9639,1786
16.9667,1790
16.9694,1801
16.9722,1789
16.9750,1779
16.9778,1767
16.9806,1775
16.9833,1782
16.9861,1801
16.9889,1809
16.9917,1810
16.9944,1805
16.9972,1802
17.0000,1802
17.0028,1804
17.0056,1814
17.0083,1838
17.0111,1856
17.0139,1874
17.0167,1888
17.0194,1898
17.0222,1912
17.0250,1918
17.0278,1930
17.0306,1928
17.0333,1903
17.0361,1886
17.0389,1855
17.0417,1838
17.0444,1870
17.0472,1926
17.0500,1988
17.0528,2025
17.0556,2056
17.0583,2049
17.0611,2045
17.0639,2006
17.0667,1995
17.0694,1960
17.0722,1953
17.0750,1938
17.0778,1926
17.0806,1909
17.0833,1903
17.0861,1892
17.0889,1879
17.0917,1873
17.0944,1868
17.0972,1858
17.1000,1865
17.1028,1875
17.1056,1884
17.1083,1874
17.1111,1865
17.1139,1853
17.1167,1857
17.1194,1863
17.1222,1864
17.1250,1865
17.1278,1854
17.1306,1839
17.1333,1818
17.1361,1808
17.1389,1811
17.1417,1839
17.1444,1858
17.1472,1920
17.1500,2041
17.1528,2241
17.1556,2532
17.1583,2910
17.1611,3317
17.1639,3352
17.1667,3370
17.1694,3382
17.1722,3378
17.1750,3371
17.1778,3133
17.1806,2613
17.1833,2076
17.1861,1732
17.1889,1600
17.1917,1604
17.1944,1686
17.1972,1752
17.2000,1789
17.2028,1784
17.2056,1774
17.2083,1747
17.2111,1728
17.2139,1722
17.2167,1706
17.2194,1705
17.2222,1711
17.2250,1725
17.2278,1740
17.2306,1735
17.2333,1709
17.2361,1691
17.2389,1683
17.2417,1699
17.2444,1733
17.2472,1753
17.2500,1764
17.2528,1739
17.2556,1711
17.2583,1692
17.2611,1708
17.2639,1726
17.2667,1745
17.2694,1750
17.2722,1739
17.2750,1714
17.2778,1690
17.2806,1694
17.2833,1710
17.2861,1740
17.2889,1754
17.2917,1737
17.2944,1716
17.2972,1714
17.3000,1721
17.3028,1746
17.3056,1761
17.3083,1772
17.3111,1754
17.3139,1722
17.3167,1718
17.3194,1744
17.3222,1764
17.3250,1792
17.3278,1817
17.3306,1817
17.3333,1804
17.3361,1787
17.3389,1789
17.3417,1796
17.3444,1823
17.3472,1833
17.3500,1853
17.3528,1861
17.3556,1857
17.3583,1875
17.3611,1882
17.3639,1909
17.3667,1932
17.3694,1944
17.3722,1942
17.3750,1937
17.3778,1790
17.3806,1804
17.3833,1790
17.3861,1795
17.3889,1781
17.3917,1757
17.3944,1732
17.3972,1706
17.4000,1672
17.4028,1671
17.4056,1658
17.4083,1651
17.4111,1635
17.4139,1605
17.4167,1577
17.4194,1574
17.4222,1572
17.4250,1598
17.4278,1594
17.4306,1593
17.4333,1583
17.4361,1576
17.4389,1567
17.4417,1573
17.4444,1589
17.4472,1597
17.4500,1593
17.4528,1575
17.4556,1568
17.4583,1557
17.4611,1555
17.4639,1557
17.4667,1579
17.4694,1592
17.4722,1595
17.4750,1586
17.4778,1562
17.4806,1561
17.4833,1562
17.4861,1563
17.4889,1565
17.4917,1578
17.4944,1565
17.4972,1564
17.5000,1565
17.5028,1572
17.5056,1578
17.5083,1565
17.5111,1563
17.5139,1560
17.5167,1558
17.5194,1562
17.5222,1568
17.5250,1564
17.5278,1562
17.5306,1555
17.5333,1554
17.5361,1555
17.5389,1568
17.5417,1559
17.5444,1566
17.5472,1567
17.5500,1557
17.5528,1552
17.5556,1521
17.5583,1507
17.5611,1512
17.5639,1530
17.5667,1550
17.5694,1554
17.5722,1553
17.5750,1539
17.5778,1534
17.5806,1509
17.5833,1493
17.5861,1501
17.5889,1512
17.5917,1511
17.5944,1519
17.5972,1524
17.6000,1538
17.6028,1534
17.6056,1531
17.6083,1530
17.6111,1520
17.6139,1505
17.6167,1502
17.6194,1504
17.6222,1518
17.6250,1515
17.6278,1509
17.6306,1511
17.6333,1506
17.6361,1499
17.6389,1500
17.6417,1495
17.6444,1496
17.6472,1494
17.6500,1499
17.6528,1500
17.6556,1509
17.6583,1509
17.6611,1511
17.6639,1503
17.6667,1508
17.6694,1509
17.6722,1494
17.6750,1481
17.6778,1468
17.6806,1479
17.6833,1486
17.6861,1508
17.6889,1508
17.6917,1511
17.6944,1506
17.6972,1498
17.7000,1496
17.7028,1488
17.7056,1491
17.7083,1500
17.7111,1507
17.7139,1524
17.7167,1526
17.7194,1529
17.7222,1530
17.7250,1538
17.7278,1532
17.7306,1513
17.7333,1504
17.7361,1503
17.7389,1512
17.7417,1518
17.7444,1525
17.7472,1531
17.7500,1526
17.7528,1511
17.7556,1503
17.7583,1510
17.7611,1520
17.7639,1544
17.7667,1552
17.7694,1537
17.7722,1528
17.7750,1525
17.7778,1503
17.7806,1501
17.7833,1512
17.7861,1531
17.7889,1561
17.7917,1564
17.7944,1549
17.7972,1533
17.8000,1531
17.8028,1528
17.8056,1551
17.8083,1563
17.8111,1573
17.8139,1578
17.8167,1574
17.8194,1576
17.8222,1576
17.8250,1586
17.8278,1604
17.8306,1616
17.8333,1613
17.8361,1621
17.8389,1645
17.8417,1663
17.8444,1660
17.8472,1639
17.8500,1606
17.8528,1573
17.8556,1572
17.8583,1583
17.8611,1626
17.8639,1662
17.8667,1716
17.8694,1745
17.8722,1747
17.8750,1746
17.8778,1722
17.8806,1700
17.8833,1681
17.8861,1667
17.8889,1653
17.8917,1669
17.8944,1670
17.8972,1656
17.9000,1638
17.9028,1617
17.9056,1601
17.9083,1574
17.9111,1569
17.9139,1557
17.9167,1555
17.9194,1558
17.9222,1571
17.9250,1581
17.9278,1592
17.9306,1584
17.9333,1585
17.9361,1584
17.9389,1577
17.9417,1575
17.9444,1571
17.9472,1554
17.9500,1541
17.9528,1522
17.9556,1520
17.9583,1529
17.9611,1545
17.9639,1591
17.9667,1672
17.9694,1819
17.9722,2050
17.9750,2398
17.9778,2832
17.9806,3260
17.9833,3348
17.9861,3373
17.9889,3376
17.9917,3348
17.9944,3022
17.9972,2441
18.0000,1868
18.0028,1488
18.0056,1312
18.0083,1295
18.0111,1384
18.0139,1484
18.0167,1555
18.0194,1590
18.0222,1580
18.0250,1531
18.0278,1490
18.0306,1461
18.0333,1460
18.0361,1480
18.0389,1494
18.0417,1504
18.0444,1511
18.0472,1512
18.0500,1493
18.0528,1488
18.0556,1485
18.0583,1497
18.0611,1519
18.0639,1528
18.0667,1540
18.0694,1528
18.0722,1536
18.0750,1537
18.0778,1542
18.0806,1556
18.0833,1573
18.0861,1569
18.0889,1561
18.0917,1557
18.0944,1564
18.0972,1563
18.1000,1566
18.1028,1580
18.1056,1598
18.1083,1606
18.1111,1605
18.1139,1607
18.1167,1618
18.1194,1627
18.1222,1641
18.1250,1629
18.1278,1636
18.1306,1622
18.1333,1626
18.1361,1626
18.1389,1630
18.1417,1655
18.1444,1680
18.1472,1696
18.1500,1707
18.1528,1698
18.1556,1695
18.1583,1694
18.1611,1715
18.1639,1739
18.1667,1766
18.1694,1779
18.1722,1793
18.1750,1795
18.1778,1824
18.1806,1832
18.1833,1844
18.1861,1866
18.1889,1881
18.1917,1881
18.1944,1796
18.1972,1800
18.2000,1780
18.2028,1767
18.2056,1744
18.2083,1721
18.2111,1690
18.2139,1663
18.2167,1648
18.2194,1639
18.2222,1631
18.2250,1629
18.2278,1608
18.2306,1589
18.2333,1579
18.2361,1586
18.2389,1599
18.2417,1620
18.2444,1618
18.2472,1610
18.2500,1598
18.2528,1579
18.2556,1579
18.2583,1572
18.2611,1581
18.2639,1576
18.2667,1571
18.2694,1559
18.2722,1542
18.2750,1542
18.2778,1549
18.2806,1560
18.2833,1577
18.2861,1573
18.2889,1563
18.2917,1542
18.2944,1541
18.2972,1546
18.3000,1568
18.3028,1579
18.3056,1569
18.3083,1557
18.3111,1555
18.3139,1548
18.3167,1548
18.3194,1547
18.3222,1546
18.3250,1569
18.3278,1561
18.3306,1560
18.3333,1555
18.3361,1556
18.3389,1568
18.3417,1570
18.3444,1565
18.3472,1550
18.3500,1534
18.3528,1532
18.3556,1534
18.3583,1540
18.3611,1556
18.3639,1564
18.3667,1564
18.3694,1555
18.3722,1550
18.3750,1531
18.3778,1529
18.3806,1531
18.3833,1552
18.3861,1552
18.3889,1552
18.3917,1534
18.3944,1510
18.3972,1509
18.4000,1513
18.4028,1519
18.4056,1516
18.4083,1517
18.4111,1509
18.4139,1503
18.4167,1485
18.4194,1493
18.4222,1505
18.4250,1514
18.4278,1505
18.4306,1508
18.4333,1497
18.4361,1486
18.4389,1484
18.4417,1485
18.4444,1486
18.4472,1475
18.4500,1476
18.4528,1476
18.4556,1487
18.4583,1497
18.4611,1496
18.4639,1485
18.4667,1460
18.4694,1444
18.4722,1454
18.4750,1467
18.4778,1477
18.4806,1474
18.4833,1488
18.4861,1484
18.4889,1475
18.4917,1462
18.4944,1466
18.4972,1460
18.5000,1443
18.5028,1442
18.5056,1448
18.5083,1448
18.5111,1435
18.5139,1435
18.5167,1433
18.5194,1434
18.5222,1440
18.5250,1433
18.5278,1440
18.5306,1429
18.5333,1438
18.5361,1443
18.5389,1452
18.5417,1444
18.5444,1440
18.5472,1430
18.5500,1439
18.5528,1444
18.5556,1448
18.5583,1453
18.5611,1454
18.5639,1454
18.5667,1432
18.5694,1434
18.5722,1445
18.5750,1446
18.5778,1450
18.5806,1444
18.5833,1445
18.5861,1443
18.5889,1437
18.5917,1427
18.5944,1421
18.5972,1409
18.6000,1415
18.6028,1411
18.6056,1419
18.6083,1434
18.6111,1452
18.6139,1454
18.6167,1449
18.6194,1439
18.6222,1460
18.6250,1504
18.6278,1523
18.6306,1515
18.6333,1536
18.6361,1544
18.6389,1519
18.6417,1488
18.6444,1466
18.6472,1441
18.6500,1458
18.6528,1503
18.6556,1549
18.6583,1589
18.6611,1605
18.6639,1595
18.6667,1584
18.6694,1554
18.6722,1524
18.6750,1502
18.6778,1489
18.6806,1472
18.6833,1469
18.6861,1467
18.6889,1449
18.6917,1437
18.6944,1422
18.6972,1401
18.7000,1398
18.7028,1390
18.7056,1382
18.7083,1357
18.7111,1352
18.7139,1356
18.7167,1372
18.7194,1385
18.7222,1393
18.7250,1390
18.7278,1375
18.7306,1355
18.7333,1341
18.7361,1323
18.7389,1292
18.7417,1267
18.7444,1277
18.7472,1312
18.7500,1358
18.7528,1432
18.7556,1541
18.7583,1697
18.7611,1910
18.7639,2215
18.7667,2600
18.7694,3001
18.7722,3314
18.7750,3342
18.7778,3284
18.7806,2963
18.7833,2452
18.7861,1927
18.7889,1519
18.7917,1252
18.7944,1126
18.7972,1131
18.8000,1203
18.8028,1293
18.8056,1343
18.8083,1341
18.8111,1292
18.8139,1229
18.8167,1162
18.8194,1131
18.8222,1132
18.8250,1165
18.8278,1213
18.8306,1233
18.8333,1254
18.8361,1266
18.8389,1263
18.8417,1249
18.8444,1223
18.8472,1210
18.8500,1201
18.8528,1204
18.8556,1219
18.8583,1226
18.8611,1219
18.8639,1204
18.8667,1217
18.8694,1258
18.8722,1291
18.8750,1296
18.8778,1300
18.8806,1292
18.8833,1291
18.8861,1277
18.8889,1255
18.8917,1243
18.8944,1245
18.8972,1267
18.9000,1274
18.9028,1286
18.9056,1289
18.9083,1291
18.9111,1281
18.9139,1267
18.9167,1272
18.9194,1297
18.9222,1319
18.9250,1322
18.9278,1319
18.9306,1309
18.9333,1319
18.9361,1313
18.9389,1322
18.9417,1328
18.9444,1357
18.9472,1379
18.9500,1397
18.9528,1408
18.9556,1400
18.9583,1429
18.9611,1432
18.9639,1443
18.9667,1450
18.9694,1463
18.9722,1471
18.9750,1457
18.9778,1455
18.9806,1435
18.9833,1442
18.9861,1428
18.9889,1423
18.9917,1411
18.9944,1379
18.9972,1351
19.0000,1337
19.0028,1348
19.0056,1342
19.0083,1326
19.0111,1292
19.0139,1277
19.0167,1283
19.0194,1279
19.0222,1278
19.0250,1276
19.0278,1280
19.0306,1289
19.0333,1255
19.0361,1209
19.0389,1167
19.0417,1162
19.0444,1191
19.0472,1242
19.0500,1264
19.0528,1276
19.0556,1269
19.0583,1258
19.0611,1255
19.0639,1250
19.0667,1248
19.0694,1252
19.0722,1286
19.0750,1322
19.0778,1349
19.0806,1345
19.0833,1336
19.0861,1314
19.0889,1302
19.0917,1289
19.0944,1314
19.0972,1365
19.1000,1430
19.1028,1478
19.1056,1471
19.1083,1400
19.1111,1330
19.1139,1322
19.1167,1352
19.1194,1397
19.1222,1442
19.1250,1481
19.1278,1466
19.1306,1442
19.1333,1430
19.1361,1432
19.1389,1465
19.1417,1502
19.1444,1529
19.1472,1501
19.1500,1497
19.1528,1502
19.1556,1493
19.1583,1514
19.1611,1526
19.1639,1542
19.1667,1567
19.1694,1589
19.1722,1578
19.1750,1548
19.1778,1517
19.1806,1491
19.1833,1474
19.1861,1476
19.1889,1537
19.1917,1589
19.1944,1606
19.1972,1586
19.2000,1550
19.2028,1548
19.2056,1586
19.2083,1619
19.2111,1630
19.2139,1633
19.2167,1629
19.2194,1636
19.2222,1646
19.2250,1652
19.2278,1664
19.2306,1660
19.2333,1675
19.2361,1669
19.2389,1649
19.2417,1637
19.2444,1643
19.2472,1661
19.2500,1702
19.2528,1699
19.2556,1699
19.2583,1699
19.2611,1708
19.2639,1724
19.2667,1733
19.2694,1754
19.2722,1760
19.2750,1753
19.2778,1750
19.2806,1739
19.2833,1742
19.2861,1739
19.2889,1743
19.2917,1781
19.2944,1805
19.2972,1820
19.3000,1838
19.3028,1838
19.3056,1820
19.3083,1810
19.3111,1796
19.3139,1809
19.3167,1836
19.3194,1857
19.3222,1848
19.3250,1832
19.3278,1840
19.3306,1848
19.3333,1870
19.3361,1878
19.3389,1902
19.3417,1934
19.3444,1936
19.3472,1934
19.3500,1895
19.3528,1865
19.3556,1844
19.3583,1856
19.3611,1877
19.3639,1909
19.3667,1926
19.3694,1940
19.3722,1932
19.3750,1938
19.3778,1938
19.3806,1931
19.3833,1945
19.3861,1965
19.3889,1987
19.3917,2014
19.3944,2025
19.3972,2018
19.4000,2036
19.4028,2044
19.4056,2075
19.4083,2069
19.4111,2057
19.4139,2021
19.4167,1999
19.4194,1994
19.4222,1998
19.4250,2035
19.4278,2084
19.4306,2122
19.4333,2147
19.4361,2188
19.4389,2206
19.4417,2201
19.4444,2165
19.4472,2117
19.4500,2100
19.4528,2095
19.4556,2097
19.4583,2108
19.4611,2094
19.4639,2084
19.4667,2082
19.4694,2079
19.4722,2061
19.4750,2030
19.4778,2008
19.4806,2007
19.4833,2048
19.4861,2075
19.4889,2089
19.4917,2074
19.4944,2056
19.4972,2047
19.5000,2055
19.5028,2040
19.5056,2023
19.5083,2003
19.5111,1988
19.5139,1975
19.5167,1963
19.5194,1947
19.5222,1940
19.5250,1961
19.5278,2012
19.5306,2123
19.5333,2313
19.5361,2574
19.5389,2965
19.5417,3355
19.5444,3354
19.5472,3375
19.5500,3382
19.5528,3384
19.5556,3377
19.5583,3366
19.5611,3333
19.5639,2981
19.5667,2485
19.5694,2076
19.5722,1885
19.5750,1865
19.5778,1911
19.5806,1953
19.5833,1994
19.5861,2001
19.5889,1988
19.5917,1970
19.5944,1953
19.5972,1921
19.6000,1874
19.6028,1854
19.6056,1892
19.6083,1925
19.6111,1948
19.6139,1952
19.6167,1945
19.6194,1933
19.6222,1919
19.6250,1962
19.6278,1985
19.6306,1995
19.6333,1983
19.6361,1957
19.6389,1923
19.6417,1925
19.6444,1937
19.6472,1963
19.6500,1980
19.6528,1999
19.6556,1968
19.6583,1917
19.6611,1899
19.6639,1940
19.6667,2002
19.6694,2035
19.6722,2039
19.6750,2008
19.6778,1974
19.6806,1951
19.6833,1967
19.6861,2008
19.6889,2042
19.6917,2071
19.6944,2052
19.6972,2019
19.7000,2001
19.7028,2026
19.7056,2039
19.7083,2071
19.7111,2080
19.7139,2060
19.7167,2050
19.7194,2038
19.7222,2029
19.7250,2049
19.7278,2086
19.7306,2122
19.7333,2125
19.7361,2114
19.7389,2114
19.7417,2149
19.7444,2188
19.7472,2224
19.7500,2233
19.7528,2226
19.7556,2231
19.7583,2225
19.7611,2233
19.7639,2098
19.7667,2111
19.7694,2095
19.7722,2077
19.7750,2064
19.7778,2067
19.7806,2037
19.7833,2007
19.7861,1994
19.7889,2009
19.7917,1998
19.7944,1986
19.7972,1975
19.8000,1950
19.8028,1944
19.8056,1937
19.8083,1954
19.8111,1978
19.8139,1976
19.8167,1963
19.8194,1935
19.8222,1913
19.8250,1911
19.8278,1912
19.8306,1930
19.8333,1953
19.8361,1981
19.8389,1985
19.8417,1971
19.8444,1953
19.8472,1933
19.8500,1941
19.8528,1948
19.8556,1948
19.8583,1944
19.8611,1941
19.8639,1951
19.8667,1961
19.8694,1943
19.8722,1927
19.8750,1924
19.8778,1932
19.8806,1938
19.8833,1938
19.8861,1954
19.8889,1969
19.8917,1971
19.8944,1961
19.8972,1961
19.9000,1963
19.9028,1975
19.9056,1983
19.9083,1997
19.9111,1994
19.9139,1981
19.9167,1945
19.9194,1925
19.9222,1919
19.9250,1935
19.9278,1955
19.9306,1955
19.9333,1953
19.9361,1928
19.9389,1924
19.9417,1913
19.9444,1886
19.9472,1895
19.9500,1936
19.9528,1975
19.9556,1983
19.9583,1958
19.9611,1942
19.9639,1926
19.9667,1925
19.9694,1919
19.9722,1924
19.9750,1911
19.9778,1885
19.9806,1886
19.9833,1888
19.9861,1893
19.9889,1902
19.9917,1917
19.9944,1929
19.9972,1911
20.0000,1902
20.0028,1904
20.0056,1896
20.0083,1894
20.0111,1888
20.0139,1870
20.0167,1862
20.0194,1860
20.0222,1881
20.0250,1891
20.0278,1881
20.0306,1881
20.0333,1885
20.0361,1889
20.0389,1895
20.0417,1910
20.0444,1910
20.0472,1911
20.0500,1894
20.0528,1874
20.0556,1860
20.0583,1840
20.0611,1843
20.0639,1859
20.0667,1876
20.0694,1885
20.0722,1884
20.0750,1869
20.0778,1863
20.0806,1848
20.0833,1860
20.0861,1870
20.0889,1870
20.0917,1885
20.0944,1881
20.0972,1882
20.1000,1865
20.1028,1846
20.1056,1846
20.1083,1846
20.1111,1841
20.1139,1841
20.1167,1837
20.1194,1834
20.1222,1825
20.1250,1825
20.1278,1829
20.1306,1833
20.1333,1832
20.1361,1833
20.1389,1826
20.1417,1823
20.1444,1806
20.1472,1805
20.1500,1830
20.1528,1855
20.1556,1844
20.1583,1830
20.1611,1810
20.1639,1807
20.1667,1805
20.1694,1813
20.1722,1817
20.1750,1822
20.1778,1814
20.1806,1821
20.1833,1839
20.1861,1834
20.1889,1820
20.1917,1788
20.1944,1768
20.1972,1763
20.2000,1785
20.2028,1810
20.2056,1806
20.2083,1806
20.2111,1794
20.2139,1823
20.2167,1852
20.2194,1861
20.2222,1874
20.2250,1868
20.2278,1869
20.2306,1845
20.2333,1830
20.2361,1809
20.2389,1777
20.2417,1775
20.2444,1799
20.2472,1844
20.2500,1897
20.2528,1934
20.2556,1949
20.2583,1942
20.2611,1933
20.2639,1922
20.2667,1889
20.2694,1842
20.2722,1820
20.2750,1797
20.2778,1810
20.2806,1786
20.2833,1758
20.2861,1742
20.2889,1750
20.2917,1751
20.2944,1758
20.2972,1750
20.3000,1736
20.3028,1739
20.3056,1744
20.3083,1751
20.3111,1748
20.3139,1728
20.3167,1694
20.3194,1681
20.3222,1684
20.3250,1715
20.3278,1723
20.3306,1700
20.3333,1656
20.3361,1626
20.3389,1619
20.3417,1620
20.3444,1626
20.3472,1654
20.3500,1752
20.3528,1933
20.3556,2242
20.3583,2640
20.3611,3085
20.3639,3341
20.3667,3360
20.3694,3384
20.3722,3387
20.3750,3366
20.3778,3080
20.3806,2512
20.3833,1964
20.3861,1601
20.3889,1437
20.3917,1445
20.3944,1535
20.3972,1594
20.4000,1615
20.4028,1612
20.4056,1590
20.4083,1572
20.4111,1565
20.4139,1547
20.4167,1549
20.4194,1550
20.4222,1566
20.4250,1562
20.4278,1564
20.4306,1550
20.4333,1530
20.4361,1504
20.4389,1504
20.4417,1527
20.4444,1566
20.4472,1585
20.4500,1562
20.4528,1527
20.4556,1522
20.4583,1536
20.4611,1541
20.4639,1553
20.4667,1572
20.4694,1608
20.4722,1607
20.4750,1585
20.4778,1570
20.4806,1567
20.4833,1578
20.4861,1614
20.4889,1631
20.4917,1627
20.4944,1606
20.4972,1598
20.5000,1607
20.5028,1640
20.5056,1656
20.5083,1650
20.5111,1654
20.5139,1626
20.5167,1617
20.5194,1615
20.5222,1646
20.5250,1652
20.5278,1668
20.5306,1687
20.5333,1677
20.5361,1663
20.5389,1652
20.5417,1681
20.5444,1719
20.5472,1750
20.5500,1764
20.5528,1770
20.5556,1771
20.5583,1777
20.5611,1800
20.5639,1830
20.5667,1850
20.5694,1857
20.5722,1850
20.5750,1822
20.5778,1816
20.5806,1807
20.5833,1796
20.5861,1782
20.5889,1774
20.5917,1741
20.5944,1700
20.5972,1644
20.6000,1632
20.6028,1655
20.6056,1667
20.6083,1663
20.6111,1648
20.6139,1607
20.6167,1581
20.6194,1574
20.6222,1579
20.6250,1581
20.6278,1587
20.6306,1601
20.6333,1595
20.6361,1592
20.6389,1576
20.6417,1561
20.6444,1550
20.6472,1557
20.6500,1579
20.6528,1594
20.6556,1611
20.6583,1617
20.6611,1604
20.6639,1609
20.6667,1608
20.6694,1605
20.6722,1617
20.6750,1610
20.6778,1589
20.6806,1570
20.6833,1574
20.6861,1589
20.6889,1595
20.6917,1600
20.6944,1596
20.6972,1602
20.7000,1608
20.7028,1615
20.7056,1623
20.7083,1625
20.7111,1619
20.7139,1612
20.7167,1587
20.7194,1578
20.7222,1582
20.7250,1618
20.7278,1651
20.7306,1655
20.7333,1635
20.7361,1624
20.7389,1632
20.7417,1635
20.7444,1638
20.7472,1631
20.7500,1623
20.7528,1623
20.7556,1617
20.7583,1610
20.7611,1590
20.7639,1600
20.7667,1623
20.7694,1636
20.7722,1636
20.7750,1631
20.7778,1619
20.7806,1607
20.7833,1626
20.7861,1620
20.7889,1630
20.7917,1627
20.7944,1608
20.7972,1595
20.8000,1598
20.8028,1616
20.8056,1644
20.8083,1658
20.8111,1656
20.8139,1639
20.8167,1619
20.8194,1622
20.8222,1604
20.8250,1603
20.8278,1625
20.8306,1634
20.8333,1630
20.8361,1608
20.8389,1606
20.8417,1623
20.8444,1647
20.8472,1648
20.8500,1647
20.8528,1631
20.8556,1620
20.8583,1621
20.8611,1624
20.8639,1626
20.8667,1632
20.8694,1632
20.8722,1625
20.8750,1615
20.8778,1607
20.8806,1618
20.8833,1620
20.8861,1625
20.8889,1623
20.8917,1625
20.8944,1623
20.8972,1636
20.9000,1630
20.9028,1626
20.9056,1620
20.9083,1626
20.9111,1616
20.9139,1603
20.9167,1597
20.9194,1608
20.9222,1638
20.9250,1659
20.9278,1667
20.9306,1664
20.9333,1661
20.9361,1646
20.9389,1654
20.9417,1666
20.9444,1647
20.9472,1629
20.9500,1622
20.9528,1622
20.9556,1623
20.9583,1631
20.9611,1641
20.9639,1646
20.9667,1647
20.9694,1640
20.9722,1628
20.9750,1628
20.9778,1630
20.9806,1632
20.9833,1639
20.9861,1646
20.9889,1645
20.9917,1645
20.9944,1621
20.9972,1607
21.0000,1622
21.0028,1632
21.0056,1628
21.0083,1643
21.0111,1646
21.0139,1656
21.0167,1670
21.0194,1683
21.0222,1702
21.0250,1718
21.0278,1725
21.0306,1716
21.0333,1708
21.0361,1696
21.0389,1697
21.0417,1690
21.0444,1697
21.0472,1683
21.0500,1676
21.0528,1681
21.0556,1700
21.0583,1746
21.0611,1774
21.0639,1789
21.0667,1795
21.0694,1793
21.0722,1770
21.0750,1767
21.0778,1756
21.0806,1721
21.0833,1672
21.0861,1646
21.0889,1646
21.0917,1647
21.0944,1641
21.0972,1628
21.1000,1632
21.1028,1610
21.1056,1597
21.1083,1602
21.1111,1592
21.1139,1586
21.1167,1581
21.1194,1542
21.1222,1494
21.1250,1494
21.1278,1553
21.1306,1611
21.1333,1628
21.1361,1622
21.1389,1577
21.1417,1542
21.1444,1507
21.1472,1485
21.1500,1484
21.1528,1496
21.1556,1520
21.1583,1598
21.1611,1743
21.1639,1941
21.1667,2233
21.1694,2630
21.1722,3062
21.1750,3335
21.1778,3359
21.1806,3376
21.1833,3380
21.1861,3232
21.1889,2700
21.1917,2092
21.1944,1620
21.1972,1373
21.2000,1315
21.2028,1372
21.2056,1463
21.2083,1533
21.2111,1572
21.2139,1567
21.2167,1513
21.2194,1463
21.2222,1429
21.2250,1418
21.2278,1437
21.2306,1464
21.2333,1502
21.2361,1542
21.2389,1563
21.2417,1549
21.2444,1515
21.2472,1493
21.2500,1488
21.2528,1497
21.2556,1520
21.2583,1526
21.2611,1517
21.2639,1504
21.2667,1499
21.2694,1507
21.2722,1530
21.2750,1550
21.2778,1557
21.2806,1555
21.2833,1534
21.2861,1542
21.2889,1540
21.2917,1544
21.2944,1552
21.2972,1566
21.3000,1587
21.3028,1591
21.3056,1595
21.3083,1603
21.3111,1602
21.3139,1598
21.3167,1618
21.3194,1626
21.3222,1629
21.3250,1624
21.3278,1615
21.3306,1617
21.3333,1619
21.3361,1631
21.3389,1652
21.3417,1673
21.3444,1678
21.3472,1686
21.3500,1696
21.3528,1722
21.3556,1732
21.3583,1738
21.3611,1726
21.3639,1711
21.3667,1715
21.3694,1735
21.3722,1765
21.3750,1793
21.3778,1831
21.3806,1847
21.3833,1861
21.3861,1860
21.3889,1764
21.3917,1771
21.3944,1762
21.3972,1755
21.4000,1756
21.4028,1745
21.4056,1728
21.4083,1711
21.4111,1690
21.4139,1673
21.4167,1651
21.4194,1634
21.4222,1633
21.4250,1619
21.4278,1617
21.4306,1625
21.4333,1631
21.4361,1625
21.4389,1616
21.4417,1598
21.4444,1580
21.4472,1574
21.4500,1579
21.4528,1587
21.4556,1582
21.4583,1569
21.4611,1571
21.4639,1584
21.4667,1590
21.4694,1590
21.4722,1591
21.4750,1599
21.4778,1602
21.4806,1608
21.4833,1613
21.4861,1621
21.4889,1630
21.4917,1632
21.4944,1633
21.4972,1624
21.5000,1610
21.5028,1598
21.5056,1595
21.5083,1593
21.5111,1598
21.5139,1609
21.5167,1613
21.5194,1614
21.5222,1605
21.5250,1599
21.5278,1600
21.5306,1625
21.5333,1636
21.5361,1648
21.5389,1634
21.5417,1601
21.5444,1580
21.5472,1570
21.5500,1589
21.5528,1608
21.5556,1629
21.5583,1639
21.5611,1637
21.5639,1630
21.5667,1608
21.5694,1592
21.5722,1592
21.5750,1603
21.5778,1594
21.5806,1595
21.5833,1585
21.5861,1567
21.5889,1565
21.5917,1567
21.5944,1564
21.5972,1569
21.6000,1589
21.6028,1586
21.6056,1572
21.6083,1565
21.6111,1561
21.6139,1564
21.6167,1561
21.6194,1556
21.6222,1554
21.6250,1542
21.6278,1543
21.6306,1523
21.6333,1520
21.6361,1529
21.6389,1549
21.6417,1570
21.6444,1577
21.6472,1576
21.6500,1576
21.6528,1558
21.6556,1537
21.6583,1523
21.6611,1530
21.6639,1551
21.6667,1553
21.6694,1558
21.6722,1553
21.6750,1551
21.6778,1551
21.6806,1554
21.6833,1547
21.6861,1541
21.6889,1535
21.6917,1528
21.6944,1530
21.6972,1535
21.7000,1548
21.7028,1555
21.7056,1542
21.7083,1535
21.7111,1532
21.7139,1562
21.7167,1555
21.7194,1543
21.7222,1538
21.7250,1546
21.7278,1547
21.7306,1559
21.7333,1558
21.7361,1565
21.7389,1551
21.7417,1538
21.7444,1533
21.7472,1544
21.7500,1545
21.7528,1554
21.7556,1547
21.7583,1548
21.7611,1533
21.7639,1527
21.7667,1521
21.7694,1514
21.7722,1512
21.7750,1532
21.7778,1551
21.7806,1557
21.7833,1555
21.7861,1556
21.7889,1540
21.7917,1516
21.7944,1514
21.7972,1521
21.8000,1530
21.8028,1530
21.8056,1526
21.8083,1529
21.8111,1528
21.8139,1544
21.8167,1553
21.8194,1547
21.8222,1546
21.8250,1538
21.8278,1537
21.8306,1518
21.8333,1526
21.8361,1522
21.8389,1527
21.8417,1540
21.8444,1530
21.8472,1549
21.8500,1562
21.8528,1567
21.8556,1571
21.8583,1577
21.8611,1585
21.8639,1580
21.8667,1590
21.8694,1600
21.8722,1626
21.8750,1650
21.8778,1625
21.8806,1594
21.8833,1552
21.8861,1545
21.8889,1561
21.8917,1598
21.8944,1631
21.8972,1661
21.9000,1676
21.9028,1667
21.9056,1664
21.9083,1669
21.9111,1668
21.9139,1651
21.9167,1646
21.9194,1626
21.9222,1611
21.9250,1584
21.9278,1545
21.9306,1505
21.9333,1519
21.9361,1517
21.9389,1500
21.9417,1495
21.9444,1497
21.9472,1497
21.9500,1496
21.9528,1497
21.9556,1496
21.9583,1487
21.9611,1489
21.9639,1489
21.9667,1487
21.9694,1487
21.9722,1495
21.9750,1483
21.9778,1449
21.9806,1416
21.9833,1391
21.9861,1393
21.9889,1381
21.9917,1373
21.9944,1417
21.9972,1535
22.0000,1730
22.0028,1970
22.0056,2313
22.0083,2732
22.0111,3149
22.0139,3350
22.0167,3366
22.0194,3369
22.0222,3335
22.0250,2920
22.0278,2281
22.0306,1703
22.0333,1328
22.0361,1168
22.0389,1182
22.0417,1283
22.0444,1387
22.0472,1444
22.0500,1452
22.0528,1426
22.0556,1375
22.0583,1350
22.0611,1324
22.0639,1319
22.0667,1342
22.0694,1361
22.0722,1370
22.0750,1360
22.0778,1350
22.0806,1351
22.0833,1346
22.0861,1341
22.0889,1344
22.0917,1360
22.0944,1377
22.0972,1391
22.1000,1383
22.1028,1384
22.1056,1376
22.1083,1395
22.1111,1400
22.1139,1402
22.1167,1403
22.1194,1412
22.1222,1408
22.1250,1416
22.1278,1433
22.1306,1459
22.1333,1468
22.1361,1472
22.1389,1450
22.1417,1443
22.1444,1431
22.1472,1438
22.1500,1465
22.1528,1486
22.1556,1487
22.1583,1484
22.1611,1476
22.1639,1478
22.1667,1486
22.1694,1507
22.1722,1513
22.1750,1528
22.1778,1529
22.1806,1534
22.1833,1543
22.1861,1547
22.1889,1540
22.1917,1540
22.1944,1537
22.1972,1553
22.2000,1580
22.2028,1605
22.2056,1622
22.2083,1640
22.2111,1664
22.2139,1689
22.2167,1707
22.2194,1718
22.2222,1730
22.2250,1678
22.2278,1690
22.2306,1692
22.2333,1696
22.2361,1688
22.2389,1651
22.2417,1610
22.2444,1574
22.2472,1563
22.2500,1573
22.2528,1582
22.2556,1591
22.2583,1577
22.2611,1561
22.2639,1538
22.2667,1523
22.2694,1512
22.2722,1511
22.2750,1518
22.2778,1518
22.2806,1515
22.2833,1511
22.2861,1507
22.2889,1499
22.2917,1485
22.2944,1485
22.2972,1487
22.3000,1516
22.3028,1543
22.3056,1558
22.3083,1555
22.3111,1534
22.3139,1519
22.3167,1530
22.3194,1533
22.3222,1544
22.3250,1551
22.3278,1559
22.3306,1582
22.3333,1596
22.3361,1606
22.3389,1596
22.3417,1574
22.3444,1566
22.3472,1572
22.3500,1577
22.3528,1579
22.3556,1583
22.3583,1576
22.3611,1568
22.3639,1571
22.3667,1585
22.3694,1599
22.3722,1609
22.3750,1613
22.3778,1614
22.3806,1606
22.3833,1611
22.3861,1604
22.3889,1610
22.3917,1604
22.3944,1612
22.3972,1602
22.4000,1598
22.4028,1594
22.4056,1593
22.4083,1621
22.4111,1638
22.4139,1653
22.4167,1643
22.4194,1629
22.4222,1628
22.4250,1633
22.4278,1639
22.4306,1630
22.4333,1616
22.4361,1600
22.4389,1594
22.4417,1597
22.4444,1607
22.4472,1632
22.4500,1637
22.4528,1643
22.4556,1648
22.4583,1640
22.4611,1632
22.4639,1626
22.4667,1617
22.4694,1610
22.4722,1605
22.4750,1615
22.4778,1634
22.4806,1632
22.4833,1631
22.4861,1622
22.4889,1616
22.4917,1620
22.4944,1643
22.4972,1665
22.5000,1673
22.5028,1675
22.5056,1679
22.5083,1675
22.5111,1667
22.5139,1675
22.5167,1670
22.5194,1666
22.5222,1678
22.5250,1694
22.5278,1697
22.5306,1702
22.5333,1700
22.5361,1672
22.5389,1645
22.5417,1635
22.5444,1638
22.5472,1644
22.5500,1666
22.5528,1686
22.5556,1710
22.5583,1731
22.5611,1717
22.5639,1716
22.5667,1677
22.5694,1672
22.5722,1677
22.5750,1695
22.5778,1696
22.5806,1699
22.5833,1708
22.5861,1724
22.5889,1737
22.5917,1730
22.5944,1726
22.5972,1725
22.6000,1715
22.6028,1716
22.6056,1710
22.6083,1712
22.6111,1723
22.6139,1713
22.6167,1722
22.6194,1727
22.6222,1729
22.6250,1728
22.6278,1718
22.6306,1723
22.6333,1726
22.6361,1736
22.6389,1732
22.6417,1735
22.6444,1732
22.6472,1743
22.6500,1746
22.6528,1735
22.6556,1742
22.6583,1731
22.6611,1729
22.6639,1725
22.6667,1733
22.6694,1744
22.6722,1749
22.6750,1765
22.6778,1764
22.6806,1747
22.6833,1729
22.6861,1737
22.6889,1748
22.6917,1771
22.6944,1769
22.6972,1760
22.7000,1769
22.7028,1778
22.7056,1791
22.7083,1792
22.7111,1794
22.7139,1775
22.7167,1773
22.7194,1772
22.7222,1775
22.7250,1782
22.7278,1791
22.7306,1794
22.7333,1795
22.7361,1827
22.7389,1853
22.7417,1877
22.7444,1887
22.7472,1870
22.7500,1859
22.7528,1837
22.7556,1819
22.7583,1804
22.7611,1803
22.7639,1833
22.7667,1860
22.7694,1895
22.7722,1923
22.7750,1932
22.7778,1949
22.7806,1939
22.7833,1932
22.7861,1914
22.7889,1906
22.7917,1879
22.7944,1868
22.7972,1843
22.8000,1825
22.8028,1812
22.8056,1803
22.8083,1785
22.8111,1768
22.8139,1770
22.8167,1780
22.8194,1778
22.8222,1772
22.8250,1767
22.8278,1746
22.8306,1725
22.8333,1725
22.8361,1725
22.8389,1742
22.8417,1762
22.8444,1769
22.8472,1760
22.8500,1736
22.8528,1698
22.8556,1677
22.8583,1667
22.8611,1676
22.8639,1705
22.8667,1748
22.8694,1843
22.8722,1992
22.8750,2202
22.8778,2502
22.8806,2882
22.8833,3298
22.8861,3357
22.8889,3370
22.8917,3387
22.8944,3384
22.8972,3272
22.9000,2805
22.9028,2256
22.9056,1829
22.9083,1581
22.9111,1521
22.9139,1554
22.9167,1619
22.9194,1657
22.9222,1683
22.9250,1682
22.9278,1664
22.9306,1631
22.9333,1604
22.9361,1592
22.9389,1602
22.9417,1625
22.9444,1658
22.9472,1680
22.9500,1686
22.9528,1665
22.9556,1638
22.9583,1619
22.9611,1624
22.9639,1641
22.9667,1649
22.9694,1657
22.9722,1647
22.9750,1630
22.9778,1611
22.9806,1630
22.9833,1658
22.9861,1698
22.9889,1718
22.9917,1719
22.9944,1696
22.9972,1683
23.0000,1680
23.0028,1704
23.0056,1717
23.0083,1742
23.0111,1756
23.0139,1745
23.0167,1725
23.0194,1696
23.0222,1693
23.0250,1719
23.0278,1734
23.0306,1757
23.0333,1753
23.0361,1736
23.0389,1715
23.0417,1718
23.0444,1746
23.0472,1766
23.0500,1777
23.0528,1776
23.0556,1781
23.0583,1785
23.0611,1797
23.0639,1819
23.0667,1836
23.0694,1847
23.0722,1861
23.0750,1869
23.0778,1883
23.0806,1879
23.0833,1891
23.0861,1904
23.0889,1941
23.0917,1956
23.0944,1977
23.0972,1982
23.1000,1861
23.1028,1859
23.1056,1853
23.1083,1855
23.1111,1851
23.1139,1827
23.1167,1798
23.1194,1760
23.1222,1731
23.1250,1733
23.1278,1740
23.1306,1741
23.1333,1718
23.1361,1702
23.1389,1692
23.1417,1688
23.1444,1675
23.1472,1680
23.1500,1678
23.1528,1675
23.1556,1667
23.1583,1664
23.1611,1666
23.1639,1664
23.1667,1675
23.1694,1674
23.1722,1670
23.1750,1663
23.1778,1657
23.1806,1666
23.1833,1660
23.1861,1637
23.1889,1612
23.1917,1607
23.1944,1647
23.1972,1680
23.2000,1691
23.2028,1685
23.2056,1699
23.2083,1697
23.2111,1693
23.2139,1680
23.2167,1663
23.2194,1660
23.2222,1655
23.2250,1674
23.2278,1683
23.2306,1701
23.2333,1708
23.2361,1686
23.2389,1675
23.2417,1667
23.2444,1658
23.2472,1658
23.2500,1659
23.2528,1674
23.2556,1687
23.2583,1688
23.2611,1688
23.2639,1684
23.2667,1669
23.2694,1662
23.2722,1642
23.2750,1620
23.2778,1617
23.2806,1629
23.2833,1653
23.2861,1669
23.2889,1682
23.2917,1683
23.2944,1662
23.2972,1645
23.3000,1639
23.3028,1638
23.3056,1643
23.3083,1654
23.3111,1654
23.3139,1663
23.3167,1658
23.3194,1644
23.3222,1621
23.3250,1621
23.3278,1626
23.3306,1634
23.3333,1632
23.3361,1622
23.3389,1623
23.3417,1620
23.3444,1640
23.3472,1647
23.3500,1645
23.3528,1640
23.3556,1630
23.3583,1622
23.3611,1627
23.3639,1632
23.3667,1625
23.3694,1626
23.3722,1627
23.3750,1629
23.3778,1621
23.3806,1617
23.3833,1629
23.3861,1641
23.3889,1651
23.3917,1657
23.3944,1661
23.3972,1647
23.4000,1645
23.4028,1637
23.4056,1628
23.4083,1620
23.4111,1625
23.4139,1620
23.4167,1631
23.4194,1631
23.4222,1642
23.4250,1648
23.4278,1673
23.4306,1662
23.4333,1644
23.4361,1636
23.4389,1614
23.4417,1615
23.4444,1622
23.4472,1620
23.4500,1611
23.4528,1618
23.4556,1635
23.4583,1645
23.4611,1653
23.4639,1660
23.4667,1646
23.4694,1637
23.4722,1637
23.4750,1633
23.4778,1647
23.4806,1658
23.4833,1680
23.4861,1683
23.4889,1672
23.4917,1670
23.4944,1655
23.4972,1649
23.5000,1649
23.5028,1645
23.5056,1639
23.5083,1635
23.5111,1638
23.5139,1651
23.5167,1645
23.5194,1636
23.5222,1652
23.5250,1672
23.5278,1683
23.5306,1683
23.5333,1675
23.5361,1650
23.5389,1634
23.5417,1648
23.5444,1659
23.5472,1656
23.5500,1648
23.5528,1659
23.5556,1683
23.5583,1723
23.5611,1741
23.5639,1754
23.5667,1772
23.5694,1782
23.5722,1780
23.5750,1752
23.5778,1725
23.5806,1712
23.5833,1693
23.5861,1711
23.5889,1726
23.5917,1763
23.5944,1800
23.5972,1822
23.6000,1829
23.6028,1845
23.6056,1846
23.6083,1816
23.6111,1784
23.6139,1740
23.6167,1716
23.6194,1713
23.6222,1707
23.6250,1700
23.6278,1685
23.6306,1646
23.6333,1644
23.6361,1646
23.6389,1656
23.6417,1658
23.6444,1647
23.6472,1639
23.6500,1621
23.6528,1620
23.6556,1624
23.6583,1619
23.6611,1620
23.6639,1628
23.6667,1656
23.6694,1669
23.6722,1668
23.6750,1623
23.6778,1580
23.6806,1544
23.6833,1534
23.6861,1558
23.6889,1593
23.6917,1676
23.6944,1796
23.6972,1970
23.7000,2247
23.7028,2619
23.7056,3048
23.7083,3343
23.7111,3358
23.7139,3371
23.7167,3387
23.7194,3301
23.7222,2835
23.7250,2219
23.7278,1712
23.7306,1419
23.7333,1315
23.7361,1341
23.7389,1441
23.7417,1535
23.7444,1564
23.7472,1565
23.7500,1534
23.7528,1503
23.7556,1462
23.7583,1465
23.7611,1484
23.7639,1509
23.7667,1537
23.7694,1545
23.7722,1530
23.7750,1498
23.7778,1474
23.7806,1461
23.7833,1451
23.7861,1474
23.7889,1492
23.7917,1510
23.7944,1525
23.7972,1524
23.8000,1505
23.8028,1488
23.8056,1503
23.8083,1520
23.8111,1550
23.8139,1558
23.8167,1556
23.8194,1540
23.8222,1528
23.8250,1537
23.8278,1555
23.8306,1570
23.8333,1574
23.8361,1585
23.8389,1579
23.8417,1577
23.8444,1578
23.8472,1591
23.8500,1601
23.8528,1614
23.8556,1626
23.8583,1613
23.8611,1612
23.8639,1618
23.8667,1617
23.8694,1634
23.8722,1641
23.8750,1636
23.8778,1631
23.8806,1639
23.8833,1665
23.8861,1700
23.8889,1720
23.8917,1729
23.8944,1734
23.8972,1719
23.9000,1717
23.9028,1735
23.9056,1770
23.9083,1806
23.9111,1829
23.9139,1833
23.9167,1833
23.9194,1847
23.9222,1793
23.9250,1782
23.9278,1766
23.9306,1750
23.9333,1751
23.9361,1736
23.9389,1705
23.9417,1680
23.9444,1656
23.9472,1649
23.9500,1642
23.9528,1628
23.9556,1610
23.9583,1587
23.9611,1583
23.9639,1588
23.9667,1599
23.9694,1589
23.9722,1590
23.9750,1588
23.9778,1582
23.9806,1576
23.9833,1583
23.9861,1583
23.9889,1582
23.9917,1586
23.9944,1573
23.9972,1583
24.0000,1591
24.0028,1602
24.0056,1598
24.0083,1591
24.0111,1591
24.0139,1587
24.0167,1573
24.0194,1554
24.0222,1564
24.0250,1585
24.0278,1612
24.0306,1622
24.0333,1629
24.0361,1611
24.0389,1582
24.0417,1559
24.0444,1551
24.0472,1553
24.0500,1578
24.0528,1590
24.0556,1615
24.0583,1626
24.0611,1600
24.0639,1592
24.0667,1588
24.0694,1593
24.0722,1609
24.0750,1615
24.0778,1608
24.0806,1604
24.0833,1612
24.0861,1612
24.0889,1620
24.0917,1602
24.0944,1588
24.0972,1589
24.1000,1583
24.1028,1589
24.1056,1594
24.1083,1604
24.1111,1604
24.1139,1610
24.1167,1608
24.1194,1600
24.1222,1588
24.1250,1591
24.1278,1585
24.1306,1588
24.1333,1582
24.1361,1563
24.1389,1573
24.1417,1592
24.1444,1594
24.1472,1597
24.1500,1587
24.1528,1577
24.1556,1577
24.1583,1586
24.1611,1593
24.1639,1598
24.1667,1607
24.1694,1610
24.1722,1594
24.1750,1577
24.1778,1571
24.1806,1578
24.1833,1583
24.1861,1590
24.1889,1597
24.1917,1601
24.1944,1606
24.1972,1602
24.2000,1599
24.2028,1590
24.2056,1586
24.2083,1588
24.2111,1581
24.2139,1571
24.2167,1582
24.2194,1601
24.2222,1624
24.2250,1621
24.2278,1620
24.2306,1627
24.2333,1629
24.2361,1634
24.2389,1616
24.2417,1620
24.2444,1623
24.2472,1630
24.2500,1623
24.2528,1623
24.2556,1607
24.2583,1598
24.2611,1600
24.2639,1596
24.2667,1617
24.2694,1620
24.2722,1621
24.2750,1619
24.2778,1626
24.2806,1635
24.2833,1637
24.2861,1640
24.2889,1628
24.2917,1605
24.2944,1605
24.2972,1621
24.3000,1629
24.3028,1629
24.3056,1641
24.3083,1646
24.3111,1640
24.3139,1630
24.3167,1635
24.3194,1634
24.3222,1620
24.3250,1607
24.3278,1605
24.3306,1610
24.3333,1634
24.3361,1648
24.3389,1648
24.3417,1644
24.3444,1650
24.3472,1652
24.3500,1645
24.3528,1631
24.3556,1630
24.3583,1646
24.3611,1651
24.3639,1656
24.3667,1665
24.3694,1659
24.3722,1650
24.3750,1657
24.3778,1651
24.3806,1653
24.3833,1640
24.3861,1639
24.3889,1643
24.3917,1652
24.3944,1669
24.3972,1685
24.4000,1697
24.4028,1693
24.4056,1688
24.4083,1699
24.4111,1713
24.4139,1729
24.4167,1743
24.4194,1734
24.4222,1717
24.4250,1691
24.4278,1669
24.4306,1675
24.4333,1693
24.4361,1731
24.4389,1775
24.4417,1801
24.4444,1835
24.4472,1848
24.4500,1847
24.4528,1831
24.4556,1803
24.4583,1763
24.4611,1729
24.4639,1684
24.4667,1648
24.4694,1668
24.4722,1696
24.4750,1722
24.4778,1728
24.4806,1689
24.4833,1649
24.4861,1628
24.4889,1624
24.4917,1617
24.4944,1616
24.4972,1610
24.5000,1617
24.5028,1610
24.5056,1610
24.5083,1618
24.5111,1626
24.5139,1619
24.5167,1611
24.5194,1609
24.5222,1598
24.5250,1575
24.5278,1545
24.5306,1525
24.5333,1505
24.5361,1507
24.5389,1557
24.5417,1682
24.5444,1871
24.5472,2153
24.5500,2549
24.5528,2979
24.5556,3334
24.5583,3361
24.5611,3359
24.5639,3375
24.5667,3366
24.5694,3060
24.5722,2426
24.5750,1849
24.5778,1478
24.5806,1339
24.5833,1376
24.5861,1469
24.5889,1544
24.5917,1592
24.5944,1588
24.5972,1548
24.6000,1507
24.6028,1468
24.6056,1457
24.6083,1452
24.6111,1458
24.6139,1489
24.6167,1514
24.6194,1528
24.6222,1520
24.6250,1497
24.6278,1476
24.6306,1475
24.6333,1471
24.6361,1478
24.6389,1487
24.6417,1492
24.6444,1488
24.6472,1494
24.6500,1494
24.6528,1497
24.6556,1506
24.6583,1518
24.6611,1518
24.6639,1512
24.6667,1504
24.6694,1501
24.6722,1508
24.6750,1528
24.6778,1539
24.6806,1551
24.6833,1528
24.6861,1520
24.6889,1525
24.6917,1550
24.6944,1567
24.6972,1589
24.7000,1599
24.7028,1583
24.7056,1582
24.7083,1559
24.7111,1556
24.7139,1559
24.7167,1570
24.7194,1596
24.7222,1608
24.7250,1619
24.7278,1641
24.7306,1653
24.7333,1649
24.7361,1645
24.7389,1659
24.7417,1661
24.7444,1672
24.7472,1673
24.7500,1668
24.7528,1678
24.7556,1713
24.7583,1746
24.7611,1768
24.7639,1786
24.7667,1774
24.7694,1711
24.7722,1719
24.7750,1710
24.7778,1692
24.7806,1669
24.7833,1653
24.7861,1617
24.7889,1598
24.7917,1601
24.7944,1617
24.7972,1632
24.8000,1633
24.8028,1616
24.8056,1585
24.8083,1559
24.8111,1542
24.8139,1540
24.8167,1553
24.8194,1563
24.8222,1536
24.8250,1538
24.8278,1512
24.8306,1509
24.8333,1517
24.8361,1523
24.8389,1531
24.8417,1524
24.8444,1518
24.8472,1506
24.8500,1507
24.8528,1504
24.8556,1505
24.8583,1494
24.8611,1491
24.8639,1489
24.8667,1501
24.8694,1504
24.8722,1516
24.8750,1530
24.8778,1549
24.8806,1539
24.8833,1552
24.8861,1549
24.8889,1547
24.8917,1533
24.8944,1521
24.8972,1519
24.9000,1527
24.9028,1534
24.9056,1540
24.9083,1545
24.9111,1560
24.9139,1559
24.9167,1573
24.9194,1569
24.9222,1563
24.9250,1569
24.9278,1567
24.9306,1572
24.9333,1555
24.9361,1554
24.9389,1553
24.9417,1552
24.9444,1554
24.9472,1529
24.9500,1523
24.9528,1536
24.9556,1562
24.9583,1564
24.9611,1558
24.9639,1553
24.9667,1552
24.9694,1559
24.9722,1571
24.9750,1587
24.9778,1587
24.9806,1571
24.9833,1561
24.9861,1544
24.9889,1534
24.9917,1539
24.9944,1556
24.9972,1558
25.0000,1566
25.0028,1567
25.0056,1557
25.0083,1550
25.0111,1547
25.0139,1544
25.0167,1554
25.0194,1563
25.0222,1564
25.0250,1562
25.0278,1552
25.0306,1554
25.0333,1563
25.0361,1573
25.0389,1600
25.0417,1604
25.0444,1600
25.0472,1586
25.0500,1558
25.0528,1548
25.0556,1553
25.0583,1560
25.0611,1572
25.0639,1556
25.0667,1562
25.0694,1583
25.0722,1591
25.0750,1606
25.0778,1620
25.0806,1612
25.0833,1612
25.0861,1614
25.0889,1610
25.0917,1624
25.0944,1608
25.0972,1587
25.1000,1566
25.1028,1577
25.1056,1589
25.1083,1614
25.1111,1618
25.1139,1611
25.1167,1613
25.1194,1623
25.1222,1628
25.1250,1642
25.1278,1633
25.1306,1634
25.1333,1629
25.1361,1616
25.1389,1605
25.1417,1621
25.1444,1634
25.1472,1632
25.1500,1642
25.1528,1657
25.1556,1677
25.1583,1691
25.1611,1683
25.1639,1664
25.1667,1647
25.1694,1629
25.1722,1637
25.1750,1649
25.1778,1672
25.1806,1678
25.1833,1680
25.1861,1659
25.1889,1635
25.1917,1630
25.1944,1635
25.1972,1650
25.2000,1662
25.2028,1680
25.2056,1698
25.2083,1699
25.2111,1690
25.2139,1695
25.2167,1698
25.2194,1687
25.2222,1689
25.2250,1684
25.2278,1677
25.2306,1684
25.2333,1676
25.2361,1685
25.2389,1669
25.2417,1666
25.2444,1647
25.2472,1652
25.2500,1652
25.2528,1656
25.2556,1680
25.2583,1710
25.2611,1724
25.2639,1737
25.2667,1740
25.2694,1724
25.2722,1728
25.2750,1746
25.2778,1760
25.2806,1773
25.2833,1795
25.2861,1799
25.2889,1798
25.2917,1784
25.2944,1776
25.2972,1762
25.3000,1745
25.3028,1752
25.3056,1769
25.3083,1802
25.3111,1833
25.3139,1850
25.3167,1855
25.3194,1863
25.3222,1839
25.3250,1825
25.3278,1808
25.3306,1796
25.3333,1799
25.3361,1786
25.3389,1774
25.3417,1766
25.3444,1738
25.3472,1707
25.3500,1681
25.3528,1673
25.3556,1673
25.3583,1677
25.3611,1672
25.3639,1682
25.3667,1680
25.3694,1687
25.3722,1710
25.3750,1718
25.3778,1713
25.3806,1720
25.3833,1718
25.3861,1702
25.3889,1684
25.3917,1663
25.3944,1634
25.3972,1617
25.4000,1614
25.4028,1635
25.4056,1656
25.4083,1711
25.4111,1790
25.4139,1914
25.4167,2119
25.4194,2416
25.4222,2789
25.4250,3198
25.4278,3347
25.4306,3359
25.4333,3379
25.4361,3375
25.4389,3159
25.4417,2653
25.4444,2147
25.4472,1751
25.4500,1533
25.4528,1468
25.4556,1489
25.4583,1561
25.4611,1614
25.4639,1645
25.4667,1667
25.4694,1639
25.4722,1612
25.4750,1563
25.4778,1546
25.4806,1548
25.4833,1562
25.4861,1589
25.4889,1615
25.4917,1618
25.4944,1608
25.4972,1589
25.5000,1589
25.5028,1584
25.5056,1589
25.5083,1614
25.5111,1633
25.5139,1639
25.5167,1633
25.5194,1633
25.5222,1633
25.5250,1627
25.5278,1633
25.5306,1637
25.5333,1637
25.5361,1622
25.5389,1625
25.5417,1638
25.5444,1648
25.5472,1672
25.5500,1679
25.5528,1691
25.5556,1686
25.5583,1679
25.5611,1676
25.5639,1666
25.5667,1682
25.5694,1676
25.5722,1686
25.5750,1683
25.5778,1692
25.5806,1699
25.5833,1701
25.5861,1710
25.5889,1717
25.5917,1733
25.5944,1720
25.5972,1727
25.6000,1750
25.6028,1792
25.6056,1828
25.6083,1858
25.6111,1870
25.6139,1855
25.6167,1844
25.6194,1830
25.6222,1843
25.6250,1852
25.6278,1870
25.6306,1903
25.6333,1925
25.6361,1940
25.6389,1946
25.6417,1833
25.6444,1834
25.6472,1856
25.6500,1865
25.6528,1858
25.6556,1831
25.6583,1785
25.6611,1756
25.6639,1721
25.6667,1702
25.6694,1682
25.6722,1654
25.6750,1626
25.6778,1594
25.6806,1597
25.6833,1598
25.6861,1558
25.6889,1478
25.6917,1447
25.6944,1456
25.6972,1511
25.7000,1585
25.7028,1637
25.7056,1679
25.7083,1660
25.7111,1592
25.7139,1556
25.7167,1593
25.7194,1646
25.7222,1673
25.7250,1683
25.7278,1686
25.7306,1674
25.7333,1671
25.7361,1658
25.7389,1648
25.7417,1625
25.7444,1635
25.7472,1641
25.7500,1650
25.7528,1659
25.7556,1656
25.7583,1629
25.7611,1616
25.7639,1620
25.7667,1631
25.7694,1663
25.7722,1689
25.7750,1675
25.7778,1654
25.7806,1634
25.7833,1628
25.7861,1635
25.7889,1655
25.7917,1670
25.7944,1685
25.7972,1681
25.8000,1671
25.8028,1633
25.8056,1587
25.8083,1596
25.8111,1613
25.8139,1646
25.8167,1669
25.8194,1652
25.8222,1635
25.8250,1629
25.8278,1628
25.8306,1605
25.8333,1596
25.8361,1591
25.8389,1594
25.8417,1591
25.8444,1593
25.8472,1591
25.8500,1605
25.8528,1605
25.8556,1605
25.8583,1584
25.8611,1559
25.8639,1542
25.8667,1546
25.8694,1567
25.8722,1595
25.8750,1599
25.8778,1593
25.8806,1595
25.8833,1597
25.8861,1596
25.8889,1593
25.8917,1585
25.8944,1574
25.8972,1561
25.9000,1556
25.9028,1553
25.9056,1568
25.9083,1586
25.9111,1610
25.9139,1610
25.9167,1611
25.9194,1604
25.9222,1587
25.9250,1579
25.9278,1574
25.9306,1575
25.9333,1579
25.9361,1559
25.9389,1552
25.9417,1553
25.9444,1578
25.9472,1587
25.9500,1598
25.9528,1596
25.9556,1590
25.9583,1574
25.9611,1577
25.9639,1589
25.9667,1600
25.9694,1604
25.9722,1602
25.9750,1575
25.9778,1552
25.9806,1539
25.9833,1572
25.9861,1605
25.9889,1629
25.9917,1618
25.9944,1595
25.9972,1591
26.0000,1600
26.0028,1599
26.0056,1588
26.0083,1565
26.0111,1577
26.0139,1617
26.0167,1629
26.0194,1627
26.0222,1630
26.0250,1620
26.0278,1617
26.0306,1602
26.0333,1577
26.0361,1574
26.0389,1585
26.0417,1596
26.0444,1606
26.0472,1617
26.0500,1613
26.0528,1613
26.0556,1625
26.0583,1640
26.0611,1651
26.0639,1649
26.0667,1657
26.0694,1630
26.0722,1621
26.0750,1620
26.0778,1649
26.0806,1670
26.0833,1674
26.0861,1691
26.0889,1720
26.0917,1741
26.0944,1746
26.0972,1729
26.1000,1699
26.1028,1692
26.1056,1704
26.1083,1722
26.1111,1726
26.1139,1756
26.1167,1778
26.1194,1812
26.1222,1827
26.1250,1828
26.1278,1821
26.1306,1827
26.1333,1806
26.1361,1784
26.1389,1755
26.1417,1735
26.1444,1733
26.1472,1727
26.1500,1725
26.1528,1716
26.1556,1706
26.1583,1685
26.1611,1655
26.1639,1624
26.1667,1622
26.1694,1650
26.1722,1659
26.1750,1653
26.1778,1644
26.1806,1641
26.1833,1638
26.1861,1637
26.1889,1639
26.1917,1657
26.1944,1671
26.1972,1671
26.2000,1663
26.2028,1640
26.2056,1602
26.2083,1580
26.2111,1561
26.2139,1548
26.2167,1525
26.2194,1556
26.2222,1684
26.2250,1863
26.2278,2128
26.2306,2522
26.2333,2983
26.2361,3343
26.2389,3360
26.2417,3374
26.2444,3382
26.2472,3376
26.2500,3135
26.2528,2528
26.2556,1904
26.2583,1485
26.2611,1333
26.2639,1367
26.2667,1462
26.2694,1550
26.2722,1593
26.2750,1584
26.2778,1550
26.2806,1514
26.2833,1500
26.2861,1491
26.2889,1476
26.2917,1499
26.2944,1529
26.2972,1556
26.3000,1548
26.3028,1532
26.3056,1499
26.3083,1491
26.3111,1497
26.3139,1514
26.3167,1549
26.3194,1572
26.3222,1569
26.3250,1553
26.3278,1532
26.3306,1516
26.3333,1514
26.3361,1530
26.3389,1551
26.3417,1584
26.3444,1594
26.3472,1578
26.3500,1557
26.3528,1569
26.3556,1596
26.3583,1625
26.3611,1642
26.3639,1650
26.3667,1623
26.3694,1605
26.3722,1602
26.3750,1618
26.3778,1627
26.3806,1640
26.3833,1638
26.3861,1646
26.3889,1641
26.3917,1649
26.3944,1675
26.3972,1689
26.4000,1700
26.4028,1703
26.4056,1713
26.4083,1704
26.4111,1699
26.4139,1702
26.4167,1708
26.4194,1733
26.4222,1758
26.4250,1786
26.4278,2040
26.4306,2032
26.4333,2043
26.4361,2068
26.4389,2078
26.4417,2056
26.4444,2014
26.4472,1961
26.4500,1927
26.4528,1895
26.4556,1878
26.4583,1876
26.4611,1863
26.4639,1846
26.4667,1816
26.4694,1775
26.4722,1774
26.4750,1783
26.4778,1791
26.4806,1776
26.4833,1752
26.4861,1724
26.4889,1690
26.4917,1679
26.4944,1703
26.4972,1703
26.5000,1713
26.5028,1723
26.5056,1725
26.5083,1713
26.5111,1696
26.5139,1688
26.5167,1692
26.5194,1704
26.5222,1725
26.5250,1724
26.5278,1718
26.5306,1713
26.5333,1714
26.5361,1719
26.5389,1720
26.5417,1705
26.5444,1692
26.5472,1681
26.5500,1682
26.5528,1690
26.5556,1703
26.5583,1721
26.5611,1720
26.5639,1711
26.5667,1692
26.5694,1688
26.5722,1692
26.5750,1704
26.5778,1708
26.5806,1717
26.5833,1714
26.5861,1707
26.5889,1694
26.5917,1696
26.5944,1707
26.5972,1717
26.6000,1738
26.6028,1728
26.6056,1705
26.6083,1693
26.6111,1680
26.6139,1672
26.6167,1693
26.6194,1695
26.6222,1702
26.6250,1695
26.6278,1686
26.6306,1682
26.6333,1686
26.6361,1701
26.6389,1706
26.6417,1697
26.6444,1681
26.6472,1637
26.6500,1626
26.6528,1630
26.6556,1659
26.6583,1688
26.6611,1697
26.6639,1696
26.6667,1674
26.6694,1653
26.6722,1642
26.6750,1645
26.6778,1646
26.6806,1652
26.6833,1668
26.6861,1668
26.6889,1670
26.6917,1674
26.6944,1672
26.6972,1677
26.7000,1674
26.7028,1657
26.7056,1638
26.7083,1624
26.7111,1617
26.7139,1631
26.7167,1644
26.7194,1652
26.7222,1655
26.7250,1659
26.7278,1653
26.7306,1640
26.7333,1626
26.7361,1615
26.7389,1625
26.7417,1633
26.7444,1637
26.7472,1646
26.7500,1638
26.7528,1656
26.7556,1660
26.7583,1674
26.7611,1674
26.7639,1661
26.7667,1642
26.7694,1636
26.7722,1636
26.7750,1634
26.7778,1639
26.7806,1649
26.7833,1647
26.7861,1642
26.7889,1638
26.7917,1630
26.7944,1623
26.7972,1614
26.8000,1619
26.8028,1634
26.8056,1632
26.8083,1633
26.8111,1628
26.8139,1629
26.8167,1640
26.8194,1660
26.8222,1642
26.8250,1629
26.8278,1615
26.8306,1603
26.8333,1608
26.8361,1607
26.8389,1615
26.8417,1617
26.8444,1629
26.8472,1638
26.8500,1652
26.8528,1654
26.8556,1660
26.8583,1645
26.8611,1633
26.8639,1604
26.8667,1592
26.8694,1590
26.8722,1610
26.8750,1640
26.8778,1665
26.8806,1684
26.8833,1701
26.8861,1706
26.8889,1703
26.8917,1704
26.8944,1701
26.8972,1694
26.9000,1683
26.9028,1663
26.9056,1640
26.9083,1652
26.9111,1663
26.9139,1688
26.9167,1717
26.9194,1744
26.9222,1756
26.9250,1766
26.9278,1780
26.9306,1778
26.9333,1763
26.9361,1747
26.9389,1743
26.9417,1747
26.9444,1731
26.9472,1713
26.9500,1688
26.9528,1670
26.9556,1659
26.9583,1646
26.9611,1631
26.9639,1607
26.9667,1588
26.9694,1578
26.9722,1581
26.9750,1583
26.9778,1585
26.9806,1586
26.9833,1586
26.9861,1601
26.9889,1610
26.9917,1625
26.9944,1614
26.9972,1610
27.0000,1583
27.0028,1539
27.0056,1501
27.0083,1503
27.0111,1541
27.0139,1591
27.0167,1656
27.0194,1756
27.0222,1892
27.0250,2096
27.0278,2399
27.0306,2765
27.0333,3174
27.0361,3349
27.0389,3358
27.0417,3371
27.0444,3326
27.0472,2932
27.0500,2365
27.0528,1875
27.0556,1535
27.0583,1374
27.0611,1350
27.0639,1419
27.0667,1502
27.0694,1554
27.0722,1571
27.0750,1518
27.0778,1447
27.0806,1405
27.0833,1419
27.0861,1437
27.0889,1460
27.0917,1479
27.0944,1487
27.0972,1505
27.1000,1505
27.1028,1511
27.1056,1490
27.1083,1484
27.1111,1468
27.1139,1464
27.1167,1454
27.1194,1471
27.1222,1497
27.1250,1516
27.1278,1531
27.1306,1539
27.1333,1535
27.1361,1531
27.1389,1515
27.1417,1513
27.1444,1535
27.1472,1557
27.1500,1576
27.1528,1584
27.1556,1578
27.1583,1559
27.1611,1540
27.1639,1548
27.1667,1553
27.1694,1564
27.1722,1565
27.1750,1572
27.1778,1582
27.1806,1595
27.1833,1607
27.1861,1615
27.1889,1621
27.1917,1633
27.1944,1642
27.1972,1660
27.2000,1662
27.2028,1661
27.2056,1653
27.2083,1634
27.2111,1625
27.2139,1658
27.2167,1681
27.2194,1719
27.2222,1738
27.2250,1759
27.2278,1772
27.2306,1788
27.2333,1801
27.2361,1829
27.2389,1849
27.2417,1858
27.2444,1850
27.2472,1819
27.2500,1836
27.2528,1824
27.2556,1814
27.2583,1797
27.2611,1774
27.2639,1749
27.2667,1717
27.2694,1691
27.2722,1668
27.2750,1653
27.2778,1649
27.2806,1637
27.2833,1636
27.2861,1650
27.2889,1632
27.2917,1622
27.2944,1615
27.2972,1610
27.3000,1621
27.3028,1613
27.3056,1611
27.3083,1608
27.3111,1611
27.3139,1602
27.3167,1608
27.3194,1605
27.3222,1609
27.3250,1615
27.3278,1603
27.3306,1603
27.3333,1615
27.3361,1618
27.3389,1625
27.3417,1630
27.3444,1636
27.3472,1654
27.3500,1652
27.3528,1669
27.3556,1664
27.3583,1658
27.3611,1643
27.3639,1636
27.3667,1640
27.3694,1640
27.3722,1664
27.3750,1679
27.3778,1679
27.3806,1674
27.3833,1661
27.3861,1649
27.3889,1651
27.3917,1661
27.3944,1674
27.3972,1684
27.4000,1685
27.4028,1666
27.4056,1674
27.4083,1671
27.4111,1683
27.4139,1690
27.4167,1696
27.4194,1691
27.4222,1676
27.4250,1658
27.4278,1651
27.4306,1674
27.4333,1698
27.4361,1715
27.4389,1715
27.4417,1701
27.4444,1690
27.4472,1684
27.4500,1675
27.4528,1667
27.4556,1686
27.4583,1685
27.4611,1680
27.4639,1679
27.4667,1672
27.4694,1687
27.4722,1696
27.4750,1697
27.4778,1698
27.4806,1689
27.4833,1691
27.4861,1697
27.4889,1707
27.4917,1723
27.4944,1728
27.4972,1727
27.5000,1701
27.5028,1678
27.5056,1687
27.5083,1705
27.5111,1716
27.5139,1716
27.5167,1716
27.5194,1720
27.5222,1732
27.5250,1726
27.5278,1714
27.5306,1717
27.5333,1722
27.5361,1729
27.5389,1720
27.5417,1716
27.5444,1721
27.5472,1714
27.5500,1724
27.5528,1723
27.5556,1729
27.5583,1748
27.5611,1752
27.5639,1744
27.5667,1742
27.5694,1742
27.5722,1748
27.5750,1752
27.5778,1756
27.5806,1760
27.5833,1776
27.5861,1774
27.5889,1762
27.5917,1748
27.5944,1737
27.5972,1735
27.6000,1744
27.6028,1754
27.6056,1767
27.6083,1756
27.6111,1758
27.6139,1745
27.6167,1753
27.6194,1763
27.6222,1784
27.6250,1799
27.6278,1801
27.6306,1817
27.6333,1854
27.6361,1883
27.6389,1907
27.6417,1919
27.6444,1903
27.6472,1867
27.6500,1836
27.6528,1810
27.6556,1791
27.6583,1794
27.6611,1836
27.6639,1876
27.6667,1914
27.6694,1933
27.6722,1935
27.6750,1925
27.6778,1904
27.6806,1894
27.6833,1867
27.6861,1851
27.6889,1851
27.6917,1854
27.6944,1849
27.6972,1860
27.7000,1840
27.7028,1821
27.7056,1796
27.7083,1779
27.7111,1749
27.7139,1729
27.7167,1724
27.7194,1720
27.7222,1733
27.7250,1754
27.7278,1755
27.7306,1754
27.7333,1746
27.7361,1747
27.7389,1748
27.7417,1758
27.7444,1735
27.7472,1718
27.7500,1683
27.7528,1674
27.7556,1663
27.7583,1654
27.7611,1675
27.7639,1754
27.7667,1886
27.7694,2076
27.7722,2375
27.7750,2755
27.7778,3187
27.7806,3358
27.7833,3369
27.7861,3375
27.7889,3379
27.7917,3379
27.7944,3239
27.7972,2685
27.8000,2061
27.8028,1607
27.8056,1422
27.8083,1444
27.8111,1559
27.8139,1659
27.8167,1704
27.8194,1740
27.8222,1737
27.8250,1707
27.8278,1669
27.8306,1628
27.8333,1612
27.8361,1627
27.8389,1649
27.8417,1678
27.8444,1692
27.8472,1701
27.8500,1658
27.8528,1619
27.8556,1616
27.8583,1633
27.8611,1659
27.8639,1692
27.8667,1704
27.8694,1707
27.8722,1702
27.8750,1678
27.8778,1653
27.8806,1643
27.8833,1646
27.8861,1657
27.8889,1656
27.8917,1652
27.8944,1643
27.8972,1652
27.9000,1677
27.9028,1707
27.9056,1705
27.9083,1685
27.9111,1667
27.9139,1644
27.9167,1648
27.9194,1662
27.9222,1671
27.9250,1680
27.9278,1671
27.9306,1666
27.9333,1656
27.9361,1659
27.9389,1693
27.9417,1737
27.9444,1752
27.9472,1759
27.9500,1740
27.9528,1727
27.9556,1733
27.9583,1748
27.9611,1760
27.9639,1783
27.9667,1774
27.9694,1770
27.9722,1759
27.9750,1765
27.9778,1812
27.9806,1854
27.9833,1879
27.9861,1885
27.9889,1877
27.9917,1873
27.9944,1879
27.9972,1840
28.0000,1846
28.0028,1841
28.0056,1823
28.0083,1809
28.0111,1788
28.0139,1760
28.0167,1744
28.0194,1723
28.0222,1710
28.0250,1701
28.0278,1705
28.0306,1686
28.0333,1659
28.0361,1654
28.0389,1663
28.0417,1683
28.0444,1690
28.0472,1681
28.0500,1649
28.0528,1628
28.0556,1623
28.0583,1630
28.0611,1637
28.0639,1630
28.0667,1624
28.0694,1626
28.0722,1613
28.0750,1604
28.0778,1615
28.0806,1629
28.0833,1629
28.0861,1632
28.0889,1637
28.0917,1628
28.0944,1615
28.0972,1607
28.1000,1609
28.1028,1627
28.1056,1627
28.1083,1634
28.1111,1626
28.1139,1623
28.1167,1614
28.1194,1621
28.1222,1638
28.1250,1657
28.1278,1674
28.1306,1683
28.1333,1675
28.1361,1664
28.1389,1635
28.1417,1626
28.1444,1630
28.1472,1643
28.1500,1632
28.1528,1627
28.1556,1632
28.1583,1659
28.1611,1682
28.1639,1704
28.1667,1704
28.1694,1691
28.1722,1671
28.1750,1656
28.1778,1656
28.1806,1668
28.1833,1692
28.1861,1710
28.1889,1717
28.1917,1702
28.1944,1679
28.1972,1676
28.2000,1703
28.2028,1733
28.2056,1743
28.2083,1746
28.2111,1735
28.2139,1727
28.2167,1721
28.2194,1717
28.2222,1732
28.2250,1733
28.2278,1742
28.2306,1736
28.2333,1721
28.2361,1726
28.2389,1729
28.2417,1731
28.2444,1751
28.2472,1756
28.2500,1758
28.2528,1758
28.2556,1747
28.2583,1755
28.2611,1760
28.2639,1770
28.2667,1775
28.2694,1768
28.2722,1757
28.2750,1751
28.2778,1752
28.2806,1745
28.2833,1750
28.2861,1758
28.2889,1777
28.2917,1785
28.2944,1799
28.2972,1797
28.3000,1791
28.3028,1782
28.3056,1776
28.3083,1774
28.3111,1778
28.3139,1781
28.3167,1799
28.3194,1803
28.3222,1805
28.3250,1801
28.3278,1804
28.3306,1797
28.3333,1786
28.3361,1789
28.3389,1783
28.3417,1785
28.3444,1782
28.3472,1763
28.3500,1769
28.3528,1787
28.3556,1796
28.3583,1818
28.3611,1833
28.3639,1832
28.3667,1805
28.3694,1791
28.3722,1781
28.3750,1781
28.3778,1785
28.3806,1799
28.3833,1788
28.3861,1786
28.3889,1783
28.3917,1784
28.3944,1796
28.3972,1806
28.4000,1825
28.4028,1828
28.4056,1820
28.4083,1817
28.4111,1815
28.4139,1811
28.4167,1820
28.4194,1834
28.4222,1850
28.4250,1862
28.4278,1878
28.4306,1903
28.4333,1892
28.4361,1873
28.4389,1861
28.4417,1839
28.4444,1833
28.4472,1820
28.4500,1842
28.4528,1874
28.4556,1906
28.4583,1945
28.4611,1964
28.4639,1964
28.4667,1959
28.4694,1934
28.4722,1907
28.4750,1881
28.4778,1870
28.4806,1873
28.4833,1872
28.4861,1848
28.4889,1823
28.4917,1815
28.4944,1807
28.4972,1793
28.5000,1780
28.5028,1776
28.5056,1776
28.5083,1794
28.5111,1790
28.5139,1794
28.5167,1788
28.5194,1786
28.5222,1775
28.5250,1769
28.5278,1767
28.5306,1773
28.5333,1767
28.5361,1749
28.5389,1718
28.5417,1690
28.5444,1682
28.5472,1702
28.5500,1726
28.5528,1758
28.5556,1857
28.5583,1986
28.5611,2210
28.5639,2580
28.5667,3012
28.5694,3350
28.5722,3356
28.5750,3371
28.5778,3371
28.5806,3381
28.5833,3293
28.5861,2816
28.5889,2214
28.5917,1759
28.5944,1530
28.5972,1485
28.6000,1556
28.6028,1635
28.6056,1708
28.6083,1733
28.6111,1730
28.6139,1702
28.6167,1665
28.6194,1634
28.6222,1613
28.6250,1601
28.6278,1595
28.6306,1622
28.6333,1632
28.6361,1632
28.6389,1622
28.6417,1613
28.6444,1608
28.6472,1615
28.6500,1632
28.6528,1646
28.6556,1653
28.6583,1634
28.6611,1622
28.6639,1622
28.6667,1634
28.6694,1637
28.6722,1655
28.6750,1680
28.6778,1677
28.6806,1669
28.6833,1643
28.6861,1648
28.6889,1655
28.6917,1681
28.6944,1689
28.6972,1691
28.7000,1679
28.7028,1668
28.7056,1661
28.7083,1661
28.7111,1662
28.7139,1674
28.7167,1697
28.7194,1684
28.7222,1689
28.7250,1702
28.7278,1721
28.7306,1742
28.7333,1756
28.7361,1756
28.7389,1754
28.7417,1755
28.7444,1754
28.7472,1755
28.7500,1772
28.7528,1788
28.7556,1801
28.7583,1804
28.7611,1801
28.7639,1798
28.7667,1820
28.7694,1865
28.7722,1916
28.7750,1953
28.7778,1971
28.7806,1971
28.7833,1974
28.7861,1824
28.7889,1828
28.7917,1821
28.7944,1826
28.7972,1800
28.8000,1781
28.8028,1764
28.8056,1751
28.8083,1739
28.8111,1712
28.8139,1706
28.8167,1693
28.8194,1661
28.8222,1639
28.8250,1629
28.8278,1640
28.8306,1655
28.8333,1671
28.8361,1662
28.8389,1651
28.8417,1642
28.8444,1622
28.8472,1603
28.8500,1609
28.8528,1624
28.8556,1626
28.8583,1636
28.8611,1639
28.8639,1651
28.8667,1649
28.8694,1664
28.8722,1663
28.8750,1666
28.8778,1656
28.8806,1636
28.8833,1631
28.8861,1632
28.8889,1639
28.8917,1649
28.8944,1663
28.8972,1673
28.9000,1672
28.9028,1657
28.9056,1641
28.9083,1638
28.9111,1652
28.9139,1664
28.9167,1661
28.9194,1664
28.9222,1668
28.9250,1662
28.9278,1670
28.9306,1666
28.9333,1673
28.9361,1662
28.9389,1648
28.9417,1632
28.9444,1630
28.9472,1637
28.9500,1657
28.9528,1665
28.9556,1667
28.9583,1662
28.9611,1659
28.9639,1669
28.9667,1673
28.9694,1675
28.9722,1661
28.9750,1658
28.9778,1653
28.9806,1627
28.9833,1626
28.9861,1637
28.9889,1644
28.9917,1661
28.9944,1654
28.9972,1641
29.0000,1623
29.0028,1635
29.0056,1636
29.0083,1632
29.0111,1643
29.0139,1648
29.0167,1653
29.0194,1641
29.0222,1630
29.0250,1628
29.0278,1633
29.0306,1652
29.0333,1645
29.0361,1649
29.0389,1645
29.0417,1640
29.0444,1641
29.0472,1647
29.0500,1649
29.0528,1655
29.0556,1667
29.0583,1668
29.0611,1654
29.0639,1643
29.0667,1647
29.0694,1653
29.0722,1653
29.0750,1651
29.0778,1655
29.0806,1652
29.0833,1641
29.0861,1655
29.0889,1657
29.0917,1654
29.0944,1656
29.0972,1655
29.1000,1641
29.1028,1635
29.1056,1627
29.1083,1641
29.1111,1643
29.1139,1664
29.1167,1673
29.1194,1678
29.1222,1675
29.1250,1667
29.1278,1673
29.1306,1679
29.1333,1667
29.1361,1666
29.1389,1662
29.1417,1666
29.1444,1667
29.1472,1660
29.1500,1653
29.1528,1653
29.1556,1666
29.1583,1682
29.1611,1666
29.1639,1658
29.1667,1649
29.1694,1647
29.1722,1646
29.1750,1666
29.1778,1681
29.1806,1679
29.1833,1683
29.1861,1685
29.1889,1676
29.1917,1684
29.1944,1689
29.1972,1691
29.2000,1686
29.2028,1694
29.2056,1712
29.2083,1733
29.2111,1752
29.2139,1748
29.2167,1746
29.2194,1727
29.2222,1718
29.2250,1689
29.2278,1686
29.2306,1696
29.2333,1731
29.2361,1772
29.2389,1808
29.2417,1840
29.2444,1851
29.2472,1835
29.2500,1818
29.2528,1795
29.2556,1782
29.2583,1763
29.2611,1733
29.2639,1721
29.2667,1707
29.2694,1710
29.2722,1694
29.2750,1672
29.2778,1656
29.2806,1646
29.2833,1629
29.2861,1612
29.2889,1613
29.2917,1594
29.2944,1602
29.2972,1606
29.3000,1613
29.3028,1628
29.3056,1618
29.3083,1618
29.3111,1619
29.3139,1613
29.3167,1600
29.3194,1580
29.3222,1556
29.3250,1537
29.3278,1532
29.3306,1551
29.3333,1581
29.3361,1619
29.3389,1705
29.3417,1831
29.3444,2036
29.3472,2335
29.3500,2724
29.3528,3133
29.3556,3349
29.3583,3363
29.3611,3368
29.3639,3334
29.3667,2966
29.3694,2398
29.3722,1889
29.3750,1525
29.3778,1339
29.3806,1299
29.3833,1352
29.3861,1439
29.3889,1503
29.3917,1528
29.3944,1522
29.3972,1490
29.4000,1451
29.4028,1414
29.4056,1406
29.4083,1413
29.4111,1432
29.4139,1438
29.4167,1437
29.4194,1427
29.4222,1429
29.4250,1418
29.4278,1426
29.4306,1427
29.4333,1433
29.4361,1442
29.4389,1449
29.4417,1438
29.4444,1432
29.4472,1427
29.4500,1429
29.4528,1439
29.4556,1462
29.4583,1472
29.4611,1477
29.4639,1461
29.4667,1445
29.4694,1438
29.4722,1450
29.4750,1466
29.4778,1462
29.4806,1457
29.4833,1449
29.4861,1451
29.4889,1465
29.4917,1477
29.4944,1484
29.4972,1476
29.5000,1469
29.5028,1464
29.5056,1465
29.5083,1482
29.5111,1495
29.5139,1522
29.5167,1526
29.5194,1521
29.5222,1521
29.5250,1513
29.5278,1523
29.5306,1526
29.5333,1522
29.5361,1550
29.5389,1567
29.5417,1576
29.5444,1573
29.5472,1580
29.5500,1594
29.5528,1611
29.5556,1623
29.5583,1634
29.5611,1633
29.5639,1636
29.5667,1546
29.5694,1554
29.5722,1538
29.5750,1512
29.5778,1482
29.5806,1454
29.5833,1440
29.5861,1419
29.5889,1399
29.5917,1397
29.5944,1372
29.5972,1339
29.6000,1312
29.6028,1299
29.6056,1297
29.6083,1289
29.6111,1291
29.6139,1287
29.6167,1286
29.6194,1262
29.6222,1247
29.6250,1252
29.6278,1246
29.6306,1246
29.6333,1273
29.6361,1276
29.6389,1260
29.6417,1236
29.6444,1233
29.6472,1229
29.6500,1230
29.6528,1226
29.6556,1229
29.6583,1232
29.6611,1228
29.6639,1240
29.6667,1240
29.6694,1240
29.6722,1232
29.6750,1229
29.6778,1229
29.6806,1225
29.6833,1215
29.6861,1210
29.6889,1220
29.6917,1231
29.6944,1221
29.6972,1215
29.7000,1215
29.7028,1213
29.7056,1218
29.7083,1216
29.7111,1228
29.7139,1246
29.7167,1248
29.7194,1234
29.7222,1221
29.7250,1203
29.7278,1194
29.7306,1200
29.7333,1197
29.7361,1206
29.7389,1201
29.7417,1199
29.7444,1189
29.7472,1191
29.7500,1188
29.7528,1177
29.7556,1168
29.7583,1170
29.7611,1164
29.7639,1170
29.7667,1168
29.7694,1159
29.7722,1152
29.7750,1154
29.7778,1159
29.7806,1169
29.7833,1167
29.7861,1165
29.7889,1156
29.7917,1152
29.7944,1159
29.7972,1170
29.8000,1174
29.8028,1164
29.8056,1152
29.8083,1145
29.8111,1137
29.8139,1155
29.8167,1183
29.8194,1183
29.8222,1184
29.8250,1172
29.8278,1170
29.8306,1171
29.8333,1157
29.8361,1152
29.8389,1151
29.8417,1147
29.8444,1155
29.8472,1160
29.8500,1171
29.8528,1175
29.8556,1167
29.8583,1162
29.8611,1152
29.8639,1157
29.8667,1170
29.8694,1165
29.8722,1166
29.8750,1174
29.8778,1173
29.8806,1182
29.8833,1189
29.8861,1192
29.8889,1176
29.8917,1170
29.8944,1171
29.8972,1178
29.9000,1187
29.9028,1200
29.9056,1203
29.9083,1196
29.9111,1192
29.9139,1181
29.9167,1172
29.9194,1173
29.9222,1179
29.9250,1175
29.9278,1188
29.9306,1197
29.9333,1222
29.9361,1235
29.9389,1249
29.9417,1252
29.9444,1251
29.9472,1254
29.9500,1243
29.9528,1243
29.9556,1239
29.9583,1242
29.9611,1255
29.9639,1269
29.9667,1277
29.9694,1285
29.9722,1288
29.9750,1306
29.9778,1314
29.9806,1322
29.9833,1340
29.9861,1354
29.9889,1369
29.9917,1374
29.9944,1373
29.9972,1360
30.0000,1334
30.0028,1319
30.0056,1320
30.0083,1349
30.0111,1388
30.0139,1426
30.0167,1445
30.0194,1456
30.0222,1457
30.0250,1467
30.0278,1470
30.0306,1462
30.0333,1430
30.0361,1406
30.0389,1369
30.0417,1373
30.0444,1385
30.0472,1382
30.0500,1382
30.0528,1377
30.0556,1384
30.0583,1375
30.0611,1364
30.0639,1360
30.0667,1351
30.0694,1354
30.0722,1339
30.0750,1336
30.0778,1337
30.0806,1342
30.0833,1341
30.0861,1353
30.0889,1369
30.0917,1367
30.0944,1359
30.0972,1364
30.1000,1339
30.1028,1299
30.1056,1301
30.1083,1309
30.1111,1331
30.1139,1384
30.1167,1507
30.1194,1690
30.1222,1954
30.1250,2355
30.1278,2811
30.1306,3247
30.1333,3346
30.1361,3368
30.1389,3374
30.1417,3212
30.1444,2666
30.1472,2017
30.1500,1511
30.1528,1232
30.1556,1165
30.1583,1235
30.1611,1361
30.1639,1448
30.1667,1479
30.1694,1463
30.1722,1409
30.1750,1363
30.1778,1350
30.1806,1348
30.1833,1355
30.1861,1361
30.1889,1376
30.1917,1386
30.1944,1397
30.1972,1398
30.2000,1385
30.2028,1394
30.2056,1391
30.2083,1405
30.2111,1420
30.2139,1439
30.2167,1447
30.2194,1451
30.2222,1456
30.2250,1454
30.2278,1475
30.2306,1487
30.2333,1507
30.2361,1498
30.2389,1500
30.2417,1505
30.2444,1511
30.2472,1529
30.2500,1540
30.2528,1551
30.2556,1571
30.2583,1555
30.2611,1540
30.2639,1547
30.2667,1573
30.2694,1587
30.2722,1605
30.2750,1612
30.2778,1614
30.2806,1615
30.2833,1619
30.2861,1631
30.2889,1658
30.2917,1682
30.2944,1689
30.2972,1687
30.3000,1699
30.3028,1715
30.3056,1720
30.3083,1722
30.3111,1727
30.3139,1745
30.3167,1761
30.3194,1777
30.3222,1799
30.3250,1830
30.3278,1848
30.3306,1862
30.3333,1882
30.3361,1899
30.3389,1917
30.3417,1943
30.3444,1937
30.3472,1934
30.3500,1931
30.3528,1939
30.3556,1937
30.3583,1932
30.3611,1909
30.3639,1885
30.3667,1870
30.3694,1861
30.3722,1845
30.3750,1828
30.3778,1812
30.3806,1810
30.3833,1808
30.3861,1800
30.3889,1800
30.3917,1808
30.3944,1801
30.3972,1796
30.4000,1781
30.4028,1793
30.4056,1797
30.4083,1805
30.4111,1814
30.4139,1815
30.4167,1810
30.4194,1806
30.4222,1795
30.4250,1796
30.4278,1803
30.4306,1814
30.4333,1816
30.4361,1818
30.4389,1823
30.4417,1812
30.4444,1825
30.4472,1831
30.4500,1854
30.4528,1867
30.4556,1879
30.4583,1865
30.4611,1862
30.4639,1860
30.4667,1860
30.4694,1873
30.4722,1895
30.4750,1891
30.4778,1892
30.4806,1892
30.4833,1892
30.4861,1901
30.4889,1905
30.4917,1911
30.4944,1896
30.4972,1883
30.5000,1881
30.5028,1873
30.5056,1878
30.5083,1897
30.5111,1907
30.5139,1936
30.5167,1944
30.5194,1938
30.5222,1928
30.5250,1940
30.5278,1931
30.5306,1934
30.5333,1941
30.5361,1933
30.5389,1927
30.5417,1919
30.5444,1917
30.5472,1919
30.5500,1923
30.5528,1942
30.5556,1952
30.5583,1942
30.5611,1935
30.5639,1924
30.5667,1923
30.5694,1927
30.5722,1921
30.5750,1925
30.5778,1936
30.5806,1953
30.5833,1954
30.5861,1951
30.5889,1943
30.5917,1944
30.5944,1963
30.5972,1965
30.6000,1978
30.6028,1984
30.6056,1986
30.6083,1988
30.6111,1981
30.6139,1979
30.6167,1961
30.6194,1952
30.6222,1961
30.6250,1963
30.6278,1970
30.6306,1978
30.6333,1991
30.6361,1995
30.6389,1999
30.6417,1991
30.6444,1981
30.6472,1993
30.6500,1999
30.6528,2009
30.6556,1997
30.6583,1984
30.6611,1979
30.6639,1988
30.6667,2007
30.6694,2004
30.6722,2012
30.6750,2007
30.6778,2002
30.6806,2000
30.6833,1986
30.6861,2000
30.6889,2015
30.6917,2023
30.6944,2010
30.6972,2015
30.7000,2020
30.7028,2026
30.7056,2027
30.7083,2030
30.7111,2023
30.7139,2022
30.7167,2008
30.7194,2012
30.7222,2018
30.7250,2039
30.7278,2043
30.7306,2041
30.7333,2022
30.7361,2016
30.7389,2014
30.7417,2020
30.7444,2033
30.7472,2034
30.7500,2038
30.7528,2046
30.7556,2040
30.7583,2042
30.7611,2040
30.7639,2025
30.7667,2039
30.7694,2046
30.7722,2050
30.7750,2061
30.7778,2049
30.7806,2039
30.7833,2044
30.7861,2048
30.7889,2068
30.7917,2072
30.7944,2073
30.7972,2081
30.8000,2095
30.8028,2104
30.8056,2116
30.8083,2123
30.8111,2123
30.8139,2104
30.8167,2080
30.8194,2070
30.8222,2084
30.8250,2114
30.8278,2142
30.8306,2172
30.8333,2203
30.8361,2218
30.8389,2224
30.8417,2223
30.8444,2196
30.8472,2177
30.8500,2152
30.8528,2145
30.8556,2128
30.8583,2104
30.8611,2086
30.8639,2062
30.8667,2052
30.8694,2023
30.8722,2004
30.8750,2003
30.8778,2025
30.8806,2033
30.8833,2026
30.8861,2025
30.8889,2025
30.8917,2008
30.8944,2003
30.8972,2007
30.9000,2000
30.9028,1999
30.9056,1987
30.9083,1993
30.9111,1963
30.9139,1924
30.9167,1890
30.9194,1886
30.9222,1902
30.9250,1934
30.9278,2005
30.9306,2133
30.9333,2316
30.9361,2576
30.9389,2927
30.9417,3323
30.9444,3354
30.9472,3369
30.9500,3389
30.9528,3386
30.9556,3369
30.9583,3344
30.9611,2966
30.9639,2407
30.9667,1932
30.9694,1696
30.9722,1654
30.9750,1717
30.9778,1811
30.9806,1886
30.9833,1930
30.9861,1917
30.9889,1899
30.9917,1858
30.9944,1828
30.9972,1801
31.0000,1804
31.0028,1809
31.0056,1847
31.0083,1872
31.0111,1882
31.0139,1864
31.0167,1831
31.0194,1809
31.0222,1796
31.0250,1827
31.0278,1856
31.0306,1870
31.0333,1849
31.0361,1834
31.0389,1819
31.0417,1814
31.0444,1830
31.0472,1869
31.0500,1910
31.0528,1909
31.0556,1888
31.0583,1847
31.0611,1826
31.0639,1835
31.0667,1863
31.0694,1902
31.0722,1917
31.0750,1911
31.0778,1893
31.0806,1878
31.0833,1881
31.0861,1897
31.0889,1905
31.0917,1917
31.0944,1909
31.0972,1898
31.1000,1899
31.1028,1929
31.1056,1957
31.1083,1971
31.1111,1965
31.1139,1942
31.1167,1934
31.1194,1928
31.1222,1938
31.1250,1969
31.1278,2007
31.1306,2026
31.1333,2028
31.1361,2036
31.1389,2037
31.1417,2042
31.1444,2047
31.1472,2054
31.1500,2066
31.1528,2071
31.1556,2095
31.1583,2112
31.1611,1997
31.1639,2003
31.1667,1993
31.1694,1978
31.1722,1953
31.1750,1908
31.1778,1881
31.1806,1868
31.1833,1855
31.1861,1842
31.1889,1836
31.1917,1820
31.1944,1799
31.1972,1783
31.2000,1784
31.2028,1781
31.2056,1771
31.2083,1771
31.2111,1767
31.2139,1754
31.2167,1734
31.2194,1706
31.2222,1714
31.2250,1748
31.2278,1770
31.2306,1762
31.2333,1761
31.2361,1748
31.2389,1722
31.2417,1721
31.2444,1722
31.2472,1738
31.2500,1736
31.2528,1740
31.2556,1738
31.2583,1727
31.2611,1737
31.2639,1731
31.2667,1746
31.2694,1752
31.2722,1741
31.2750,1724
31.2778,1718
31.2806,1724
31.2833,1742
31.2861,1746
31.2889,1762
31.2917,1756
31.2944,1747
31.2972,1733
31.3000,1727
31.3028,1731
31.3056,1731
31.3083,1731
31.3111,1725
31.3139,1716
31.3167,1713
31.3194,1719
31.3222,1729
31.3250,1730
31.3278,1733
31.3306,1717
31.3333,1713
31.3361,1701
31.3389,1700
31.3417,1695
31.3444,1698
31.3472,1706
31.3500,1707
31.3528,1694
31.3556,1688
31.3583,1683
31.3611,1697
31.3639,1691
31.3667,1695
31.3694,1692
31.3722,1701
31.3750,1678
31.3778,1671
31.3806,1669
31.3833,1661
31.3861,1678
31.3889,1693
31.3917,1698
31.3944,1695
31.3972,1698
31.4000,1684
31.4028,1667
31.4056,1665
31.4083,1666
31.4111,1663
31.4139,1662
31.4167,1645
31.4194,1653
31.4222,1656
31.4250,1665
31.4278,1680
31.4306,1690
31.4333,1682
31.4361,1664
31.4389,1652
31.4417,1653
31.4444,1663
31.4472,1667
31.4500,1668
31.4528,1664
31.4556,1662
31.4583,1657
31.4611,1670
31.4639,1660
31.4667,1669
31.4694,1680
31.4722,1679
31.4750,1669
31.4778,1658
31.4806,1639
31.4833,1630
31.4861,1633
31.4889,1646
31.4917,1650
31.4944,1665
31.4972,1666
31.5000,1674
31.5028,1674
31.5056,1683
31.5083,1682
31.5111,1672
31.5139,1658
31.5167,1629
31.5194,1622
31.5222,1635
31.5250,1634
31.5278,1636
31.5306,1642
31.5333,1632
31.5361,1625
31.5389,1640
31.5417,1648
31.5444,1655
31.5472,1656
31.5500,1661
31.5528,1657
31.5556,1654
31.5583,1644
31.5611,1649
31.5639,1654
31.5667,1651
31.5694,1655
31.5722,1656
31.5750,1662
31.5778,1652
31.5806,1649
31.5833,1631
31.5861,1634
31.5889,1639
31.5917,1656
31.5944,1666
31.5972,1671
31.6000,1665
31.6028,1682
31.6056,1698
31.6083,1728
31.6111,1737
31.6139,1731
31.6167,1717
31.6194,1714
31.6222,1705
31.6250,1704
31.6278,1694
31.6306,1708
31.6333,1736
31.6361,1770
31.6389,1782
31.6417,1794
31.6444,1809
31.6472,1819
31.6500,1810
31.6528,1794
31.6556,1754
31.6583,1721
31.6611,1698
31.6639,1679
31.6667,1667
31.6694,1666
31.6722,1650
31.6750,1633
31.6778,1616
31.6806,1597
31.6833,1601
31.6861,1611
31.6889,1610
31.6917,1595
31.6944,1586
31.6972,1579
31.7000,1585
31.7028,1590
31.7056,1586
31.7083,1571
31.7111,1560
31.7139,1553
31.7167,1552
31.7194,1539
31.7222,1514
31.7250,1500
31.7278,1506
31.7306,1534
31.7333,1569
31.7361,1633
31.7389,1738
31.7417,1904
31.7444,2129
31.7472,2451
31.7500,2837
31.7528,3236
31.7556,3342
31.7583,3355
31.7611,3364
31.7639,3250
31.7667,2781
31.7694,2190
31.7722,1689
31.7750,1386
31.7778,1272
31.7806,1299
31.7833,1395
31.7861,1474
31.7889,1529
31.7917,1540
31.7944,1513
31.7972,1474
31.8000,1437
31.8028,1430
31.8056,1439
31.8083,1460
31.8111,1466
31.8139,1470
31.8167,1463
31.8194,1440
31.8222,1424
31.8250,1431
31.8278,1449
31.8306,1466
31.8333,1474
31.8361,1474
31.8389,1458
31.8417,1451
31.8444,1455
31.8472,1467
31.8500,1479
31.8528,1491
31.8556,1496
31.8583,1497
31.8611,1493
31.8639,1490
31.8667,1482
31.8694,1492
31.8722,1503
31.8750,1510
31.8778,1491
31.8806,1488
31.8833,1493
31.8861,1501
31.8889,1517
31.8917,1541
31.8944,1547
31.8972,1553
31.9000,1551
31.9028,1540
31.9056,1538
31.9083,1533
31.9111,1552
31.9139,1556
31.9167,1570
31.9194,1592
31.9222,1597
31.9250,1597
31.9278,1596
31.9306,1600
31.9333,1611
31.9361,1626
31.9389,1652
31.9417,1679
31.9444,1675
31.9472,1680
31.9500,1692
31.9528,1700
31.9556,1705
31.9583,1728
31.9611,1719
31.9639,1748
31.9667,1726
31.9694,1729
31.9722,1724
31.9750,1710
31.9778,1668
31.9806,1626
31.9833,1602
31.9861,1596
31.9889,1590
31.9917,1586
31.9944,1587
31.9972,1571
32.0000,1550
32.0028,1537
32.0056,1512
32.0083,1511
32.0111,1511
32.0139,1520
32.0167,1512
32.0194,1508
32.0222,1491
32.0250,1498
32.0278,1495
32.0306,1480
32.0333,1481
32.0361,1490
32.0389,1489
32.0417,1481
32.0444,1488
32.0472,1500
32.0500,1514
32.0528,1511
32.0556,1521
32.0583,1513
32.0611,1512
32.0639,1510
32.0667,1493
32.0694,1489
32.0722,1487
32.0750,1499
32.0778,1515
32.0806,1526
32.0833,1518
32.0861,1526
32.0889,1531
32.0917,1531
32.0944,1520
32.0972,1515
32.1000,1522
32.1028,1515
32.1056,1516
32.1083,1516
32.1111,1529
32.1139,1526
32.1167,1505
32.1194,1499
32.1222,1495
32.1250,1503
32.1278,1507
32.1306,1510
32.1333,1518
32.1361,1528
32.1389,1529
32.1417,1501
32.1444,1496
32.1472,1492
32.1500,1497
32.1528,1505
32.1556,1513
32.1583,1517
32.1611,1516
32.1639,1515
32.1667,1500
32.1694,1493
32.1722,1492
32.1750,1498
32.1778,1497
32.1806,1505
32.1833,1519
32.1861,1525
32.1889,1525
32.1917,1514
32.1944,1499
32.1972,1501
32.2000,1505
32.2028,1503
32.2056,1500
32.2083,1501
32.2111,1500
32.2139,1499
32.2167,1494
32.2194,1497
32.2222,1499
32.2250,1497
32.2278,1503
32.2306,1513
32.2333,1515
32.2361,1515
32.2389,1517
32.2417,1540
32.2444,1529
32.2472,1528
32.2500,1506
32.2528,1510
32.2556,1521
32.2583,1522
32.2611,1530
32.2639,1544
32.2667,1545
32.2694,1551
32.2722,1547
32.2750,1545
32.2778,1549
32.2806,1552
32.2833,1560
32.2861,1563
32.2889,1550
32.2917,1554
32.2944,1550
32.2972,1552
32.3000,1547
32.3028,1534
32.3056,1543
32.3083,1555
32.3111,1569
32.3139,1559
32.3167,1553
32.3194,1558
32.3222,1556
32.3250,1550
32.3278,1547
32.3306,1553
32.3333,1557
32.3361,1560
32.3389,1556
32.3417,1555
32.3444,1564
32.3472,1569
32.3500,1565
32.3528,1563
32.3556,1569
32.3583,1584
32.3611,1578
32.3639,1578
32.3667,1578
32.3694,1580
32.3722,1582
32.3750,1576
32.3778,1567
32.3806,1557
32.3833,1562
32.3861,1582
32.3889,1584
32.3917,1599
32.3944,1597
32.3972,1599
32.4000,1591
32.4028,1577
32.4056,1569
32.4083,1578
32.4111,1596
32.4139,1597
32.4167,1607
32.4194,1601
32.4222,1613
32.4250,1610
32.4278,1622
32.4306,1638
32.4333,1635
32.4361,1656
32.4389,1666
32.4417,1691
32.4444,1711
32.4472,1711
32.4500,1703
32.4528,1710
32.4556,1711
32.4583,1699
32.4611,1690
32.4639,1691
32.4667,1714
32.4694,1747
32.4722,1775
32.4750,1794
32.4778,1793
32.4806,1791
32.4833,1768
32.4861,1763
32.4889,1732
32.4917,1712
32.4944,1691
32.4972,1681
32.5000,1684
32.5028,1677
32.5056,1663
32.5083,1647
32.5111,1635
32.5139,1632
32.5167,1617
32.5194,1610
32.5222,1598
32.5250,1596
32.5278,1597
32.5306,1600
32.5333,1611
32.5361,1609
32.5389,1604
32.5417,1588
32.5444,1597
32.5472,1593
32.5500,1607
32.5528,1600
32.5556,1572
32.5583,1547
32.5611,1530
32.5639,1520
32.5667,1530
32.5694,1574
32.5722,1693
32.5750,1855
32.5778,2118
32.5806,2505
32.5833,2950
32.5861,3346
32.5889,3362
32.5917,3378
32.5944,3375
32.5972,3344
32.6000,2942
32.6028,2325
32.6056,1771
32.6083,1437
32.6111,1321
32.6139,1373
32.6167,1467
32.6194,1557
32.6222,1622
32.6250,1622
32.6278,1601
32.6306,1538
32.6333,1501
32.6361,1479
32.6389,1477
32.6417,1484
32.6444,1498
32.6472,1513
32.6500,1527
32.6528,1518
32.6556,1515
32.6583,1516
32.6611,1525
32.6639,1545
32.6667,1576
32.6694,1572
32.6722,1565
32.6750,1545
32.6778,1530
32.6806,1540
32.6833,1561
32.6861,1584
32.6889,1590
32.6917,1582
32.6944,1572
32.6972,1570
32.7000,1557
32.7028,1551
32.7056,1558
32.7083,1582
32.7111,1591
32.7139,1592
32.7167,1590
32.7194,1592
32.7222,1601
32.7250,1621
32.7278,1633
32.7306,1637
32.7333,1640
32.7361,1636
32.7389,1639
32.7417,1653
32.7444,1667
32.7472,1686
32.7500,1692
32.7528,1704
32.7556,1710
32.7583,1711
32.7611,1725
32.7639,1724
32.7667,1741
32.7694,1746
32.7722,1764
32.7750,1769
32.7778,1768
32.7806,1777
32.7833,1793
32.7861,1819
32.7889,1835
32.7917,1857
32.7944,1867
32.7972,1880
32.8000,1864
32.8028,1861
32.8056,1853
32.8083,1832
32.8111,1821
32.8139,1815
32.8167,1800
32.8194,1777
32.8222,1753
32.8250,1743
32.8278,1736
32.8306,1706
32.8333,1672
32.8361,1633
32.8389,1628
32.8417,1639
32.8444,1660
32.8472,1681
32.8500,1689
32.8528,1683
32.8556,1662
32.8583,1650
32.8611,1635
32.8639,1624
32.8667,1627
32.8694,1652
32.8722,1668
32.8750,1674
32.8778,1672
32.8806,1660
32.8833,1658
32.8861,1669
32.8889,1673
32.8917,1683
32.8944,1669
32.8972,1644
32.9000,1629
32.9028,1639
32.9056,1671
32.9083,1682
32.9111,1701
32.9139,1691
32.9167,1683
32.9194,1681
32.9222,1684
32.9250,1688
32.9278,1680
32.9306,1682
32.9333,1683
32.9361,1660
32.9389,1655
32.9417,1667
32.9444,1686
32.9472,1696
32.9500,1704
32.9528,1697
32.9556,1692
32.9583,1683
32.9611,1670
32.9639,1676
32.9667,1686
32.9694,1695
32.9722,1693
32.9750,1688
32.9778,1691
32.9806,1683
32.9833,1683
32.9861,1693
32.9889,1692
32.9917,1692
32.9944,1686
32.9972,1679
33.0000,1676
33.0028,1671
33.0056,1661
33.0083,1644
33.0111,1642
33.0139,1652
33.0167,1675
33.0194,1686
33.0222,1700
33.0250,1696
33.0278,1696
33.0306,1685
33.0333,1686
33.0361,1676
33.0389,1680
33.0417,1687
33.0444,1685
33.0472,1688
33.0500,1681
33.0528,1677
33.0556,1683
33.0583,1673
33.0611,1658
33.0639,1657
33.0667,1678
33.0694,1699
33.0722,1714
33.0750,1713
33.0778,1696
33.0806,1681
33.0833,1692
33.0861,1697
33.0889,1707
33.0917,1702
33.0944,1708
33.0972,1705
33.1000,1694
33.1028,1694
33.1056,1706
33.1083,1716
33.1111,1708
33.1139,1714
33.1167,1696
33.1194,1701
33.1222,1705
33.1250,1700
33.1278,1704
33.1306,1706
33.1333,1718
33.1361,1716
33.1389,1703
33.1417,1704
33.1444,1698
33.1472,1700
33.1500,1703
33.1528,1711
33.1556,1716
33.1583,1710
33.1611,1711
33.1639,1711
33.1667,1714
33.1694,1709
33.1722,1702
33.1750,1704
33.1778,1708
33.1806,1717
33.1833,1714
33.1861,1728
33.1889,1733
33.1917,1727
33.1944,1718
33.1972,1716
33.2000,1699
33.2028,1706
33.2056,1706
33.2083,1710
33.2111,1708
33.2139,1722
33.2167,1716
33.2194,1711
33.2222,1726
33.2250,1727
33.2278,1742
33.2306,1747
33.2333,1740
33.2361,1736
33.2389,1736
33.2417,1739
33.2444,1741
33.2472,1727
33.2500,1712
33.2528,1707
33.2556,1705
33.2583,1721
33.2611,1734
33.2639,1746
33.2667,1754
33.2694,1757
33.2722,1754
33.2750,1732
33.2778,1722
33.2806,1714
33.2833,1726
33.2861,1724
33.2889,1734
33.2917,1734
33.2944,1743
33.2972,1747
33.3000,1745
33.3028,1742
33.3056,1749
33.3083,1740
33.3111,1733
33.3139,1749
33.3167,1760
33.3194,1763
33.3222,1769
33.3250,1762
33.3278,1746
33.3306,1734
33.3333,1739
33.3361,1762
33.3389,1790
33.3417,1821
33.3444,1863
33.3472,1876
33.3500,1871
33.3528,1850
33.3556,1817
33.3583,1793
33.3611,1794
33.3639,1829
33.3667,1850
33.3694,1884
33.3722,1908
33.3750,1925
33.3778,1948
33.3806,1941
33.3833,1919
33.3861,1879
33.3889,1855
33.3917,1833
33.3944,1805
33.3972,1782
33.4000,1783
33.4028,1789
33.4056,1799
33.4083,1779
33.4111,1768
33.4139,1752
33.4167,1730
33.4194,1711
33.4222,1698
33.4250,1702
33.4278,1724
33.4306,1754
33.4333,1757
33.4361,1751
33.4389,1728
33.4417,1714
33.4444,1713
33.4472,1711
33.4500,1685
33.4528,1662
33.4556,1637
33.4583,1626
33.4611,1633
33.4639,1647
33.4667,1680
33.4694,1737
33.4722,1862
33.4750,2040
33.4778,2281
33.4806,2608
33.4833,3003
33.4861,3341
33.4889,3355
33.4917,3374
33.4944,3375
33.4972,3334
33.5000,2937
33.5028,2371
33.5056,1861
33.5083,1554
33.5111,1422
33.5139,1436
33.5167,1500
33.5194,1573
33.5222,1646
33.5250,1671
33.5278,1680
33.5306,1636
33.5333,1590
33.5361,1553
33.5389,1548
33.5417,1562
33.5444,1583
33.5472,1590
33.5500,1593
33.5528,1587
33.5556,1589
33.5583,1597
33.5611,1597
33.5639,1598
33.5667,1605
33.5694,1620
33.5722,1627
33.5750,1620
33.5778,1605
33.5806,1585
33.5833,1594
33.5861,1611
33.5889,1631
33.5917,1637
33.5944,1632
33.5972,1631
33.6000,1630
33.6028,1640
33.6056,1647
33.6083,1671
33.6111,1678
33.6139,1694
33.6167,1690
33.6194,1671
33.6222,1673
33.6250,1680
33.6278,1695
33.6306,1695
33.6333,1697
33.6361,1684
33.6389,1693
33.6417,1706
33.6444,1730
33.6472,1754
33.6500,1758
33.6528,1759
33.6556,1746
33.6583,1729
33.6611,1732
33.6639,1752
33.6667,1783
33.6694,1794
33.6722,1811
33.6750,1815
33.6778,1828
33.6806,1827
33.6833,1843
33.6861,1859
33.6889,1881
33.6917,1905
33.6944,1915
33.6972,1915
33.7000,1870
33.7028,1878
33.7056,1858
33.7083,1845
33.7111,1817
33.7139,1807
33.7167,1799
33.7194,1773
33.7222,1743
33.7250,1729
33.7278,1720
33.7306,1699
33.7333,1675
33.7361,1653
33.7389,1627
33.7417,1611
33.7444,1608
33.7472,1611
33.7500,1614
33.7528,1610
33.7556,1600
33.7583,1589
33.7611,1595
33.7639,1611
33.7667,1610
33.7694,1617
33.7722,1614
33.7750,1607
33.7778,1600
33.7806,1587
33.7833,1589
33.7861,1580
33.7889,1581
33.7917,1591
33.7944,1591
33.7972,1583
33.8000,1584
33.8028,1605
33.8056,1610
33.8083,1617
33.8111,1607
33.8139,1602
33.8167,1592
33.8194,1585
33.8222,1593
33.8250,1607
33.8278,1617
33.8306,1608
33.8333,1597
33.8361,1597
33.8389,1591
33.8417,1579
33.8444,1573
33.8472,1564
33.8500,1576
33.8528,1589
33.8556,1597
33.8583,1601
33.8611,1596
33.8639,1599
33.8667,1603
33.8694,1602
33.8722,1593
33.8750,1581
33.8778,1574
33.8806,1567
33.8833,1578
33.8861,1589
33.8889,1581
33.8917,1571
33.8944,1558
33.8972,1540
33.9000,1544
33.9028,1551
33.9056,1562
33.9083,1568
33.9111,1562
33.9139,1564
33.9167,1557
33.9194,1560
33.9222,1551
33.9250,1535
33.9278,1534
33.9306,1536
33.9333,1534
33.9361,1533
33.9389,1536
33.9417,1541
33.9444,1561
33.9472,1558
33.9500,1564
33.9528,1561
33.9556,1548
33.9583,1539
33.9611,1557
33.9639,1564
33.9667,1572
33.9694,1564
33.9722,1555
33.9750,1540
33.9778,1528
33.9806,1516
33.9833,1517
33.9861,1538
33.9889,1560
33.9917,1567
33.9944,1564
33.9972,1560
34.0000,1561
34.0028,1561
34.0056,1559
34.0083,1565
34.0111,1560
34.0139,1567
34.0167,1567
34.0194,1574
34.0222,1574
34.0250,1568
34.0278,1547
34.0306,1536
34.0333,1535
34.0361,1562
34.0389,1577
34.0417,1572
34.0444,1577
34.0472,1570
34.0500,1558
34.0528,1564
34.0556,1562
34.0583,1554
34.0611,1554
34.0639,1574
34.0667,1572
34.0694,1580
34.0722,1582
34.0750,1584
34.0778,1583
34.0806,1578
34.0833,1577
34.0861,1576
34.0889,1572
34.0917,1583
34.0944,1580
34.0972,1570
34.1000,1580
34.1028,1572
34.1056,1567
34.1083,1584
34.1111,1588
34.1139,1592
34.1167,1586
34.1194,1577
34.1222,1569
34.1250,1587
34.1278,1594
34.1306,1596
34.1333,1585
34.1361,1564
34.1389,1571
34.1417,1572
34.1444,1571
34.1472,1591
34.1500,1607
34.1528,1608
34.1556,1600
34.1583,1593
34.1611,1596
34.1639,1605
34.1667,1603
34.1694,1594
34.1722,1595
34.1750,1598
34.1778,1604
34.1806,1615
34.1833,1638
34.1861,1653
34.1889,1674
34.1917,1685
34.1944,1699
34.1972,1703
34.2000,1713
34.2028,1709
34.2056,1704
34.2083,1689
34.2111,1687
34.2139,1688
34.2167,1720
34.2194,1736
34.2222,1754
34.2250,1762
34.2278,1773
34.2306,1786
34.2333,1785
34.2361,1767
34.2389,1758
34.2417,1719
34.2444,1678
34.2472,1653
34.2500,1646
34.2528,1655
34.2556,1650
34.2583,1633
34.2611,1627
34.2639,1613
34.2667,1587
34.2694,1580
34.2722,1594
34.2750,1608
34.2778,1614
34.2806,1605
34.2833,1598
34.2861,1601
34.2889,1595
34.2917,1593
34.2944,1586
34.2972,1593
34.3000,1580
34.3028,1570
34.3056,1546
34.3083,1518
34.3111,1508
34.3139,1518
34.3167,1523
34.3194,1552
34.3222,1620
34.3250,1747
34.3278,1922
34.3306,2203
34.3333,2593
34.3361,3029
34.3389,3347
34.3417,3352
34.3444,3365
34.3472,3388
34.3500,3203
34.3528,2649
34.3556,2005
34.3583,1526
34.3611,1288
34.3639,1234
34.3667,1302
34.3694,1413
34.3722,1502
34.3750,1557
34.3778,1549
34.3806,1511
34.3833,1487
34.3861,1472
34.3889,1454
34.3917,1463
34.3944,1471
34.3972,1499
34.4000,1514
34.4028,1514
34.4056,1501
34.4083,1490
34.4111,1480
34.4139,1479
34.4167,1489
34.4194,1503
34.4222,1512
34.4250,1510
34.4278,1501
34.4306,1498
34.4333,1507
34.4361,1523
34.4389,1538
34.4417,1547
34.4444,1553
34.4472,1553
34.4500,1544
34.4528,1551
34.4556,1559
34.4583,1574
34.4611,1578
34.4639,1565
34.4667,1562
34.4694,1558
34.4722,1563
34.4750,1581
34.4778,1612
34.4806,1631
34.4833,1638
34.4861,1616
34.4889,1605
34.4917,1608
34.4944,1622
34.4972,1643
34.5000,1672
34.5028,1677
34.5056,1669
34.5083,1671
34.5111,1673
34.5139,1683
34.5167,1700
34.5194,1709
34.5222,1717
34.5250,1724
34.5278,1731
34.5306,1733
34.5333,1750
34.5361,1770
34.5389,1805
34.5417,1827
34.5444,1840
34.5472,1847
34.5500,1861
34.5528,1832
34.5556,1837
34.5583,1809
34.5611,1804
34.5639,1778
34.5667,1762
34.5694,1739
34.5722,1715
34.5750,1708
34.5778,1696
34.5806,1690
34.5833,1690
34.5861,1670
34.5889,1639
34.5917,1615
34.5944,1602
34.5972,1599
34.6000,1612
34.6028,1609
34.6056,1605
34.6083,1607
34.6111,1593
34.6139,1603
34.6167,1605
34.6194,1619
34.6222,1626
34.6250,1627
34.6278,1613
34.6306,1590
34.6333,1587
34.6361,1595
34.6389,1605
34.6417,1619
34.6444,1619
34.6472,1618
34.6500,1617
34.6528,1630
34.6556,1630
34.6583,1636
34.6611,1635
34.6639,1627
34.6667,1626
34.6694,1626
34.6722,1631
34.6750,1645
34.6778,1630
34.6806,1619
34.6833,1611
34.6861,1621
34.6889,1631
34.6917,1634
34.6944,1646
34.6972,1636
34.7000,1644
34.7028,1644
34.7056,1635
34.7083,1625
34.7111,1620
34.7139,1619
34.7167,1638
34.7194,1650
34.7222,1665
34.7250,1673
34.7278,1660
34.7306,1660
34.7333,1643
34.7361,1637
34.7389,1627
34.7417,1618
34.7444,1615
34.7472,1625
34.7500,1627
34.7528,1635
34.7556,1633
34.7583,1628
34.7611,1630
34.7639,1638
34.7667,1632
34.7694,1615
34.7722,1609
34.7750,1627
34.7778,1640
34.7806,1650
34.7833,1644
34.7861,1629
34.7889,1617
34.7917,1604
34.7944,1597
34.7972,1612
34.8000,1622
34.8028,1628
34.8056,1623
34.8083,1620
34.8111,1606
34.8139,1600
34.8167,1621
34.8194,1648
34.8222,1649
34.8250,1642
34.8278,1630
34.8306,1628
34.8333,1626
34.8361,1631
34.8389,1631
34.8417,1633
34.8444,1637
34.8472,1650
34.8500,1654
34.8528,1657
34.8556,1640
34.8583,1621
34.8611,1617
34.8639,1624
34.8667,1626
34.8694,1623
34.8722,1622
34.8750,1628
34.8778,1635
34.8806,1635
34.8833,1627
34.8861,1618
34.8889,1621
34.8917,1633
34.8944,1639
34.8972,1646
34.9000,1657
34.9028,1645
34.9056,1648
34.9083,1642
34.9111,1650
34.9139,1654
34.9167,1654
34.9194,1659
34.9222,1658
34.9250,1651
34.9278,1656
34.9306,1651
34.9333,1646
34.9361,1656
34.9389,1646
34.9417,1632
34.9444,1631
34.9472,1628
34.9500,1633
34.9528,1618
34.9556,1610
34.9583,1614
34.9611,1628
34.9639,1635
34.9667,1647
34.9694,1649
34.9722,1637
34.9750,1642
34.9778,1636
34.9806,1639
34.9833,1647
34.9861,1653
34.9889,1664
34.9917,1665
34.9944,1656
34.9972,1654
35.0000,1643
35.0028,1624
35.0056,1624
35.0083,1619
35.0111,1617
35.0139,1630
35.0167,1639
35.0194,1636
35.0222,1638
35.0250,1646
35.0278,1650
35.0306,1666
35.0333,1664
35.0361,1683
35.0389,1703
35.0417,1725
35.0444,1727
35.0472,1742
35.0500,1745
35.0528,1743
35.0556,1732
35.0583,1721
35.0611,1728
35.0639,1718
35.0667,1741
35.0694,1763
35.0722,1777
35.0750,1790
35.0778,1798
35.0806,1811
35.0833,1802
35.0861,1783
35.0889,1758
35.0917,1731
35.0944,1699
35.0972,1672
35.1000,1666
35.1028,1654
35.1056,1643
35.1083,1626
35.1111,1626
35.1139,1616
35.1167,1608
35.1194,1582
35.1222,1568
35.1250,1569
35.1278,1575
35.1306,1587
35.1333,1596
35.1361,1599
35.1389,1589
35.1417,1580
35.1444,1564
35.1472,1551
35.1500,1538
35.1528,1509
35.1556,1488
35.1583,1472
35.1611,1482
35.1639,1491
35.1667,1518
35.1694,1577
35.1722,1702
35.1750,1865
35.1778,2114
35.1806,2497
35.1833,2931
35.1861,3332
35.1889,3358
35.1917,3374
35.1944,3377
35.1972,3231
35.2000,2723
35.2028,2085
35.2056,1572
35.2083,1306
35.2111,1235
35.2139,1310
35.2167,1412
35.2194,1507
35.2222,1555
35.2250,1525
35.2278,1471
35.2306,1417
35.2333,1393
35.2361,1379
35.2389,1380
35.2417,1395
35.2444,1402
35.2472,1411
35.2500,1413
35.2528,1392
35.2556,1377
35.2583,1376
35.2611,1389
35.2639,1392
35.2667,1403
35.2694,1409
35.2722,1388
35.2750,1375
35.2778,1373
35.2806,1386
35.2833,1411
35.2861,1425
35.2889,1437
35.2917,1432
35.2944,1413
35.2972,1401
35.3000,1401
35.3028,1411
35.3056,1425
35.3083,1425
35.3111,1423
35.3139,1427
35.3167,1429
35.3194,1418
35.3222,1434
35.3250,1452
35.3278,1464
35.3306,1459
35.3333,1449
35.3361,1462
35.3389,1471
35.3417,1472
35.3444,1487
35.3472,1492
35.3500,1495
35.3528,1488
35.3556,1478
35.3583,1485
35.3611,1487
35.3639,1522
35.3667,1541
35.3694,1556
35.3722,1565
35.3750,1554
35.3778,1554
35.3806,1567
35.3833,1585
35.3861,1601
35.3889,1616
35.3917,1630
35.3944,1645
35.3972,1668
35.4000,1616
35.4028,1629
35.4056,1614
35.4083,1583
35.4111,1565
35.4139,1530
35.4167,1502
35.4194,1474
35.4222,1454
35.4250,1442
35.4278,1429
35.4306,1428
35.4333,1416
35.4361,1394
35.4389,1376
35.4417,1368
35.4444,1373
35.4472,1377
35.4500,1374
35.4528,1363
35.4556,1344
35.4583,1329
35.4611,1339
35.4639,1335
35.4667,1337
35.4694,1357
35.4722,1356
35.4750,1345
35.4778,1350
35.4806,1356
35.4833,1362
35.4861,1381
35.4889,1400
35.4917,1380
35.4944,1354
35.4972,1339
35.5000,1338
35.5028,1351
35.5056,1352
35.5083,1369
35.5111,1371
35.5139,1374
35.5167,1370
35.5194,1366
35.5222,1365
35.5250,1387
35.5278,1382
35.5306,1372
35.5333,1362
35.5361,1353
35.5389,1360
35.5417,1364
35.5444,1366
35.5472,1367
35.5500,1377
35.5528,1377
35.5556,1388
35.5583,1384
35.5611,1372
35.5639,1375
35.5667,1382
35.5694,1377
35.5722,1374
35.5750,1374
35.5778,1371
35.5806,1365
35.5833,1363
35.5861,1360
35.5889,1364
35.5917,1369
35.5944,1363
35.5972,1360
35.6000,1374
35.6028,1374
35.6056,1394
35.6083,1381
35.6111,1385
35.6139,1382
35.6167,1378
35.6194,1372
35.6222,1365
35.6250,1364
35.6278,1372
35.6306,1381
35.6333,1382
35.6361,1397
35.6389,1389
35.6417,1388
35.6444,1367
35.6472,1378
35.6500,1380
35.6528,1382
35.6556,1396
35.6583,1398
35.6611,1386
35.6639,1385
35.6667,1372
35.6694,1371
35.6722,1380
35.6750,1396
35.6778,1417
35.6806,1413
35.6833,1414
35.6861,1404
35.6889,1399
35.6917,1402
35.6944,1417
35.6972,1415
35.7000,1418
35.7028,1425
35.7056,1435
35.7083,1440
35.7111,1433
35.7139,1437
35.7167,1436
35.7194,1427
35.7222,1428
35.7250,1436
35.7278,1433
35.7306,1429
35.7333,1439
35.7361,1441
35.7389,1430
35.7417,1440
35.7444,1453
35.7472,1461
35.7500,1464
35.7528,1457
35.7556,1449
35.7583,1450
35.7611,1443
35.7639,1462
35.7667,1475
35.7694,1481
35.7722,1487
35.7750,1484
35.7778,1485
35.7806,1482
35.7833,1482
35.7861,1488
35.7889,1489
35.7917,1503
35.7944,1506
35.7972,1515
35.8000,1519
35.8028,1513
35.8056,1499
35.8083,1469
35.8111,1472
35.8139,1483
35.8167,1504
35.8194,1520
35.8222,1514
35.8250,1511
35.8278,1511
35.8306,1521
35.8333,1527
35.8361,1530
35.8389,1538
35.8417,1547
35.8444,1547
35.8472,1537
35.8500,1532
35.8528,1527
35.8556,1548
35.8583,1558
35.8611,1572
35.8639,1581
35.8667,1599
35.8694,1613
35.8722,1610
35.8750,1600
35.8778,1606
35.8806,1614
35.8833,1642
35.8861,1679
35.8889,1706
35.8917,1700
35.8944,1694
35.8972,1679
35.9000,1674
35.9028,1655
35.9056,1653
35.9083,1660
35.9111,1691
35.9139,1731
35.9167,1759
35.9194,1792
35.9222,1803
35.9250,1811
35.9278,1798
35.9306,1770
35.9333,1741
35.9361,1724
35.9389,1710
35.9417,1693
35.9444,1680
35.9472,1690
35.9500,1681
35.9528,1665
35.9556,1639
35.9583,1620
35.9611,1606
35.9639,1604
35.9667,1624
35.9694,1635
35.9722,1633
35.9750,1626
35.9778,1609
35.9806,1623
35.9833,1620
35.9861,1623
35.9889,1627
35.9917,1640
35.9944,1633
35.9972,1623
36.0000,1597
36.0028,1577
36.0056,1579
36.0083,1588
36.0111,1626
36.0139,1706
36.0167,1807
36.0194,1960
36.0222,2168
36.0250,2478
36.0278,2864
36.0306,3249
36.0333,3356
36.0361,3354
36.0389,3362
36.0417,3325
36.0444,2934
36.0472,2394
36.0500,1900
36.0528,1570
36.0556,1417
36.0583,1412
36.0611,1491
36.0639,1592
36.0667,1659
36.0694,1689
36.0722,1657
36.0750,1620
36.0778,1568
36.0806,1540
36.0833,1551
36.0861,1566
36.0889,1596
36.0917,1618
36.0944,1622
36.0972,1624
36.1000,1627
36.1028,1605
36.1056,1604
36.1083,1610
36.1111,1640
36.1139,1657
36.1167,1665
36.1194,1657
36.1222,1642
36.1250,1632
36.1278,1639
36.1306,1666
36.1333,1681
36.1361,1700
36.1389,1691
36.1417,1690
36.1444,1692
36.1472,1701
36.1500,1722
36.1528,1731
36.1556,1731
36.1583,1740
36.1611,1758
36.1639,1745
36.1667,1756
36.1694,1747
36.1722,1751
36.1750,1751
36.1778,1759
36.1806,1769
36.1833,1769
36.1861,1773
36.1889,1790
36.1917,1814
36.1944,1819
36.1972,1826
36.2000,1819
36.2028,1828
36.2056,1829
36.2083,1837
36.2111,1855
36.2139,1849
36.2167,1867
36.2194,1877
36.2222,1888
36.2250,1910
36.2278,1938
36.2306,1955
36.2333,1989
36.2361,2002
36.2389,2017
36.2417,2025
36.2444,2020
36.2472,2017
36.2500,2005
36.2528,1967
36.2556,1949
36.2583,1920
36.2611,1909
36.2639,1892
36.2667,1858
36.2694,1844
36.2722,1836
36.2750,1825
36.2778,1809
36.2806,1787
36.2833,1783
36.2861,1775
36.2889,1773
36.2917,1757
36.2944,1762
36.2972,1759
36.3000,1750
36.3028,1740
36.3056,1739
36.3083,1733
36.3111,1744
36.3139,1756
36.3167,1754
36.3194,1763
36.3222,1764
36.3250,1755
36.3278,1741
36.3306,1742
36.3333,1748
36.3361,1770
36.3389,1779
36.3417,1784
36.3444,1783
36.3472,1774
36.3500,1766
36.3528,1754
36.3556,1755
36.3583,1741
36.3611,1738
36.3639,1747
36.3667,1765
36.3694,1788
36.3722,1782
36.3750,1781
36.3778,1777
36.3806,1787
36.3833,1782
36.3861,1776
36.3889,1773
36.3917,1775
36.3944,1770
36.3972,1784
36.4000,1791
36.4028,1779
36.4056,1782
36.4083,1779
36.4111,1774
36.4139,1769
36.4167,1766
36.4194,1757
36.4222,1756
36.4250,1751
36.4278,1738
36.4306,1746
36.4333,1758
36.4361,1744
36.4389,1726
36.4417,1719
36.4444,1730
36.4472,1753
36.4500,1760
36.4528,1758
36.4556,1741
36.4583,1728
36.4611,1721
36.4639,1708
36.4667,1711
36.4694,1716
36.4722,1734
36.4750,1740
36.4778,1751
36.4806,1753
36.4833,1743
36.4861,1744
36.4889,1743
36.4917,1736
36.4944,1734
36.4972,1737
36.5000,1740
36.5028,1751
36.5056,1730
36.5083,1730
36.5111,1721
36.5139,1713
36.5167,1720
36.5194,1720
36.5222,1709
36.5250,1718
36.5278,1724
36.5306,1735
36.5333,1752
36.5361,1742
36.5389,1722
36.5417,1722
36.5444,1726
36.5472,1730
36.5500,1730
36.5528,1721
36.5556,1704
36.5583,1711
36.5611,1713
36.5639,1724
36.5667,1741
36.5694,1765
36.5722,1765
36.5750,1756
36.5778,1753
36.5806,1749
36.5833,1742
36.5861,1743
36.5889,1752
36.5917,1753
36.5944,1754
36.5972,1760
36.6000,1758
36.6028,1744
36.6056,1736
36.6083,1740
36.6111,1756
36.6139,1770
36.6167,1751
36.6194,1743
36.6222,1728
36.6250,1730
36.6278,1724
36.6306,1732
36.6333,1749
36.6361,1767
36.6389,1777
36.6417,1758
36.6444,1762
36.6472,1752
36.6500,1761
36.6528,1776
36.6556,1768
36.6583,1767
36.6611,1754
36.6639,1761
36.6667,1770
36.6694,1754
36.6722,1754
36.6750,1761
36.6778,1782
36.6806,1773
36.6833,1780
36.6861,1792
36.6889,1794
36.6917,1800
36.6944,1810
36.6972,1823
36.7000,1845
36.7028,1870
36.7056,1879
36.7083,1887
36.7111,1869
36.7139,1863
36.7167,1851
36.7194,1838
36.7222,1853
36.7250,1871
36.7278,1895
36.7306,1920
36.7333,1959
36.7361,1980
36.7389,1991
36.7417,1970
36.7444,1948
36.7472,1918
36.7500,1914
36.7528,1904
36.7556,1884
36.7583,1866
36.7611,1852
36.7639,1837
36.7667,1826
36.7694,1798
36.7722,1771
36.7750,1770
36.7778,1771
36.7806,1774
36.7833,1777
36.7861,1778
36.7889,1768
36.7917,1785
36.7944,1778
36.7972,1787
36.8000,1777
36.8028,1765
36.8056,1748
36.8083,1747
36.8111,1745
36.8139,1718
36.8167,1713
36.8194,1701
36.8222,1708
36.8250,1725
36.8278,1745
36.8306,1785
36.8333,1895
36.8361,2056
36.8389,2298
36.8417,2643
36.8444,3055
36.8472,3341
36.8500,3358
36.8528,3369
36.8556,3383
36.8583,3370
36.8611,3156
36.8639,2584
36.8667,2010
36.8694,1606
36.8722,1445
36.8750,1453
36.8778,1556
36.8806,1657
36.8833,1732
36.8861,1760
36.8889,1753
36.8917,1707
36.8944,1668
36.8972,1654
36.9000,1638
36.9028,1634
36.9056,1653
36.9083,1669
36.9111,1689
36.9139,1679
36.9167,1668
36.9194,1664
36.9222,1663
36.9250,1680
36.9278,1697
36.9306,1707
36.9333,1712
36.9361,1693
36.9389,1683
36.9417,1678
36.9444,1686
36.9472,1708
36.9500,1740
36.9528,1745
36.9556,1724
36.9583,1706
36.9611,1695
36.9639,1710
36.9667,1716
36.9694,1734
36.9722,1739
36.9750,1737
36.9778,1734
36.9806,1748
36.9833,1760
36.9861,1771
36.9889,1778
36.9917,1790
36.9944,1794
36.9972,1786
37.0000,1777
37.0028,1783
37.0056,1788
37.0083,1804
37.0111,1826
37.0139,1834
37.0167,1839
37.0194,1837
37.0222,1831
37.0250,1844
37.0278,1869
37.0306,1885
37.0333,1891
37.0361,1887
37.0389,1890
37.0417,1899
37.0444,1914
37.0472,1946
37.0500,1985
37.0528,2011
37.0556,2022
37.0583,2019
37.0611,1984
37.0639,1995
37.0667,1986
37.0694,1976
37.0722,1952
37.0750,1921
37.0778,1891
37.0806,1867
37.0833,1853
37.0861,1835
37.0889,1822
37.0917,1817
37.0944,1808
37.0972,1790
37.1000,1785
37.1028,1758
37.1056,1771
37.1083,1771
37.1111,1773
37.1139,1763
37.1167,1742
37.1194,1733
37.1222,1743
37.1250,1752
37.1278,1761
37.1306,1773
37.1333,1776
37.1361,1760
37.1389,1754
37.1417,1736
37.1444,1745
37.1472,1750
37.1500,1764
37.1528,1765
37.1556,1777
37.1583,1767
37.1611,1758
37.1639,1764
37.1667,1770
37.1694,1775
37.1722,1768
37.1750,1763
37.1778,1765
37.1806,1764
37.1833,1760
37.1861,1771
37.1889,1773
37.1917,1775
37.1944,1771
37.1972,1767
37.2000,1753
37.2028,1739
37.2056,1740
37.2083,1760
37.2111,1788
37.2139,1794
37.2167,1783
37.2194,1766
37.2222,1749
37.2250,1751
37.2278,1769
37.2306,1782
37.2333,1787
37.2361,1781
37.2389,1766
37.2417,1754
37.2444,1752
37.2472,1760
37.2500,1774
37.2528,1775
37.2556,1777
37.2583,1759
37.2611,1734
37.2639,1734
37.2667,1758
37.2694,1781
37.2722,1791
37.2750,1795
37.2778,1791
37.2806,1775
37.2833,1776
37.2861,1760
37.2889,1756
37.2917,1754
37.2944,1734
37.2972,1725
37.3000,1731
37.3028,1737
37.3056,1747
37.3083,1757
37.3111,1748
37.3139,1753
37.3167,1755
37.3194,1755
37.3222,1753
37.3250,1748
37.3278,1755
37.3306,1757
37.3333,1750
37.3361,1743
37.3389,1737
37.3417,1731
37.3444,1734
37.3472,1718
37.3500,1724
37.3528,1713
37.3556,1713
37.3583,1724
37.3611,1738
37.3639,1737
37.3667,1733
37.3694,1736
37.3722,1736
37.3750,1730
37.3778,1708
37.3806,1693
37.3833,1699
37.3861,1721
37.3889,1743
37.3917,1746
37.3944,1756
37.3972,1733
37.4000,1732
37.4028,1728
37.4056,1729
37.4083,1738
37.4111,1739
37.4139,1741
37.4167,1722
37.4194,1727
37.4222,1729
37.4250,1737
37.4278,1746
37.4306,1732
37.4333,1745
37.4361,1737
37.4389,1742
37.4417,1736
37.4444,1734
37.4472,1721
37.4500,1716
37.4528,1708
37.4556,1705
37.4583,1706
37.4611,1678
37.4639,1666
37.4667,1685
37.4694,1715
37.4722,1733
37.4750,1744
37.4778,1736
37.4806,1725
37.4833,1709
37.4861,1704
37.4889,1701
37.4917,1715
37.4944,1715
37.4972,1721
37.5000,1733
37.5028,1725
37.5056,1705
37.5083,1723
37.5111,1729
37.5139,1721
37.5167,1723
37.5194,1728
37.5222,1720
37.5250,1713
37.5278,1719
37.5306,1717
37.5333,1716
37.5361,1720
37.5389,1717
37.5417,1719
37.5444,1715
37.5472,1729
37.5500,1736
37.5528,1749
37.5556,1764
37.5583,1779
37.5611,1785
37.5639,1797
37.5667,1804
37.5694,1823
37.5722,1836
37.5750,1823
37.5778,1803
37.5806,1798
37.5833,1791
37.5861,1807
37.5889,1830
37.5917,1858
37.5944,1877
37.5972,1875
37.6000,1882
37.6028,1867
37.6056,1836
37.6083,1820
37.6111,1802
37.6139,1789
37.6167,1767
37.6194,1757
37.6222,1759
37.6250,1734
37.6278,1733
37.6306,1714
37.6333,1682
37.6361,1659
37.6389,1666
37.6417,1665
37.6444,1683
37.6472,1686
37.6500,1680
37.6528,1685
37.6556,1689
37.6583,1693
37.6611,1699
37.6639,1698
37.6667,1666
37.6694,1641
37.6722,1611
37.6750,1594
37.6778,1590
37.6806,1604
37.6833,1636
37.6861,1694
37.6889,1798
37.6917,1945
37.6944,2138
37.6972,2420
37.7000,2789
37.7028,3189
37.7056,3343
37.7083,3373
37.7111,3370
37.7139,3346
37.7167,3045
37.7194,2501
37.7222,1965
37.7250,1576
37.7278,1368
37.7306,1320
37.7333,1383
37.7361,1497
37.7389,1575
37.7417,1618
37.7444,1613
37.7472,1571
37.7500,1532
37.7528,1496
37.7556,1487
37.7583,1491
37.7611,1510
37.7639,1532
37.7667,1545
37.7694,1557
37.7722,1540
37.7750,1537
37.7778,1536
37.7806,1553
37.7833,1555
37.7861,1558
37.7889,1562
37.7917,1540
37.7944,1533
37.7972,1544
37.8000,1550
37.8028,1557
37.8056,1559
37.8083,1556
37.8111,1562
37.8139,1563
37.8167,1563
37.8194,1564
37.8222,1579
37.8250,1594
37.8278,1598
37.8306,1600
37.8333,1586
37.8361,1569
37.8389,1564
37.8417,1580
37.8444,1588
37.8472,1604
37.8500,1632
37.8528,1641
37.8556,1641
37.8583,1631
37.8611,1641
37.8639,1666
37.8667,1668
37.8694,1669
37.8722,1649
37.8750,1642
37.8778,1646
37.8806,1667
37.8833,1706
37.8861,1743
37.8889,1752
37.8917,1754
37.8944,1746
37.8972,1757
37.9000,1769
37.9028,1790
37.9056,1807
37.9083,1815
37.9111,1815
37.9139,1822
37.9167,1789
37.9194,1796
37.9222,1766
37.9250,1752
37.9278,1725
37.9306,1691
37.9333,1668
37.9361,1653
37.9389,1637
37.9417,1633
37.9444,1615
37.9472,1607
37.9500,1574
37.9528,1557
37.9556,1533
37.9583,1523
37.9611,1527
37.9639,1526
37.9667,1516
37.9694,1507
37.9722,1481
37.9750,1465
37.9778,1466
37.9806,1484
37.9833,1491
37.9861,1515
37.9889,1520
37.9917,1506
37.9944,1494
37.9972,1491
38.0000,1484
38.0028,1502
38.0056,1514
38.0083,1519
38.0111,1503
38.0139,1488
38.0167,1475
38.0194,1488
38.0222,1497
38.0250,1511
38.0278,1502
38.0306,1496
38.0333,1479
38.0361,1486
38.0389,1488
38.0417,1510
38.0444,1511
38.0472,1520
38.0500,1521
38.0528,1513
38.0556,1507
38.0583,1500
38.0611,1499
38.0639,1499
38.0667,1513
38.0694,1521
38.0722,1523
38.0750,1526
38.0778,1515
38.0806,1518
38.0833,1526
38.0861,1533
38.0889,1532
38.0917,1521
38.0944,1511
38.0972,1520
38.1000,1516
38.1028,1509
38.1056,1498
38.1083,1493
38.1111,1488
38.1139,1492
38.1167,1506
38.1194,1500
38.1222,1487
38.1250,1478
38.1278,1477
38.1306,1469
38.1333,1467
38.1361,1466
38.1389,1474
38.1417,1493
38.1444,1492
38.1472,1517
38.1500,1519
38.1528,1517
38.1556,1508
38.1583,1495
38.1611,1494
38.1639,1490
38.1667,1482
38.1694,1487
38.1722,1486
38.1750,1492
38.1778,1499
38.1806,1500
38.1833,1493
38.1861,1491
38.1889,1491
38.1917,1502
38.1944,1507
38.1972,1519
38.2000,1520
38.2028,1529
38.2056,1520
38.2083,1515
38.2111,1509
38.2139,1504
38.2167,1494
38.2194,1487
38.2222,1487
38.2250,1503
38.2278,1512
38.2306,1538
38.2333,1545
38.2361,1550
38.2389,1536
38.2417,1521
38.2444,1516
38.2472,1526
38.2500,1542
38.2528,1560
38.2556,1551
38.2583,1543
38.2611,1544
38.2639,1540
38.2667,1553
38.2694,1562
38.2722,1553
38.2750,1544
38.2778,1542
38.2806,1537
38.2833,1548
38.2861,1554
38.2889,1556
38.2917,1553
38.2944,1553
38.2972,1565
38.3000,1565
38.3028,1570
38.3056,1573
38.3083,1555
38.3111,1554
38.3139,1555
38.3167,1556
38.3194,1559
38.3222,1565
38.3250,1571
38.3278,1581
38.3306,1579
38.3333,1576
38.3361,1572
38.3389,1584
38.3417,1585
38.3444,1587
38.3472,1582
38.3500,1580
38.3528,1587
38.3556,1590
38.3583,1601
38.3611,1594
38.3639,1586
38.3667,1576
38.3694,1580
38.3722,1591
38.3750,1623
38.3778,1635
38.3806,1647
38.3833,1679
38.3861,1708
38.3889,1712
38.3917,1707
38.3944,1691
38.3972,1687
38.4000,1694
38.4028,1680
38.4056,1670
38.4083,1674
38.4111,1707
38.4139,1736
38.4167,1764
38.4194,1781
38.4222,1779
38.4250,1775
38.4278,1779
38.4306,1765
38.4333,1754
38.4361,1735
38.4389,1718
38.4417,1715
38.4444,1702
38.4472,1698
38.4500,1704
38.4528,1680
38.4556,1653
38.4583,1632
38.4611,1623
38.4639,1606
38.4667,1617
38.4694,1609
38.4722,1603
38.4750,1602
38.4778,1613
38.4806,1632
38.4833,1630
38.4861,1625
38.4889,1610
38.4917,1605
38.4944,1599
38.4972,1590
38.5000,1575
38.5028,1544
38.5056,1527
38.5083,1514
38.5111,1535
38.5139,1559
38.5167,1597
38.5194,1697
38.5222,1854
38.5250,2061
38.5278,2406
38.5306,2823
38.5333,3247
38.5361,3350
38.5389,3367
38.5417,3375
38.5444,3365
38.5472,3041
38.5500,2452
38.5528,1866
38.5556,1469
38.5583,1299
38.5611,1296
38.5639,1386
38.5667,1488
38.5694,1551
38.5722,1577
38.5750,1575
38.5778,1546
38.5806,1508
38.5833,1491
38.5861,1473
38.5889,1477
38.5917,1497
38.5944,1490
38.5972,1496
38.6000,1516
38.6028,1521
38.6056,1522
38.6083,1529
38.6111,1523
38.6139,1541
38.6167,1550
38.6194,1562
38.6222,1564
38.6250,1550
38.6278,1543
38.6306,1557
38.6333,1572
38.6361,1584
38.6389,1581
38.6417,1582
38.6444,1584
38.6472,1595
38.6500,1598
38.6528,1620
38.6556,1628
38.6583,1628
38.6611,1620
38.6639,1614
38.6667,1611
38.6694,1609
38.6722,1617
38.6750,1632
38.6778,1661
38.6806,1678
38.6833,1674
38.6861,1652
38.6889,1653
38.6917,1668
38.6944,1711
38.6972,1736
38.7000,1743
38.7028,1753
38.7056,1751
38.7083,1770
38.7111,1773
38.7139,1783
38.7167,1788
38.7194,1797
38.7222,1799
38.7250,1807
38.7278,1815
38.7306,1833
38.7333,1863
38.7361,1873
38.7389,1885
38.7417,1890
38.7444,1902
38.7472,1883
38.7500,1883
38.7528,1870
38.7556,1863
38.7583,1837
38.7611,1809
38.7639,1769
38.7667,1743
38.7694,1741
38.7722,1739
38.7750,1741
38.7778,1728
38.7806,1712
38.7833,1688
38.7861,1671
38.7889,1669
38.7917,1654
38.7944,1646
38.7972,1648
38.8000,1655
38.8028,1649
38.8056,1645
38.8083,1645
38.8111,1634
38.8139,1642
38.8167,1640
38.8194,1645
38.8222,1637
38.8250,1648
38.8278,1663
38.8306,1675
38.8333,1673
38.8361,1658
38.8389,1650
38.8417,1637
38.8444,1630
38.8472,1628
38.8500,1624
38.8528,1635
38.8556,1653
38.8583,1661
38.8611,1655
38.8639,1650
38.8667,1636
38.8694,1644
38.8722,1655
38.8750,1687
38.8778,1702
38.8806,1705
38.8833,1690
38.8861,1682
38.8889,1680
38.8917,1688
38.8944,1690
38.8972,1691
38.9000,1690
38.9028,1685
38.9056,1684
38.9083,1691
38.9111,1691
38.9139,1698
38.9167,1692
38.9194,1693
38.9222,1693
38.9250,1709
38.9278,1727
38.9306,1730
38.9333,1727
38.9361,1711
38.9389,1695
38.9417,1691
38.9444,1697
38.9472,1687
38.9500,1702
38.9528,1690
38.9556,1690
38.9583,1697
38.9611,1698
38.9639,1686
38.9667,1685
38.9694,1686
38.9722,1686
38.9750,1689
38.9778,1694
38.9806,1690
38.9833,1687
38.9861,1686
38.9889,1692
38.9917,1697
38.9944,1716
38.9972,1715
39.0000,1714
39.0028,1695
39.0056,1691
39.0083,1692
39.0111,1693
39.0139,1687
39.0167,1679
39.0194,1659
39.0222,1662
39.0250,1667
39.0278,1679
39.0306,1699
39.0333,1708
39.0361,1717
39.0389,1729
39.0417,1720
39.0444,1710
39.0472,1700
39.0500,1685
39.0528,1685
39.0556,1677
39.0583,1676
39.0611,1686
39.0639,1686
39.0667,1693
39.0694,1675
39.0722,1674
39.0750,1680
39.0778,1699
39.0806,1709
39.0833,1723
39.0861,1720
39.0889,1723
39.0917,1726
39.0944,1726
39.0972,1727
39.1000,1722
39.1028,1719
39.1056,1737
39.1083,1738
39.1111,1741
39.1139,1715
39.1167,1710
39.1194,1718
39.1222,1725
39.1250,1734
39.1278,1719
39.1306,1719
39.1333,1707
39.1361,1731
39.1389,1739
39.1417,1747
39.1444,1740
39.1472,1737
39.1500,1718
39.1528,1724
39.1556,1728
39.1583,1715
39.1611,1713
39.1639,1709
39.1667,1706
39.1694,1716
39.1722,1736
39.1750,1729
39.1778,1730
39.1806,1732
39.1833,1736
39.1861,1741
39.1889,1735
39.1917,1741
39.1944,1736
39.1972,1735
39.2000,1734
39.2028,1743
39.2056,1745
39.2083,1749
39.2111,1754
39.2139,1761
39.2167,1763
39.2194,1767
39.2222,1768
39.2250,1751
39.2278,1756
39.2306,1755
39.2333,1748
39.2361,1749
39.2389,1747
39.2417,1744
39.2444,1735
39.2472,1732
39.2500,1741
39.2528,1748
39.2556,1763
39.2583,1762
39.2611,1775
39.2639,1777
39.2667,1802
39.2694,1824
39.2722,1854
39.2750,1881
39.2778,1868
39.2806,1857
39.2833,1860
39.2861,1846
39.2889,1837
39.2917,1840
39.2944,1855
39.2972,1887
39.3000,1921
39.3028,1943
39.3056,1960
39.3083,1967
39.3111,1954
39.3139,1932
39.3167,1888
39.3194,1851
39.3222,1835
39.3250,1820
39.3278,1822
39.3306,1820
39.3333,1825
39.3361,1820
39.3389,1791
39.3417,1769
39.3444,1742
39.3472,1738
39.3500,1744
39.3528,1739
39.3556,1741
39.3583,1740
39.3611,1740
39.3639,1743
39.3667,1748
39.3694,1755
39.3722,1757
39.3750,1766
39.3778,1771
39.3806,1749
39.3833,1714
39.3861,1684
39.3889,1669
39.3917,1683
39.3944,1698
39.3972,1731
39.4000,1792
39.4028,1916
39.4056,2131
39.4083,2432
39.4111,2838
39.4139,3257
39.4167,3357
39.4194,3363
39.4222,3383
39.4250,3374
39.4278,3335
39.4306,2894
39.4333,2265
39.4361,1743
39.4389,1451
39.4417,1388
39.4444,1482
39.4472,1597
39.4500,1683
39.4528,1722
39.4556,1733
39.4583,1690
39.4611,1642
39.4639,1613
39.4667,1591
39.4694,1589
39.4722,1605
39.4750,1621
39.4778,1653
39.4806,1668
39.4833,1665
39.4861,1649
39.4889,1642
39.4917,1640
39.4944,1650
39.4972,1664
39.5000,1683
39.5028,1691
39.5056,1679
39.5083,1665
39.5111,1661
39.5139,1655
39.5167,1692
39.5194,1706
39.5222,1709
39.5250,1690
39.5278,1687
39.5306,1693
39.5333,1696
39.5361,1719
39.5389,1741
39.5417,1742
39.5444,1720
39.5472,1688
39.5500,1683
39.5528,1696
39.5556,1725
39.5583,1766
39.5611,1781
39.5639,1765
39.5667,1739
39.5694,1735
39.5722,1744
39.5750,1758
39.5778,1763
39.5806,1782
39.5833,1792
39.5861,1802
39.5889,1806
39.5917,1822
39.5944,1837
39.5972,1854
39.6000,1862
39.6028,1865
39.6056,1871
39.6083,1876
39.6111,1905
39.6139,1935
39.6167,1961
39.6194,1995
39.6222,2002
39.6250,1995
39.6278,1990
39.6306,1944
39.6333,1941
39.6361,1942
39.6389,1921
39.6417,1904
39.6444,1876
39.6472,1842
39.6500,1815
39.6528,1796
39.6556,1789
39.6583,1788
39.6611,1768
39.6639,1746
39.6667,1729
39.6694,1708
39.6722,1706
39.6750,1697
39.6778,1700
39.6806,1713
39.6833,1712
39.6861,1691
39.6889,1674
39.6917,1662
39.6944,1660
39.6972,1668
39.7000,1671
39.7028,1665
39.7056,1676
39.7083,1674
39.7111,1664
39.7139,1683
39.7167,1685
39.7194,1701
39.7222,1688
39.7250,1675
39.7278,1655
39.7306,1666
39.7333,1673
39.7361,1688
39.7389,1705
39.7417,1697
39.7444,1700
39.7472,1695
39.7500,1699
39.7528,1704
39.7556,1716
39.7583,1730
39.7611,1736
39.7639,1725
39.7667,1708
39.7694,1708
39.7722,1707
39.7750,1727
39.7778,1738
39.7806,1734
39.7833,1726
39.7861,1708
39.7889,1706
39.7917,1717
39.7944,1724
39.7972,1725
39.8000,1714
39.8028,1716
39.8056,1712
39.8083,1713
39.8111,1714
39.8139,1721
39.8167,1734
39.8194,1732
39.8222,1738
39.8250,1735
39.8278,1728
39.8306,1712
39.8333,1716
39.8361,1710
39.8389,1718
39.8417,1719
39.8444,1717
39.8472,1716
39.8500,1712
39.8528,1717
39.8556,1726
39.8583,1737
39.8611,1720
39.8639,1714
39.8667,1711
39.8694,1698
39.8722,1703
39.8750,1707
39.8778,1717
39.8806,1735
39.8833,1737
39.8861,1744
39.8889,1744
39.8917,1727
39.8944,1729
39.8972,1731
39.9000,1725
39.9028,1711
39.9056,1713
39.9083,1713
39.9111,1723
39.9139,1728
39.9167,1721
39.9194,1715
39.9222,1702
39.9250,1691
39.9278,1693
39.9306,1713
39.9333,1721
39.9361,1733
39.9389,1745
39.9417,1752
39.9444,1738
39.9472,1722
39.9500,1723
39.9528,1753
39.9556,1773
39.9583,1768
39.9611,1754
39.9639,1742
39.9667,1749
39.9694,1740
39.9722,1748
39.9750,1737
39.9778,1742
39.9806,1750
39.9833,1748
39.9861,1752
39.9889,1740
39.9917,1748
39.9944,1749
39.9972,1755
40.0000,1742
40.0028,1722
40.0056,1712
40.0083,1710
40.0111,1732
40.0139,1753
40.0167,1759
40.0194,1769
40.0222,1763
40.0250,1738
40.0278,1714
40.0306,1721
40.0333,1730
40.0361,1724
40.0389,1738
40.0417,1750
40.0444,1723
40.0472,1722
40.0500,1727
40.0528,1726
40.0556,1752
40.0583,1774
40.0611,1780
40.0639,1771
40.0667,1765
40.0694,1740
40.0722,1747
40.0750,1730
40.0778,1729
40.0806,1735
40.0833,1715
40.0861,1717
40.0889,1717
40.0917,1722
40.0944,1731
40.0972,1726
40.1000,1725
40.1028,1731
40.1056,1734
40.1083,1733
40.1111,1741
40.1139,1738
40.1167,1742
40.1194,1737
40.1222,1756
40.1250,1753
40.1278,1764
40.1306,1755
40.1333,1751
40.1361,1765
40.1389,1796
40.1417,1831
40.1444,1848
40.1472,1862
40.1500,1850
40.1528,1821
40.1556,1808
40.1583,1783
40.1611,1788
40.1639,1809
40.1667,1827
40.1694,1837
40.1722,1841
40.1750,1856
40.1778,1866
40.1806,1856
40.1833,1841
40.1861,1817
40.1889,1791
40.1917,1755
40.1944,1735
40.1972,1737
40.2000,1724
40.2028,1712
40.2056,1682
40.2083,1666
40.2111,1645
40.2139,1642
40.2167,1639
40.2194,1639
40.2222,1639
40.2250,1631
40.2278,1631
40.2306,1626
40.2333,1620
40.2361,1619
40.2389,1636
40.2417,1638
40.2444,1623
40.2472,1608
40.2500,1574
40.2528,1531
40.2556,1510
40.2583,1510
40.2611,1527
40.2639,1566
40.2667,1634
40.2694,1734
40.2722,1895
40.2750,2126
40.2778,2428
40.2806,2821
40.2833,3217
40.2861,3354
40.2889,3361
40.2917,3369
40.2944,3251
40.2972,2777
40.3000,2202
40.3028,1720
40.3056,1413
40.3083,1291
40.3111,1309
40.3139,1387
40.3167,1480
40.3194,1543
40.3222,1557
40.3250,1537
40.3278,1472
40.3306,1421
40.3333,1390
40.3361,1396
40.3389,1404
40.3417,1416
40.3444,1434
40.3472,1442
40.3500,1437
40.3528,1438
40.3556,1426
40.3583,1416
40.3611,1403
40.3639,1413
40.3667,1413
40.3694,1428
40.3722,1427
40.3750,1414
40.3778,1427
40.3806,1432
40.3833,1437
40.3861,1445
40.3889,1441
40.3917,1455
40.3944,1458
40.3972,1460
40.4000,1453
40.4028,1452
40.4056,1462
40.4083,1441
40.4111,1437
40.4139,1434
40.4167,1441
40.4194,1456
40.4222,1470
40.4250,1487
40.4278,1483
40.4306,1472
40.4333,1482
40.4361,1496
40.4389,1509
40.4417,1517
40.4444,1524
40.4472,1535
40.4500,1535
40.4528,1527
40.4556,1520
40.4583,1524
40.4611,1529
40.4639,1555
40.4667,1575
40.4694,1589
40.4722,1606
40.4750,1618
40.4778,1631
40.4806,1640
40.4833,1645
40.4861,1662
40.4889,1673
40.4917,1678
40.4944,1689
40.4972,1670
40.5000,1668
40.5028,1644
40.5056,1612
40.5083,1586
40.5111,1573
40.5139,1547
40.5167,1524
40.5194,1497
40.5222,1475
40.5250,1461
40.5278,1452
40.5306,1453
40.5333,1446
40.5361,1430
40.5389,1422
40.5417,1426
40.5444,1420
40.5472,1420
40.5500,1405
40.5528,1390
40.5556,1372
40.5583,1372
40.5611,1376
40.5639,1397
40.5667,1390
40.5694,1386
40.5722,1378
40.5750,1378
40.5778,1397
40.5806,1410
40.5833,1410
40.5861,1400
40.5889,1400
40.5917,1401
40.5944,1406
40.5972,1399
40.6000,1414
40.6028,1407
40.6056,1403
40.6083,1410
40.6111,1410
40.6139,1398
40.6167,1399
40.6194,1415
40.6222,1413
40.6250,1422
40.6278,1418
40.6306,1407
40.6333,1411
40.6361,1425
40.6389,1435
40.6417,1456
40.6444,1464
40.6472,1457
40.6500,1439
40.6528,1435
40.6556,1433
40.6583,1430
40.6611,1434
40.6639,1440
40.6667,1437
40.6694,1437
40.6722,1450
40.6750,1451
40.6778,1449
40.6806,1445
40.6833,1449
40.6861,1440
40.6889,1437
40.6917,1421
40.6944,1417
40.6972,1409
40.7000,1422
40.7028,1428
40.7056,1447
40.7083,1451
40.7111,1436
40.7139,1432
40.7167,1431
40.7194,1417
40.7222,1410
40.7250,1404
40.7278,1419
40.7306,1438
40.7333,1445
40.7361,1451
40.7389,1450
40.7417,1441
40.7444,1438
40.7472,1441
40.7500,1455
40.7528,1462
40.7556,1468
40.7583,1470
40.7611,1465
40.7639,1463
40.7667,1457
40.7694,1455
40.7722,1442
40.7750,1437
40.7778,1453
40.7806,1471
40.7833,1484
40.7861,1487
40.7889,1485
40.7917,1477
40.7944,1464
40.7972,1458
40.8000,1455
40.8028,1475
40.8056,1489
40.8083,1499
40.8111,1496
40.8139,1494
40.8167,1501
40.8194,1513
40.8222,1512
40.8250,1507
40.8278,1512
40.8306,1516
40.8333,1518
40.8361,1510
40.8389,1515
40.8417,1511
40.8444,1504
40.8472,1504
40.8500,1509
40.8528,1517
40.8556,1545
40.8583,1548
40.8611,1559
40.8639,1554
40.8667,1544
40.8694,1551
40.8722,1550
40.8750,1556
40.8778,1556
40.8806,1562
40.8833,1569
40.8861,1568
40.8889,1582
40.8917,1595
40.8944,1581
40.8972,1573
40.9000,1583
40.9028,1582
40.9056,1581
40.9083,1567
40.9111,1576
40.9139,1576
40.9167,1585
40.9194,1592
40.9222,1604
40.9250,1601
40.9278,1591
40.9306,1584
40.9333,1589
40.9361,1601
40.9389,1608
40.9417,1602
40.9444,1603
40.9472,1592
40.9500,1595
40.9528,1586
40.9556,1579
40.9583,1588
40.9611,1587
40.9639,1592
40.9667,1596
40.9694,1602
40.9722,1617
40.9750,1638
40.9778,1630
40.9806,1634
40.9833,1631
40.9861,1630
40.9889,1620
40.9917,1641
40.9944,1639
40.9972,1644
41.0000,1652
41.0028,1685
41.0056,1700
41.0083,1723
41.0111,1751
41.0139,1762
41.0167,1757
41.0194,1757
41.0222,1751
41.0250,1738
41.0278,1726
41.0306,1709
41.0333,1704
41.0361,1725
41.0389,1771
41.0417,1800
41.0444,1831
41.0472,1846
41.0500,1854
41.0528,1857
41.0556,1847
41.0583,1819
41.0611,1793
41.0639,1768
41.0667,1760
41.0694,1753
41.0722,1765
41.0750,1761
41.0778,1744
41.0806,1729
41.0833,1710
41.0861,1690
41.0889,1679
41.0917,1688
41.0944,1688
41.0972,1692
41.1000,1703
41.1028,1708
41.1056,1699
41.1083,1700
41.1111,1701
41.1139,1701
41.1167,1707
41.1194,1723
41.1222,1722
41.1250,1694
41.1278,1664
41.1306,1626
41.1333,1624
41.1361,1642
41.1389,1674
41.1417,1742
41.1444,1875
41.1472,2066
41.1500,2346
41.1528,2729
41.1556,3183
41.1583,3350
41.1611,3358
41.1639,3379
41.1667,3379
41.1694,3372
41.1722,3040
41.1750,2428
41.1778,1868
41.1806,1520
41.1833,1408
41.1861,1466
41.1889,1585
41.1917,1680
41.1944,1736
41.1972,1749
41.2000,1729
41.2028,1692
41.2056,1668
41.2083,1661
41.2111,1657
41.2139,1653
41.2167,1670
41.2194,1692
41.2222,1701
41.2250,1692
41.2278,1671
41.2306,1660
41.2333,1665
41.2361,1688
41.2389,1709
41.2417,1728
41.2444,1728
41.2472,1729
41.2500,1737
41.2528,1736
41.2556,1742
41.2583,1756
41.2611,1762
41.2639,1770
41.2667,1759
41.2694,1753
41.2722,1745
41.2750,1753
41.2778,1755
41.2806,1785
41.2833,1804
41.2861,1807
41.2889,1808
41.2917,1808
41.2944,1820
41.2972,1842
41.3000,1853
41.3028,1859
41.3056,1854
41.3083,1830
41.3111,1820
41.3139,1827
41.3167,1850
41.3194,1883
41.3222,1905
41.3250,1921
41.3278,1909
41.3306,1897
41.3333,1911
41.3361,1929
41.3389,1972
41.3417,1991
41.3444,1998
41.3472,1986
41.3500,1980
41.3528,1987
41.3556,2021
41.3583,2041
41.3611,2069
41.3639,2091
41.3667,2108
41.3694,2122
41.3722,2093
41.3750,2091
41.3778,2073
41.3806,2064
41.3833,2051
41.3861,2031
41.3889,2007
41.3917,1976
41.3944,1960
41.3972,1956
41.4000,1956
41.4028,1954
41.4056,1927
41.4083,1891
41.4111,1868
41.4139,1868
41.4167,1874
41.4194,1881
41.4222,1883
41.4250,1876
41.4278,1864
41.4306,1850
41.4333,1848
41.4361,1862
41.4389,1873
41.4417,1880
41.4444,1883
41.4472,1862
41.4500,1858
41.4528,1852
41.4556,1867
41.4583,1892
41.4611,1897
41.4639,1893
41.4667,1894
41.4694,1880
41.4722,1873
41.4750,1858
41.4778,1859
41.4806,1869
41.4833,1872
41.4861,1864
41.4889,1859
41.4917,1864
41.4944,1878
41.4972,1895
41.5000,1908
41.5028,1892
41.5056,1885
41.5083,1885
41.5111,1886
41.5139,1884
41.5167,1889
41.5194,1895
41.5222,1904
41.5250,1903
41.5278,1892
41.5306,1896
41.5333,1881
41.5361,1893
41.5389,1883
41.5417,1889
41.5444,1885
41.5472,1890
41.5500,1874
41.5528,1887
41.5556,1884
41.5583,1890
41.5611,1902
41.5639,1910
41.5667,1911
41.5694,1894
41.5722,1876
41.5750,1855
41.5778,1847
41.5806,1847
41.5833,1856
41.5861,1861
41.5889,1860
41.5917,1872
41.5944,1878
41.5972,1884
41.6000,1898
41.6028,1891
41.6056,1883
41.6083,1873
41.6111,1864
41.6139,1863
41.6167,1856
41.6194,1849
41.6222,1855
41.6250,1852
41.6278,1853
41.6306,1858
41.6333,1866
41.6361,1852
41.6389,1861
41.6417,1865
41.6444,1871
41.6472,1871
41.6500,1871
41.6528,1873
41.6556,1880
41.6583,1885
41.6611,1880
41.6639,1879
41.6667,1874
41.6694,1871
41.6722,1870
41.6750,1878
41.6778,1877
41.6806,1881
41.6833,1882
41.6861,1885
41.6889,1882
41.6917,1875
41.6944,1880
41.6972,1883
41.7000,1890
41.7028,1881
41.7056,1873
41.7083,1861
41.7111,1865
41.7139,1865
41.7167,1876
41.7194,1874
41.7222,1889
41.7250,1895
41.7278,1903
41.7306,1906
41.7333,1914
41.7361,1913
41.7389,1915
41.7417,1912
41.7444,1898
41.7472,1886
41.7500,1877
41.7528,1866
41.7556,1872
41.7583,1885
41.7611,1886
41.7639,1895
41.7667,1896
41.7694,1902
41.7722,1893
41.7750,1898
41.7778,1883
41.7806,1897
41.7833,1897
41.7861,1915
41.7889,1916
41.7917,1905
41.7944,1919
41.7972,1919
41.8000,1923
41.8028,1908
41.8056,1913
41.8083,1901
41.8111,1891
41.8139,1886
41.8167,1887
41.8194,1905
41.8222,1924
41.8250,1928
41.8278,1925
41.8306,1926
41.8333,1916
41.8361,1910
41.8389,1926
41.8417,1930
41.8444,1943
41.8472,1913
41.8500,1899
41.8528,1875
41.8556,1873
41.8583,1868
41.8611,1892
41.8639,1902
41.8667,1904
41.8694,1905
41.8722,1903
41.8750,1902
41.8778,1899
41.8806,1893
41.8833,1898
41.8861,1895
41.8889,1893
41.8917,1904
41.8944,1916
41.8972,1919
41.9000,1916
41.9028,1916
41.9056,1914
41.9083,1934
41.9111,1954
41.9139,1977
41.9167,1993
41.9194,1994
41.9222,1988
41.9250,1969
41.9278,1940
41.9306,1920
41.9333,1915
41.9361,1953
41.9389,1997
41.9417,2045
41.9444,2069
41.9472,2071
41.9500,2047
41.9528,2017
41.9556,1993
41.9583,1961
41.9611,1937
41.9639,1928
41.9667,1911
41.9694,1898
41.9722,1886
41.9750,1873
41.9778,1853
41.9806,1844
41.9833,1843
41.9861,1836
41.9889,1821
41.9917,1798
41.9944,1778
41.9972,1778
42.0000,1786
42.0028,1799
42.0056,1792
42.0083,1786
42.0111,1787
42.0139,1778
42.0167,1781
42.0194,1768
42.0222,1754
42.0250,1734
42.0278,1716
42.0306,1702
42.0333,1720
42.0361,1731
42.0389,1762
42.0417,1832
42.0444,1973
42.0472,2166
42.0500,2458
42.0528,2836
42.0556,3249
42.0583,3357
42.0611,3369
42.0639,3370
42.0667,3376
42.0694,3259
42.0722,2767
42.0750,2176
42.0778,1712
42.0806,1470
42.0833,1401
42.0861,1452
42.0889,1545
42.0917,1635
42.0944,1692
42.0972,1698
42.1000,1668
42.1028,1621
42.1056,1572
42.1083,1548
42.1111,1546
42.1139,1551
42.1167,1578
42.1194,1595
42.1222,1605
42.1250,1600
42.1278,1573
42.1306,1564
42.1333,1573
42.1361,1590
42.1389,1616
42.1417,1616
42.1444,1602
42.1472,1587
42.1500,1576
42.1528,1595
42.1556,1601
42.1583,1620
42.1611,1633
42.1639,1628
42.1667,1612
42.1694,1602
42.1722,1594
42.1750,1609
42.1778,1634
42.1806,1638
42.1833,1637
42.1861,1632
42.1889,1621
42.1917,1616
42.1944,1625
42.1972,1637
42.2000,1650
42.2028,1666
42.2056,1663
42.2083,1635
42.2111,1626
42.2139,1641
42.2167,1662
42.2194,1676
42.2222,1690
42.2250,1701
42.2278,1699
42.2306,1688
42.2333,1697
42.2361,1715
42.2389,1739
42.2417,1758
42.2444,1772
42.2472,1770
42.2500,1763
42.2528,1774
42.2556,1794
42.2583,1812
42.2611,1823
42.2639,1837
42.2667,1847
42.2694,1860
42.2722,1824
42.2750,1828
42.2778,1809
42.2806,1774
42.2833,1734
42.2861,1712
42.2889,1680
42.2917,1669
42.2944,1646
42.2972,1640
42.3000,1634
42.3028,1604
42.3056,1582
42.3083,1544
42.3111,1526
42.3139,1513
42.3167,1511
42.3194,1512
42.3222,1508
42.3250,1507
42.3278,1494
42.3306,1494
42.3333,1486
42.3361,1495
42.3389,1499
42.3417,1494
42.3444,1496
42.3472,1499
42.3500,1495
42.3528,1487
42.3556,1504
42.3583,1520
42.3611,1535
42.3639,1524
42.3667,1506
42.3694,1490
42.3722,1494
42.3750,1499
42.3778,1504
42.3806,1510
42.3833,1503
42.3861,1495
42.3889,1495
42.3917,1496
42.3944,1507
42.3972,1528
42.4000,1544
42.4028,1534
42.4056,1520
42.4083,1514
42.4111,1520
42.4139,1521
42.4167,1529
42.4194,1531
42.4222,1524
42.4250,1522
42.4278,1495
42.4306,1491
42.4333,1494
42.4361,1507
42.4389,1520
42.4417,1529
42.4444,1520
42.4472,1515
42.4500,1508
42.4528,1508
42.4556,1509
42.4583,1511
42.4611,1508
42.4639,1505
42.4667,1495
42.4694,1492
42.4722,1486
42.4750,1492
42.4778,1497
42.4806,1497
42.4833,1484
42.4861,1484
42.4889,1470
42.4917,1462
42.4944,1455
42.4972,1469
42.5000,1481
42.5028,1493
42.5056,1487
42.5083,1493
42.5111,1496
42.5139,1499
42.5167,1497
42.5194,1503
42.5222,1488
42.5250,1474
42.5278,1467
42.5306,1459
42.5333,1470
42.5361,1472
42.5389,1475
42.5417,1484
42.5444,1487
42.5472,1485
42.5500,1486
42.5528,1481
42.5556,1482
42.5583,1490
42.5611,1485
42.5639,1477
42.5667,1477
42.5694,1471
42.5722,1474
42.5750,1477
42.5778,1486
42.5806,1488
42.5833,1485
42.5861,1472
42.5889,1476
42.5917,1487
42.5944,1492
42.5972,1502
42.6000,1515
42.6028,1512
42.6056,1506
42.6083,1497
42.6111,1496
42.6139,1501
42.6167,1524
42.6194,1535
42.6222,1532
42.6250,1512
42.6278,1514
42.6306,1500
42.6333,1500
42.6361,1513
42.6389,1536
42.6417,1534
42.6444,1520
42.6472,1508
42.6500,1506
42.6528,1504
42.6556,1513
42.6583,1516
42.6611,1509
42.6639,1517
42.6667,1511
42.6694,1514
42.6722,1519
42.6750,1522
42.6778,1528
42.6806,1534
42.6833,1535
42.6861,1523
42.6889,1525
42.6917,1539
42.6944,1553
42.6972,1559
42.7000,1565
42.7028,1572
42.7056,1589
42.7083,1590
42.7111,1584
42.7139,1571
42.7167,1576
42.7194,1587
42.7222,1588
42.7250,1592
42.7278,1616
42.7306,1657
42.7333,1668
42.7361,1678
42.7389,1673
42.7417,1679
42.7444,1684
42.7472,1670
42.7500,1661
42.7528,1648
42.7556,1652
42.7583,1674
42.7611,1708
42.7639,1750
42.7667,1769
42.7694,1785
42.7722,1777
42.7750,1747
42.7778,1712
42.7806,1692
42.7833,1683
42.7861,1680
42.7889,1671
42.7917,1656
42.7944,1646
42.7972,1623
42.8000,1609
42.8028,1603
42.8056,1597
42.8083,1593
42.8111,1584
42.8139,1577
42.8167,1571
42.8194,1571
42.8222,1582
42.8250,1606
42.8278,1614
42.8306,1618
42.8333,1615
42.8361,1598
42.8389,1589
42.8417,1574
42.8444,1555
42.8472,1542
42.8500,1543
42.8528,1542
42.8556,1563
42.8583,1585
42.8611,1661
42.8639,1786
42.8667,1964
42.8694,2212
42.8722,2555
42.8750,2955
42.8778,3337
42.8806,3352
42.8833,3361
42.8861,3365
42.8889,3224
42.8917,2717
42.8944,2112
42.8972,1651
42.9000,1395
42.9028,1328
42.9056,1372
42.9083,1472
42.9111,1556
42.9139,1621
42.9167,1626
42.9194,1600
42.9222,1541
42.9250,1489
42.9278,1468
42.9306,1476
42.9333,1502
42.9361,1530
42.9389,1557
42.9417,1568
42.9444,1553
42.9472,1534
42.9500,1529
42.9528,1530
42.9556,1544
42.9583,1568
42.9611,1572
42.9639,1569
42.9667,1555
42.9694,1542
42.9722,1542
42.9750,1544
42.9778,1556
42.9806,1586
42.9833,1596
42.9861,1606
42.9889,1609
42.9917,1607
42.9944,1603
42.9972,1596
43.0000,1621
43.0028,1638
43.0056,1652
43.0083,1657
43.0111,1656
43.0139,1670
43.0167,1682
43.0194,1684
43.0222,1692
43.0250,1685
43.0278,1694
43.0306,1698
43.0333,1706
43.0361,1713
43.0389,1725
43.0417,1732
43.0444,1731
43.0472,1738
43.0500,1744
43.0528,1747
43.0556,1752
43.0583,1772
43.0611,1797
43.0639,1815
43.0667,1821
43.0694,1836
43.0722,1841
43.0750,1848
43.0778,1863
43.0806,1873
43.0833,1899
43.0861,1914
43.0889,1936
43.0917,1892
43.0944,1903
43.0972,1885
43.1000,1862
43.1028,1849
43.1056,1829
43.1083,1811
43.1111,1780
43.1139,1758
43.1167,1745
43.1194,1739
43.1222,1725
43.1250,1716
43.1278,1711
43.1306,1702
43.1333,1697
43.1361,1695
43.1389,1689
43.1417,1685
43.1444,1674
43.1472,1669
43.1500,1663
43.1528,1675
43.1556,1682
43.1583,1688
43.1611,1687
43.1639,1681
43.1667,1665
43.1694,1650
43.1722,1643
43.1750,1640
43.1778,1648
43.1806,1647
43.1833,1643
43.1861,1642
43.1889,1650
43.1917,1684
43.1944,1690
43.1972,1708
43.2000,1711
43.2028,1705
43.2056,1692
43.2083,1691
43.2111,1683
43.2139,1693
43.2167,1713
43.2194,1710
43.2222,1695
43.2250,1691
43.2278,1689
43.2306,1687
43.2333,1713
43.2361,1737
43.2389,1756
43.2417,1766
43.2444,1751
43.2472,1732
43.2500,1721
43.2528,1714
43.2556,1708
43.2583,1704
43.2611,1705
43.2639,1708
43.2667,1708
43.2694,1701
43.2722,1698
43.2750,1715
43.2778,1714
43.2806,1723
43.2833,1730
43.2861,1724
43.2889,1720
43.2917,1728
43.2944,1749
43.2972,1752
43.3000,1756
43.3028,1749
43.3056,1732
43.3083,1734
43.3111,1724
43.3139,1728
43.3167,1746
43.3194,1750
43.3222,1749
43.3250,1742
43.3278,1745
43.3306,1725
43.3333,1723
43.3361,1709
43.3389,1706
43.3417,1704
43.3444,1709
43.3472,1704
43.3500,1704
43.3528,1709
43.3556,1714
43.3583,1720
43.3611,1736
43.3639,1742
43.3667,1746
43.3694,1749
43.3722,1741
43.3750,1738
43.3778,1739
43.3806,1730
43.3833,1743
43.3861,1748
43.3889,1749
43.3917,1762
43.3944,1765
43.3972,1775
43.4000,1776
43.4028,1779
43.4056,1779
43.4083,1775
43.4111,1770
43.4139,1770
43.4167,1777
43.4194,1786
43.4222,1798
43.4250,1803
43.4278,1800
43.4306,1782
43.4333,1784
43.4361,1786
43.4389,1786
43.4417,1794
43.4444,1800
43.4472,1796
43.4500,1805
43.4528,1807
43.4556,1810
43.4583,1806
43.4611,1797
43.4639,1797
43.4667,1803
43.4694,1799
43.4722,1802
43.4750,1814
43.4778,1815
43.4806,1809
43.4833,1810
43.4861,1803
43.4889,1813
43.4917,1804
43.4944,1807
43.4972,1808
43.5000,1805
43.5028,1805
43.5056,1810
43.5083,1808
43.5111,1809
43.5139,1805
43.5167,1816
43.5194,1816
43.5222,1832
43.5250,1810
43.5278,1778
43.5306,1765
43.5333,1774
43.5361,1794
43.5389,1828
43.5417,1855
43.5444,1855
43.5472,1852
43.5500,1855
43.5528,1862
43.5556,1862
43.5583,1871
43.5611,1882
43.5639,1885
43.5667,1886
43.5694,1887
43.5722,1884
43.5750,1882
43.5778,1872
43.5806,1858
43.5833,1860
43.5861,1874
43.5889,1903
43.5917,1941
43.5944,1954
43.5972,1966
43.6000,1977
43.6028,1989
43.6056,1967
43.6083,1964
43.6111,1937
43.6139,1907
43.6167,1881
43.6194,1861
43.6222,1843
43.6250,1845
43.6278,1830
43.6306,1822
43.6333,1810
43.6361,1805
43.6389,1793
43.6417,1784
43.6444,1775
43.6472,1775
43.6500,1771
43.6528,1774
43.6556,1767
43.6583,1764
43.6611,1766
43.6639,1769
43.6667,1765
43.6694,1749
43.6722,1733
43.6750,1704
43.6778,1685
43.6806,1680
43.6833,1696
43.6861,1722
43.6889,1774
43.6917,1889
43.6944,2054
43.6972,2269
43.7000,2584
43.7028,2948
43.7056,3317
43.7083,3355
43.7111,3363
43.7139,3385
43.7167,3377
43.7194,3175
43.7222,2634
43.7250,2062
43.7278,1642
43.7306,1435
43.7333,1395
43.7361,1465
43.7389,1563
43.7417,1642
43.7444,1676
43.7472,1686
43.7500,1665
43.7528,1632
43.7556,1600
43.7583,1582
43.7611,1578
43.7639,1593
43.7667,1604
43.7694,1623
43.7722,1633
43.7750,1636
43.7778,1637
43.7806,1629
43.7833,1639
43.7861,1644
43.7889,1649
43.7917,1641
43.7944,1639
43.7972,1627
43.8000,1627
43.8028,1626
43.8056,1628
43.8083,1643
43.8111,1665
43.8139,1666
43.8167,1661
43.8194,1645
43.8222,1641
43.8250,1645
43.8278,1666
43.8306,1686
43.8333,1696
43.8361,1706
43.8389,1682
43.8417,1664
43.8444,1666
43.8472,1675
43.8500,1696
43.8528,1698
43.8556,1691
43.8583,1675
43.8611,1671
43.8639,1692
43.8667,1720
43.8694,1745
43.8722,1742
43.8750,1734
43.8778,1728
43.8806,1716
43.8833,1732
43.8861,1772
43.8889,1798
43.8917,1832
43.8944,1829
43.8972,1828
43.9000,1828
43.9028,1838
43.9056,1866
43.9083,1885
43.9111,1907
43.9139,1919
43.9167,1924
43.9194,1923
43.9222,1854
43.9250,1857
43.9278,1835
43.9306,1807
43.9333,1772
43.9361,1747
43.9389,1727
43.9417,1705
43.9444,1691
43.9472,1687
43.9500,1658
43.9528,1631
43.9556,1608
43.9583,1583
43.9611,1572
43.9639,1570
43.9667,1579
43.9694,1601
43.9722,1603
43.9750,1596
43.9778,1580
43.9806,1562
43.9833,1552
43.9861,1546
43.9889,1556
43.9917,1559
43.9944,1561
43.9972,1545
44.0000,1528
44.0028,1517
44.0056,1512
44.0083,1516
44.0111,1535
44.0139,1531
44.0167,1519
44.0194,1520
44.0222,1542
44.0250,1546
44.0278,1561
44.0306,1569
44.0333,1565
44.0361,1547
44.0389,1543
44.0417,1558
44.0444,1566
44.0472,1559
44.0500,1552
44.0528,1546
44.0556,1551
44.0583,1546
44.0611,1545
44.0639,1547
44.0667,1564
44.0694,1574
44.0722,1578
44.0750,1559
44.0778,1542
44.0806,1534
44.0833,1523
44.0861,1531
44.0889,1535
44.0917,1539
44.0944,1546
44.0972,1540
44.1000,1525
44.1028,1499
44.1056,1498
44.1083,1503
44.1111,1497
44.1139,1492
44.1167,1507
44.1194,1507
44.1222,1506
44.1250,1495
44.1278,1513
44.1306,1517
44.1333,1510
44.1361,1498
44.1389,1492
44.1417,1482
44.1444,1495
44.1472,1490
44.1500,1491
44.1528,1500
44.1556,1494
44.1583,1491
44.1611,1489
44.1639,1485
44.1667,1486
44.1694,1499
44.1722,1509
44.1750,1516
44.1778,1493
44.1806,1491
44.1833,1476
44.1861,1474
44.1889,1483
44.1917,1489
44.1944,1494
44.1972,1487
44.2000,1481
44.2028,1489
44.2056,1489
44.2083,1508
44.2111,1508
44.2139,1508
44.2167,1495
44.2194,1481
44.2222,1482
44.2250,1486
44.2278,1488
44.2306,1491
44.2333,1488
44.2361,1477
44.2389,1470
44.2417,1462
44.2444,1475
44.2472,1490
44.2500,1507
44.2528,1511
44.2556,1511
44.2583,1503
44.2611,1477
44.2639,1471
44.2667,1460
44.2694,1459
44.2722,1455
44.2750,1474
44.2778,1478
44.2806,1485
44.2833,1481
44.2861,1483
44.2889,1478
44.2917,1482
44.2944,1486
44.2972,1489
44.3000,1489
44.3028,1487
44.3056,1493
44.3083,1488
44.3111,1492
44.3139,1491
44.3167,1492
44.3194,1484
44.3222,1489
44.3250,1498
44.3278,1500
44.3306,1506
44.3333,1516
44.3361,1525
44.3389,1527
44.3417,1546
44.3444,1569
44.3472,1580
44.3500,1583
44.3528,1591
44.3556,1576
44.3583,1572
44.3611,1562
44.3639,1557
44.3667,1549
44.3694,1552
44.3722,1565
44.3750,1593
44.3778,1616
44.3806,1637
44.3833,1661
44.3861,1676
44.3889,1665
44.3917,1645
44.3944,1624
44.3972,1610
44.4000,1592
44.4028,1588
44.4056,1585
44.4083,1580
44.4111,1569
44.4139,1560
44.4167,1541
44.4194,1525
44.4222,1511
44.4250,1509
44.4278,1507
44.4306,1505
44.4333,1496
44.4361,1503
44.4389,1502
44.4417,1495
44.4444,1494
44.4472,1504
44.4500,1501
44.4528,1493
44.4556,1475
44.4583,1463
44.4611,1439
44.4639,1433
44.4667,1441
44.4694,1448
44.4722,1477
44.4750,1555
44.4778,1704
44.4806,1898
44.4833,2194
44.4861,2579
44.4889,3012
44.4917,3345
44.4944,3356
44.4972,3365
44.5000,3372
44.5028,3128
44.5056,2532
44.5083,1851
44.5111,1365
44.5139,1146
44.5167,1119
44.5194,1223
44.5222,1354
44.5250,1450
44.5278,1502
44.5306,1493
44.5333,1449
44.5361,1402
44.5389,1379
44.5417,1378
44.5444,1402
44.5472,1423
44.5500,1445
44.5528,1447
44.5556,1439
44.5583,1416
44.5611,1393
44.5639,1389
44.5667,1402
44.5694,1425
44.5722,1442
44.5750,1450
44.5778,1442
44.5806,1445
44.5833,1449
44.5861,1449
44.5889,1463
44.5917,1470
44.5944,1481
44.5972,1478
44.6000,1469
44.6028,1464
44.6056,1459
44.6083,1470
44.6111,1480
44.6139,1486
44.6167,1492
44.6194,1498
44.6222,1505
44.6250,1502
44.6278,1510
44.6306,1512
44.6333,1506
44.6361,1507
44.6389,1520
44.6417,1522
44.6444,1530
44.6472,1547
44.6500,1553
44.6528,1563
44.6556,1575
44.6583,1573
44.6611,1569
44.6639,1583
44.6667,1603
44.6694,1633
44.6722,1638
44.6750,1648
44.6778,1660
44.6806,1665
44.6833,1663
44.6861,1671
44.6889,1699
44.6917,1728
44.6944,1743
44.6972,1765
44.7000,1760
44.7028,1789
44.7056,1787
44.7083,1758
44.7111,1735
44.7139,1714
44.7167,1685
44.7194,1660
44.7222,1649
44.7250,1631
44.7278,1623
44.7306,1606
44.7333,1585
44.7361,1571
44.7389,1558
44.7417,1534
44.7444,1518
44.7472,1508
44.7500,1508
44.7528,1522
44.7556,1522
44.7583,1526
44.7611,1523
44.7639,1508
44.7667,1502
44.7694,1508
44.7722,1522
44.7750,1522
44.7778,1524
44.7806,1516
44.7833,1507
44.7861,1505
44.7889,1522
44.7917,1525
44.7944,1511
44.7972,1505
44.8000,1505
44.8028,1512
44.8056,1524
44.8083,1518
44.8111,1517
44.8139,1524
44.8167,1519
44.8194,1519
44.8222,1523
44.8250,1532
44.8278,1542
44.8306,1573
44.8333,1578
44.8361,1582
44.8389,1576
44.8417,1578
44.8444,1572
44.8472,1568
44.8500,1569
44.8528,1561
44.8556,1559
44.8583,1552
44.8611,1542
44.8639,1548
44.8667,1548
44.8694,1571
44.8722,1585
44.8750,1590
44.8778,1581
44.8806,1569
44.8833,1561
44.8861,1573
44.8889,1588
44.8917,1592
44.8944,1596
44.8972,1580
44.9000,1578
44.9028,1571
44.9056,1568
44.9083,1571
44.9111,1572
44.9139,1552
44.9167,1547
44.9194,1551
44.9222,1550
44.9250,1556
44.9278,1573
44.9306,1575
44.9333,1576
44.9361,1563
44.9389,1553
44.9417,1564
44.9444,1578
44.9472,1587
44.9500,1589
44.9528,1593
44.9556,1601
44.9583,1591
44.9611,1599
44.9639,1593
44.9667,1588
44.9694,1592
44.9722,1595
44.9750,1596
44.9778,1576
44.9806,1562
44.9833,1556
44.9861,1559
44.9889,1579
44.9917,1599
44.9944,1612
44.9972,1608
45.0000,1602
45.0028,1596
45.0056,1589
45.0083,1588
45.0111,1577
45.0139,1581
45.0167,1592
45.0194,1599
45.0222,1622
45.0250,1626
45.0278,1620
45.0306,1617
45.0333,1605
45.0361,1592
45.0389,1582
45.0417,1593
45.0444,1598
45.0472,1621
45.0500,1641
45.0528,1647
45.0556,1630
45.0583,1623
45.0611,1619
45.0639,1627
45.0667,1637
45.0694,1641
45.0722,1627
45.0750,1613
45.0778,1601
45.0806,1611
45.0833,1610
45.0861,1609
45.0889,1621
45.0917,1627
45.0944,1639
45.0972,1620
45.1000,1608
45.1028,1603
45.1056,1608
45.1083,1625
45.1111,1626
45.1139,1652
45.1167,1658
45.1194,1647
45.1222,1633
45.1250,1632
45.1278,1628
45.1306,1622
45.1333,1628
45.1361,1640
45.1389,1645
45.1417,1647
45.1444,1637
45.1472,1644
45.1500,1655
45.1528,1655
45.1556,1665
45.1583,1674
45.1611,1669
45.1639,1687
45.1667,1706
45.1694,1712
45.1722,1734
45.1750,1753
45.1778,1755
45.1806,1742
45.1833,1728
45.1861,1714
45.1889,1695
45.1917,1683
45.1944,1699
45.1972,1718
45.2000,1733
45.2028,1749
45.2056,1771
45.2083,1803
45.2111,1830
45.2139,1842
45.2167,1824
45.2194,1789
45.2222,1755
45.2250,1726
45.2278,1718
45.2306,1705
45.2333,1689
45.2361,1673
45.2389,1666
45.2417,1664
45.2444,1665
45.2472,1656
45.2500,1646
45.2528,1629
45.2556,1626
45.2583,1616
45.2611,1629
45.2639,1634
45.2667,1637
45.2694,1646
45.2722,1642
45.2750,1638
45.2778,1629
45.2806,1617
45.2833,1604
45.2861,1588
45.2889,1554
45.2917,1541
45.2944,1538
45.2972,1547
45.3000,1594
45.3028,1701
45.3056,1870
45.3083,2136
45.3111,2481
45.3139,2915
45.3167,3337
45.3194,3364
45.3222,3378
45.3250,3386
45.3278,3377
45.3306,3114
45.3333,2462
45.3361,1796
45.3389,1371
45.3417,1218
45.3444,1268
45.3472,1398
45.3500,1507
45.3528,1572
45.3556,1591
45.3583,1591
45.3611,1562
45.3639,1530
45.3667,1495
45.3694,1488
45.3722,1491
45.3750,1509
45.3778,1544
45.3806,1539
45.3833,1530
45.3861,1511
45.3889,1482
45.3917,1473
45.3944,1488
45.3972,1527
45.4000,1559
45.4028,1571
45.4056,1551
45.4083,1526
45.4111,1512
45.4139,1518
45.4167,1528
45.4194,1544
45.4222,1549
45.4250,1550
45.4278,1546
45.4306,1547
45.4333,1553
45.4361,1572
45.4389,1578
45.4417,1586
45.4444,1576
45.4472,1571
45.4500,1566
45.4528,1571
45.4556,1591
45.4583,1620
45.4611,1647
45.4639,1634
45.4667,1613
45.4694,1579
45.4722,1589
45.4750,1609
45.4778,1647
45.4806,1669
45.4833,1678
45.4861,1664
45.4889,1658
45.4917,1662
45.4944,1662
45.4972,1685
45.5000,1717
45.5028,1732
45.5056,1732
45.5083,1716
45.5111,1711
45.5139,1716
45.5167,1732
45.5194,1784
45.5222,1818
45.5250,1840
45.5278,1843
45.5306,1834
45.5333,1832
45.5361,1824
45.5389,1795
45.5417,1761
45.5444,1721
45.5472,1690
45.5500,1681
45.5528,1680
45.5556,1677
45.5583,1662
45.5611,1648
45.5639,1623
45.5667,1590
45.5694,1579
45.5722,1585
45.5750,1582
45.5778,1592
45.5806,1602
45.5833,1591
45.5861,1568
45.5889,1556
45.5917,1548
45.5944,1543
45.5972,1535
45.6000,1534
45.6028,1522
45.6056,1528
45.6083,1545
45.6111,1547
45.6139,1550
45.6167,1553
45.6194,1550
45.6222,1549
45.6250,1551
45.6278,1555
45.6306,1569
45.6333,1575
45.6361,1581
45.6389,1576
45.6417,1583
45.6444,1576
45.6472,1560
45.6500,1547
45.6528,1559
45.6556,1574
45.6583,1587
45.6611,1596
45.6639,1608
45.6667,1606
45.6694,1603
45.6722,1594
45.6750,1603
45.6778,1602
45.6806,1599
45.6833,1586
45.6861,1574
45.6889,1564
45.6917,1582
45.6944,1591
45.6972,1611
45.7000,1603
45.7028,1587
45.7056,1572
45.7083,1562
45.7111,1573
45.7139,1579
45.7167,1599
45.7194,1619
45.7222,1623
45.7250,1611
45.7278,1593
45.7306,1595
45.7333,1581
45.7361,1588
45.7389,1588
45.7417,1584
45.7444,1582
45.7472,1579
45.7500,1577
45.7528,1583
45.7556,1581
45.7583,1568
45.7611,1575
45.7639,1587
45.7667,1581
45.7694,1573
45.7722,1555
45.7750,1564
45.7778,1578
45.7806,1591
45.7833,1592
45.7861,1578
45.7889,1561
45.7917,1573
45.7944,1573
45.7972,1570
45.8000,1567
45.8028,1576
45.8056,1587
45.8083,1588
45.8111,1596
45.8139,1607
45.8167,1608
45.8194,1588
45.8222,1568
45.8250,1550
45.8278,1557
45.8306,1571
45.8333,1595
45.8361,1603
45.8389,1603
45.8417,1596
45.8444,1595
45.8472,1591
45.8500,1566
45.8528,1565
45.8556,1566
45.8583,1573
45.8611,1591
45.8639,1596
45.8667,1606
45.8694,1610
45.8722,1622
45.8750,1629
45.8778,1630
45.8806,1618
45.8833,1608
45.8861,1600
45.8889,1591
45.8917,1594
45.8944,1593
45.8972,1606
45.9000,1620
45.9028,1625
45.9056,1624
45.9083,1630
45.9111,1630
45.9139,1618
45.9167,1614
45.9194,1616
45.9222,1617
45.9250,1603
45.9278,1599
45.9306,1607
45.9333,1621
45.9361,1620
45.9389,1610
45.9417,1611
45.9444,1613
45.9472,1621
45.9500,1623
45.9528,1635
45.9556,1646
45.9583,1655
45.9611,1667
45.9639,1652
45.9667,1641
45.9694,1636
45.9722,1626
45.9750,1637
45.9778,1647
45.9806,1655
45.9833,1661
45.9861,1660
45.9889,1654
45.9917,1639
45.9944,1634
45.9972,1640
46.0000,1644
46.0028,1641
46.0056,1636
46.0083,1628
46.0111,1636
46.0139,1653
46.0167,1656
46.0194,1658
46.0222,1654
46.0250,1644
46.0278,1636
46.0306,1645
46.0333,1655
46.0361,1663
46.0389,1691
46.0417,1738
46.0444,1762
46.0472,1768
46.0500,1768
46.0528,1761
46.0556,1752
46.0583,1751
46.0611,1745
46.0639,1737
46.0667,1735
46.0694,1748
46.0722,1766
46.0750,1784
46.0778,1795
46.0806,1820
46.0833,1827
46.0861,1810
46.0889,1793
46.0917,1789
46.0944,1779
46.0972,1762
46.1000,1734
46.1028,1701
46.1056,1684
46.1083,1675
46.1111,1664
46.1139,1641
46.1167,1614
46.1194,1608
46.1222,1618
46.1250,1635
46.1278,1639
46.1306,1627
46.1333,1618
46.1361,1609
46.1389,1609
46.1417,1602
46.1444,1597
46.1472,1601
46.1500,1592
46.1528,1585
46.1556,1569
46.1583,1548
46.1611,1536
46.1639,1521
46.1667,1512
46.1694,1509
46.1722,1526
46.1750,1572
46.1778,1681
46.1806,1862
46.1833,2107
46.1861,2466
46.1889,2902
46.1917,3320
46.1944,3352
46.1972,3365
46.2000,3379
46.2028,3342
46.2056,2907
46.2083,2267
46.2111,1687
46.2139,1343
46.2167,1232
46.2194,1291
46.2222,1408
46.2250,1507
46.2278,1565
46.2306,1566
46.2333,1542
46.2361,1508
46.2389,1472
46.2417,1451
46.2444,1444
46.2472,1452
46.2500,1450
46.2528,1452
46.2556,1460
46.2583,1455
46.2611,1437
46.2639,1428
46.2667,1430
46.2694,1459
46.2722,1481
46.2750,1495
46.2778,1489
46.2806,1472
46.2833,1468
46.2861,1452
46.2889,1457
46.2917,1496
46.2944,1508
46.2972,1512
46.3000,1498
46.3028,1487
46.3056,1484
46.3083,1495
46.3111,1507
46.3139,1528
46.3167,1536
46.3194,1523
46.3222,1528
46.3250,1521
46.3278,1540
46.3306,1562
46.3333,1558
46.3361,1554
46.3389,1546
46.3417,1540
46.3444,1540
46.3472,1554
46.3500,1588
46.3528,1631
46.3556,1644
46.3583,1623
46.3611,1604
46.3639,1597
46.3667,1605
46.3694,1619
46.3722,1648
46.3750,1676
46.3778,1704
46.3806,1697
46.3833,1706
46.3861,1708
46.3889,1720
46.3917,1735
46.3944,1770
46.3972,1775
46.4000,1786
46.4028,1791
46.4056,1781
46.4083,1784
46.4111,1772
46.4139,1756
46.4167,1735
46.4194,1702
46.4222,1660
46.4250,1624
46.4278,1618
46.4306,1600
46.4333,1612
46.4361,1595
46.4389,1570
46.4417,1559
46.4444,1548
46.4472,1543
46.4500,1535
46.4528,1515
46.4556,1509
46.4583,1509
46.4611,1507
46.4639,1504
46.4667,1506
46.4694,1516
46.4722,1528
46.4750,1537
46.4778,1541
46.4806,1531
46.4833,1517
46.4861,1506
46.4889,1479
46.4917,1490
46.4944,1499
46.4972,1508
46.5000,1521
46.5028,1508
46.5056,1512
46.5083,1509
46.5111,1496
46.5139,1491
46.5167,1496
46.5194,1503
46.5222,1518
46.5250,1514
46.5278,1515
46.5306,1517
46.5333,1533
46.5361,1527
46.5389,1530
46.5417,1515
46.5444,1503
46.5472,1507
46.5500,1511
46.5528,1504
46.5556,1498
46.5583,1496
46.5611,1507
46.5639,1497
46.5667,1493
46.5694,1495
46.5722,1501
46.5750,1518
46.5778,1524
46.5806,1516
46.5833,1512
46.5861,1512
46.5889,1513
46.5917,1509
46.5944,1505
46.5972,1510
46.6000,1502
46.6028,1502
46.6056,1507
46.6083,1508
46.6111,1508
46.6139,1509
46.6167,1490
46.6194,1497
46.6222,1491
46.6250,1484
46.6278,1488
46.6306,1487
46.6333,1488
46.6361,1491
46.6389,1496
46.6417,1490
46.6444,1490
46.6472,1504
46.6500,1497
46.6528,1504
46.6556,1503
46.6583,1509
46.6611,1498
46.6639,1494
46.6667,1507
46.6694,1500
46.6722,1512
46.6750,1506
46.6778,1492
46.6806,1490
46.6833,1472
46.6861,1477
46.6889,1500
46.6917,1513
46.6944,1518
46.6972,1511
46.7000,1510
46.7028,1508
46.7056,1496
46.7083,1489
46.7111,1486
46.7139,1492
46.7167,1510
46.7194,1508
46.7222,1494
46.7250,1491
46.7278,1501
46.7306,1502
46.7333,1528
46.7361,1558
46.7389,1575
46.7417,1590
46.7444,1576
46.7472,1559
46.7500,1523
46.7528,1518
46.7556,1518
46.7583,1523
46.7611,1549
46.7639,1545
46.7667,1552
46.7694,1558
46.7722,1563
46.7750,1555
46.7778,1554
46.7806,1558
46.7833,1560
46.7861,1566
46.7889,1566
46.7917,1568
46.7944,1558
46.7972,1544
46.8000,1538
46.8028,1528
46.8056,1531
46.8083,1541
46.8111,1551
46.8139,1568
46.8167,1571
46.8194,1581
46.8222,1579
46.8250,1582
46.8278,1584
46.8306,1580
46.8333,1570
46.8361,1571
46.8389,1555
46.8417,1557
46.8444,1571
46.8472,1576
46.8500,1585
46.8528,1585
46.8556,1599
46.8583,1609
46.8611,1607
46.8639,1598
46.8667,1588
46.8694,1577
46.8722,1580
46.8750,1591
46.8778,1592
46.8806,1592
46.8833,1599
46.8861,1621
46.8889,1622
46.8917,1624
46.8944,1618
46.8972,1605
46.9000,1607
46.9028,1600
46.9056,1602
46.9083,1613
46.9111,1628
46.9139,1632
46.9167,1625
46.9194,1624
46.9222,1629
46.9250,1669
46.9278,1707
46.9306,1728
46.9333,1734
46.9361,1730
46.9389,1713
46.9417,1695
46.9444,1696
46.9472,1690
46.9500,1700
46.9528,1737
46.9556,1756
46.9583,1781
46.9611,1798
46.9639,1802
46.9667,1817
46.9694,1805
46.9722,1783
46.9750,1761
46.9778,1746
46.9806,1731
46.9833,1743
46.9861,1736
46.9889,1724
46.9917,1702
46.9944,1678
46.9972,1651
47.0000,1644
47.0028,1640
47.0056,1628
47.0083,1631
47.0111,1620
47.0139,1625
47.0167,1624
47.0194,1625
47.0222,1619
47.0250,1623
47.0278,1629
47.0306,1630
47.0333,1633
47.0361,1627
47.0389,1611
47.0417,1588
47.0444,1565
47.0472,1554
47.0500,1575
47.0528,1608
47.0556,1659
47.0583,1723
47.0611,1824
47.0639,1984
47.0667,2191
47.0694,2491
47.0722,2857
47.0750,3254
47.0778,3356
47.0806,3369
47.0833,3363
47.0861,3245
47.0889,2827
47.0917,2303
47.0944,1864
47.0972,1570
47.1000,1419
47.1028,1400
47.1056,1455
47.1083,1551
47.1111,1618
47.1139,1650
47.1167,1631
47.1194,1602
47.1222,1559
47.1250,1526
47.1278,1522
47.1306,1530
47.1333,1545
47.1361,1552
47.1389,1552
47.1417,1550
47.1444,1551
47.1472,1549
47.1500,1560
47.1528,1575
47.1556,1585
47.1583,1592
47.1611,1571
47.1639,1558
47.1667,1560
47.1694,1573
47.1722,1589
47.1750,1606
47.1778,1625
47.1806,1639
47.1833,1641
47.1861,1641
47.1889,1637
47.1917,1638
47.1944,1645
47.1972,1653
47.2000,1666
47.2028,1665
47.2056,1651
47.2083,1648
47.2111,1657
47.2139,1675
47.2167,1701
47.2194,1697
47.2222,1693
47.2250,1694
47.2278,1701
47.2306,1708
47.2333,1720
47.2361,1736
47.2389,1758
47.2417,1754
47.2444,1754
47.2472,1766
47.2500,1769
47.2528,1798
47.2556,1817
47.2583,1820
47.2611,1832
47.2639,1828
47.2667,1822
47.2694,1835
47.2722,1851
47.2750,1879
47.2778,1917
47.2806,1950
47.2833,1959
47.2861,1971
47.2889,1967
47.2917,1965
47.2944,1942
47.2972,1919
47.3000,1893
47.3028,1866
47.3056,1841
47.3083,1836
47.3111,1822
47.3139,1796
47.3167,1758
47.3194,1732
47.3222,1716
47.3250,1705
47.3278,1703
47.3306,1698
47.3333,1686
47.3361,1686
47.3389,1685
47.3417,1669
47.3444,1654
47.3472,1646
47.3500,1640
47.3528,1660
47.3556,1661
47.3583,1665
47.3611,1661
47.3639,1663
47.3667,1659
47.3694,1654
47.3722,1652
47.3750,1654
47.3778,1666
47.3806,1680
47.3833,1685
47.3861,1687
47.3889,1670
47.3917,1672
47.3944,1664
47.3972,1671
47.4000,1687
47.4028,1689
47.4056,1694
47.4083,1709
47.4111,1710
47.4139,1707
47.4167,1693
47.4194,1671
47.4222,1666
47.4250,1669
47.4278,1677
47.4306,1677
47.4333,1686
47.4361,1680
47.4389,1675
47.4417,1667
47.4444,1680
47.4472,1670
47.4500,1669
47.4528,1651
47.4556,1649
47.4583,1657
47.4611,1670
47.4639,1675
47.4667,1674
47.4694,1689
47.4722,1675
47.4750,1677
47.4778,1666
47.4806,1679
47.4833,1672
47.4861,1661
47.4889,1659
47.4917,1656
47.4944,1666
47.4972,1669
47.5000,1661
47.5028,1657
47.5056,1652
47.5083,1656
47.5111,1655
47.5139,1653
47.5167,1652
47.5194,1645
47.5222,1638
47.5250,1636
47.5278,1637
47.5306,1631
47.5333,1644
47.5361,1641
47.5389,1643
47.5417,1642
47.5444,1631
47.5472,1622
47.5500,1628
47.5528,1632
47.5556,1630
47.5583,1670
47.5611,1679
47.5639,1677
47.5667,1678
47.5694,1669
47.5722,1664
47.5750,1652
47.5778,1638
47.5806,1626
47.5833,1646
47.5861,1643
47.5889,1676
47.5917,1685
47.5944,1681
47.5972,1675
47.6000,1659
47.6028,1670
47.6056,1662
47.6083,1648
47.6111,1632
47.6139,1635
47.6167,1643
47.6194,1652
47.6222,1652
47.6250,1663
47.6278,1674
47.6306,1681
47.6333,1672
47.6361,1652
47.6389,1659
47.6417,1651
47.6444,1656
47.6472,1661
47.6500,1665
47.6528,1683
47.6556,1684
47.6583,1665
47.6611,1652
47.6639,1646
47.6667,1656
47.6694,1665
47.6722,1678
47.6750,1689
47.6778,1696
47.6806,1697
47.6833,1686
47.6861,1670
47.6889,1676
47.6917,1671
47.6944,1662
47.6972,1667
47.7000,1660
47.7028,1665
47.7056,1681
47.7083,1688
47.7111,1673
47.7139,1675
47.7167,1674
47.7194,1676
47.7222,1685
47.7250,1679
47.7278,1681
47.7306,1694
47.7333,1686
47.7361,1671
47.7389,1674
47.7417,1691
47.7444,1709
47.7472,1731
47.7500,1770
47.7528,1781
47.7556,1809
47.7583,1815
47.7611,1813
47.7639,1796
47.7667,1769
47.7694,1751
47.7722,1755
47.7750,1774
47.7778,1799
47.7806,1824
47.7833,1855
47.7861,1862
47.7889,1867
47.7917,1859
47.7944,1844
47.7972,1825
47.8000,1804
47.8028,1779
47.8056,1759
47.8083,1736
47.8111,1743
47.8139,1739
47.8167,1736
47.8194,1718
47.8222,1688
47.8250,1674
47.8278,1677
47.8306,1674
47.8333,1667
47.8361,1675
47.8389,1681
47.8417,1684
47.8444,1674
47.8472,1671
47.8500,1679
47.8528,1680
47.8556,1684
47.8583,1668
47.8611,1643
47.8639,1612
47.8667,1589
47.8694,1581
47.8722,1595
47.8750,1610
47.8778,1639
47.8806,1721
47.8833,1857
47.8861,2058
47.8889,2354
47.8917,2753
47.8944,3183
47.8972,3354
47.9000,3367
47.9028,3380
47.9056,3387
47.9083,3289
47.9111,2781
47.9139,2161
47.9167,1659
47.9194,1417
47.9222,1386
47.9250,1471
47.9278,1560
47.9306,1636
47.9333,1667
47.9361,1655
47.9389,1628
47.9417,1598
47.9444,1578
47.9472,1555
47.9500,1538
47.9528,1548
47.9556,1567
47.9583,1599
47.9611,1615
47.9639,1604
47.9667,1586
47.9694,1575
47.9722,1581
47.9750,1589
47.9778,1607
47.9806,1613
47.9833,1613
47.9861,1609
47.9889,1587
47.9917,1585
47.9944,1584
47.9972,1585
48.0000,1606
48.0028,1611
48.0056,1618
48.0083,1610
48.0111,1620
48.0139,1637
48.0167,1660
48.0194,1667
48.0222,1665
48.0250,1651
48.0278,1640
48.0306,1641
48.0333,1653
48.0361,1675
48.0389,1700
48.0417,1696
48.0444,1677
48.0472,1662
48.0500,1672
48.0528,1684
48.0556,1716
48.0583,1740
48.0611,1751
48.0639,1751
48.0667,1740
48.0694,1734
48.0722,1743
48.0750,1768
48.0778,1792
48.0806,1801
48.0833,1809
48.0861,1810
48.0889,1810
48.0917,1809
48.0944,1824
48.0972,1862
48.1000,1886
48.1028,1912
48.1056,1926
48.1083,1921
48.1111,1894
48.1139,1898
48.1167,1886
48.1194,1878
48.1222,1849
48.1250,1822
48.1278,1802
48.1306,1782
48.1333,1758
48.1361,1748
48.1389,1727
48.1417,1718
48.1444,1690
48.1472,1654
48.1500,1645
48.1528,1636
48.1556,1648
48.1583,1666
48.1611,1665
48.1639,1649
48.1667,1627
48.1694,1618
48.1722,1620
48.1750,1620
48.1778,1622
48.1806,1619
48.1833,1621
48.1861,1604
48.1889,1603
48.1917,1620
48.1944,1631
48.1972,1638
48.2000,1636
48.2028,1639
48.2056,1637
48.2083,1624
48.2111,1613
48.2139,1629
48.2167,1651
48.2194,1660
48.2222,1662
48.2250,1661
48.2278,1639
48.2306,1643
48.2333,1645
48.2361,1649
48.2389,1641
48.2417,1623
48.2444,1618
48.2472,1629
48.2500,1653
48.2528,1661
48.2556,1664
48.2583,1659
48.2611,1666
48.2639,1660
48.2667,1655
48.2694,1667
48.2722,1661
48.2750,1658
48.2778,1653
48.2806,1644
48.2833,1633
48.2861,1636
48.2889,1645
48.2917,1658
48.2944,1675
48.2972,1680
48.3000,1685
48.3028,1671
48.3056,1642
48.3083,1613
48.3111,1605
48.3139,1622
48.3167,1634
48.3194,1644
48.3222,1652
48.3250,1644
48.3278,1637
48.3306,1635
48.3333,1633
48.3361,1604
48.3389,1600
48.3417,1600
48.3444,1619
48.3472,1619
48.3500,1642
48.3528,1659
48.3556,1662
48.3583,1665
48.3611,1654
48.3639,1639
48.3667,1618
48.3694,1615
48.3722,1614
48.3750,1626
48.3778,1645
48.3806,1659
48.3833,1662
48.3861,1664
48.3889,1634
48.3917,1615
48.3944,1627
48.3972,1637
48.4000,1650
48.4028,1643
48.4056,1632
48.4083,1620
48.4111,1618
48.4139,1625
48.4167,1645
48.4194,1654
48.4222,1653
48.4250,1642
48.4278,1649
48.4306,1643
48.4333,1637
48.4361,1634
48.4389,1630
48.4417,1627
48.4444,1645
48.4472,1651
48.4500,1661
48.4528,1665
48.4556,1676
48.4583,1677
48.4611,1663
48.4639,1650
48.4667,1643
48.4694,1653
48.4722,1659
48.4750,1674
48.4778,1683
48.4806,1695
48.4833,1696
48.4861,1684
48.4889,1670
48.4917,1676
48.4944,1669
48.4972,1664
48.5000,1671
48.5028,1685
48.5056,1679
48.5083,1676
48.5111,1681
48.5139,1674
48.5167,1678
48.5194,1675
48.5222,1676
48.5250,1688
48.5278,1688
48.5306,1676
48.5333,1667
48.5361,1663
48.5389,1665
48.5417,1675
48.5444,1674
48.5472,1677
48.5500,1687
48.5528,1693
48.5556,1696
48.5583,1694
48.5611,1697
48.5639,1694
48.5667,1693
48.5694,1685
48.5722,1682
48.5750,1690
48.5778,1718
48.5806,1721
48.5833,1723
48.5861,1722
48.5889,1716
48.5917,1738
48.5944,1758
48.5972,1772
48.6000,1777
48.6028,1786
48.6056,1793
48.6083,1781
48.6111,1768
48.6139,1757
48.6167,1754
48.6194,1775
48.6222,1800
48.6250,1834
48.6278,1853
48.6306,1872
48.6333,1867
48.6361,1854
48.6389,1845
48.6417,1829
48.6444,1808
48.6472,1775
48.6500,1755
48.6528,1760
48.6556,1767
48.6583,1756
48.6611,1740
48.6639,1714
48.6667,1687
48.6694,1684
48.6722,1670
48.6750,1656
48.6778,1655
48.6806,1662
48.6833,1665
48.6861,1672
48.6889,1671
48.6917,1674
48.6944,1671
48.6972,1680
48.7000,1681
48.7028,1676
48.7056,1660
48.7083,1638
48.7111,1608
48.7139,1599
48.7167,1598
48.7194,1618
48.7222,1622
48.7250,1687
48.7278,1804
48.7306,1975
48.7333,2249
48.7361,2644
48.7389,3068
48.7417,3338
48.7444,3362
48.7472,3368
48.7500,3379
48.7528,3350
48.7556,2938
48.7583,2323
48.7611,1783
48.7639,1466
48.7667,1364
48.7694,1418
48.7722,1522
48.7750,1598
48.7778,1639
48.7806,1635
48.7833,1608
48.7861,1590
48.7889,1566
48.7917,1554
48.7944,1541
48.7972,1554
48.8000,1566
48.8028,1596
48.8056,1599
48.8083,1574
48.8111,1546
48.8139,1530
48.8167,1534
48.8194,1555
48.8222,1565
48.8250,1588
48.8278,1587
48.8306,1572
48.8333,1562
48.8361,1573
48.8389,1591
48.8417,1619
48.8444,1627
48.8472,1628
48.8500,1605
48.8528,1596
48.8556,1599
48.8583,1628
48.8611,1644
48.8639,1677
48.8667,1681
48.8694,1657
48.8722,1632
48.8750,1613
48.8778,1621
48.8806,1632
48.8833,1646
48.8861,1668
48.8889,1679
48.8917,1688
48.8944,1692
48.8972,1690
48.9000,1709
48.9028,1723
48.9056,1733
48.9083,1732
48.9111,1707
48.9139,1708
48.9167,1723
48.9194,1744
48.9222,1777
48.9250,1793
48.9278,1789
48.9306,1782
48.9333,1776
48.9361,1806
48.9389,1836
48.9417,1868
48.9444,1882
48.9472,1919
48.9500,1933
48.9528,1958
48.9556,1918
48.9583,1923
48.9611,1916
48.9639,1907
48.9667,1887
48.9694,1856
48.9722,1823
48.9750,1786
48.9778,1749
48.9806,1745
48.9833,1734
48.9861,1737
48.9889,1716
48.9917,1693
48.9944,1661
48.9972,1641
49.0000,1649
49.0028,1658
49.0056,1659
49.0083,1649
49.0111,1650
49.0139,1643
49.0167,1640
49.0194,1638
49.0222,1652
49.0250,1662
49.0278,1676
49.0306,1659
49.0333,1649
49.0361,1640
49.0389,1652
49.0417,1670
49.0444,1681
49.0472,1685
49.0500,1679
49.0528,1672
49.0556,1658
49.0583,1668
49.0611,1687
49.0639,1698
49.0667,1684
49.0694,1672
49.0722,1669
49.0750,1678
49.0778,1688
49.0806,1699
49.0833,1711
49.0861,1723
49.0889,1703
49.0917,1675
49.0944,1652
49.0972,1650
49.1000,1666
49.1028,1684
49.1056,1695
49.1083,1698
49.1111,1688
49.1139,1686
49.1167,1696
49.1194,1700
49.1222,1694
49.1250,1702
49.1278,1691
49.1306,1689
49.1333,1689
49.1361,1694
49.1389,1692
49.1417,1698
49.1444,1691
49.1472,1688
49.1500,1676
49.1528,1657
49.1556,1637
49.1583,1651
49.1611,1658
49.1639,1674
49.1667,1674
49.1694,1692
49.1722,1686
49.1750,1681
49.1778,1684
49.1806,1677
49.1833,1681
49.1861,1674
49.1889,1671
49.1917,1675
49.1944,1676
49.1972,1687
49.2000,1692
49.2028,1682
49.2056,1672
49.2083,1660
49.2111,1657
49.2139,1673
49.2167,1681
49.2194,1683
49.2222,1677
49.2250,1682
49.2278,1674
49.2306,1667
49.2333,1676
49.2361,1670
49.2389,1671
49.2417,1682
49.2444,1681
49.2472,1675
49.2500,1669
49.2528,1660
49.2556,1664
49.2583,1670
49.2611,1685
49.2639,1682
49.2667,1686
49.2694,1688
49.2722,1689
49.2750,1689
49.2778,1684
49.2806,1680
49.2833,1680
49.2861,1687
49.2889,1693
49.2917,1701
49.2944,1690
49.2972,1693
49.3000,1700
49.3028,1709
49.3056,1709
49.3083,1700
49.3111,1703
49.3139,1706
49.3167,1700
49.3194,1701
49.3222,1693
49.3250,1686
49.3278,1686
49.3306,1687
49.3333,1691
49.3361,1697
49.3389,1702
49.3417,1693
49.3444,1693
49.3472,1691
49.3500,1697
49.3528,1688
49.3556,1695
49.3583,1709
49.3611,1700
49.3639,1690
49.3667,1687
49.3694,1677
49.3722,1682
49.3750,1689
49.3778,1701
49.3806,1710
49.3833,1715
49.3861,1711
49.3889,1696
49.3917,1694
49.3944,1702
49.3972,1711
49.4000,1699
49.4028,1711
49.4056,1703
49.4083,1717
49.4111,1732
49.4139,1740
49.4167,1744
49.4194,1757
49.4222,1771
49.4250,1779
49.4278,1789
49.4306,1788
49.4333,1782
49.4361,1762
49.4389,1765
49.4417,1783
49.4444,1808
49.4472,1838
49.4500,1860
49.4528,1874
49.4556,1877
49.4583,1884
49.4611,1869
49.4639,1841
49.4667,1810
49.4694,1788
49.4722,1759
49.4750,1742
49.4778,1748
49.4806,1758
49.4833,1756
49.4861,1744
49.4889,1720
49.4917,1707
49.4944,1688
49.4972,1673
49.5000,1657
49.5028,1661
49.5056,1663
49.5083,1664
49.5111,1668
49.5139,1682
49.5167,1698
49.5194,1688
49.5222,1667
49.5250,1653
49.5278,1636
49.5306,1609
49.5333,1589
49.5361,1584
49.5389,1599
49.5417,1637
49.5444,1691
49.5472,1770
49.5500,1891
49.5528,2071
49.5556,2322
49.5583,2669
49.5611,3071
49.5639,3344
49.5667,3350
49.5694,3370
49.5722,3365
49.5750,3151
49.5778,2649
49.5806,2102
49.5833,1694
49.5861,1468
49.5889,1389
49.5917,1428
49.5944,1508
49.5972,1568
49.6000,1592
49.6028,1582
49.6056,1563
49.6083,1538
49.6111,1516
49.6139,1509
49.6167,1519
49.6194,1528
49.6222,1539
49.6250,1541
49.6278,1542
49.6306,1524
49.6333,1517
49.6361,1501
49.6389,1513
49.6417,1529
49.6444,1546
49.6472,1559
49.6500,1569
49.6528,1568
49.6556,1569
49.6583,1573
49.6611,1581
49.6639,1587
49.6667,1597
49.6694,1609
49.6722,1601
49.6750,1584
49.6778,1571
49.6806,1575
49.6833,1593
49.6861,1603
49.6889,1610
49.6917,1603
49.6944,1610
49.6972,1612
49.7000,1622
49.7028,1644
49.7056,1650
49.7083,1645
49.7111,1639
49.7139,1638
49.7167,1647
49.7194,1656
49.7222,1662
49.7250,1666
49.7278,1676
49.7306,1677
49.7333,1690
49.7361,1694
49.7389,1703
49.7417,1727
49.7444,1754
49.7472,1742
49.7500,1736
49.7528,1754
49.7556,1764
49.7583,1787
49.7611,1789
49.7639,1816
49.7667,1828
49.7694,1850
49.7722,1848
49.7750,1853
49.7778,1842
49.7806,1846
49.7833,1835
49.7861,1806
49.7889,1770
49.7917,1742
49.7944,1720
49.7972,1699
49.8000,1685
49.8028,1673
49.8056,1657
49.8083,1633
49.8111,1604
49.8139,1588
49.8167,1579
49.8194,1569
49.8222,1567
49.8250,1565
49.8278,1557
49.8306,1565
49.8333,1557
49.8361,1548
49.8389,1555
49.8417,1566
49.8444,1570
49.8472,1556
49.8500,1540
49.8528,1534
49.8556,1527
49.8583,1545
49.8611,1561
49.8639,1583
49.8667,1592
49.8694,1584
49.8722,1568
49.8750,1551
49.8778,1555
49.8806,1557
49.8833,1568
49.8861,1572
49.8889,1576
49.8917,1565
49.8944,1579
49.8972,1564
49.9000,1564
49.9028,1561
49.9056,1557
49.9083,1568
49.9111,1575
49.9139,1577
49.9167,1578
49.9194,1574
49.9222,1572
49.9250,1559
49.9278,1558
49.9306,1561
49.9333,1572
49.9361,1580
49.9389,1570
49.9417,1567
49.9444,1559
49.9472,1571
49.9500,1579
49.9528,1574
49.9556,1560
49.9583,1556
49.9611,1560
49.9639,1554
49.9667,1533
49.9694,1537
49.9722,1545
49.9750,1554
49.9778,1548
49.9806,1550
49.9833,1547
49.9861,1563
49.9889,1564
49.9917,1558
49.9944,1551
49.9972,1557
50.0000,1558
50.0028,1551
50.0056,1535
50.0083,1518
50.0111,1523
50.0139,1541
50.0167,1548
50.0194,1539
50.0222,1529
50.0250,1529
50.0278,1530
50.0306,1553
50.0333,1556
50.0361,1563
50.0389,1547
50.0417,1555
50.0444,1552
50.0472,1556
50.0500,1553
50.0528,1537
50.0556,1526
50.0583,1532
50.0611,1541
50.0639,1558
50.0667,1574
50.0694,1574
50.0722,1557
50.0750,1556
50.0778,1568
50.0806,1573
50.0833,1580
50.0861,1586
50.0889,1589
50.0917,1575
50.0944,1549
50.0972,1540
50.1000,1545
50.1028,1565
50.1056,1572
50.1083,1575
50.1111,1583
50.1139,1589
50.1167,1572
50.1194,1570
50.1222,1573
50.1250,1581
50.1278,1585
50.1306,1574
50.1333,1578
50.1361,1582
50.1389,1592
50.1417,1599
50.1444,1603
50.1472,1593
50.1500,1581
50.1528,1563
50.1556,1579
50.1583,1587
50.1611,1609
50.1639,1616
50.1667,1611
50.1694,1608
50.1722,1590
50.1750,1607
50.1778,1601
50.1806,1599
50.1833,1604
50.1861,1617
50.1889,1632
50.1917,1639
50.1944,1655
50.1972,1676
50.2000,1695
50.2028,1706
50.2056,1708
50.2083,1712
50.2111,1712
50.2139,1697
50.2167,1680
50.2194,1675
50.2222,1683
50.2250,1680
50.2278,1705
50.2306,1721
50.2333,1740
50.2361,1750
50.2389,1767
50.2417,1779
50.2444,1781
50.2472,1773
50.2500,1752
50.2528,1720
50.2556,1711
50.2583,1701
50.2611,1687
50.2639,1678
50.2667,1666
50.2694,1642
50.2722,1620
50.2750,1595
50.2778,1588
50.2806,1593
50.2833,1609
50.2861,1612
50.2889,1622
50.2917,1630
50.2944,1623
50.2972,1620
50.3000,1608
50.3028,1605
50.3056,1596
50.3083,1605
50.3111,1605
50.3139,1593
50.3167,1560
50.3194,1521
50.3222,1517
50.3250,1523
50.3278,1555
50.3306,1639
50.3333,1772
50.3361,1973
50.3389,2264
50.3417,2659
50.3444,3086
50.3472,3350
50.3500,3365
50.3528,3364
50.3556,3370
50.3583,3270
50.3611,2756
50.3639,2117
50.3667,1623
50.3694,1350
50.3722,1290
50.3750,1374
50.3778,1495
50.3806,1580
50.3833,1621
50.3861,1607
50.3889,1563
50.3917,1523
50.3944,1506
50.3972,1489
50.4000,1502
50.4028,1507
50.4056,1520
50.4083,1530
50.4111,1524
50.4139,1517
50.4167,1496
50.4194,1476
50.4222,1476
50.4250,1503
50.4278,1535
50.4306,1552
50.4333,1537
50.4361,1527
50.4389,1523
50.4417,1535
50.4444,1559
50.4472,1573
50.4500,1583
50.4528,1582
50.4556,1559
50.4583,1563
50.4611,1553
50.4639,1574
50.4667,1594
50.4694,1610
50.4722,1616
50.4750,1604
50.4778,1591
50.4806,1586
50.4833,1597
50.4861,1617
50.4889,1634
50.4917,1643
50.4944,1635
50.4972,1614
50.5000,1619
50.5028,1627
50.5056,1633
50.5083,1656
50.5111,1676
50.5139,1681
50.5167,1686
50.5194,1683
50.5222,1686
50.5250,1700
50.5278,1714
50.5306,1733
50.5333,1744
50.5361,1752
50.5389,1761
50.5417,1792
50.5444,1818
50.5472,1824
50.5500,1829
50.5528,1839
50.5556,1846
50.5583,1862
50.5611,1843
50.5639,1850
50.5667,1857
50.5694,1835
50.5722,1813
50.5750,1788
50.5778,1747
50.5806,1704
50.5833,1673
50.5861,1688
50.5889,1691
50.5917,1692
50.5944,1655
50.5972,1629
50.6000,1626
50.6028,1622
50.6056,1620
50.6083,1615
50.6111,1613
50.6139,1596
50.6167,1587
50.6194,1579
50.6222,1582
50.6250,1585
50.6278,1603
50.6306,1604
50.6333,1606
50.6361,1594
50.6389,1574
50.6417,1565
50.6444,1568
50.6472,1585
50.6500,1596
50.6528,1607
50.6556,1616
50.6583,1604
50.6611,1591
50.6639,1594
50.6667,1604
50.6694,1612
50.6722,1606
50.6750,1608
50.6778,1593
50.6806,1604
50.6833,1610
50.6861,1624
50.6889,1630
50.6917,1635
50.6944,1620
50.6972,1619
50.7000,1623
50.7028,1617
50.7056,1611
50.7083,1612
50.7111,1610
50.7139,1601
50.7167,1587
50.7194,1587
50.7222,1591
50.7250,1618
50.7278,1648
50.7306,1642
50.7333,1633
50.7361,1600
50.7389,1582
50.7417,1582
50.7444,1589
50.7472,1599
50.7500,1607
50.7528,1599
50.7556,1593
50.7583,1574
50.7611,1591
50.7639,1606
50.7667,1624
50.7694,1638
50.7722,1626
50.7750,1606
50.7778,1593
50.7806,1589
50.7833,1599
50.7861,1606
50.7889,1603
50.7917,1596
50.7944,1586
50.7972,1585
50.8000,1573
50.8028,1565
50.8056,1580
50.8083,1583
50.8111,1586
50.8139,1592
50.8167,1598
50.8194,1597
50.8222,1596
50.8250,1594
50.8278,1596
50.8306,1590
50.8333,1577
50.8361,1561
50.8389,1563
50.8417,1559
50.8444,1562
50.8472,1565
50.8500,1563
50.8528,1570
50.8556,1567
50.8583,1584
50.8611,1610
50.8639,1614
50.8667,1602
50.8694,1591
50.8722,1596
50.8750,1587
50.8778,1584
50.8806,1581
50.8833,1581
50.8861,1592
50.8889,1612
50.8917,1618
50.8944,1608
50.8972,1597
50.9000,1592
50.9028,1599
50.9056,1598
50.9083,1604
50.9111,1613
50.9139,1611
50.9167,1615
50.9194,1610
50.9222,1593
50.9250,1578
50.9278,1583
50.9306,1588
50.9333,1598
50.9361,1592
50.9389,1584
50.9417,1579
50.9444,1576
50.9472,1575
50.9500,1577
50.9528,1575
50.9556,1577
50.9583,1593
50.9611,1593
50.9639,1593
50.9667,1606
50.9694,1593
50.9722,1594
50.9750,1603
50.9778,1601
50.9806,1611
50.9833,1612
50.9861,1617
50.9889,1613
50.9917,1618
50.9944,1633
50.9972,1667
51.0000,1690
51.0028,1688
51.0056,1681
51.0083,1659
51.0111,1630
51.0139,1617
51.0167,1608
51.0194,1625
51.0222,1647
51.0250,1683
51.0278,1715
51.0306,1742
51.0333,1752
51.0361,1748
51.0389,1734
51.0417,1705
51.0444,1669
51.0472,1644
51.0500,1618
51.0528,1616
51.0556,1619
51.0583,1619
51.0611,1611
51.0639,1607
51.0667,1594
51.0694,1578
51.0722,1560
51.0750,1553
51.0778,1553
51.0806,1551
51.0833,1560
51.0861,1557
51.0889,1552
51.0917,1545
51.0944,1541
51.0972,1555
51.1000,1552
51.1028,1545
51.1056,1538
51.1083,1505
51.1111,1471
51.1139,1459
51.1167,1458
51.1194,1476
51.1222,1500
51.1250,1564
51.1278,1688
51.1306,1882
51.1333,2162
51.1361,2542
51.1389,2962
51.1417,3331
51.1444,3356
51.1472,3378
51.1500,3374
51.1528,3196
51.1556,2648
51.1583,2006
51.1611,1530
51.1639,1271
51.1667,1237
51.1694,1321
51.1722,1436
51.1750,1523
51.1778,1547
51.1806,1520
51.1833,1470
51.1861,1427
51.1889,1413
51.1917,1416
51.1944,1433
51.1972,1455
51.2000,1460
51.2028,1469
51.2056,1460
51.2083,1450
51.2111,1443
51.2139,1416
51.2167,1405
51.2194,1409
51.2222,1418
51.2250,1429
51.2278,1427
51.2306,1440
51.2333,1449
51.2361,1447
51.2389,1453
51.2417,1466
51.2444,1489
51.2472,1501
51.2500,1493
51.2528,1475
51.2556,1471
51.2583,1486
51.2611,1498
51.2639,1488
51.2667,1496
51.2694,1495
51.2722,1493
51.2750,1493
51.2778,1509
51.2806,1525
51.2833,1535
51.2861,1546
51.2889,1550
51.2917,1545
51.2944,1542
51.2972,1552
51.3000,1572
51.3028,1586
51.3056,1590
51.3083,1586
51.3111,1593
51.3139,1604
51.3167,1600
51.3194,1615
51.3222,1635
51.3250,1659
51.3278,1669
51.3306,1674
51.3333,1679
51.3361,1691
51.3389,1710
51.3417,1729
51.3444,1729
51.3472,1733
51.3500,1733
51.3528,1757
51.3556,1790
51.3583,1794
51.3611,1794
51.3639,1777
51.3667,1766
51.3694,1721
51.3722,1679
51.3750,1640
51.3778,1628
51.3806,1637
51.3833,1644
51.3861,1633
51.3889,1602
51.3917,1575
51.3944,1553
51.3972,1555
51.4000,1563
51.4028,1572
51.4056,1570
51.4083,1567
51.4111,1557
51.4139,1554
51.4167,1538
51.4194,1542
51.4222,1538
51.4250,1549
51.4278,1551
51.4306,1573
51.4333,1578
51.4361,1579
51.4389,1570
51.4417,1562
51.4444,1558
51.4472,1550
51.4500,1559
51.4528,1575
51.4556,1590
51.4583,1611
51.4611,1621
51.4639,1623
51.4667,1603
51.4694,1581
51.4722,1578
51.4750,1583
51.4778,1588
51.4806,1595
51.4833,1601
51.4861,1616
51.4889,1613
51.4917,1622
51.4944,1617
51.4972,1604
51.5000,1604
51.5028,1601
51.5056,1592
51.5083,1585
51.5111,1580
51.5139,1599
51.5167,1611
51.5194,1622
51.5222,1633
51.5250,1619
51.5278,1603
51.5306,1592
51.5333,1611
51.5361,1617
51.5389,1630
51.5417,1643
51.5444,1633
51.5472,1612
51.5500,1594
51.5528,1595
51.5556,1606
51.5583,1614
51.5611,1624
51.5639,1628
51.5667,1614
51.5694,1613
51.5722,1616
51.5750,1618
51.5778,1622
51.5806,1624
51.5833,1617
51.5861,1611
51.5889,1617
51.5917,1615
51.5944,1622
51.5972,1626
51.6000,1625
51.6028,1624
51.6056,1622
51.6083,1620
51.6111,1630
51.6139,1621
51.6167,1626
51.6194,1636
51.6222,1641
51.6250,1650
51.6278,1642
51.6306,1648
51.6333,1628
51.6361,1629
51.6389,1625
51.6417,1635
51.6444,1640
51.6472,1655
51.6500,1659
51.6528,1653
51.6556,1653
51.6583,1652
51.6611,1665
51.6639,1669
51.6667,1677
51.6694,1655
51.6722,1656
51.6750,1659
51.6778,1666
51.6806,1676
51.6833,1693
51.6861,1694
51.6889,1681
51.6917,1670
51.6944,1661
51.6972,1664
51.7000,1669
51.7028,1676
51.7056,1667
51.7083,1651
51.7111,1656
51.7139,1654
51.7167,1655
51.7194,1660
51.7222,1673
51.7250,1678
51.7278,1684
51.7306,1683
51.7333,1684
51.7361,1675
51.7389,1679
51.7417,1679
51.7444,1690
51.7472,1681
51.7500,1701
51.7528,1702
51.7556,1710
51.7583,1708
51.7611,1695
51.7639,1699
51.7667,1690
51.7694,1692
51.7722,1696
51.7750,1717
51.7778,1730
51.7806,1742
51.7833,1743
51.7861,1771
51.7889,1769
51.7917,1778
51.7944,1783
51.7972,1765
51.8000,1752
51.8028,1742
51.8056,1715
51.8083,1709
51.8111,1720
51.8139,1753
51.8167,1797
51.8194,1836
51.8222,1856
51.8250,1875
51.8278,1866
51.8306,1859
51.8333,1836
51.8361,1804
51.8389,1776
51.8417,1762
51.8444,1758
51.8472,1764
51.8500,1760
51.8528,1739
51.8556,1714
51.8583,1682
51.8611,1668
51.8639,1657
51.8667,1662
51.8694,1670
51.8722,1681
51.8750,1686
51.8778,1690
51.8806,1687
51.8833,1682
51.8861,1680
51.8889,1677
51.8917,1677
51.8944,1677
51.8972,1648
51.9000,1623
51.9028,1602
51.9056,1611
51.9083,1624
51.9111,1649
51.9139,1697
51.9167,1777
51.9194,1931
51.9222,2152
51.9250,2461
51.9278,2855
51.9306,3266
51.9333,3348
51.9361,3363
51.9389,3374
51.9417,3347
51.9444,2993
51.9472,2432
51.9500,1933
51.9528,1608
51.9556,1438
51.9583,1408
51.9611,1481
51.9639,1565
51.9667,1621
51.9694,1654
51.9722,1637
51.9750,1608
51.9778,1564
51.9806,1532
51.9833,1530
51.9861,1542
51.9889,1562
51.9917,1592
51.9944,1593
51.9972,1578
52.0000,1572
52.0028,1571
52.0056,1569
52.0083,1583
52.0111,1588
52.0139,1601
52.0167,1608
52.0194,1599
52.0222,1588
52.0250,1583
52.0278,1595
52.0306,1602
52.0333,1608
52.0361,1622
52.0389,1615
52.0417,1624
52.0444,1615
52.0472,1628
52.0500,1634
52.0528,1653
52.0556,1657
52.0583,1658
52.0611,1653
52.0639,1651
52.0667,1640
52.0694,1654
52.0722,1670
52.0750,1685
52.0778,1696
52.0806,1687
52.0833,1696
52.0861,1692
52.0889,1696
52.0917,1702
52.0944,1710
52.0972,1719
52.1000,1741
52.1028,1743
52.1056,1737
52.1083,1749
52.1111,1767
52.1139,1777
52.1167,1787
52.1194,1788
52.1222,1796
52.1250,1815
52.1278,1829
52.1306,1852
52.1333,1879
52.1361,1901
52.1389,1906
52.1417,1925
52.1444,1895
52.1472,1897
52.1500,1886
52.1528,1869
52.1556,1848
52.1583,1846
52.1611,1818
52.1639,1814
52.1667,1776
52.1694,1758
52.1722,1722
52.1750,1696
52.1778,1693
52.1806,1676
52.1833,1693
52.1861,1692
52.1889,1689
52.1917,1677
52.1944,1663
52.1972,1648
52.2000,1645
52.2028,1644
52.2056,1638
52.2083,1632
52.2111,1630
52.2139,1630
52.2167,1631
52.2194,1645
52.2222,1650
52.2250,1648
52.2278,1634
52.2306,1627
52.2333,1636
52.2361,1637
52.2389,1642
52.2417,1638
52.2444,1645
52.2472,1658
52.2500,1670
52.2528,1683
52.2556,1681
52.2583,1666
52.2611,1648
52.2639,1634
52.2667,1631
52.2694,1638
52.2722,1656
52.2750,1660
52.2778,1671
52.2806,1667
52.2833,1680
52.2861,1680
52.2889,1676
52.2917,1666
52.2944,1660
52.2972,1656
52.3000,1648
52.3028,1636
52.3056,1626
52.3083,1628
52.3111,1638
52.3139,1653
52.3167,1667
52.3194,1654
52.3222,1649
52.3250,1639
52.3278,1653
52.3306,1662
52.3333,1658
52.3361,1643
52.3389,1639
52.3417,1646
52.3444,1640
52.3472,1635
52.3500,1638
52.3528,1638
52.3556,1630
52.3583,1633
52.3611,1642
52.3639,1644
52.3667,1641
52.3694,1634
52.3722,1629
52.3750,1630
52.3778,1634
52.3806,1638
52.3833,1637
52.3861,1644
52.3889,1643
52.3917,1634
52.3944,1641
52.3972,1646
52.4000,1645
52.4028,1646
52.4056,1641
52.4083,1642
52.4111,1640
52.4139,1655
52.4167,1671
52.4194,1671
52.4222,1670
52.4250,1661
52.4278,1651
52.4306,1648
52.4333,1650
52.4361,1654
52.4389,1654
52.4417,1649
52.4444,1653
52.4472,1655
52.4500,1648
52.4528,1642
52.4556,1654
52.4583,1660
52.4611,1658
52.4639,1657
52.4667,1640
52.4694,1639
52.4722,1656
52.4750,1676
52.4778,1693
52.4806,1700
52.4833,1694
52.4861,1694
52.4889,1689
52.4917,1673
52.4944,1661
52.4972,1663
52.5000,1654
52.5028,1663
52.5056,1676
52.5083,1687
52.5111,1686
52.5139,1674
52.5167,1663
52.5194,1661
52.5222,1672
52.5250,1690
52.5278,1695
52.5306,1701
52.5333,1694
52.5361,1688
52.5389,1689
52.5417,1693
52.5444,1686
52.5472,1684
52.5500,1692
52.5528,1689
52.5556,1700
52.5583,1706
52.5611,1724
52.5639,1748
52.5667,1762
52.5694,1789
52.5722,1798
52.5750,1787
52.5778,1762
52.5806,1739
52.5833,1710
52.5861,1693
52.5889,1703
52.5917,1750
52.5944,1806
52.5972,1850
52.6000,1867
52.6028,1873
52.6056,1864
52.6083,1846
52.6111,1819
52.6139,1777
52.6167,1761
52.6194,1750
52.6222,1744
52.6250,1734
52.6278,1732
52.6306,1736
52.6333,1705
52.6361,1693
52.6389,1685
52.6417,1685
52.6444,1683
52.6472,1690
52.6500,1691
52.6528,1671
52.6556,1652
52.6583,1646
52.6611,1646
52.6639,1664
52.6667,1681
52.6694,1677
52.6722,1657
52.6750,1653
52.6778,1627
52.6806,1620
52.6833,1616
52.6861,1624
52.6889,1651
52.6917,1691
52.6944,1780
52.6972,1913
52.7000,2119
52.7028,2439
52.7056,2848
52.7083,3270
52.7111,3348
52.7139,3368
52.7167,3385
52.7194,3369
52.7222,3167
52.7250,2610
52.7278,1988
52.7306,1552
52.7333,1363
52.7361,1356
52.7389,1461
52.7417,1575
52.7444,1646
52.7472,1677
52.7500,1651
52.7528,1620
52.7556,1594
52.7583,1568
52.7611,1547
52.7639,1543
52.7667,1561
52.7694,1583
52.7722,1609
52.7750,1611
52.7778,1589
52.7806,1563
52.7833,1556
52.7861,1566
52.7889,1565
52.7917,1571
52.7944,1583
52.7972,1582
52.8000,1589
52.8028,1588
52.8056,1586
52.8083,1596
52.8111,1609
52.8139,1612
52.8167,1610
52.8194,1608
52.8222,1602
52.8250,1612
52.8278,1626
52.8306,1668
52.8333,1683
52.8361,1669
52.8389,1666
52.8417,1646
52.8444,1639
52.8472,1641
52.8500,1672
52.8528,1707
52.8556,1707
52.8583,1704
52.8611,1676
52.8639,1667
52.8667,1692
52.8694,1731
52.8722,1750
52.8750,1742
52.8778,1734
52.8806,1737
52.8833,1736
52.8861,1738
52.8889,1755
52.8917,1787
52.8944,1818
52.8972,1825
52.9000,1820
52.9028,1819
52.9056,1837
52.9083,1861
52.9111,1901
52.9139,1912
52.9167,1920
52.9194,1921
52.9222,1925
52.9250,1918
52.9278,1915
52.9306,1908
52.9333,1887
52.9361,1856
52.9389,1815
52.9417,1780
52.9444,1765
52.9472,1759
52.9500,1763
52.9528,1755
52.9556,1729
52.9583,1715
52.9611,1692
52.9639,1671
52.9667,1674
52.9694,1681
52.9722,1682
52.9750,1671
52.9778,1661
52.9806,1649
52.9833,1661
52.9861,1656
52.9889,1653
52.9917,1662
52.9944,1654
52.9972,1661
53.0000,1654
53.0028,1664
53.0056,1685
53.0083,1695
53.0111,1702
53.0139,1698
53.0167,1684
53.0194,1684
53.0222,1675
53.0250,1656
53.0278,1659
53.0306,1670
53.0333,1676
53.0361,1700
53.0389,1687
53.0417,1680
53.0444,1685
53.0472,1700
53.0500,1709
53.0528,1727
53.0556,1743
53.0583,1738
53.0611,1720
53.0639,1697
53.0667,1698
53.0694,1706
53.0722,1725
53.0750,1742
53.0778,1728
53.0806,1718
53.0833,1721
53.0861,1718
53.0889,1705
53.0917,1706
53.0944,1703
53.0972,1701
53.1000,1704
53.1028,1712
53.1056,1714
53.1083,1726
53.1111,1731
53.1139,1740
53.1167,1729
53.1194,1730
53.1222,1715
53.1250,1719
53.1278,1721
53.1306,1726
53.1333,1721
53.1361,1728
53.1389,1726
53.1417,1728
53.1444,1731
53.1472,1727
53.1500,1708
53.1528,1701
53.1556,1695
53.1583,1693
53.1611,1689
53.1639,1694
53.1667,1692
53.1694,1707
53.1722,1718
53.1750,1713
53.1778,1720
53.1806,1724
53.1833,1715
53.1861,1717
53.1889,1712
53.1917,1716
53.1944,1725
53.1972,1728
53.2000,1726
53.2028,1729
53.2056,1730
53.2083,1727
53.2111,1725
53.2139,1727
53.2167,1712
53.2194,1708
53.2222,1707
53.2250,1714
53.2278,1717
53.2306,1735
53.2333,1740
53.2361,1743
53.2389,1737
53.2417,1742
53.2444,1741
53.2472,1744
53.2500,1743
53.2528,1742
53.2556,1739
53.2583,1741
53.2611,1741
53.2639,1743
53.2667,1750
53.2694,1758
53.2722,1763
53.2750,1756
53.2778,1745
53.2806,1740
53.2833,1741
53.2861,1752
53.2889,1753
53.2917,1758
53.2944,1757
53.2972,1753
53.3000,1750
53.3028,1739
53.3056,1749
53.3083,1748
53.3111,1743
53.3139,1756
53.3167,1779
53.3194,1764
53.3222,1758
53.3250,1742
53.3278,1753
53.3306,1763
53.3333,1768
53.3361,1753
53.3389,1755
53.3417,1756
53.3444,1752
53.3472,1756
53.3500,1764
53.3528,1764
53.3556,1767
53.3583,1768
53.3611,1756
53.3639,1760
53.3667,1768
53.3694,1779
53.3722,1776
53.3750,1776
53.3778,1777
53.3806,1781
53.3833,1776
53.3861,1789
53.3889,1809
53.3917,1836
53.3944,1849
53.3972,1867
53.4000,1854
53.4028,1822
53.4056,1790
53.4083,1772
53.4111,1781
53.4139,1810
53.4167,1852
53.4194,1903
53.4222,1925
53.4250,1942
53.4278,1930
53.4306,1916
53.4333,1900
53.4361,1882
53.4389,1869
53.4417,1853
53.4444,1854
53.4472,1852
53.4500,1833
53.4528,1793
53.4556,1772
53.4583,1766
53.4611,1767
53.4639,1759
53.4667,1762
53.4694,1749
53.4722,1748
53.4750,1748
53.4778,1744
53.4806,1736
53.4833,1731
53.4861,1729
53.4889,1733
53.4917,1731
53.4944,1726
53.4972,1690
53.5000,1649
53.5028,1615
53.5056,1619
53.5083,1642
53.5111,1696
53.5139,1767
53.5167,1872
53.5194,1994
53.5222,2172
53.5250,2443
53.5278,2809
53.5306,3196
53.5333,3357
53.5361,3362
53.5389,3374
53.5417,3374
53.5444,3183
53.5472,2681
53.5500,2098
53.5528,1651
53.5556,1417
53.5583,1355
53.5611,1412
53.5639,1514
53.5667,1601
53.5694,1667
53.5722,1675
53.5750,1644
53.5778,1587
53.5806,1548
53.5833,1522
53.5861,1531
53.5889,1549
53.5917,1567
53.5944,1568
53.5972,1572
53.6000,1573
53.6028,1560
53.6056,1568
53.6083,1572
53.6111,1576
53.6139,1591
53.6167,1596
53.6194,1588
53.6222,1569
53.6250,1557
53.6278,1569
53.6306,1581
53.6333,1603
53.6361,1611
53.6389,1606
53.6417,1599
53.6444,1611
53.6472,1611
53.6500,1597
53.6528,1599
53.6556,1600
53.6583,1598
53.6611,1596
53.6639,1596
53.6667,1599
53.6694,1618
53.6722,1636
53.6750,1648
53.6778,1647
53.6806,1626
53.6833,1621
53.6861,1624
53.6889,1647
53.6917,1662
53.6944,1684
53.6972,1688
53.7000,1687
53.7028,1675
53.7056,1667
53.7083,1679
53.7111,1702
53.7139,1735
53.7167,1749
53.7194,1756
53.7222,1755
53.7250,1754
53.7278,1770
53.7306,1781
53.7333,1805
53.7361,1810
53.7389,1835
53.7417,1840
53.7444,1851
53.7472,1783
53.7500,1780
53.7528,1767
53.7556,1737
53.7583,1712
53.7611,1684
53.7639,1668
53.7667,1647
53.7694,1636
53.7722,1624
53.7750,1618
53.7778,1604
53.7806,1571
53.7833,1543
53.7861,1511
53.7889,1513
53.7917,1511
53.7944,1510
53.7972,1505
53.8000,1489
53.8028,1478
53.8056,1477
53.8083,1482
53.8111,1476
53.8139,1470
53.8167,1461
53.8194,1452
53.8222,1451
53.8250,1436
53.8278,1435
53.8306,1443
53.8333,1467
53.8361,1480
53.8389,1472
53.8417,1469
53.8444,1467
53.8472,1466
53.8500,1474
53.8528,1474
53.8556,1483
53.8583,1495
53.8611,1491
53.8639,1477
53.8667,1464
53.8694,1459
53.8722,1461
53.8750,1464
53.8778,1471
53.8806,1459
53.8833,1441
53.8861,1449
53.8889,1462
53.8917,1474
53.8944,1458
53.8972,1452
53.9000,1455
53.9028,1448
53.9056,1446
53.9083,1443
53.9111,1452
53.9139,1454
53.9167,1454
53.9194,1457
53.9222,1462
53.9250,1462
53.9278,1457
53.9306,1456
53.9333,1451
53.9361,1431
53.9389,1413
53.9417,1411
53.9444,1415
53.9472,1415
53.9500,1411
53.9528,1411
53.9556,1401
53.9583,1403
53.9611,1392
53.9639,1386
53.9667,1388
53.9694,1394
53.9722,1418
53.9750,1419
53.9778,1412
53.9806,1400
53.9833,1390
53.9861,1397
53.9889,1406
53.9917,1414
53.9944,1413
53.9972,1415
54.0000,1396
54.0028,1399
54.0056,1403
54.0083,1394
54.0111,1407
54.0139,1395
54.0167,1378
54.0194,1374
54.0222,1382
54.0250,1393
54.0278,1404
54.0306,1408
54.0333,1406
54.0361,1402
54.0389,1402
54.0417,1395
54.0444,1386
54.0472,1372
54.0500,1381
54.0528,1398
54.0556,1405
54.0583,1402
54.0611,1396
54.0639,1387
54.0667,1391
54.0694,1383
54.0722,1391
54.0750,1383
54.0778,1385
54.0806,1392
54.0833,1410
54.0861,1396
54.0889,1391
54.0917,1386
54.0944,1380
54.0972,1375
54.1000,1386
54.1028,1382
54.1056,1385
54.1083,1389
54.1111,1391
54.1139,1393
54.1167,1392
54.1194,1375
54.1222,1363
54.1250,1361
54.1278,1380
54.1306,1386
54.1333,1398
54.1361,1401
54.1389,1399
54.1417,1398
54.1444,1401
54.1472,1388
54.1500,1383
54.1528,1380
54.1556,1387
54.1583,1394
54.1611,1407
54.1639,1428
54.1667,1434
54.1694,1436
54.1722,1440
54.1750,1426
54.1778,1417
54.1806,1410
54.1833,1415
54.1861,1412
54.1889,1420
54.1917,1427
54.1944,1439
54.1972,1454
54.2000,1462
54.2028,1477
54.2056,1492
54.2083,1515
54.2111,1525
54.2139,1516
54.2167,1513
54.2194,1486
54.2222,1460
54.2250,1441
54.2278,1445
54.2306,1486
54.2333,1518
54.2361,1563
54.2389,1581
54.2417,1595
54.2444,1601
54.2472,1579
54.2500,1563
54.2528,1528
54.2556,1515
54.2583,1505
54.2611,1511
54.2639,1527
54.2667,1522
54.2694,1500
54.2722,1481
54.2750,1473
54.2778,1456
54.2806,1455
54.2833,1446
54.2861,1443
54.2889,1450
54.2917,1453
54.2944,1451
54.2972,1457
54.3000,1465
54.3028,1457
54.3056,1449
54.3083,1437
54.3111,1427
54.3139,1414
54.3167,1400
54.3194,1395
54.3222,1401
54.3250,1411
54.3278,1431
54.3306,1483
54.3333,1598
54.3361,1759
54.3389,1988
54.3417,2302
54.3444,2707
54.3472,3119
54.3500,3346
54.3528,3355
54.3556,3374
54.3583,3258
54.3611,2801
54.3639,2186
54.3667,1662
54.3694,1306
54.3722,1169
54.3750,1169
54.3778,1258
54.3806,1366
54.3833,1447
54.3861,1477
54.3889,1468
54.3917,1441
54.3944,1398
54.3972,1383
54.4000,1381
54.4028,1403
54.4056,1416
54.4083,1421
54.4111,1425
54.4139,1429
54.4167,1432
54.4194,1432
54.4222,1439
54.4250,1443
54.4278,1448
54.4306,1450
54.4333,1453
54.4361,1446
54.4389,1445
54.4417,1436
54.4444,1448
54.4472,1479
54.4500,1507
54.4528,1503
54.4556,1495
54.4583,1493
54.4611,1497
54.4639,1524
54.4667,1554
54.4694,1573
54.4722,1564
54.4750,1569
54.4778,1573
54.4806,1575
54.4833,1579
54.4861,1582
54.4889,1602
54.4917,1603
54.4944,1599
54.4972,1598
54.5000,1610
54.5028,1611
54.5056,1627
54.5083,1647
54.5111,1664
54.5139,1660
54.5167,1647
54.5194,1656
54.5222,1660
54.5250,1689
54.5278,1703
54.5306,1722
54.5333,1742
54.5361,1747
54.5389,1761
54.5417,1768
54.5444,1782
54.5472,1795
54.5500,1813
54.5528,1842
54.5556,1842
54.5583,1861
54.5611,1906
54.5639,1892
54.5667,1879
54.5694,1855
54.5722,1837
54.5750,1798
54.5778,1774
54.5806,1765
54.5833,1747
54.5861,1742
54.5889,1714
54.5917,1682
54.5944,1643
54.5972,1620
54.6000,1606
54.6028,1586
54.6056,1593
54.6083,1613
54.6111,1623
54.6139,1627
54.6167,1615
54.6194,1602
54.6222,1597
54.6250,1589
54.6278,1569
54.6306,1566
54.6333,1571
54.6361,1574
54.6389,1574
54.6417,1582
54.6444,1587
54.6472,1592
54.6500,1589
54.6528,1587
54.6556,1581
54.6583,1582
54.6611,1598
54.6639,1595
54.6667,1593
54.6694,1597
54.6722,1606
54.6750,1608
54.6778,1608
54.6806,1595
54.6833,1601
54.6861,1612
54.6889,1608
54.6917,1609
54.6944,1614
54.6972,1624
54.7000,1627
54.7028,1636
54.7056,1651
54.7083,1660
54.7111,1657
54.7139,1641
54.7167,1630
54.7194,1615
54.7222,1613
54.7250,1634
54.7278,1655
54.7306,1664
54.7333,1658
54.7361,1649
54.7389,1644
54.7417,1638
54.7444,1642
54.7472,1645
54.7500,1636
54.7528,1629
54.7556,1627
54.7583,1627
54.7611,1629
54.7639,1631
54.7667,1640
54.7694,1642
54.7722,1640
54.7750,1642
54.7778,1640
54.7806,1639
54.7833,1646
54.7861,1658
54.7889,1666
54.7917,1668
54.7944,1657
54.7972,1648
54.8000,1637
54.8028,1642
54.8056,1654
54.8083,1655
54.8111,1656
54.8139,1647
54.8167,1650
54.8194,1651
54.8222,1655
54.8250,1648
54.8278,1652
54.8306,1651
54.8333,1666
54.8361,1661
54.8389,1660
54.8417,1663
54.8444,1673
54.8472,1679
54.8500,1675
54.8528,1677
54.8556,1673
54.8583,1680
54.8611,1687
54.8639,1693
54.8667,1678
54.8694,1670
54.8722,1680
54.8750,1682
54.8778,1699
54.8806,1698
54.8833,1706
54.8861,1698
54.8889,1707
54.8917,1703
54.8944,1709
54.8972,1698
54.9000,1702
54.9028,1707
54.9056,1713
54.9083,1715
54.9111,1730
54.9139,1739
54.9167,1749
54.9194,1740
54.9222,1727
54.9250,1713
54.9278,1715
54.9306,1725
54.9333,1739
54.9361,1755
54.9389,1770
54.9417,1769
54.9444,1753
54.9472,1750
54.9500,1759
54.9528,1750
54.9556,1763
54.9583,1770
54.9611,1763
54.9639,1760
54.9667,1751
54.9694,1752
54.9722,1761
54.9750,1757
54.9778,1746
54.9806,1743
54.9833,1750
54.9861,1750
54.9889,1762
54.9917,1768
54.9944,1766
54.9972,1773
55.0000,1776
55.0028,1777
55.0056,1775
55.0083,1783
55.0111,1786
55.0139,1803
55.0167,1807
55.0194,1808
55.0222,1807
55.0250,1802
55.0278,1825
55.0306,1828
55.0333,1842
55.0361,1862
55.0389,1879
55.0417,1908
55.0444,1920
55.0472,1937
55.0500,1931
55.0528,1903
55.0556,1877
55.0583,1861
55.0611,1855
55.0639,1870
55.0667,1896
55.0694,1923
55.0722,1953
55.0750,1964
55.0778,1970
55.0806,1963
55.0833,1956
55.0861,1942
55.0889,1910
55.0917,1883
55.0944,1868
55.0972,1866
55.1000,1866
55.1028,1848
55.1056,1822
55.1083,1805
55.1111,1791
55.1139,1791
55.1167,1803
55.1194,1813
55.1222,1802
55.1250,1798
55.1278,1793
55.1306,1788
55.1333,1784
55.1361,1797
55.1389,1805
55.1417,1798
55.1444,1778
55.1472,1783
55.1500,1777
55.1528,1752
55.1556,1727
55.1583,1709
55.1611,1710
55.1639,1720
55.1667,1749
55.1694,1821
55.1722,1974
55.1750,2180
55.1778,2489
55.1806,2889
55.1833,3302
55.1861,3349
55.1889,3366
55.1917,3363
55.1944,3385
55.1972,3371
55.2000,3041
55.2028,2395
55.2056,1816
55.2083,1488
55.2111,1410
55.2139,1488
55.2167,1605
55.2194,1709
55.2222,1758
55.2250,1770
55.2278,1751
55.2306,1732
55.2333,1706
55.2361,1676
55.2389,1672
55.2417,1689
55.2444,1714
55.2472,1748
55.2500,1752
55.2528,1741
55.2556,1722
55.2583,1696
55.2611,1693
55.2639,1709
55.2667,1731
55.2694,1753
55.2722,1757
55.2750,1757
55.2778,1750
55.2806,1743
55.2833,1764
55.2861,1783
55.2889,1792
55.2917,1790
55.2944,1777
55.2972,1767
55.3000,1753
55.3028,1760
55.3056,1796
55.3083,1820
55.3111,1815
55.3139,1806
55.3167,1795
55.3194,1799
55.3222,1818
55.3250,1838
55.3278,1853
55.3306,1858
55.3333,1840
55.3361,1819
55.3389,1808
55.3417,1822
55.3444,1859
55.3472,1880
55.3500,1909
55.3528,1913
55.3556,1904
55.3583,1888
55.3611,1887
55.3639,1899
55.3667,1924
55.3694,1964
55.3722,1965
55.3750,1962
55.3778,1965
55.3806,1972
55.3833,1996
55.3861,2029
55.3889,2064
55.3917,2094
55.3944,2092
55.3972,2089
55.4000,2036
55.4028,2054
55.4056,2043
55.4083,2037
55.4111,2015
55.4139,1981
55.4167,1957
55.4194,1913
55.4222,1890
55.4250,1890
55.4278,1869
55.4306,1846
55.4333,1820
55.4361,1786
55.4389,1772
55.4417,1782
55.4444,1794
55.4472,1815
55.4500,1819
55.4528,1789
55.4556,1762
55.4583,1738
55.4611,1729
55.4639,1747
55.4667,1766
55.4694,1777
55.4722,1773
55.4750,1751
55.4778,1757
55.4806,1754
55.4833,1751
55.4861,1759
55.4889,1761
55.4917,1775
55.4944,1776
55.4972,1779
55.5000,1783
55.5028,1789
55.5056,1776
55.5083,1786
55.5111,1779
55.5139,1783
55.5167,1779
55.5194,1769
55.5222,1768
55.5250,1762
55.5278,1779
55.5306,1786
55.5333,1790
55.5361,1788
55.5389,1786
55.5417,1794
55.5444,1804
55.5472,1809
55.5500,1810
55.5528,1795
55.5556,1783
55.5583,1774
55.5611,1780
55.5639,1770
55.5667,1772
55.5694,1775
55.5722,1777
55.5750,1780
55.5778,1765
55.5806,1762
55.5833,1773
55.5861,1781
55.5889,1786
55.5917,1792
55.5944,1798
55.5972,1779
55.6000,1781
55.6028,1786
55.6056,1797
55.6083,1794
55.6111,1788
55.6139,1772
55.6167,1751
55.6194,1753
55.6222,1759
55.6250,1769
55.6278,1774
55.6306,1770
55.6333,1748
55.6361,1754
55.6389,1748
55.6417,1758
55.6444,1761
55.6472,1761
55.6500,1764
55.6528,1756
55.6556,1751
55.6583,1740
55.6611,1739
55.6639,1748
55.6667,1760
55.6694,1771
55.6722,1783
55.6750,1758
55.6778,1742
55.6806,1732
55.6833,1742
55.6861,1752
55.6889,1755
55.6917,1765
55.6944,1761
55.6972,1768
55.7000,1766
55.7028,1768
55.7056,1776
55.7083,1778
55.7111,1774
55.7139,1768
55.7167,1748
55.7194,1754
55.7222,1762
55.7250,1771
55.7278,1786
55.7306,1797
55.7333,1795
55.7361,1766
55.7389,1751
55.7417,1756
55.7444,1774
55.7472,1801
55.7500,1808
55.7528,1801
55.7556,1792
55.7583,1782
55.7611,1774
55.7639,1785
55.7667,1783
55.7694,1798
55.7722,1803
55.7750,1788
55.7778,1775
55.7806,1764
55.7833,1757
55.7861,1779
55.7889,1799
55.7917,1804
55.7944,1801
55.7972,1798
55.8000,1794
55.8028,1795
55.8056,1782
55.8083,1779
55.8111,1793
55.8139,1797
55.8167,1804
55.8194,1798
55.8222,1805
55.8250,1795
55.8278,1795
55.8306,1789
55.8333,1790
55.8361,1779
55.8389,1793
55.8417,1806
55.8444,1817
55.8472,1816
55.8500,1804
55.8528,1800
55.8556,1799
55.8583,1799
55.8611,1795
55.8639,1782
55.8667,1779
55.8694,1793
55.8722,1795
55.8750,1791
55.8778,1791
55.8806,1796
55.8833,1782
55.8861,1784
55.8889,1790
55.8917,1780
55.8944,1783
55.8972,1787
55.9000,1805
55.9028,1811
55.9056,1816
55.9083,1832
55.9111,1862
55.9139,1884
55.9167,1898
55.9194,1906
55.9222,1886
55.9250,1869
55.9278,1840
55.9306,1814
55.9333,1797
55.9361,1806
55.9389,1840
55.9417,1871
55.9444,1905
55.9472,1937
55.9500,1936
55.9528,1925
55.9556,1899
55.9583,1890
55.9611,1883
55.9639,1873
55.9667,1863
55.9694,1850
55.9722,1830
55.9750,1810
55.9778,1793
55.9806,1770
55.9833,1745
55.9861,1725
55.9889,1705
55.9917,1712
55.9944,1712
55.9972,1717
56.0000,1738
56.0028,1735
56.0056,1718
56.0083,1717
56.0111,1714
56.0139,1725
56.0167,1726
56.0194,1719
56.0222,1713
56.0250,1678
56.0278,1651
56.0306,1625
56.0333,1615
56.0361,1621
56.0389,1641
56.0417,1682
56.0444,1773
56.0472,1921
56.0500,2122
56.0528,2428
56.0556,2844
56.0583,3252
56.0611,3342
56.0639,3351
56.0667,3378
56.0694,3374
56.0722,3202
56.0750,2630
56.0778,2004
56.0806,1547
56.0833,1341
56.0861,1326
56.0889,1441
56.0917,1556
56.0944,1626
56.0972,1653
56.1000,1645
56.1028,1618
56.1056,1586
56.1083,1560
56.1111,1536
56.1139,1526
56.1167,1514
56.1194,1530
56.1222,1552
56.1250,1563
56.1278,1566
56.1306,1555
56.1333,1537
56.1361,1556
56.1389,1580
56.1417,1600
56.1444,1610
56.1472,1600
56.1500,1570
56.1528,1554
56.1556,1551
56.1583,1568
56.1611,1586
56.1639,1597
56.1667,1594
56.1694,1579
56.1722,1582
56.1750,1594
56.1778,1611
56.1806,1626
56.1833,1634
56.1861,1634
56.1889,1620
56.1917,1622
56.1944,1638
56.1972,1648
56.2000,1650
56.2028,1642
56.2056,1638
56.2083,1646
56.2111,1658
56.2139,1670
56.2167,1681
56.2194,1688
56.2222,1704
56.2250,1702
56.2278,1692
56.2306,1690
56.2333,1686
56.2361,1706
56.2389,1734
56.2417,1760
56.2444,1767
56.2472,1773
56.2500,1753
56.2528,1756
56.2556,1775
56.2583,1804
56.2611,1835
56.2639,1841
56.2667,1856
56.2694,1867
56.2722,1880
56.2750,1865
56.2778,1865
56.2806,1859
56.2833,1841
56.2861,1823
56.2889,1788
56.2917,1767
56.2944,1745
56.2972,1717
56.3000,1695
56.3028,1694
56.3056,1672
56.3083,1645
56.3111,1627
56.3139,1598
56.3167,1596
56.3194,1624
56.3222,1640
56.3250,1634
56.3278,1617
56.3306,1594
56.3333,1579
56.3361,1584
56.3389,1597
56.3417,1600
56.3444,1615
56.3472,1611
56.3500,1588
56.3528,1577
56.3556,1576
56.3583,1583
56.3611,1591
56.3639,1607
56.3667,1606
56.3694,1606
56.3722,1613
56.3750,1628
56.3778,1639
56.3806,1641
56.3833,1640
56.3861,1645
56.3889,1645
56.3917,1645
56.3944,1643
56.3972,1634
56.4000,1645
56.4028,1640
56.4056,1649
56.4083,1655
56.4111,1668
56.4139,1653
56.4167,1638
56.4194,1635
56.4222,1621
56.4250,1618
56.4278,1613
56.4306,1608
56.4333,1623
56.4361,1632
56.4389,1629
56.4417,1621
56.4444,1606
56.4472,1620
56.4500,1621
56.4528,1633
56.4556,1633
56.4583,1621
56.4611,1622
56.4639,1624
56.4667,1630
56.4694,1637
56.4722,1636
56.4750,1624
56.4778,1623
56.4806,1628
56.4833,1629
56.4861,1629
56.4889,1630
56.4917,1638
56.4944,1633
56.4972,1644
56.5000,1643
56.5028,1641
56.5056,1633
56.5083,1625
56.5111,1625
56.5139,1631
56.5167,1628
56.5194,1623
56.5222,1633
56.5250,1648
56.5278,1650
56.5306,1645
56.5333,1640
56.5361,1621
56.5389,1618
56.5417,1638
56.5444,1646
56.5472,1650
56.5500,1657
56.5528,1656
56.5556,1654
56.5583,1658
56.5611,1668
56.5639,1669
56.5667,1673
56.5694,1649
56.5722,1642
56.5750,1650
56.5778,1667
56.5806,1678
56.5833,1682
56.5861,1670
56.5889,1656
56.5917,1654
56.5944,1650
56.5972,1655
56.6000,1680
56.6028,1688
56.6056,1699
56.6083,1697
56.6111,1698
56.6139,1694
56.6167,1691
56.6194,1696
56.6222,1708
56.6250,1697
56.6278,1688
56.6306,1694
56.6333,1699
56.6361,1707
56.6389,1725
56.6417,1734
56.6444,1745
56.6472,1729
56.6500,1723
56.6528,1703
56.6556,1700
56.6583,1709
56.6611,1720
56.6639,1730
56.6667,1736
56.6694,1741
56.6722,1747
56.6750,1756
56.6778,1765
56.6806,1754
56.6833,1736
56.6861,1736
56.6889,1729
56.6917,1743
56.6944,1760
56.6972,1755
56.7000,1755
56.7028,1752
56.7056,1757
56.7083,1744
56.7111,1731
56.7139,1747
56.7167,1743
56.7194,1749
56.7222,1756
56.7250,1756
56.7278,1766
56.7306,1775
56.7333,1782
56.7361,1781
56.7389,1794
56.7417,1798
56.7444,1807
56.7472,1802
56.7500,1784
56.7528,1770
56.7556,1770
56.7583,1786
56.7611,1798
56.7639,1797
56.7667,1795
56.7694,1789
56.7722,1782
56.7750,1788
56.7778,1813
56.7806,1844
56.7833,1867
56.7861,1871
56.7889,1881
56.7917,1890
56.7944,1910
56.7972,1926
56.8000,1917
56.8028,1918
56.8056,1902
56.8083,1889
56.8111,1889
56.8139,1901
56.8167,1934
56.8194,1974
56.8222,1998
56.8250,2007
56.8278,2021
56.8306,2021
56.8333,2004
56.8361,1979
56.8389,1958
56.8417,1934
56.8444,1924
56.8472,1919
56.8500,1905
56.8528,1909
56.8556,1903
56.8583,1882
56.8611,1858
56.8639,1829
56.8667,1818
56.8694,1820
56.8722,1836
56.8750,1841
56.8778,1852
56.8806,1853
56.8833,1847
56.8861,1829
56.8889,1813
56.8917,1800
56.8944,1802
56.8972,1817
56.9000,1818
56.9028,1802
56.9056,1777
56.9083,1764
56.9111,1754
56.9139,1771
56.9167,1799
56.9194,1833
56.9222,1892
56.9250,2030
56.9278,2219
56.9306,2489
56.9333,2860
56.9361,3253
56.9389,3351
56.9417,3362
56.9444,3379
56.9472,3389
56.9500,3364
56.9528,3064
56.9556,2495
56.9583,1959
56.9611,1636
56.9639,1510
56.9667,1533
56.9694,1621
56.9722,1708
56.9750,1753
56.9778,1771
56.9806,1769
56.9833,1752
56.9861,1738
56.9889,1720
56.9917,1713
56.9944,1710
56.9972,1729
57.0000,1750
57.0028,1764
57.0056,1768
57.0083,1754
57.0111,1734
57.0139,1718
57.0167,1730
57.0194,1752
57.0222,1774
57.0250,1775
57.0278,1763
57.0306,1746
57.0333,1742
57.0361,1747
57.0389,1773
57.0417,1784
57.0444,1795
57.0472,1788
57.0500,1779
57.0528,1782
57.0556,1798
57.0583,1822
57.0611,1844
57.0639,1854
57.0667,1841
57.0694,1818
57.0722,1806
57.0750,1807
57.0778,1820
57.0806,1843
57.0833,1853
57.0861,1858
57.0889,1853
57.0917,1840
57.0944,1846
57.0972,1859
57.1000,1878
57.1028,1910
57.1056,1909
57.1083,1908
57.1111,1920
57.1139,1925
57.1167,1949
57.1194,1981
57.1222,1999
57.1250,1988
57.1278,1973
57.1306,1977
57.1333,1992
57.1361,2014
57.1389,2050
57.1417,2075
57.1444,2095
57.1472,2091
57.1500,2074
57.1528,2066
57.1556,2056
57.1583,2029
57.1611,2024
57.1639,2024
57.1667,2000
57.1694,1983
57.1722,1967
57.1750,1948
57.1778,1943
57.1806,1919
57.1833,1886
57.1861,1857
57.1889,1827
57.1917,1797
57.1944,1791
57.1972,1800
57.2000,1821
57.2028,1838
57.2056,1835
57.2083,1819
57.2111,1791
57.2139,1781
57.2167,1771
57.2194,1786
57.2222,1780
57.2250,1793
57.2278,1779
57.2306,1770
57.2333,1781
57.2361,1795
57.2389,1807
57.2417,1811
57.2444,1799
57.2472,1800
57.2500,1786
57.2528,1789
57.2556,1776
57.2583,1789
57.2611,1802
57.2639,1795
57.2667,1801
57.2694,1800
57.2722,1795
57.2750,1792
57.2778,1793
57.2806,1811
57.2833,1804
57.2861,1805
57.2889,1800
57.2917,1788
57.2944,1773
57.2972,1782
57.3000,1793
57.3028,1790
57.3056,1789
57.3083,1779
57.3111,1782
57.3139,1787
57.3167,1801
57.3194,1811
57.3222,1801
57.3250,1798
57.3278,1790
57.3306,1785
57.3333,1776
57.3361,1776
57.3389,1775
57.3417,1793
57.3444,1791
57.3472,1787
57.3500,1779
57.3528,1770
57.3556,1756
57.3583,1765
57.3611,1770
57.3639,1769
57.3667,1751
57.3694,1729
57.3722,1731
57.3750,1734
57.3778,1744
57.3806,1760
57.3833,1762
57.3861,1767
57.3889,1765
57.3917,1774
57.3944,1777
57.3972,1772
57.4000,1758
57.4028,1748
57.4056,1744
57.4083,1757
57.4111,1740
57.4139,1737
57.4167,1742
57.4194,1755
57.4222,1755
57.4250,1757
57.4278,1744
57.4306,1718
57.4333,1715
57.4361,1725
57.4389,1731
57.4417,1733
57.4444,1737
57.4472,1736
57.4500,1746
57.4528,1748
57.4556,1750
57.4583,1744
57.4611,1753
57.4639,1744
57.4667,1748
57.4694,1747
57.4722,1741
57.4750,1742
57.4778,1754
57.4806,1762
57.4833,1761
57.4861,1756
57.4889,1749
57.4917,1729
57.4944,1735
57.4972,1744
57.5000,1748
57.5028,1752
57.5056,1750
57.5083,1754
57.5111,1746
57.5139,1740
57.5167,1730
57.5194,1739
57.5222,1736
57.5250,1725
57.5278,1731
57.5306,1719
57.5333,1724
57.5361,1721
57.5389,1732
57.5417,1732
57.5444,1744
57.5472,1745
57.5500,1736
57.5528,1742
57.5556,1728
57.5583,1716
57.5611,1719
57.5639,1724
57.5667,1731
57.5694,1737
57.5722,1746
57.5750,1740
57.5778,1730
57.5806,1736
57.5833,1741
57.5861,1747
57.5889,1749
57.5917,1749
57.5944,1749
57.5972,1729
57.6000,1746
57.6028,1777
57.6056,1809
57.6083,1828
57.6111,1827
57.6139,1815
57.6167,1816
57.6194,1820
57.6222,1821
57.6250,1809
57.6278,1786
57.6306,1785
57.6333,1804
57.6361,1823
57.6389,1857
57.6417,1881
57.6444,1899
57.6472,1904
57.6500,1887
57.6528,1856
57.6556,1829
57.6583,1800
57.6611,1775
57.6639,1767
57.6667,1760
57.6694,1760
57.6722,1740
57.6750,1715
57.6778,1680
57.6806,1667
57.6833,1646
57.6861,1646
57.6889,1644
57.6917,1663
57.6944,1675
57.6972,1683
57.7000,1695
57.7028,1690
57.7056,1677
57.7083,1663
57.7111,1654
57.7139,1654
57.7167,1634
57.7194,1585
57.7222,1555
57.7250,1546
57.7278,1561
57.7306,1594
57.7333,1635
57.7361,1712
57.7389,1828
57.7417,1999
57.7444,2258
57.7472,2576
57.7500,2967
57.7528,3335
57.7556,3357
57.7583,3378
57.7611,3371
57.7639,3247
57.7667,2761
57.7694,2177
57.7722,1707
57.7750,1430
57.7778,1326
57.7806,1374
57.7833,1478
57.7861,1563
57.7889,1598
57.7917,1604
57.7944,1585
57.7972,1543
57.8000,1501
57.8028,1483
57.8056,1471
57.8083,1476
57.8111,1490
57.8139,1494
57.8167,1507
57.8194,1518
57.8222,1524
57.8250,1522
57.8278,1516
57.8306,1523
57.8333,1529
57.8361,1521
57.8389,1505
57.8417,1504
57.8444,1490
57.8472,1492
57.8500,1507
57.8528,1521
57.8556,1536
57.8583,1558
57.8611,1556
57.8639,1556
57.8667,1561
57.8694,1562
57.8722,1570
57.8750,1573
57.8778,1572
57.8806,1573
57.8833,1563
57.8861,1558
57.8889,1572
57.8917,1598
57.8944,1624
57.8972,1619
57.9000,1604
57.9028,1590
57.9056,1591
57.9083,1602
57.9111,1612
57.9139,1626
57.9167,1630
57.9194,1641
57.9222,1627
57.9250,1624
57.9278,1637
57.9306,1644
57.9333,1675
57.9361,1695
57.9389,1699
57.9417,1710
57.9444,1722
57.9472,1728
57.9500,1743
57.9528,1763
57.9556,1791
57.9583,1822
57.9611,1834
57.9639,1851
57.9667,1814
57.9694,1811
57.9722,1807
57.9750,1793
57.9778,1766
57.9806,1733
57.9833,1685
57.9861,1649
57.9889,1620
57.9917,1621
57.9944,1616
57.9972,1612
58.0000,1592
58.0028,1556
58.0056,1547
58.0083,1547
58.0111,1550
58.0139,1562
58.0167,1562
58.0194,1543
58.0222,1531
58.0250,1531
58.0278,1530
58.0306,1530
58.0333,1525
58.0361,1515
58.0389,1526
58.0417,1551
58.0444,1563
58.0472,1566
58.0500,1566
58.0528,1558
58.0556,1545
58.0583,1530
58.0611,1520
58.0639,1525
58.0667,1524
58.0694,1544
58.0722,1570
58.0750,1580
58.0778,1570
58.0806,1555
58.0833,1532
58.0861,1516
58.0889,1504
58.0917,1507
58.0944,1520
58.0972,1528
58.1000,1529
58.1028,1533
58.1056,1540
58.1083,1543
58.1111,1562
58.1139,1560
58.1167,1555
58.1194,1547
58.1222,1545
58.1250,1534
58.1278,1546
58.1306,1553
58.1333,1573
58.1361,1561
58.1389,1547
58.1417,1541
58.1444,1541
58.1472,1547
58.1500,1538
58.1528,1540
58.1556,1540
58.1583,1540
58.1611,1550
58.1639,1550
58.1667,1554
58.1694,1563
58.1722,1549
58.1750,1545
58.1778,1546
58.1806,1541
58.1833,1539
58.1861,1544
58.1889,1540
58.1917,1527
58.1944,1524
58.1972,1515
58.2000,1520
58.2028,1531
58.2056,1544
58.2083,1557
58.2111,1570
58.2139,1558
58.2167,1556
58.2194,1553
58.2222,1560
58.2250,1562
58.2278,1559
58.2306,1545
58.2333,1540
58.2361,1550
58.2389,1559
58.2417,1565
58.2444,1559
58.2472,1558
58.2500,1567
58.2528,1573
58.2556,1585
58.2583,1579
58.2611,1568
58.2639,1561
58.2667,1552
58.2694,1542
58.2722,1553
58.2750,1554
58.2778,1552
58.2806,1563
58.2833,1557
58.2861,1571
58.2889,1570
58.2917,1572
58.2944,1572
58.2972,1576
58.3000,1581
58.3028,1583
58.3056,1589
58.3083,1594
58.3111,1591
58.3139,1589
58.3167,1577
58.3194,1574
58.3222,1577
58.3250,1573
58.3278,1575
58.3306,1585
58.3333,1590
58.3361,1603
58.3389,1600
58.3417,1585
58.3444,1568
58.3472,1566
58.3500,1565
58.3528,1593
58.3556,1607
58.3583,1605
58.3611,1605
58.3639,1599
58.3667,1589
58.3694,1600
58.3722,1596
58.3750,1590
58.3778,1590
58.3806,1583
58.3833,1601
58.3861,1596
58.3889,1586
58.3917,1581
58.3944,1594
58.3972,1595
58.4000,1599
58.4028,1603
58.4056,1608
58.4083,1609
58.4111,1613
58.4139,1635
58.4167,1676
58.4194,1704
58.4222,1711
58.4250,1707
58.4278,1699
58.4306,1688
58.4333,1675
58.4361,1675
58.4389,1674
58.4417,1683
58.4444,1694
58.4472,1712
58.4500,1727
58.4528,1742
58.4556,1767
58.4583,1777
58.4611,1773
58.4639,1759
58.4667,1726
58.4694,1693
58.4722,1660
58.4750,1642
58.4778,1646
58.4806,1648
58.4833,1650
58.4861,1630
58.4889,1613
58.4917,1600
58.4944,1583
58.4972,1569
58.5000,1566
58.5028,1576
58.5056,1579
58.5083,1588
58.5111,1588
58.5139,1600
58.5167,1599
58.5194,1603
58.5222,1605
58.5250,1590
58.5278,1574
58.5306,1543
58.5333,1499
58.5361,1482
58.5389,1480
58.5417,1487
58.5444,1511
58.5472,1568
58.5500,1697
58.5528,1866
58.5556,2116
58.5583,2467
58.5611,2880
58.5639,3294
58.5667,3356
58.5694,3370
58.5722,3373
58.5750,3284
58.5778,2795
58.5806,2155
58.5833,1622
58.5861,1308
58.5889,1203
58.5917,1244
58.5944,1351
58.5972,1473
58.6000,1548
58.6028,1560
58.6056,1518
58.6083,1469
58.6111,1432
58.6139,1406
58.6167,1407
58.6194,1420
58.6222,1443
58.6250,1455
58.6278,1462
58.6306,1455
58.6333,1453
58.6361,1450
58.6389,1456
58.6417,1466
58.6444,1479
58.6472,1469
58.6500,1472
58.6528,1464
58.6556,1456
58.6583,1461
58.6611,1471
58.6639,1497
58.6667,1506
58.6694,1514
58.6722,1510
58.6750,1495
58.6778,1474
58.6806,1485
58.6833,1487
58.6861,1499
58.6889,1514
58.6917,1525
58.6944,1524
58.6972,1507
58.7000,1531
58.7028,1560
58.7056,1582
58.7083,1582
58.7111,1567
58.7139,1561
58.7167,1554
58.7194,1562
58.7222,1577
58.7250,1594
58.7278,1609
58.7306,1623
58.7333,1608
58.7361,1619
58.7389,1630
58.7417,1636
58.7444,1649
58.7472,1665
58.7500,1684
58.7528,1690
58.7556,1697
58.7583,1702
58.7611,1705
58.7639,1710
58.7667,1735
58.7694,1754
58.7722,1772
58.7750,1794
58.7778,1800
58.7806,1798
58.7833,1805
58.7861,1790
58.7889,1761
58.7917,1718
58.7944,1685
58.7972,1654
58.8000,1642
58.8028,1640
58.8056,1633
58.8083,1619
58.8111,1597
58.8139,1566
58.8167,1542
58.8194,1527
58.8222,1520
58.8250,1520
58.8278,1519
58.8306,1510
58.8333,1513
58.8361,1508
58.8389,1508
58.8417,1513
58.8444,1530
58.8472,1536
58.8500,1536
58.8528,1511
58.8556,1497
58.8583,1494
58.8611,1509
58.8639,1521
58.8667,1522
58.8694,1516
58.8722,1503
58.8750,1507
58.8778,1506
58.8806,1512
58.8833,1519
58.8861,1519
58.8889,1523
58.8917,1529
58.8944,1529
58.8972,1514
58.9000,1517
58.9028,1515
58.9056,1524
58.9083,1529
58.9111,1537
58.9139,1541
58.9167,1556
58.9194,1566
58.9222,1556
58.9250,1541
58.9278,1535
58.9306,1541
58.9333,1536
58.9361,1535
58.9389,1532
58.9417,1544
58.9444,1541
58.9472,1533
58.9500,1530
58.9528,1531
58.9556,1537
58.9583,1535
58.9611,1545
58.9639,1558
58.9667,1562
58.9694,1566
58.9722,1562
58.9750,1561
58.9778,1561
58.9806,1550
58.9833,1543
58.9861,1539
58.9889,1541
58.9917,1531
58.9944,1527
58.9972,1528
59.0000,1530
59.0028,1516
59.0056,1527
59.0083,1533
59.0111,1555
59.0139,1557
59.0167,1553
59.0194,1551
59.0222,1559
59.0250,1555
59.0278,1557
59.0306,1540
59.0333,1537
59.0361,1523
59.0389,1514
59.0417,1523
59.0444,1543
59.0472,1570
59.0500,1579
59.0528,1586
59.0556,1567
59.0583,1556
59.0611,1556
59.0639,1556
59.0667,1569
59.0694,1585
59.0722,1591
59.0750,1597
59.0778,1595
59.0806,1589
59.0833,1577
59.0861,1576
59.0889,1580
59.0917,1580
59.0944,1576
59.0972,1587
59.1000,1588
59.1028,1600
59.1056,1602
59.1083,1607
59.1111,1602
59.1139,1602
59.1167,1615
59.1194,1613
59.1222,1598
59.1250,1590
59.1278,1590
59.1306,1595
59.1333,1601
59.1361,1603
59.1389,1613
59.1417,1608
59.1444,1613
59.1472,1607
59.1500,1611
59.1528,1621
59.1556,1624
59.1583,1622
59.1611,1628
59.1639,1634
59.1667,1638
59.1694,1634
59.1722,1633
59.1750,1623
59.1778,1621
59.1806,1623
59.1833,1632
59.1861,1630
59.1889,1637
59.1917,1634
59.1944,1640
59.1972,1638
59.2000,1633
59.2028,1630
59.2056,1637
59.2083,1637
59.2111,1646
59.2139,1644
59.2167,1646
59.2194,1657
59.2222,1662
59.2250,1667
59.2278,1666
59.2306,1665
59.2333,1680
59.2361,1701
59.2389,1714
59.2417,1755
59.2444,1758
59.2472,1755
59.2500,1741
59.2528,1731
59.2556,1712
59.2583,1726
59.2611,1729
59.2639,1722
59.2667,1737
59.2694,1758
59.2722,1778
59.2750,1800
59.2778,1818
59.2806,1839
59.2833,1842
59.2861,1833
59.2889,1815
59.2917,1788
59.2944,1772
59.2972,1758
59.3000,1752
59.3028,1746
59.3056,1734
59.3083,1723
59.3111,1698
59.3139,1677
59.3167,1669
59.3194,1652
59.3222,1647
59.3250,1651
59.3278,1647
59.3306,1642
59.3333,1639
59.3361,1630
59.3389,1632
59.3417,1643
59.3444,1656
59.3472,1664
59.3500,1658
59.3528,1642
59.3556,1609
59.3583,1587
59.3611,1579
59.3639,1596
59.3667,1614
59.3694,1644
59.3722,1702
59.3750,1835
59.3778,2033
59.3806,2328
59.3833,2730
59.3861,3157
59.3889,3355
59.3917,3364
59.3944,3375
59.3972,3374
59.4000,3236
59.4028,2705
59.4056,2098
59.4083,1632
59.4111,1384
59.4139,1315
59.4167,1385
59.4194,1488
59.4222,1585
59.4250,1645
59.4278,1645
59.4306,1610
59.4333,1572
59.4361,1534
59.4389,1519
59.4417,1532
59.4444,1541
59.4472,1571
59.4500,1575
59.4528,1584
59.4556,1561
59.4583,1550
59.4611,1535
59.4639,1547
59.4667,1567
59.4694,1585
59.4722,1590
59.4750,1589
59.4778,1581
59.4806,1576
59.4833,1588
59.4861,1596
59.4889,1620
59.4917,1625
59.4944,1626
59.4972,1607
59.5000,1603
59.5028,1597
59.5056,1624
59.5083,1647
59.5111,1669
59.5139,1675
59.5167,1666
59.5194,1654
59.5222,1647
59.5250,1648
59.5278,1660
59.5306,1670
59.5333,1685
59.5361,1691
59.5389,1696
59.5417,1696
59.5444,1698
59.5472,1707
59.5500,1721
59.5528,1721
59.5556,1719
59.5583,1714
59.5611,1715
59.5639,1723
59.5667,1739
59.5694,1755
59.5722,1775
59.5750,1800
59.5778,1802
59.5806,1819
59.5833,1819
59.5861,1842
59.5889,1864
59.5917,1886
59.5944,1901
59.5972,1916
59.6000,1939
59.6028,1921
59.6056,1934
59.6083,1927
59.6111,1904
59.6139,1874
59.6167,1828
59.6194,1784
59.6222,1758
59.6250,1743
59.6278,1748
59.6306,1729
59.6333,1708
59.6361,1685
59.6389,1653
59.6417,1646
59.6444,1639
59.6472,1655
59.6500,1649
59.6528,1658
59.6556,1650
59.6583,1633
59.6611,1623
59.6639,1615
59.6667,1625
59.6694,1635
59.6722,1626
59.6750,1631
59.6778,1614
59.6806,1605
59.6833,1605
59.6861,1604
59.6889,1616
59.6917,1630
59.6944,1627
59.6972,1615
59.7000,1610
59.7028,1626
59.7056,1634
59.7083,1642
59.7111,1641
59.7139,1645
59.7167,1644
59.7194,1643
59.7222,1638
59.7250,1648
59.7278,1661
59.7306,1679
59.7333,1660
59.7361,1655
59.7389,1638
59.7417,1634
59.7444,1634
59.7472,1638
59.7500,1641
59.7528,1647
59.7556,1650
59.7583,1639
59.7611,1627
59.7639,1639
59.7667,1653
59.7694,1652
59.7722,1659
59.7750,1659
59.7778,1665
59.7806,1649
59.7833,1633
59.7861,1630
59.7889,1630
59.7917,1632
59.7944,1637
59.7972,1637
59.8000,1629
59.8028,1635
59.8056,1634
59.8083,1629
59.8111,1621
59.8139,1625
59.8167,1612
59.8194,1603
59.8222,1614
59.8250,1628
59.8278,1623
59.8306,1637
59.8333,1627
59.8361,1613
59.8389,1591
59.8417,1599
59.8444,1613
59.8472,1637
59.8500,1631
59.8528,1630
59.8556,1624
59.8583,1614
59.8611,1615
59.8639,1605
59.8667,1600
59.8694,1611
59.8722,1615
59.8750,1613
59.8778,1613
59.8806,1607
59.8833,1597
59.8861,1597
59.8889,1606
59.8917,1608
59.8944,1629
59.8972,1616
59.9000,1608
59.9028,1609
59.9056,1606
59.9083,1608
59.9111,1601
59.9139,1604
59.9167,1619
59.9194,1625
59.9222,1618
59.9250,1614
59.9278,1615
59.9306,1628
59.9333,1638
59.9361,1640
59.9389,1641
59.9417,1640
59.9444,1625
59.9472,1623
59.9500,1618
59.9528,1620
59.9556,1607
59.9583,1604
59.9611,1612
59.9639,1621
59.9667,1631
59.9694,1665
59.9722,1664
59.9750,1661
59.9778,1650
59.9806,1633
59.9833,1626
59.9861,1622
59.9889,1626
59.9917,1627
59.9944,1629
59.9972,1639
60.0000,1642
60.0028,1626
60.0056,1633
60.0083,1642
60.0111,1657
60.0139,1667
60.0167,1672
60.0194,1665
60.0222,1666
60.0250,1679
60.0278,1682
60.0306,1705
60.0333,1711
60.0361,1724
60.0389,1738
60.0417,1753
60.0444,1736
60.0472,1712
60.0500,1693
60.0528,1678
60.0556,1681
60.0583,1717
60.0611,1754
60.0639,1791
60.0667,1830
60.0694,1833
60.0722,1837
60.0750,1828
60.0778,1803
60.0806,1783
60.0833,1750
60.0861,1714
60.0889,1709
60.0917,1703
60.0944,1696
60.0972,1692
60.1000,1669
60.1028,1639
60.1056,1629
60.1083,1627
60.1111,1639
60.1139,1630
60.1167,1626
60.1194,1617
60.1222,1622
60.1250,1619
60.1278,1614
60.1306,1618
60.1333,1608
60.1361,1597
60.1389,1598
60.1417,1580
60.1444,1575
60.1472,1553
60.1500,1539
60.1528,1542
60.1556,1573
60.1583,1624
60.1611,1701
60.1639,1824
60.1667,1993
60.1694,2228
60.1722,2570
60.1750,2959
60.1778,3328
60.1806,3359
60.1833,3366
60.1861,3363
60.1889,3165
60.1917,2661
60.1944,2099
60.1972,1675
60.2000,1423
60.2028,1330
60.2056,1364
60.2083,1437
60.2111,1537
60.2139,1588
60.2167,1597
60.2194,1569
60.2222,1503
60.2250,1458
60.2278,1435
60.2306,1437
60.2333,1455
60.2361,1468
60.2389,1492
60.2417,1495
60.2444,1491
60.2472,1487
60.2500,1488
60.2528,1487
60.2556,1482
60.2583,1496
60.2611,1499
60.2639,1515
60.2667,1521
60.2694,1525
60.2722,1519
60.2750,1527
60.2778,1526
60.2806,1528
60.2833,1522
60.2861,1516
60.2889,1515
60.2917,1509
60.2944,1520
60.2972,1534
60.3000,1543
60.3028,1556
60.3056,1573
60.3083,1585
60.3111,1575
60.3139,1581
60.3167,1590
60.3194,1601
60.3222,1615
60.3250,1607
60.3278,1598
60.3306,1599
60.3333,1604
60.3361,1621
60.3389,1638
60.3417,1648
60.3444,1651
60.3472,1636
60.3500,1651
60.3528,1662
60.3556,1676
60.3583,1692
60.3611,1711
60.3639,1714
60.3667,1714
60.3694,1720
60.3722,1739
60.3750,1751
60.3778,1769
60.3806,1793
60.3833,1807
60.3861,1810
60.3889,1819
60.3917,1833
60.3944,1831
60.3972,1810
60.4000,1780
60.4028,1755
60.4056,1717
60.4083,1691
60.4111,1667
60.4139,1651
60.4167,1645
60.4194,1618
60.4222,1611
60.4250,1594
60.4278,1579
60.4306,1548
60.4333,1543
60.4361,1544
60.4389,1542
60.4417,1536
60.4444,1535
60.4472,1525
60.4500,1526
60.4528,1526
60.4556,1526
60.4583,1529
60.4611,1536
60.4639,1520
60.4667,1502
60.4694,1517
60.4722,1519
60.4750,1527
60.4778,1541
60.4806,1549
60.4833,1545
60.4861,1540
60.4889,1546
60.4917,1544
60.4944,1546
60.4972,1554
60.5000,1553
60.5028,1556
60.5056,1549
60.5083,1544
60.5111,1540
60.5139,1532
60.5167,1535
60.5194,1544
60.5222,1560
60.5250,1568
60.5278,1573
60.5306,1576
60.5333,1577
60.5361,1577
60.5389,1567
60.5417,1559
60.5444,1554
60.5472,1553
60.5500,1556
60.5528,1560
60.5556,1559
60.5583,1569
60.5611,1568
60.5639,1554
60.5667,1560
60.5694,1550
60.5722,1549
60.5750,1553
60.5778,1546
60.5806,1532
60.5833,1526
60.5861,1524
60.5889,1531
60.5917,1541
60.5944,1549
60.5972,1556
60.6000,1560
60.6028,1566
60.6056,1573
60.6083,1574
60.6111,1564
60.6139,1558
60.6167,1551
60.6194,1542
60.6222,1529
60.6250,1524
60.6278,1531
60.6306,1542
60.6333,1543
60.6361,1547
60.6389,1534
60.6417,1540
60.6444,1548
60.6472,1538
60.6500,1535
60.6528,1549
60.6556,1546
60.6583,1555
60.6611,1551
60.6639,1551
60.6667,1541
60.6694,1536
60.6722,1527
60.6750,1536
60.6778,1544
60.6806,1547
60.6833,1551
60.6861,1549
60.6889,1548
60.6917,1552
60.6944,1560
60.6972,1568
60.7000,1575
60.7028,1583
60.7056,1569
60.7083,1560
60.7111,1556
60.7139,1554
60.7167,1567
60.7194,1582
60.7222,1589
60.7250,1580
60.7278,1573
60.7306,1561
60.7333,1556
60.7361,1554
60.7389,1570
60.7417,1581
60.7444,1585
60.7472,1599
60.7500,1603
60.7528,1608
60.7556,1592
60.7583,1581
60.7611,1581
60.7639,1583
60.7667,1603
60.7694,1606
60.7722,1607
60.7750,1588
60.7778,1592
60.7806,1605
60.7833,1608
60.7861,1614
60.7889,1626
60.7917,1630
60.7944,1633
60.7972,1616
60.8000,1618
60.8028,1598
60.8056,1602
60.8083,1616
60.8111,1618
60.8139,1619
60.8167,1614
60.8194,1625
60.8222,1650
60.8250,1658
60.8278,1680
60.8306,1701
60.8333,1708
60.8361,1712
60.8389,1716
60.8417,1712
60.8444,1701
60.8472,1691
60.8500,1669
60.8528,1659
60.8556,1676
60.8583,1692
60.8611,1716
60.8639,1743
60.8667,1765
60.8694,1773
60.8722,1772
60.8750,1769
60.8778,1769
60.8806,1730
60.8833,1703
60.8861,1687
60.8889,1700
60.8917,1689
60.8944,1676
60.8972,1659
60.9000,1647
60.9028,1631
60.9056,1613
60.9083,1603
60.9111,1596
60.9139,1589
60.9167,1596
60.9194,1609
60.9222,1635
60.9250,1645
60.9278,1643
60.9306,1633
60.9333,1622
60.9361,1601
60.9389,1599
60.9417,1581
60.9444,1560
60.9472,1535
60.9500,1519
60.9528,1524
60.9556,1538
60.9583,1559
60.9611,1629
60.9639,1769
60.9667,1956
60.9694,2238
60.9722,2624
60.9750,3057
60.9778,3351
60.9806,3363
60.9833,3362
60.9861,3383
60.9889,3294
60.9917,2802
60.9944,2147
60.9972,1624
61.0000,1346
61.0028,1272
61.0056,1353
61.0083,1471
61.0111,1566
61.0139,1607
61.0167,1622
61.0194,1572
61.0222,1529
61.0250,1508
61.0278,1491
61.0306,1485
61.0333,1495
61.0361,1496
61.0389,1508
61.0417,1519
61.0444,1519
61.0472,1497
61.0500,1492
61.0528,1495
61.0556,1518
61.0583,1544
61.0611,1562
61.0639,1557
61.0667,1540
61.0694,1540
61.0722,1541
61.0750,1561
61.0778,1584
61.0806,1590
61.0833,1578
61.0861,1571
61.0889,1542
61.0917,1536
61.0944,1556
61.0972,1574
61.1000,1590
61.1028,1599
61.1056,1605
