Tiempo(s),Valor_ADC
0.0028,1963
0.0056,1644
0.0083,1494
0.0111,1471
0.0139,1522
0.0167,1575
0.0194,1625
0.0222,1646
0.0250,1614
0.0278,1547
0.0306,1497
0.0333,1470
0.0361,1467
0.0389,1492
0.0417,1520
0.0444,1506
0.0472,1465
0.0500,1402
0.0528,1351
0.0556,1351
0.0583,1377
0.0611,1398
0.0639,1399
0.0667,1382
0.0694,1367
0.0722,1352
0.0750,1322
0.0778,1308
0.0806,1308
0.0833,1332
0.0861,1375
0.0889,1405
0.0917,1375
0.0944,1322
0.0972,1291
0.1000,1316
0.1028,1349
0.1056,1352
0.1083,1319
0.1111,1267
0.1139,1219
0.1167,1201
0.1194,1200
0.1222,1210
0.1250,1202
0.1278,1176
0.1306,1169
0.1333,1192
0.1361,1230
0.1389,1280
0.1417,1320
0.1444,1324
0.1472,1274
0.1500,1175
0.1528,1088
0.1556,1050
0.1583,1073
0.1611,1115
0.1639,1145
0.1667,1148
0.1694,1128
0.1722,1096
0.1750,1108
0.1778,1141
0.1806,1173
0.1833,1185
0.1861,1167
0.1889,1149
0.1917,1118
0.1944,1081
0.1972,933
0.2000,939
0.2028,962
0.2056,948
0.2083,919
0.2111,876
0.2139,844
0.2167,835
0.2194,847
0.2222,856
0.2250,851
0.2278,857
0.2306,857
0.2333,855
0.2361,897
0.2389,939
0.2417,969
0.2444,955
0.2472,907
0.2500,844
0.2528,807
0.2556,801
0.2583,803
0.2611,798
0.2639,807
0.2667,821
0.2694,839
0.2722,833
0.2750,826
0.2778,825
0.2806,843
0.2833,872
0.2861,885
0.2889,854
0.2917,806
0.2944,779
0.2972,814
0.3000,848
0.3028,863
0.3056,840
0.3083,817
0.3111,807
0.3139,817
0.3167,866
0.3194,900
0.3222,911
0.3250,901
0.3278,866
0.3306,830
0.3333,841
0.3361,849
0.3389,874
0.3417,896
0.3444,894
0.3472,908
0.3500,910
0.3528,939
0.3556,974
0.3583,1005
0.3611,1012
0.3639,973
0.3667,930
0.3694,890
0.3722,846
0.3750,843
0.3778,864
0.3806,888
0.3833,897
0.3861,890
0.3889,872
0.3917,829
0.3944,765
0.3972,734
0.4000,766
0.4028,804
0.4056,829
0.4083,827
0.4111,844
0.4139,859
0.4167,858
0.4194,846
0.4222,843
0.4250,841
0.4278,833
0.4306,818
0.4333,807
0.4361,795
0.4389,789
0.4417,795
0.4444,867
0.4472,949
0.4500,1000
0.4528,955
0.4556,867
0.4583,759
0.4611,676
0.4639,643
0.4667,661
0.4694,699
0.4722,721
0.4750,719
0.4778,688
0.4806,676
0.4833,662
0.4861,653
0.4889,695
0.4917,735
0.4944,772
0.4972,802
0.5000,798
0.5028,772
0.5056,744
0.5083,744
0.5111,774
0.5139,815
0.5167,854
0.5194,891
0.5222,911
0.5250,911
0.5278,936
0.5306,1000
0.5333,1045
0.5361,1012
0.5389,922
0.5417,803
0.5444,752
0.5472,799
0.5500,939
0.5528,1132
0.5556,1328
0.5583,1504
0.5611,1674
0.5639,1913
0.5667,2190
0.5694,2333
0.5722,2293
0.5750,2005
0.5778,1573
0.5806,1155
0.5833,876
0.5861,781
0.5889,819
0.5917,910
0.5944,1018
0.5972,1075
0.6000,1075
0.6028,1031
0.6056,952
0.6083,893
0.6111,828
0.6139,791
0.6167,799
0.6194,819
0.6222,860
0.6250,878
0.6278,885
0.6306,895
0.6333,874
0.6361,858
0.6389,834
0.6417,833
0.6444,853
0.6472,875
0.6500,852
0.6528,820
0.6556,794
0.6583,797
0.6611,837
0.6639,871
0.6667,883
0.6694,878
0.6722,883
0.6750,890
0.6778,925
0.6806,942
0.6833,914
0.6861,871
0.6889,870
0.6917,922
0.6944,961
0.6972,988
0.7000,1000
0.7028,986
0.7056,1003
0.7083,1007
0.7111,1030
0.7139,1046
0.7167,1053
0.7194,1056
0.7222,1041
0.7250,996
0.7278,947
0.7306,906
0.7333,905
0.7361,942
0.7389,988
0.7417,1015
0.7444,984
0.7472,951
0.7500,951
0.7528,1004
0.7556,1045
0.7583,1092
0.7611,1124
0.7639,1121
0.7667,1139
0.7694,1173
0.7722,1193
0.7750,1311
0.7778,1320
0.7806,1322
0.7833,1307
0.7861,1267
0.7889,1214
0.7917,1168
0.7944,1182
0.7972,1249
0.8000,1339
0.8028,1365
0.8056,1364
0.8083,1339
0.8111,1339
0.8139,1352
0.8167,1390
0.8194,1435
0.8222,1460
0.8250,1480
0.8278,1483
0.8306,1490
0.8333,1486
0.8361,1506
0.8389,1544
0.8417,1575
0.8444,1597
0.8472,1582
0.8500,1571
0.8528,1572
0.8556,1587
0.8583,1672
0.8611,1757
0.8639,1819
0.8667,1815
0.8694,1739
0.8722,1600
0.8750,1468
0.8778,1420
0.8806,1421
0.8833,1460
0.8861,1499
0.8889,1506
0.8917,1521
0.8944,1517
0.8972,1536
0.9000,1540
0.9028,1543
0.9056,1565
0.9083,1566
0.9111,1578
0.9139,1570
0.9167,1535
0.9194,1520
0.9222,1527
0.9250,1550
0.9278,1583
0.9306,1608
0.9333,1631
0.9361,1661
0.9389,1697
0.9417,1719
0.9444,1688
0.9472,1604
0.9500,1524
0.9528,1491
0.9556,1511
0.9583,1548
0.9611,1563
0.9639,1552
0.9667,1525
0.9694,1509
0.9722,1486
0.9750,1501
0.9778,1527
0.9806,1556
0.9833,1556
0.9861,1535
0.9889,1526
0.9917,1533
0.9944,1523
0.9972,1490
1.0000,1434
1.0028,1369
1.0056,1344
1.0083,1342
1.0111,1369
1.0139,1384
1.0167,1384
1.0194,1361
1.0222,1338
1.0250,1316
1.0278,1301
1.0306,1301
1.0333,1291
1.0361,1299
1.0389,1329
1.0417,1377
1.0444,1385
1.0472,1380
1.0500,1355
1.0528,1336
1.0556,1334
1.0583,1339
1.0611,1335
1.0639,1338
1.0667,1330
1.0694,1327
1.0722,1338
1.0750,1354
1.0778,1357
1.0806,1336
1.0833,1316
1.0861,1303
1.0889,1303
1.0917,1294
1.0944,1290
1.0972,1311
1.1000,1346
1.1028,1436
1.1056,1539
1.1083,1657
1.1111,1814
1.1139,1990
1.1167,2213
1.1194,2460
1.1222,2733
1.1250,2939
1.1278,2983
1.1306,2831
1.1333,2457
1.1361,2017
1.1389,1658
1.1417,1437
1.1444,1380
1.1472,1418
1.1500,1521
1.1528,1610
1.1556,1676
1.1583,1681
1.1611,1668
1.1639,1640
1.1667,1608
1.1694,1594
1.1722,1599
1.1750,1645
1.1778,1694
1.1806,1712
1.1833,1696
1.1861,1678
1.1889,1667
1.1917,1677
1.1944,1700
1.1972,1724
1.2000,1742
1.2028,1744
1.2056,1742
1.2083,1737
1.2111,1721
1.2139,1712
1.2167,1733
1.2194,1751
1.2222,1744
1.2250,1724
1.2278,1736
1.2306,1765
1.2333,1779
1.2361,1761
1.2389,1735
1.2417,1667
1.2444,1616
1.2472,1597
1.2500,1588
1.2528,1590
1.2556,1568
1.2583,1553
1.2611,1544
1.2639,1563
1.2667,1595
1.2694,1620
1.2722,1646
1.2750,1672
1.2778,1664
1.2806,1636
1.2833,1599
1.2861,1576
1.2889,1582
1.2917,1596
1.2944,1633
1.2972,1670
1.3000,1677
1.3028,1655
1.3056,1634
1.3083,1610
1.3111,1610
1.3139,1631
1.3167,1701
1.3194,1766
1.3222,1793
1.3250,1764
1.3278,1724
1.3306,1678
1.3333,1609
1.3361,1624
1.3389,1656
1.3417,1697
1.3444,1700
1.3472,1654
1.3500,1588
1.3528,1536
1.3556,1503
1.3583,1463
1.3611,1436
1.3639,1425
1.3667,1421
1.3694,1434
1.3722,1459
1.3750,1465
1.3778,1448
1.3806,1429
1.3833,1404
1.3861,1397
1.3889,1394
1.3917,1419
1.3944,1438
1.3972,1455
1.4000,1436
1.4028,1419
1.4056,1419
1.4083,1416
1.4111,1403
1.4139,1388
1.4167,1390
1.4194,1412
1.4222,1453
1.4250,1480
1.4278,1495
1.4306,1492
1.4333,1480
1.4361,1451
1.4389,1405
1.4417,1353
1.4444,1321
1.4472,1312
1.4500,1323
1.4528,1366
1.4556,1415
1.4583,1442
1.4611,1470
1.4639,1490
1.4667,1496
1.4694,1475
1.4722,1470
1.4750,1463
1.4778,1468
1.4806,1474
1.4833,1501
1.4861,1542
1.4889,1582
1.4917,1574
1.4944,1540
1.4972,1511
1.5000,1508
1.5028,1527
1.5056,1545
1.5083,1536
1.5111,1519
1.5139,1489
1.5167,1451
1.5194,1429
1.5222,1419
1.5250,1433
1.5278,1463
1.5306,1489
1.5333,1512
1.5361,1541
1.5389,1563
1.5417,1582
1.5444,1580
1.5472,1564
1.5500,1544
1.5528,1517
1.5556,1506
1.5583,1495
1.5611,1501
1.5639,1499
1.5667,1538
1.5694,1566
1.5722,1592
1.5750,1588
1.5778,1572
1.5806,1563
1.5833,1560
1.5861,1545
1.5889,1537
1.5917,1556
1.5944,1588
1.5972,1590
1.6000,1546
1.6028,1484
1.6056,1413
1.6083,1351
1.6111,1336
1.6139,1366
1.6167,1405
1.6194,1446
1.6222,1441
1.6250,1445
1.6278,1467
1.6306,1487
1.6333,1505
1.6361,1525
1.6389,1529
1.6417,1547
1.6444,1553
1.6472,1542
1.6500,1500
1.6528,1483
1.6556,1467
1.6583,1459
1.6611,1456
1.6639,1445
1.6667,1457
1.6694,1499
1.6722,1549
1.6750,1572
1.6778,1562
1.6806,1554
1.6833,1554
1.6861,1570
1.6889,1568
1.6917,1544
1.6944,1503
1.6972,1491
1.7000,1484
1.7028,1530
1.7056,1645
1.7083,1778
1.7111,1898
1.7139,2039
1.7167,2193
1.7194,2373
1.7222,2557
1.7250,2780
1.7278,2948
1.7306,2978
1.7333,2809
1.7361,2473
1.7389,2100
1.7417,1783
1.7444,1615
1.7472,1572
1.7500,1605
1.7528,1671
1.7556,1735
1.7583,1767
1.7611,1721
1.7639,1649
1.7667,1556
1.7694,1497
1.7722,1481
1.7750,1539
1.7778,1592
1.7806,1650
1.7833,1660
1.7861,1627
1.7889,1595
1.7917,1554
1.7944,1536
1.7972,1548
1.8000,1569
1.8028,1596
1.8056,1626
1.8083,1610
1.8111,1607
1.8139,1623
1.8167,1652
1.8194,1676
1.8222,1703
1.8250,1691
1.8278,1672
1.8306,1655
1.8333,1670
1.8361,1687
1.8389,1716
1.8417,1785
1.8444,1825
1.8472,1831
1.8500,1811
1.8528,1770
1.8556,1742
1.8583,1715
1.8611,1720
1.8639,1760
1.8667,1803
1.8694,1829
1.8722,1833
1.8750,1840
1.8778,1841
1.8806,1856
1.8833,1869
1.8861,1880
1.8889,1885
1.8917,1879
1.8944,1881
1.8972,1892
1.9000,1904
1.9028,1915
1.9056,1892
1.9083,1875
1.9111,1906
1.9139,1980
1.9167,2061
1.9194,2103
1.9222,2105
1.9250,2133
1.9278,2136
1.9306,2134
1.9333,2330
1.9361,2347
1.9389,2383
1.9417,2396
1.9444,2371
1.9472,2350
1.9500,2311
1.9528,2279
1.9556,2275
1.9583,2279
1.9611,2272
1.9639,2311
1.9667,2373
1.9694,2428
1.9722,2454
1.9750,2465
1.9778,2455
1.9806,2445
1.9833,2408
1.9861,2375
1.9889,2386
1.9917,2394
1.9944,2406
1.9972,2430
2.0000,2465
2.0028,2496
2.0056,2512
2.0083,2507
2.0111,2492
2.0139,2481
2.0167,2471
2.0194,2465
2.0222,2466
2.0250,2454
2.0278,2459
2.0306,2494
2.0333,2515
2.0361,2529
2.0389,2513
2.0417,2507
2.0444,2497
2.0472,2542
2.0500,2586
2.0528,2618
2.0556,2603
2.0583,2586
2.0611,2560
2.0639,2508
2.0667,2462
2.0694,2452
2.0722,2484
2.0750,2511
2.0778,2516
2.0806,2499
2.0833,2459
2.0861,2411
2.0889,2375
2.0917,2365
2.0944,2365
2.0972,2374
2.1000,2378
2.1028,2378
2.1056,2397
2.1083,2417
2.1111,2413
2.1139,2397
2.1167,2387
2.1194,2363
2.1222,2343
2.1250,2328
2.1278,2328
2.1306,2315
2.1333,2325
2.1361,2313
2.1389,2290
2.1417,2271
2.1444,2277
2.1472,2297
2.1500,2313
2.1528,2333
2.1556,2328
2.1583,2336
2.1611,2317
2.1639,2262
2.1667,2223
2.1694,2210
2.1722,2241
2.1750,2258
2.1778,2267
2.1806,2247
2.1833,2226
2.1861,2239
2.1889,2241
2.1917,2228
2.1944,2232
2.1972,2237
2.2000,2239
2.2028,2238
2.2056,2217
2.2083,2173
2.2111,2145
2.2139,2150
2.2167,2182
2.2194,2208
2.2222,2212
2.2250,2204
2.2278,2220
2.2306,2197
2.2333,2191
2.2361,2174
2.2389,2151
2.2417,2133
2.2444,2123
2.2472,2134
2.2500,2149
2.2528,2113
2.2556,2055
2.2583,2027
2.2611,2033
2.2639,2000
2.2667,1952
2.2694,1935
2.2722,1936
2.2750,1941
2.2778,1962
2.2806,1970
2.2833,1958
2.2861,1973
2.2889,1972
2.2917,1966
2.2944,1969
2.2972,1985
2.3000,2004
2.3028,2023
2.3056,1997
2.3083,1982
2.3111,1951
2.3139,1926
2.3167,1933
2.3194,1966
2.3222,1997
2.3250,1978
2.3278,1937
2.3306,1907
2.3333,1909
2.3361,1961
2.3389,1992
2.3417,2017
2.3444,2001
2.3472,1954
2.3500,1905
2.3528,1926
2.3556,2034
2.3583,2174
2.3611,2317
2.3639,2456
2.3667,2589
2.3694,2736
2.3722,2914
2.3750,3096
2.3778,3170
2.3806,3109
2.3833,2871
2.3861,2508
2.3889,2173
2.3917,1938
2.3944,1825
2.3972,1809
2.4000,1829
2.4028,1873
2.4056,1940
2.4083,2014
2.4111,2051
2.4139,1992
2.4167,1910
2.4194,1817
2.4222,1753
2.4250,1716
2.4278,1747
2.4306,1808
2.4333,1849
2.4361,1867
2.4389,1855
2.4417,1837
2.4444,1836
2.4472,1859
2.4500,1886
2.4528,1886
2.4556,1874
2.4583,1858
2.4611,1840
2.4639,1803
2.4667,1788
2.4694,1793
2.4722,1800
2.4750,1804
2.4778,1815
2.4806,1825
2.4833,1821
2.4861,1796
2.4889,1779
2.4917,1750
2.4944,1733
2.4972,1729
2.5000,1754
2.5028,1793
2.5056,1850
2.5083,1888
2.5111,1925
2.5139,1922
2.5167,1886
2.5194,1893
2.5222,1900
2.5250,1939
2.5278,1956
2.5306,1973
2.5333,1959
2.5361,1944
2.5389,1943
2.5417,1927
2.5444,1921
2.5472,1913
2.5500,1965
2.5528,2030
2.5556,2077
2.5583,2082
2.5611,2091
2.5639,2088
2.5667,2084
2.5694,2069
2.5722,2049
2.5750,2058
2.5778,2102
2.5806,2186
2.5833,2237
2.5861,2253
2.5889,2255
2.5917,2214
2.5944,2138
2.5972,2069
2.6000,2038
2.6028,2040
2.6056,2047
2.6083,2071
2.6111,2112
2.6139,2107
2.6167,2088
2.6194,2042
2.6222,2041
2.6250,2038
2.6278,2064
2.6306,2075
2.6333,2081
2.6361,2082
2.6389,2098
2.6417,2107
2.6444,2127
2.6472,2121
2.6500,2115
2.6528,2103
2.6556,2095
2.6583,2108
2.6611,2094
2.6639,2089
2.6667,2067
2.6694,2029
2.6722,2035
2.6750,2052
2.6778,2081
2.6806,2101
2.6833,2098
2.6861,2090
2.6889,2092
2.6917,2125
2.6944,2148
2.6972,2140
2.7000,2137
2.7028,2129
2.7056,2128
2.7083,2114
2.7111,2099
2.7139,2068
2.7167,2041
2.7194,2038
2.7222,2045
2.7250,2055
2.7278,2100
2.7306,2135
2.7333,2166
2.7361,2189
2.7389,2180
2.7417,2158
2.7444,2127
2.7472,2091
2.7500,2072
2.7528,2063
2.7556,2046
2.7583,2032
2.7611,2034
2.7639,2046
2.7667,2055
2.7694,2059
2.7722,2044
2.7750,2017
2.7778,2012
2.7806,2022
2.7833,2024
2.7861,2041
2.7889,2020
2.7917,1995
2.7944,1994
2.7972,2006
2.8000,2015
2.8028,2045
2.8056,2063
2.8083,2093
2.8111,2124
2.8139,2139
2.8167,2133
2.8194,2101
2.8222,2055
2.8250,2023
2.8278,2001
2.8306,2001
2.8333,2026
2.8361,2063
2.8389,2106
2.8417,2123
2.8444,2106
2.8472,2068
2.8500,2015
2.8528,1990
2.8556,1979
2.8583,1959
2.8611,1970
2.8639,2011
2.8667,2052
2.8694,2093
2.8722,2091
2.8750,2065
2.8778,2030
2.8806,2020
2.8833,2038
2.8861,2057
2.8889,2093
2.8917,2124
2.8944,2159
2.8972,2192
2.9000,2185
2.9028,2162
2.9056,2133
2.9083,2104
2.9111,2069
2.9139,2030
2.9167,1997
2.9194,1967
2.9222,1938
2.9250,1892
2.9278,1830
2.9306,1823
2.9333,1832
2.9361,1884
2.9389,1919
2.9417,1930
2.9444,1929
2.9472,1932
2.9500,1911
2.9528,1903
2.9556,1884
2.9583,1885
2.9611,1889
2.9639,1883
2.9667,1882
2.9694,1862
2.9722,1837
2.9750,1830
2.9778,1854
2.9806,1877
2.9833,1877
2.9861,1845
2.9889,1817
2.9917,1804
2.9944,1791
2.9972,1778
3.0000,1791
3.0028,1843
3.0056,1942
3.0083,2050
3.0111,2132
3.0139,2206
3.0167,2314
3.0194,2463
3.0222,2668
3.0250,2925
3.0278,3147
3.0306,3220
3.0333,3078
3.0361,2740
3.0389,2307
3.0417,1948
3.0444,1743
3.0472,1677
3.0500,1745
3.0528,1836
3.0556,1882
3.0583,1880
3.0611,1831
3.0639,1771
3.0667,1742
3.0694,1713
3.0722,1657
3.0750,1625
3.0778,1606
3.0806,1620
3.0833,1640
3.0861,1637
3.0889,1629
3.0917,1623
3.0944,1626
3.0972,1615
3.1000,1620
3.1028,1629
3.1056,1619
3.1083,1615
3.1111,1605
3.1139,1598
3.1167,1619
3.1194,1645
3.1222,1641
3.1250,1610
3.1278,1575
3.1306,1551
3.1333,1539
3.1361,1582
3.1389,1636
3.1417,1688
3.1444,1686
3.1472,1607
3.1500,1511
3.1528,1485
3.1556,1518
3.1583,1581
3.1611,1649
3.1639,1662
3.1667,1618
3.1694,1543
3.1722,1467
3.1750,1464
3.1778,1482
3.1806,1516
3.1833,1544
3.1861,1565
3.1889,1578
3.1917,1566
3.1944,1578
3.1972,1591
3.2000,1610
3.2028,1614
3.2056,1602
3.2083,1552
3.2111,1524
3.2139,1527
3.2167,1563
3.2194,1577
3.2222,1572
3.2250,1593
3.2278,1610
3.2306,1650
3.2333,1674
3.2361,1606
3.2389,1615
3.2417,1598
3.2444,1577
3.2472,1558
3.2500,1525
3.2528,1515
3.2556,1528
3.2583,1557
3.2611,1561
3.2639,1544
3.2667,1500
3.2694,1479
3.2722,1482
3.2750,1486
3.2778,1506
3.2806,1486
3.2833,1441
3.2861,1451
3.2889,1499
3.2917,1547
3.2944,1556
3.2972,1534
3.3000,1513
3.3028,1505
3.3056,1443
3.3083,1393
3.3111,1372
3.3139,1399
3.3167,1431
3.3194,1478
3.3222,1504
3.3250,1530
3.3278,1543
3.3306,1525
3.3333,1497
3.3361,1462
3.3389,1460
3.3417,1474
3.3444,1504
3.3472,1503
3.3500,1492
3.3528,1459
3.3556,1398
3.3583,1370
3.3611,1394
3.3639,1455
3.3667,1488
3.3694,1471
3.3722,1501
3.3750,1551
3.3778,1585
3.3806,1589
3.3833,1574
3.3861,1558
3.3889,1535
3.3917,1488
3.3944,1452
3.3972,1421
3.4000,1427
3.4028,1444
3.4056,1437
3.4083,1435
3.4111,1439
3.4139,1438
3.4167,1431
3.4194,1393
3.4222,1374
3.4250,1408
3.4278,1471
3.4306,1516
3.4333,1521
3.4361,1496
3.4389,1486
3.4417,1488
3.4444,1482
3.4472,1475
3.4500,1485
3.4528,1477
3.4556,1475
3.4583,1455
3.4611,1424
3.4639,1400
3.4667,1397
3.4694,1406
3.4722,1434
3.4750,1466
3.4778,1495
3.4806,1492
3.4833,1463
3.4861,1414
3.4889,1370
3.4917,1329
3.4944,1255
3.4972,1231
3.5000,1289
3.5028,1383
3.5056,1460
3.5083,1505
3.5111,1534
3.5139,1574
3.5167,1561
3.5194,1525
3.5222,1488
3.5250,1514
3.5278,1578
3.5306,1604
3.5333,1594
3.5361,1546
3.5389,1514
3.5417,1504
3.5444,1530
3.5472,1565
3.5500,1593
3.5528,1621
3.5556,1628
3.5583,1650
3.5611,1617
3.5639,1569
3.5667,1529
3.5694,1508
3.5722,1521
3.5750,1555
3.5778,1575
3.5806,1578
3.5833,1563
3.5861,1549
3.5889,1538
3.5917,1527
3.5944,1516
3.5972,1510
3.6000,1491
3.6028,1440
3.6056,1425
3.6083,1391
3.6111,1387
3.6139,1428
3.6167,1495
3.6194,1549
3.6222,1552
3.6250,1504
3.6278,1461
3.6306,1443
3.6333,1435
3.6361,1433
3.6389,1438
3.6417,1454
3.6444,1459
3.6472,1440
3.6500,1449
3.6528,1441
3.6556,1448
3.6583,1447
3.6611,1449
3.6639,1452
3.6667,1452
3.6694,1450
3.6722,1429
3.6750,1428
3.6778,1464
3.6806,1527
3.6833,1583
3.6861,1605
3.6889,1590
3.6917,1515
3.6944,1429
3.6972,1440
3.7000,1525
3.7028,1652
3.7056,1748
3.7083,1870
3.7111,2045
3.7139,2254
3.7167,2486
3.7194,2734
3.7222,2849
3.7250,2779
3.7278,2484
3.7306,2068
3.7333,1685
3.7361,1438
3.7389,1345
3.7417,1372
3.7444,1472
3.7472,1535
3.7500,1582
3.7528,1589
3.7556,1552
3.7583,1494
3.7611,1458
3.7639,1423
3.7667,1399
3.7694,1389
3.7722,1375
3.7750,1326
3.7778,1312
3.7806,1318
3.7833,1365
3.7861,1418
3.7889,1455
3.7917,1436
3.7944,1394
3.7972,1369
3.8000,1346
3.8028,1320
3.8056,1313
3.8083,1361
3.8111,1402
3.8139,1411
3.8167,1396
3.8194,1378
3.8222,1341
3.8250,1312
3.8278,1326
3.8306,1371
3.8333,1412
3.8361,1442
3.8389,1469
3.8417,1463
3.8444,1473
3.8472,1470
3.8500,1431
3.8528,1374
3.8556,1342
3.8583,1341
3.8611,1349
3.8639,1338
3.8667,1320
3.8694,1329
3.8722,1378
3.8750,1447
3.8778,1483
3.8806,1485
3.8833,1450
3.8861,1430
3.8889,1438
3.8917,1469
3.8944,1497
3.8972,1492
3.9000,1476
3.9028,1462
3.9056,1445
3.9083,1438
3.9111,1444
3.9139,1460
3.9167,1483
3.9194,1498
3.9222,1487
3.9250,1490
3.9278,1542
3.9306,1554
3.9333,1543
3.9361,1537
3.9389,1524
3.9417,1506
3.9444,1475
3.9472,1473
3.9500,1461
3.9528,1474
3.9556,1506
3.9583,1528
3.9611,1515
3.9639,1485
3.9667,1469
3.9694,1441
3.9722,1423
3.9750,1392
3.9778,1397
3.9806,1409
3.9833,1415
3.9861,1405
3.9889,1418
3.9917,1447
3.9944,1446
3.9972,1381
4.0000,1304
4.0028,1234
4.0056,1267
4.0083,1329
4.0111,1392
4.0139,1425
4.0167,1414
4.0194,1384
4.0222,1389
4.0250,1393
4.0278,1395
4.0306,1387
4.0333,1356
4.0361,1355
4.0389,1420
4.0417,1457
4.0444,1464
4.0472,1454
4.0500,1447
4.0528,1430
4.0556,1416
4.0583,1387
4.0611,1371
4.0639,1371
4.0667,1389
4.0694,1409
4.0722,1445
4.0750,1455
4.0778,1449
4.0806,1429
4.0833,1414
4.0861,1409
4.0889,1400
4.0917,1381
4.0944,1358
4.0972,1345
4.1000,1313
4.1028,1268
4.1056,1274
4.1083,1347
4.1111,1420
4.1139,1436
4.1167,1409
4.1194,1362
4.1222,1312
4.1250,1281
4.1278,1284
4.1306,1302
4.1333,1316
4.1361,1338
4.1389,1359
4.1417,1379
4.1444,1396
4.1472,1373
4.1500,1357
4.1528,1362
4.1556,1360
4.1583,1363
4.1611,1365
4.1639,1355
4.1667,1360
4.1694,1357
4.1722,1337
4.1750,1323
4.1778,1307
4.1806,1274
4.1833,1219
4.1861,1192
4.1889,1233
4.1917,1294
4.1944,1362
4.1972,1399
4.2000,1382
4.2028,1360
4.2056,1345
4.2083,1327
4.2111,1329
4.2139,1329
4.2167,1322
4.2194,1313
4.2222,1322
4.2250,1330
4.2278,1337
4.2306,1369
4.2333,1394
4.2361,1406
4.2389,1390
4.2417,1327
4.2444,1281
4.2472,1256
4.2500,1254
4.2528,1266
4.2556,1289
4.2583,1339
4.2611,1406
4.2639,1438
4.2667,1434
4.2694,1439
4.2722,1413
4.2750,1367
4.2778,1340
4.2806,1332
4.2833,1331
4.2861,1330
4.2889,1324
4.2917,1336
4.2944,1358
4.2972,1363
4.3000,1340
4.3028,1313
4.3056,1277
4.3083,1256
4.3111,1263
4.3139,1272
4.3167,1286
4.3194,1308
4.3222,1306
4.3250,1303
4.3278,1320
4.3306,1331
4.3333,1341
4.3361,1364
4.3389,1377
4.3417,1377
4.3444,1382
4.3472,1397
4.3500,1385
4.3528,1350
4.3556,1316
4.3583,1298
4.3611,1293
4.3639,1319
4.3667,1367
4.3694,1403
4.3722,1386
4.3750,1367
4.3778,1334
4.3806,1336
4.3833,1346
4.3861,1345
4.3889,1328
4.3917,1298
4.3944,1275
4.3972,1299
4.4000,1414
4.4028,1580
4.4056,1721
4.4083,1855
4.4111,1999
4.4139,2176
4.4167,2345
4.4194,2557
4.4222,2678
4.4250,2662
4.4278,2483
4.4306,2159
4.4333,1788
4.4361,1469
4.4389,1290
4.4417,1228
4.4444,1244
4.4472,1316
4.4500,1383
4.4528,1415
4.4556,1415
4.4583,1403
4.4611,1410
4.4639,1402
4.4667,1388
4.4694,1381
4.4722,1368
4.4750,1343
4.4778,1308
4.4806,1219
4.4833,1196
4.4861,1230
4.4889,1290
4.4917,1341
4.4944,1346
4.4972,1351
4.5000,1355
4.5028,1361
4.5056,1361
4.5083,1368
4.5111,1370
4.5139,1404
4.5167,1441
4.5194,1445
4.5222,1414
4.5250,1376
4.5278,1344
4.5306,1344
4.5333,1379
4.5361,1405
4.5389,1382
4.5417,1358
4.5444,1348
4.5472,1398
4.5500,1445
4.5528,1458
4.5556,1452
4.5583,1456
4.5611,1447
4.5639,1445
4.5667,1414
4.5694,1383
4.5722,1406
4.5750,1419
4.5778,1418
4.5806,1406
4.5833,1398
4.5861,1407
4.5889,1431
4.5917,1441
4.5944,1454
4.5972,1481
4.6000,1524
4.6028,1573
4.6056,1583
4.6083,1544
4.6111,1524
4.6139,1557
4.6167,1616
4.6194,1657
4.6222,1680
4.6250,1683
4.6278,1749
4.6306,1755
4.6333,1748
4.6361,1719
4.6389,1671
4.6417,1649
4.6444,1645
4.6472,1644
4.6500,1665
4.6528,1698
4.6556,1698
4.6583,1674
4.6611,1620
4.6639,1561
4.6667,1529
4.6694,1540
4.6722,1565
4.6750,1589
4.6778,1599
4.6806,1606
4.6833,1605
4.6861,1615
4.6889,1665
4.6917,1707
4.6944,1741
4.6972,1762
4.7000,1763
4.7028,1731
4.7056,1677
4.7083,1618
4.7111,1561
4.7139,1540
4.7167,1549
4.7194,1592
4.7222,1640
4.7250,1683
4.7278,1702
4.7306,1724
4.7333,1765
4.7361,1776
4.7389,1744
4.7417,1695
4.7444,1664
4.7472,1661
4.7500,1677
4.7528,1704
4.7556,1714
4.7583,1738
4.7611,1771
4.7639,1784
4.7667,1784
4.7694,1808
4.7722,1814
4.7750,1837
4.7778,1840
4.7806,1791
4.7833,1716
4.7861,1673
4.7889,1700
4.7917,1750
4.7944,1771
4.7972,1814
4.8000,1847
4.8028,1845
4.8056,1820
4.8083,1802
4.8111,1773
4.8139,1748
4.8167,1749
4.8194,1742
4.8222,1763
4.8250,1777
4.8278,1793
4.8306,1808
4.8333,1807
4.8361,1758
4.8389,1724
4.8417,1720
4.8444,1762
4.8472,1797
4.8500,1845
4.8528,1855
4.8556,1846
4.8583,1831
4.8611,1818
4.8639,1781
4.8667,1784
4.8694,1817
4.8722,1866
4.8750,1881
4.8778,1877
4.8806,1854
4.8833,1814
4.8861,1775
4.8889,1743
4.8917,1747
4.8944,1771
4.8972,1802
4.9000,1820
4.9028,1808
4.9056,1792
4.9083,1806
4.9111,1851
4.9139,1886
4.9167,1910
4.9194,1899
4.9222,1878
4.9250,1874
4.9278,1881
4.9306,1870
4.9333,1890
4.9361,1917
4.9389,1958
4.9417,1973
4.9444,1962
4.9472,1923
4.9500,1875
4.9528,1849
4.9556,1852
4.9583,1883
4.9611,1917
4.9639,1949
4.9667,1977
4.9694,1958
4.9722,1911
4.9750,1844
4.9778,1814
4.9806,1812
4.9833,1861
4.9861,1915
4.9889,1954
4.9917,1969
4.9944,1954
4.9972,1911
5.0000,1888
5.0028,1867
5.0056,1858
5.0083,1872
5.0111,1883
5.0139,1889
5.0167,1881
5.0194,1906
5.0222,1937
5.0250,1959
5.0278,1962
5.0306,1931
5.0333,1870
5.0361,1825
5.0389,1813
5.0417,1832
5.0444,1875
5.0472,1899
5.0500,1906
5.0528,1912
5.0556,1921
5.0583,1904
5.0611,1885
5.0639,1875
5.0667,1894
5.0694,1902
5.0722,1898
5.0750,1897
5.0778,1901
5.0806,1881
5.0833,1850
5.0861,1832
5.0889,1891
5.0917,1999
5.0944,2129
5.0972,2268
5.1000,2430
5.1028,2600
5.1056,2763
5.1083,2970
5.1111,3182
5.1139,3283
5.1167,3231
5.1194,2988
5.1222,2606
5.1250,2234
5.1278,1981
5.1306,1879
5.1333,1861
5.1361,1905
5.1389,1977
5.1417,2042
5.1444,2097
5.1472,2077
5.1500,1999
5.1528,1919
5.1556,1888
5.1583,1895
5.1611,1930
5.1639,1916
5.1667,1884
5.1694,1812
5.1722,1756
5.1750,1750
5.1778,1775
5.1806,1827
5.1833,1875
5.1861,1906
5.1889,1919
5.1917,1935
5.1944,1920
5.1972,1893
5.2000,1848
5.2028,1822
5.2056,1815
5.2083,1845
5.2111,1869
5.2139,1881
5.2167,1877
5.2194,1884
5.2222,1892
5.2250,1898
5.2278,1919
5.2306,1930
5.2333,1920
5.2361,1910
5.2389,1896
5.2417,1899
5.2444,1905
5.2472,1904
5.2500,1907
5.2528,1954
5.2556,2006
5.2583,2039
5.2611,2053
5.2639,2049
5.2667,2032
5.2694,2032
5.2722,2072
5.2750,2119
5.2778,2171
5.2806,2207
5.2833,2239
5.2861,2266
5.2889,2278
5.2917,2280
5.2944,2266
5.2972,2267
5.3000,2256
5.3028,2246
5.3056,2229
5.3083,2253
5.3111,2278
5.3139,2315
5.3167,2357
5.3194,2322
5.3222,2339
5.3250,2326
5.3278,2287
5.3306,2259
5.3333,2198
5.3361,2166
5.3389,2163
5.3417,2173
5.3444,2195
5.3472,2202
5.3500,2189
5.3528,2157
5.3556,2132
5.3583,2103
5.3611,2084
5.3639,2077
5.3667,2063
5.3694,2031
5.3722,2017
5.3750,2043
5.3778,2064
5.3806,2078
5.3833,2076
5.3861,2072
5.3889,2065
5.3917,2061
5.3944,2075
5.3972,2079
5.4000,2087
5.4028,2107
5.4056,2100
5.4083,2079
5.4111,2051
5.4139,2033
5.4167,2039
5.4194,2031
5.4222,2018
5.4250,2002
5.4278,1988
5.4306,1983
5.4333,1997
5.4361,2026
5.4389,2054
5.4417,2063
5.4444,2069
5.4472,2048
5.4500,2009
5.4528,1969
5.4556,1945
5.4583,1949
5.4611,1950
5.4639,1970
5.4667,2002
5.4694,2038
5.4722,2053
5.4750,2025
5.4778,1980
5.4806,1940
5.4833,1947
5.4861,1979
5.4889,2020
5.4917,2024
5.4944,2002
5.4972,1987
5.5000,2012
5.5028,2034
5.5056,2062
5.5083,2050
5.5111,2000
5.5139,1931
5.5167,1865
5.5194,1849
5.5222,1879
5.5250,1932
5.5278,1968
5.5306,1981
5.5333,1957
5.5361,1912
5.5389,1872
5.5417,1848
5.5444,1854
5.5472,1859
5.5500,1872
5.5528,1897
5.5556,1927
5.5583,1930
5.5611,1911
5.5639,1885
5.5667,1860
5.5694,1864
5.5722,1861
5.5750,1866
5.5778,1842
5.5806,1835
5.5833,1815
5.5861,1783
5.5889,1766
5.5917,1760
5.5944,1816
5.5972,1894
5.6000,1960
5.6028,1992
5.6056,1981
5.6083,1972
5.6111,1966
5.6139,1965
5.6167,1941
5.6194,1891
5.6222,1865
5.6250,1856
5.6278,1889
5.6306,1899
5.6333,1901
5.6361,1896
5.6389,1908
5.6417,1898
5.6444,1880
5.6472,1854
5.6500,1822
5.6528,1792
5.6556,1800
5.6583,1827
5.6611,1868
5.6639,1903
5.6667,1918
5.6694,1907
5.6722,1898
5.6750,1881
5.6778,1865
5.6806,1860
5.6833,1846
5.6861,1816
5.6889,1781
5.6917,1787
5.6944,1802
5.6972,1809
5.7000,1810
5.7028,1819
5.7056,1831
5.7083,1820
5.7111,1809
5.7139,1789
5.7167,1758
5.7194,1748
5.7222,1755
5.7250,1806
5.7278,1852
5.7306,1875
5.7333,1864
5.7361,1829
5.7389,1778
5.7417,1739
5.7444,1714
5.7472,1680
5.7500,1652
5.7528,1642
5.7556,1662
5.7583,1715
5.7611,1741
5.7639,1746
5.7667,1720
5.7694,1690
5.7722,1683
5.7750,1708
5.7778,1748
5.7806,1811
5.7833,1899
5.7861,1992
5.7889,2111
5.7917,2273
5.7944,2435
5.7972,2604
5.8000,2824
5.8028,3051
5.8056,3144
5.8083,3052
5.8111,2736
5.8139,2311
5.8167,1913
5.8194,1678
5.8222,1609
5.8250,1654
5.8278,1731
5.8306,1793
5.8333,1817
5.8361,1798
5.8389,1750
5.8417,1679
5.8444,1617
5.8472,1582
5.8500,1576
5.8528,1599
5.8556,1623
5.8583,1618
5.8611,1588
5.8639,1581
5.8667,1597
5.8694,1614
5.8722,1642
5.8750,1656
5.8778,1674
5.8806,1682
5.8833,1674
5.8861,1664
5.8889,1686
5.8917,1710
5.8944,1731
5.8972,1721
5.9000,1702
5.9028,1654
5.9056,1604
5.9083,1572
5.9111,1569
5.9139,1593
5.9167,1618
5.9194,1617
5.9222,1599
5.9250,1594
5.9278,1586
5.9306,1590
5.9333,1616
5.9361,1629
5.9389,1650
5.9417,1684
5.9444,1712
5.9472,1730
5.9500,1711
5.9528,1672
5.9556,1628
5.9583,1590
5.9611,1578
5.9639,1591
5.9667,1620
5.9694,1652
5.9722,1668
5.9750,1683
5.9778,1689
5.9806,1668
5.9833,1650
5.9861,1647
5.9889,1674
5.9917,1681
5.9944,1694
5.9972,1726
6.0000,1792
6.0028,1855
6.0056,1851
6.0083,1821
6.0111,1803
6.0139,1807
6.0167,1794
6.0194,1796
6.0222,1776
6.0250,1773
6.0278,1770
6.0306,1757
6.0333,1712
6.0361,1642
6.0389,1605
6.0417,1603
6.0444,1661
6.0472,1726
6.0500,1750
6.0528,1751
6.0556,1718
6.0583,1673
6.0611,1622
6.0639,1594
6.0667,1606
6.0694,1620
6.0722,1643
6.0750,1668
6.0778,1672
6.0806,1650
6.0833,1625
6.0861,1633
6.0889,1652
6.0917,1672
6.0944,1704
6.0972,1724
6.1000,1730
6.1028,1700
6.1056,1656
6.1083,1612
6.1111,1595
6.1139,1599
6.1167,1629
6.1194,1658
6.1222,1683
6.1250,1682
6.1278,1672
6.1306,1662
6.1333,1682
6.1361,1699
6.1389,1719
6.1417,1696
6.1444,1649
6.1472,1625
6.1500,1639
6.1528,1672
6.1556,1716
6.1583,1751
6.1611,1755
6.1639,1740
6.1667,1701
6.1694,1666
6.1722,1652
6.1750,1670
6.1778,1676
6.1806,1663
6.1833,1638
6.1861,1610
6.1889,1587
6.1917,1574
6.1944,1569
6.1972,1600
6.2000,1634
6.2028,1652
6.2056,1663
6.2083,1654
6.2111,1651
6.2139,1671
6.2167,1685
6.2194,1691
6.2222,1678
6.2250,1676
6.2278,1673
6.2306,1678
6.2333,1692
6.2361,1724
6.2389,1729
6.2417,1711
6.2444,1678
6.2472,1632
6.2500,1601
6.2528,1582
6.2556,1576
6.2583,1606
6.2611,1672
6.2639,1721
6.2667,1739
6.2694,1708
6.2722,1648
6.2750,1604
6.2778,1591
6.2806,1589
6.2833,1610
6.2861,1628
6.2889,1629
6.2917,1627
6.2944,1645
6.2972,1664
6.3000,1679
6.3028,1688
6.3056,1677
6.3083,1668
6.3111,1663
6.3139,1681
6.3167,1697
6.3194,1717
6.3222,1703
6.3250,1712
6.3278,1728
6.3306,1752
6.3333,1800
6.3361,1828
6.3389,1808
6.3417,1734
6.3444,1661
6.3472,1617
6.3500,1616
6.3528,1642
6.3556,1666
6.3583,1670
6.3611,1650
6.3639,1640
6.3667,1635
6.3694,1643
6.3722,1663
6.3750,1691
6.3778,1679
6.3806,1660
6.3833,1653
6.3861,1664
6.3889,1679
6.3917,1714
6.3944,1763
6.3972,1763
6.4000,1731
6.4028,1691
6.4056,1663
6.4083,1652
6.4111,1634
6.4139,1635
6.4167,1645
6.4194,1665
6.4222,1685
6.4250,1694
6.4278,1683
6.4306,1656
6.4333,1635
6.4361,1598
6.4389,1605
6.4417,1622
6.4444,1640
6.4472,1650
6.4500,1651
6.4528,1637
6.4556,1627
6.4583,1624
6.4611,1632
6.4639,1655
6.4667,1658
6.4694,1607
6.4722,1573
6.4750,1597
6.4778,1699
6.4806,1840
6.4833,1971
6.4861,2115
6.4889,2283
6.4917,2444
6.4944,2612
6.4972,2855
6.5000,3047
6.5028,3076
6.5056,2887
6.5083,2498
6.5111,2076
6.5139,1746
6.5167,1594
6.5194,1549
6.5222,1590
6.5250,1651
6.5278,1712
6.5306,1747
6.5333,1739
6.5361,1700
6.5389,1634
6.5417,1577
6.5444,1537
6.5472,1533
6.5500,1550
6.5528,1569
6.5556,1574
6.5583,1560
6.5611,1544
6.5639,1547
6.5667,1566
6.5694,1574
6.5722,1573
6.5750,1578
6.5778,1584
6.5806,1603
6.5833,1611
6.5861,1614
6.5889,1632
6.5917,1655
6.5944,1669
6.5972,1659
6.6000,1660
6.6028,1672
6.6056,1681
6.6083,1656
6.6111,1636
6.6139,1638
6.6167,1643
6.6194,1659
6.6222,1676
6.6250,1671
6.6278,1660
6.6306,1647
6.6333,1639
6.6361,1629
6.6389,1622
6.6417,1597
6.6444,1574
6.6472,1582
6.6500,1612
6.6528,1636
6.6556,1637
6.6583,1623
6.6611,1609
6.6639,1615
6.6667,1649
6.6694,1697
6.6722,1729
6.6750,1736
6.6778,1732
6.6806,1737
6.6833,1733
6.6861,1739
6.6889,1744
6.6917,1739
6.6944,1714
6.6972,1701
6.7000,1700
6.7028,1690
6.7056,1723
6.7083,1733
6.7111,1732
6.7139,1702
6.7167,1695
6.7194,1717
6.7222,1729
6.7250,1738
6.7278,1714
6.7306,1685
6.7333,1654
6.7361,1635
6.7389,1594
6.7417,1549
6.7444,1542
6.7472,1578
6.7500,1629
6.7528,1673
6.7556,1691
6.7583,1698
6.7611,1701
6.7639,1665
6.7667,1634
6.7694,1633
6.7722,1645
6.7750,1661
6.7778,1654
6.7806,1607
6.7833,1579
6.7861,1573
6.7889,1606
6.7917,1650
6.7944,1678
6.7972,1693
6.8000,1692
6.8028,1679
6.8056,1692
6.8083,1707
6.8111,1697
6.8139,1699
6.8167,1683
6.8194,1647
6.8222,1625
6.8250,1640
6.8278,1684
6.8306,1716
6.8333,1724
6.8361,1705
6.8389,1635
6.8417,1585
6.8444,1601
6.8472,1624
6.8500,1644
6.8528,1665
6.8556,1677
6.8583,1667
6.8611,1649
6.8639,1629
6.8667,1621
6.8694,1648
6.8722,1676
6.8750,1698
6.8778,1745
6.8806,1785
6.8833,1781
6.8861,1726
6.8889,1650
6.8917,1605
6.8944,1592
6.8972,1610
6.9000,1649
6.9028,1684
6.9056,1702
6.9083,1688
6.9111,1631
6.9139,1593
6.9167,1581
6.9194,1593
6.9222,1599
6.9250,1613
6.9278,1619
6.9306,1630
6.9333,1628
6.9361,1608
6.9389,1599
6.9417,1603
6.9444,1606
6.9472,1624
6.9500,1629
6.9528,1626
6.9556,1601
6.9583,1571
6.9611,1573
6.9639,1581
6.9667,1611
6.9694,1649
6.9722,1687
6.9750,1725
6.9778,1713
6.9806,1680
6.9833,1620
6.9861,1595
6.9889,1628
6.9917,1676
6.9944,1697
6.9972,1691
7.0000,1660
7.0028,1633
7.0056,1634
7.0083,1623
7.0111,1614
7.0139,1613
7.0167,1622
7.0194,1612
7.0222,1626
7.0250,1633
7.0278,1622
7.0306,1616
7.0333,1605
7.0361,1611
7.0389,1672
7.0417,1718
7.0444,1729
7.0472,1718
7.0500,1681
7.0528,1655
7.0556,1631
7.0583,1636
7.0611,1653
7.0639,1683
7.0667,1697
7.0694,1680
7.0722,1651
7.0750,1639
7.0778,1603
7.0806,1573
7.0833,1527
7.0861,1482
7.0889,1482
7.0917,1522
7.0944,1567
7.0972,1593
7.1000,1604
7.1028,1606
7.1056,1608
7.1083,1627
7.1111,1636
7.1139,1629
7.1167,1603
7.1194,1562
7.1222,1529
7.1250,1520
7.1278,1534
7.1306,1539
7.1333,1534
7.1361,1552
7.1389,1560
7.1417,1553
7.1444,1542
7.1472,1530
7.1500,1537
7.1528,1558
7.1556,1580
7.1583,1575
7.1611,1555
7.1639,1551
7.1667,1571
7.1694,1667
7.1722,1797
7.1750,1933
7.1778,2069
7.1806,2193
7.1833,2313
7.1861,2508
7.1889,2765
7.1917,2930
7.1944,2897
7.1972,2656
7.2000,2241
7.2028,1853
7.2056,1608
7.2083,1535
7.2111,1569
7.2139,1611
7.2167,1649
7.2194,1655
7.2222,1668
7.2250,1656
7.2278,1626
7.2306,1583
7.2333,1549
7.2361,1532
7.2389,1522
7.2417,1520
7.2444,1515
7.2472,1523
7.2500,1532
7.2528,1556
7.2556,1564
7.2583,1603
7.2611,1629
7.2639,1631
7.2667,1580
7.2694,1501
7.2722,1434
7.2750,1420
7.2778,1465
7.2806,1555
7.2833,1665
7.2861,1713
7.2889,1698
7.2917,1645
7.2944,1619
7.2972,1584
7.3000,1589
7.3028,1593
7.3056,1604
7.3083,1604
7.3111,1622
7.3139,1633
7.3167,1652
7.3194,1647
7.3222,1625
7.3250,1579
7.3278,1536
7.3306,1502
7.3333,1512
7.3361,1523
7.3389,1533
7.3417,1568
7.3444,1610
7.3472,1640
7.3500,1664
7.3528,1697
7.3556,1714
7.3583,1705
7.3611,1700
7.3639,1698
7.3667,1685
7.3694,1663
7.3722,1649
7.3750,1672
7.3778,1675
7.3806,1687
7.3833,1682
7.3861,1644
7.3889,1628
7.3917,1678
7.3944,1746
7.3972,1858
7.4000,1856
7.4028,1848
7.4056,1842
7.4083,1842
7.4111,1831
7.4139,1795
7.4167,1800
7.4194,1814
7.4222,1854
7.4250,1874
7.4278,1851
7.4306,1821
7.4333,1799
7.4361,1798
7.4389,1831
7.4417,1841
7.4444,1831
7.4472,1809
7.4500,1808
7.4528,1844
7.4556,1883
7.4583,1905
7.4611,1887
7.4639,1866
7.4667,1849
7.4694,1818
7.4722,1788
7.4750,1760
7.4778,1741
7.4806,1755
7.4833,1779
7.4861,1778
7.4889,1766
7.4917,1748
7.4944,1728
7.4972,1719
7.5000,1738
7.5028,1750
7.5056,1739
7.5083,1772
7.5111,1807
7.5139,1845
7.5167,1836
7.5194,1802
7.5222,1751
7.5250,1701
7.5278,1674
7.5306,1652
7.5333,1678
7.5361,1727
7.5389,1788
7.5417,1847
7.5444,1865
7.5472,1851
7.5500,1800
7.5528,1741
7.5556,1679
7.5583,1630
7.5611,1605
7.5639,1618
7.5667,1659
7.5694,1711
7.5722,1747
7.5750,1737
7.5778,1688
7.5806,1656
7.5833,1680
7.5861,1739
7.5889,1787
7.5917,1793
7.5944,1743
7.5972,1655
7.6000,1567
7.6028,1549
7.6056,1589
7.6083,1642
7.6111,1680
7.6139,1683
7.6167,1693
7.6194,1699
7.6222,1688
7.6250,1663
7.6278,1645
7.6306,1619
7.6333,1590
7.6361,1588
7.6389,1600
7.6417,1624
7.6444,1641
7.6472,1628
7.6500,1623
7.6528,1616
7.6556,1617
7.6583,1644
7.6611,1693
7.6639,1709
7.6667,1691
7.6694,1636
7.6722,1607
7.6750,1607
7.6778,1615
7.6806,1618
7.6833,1593
7.6861,1569
7.6889,1543
7.6917,1569
7.6944,1595
7.6972,1604
7.7000,1591
7.7028,1562
7.7056,1559
7.7083,1569
7.7111,1591
7.7139,1610
7.7167,1611
7.7194,1627
7.7222,1633
7.7250,1619
7.7278,1604
7.7306,1589
7.7333,1572
7.7361,1560
7.7389,1559
7.7417,1567
7.7444,1591
7.7472,1617
7.7500,1611
7.7528,1574
7.7556,1531
7.7583,1493
7.7611,1469
7.7639,1479
7.7667,1488
7.7694,1524
7.7722,1550
7.7750,1567
7.7778,1561
7.7806,1543
7.7833,1527
7.7861,1501
7.7889,1492
7.7917,1508
7.7944,1543
7.7972,1573
7.8000,1635
7.8028,1668
7.8056,1658
7.8083,1613
7.8111,1544
7.8139,1491
7.8167,1474
7.8194,1467
7.8222,1460
7.8250,1477
7.8278,1524
7.8306,1566
7.8333,1646
7.8361,1735
7.8389,1822
7.8417,1919
7.8444,2007
7.8472,2127
7.8500,2276
7.8528,2449
7.8556,2639
7.8583,2731
7.8611,2660
7.8639,2399
7.8667,2014
7.8694,1676
7.8722,1490
7.8750,1463
7.8778,1491
7.8806,1543
7.8833,1570
7.8861,1615
7.8889,1646
7.8917,1662
7.8944,1609
7.8972,1501
7.9000,1407
7.9028,1378
7.9056,1394
7.9083,1446
7.9111,1518
7.9139,1547
7.9167,1504
7.9194,1436
7.9222,1365
7.9250,1324
7.9278,1352
7.9306,1412
7.9333,1489
7.9361,1534
7.9389,1536
7.9417,1551
7.9444,1568
7.9472,1551
7.9500,1521
7.9528,1500
7.9556,1505
7.9583,1533
7.9611,1574
7.9639,1593
7.9667,1584
7.9694,1542
7.9722,1522
7.9750,1517
7.9778,1541
7.9806,1556
7.9833,1576
7.9861,1590
7.9889,1572
7.9917,1538
7.9944,1503
7.9972,1489
8.0000,1483
8.0028,1476
8.0056,1481
8.0083,1474
8.0111,1447
8.0139,1463
8.0167,1477
8.0194,1512
8.0222,1544
8.0250,1601
8.0278,1641
8.0306,1642
8.0333,1618
8.0361,1570
8.0389,1528
8.0417,1512
8.0444,1501
8.0472,1515
8.0500,1569
8.0528,1643
8.0556,1735
8.0583,1766
8.0611,1743
8.0639,1716
8.0667,1730
8.0694,1709
8.0722,1657
8.0750,1588
8.0778,1549
8.0806,1531
8.0833,1532
8.0861,1562
8.0889,1586
8.0917,1607
8.0944,1590
8.0972,1561
8.1000,1556
8.1028,1572
8.1056,1602
8.1083,1643
8.1111,1662
8.1139,1666
8.1167,1660
8.1194,1639
8.1222,1638
8.1250,1603
8.1278,1568
8.1306,1524
8.1333,1504
8.1361,1486
8.1389,1526
8.1417,1593
8.1444,1634
8.1472,1632
8.1500,1610
8.1528,1554
8.1556,1524
8.1583,1507
8.1611,1522
8.1639,1590
8.1667,1641
8.1694,1664
8.1722,1651
8.1750,1651
8.1778,1644
8.1806,1652
8.1833,1654
8.1861,1651
8.1889,1635
8.1917,1636
8.1944,1642
8.1972,1624
8.2000,1606
8.2028,1607
8.2056,1630
8.2083,1649
8.2111,1647
8.2139,1629
8.2167,1615
8.2194,1565
8.2222,1536
8.2250,1568
8.2278,1610
8.2306,1641
8.2333,1648
8.2361,1627
8.2389,1613
8.2417,1610
8.2444,1606
8.2472,1587
8.2500,1563
8.2528,1562
8.2556,1590
8.2583,1618
8.2611,1630
8.2639,1625
8.2667,1623
8.2694,1607
8.2722,1593
8.2750,1577
8.2778,1557
8.2806,1575
8.2833,1601
8.2861,1641
8.2889,1679
8.2917,1714
8.2944,1724
8.2972,1701
8.3000,1671
8.3028,1619
8.3056,1578
8.3083,1589
8.3111,1612
8.3139,1618
8.3167,1623
8.3194,1676
8.3222,1701
8.3250,1707
8.3278,1693
8.3306,1657
8.3333,1625
8.3361,1609
8.3389,1611
8.3417,1651
8.3444,1682
8.3472,1703
8.3500,1711
8.3528,1715
8.3556,1703
8.3583,1672
8.3611,1645
8.3639,1621
8.3667,1620
8.3694,1621
8.3722,1632
8.3750,1656
8.3778,1616
8.3806,1574
8.3833,1527
8.3861,1524
8.3889,1546
8.3917,1560
8.3944,1544
8.3972,1567
8.4000,1599
8.4028,1619
8.4056,1625
8.4083,1670
8.4111,1701
8.4139,1701
8.4167,1683
8.4194,1666
8.4222,1681
8.4250,1711
8.4278,1718
8.4306,1695
8.4333,1616
8.4361,1559
8.4389,1543
8.4417,1561
8.4444,1583
8.4472,1602
8.4500,1613
8.4528,1617
8.4556,1656
8.4583,1683
8.4611,1686
8.4639,1653
8.4667,1662
8.4694,1733
8.4722,1819
8.4750,1924
8.4778,2075
8.4806,2247
8.4833,2412
8.4861,2549
8.4889,2713
8.4917,2833
8.4944,2860
8.4972,2709
8.5000,2386
8.5028,2016
8.5056,1720
8.5083,1576
8.5111,1531
8.5139,1526
8.5167,1605
8.5194,1709
8.5222,1753
8.5250,1716
8.5278,1667
8.5306,1653
8.5333,1651
8.5361,1621
8.5389,1606
8.5417,1640
8.5444,1709
8.5472,1735
8.5500,1692
8.5528,1621
8.5556,1585
8.5583,1577
8.5611,1566
8.5639,1544
8.5667,1538
8.5694,1552
8.5722,1612
8.5750,1678
8.5778,1698
8.5806,1705
8.5833,1700
8.5861,1645
8.5889,1565
8.5917,1499
8.5944,1523
8.5972,1560
8.6000,1621
8.6028,1659
8.6056,1668
8.6083,1670
8.6111,1642
8.6139,1610
8.6167,1590
8.6194,1614
8.6222,1664
8.6250,1684
8.6278,1666
8.6306,1631
8.6333,1625
8.6361,1632
8.6389,1637
8.6417,1620
8.6444,1604
8.6472,1607
8.6500,1608
8.6528,1627
8.6556,1633
8.6583,1660
8.6611,1685
8.6639,1704
8.6667,1699
8.6694,1698
8.6722,1695
8.6750,1668
8.6778,1635
8.6806,1658
8.6833,1725
8.6861,1815
8.6889,1858
8.6917,1837
8.6944,1761
8.6972,1805
8.7000,1805
8.7028,1813
8.7056,1818
8.7083,1791
8.7111,1728
8.7139,1639
8.7167,1592
8.7194,1593
8.7222,1595
8.7250,1598
8.7278,1617
8.7306,1616
8.7333,1642
8.7361,1712
8.7389,1756
8.7417,1768
8.7444,1741
8.7472,1698
8.7500,1686
8.7528,1668
8.7556,1678
8.7583,1710
8.7611,1722
8.7639,1720
8.7667,1703
8.7694,1671
8.7722,1617
8.7750,1588
8.7778,1587
8.7806,1610
8.7833,1616
8.7861,1642
8.7889,1682
8.7917,1689
8.7944,1664
8.7972,1641
8.8000,1628
8.8028,1662
8.8056,1712
8.8083,1747
8.8111,1756
8.8139,1732
8.8167,1707
8.8194,1684
8.8222,1682
8.8250,1672
8.8278,1653
8.8306,1648
8.8333,1666
8.8361,1692
8.8389,1702
8.8417,1714
8.8444,1719
8.8472,1732
8.8500,1736
8.8528,1731
8.8556,1686
8.8583,1651
8.8611,1642
8.8639,1662
8.8667,1660
8.8694,1655
8.8722,1647
8.8750,1669
8.8778,1647
8.8806,1581
8.8833,1530
8.8861,1507
8.8889,1533
8.8917,1576
8.8944,1619
8.8972,1615
8.9000,1585
8.9028,1593
8.9056,1635
8.9083,1651
8.9111,1620
8.9139,1597
8.9167,1581
8.9194,1594
8.9222,1638
8.9250,1717
8.9278,1766
8.9306,1794
8.9333,1772
8.9361,1692
8.9389,1631
8.9417,1593
8.9444,1560
8.9472,1541
8.9500,1562
8.9528,1585
8.9556,1584
8.9583,1561
8.9611,1559
8.9639,1559
8.9667,1565
8.9694,1606
8.9722,1658
8.9750,1671
8.9778,1622
8.9806,1532
8.9833,1497
8.9861,1520
8.9889,1543
8.9917,1565
8.9944,1589
8.9972,1592
9.0000,1580
9.0028,1570
9.0056,1533
9.0083,1506
9.0111,1510
9.0139,1514
9.0167,1525
9.0194,1523
9.0222,1551
9.0250,1609
9.0278,1642
9.0306,1655
9.0333,1619
9.0361,1576
9.0389,1540
9.0417,1498
9.0444,1501
9.0472,1521
9.0500,1501
9.0528,1522
9.0556,1563
9.0583,1585
9.0611,1606
9.0639,1611
9.0667,1586
9.0694,1555
9.0722,1526
9.0750,1508
9.0778,1524
9.0806,1509
9.0833,1482
9.0861,1480
9.0889,1496
9.0917,1519
9.0944,1547
9.0972,1600
9.1000,1689
9.1028,1806
9.1056,1935
9.1083,2056
9.1111,2197
9.1139,2368
9.1167,2609
9.1194,2889
9.1222,3076
9.1250,3081
9.1278,2878
9.1306,2476
9.1333,2008
9.1361,1663
9.1389,1508
9.1417,1495
9.1444,1536
9.1472,1605
9.1500,1649
9.1528,1627
9.1556,1592
9.1583,1577
9.1611,1535
9.1639,1479
9.1667,1466
9.1694,1484
9.1722,1479
9.1750,1458
9.1778,1442
9.1806,1438
9.1833,1442
9.1861,1475
9.1889,1506
9.1917,1553
9.1944,1567
9.1972,1545
9.2000,1469
9.2028,1422
9.2056,1395
9.2083,1423
9.2111,1448
9.2139,1481
9.2167,1459
9.2194,1407
9.2222,1380
9.2250,1360
9.2278,1394
9.2306,1435
9.2333,1450
9.2361,1497
9.2389,1551
9.2417,1589
9.2444,1583
9.2472,1504
9.2500,1415
9.2528,1396
9.2556,1441
9.2583,1508
9.2611,1544
9.2639,1544
9.2667,1568
9.2694,1592
9.2722,1601
9.2750,1566
9.2778,1506
9.2806,1462
9.2833,1422
9.2861,1397
9.2889,1434
9.2917,1480
9.2944,1551
9.2972,1628
9.3000,1655
9.3028,1648
9.3056,1635
9.3083,1625
9.3111,1605
9.3139,1581
9.3167,1588
9.3194,1611
9.3222,1648
9.3250,1643
9.3278,1729
9.3306,1724
9.3333,1728
9.3361,1700
9.3389,1682
9.3417,1656
9.3444,1610
9.3472,1543
9.3500,1514
9.3528,1548
9.3556,1580
9.3583,1556
9.3611,1526
9.3639,1512
9.3667,1527
9.3694,1534
9.3722,1520
9.3750,1536
9.3778,1574
9.3806,1610
9.3833,1605
9.3861,1591
9.3889,1591
9.3917,1601
9.3944,1594
9.3972,1604
9.4000,1630
9.4028,1662
9.4056,1681
9.4083,1689
9.4111,1663
9.4139,1598
9.4167,1555
9.4194,1511
9.4222,1490
9.4250,1499
9.4278,1519
9.4306,1529
9.4333,1550
9.4361,1566
9.4389,1541
9.4417,1523
9.4444,1487
9.4472,1510
9.4500,1556
9.4528,1575
9.4556,1564
9.4583,1518
9.4611,1533
9.4639,1588
9.4667,1631
9.4694,1631
9.4722,1622
9.4750,1635
9.4778,1642
9.4806,1621
9.4833,1627
9.4861,1660
9.4889,1683
9.4917,1680
9.4944,1633
9.4972,1629
9.5000,1680
9.5028,1701
9.5056,1677
9.5083,1603
9.5111,1531
9.5139,1520
9.5167,1540
9.5194,1552
9.5222,1561
9.5250,1553
9.5278,1562
9.5306,1585
9.5333,1615
9.5361,1647
9.5389,1652
9.5417,1606
9.5444,1582
9.5472,1594
9.5500,1627
9.5528,1663
9.5556,1708
9.5583,1725
9.5611,1703
9.5639,1685
9.5667,1651
9.5694,1636
9.5722,1625
9.5750,1622
9.5778,1635
9.5806,1603
9.5833,1596
9.5861,1603
9.5889,1630
9.5917,1654
9.5944,1670
9.5972,1672
9.6000,1655
9.6028,1618
9.6056,1594
9.6083,1553
9.6111,1548
9.6139,1598
9.6167,1610
9.6194,1611
9.6222,1594
9.6250,1589
9.6278,1586
9.6306,1577
9.6333,1567
9.6361,1563
9.6389,1562
9.6417,1546
9.6444,1511
9.6472,1490
9.6500,1492
9.6528,1505
9.6556,1540
9.6583,1580
9.6611,1631
9.6639,1663
9.6667,1641
9.6694,1617
9.6722,1610
9.6750,1582
9.6778,1564
9.6806,1564
9.6833,1574
9.6861,1577
9.6889,1549
9.6917,1502
9.6944,1461
9.6972,1436
9.7000,1442
9.7028,1422
9.7056,1412
9.7083,1431
9.7111,1476
9.7139,1546
9.7167,1573
9.7194,1534
9.7222,1481
9.7250,1486
9.7278,1527
9.7306,1632
9.7333,1785
9.7361,1946
9.7389,2116
9.7417,2289
9.7444,2481
9.7472,2700
9.7500,2863
9.7528,2883
9.7556,2707
9.7583,2347
9.7611,1930
9.7639,1619
9.7667,1451
9.7694,1435
9.7722,1469
9.7750,1511
9.7778,1558
9.7806,1582
9.7833,1589
9.7861,1543
9.7889,1473
9.7917,1408
9.7944,1365
9.7972,1384
9.8000,1441
9.8028,1457
9.8056,1430
9.8083,1387
9.8111,1395
9.8139,1415
9.8167,1470
9.8194,1507
9.8222,1500
9.8250,1478
9.8278,1483
9.8306,1490
9.8333,1480
9.8361,1476
9.8389,1450
9.8417,1394
9.8444,1387
9.8472,1448
9.8500,1470
9.8528,1495
9.8556,1496
9.8583,1479
9.8611,1470
9.8639,1475
9.8667,1468
9.8694,1429
9.8722,1395
9.8750,1418
9.8778,1457
9.8806,1498
9.8833,1528
9.8861,1510
9.8889,1461
9.8917,1422
9.8944,1464
9.8972,1511
9.9000,1533
9.9028,1499
9.9056,1495
9.9083,1486
9.9111,1492
9.9139,1498
9.9167,1506
9.9194,1512
9.9222,1521
9.9250,1553
9.9278,1593
9.9306,1618
9.9333,1612
9.9361,1599
9.9389,1570
9.9417,1549
9.9444,1549
9.9472,1582
9.9500,1607
9.9528,1619
9.9556,1757
9.9583,1748
9.9611,1680
9.9639,1628
9.9667,1592
9.9694,1543
9.9722,1490
9.9750,1456
9.9778,1446
9.9806,1486
9.9833,1548
9.9861,1581
9.9889,1570
9.9917,1526
9.9944,1472
9.9972,1441
10.0000,1463
10.0028,1500
10.0056,1526
10.0083,1522
10.0111,1505
10.0139,1501
10.0167,1474
10.0194,1470
10.0222,1492
10.0250,1492
10.0278,1494
10.0306,1533
10.0333,1549
10.0361,1560
10.0389,1553
10.0417,1542
10.0444,1539
10.0472,1529
10.0500,1505
10.0528,1442
10.0556,1404
10.0583,1420
10.0611,1440
10.0639,1463
10.0667,1454
10.0694,1429
10.0722,1425
10.0750,1461
10.0778,1494
10.0806,1519
10.0833,1531
10.0861,1513
10.0889,1444
10.0917,1399
10.0944,1395
10.0972,1442
10.1000,1493
10.1028,1527
10.1056,1536
10.1083,1519
10.1111,1511
10.1139,1520
10.1167,1513
10.1194,1503
10.1222,1475
10.1250,1448
10.1278,1440
10.1306,1463
10.1333,1482
10.1361,1472
10.1389,1467
10.1417,1485
10.1444,1477
10.1472,1463
10.1500,1445
10.1528,1451
10.1556,1430
10.1583,1423
10.1611,1450
10.1639,1453
10.1667,1448
10.1694,1451
10.1722,1453
10.1750,1450
10.1778,1486
10.1806,1523
10.1833,1519
10.1861,1464
10.1889,1433
10.1917,1420
10.1944,1402
10.1972,1383
10.2000,1377
10.2028,1377
10.2056,1366
10.2083,1360
10.2111,1378
10.2139,1416
10.2167,1422
10.2194,1426
10.2222,1464
10.2250,1494
10.2278,1527
10.2306,1589
10.2333,1625
10.2361,1614
10.2389,1581
10.2417,1539
10.2444,1495
10.2472,1486
10.2500,1467
10.2528,1451
10.2556,1417
10.2583,1388
10.2611,1376
10.2639,1381
10.2667,1430
10.2694,1463
10.2722,1478
10.2750,1471
10.2778,1476
10.2806,1469
10.2833,1465
10.2861,1434
10.2889,1415
10.2917,1382
10.2944,1392
10.2972,1448
10.3000,1492
10.3028,1519
10.3056,1525
10.3083,1512
10.3111,1468
10.3139,1409
10.3167,1370
10.3194,1366
10.3222,1405
10.3250,1441
10.3278,1483
10.3306,1481
10.3333,1465
10.3361,1441
10.3389,1446
10.3417,1439
10.3444,1429
10.3472,1416
10.3500,1413
10.3528,1385
10.3556,1353
10.3583,1344
10.3611,1380
10.3639,1434
10.3667,1443
10.3694,1426
10.3722,1377
10.3750,1356
10.3778,1352
10.3806,1371
10.3833,1423
10.3861,1476
10.3889,1499
10.3917,1504
10.3944,1456
10.3972,1409
10.4000,1408
10.4028,1453
10.4056,1557
10.4083,1690
10.4111,1826
10.4139,1929
10.4167,2048
10.4194,2196
10.4222,2358
10.4250,2546
10.4278,2703
10.4306,2753
10.4333,2614
10.4361,2290
10.4389,1925
10.4417,1619
10.4444,1437
10.4472,1380
10.4500,1407
10.4528,1467
10.4556,1519
10.4583,1556
10.4611,1573
10.4639,1528
10.4667,1458
10.4694,1376
10.4722,1331
10.4750,1344
10.4778,1412
10.4806,1467
10.4833,1498
10.4861,1477
10.4889,1461
10.4917,1451
10.4944,1455
10.4972,1472
10.5000,1482
10.5028,1450
10.5056,1381
10.5083,1327
10.5111,1327
10.5139,1351
10.5167,1381
10.5194,1413
10.5222,1409
10.5250,1413
10.5278,1455
10.5306,1487
10.5333,1508
10.5361,1497
10.5389,1483
10.5417,1474
10.5444,1459
10.5472,1441
10.5500,1427
10.5528,1460
10.5556,1482
10.5583,1489
10.5611,1478
10.5639,1448
10.5667,1430
10.5694,1417
10.5722,1442
10.5750,1489
10.5778,1516
10.5806,1472
10.5833,1427
10.5861,1402
10.5889,1427
10.5917,1469
10.5944,1527
10.5972,1588
10.6000,1627
10.6028,1614
10.6056,1569
10.6083,1503
10.6111,1472
10.6139,1480
10.6167,1500
10.6194,1509
10.6222,1546
10.6250,1573
10.6278,1603
10.6306,1614
10.6333,1610
10.6361,1631
10.6389,1633
10.6417,1603
10.6444,1574
10.6472,1562
10.6500,1547
10.6528,1498
10.6556,1492
10.6583,1560
10.6611,1634
10.6639,1653
10.6667,1615
10.6694,1587
10.6722,1574
10.6750,1568
10.6778,1559
10.6806,1602
10.6833,1643
10.6861,1662
10.6889,1652
10.6917,1613
10.6944,1572
10.6972,1546
10.7000,1539
10.7028,1569
10.7056,1609
10.7083,1641
10.7111,1643
10.7139,1624
10.7167,1619
10.7194,1592
10.7222,1557
10.7250,1523
10.7278,1547
10.7306,1611
10.7333,1665
10.7361,1673
10.7389,1645
10.7417,1592
10.7444,1536
10.7472,1538
10.7500,1577
10.7528,1643
10.7556,1701
10.7583,1721
10.7611,1718
10.7639,1694
10.7667,1671
10.7694,1646
10.7722,1655
10.7750,1677
10.7778,1704
10.7806,1697
10.7833,1645
10.7861,1594
10.7889,1593
10.7917,1616
10.7944,1631
10.7972,1657
10.8000,1685
10.8028,1711
10.8056,1712
10.8083,1712
10.8111,1720
10.8139,1716
10.8167,1709
10.8194,1704
10.8222,1713
10.8250,1706
10.8278,1701
10.8306,1674
10.8333,1651
10.8361,1656
10.8389,1675
10.8417,1704
10.8444,1724
10.8472,1721
10.8500,1708
10.8528,1692
10.8556,1684
10.8583,1700
10.8611,1709
10.8639,1714
10.8667,1712
10.8694,1691
10.8722,1669
10.8750,1644
10.8778,1619
10.8806,1624
10.8833,1634
10.8861,1680
10.8889,1742
10.8917,1799
10.8944,1817
10.8972,1835
10.9000,1866
10.9028,1870
10.9056,1820
10.9083,1750
10.9111,1690
10.9139,1662
10.9167,1629
10.9194,1621
10.9222,1657
10.9250,1706
10.9278,1736
10.9306,1759
10.9333,1755
10.9361,1749
10.9389,1749
10.9417,1738
10.9444,1743
10.9472,1761
10.9500,1758
10.9528,1764
10.9556,1743
10.9583,1729
10.9611,1728
10.9639,1741
10.9667,1762
10.9694,1757
10.9722,1745
10.9750,1748
10.9778,1730
10.9806,1691
10.9833,1699
10.9861,1742
10.9889,1764
10.9917,1775
10.9944,1807
10.9972,1810
11.0000,1806
11.0028,1822
11.0056,1811
11.0083,1783
11.0111,1773
11.0139,1785
11.0167,1816
11.0194,1838
11.0222,1841
11.0250,1819
11.0278,1791
11.0306,1762
11.0333,1731
11.0361,1722
11.0389,1746
11.0417,1780
11.0444,1814
11.0472,1814
11.0500,1792
11.0528,1754
11.0556,1706
11.0583,1693
11.0611,1732
11.0639,1752
11.0667,1739
11.0694,1708
11.0722,1690
11.0750,1690
11.0778,1699
11.0806,1726
11.0833,1712
11.0861,1707
11.0889,1696
11.0917,1694
11.0944,1715
11.0972,1732
11.1000,1741
11.1028,1774
11.1056,1806
11.1083,1809
11.1111,1784
11.1139,1743
11.1167,1712
11.1194,1721
11.1222,1754
11.1250,1825
11.1278,1915
11.1306,2037
11.1333,2124
11.1361,2218
11.1389,2308
11.1417,2435
11.1444,2639
11.1472,2875
11.1500,2991
11.1528,2946
11.1556,2681
11.1583,2314
11.1611,1957
11.1639,1726
11.1667,1635
11.1694,1655
11.1722,1741
11.1750,1802
11.1778,1811
11.1806,1784
11.1833,1748
11.1861,1695
11.1889,1646
11.1917,1618
11.1944,1624
11.1972,1665
11.2000,1685
11.2028,1677
11.2056,1645
11.2083,1621
11.2111,1635
11.2139,1659
11.2167,1671
11.2194,1681
11.2222,1679
11.2250,1658
11.2278,1630
11.2306,1584
11.2333,1545
11.2361,1549
11.2389,1564
11.2417,1609
11.2444,1633
11.2472,1678
11.2500,1668
11.2528,1643
11.2556,1631
11.2583,1651
11.2611,1667
11.2639,1664
11.2667,1628
11.2694,1594
11.2722,1602
11.2750,1654
11.2778,1703
11.2806,1718
11.2833,1740
11.2861,1786
11.2889,1796
11.2917,1757
11.2944,1715
11.2972,1692
11.3000,1690
11.3028,1671
11.3056,1664
11.3083,1639
11.3111,1618
11.3139,1655
11.3167,1707
11.3194,1771
11.3222,1793
11.3250,1807
11.3278,1789
11.3306,1758
11.3333,1731
11.3361,1711
11.3389,1713
11.3417,1707
11.3444,1690
11.3472,1699
11.3500,1733
11.3528,1790
11.3556,1842
11.3583,1850
11.3611,1815
11.3639,1776
11.3667,1767
11.3694,1768
11.3722,1754
11.3750,1717
11.3778,1695
11.3806,1731
11.3833,1779
11.3861,1802
11.3889,1807
11.3917,1776
11.3944,1747
11.3972,1750
11.4000,1767
11.4028,1768
11.4056,1738
11.4083,1740
11.4111,1738
11.4139,1730
11.4167,1732
11.4194,1746
11.4222,1780
11.4250,1790
11.4278,1769
11.4306,1754
11.4333,1741
11.4361,1711
11.4389,1669
11.4417,1644
11.4444,1662
11.4472,1728
11.4500,1795
11.4528,1853
11.4556,1894
11.4583,1917
11.4611,1866
11.4639,1777
11.4667,1684
11.4694,1648
11.4722,1660
11.4750,1692
11.4778,1714
11.4806,1737
11.4833,1746
11.4861,1737
11.4889,1727
11.4917,1734
11.4944,1753
11.4972,1785
11.5000,1795
11.5028,1781
11.5056,1794
11.5083,1798
11.5111,1797
11.5139,1815
11.5167,1825
11.5194,1820
11.5222,1813
11.5250,1840
11.5278,1868
11.5306,1860
11.5333,1806
11.5361,1744
11.5389,1709
11.5417,1693
11.5444,1692
11.5472,1732
11.5500,1769
11.5528,1784
11.5556,1804
11.5583,1790
11.5611,1768
11.5639,1752
11.5667,1753
11.5694,1768
11.5722,1768
11.5750,1771
11.5778,1758
11.5806,1765
11.5833,1765
11.5861,1765
11.5889,1750
11.5917,1728
11.5944,1698
11.5972,1704
11.6000,1706
11.6028,1701
11.6056,1717
11.6083,1734
11.6111,1752
11.6139,1749
11.6167,1737
11.6194,1723
11.6222,1706
11.6250,1676
11.6278,1677
11.6306,1732
11.6333,1787
11.6361,1810
11.6389,1775
11.6417,1708
11.6444,1660
11.6472,1657
11.6500,1691
11.6528,1742
11.6556,1797
11.6583,1807
11.6611,1785
11.6639,1779
11.6667,1759
11.6694,1733
11.6722,1692
11.6750,1675
11.6778,1699
11.6806,1741
11.6833,1761
11.6861,1783
11.6889,1783
11.6917,1784
11.6944,1768
11.6972,1755
11.7000,1754
11.7028,1774
11.7056,1776
11.7083,1766
11.7111,1744
11.7139,1763
11.7167,1784
11.7194,1812
11.7222,1823
11.7250,1838
11.7278,1839
11.7306,1816
11.7333,1793
11.7361,1791
11.7389,1812
11.7417,1837
11.7444,1842
11.7472,1842
11.7500,1806
11.7528,1763
11.7556,1729
11.7583,1741
11.7611,1780
11.7639,1809
11.7667,1799
11.7694,1778
11.7722,1760
11.7750,1746
11.7778,1754
11.7806,1775
11.7833,1777
11.7861,1748
11.7889,1728
11.7917,1714
11.7944,1735
11.7972,1778
11.8000,1815
11.8028,1817
11.8056,1791
11.8083,1741
11.8111,1721
11.8139,1775
11.8167,1829
11.8194,1852
11.8222,1844
11.8250,1812
11.8278,1755
11.8306,1715
11.8333,1720
11.8361,1705
11.8389,1678
11.8417,1676
11.8444,1710
11.8472,1739
11.8500,1750
11.8528,1766
11.8556,1799
11.8583,1820
11.8611,1842
11.8639,1836
11.8667,1805
11.8694,1773
11.8722,1757
11.8750,1727
11.8778,1725
11.8806,1752
11.8833,1833
11.8861,1955
11.8889,2058
11.8917,2118
11.8944,2206
11.8972,2360
11.9000,2559
11.9028,2785
11.9056,3019
11.9083,3103
11.9111,2992
11.9139,2706
11.9167,2335
11.9194,1999
11.9222,1782
11.9250,1689
11.9278,1680
11.9306,1719
11.9333,1756
11.9361,1776
11.9389,1755
11.9417,1730
11.9444,1665
11.9472,1611
11.9500,1612
11.9528,1641
11.9556,1684
11.9583,1714
11.9611,1707
11.9639,1679
11.9667,1626
11.9694,1597
11.9722,1602
11.9750,1648
11.9778,1689
11.9806,1698
11.9833,1650
11.9861,1605
11.9889,1620
11.9917,1654
11.9944,1680
11.9972,1665
12.0000,1624
12.0028,1600
12.0056,1589
12.0083,1593
12.0111,1601
12.0139,1607
12.0167,1627
12.0194,1657
12.0222,1660
12.0250,1663
12.0278,1633
12.0306,1603
12.0333,1599
12.0361,1608
12.0389,1619
12.0417,1612
12.0444,1640
12.0472,1672
12.0500,1706
12.0528,1704
12.0556,1682
12.0583,1647
12.0611,1647
12.0639,1666
12.0667,1673
12.0694,1711
12.0722,1720
12.0750,1714
12.0778,1693
12.0806,1721
12.0833,1733
12.0861,1713
12.0889,1661
12.0917,1640
12.0944,1679
12.0972,1737
12.1000,1779
12.1028,1788
12.1056,1781
12.1083,1776
12.1111,1770
12.1139,1804
12.1167,1806
12.1194,1842
12.1222,1836
12.1250,1811
12.1278,1778
12.1306,1761
12.1333,1753
12.1361,1761
12.1389,1765
12.1417,1742
12.1444,1700
12.1472,1653
12.1500,1634
12.1528,1632
12.1556,1643
12.1583,1645
12.1611,1660
12.1639,1673
12.1667,1681
12.1694,1655
12.1722,1623
12.1750,1619
12.1778,1654
12.1806,1707
12.1833,1744
12.1861,1749
12.1889,1721
12.1917,1685
12.1944,1657
12.1972,1667
12.2000,1688
12.2028,1710
12.2056,1730
12.2083,1732
12.2111,1721
12.2139,1692
12.2167,1667
12.2194,1663
12.2222,1673
12.2250,1679
12.2278,1648
12.2306,1603
12.2333,1610
12.2361,1652
12.2389,1677
12.2417,1692
12.2444,1686
12.2472,1691
12.2500,1690
12.2528,1687
12.2556,1704
12.2583,1708
12.2611,1711
12.2639,1707
12.2667,1694
12.2694,1718
12.2722,1731
12.2750,1741
12.2778,1750
12.2806,1748
12.2833,1747
12.2861,1743
12.2889,1714
12.2917,1679
12.2944,1648
12.2972,1632
12.3000,1613
12.3028,1618
12.3056,1639
12.3083,1680
12.3111,1685
12.3139,1651
12.3167,1626
12.3194,1616
12.3222,1610
12.3250,1630
12.3278,1655
12.3306,1682
12.3333,1711
12.3361,1726
12.3389,1719
12.3417,1709
12.3444,1676
12.3472,1664
12.3500,1666
12.3528,1672
12.3556,1693
12.3583,1684
12.3611,1677
12.3639,1678
12.3667,1698
12.3694,1702
12.3722,1695
12.3750,1666
12.3778,1628
12.3806,1610
12.3833,1602
12.3861,1610
12.3889,1625
12.3917,1636
12.3944,1629
12.3972,1595
12.4000,1591
12.4028,1606
12.4056,1639
12.4083,1676
12.4111,1697
12.4139,1692
12.4167,1712
12.4194,1722
12.4222,1681
12.4250,1615
12.4278,1584
12.4306,1601
12.4333,1639
12.4361,1682
12.4389,1707
12.4417,1705
12.4444,1705
12.4472,1713
12.4500,1724
12.4528,1717
12.4556,1708
12.4583,1670
12.4611,1653
12.4639,1627
12.4667,1616
12.4694,1608
12.4722,1628
12.4750,1674
12.4778,1724
12.4806,1730
12.4833,1707
12.4861,1698
12.4889,1703
12.4917,1716
12.4944,1739
12.4972,1746
12.5000,1731
12.5028,1732
12.5056,1718
12.5083,1706
12.5111,1699
12.5139,1692
12.5167,1678
12.5194,1653
12.5222,1654
12.5250,1657
12.5278,1680
12.5306,1681
12.5333,1653
12.5361,1613
12.5389,1602
12.5417,1600
12.5444,1600
12.5472,1607
12.5500,1599
12.5528,1603
12.5556,1630
12.5583,1654
12.5611,1674
12.5639,1691
12.5667,1684
12.5694,1652
12.5722,1622
12.5750,1621
12.5778,1625
12.5806,1604
12.5833,1611
12.5861,1636
12.5889,1661
12.5917,1673
12.5944,1685
12.5972,1666
12.6000,1638
12.6028,1627
12.6056,1615
12.6083,1598
12.6111,1600
12.6139,1612
12.6167,1685
12.6194,1779
12.6222,1882
12.6250,1954
12.6278,2048
12.6306,2195
12.6333,2359
12.6361,2543
12.6389,2734
12.6417,2808
12.6444,2746
12.6472,2516
12.6500,2160
12.6528,1831
12.6556,1609
12.6583,1516
12.6611,1517
12.6639,1583
12.6667,1633
12.6694,1664
12.6722,1662
12.6750,1634
12.6778,1579
12.6806,1537
12.6833,1500
12.6861,1490
12.6889,1493
12.6917,1508
12.6944,1561
12.6972,1608
12.7000,1601
12.7028,1559
12.7056,1554
12.7083,1561
12.7111,1584
12.7139,1601
12.7167,1566
12.7194,1532
12.7222,1509
12.7250,1484
12.7278,1489
12.7306,1499
12.7333,1519
12.7361,1544
12.7389,1542
12.7417,1550
12.7444,1554
12.7472,1558
12.7500,1562
12.7528,1580
12.7556,1588
12.7583,1603
12.7611,1627
12.7639,1634
12.7667,1614
12.7694,1582
12.7722,1569
12.7750,1538
12.7778,1494
12.7806,1495
12.7833,1494
12.7861,1486
12.7889,1481
12.7917,1495
12.7944,1537
12.7972,1564
12.8000,1580
12.8028,1589
12.8056,1590
12.8083,1575
12.8111,1583
12.8139,1580
12.8167,1576
12.8194,1608
12.8222,1635
12.8250,1649
12.8278,1657
12.8306,1658
12.8333,1649
12.8361,1641
12.8389,1633
12.8417,1651
12.8444,1680
12.8472,1724
12.8500,1732
12.8528,1776
12.8556,1827
12.8583,1832
12.8611,1789
12.8639,1721
12.8667,1648
12.8694,1593
12.8722,1577
12.8750,1573
12.8778,1594
12.8806,1604
12.8833,1614
12.8861,1612
12.8889,1605
12.8917,1583
12.8944,1572
12.8972,1569
12.9000,1547
12.9028,1528
12.9056,1514
12.9083,1543
12.9111,1572
12.9139,1609
12.9167,1632
12.9194,1621
12.9222,1599
12.9250,1588
12.9278,1579
12.9306,1563
12.9333,1537
12.9361,1532
12.9389,1565
12.9417,1602
12.9444,1630
12.9472,1649
12.9500,1646
12.9528,1632
12.9556,1610
12.9583,1587
12.9611,1606
12.9639,1648
12.9667,1695
12.9694,1710
12.9722,1687
12.9750,1663
12.9778,1630
12.9806,1624
12.9833,1636
12.9861,1634
12.9889,1611
12.9917,1583
12.9944,1575
12.9972,1578
13.0000,1590
13.0028,1605
13.0056,1644
13.0083,1670
13.0111,1665
13.0139,1678
13.0167,1690
13.0194,1677
13.0222,1666
13.0250,1646
13.0278,1642
13.0306,1640
13.0333,1627
13.0361,1650
13.0389,1647
13.0417,1656
13.0444,1659
13.0472,1648
13.0500,1648
13.0528,1668
13.0556,1672
13.0583,1659
13.0611,1631
13.0639,1603
13.0667,1557
13.0694,1527
13.0722,1552
13.0750,1562
13.0778,1575
13.0806,1580
13.0833,1618
13.0861,1656
13.0889,1662
13.0917,1649
13.0944,1625
13.0972,1610
13.1000,1600
13.1028,1608
13.1056,1634
13.1083,1672
13.1111,1684
13.1139,1679
13.1167,1671
13.1194,1666
13.1222,1650
13.1250,1632
13.1278,1624
13.1306,1624
13.1333,1628
13.1361,1600
13.1389,1592
13.1417,1620
13.1444,1706
13.1472,1748
13.1500,1748
13.1528,1716
13.1556,1705
13.1583,1704
13.1611,1699
13.1639,1675
13.1667,1663
13.1694,1634
13.1722,1637
13.1750,1645
13.1778,1657
13.1806,1650
13.1833,1633
13.1861,1631
13.1889,1622
13.1917,1646
13.1944,1653
13.1972,1643
13.2000,1657
13.2028,1674
13.2056,1713
13.2083,1736
13.2111,1738
13.2139,1715
13.2167,1678
13.2194,1638
13.2222,1603
13.2250,1586
13.2278,1574
13.2306,1584
13.2333,1583
13.2361,1601
13.2389,1625
13.2417,1663
13.2444,1719
13.2472,1753
13.2500,1744
13.2528,1727
13.2556,1683
13.2583,1634
13.2611,1587
13.2639,1574
13.2667,1602
13.2694,1623
13.2722,1621
13.2750,1600
13.2778,1605
13.2806,1633
13.2833,1631
13.2861,1606
13.2889,1597
13.2917,1596
13.2944,1606
13.2972,1631
13.3000,1640
13.3028,1647
13.3056,1643
13.3083,1631
13.3111,1609
13.3139,1584
13.3167,1589
13.3194,1600
13.3222,1613
13.3250,1680
13.3278,1784
13.3306,1930
13.3333,2082
13.3361,2229
13.3389,2353
13.3417,2480
13.3444,2629
13.3472,2800
13.3500,2947
13.3528,2961
13.3556,2804
13.3583,2475
13.3611,2086
13.3639,1773
13.3667,1588
13.3694,1535
13.3722,1540
13.3750,1607
13.3778,1669
13.3806,1695
13.3833,1697
13.3861,1648
13.3889,1577
13.3917,1526
13.3944,1512
13.3972,1539
13.4000,1599
13.4028,1645
13.4056,1656
13.4083,1669
13.4111,1677
13.4139,1678
13.4167,1667
13.4194,1647
13.4222,1618
13.4250,1617
13.4278,1609
13.4306,1598
13.4333,1585
13.4361,1589
13.4389,1602
13.4417,1605
13.4444,1608
13.4472,1603
13.4500,1581
13.4528,1562
13.4556,1548
13.4583,1542
13.4611,1539
13.4639,1539
13.4667,1544
13.4694,1542
13.4722,1565
13.4750,1588
13.4778,1610
13.4806,1627
13.4833,1613
13.4861,1626
13.4889,1627
13.4917,1617
13.4944,1603
13.4972,1588
13.5000,1594
13.5028,1618
13.5056,1630
13.5083,1649
13.5111,1684
13.5139,1707
13.5167,1729
13.5194,1722
13.5222,1702
13.5250,1652
13.5278,1595
13.5306,1569
13.5333,1556
13.5361,1570
13.5389,1590
13.5417,1618
13.5444,1659
13.5472,1694
13.5500,1737
13.5528,1791
13.5556,1792
13.5583,1725
13.5611,1724
13.5639,1683
13.5667,1656
13.5694,1653
13.5722,1658
13.5750,1679
13.5778,1718
13.5806,1741
13.5833,1739
13.5861,1734
13.5889,1698
13.5917,1665
13.5944,1632
13.5972,1614
13.6000,1607
13.6028,1632
13.6056,1664
13.6083,1680
13.6111,1682
13.6139,1661
13.6167,1605
13.6194,1596
13.6222,1603
13.6250,1629
13.6278,1617
13.6306,1608
13.6333,1612
13.6361,1621
13.6389,1622
13.6417,1622
13.6444,1614
13.6472,1617
13.6500,1613
13.6528,1617
13.6556,1639
13.6583,1674
13.6611,1719
13.6639,1734
13.6667,1728
13.6694,1720
13.6722,1713
13.6750,1678
13.6778,1648
13.6806,1630
13.6833,1612
13.6861,1623
13.6889,1655
13.6917,1677
13.6944,1682
13.6972,1684
13.7000,1670
13.7028,1635
13.7056,1606
13.7083,1603
13.7111,1638
13.7139,1655
13.7167,1683
13.7194,1702
13.7222,1704
13.7250,1667
13.7278,1629
13.7306,1603
13.7333,1577
13.7361,1553
13.7389,1566
13.7417,1625
13.7444,1658
13.7472,1666
13.7500,1662
13.7528,1637
13.7556,1622
13.7583,1629
13.7611,1645
13.7639,1669
13.7667,1665
13.7694,1641
13.7722,1608
13.7750,1600
13.7778,1625
13.7806,1646
13.7833,1687
13.7861,1702
13.7889,1668
13.7917,1633
13.7944,1601
13.7972,1570
13.8000,1574
13.8028,1607
13.8056,1627
13.8083,1621
13.8111,1612
13.8139,1591
13.8167,1555
13.8194,1533
13.8222,1550
13.8250,1559
13.8278,1586
13.8306,1615
13.8333,1655
13.8361,1685
13.8389,1688
13.8417,1691
13.8444,1695
13.8472,1685
13.8500,1640
13.8528,1605
13.8556,1595
13.8583,1570
13.8611,1544
13.8639,1565
13.8667,1611
13.8694,1638
13.8722,1663
13.8750,1666
13.8778,1655
13.8806,1632
13.8833,1634
13.8861,1652
13.8889,1674
13.8917,1679
13.8944,1691
13.8972,1702
13.9000,1692
13.9028,1656
13.9056,1660
13.9083,1695
13.9111,1722
13.9139,1731
13.9167,1709
13.9194,1673
13.9222,1657
13.9250,1665
13.9278,1679
13.9306,1658
13.9333,1628
13.9361,1645
13.9389,1676
13.9417,1685
13.9444,1666
13.9472,1661
13.9500,1662
13.9528,1658
13.9556,1683
13.9583,1700
13.9611,1688
13.9639,1639
13.9667,1581
13.9694,1542
13.9722,1534
13.9750,1554
13.9778,1609
13.9806,1657
13.9833,1660
13.9861,1664
13.9889,1635
13.9917,1593
13.9944,1571
13.9972,1588
14.0000,1631
14.0028,1664
14.0056,1667
14.0083,1654
14.0111,1663
14.0139,1666
14.0167,1653
14.0194,1627
14.0222,1622
14.0250,1641
14.0278,1674
14.0306,1702
14.0333,1717
14.0361,1698
14.0389,1673
14.0417,1656
14.0444,1627
14.0472,1598
14.0500,1632
14.0528,1736
14.0556,1857
14.0583,1976
14.0611,2067
14.0639,2141
14.0667,2221
14.0694,2358
14.0722,2563
14.0750,2816
14.0778,2986
14.0806,2995
14.0833,2777
14.0861,2397
14.0889,1988
14.0917,1703
14.0944,1534
14.0972,1517
14.1000,1598
14.1028,1683
14.1056,1740
14.1083,1743
14.1111,1687
14.1139,1652
14.1167,1640
14.1194,1614
14.1222,1574
14.1250,1568
14.1278,1599
14.1306,1621
14.1333,1615
14.1361,1585
14.1389,1531
14.1417,1494
14.1444,1467
14.1472,1484
14.1500,1529
14.1528,1597
14.1556,1594
14.1583,1576
14.1611,1553
14.1639,1551
14.1667,1599
14.1694,1647
14.1722,1680
14.1750,1660
14.1778,1622
14.1806,1584
14.1833,1580
14.1861,1601
14.1889,1632
14.1917,1654
14.1944,1637
14.1972,1608
14.2000,1599
14.2028,1589
14.2056,1585
14.2083,1582
14.2111,1590
14.2139,1592
14.2167,1597
14.2194,1598
14.2222,1612
14.2250,1641
14.2278,1661
14.2306,1658
14.2333,1621
14.2361,1622
14.2389,1642
14.2417,1680
14.2444,1707
14.2472,1695
14.2500,1661
14.2528,1643
14.2556,1659
14.2583,1678
14.2611,1695
14.2639,1713
14.2667,1705
14.2694,1693
14.2722,1709
14.2750,1734
14.2778,1737
14.2806,1746
14.2833,1771
14.2861,1774
14.2889,1706
14.2917,1668
14.2944,1655
14.2972,1688
14.3000,1711
14.3028,1708
14.3056,1702
14.3083,1669
14.3111,1644
14.3139,1637
14.3167,1656
14.3194,1679
14.3222,1726
14.3250,1740
14.3278,1720
14.3306,1669
14.3333,1632
14.3361,1614
14.3389,1623
14.3417,1649
14.3444,1685
14.3472,1677
14.3500,1636
14.3528,1575
14.3556,1527
14.3583,1530
14.3611,1538
14.3639,1569
14.3667,1613
14.3694,1670
14.3722,1698
14.3750,1677
14.3778,1662
14.3806,1659
14.3833,1674
14.3861,1682
14.3889,1722
14.3917,1760
14.3944,1755
14.3972,1720
14.4000,1676
14.4028,1651
14.4056,1602
14.4083,1589
14.4111,1608
14.4139,1648
14.4167,1681
14.4194,1685
14.4222,1690
14.4250,1704
14.4278,1727
14.4306,1702
14.4333,1691
14.4361,1683
14.4389,1678
14.4417,1673
14.4444,1658
14.4472,1654
14.4500,1658
14.4528,1653
14.4556,1657
14.4583,1668
14.4611,1643
14.4639,1624
14.4667,1634
14.4694,1658
14.4722,1675
14.4750,1685
14.4778,1672
14.4806,1640
14.4833,1600
14.4861,1588
14.4889,1604
14.4917,1631
14.4944,1643
14.4972,1656
14.5000,1649
14.5028,1624
14.5056,1604
14.5083,1645
14.5111,1701
14.5139,1713
14.5167,1719
14.5194,1694
14.5222,1664
14.5250,1654
14.5278,1654
14.5306,1649
14.5333,1637
14.5361,1604
14.5389,1567
14.5417,1568
14.5444,1583
14.5472,1612
14.5500,1612
14.5528,1597
14.5556,1553
14.5583,1539
14.5611,1552
14.5639,1597
14.5667,1662
14.5694,1692
14.5722,1704
14.5750,1684
14.5778,1640
14.5806,1598
14.5833,1569
14.5861,1563
14.5889,1580
14.5917,1632
14.5944,1653
14.5972,1663
14.6000,1654
14.6028,1645
14.6056,1648
14.6083,1641
14.6111,1619
14.6139,1624
14.6167,1661
14.6194,1670
14.6222,1642
14.6250,1637
14.6278,1674
14.6306,1704
14.6333,1696
14.6361,1677
14.6389,1657
14.6417,1615
14.6444,1612
14.6472,1644
14.6500,1665
14.6528,1690
14.6556,1682
14.6583,1684
14.6611,1694
14.6639,1709
14.6667,1713
14.6694,1686
14.6722,1638
14.6750,1608
14.6778,1614
14.6806,1647
14.6833,1671
14.6861,1701
14.6889,1719
14.6917,1717
14.6944,1706
14.6972,1682
14.7000,1653
14.7028,1600
14.7056,1550
14.7083,1517
14.7111,1538
14.7139,1573
14.7167,1602
14.7194,1641
14.7222,1688
14.7250,1701
14.7278,1682
14.7306,1641
14.7333,1604
14.7361,1577
14.7389,1565
14.7417,1559
14.7444,1559
14.7472,1561
14.7500,1579
14.7528,1623
14.7556,1676
14.7583,1692
14.7611,1648
14.7639,1591
14.7667,1563
14.7694,1578
14.7722,1612
14.7750,1633
14.7778,1629
14.7806,1606
14.7833,1590
14.7861,1592
14.7889,1602
14.7917,1606
14.7944,1587
14.7972,1588
14.8000,1605
14.8028,1675
14.8056,1769
14.8083,1853
14.8111,1962
14.8139,2103
14.8167,2284
14.8194,2472
14.8222,2713
14.8250,2906
14.8278,2971
14.8306,2839
14.8333,2526
14.8361,2108
14.8389,1768
14.8417,1580
14.8444,1529
14.8472,1541
14.8500,1586
14.8528,1647
14.8556,1707
14.8583,1711
14.8611,1650
14.8639,1570
14.8667,1495
14.8694,1440
14.8722,1447
14.8750,1496
14.8778,1540
14.8806,1553
14.8833,1528
14.8861,1511
14.8889,1485
14.8917,1486
14.8944,1501
14.8972,1526
14.9000,1535
14.9028,1513
14.9056,1487
14.9083,1484
14.9111,1468
14.9139,1468
14.9167,1491
14.9194,1518
14.9222,1529
14.9250,1516
14.9278,1521
14.9306,1534
14.9333,1551
14.9361,1534
14.9389,1500
14.9417,1490
14.9444,1505
14.9472,1515
14.9500,1533
14.9528,1578
14.9556,1590
14.9583,1587
14.9611,1553
14.9639,1534
14.9667,1534
14.9694,1559
14.9722,1600
14.9750,1598
14.9778,1565
14.9806,1519
14.9833,1488
14.9861,1477
14.9889,1503
14.9917,1570
14.9944,1626
14.9972,1635
15.0000,1638
15.0028,1618
15.0056,1602
15.0083,1586
15.0111,1574
15.0139,1554
15.0167,1574
15.0194,1629
15.0222,1684
15.0250,1734
15.0278,1758
15.0306,1772
15.0333,1732
15.0361,1730
15.0389,1704
15.0417,1708
15.0444,1674
15.0472,1665
15.0500,1667
15.0528,1668
15.0556,1651
15.0583,1604
15.0611,1574
15.0639,1566
15.0667,1590
15.0694,1637
15.0722,1637
15.0750,1589
15.0778,1559
15.0806,1568
15.0833,1585
15.0861,1599
15.0889,1616
15.0917,1607
15.0944,1583
15.0972,1596
15.1000,1616
15.1028,1628
15.1056,1601
15.1083,1567
15.1111,1549
15.1139,1553
15.1167,1595
15.1194,1616
15.1222,1643
15.1250,1620
15.1278,1577
15.1306,1559
15.1333,1560
15.1361,1584
15.1389,1604
15.1417,1623
15.1444,1626
15.1472,1610
15.1500,1583
15.1528,1584
15.1556,1603
15.1583,1613
15.1611,1620
15.1639,1681
15.1667,1741
15.1694,1743
15.1722,1687
15.1750,1606
15.1778,1568
15.1806,1571
15.1833,1580
15.1861,1583
15.1889,1609
15.1917,1642
15.1944,1654
15.1972,1629
15.2000,1598
15.2028,1570
15.2056,1567
15.2083,1590
15.2111,1584
15.2139,1567
15.2167,1545
15.2194,1565
15.2222,1626
15.2250,1663
15.2278,1662
15.2306,1646
15.2333,1634
15.2361,1614
15.2389,1600
15.2417,1587
15.2444,1563
15.2472,1559
15.2500,1567
15.2528,1588
15.2556,1615
15.2583,1625
15.2611,1616
15.2639,1597
15.2667,1577
15.2694,1574
15.2722,1603
15.2750,1619
15.2778,1602
15.2806,1582
15.2833,1543
15.2861,1511
15.2889,1500
15.2917,1501
15.2944,1515
15.2972,1548
15.3000,1569
15.3028,1596
15.3056,1623
15.3083,1636
15.3111,1620
15.3139,1568
15.3167,1528
15.3194,1525
15.3222,1537
15.3250,1537
15.3278,1527
15.3306,1509
15.3333,1532
15.3361,1576
15.3389,1605
15.3417,1576
15.3444,1492
15.3472,1441
15.3500,1476
15.3528,1594
15.3556,1679
15.3583,1732
15.3611,1723
15.3639,1681
15.3667,1626
15.3694,1564
15.3722,1514
15.3750,1482
15.3778,1516
15.3806,1568
15.3833,1616
15.3861,1631
15.3889,1613
15.3917,1589
15.3944,1573
15.3972,1550
15.4000,1540
15.4028,1549
15.4056,1579
15.4083,1603
15.4111,1610
15.4139,1580
15.4167,1550
15.4194,1546
15.4222,1554
15.4250,1556
15.4278,1590
15.4306,1599
15.4333,1618
15.4361,1621
15.4389,1610
15.4417,1616
15.4444,1608
15.4472,1593
15.4500,1588
15.4528,1564
15.4556,1541
15.4583,1505
15.4611,1483
15.4639,1472
15.4667,1517
15.4694,1565
15.4722,1576
15.4750,1582
15.4778,1559
15.4806,1531
15.4833,1531
15.4861,1551
15.4889,1552
15.4917,1554
15.4944,1540
15.4972,1519
15.5000,1524
15.5028,1557
15.5056,1558
15.5083,1550
15.5111,1533
15.5139,1528
15.5167,1517
15.5194,1498
15.5222,1478
15.5250,1477
15.5278,1478
15.5306,1488
15.5333,1508
15.5361,1551
15.5389,1583
15.5417,1583
15.5444,1557
15.5472,1541
15.5500,1522
15.5528,1498
15.5556,1497
15.5583,1552
15.5611,1673
15.5639,1829
15.5667,1964
15.5694,2087
15.5722,2248
15.5750,2451
15.5778,2669
15.5806,2791
15.5833,2787
15.5861,2609
15.5889,2271
15.5917,1909
15.5944,1609
15.5972,1423
15.6000,1371
15.6028,1425
15.6056,1487
15.6083,1537
15.6111,1547
15.6139,1518
15.6167,1461
15.6194,1442
15.6222,1451
15.6250,1446
15.6278,1439
15.6306,1406
15.6333,1365
15.6361,1322
15.6389,1283
15.6417,1281
15.6444,1336
15.6472,1380
15.6500,1427
15.6528,1450
15.6556,1459
15.6583,1462
15.6611,1472
15.6639,1462
15.6667,1422
15.6694,1403
15.6722,1397
15.6750,1371
15.6778,1354
15.6806,1366
15.6833,1380
15.6861,1391
15.6889,1421
15.6917,1435
15.6944,1425
15.6972,1386
15.7000,1317
15.7028,1294
15.7056,1342
15.7083,1400
15.7111,1441
15.7139,1473
15.7167,1483
15.7194,1460
15.7222,1422
15.7250,1402
15.7278,1394
15.7306,1422
15.7333,1469
15.7361,1507
15.7389,1511
15.7417,1453
15.7444,1408
15.7472,1394
15.7500,1395
15.7528,1388
15.7556,1415
15.7583,1461
15.7611,1461
15.7639,1468
15.7667,1484
15.7694,1498
15.7722,1502
15.7750,1520
15.7778,1508
15.7806,1499
15.7833,1461
15.7861,1483
15.7889,1558
15.7917,1562
15.7944,1562
15.7972,1561
15.8000,1551
15.8028,1522
15.8056,1478
15.8083,1460
15.8111,1484
15.8139,1503
15.8167,1489
15.8194,1462
15.8222,1421
15.8250,1359
15.8278,1345
15.8306,1384
15.8333,1434
15.8361,1475
15.8389,1499
15.8417,1509
15.8444,1493
15.8472,1440
15.8500,1382
15.8528,1337
15.8556,1353
15.8583,1416
15.8611,1505
15.8639,1561
15.8667,1563
15.8694,1541
15.8722,1496
15.8750,1465
15.8778,1449
15.8806,1441
15.8833,1426
15.8861,1435
15.8889,1460
15.8917,1477
15.8944,1503
15.8972,1499
15.9000,1473
15.9028,1444
15.9056,1423
15.9083,1431
15.9111,1455
15.9139,1507
15.9167,1556
15.9194,1548
15.9222,1509
15.9250,1458
15.9278,1427
15.9306,1446
15.9333,1478
15.9361,1494
15.9389,1477
15.9417,1476
15.9444,1500
15.9472,1519
15.9500,1550
15.9528,1566
15.9556,1552
15.9583,1528
15.9611,1522
15.9639,1545
15.9667,1556
15.9694,1552
15.9722,1535
15.9750,1536
15.9778,1544
15.9806,1555
15.9833,1575
15.9861,1560
15.9889,1553
15.9917,1529
15.9944,1466
15.9972,1400
16.0000,1405
16.0028,1450
16.0056,1492
16.0083,1514
16.0111,1543
16.0139,1550
16.0167,1530
16.0194,1508
16.0222,1506
16.0250,1499
16.0278,1523
16.0306,1551
16.0333,1584
16.0361,1613
16.0389,1626
16.0417,1624
16.0444,1581
16.0472,1546
16.0500,1510
16.0528,1503
16.0556,1513
16.0583,1545
16.0611,1560
16.0639,1550
16.0667,1554
16.0694,1581
16.0722,1617
16.0750,1647
16.0778,1670
16.0806,1654
16.0833,1648
16.0861,1621
16.0889,1601
16.0917,1595
16.0944,1573
16.0972,1592
16.1000,1623
16.1028,1642
16.1056,1659
16.1083,1669
16.1111,1664
16.1139,1668
16.1167,1664
16.1194,1657
16.1222,1624
16.1250,1609
16.1278,1617
16.1306,1621
16.1333,1638
16.1361,1668
16.1389,1703
16.1417,1702
16.1444,1667
16.1472,1640
16.1500,1650
16.1528,1651
16.1556,1649
16.1583,1629
16.1611,1627
16.1639,1639
16.1667,1685
16.1694,1739
16.1722,1759
16.1750,1742
16.1778,1700
16.1806,1645
16.1833,1573
16.1861,1580
16.1889,1649
16.1917,1707
16.1944,1731
16.1972,1765
16.2000,1764
16.2028,1728
16.2056,1669
16.2083,1628
16.2111,1595
16.2139,1565
16.2167,1606
16.2194,1677
16.2222,1739
16.2250,1752
16.2278,1754
16.2306,1732
16.2333,1707
16.2361,1693
16.2389,1667
16.2417,1680
16.2444,1777
16.2472,1877
16.2500,1972
16.2528,2062
16.2556,2167
16.2583,2296
16.2611,2439
16.2639,2637
16.2667,2837
16.2694,2916
16.2722,2852
16.2750,2589
16.2778,2238
16.2806,1919
16.2833,1760
16.2861,1699
16.2889,1692
16.2917,1722
16.2944,1772
16.2972,1796
16.3000,1786
16.3028,1761
16.3056,1729
16.3083,1686
16.3111,1604
16.3139,1565
16.3167,1591
16.3194,1659
16.3222,1723
16.3250,1730
16.3278,1666
16.3306,1566
16.3333,1525
16.3361,1558
16.3389,1626
16.3417,1711
16.3444,1756
16.3472,1753
16.3500,1759
16.3528,1770
16.3556,1761
16.3583,1729
16.3611,1712
16.3639,1706
16.3667,1714
16.3694,1727
16.3722,1735
16.3750,1723
16.3778,1672
16.3806,1652
16.3833,1650
16.3861,1656
16.3889,1675
16.3917,1690
16.3944,1699
16.3972,1652
16.4000,1622
16.4028,1612
16.4056,1611
16.4083,1631
16.4111,1672
16.4139,1702
16.4167,1732
16.4194,1744
16.4222,1753
16.4250,1703
16.4278,1684
16.4306,1721
16.4333,1786
16.4361,1859
16.4389,1924
16.4417,1929
16.4444,1900
16.4472,1861
16.4500,1836
16.4528,1836
16.4556,1861
16.4583,1890
16.4611,1919
16.4639,1913
16.4667,1886
16.4694,1876
16.4722,1877
16.4750,1813
16.4778,1821
16.4806,1839
16.4833,1837
16.4861,1874
16.4889,1915
16.4917,1925
16.4944,1930
16.4972,1910
16.5000,1887
16.5028,1877
16.5056,1863
16.5083,1833
16.5111,1809
16.5139,1807
16.5167,1801
16.5194,1801
16.5222,1798
16.5250,1794
16.5278,1795
16.5306,1815
16.5333,1811
16.5361,1795
16.5389,1779
16.5417,1796
16.5444,1825
16.5472,1878
16.5500,1901
16.5528,1884
16.5556,1825
16.5583,1766
16.5611,1741
16.5639,1765
16.5667,1795
16.5694,1805
16.5722,1801
16.5750,1793
16.5778,1793
16.5806,1802
16.5833,1793
16.5861,1732
16.5889,1711
16.5917,1750
16.5944,1823
16.5972,1848
16.6000,1866
16.6028,1853
16.6056,1841
16.6083,1826
16.6111,1779
16.6139,1740
16.6167,1744
16.6194,1795
16.6222,1863
16.6250,1897
16.6278,1892
16.6306,1869
16.6333,1832
16.6361,1815
16.6389,1807
16.6417,1814
16.6444,1806
16.6472,1814
16.6500,1835
16.6528,1868
16.6556,1883
16.6583,1892
16.6611,1866
16.6639,1825
16.6667,1795
16.6694,1784
16.6722,1798
16.6750,1841
16.6778,1858
16.6806,1829
16.6833,1787
16.6861,1791
16.6889,1840
16.6917,1887
16.6944,1895
16.6972,1873
16.7000,1812
16.7028,1742
16.7056,1703
16.7083,1739
16.7111,1786
16.7139,1820
16.7167,1837
16.7194,1819
16.7222,1834
16.7250,1849
16.7278,1866
16.7306,1849
16.7333,1824
16.7361,1806
16.7389,1787
16.7417,1798
16.7444,1813
16.7472,1834
16.7500,1843
16.7528,1848
16.7556,1847
16.7583,1834
16.7611,1829
16.7639,1839
16.7667,1812
16.7694,1818
16.7722,1815
16.7750,1824
16.7778,1810
16.7806,1802
16.7833,1800
16.7861,1821
16.7889,1847
16.7917,1840
16.7944,1822
16.7972,1807
16.8000,1817
16.8028,1846
16.8056,1882
16.8083,1876
16.8111,1815
16.8139,1732
16.8167,1675
16.8194,1682
16.8222,1715
16.8250,1759
16.8278,1785
16.8306,1777
16.8333,1736
16.8361,1706
16.8389,1690
16.8417,1739
16.8444,1805
16.8472,1815
16.8500,1817
16.8528,1839
16.8556,1870
16.8583,1870
16.8611,1836
16.8639,1772
16.8667,1724
16.8694,1692
16.8722,1700
16.8750,1743
16.8778,1831
16.8806,1949
16.8833,2067
16.8861,2196
16.8889,2331
16.8917,2455
16.8944,2609
16.8972,2813
16.9000,2973
16.9028,2978
16.9056,2826
16.9083,2444
16.9111,2045
16.9139,1783
16.9167,1686
16.9194,1713
16.9222,1754
16.9250,1811
16.9278,1848
16.9306,1847
16.9333,1839
16.9361,1821
16.9389,1824
16.9417,1787
16.9444,1714
16.9472,1671
16.9500,1673
16.9528,1708
16.9556,1750
16.9583,1753
16.9611,1749
16.9639,1728
16.9667,1705
16.9694,1689
16.9722,1668
16.9750,1696
16.9778,1749
16.9806,1799
16.9833,1818
16.9861,1787
16.9889,1766
16.9917,1729
16.9944,1666
16.9972,1611
17.0000,1594
17.0028,1583
17.0056,1583
17.0083,1607
17.0111,1663
17.0139,1692
17.0167,1694
17.0194,1685
17.0222,1682
17.0250,1685
17.0278,1705
17.0306,1721
17.0333,1737
17.0361,1734
17.0389,1714
17.0417,1731
17.0444,1747
17.0472,1746
17.0500,1743
17.0528,1740
17.0556,1730
17.0583,1733
17.0611,1732
17.0639,1740
17.0667,1759
17.0694,1822
17.0722,1873
17.0750,1884
17.0778,1846
17.0806,1756
17.0833,1678
17.0861,1660
17.0889,1693
17.0917,1740
17.0944,1775
17.0972,1791
17.1000,1795
17.1028,1801
17.1056,1936
17.1083,1928
17.1111,1905
17.1139,1848
17.1167,1814
17.1194,1785
17.1222,1778
17.1250,1774
17.1278,1771
17.1306,1765
17.1333,1750
17.1361,1711
17.1389,1653
17.1417,1637
17.1444,1656
17.1472,1694
17.1500,1698
17.1528,1704
17.1556,1732
17.1583,1744
17.1611,1733
17.1639,1715
17.1667,1680
17.1694,1667
17.1722,1673
17.1750,1694
17.1778,1733
17.1806,1757
17.1833,1763
17.1861,1759
17.1889,1762
17.1917,1758
17.1944,1748
17.1972,1737
17.2000,1722
17.2028,1727
17.2056,1712
17.2083,1686
17.2111,1663
17.2139,1657
17.2167,1666
17.2194,1705
17.2222,1729
17.2250,1748
17.2278,1734
17.2306,1718
17.2333,1721
17.2361,1725
17.2389,1716
17.2417,1721
17.2444,1703
17.2472,1722
17.2500,1748
17.2528,1776
17.2556,1806
17.2583,1805
17.2611,1797
17.2639,1770
17.2667,1724
17.2694,1659
17.2722,1601
17.2750,1585
17.2778,1642
17.2806,1719
17.2833,1775
17.2861,1801
17.2889,1812
17.2917,1841
17.2944,1863
17.2972,1846
17.3000,1793
17.3028,1745
17.3056,1718
17.3083,1731
17.3111,1767
17.3139,1823
17.3167,1863
17.3194,1881
17.3222,1863
17.3250,1801
17.3278,1730
17.3306,1689
17.3333,1673
17.3361,1669
17.3389,1672
17.3417,1707
17.3444,1753
17.3472,1787
17.3500,1782
17.3528,1764
17.3556,1754
17.3583,1764
17.3611,1766
17.3639,1755
17.3667,1750
17.3694,1738
17.3722,1734
17.3750,1715
17.3778,1692
17.3806,1671
17.3833,1668
17.3861,1690
17.3889,1724
17.3917,1741
17.3944,1748
17.3972,1747
17.4000,1724
17.4028,1689
17.4056,1655
17.4083,1633
17.4111,1626
17.4139,1646
17.4167,1655
17.4194,1653
17.4222,1679
17.4250,1717
17.4278,1741
17.4306,1788
17.4333,1804
17.4361,1769
17.4389,1737
17.4417,1707
17.4444,1672
17.4472,1631
17.4500,1606
17.4528,1622
17.4556,1654
17.4583,1680
17.4611,1682
17.4639,1682
17.4667,1670
17.4694,1662
17.4722,1657
17.4750,1643
17.4778,1624
17.4806,1617
17.4833,1614
17.4861,1684
17.4889,1812
17.4917,1956
17.4944,2118
17.4972,2268
17.5000,2395
17.5028,2523
17.5056,2685
17.5083,2924
17.5111,3106
17.5139,3076
17.5167,2790
17.5194,2332
17.5222,1907
17.5250,1642
17.5278,1551
17.5306,1581
17.5333,1659
17.5361,1731
17.5389,1775
17.5417,1764
17.5444,1728
17.5472,1653
17.5500,1588
17.5528,1542
17.5556,1525
17.5583,1548
17.5611,1606
17.5639,1645
17.5667,1656
17.5694,1637
17.5722,1620
17.5750,1613
17.5778,1620
17.5806,1624
17.5833,1630
17.5861,1609
17.5889,1563
17.5917,1539
17.5944,1563
17.5972,1598
17.6000,1621
17.6028,1642
17.6056,1678
17.6083,1674
17.6111,1682
17.6139,1664
17.6167,1616
17.6194,1592
17.6222,1596
17.6250,1608
17.6278,1628
17.6306,1627
17.6333,1624
17.6361,1637
17.6389,1658
17.6417,1658
17.6444,1649
17.6472,1648
17.6500,1657
17.6528,1682
17.6556,1705
17.6583,1707
17.6611,1702
17.6639,1696
17.6667,1695
17.6694,1709
17.6722,1710
17.6750,1713
17.6778,1709
17.6806,1687
17.6833,1676
17.6861,1677
17.6889,1687
17.6917,1707
17.6944,1713
17.6972,1728
17.7000,1751
17.7028,1780
17.7056,1807
17.7083,1811
17.7111,1780
17.7139,1765
17.7167,1847
17.7194,1855
17.7222,1855
17.7250,1849
17.7278,1849
17.7306,1834
17.7333,1793
17.7361,1723
17.7389,1693
17.7417,1708
17.7444,1722
17.7472,1735
17.7500,1724
17.7528,1719
17.7556,1719
17.7583,1732
17.7611,1742
17.7639,1720
17.7667,1681
17.7694,1640
17.7722,1643
17.7750,1664
17.7778,1729
17.7806,1776
17.7833,1784
17.7861,1772
17.7889,1728
17.7917,1697
17.7944,1681
17.7972,1710
17.8000,1745
17.8028,1766
17.8056,1771
17.8083,1757
17.8111,1739
17.8139,1713
17.8167,1720
17.8194,1739
17.8222,1737
17.8250,1713
17.8278,1701
17.8306,1696
17.8333,1701
17.8361,1705
17.8389,1709
17.8417,1720
17.8444,1728
17.8472,1743
17.8500,1748
17.8528,1727
17.8556,1745
17.8583,1778
17.8611,1801
17.8639,1809
17.8667,1814
17.8694,1809
17.8722,1772
17.8750,1753
17.8778,1730
17.8806,1744
17.8833,1761
17.8861,1773
17.8889,1765
17.8917,1720
17.8944,1695
17.8972,1666
17.9000,1682
17.9028,1688
17.9056,1705
17.9083,1745
17.9111,1790
17.9139,1835
17.9167,1850
17.9194,1871
17.9222,1882
17.9250,1894
17.9278,1890
17.9306,1887
17.9333,1880
17.9361,1881
17.9389,1885
17.9417,1872
17.9444,1834
17.9472,1813
17.9500,1817
17.9528,1819
17.9556,1812
17.9583,1781
17.9611,1755
17.9639,1718
17.9667,1707
17.9694,1700
17.9722,1694
17.9750,1694
17.9778,1670
17.9806,1657
17.9833,1645
17.9861,1642
17.9889,1625
17.9917,1644
17.9944,1646
17.9972,1640
18.0000,1636
18.0028,1653
18.0056,1690
18.0083,1702
18.0111,1703
18.0139,1693
18.0167,1677
18.0194,1672
18.0222,1667
18.0250,1645
18.0278,1602
18.0306,1577
18.0333,1591
18.0361,1651
18.0389,1720
18.0417,1779
18.0444,1786
18.0472,1711
18.0500,1636
18.0528,1566
18.0556,1504
18.0583,1503
18.0611,1547
18.0639,1600
18.0667,1623
18.0694,1622
18.0722,1597
18.0750,1578
18.0778,1593
18.0806,1606
18.0833,1616
18.0861,1619
18.0889,1636
18.0917,1656
18.0944,1710
18.0972,1789
18.1000,1874
18.1028,1965
18.1056,2071
18.1083,2220
18.1111,2425
18.1139,2683
18.1167,2971
18.1194,3168
18.1222,3153
18.1250,2907
18.1278,2444
18.1306,1946
18.1333,1595
18.1361,1430
18.1389,1417
18.1417,1509
18.1444,1613
18.1472,1660
18.1500,1664
18.1528,1629
18.1556,1566
18.1583,1519
18.1611,1469
18.1639,1448
18.1667,1469
18.1694,1519
18.1722,1575
18.1750,1566
18.1778,1533
18.1806,1498
18.1833,1517
18.1861,1544
18.1889,1580
18.1917,1595
18.1944,1574
18.1972,1549
18.2000,1517
18.2028,1502
18.2056,1538
18.2083,1603
18.2111,1626
18.2139,1616
18.2167,1541
18.2194,1438
18.2222,1380
18.2250,1404
18.2278,1459
18.2306,1527
18.2333,1567
18.2361,1564
18.2389,1517
18.2417,1465
18.2444,1428
18.2472,1453
18.2500,1514
18.2528,1526
18.2556,1529
18.2583,1524
18.2611,1541
18.2639,1547
18.2667,1543
18.2694,1535
18.2722,1534
18.2750,1557
18.2778,1569
18.2806,1578
18.2833,1586
18.2861,1600
18.2889,1579
18.2917,1544
18.2944,1527
18.2972,1516
18.3000,1552
18.3028,1582
18.3056,1608
18.3083,1611
18.3111,1637
18.3139,1663
18.3167,1692
18.3194,1692
18.3222,1649
18.3250,1574
18.3278,1584
18.3306,1545
18.3333,1531
18.3361,1541
18.3389,1526
18.3417,1524
18.3444,1506
18.3472,1467
18.3500,1455
18.3528,1475
18.3556,1477
18.3583,1471
18.3611,1455
18.3639,1449
18.3667,1454
18.3694,1452
18.3722,1436
18.3750,1428
18.3778,1409
18.3806,1388
18.3833,1381
18.3861,1401
18.3889,1401
18.3917,1406
18.3944,1423
18.3972,1446
18.4000,1466
18.4028,1456
18.4056,1426
18.4083,1411
18.4111,1421
18.4139,1410
18.4167,1383
18.4194,1380
18.4222,1400
18.4250,1396
18.4278,1377
18.4306,1410
18.4333,1460
18.4361,1488
18.4389,1499
18.4417,1474
18.4444,1470
18.4472,1457
18.4500,1434
18.4528,1411
18.4556,1383
18.4583,1363
18.4611,1379
18.4639,1418
18.4667,1463
18.4694,1487
18.4722,1485
18.4750,1463
18.4778,1445
18.4806,1434
18.4833,1438
18.4861,1435
18.4889,1426
18.4917,1425
18.4944,1433
18.4972,1406
18.5000,1352
18.5028,1304
18.5056,1323
18.5083,1364
18.5111,1401
18.5139,1405
18.5167,1395
18.5194,1394
18.5222,1377
18.5250,1358
18.5278,1371
18.5306,1417
18.5333,1463
18.5361,1464
18.5389,1433
18.5417,1406
18.5444,1377
18.5472,1358
18.5500,1348
18.5528,1353
18.5556,1389
18.5583,1428
18.5611,1453
18.5639,1462
18.5667,1419
18.5694,1363
18.5722,1348
18.5750,1368
18.5778,1393
18.5806,1391
18.5833,1385
18.5861,1395
18.5889,1451
18.5917,1485
18.5944,1480
18.5972,1424
18.6000,1398
18.6028,1396
18.6056,1387
18.6083,1375
18.6111,1365
18.6139,1370
18.6167,1381
18.6194,1390
18.6222,1361
18.6250,1347
18.6278,1364
18.6306,1390
18.6333,1399
18.6361,1397
18.6389,1409
18.6417,1420
18.6444,1418
18.6472,1412
18.6500,1412
18.6528,1440
18.6556,1424
18.6583,1384
18.6611,1363
18.6639,1374
18.6667,1386
18.6694,1397
18.6722,1408
18.6750,1384
18.6778,1366
18.6806,1349
18.6833,1338
18.6861,1323
18.6889,1347
18.6917,1375
18.6944,1394
18.6972,1392
18.7000,1383
18.7028,1348
18.7056,1320
18.7083,1286
18.7111,1268
18.7139,1289
18.7167,1343
18.7194,1356
18.7222,1325
18.7250,1278
18.7278,1249
18.7306,1305
18.7333,1372
18.7361,1412
18.7389,1407
18.7417,1378
18.7444,1381
18.7472,1388
18.7500,1418
18.7528,1418
18.7556,1411
18.7583,1388
18.7611,1372
18.7639,1384
18.7667,1389
18.7694,1398
18.7722,1447
18.7750,1545
18.7778,1642
18.7806,1727
18.7833,1863
18.7861,2046
18.7889,2270
18.7917,2514
18.7944,2749
18.7972,2861
18.8000,2782
18.8028,2493
18.8056,2096
18.8083,1711
18.8111,1436
18.8139,1305
18.8167,1281
18.8194,1325
18.8222,1371
18.8250,1403
18.8278,1400
18.8306,1358
18.8333,1339
18.8361,1355
18.8389,1419
18.8417,1473
18.8444,1497
18.8472,1480
18.8500,1419
18.8528,1356
18.8556,1314
18.8583,1330
18.8611,1390
18.8639,1428
18.8667,1446
18.8694,1460
18.8722,1472
18.8750,1461
18.8778,1442
18.8806,1431
18.8833,1423
18.8861,1421
18.8889,1415
18.8917,1415
18.8944,1406
18.8972,1387
18.9000,1367
18.9028,1417
18.9056,1489
18.9083,1546
18.9111,1544
18.9139,1507
18.9167,1454
18.9194,1421
18.9222,1409
18.9250,1439
18.9278,1486
18.9306,1526
18.9333,1545
18.9361,1555
18.9389,1553
18.9417,1553
18.9444,1565
18.9472,1582
18.9500,1589
18.9528,1534
18.9556,1479
18.9583,1475
18.9611,1544
18.9639,1621
18.9667,1648
18.9694,1623
18.9722,1578
18.9750,1539
18.9778,1525
18.9806,1545
18.9833,1570
18.9861,1602
18.9889,1637
18.9917,1675
18.9944,1712
18.9972,1737
19.0000,1777
19.0028,1881
19.0056,1888
19.0083,1858
19.0111,1820
19.0139,1807
19.0167,1787
19.0194,1774
19.0222,1755
19.0250,1765
19.0278,1779
19.0306,1790
19.0333,1765
19.0361,1722
19.0389,1703
19.0417,1699
19.0444,1743
19.0472,1775
19.0500,1798
19.0528,1798
19.0556,1793
19.0583,1804
19.0611,1791
19.0639,1766
19.0667,1775
19.0694,1804
19.0722,1822
19.0750,1820
19.0778,1814
19.0806,1817
19.0833,1852
19.0861,1868
19.0889,1857
19.0917,1832
19.0944,1814
19.0972,1797
19.1000,1793
19.1028,1793
19.1056,1802
19.1083,1843
19.1111,1886
19.1139,1904
19.1167,1896
19.1194,1863
19.1222,1834
19.1250,1818
19.1278,1822
19.1306,1840
19.1333,1878
19.1361,1907
19.1389,1911
19.1417,1888
19.1444,1875
19.1472,1888
19.1500,1913
19.1528,1908
19.1556,1897
19.1583,1896
19.1611,1925
19.1639,1949
19.1667,1952
19.1694,1967
19.1722,1988
19.1750,2019
19.1778,2030
19.1806,2021
19.1833,1993
19.1861,1965
19.1889,1944
19.1917,1917
19.1944,1894
19.1972,1909
19.2000,1938
19.2028,1970
19.2056,1951
19.2083,1931
19.2111,1942
19.2139,1961
19.2167,1988
19.2194,1997
19.2222,2009
19.2250,2012
19.2278,1999
19.2306,1971
19.2333,1943
19.2361,1932
19.2389,1932
19.2417,1973
19.2444,1991
19.2472,1993
19.2500,2010
19.2528,2022
19.2556,2038
19.2583,2047
19.2611,2052
19.2639,2023
19.2667,1991
19.2694,1978
19.2722,1987
19.2750,1972
19.2778,1946
19.2806,1932
19.2833,1936
19.2861,1943
19.2889,1951
19.2917,1979
19.2944,2020
19.2972,2029
19.3000,2023
19.3028,1993
19.3056,1976
19.3083,1968
19.3111,1994
19.3139,2022
19.3167,2040
19.3194,2051
19.3222,2036
19.3250,2030
19.3278,2006
19.3306,2000
19.3333,2000
19.3361,1998
19.3389,2023
19.3417,2071
19.3444,2122
19.3472,2158
19.3500,2163
19.3528,2120
19.3556,2065
19.3583,2016
19.3611,2007
19.3639,2017
19.3667,2044
19.3694,2056
19.3722,2069
19.3750,2086
19.3778,2111
19.3806,2111
19.3833,2106
19.3861,2085
19.3889,2064
19.3917,2058
19.3944,2046
19.3972,2043
19.4000,2047
19.4028,2071
19.4056,2104
19.4083,2116
19.4111,2104
19.4139,2068
19.4167,2027
19.4194,2006
19.4222,2007
19.4250,2030
19.4278,2059
19.4306,2070
19.4333,2064
19.4361,2038
19.4389,2012
19.4417,2020
19.4444,2054
19.4472,2073
19.4500,2089
19.4528,2107
19.4556,2101
19.4583,2062
19.4611,2016
19.4639,1991
19.4667,1987
19.4694,1978
19.4722,1975
19.4750,1974
19.4778,2015
19.4806,2027
19.4833,2024
19.4861,2017
19.4889,2006
19.4917,2010
19.4944,2042
19.4972,2090
19.5000,2120
19.5028,2119
19.5056,2077
19.5083,2032
19.5111,2018
19.5139,2038
19.5167,2112
19.5194,2211
19.5222,2338
19.5250,2487
19.5278,2619
19.5306,2747
19.5333,2918
19.5361,3165
19.5389,3337
19.5417,3344
19.5444,3287
19.5472,2982
19.5500,2538
19.5528,2156
19.5556,1941
19.5583,1876
19.5611,1895
19.5639,1971
19.5667,2076
19.5694,2147
19.5722,2162
19.5750,2121
19.5778,2037
19.5806,1947
19.5833,1899
19.5861,1919
19.5889,1959
19.5917,1979
19.5944,1944
19.5972,1909
19.6000,1883
19.6028,1877
19.6056,1888
19.6083,1935
19.6111,1998
19.6139,2010
19.6167,2015
19.6194,1987
19.6222,1962
19.6250,1957
19.6278,1948
19.6306,1946
19.6333,1934
19.6361,1926
19.6389,1950
19.6417,1968
19.6444,1988
19.6472,2013
19.6500,2005
19.6528,1957
19.6556,1898
19.6583,1846
19.6611,1828
19.6639,1830
19.6667,1861
19.6694,1923
19.6722,1975
19.6750,1996
19.6778,1972
19.6806,1947
19.6833,1962
19.6861,2004
19.6889,2057
19.6917,2051
19.6944,1998
19.6972,1903
19.7000,1856
19.7028,1855
19.7056,1893
19.7083,1952
19.7111,2008
19.7139,2049
19.7167,2037
19.7194,2025
19.7222,2014
19.7250,2012
19.7278,2032
19.7306,2022
19.7333,1983
19.7361,1972
19.7389,1973
19.7417,2020
19.7444,2060
19.7472,2058
19.7500,2059
19.7528,2038
19.7556,2059
19.7583,2061
19.7611,2041
19.7639,1991
19.7667,1949
19.7694,1917
19.7722,1875
19.7750,1815
19.7778,1793
19.7806,1849
19.7833,1939
19.7861,1978
19.7889,1972
19.7917,1972
19.7944,1998
19.7972,2024
19.8000,2020
19.8028,1982
19.8056,1963
19.8083,1935
19.8111,1933
19.8139,1951
19.8167,1973
19.8194,1984
19.8222,1977
19.8250,1969
19.8278,1956
19.8306,1936
19.8333,1912
19.8361,1888
19.8389,1867
19.8417,1880
19.8444,1905
19.8472,1934
19.8500,1958
19.8528,1961
19.8556,1952
19.8583,1917
19.8611,1895
19.8639,1878
19.8667,1878
19.8694,1897
19.8722,1925
19.8750,1935
19.8778,1916
19.8806,1874
19.8833,1851
19.8861,1860
19.8889,1867
19.8917,1900
19.8944,1931
19.8972,1963
19.9000,1976
19.9028,1968
19.9056,1941
19.9083,1909
19.9111,1895
19.9139,1889
19.9167,1882
19.9194,1865
19.9222,1867
19.9250,1887
19.9278,1913
19.9306,1928
19.9333,1936
19.9361,1928
19.9389,1912
19.9417,1866
19.9444,1819
19.9472,1789
19.9500,1800
19.9528,1823
19.9556,1816
19.9583,1803
19.9611,1807
19.9639,1839
19.9667,1874
19.9694,1891
19.9722,1882
19.9750,1877
19.9778,1870
19.9806,1859
19.9833,1840
19.9861,1795
19.9889,1779
19.9917,1768
19.9944,1787
19.9972,1796
20.0000,1803
20.0028,1809
20.0056,1781
20.0083,1749
20.0111,1740
20.0139,1754
20.0167,1802
20.0194,1844
20.0222,1865
20.0250,1869
20.0278,1848
20.0306,1805
20.0333,1765
20.0361,1740
20.0389,1742
20.0417,1744
20.0444,1710
20.0472,1685
20.0500,1688
20.0528,1734
20.0556,1799
20.0583,1830
20.0611,1844
20.0639,1844
20.0667,1848
20.0694,1854
20.0722,1857
20.0750,1852
20.0778,1832
20.0806,1785
20.0833,1745
20.0861,1732
20.0889,1752
20.0917,1819
20.0944,1881
20.0972,1913
20.1000,1901
20.1028,1888
20.1056,1873
20.1083,1860
20.1111,1852
20.1139,1849
20.1167,1833
20.1194,1811
20.1222,1797
20.1250,1772
20.1278,1729
20.1306,1690
20.1333,1698
20.1361,1731
20.1389,1792
20.1417,1833
20.1444,1851
20.1472,1854
20.1500,1833
20.1528,1808
20.1556,1802
20.1583,1797
20.1611,1787
20.1639,1760
20.1667,1732
20.1694,1694
20.1722,1681
20.1750,1695
20.1778,1731
20.1806,1758
20.1833,1756
20.1861,1742
20.1889,1725
20.1917,1727
20.1944,1718
20.1972,1705
20.2000,1687
20.2028,1697
20.2056,1717
20.2083,1735
20.2111,1739
20.2139,1727
20.2167,1716
20.2194,1719
20.2222,1718
20.2250,1716
20.2278,1733
20.2306,1738
20.2333,1738
20.2361,1736
20.2389,1718
20.2417,1731
20.2444,1752
20.2472,1760
20.2500,1747
20.2528,1724
20.2556,1718
20.2583,1703
20.2611,1675
20.2639,1664
20.2667,1707
20.2694,1810
20.2722,1917
20.2750,2017
20.2778,2147
20.2806,2288
20.2833,2470
20.2861,2698
20.2889,2919
20.2917,3039
20.2944,2966
20.2972,2688
20.3000,2294
20.3028,1933
20.3056,1703
20.3083,1610
20.3111,1596
20.3139,1633
20.3167,1675
20.3194,1696
20.3222,1684
20.3250,1645
20.3278,1620
20.3306,1620
20.3333,1617
20.3361,1625
20.3389,1614
20.3417,1588
20.3444,1554
20.3472,1543
20.3500,1552
20.3528,1576
20.3556,1583
20.3583,1606
20.3611,1615
20.3639,1626
20.3667,1604
20.3694,1603
20.3722,1609
20.3750,1631
20.3778,1651
20.3806,1637
20.3833,1631
20.3861,1627
20.3889,1607
20.3917,1576
20.3944,1565
20.3972,1570
20.4000,1596
20.4028,1593
20.4056,1574
20.4083,1536
20.4111,1509
20.4139,1484
20.4167,1521
20.4194,1569
20.4222,1593
20.4250,1603
20.4278,1603
20.4306,1614
20.4333,1641
20.4361,1660
20.4389,1671
20.4417,1649
20.4444,1623
20.4472,1584
20.4500,1551
20.4528,1503
20.4556,1535
20.4583,1602
20.4611,1678
20.4639,1720
20.4667,1719
20.4694,1668
20.4722,1608
20.4750,1547
20.4778,1502
20.4806,1554
20.4833,1650
20.4861,1750
20.4889,1782
20.4917,1766
20.4944,1732
20.4972,1742
20.5000,1740
20.5028,1719
20.5056,1679
20.5083,1626
20.5111,1575
20.5139,1554
20.5167,1582
20.5194,1611
20.5222,1625
20.5250,1642
20.5278,1648
20.5306,1655
20.5333,1660
20.5361,1654
20.5389,1612
20.5417,1567
20.5444,1564
20.5472,1576
20.5500,1593
20.5528,1581
20.5556,1577
20.5583,1562
20.5611,1557
20.5639,1568
20.5667,1612
20.5694,1651
20.5722,1684
20.5750,1691
20.5778,1668
20.5806,1653
20.5833,1640
20.5861,1631
20.5889,1629
20.5917,1621
20.5944,1616
20.5972,1590
20.6000,1561
20.6028,1568
20.6056,1596
20.6083,1622
20.6111,1628
20.6139,1622
20.6167,1602
20.6194,1590
20.6222,1593
20.6250,1622
20.6278,1659
20.6306,1662
20.6333,1661
20.6361,1654
20.6389,1656
20.6417,1672
20.6444,1648
20.6472,1591
20.6500,1552
20.6528,1539
20.6556,1564
20.6583,1609
20.6611,1659
20.6639,1670
20.6667,1658
20.6694,1614
20.6722,1529
20.6750,1494
20.6778,1541
20.6806,1615
20.6833,1669
20.6861,1681
20.6889,1655
20.6917,1612
20.6944,1616
20.6972,1649
20.7000,1671
20.7028,1666
20.7056,1652
20.7083,1622
20.7111,1591
20.7139,1582
20.7167,1599
20.7194,1615
20.7222,1650
20.7250,1666
20.7278,1672
20.7306,1675
20.7333,1647
20.7361,1616
20.7389,1605
20.7417,1607
20.7444,1604
20.7472,1600
20.7500,1584
20.7528,1577
20.7556,1563
20.7583,1572
20.7611,1568
20.7639,1569
20.7667,1590
20.7694,1581
20.7722,1569
20.7750,1550
20.7778,1511
20.7806,1497
20.7833,1544
20.7861,1609
20.7889,1663
20.7917,1697
20.7944,1706
20.7972,1714
20.8000,1700
20.8028,1682
20.8056,1649
20.8083,1630
20.8111,1629
20.8139,1643
20.8167,1669
20.8194,1698
20.8222,1680
20.8250,1661
20.8278,1632
20.8306,1631
20.8333,1626
20.8361,1615
20.8389,1606
20.8417,1600
20.8444,1599
20.8472,1606
20.8500,1634
20.8528,1648
20.8556,1639
20.8583,1607
20.8611,1591
20.8639,1617
20.8667,1638
20.8694,1645
20.8722,1646
20.8750,1653
20.8778,1645
20.8806,1633
20.8833,1646
20.8861,1663
20.8889,1646
20.8917,1620
20.8944,1584
20.8972,1548
20.9000,1526
20.9028,1530
20.9056,1558
20.9083,1588
20.9111,1605
20.9139,1604
20.9167,1612
20.9194,1613
20.9222,1602
20.9250,1586
20.9278,1560
20.9306,1565
20.9333,1588
20.9361,1584
20.9389,1578
20.9417,1560
20.9444,1527
20.9472,1500
20.9500,1510
20.9528,1546
20.9556,1561
20.9583,1598
20.9611,1604
20.9639,1618
20.9667,1618
20.9694,1622
20.9722,1616
20.9750,1618
20.9778,1596
20.9806,1555
20.9833,1544
20.9861,1567
20.9889,1630
20.9917,1738
20.9944,1833
20.9972,1946
21.0000,2062
21.0028,2204
21.0056,2370
21.0083,2568
21.0111,2776
21.0139,2838
21.0167,2741
21.0194,2462
21.0222,2088
21.0250,1746
21.0278,1532
21.0306,1446
21.0333,1431
21.0361,1481
21.0389,1546
21.0417,1587
21.0444,1595
21.0472,1602
21.0500,1590
21.0528,1561
21.0556,1543
21.0583,1535
21.0611,1552
21.0639,1570
21.0667,1590
21.0694,1588
21.0722,1558
21.0750,1515
21.0778,1470
21.0806,1427
21.0833,1388
21.0861,1363
21.0889,1359
21.0917,1391
21.0944,1439
21.0972,1476
21.1000,1511
21.1028,1515
21.1056,1495
21.1083,1476
21.1111,1463
21.1139,1483
21.1167,1492
21.1194,1512
21.1222,1536
21.1250,1542
21.1278,1524
21.1306,1506
21.1333,1500
21.1361,1528
21.1389,1536
21.1417,1510
21.1444,1480
21.1472,1448
21.1500,1432
21.1528,1452
21.1556,1489
21.1583,1548
21.1611,1624
21.1639,1648
21.1667,1628
21.1694,1557
21.1722,1488
21.1750,1435
21.1778,1428
21.1806,1440
21.1833,1466
21.1861,1502
21.1889,1519
21.1917,1547
21.1944,1564
21.1972,1571
21.2000,1564
21.2028,1582
21.2056,1589
21.2083,1587
21.2111,1584
21.2139,1582
21.2167,1560
21.2194,1618
21.2222,1621
21.2250,1607
21.2278,1607
21.2306,1612
21.2333,1604
21.2361,1561
21.2389,1528
21.2417,1482
21.2444,1491
21.2472,1523
21.2500,1554
21.2528,1554
21.2556,1532
21.2583,1495
21.2611,1477
21.2639,1454
21.2667,1460
21.2694,1456
21.2722,1475
21.2750,1476
21.2778,1472
21.2806,1458
21.2833,1458
21.2861,1463
21.2889,1476
21.2917,1510
21.2944,1519
21.2972,1503
21.3000,1471
21.3028,1498
21.3056,1534
21.3083,1530
21.3111,1523
21.3139,1474
21.3167,1431
21.3194,1410
21.3222,1410
21.3250,1444
21.3278,1477
21.3306,1511
21.3333,1542
21.3361,1550
21.3389,1555
21.3417,1553
21.3444,1541
21.3472,1513
21.3500,1491
21.3528,1493
21.3556,1493
21.3583,1499
21.3611,1491
21.3639,1481
21.3667,1469
21.3694,1473
21.3722,1476
21.3750,1478
21.3778,1474
21.3806,1483
21.3833,1489
21.3861,1487
21.3889,1486
21.3917,1515
21.3944,1524
21.3972,1528
21.4000,1528
21.4028,1534
21.4056,1522
21.4083,1489
21.4111,1455
21.4139,1443
21.4167,1456
21.4194,1502
21.4222,1551
21.4250,1603
21.4278,1623
21.4306,1629
21.4333,1590
21.4361,1544
21.4389,1498
21.4417,1481
21.4444,1466
21.4472,1451
21.4500,1449
21.4528,1468
21.4556,1468
21.4583,1468
21.4611,1484
21.4639,1497
21.4667,1515
21.4694,1548
21.4722,1557
21.4750,1539
21.4778,1520
21.4806,1503
21.4833,1495
21.4861,1531
21.4889,1571
21.4917,1574
21.4944,1563
21.4972,1541
21.5000,1516
21.5028,1509
21.5056,1519
21.5083,1548
21.5111,1551
21.5139,1535
21.5167,1524
21.5194,1506
21.5222,1496
21.5250,1514
21.5278,1516
21.5306,1488
21.5333,1482
21.5361,1529
21.5389,1572
21.5417,1606
21.5444,1620
21.5472,1592
21.5500,1560
21.5528,1540
21.5556,1537
21.5583,1576
21.5611,1614
21.5639,1646
21.5667,1624
21.5694,1588
21.5722,1525
21.5750,1495
21.5778,1507
21.5806,1554
21.5833,1603
21.5861,1635
21.5889,1633
21.5917,1611
21.5944,1591
21.5972,1581
21.6000,1584
21.6028,1578
21.6056,1566
21.6083,1550
21.6111,1547
21.6139,1527
21.6167,1501
21.6194,1484
21.6222,1488
21.6250,1486
21.6278,1493
21.6306,1512
21.6333,1544
21.6361,1565
21.6389,1570
21.6417,1556
21.6444,1545
21.6472,1521
21.6500,1523
21.6528,1528
21.6556,1531
21.6583,1554
21.6611,1550
21.6639,1552
21.6667,1558
21.6694,1551
21.6722,1552
21.6750,1556
21.6778,1562
21.6806,1590
21.6833,1611
21.6861,1587
21.6889,1588
21.6917,1586
21.6944,1593
21.6972,1591
21.7000,1556
21.7028,1528
21.7056,1540
21.7083,1628
21.7111,1770
21.7139,1910
21.7167,2035
21.7194,2137
21.7222,2238
21.7250,2361
21.7278,2525
21.7306,2738
21.7333,2848
21.7361,2819
21.7389,2602
21.7417,2251
21.7444,1903
21.7472,1646
21.7500,1526
21.7528,1499
21.7556,1542
21.7583,1586
21.7611,1649
21.7639,1671
21.7667,1656
21.7694,1617
21.7722,1577
21.7750,1556
21.7778,1558
21.7806,1586
21.7833,1586
21.7861,1584
21.7889,1570
21.7917,1531
21.7944,1514
21.7972,1507
21.8000,1523
21.8028,1551
21.8056,1554
21.8083,1534
21.8111,1486
21.8139,1461
21.8167,1455
21.8194,1468
21.8222,1508
21.8250,1532
21.8278,1538
21.8306,1540
21.8333,1511
21.8361,1502
21.8389,1507
21.8417,1551
21.8444,1575
21.8472,1607
21.8500,1631
21.8528,1636
21.8556,1651
21.8583,1640
21.8611,1633
21.8639,1605
21.8667,1583
21.8694,1559
21.8722,1552
21.8750,1549
21.8778,1543
21.8806,1548
21.8833,1567
21.8861,1609
21.8889,1636
21.8917,1646
21.8944,1621
21.8972,1609
21.9000,1604
21.9028,1610
21.9056,1649
21.9083,1673
21.9111,1675
21.9139,1659
21.9167,1635
21.9194,1630
21.9222,1663
21.9250,1687
21.9278,1709
21.9306,1710
21.9333,1729
21.9361,1768
21.9389,1819
21.9417,1825
21.9444,1838
21.9472,1798
21.9500,1743
21.9528,1701
21.9556,1686
21.9583,1712
21.9611,1741
21.9639,1755
21.9667,1757
21.9694,1728
21.9722,1685
21.9750,1668
21.9778,1637
21.9806,1637
21.9833,1667
21.9861,1662
21.9889,1656
21.9917,1641
21.9944,1628
21.9972,1627
22.0000,1623
22.0028,1617
22.0056,1624
22.0083,1635
22.0111,1657
22.0139,1683
22.0167,1702
22.0194,1694
22.0222,1687
22.0250,1679
22.0278,1673
22.0306,1667
22.0333,1667
22.0361,1661
22.0389,1657
22.0417,1659
22.0444,1674
22.0472,1673
22.0500,1668
22.0528,1666
22.0556,1669
22.0583,1672
22.0611,1682
22.0639,1717
22.0667,1720
22.0694,1690
22.0722,1641
22.0750,1600
22.0778,1584
22.0806,1586
22.0833,1625
22.0861,1675
22.0889,1705
22.0917,1731
22.0944,1741
22.0972,1716
22.1000,1696
22.1028,1655
22.1056,1645
22.1083,1654
22.1111,1677
22.1139,1686
22.1167,1704
22.1194,1710
22.1222,1706
22.1250,1698
22.1278,1688
22.1306,1683
22.1333,1699
22.1361,1718
22.1389,1706
22.1417,1692
22.1444,1702
22.1472,1704
22.1500,1689
22.1528,1661
22.1556,1650
22.1583,1641
22.1611,1632
22.1639,1619
22.1667,1626
22.1694,1636
22.1722,1651
22.1750,1663
22.1778,1671
22.1806,1685
22.1833,1689
22.1861,1672
22.1889,1638
22.1917,1620
22.1944,1605
22.1972,1607
22.2000,1618
22.2028,1626
22.2056,1613
22.2083,1628
22.2111,1654
22.2139,1683
22.2167,1682
22.2194,1669
22.2222,1641
22.2250,1623
22.2278,1634
22.2306,1622
22.2333,1629
22.2361,1636
22.2389,1643
22.2417,1636
22.2444,1636
22.2472,1658
22.2500,1666
22.2528,1680
22.2556,1695
22.2583,1696
22.2611,1698
22.2639,1691
22.2667,1677
22.2694,1672
22.2722,1657
22.2750,1643
22.2778,1652
22.2806,1652
22.2833,1623
22.2861,1607
22.2889,1623
22.2917,1667
22.2944,1696
22.2972,1705
22.3000,1712
22.3028,1707
22.3056,1695
22.3083,1674
22.3111,1638
22.3139,1588
22.3167,1573
22.3194,1585
22.3222,1649
22.3250,1688
22.3278,1679
22.3306,1614
22.3333,1583
22.3361,1561
22.3389,1579
22.3417,1614
22.3444,1626
22.3472,1630
22.3500,1613
22.3528,1601
22.3556,1582
22.3583,1554
22.3611,1523
22.3639,1537
22.3667,1562
22.3694,1579
22.3722,1592
22.3750,1602
22.3778,1621
22.3806,1646
22.3833,1649
22.3861,1620
22.3889,1621
22.3917,1631
22.3944,1644
22.3972,1656
22.4000,1637
22.4028,1613
22.4056,1602
22.4083,1592
22.4111,1602
22.4139,1597
22.4167,1601
22.4194,1585
22.4222,1561
22.4250,1593
22.4278,1689
22.4306,1808
22.4333,1940
22.4361,2080
22.4389,2227
22.4417,2361
22.4444,2539
22.4472,2741
22.4500,2863
22.4528,2863
22.4556,2714
22.4583,2390
22.4611,2027
22.4639,1745
22.4667,1614
22.4694,1594
22.4722,1629
22.4750,1680
22.4778,1727
22.4806,1729
22.4833,1700
22.4861,1640
22.4889,1570
22.4917,1523
22.4944,1509
22.4972,1517
22.5000,1528
22.5028,1550
22.5056,1551
22.5083,1522
22.5111,1502
22.5139,1505
22.5167,1531
22.5194,1542
22.5222,1562
22.5250,1519
22.5278,1466
22.5306,1477
22.5333,1525
22.5361,1590
22.5389,1644
22.5417,1644
22.5444,1633
22.5472,1597
22.5500,1545
22.5528,1536
22.5556,1534
22.5583,1557
22.5611,1592
22.5639,1626
22.5667,1655
22.5694,1672
22.5722,1622
22.5750,1555
22.5778,1501
22.5806,1498
22.5833,1516
22.5861,1536
22.5889,1550
22.5917,1568
22.5944,1618
22.5972,1631
22.6000,1636
22.6028,1648
22.6056,1649
22.6083,1621
22.6111,1588
22.6139,1579
22.6167,1591
22.6194,1633
22.6222,1686
22.6250,1712
22.6278,1711
22.6306,1703
22.6333,1711
22.6361,1716
22.6389,1723
22.6417,1717
22.6444,1720
22.6472,1703
22.6500,1709
22.6528,1721
22.6556,1923
22.6583,1921
22.6611,1894
22.6639,1827
22.6667,1771
22.6694,1736
22.6722,1714
22.6750,1701
22.6778,1712
22.6806,1745
22.6833,1760
22.6861,1753
22.6889,1721
22.6917,1711
22.6944,1704
22.6972,1711
22.7000,1706
22.7028,1686
22.7056,1671
22.7083,1685
22.7111,1692
22.7139,1695
22.7167,1709
22.7194,1730
22.7222,1730
22.7250,1729
22.7278,1747
22.7306,1781
22.7333,1816
22.7361,1823
22.7389,1813
22.7417,1772
22.7444,1727
22.7472,1694
22.7500,1696
22.7528,1700
22.7556,1703
22.7583,1701
22.7611,1701
22.7639,1730
22.7667,1779
22.7694,1802
22.7722,1775
22.7750,1718
22.7778,1656
22.7806,1645
22.7833,1660
22.7861,1696
22.7889,1734
22.7917,1778
22.7944,1804
22.7972,1804
22.8000,1786
22.8028,1746
22.8056,1752
22.8083,1758
22.8111,1781
22.8139,1803
22.8167,1815
22.8194,1840
22.8222,1877
22.8250,1903
22.8278,1898
22.8306,1845
22.8333,1767
22.8361,1709
22.8389,1696
22.8417,1729
22.8444,1774
22.8472,1811
22.8500,1812
22.8528,1817
22.8556,1802
22.8583,1784
22.8611,1754
22.8639,1756
22.8667,1776
22.8694,1795
22.8722,1796
22.8750,1778
22.8778,1757
22.8806,1769
22.8833,1788
22.8861,1814
22.8889,1829
22.8917,1815
22.8944,1810
22.8972,1823
22.9000,1852
22.9028,1881
22.9056,1906
22.9083,1904
22.9111,1866
22.9139,1841
22.9167,1832
22.9194,1791
22.9222,1777
22.9250,1794
22.9278,1853
22.9306,1904
22.9333,1904
22.9361,1885
22.9389,1860
22.9417,1844
22.9444,1824
22.9472,1808
22.9500,1780
22.9528,1774
22.9556,1788
22.9583,1801
22.9611,1826
22.9639,1843
22.9667,1885
22.9694,1908
22.9722,1934
22.9750,1924
22.9778,1922
22.9806,1939
22.9833,1948
22.9861,1944
22.9889,1949
22.9917,1955
22.9944,1950
22.9972,1955
23.0000,1968
23.0028,1974
23.0056,1970
23.0083,1963
23.0111,1928
23.0139,1903
23.0167,1920
23.0194,1939
23.0222,1970
23.0250,1977
23.0278,1939
23.0306,1878
23.0333,1839
23.0361,1808
23.0389,1843
23.0417,1894
23.0444,1923
23.0472,1920
23.0500,1873
23.0528,1839
23.0556,1845
23.0583,1890
23.0611,1924
23.0639,1948
23.0667,1944
23.0694,1908
23.0722,1913
23.0750,1937
23.0778,1962
23.0806,1949
23.0833,1935
23.0861,1913
23.0889,1893
23.0917,1901
23.0944,1886
23.0972,1895
23.1000,1942
23.1028,1980
23.1056,1999
23.1083,2008
23.1111,1972
23.1139,1920
23.1167,1895
23.1194,1915
23.1222,1938
23.1250,1938
23.1278,1940
23.1306,1917
23.1333,1901
23.1361,1887
23.1389,1872
23.1417,1864
23.1444,1947
23.1472,2082
23.1500,2241
23.1528,2421
23.1556,2637
23.1583,2827
23.1611,3002
23.1639,3158
23.1667,3262
23.1694,3271
23.1722,3120
23.1750,2791
23.1778,2419
23.1806,2142
23.1833,2009
23.1861,1941
23.1889,1941
23.1917,1944
23.1944,1968
23.1972,2001
23.2000,2017
23.2028,1962
23.2056,1880
23.2083,1802
23.2111,1766
23.2139,1749
23.2167,1753
23.2194,1794
23.2222,1872
23.2250,1933
23.2278,1962
23.2306,1959
23.2333,1930
23.2361,1877
23.2389,1854
23.2417,1873
23.2444,1898
23.2472,1904
23.2500,1892
23.2528,1865
23.2556,1854
23.2583,1873
23.2611,1926
23.2639,1939
23.2667,1891
23.2694,1845
23.2722,1820
23.2750,1837
23.2778,1871
23.2806,1897
23.2833,1900
23.2861,1870
23.2889,1858
23.2917,1858
23.2944,1876
23.2972,1922
23.3000,1949
23.3028,1928
23.3056,1882
23.3083,1856
23.3111,1855
23.3139,1902
23.3167,1958
23.3194,2007
23.3222,2030
23.3250,2004
23.3278,1972
23.3306,1925
23.3333,1922
23.3361,1906
23.3389,1891
23.3417,1876
23.3444,1864
23.3472,1884
23.3500,1919
23.3528,1938
23.3556,1958
23.3583,1990
23.3611,1988
23.3639,1984
23.3667,1981
23.3694,2006
23.3722,2031
23.3750,2029
23.3778,2039
23.3806,2051
23.3833,2071
23.3861,2081
23.3889,2063
23.3917,2017
23.3944,1932
23.3972,1853
23.4000,1808
23.4028,1820
23.4056,1855
23.4083,1895
23.4111,1936
23.4139,1966
23.4167,1993
23.4194,1997
23.4222,1945
23.4250,1882
23.4278,1866
23.4306,1858
23.4333,1840
23.4361,1860
23.4389,1867
23.4417,1863
23.4444,1865
23.4472,1878
23.4500,1913
23.4528,1931
23.4556,1947
23.4583,1949
23.4611,1927
23.4639,1898
23.4667,1849
23.4694,1840
23.4722,1883
23.4750,1915
23.4778,1906
23.4806,1881
23.4833,1819
23.4861,1754
23.4889,1721
23.4917,1749
23.4944,1806
23.4972,1877
23.5000,1917
23.5028,1926
23.5056,1889
23.5083,1849
23.5111,1817
23.5139,1800
23.5167,1813
23.5194,1827
23.5222,1792
23.5250,1772
23.5278,1826
23.5306,1869
23.5333,1901
23.5361,1920
23.5389,1899
23.5417,1886
23.5444,1879
23.5472,1865
23.5500,1866
23.5528,1863
23.5556,1881
23.5583,1893
23.5611,1914
23.5639,1918
23.5667,1862
23.5694,1821
23.5722,1764
23.5750,1756
23.5778,1758
23.5806,1752
23.5833,1743
23.5861,1733
23.5889,1761
23.5917,1788
23.5944,1809
23.5972,1805
23.6000,1783
23.6028,1749
23.6056,1739
23.6083,1790
23.6111,1828
23.6139,1807
23.6167,1774
23.6194,1743
23.6222,1741
23.6250,1728
23.6278,1733
23.6306,1748
23.6333,1758
23.6361,1791
23.6389,1808
23.6417,1777
23.6444,1723
23.6472,1710
23.6500,1742
23.6528,1782
23.6556,1831
23.6583,1854
23.6611,1810
23.6639,1766
23.6667,1725
23.6694,1696
23.6722,1719
23.6750,1763
23.6778,1789
23.6806,1781
23.6833,1755
23.6861,1730
23.6889,1709
23.6917,1701
23.6944,1686
23.6972,1695
23.7000,1743
23.7028,1785
23.7056,1779
23.7083,1739
23.7111,1711
23.7139,1709
23.7167,1715
23.7194,1708
23.7222,1724
23.7250,1770
23.7278,1804
23.7306,1789
23.7333,1777
23.7361,1793
23.7389,1804
23.7417,1802
23.7444,1793
23.7472,1764
23.7500,1745
23.7528,1753
23.7556,1740
23.7583,1696
23.7611,1637
23.7639,1653
23.7667,1695
23.7694,1727
23.7722,1736
23.7750,1716
23.7778,1682
23.7806,1667
23.7833,1661
23.7861,1675
23.7889,1684
23.7917,1701
23.7944,1707
23.7972,1711
23.8000,1721
23.8028,1723
23.8056,1714
23.8083,1696
23.8111,1662
23.8139,1657
23.8167,1666
23.8194,1687
23.8222,1722
23.8250,1769
23.8278,1808
23.8306,1832
23.8333,1819
23.8361,1759
23.8389,1703
23.8417,1658
23.8444,1609
23.8472,1584
23.8500,1608
23.8528,1678
23.8556,1774
23.8583,1899
23.8611,2028
23.8639,2159
23.8667,2298
23.8694,2428
23.8722,2557
23.8750,2726
23.8778,2882
23.8806,2922
23.8833,2765
23.8861,2432
23.8889,2062
23.8917,1765
23.8944,1593
23.8972,1537
23.9000,1569
23.9028,1656
23.9056,1736
23.9083,1769
23.9111,1767
23.9139,1736
23.9167,1713
23.9194,1670
23.9222,1630
23.9250,1576
23.9278,1554
23.9306,1587
23.9333,1606
23.9361,1619
23.9389,1613
23.9417,1595
23.9444,1581
23.9472,1571
23.9500,1578
23.9528,1576
23.9556,1557
23.9583,1567
23.9611,1576
23.9639,1578
23.9667,1584
23.9694,1602
23.9722,1589
23.9750,1571
23.9778,1560
23.9806,1564
23.9833,1587
23.9861,1611
23.9889,1637
23.9917,1647
23.9944,1645
23.9972,1638
24.0000,1604
24.0028,1597
24.0056,1573
24.0083,1549
24.0111,1541
24.0139,1545
24.0167,1529
24.0194,1548
24.0222,1579
24.0250,1593
24.0278,1605
24.0306,1638
24.0333,1663
24.0361,1670
24.0389,1645
24.0417,1612
24.0444,1602
24.0472,1597
24.0500,1601
24.0528,1606
24.0556,1611
24.0583,1597
24.0611,1612
24.0639,1635
24.0667,1660
24.0694,1683
24.0722,1694
24.0750,1668
24.0778,1645
24.0806,1655
24.0833,1676
24.0861,1675
24.0889,1687
24.0917,1708
24.0944,1718
24.0972,1698
24.1000,1677
24.1028,1662
24.1056,1631
24.1083,1605
24.1111,1590
24.1139,1574
24.1167,1591
24.1194,1620
24.1222,1641
24.1250,1652
24.1278,1683
24.1306,1689
24.1333,1676
24.1361,1628
24.1389,1590
24.1417,1590
24.1444,1599
24.1472,1580
24.1500,1568
24.1528,1579
24.1556,1563
24.1583,1534
24.1611,1511
24.1639,1507
24.1667,1522
24.1694,1545
24.1722,1588
24.1750,1617
24.1778,1619
24.1806,1622
24.1833,1632
24.1861,1627
24.1889,1596
24.1917,1561
24.1944,1547
24.1972,1560
24.2000,1577
24.2028,1599
24.2056,1627
24.2083,1631
24.2111,1612
24.2139,1584
24.2167,1596
24.2194,1610
24.2222,1622
24.2250,1621
24.2278,1625
24.2306,1619
24.2333,1616
24.2361,1597
24.2389,1585
24.2417,1587
24.2444,1628
24.2472,1678
24.2500,1696
24.2528,1680
24.2556,1665
24.2583,1628
24.2611,1601
24.2639,1597
24.2667,1602
24.2694,1609
24.2722,1590
24.2750,1570
24.2778,1566
24.2806,1567
24.2833,1564
24.2861,1555
24.2889,1541
24.2917,1547
24.2944,1544
24.2972,1544
24.3000,1581
24.3028,1604
24.3056,1644
24.3083,1650
24.3111,1644
24.3139,1624
24.3167,1605
24.3194,1620
24.3222,1639
24.3250,1650
24.3278,1609
24.3306,1600
24.3333,1620
24.3361,1654
24.3389,1689
24.3417,1704
24.3444,1711
24.3472,1690
24.3500,1649
24.3528,1596
24.3556,1549
24.3583,1575
24.3611,1603
24.3639,1620
24.3667,1617
24.3694,1650
24.3722,1693
24.3750,1708
24.3778,1696
24.3806,1647
24.3833,1582
24.3861,1556
24.3889,1592
24.3917,1639
24.3944,1668
24.3972,1685
24.4000,1692
24.4028,1709
24.4056,1707
24.4083,1711
24.4111,1695
24.4139,1644
24.4167,1586
24.4194,1570
24.4222,1571
24.4250,1585
24.4278,1604
24.4306,1601
24.4333,1564
24.4361,1547
24.4389,1540
24.4417,1524
24.4444,1514
24.4472,1525
24.4500,1550
24.4528,1534
24.4556,1526
24.4583,1509
24.4611,1545
24.4639,1586
24.4667,1615
24.4694,1657
24.4722,1685
24.4750,1669
24.4778,1647
24.4806,1615
24.4833,1595
24.4861,1583
24.4889,1594
24.4917,1602
24.4944,1594
24.4972,1576
24.5000,1566
24.5028,1547
24.5056,1568
24.5083,1559
24.5111,1541
24.5139,1538
24.5167,1572
24.5194,1651
24.5222,1760
24.5250,1870
24.5278,2040
24.5306,2203
24.5333,2323
24.5361,2466
24.5389,2630
24.5417,2757
24.5444,2719
24.5472,2496
24.5500,2143
24.5528,1780
24.5556,1539
24.5583,1456
24.5611,1485
24.5639,1555
24.5667,1606
24.5694,1630
24.5722,1607
24.5750,1562
24.5778,1542
24.5806,1542
24.5833,1532
24.5861,1537
24.5889,1552
24.5917,1551
24.5944,1554
24.5972,1553
24.6000,1537
24.6028,1540
24.6056,1532
24.6083,1513
24.6111,1505
24.6139,1511
24.6167,1485
24.6194,1453
24.6222,1430
24.6250,1445
24.6278,1483
24.6306,1516
24.6333,1540
24.6361,1530
24.6389,1506
24.6417,1499
24.6444,1485
24.6472,1468
24.6500,1457
24.6528,1467
24.6556,1484
24.6583,1494
24.6611,1473
24.6639,1490
24.6667,1528
24.6694,1561
24.6722,1563
24.6750,1572
24.6778,1544
24.6806,1517
24.6833,1514
24.6861,1548
24.6889,1598
24.6917,1627
24.6944,1627
24.6972,1601
24.7000,1537
24.7028,1484
24.7056,1461
24.7083,1481
24.7111,1540
24.7139,1595
24.7167,1625
24.7194,1621
24.7222,1584
24.7250,1536
24.7278,1516
24.7306,1522
24.7333,1529
24.7361,1555
24.7389,1593
24.7417,1627
24.7444,1653
24.7472,1737
24.7500,1745
24.7528,1722
24.7556,1693
24.7583,1661
24.7611,1607
24.7639,1555
24.7667,1503
24.7694,1476
24.7722,1481
24.7750,1492
24.7778,1518
24.7806,1529
24.7833,1533
24.7861,1528
24.7889,1508
24.7917,1487
24.7944,1456
24.7972,1430
24.8000,1449
24.8028,1498
24.8056,1544
24.8083,1554
24.8111,1550
24.8139,1526
24.8167,1496
24.8194,1457
24.8222,1448
24.8250,1431
24.8278,1438
24.8306,1464
24.8333,1499
24.8361,1526
24.8389,1556
24.8417,1545
24.8444,1463
24.8472,1380
24.8500,1341
24.8528,1356
24.8556,1405
24.8583,1478
24.8611,1506
24.8639,1519
24.8667,1504
24.8694,1482
24.8722,1469
24.8750,1481
24.8778,1496
24.8806,1515
24.8833,1536
24.8861,1546
24.8889,1550
24.8917,1574
24.8944,1579
24.8972,1583
24.9000,1561
24.9028,1516
24.9056,1461
24.9083,1423
24.9111,1424
24.9139,1442
24.9167,1479
24.9194,1497
24.9222,1499
24.9250,1489
24.9278,1491
24.9306,1506
24.9333,1494
24.9361,1465
24.9389,1422
24.9417,1402
24.9444,1412
24.9472,1440
24.9500,1473
24.9528,1504
24.9556,1518
24.9583,1499
24.9611,1454
24.9639,1416
24.9667,1427
24.9694,1473
24.9722,1506
24.9750,1519
24.9778,1500
24.9806,1462
24.9833,1443
24.9861,1452
24.9889,1490
24.9917,1530
24.9944,1516
24.9972,1454
25.0000,1375
25.0028,1351
25.0056,1383
25.0083,1412
25.0111,1427
25.0139,1434
25.0167,1438
25.0194,1449
25.0222,1490
25.0250,1512
25.0278,1490
25.0306,1477
25.0333,1469
25.0361,1482
25.0389,1499
25.0417,1480
25.0444,1472
25.0472,1476
25.0500,1467
25.0528,1462
25.0556,1501
25.0583,1540
25.0611,1526
25.0639,1514
25.0667,1480
25.0694,1463
25.0722,1479
25.0750,1475
25.0778,1464
25.0806,1468
25.0833,1471
25.0861,1478
25.0889,1464
25.0917,1429
25.0944,1403
25.0972,1408
25.1000,1433
25.1028,1456
25.1056,1478
25.1083,1468
25.1111,1458
25.1139,1466
25.1167,1452
25.1194,1415
25.1222,1365
25.1250,1370
25.1278,1403
25.1306,1446
25.1333,1440
25.1361,1396
25.1389,1380
25.1417,1405
25.1444,1454
25.1472,1486
25.1500,1507
25.1528,1521
25.1556,1504
25.1583,1428
25.1611,1392
25.1639,1418
25.1667,1471
25.1694,1511
25.1722,1542
25.1750,1547
25.1778,1512
25.1806,1445
25.1833,1420
25.1861,1428
25.1889,1438
25.1917,1439
25.1944,1432
25.1972,1459
25.2000,1564
25.2028,1692
25.2056,1761
25.2083,1834
25.2111,1967
25.2139,2162
25.2167,2377
25.2194,2606
25.2222,2803
25.2250,2915
25.2278,2835
25.2306,2529
25.2333,2099
25.2361,1756
25.2389,1523
25.2417,1424
25.2444,1441
25.2472,1506
25.2500,1578
25.2528,1626
25.2556,1636
25.2583,1601
25.2611,1523
25.2639,1457
25.2667,1422
25.2694,1426
25.2722,1444
25.2750,1446
25.2778,1420
25.2806,1386
25.2833,1379
25.2861,1376
25.2889,1384
25.2917,1430
25.2944,1480
25.2972,1508
25.3000,1511
25.3028,1465
25.3056,1419
25.3083,1397
25.3111,1414
25.3139,1450
25.3167,1486
25.3194,1512
25.3222,1516
25.3250,1505
25.3278,1500
25.3306,1519
25.3333,1532
25.3361,1522
25.3389,1482
25.3417,1458
25.3444,1469
25.3472,1476
25.3500,1502
25.3528,1522
25.3556,1499
25.3583,1482
25.3611,1493
25.3639,1516
25.3667,1524
25.3694,1517
25.3722,1511
25.3750,1529
25.3778,1585
25.3806,1599
25.3833,1578
25.3861,1561
25.3889,1551
25.3917,1548
25.3944,1554
25.3972,1556
25.4000,1525
25.4028,1483
25.4056,1481
25.4083,1514
25.4111,1537
25.4139,1581
25.4167,1636
25.4194,1670
25.4222,1672
25.4250,1655
25.4278,1648
25.4306,1709
25.4333,1705
25.4361,1705
25.4389,1696
25.4417,1683
25.4444,1663
25.4472,1654
25.4500,1633
25.4528,1629
25.4556,1646
25.4583,1662
25.4611,1648
25.4639,1642
25.4667,1653
25.4694,1653
25.4722,1627
25.4750,1633
25.4778,1617
25.4806,1595
25.4833,1558
25.4861,1556
25.4889,1556
25.4917,1576
25.4944,1603
25.4972,1659
25.5000,1701
25.5028,1720
25.5056,1684
25.5083,1635
25.5111,1605
25.5139,1630
25.5167,1663
25.5194,1673
25.5222,1635
25.5250,1594
25.5278,1569
25.5306,1593
25.5333,1666
25.5361,1723
25.5389,1729
25.5417,1698
25.5444,1697
25.5472,1720
25.5500,1704
25.5528,1671
25.5556,1664
25.5583,1689
25.5611,1705
25.5639,1689
25.5667,1652
25.5694,1633
25.5722,1659
25.5750,1696
25.5778,1762
25.5806,1817
25.5833,1839
25.5861,1821
25.5889,1773
25.5917,1707
25.5944,1673
25.5972,1688
25.6000,1734
25.6028,1785
25.6056,1786
25.6083,1748
25.6111,1684
25.6139,1651
25.6167,1654
25.6194,1696
25.6222,1749
25.6250,1799
25.6278,1806
25.6306,1780
25.6333,1754
25.6361,1755
25.6389,1764
25.6417,1781
25.6444,1813
25.6472,1847
25.6500,1841
25.6528,1838
25.6556,1837
25.6583,1817
25.6611,1788
25.6639,1747
25.6667,1747
25.6694,1782
25.6722,1775
25.6750,1755
25.6778,1741
25.6806,1729
25.6833,1714
25.6861,1706
25.6889,1704
25.6917,1725
25.6944,1729
25.6972,1742
25.7000,1755
25.7028,1741
25.7056,1757
25.7083,1766
25.7111,1772
25.7139,1779
25.7167,1806
25.7194,1852
25.7222,1888
25.7250,1920
25.7278,1938
25.7306,1914
25.7333,1871
25.7361,1846
25.7389,1831
25.7417,1831
25.7444,1819
25.7472,1827
25.7500,1862
25.7528,1886
25.7556,1872
25.7583,1826
25.7611,1780
25.7639,1752
25.7667,1766
25.7694,1784
25.7722,1807
25.7750,1825
25.7778,1837
25.7806,1847
25.7833,1855
25.7861,1852
25.7889,1858
25.7917,1861
25.7944,1843
25.7972,1810
25.8000,1781
25.8028,1772
25.8056,1796
25.8083,1828
25.8111,1873
25.8139,1903
25.8167,1885
25.8194,1812
25.8222,1723
25.8250,1677
25.8278,1684
25.8306,1719
25.8333,1750
25.8361,1766
25.8389,1770
25.8417,1782
25.8444,1824
25.8472,1842
25.8500,1854
25.8528,1834
25.8556,1804
25.8583,1769
25.8611,1743
25.8639,1718
25.8667,1734
25.8694,1741
25.8722,1782
25.8750,1838
25.8778,1859
25.8806,1824
25.8833,1750
25.8861,1709
25.8889,1752
25.8917,1809
25.8944,1891
25.8972,1991
25.9000,2071
25.9028,2159
25.9056,2257
25.9083,2389
25.9111,2519
25.9139,2669
25.9167,2879
25.9194,3105
25.9222,3189
25.9250,3112
25.9278,2812
25.9306,2383
25.9333,2025
25.9361,1816
25.9389,1721
25.9417,1705
25.9444,1716
25.9472,1731
25.9500,1750
25.9528,1811
25.9556,1873
25.9583,1892
25.9611,1857
25.9639,1801
25.9667,1754
25.9694,1705
25.9722,1700
25.9750,1755
25.9778,1811
25.9806,1840
25.9833,1841
25.9861,1837
25.9889,1815
25.9917,1784
25.9944,1770
25.9972,1779
26.0000,1772
26.0028,1765
26.0056,1736
26.0083,1723
26.0111,1712
26.0139,1716
26.0167,1724
26.0194,1726
26.0222,1736
26.0250,1755
26.0278,1793
26.0306,1810
26.0333,1805
26.0361,1787
26.0389,1770
26.0417,1790
26.0444,1840
26.0472,1886
26.0500,1896
26.0528,1865
26.0556,1796
26.0583,1733
26.0611,1687
26.0639,1687
26.0667,1704
26.0694,1747
26.0722,1770
26.0750,1803
26.0778,1835
26.0806,1855
26.0833,1845
26.0861,1829
26.0889,1840
26.0917,1858
26.0944,1900
26.0972,1928
26.1000,1934
26.1028,1914
26.1056,1873
26.1083,1803
26.1111,1758
26.1139,1786
26.1167,1830
26.1194,1862
26.1222,1872
26.1250,1856
26.1278,1972
26.1306,1978
26.1333,1967
26.1361,1896
26.1389,1800
26.1417,1768
26.1444,1800
26.1472,1856
26.1500,1910
26.1528,1905
26.1556,1851
26.1583,1794
26.1611,1760
26.1639,1750
26.1667,1769
26.1694,1767
26.1722,1781
26.1750,1791
26.1778,1794
26.1806,1795
26.1833,1807
26.1861,1794
26.1889,1773
26.1917,1762
26.1944,1777
26.1972,1788
26.2000,1790
26.2028,1770
26.2056,1769
26.2083,1806
26.2111,1837
26.2139,1846
26.2167,1854
26.2194,1869
26.2222,1872
26.2250,1860
26.2278,1870
26.2306,1857
26.2333,1818
26.2361,1798
26.2389,1774
26.2417,1749
26.2444,1708
26.2472,1712
26.2500,1746
26.2528,1812
26.2556,1828
26.2583,1791
26.2611,1764
26.2639,1780
26.2667,1806
26.2694,1860
26.2722,1905
26.2750,1907
26.2778,1877
26.2806,1832
26.2833,1777
26.2861,1763
26.2889,1768
26.2917,1815
26.2944,1859
26.2972,1858
26.3000,1823
26.3028,1789
26.3056,1786
26.3083,1824
26.3111,1855
26.3139,1839
26.3167,1818
26.3194,1783
26.3222,1733
26.3250,1738
26.3278,1797
26.3306,1861
26.3333,1867
26.3361,1839
26.3389,1813
26.3417,1828
26.3444,1819
26.3472,1808
26.3500,1800
26.3528,1823
26.3556,1819
26.3583,1809
26.3611,1807
26.3639,1787
26.3667,1739
26.3694,1665
26.3722,1623
26.3750,1612
26.3778,1648
26.3806,1680
26.3833,1732
26.3861,1757
26.3889,1752
26.3917,1764
26.3944,1793
26.3972,1821
26.4000,1838
26.4028,1825
26.4056,1776
26.4083,1748
26.4111,1744
26.4139,1781
26.4167,1828
26.4194,1848
26.4222,1855
26.4250,1825
26.4278,1816
26.4306,1816
26.4333,1805
26.4361,1796
26.4389,1814
26.4417,1830
26.4444,1864
26.4472,1872
26.4500,1852
26.4528,1803
26.4556,1776
26.4583,1773
26.4611,1794
26.4639,1812
26.4667,1805
26.4694,1771
26.4722,1743
26.4750,1721
26.4778,1717
26.4806,1741
26.4833,1752
26.4861,1771
26.4889,1805
26.4917,1841
26.4944,1869
26.4972,1886
26.5000,1879
26.5028,1859
26.5056,1814
26.5083,1773
26.5111,1719
26.5139,1691
26.5167,1709
26.5194,1726
26.5222,1730
26.5250,1765
26.5278,1785
26.5306,1786
26.5333,1791
26.5361,1770
26.5389,1707
26.5417,1624
26.5444,1624
26.5472,1647
26.5500,1687
26.5528,1734
26.5556,1753
26.5583,1783
26.5611,1801
26.5639,1760
26.5667,1698
26.5694,1676
26.5722,1693
26.5750,1715
26.5778,1762
26.5806,1830
26.5833,1850
26.5861,1855
26.5889,1818
26.5917,1761
26.5944,1721
26.5972,1685
26.6000,1665
26.6028,1675
26.6056,1691
26.6083,1686
26.6111,1717
26.6139,1815
26.6167,1942
26.6194,2045
26.6222,2140
26.6250,2231
26.6278,2393
26.6306,2595
26.6333,2848
26.6361,3027
26.6389,3045
26.6417,2846
26.6444,2455
26.6472,2032
26.6500,1747
26.6528,1638
26.6556,1657
26.6583,1732
26.6611,1751
26.6639,1713
26.6667,1681
26.6694,1666
26.6722,1627
26.6750,1588
26.6778,1544
26.6806,1571
26.6833,1632
26.6861,1714
26.6889,1758
26.6917,1747
26.6944,1702
26.6972,1627
26.7000,1582
26.7028,1591
26.7056,1632
26.7083,1655
26.7111,1651
26.7139,1629
26.7167,1604
26.7194,1594
26.7222,1591
26.7250,1608
26.7278,1637
26.7306,1677
26.7333,1677
26.7361,1640
26.7389,1616
26.7417,1641
26.7444,1669
26.7472,1667
26.7500,1638
26.7528,1612
26.7556,1601
26.7583,1633
26.7611,1662
26.7639,1682
26.7667,1679
26.7694,1641
26.7722,1620
26.7750,1619
26.7778,1621
26.7806,1610
26.7833,1624
26.7861,1683
26.7889,1725
26.7917,1731
26.7944,1705
26.7972,1654
26.8000,1615
26.8028,1609
26.8056,1631
26.8083,1684
26.8111,1744
26.8139,1777
26.8167,1797
26.8194,1792
26.8222,1747
26.8250,1694
26.8278,1663
26.8306,1658
26.8333,1664
26.8361,1655
26.8389,1677
26.8417,1744
26.8444,1757
26.8472,1751
26.8500,1769
26.8528,1768
26.8556,1712
26.8583,1664
26.8611,1630
26.8639,1621
26.8667,1629
26.8694,1643
26.8722,1653
26.8750,1665
26.8778,1656
26.8806,1631
26.8833,1616
26.8861,1617
26.8889,1592
26.8917,1567
26.8944,1605
26.8972,1639
26.9000,1684
26.9028,1695
26.9056,1635
26.9083,1592
26.9111,1592
26.9139,1608
26.9167,1648
26.9194,1694
26.9222,1720
26.9250,1749
26.9278,1763
26.9306,1754
26.9333,1695
26.9361,1641
26.9389,1625
26.9417,1629
26.9444,1638
26.9472,1638
26.9500,1615
26.9528,1609
26.9556,1600
26.9583,1626
26.9611,1646
26.9639,1648
26.9667,1633
26.9694,1619
26.9722,1617
26.9750,1637
26.9778,1656
26.9806,1650
26.9833,1656
26.9861,1662
26.9889,1655
26.9917,1657
26.9944,1692
26.9972,1724
27.0000,1752
27.0028,1788
27.0056,1811
27.0083,1787
27.0111,1733
27.0139,1683
27.0167,1626
27.0194,1635
27.0222,1658
27.0250,1663
27.0278,1660
27.0306,1645
27.0333,1619
27.0361,1620
27.0389,1652
27.0417,1681
27.0444,1694
27.0472,1673
27.0500,1653
27.0528,1631
27.0556,1587
27.0583,1547
27.0611,1539
27.0639,1568
27.0667,1640
27.0694,1724
27.0722,1781
27.0750,1761
27.0778,1691
27.0806,1659
27.0833,1634
27.0861,1644
27.0889,1669
27.0917,1691
27.0944,1680
27.0972,1661
27.1000,1667
27.1028,1665
27.1056,1668
27.1083,1657
27.1111,1648
27.1139,1616
27.1167,1586
27.1194,1596
27.1222,1622
27.1250,1662
27.1278,1677
27.1306,1670
27.1333,1663
27.1361,1677
27.1389,1705
27.1417,1716
27.1444,1725
27.1472,1719
27.1500,1707
27.1528,1706
27.1556,1714
27.1583,1695
27.1611,1697
27.1639,1717
27.1667,1736
27.1694,1742
27.1722,1712
27.1750,1693
27.1778,1685
27.1806,1700
27.1833,1723
27.1861,1734
27.1889,1727
27.1917,1717
27.1944,1727
27.1972,1763
27.2000,1795
27.2028,1794
27.2056,1771
27.2083,1720
27.2111,1671
27.2139,1648
27.2167,1641
27.2194,1641
27.2222,1613
27.2250,1602
27.2278,1625
27.2306,1640
27.2333,1641
27.2361,1629
27.2389,1619
27.2417,1625
27.2444,1596
27.2472,1563
27.2500,1602
27.2528,1657
27.2556,1714
27.2583,1717
27.2611,1727
27.2639,1721
27.2667,1724
27.2694,1700
27.2722,1650
27.2750,1590
27.2778,1580
27.2806,1607
27.2833,1650
27.2861,1657
27.2889,1673
27.2917,1666
27.2944,1654
27.2972,1622
27.3000,1595
27.3028,1593
27.3056,1657
27.3083,1710
27.3111,1722
27.3139,1704
27.3167,1679
27.3194,1697
27.3222,1772
27.3250,1892
27.3278,1995
27.3306,2099
27.3333,2256
27.3361,2434
27.3389,2631
27.3417,2821
27.3444,2934
27.3472,2947
27.3500,2757
27.3528,2402
27.3556,1990
27.3583,1682
27.3611,1540
27.3639,1551
27.3667,1658
27.3694,1728
27.3722,1738
27.3750,1701
27.3778,1625
27.3806,1582
27.3833,1552
27.3861,1587
27.3889,1651
27.3917,1681
27.3944,1678
27.3972,1648
27.4000,1591
27.4028,1545
27.4056,1515
27.4083,1510
27.4111,1527
27.4139,1557
27.4167,1589
27.4194,1606
27.4222,1590
27.4250,1561
27.4278,1592
27.4306,1638
27.4333,1634
27.4361,1565
27.4389,1544
27.4417,1577
27.4444,1617
27.4472,1649
27.4500,1662
27.4528,1671
27.4556,1682
27.4583,1705
27.4611,1686
27.4639,1663
27.4667,1625
27.4694,1621
27.4722,1624
27.4750,1616
27.4778,1606
27.4806,1589
27.4833,1587
27.4861,1600
27.4889,1631
27.4917,1676
27.4944,1690
27.4972,1652
27.5000,1604
27.5028,1580
27.5056,1604
27.5083,1611
27.5111,1621
27.5139,1640
27.5167,1678
27.5194,1687
27.5222,1678
27.5250,1675
27.5278,1694
27.5306,1725
27.5333,1749
27.5361,1771
27.5389,1779
27.5417,1776
27.5444,1740
27.5472,1716
27.5500,1741
27.5528,1747
27.5556,1745
27.5583,1766
27.5611,1771
27.5639,1765
27.5667,1737
27.5694,1679
27.5722,1663
27.5750,1669
27.5778,1688
27.5806,1715
27.5833,1729
27.5861,1741
27.5889,1744
27.5917,1739
27.5944,1724
27.5972,1687
27.6000,1626
27.6028,1587
27.6056,1591
27.6083,1633
27.6111,1692
27.6139,1721
27.6167,1725
27.6194,1723
27.6222,1706
27.6250,1678
27.6278,1628
27.6306,1554
27.6333,1497
27.6361,1532
27.6389,1594
27.6417,1647
27.6444,1697
27.6472,1728
27.6500,1731
27.6528,1725
27.6556,1698
27.6583,1634
27.6611,1597
27.6639,1618
27.6667,1675
27.6694,1732
27.6722,1772
27.6750,1814
27.6778,1817
27.6806,1790
27.6833,1727
27.6861,1681
27.6889,1670
27.6917,1673
27.6944,1706
27.6972,1752
27.7000,1743
27.7028,1709
27.7056,1697
27.7083,1676
27.7111,1649
27.7139,1617
27.7167,1604
27.7194,1612
27.7222,1650
27.7250,1672
27.7278,1669
27.7306,1675
27.7333,1690
27.7361,1708
27.7389,1735
27.7417,1749
27.7444,1740
27.7472,1723
27.7500,1695
27.7528,1678
27.7556,1678
27.7583,1666
27.7611,1671
27.7639,1635
27.7667,1620
27.7694,1682
27.7722,1725
27.7750,1759
27.7778,1757
27.7806,1748
27.7833,1718
27.7861,1665
27.7889,1607
27.7917,1578
27.7944,1586
27.7972,1637
27.8000,1686
27.8028,1663
27.8056,1603
27.8083,1592
27.8111,1619
27.8139,1665
27.8167,1711
27.8194,1719
27.8222,1696
27.8250,1676
27.8278,1680
27.8306,1687
27.8333,1659
27.8361,1591
27.8389,1563
27.8417,1582
27.8444,1616
27.8472,1666
27.8500,1695
27.8528,1746
27.8556,1786
27.8583,1792
27.8611,1740
27.8639,1676
27.8667,1648
27.8694,1657
27.8722,1685
27.8750,1714
27.8778,1750
27.8806,1751
27.8833,1745
27.8861,1706
27.8889,1652
27.8917,1643
27.8944,1645
27.8972,1647
27.9000,1641
27.9028,1651
27.9056,1646
27.9083,1674
27.9111,1684
27.9139,1671
27.9167,1648
27.9194,1674
27.9222,1667
27.9250,1654
27.9278,1630
27.9306,1612
27.9333,1634
27.9361,1651
27.9389,1662
27.9417,1659
27.9444,1667
27.9472,1632
27.9500,1609
27.9528,1597
27.9556,1613
27.9583,1633
27.9611,1642
27.9639,1656
27.9667,1672
27.9694,1675
27.9722,1677
27.9750,1677
27.9778,1674
27.9806,1642
27.9833,1614
27.9861,1592
27.9889,1585
27.9917,1569
27.9944,1556
27.9972,1560
28.0000,1541
28.0028,1525
28.0056,1549
28.0083,1612
28.0111,1635
28.0139,1640
28.0167,1653
28.0194,1636
28.0222,1627
28.0250,1656
28.0278,1718
28.0306,1812
28.0333,1903
28.0361,2014
28.0389,2180
28.0417,2363
28.0444,2571
28.0472,2787
28.0500,2936
28.0528,2955
28.0556,2806
28.0583,2485
28.0611,2106
28.0639,1795
28.0667,1607
28.0694,1541
28.0722,1541
28.0750,1588
28.0778,1655
28.0806,1676
28.0833,1646
28.0861,1584
28.0889,1520
28.0917,1505
28.0944,1555
28.0972,1574
28.1000,1548
28.1028,1520
28.1056,1496
28.1083,1511
28.1111,1554
28.1139,1581
28.1167,1572
28.1194,1553
28.1222,1558
28.1250,1567
28.1278,1578
28.1306,1575
28.1333,1559
28.1361,1554
28.1389,1540
28.1417,1541
28.1444,1556
28.1472,1558
28.1500,1547
28.1528,1554
28.1556,1544
28.1583,1542
28.1611,1545
28.1639,1561
28.1667,1567
28.1694,1529
28.1722,1515
28.1750,1526
28.1778,1561
28.1806,1601
28.1833,1638
28.1861,1663
28.1889,1639
28.1917,1576
28.1944,1516
28.1972,1513
28.2000,1545
28.2028,1602
28.2056,1644
28.2083,1624
28.2111,1613
28.2139,1635
28.2167,1656
28.2194,1662
28.2222,1651
28.2250,1613
28.2278,1560
28.2306,1514
28.2333,1497
28.2361,1524
28.2389,1584
28.2417,1649
28.2444,1668
28.2472,1693
28.2500,1719
28.2528,1724
28.2556,1726
28.2583,1782
28.2611,1792
28.2639,1768
28.2667,1743
28.2694,1695
28.2722,1666
28.2750,1649
28.2778,1645
28.2806,1647
28.2833,1655
28.2861,1651
28.2889,1620
28.2917,1564
28.2944,1493
28.2972,1446
28.3000,1424
28.3028,1438
28.3056,1516
28.3083,1636
28.3111,1734
28.3139,1758
28.3167,1741
28.3194,1674
28.3222,1605
28.3250,1564
28.3278,1546
28.3306,1548
28.3333,1585
28.3361,1587
28.3389,1580
28.3417,1590
28.3444,1593
28.3472,1590
28.3500,1572
28.3528,1534
28.3556,1542
28.3583,1570
28.3611,1632
28.3639,1679
28.3667,1694
28.3694,1663
28.3722,1634
28.3750,1620
28.3778,1616
28.3806,1605
28.3833,1562
28.3861,1542
28.3889,1584
28.3917,1670
28.3944,1727
28.3972,1744
28.4000,1733
28.4028,1704
28.4056,1669
28.4083,1614
28.4111,1587
28.4139,1593
28.4167,1600
28.4194,1573
28.4222,1541
28.4250,1575
28.4278,1639
28.4306,1681
28.4333,1683
28.4361,1675
28.4389,1662
28.4417,1654
28.4444,1643
28.4472,1631
28.4500,1617
28.4528,1619
28.4556,1606
28.4583,1614
28.4611,1624
28.4639,1628
28.4667,1625
28.4694,1607
28.4722,1588
28.4750,1566
28.4778,1561
28.4806,1568
28.4833,1597
28.4861,1622
28.4889,1617
28.4917,1630
28.4944,1640
28.4972,1642
28.5000,1649
28.5028,1641
28.5056,1628
28.5083,1617
28.5111,1604
28.5139,1600
28.5167,1616
28.5194,1625
28.5222,1633
28.5250,1645
28.5278,1642
28.5306,1634
28.5333,1620
28.5361,1620
28.5389,1611
28.5417,1611
28.5444,1610
28.5472,1607
28.5500,1607
28.5528,1613
28.5556,1614
28.5583,1622
28.5611,1611
28.5639,1582
28.5667,1561
28.5694,1552
28.5722,1542
28.5750,1540
28.5778,1537
28.5806,1506
28.5833,1500
28.5861,1496
28.5889,1494
28.5917,1514
28.5944,1599
28.5972,1707
28.6000,1755
28.6028,1740
28.6056,1704
28.6083,1658
28.6111,1647
28.6139,1647
28.6167,1657
28.6194,1673
28.6222,1693
28.6250,1702
28.6278,1683
28.6306,1641
28.6333,1607
28.6361,1588
28.6389,1559
28.6417,1556
28.6444,1544
28.6472,1555
28.6500,1558
28.6528,1554
28.6556,1555
28.6583,1557
28.6611,1588
28.6639,1626
28.6667,1624
28.6694,1612
28.6722,1610
28.6750,1612
28.6778,1613
28.6806,1605
28.6833,1605
28.6861,1612
28.6889,1589
28.6917,1572
28.6944,1560
28.6972,1564
28.7000,1588
28.7028,1622
28.7056,1619
28.7083,1567
28.7111,1528
28.7139,1536
28.7167,1549
28.7194,1569
28.7222,1628
28.7250,1707
28.7278,1798
28.7306,1891
28.7333,1978
28.7361,2085
28.7389,2202
28.7417,2354
28.7444,2567
28.7472,2778
28.7500,2862
28.7528,2764
28.7556,2502
28.7583,2108
28.7611,1785
28.7639,1588
28.7667,1549
28.7694,1552
28.7722,1550
28.7750,1559
28.7778,1571
28.7806,1588
28.7833,1596
28.7861,1595
28.7889,1556
28.7917,1525
28.7944,1510
28.7972,1513
28.8000,1537
28.8028,1544
28.8056,1567
28.8083,1585
28.8111,1584
28.8139,1573
28.8167,1550
28.8194,1520
28.8222,1478
28.8250,1489
28.8278,1540
28.8306,1579
28.8333,1573
28.8361,1571
28.8389,1550
28.8417,1524
28.8444,1504
28.8472,1493
28.8500,1495
28.8528,1512
28.8556,1535
28.8583,1542
28.8611,1556
28.8639,1549
28.8667,1532
28.8694,1488
28.8722,1480
28.8750,1523
28.8778,1562
28.8806,1575
28.8833,1571
28.8861,1575
28.8889,1590
28.8917,1624
28.8944,1677
28.8972,1717
28.9000,1729
28.9028,1685
28.9056,1606
28.9083,1511
28.9111,1464
28.9139,1495
28.9167,1557
28.9194,1611
28.9222,1647
28.9250,1632
28.9278,1602
28.9306,1573
28.9333,1576
28.9361,1582
28.9389,1600
28.9417,1595
28.9444,1597
28.9472,1607
28.9500,1600
28.9528,1623
28.9556,1705
28.9583,1715
28.9611,1720
28.9639,1691
28.9667,1663
28.9694,1659
28.9722,1675
28.9750,1680
28.9778,1670
28.9806,1629
28.9833,1557
28.9861,1521
28.9889,1530
28.9917,1576
28.9944,1630
28.9972,1669
29.0000,1666
29.0028,1634
29.0056,1567
29.0083,1509
29.0111,1459
29.0139,1444
29.0167,1500
29.0194,1587
29.0222,1661
29.0250,1669
29.0278,1632
29.0306,1563
29.0333,1508
29.0361,1500
29.0389,1550
29.0417,1592
29.0444,1616
29.0472,1607
29.0500,1547
29.0528,1532
29.0556,1547
29.0583,1544
29.0611,1550
29.0639,1575
29.0667,1612
29.0694,1635
29.0722,1628
29.0750,1593
29.0778,1575
29.0806,1583
29.0833,1592
29.0861,1591
29.0889,1599
29.0917,1613
29.0944,1627
29.0972,1637
29.1000,1638
29.1028,1642
29.1056,1642
29.1083,1629
29.1111,1626
29.1139,1606
29.1167,1564
29.1194,1552
29.1222,1582
29.1250,1615
29.1278,1634
29.1306,1625
29.1333,1602
29.1361,1587
29.1389,1585
29.1417,1590
29.1444,1620
29.1472,1635
29.1500,1629
29.1528,1619
29.1556,1602
29.1583,1577
29.1611,1558
29.1639,1544
29.1667,1568
29.1694,1602
29.1722,1624
29.1750,1641
29.1778,1632
29.1806,1596
29.1833,1537
29.1861,1535
29.1889,1565
29.1917,1596
29.1944,1583
29.1972,1538
29.2000,1527
29.2028,1543
29.2056,1578
29.2083,1606
29.2111,1613
29.2139,1600
29.2167,1591
29.2194,1591
29.2222,1597
29.2250,1596
29.2278,1577
29.2306,1580
29.2333,1614
29.2361,1656
29.2389,1684
29.2417,1675
29.2444,1653
29.2472,1631
29.2500,1619
29.2528,1616
29.2556,1619
29.2583,1624
29.2611,1637
29.2639,1638
29.2667,1651
29.2694,1640
29.2722,1605
29.2750,1599
29.2778,1614
29.2806,1630
29.2833,1640
29.2861,1660
29.2889,1643
29.2917,1627
29.2944,1591
29.2972,1561
29.3000,1563
29.3028,1582
29.3056,1614
29.3083,1643
29.3111,1653
29.3139,1633
29.3167,1586
29.3194,1560
29.3222,1543
29.3250,1552
29.3278,1578
29.3306,1604
29.3333,1613
29.3361,1609
29.3389,1588
29.3417,1569
29.3444,1579
29.3472,1602
29.3500,1596
29.3528,1557
29.3556,1561
29.3583,1589
29.3611,1629
29.3639,1647
29.3667,1621
29.3694,1598
29.3722,1580
29.3750,1578
29.3778,1560
29.3806,1585
29.3833,1623
29.3861,1640
29.3889,1632
29.3917,1621
29.3944,1611
29.3972,1598
29.4000,1593
29.4028,1552
29.4056,1530
29.4083,1566
29.4111,1672
29.4139,1839
29.4167,1963
29.4194,2052
29.4222,2125
29.4250,2231
29.4278,2382
29.4306,2585
29.4333,2808
29.4361,2906
29.4389,2834
29.4417,2583
29.4444,2168
29.4472,1799
29.4500,1575
29.4528,1493
29.4556,1485
29.4583,1548
29.4611,1610
29.4639,1639
29.4667,1600
29.4694,1514
29.4722,1447
29.4750,1443
29.4778,1508
29.4806,1578
29.4833,1630
29.4861,1651
29.4889,1656
29.4917,1636
29.4944,1568
29.4972,1480
29.5000,1441
29.5028,1437
29.5056,1477
29.5083,1519
29.5111,1520
29.5139,1520
29.5167,1524
29.5194,1527
29.5222,1543
29.5250,1570
29.5278,1585
29.5306,1590
29.5333,1586
29.5361,1583
29.5389,1566
29.5417,1538
29.5444,1562
29.5472,1593
29.5500,1586
29.5528,1562
29.5556,1549
29.5583,1568
29.5611,1623
29.5639,1655
29.5667,1651
29.5694,1626
29.5722,1577
29.5750,1547
29.5778,1539
29.5806,1556
29.5833,1608
29.5861,1661
29.5889,1682
29.5917,1656
29.5944,1605
29.5972,1570
29.6000,1582
29.6028,1590
29.6056,1606
29.6083,1624
29.6111,1624
29.6139,1626
29.6167,1660
29.6194,1666
29.6222,1678
29.6250,1711
29.6278,1763
29.6306,1794
29.6333,1793
29.6361,1791
29.6389,1780
29.6417,1888
29.6444,1900
29.6472,1875
29.6500,1831
29.6528,1803
29.6556,1750
29.6583,1709
29.6611,1686
29.6639,1680
29.6667,1668
29.6694,1660
29.6722,1667
29.6750,1738
29.6778,1798
29.6806,1815
29.6833,1788
29.6861,1732
29.6889,1669
29.6917,1620
29.6944,1613
29.6972,1636
29.7000,1687
29.7028,1735
29.7056,1760
29.7083,1753
29.7111,1732
29.7139,1706
29.7167,1698
29.7194,1690
29.7222,1683
29.7250,1656
29.7278,1627
29.7306,1619
29.7333,1650
29.7361,1698
29.7389,1693
29.7417,1688
29.7444,1678
29.7472,1698
29.7500,1711
29.7528,1712
29.7556,1726
29.7583,1742
29.7611,1748
29.7639,1746
29.7667,1739
29.7694,1728
29.7722,1731
29.7750,1742
29.7778,1719
29.7806,1701
29.7833,1711
29.7861,1728
29.7889,1732
29.7917,1726
29.7944,1711
29.7972,1666
29.8000,1646
29.8028,1678
29.8056,1733
29.8083,1797
29.8111,1837
29.8139,1828
29.8167,1772
29.8194,1737
29.8222,1689
29.8250,1679
29.8278,1711
29.8306,1761
29.8333,1784
29.8361,1780
29.8389,1738
29.8417,1683
29.8444,1669
29.8472,1676
29.8500,1697
29.8528,1706
29.8556,1689
29.8583,1673
29.8611,1657
29.8639,1663
29.8667,1687
29.8694,1698
29.8722,1727
29.8750,1747
29.8778,1764
29.8806,1763
29.8833,1747
29.8861,1747
29.8889,1776
29.8917,1810
29.8944,1823
29.8972,1825
29.9000,1821
29.9028,1787
29.9056,1734
29.9083,1708
29.9111,1728
29.9139,1770
29.9167,1794
29.9194,1758
29.9222,1716
29.9250,1713
29.9278,1720
29.9306,1717
29.9333,1708
29.9361,1721
29.9389,1752
29.9417,1782
29.9444,1794
29.9472,1773
29.9500,1732
29.9528,1711
29.9556,1735
29.9583,1789
29.9611,1825
29.9639,1855
29.9667,1869
29.9694,1851
29.9722,1764
29.9750,1677
29.9778,1648
29.9806,1663
29.9833,1711
29.9861,1760
29.9889,1757
29.9917,1739
29.9944,1697
29.9972,1670
30.0000,1664
30.0028,1699
30.0056,1726
30.0083,1736
30.0111,1731
30.0139,1712
30.0167,1730
30.0194,1741
30.0222,1715
30.0250,1682
30.0278,1672
30.0306,1670
30.0333,1697
30.0361,1747
30.0389,1759
30.0417,1753
30.0444,1726
30.0472,1711
30.0500,1702
30.0528,1700
30.0556,1726
30.0583,1769
30.0611,1792
30.0639,1774
30.0667,1740
30.0694,1698
30.0722,1652
30.0750,1604
30.0778,1562
30.0806,1569
30.0833,1643
30.0861,1750
30.0889,1875
30.0917,2000
30.0944,2113
30.0972,2271
30.1000,2427
30.1028,2600
30.1056,2827
30.1083,2989
30.1111,3036
30.1139,2896
30.1167,2562
30.1194,2126
30.1222,1810
30.1250,1648
30.1278,1607
30.1306,1669
30.1333,1735
30.1361,1769
30.1389,1773
30.1417,1752
30.1444,1743
30.1472,1717
30.1500,1694
30.1528,1672
30.1556,1671
30.1583,1658
30.1611,1650
30.1639,1644
30.1667,1610
30.1694,1585
30.1722,1567
30.1750,1565
30.1778,1568
30.1806,1589
30.1833,1622
30.1861,1629
30.1889,1631
30.1917,1628
30.1944,1635
30.1972,1640
30.2000,1646
30.2028,1654
30.2056,1652
30.2083,1640
30.2111,1627
30.2139,1621
30.2167,1603
30.2194,1605
30.2222,1608
30.2250,1589
30.2278,1612
30.2306,1684
30.2333,1722
30.2361,1735
30.2389,1711
30.2417,1665
30.2444,1619
30.2472,1596
30.2500,1610
30.2528,1646
30.2556,1681
30.2583,1686
30.2611,1669
30.2639,1625
30.2667,1582
30.2694,1582
30.2722,1611
30.2750,1654
30.2778,1684
30.2806,1702
30.2833,1712
30.2861,1742
30.2889,1754
30.2917,1749
30.2944,1723
30.2972,1702
30.3000,1705
30.3028,1725
30.3056,1745
30.3083,1764
30.3111,1741
30.3139,1721
30.3167,1682
30.3194,1704
30.3222,1760
30.3250,1789
30.3278,1759
30.3306,1713
30.3333,1680
30.3361,1641
30.3389,1601
30.3417,1564
30.3444,1531
30.3472,1560
30.3500,1614
30.3528,1634
30.3556,1622
30.3583,1611
30.3611,1610
30.3639,1608
30.3667,1593
30.3694,1562
30.3722,1542
30.3750,1524
30.3778,1512
30.3806,1548
30.3833,1601
30.3861,1626
30.3889,1609
30.3917,1558
30.3944,1518
30.3972,1543
30.4000,1585
30.4028,1609
30.4056,1600
30.4083,1564
30.4111,1556
30.4139,1560
30.4167,1569
30.4194,1563
30.4222,1526
30.4250,1500
30.4278,1489
30.4306,1514
30.4333,1527
30.4361,1527
30.4389,1523
30.4417,1524
30.4444,1515
30.4472,1521
30.4500,1540
30.4528,1552
30.4556,1564
30.4583,1541
30.4611,1501
30.4639,1487
30.4667,1506
30.4694,1520
30.4722,1563
30.4750,1588
30.4778,1612
30.4806,1622
30.4833,1597
30.4861,1565
30.4889,1543
30.4917,1516
30.4944,1523
30.4972,1516
30.5000,1501
30.5028,1482
30.5056,1452
30.5083,1461
30.5111,1518
30.5139,1562
30.5167,1575
30.5194,1551
30.5222,1500
30.5250,1476
30.5278,1454
30.5306,1451
30.5333,1490
30.5361,1511
30.5389,1523
30.5417,1535
30.5444,1529
30.5472,1520
30.5500,1506
30.5528,1498
30.5556,1485
30.5583,1460
30.5611,1442
30.5639,1423
30.5667,1402
30.5694,1371
30.5722,1391
30.5750,1425
30.5778,1475
30.5806,1497
30.5833,1500
30.5861,1491
30.5889,1477
30.5917,1471
30.5944,1488
30.5972,1514
30.6000,1556
30.6028,1584
30.6056,1539
30.6083,1472
30.6111,1417
30.6139,1367
30.6167,1398
30.6194,1487
30.6222,1549
30.6250,1570
30.6278,1540
30.6306,1517
30.6333,1496
30.6361,1480
30.6389,1478
30.6417,1487
30.6444,1485
30.6472,1468
30.6500,1443
30.6528,1417
30.6556,1391
30.6583,1384
30.6611,1383
30.6639,1413
30.6667,1443
30.6694,1479
30.6722,1510
30.6750,1519
30.6778,1512
30.6806,1485
30.6833,1440
30.6861,1403
30.6889,1386
30.6917,1349
30.6944,1339
30.6972,1391
30.7000,1438
30.7028,1474
30.7056,1477
30.7083,1447
30.7111,1400
30.7139,1361
30.7167,1331
30.7194,1317
30.7222,1327
30.7250,1375
30.7278,1438
30.7306,1456
30.7333,1435
30.7361,1414
30.7389,1407
30.7417,1420
30.7444,1441
30.7472,1456
30.7500,1439
30.7528,1435
30.7556,1441
30.7583,1435
30.7611,1457
30.7639,1438
30.7667,1403
30.7694,1379
30.7722,1407
30.7750,1491
30.7778,1589
30.7806,1695
30.7833,1837
30.7861,1999
30.7889,2189
30.7917,2400
30.7944,2625
30.7972,2707
30.8000,2619
30.8028,2427
30.8056,2100
30.8083,1719
30.8111,1439
30.8139,1290
30.8167,1276
30.8194,1321
30.8222,1380
30.8250,1460
30.8278,1515
30.8306,1517
30.8333,1488
30.8361,1430
30.8389,1363
30.8417,1287
30.8444,1273
30.8472,1300
30.8500,1354
30.8528,1398
30.8556,1428
30.8583,1413
30.8611,1390
30.8639,1389
30.8667,1373
30.8694,1357
30.8722,1370
30.8750,1373
30.8778,1415
30.8806,1455
30.8833,1443
30.8861,1393
30.8889,1323
30.8917,1306
30.8944,1306
30.8972,1357
30.9000,1413
30.9028,1456
30.9056,1486
30.9083,1472
30.9111,1438
30.9139,1410
30.9167,1391
30.9194,1389
30.9222,1387
30.9250,1384
30.9278,1381
30.9306,1375
30.9333,1380
30.9361,1400
30.9389,1420
30.9417,1440
30.9444,1471
30.9472,1508
30.9500,1508
30.9528,1478
30.9556,1478
30.9583,1481
30.9611,1472
30.9639,1481
30.9667,1517
30.9694,1570
30.9722,1598
30.9750,1589
30.9778,1554
30.9806,1534
30.9833,1548
30.9861,1579
30.9889,1591
30.9917,1579
30.9944,1571
30.9972,1565
31.0000,1545
31.0028,1790
31.0056,1801
31.0083,1781
31.0111,1744
31.0139,1696
31.0167,1631
31.0194,1614
31.0222,1635
31.0250,1645
31.0278,1622
31.0306,1584
31.0333,1568
31.0361,1565
31.0389,1562
31.0417,1570
31.0444,1592
31.0472,1626
31.0500,1637
31.0528,1619
31.0556,1606
31.0583,1584
31.0611,1532
31.0639,1487
31.0667,1483
31.0694,1553
31.0722,1624
31.0750,1662
31.0778,1674
31.0806,1663
31.0833,1647
31.0861,1617
31.0889,1605
31.0917,1611
31.0944,1590
31.0972,1580
31.1000,1602
31.1028,1613
31.1056,1649
31.1083,1666
31.1111,1671
31.1139,1661
31.1167,1632
31.1194,1618
31.1222,1617
31.1250,1618
31.1278,1618
31.1306,1665
31.1333,1709
31.1361,1740
31.1389,1741
31.1417,1696
31.1444,1643
31.1472,1620
31.1500,1631
31.1528,1626
31.1556,1599
31.1583,1568
31.1611,1575
31.1639,1597
31.1667,1626
31.1694,1670
31.1722,1703
31.1750,1723
31.1778,1752
31.1806,1777
31.1833,1775
31.1861,1749
31.1889,1714
31.1917,1666
31.1944,1656
31.1972,1638
31.2000,1619
31.2028,1603
31.2056,1614
31.2083,1632
31.2111,1659
31.2139,1689
31.2167,1704
31.2194,1705
31.2222,1698
31.2250,1706
31.2278,1724
31.2306,1723
31.2333,1716
31.2361,1701
31.2389,1679
31.2417,1630
31.2444,1593
31.2472,1563
31.2500,1587
31.2528,1631
31.2556,1671
31.2583,1703
31.2611,1736
31.2639,1751
31.2667,1765
31.2694,1749
31.2722,1704
31.2750,1642
31.2778,1640
31.2806,1678
31.2833,1748
31.2861,1798
31.2889,1830
31.2917,1830
31.2944,1834
31.2972,1791
31.3000,1727
31.3028,1712
31.3056,1742
31.3083,1766
31.3111,1794
31.3139,1793
31.3167,1781
31.3194,1750
31.3222,1708
31.3250,1706
31.3278,1693
31.3306,1702
31.3333,1724
31.3361,1764
31.3389,1810
31.3417,1831
31.3444,1824
31.3472,1797
31.3500,1766
31.3528,1715
31.3556,1696
31.3583,1707
31.3611,1753
31.3639,1794
31.3667,1813
31.3694,1792
31.3722,1767
31.3750,1742
31.3778,1736
31.3806,1717
31.3833,1677
31.3861,1654
31.3889,1651
31.3917,1687
31.3944,1733
31.3972,1758
31.4000,1733
31.4028,1701
31.4056,1720
31.4083,1751
31.4111,1760
31.4139,1745
31.4167,1761
31.4194,1788
31.4222,1807
31.4250,1800
31.4278,1783
31.4306,1773
31.4333,1761
31.4361,1762
31.4389,1752
31.4417,1745
31.4444,1730
31.4472,1690
31.4500,1718
31.4528,1836
31.4556,1987
31.4583,2106
31.4611,2211
31.4639,2334
31.4667,2457
31.4694,2628
31.4722,2849
31.4750,3053
31.4778,3146
31.4806,3039
31.4833,2718
31.4861,2313
31.4889,1938
31.4917,1718
31.4944,1633
31.4972,1653
31.5000,1688
31.5028,1754
31.5056,1817
31.5083,1851
31.5111,1813
31.5139,1727
31.5167,1645
31.5194,1619
31.5222,1625
31.5250,1662
31.5278,1718
31.5306,1763
31.5333,1778
31.5361,1745
31.5389,1708
31.5417,1681
31.5444,1686
31.5472,1713
31.5500,1744
31.5528,1749
31.5556,1748
31.5583,1730
31.5611,1721
31.5639,1734
31.5667,1766
31.5694,1745
31.5722,1691
31.5750,1683
31.5778,1698
31.5806,1719
31.5833,1778
31.5861,1839
31.5889,1862
31.5917,1859
31.5944,1825
31.5972,1800
31.6000,1733
31.6028,1689
31.6056,1689
31.6083,1704
31.6111,1724
31.6139,1723
31.6167,1726
31.6194,1747
31.6222,1765
31.6250,1788
31.6278,1805
31.6306,1790
31.6333,1764
31.6361,1744
31.6389,1744
31.6417,1765
31.6444,1800
31.6472,1782
31.6500,1748
31.6528,1735
31.6556,1759
31.6583,1782
31.6611,1827
31.6639,1873
31.6667,1907
31.6694,1881
31.6722,1847
31.6750,1836
31.6778,1837
31.6806,1862
31.6833,2107
31.6861,2123
31.6889,2082
31.6917,2022
31.6944,1950
31.6972,1864
31.7000,1785
31.7028,1745
31.7056,1759
31.7083,1798
31.7111,1854
31.7139,1879
31.7167,1865
31.7194,1842
31.7222,1820
31.7250,1824
31.7278,1821
31.7306,1838
31.7333,1831
31.7361,1789
31.7389,1737
31.7417,1723
31.7444,1741
31.7472,1772
31.7500,1819
31.7528,1831
31.7556,1820
31.7583,1791
31.7611,1767
31.7639,1777
31.7667,1836
31.7694,1900
31.7722,1946
31.7750,1951
31.7778,1901
31.7806,1842
31.7833,1811
31.7861,1802
31.7889,1792
31.7917,1781
31.7944,1742
31.7972,1753
31.8000,1799
31.8028,1857
31.8056,1882
31.8083,1871
31.8111,1872
31.8139,1877
31.8167,1884
31.8194,1875
31.8222,1868
31.8250,1872
31.8278,1877
31.8306,1877
31.8333,1876
31.8361,1864
31.8389,1874
31.8417,1851
31.8444,1823
31.8472,1805
31.8500,1820
31.8528,1860
31.8556,1884
31.8583,1893
31.8611,1877
31.8639,1856
31.8667,1826
31.8694,1823
31.8722,1821
31.8750,1824
31.8778,1835
31.8806,1870
31.8833,1893
31.8861,1871
31.8889,1871
31.8917,1835
31.8944,1787
31.8972,1776
31.9000,1793
31.9028,1829
31.9056,1876
31.9083,1898
31.9111,1913
31.9139,1914
31.9167,1907
31.9194,1888
31.9222,1869
31.9250,1836
31.9278,1792
31.9306,1761
31.9333,1793
31.9361,1851
31.9389,1892
31.9417,1887
31.9444,1882
31.9472,1859
31.9500,1841
31.9528,1829
31.9556,1812
31.9583,1798
31.9611,1787
31.9639,1812
31.9667,1858
31.9694,1892
31.9722,1932
31.9750,1966
31.9778,1960
31.9806,1931
31.9833,1882
31.9861,1843
31.9889,1821
31.9917,1806
31.9944,1800
31.9972,1816
32.0000,1833
32.0028,1829
32.0056,1794
32.0083,1783
32.0111,1756
32.0139,1731
32.0167,1706
32.0194,1717
32.0222,1767
32.0250,1831
32.0278,1864
32.0306,1880
32.0333,1861
32.0361,1821
32.0389,1784
32.0417,1763
32.0444,1745
32.0472,1761
32.0500,1772
32.0528,1793
32.0556,1795
32.0583,1795
32.0611,1777
32.0639,1775
32.0667,1791
32.0694,1812
32.0722,1832
32.0750,1841
32.0778,1838
32.0806,1834
32.0833,1842
32.0861,1846
32.0889,1824
32.0917,1763
32.0944,1714
32.0972,1756
32.1000,1860
32.1028,1976
32.1056,2077
32.1083,2194
32.1111,2336
32.1139,2477
32.1167,2628
32.1194,2807
32.1222,2972
32.1250,2976
32.1278,2786
32.1306,2431
32.1333,2069
32.1361,1804
32.1389,1695
32.1417,1690
32.1444,1697
32.1472,1750
32.1500,1773
32.1528,1765
32.1556,1765
32.1583,1791
32.1611,1785
32.1639,1772
32.1667,1765
32.1694,1788
32.1722,1790
32.1750,1749
32.1778,1729
32.1806,1716
32.1833,1714
32.1861,1712
32.1889,1736
32.1917,1769
32.1944,1786
32.1972,1777
32.2000,1747
32.2028,1701
32.2056,1642
32.2083,1597
32.2111,1598
32.2139,1619
32.2167,1643
32.2194,1678
32.2222,1705
32.2250,1721
32.2278,1714
32.2306,1706
32.2333,1717
32.2361,1729
32.2389,1746
32.2417,1728
32.2444,1683
32.2472,1635
32.2500,1621
32.2528,1652
32.2556,1715
32.2583,1766
32.2611,1815
32.2639,1829
32.2667,1793
32.2694,1756
32.2722,1731
32.2750,1696
32.2778,1659
32.2806,1657
32.2833,1687
32.2861,1717
32.2889,1748
32.2917,1763
32.2944,1755
32.2972,1694
32.3000,1625
32.3028,1622
32.3056,1688
32.3083,1741
32.3111,1789
32.3139,1842
32.3167,1885
32.3194,1890
32.3222,1872
32.3250,1826
32.3278,1802
32.3306,1799
32.3333,1739
32.3361,1716
32.3389,1744
32.3417,1791
32.3444,1813
32.3472,1828
32.3500,1801
32.3528,1788
32.3556,1763
32.3583,1718
32.3611,1693
32.3639,1670
32.3667,1676
32.3694,1685
32.3722,1651
32.3750,1608
32.3778,1600
32.3806,1641
32.3833,1680
32.3861,1707
32.3889,1711
32.3917,1712
32.3944,1717
32.3972,1674
32.4000,1637
32.4028,1598
32.4056,1599
32.4083,1626
32.4111,1664
32.4139,1694
32.4167,1720
32.4194,1733
32.4222,1705
32.4250,1674
32.4278,1661
32.4306,1667
32.4333,1674
32.4361,1659
32.4389,1633
32.4417,1627
32.4444,1601
32.4472,1580
32.4500,1559
32.4528,1581
32.4556,1624
32.4583,1636
32.4611,1598
32.4639,1536
32.4667,1495
32.4694,1506
32.4722,1562
32.4750,1607
32.4778,1608
32.4806,1587
32.4833,1601
32.4861,1630
32.4889,1675
32.4917,1692
32.4944,1686
32.4972,1664
32.5000,1634
32.5028,1561
32.5056,1463
32.5083,1453
32.5111,1530
32.5139,1618
32.5167,1656
32.5194,1655
32.5222,1649
32.5250,1624
32.5278,1606
32.5306,1592
32.5333,1601
32.5361,1622
32.5389,1624
32.5417,1612
32.5444,1608
32.5472,1610
32.5500,1611
32.5528,1631
32.5556,1617
32.5583,1584
32.5611,1587
32.5639,1586
32.5667,1558
32.5694,1528
32.5722,1515
32.5750,1512
32.5778,1526
32.5806,1540
32.5833,1570
32.5861,1614
32.5889,1643
32.5917,1627
32.5944,1574
32.5972,1521
32.6000,1454
32.6028,1427
32.6056,1421
32.6083,1410
32.6111,1391
32.6139,1403
32.6167,1431
32.6194,1452
32.6222,1440
32.6250,1405
32.6278,1359
32.6306,1347
32.6333,1346
32.6361,1367
32.6389,1393
32.6417,1422
32.6444,1415
32.6472,1419
32.6500,1426
32.6528,1426
32.6556,1403
32.6583,1356
32.6611,1321
32.6639,1338
32.6667,1373
32.6694,1412
32.6722,1436
32.6750,1431
32.6778,1391
32.6806,1371
32.6833,1343
32.6861,1320
32.6889,1310
32.6917,1290
32.6944,1264
32.6972,1231
32.7000,1203
32.7028,1219
32.7056,1243
32.7083,1284
32.7111,1305
32.7139,1322
32.7167,1383
32.7194,1480
32.7222,1558
32.7250,1638
32.7278,1751
32.7306,1892
32.7333,2024
32.7361,2225
32.7389,2463
32.7417,2575
32.7444,2498
32.7472,2227
32.7500,1805
32.7528,1417
32.7556,1200
32.7583,1153
32.7611,1183
32.7639,1241
32.7667,1286
32.7694,1301
32.7722,1287
32.7750,1259
32.7778,1224
32.7806,1188
32.7833,1170
32.7861,1160
32.7889,1154
32.7917,1167
32.7944,1153
32.7972,1115
32.8000,1082
32.8028,1113
32.8056,1130
32.8083,1138
32.8111,1191
32.8139,1244
32.8167,1259
32.8194,1214
32.8222,1173
32.8250,1140
32.8278,1140
32.8306,1164
32.8333,1185
32.8361,1189
32.8389,1176
32.8417,1166
32.8444,1185
32.8472,1185
32.8500,1153
32.8528,1157
32.8556,1148
32.8583,1151
32.8611,1155
32.8639,1164
32.8667,1169
32.8694,1165
32.8722,1167
32.8750,1155
32.8778,1137
32.8806,1129
32.8833,1171
32.8861,1234
32.8889,1268
32.8917,1261
32.8944,1225
32.8972,1191
32.9000,1182
32.9028,1187
32.9056,1223
32.9083,1256
32.9111,1248
32.9139,1205
32.9167,1178
32.9194,1209
32.9222,1249
32.9250,1273
32.9278,1306
32.9306,1307
32.9333,1283
32.9361,1260
32.9389,1241
32.9417,1270
32.9444,1313
32.9472,1317
32.9500,1331
32.9528,1383
32.9556,1446
32.9583,1492
32.9611,1488
32.9639,1434
32.9667,1361
32.9694,1299
32.9722,1276
32.9750,1279
32.9778,1288
32.9806,1310
32.9833,1320
32.9861,1307
32.9889,1345
32.9917,1383
32.9944,1395
32.9972,1380
33.0000,1340
33.0028,1296
33.0056,1317
33.0083,1380
33.0111,1430
33.0139,1448
33.0167,1429
33.0194,1390
33.0222,1356
33.0250,1330
33.0278,1331
33.0306,1355
33.0333,1394
33.0361,1423
33.0389,1425
33.0417,1395
33.0444,1357
33.0472,1332
33.0500,1313
33.0528,1342
33.0556,1418
33.0583,1492
33.0611,1520
33.0639,1493
33.0667,1471
33.0694,1445
33.0722,1470
33.0750,1469
33.0778,1472
33.0806,1462
33.0833,1466
33.0861,1509
33.0889,1533
33.0917,1552
33.0944,1541
33.0972,1510
33.1000,1479
33.1028,1454
33.1056,1454
33.1083,1506
33.1111,1543
33.1139,1569
33.1167,1590
33.1194,1600
33.1222,1604
33.1250,1583
33.1278,1576
33.1306,1566
33.1333,1547
33.1361,1548
33.1389,1562
33.1417,1564
33.1444,1571
33.1472,1615
33.1500,1656
33.1528,1699
33.1556,1711
33.1583,1695
33.1611,1672
33.1639,1659
33.1667,1662
33.1694,1677
33.1722,1711
33.1750,1742
33.1778,1780
33.1806,1800
33.1833,1791
33.1861,1738
33.1889,1674
33.1917,1620
33.1944,1609
33.1972,1601
33.2000,1622
33.2028,1651
33.2056,1709
33.2083,1784
33.2111,1824
33.2139,1831
33.2167,1800
33.2194,1722
33.2222,1665
33.2250,1671
33.2278,1674
33.2306,1664
33.2333,1667
33.2361,1693
33.2389,1747
33.2417,1774
33.2444,1802
33.2472,1804
33.2500,1783
33.2528,1743
33.2556,1716
33.2583,1704
33.2611,1715
33.2639,1717
33.2667,1717
33.2694,1696
33.2722,1670
33.2750,1623
33.2778,1601
33.2806,1640
33.2833,1680
33.2861,1737
33.2889,1786
33.2917,1827
33.2944,1836
33.2972,1791
33.3000,1728
33.3028,1724
33.3056,1736
33.3083,1778
33.3111,1848
33.3139,1903
33.3167,1912
33.3194,1876
33.3222,1808
33.3250,1778
33.3278,1778
33.3306,1761
33.3333,1709
33.3361,1658
33.3389,1715
33.3417,1814
33.3444,1919
33.3472,2000
33.3500,2113
33.3528,2229
33.3556,2360
33.3583,2488
33.3611,2626
33.3639,2777
33.3667,3003
33.3694,3264
33.3722,3339
33.3750,3230
33.3778,2897
33.3806,2477
33.3833,2085
33.3861,1849
33.3889,1745
33.3917,1760
33.3944,1848
33.3972,1951
33.4000,2013
33.4028,1994
33.4056,1911
33.4083,1805
33.4111,1742
33.4139,1757
33.4167,1840
33.4194,1933
33.4222,1969
33.4250,1942
33.4278,1877
33.4306,1843
33.4333,1857
33.4361,1898
33.4389,1932
33.4417,1951
33.4444,1962
33.4472,1927
33.4500,1855
33.4528,1819
33.4556,1822
33.4583,1841
33.4611,1852
33.4639,1826
33.4667,1782
33.4694,1804
33.4722,1901
33.4750,1979
33.4778,2031
33.4806,2075
33.4833,2092
33.4861,2067
33.4889,2061
33.4917,2039
33.4944,2004
33.4972,1976
33.5000,1995
33.5028,2044
33.5056,2060
33.5083,2066
33.5111,2042
33.5139,2021
33.5167,2018
33.5194,2026
33.5222,2047
33.5250,2081
33.5278,2050
33.5306,1994
33.5333,1983
33.5361,2022
33.5389,2049
33.5417,2061
33.5444,2088
33.5472,2107
33.5500,2108
33.5528,2099
33.5556,2091
33.5583,2086
33.5611,2057
33.5639,2067
33.5667,2135
33.5694,2244
33.5722,2323
33.5750,2347
33.5778,2396
33.5806,2397
33.5833,2385
33.5861,2360
33.5889,2299
33.5917,2261
33.5944,2258
33.5972,2257
33.6000,2223
33.6028,2160
33.6056,2111
33.6083,2091
33.6111,2096
33.6139,2106
33.6167,2084
33.6194,2100
33.6222,2167
33.6250,2222
33.6278,2234
33.6306,2228
33.6333,2204
33.6361,2179
33.6389,2185
33.6417,2197
33.6444,2219
33.6472,2251
33.6500,2266
33.6528,2252
33.6556,2217
33.6583,2186
33.6611,2157
33.6639,2140
33.6667,2129
33.6694,2146
33.6722,2191
33.6750,2240
33.6778,2236
33.6806,2193
33.6833,2106
33.6861,2058
33.6889,2068
33.6917,2092
33.6944,2115
33.6972,2158
33.7000,2194
33.7028,2229
33.7056,2242
33.7083,2232
33.7111,2228
33.7139,2193
33.7167,2183
33.7194,2191
33.7222,2191
33.7250,2183
33.7278,2211
33.7306,2251
33.7333,2261
33.7361,2229
33.7389,2201
33.7417,2189
33.7444,2181
33.7472,2170
33.7500,2198
33.7528,2203
33.7556,2179
33.7583,2160
33.7611,2144
33.7639,2150
33.7667,2163
33.7694,2147
33.7722,2130
33.7750,2124
33.7778,2154
33.7806,2197
33.7833,2192
33.7861,2138
33.7889,2102
33.7917,2108
33.7944,2143
33.7972,2172
33.8000,2207
33.8028,2213
33.8056,2195
33.8083,2168
33.8111,2145
33.8139,2168
33.8167,2229
33.8194,2285
33.8222,2323
33.8250,2299
33.8278,2232
33.8306,2171
33.8333,2143
33.8361,2114
33.8389,2089
33.8417,2068
33.8444,2076
33.8472,2096
33.8500,2100
33.8528,2137
33.8556,2150
33.8583,2130
33.8611,2128
33.8639,2121
33.8667,2089
33.8694,2057
33.8722,2063
33.8750,2099
33.8778,2123
33.8806,2122
33.8833,2092
33.8861,2098
33.8889,2116
33.8917,2106
33.8944,2107
33.8972,2114
33.9000,2100
33.9028,2029
33.9056,1972
33.9083,1945
33.9111,1922
33.9139,1931
33.9167,1924
33.9194,1931
33.9222,1986
33.9250,2070
33.9278,2116
33.9306,2134
33.9333,2108
33.9361,2070
33.9389,2021
33.9417,1987
33.9444,1985
33.9472,2005
33.9500,2024
33.9528,2039
33.9556,2032
33.9583,2010
33.9611,1986
33.9639,1975
33.9667,2011
33.9694,2032
33.9722,2024
33.9750,1997
33.9778,1963
33.9806,1962
33.9833,1986
33.9861,2004
33.9889,2006
33.9917,2033
33.9944,2114
33.9972,2224
34.0000,2335
34.0028,2492
34.0056,2709
34.0083,2946
34.0111,3186
34.0139,3341
34.0167,3337
34.0194,3276
34.0222,2975
34.0250,2540
34.0278,2153
34.0306,1907
34.0333,1810
34.0361,1852
34.0389,1936
34.0417,1965
34.0444,1969
34.0472,1984
34.0500,2003
34.0528,1990
34.0556,1944
34.0583,1893
34.0611,1898
34.0639,1945
34.0667,1969
34.0694,1946
34.0722,1896
34.0750,1841
34.0778,1786
34.0806,1767
34.0833,1794
34.0861,1832
34.0889,1840
34.0917,1815
34.0944,1817
34.0972,1812
34.1000,1807
34.1028,1795
34.1056,1792
34.1083,1790
34.1111,1776
34.1139,1773
34.1167,1805
34.1194,1827
34.1222,1862
34.1250,1896
34.1278,1926
34.1306,1932
34.1333,1888
34.1361,1814
34.1389,1779
34.1417,1814
34.1444,1876
34.1472,1929
34.1500,1914
34.1528,1881
34.1556,1848
34.1583,1816
34.1611,1800
34.1639,1813
34.1667,1854
34.1694,1911
34.1722,1933
34.1750,1919
34.1778,1873
34.1806,1807
34.1833,1776
34.1861,1786
34.1889,1829
34.1917,1855
34.1944,1873
34.1972,1875
34.2000,1893
34.2028,1907
34.2056,1919
34.2083,1908
34.2111,1926
34.2139,1946
34.2167,1962
34.2194,1969
34.2222,2046
34.2250,2046
34.2278,2014
34.2306,1945
34.2333,1890
34.2361,1878
34.2389,1872
34.2417,1866
34.2444,1867
34.2472,1864
34.2500,1883
34.2528,1886
34.2556,1871
34.2583,1818
34.2611,1782
34.2639,1766
34.2667,1767
34.2694,1772
34.2722,1808
34.2750,1838
34.2778,1850
34.2806,1845
34.2833,1855
34.2861,1852
34.2889,1826
34.2917,1792
34.2944,1760
34.2972,1762
34.3000,1783
34.3028,1804
34.3056,1837
34.3083,1835
34.3111,1800
34.3139,1797
34.3167,1846
34.3194,1870
34.3222,1870
34.3250,1845
34.3278,1823
34.3306,1794
34.3333,1766
34.3361,1790
34.3389,1833
34.3417,1851
34.3444,1872
34.3472,1884
34.3500,1879
34.3528,1849
34.3556,1826
34.3583,1794
34.3611,1796
34.3639,1815
34.3667,1841
34.3694,1839
34.3722,1819
34.3750,1794
34.3778,1786
34.3806,1778
34.3833,1776
34.3861,1785
34.3889,1787
34.3917,1822
34.3944,1860
34.3972,1856
34.4000,1838
34.4028,1834
34.4056,1830
34.4083,1828
34.4111,1814
34.4139,1794
34.4167,1785
34.4194,1804
34.4222,1811
34.4250,1812
34.4278,1778
34.4306,1753
34.4333,1758
34.4361,1769
34.4389,1786
34.4417,1805
34.4444,1807
34.4472,1801
34.4500,1793
34.4528,1762
34.4556,1732
34.4583,1741
34.4611,1794
34.4639,1830
34.4667,1865
34.4694,1870
34.4722,1897
34.4750,1923
34.4778,1940
34.4806,1915
34.4833,1890
34.4861,1841
34.4889,1802
34.4917,1748
34.4944,1720
34.4972,1717
34.5000,1746
34.5028,1788
34.5056,1812
34.5083,1803
34.5111,1823
34.5139,1853
34.5167,1885
34.5194,1910
34.5222,1875
34.5250,1790
34.5278,1701
34.5306,1664
34.5333,1704
34.5361,1744
34.5389,1772
34.5417,1795
34.5444,1753
34.5472,1702
34.5500,1694
34.5528,1701
34.5556,1719
34.5583,1711
34.5611,1698
34.5639,1698
34.5667,1711
34.5694,1752
34.5722,1756
34.5750,1765
34.5778,1792
34.5806,1807
34.5833,1785
34.5861,1754
34.5889,1729
34.5917,1688
34.5944,1635
34.5972,1663
34.6000,1737
34.6028,1781
34.6056,1770
34.6083,1707
34.6111,1671
34.6139,1669
34.6167,1651
34.6194,1683
34.6222,1758
34.6250,1823
34.6278,1860
34.6306,1859
34.6333,1807
34.6361,1746
34.6389,1684
34.6417,1639
34.6444,1626
34.6472,1655
34.6500,1709
34.6528,1798
34.6556,1899
34.6583,1973
34.6611,2068
34.6639,2210
34.6667,2383
34.6694,2573
34.6722,2782
34.6750,2951
34.6778,2984
34.6806,2830
34.6833,2528
34.6861,2161
34.6889,1845
34.6917,1679
34.6944,1646
34.6972,1669
34.7000,1726
34.7028,1751
34.7056,1754
34.7083,1754
34.7111,1739
34.7139,1707
34.7167,1681
34.7194,1650
34.7222,1634
34.7250,1643
34.7278,1649
34.7306,1645
34.7333,1612
34.7361,1569
34.7389,1538
34.7417,1526
34.7444,1562
34.7472,1602
34.7500,1636
34.7528,1606
34.7556,1539
34.7583,1509
34.7611,1554
34.7639,1635
34.7667,1686
34.7694,1704
34.7722,1697
34.7750,1683
34.7778,1646
34.7806,1638
34.7833,1627
34.7861,1634
34.7889,1634
34.7917,1625
34.7944,1605
34.7972,1611
34.8000,1645
34.8028,1664
34.8056,1673
34.8083,1672
34.8111,1657
34.8139,1611
34.8167,1621
34.8194,1631
34.8222,1634
34.8250,1658
34.8278,1657
34.8306,1643
34.8333,1638
34.8361,1651
34.8389,1679
34.8417,1672
34.8444,1680
34.8472,1718
34.8500,1762
34.8528,1781
34.8556,1789
34.8583,1797
34.8611,1783
34.8639,1723
34.8667,1679
34.8694,1701
34.8722,1789
34.8750,1881
34.8778,1898
34.8806,1860
34.8833,1744
34.8861,1767
34.8889,1803
34.8917,1824
34.8944,1795
34.8972,1736
34.9000,1702
34.9028,1679
34.9056,1674
34.9083,1705
34.9111,1725
34.9139,1746
34.9167,1747
34.9194,1716
34.9222,1690
34.9250,1693
34.9278,1705
34.9306,1694
34.9333,1669
34.9361,1667
34.9389,1672
34.9417,1666
34.9444,1675
34.9472,1689
34.9500,1691
34.9528,1677
34.9556,1656
34.9583,1655
34.9611,1625
34.9639,1630
34.9667,1651
34.9694,1698
34.9722,1718
34.9750,1675
34.9778,1662
34.9806,1695
34.9833,1733
34.9861,1753
34.9889,1735
34.9917,1657
34.9944,1576
34.9972,1572
35.0000,1598
35.0028,1630
35.0056,1675
35.0083,1727
35.0111,1776
35.0139,1783
35.0167,1770
35.0194,1746
35.0222,1715
35.0250,1708
35.0278,1715
35.0306,1708
35.0333,1673
35.0361,1651
35.0389,1654
35.0417,1645
35.0444,1649
35.0472,1687
35.0500,1697
35.0528,1712
35.0556,1668
35.0583,1619
35.0611,1605
35.0639,1643
35.0667,1679
35.0694,1693
35.0722,1698
35.0750,1678
35.0778,1678
35.0806,1679
35.0833,1682
35.0861,1680
35.0889,1679
35.0917,1685
35.0944,1705
35.0972,1729
35.1000,1712
35.1028,1703
35.1056,1681
35.1083,1684
35.1111,1673
35.1139,1648
35.1167,1624
35.1194,1648
35.1222,1705
35.1250,1696
35.1278,1644
35.1306,1577
35.1333,1526
35.1361,1497
35.1389,1543
35.1417,1598
35.1444,1635
35.1472,1681
35.1500,1711
35.1528,1738
35.1556,1728
35.1583,1709
35.1611,1714
35.1639,1717
35.1667,1720
35.1694,1717
35.1722,1717
35.1750,1698
35.1778,1674
35.1806,1653
35.1833,1681
35.1861,1726
35.1889,1777
35.1917,1778
35.1944,1736
35.1972,1679
35.2000,1636
35.2028,1594
35.2056,1583
35.2083,1616
35.2111,1670
35.2139,1716
35.2167,1723
35.2194,1697
35.2222,1674
35.2250,1676
35.2278,1654
35.2306,1626
35.2333,1625
35.2361,1636
35.2389,1646
35.2417,1651
35.2444,1662
35.2472,1628
35.2500,1603
35.2528,1582
35.2556,1559
35.2583,1547
35.2611,1585
35.2639,1642
35.2667,1647
35.2694,1611
35.2722,1639
35.2750,1699
35.2778,1719
35.2806,1700
35.2833,1641
35.2861,1619
35.2889,1592
35.2917,1573
35.2944,1581
35.2972,1587
35.3000,1631
35.3028,1685
35.3056,1698
35.3083,1707
35.3111,1683
35.3139,1661
35.3167,1627
35.3194,1607
35.3222,1583
35.3250,1575
35.3278,1566
35.3306,1581
35.3333,1638
35.3361,1715
35.3389,1766
35.3417,1826
35.3444,1897
35.3472,1966
35.3500,2066
35.3528,2180
35.3556,2328
35.3583,2486
35.3611,2691
35.3639,2874
35.3667,2901
35.3694,2722
35.3722,2374
35.3750,1981
35.3778,1669
35.3806,1497
35.3833,1461
35.3861,1490
35.3889,1526
35.3917,1555
35.3944,1604
35.3972,1644
35.4000,1643
35.4028,1602
35.4056,1555
35.4083,1551
35.4111,1589
35.4139,1703
35.4167,1790
35.4194,1778
35.4222,1680
35.4250,1540
35.4278,1412
35.4306,1342
35.4333,1325
35.4361,1379
35.4389,1443
35.4417,1482
35.4444,1509
35.4472,1537
35.4500,1577
35.4528,1599
35.4556,1617
35.4583,1628
35.4611,1631
35.4639,1617
35.4667,1623
35.4694,1647
35.4722,1660
35.4750,1686
35.4778,1668
35.4806,1647
35.4833,1619
35.4861,1590
35.4889,1567
35.4917,1544
35.4944,1519
35.4972,1504
35.5000,1517
35.5028,1529
35.5056,1529
35.5083,1502
35.5111,1499
35.5139,1509
35.5167,1556
35.5194,1596
35.5222,1627
35.5250,1662
35.5278,1651
35.5306,1614
35.5333,1560
35.5361,1539
35.5389,1577
35.5417,1614
35.5444,1701
35.5472,1784
35.5500,1825
35.5528,1781
35.5556,1700
35.5583,1643
35.5611,1612
35.5639,1590
35.5667,1575
35.5694,1643
35.5722,1647
35.5750,1626
35.5778,1649
35.5806,1693
35.5833,1697
35.5861,1666
35.5889,1629
35.5917,1624
35.5944,1660
35.5972,1699
35.6000,1731
35.6028,1741
35.6056,1726
35.6083,1717
35.6111,1720
35.6139,1708
35.6167,1674
35.6194,1632
35.6222,1592
35.6250,1591
35.6278,1622
35.6306,1642
35.6333,1611
35.6361,1529
35.6389,1484
35.6417,1538
35.6444,1597
35.6472,1664
35.6500,1666
35.6528,1667
35.6556,1641
35.6583,1598
35.6611,1536
35.6639,1508
35.6667,1548
35.6694,1587
35.6722,1638
35.6750,1680
35.6778,1673
35.6806,1651
35.6833,1640
35.6861,1629
35.6889,1637
35.6917,1656
35.6944,1655
35.6972,1638
35.7000,1591
35.7028,1574
35.7056,1563
35.7083,1577
35.7111,1618
35.7139,1683
35.7167,1730
35.7194,1735
35.7222,1702
35.7250,1645
35.7278,1605
35.7306,1582
35.7333,1577
35.7361,1595
35.7389,1655
35.7417,1705
35.7444,1722
35.7472,1710
35.7500,1687
35.7528,1666
35.7556,1620
35.7583,1580
35.7611,1580
35.7639,1583
35.7667,1570
35.7694,1550
35.7722,1583
35.7750,1605
35.7778,1619
35.7806,1601
35.7833,1589
35.7861,1580
35.7889,1610
35.7917,1630
35.7944,1635
35.7972,1607
35.8000,1607
35.8028,1648
35.8056,1669
35.8083,1669
35.8111,1670
35.8139,1658
35.8167,1635
35.8194,1587
35.8222,1536
35.8250,1536
35.8278,1583
35.8306,1633
35.8333,1661
35.8361,1658
35.8389,1634
35.8417,1649
35.8444,1688
35.8472,1744
35.8500,1763
35.8528,1729
35.8556,1634
35.8583,1569
35.8611,1553
35.8639,1553
35.8667,1527
35.8694,1489
35.8722,1485
35.8750,1571
35.8778,1639
35.8806,1680
35.8833,1664
35.8861,1645
35.8889,1679
35.8917,1709
35.8944,1731
35.8972,1732
35.9000,1731
35.9028,1711
35.9056,1671
35.9083,1631
35.9111,1617
35.9139,1628
35.9167,1612
35.9194,1601
35.9222,1601
35.9250,1582
35.9278,1558
35.9306,1536
35.9333,1551
35.9361,1584
35.9389,1589
35.9417,1590
35.9444,1580
35.9472,1543
35.9500,1554
35.9528,1574
35.9556,1599
35.9583,1598
35.9611,1574
35.9639,1547
35.9667,1546
35.9694,1552
35.9722,1565
35.9750,1581
35.9778,1612
35.9806,1633
35.9833,1627
35.9861,1619
35.9889,1616
35.9917,1603
35.9944,1598
35.9972,1613
36.0000,1625
36.0028,1627
36.0056,1591
36.0083,1569
36.0111,1550
36.0139,1574
36.0167,1627
36.0194,1689
36.0222,1753
36.0250,1821
36.0278,1898
36.0306,2003
36.0333,2120
36.0361,2250
36.0389,2451
36.0417,2671
36.0444,2766
36.0472,2691
36.0500,2477
36.0528,2129
36.0556,1770
36.0583,1545
36.0611,1484
36.0639,1519
36.0667,1581
36.0694,1628
36.0722,1649
36.0750,1642
36.0778,1635
36.0806,1611
36.0833,1567
36.0861,1522
36.0889,1496
36.0917,1542
36.0944,1597
36.0972,1615
36.1000,1558
36.1028,1464
36.1056,1410
36.1083,1427
36.1111,1473
36.1139,1509
36.1167,1526
36.1194,1535
36.1222,1518
36.1250,1506
36.1278,1490
36.1306,1494
36.1333,1499
36.1361,1520
36.1389,1556
36.1417,1578
36.1444,1583
36.1472,1562
36.1500,1539
36.1528,1515
36.1556,1485
36.1583,1453
36.1611,1425
36.1639,1367
36.1667,1371
36.1694,1427
36.1722,1495
36.1750,1549
36.1778,1607
36.1806,1589
36.1833,1571
36.1861,1534
36.1889,1512
36.1917,1465
36.1944,1445
36.1972,1451
36.2000,1480
36.2028,1545
36.2056,1610
36.2083,1647
36.2111,1666
36.2139,1682
36.2167,1679
36.2194,1693
36.2222,1688
36.2250,1656
36.2278,1588
36.2306,1577
36.2333,1580
36.2361,1564
36.2389,1557
36.2417,1559
36.2444,1577
36.2472,1602
36.2500,1769
36.2528,1775
36.2556,1717
36.2583,1650
36.2611,1606
36.2639,1613
36.2667,1636
36.2694,1678
36.2722,1710
36.2750,1735
36.2778,1702
36.2806,1631
36.2833,1565
36.2861,1515
36.2889,1519
36.2917,1554
36.2944,1595
36.2972,1625
36.3000,1640
36.3028,1621
36.3056,1613
36.3083,1613
36.3111,1613
36.3139,1559
36.3167,1533
36.3194,1538
36.3222,1581
36.3250,1635
36.3278,1691
36.3306,1703
36.3333,1680
36.3361,1650
36.3389,1612
36.3417,1566
36.3444,1547
36.3472,1569
36.3500,1602
36.3528,1604
36.3556,1613
36.3583,1646
36.3611,1692
36.3639,1716
36.3667,1711
36.3694,1661
36.3722,1637
36.3750,1627
36.3778,1630
36.3806,1616
36.3833,1610
36.3861,1624
36.3889,1641
36.3917,1654
36.3944,1661
36.3972,1653
36.4000,1648
36.4028,1642
36.4056,1647
36.4083,1679
36.4111,1715
36.4139,1739
36.4167,1749
36.4194,1730
36.4222,1690
36.4250,1654
36.4278,1635
36.4306,1636
36.4333,1696
36.4361,1716
36.4389,1737
36.4417,1727
36.4444,1731
36.4472,1720
36.4500,1702
36.4528,1685
36.4556,1688
36.4583,1670
36.4611,1683
36.4639,1690
36.4667,1684
36.4694,1705
36.4722,1720
36.4750,1753
36.4778,1780
36.4806,1773
36.4833,1751
36.4861,1719
36.4889,1695
36.4917,1661
36.4944,1655
36.4972,1659
36.5000,1665
36.5028,1658
36.5056,1662
36.5083,1668
36.5111,1665
36.5139,1657
36.5167,1661
36.5194,1694
36.5222,1696
36.5250,1708
36.5278,1710
36.5306,1723
36.5333,1729
36.5361,1747
36.5389,1760
36.5417,1749
36.5444,1730
36.5472,1712
36.5500,1724
36.5528,1746
36.5556,1729
36.5583,1704
36.5611,1665
36.5639,1616
36.5667,1583
36.5694,1609
36.5722,1618
36.5750,1622
36.5778,1607
36.5806,1614
36.5833,1621
36.5861,1635
36.5889,1659
36.5917,1662
36.5944,1651
36.5972,1622
36.6000,1604
36.6028,1596
36.6056,1627
36.6083,1661
36.6111,1659
36.6139,1645
36.6167,1612
36.6194,1605
36.6222,1623
36.6250,1644
36.6278,1651
36.6306,1677
36.6333,1689
36.6361,1686
36.6389,1681
36.6417,1657
36.6444,1638
36.6472,1636
36.6500,1691
36.6528,1777
36.6556,1889
36.6583,2009
36.6611,2158
36.6639,2318
36.6667,2440
36.6694,2599
36.6722,2807
36.6750,2894
36.6778,2787
36.6806,2488
36.6833,2102
36.6861,1779
36.6889,1599
36.6917,1543
36.6944,1569
36.6972,1639
36.7000,1728
36.7028,1788
36.7056,1804
36.7083,1780
36.7111,1721
36.7139,1673
36.7167,1642
36.7194,1635
36.7222,1626
36.7250,1635
36.7278,1631
36.7306,1601
36.7333,1577
36.7361,1584
36.7389,1621
36.7417,1656
36.7444,1668
36.7472,1657
36.7500,1619
36.7528,1583
36.7556,1561
36.7583,1562
36.7611,1563
36.7639,1564
36.7667,1553
36.7694,1565
36.7722,1594
36.7750,1613
36.7778,1625
36.7806,1636
36.7833,1651
36.7861,1668
36.7889,1694
36.7917,1723
36.7944,1729
36.7972,1686
36.8000,1646
36.8028,1647
36.8056,1677
36.8083,1700
36.8111,1716
36.8139,1725
36.8167,1737
36.8194,1738
36.8222,1732
36.8250,1729
36.8278,1708
36.8306,1671
36.8333,1657
36.8361,1627
36.8389,1624
36.8417,1656
36.8444,1690
36.8472,1709
36.8500,1721
36.8528,1713
36.8556,1715
36.8583,1728
36.8611,1753
36.8639,1779
36.8667,1774
36.8694,1740
36.8722,1702
36.8750,1724
36.8778,1770
36.8806,1872
36.8833,1890
36.8861,1887
36.8889,1877
36.8917,1851
36.8944,1823
36.8972,1800
36.9000,1810
36.9028,1806
36.9056,1797
36.9083,1788
36.9111,1779
36.9139,1759
36.9167,1735
36.9194,1706
36.9222,1717
36.9250,1733
36.9278,1730
36.9306,1719
36.9333,1699
36.9361,1694
36.9389,1705
36.9417,1703
36.9444,1689
36.9472,1696
36.9500,1706
36.9528,1721
36.9556,1729
36.9583,1744
36.9611,1745
36.9639,1754
36.9667,1763
36.9694,1776
36.9722,1790
36.9750,1807
36.9778,1806
36.9806,1803
36.9833,1769
36.9861,1717
36.9889,1668
36.9917,1645
36.9944,1645
36.9972,1694
37.0000,1775
37.0028,1839
37.0056,1862
37.0083,1854
37.0111,1807
37.0139,1726
37.0167,1685
37.0194,1692
37.0222,1716
37.0250,1745
37.0278,1770
37.0306,1779
37.0333,1782
37.0361,1774
37.0389,1775
37.0417,1779
37.0444,1770
37.0472,1764
37.0500,1769
37.0528,1780
37.0556,1790
37.0583,1803
37.0611,1805
37.0639,1787
37.0667,1771
37.0694,1785
37.0722,1799
37.0750,1791
37.0778,1790
37.0806,1780
37.0833,1781
37.0861,1765
37.0889,1751
37.0917,1770
37.0944,1797
37.0972,1824
37.1000,1859
37.1028,1875
37.1056,1874
37.1083,1846
37.1111,1827
37.1139,1823
37.1167,1805
37.1194,1816
37.1222,1799
37.1250,1771
37.1278,1755
37.1306,1777
37.1333,1838
37.1361,1902
37.1389,1925
37.1417,1904
37.1444,1869
37.1472,1815
37.1500,1734
37.1528,1702
37.1556,1702
37.1583,1731
37.1611,1762
37.1639,1764
37.1667,1728
37.1694,1684
37.1722,1660
37.1750,1652
37.1778,1646
37.1806,1626
37.1833,1630
37.1861,1669
37.1889,1714
37.1917,1725
37.1944,1721
37.1972,1701
37.2000,1715
37.2028,1746
37.2056,1766
37.2083,1738
37.2111,1702
37.2139,1642
37.2167,1608
37.2194,1655
37.2222,1709
37.2250,1762
37.2278,1784
37.2306,1780
37.2333,1747
37.2361,1711
37.2389,1672
37.2417,1633
37.2444,1627
37.2472,1647
37.2500,1678
37.2528,1695
37.2556,1703
37.2583,1695
37.2611,1682
37.2639,1660
37.2667,1671
37.2694,1715
37.2722,1837
37.2750,1974
37.2778,2099
37.2806,2211
37.2833,2336
37.2861,2469
37.2889,2627
37.2917,2845
37.2944,3009
37.2972,3023
37.3000,2841
37.3028,2480
37.3056,2048
37.3083,1727
37.3111,1564
37.3139,1533
37.3167,1603
37.3194,1701
37.3222,1771
37.3250,1829
37.3278,1825
37.3306,1780
37.3333,1696
37.3361,1574
37.3389,1486
37.3417,1504
37.3444,1582
37.3472,1659
37.3500,1674
37.3528,1651
37.3556,1608
37.3583,1574
37.3611,1565
37.3639,1577
37.3667,1609
37.3694,1613
37.3722,1589
37.3750,1565
37.3778,1562
37.3806,1569
37.3833,1582
37.3861,1593
37.3889,1619
37.3917,1630
37.3944,1630
37.3972,1613
37.4000,1592
37.4028,1590
37.4056,1625
37.4083,1664
37.4111,1654
37.4139,1642
37.4167,1645
37.4194,1656
37.4222,1666
37.4250,1651
37.4278,1634
37.4306,1633
37.4333,1625
37.4361,1615
37.4389,1610
37.4417,1643
37.4444,1668
37.4472,1689
37.4500,1702
37.4528,1701
37.4556,1688
37.4583,1650
37.4611,1640
37.4639,1639
37.4667,1654
37.4694,1670
37.4722,1684
37.4750,1686
37.4778,1693
37.4806,1725
37.4833,1759
37.4861,1764
37.4889,1748
37.4917,1721
37.4944,1700
37.4972,1704
37.5000,1840
37.5028,1842
37.5056,1815
37.5083,1801
37.5111,1778
37.5139,1740
37.5167,1704
37.5194,1664
37.5222,1656
37.5250,1645
37.5278,1647
37.5306,1636
37.5333,1618
37.5361,1581
37.5389,1574
37.5417,1600
37.5444,1628
37.5472,1652
37.5500,1679
37.5528,1702
37.5556,1700
37.5583,1669
37.5611,1642
37.5639,1624
37.5667,1636
37.5694,1662
37.5722,1682
37.5750,1686
37.5778,1690
37.5806,1675
37.5833,1655
37.5861,1630
37.5889,1597
37.5917,1586
37.5944,1606
37.5972,1615
37.6000,1617
37.6028,1618
37.6056,1635
37.6083,1632
37.6111,1621
37.6139,1607
37.6167,1620
37.6194,1634
37.6222,1668
37.6250,1712
37.6278,1747
37.6306,1750
37.6333,1722
37.6361,1677
37.6389,1625
37.6417,1601
37.6444,1593
37.6472,1616
37.6500,1673
37.6528,1738
37.6556,1783
37.6583,1809
37.6611,1809
37.6639,1763
37.6667,1726
37.6694,1696
37.6722,1642
37.6750,1594
37.6778,1584
37.6806,1604
37.6833,1622
37.6861,1643
37.6889,1652
37.6917,1644
37.6944,1613
37.6972,1597
37.7000,1574
37.7028,1578
37.7056,1598
37.7083,1619
37.7111,1641
37.7139,1653
37.7167,1662
37.7194,1685
37.7222,1693
37.7250,1729
37.7278,1777
37.7306,1810
37.7333,1812
37.7361,1810
37.7389,1794
37.7417,1782
37.7444,1777
37.7472,1763
37.7500,1721
37.7528,1671
37.7556,1621
37.7583,1582
37.7611,1578
37.7639,1613
37.7667,1661
37.7694,1689
37.7722,1688
37.7750,1659
37.7778,1667
37.7806,1695
37.7833,1706
37.7861,1697
37.7889,1674
37.7917,1646
37.7944,1626
37.7972,1632
37.8000,1638
37.8028,1652
37.8056,1655
37.8083,1640
37.8111,1624
37.8139,1630
37.8167,1651
37.8194,1639
37.8222,1631
37.8250,1615
37.8278,1598
37.8306,1574
37.8333,1562
37.8361,1546
37.8389,1568
37.8417,1580
37.8444,1603
37.8472,1600
37.8500,1606
37.8528,1587
37.8556,1558
37.8583,1524
37.8611,1509
37.8639,1520
37.8667,1548
37.8694,1559
37.8722,1587
37.8750,1635
37.8778,1645
37.8806,1646
37.8833,1624
37.8861,1623
37.8889,1621
37.8917,1599
37.8944,1588
37.8972,1581
37.9000,1572
37.9028,1551
37.9056,1533
37.9083,1501
37.9111,1520
37.9139,1592
37.9167,1710
37.9194,1840
37.9222,1970
37.9250,2112
37.9278,2267
37.9306,2446
37.9333,2675
37.9361,2921
37.9389,3056
37.9417,2973
37.9444,2653
37.9472,2220
37.9500,1814
37.9528,1572
37.9556,1498
37.9583,1527
37.9611,1581
37.9639,1618
37.9667,1615
37.9694,1595
37.9722,1556
37.9750,1518
37.9778,1476
37.9806,1455
37.9833,1434
37.9861,1425
37.9889,1422
37.9917,1442
37.9944,1455
37.9972,1468
38.0000,1459
38.0028,1464
38.0056,1482
38.0083,1491
38.0111,1498
38.0139,1493
38.0167,1487
38.0194,1497
38.0222,1549
38.0250,1566
38.0278,1550
38.0306,1500
38.0333,1469
38.0361,1467
38.0389,1463
38.0417,1472
38.0444,1485
38.0472,1504
38.0500,1533
38.0528,1555
38.0556,1544
38.0583,1527
38.0611,1517
38.0639,1528
38.0667,1570
38.0694,1555
38.0722,1536
38.0750,1522
38.0778,1511
38.0806,1527
38.0833,1568
38.0861,1602
38.0889,1595
38.0917,1548
38.0944,1506
38.0972,1493
38.1000,1511
38.1028,1546
38.1056,1570
38.1083,1573
38.1111,1554
38.1139,1532
38.1167,1493
38.1194,1476
38.1222,1496
38.1250,1534
38.1278,1583
38.1306,1601
38.1333,1640
38.1361,1675
38.1389,1715
38.1417,1727
38.1444,1656
38.1472,1669
38.1500,1664
38.1528,1666
38.1556,1668
38.1583,1676
38.1611,1655
38.1639,1665
38.1667,1711
38.1694,1735
38.1722,1708
38.1750,1632
38.1778,1543
38.1806,1482
38.1833,1479
38.1861,1511
38.1889,1553
38.1917,1607
38.1944,1613
38.1972,1588
38.2000,1573
38.2028,1576
38.2056,1598
38.2083,1624
38.2111,1646
38.2139,1626
38.2167,1597
38.2194,1564
38.2222,1533
38.2250,1523
38.2278,1540
38.2306,1572
38.2333,1594
38.2361,1589
38.2389,1601
38.2417,1608
38.2444,1576
38.2472,1561
38.2500,1572
38.2528,1579
38.2556,1558
38.2583,1577
38.2611,1591
38.2639,1595
38.2667,1602
38.2694,1635
38.2722,1665
38.2750,1695
38.2778,1684
38.2806,1629
38.2833,1599
38.2861,1613
38.2889,1631
38.2917,1631
38.2944,1612
38.2972,1593
38.3000,1601
38.3028,1617
38.3056,1642
38.3083,1653
38.3111,1648
38.3139,1651
38.3167,1643
38.3194,1628
38.3222,1612
38.3250,1571
38.3278,1547
38.3306,1535
38.3333,1536
38.3361,1565
38.3389,1587
38.3417,1589
38.3444,1609
38.3472,1652
38.3500,1683
38.3528,1687
38.3556,1663
38.3583,1616
38.3611,1564
38.3639,1527
38.3667,1526
38.3694,1537
38.3722,1564
38.3750,1589
38.3778,1604
38.3806,1607
38.3833,1603
38.3861,1608
38.3889,1618
38.3917,1634
38.3944,1636
38.3972,1610
38.4000,1600
38.4028,1592
38.4056,1593
38.4083,1585
38.4111,1634
38.4139,1704
38.4167,1756
38.4194,1763
38.4222,1744
38.4250,1707
38.4278,1676
38.4306,1644
38.4333,1607
38.4361,1575
38.4389,1570
38.4417,1601
38.4444,1614
38.4472,1622
38.4500,1629
38.4528,1628
38.4556,1633
38.4583,1640
38.4611,1685
38.4639,1722
38.4667,1736
38.4694,1717
38.4722,1672
38.4750,1629
38.4778,1640
38.4806,1662
38.4833,1698
38.4861,1716
38.4889,1698
38.4917,1702
38.4944,1693
38.4972,1657
38.5000,1637
38.5028,1612
38.5056,1591
38.5083,1582
38.5111,1579
38.5139,1565
38.5167,1572
38.5194,1555
38.5222,1528
38.5250,1516
38.5278,1543
38.5306,1566
38.5333,1595
38.5361,1588
38.5389,1596
38.5417,1597
38.5444,1607
38.5472,1618
38.5500,1613
38.5528,1618
38.5556,1626
38.5583,1614
38.5611,1627
38.5639,1645
38.5667,1646
38.5694,1658
38.5722,1645
38.5750,1613
38.5778,1571
38.5806,1561
38.5833,1588
38.5861,1633
38.5889,1659
38.5917,1646
38.5944,1615
38.5972,1590
38.6000,1618
38.6028,1716
38.6056,1860
38.6083,2052
38.6111,2245
38.6139,2436
38.6167,2634
38.6194,2866
38.6222,3002
38.6250,2949
38.6278,2729
38.6306,2376
38.6333,1996
38.6361,1704
38.6389,1530
38.6417,1482
38.6444,1499
38.6472,1561
38.6500,1630
38.6528,1657
38.6556,1631
38.6583,1614
38.6611,1596
38.6639,1572
38.6667,1547
38.6694,1563
38.6722,1568
38.6750,1570
38.6778,1571
38.6806,1541
38.6833,1511
38.6861,1501
38.6889,1514
38.6917,1509
38.6944,1506
38.6972,1512
38.7000,1515
38.7028,1538
38.7056,1559
38.7083,1565
38.7111,1583
38.7139,1571
38.7167,1564
38.7194,1572
38.7222,1540
38.7250,1485
38.7278,1459
38.7306,1474
38.7333,1522
38.7361,1589
38.7389,1610
38.7417,1588
38.7444,1571
38.7472,1520
38.7500,1520
38.7528,1512
38.7556,1531
38.7583,1558
38.7611,1579
38.7639,1584
38.7667,1584
38.7694,1605
38.7722,1614
38.7750,1619
38.7778,1607
38.7806,1582
38.7833,1533
38.7861,1501
38.7889,1531
38.7917,1583
38.7944,1640
38.7972,1673
38.8000,1696
38.8028,1693
38.8056,1688
38.8083,1671
38.8111,1630
38.8139,1597
38.8167,1600
38.8194,1649
38.8222,1689
38.8250,1746
38.8278,1726
38.8306,1732
38.8333,1739
38.8361,1751
38.8389,1787
38.8417,1754
38.8444,1709
38.8472,1679
38.8500,1678
38.8528,1669
38.8556,1659
38.8583,1652
38.8611,1641
38.8639,1627
38.8667,1606
38.8694,1613
38.8722,1633
38.8750,1635
38.8778,1606
38.8806,1539
38.8833,1493
38.8861,1492
38.8889,1566
38.8917,1622
38.8944,1631
38.8972,1614
38.9000,1618
38.9028,1630
38.9056,1635
38.9083,1634
38.9111,1627
38.9139,1596
38.9167,1570
38.9194,1561
38.9222,1594
38.9250,1638
38.9278,1668
38.9306,1633
38.9333,1575
38.9361,1538
38.9389,1517
38.9417,1524
38.9444,1582
38.9472,1653
38.9500,1702
38.9528,1707
38.9556,1668
38.9583,1627
38.9611,1593
38.9639,1559
38.9667,1536
38.9694,1562
38.9722,1601
38.9750,1633
38.9778,1650
38.9806,1682
38.9833,1672
38.9861,1635
38.9889,1590
38.9917,1567
38.9944,1574
38.9972,1580
39.0000,1576
39.0028,1554
39.0056,1528
39.0083,1529
39.0111,1529
39.0139,1550
39.0167,1566
39.0194,1582
39.0222,1595
39.0250,1606
39.0278,1636
39.0306,1670
39.0333,1678
39.0361,1644
39.0389,1611
39.0417,1565
39.0444,1526
39.0472,1515
39.0500,1524
39.0528,1532
39.0556,1545
39.0583,1550
39.0611,1513
39.0639,1479
39.0667,1443
39.0694,1426
39.0722,1444
39.0750,1508
39.0778,1568
39.0806,1615
39.0833,1623
39.0861,1573
39.0889,1511
39.0917,1508
39.0944,1521
39.0972,1516
39.1000,1513
39.1028,1557
39.1056,1600
39.1083,1612
39.1111,1604
39.1139,1595
39.1167,1622
39.1194,1640
39.1222,1657
39.1250,1658
39.1278,1645
39.1306,1623
39.1333,1593
39.1361,1574
39.1389,1559
39.1417,1548
39.1444,1561
39.1472,1571
39.1500,1579
39.1528,1585
39.1556,1622
39.1583,1669
39.1611,1642
39.1639,1600
39.1667,1567
39.1694,1575
39.1722,1591
39.1750,1605
39.1778,1612
39.1806,1628
39.1833,1647
39.1861,1655
39.1889,1673
39.1917,1653
39.1944,1613
39.1972,1586
39.2000,1572
39.2028,1569
39.2056,1572
39.2083,1571
39.2111,1579
39.2139,1565
39.2167,1537
39.2194,1497
39.2222,1472
39.2250,1491
39.2278,1532
39.2306,1568
39.2333,1611
39.2361,1650
39.2389,1641
39.2417,1590
39.2444,1528
39.2472,1498
39.2500,1505
39.2528,1519
39.2556,1526
39.2583,1540
39.2611,1561
39.2639,1576
39.2667,1566
39.2694,1580
39.2722,1589
39.2750,1580
39.2778,1569
39.2806,1588
39.2833,1616
39.2861,1630
39.2889,1643
39.2917,1656
39.2944,1647
39.2972,1634
39.3000,1637
39.3028,1655
39.3056,1686
39.3083,1717
39.3111,1791
39.3139,1961
39.3167,2177
39.3194,2366
39.3222,2508
39.3250,2712
39.3278,2879
39.3306,2916
39.3333,2755
39.3361,2430
39.3389,2037
39.3417,1724
39.3444,1546
39.3472,1486
39.3500,1502
39.3528,1554
39.3556,1617
39.3583,1649
39.3611,1640
39.3639,1607
39.3667,1572
39.3694,1552
39.3722,1525
39.3750,1523
39.3778,1537
39.3806,1570
39.3833,1601
39.3861,1581
39.3889,1524
39.3917,1493
39.3944,1492
39.3972,1518
39.4000,1534
39.4028,1541
39.4056,1524
39.4083,1503
39.4111,1494
39.4139,1551
39.4167,1611
39.4194,1628
39.4222,1635
39.4250,1620
39.4278,1605
39.4306,1598
39.4333,1611
39.4361,1641
39.4389,1668
39.4417,1650
39.4444,1607
39.4472,1554
39.4500,1533
39.4528,1541
39.4556,1548
39.4583,1559
39.4611,1574
39.4639,1603
39.4667,1633
39.4694,1659
39.4722,1656
39.4750,1624
39.4778,1579
39.4806,1536
39.4833,1526
39.4861,1582
39.4889,1638
39.4917,1663
39.4944,1627
39.4972,1621
39.5000,1632
39.5028,1649
39.5056,1644
39.5083,1639
39.5111,1636
39.5139,1655
39.5167,1669
39.5194,1699
39.5222,1732
39.5250,1756
39.5278,1760
39.5306,1753
39.5333,1754
39.5361,1802
39.5389,1814
39.5417,1811
39.5444,1841
39.5472,1854
39.5500,1832
39.5528,1793
39.5556,1746
39.5583,1679
39.5611,1622
39.5639,1587
39.5667,1581
39.5694,1610
39.5722,1652
39.5750,1697
39.5778,1747
39.5806,1774
39.5833,1773
39.5861,1742
39.5889,1697
39.5917,1655
39.5944,1640
39.5972,1670
39.6000,1705
39.6028,1720
39.6056,1726
39.6083,1729
39.6111,1734
39.6139,1768
39.6167,1828
39.6194,1838
39.6222,1786
39.6250,1736
39.6278,1703
39.6306,1675
39.6333,1633
39.6361,1602
39.6389,1604
39.6417,1642
39.6444,1675
39.6472,1715
39.6500,1729
39.6528,1724
39.6556,1735
39.6583,1739
39.6611,1743
39.6639,1744
39.6667,1730
39.6694,1712
39.6722,1713
39.6750,1734
39.6778,1745
39.6806,1741
39.6833,1743
39.6861,1766
39.6889,1797
39.6917,1805
39.6944,1791
39.6972,1772
39.7000,1755
39.7028,1750
39.7056,1747
39.7083,1745
39.7111,1716
39.7139,1677
39.7167,1641
39.7194,1650
39.7222,1701
39.7250,1702
39.7278,1679
39.7306,1700
39.7333,1734
39.7361,1775
39.7389,1809
39.7417,1814
39.7444,1810
39.7472,1759
39.7500,1699
39.7528,1676
39.7556,1658
39.7583,1689
39.7611,1725
39.7639,1761
39.7667,1772
39.7694,1770
39.7722,1745
39.7750,1701
39.7778,1663
39.7806,1653
39.7833,1672
39.7861,1706
39.7889,1711
39.7917,1708
39.7944,1694
39.7972,1689
39.8000,1701
39.8028,1724
39.8056,1738
39.8083,1736
39.8111,1758
39.8139,1759
39.8167,1758
39.8194,1784
39.8222,1821
39.8250,1842
39.8278,1869
39.8306,1840
39.8333,1809
39.8361,1778
39.8389,1796
39.8417,1818
39.8444,1803
39.8472,1784
39.8500,1760
39.8528,1750
39.8556,1717
39.8583,1698
39.8611,1684
39.8639,1708
39.8667,1755
39.8694,1813
39.8722,1858
39.8750,1874
39.8778,1864
39.8806,1800
39.8833,1724
39.8861,1674
39.8889,1655
39.8917,1679
39.8944,1745
39.8972,1801
39.9000,1818
39.9028,1798
39.9056,1765
39.9083,1744
39.9111,1736
39.9139,1757
39.9167,1759
39.9194,1771
39.9222,1760
39.9250,1736
39.9278,1704
39.9306,1676
39.9333,1693
39.9361,1727
39.9389,1753
39.9417,1754
39.9444,1751
39.9472,1765
39.9500,1781
39.9528,1782
39.9556,1770
39.9583,1747
39.9611,1724
39.9639,1707
39.9667,1719
39.9694,1732
39.9722,1730
39.9750,1744
39.9778,1748
39.9806,1764
39.9833,1744
39.9861,1737
39.9889,1727
39.9917,1728
39.9944,1720
39.9972,1766
40.0000,1857
40.0028,1947
40.0056,2058
40.0083,2199
40.0111,2342
40.0139,2477
40.0167,2649
40.0194,2876
40.0222,3062
40.0250,3083
40.0278,2858
40.0306,2450
40.0333,2019
40.0361,1711
40.0389,1570
40.0417,1574
40.0444,1648
40.0472,1723
40.0500,1779
40.0528,1790
40.0556,1767
40.0583,1711
40.0611,1660
40.0639,1639
40.0667,1648
40.0694,1690
40.0722,1721
40.0750,1727
40.0778,1702
40.0806,1681
40.0833,1683
40.0861,1660
40.0889,1665
40.0917,1649
40.0944,1630
40.0972,1650
40.1000,1678
40.1028,1696
40.1056,1714
40.1083,1744
40.1111,1747
40.1139,1717
40.1167,1669
40.1194,1644
40.1222,1619
40.1250,1628
40.1278,1636
40.1306,1640
40.1333,1639
40.1361,1664
40.1389,1699
40.1417,1732
40.1444,1736
40.1472,1714
40.1500,1704
40.1528,1727
40.1556,1728
40.1583,1724
40.1611,1703
40.1639,1681
40.1667,1680
40.1694,1693
40.1722,1718
40.1750,1743
40.1778,1744
40.1806,1728
40.1833,1708
40.1861,1704
40.1889,1720
40.1917,1745
40.1944,1768
40.1972,1768
40.2000,1754
40.2028,1735
40.2056,1714
40.2083,1711
40.2111,1726
40.2139,1757
40.2167,1788
40.2194,1803
40.2222,1796
40.2250,1790
40.2278,1826
40.2306,1841
40.2333,1818
40.2361,1774
40.2389,1723
40.2417,1734
40.2444,1754
40.2472,1763
40.2500,1754
40.2528,1770
40.2556,1793
40.2583,1803
40.2611,1780
40.2639,1787
40.2667,1778
40.2694,1774
40.2722,1765
40.2750,1749
40.2778,1733
40.2806,1724
40.2833,1717
40.2861,1706
40.2889,1720
40.2917,1751
40.2944,1780
40.2972,1779
40.3000,1760
40.3028,1723
40.3056,1668
40.3083,1642
40.3111,1689
40.3139,1736
40.3167,1744
40.3194,1777
40.3222,1778
40.3250,1766
40.3278,1737
40.3306,1729
40.3333,1722
40.3361,1722
40.3389,1719
40.3417,1712
40.3444,1687
40.3472,1685
40.3500,1715
40.3528,1749
40.3556,1797
40.3583,1810
40.3611,1789
40.3639,1742
40.3667,1717
40.3694,1719
40.3722,1733
40.3750,1730
40.3778,1730
40.3806,1739
40.3833,1776
40.3861,1790
40.3889,1788
40.3917,1780
40.3944,1787
40.3972,1779
40.4000,1743
40.4028,1710
40.4056,1681
40.4083,1699
40.4111,1760
40.4139,1788
40.4167,1790
40.4194,1757
40.4222,1700
40.4250,1643
40.4278,1626
40.4306,1644
40.4333,1680
40.4361,1702
40.4389,1712
40.4417,1722
40.4444,1725
40.4472,1726
40.4500,1718
40.4528,1714
40.4556,1710
40.4583,1717
40.4611,1718
40.4639,1708
40.4667,1695
40.4694,1683
40.4722,1708
40.4750,1744
40.4778,1776
40.4806,1770
40.4833,1768
40.4861,1731
40.4889,1674
40.4917,1632
40.4944,1634
40.4972,1648
40.5000,1691
40.5028,1748
40.5056,1793
40.5083,1820
40.5111,1781
40.5139,1721
40.5167,1686
40.5194,1662
40.5222,1679
40.5250,1703
40.5278,1755
40.5306,1825
40.5333,1881
40.5361,1875
40.5389,1828
40.5417,1788
40.5444,1753
40.5472,1726
40.5500,1746
40.5528,1774
40.5556,1808
40.5583,1817
40.5611,1822
40.5639,1792
40.5667,1749
40.5694,1739
40.5722,1772
40.5750,1810
40.5778,1787
40.5806,1753
40.5833,1756
40.5861,1766
40.5889,1759
40.5917,1734
40.5944,1741
40.5972,1765
40.6000,1750
40.6028,1724
40.6056,1730
40.6083,1780
40.6111,1798
40.6139,1804
40.6167,1781
40.6194,1754
40.6222,1730
40.6250,1697
40.6278,1686
40.6306,1688
40.6333,1714
40.6361,1710
40.6389,1696
40.6417,1691
40.6444,1683
40.6472,1708
40.6500,1748
40.6528,1757
40.6556,1748
40.6583,1740
40.6611,1715
40.6639,1686
40.6667,1642
40.6694,1644
40.6722,1699
40.6750,1740
40.6778,1764
40.6806,1752
40.6833,1723
40.6861,1719
40.6889,1715
40.6917,1705
40.6944,1677
40.6972,1645
40.7000,1650
40.7028,1726
40.7056,1859
40.7083,2004
40.7111,2150
40.7139,2299
40.7167,2437
40.7194,2573
40.7222,2735
40.7250,2900
40.7278,2940
40.7306,2841
40.7333,2550
40.7361,2164
40.7389,1824
40.7417,1642
40.7444,1607
40.7472,1627
40.7500,1650
40.7528,1657
40.7556,1651
40.7583,1664
40.7611,1673
40.7639,1661
40.7667,1645
40.7694,1606
40.7722,1602
40.7750,1598
40.7778,1600
40.7806,1586
40.7833,1582
40.7861,1585
40.7889,1618
40.7917,1666
40.7944,1708
40.7972,1717
40.8000,1662
40.8028,1584
40.8056,1538
40.8083,1560
40.8111,1629
40.8139,1664
40.8167,1669
40.8194,1648
40.8222,1616
40.8250,1604
40.8278,1583
40.8306,1576
40.8333,1571
40.8361,1595
40.8389,1649
40.8417,1676
40.8444,1673
40.8472,1663
40.8500,1637
40.8528,1619
40.8556,1620
40.8583,1633
40.8611,1637
40.8639,1648
40.8667,1626
40.8694,1595
40.8722,1576
40.8750,1590
40.8778,1603
40.8806,1619
40.8833,1632
40.8861,1603
40.8889,1586
40.8917,1593
40.8944,1626
40.8972,1690
40.9000,1704
40.9028,1700
40.9056,1681
40.9083,1657
40.9111,1670
40.9139,1710
40.9167,1766
40.9194,1788
40.9222,1771
40.9250,1735
40.9278,1699
40.9306,1646
40.9333,1786
40.9361,1779
40.9389,1785
40.9417,1808
40.9444,1807
40.9472,1795
40.9500,1740
40.9528,1675
40.9556,1642
40.9583,1599
40.9611,1577
40.9639,1609
40.9667,1645
40.9694,1643
40.9722,1630
40.9750,1652
40.9778,1674
40.9806,1705
40.9833,1720
40.9861,1708
40.9889,1691
40.9917,1659
40.9944,1604
40.9972,1573
41.0000,1599
41.0028,1637
41.0056,1677
41.0083,1681
41.0111,1667
41.0139,1621
41.0167,1586
41.0194,1567
41.0222,1564
41.0250,1563
41.0278,1586
41.0306,1625
41.0333,1628
41.0361,1626
41.0389,1633
41.0417,1639
41.0444,1638
41.0472,1651
41.0500,1664
41.0528,1704
41.0556,1733
41.0583,1722
41.0611,1685
41.0639,1618
41.0667,1574
41.0694,1582
41.0722,1620
41.0750,1639
41.0778,1636
41.0806,1620
41.0833,1613
41.0861,1630
41.0889,1638
41.0917,1659
41.0944,1667
41.0972,1658
41.1000,1645
41.1028,1610
41.1056,1585
41.1083,1578
41.1111,1604
41.1139,1618
41.1167,1623
41.1194,1615
41.1222,1580
41.1250,1566
41.1278,1584
41.1306,1630
41.1333,1656
41.1361,1671
41.1389,1671
41.1417,1671
41.1444,1648
41.1472,1622
41.1500,1586
41.1528,1541
41.1556,1502
41.1583,1522
41.1611,1575
41.1639,1621
41.1667,1657
41.1694,1686
41.1722,1746
41.1750,1818
41.1778,1842
41.1806,1798
41.1833,1694
41.1861,1581
41.1889,1491
41.1917,1460
41.1944,1478
41.1972,1523
41.2000,1574
41.2028,1628
41.2056,1651
41.2083,1635
41.2111,1597
41.2139,1581
41.2167,1583
41.2194,1593
41.2222,1630
41.2250,1643
41.2278,1635
41.2306,1607
41.2333,1610
41.2361,1625
41.2389,1632
41.2417,1653
41.2444,1662
41.2472,1659
41.2500,1604
41.2528,1555
41.2556,1518
41.2583,1509
41.2611,1541
41.2639,1589
41.2667,1634
41.2694,1650
41.2722,1627
41.2750,1611
41.2778,1600
41.2806,1611
41.2833,1613
41.2861,1586
41.2889,1553
41.2917,1526
41.2944,1501
41.2972,1484
41.3000,1471
41.3028,1509
41.3056,1566
41.3083,1602
41.3111,1611
41.3139,1612
41.3167,1592
41.3194,1567
41.3222,1555
41.3250,1565
41.3278,1584
41.3306,1582
41.3333,1577
41.3361,1582
41.3389,1593
41.3417,1601
41.3444,1573
41.3472,1522
41.3500,1556
41.3528,1677
41.3556,1830
41.3583,1928
41.3611,2038
41.3639,2179
41.3667,2333
41.3694,2482
41.3722,2665
41.3750,2782
41.3778,2766
41.3806,2585
41.3833,2248
41.3861,1876
41.3889,1593
41.3917,1442
41.3944,1386
41.3972,1416
41.4000,1504
41.4028,1608
41.4056,1660
41.4083,1678
41.4111,1689
41.4139,1642
41.4167,1599
41.4194,1585
41.4222,1573
41.4250,1568
41.4278,1552
41.4306,1549
41.4333,1540
41.4361,1535
41.4389,1540
41.4417,1558
41.4444,1590
41.4472,1605
41.4500,1583
41.4528,1558
41.4556,1540
41.4583,1513
41.4611,1514
41.4639,1514
41.4667,1528
41.4694,1557
41.4722,1587
41.4750,1590
41.4778,1583
41.4806,1553
41.4833,1522
41.4861,1500
41.4889,1454
41.4917,1441
41.4944,1498
41.4972,1557
41.5000,1607
41.5028,1631
41.5056,1635
41.5083,1639
41.5111,1608
41.5139,1582
41.5167,1561
41.5194,1554
41.5222,1556
41.5250,1573
41.5278,1616
41.5306,1635
41.5333,1634
41.5361,1628
41.5389,1617
41.5417,1605
41.5444,1599
41.5472,1614
41.5500,1656
41.5528,1699
41.5556,1705
41.5583,1702
41.5611,1663
41.5639,1621
41.5667,1625
41.5694,1647
41.5722,1670
41.5750,1680
41.5778,1711
41.5806,1828
41.5833,1847
41.5861,1836
41.5889,1806
41.5917,1750
41.5944,1718
41.5972,1718
41.6000,1701
41.6028,1674
41.6056,1674
41.6083,1667
41.6111,1662
41.6139,1665
41.6167,1622
41.6194,1617
41.6222,1627
41.6250,1698
41.6278,1752
41.6306,1766
41.6333,1734
41.6361,1700
41.6389,1667
41.6417,1638
41.6444,1657
41.6472,1682
41.6500,1704
41.6528,1738
41.6556,1736
41.6583,1723
41.6611,1724
41.6639,1705
41.6667,1693
41.6694,1692
41.6722,1674
41.6750,1669
41.6778,1670
41.6806,1699
41.6833,1734
41.6861,1743
41.6889,1698
41.6917,1674
41.6944,1659
41.6972,1653
41.7000,1658
41.7028,1673
41.7056,1723
41.7083,1782
41.7111,1807
41.7139,1825
41.7167,1788
41.7194,1752
41.7222,1713
41.7250,1682
41.7278,1683
41.7306,1707
41.7333,1738
41.7361,1772
41.7389,1803
41.7417,1818
41.7444,1806
41.7472,1801
41.7500,1790
41.7528,1778
41.7556,1761
41.7583,1758
41.7611,1771
41.7639,1780
41.7667,1785
41.7694,1780
41.7722,1761
41.7750,1731
41.7778,1699
41.7806,1697
41.7833,1667
41.7861,1657
41.7889,1673
41.7917,1713
41.7944,1755
41.7972,1809
41.8000,1842
41.8028,1835
41.8056,1816
41.8083,1796
41.8111,1790
41.8139,1772
41.8167,1722
41.8194,1698
41.8222,1708
41.8250,1741
41.8278,1773
41.8306,1783
41.8333,1783
41.8361,1796
41.8389,1815
41.8417,1798
41.8444,1781
41.8472,1785
41.8500,1779
41.8528,1769
41.8556,1767
41.8583,1765
41.8611,1758
41.8639,1762
41.8667,1766
41.8694,1750
41.8722,1720
41.8750,1679
41.8778,1659
41.8806,1679
41.8833,1681
41.8861,1692
41.8889,1704
41.8917,1719
41.8944,1718
41.8972,1728
41.9000,1742
41.9028,1774
41.9056,1786
41.9083,1755
41.9111,1723
41.9139,1708
41.9167,1709
41.9194,1715
41.9222,1735
41.9250,1724
41.9278,1711
41.9306,1702
41.9333,1722
41.9361,1751
41.9389,1759
41.9417,1755
41.9444,1742
41.9472,1714
41.9500,1691
41.9528,1653
41.9556,1647
41.9583,1676
41.9611,1720
41.9639,1725
41.9667,1705
41.9694,1700
41.9722,1700
41.9750,1723
41.9778,1787
41.9806,1883
41.9833,1989
41.9861,2064
41.9889,2160
41.9917,2302
41.9944,2471
41.9972,2636
42.0000,2852
42.0028,3000
42.0056,3004
42.0083,2819
42.0111,2442
42.0139,2015
42.0167,1693
42.0194,1548
42.0222,1534
42.0250,1613
42.0278,1720
42.0306,1784
42.0333,1787
42.0361,1748
42.0389,1681
42.0417,1604
42.0444,1574
42.0472,1596
42.0500,1672
42.0528,1717
42.0556,1709
42.0583,1674
42.0611,1642
42.0639,1624
42.0667,1630
42.0694,1654
42.0722,1681
42.0750,1716
42.0778,1734
42.0806,1702
42.0833,1638
42.0861,1585
42.0889,1583
42.0917,1617
42.0944,1667
42.0972,1681
42.1000,1663
42.1028,1650
42.1056,1655
42.1083,1668
42.1111,1675
42.1139,1677
42.1167,1670
42.1194,1656
42.1222,1661
42.1250,1693
42.1278,1717
42.1306,1733
42.1333,1746
42.1361,1751
42.1389,1726
42.1417,1728
42.1444,1706
42.1472,1705
42.1500,1702
42.1528,1712
42.1556,1743
42.1583,1763
42.1611,1773
42.1639,1782
42.1667,1734
42.1694,1687
42.1722,1651
42.1750,1629
42.1778,1624
42.1806,1647
42.1833,1673
42.1861,1703
42.1889,1711
42.1917,1709
42.1944,1726
42.1972,1750
42.2000,1799
42.2028,1837
42.2056,1864
42.2083,1864
42.2111,1868
42.2139,1859
42.2167,1838
42.2194,1813
42.2222,1798
42.2250,1808
42.2278,1823
42.2306,1847
42.2333,1851
42.2361,1803
42.2389,1771
42.2417,1766
42.2444,1793
42.2472,1826
42.2500,1842
42.2528,1845
42.2556,1825
42.2583,1769
42.2611,1732
42.2639,1694
42.2667,1698
42.2694,1704
42.2722,1708
42.2750,1700
42.2778,1700
42.2806,1700
42.2833,1703
42.2861,1708
42.2889,1687
42.2917,1700
42.2944,1721
42.2972,1728
42.3000,1692
42.3028,1664
42.3056,1685
42.3083,1716
42.3111,1769
42.3139,1796
42.3167,1801
42.3194,1785
42.3222,1762
42.3250,1748
42.3278,1741
42.3306,1719
42.3333,1698
42.3361,1691
42.3389,1709
42.3417,1729
42.3444,1741
42.3472,1709
42.3500,1694
42.3528,1715
42.3556,1743
42.3583,1760
42.3611,1767
42.3639,1759
42.3667,1755
42.3694,1747
42.3722,1728
42.3750,1658
42.3778,1610
42.3806,1638
42.3833,1705
42.3861,1771
42.3889,1804
42.3917,1817
42.3944,1783
42.3972,1715
42.4000,1662
42.4028,1639
42.4056,1662
42.4083,1708
42.4111,1733
42.4139,1721
42.4167,1725
42.4194,1706
42.4222,1695
42.4250,1714
42.4278,1737
42.4306,1765
42.4333,1766
42.4361,1786
42.4389,1778
42.4417,1746
42.4444,1702
42.4472,1681
42.4500,1703
42.4528,1727
42.4556,1744
42.4583,1745
42.4611,1729
42.4639,1700
42.4667,1666
42.4694,1652
42.4722,1643
42.4750,1663
42.4778,1698
42.4806,1737
42.4833,1731
42.4861,1706
42.4889,1659
42.4917,1623
42.4944,1605
42.4972,1600
42.5000,1612
42.5028,1646
42.5056,1651
42.5083,1661
42.5111,1662
42.5139,1624
42.5167,1559
42.5194,1520
42.5222,1530
42.5250,1566
42.5278,1612
42.5306,1629
42.5333,1608
42.5361,1576
42.5389,1547
42.5417,1532
42.5444,1531
42.5472,1561
42.5500,1576
42.5528,1601
42.5556,1617
42.5583,1620
42.5611,1596
42.5639,1553
42.5667,1484
42.5694,1434
42.5722,1426
42.5750,1464
42.5778,1519
42.5806,1567
42.5833,1578
42.5861,1560
42.5889,1505
42.5917,1501
42.5944,1504
42.5972,1509
42.6000,1500
42.6028,1485
42.6056,1486
42.6083,1473
42.6111,1498
42.6139,1583
42.6167,1717
42.6194,1851
42.6222,1982
42.6250,2114
42.6278,2262
42.6306,2435
42.6333,2660
42.6361,2834
42.6389,2861
42.6417,2702
42.6444,2364
42.6472,1943
42.6500,1582
42.6528,1362
42.6556,1290
42.6583,1337
42.6611,1425
42.6639,1504
42.6667,1522
42.6694,1484
42.6722,1418
42.6750,1366
42.6778,1338
42.6806,1336
42.6833,1370
42.6861,1392
42.6889,1379
42.6917,1344
42.6944,1293
42.6972,1252
42.7000,1219
42.7028,1246
42.7056,1318
42.7083,1400
42.7111,1423
42.7139,1415
42.7167,1397
42.7194,1394
42.7222,1382
42.7250,1371
42.7278,1357
42.7306,1345
42.7333,1329
42.7361,1292
42.7389,1277
42.7417,1271
42.7444,1285
42.7472,1324
42.7500,1353
42.7528,1368
42.7556,1361
42.7583,1321
42.7611,1323
42.7639,1327
42.7667,1326
42.7694,1327
42.7722,1349
42.7750,1341
42.7778,1337
42.7806,1337
42.7833,1342
42.7861,1350
42.7889,1352
42.7917,1343
42.7944,1327
42.7972,1313
42.8000,1327
42.8028,1324
42.8056,1318
42.8083,1328
42.8111,1341
42.8139,1310
42.8167,1322
42.8194,1365
42.8222,1401
42.8250,1412
42.8278,1380
42.8306,1369
42.8333,1366
42.8361,1375
42.8389,1395
42.8417,1405
42.8444,1404
42.8472,1409
42.8500,1440
42.8528,1474
42.8556,1472
42.8583,1448
42.8611,1397
42.8639,1388
42.8667,1431
42.8694,1448
42.8722,1427
42.8750,1367
42.8778,1300
42.8806,1275
42.8833,1282
42.8861,1334
42.8889,1382
42.8917,1408
42.8944,1390
42.8972,1362
42.9000,1334
42.9028,1301
42.9056,1269
42.9083,1265
42.9111,1288
42.9139,1313
42.9167,1304
42.9194,1281
42.9222,1257
42.9250,1267
42.9278,1305
42.9306,1356
42.9333,1399
42.9361,1399
42.9389,1385
42.9417,1374
42.9444,1355
42.9472,1341
42.9500,1341
42.9528,1350
42.9556,1351
42.9583,1350
42.9611,1346
42.9639,1327
42.9667,1326
42.9694,1323
42.9722,1355
42.9750,1400
42.9778,1460
42.9806,1439
42.9833,1374
42.9861,1338
42.9889,1305
42.9917,1317
42.9944,1362
42.9972,1389
43.0000,1418
43.0028,1440
43.0056,1430
43.0083,1400
43.0111,1384
43.0139,1402
43.0167,1412
43.0194,1420
43.0222,1424
43.0250,1415
43.0278,1393
43.0306,1384
43.0333,1384
43.0361,1389
43.0389,1390
43.0417,1395
43.0444,1402
43.0472,1389
43.0500,1374
43.0528,1353
43.0556,1326
43.0583,1324
43.0611,1358
43.0639,1410
43.0667,1444
43.0694,1478
43.0722,1500
43.0750,1500
43.0778,1478
43.0806,1478
43.0833,1487
43.0861,1487
43.0889,1496
43.0917,1492
43.0944,1493
43.0972,1495
43.1000,1500
43.1028,1487
43.1056,1476
43.1083,1476
43.1111,1471
43.1139,1453
43.1167,1439
43.1194,1450
43.1222,1441
43.1250,1441
43.1278,1456
43.1306,1495
43.1333,1531
43.1361,1559
43.1389,1543
43.1417,1495
43.1444,1441
43.1472,1440
43.1500,1459
43.1528,1480
43.1556,1521
43.1583,1562
43.1611,1579
43.1639,1550
43.1667,1463
43.1694,1383
43.1722,1317
43.1750,1307
43.1778,1376
43.1806,1455
43.1833,1513
43.1861,1537
43.1889,1523
43.1917,1491
43.1944,1463
43.1972,1466
43.2000,1480
43.2028,1464
43.2056,1427
43.2083,1420
43.2111,1467
43.2139,1549
43.2167,1574
43.2194,1565
43.2222,1541
43.2250,1493
43.2278,1480
43.2306,1491
43.2333,1532
43.2361,1575
43.2389,1588
43.2417,1571
43.2444,1545
43.2472,1513
43.2500,1519
43.2528,1537
43.2556,1559
43.2583,1545
43.2611,1518
43.2639,1506
43.2667,1558
43.2694,1669
43.2722,1789
43.2750,1934
43.2778,2094
43.2806,2280
43.2833,2478
43.2861,2717
43.2889,2961
43.2917,3037
43.2944,2900
43.2972,2555
43.3000,2104
43.3028,1722
43.3056,1499
43.3083,1448
43.3111,1505
43.3139,1580
43.3167,1646
43.3194,1666
43.3222,1665
43.3250,1627
43.3278,1584
43.3306,1553
43.3333,1541
43.3361,1544
43.3389,1529
43.3417,1515
43.3444,1526
43.3472,1522
43.3500,1489
43.3528,1426
43.3556,1391
43.3583,1432
43.3611,1490
43.3639,1551
43.3667,1588
43.3694,1584
43.3722,1579
43.3750,1607
43.3778,1638
43.3806,1644
43.3833,1624
43.3861,1602
43.3889,1567
43.3917,1529
43.3944,1536
43.3972,1527
43.4000,1529
43.4028,1569
43.4056,1605
43.4083,1638
43.4111,1635
43.4139,1632
43.4167,1625
43.4194,1642
43.4222,1627
43.4250,1599
43.4278,1569
43.4306,1582
43.4333,1616
43.4361,1626
43.4389,1618
43.4417,1614
43.4444,1623
43.4472,1641
43.4500,1660
43.4528,1673
43.4556,1690
43.4583,1693
43.4611,1672
43.4639,1684
43.4667,1714
43.4694,1713
43.4722,1684
43.4750,1671
43.4778,1688
43.4806,1730
43.4833,1778
43.4861,1834
43.4889,1858
43.4917,1866
43.4944,1856
43.4972,1901
43.5000,1925
43.5028,1929
43.5056,1928
43.5083,1905
43.5111,1874
43.5139,1832
43.5167,1783
43.5194,1759
43.5222,1762
43.5250,1784
43.5278,1805
43.5306,1811
43.5333,1771
43.5361,1739
43.5389,1717
43.5417,1719
43.5444,1753
43.5472,1812
43.5500,1818
43.5528,1817
43.5556,1798
43.5583,1770
43.5611,1795
43.5639,1835
43.5667,1850
43.5694,1845
43.5722,1860
43.5750,1886
43.5778,1923
43.5806,1923
43.5833,1875
43.5861,1802
43.5889,1735
43.5917,1684
43.5944,1696
43.5972,1739
43.6000,1772
43.6028,1797
43.6056,1790
43.6083,1787
43.6111,1829
43.6139,1851
43.6167,1857
43.6194,1873
43.6222,1886
43.6250,1898
43.6278,1901
43.6306,1895
43.6333,1907
43.6361,1901
43.6389,1891
43.6417,1865
43.6444,1848
43.6472,1864
43.6500,1885
43.6528,1900
43.6556,1902
43.6583,1902
43.6611,1890
43.6639,1864
43.6667,1843
43.6694,1814
43.6722,1777
43.6750,1762
43.6778,1770
43.6806,1803
43.6833,1833
43.6861,1826
43.6889,1849
43.6917,1875
43.6944,1893
43.6972,1937
43.7000,1987
43.7028,2004
43.7056,1984
43.7083,1942
43.7111,1873
43.7139,1830
43.7167,1825
43.7194,1854
43.7222,1878
43.7250,1919
43.7278,1957
43.7306,1947
43.7333,1909
43.7361,1881
43.7389,1834
43.7417,1794
43.7444,1792
43.7472,1817
43.7500,1818
43.7528,1807
43.7556,1818
43.7583,1830
43.7611,1854
43.7639,1891
43.7667,1926
43.7694,1946
43.7722,1921
43.7750,1902
43.7778,1896
43.7806,1902
43.7833,1908
43.7861,1928
43.7889,1953
43.7917,1979
43.7944,1983
43.7972,1952
43.8000,1897
43.8028,1862
43.8056,1888
43.8083,1932
43.8111,1952
43.8139,1907
43.8167,1887
43.8194,1916
43.8222,1951
43.8250,1960
43.8278,1954
43.8306,1944
43.8333,1930
43.8361,1929
43.8389,1931
43.8417,1943
43.8444,1936
43.8472,1920
43.8500,1911
43.8528,1922
43.8556,1933
43.8583,1945
43.8611,1965
43.8639,2002
43.8667,1976
43.8694,1928
43.8722,1897
43.8750,1892
43.8778,1876
43.8806,1893
43.8833,1935
43.8861,1954
43.8889,1929
43.8917,1899
43.8944,1868
43.8972,1848
43.9000,1863
43.9028,1865
43.9056,1853
43.9083,1834
43.9111,1826
43.9139,1866
43.9167,1917
43.9194,1950
43.9222,1956
43.9250,1936
43.9278,1903
43.9306,1876
43.9333,1860
43.9361,1872
43.9389,1886
43.9417,1916
43.9444,1939
43.9472,1950
43.9500,1931
43.9528,1907
43.9556,1878
43.9583,1865
43.9611,1862
43.9639,1880
43.9667,1898
43.9694,1913
43.9722,1921
43.9750,1948
43.9778,2016
43.9806,2102
43.9833,2207
43.9861,2336
43.9889,2494
43.9917,2687
43.9944,2889
43.9972,3105
44.0000,3271
44.0028,3298
44.0056,3088
44.0083,2696
44.0111,2280
44.0139,1990
44.0167,1862
44.0194,1845
44.0222,1885
44.0250,1927
44.0278,1959
44.0306,1961
44.0333,1957
44.0361,1933
44.0389,1876
44.0417,1804
44.0444,1760
44.0472,1783
44.0500,1835
44.0528,1858
44.0556,1827
44.0583,1789
44.0611,1759
44.0639,1768
44.0667,1790
44.0694,1799
44.0722,1833
44.0750,1875
44.0778,1876
44.0806,1844
44.0833,1818
44.0861,1757
44.0889,1749
44.0917,1790
44.0944,1831
44.0972,1843
44.1000,1851
44.1028,1856
44.1056,1858
44.1083,1865
44.1111,1853
44.1139,1845
44.1167,1861
44.1194,1875
44.1222,1885
44.1250,1893
44.1278,1896
44.1306,1879
44.1333,1864
44.1361,1861
44.1389,1859
44.1417,1833
44.1444,1814
44.1472,1790
44.1500,1768
44.1528,1789
44.1556,1852
44.1583,1903
44.1611,1912
44.1639,1909
44.1667,1899
44.1694,1896
44.1722,1907
44.1750,1899
44.1778,1856
44.1806,1840
44.1833,1841
44.1861,1870
44.1889,1921
44.1917,1932
44.1944,1930
44.1972,1944
44.2000,1965
44.2028,1992
44.2056,1905
44.2083,1918
44.2111,1921
44.2139,1936
44.2167,1938
44.2194,1925
44.2222,1895
44.2250,1889
44.2278,1920
44.2306,1935
44.2333,1935
44.2361,1913
44.2389,1891
44.2417,1849
44.2444,1801
44.2472,1766
44.2500,1757
44.2528,1764
44.2556,1782
44.2583,1802
44.2611,1801
44.2639,1821
44.2667,1851
44.2694,1871
44.2722,1885
44.2750,1854
44.2778,1799
44.2806,1785
44.2833,1790
44.2861,1820
44.2889,1844
44.2917,1838
44.2944,1802
44.2972,1800
44.3000,1841
44.3028,1861
44.3056,1849
44.3083,1827
44.3111,1810
44.3139,1790
44.3167,1761
44.3194,1749
44.3222,1749
44.3250,1769
44.3278,1826
44.3306,1864
44.3333,1873
44.3361,1861
44.3389,1841
44.3417,1821
44.3444,1824
44.3472,1849
44.3500,1874
44.3528,1882
44.3556,1877
44.3583,1839
44.3611,1809
44.3639,1779
44.3667,1783
44.3694,1790
44.3722,1813
44.3750,1844
44.3778,1885
44.3806,1906
44.3833,1897
44.3861,1846
44.3889,1792
44.3917,1746
44.3944,1747
44.3972,1771
44.4000,1782
44.4028,1789
44.4056,1772
44.4083,1779
44.4111,1786
44.4139,1804
44.4167,1807
44.4194,1793
44.4222,1779
44.4250,1834
44.4278,1874
44.4306,1887
44.4333,1869
44.4361,1821
44.4389,1806
44.4417,1802
44.4444,1784
44.4472,1780
44.4500,1791
44.4528,1792
44.4556,1792
44.4583,1808
44.4611,1803
44.4639,1808
44.4667,1799
44.4694,1804
44.4722,1800
44.4750,1788
44.4778,1750
44.4806,1722
44.4833,1749
44.4861,1796
44.4889,1819
44.4917,1825
44.4944,1838
44.4972,1868
44.5000,1890
44.5028,1901
44.5056,1897
44.5083,1897
44.5111,1872
44.5139,1812
44.5167,1767
44.5194,1765
44.5222,1806
44.5250,1869
44.5278,1915
44.5306,1913
44.5333,1861
44.5361,1812
44.5389,1780
44.5417,1746
44.5444,1730
44.5472,1744
44.5500,1814
44.5528,1848
44.5556,1872
44.5583,1838
44.5611,1810
44.5639,1781
44.5667,1797
44.5694,1803
44.5722,1802
44.5750,1786
44.5778,1797
44.5806,1786
44.5833,1758
44.5861,1729
44.5889,1711
44.5917,1713
44.5944,1745
44.5972,1774
44.6000,1795
44.6028,1811
44.6056,1830
44.6083,1828
44.6111,1791
44.6139,1738
44.6167,1726
44.6194,1739
44.6222,1725
44.6250,1720
44.6278,1743
44.6306,1786
44.6333,1835
44.6361,1862
44.6389,1821
44.6417,1761
44.6444,1703
44.6472,1684
44.6500,1688
44.6528,1750
44.6556,1816
44.6583,1853
44.6611,1805
44.6639,1761
44.6667,1733
44.6694,1700
44.6722,1705
44.6750,1754
44.6778,1833
44.6806,1944
44.6833,2054
44.6861,2170
44.6889,2302
44.6917,2460
44.6944,2650
44.6972,2850
44.7000,2995
44.7028,3031
44.7056,2908
44.7083,2611
44.7111,2232
44.7139,1935
44.7167,1769
44.7194,1716
44.7222,1726
44.7250,1754
44.7278,1768
44.7306,1748
44.7333,1699
44.7361,1695
44.7389,1709
44.7417,1723
44.7444,1736
44.7472,1735
44.7500,1745
44.7528,1730
44.7556,1690
44.7583,1666
44.7611,1638
44.7639,1653
44.7667,1689
44.7694,1726
44.7722,1742
44.7750,1700
44.7778,1629
44.7806,1601
44.7833,1599
44.7861,1608
44.7889,1664
44.7917,1726
44.7944,1760
44.7972,1755
44.8000,1743
44.8028,1717
44.8056,1695
44.8083,1679
44.8111,1673
44.8139,1671
44.8167,1653
44.8194,1630
44.8222,1666
44.8250,1709
44.8278,1747
44.8306,1769
44.8333,1787
44.8361,1778
44.8389,1759
44.8417,1742
44.8444,1742
44.8472,1748
44.8500,1769
44.8528,1792
44.8556,1808
44.8583,1807
44.8611,1787
44.8639,1767
44.8667,1747
44.8694,1735
44.8722,1748
44.8750,1749
44.8778,1759
44.8806,1750
44.8833,1718
44.8861,1693
44.8889,1702
44.8917,1713
44.8944,1744
44.8972,1767
44.9000,1770
44.9028,1778
44.9056,1794
44.9083,1850
44.9111,1854
44.9139,1834
44.9167,1810
44.9194,1805
44.9222,1802
44.9250,1775
44.9278,1747
44.9306,1746
44.9333,1752
44.9361,1755
44.9389,1748
44.9417,1754
44.9444,1776
44.9472,1790
44.9500,1798
44.9528,1773
44.9556,1726
44.9583,1682
44.9611,1693
44.9639,1749
44.9667,1802
44.9694,1820
44.9722,1810
44.9750,1776
44.9778,1736
44.9806,1673
44.9833,1639
44.9861,1668
44.9889,1717
44.9917,1755
44.9944,1753
44.9972,1749
45.0000,1749
45.0028,1738
45.0056,1731
45.0083,1741
45.0111,1746
45.0139,1752
45.0167,1744
45.0194,1742
45.0222,1734
45.0250,1724
45.0278,1731
45.0306,1713
45.0333,1734
45.0361,1756
45.0389,1775
45.0417,1766
45.0444,1775
45.0472,1786
45.0500,1792
45.0528,1775
45.0556,1761
45.0583,1722
45.0611,1689
45.0639,1688
45.0667,1699
45.0694,1736
45.0722,1774
45.0750,1775
45.0778,1761
45.0806,1755
45.0833,1763
45.0861,1749
45.0889,1737
45.0917,1734
45.0944,1736
45.0972,1727
45.1000,1734
45.1028,1767
45.1056,1778
45.1083,1741
45.1111,1673
45.1139,1627
45.1167,1627
45.1194,1691
45.1222,1761
45.1250,1784
45.1278,1783
45.1306,1750
45.1333,1731
45.1361,1713
45.1389,1708
45.1417,1711
45.1444,1713
45.1472,1707
45.1500,1714
45.1528,1715
45.1556,1720
45.1583,1735
45.1611,1740
45.1639,1714
45.1667,1667
45.1694,1646
45.1722,1624
45.1750,1644
45.1778,1687
45.1806,1743
45.1833,1759
45.1861,1747
45.1889,1737
45.1917,1747
45.1944,1732
45.1972,1693
45.2000,1662
45.2028,1657
45.2056,1670
45.2083,1701
45.2111,1723
45.2139,1731
45.2167,1732
45.2194,1735
45.2222,1735
45.2250,1710
45.2278,1714
45.2306,1721
45.2333,1759
45.2361,1791
45.2389,1785
45.2417,1774
45.2444,1740
45.2472,1730
45.2500,1734
45.2528,1757
45.2556,1778
45.2583,1777
45.2611,1758
45.2639,1740
45.2667,1719
45.2694,1721
45.2722,1720
45.2750,1718
45.2778,1749
45.2806,1796
45.2833,1810
45.2861,1798
45.2889,1770
45.2917,1751
45.2944,1724
45.2972,1685
45.3000,1637
45.3028,1632
45.3056,1641
45.3083,1654
45.3111,1639
45.3139,1640
45.3167,1662
45.3194,1675
45.3222,1654
45.3250,1651
45.3278,1675
45.3306,1709
45.3333,1734
45.3361,1752
45.3389,1734
45.3417,1707
45.3444,1679
45.3472,1670
45.3500,1666
45.3528,1674
45.3556,1675
45.3583,1694
45.3611,1708
45.3639,1728
45.3667,1726
45.3694,1706
45.3722,1679
45.3750,1629
45.3778,1611
45.3806,1640
45.3833,1673
45.3861,1700
45.3889,1709
45.3917,1699
45.3944,1688
45.3972,1643
45.4000,1607
45.4028,1593
45.4056,1672
45.4083,1775
45.4111,1908
45.4139,2060
45.4167,2234
45.4194,2407
45.4222,2549
45.4250,2739
45.4278,2921
45.4306,2973
45.4333,2875
45.4361,2575
45.4389,2168
45.4417,1794
45.4444,1580
45.4472,1514
45.4500,1531
45.4528,1595
45.4556,1659
45.4583,1699
45.4611,1697
45.4639,1663
45.4667,1631
45.4694,1612
45.4722,1610
45.4750,1624
45.4778,1630
45.4806,1618
45.4833,1573
45.4861,1544
45.4889,1515
45.4917,1494
45.4944,1486
45.4972,1485
45.5000,1504
45.5028,1525
45.5056,1547
45.5083,1566
45.5111,1580
45.5139,1612
45.5167,1627
45.5194,1625
45.5222,1626
45.5250,1598
45.5278,1568
45.5306,1543
45.5333,1543
45.5361,1563
45.5389,1574
45.5417,1572
45.5444,1578
45.5472,1579
45.5500,1564
45.5528,1545
45.5556,1540
45.5583,1568
45.5611,1590
45.5639,1613
45.5667,1634
45.5694,1629
45.5722,1600
45.5750,1582
45.5778,1567
45.5806,1585
45.5833,1608
45.5861,1632
45.5889,1630
45.5917,1637
45.5944,1662
45.5972,1657
45.6000,1645
45.6028,1621
45.6056,1572
45.6083,1532
45.6111,1514
45.6139,1531
45.6167,1559
45.6194,1577
45.6222,1577
45.6250,1597
45.6278,1657
45.6306,1688
45.6333,1703
45.6361,1807
45.6389,1807
45.6417,1742
45.6444,1687
45.6472,1678
45.6500,1681
45.6528,1667
45.6556,1637
45.6583,1595
45.6611,1590
45.6639,1617
45.6667,1639
45.6694,1657
45.6722,1670
45.6750,1676
45.6778,1652
45.6806,1616
45.6833,1566
45.6861,1545
45.6889,1567
45.6917,1600
45.6944,1620
45.6972,1624
45.7000,1649
45.7028,1697
45.7056,1730
45.7083,1715
45.7111,1675
45.7139,1628
45.7167,1590
45.7194,1594
45.7222,1609
45.7250,1638
45.7278,1649
45.7306,1648
45.7333,1622
45.7361,1617
45.7389,1600
45.7417,1598
45.7444,1585
45.7472,1576
45.7500,1556
45.7528,1537
45.7556,1506
45.7583,1537
45.7611,1624
45.7639,1677
45.7667,1674
45.7694,1639
45.7722,1610
45.7750,1581
45.7778,1567
45.7806,1584
45.7833,1624
45.7861,1645
45.7889,1632
45.7917,1635
45.7944,1643
45.7972,1657
45.8000,1656
45.8028,1651
45.8056,1626
45.8083,1588
45.8111,1558
45.8139,1576
45.8167,1614
45.8194,1672
45.8222,1693
45.8250,1670
45.8278,1629
45.8306,1599
45.8333,1577
45.8361,1611
45.8389,1641
45.8417,1645
45.8444,1626
45.8472,1592
45.8500,1549
45.8528,1529
45.8556,1531
45.8583,1536
45.8611,1562
45.8639,1593
45.8667,1632
45.8694,1668
45.8722,1690
45.8750,1656
45.8778,1629
45.8806,1611
45.8833,1622
45.8861,1651
45.8889,1647
45.8917,1637
45.8944,1620
45.8972,1590
45.9000,1567
45.9028,1551
45.9056,1520
45.9083,1503
45.9111,1514
45.9139,1565
45.9167,1643
45.9194,1695
45.9222,1729
45.9250,1732
45.9278,1713
45.9306,1661
45.9333,1624
45.9361,1613
45.9389,1622
45.9417,1628
45.9444,1628
45.9472,1637
45.9500,1632
45.9528,1640
45.9556,1663
45.9583,1689
45.9611,1691
45.9639,1677
45.9667,1644
45.9694,1642
45.9722,1661
45.9750,1691
45.9778,1702
45.9806,1691
45.9833,1653
45.9861,1628
45.9889,1620
45.9917,1643
45.9944,1671
45.9972,1670
46.0000,1663
46.0028,1635
46.0056,1614
46.0083,1603
46.0111,1597
46.0139,1583
46.0167,1585
46.0194,1621
46.0222,1642
46.0250,1656
46.0278,1668
46.0306,1665
46.0333,1665
46.0361,1665
46.0389,1670
46.0417,1648
46.0444,1605
46.0472,1609
46.0500,1612
46.0528,1620
46.0556,1631
46.0583,1661
46.0611,1682
46.0639,1661
46.0667,1603
46.0694,1541
46.0722,1523
46.0750,1569
46.0778,1623
46.0806,1636
46.0833,1625
46.0861,1634
46.0889,1643
46.0917,1632
46.0944,1630
46.0972,1614
46.1000,1593
46.1028,1594
46.1056,1615
46.1083,1611
46.1111,1609
46.1139,1625
46.1167,1684
46.1194,1787
46.1222,1903
46.1250,2010
46.1278,2133
46.1306,2270
46.1333,2401
46.1361,2542
46.1389,2744
46.1417,2910
46.1444,2888
46.1472,2664
46.1500,2284
46.1528,1909
46.1556,1651
46.1583,1520
46.1611,1498
46.1639,1528
46.1667,1586
46.1694,1650
46.1722,1681
46.1750,1670
46.1778,1624
46.1806,1563
46.1833,1519
46.1861,1494
46.1889,1483
46.1917,1498
46.1944,1536
46.1972,1576
46.2000,1589
46.2028,1556
46.2056,1531
46.2083,1548
46.2111,1575
46.2139,1572
46.2167,1546
46.2194,1536
46.2222,1545
46.2250,1583
46.2278,1628
46.2306,1651
46.2333,1649
46.2361,1636
46.2389,1625
46.2417,1584
46.2444,1537
46.2472,1515
46.2500,1555
46.2528,1592
46.2556,1589
46.2583,1577
46.2611,1558
46.2639,1566
46.2667,1587
46.2694,1623
46.2722,1618
46.2750,1603
46.2778,1556
46.2806,1509
46.2833,1480
46.2861,1488
46.2889,1516
46.2917,1575
46.2944,1609
46.2972,1648
46.3000,1645
46.3028,1618
46.3056,1568
46.3083,1573
46.3111,1605
46.3139,1671
46.3167,1733
46.3194,1761
46.3222,1762
46.3250,1729
46.3278,1702
46.3306,1722
46.3333,1741
46.3361,1736
46.3389,1738
46.3417,1719
46.3444,1709
46.3472,1881
46.3500,1886
46.3528,1893
46.3556,1863
46.3583,1786
46.3611,1721
46.3639,1689
46.3667,1700
46.3694,1708
46.3722,1687
46.3750,1701
46.3778,1705
46.3806,1701
46.3833,1691
46.3861,1656
46.3889,1631
46.3917,1630
46.3944,1665
46.3972,1699
46.4000,1700
46.4028,1684
46.4056,1648
46.4083,1630
46.4111,1655
46.4139,1667
46.4167,1689
46.4194,1697
46.4222,1679
46.4250,1679
46.4278,1704
46.4306,1727
46.4333,1729
46.4361,1718
46.4389,1665
46.4417,1628
46.4444,1623
46.4472,1643
46.4500,1679
46.4528,1721
46.4556,1739
46.4583,1720
46.4611,1669
46.4639,1639
46.4667,1626
46.4694,1625
46.4722,1646
46.4750,1670
46.4778,1688
46.4806,1703
46.4833,1692
46.4861,1687
46.4889,1696
46.4917,1712
46.4944,1745
46.4972,1746
46.5000,1735
46.5028,1714
46.5056,1696
46.5083,1693
46.5111,1727
46.5139,1737
46.5167,1727
46.5194,1720
46.5222,1721
46.5250,1717
46.5278,1711
46.5306,1681
46.5333,1667
46.5361,1665
46.5389,1665
46.5417,1679
46.5444,1694
46.5472,1703
46.5500,1692
46.5528,1686
46.5556,1700
46.5583,1695
46.5611,1706
46.5639,1703
46.5667,1713
46.5694,1711
46.5722,1716
46.5750,1708
46.5778,1706
46.5806,1696
46.5833,1701
46.5861,1679
46.5889,1678
46.5917,1682
46.5944,1706
46.5972,1724
46.6000,1702
46.6028,1685
46.6056,1698
46.6083,1692
46.6111,1676
46.6139,1683
46.6167,1710
46.6194,1734
46.6222,1751
46.6250,1744
46.6278,1728
46.6306,1701
46.6333,1695
46.6361,1709
46.6389,1741
46.6417,1771
46.6444,1780
46.6472,1782
46.6500,1756
46.6528,1733
46.6556,1716
46.6583,1718
46.6611,1728
46.6639,1736
46.6667,1746
46.6694,1750
46.6722,1756
46.6750,1754
46.6778,1747
46.6806,1750
46.6833,1773
46.6861,1792
46.6889,1792
46.6917,1786
46.6944,1775
46.6972,1811
46.7000,1862
46.7028,1886
46.7056,1835
46.7083,1772
46.7111,1727
46.7139,1695
46.7167,1647
46.7194,1650
46.7222,1666
46.7250,1700
46.7278,1730
46.7306,1739
46.7333,1716
46.7361,1677
46.7389,1676
46.7417,1708
46.7444,1745
46.7472,1744
46.7500,1731
46.7528,1719
46.7556,1673
46.7583,1634
46.7611,1653
46.7639,1670
46.7667,1710
46.7694,1751
46.7722,1779
46.7750,1783
46.7778,1791
46.7806,1799
46.7833,1791
46.7861,1773
46.7889,1765
46.7917,1782
46.7944,1787
46.7972,1737
46.8000,1684
46.8028,1651
46.8056,1650
46.8083,1669
46.8111,1674
46.8139,1669
46.8167,1669
46.8194,1683
46.8222,1756
46.8250,1884
46.8278,2041
46.8306,2192
46.8333,2322
46.8361,2458
46.8389,2599
46.8417,2748
46.8444,2906
46.8472,2966
46.8500,2879
46.8528,2620
46.8556,2237
46.8583,1897
46.8611,1711
46.8639,1670
46.8667,1689
46.8694,1730
46.8722,1778
46.8750,1799
46.8778,1804
46.8806,1782
46.8833,1730
46.8861,1657
46.8889,1600
46.8917,1590
46.8944,1587
46.8972,1586
46.9000,1597
46.9028,1600
46.9056,1609
46.9083,1653
46.9111,1690
46.9139,1723
46.9167,1727
46.9194,1702
46.9222,1672
46.9250,1642
46.9278,1625
46.9306,1666
46.9333,1693
46.9361,1711
46.9389,1687
46.9417,1647
46.9444,1612
46.9472,1623
46.9500,1675
46.9528,1728
46.9556,1750
46.9583,1763
46.9611,1771
46.9639,1753
46.9667,1692
46.9694,1623
46.9722,1581
46.9750,1580
46.9778,1602
46.9806,1637
46.9833,1668
46.9861,1682
46.9889,1690
46.9917,1696
46.9944,1691
46.9972,1676
47.0000,1694
47.0028,1732
47.0056,1748
47.0083,1735
47.0111,1708
47.0139,1694
47.0167,1697
47.0194,1723
47.0222,1721
47.0250,1713
47.0278,1710
47.0306,1734
47.0333,1753
47.0361,1769
47.0389,1799
47.0417,1839
47.0444,1859
47.0472,1862
47.0500,1855
47.0528,1903
47.0556,1915
47.0583,1918
47.0611,1928
47.0639,1924
47.0667,1887
47.0694,1833
47.0722,1753
47.0750,1701
47.0778,1700
47.0806,1714
47.0833,1722
47.0861,1729
47.0889,1703
47.0917,1721
47.0944,1761
47.0972,1789
47.1000,1765
47.1028,1713
47.1056,1686
47.1083,1687
47.1111,1692
47.1139,1699
47.1167,1693
47.1194,1685
47.1222,1686
47.1250,1694
47.1278,1695
47.1306,1714
47.1333,1755
47.1361,1748
47.1389,1718
47.1417,1710
47.1444,1749
47.1472,1785
47.1500,1791
47.1528,1783
47.1556,1789
47.1583,1794
47.1611,1762
47.1639,1749
47.1667,1743
47.1694,1737
47.1722,1712
47.1750,1708
47.1778,1731
47.1806,1721
47.1833,1717
47.1861,1724
47.1889,1742
47.1917,1747
47.1944,1766
47.1972,1755
47.2000,1745
47.2028,1732
47.2056,1735
47.2083,1745
47.2111,1768
47.2139,1803
47.2167,1828
47.2194,1844
47.2222,1826
47.2250,1778
47.2278,1716
47.2306,1694
47.2333,1719
47.2361,1759
47.2389,1774
47.2417,1758
47.2444,1720
47.2472,1689
47.2500,1666
47.2528,1685
47.2556,1710
47.2583,1738
47.2611,1788
47.2639,1785
47.2667,1766
47.2694,1750
47.2722,1755
47.2750,1755
47.2778,1747
47.2806,1756
47.2833,1737
47.2861,1726
47.2889,1709
47.2917,1687
47.2944,1672
47.2972,1683
47.3000,1708
47.3028,1756
47.3056,1806
47.3083,1824
47.3111,1760
47.3139,1708
47.3167,1715
47.3194,1745
47.3222,1773
47.3250,1795
47.3278,1802
47.3306,1785
47.3333,1745
47.3361,1720
47.3389,1702
47.3417,1705
47.3444,1708
47.3472,1718
47.3500,1739
47.3528,1735
47.3556,1734
47.3583,1731
47.3611,1741
47.3639,1743
47.3667,1733
47.3694,1727
47.3722,1711
47.3750,1652
47.3778,1651
47.3806,1718
47.3833,1789
47.3861,1846
47.3889,1876
47.3917,1917
47.3944,1951
47.3972,1935
47.4000,1871
47.4028,1797
47.4056,1740
47.4083,1697
47.4111,1679
47.4139,1692
47.4167,1730
47.4194,1756
47.4222,1749
47.4250,1746
47.4278,1767
47.4306,1795
47.4333,1783
47.4361,1767
47.4389,1758
47.4417,1759
47.4444,1756
47.4472,1742
47.4500,1758
47.4528,1807
47.4556,1839
47.4583,1874
47.4611,1904
47.4639,1907
47.4667,1908
47.4694,1855
47.4722,1812
47.4750,1744
47.4778,1656
47.4806,1599
47.4833,1599
47.4861,1628
47.4889,1661
47.4917,1678
47.4944,1688
47.4972,1727
47.5000,1736
47.5028,1720
47.5056,1705
47.5083,1670
47.5111,1692
47.5139,1759
47.5167,1802
47.5194,1823
47.5222,1789
47.5250,1722
47.5278,1686
47.5306,1727
47.5333,1779
47.5361,1821
47.5389,1826
47.5417,1788
47.5444,1749
47.5472,1726
47.5500,1746
47.5528,1761
47.5556,1740
47.5583,1721
47.5611,1687
47.5639,1660
47.5667,1664
47.5694,1706
47.5722,1790
47.5750,1891
47.5778,2006
47.5806,2122
47.5833,2288
47.5861,2475
47.5889,2670
47.5917,2929
47.5944,3087
47.5972,3088
47.6000,2900
47.6028,2542
47.6056,2120
47.6083,1787
47.6111,1618
47.6139,1593
47.6167,1623
47.6194,1668
47.6222,1702
47.6250,1721
47.6278,1726
47.6306,1739
47.6333,1726
47.6361,1691
47.6389,1661
47.6417,1633
47.6444,1604
47.6472,1584
47.6500,1570
47.6528,1540
47.6556,1513
47.6583,1516
47.6611,1525
47.6639,1562
47.6667,1598
47.6694,1613
47.6722,1610
47.6750,1610
47.6778,1615
47.6806,1601
47.6833,1594
47.6861,1600
47.6889,1612
47.6917,1621
47.6944,1611
47.6972,1604
47.7000,1628
47.7028,1664
47.7056,1689
47.7083,1680
47.7111,1631
47.7139,1562
47.7167,1489
47.7194,1456
47.7222,1479
47.7250,1555
47.7278,1637
47.7306,1669
47.7333,1658
47.7361,1610
47.7389,1577
47.7417,1555
47.7444,1571
47.7472,1597
47.7500,1652
47.7528,1671
47.7556,1651
47.7583,1608
47.7611,1576
47.7639,1565
47.7667,1592
47.7694,1606
47.7722,1616
47.7750,1627
47.7778,1626
47.7806,1617
47.7833,1603
47.7861,1613
47.7889,1601
47.7917,1582
47.7944,1597
47.7972,1656
47.8000,1814
47.8028,1822
47.8056,1823
47.8083,1788
47.8111,1745
47.8139,1697
47.8167,1651
47.8194,1624
47.8222,1610
47.8250,1604
47.8278,1615
47.8306,1620
47.8333,1600
47.8361,1599
47.8389,1601
47.8417,1594
47.8444,1582
47.8472,1555
47.8500,1533
47.8528,1516
47.8556,1503
47.8583,1508
47.8611,1509
47.8639,1559
47.8667,1605
47.8694,1653
47.8722,1651
47.8750,1630
47.8778,1591
47.8806,1558
47.8833,1576
47.8861,1571
47.8889,1557
47.8917,1545
47.8944,1537
47.8972,1529
47.9000,1514
47.9028,1490
47.9056,1468
47.9083,1487
47.9111,1503
47.9139,1519
47.9167,1521
47.9194,1543
47.9222,1567
47.9250,1568
47.9278,1564
47.9306,1569
47.9333,1566
47.9361,1563
47.9389,1556
47.9417,1564
47.9444,1555
47.9472,1561
47.9500,1558
47.9528,1566
47.9556,1572
47.9583,1583
47.9611,1594
47.9639,1606
47.9667,1583
47.9694,1530
47.9722,1494
47.9750,1472
47.9778,1481
47.9806,1521
47.9833,1573
47.9861,1578
47.9889,1534
47.9917,1455
47.9944,1402
47.9972,1382
48.0000,1419
48.0028,1476
48.0056,1529
48.0083,1582
48.0111,1588
48.0139,1571
48.0167,1525
48.0194,1499
48.0222,1504
48.0250,1523
48.0278,1507
48.0306,1505
48.0333,1499
48.0361,1492
48.0389,1505
48.0417,1516
48.0444,1528
48.0472,1543
48.0500,1531
48.0528,1508
48.0556,1480
48.0583,1469
48.0611,1445
48.0639,1411
48.0667,1366
48.0694,1341
48.0722,1380
48.0750,1434
48.0778,1461
48.0806,1492
48.0833,1497
48.0861,1535
48.0889,1551
48.0917,1525
48.0944,1515
48.0972,1503
48.1000,1492
48.1028,1481
48.1056,1470
48.1083,1463
48.1111,1471
48.1139,1514
48.1167,1559
48.1194,1586
48.1222,1584
48.1250,1565
48.1278,1540
48.1306,1499
48.1333,1480
48.1361,1480
48.1389,1464
48.1417,1468
48.1444,1471
48.1472,1487
48.1500,1512
48.1528,1531
48.1556,1559
48.1583,1566
48.1611,1550
48.1639,1539
48.1667,1549
48.1694,1552
48.1722,1569
48.1750,1573
48.1778,1551
48.1806,1547
48.1833,1543
48.1861,1548
48.1889,1534
48.1917,1502
48.1944,1471
48.1972,1452
48.2000,1464
48.2028,1441
48.2056,1408
48.2083,1386
48.2111,1439
48.2139,1505
48.2167,1566
48.2194,1586
48.2222,1549
48.2250,1493
48.2278,1443
48.2306,1443
48.2333,1454
48.2361,1429
48.2389,1409
48.2417,1404
48.2444,1439
48.2472,1499
48.2500,1507
48.2528,1487
48.2556,1474
48.2583,1488
48.2611,1532
48.2639,1577
48.2667,1601
48.2694,1596
48.2722,1570
48.2750,1540
48.2778,1504
48.2806,1464
48.2833,1438
48.2861,1431
48.2889,1442
48.2917,1438
48.2944,1485
48.2972,1590
48.3000,1756
48.3028,1912
48.3056,2067
48.3083,2220
48.3111,2397
48.3139,2560
48.3167,2712
48.3194,2771
48.3222,2676
48.3250,2376
48.3278,1997
48.3306,1662
48.3333,1464
48.3361,1388
48.3389,1379
48.3417,1410
48.3444,1448
48.3472,1489
48.3500,1506
48.3528,1525
48.3556,1535
48.3583,1508
48.3611,1448
48.3639,1404
48.3667,1407
48.3694,1418
48.3722,1430
48.3750,1422
48.3778,1400
48.3806,1356
48.3833,1347
48.3861,1379
48.3889,1419
48.3917,1450
48.3944,1462
48.3972,1454
48.4000,1460
48.4028,1469
48.4056,1476
48.4083,1483
48.4111,1475
48.4139,1442
48.4167,1379
48.4194,1333
48.4222,1345
48.4250,1381
48.4278,1425
48.4306,1463
48.4333,1464
48.4361,1448
48.4389,1409
48.4417,1385
48.4444,1371
48.4472,1412
48.4500,1430
48.4528,1478
48.4556,1517
48.4583,1533
48.4611,1514
48.4639,1511
48.4667,1502
48.4694,1456
48.4722,1410
48.4750,1387
48.4778,1426
48.4806,1473
48.4833,1533
48.4861,1545
48.4889,1534
48.4917,1518
48.4944,1498
48.4972,1481
48.5000,1499
48.5028,1484
48.5056,1476
48.5083,1493
48.5111,1512
48.5139,1535
48.5167,1546
48.5194,1586
48.5222,1642
48.5250,1679
48.5278,1680
48.5306,1691
48.5333,1696
48.5361,1661
48.5389,1624
48.5417,1605
48.5444,1605
48.5472,1589
48.5500,1563
48.5528,1567
48.5556,1619
48.5583,1640
48.5611,1646
48.5639,1633
48.5667,1590
48.5694,1558
48.5722,1536
48.5750,1529
48.5778,1554
48.5806,1586
48.5833,1616
48.5861,1606
48.5889,1579
48.5917,1551
48.5944,1549
48.5972,1540
48.6000,1512
48.6028,1507
48.6056,1519
48.6083,1538
48.6111,1557
48.6139,1586
48.6167,1585
48.6194,1581
48.6222,1570
48.6250,1570
48.6278,1569
48.6306,1590
48.6333,1633
48.6361,1693
48.6389,1684
48.6417,1645
48.6444,1642
48.6472,1659
48.6500,1647
48.6528,1628
48.6556,1598
48.6583,1582
48.6611,1592
48.6639,1593
48.6667,1595
48.6694,1595
48.6722,1595
48.6750,1564
48.6778,1565
48.6806,1593
48.6833,1632
48.6861,1624
48.6889,1593
48.6917,1618
48.6944,1646
48.6972,1669
48.7000,1692
48.7028,1703
48.7056,1694
48.7083,1660
48.7111,1644
48.7139,1652
48.7167,1668
48.7194,1666
48.7222,1646
48.7250,1659
48.7278,1697
48.7306,1748
48.7333,1771
48.7361,1769
48.7389,1735
48.7417,1662
48.7444,1608
48.7472,1599
48.7500,1621
48.7528,1623
48.7556,1593
48.7583,1557
48.7611,1545
48.7639,1576
48.7667,1645
48.7694,1689
48.7722,1718
48.7750,1706
48.7778,1702
48.7806,1696
48.7833,1696
48.7861,1696
48.7889,1686
48.7917,1700
48.7944,1715
48.7972,1742
48.8000,1754
48.8028,1749
48.8056,1740
48.8083,1739
48.8111,1715
48.8139,1676
48.8167,1656
48.8194,1682
48.8222,1723
48.8250,1746
48.8278,1734
48.8306,1710
48.8333,1691
48.8361,1706
48.8389,1728
48.8417,1749
48.8444,1758
48.8472,1785
48.8500,1817
48.8528,1822
48.8556,1791
48.8583,1725
48.8611,1705
48.8639,1712
48.8667,1730
48.8694,1775
48.8722,1815
48.8750,1828
48.8778,1823
48.8806,1802
48.8833,1817
48.8861,1827
48.8889,1826
48.8917,1826
48.8944,1838
48.8972,1845
48.9000,1842
48.9028,1830
48.9056,1793
48.9083,1748
48.9111,1729
48.9139,1717
48.9167,1709
48.9194,1686
48.9222,1670
48.9250,1692
48.9278,1724
48.9306,1777
48.9333,1797
48.9361,1784
48.9389,1775
48.9417,1758
48.9444,1755
48.9472,1802
48.9500,1840
48.9528,1856
48.9556,1831
48.9583,1793
48.9611,1751
48.9639,1727
48.9667,1719
48.9694,1723
48.9722,1739
48.9750,1751
48.9778,1760
48.9806,1777
48.9833,1784
48.9861,1779
48.9889,1771
48.9917,1774
48.9944,1796
48.9972,1813
49.0000,1806
49.0028,1761
49.0056,1721
49.0083,1765
49.0111,1866
49.0139,1979
49.0167,2110
49.0194,2275
49.0222,2466
49.0250,2642
49.0278,2838
49.0306,3025
49.0333,3101
49.0361,3026
49.0389,2765
49.0417,2378
49.0444,2034
49.0472,1801
49.0500,1712
49.0528,1674
49.0556,1678
49.0583,1747
49.0611,1795
49.0639,1803
49.0667,1784
49.0694,1759
49.0722,1721
49.0750,1685
49.0778,1672
49.0806,1668
49.0833,1705
49.0861,1709
49.0889,1674
49.0917,1656
49.0944,1628
49.0972,1637
49.1000,1694
49.1028,1749
49.1056,1806
49.1083,1816
49.1111,1775
49.1139,1718
49.1167,1689
49.1194,1686
49.1222,1644
49.1250,1600
49.1278,1627
49.1306,1684
49.1333,1750
49.1361,1776
49.1389,1795
49.1417,1802
49.1444,1794
49.1472,1802
49.1500,1782
49.1528,1743
49.1556,1700
49.1583,1690
49.1611,1693
49.1639,1689
49.1667,1694
49.1694,1710
49.1722,1710
49.1750,1742
49.1778,1771
49.1806,1812
49.1833,1800
49.1861,1771
49.1889,1750
49.1917,1729
49.1944,1720
49.1972,1751
49.2000,1798
49.2028,1818
49.2056,1811
49.2083,1811
49.2111,1795
49.2139,1788
49.2167,1778
49.2194,1792
49.2222,1801
49.2250,1819
49.2278,1830
49.2306,1829
49.2333,1804
49.2361,1785
49.2389,1924
49.2417,1922
49.2444,1922
49.2472,1896
49.2500,1856
49.2528,1798
49.2556,1765
49.2583,1787
49.2611,1836
49.2639,1894
49.2667,1906
49.2694,1886
49.2722,1849
49.2750,1807
49.2778,1773
49.2806,1744
49.2833,1744
49.2861,1751
49.2889,1743
49.2917,1754
49.2944,1788
49.2972,1827
49.3000,1848
49.3028,1838
49.3056,1804
49.3083,1788
49.3111,1793
49.3139,1791
49.3167,1783
49.3194,1786
49.3222,1786
49.3250,1783
49.3278,1787
49.3306,1770
49.3333,1732
49.3361,1707
49.3389,1698
49.3417,1728
49.3444,1762
49.3472,1772
49.3500,1765
49.3528,1764
49.3556,1765
49.3583,1775
49.3611,1786
49.3639,1816
49.3667,1839
49.3694,1847
49.3722,1856
49.3750,1817
49.3778,1770
49.3806,1745
49.3833,1755
49.3861,1806
49.3889,1869
49.3917,1876
49.3944,1867
49.3972,1840
49.4000,1812
49.4028,1787
49.4056,1776
49.4083,1776
49.4111,1793
49.4139,1820
49.4167,1837
49.4194,1849
49.4222,1830
49.4250,1832
49.4278,1812
49.4306,1806
49.4333,1769
49.4361,1745
49.4389,1745
49.4417,1771
49.4444,1789
49.4472,1773
49.4500,1727
49.4528,1688
49.4556,1695
49.4583,1735
49.4611,1790
49.4639,1816
49.4667,1807
49.4694,1783
49.4722,1751
49.4750,1758
49.4778,1778
49.4806,1787
49.4833,1781
49.4861,1741
49.4889,1735
49.4917,1734
49.4944,1726
49.4972,1749
49.5000,1771
49.5028,1809
49.5056,1830
49.5083,1833
49.5111,1812
49.5139,1812
49.5167,1814
49.5194,1809
49.5222,1819
49.5250,1828
49.5278,1831
49.5306,1814
49.5333,1810
49.5361,1818
49.5389,1808
49.5417,1800
49.5444,1776
49.5472,1769
49.5500,1797
49.5528,1823
49.5556,1846
49.5583,1857
49.5611,1841
49.5639,1819
49.5667,1787
49.5694,1792
49.5722,1782
49.5750,1776
49.5778,1768
49.5806,1774
49.5833,1790
49.5861,1790
49.5889,1783
49.5917,1768
49.5944,1760
49.5972,1760
49.6000,1759
49.6028,1727
49.6056,1708
49.6083,1699
49.6111,1697
49.6139,1702
49.6167,1737
49.6194,1779
49.6222,1788
49.6250,1761
49.6278,1725
49.6306,1745
49.6333,1760
49.6361,1780
49.6389,1797
49.6417,1815
49.6444,1798
49.6472,1774
49.6500,1766
49.6528,1762
49.6556,1755
49.6583,1743
49.6611,1754
49.6639,1796
49.6667,1834
49.6694,1847
49.6722,1819
49.6750,1785
49.6778,1757
49.6806,1750
49.6833,1798
49.6861,1906
49.6889,2019
49.6917,2125
49.6944,2236
49.6972,2341
49.7000,2441
49.7028,2620
49.7056,2878
49.7083,3043
49.7111,3048
49.7139,2824
49.7167,2402
49.7194,1973
49.7222,1699
49.7250,1625
49.7278,1643
49.7306,1676
49.7333,1732
49.7361,1790
49.7389,1831
49.7417,1833
49.7444,1776
49.7472,1699
49.7500,1644
49.7528,1638
49.7556,1656
49.7583,1723
49.7611,1789
49.7639,1801
49.7667,1768
49.7694,1745
49.7722,1718
49.7750,1691
49.7778,1695
49.7806,1705
49.7833,1688
49.7861,1665
49.7889,1655
49.7917,1641
49.7944,1636
49.7972,1665
49.8000,1681
49.8028,1683
49.8056,1680
49.8083,1667
49.8111,1677
49.8139,1724
49.8167,1766
49.8194,1773
49.8222,1767
49.8250,1752
49.8278,1730
49.8306,1696
49.8333,1672
49.8361,1669
49.8389,1681
49.8417,1699
49.8444,1731
49.8472,1767
49.8500,1806
49.8528,1810
49.8556,1793
49.8583,1754
49.8611,1696
49.8639,1656
49.8667,1641
49.8694,1638
49.8722,1652
49.8750,1641
49.8778,1655
49.8806,1694
49.8833,1721
49.8861,1753
49.8889,1771
49.8917,1783
49.8944,1772
49.8972,1760
49.9000,1759
49.9028,1754
49.9056,1756
49.9083,1767
49.9111,1803
49.9139,1879
49.9167,1888
49.9194,1890
49.9222,1873
49.9250,1843
49.9278,1807
49.9306,1753
49.9333,1745
49.9361,1772
49.9389,1808
49.9417,1823
49.9444,1814
49.9472,1797
49.9500,1778
49.9528,1747
49.9556,1685
49.9583,1668
49.9611,1702
49.9639,1777
49.9667,1835
49.9694,1864
49.9722,1840
49.9750,1786
49.9778,1725
49.9806,1732
49.9833,1750
49.9861,1752
49.9889,1750
49.9917,1742
49.9944,1735
49.9972,1727
50.0000,1727
50.0028,1738
50.0056,1748
50.0083,1762
50.0111,1793
50.0139,1765
50.0167,1746
50.0194,1736
50.0222,1715
50.0250,1687
50.0278,1691
50.0306,1746
50.0333,1823
50.0361,1869
50.0389,1874
50.0417,1858
50.0444,1834
50.0472,1778
50.0500,1728
50.0528,1680
50.0556,1664
50.0583,1682
50.0611,1736
50.0639,1777
50.0667,1788
50.0694,1805
50.0722,1807
50.0750,1794
50.0778,1793
50.0806,1802
50.0833,1810
50.0861,1789
50.0889,1779
50.0917,1786
50.0944,1786
50.0972,1748
50.1000,1685
50.1028,1677
50.1056,1705
50.1083,1734
50.1111,1725
50.1139,1725
50.1167,1736
50.1194,1709
50.1222,1722
50.1250,1756
50.1278,1773
50.1306,1779
50.1333,1818
50.1361,1826
50.1389,1805
50.1417,1791
50.1444,1806
50.1472,1817
50.1500,1817
50.1528,1816
50.1556,1770
50.1583,1705
50.1611,1700
50.1639,1726
50.1667,1762
50.1694,1790
50.1722,1799
50.1750,1809
50.1778,1823
50.1806,1808
50.1833,1768
50.1861,1737
50.1889,1739
50.1917,1750
50.1944,1734
50.1972,1756
50.2000,1810
50.2028,1843
50.2056,1833
50.2083,1751
50.2111,1610
50.2139,1518
50.2167,1517
50.2194,1620
50.2222,1747
50.2250,1851
50.2278,1913
50.2306,1931
50.2333,1923
50.2361,1925
50.2389,1911
50.2417,1870
50.2444,1799
50.2472,1734
50.2500,1685
50.2528,1684
50.2556,1710
50.2583,1710
50.2611,1673
50.2639,1657
50.2667,1667
50.2694,1707
50.2722,1711
50.2750,1709
50.2778,1713
50.2806,1703
50.2833,1684
50.2861,1673
50.2889,1663
50.2917,1700
50.2944,1734
50.2972,1748
50.3000,1740
50.3028,1725
50.3056,1739
50.3083,1746
50.3111,1748
50.3139,1733
50.3167,1734
50.3194,1741
50.3222,1738
50.3250,1735
50.3278,1749
50.3306,1790
50.3333,1873
50.3361,2005
50.3389,2193
50.3417,2388
50.3444,2568
50.3472,2753
50.3500,2938
50.3528,3033
50.3556,2987
50.3583,2767
50.3611,2398
50.3639,1997
50.3667,1696
50.3694,1561
50.3722,1550
50.3750,1616
50.3778,1654
50.3806,1656
50.3833,1672
50.3861,1696
50.3889,1672
50.3917,1662
50.3944,1673
50.3972,1703
50.4000,1698
50.4028,1681
50.4056,1650
50.4083,1619
50.4111,1580
50.4139,1573
50.4167,1568
50.4194,1577
50.4222,1624
50.4250,1670
50.4278,1689
50.4306,1674
50.4333,1632
50.4361,1576
50.4389,1538
50.4417,1519
50.4444,1549
50.4472,1580
50.4500,1624
50.4528,1634
50.4556,1640
50.4583,1653
50.4611,1674
50.4639,1661
50.4667,1634
50.4694,1621
50.4722,1616
50.4750,1600
50.4778,1588
50.4806,1578
50.4833,1600
50.4861,1627
50.4889,1652
50.4917,1662
50.4944,1641
50.4972,1630
50.5000,1645
50.5028,1672
50.5056,1701
50.5083,1700
50.5111,1675
50.5139,1652
50.5167,1687
50.5194,1718
50.5222,1710
50.5250,1688
50.5278,1666
50.5306,1664
50.5333,1666
50.5361,1669
50.5389,1668
50.5417,1659
50.5444,1659
50.5472,1705
50.5500,1700
50.5528,1678
50.5556,1679
50.5583,1905
50.5611,1901
50.5639,1874
50.5667,1823
50.5694,1781
50.5722,1740
50.5750,1680
50.5778,1641
50.5806,1590
50.5833,1610
50.5861,1662
50.5889,1699
50.5917,1707
50.5944,1681
50.5972,1655
50.6000,1625
50.6028,1601
50.6056,1608
50.6083,1618
50.6111,1638
50.6139,1632
50.6167,1617
50.6194,1645
50.6222,1682
50.6250,1698
50.6278,1669
50.6306,1629
50.6333,1620
50.6361,1638
50.6389,1628
50.6417,1615
50.6444,1610
50.6472,1621
50.6500,1655
50.6528,1678
50.6556,1691
50.6583,1701
50.6611,1657
50.6639,1643
50.6667,1640
50.6694,1651
50.6722,1637
50.6750,1615
50.6778,1590
50.6806,1547
50.6833,1540
50.6861,1589
50.6889,1649
50.6917,1688
50.6944,1718
50.6972,1734
50.7000,1750
50.7028,1750
50.7056,1730
50.7083,1680
50.7111,1638
50.7139,1606
50.7167,1606
50.7194,1639
50.7222,1678
50.7250,1695
50.7278,1692
50.7306,1696
50.7333,1719
50.7361,1712
50.7389,1673
50.7417,1634
50.7444,1596
50.7472,1584
50.7500,1602
50.7528,1637
50.7556,1646
50.7583,1634
50.7611,1606
50.7639,1594
50.7667,1582
50.7694,1571
50.7722,1585
50.7750,1624
50.7778,1697
50.7806,1742
50.7833,1747
50.7861,1743
50.7889,1734
50.7917,1714
50.7944,1697
50.7972,1691
50.8000,1706
50.8028,1732
50.8056,1732
50.8083,1708
50.8111,1692
50.8139,1698
50.8167,1691
50.8194,1679
50.8222,1663
50.8250,1674
50.8278,1682
50.8306,1714
50.8333,1721
50.8361,1685
50.8389,1635
50.8417,1625
50.8444,1626
50.8472,1617
50.8500,1623
50.8528,1680
50.8556,1719
50.8583,1734
50.8611,1721
50.8639,1705
50.8667,1667
50.8694,1636
50.8722,1610
50.8750,1602
50.8778,1580
50.8806,1576
50.8833,1605
50.8861,1637
50.8889,1644
50.8917,1606
50.8944,1586
50.8972,1601
50.9000,1619
50.9028,1639
50.9056,1631
50.9083,1625
50.9111,1600
50.9139,1577
50.9167,1573
50.9194,1606
50.9222,1606
50.9250,1591
50.9278,1567
50.9306,1569
50.9333,1590
50.9361,1626
50.9389,1677
50.9417,1713
50.9444,1732
50.9472,1704
50.9500,1688
50.9528,1687
50.9556,1671
50.9583,1614
50.9611,1573
50.9639,1520
50.9667,1489
50.9694,1522
50.9722,1615
50.9750,1755
50.9778,1872
50.9806,1985
50.9833,2125
50.9861,2259
50.9889,2408
50.9917,2624
50.9944,2877
50.9972,3057
51.0000,3027
51.0028,2757
51.0056,2336
51.0083,1895
51.0111,1583
51.0139,1448
51.0167,1436
51.0194,1499
51.0222,1590
51.0250,1665
51.0278,1670
51.0306,1645
51.0333,1608
51.0361,1560
51.0389,1532
51.0417,1538
51.0444,1582
51.0472,1626
51.0500,1633
51.0528,1607
51.0556,1574
51.0583,1530
51.0611,1499
51.0639,1488
51.0667,1499
51.0694,1509
51.0722,1514
51.0750,1500
51.0778,1502
51.0806,1526
51.0833,1525
51.0861,1496
51.0889,1495
51.0917,1525
51.0944,1558
51.0972,1563
51.1000,1551
51.1028,1548
51.1056,1524
51.1083,1504
51.1111,1496
51.1139,1515
51.1167,1534
51.1194,1531
51.1222,1531
51.1250,1538
51.1278,1559
51.1306,1581
51.1333,1581
51.1361,1560
51.1389,1544
51.1417,1560
51.1444,1604
51.1472,1646
51.1500,1662
51.1528,1641
51.1556,1603
51.1583,1534
51.1611,1492
51.1639,1471
51.1667,1490
51.1694,1517
51.1722,1555
51.1750,1591
51.1778,1624
51.1806,1643
51.1833,1644
51.1861,1635
51.1889,1604
51.1917,1604
51.1944,1610
51.1972,1618
51.2000,1642
51.2028,1748
51.2056,1758
51.2083,1768
51.2111,1759
51.2139,1728
51.2167,1681
51.2194,1649
51.2222,1663
51.2250,1704
51.2278,1726
51.2306,1697
51.2333,1637
51.2361,1605
51.2389,1595
51.2417,1594
51.2444,1604
51.2472,1607
51.2500,1579
51.2528,1570
51.2556,1555
51.2583,1529
51.2611,1506
51.2639,1552
51.2667,1642
51.2694,1692
51.2722,1701
51.2750,1667
51.2778,1623
51.2806,1614
51.2833,1645
51.2861,1696
51.2889,1700
51.2917,1657
51.2944,1605
51.2972,1566
51.3000,1544
51.3028,1548
51.3056,1587
51.3083,1641
51.3111,1685
51.3139,1692
51.3167,1684
51.3194,1637
51.3222,1598
51.3250,1596
51.3278,1604
51.3306,1619
51.3333,1610
51.3361,1626
51.3389,1640
51.3417,1647
51.3444,1633
51.3472,1600
51.3500,1570
51.3528,1576
51.3556,1622
51.3583,1674
51.3611,1710
51.3639,1710
51.3667,1696
51.3694,1665
51.3722,1640
51.3750,1638
51.3778,1631
51.3806,1633
51.3833,1649
51.3861,1655
51.3889,1659
51.3917,1644
51.3944,1631
51.3972,1633
51.4000,1636
51.4028,1601
51.4056,1555
51.4083,1555
51.4111,1575
51.4139,1628
51.4167,1702
51.4194,1761
51.4222,1787
51.4250,1771
51.4278,1752
51.4306,1739
51.4333,1747
51.4361,1735
51.4389,1706
51.4417,1663
51.4444,1641
51.4472,1649
51.4500,1692
51.4528,1720
51.4556,1737
51.4583,1707
51.4611,1690
51.4639,1690
51.4667,1709
51.4694,1733
51.4722,1736
51.4750,1714
51.4778,1712
51.4806,1707
51.4833,1694
51.4861,1701
51.4889,1710
51.4917,1701
51.4944,1710
51.4972,1729
51.5000,1749
51.5028,1744
51.5056,1711
51.5083,1663
51.5111,1621
51.5139,1615
51.5167,1614
51.5194,1628
51.5222,1632
51.5250,1639
51.5278,1644
51.5306,1649
51.5333,1665
51.5361,1680
51.5389,1699
51.5417,1701
51.5444,1720
51.5472,1726
51.5500,1719
51.5528,1694
51.5556,1664
51.5583,1618
51.5611,1607
51.5639,1621
51.5667,1655
51.5694,1672
51.5722,1663
51.5750,1651
51.5778,1645
51.5806,1661
51.5833,1675
51.5861,1714
51.5889,1713
51.5917,1718
51.5944,1709
51.5972,1687
51.6000,1663
51.6028,1626
51.6056,1598
51.6083,1625
51.6111,1686
51.6139,1780
51.6167,1890
51.6194,2066
51.6222,2249
51.6250,2413
51.6278,2621
51.6306,2877
51.6333,3027
51.6361,3031
51.6389,2811
51.6417,2412
51.6444,2009
51.6472,1699
51.6500,1557
51.6528,1516
51.6556,1553
51.6583,1637
51.6611,1723
51.6639,1762
51.6667,1777
51.6694,1739
51.6722,1658
51.6750,1571
51.6778,1537
51.6806,1559
51.6833,1602
51.6861,1618
51.6889,1596
51.6917,1588
51.6944,1611
51.6972,1635
51.7000,1636
51.7028,1616
51.7056,1591
51.7083,1577
51.7111,1581
51.7139,1577
51.7167,1557
51.7194,1568
51.7222,1620
51.7250,1658
51.7278,1665
51.7306,1627
51.7333,1601
51.7361,1592
51.7389,1605
51.7417,1645
51.7444,1700
51.7472,1738
51.7500,1726
51.7528,1671
51.7556,1609
51.7583,1575
51.7611,1590
51.7639,1630
51.7667,1655
51.7694,1675
51.7722,1679
51.7750,1661
51.7778,1647
51.7806,1637
51.7833,1622
51.7861,1627
51.7889,1653
51.7917,1647
51.7944,1634
51.7972,1601
51.8000,1587
51.8028,1595
51.8056,1594
51.8083,1623
51.8111,1672
51.8139,1710
51.8167,1746
51.8194,1756
51.8222,1740
51.8250,1725
51.8278,1705
51.8306,1720
51.8333,1740
51.8361,1765
51.8389,1845
51.8417,1850
51.8444,1856
51.8472,1849
51.8500,1852
51.8528,1825
51.8556,1785
51.8583,1741
51.8611,1699
51.8639,1673
51.8667,1686
51.8694,1706
51.8722,1704
51.8750,1705
51.8778,1705
51.8806,1721
51.8833,1732
51.8861,1723
51.8889,1722
51.8917,1733
51.8944,1741
51.8972,1756
51.9000,1757
51.9028,1746
51.9056,1730
51.9083,1694
51.9111,1663
51.9139,1643
51.9167,1638
51.9194,1667
51.9222,1692
51.9250,1728
51.9278,1752
51.9306,1768
51.9333,1774
51.9361,1780
51.9389,1766
51.9417,1743
51.9444,1698
51.9472,1690
51.9500,1676
51.9528,1660
51.9556,1686
51.9583,1731
51.9611,1785
51.9639,1795
51.9667,1793
51.9694,1812
51.9722,1818
51.9750,1799
51.9778,1742
51.9806,1686
51.9833,1692
51.9861,1702
51.9889,1713
51.9917,1723
51.9944,1742
51.9972,1746
52.0000,1730
52.0028,1745
52.0056,1765
52.0083,1768
52.0111,1761
52.0139,1736
52.0167,1725
52.0194,1721
52.0222,1691
52.0250,1666
52.0278,1688
52.0306,1727
52.0333,1727
52.0361,1724
52.0389,1761
52.0417,1792
52.0444,1793
52.0472,1800
52.0500,1804
52.0528,1795
52.0556,1772
52.0583,1728
52.0611,1694
52.0639,1708
52.0667,1734
52.0694,1759
52.0722,1751
52.0750,1748
52.0778,1749
52.0806,1742
52.0833,1755
52.0861,1779
52.0889,1809
52.0917,1817
52.0944,1787
52.0972,1765
52.1000,1765
52.1028,1786
52.1056,1798
52.1083,1782
52.1111,1759
52.1139,1744
52.1167,1743
52.1194,1758
52.1222,1793
52.1250,1826
52.1278,1834
52.1306,1815
52.1333,1778
52.1361,1740
52.1389,1714
52.1417,1712
52.1444,1703
52.1472,1677
52.1500,1671
52.1528,1660
52.1556,1687
52.1583,1738
52.1611,1782
52.1639,1764
52.1667,1733
52.1694,1705
52.1722,1710
52.1750,1717
52.1778,1739
52.1806,1727
52.1833,1700
52.1861,1672
52.1889,1634
52.1917,1640
52.1944,1665
52.1972,1686
52.2000,1710
52.2028,1750
52.2056,1781
52.2083,1790
52.2111,1763
52.2139,1703
52.2167,1653
52.2194,1636
52.2222,1657
52.2250,1653
52.2278,1628
52.2306,1619
52.2333,1636
52.2361,1675
52.2389,1706
52.2417,1706
52.2444,1705
52.2472,1695
52.2500,1694
52.2528,1696
52.2556,1678
52.2583,1638
52.2611,1592
52.2639,1571
52.2667,1650
52.2694,1816
52.2722,1998
52.2750,2169
52.2778,2323
52.2806,2445
52.2833,2555
52.2861,2731
52.2889,2932
52.2917,3027
52.2944,2948
52.2972,2655
52.3000,2241
52.3028,1864
52.3056,1664
52.3083,1581
52.3111,1578
52.3139,1605
52.3167,1647
52.3194,1675
52.3222,1674
52.3250,1692
52.3278,1667
52.3306,1612
52.3333,1547
52.3361,1541
52.3389,1588
52.3417,1652
52.3444,1694
52.3472,1683
52.3500,1634
52.3528,1564
52.3556,1519
52.3583,1545
52.3611,1567
52.3639,1582
52.3667,1599
52.3694,1617
52.3722,1614
52.3750,1603
52.3778,1605
52.3806,1584
52.3833,1567
52.3861,1580
52.3889,1596
52.3917,1603
52.3944,1623
52.3972,1653
52.4000,1672
52.4028,1665
52.4056,1632
52.4083,1581
52.4111,1532
52.4139,1508
52.4167,1552
52.4194,1592
52.4222,1624
52.4250,1660
52.4278,1697
52.4306,1703
52.4333,1678
52.4361,1677
52.4389,1671
52.4417,1641
52.4444,1626
52.4472,1627
52.4500,1609
52.4528,1607
52.4556,1607
52.4583,1637
52.4611,1673
52.4639,1715
52.4667,1733
52.4694,1741
52.4722,1712
52.4750,1648
52.4778,1645
52.4806,1671
52.4833,1693
52.4861,1679
52.4889,1676
52.4917,1706
52.4944,1740
52.4972,1825
52.5000,1844
52.5028,1792
52.5056,1728
52.5083,1682
52.5111,1690
52.5139,1707
52.5167,1725
52.5194,1738
52.5222,1736
52.5250,1725
52.5278,1709
52.5306,1704
52.5333,1685
52.5361,1647
52.5389,1632
52.5417,1670
52.5444,1700
52.5472,1694
52.5500,1680
52.5528,1673
52.5556,1660
52.5583,1618
52.5611,1574
52.5639,1562
52.5667,1592
52.5694,1655
52.5722,1720
52.5750,1759
52.5778,1751
52.5806,1709
52.5833,1663
52.5861,1629
52.5889,1625
52.5917,1618
52.5944,1650
52.5972,1674
52.6000,1709
52.6028,1719
52.6056,1692
52.6083,1650
52.6111,1641
52.6139,1652
52.6167,1677
52.6194,1702
52.6222,1742
52.6250,1753
52.6278,1749
52.6306,1736
52.6333,1737
52.6361,1728
52.6389,1694
52.6417,1652
52.6444,1632
52.6472,1639
52.6500,1670
52.6528,1671
52.6556,1627
52.6583,1583
52.6611,1557
52.6639,1562
52.6667,1613
52.6694,1638
52.6722,1661
52.6750,1677
52.6778,1697
52.6806,1705
52.6833,1709
52.6861,1680
52.6889,1667
52.6917,1674
52.6944,1695
52.6972,1713
52.7000,1725
52.7028,1733
52.7056,1732
52.7083,1696
52.7111,1652
52.7139,1630
52.7167,1616
52.7194,1592
52.7222,1607
52.7250,1674
52.7278,1727
52.7306,1740
52.7333,1747
52.7361,1750
52.7389,1752
52.7417,1743
52.7444,1739
52.7472,1763
52.7500,1776
52.7528,1765
52.7556,1726
52.7583,1685
52.7611,1634
52.7639,1607
52.7667,1619
52.7694,1640
52.7722,1636
52.7750,1641
52.7778,1683
52.7806,1749
52.7833,1786
52.7861,1779
52.7889,1723
52.7917,1654
52.7944,1626
52.7972,1629
52.8000,1668
52.8028,1727
52.8056,1770
52.8083,1753
52.8111,1736
52.8139,1766
52.8167,1830
52.8194,1876
52.8222,1887
52.8250,1820
52.8278,1721
52.8306,1650
52.8333,1627
52.8361,1661
52.8389,1686
52.8417,1712
52.8444,1754
52.8472,1775
52.8500,1769
52.8528,1699
52.8556,1618
52.8583,1565
52.8611,1561
52.8639,1600
52.8667,1651
52.8694,1686
52.8722,1685
52.8750,1679
52.8778,1669
52.8806,1643
52.8833,1607
52.8861,1600
52.8889,1572
52.8917,1553
52.8944,1580
52.8972,1647
52.9000,1671
52.9028,1654
52.9056,1645
52.9083,1653
52.9111,1677
52.9139,1696
52.9167,1699
52.9194,1701
52.9222,1697
52.9250,1688
52.9278,1686
52.9306,1678
52.9333,1673
52.9361,1663
52.9389,1679
52.9417,1727
52.9444,1821
52.9472,1930
52.9500,2010
52.9528,2123
52.9556,2260
52.9583,2419
52.9611,2621
52.9639,2859
52.9667,3002
52.9694,2955
52.9722,2673
52.9750,2198
52.9778,1790
52.9806,1579
52.9833,1524
52.9861,1562
52.9889,1633
52.9917,1702
52.9944,1732
52.9972,1725
53.0000,1666
53.0028,1609
53.0056,1609
53.0083,1622
53.0111,1665
53.0139,1716
53.0167,1733
53.0194,1691
53.0222,1640
53.0250,1597
53.0278,1578
53.0306,1579
53.0333,1607
53.0361,1646
53.0389,1646
53.0417,1632
53.0444,1605
53.0472,1572
53.0500,1550
53.0528,1541
53.0556,1553
53.0583,1564
53.0611,1531
53.0639,1505
53.0667,1486
53.0694,1534
53.0722,1578
53.0750,1621
53.0778,1674
53.0806,1721
53.0833,1721
53.0861,1711
53.0889,1701
53.0917,1695
53.0944,1670
53.0972,1643
53.1000,1628
53.1028,1636
53.1056,1621
53.1083,1613
53.1111,1633
53.1139,1661
53.1167,1660
53.1194,1656
53.1222,1673
53.1250,1692
53.1278,1711
53.1306,1693
53.1333,1669
53.1361,1640
53.1389,1610
53.1417,1565
53.1444,1548
53.1472,1569
53.1500,1647
53.1528,1730
53.1556,1781
53.1583,1799
53.1611,1792
53.1639,1770
53.1667,1770
53.1694,1768
53.1722,1762
53.1750,1761
53.1778,1785
53.1806,1820
53.1833,1831
53.1861,1824
53.1889,1796
53.1917,1784
53.1944,1777
53.1972,1764
53.2000,1751
53.2028,1700
53.2056,1663
53.2083,1645
53.2111,1642
53.2139,1616
53.2167,1629
53.2194,1685
53.2222,1760
53.2250,1799
53.2278,1793
53.2306,1738
53.2333,1699
53.2361,1679
53.2389,1696
53.2417,1714
53.2444,1714
53.2472,1733
53.2500,1752
53.2528,1764
53.2556,1771
53.2583,1747
53.2611,1713
53.2639,1678
53.2667,1652
53.2694,1684
53.2722,1738
53.2750,1764
53.2778,1779
53.2806,1735
53.2833,1657
53.2861,1615
53.2889,1626
53.2917,1678
53.2944,1735
53.2972,1807
53.3000,1847
53.3028,1828
53.3056,1761
53.3083,1688
53.3111,1636
53.3139,1631
53.3167,1683
53.3194,1724
53.3222,1752
53.3250,1770
53.3278,1773
53.3306,1763
53.3333,1746
53.3361,1751
53.3389,1757
53.3417,1775
53.3444,1780
53.3472,1752
53.3500,1697
53.3528,1674
53.3556,1680
53.3583,1700
53.3611,1722
53.3639,1746
53.3667,1763
53.3694,1767
53.3722,1747
53.3750,1732
53.3778,1741
53.3806,1785
53.3833,1797
53.3861,1788
53.3889,1745
53.3917,1716
53.3944,1704
53.3972,1687
53.4000,1657
53.4028,1638
53.4056,1655
53.4083,1649
53.4111,1639
53.4139,1663
53.4167,1712
53.4194,1778
53.4222,1805
53.4250,1774
53.4278,1713
53.4306,1680
53.4333,1672
53.4361,1722
53.4389,1800
53.4417,1838
53.4444,1851
53.4472,1831
53.4500,1791
53.4528,1743
53.4556,1718
53.4583,1719
53.4611,1741
53.4639,1760
53.4667,1774
53.4694,1743
53.4722,1701
53.4750,1670
53.4778,1684
53.4806,1724
53.4833,1810
53.4861,1881
53.4889,1908
53.4917,1887
53.4944,1843
53.4972,1768
53.5000,1726
53.5028,1727
53.5056,1736
53.5083,1754
53.5111,1763
53.5139,1761
53.5167,1772
53.5194,1773
53.5222,1761
53.5250,1714
53.5278,1680
53.5306,1689
53.5333,1703
53.5361,1702
53.5389,1694
53.5417,1676
53.5444,1677
53.5472,1677
53.5500,1666
53.5528,1681
53.5556,1707
53.5583,1713
53.5611,1705
53.5639,1710
53.5667,1717
53.5694,1722
53.5722,1730
53.5750,1738
53.5778,1708
53.5806,1687
53.5833,1728
53.5861,1763
53.5889,1792
53.5917,1771
53.5944,1725
53.5972,1707
53.6000,1704
53.6028,1682
53.6056,1650
53.6083,1650
53.6111,1668
53.6139,1738
53.6167,1857
53.6194,1976
53.6222,2057
53.6250,2171
53.6278,2320
53.6306,2486
53.6333,2674
53.6361,2869
53.6389,2960
53.6417,2929
53.6444,2732
53.6472,2373
53.6500,1953
53.6528,1677
53.6556,1609
53.6583,1648
53.6611,1690
53.6639,1696
53.6667,1700
53.6694,1728
53.6722,1723
53.6750,1707
53.6778,1676
53.6806,1674
53.6833,1688
53.6861,1709
53.6889,1721
53.6917,1703
53.6944,1673
53.6972,1639
53.7000,1605
53.7028,1613
53.7056,1627
53.7083,1671
53.7111,1706
53.7139,1724
53.7167,1718
53.7194,1684
53.7222,1650
53.7250,1624
53.7278,1633
53.7306,1665
53.7333,1672
53.7361,1685
53.7389,1720
53.7417,1711
53.7444,1674
53.7472,1625
53.7500,1632
53.7528,1658
53.7556,1690
53.7583,1706
53.7611,1707
53.7639,1703
53.7667,1692
53.7694,1681
53.7722,1702
53.7750,1728
53.7778,1736
53.7806,1714
53.7833,1684
53.7861,1671
53.7889,1652
53.7917,1649
53.7944,1643
53.7972,1677
53.8000,1726
53.8028,1776
53.8056,1792
53.8083,1792
53.8111,1780
53.8139,1771
53.8167,1754
53.8194,1730
53.8222,1721
53.8250,1738
53.8278,1778
53.8306,1791
53.8333,1776
53.8361,1746
53.8389,1719
53.8417,1716
53.8444,1875
53.8472,1874
53.8500,1888
53.8528,1877
53.8556,1834
53.8583,1806
53.8611,1789
53.8639,1790
53.8667,1791
53.8694,1788
53.8722,1772
53.8750,1728
53.8778,1699
53.8806,1691
53.8833,1688
53.8861,1701
53.8889,1725
53.8917,1736
53.8944,1729
53.8972,1719
53.9000,1708
53.9028,1722
53.9056,1705
53.9083,1692
53.9111,1677
53.9139,1686
53.9167,1696
53.9194,1709
53.9222,1729
53.9250,1756
53.9278,1788
53.9306,1781
53.9333,1759
53.9361,1751
53.9389,1730
53.9417,1703
53.9444,1708
53.9472,1732
53.9500,1783
53.9528,1810
53.9556,1781
53.9583,1765
53.9611,1764
53.9639,1750
53.9667,1758
53.9694,1737
53.9722,1726
53.9750,1707
53.9778,1687
53.9806,1664
53.9833,1685
53.9861,1730
53.9889,1779
53.9917,1802
53.9944,1800
53.9972,1793
54.0000,1778
54.0028,1740
54.0056,1713
54.0083,1684
54.0111,1678
54.0139,1709
54.0167,1762
54.0194,1806
54.0222,1823
54.0250,1807
54.0278,1776
54.0306,1746
54.0333,1741
54.0361,1759
54.0389,1761
54.0417,1732
54.0444,1676
54.0472,1649
54.0500,1639
54.0528,1678
54.0556,1719
54.0583,1754
54.0611,1769
54.0639,1778
54.0667,1803
54.0694,1805
54.0722,1808
54.0750,1804
54.0778,1814
54.0806,1803
54.0833,1793
54.0861,1784
54.0889,1745
54.0917,1764
54.0944,1783
54.0972,1770
54.1000,1732
54.1028,1679
54.1056,1648
54.1083,1667
54.1111,1724
54.1139,1764
54.1167,1776
54.1194,1728
54.1222,1716
54.1250,1704
54.1278,1705
54.1306,1708
54.1333,1701
54.1361,1703
54.1389,1754
54.1417,1791
54.1444,1781
54.1472,1764
54.1500,1733
54.1528,1714
54.1556,1709
54.1583,1711
54.1611,1708
54.1639,1688
54.1667,1683
54.1694,1672
54.1722,1679
54.1750,1670
54.1778,1654
54.1806,1635
54.1833,1659
54.1861,1700
54.1889,1727
54.1917,1747
54.1944,1761
54.1972,1747
54.2000,1703
54.2028,1663
54.2056,1631
54.2083,1645
54.2111,1671
54.2139,1682
54.2167,1677
54.2194,1665
54.2222,1659
54.2250,1665
54.2278,1673
54.2306,1670
54.2333,1670
54.2361,1689
54.2389,1699
54.2417,1720
54.2444,1730
54.2472,1730
54.2500,1752
54.2528,1833
54.2556,1948
54.2583,2066
54.2611,2204
54.2639,2367
54.2667,2522
54.2694,2706
54.2722,2930
54.2750,3082
54.2778,3067
54.2806,2846
54.2833,2415
54.2861,1930
54.2889,1582
54.2917,1432
54.2944,1442
54.2972,1551
54.3000,1649
54.3028,1719
54.3056,1746
54.3083,1737
54.3111,1687
54.3139,1620
54.3167,1547
54.3194,1521
54.3222,1554
54.3250,1633
54.3278,1690
54.3306,1687
54.3333,1659
54.3361,1649
54.3389,1639
54.3417,1661
54.3444,1706
54.3472,1727
54.3500,1715
54.3528,1685
54.3556,1651
54.3583,1625
54.3611,1625
54.3639,1637
54.3667,1647
54.3694,1639
54.3722,1615
54.3750,1584
54.3778,1547
54.3806,1551
54.3833,1556
54.3861,1575
54.3889,1609
54.3917,1652
54.3944,1676
54.3972,1693
54.4000,1684
54.4028,1645
54.4056,1635
54.4083,1671
54.4111,1698
54.4139,1703
54.4167,1681
54.4194,1675
54.4222,1691
54.4250,1722
54.4278,1730
54.4306,1723
54.4333,1704
54.4361,1683
54.4389,1670
54.4417,1686
54.4444,1707
54.4472,1711
54.4500,1721
54.4528,1700
54.4556,1673
54.4583,1641
54.4611,1617
54.4639,1630
54.4667,1677
54.4694,1740
54.4722,1781
54.4750,1766
54.4778,1756
54.4806,1784
54.4833,1796
54.4861,1747
54.4889,1718
54.4917,1715
54.4944,1712
54.4972,1712
54.5000,1728
54.5028,1729
54.5056,1713
54.5083,1687
54.5111,1672
54.5139,1676
54.5167,1668
54.5194,1683
54.5222,1702
54.5250,1717
54.5278,1725
54.5306,1714
54.5333,1697
54.5361,1671
54.5389,1647
54.5417,1652
54.5444,1660
54.5472,1697
54.5500,1729
54.5528,1766
54.5556,1772
54.5583,1740
54.5611,1685
54.5639,1626
54.5667,1573
54.5694,1554
54.5722,1611
54.5750,1672
54.5778,1683
54.5806,1659
54.5833,1638
54.5861,1660
54.5889,1707
54.5917,1743
54.5944,1732
54.5972,1733
54.6000,1755
54.6028,1747
54.6056,1727
54.6083,1681
54.6111,1661
54.6139,1669
54.6167,1702
54.6194,1721
54.6222,1737
54.6250,1743
54.6278,1742
54.6306,1731
54.6333,1686
54.6361,1624
54.6389,1602
54.6417,1648
54.6444,1705
54.6472,1741
54.6500,1745
54.6528,1711
54.6556,1680
54.6583,1700
54.6611,1725
54.6639,1730
54.6667,1724
54.6694,1723
54.6722,1706
54.6750,1670
54.6778,1652
54.6806,1635
54.6833,1645
54.6861,1675
54.6889,1709
54.6917,1720
54.6944,1707
54.6972,1669
54.7000,1651
54.7028,1652
54.7056,1667
54.7083,1664
54.7111,1667
54.7139,1654
54.7167,1672
54.7194,1687
54.7222,1705
54.7250,1724
54.7278,1724
54.7306,1713
54.7333,1720
54.7361,1743
54.7389,1774
54.7417,1800
54.7444,1796
54.7472,1754
54.7500,1700
54.7528,1663
54.7556,1666
54.7583,1687
54.7611,1716
54.7639,1732
54.7667,1747
54.7694,1750
54.7722,1735
54.7750,1722
54.7778,1703
54.7806,1692
54.7833,1704
54.7861,1724
54.7889,1727
54.7917,1689
54.7944,1645
54.7972,1634
54.8000,1631
54.8028,1643
54.8056,1681
54.8083,1727
54.8111,1726
54.8139,1709
54.8167,1697
54.8194,1676
54.8222,1662
54.8250,1659
54.8278,1644
54.8306,1607
54.8333,1585
54.8361,1575
54.8389,1589
54.8417,1628
54.8444,1636
54.8472,1646
54.8500,1659
54.8528,1673
54.8556,1675
54.8583,1640
54.8611,1597
54.8639,1585
54.8667,1618
54.8694,1664
54.8722,1684
54.8750,1648
54.8778,1606
54.8806,1561
54.8833,1555
54.8861,1580
54.8889,1618
54.8917,1641
54.8944,1653
54.8972,1640
54.9000,1620
54.9028,1611
54.9056,1618
54.9083,1604
54.9111,1575
54.9139,1588
54.9167,1680
54.9194,1774
54.9222,1882
54.9250,1973
54.9278,2105
54.9306,2272
54.9333,2443
54.9361,2634
54.9389,2839
54.9417,2934
54.9444,2856
54.9472,2594
54.9500,2224
54.9528,1874
54.9556,1627
54.9583,1505
54.9611,1497
54.9639,1554
54.9667,1619
54.9694,1660
54.9722,1656
54.9750,1610
54.9778,1560
54.9806,1519
54.9833,1504
54.9861,1536
54.9889,1564
54.9917,1570
54.9944,1549
54.9972,1488
55.0000,1427
55.0028,1388
55.0056,1371
55.0083,1367
55.0111,1388
55.0139,1442
55.0167,1480
55.0194,1500
55.0222,1504
55.0250,1500
55.0278,1517
55.0306,1531
55.0333,1524
55.0361,1524
55.0389,1499
55.0417,1457
55.0444,1417
55.0472,1407
55.0500,1403
55.0528,1436
55.0556,1480
55.0583,1504
55.0611,1508
55.0639,1499
55.0667,1483
55.0694,1485
55.0722,1486
55.0750,1468
55.0778,1432
55.0806,1384
55.0833,1359
55.0861,1362
55.0889,1390
55.0917,1442
55.0944,1485
55.0972,1501
55.1000,1501
55.1028,1462
55.1056,1439
55.1083,1447
55.1111,1476
55.1139,1497
55.1167,1499
55.1194,1497
55.1222,1470
55.1250,1420
55.1278,1411
55.1306,1448
55.1333,1493
55.1361,1516
55.1389,1558
55.1417,1610
55.1444,1650
55.1472,1508
55.1500,1523
55.1528,1553
55.1556,1560
55.1583,1548
55.1611,1509
55.1639,1483
55.1667,1469
55.1694,1466
55.1722,1435
55.1750,1389
55.1778,1352
55.1806,1328
55.1833,1330
55.1861,1362
55.1889,1414
55.1917,1442
55.1944,1437
55.1972,1392
55.2000,1355
55.2028,1324
55.2056,1333
55.2083,1368
55.2111,1399
55.2139,1409
55.2167,1390
55.2194,1362
55.2222,1342
55.2250,1339
55.2278,1348
55.2306,1361
55.2333,1373
55.2361,1390
55.2389,1420
55.2417,1416
55.2444,1409
55.2472,1401
55.2500,1377
55.2528,1372
55.2556,1353
55.2583,1365
55.2611,1375
55.2639,1362
55.2667,1359
55.2694,1341
55.2722,1329
55.2750,1313
55.2778,1320
55.2806,1326
55.2833,1331
55.2861,1347
55.2889,1353
55.2917,1334
55.2944,1309
55.2972,1344
55.3000,1390
55.3028,1413
55.3056,1414
55.3083,1372
55.3111,1345
55.3139,1335
55.3167,1335
55.3194,1338
55.3222,1333
55.3250,1322
55.3278,1319
55.3306,1328
55.3333,1324
55.3361,1350
55.3389,1392
55.3417,1427
55.3444,1402
55.3472,1322
55.3500,1239
55.3528,1228
55.3556,1257
55.3583,1302
55.3611,1343
55.3639,1378
55.3667,1389
55.3694,1385
55.3722,1349
55.3750,1329
55.3778,1304
55.3806,1297
55.3833,1315
55.3861,1335
55.3889,1350
55.3917,1349
55.3944,1332
55.3972,1330
55.4000,1323
55.4028,1323
55.4056,1318
55.4083,1317
55.4111,1354
55.4139,1398
55.4167,1419
55.4194,1418
55.4222,1408
55.4250,1394
55.4278,1390
55.4306,1392
55.4333,1398
55.4361,1395
55.4389,1385
55.4417,1355
55.4444,1372
55.4472,1409
55.4500,1423
55.4528,1392
55.4556,1365
55.4583,1356
55.4611,1339
55.4639,1334
55.4667,1353
55.4694,1390
55.4722,1412
55.4750,1415
55.4778,1422
55.4806,1419
55.4833,1392
55.4861,1368
55.4889,1335
55.4917,1322
55.4944,1309
55.4972,1315
55.5000,1341
55.5028,1366
55.5056,1391
55.5083,1413
55.5111,1407
55.5139,1375
55.5167,1350
55.5194,1333
55.5222,1334
55.5250,1337
55.5278,1352
55.5306,1342
55.5333,1340
55.5361,1340
55.5389,1352
55.5417,1389
55.5444,1440
55.5472,1465
55.5500,1444
55.5528,1404
55.5556,1361
55.5583,1335
55.5611,1314
55.5639,1313
55.5667,1366
55.5694,1407
55.5722,1416
55.5750,1394
55.5778,1364
55.5806,1340
55.5833,1323
55.5861,1334
55.5889,1382
55.5917,1458
55.5944,1553
55.5972,1675
55.6000,1800
55.6028,1946
55.6056,2073
55.6083,2215
55.6111,2408
55.6139,2622
55.6167,2763
55.6194,2733
55.6222,2494
55.6250,2079
55.6278,1680
55.6306,1402
55.6333,1295
55.6361,1296
55.6389,1365
55.6417,1427
55.6444,1463
55.6472,1476
55.6500,1451
55.6528,1392
55.6556,1318
55.6583,1286
55.6611,1312
55.6639,1351
55.6667,1360
55.6694,1360
55.6722,1384
55.6750,1412
55.6778,1414
55.6806,1425
55.6833,1436
55.6861,1435
55.6889,1427
55.6917,1417
55.6944,1405
55.6972,1390
55.7000,1401
55.7028,1414
55.7056,1431
55.7083,1436
55.7111,1430
55.7139,1378
55.7167,1354
55.7194,1349
55.7222,1361
55.7250,1393
55.7278,1422
55.7306,1447
55.7333,1465
55.7361,1464
55.7389,1467
55.7417,1475
55.7444,1497
55.7472,1532
55.7500,1512
55.7528,1477
55.7556,1443
55.7583,1430
55.7611,1457
55.7639,1507
55.7667,1546
55.7694,1569
55.7722,1543
55.7750,1510
55.7778,1479
55.7806,1465
55.7833,1479
55.7861,1507
55.7889,1534
55.7917,1528
55.7944,1539
55.7972,1575
55.8000,1588
55.8028,1595
55.8056,1621
55.8083,1644
55.8111,1661
55.8139,1657
55.8167,1661
55.8194,1648
55.8222,1769
55.8250,1767
55.8278,1763
55.8306,1755
55.8333,1729
55.8361,1703
55.8389,1691
55.8417,1716
55.8444,1708
55.8472,1710
55.8500,1714
55.8528,1696
55.8556,1674
55.8583,1674
55.8611,1686
55.8639,1695
55.8667,1713
55.8694,1724
55.8722,1735
55.8750,1692
55.8778,1672
55.8806,1663
55.8833,1631
55.8861,1626
55.8889,1665
55.8917,1690
55.8944,1693
55.8972,1681
55.9000,1696
55.9028,1743
55.9056,1781
55.9083,1805
55.9111,1803
55.9139,1776
55.9167,1748
55.9194,1711
55.9222,1688
55.9250,1667
55.9278,1669
55.9306,1699
55.9333,1726
55.9361,1742
55.9389,1775
55.9417,1799
55.9444,1820
55.9472,1808
55.9500,1805
55.9528,1775
55.9556,1744
55.9583,1731
55.9611,1745
55.9639,1762
55.9667,1779
55.9694,1794
55.9722,1795
55.9750,1785
55.9778,1755
55.9806,1748
55.9833,1769
55.9861,1807
55.9889,1825
55.9917,1830
55.9944,1836
55.9972,1826
56.0000,1790
56.0028,1753
56.0056,1729
56.0083,1758
56.0111,1786
56.0139,1811
56.0167,1831
56.0194,1844
56.0222,1859
56.0250,1844
56.0278,1779
56.0306,1721
56.0333,1703
56.0361,1733
56.0389,1759
56.0417,1761
56.0444,1760
56.0472,1791
56.0500,1829
56.0528,1829
56.0556,1799
56.0583,1777
56.0611,1753
56.0639,1759
56.0667,1774
56.0694,1826
56.0722,1872
56.0750,1909
56.0778,1909
56.0806,1852
56.0833,1801
56.0861,1764
56.0889,1758
56.0917,1748
56.0944,1777
56.0972,1831
56.1000,1881
56.1028,1906
56.1056,1906
56.1083,1903
56.1111,1888
56.1139,1858
56.1167,1859
56.1194,1879
56.1222,1906
56.1250,1898
56.1278,1888
56.1306,1890
56.1333,1887
56.1361,1890
56.1389,1893
56.1417,1890
56.1444,1877
56.1472,1878
56.1500,1879
56.1528,1872
56.1556,1860
56.1583,1853
56.1611,1858
56.1639,1871
56.1667,1890
56.1694,1927
56.1722,1938
56.1750,1922
56.1778,1862
56.1806,1820
56.1833,1807
56.1861,1831
56.1889,1852
56.1917,1880
56.1944,1894
56.1972,1887
56.2000,1871
56.2028,1841
56.2056,1805
56.2083,1773
56.2111,1756
56.2139,1774
56.2167,1807
56.2194,1846
56.2222,1871
56.2250,1885
56.2278,1883
56.2306,1879
56.2333,1860
56.2361,1840
56.2389,1833
56.2417,1846
56.2444,1869
56.2472,1897
56.2500,1870
56.2528,1817
56.2556,1812
56.2583,1861
56.2611,1904
56.2639,1920
56.2667,1912
56.2694,1900
56.2722,1879
56.2750,1854
56.2778,1810
56.2806,1764
56.2833,1733
56.2861,1730
56.2889,1787
56.2917,1910
56.2944,2073
56.2972,2194
56.3000,2293
56.3028,2374
56.3056,2503
56.3083,2678
56.3111,2912
56.3139,3138
56.3167,3222
56.3194,3136
56.3222,2828
56.3250,2404
56.3278,2009
56.3306,1811
56.3333,1785
56.3361,1836
56.3389,1905
56.3417,1940
56.3444,1953
56.3472,1953
56.3500,1933
56.3528,1868
56.3556,1781
56.3583,1741
56.3611,1769
56.3639,1821
56.3667,1873
56.3694,1911
56.3722,1896
56.3750,1830
56.3778,1771
56.3806,1717
56.3833,1700
56.3861,1714
56.3889,1731
56.3917,1749
56.3944,1744
56.3972,1702
56.4000,1682
56.4028,1708
56.4056,1758
56.4083,1806
56.4111,1853
56.4139,1887
56.4167,1883
56.4194,1834
56.4222,1820
56.4250,1796
56.4278,1757
56.4306,1729
56.4333,1718
56.4361,1783
56.4389,1848
56.4417,1909
56.4444,1953
56.4472,1954
56.4500,1917
56.4528,1865
56.4556,1812
56.4583,1807
56.4611,1828
56.4639,1815
56.4667,1808
56.4694,1809
56.4722,1833
56.4750,1872
56.4778,1890
56.4806,1886
56.4833,1855
56.4861,1830
56.4889,1834
56.4917,1830
56.4944,1837
56.4972,1832
56.5000,1834
56.5028,1840
56.5056,1862
56.5083,1895
56.5111,1915
56.5139,1944
56.5167,1953
56.5194,1957
56.5222,1958
56.5250,1966
56.5278,1960
56.5306,1950
56.5333,1923
56.5361,1888
56.5389,1884
56.5417,1905
56.5444,1932
56.5472,1924
56.5500,1891
56.5528,1859
56.5556,1847
56.5583,1832
56.5611,1856
56.5639,1895
56.5667,1927
56.5694,1937
56.5722,1927
56.5750,1894
56.5778,1856
56.5806,1846
56.5833,1844
56.5861,1821
56.5889,1781
56.5917,1761
56.5944,1781
56.5972,1829
56.6000,1853
56.6028,1838
56.6056,1830
56.6083,1828
56.6111,1839
56.6139,1864
56.6167,1874
56.6194,1869
56.6222,1862
56.6250,1846
56.6278,1830
56.6306,1809
56.6333,1794
56.6361,1786
56.6389,1792
56.6417,1813
56.6444,1837
56.6472,1866
56.6500,1889
56.6528,1888
56.6556,1874
56.6583,1848
56.6611,1823
56.6639,1814
56.6667,1838
56.6694,1859
56.6722,1879
56.6750,1874
56.6778,1841
56.6806,1853
56.6833,1888
56.6861,1920
56.6889,1948
56.6917,1938
56.6944,1910
56.6972,1854
56.7000,1797
56.7028,1803
56.7056,1841
56.7083,1882
56.7111,1883
56.7139,1849
56.7167,1790
56.7194,1736
56.7222,1714
56.7250,1718
56.7278,1780
56.7306,1845
56.7333,1875
56.7361,1871
56.7389,1857
56.7417,1829
56.7444,1793
56.7472,1772
56.7500,1768
56.7528,1767
56.7556,1795
56.7583,1875
56.7611,1938
56.7639,1957
56.7667,1923
56.7694,1860
56.7722,1826
56.7750,1812
56.7778,1807
56.7806,1815
56.7833,1825
56.7861,1832
56.7889,1854
56.7917,1893
56.7944,1911
56.7972,1892
56.8000,1834
56.8028,1775
56.8056,1757
56.8083,1809
56.8111,1888
56.8139,1906
56.8167,1878
56.8194,1847
56.8222,1839
56.8250,1864
56.8278,1916
56.8306,1936
56.8333,1921
56.8361,1868
56.8389,1847
56.8417,1841
56.8444,1822
56.8472,1812
56.8500,1838
56.8528,1872
56.8556,1902
56.8583,1907
56.8611,1901
56.8639,1839
56.8667,1777
56.8694,1792
56.8722,1827
56.8750,1849
56.8778,1853
56.8806,1843
56.8833,1799
56.8861,1761
56.8889,1761
56.8917,1787
56.8944,1794
56.8972,1813
56.9000,1876
56.9028,1920
56.9056,1892
56.9083,1834
56.9111,1767
56.9139,1756
56.9167,1812
56.9194,1861
56.9222,1881
56.9250,1838
56.9278,1793
56.9306,1781
56.9333,1786
56.9361,1790
56.9389,1812
56.9417,1829
56.9444,1835
56.9472,1823
56.9500,1801
56.9528,1763
56.9556,1731
56.9583,1737
56.9611,1758
56.9639,1770
56.9667,1800
56.9694,1856
56.9722,1926
56.9750,2017
56.9778,2146
56.9806,2310
56.9833,2508
56.9861,2711
56.9889,2932
56.9917,3110
56.9944,3135
56.9972,2987
57.0000,2626
57.0028,2203
57.0056,1873
57.0083,1715
57.0111,1666
57.0139,1672
57.0167,1730
57.0194,1783
57.0222,1818
57.0250,1839
57.0278,1819
57.0306,1769
57.0333,1698
57.0361,1642
57.0389,1639
57.0417,1667
57.0444,1698
57.0472,1696
57.0500,1656
57.0528,1611
57.0556,1584
57.0583,1587
57.0611,1632
57.0639,1696
57.0667,1734
57.0694,1749
57.0722,1742
57.0750,1742
57.0778,1727
57.0806,1732
57.0833,1789
57.0861,1834
57.0889,1855
57.0917,1812
57.0944,1715
57.0972,1637
57.1000,1602
57.1028,1614
57.1056,1666
57.1083,1687
57.1111,1716
57.1139,1725
57.1167,1724
57.1194,1735
57.1222,1748
57.1250,1768
57.1278,1761
57.1306,1735
57.1333,1702
57.1361,1667
57.1389,1649
57.1417,1673
57.1444,1703
57.1472,1709
57.1500,1698
57.1528,1684
57.1556,1700
57.1583,1724
57.1611,1767
57.1639,1802
57.1667,1834
57.1694,1856
57.1722,1870
57.1750,1840
57.1778,1812
57.1806,1778
57.1833,1749
57.1861,1753
57.1889,1763
57.1917,1796
57.1944,1855
57.1972,1893
57.2000,1948
57.2028,1958
57.2056,1938
57.2083,1894
57.2111,1830
57.2139,1802
57.2167,1796
57.2194,1804
57.2222,1798
57.2250,1777
57.2278,1742
57.2306,1738
57.2333,1772
57.2361,1793
57.2389,1790
57.2417,1776
57.2444,1753
57.2472,1750
57.2500,1718
57.2528,1695
57.2556,1708
57.2583,1747
57.2611,1793
57.2639,1789
57.2667,1769
57.2694,1735
57.2722,1700
57.2750,1700
57.2778,1697
57.2806,1711
57.2833,1703
57.2861,1676
57.2889,1644
57.2917,1654
57.2944,1702
57.2972,1749
57.3000,1770
57.3028,1797
57.3056,1797
57.3083,1768
57.3111,1737
57.3139,1708
57.3167,1694
57.3194,1700
57.3222,1746
57.3250,1787
57.3278,1829
57.3306,1839
57.3333,1828
57.3361,1785
57.3389,1733
57.3417,1712
57.3444,1697
57.3472,1679
57.3500,1678
57.3528,1685
57.3556,1704
57.3583,1710
57.3611,1717
57.3639,1737
57.3667,1758
57.3694,1753
57.3722,1741
57.3750,1750
57.3778,1779
57.3806,1789
57.3833,1778
57.3861,1736
57.3889,1702
57.3917,1687
57.3944,1688
57.3972,1691
57.4000,1714
57.4028,1722
57.4056,1717
57.4083,1711
57.4111,1737
57.4139,1782
57.4167,1777
57.4194,1764
57.4222,1772
57.4250,1771
57.4278,1766
57.4306,1757
57.4333,1761
57.4361,1752
57.4389,1729
57.4417,1712
57.4444,1712
57.4472,1737
57.4500,1752
57.4528,1779
57.4556,1812
57.4583,1833
57.4611,1836
57.4639,1814
57.4667,1750
57.4694,1709
57.4722,1665
57.4750,1697
57.4778,1738
57.4806,1786
57.4833,1851
57.4861,1860
57.4889,1828
57.4917,1787
57.4944,1741
57.4972,1727
57.5000,1726
57.5028,1750
57.5056,1740
57.5083,1744
57.5111,1728
57.5139,1737
57.5167,1759
57.5194,1763
57.5222,1754
57.5250,1733
57.5278,1742
57.5306,1746
57.5333,1759
57.5361,1740
57.5389,1722
57.5417,1702
57.5444,1678
57.5472,1646
57.5500,1645
57.5528,1680
57.5556,1699
57.5583,1707
57.5611,1707
57.5639,1703
57.5667,1727
57.5694,1739
57.5722,1743
57.5750,1743
57.5778,1763
57.5806,1783
57.5833,1783
57.5861,1763
57.5889,1737
57.5917,1705
57.5944,1663
57.5972,1648
57.6000,1664
57.6028,1697
57.6056,1749
57.6083,1774
57.6111,1766
57.6139,1740
57.6167,1693
57.6194,1646
57.6222,1645
57.6250,1735
57.6278,1914
57.6306,2057
57.6333,2162
57.6361,2282
57.6389,2417
57.6417,2603
57.6444,2847
57.6472,3041
57.6500,3097
57.6528,2942
57.6556,2554
57.6583,2119
57.6611,1792
57.6639,1634
57.6667,1609
57.6694,1679
57.6722,1729
57.6750,1762
57.6778,1774
57.6806,1761
57.6833,1728
57.6861,1665
57.6889,1604
57.6917,1554
57.6944,1570
57.6972,1600
57.7000,1632
57.7028,1673
57.7056,1686
57.7083,1695
57.7111,1661
57.7139,1641
57.7167,1639
57.7194,1659
57.7222,1661
57.7250,1673
57.7278,1682
57.7306,1691
57.7333,1697
57.7361,1699
57.7389,1672
57.7417,1646
57.7444,1625
57.7472,1610
57.7500,1605
57.7528,1589
57.7556,1623
57.7583,1659
57.7611,1685
57.7639,1663
57.7667,1653
57.7694,1662
57.7722,1684
57.7750,1697
57.7778,1685
57.7806,1657
57.7833,1617
57.7861,1599
57.7889,1616
57.7917,1653
57.7944,1687
57.7972,1742
57.8000,1772
57.8028,1783
57.8056,1764
57.8083,1733
57.8111,1685
57.8139,1666
57.8167,1685
57.8194,1702
57.8222,1720
57.8250,1712
57.8278,1700
57.8306,1693
57.8333,1690
57.8361,1704
57.8389,1722
57.8417,1744
57.8444,1743
57.8472,1738
57.8500,1721
57.8528,1738
57.8556,1893
57.8583,1888
57.8611,1836
57.8639,1755
57.8667,1720
57.8694,1721
57.8722,1741
57.8750,1762
57.8778,1736
57.8806,1705
57.8833,1704
57.8861,1727
57.8889,1718
57.8917,1719
57.8944,1732
57.8972,1739
57.9000,1730
57.9028,1710
57.9056,1693
57.9083,1702
57.9111,1709
57.9139,1720
57.9167,1741
57.9194,1731
57.9222,1741
57.9250,1765
57.9278,1769
57.9306,1752
57.9333,1729
57.9361,1716
57.9389,1698
57.9417,1685
57.9444,1685
57.9472,1676
57.9500,1650
57.9528,1599
57.9556,1584
57.9583,1620
57.9611,1684
57.9639,1722
57.9667,1723
57.9694,1737
57.9722,1751
57.9750,1776
57.9778,1776
57.9806,1778
57.9833,1792
57.9861,1787
57.9889,1768
57.9917,1750
57.9944,1734
57.9972,1701
58.0000,1682
58.0028,1708
58.0056,1756
58.0083,1760
58.0111,1763
58.0139,1762
58.0167,1754
58.0194,1765
58.0222,1778
58.0250,1757
58.0278,1720
58.0306,1653
58.0333,1598
58.0361,1579
58.0389,1625
58.0417,1667
58.0444,1676
58.0472,1657
58.0500,1682
58.0528,1725
58.0556,1749
58.0583,1773
58.0611,1793
58.0639,1772
58.0667,1749
58.0694,1722
58.0722,1683
58.0750,1670
58.0778,1692
58.0806,1720
58.0833,1723
58.0861,1724
58.0889,1744
58.0917,1772
58.0944,1802
58.0972,1806
58.1000,1772
58.1028,1762
58.1056,1771
58.1083,1778
58.1111,1774
58.1139,1773
58.1167,1745
58.1194,1716
58.1222,1678
58.1250,1666
58.1278,1685
58.1306,1714
58.1333,1731
58.1361,1719
58.1389,1697
58.1417,1701
58.1444,1735
58.1472,1746
58.1500,1765
58.1528,1780
58.1556,1794
58.1583,1795
58.1611,1795
58.1639,1808
58.1667,1825
58.1694,1839
58.1722,1838
58.1750,1806
58.1778,1773
58.1806,1773
58.1833,1770
58.1861,1743
58.1889,1697
58.1917,1675
58.1944,1657
58.1972,1649
58.2000,1645
58.2028,1632
58.2056,1634
58.2083,1614
58.2111,1608
58.2139,1637
58.2167,1660
58.2194,1686
58.2222,1707
58.2250,1693
58.2278,1680
58.2306,1672
58.2333,1681
58.2361,1694
58.2389,1726
58.2417,1732
58.2444,1738
58.2472,1707
58.2500,1713
58.2528,1744
58.2556,1735
58.2583,1711
58.2611,1675
58.2639,1649
58.2667,1668
58.2694,1681
58.2722,1696
58.2750,1658
58.2778,1620
58.2806,1612
58.2833,1639
58.2861,1713
58.2889,1848
58.2917,1969
58.2944,2074
58.2972,2202
58.3000,2374
58.3028,2606
58.3056,2841
58.3083,3047
58.3111,3108
58.3139,2956
58.3167,2645
58.3194,2210
58.3222,1825
58.3250,1599
58.3278,1550
58.3306,1588
58.3333,1644
58.3361,1701
58.3389,1746
58.3417,1765
58.3444,1749
58.3472,1693
58.3500,1621
58.3528,1554
58.3556,1504
58.3583,1515
58.3611,1570
58.3639,1623
58.3667,1648
58.3694,1631
58.3722,1580
58.3750,1558
58.3778,1547
58.3806,1544
58.3833,1568
58.3861,1600
58.3889,1609
58.3917,1609
58.3944,1606
58.3972,1638
58.4000,1699
58.4028,1726
58.4056,1688
58.4083,1619
58.4111,1560
58.4139,1549
58.4167,1560
58.4194,1602
58.4222,1635
58.4250,1667
58.4278,1681
58.4306,1692
58.4333,1708
58.4361,1695
58.4389,1665
58.4417,1617
58.4444,1588
58.4472,1550
58.4500,1528
58.4528,1516
58.4556,1547
58.4583,1588
58.4611,1624
58.4639,1665
58.4667,1663
58.4694,1646
58.4722,1659
58.4750,1670
58.4778,1672
58.4806,1651
58.4833,1629
58.4861,1615
58.4889,1622
58.4917,1659
58.4944,1661
58.4972,1665
58.5000,1682
58.5028,1694
58.5056,1713
58.5083,1739
58.5111,1741
58.5139,1738
58.5167,1796
58.5194,1803
58.5222,1799
58.5250,1780
58.5278,1768
58.5306,1769
58.5333,1770
58.5361,1737
58.5389,1691
58.5417,1628
58.5444,1582
58.5472,1552
58.5500,1541
58.5528,1588
58.5556,1659
58.5583,1689
58.5611,1673
58.5639,1654
58.5667,1645
58.5694,1643
58.5722,1626
58.5750,1605
58.5778,1613
58.5806,1621
58.5833,1607
58.5861,1565
58.5889,1570
58.5917,1599
58.5944,1623
58.5972,1647
58.6000,1673
58.6028,1692
58.6056,1661
58.6083,1585
58.6111,1563
58.6139,1608
58.6167,1659
58.6194,1699
58.6222,1704
58.6250,1662
58.6278,1613
58.6306,1580
58.6333,1569
58.6361,1597
58.6389,1637
58.6417,1674
58.6444,1700
58.6472,1689
58.6500,1656
58.6528,1603
58.6556,1563
58.6583,1568
58.6611,1587
58.6639,1620
58.6667,1657
58.6694,1689
58.6722,1702
58.6750,1680
58.6778,1634
58.6806,1599
58.6833,1585
58.6861,1578
58.6889,1598
58.6917,1611
58.6944,1594
58.6972,1585
58.7000,1597
58.7028,1612
58.7056,1620
58.7083,1599
58.7111,1613
58.7139,1626
58.7167,1651
58.7194,1668
58.7222,1652
58.7250,1606
58.7278,1585
58.7306,1584
58.7333,1587
58.7361,1617
58.7389,1628
58.7417,1626
58.7444,1605
58.7472,1592
58.7500,1594
58.7528,1602
58.7556,1577
58.7583,1580
58.7611,1574
58.7639,1589
58.7667,1615
58.7694,1613
58.7722,1601
58.7750,1592
58.7778,1603
58.7806,1608
58.7833,1656
58.7861,1698
58.7889,1718
58.7917,1744
58.7944,1758
58.7972,1738
58.8000,1673
58.8028,1599
58.8056,1563
58.8083,1543
58.8111,1545
58.8139,1596
58.8167,1612
58.8194,1609
58.8222,1644
58.8250,1682
58.8278,1676
58.8306,1665
58.8333,1659
58.8361,1650
58.8389,1653
58.8417,1681
58.8444,1677
58.8472,1640
58.8500,1649
58.8528,1642
58.8556,1649
58.8583,1632
58.8611,1620
58.8639,1605
58.8667,1609
58.8694,1606
58.8722,1609
58.8750,1609
58.8778,1589
58.8806,1554
58.8833,1534
58.8861,1539
58.8889,1560
58.8917,1585
58.8944,1577
58.8972,1541
58.9000,1538
58.9028,1601
58.9056,1642
58.9083,1622
58.9111,1610
58.9139,1620
58.9167,1630
58.9194,1628
58.9222,1618
58.9250,1618
58.9278,1606
58.9306,1584
58.9333,1574
58.9361,1590
58.9389,1600
58.9417,1610
58.9444,1612
58.9472,1630
58.9500,1615
58.9528,1566
58.9556,1502
58.9583,1462
58.9611,1486
58.9639,1603
58.9667,1750
58.9694,1923
58.9722,2040
58.9750,2149
58.9778,2302
58.9806,2487
58.9833,2694
58.9861,2891
58.9889,2951
58.9917,2820
58.9944,2512
58.9972,2132
59.0000,1798
59.0028,1577
59.0056,1489
59.0083,1487
59.0111,1512
59.0139,1565
59.0167,1607
59.0194,1640
59.0222,1643
59.0250,1592
59.0278,1525
59.0306,1466
59.0333,1455
59.0361,1464
59.0389,1480
59.0417,1480
59.0444,1496
59.0472,1502
59.0500,1512
59.0528,1520
59.0556,1516
59.0583,1528
59.0611,1561
59.0639,1562
59.0667,1537
59.0694,1490
59.0722,1473
59.0750,1454
59.0778,1447
59.0806,1464
59.0833,1494
59.0861,1569
59.0889,1618
59.0917,1638
59.0944,1620
59.0972,1568
59.1000,1520
59.1028,1486
59.1056,1510
59.1083,1532
59.1111,1568
59.1139,1571
59.1167,1594
59.1194,1612
59.1222,1618
59.1250,1597
59.1278,1555
59.1306,1527
59.1333,1507
59.1361,1504
59.1389,1534
59.1417,1574
59.1444,1596
59.1472,1595
59.1500,1583
59.1528,1567
59.1556,1558
59.1583,1595
59.1611,1647
59.1639,1663
59.1667,1654
59.1694,1614
59.1722,1584
59.1750,1599
59.1778,1635
59.1806,1663
59.1833,1649
59.1861,1644
59.1889,1635
59.1917,1643
59.1944,1736
59.1972,1754
59.2000,1760
59.2028,1756
59.2056,1721
59.2083,1697
59.2111,1664
59.2139,1665
59.2167,1707
59.2194,1724
59.2222,1710
59.2250,1670
59.2278,1620
59.2306,1615
59.2333,1659
59.2361,1717
59.2389,1747
59.2417,1714
59.2444,1637
59.2472,1559
59.2500,1520
59.2528,1534
59.2556,1561
59.2583,1580
59.2611,1575
59.2639,1570
59.2667,1569
59.2694,1592
59.2722,1611
59.2750,1634
59.2778,1633
59.2806,1638
59.2833,1604
59.2861,1599
59.2889,1633
59.2917,1694
59.2944,1748
59.2972,1758
59.3000,1710
59.3028,1634
59.3056,1602
59.3083,1636
59.3111,1662
59.3139,1684
59.3167,1693
59.3194,1683
59.3222,1699
59.3250,1682
59.3278,1662
59.3306,1654
59.3333,1630
59.3361,1603
59.3389,1585
59.3417,1575
59.3444,1578
59.3472,1602
59.3500,1674
59.3528,1729
59.3556,1750
59.3583,1760
59.3611,1756
59.3639,1732
59.3667,1692
59.3694,1643
59.3722,1613
59.3750,1604
59.3778,1629
59.3806,1671
59.3833,1702
59.3861,1725
59.3889,1720
59.3917,1704
59.3944,1685
59.3972,1658
59.4000,1643
59.4028,1643
59.4056,1635
59.4083,1635
59.4111,1645
59.4139,1645
59.4167,1625
59.4194,1619
59.4222,1641
59.4250,1660
59.4278,1682
59.4306,1683
59.4333,1655
59.4361,1642
59.4389,1633
59.4417,1643
59.4444,1671
59.4472,1707
59.4500,1727
59.4528,1724
59.4556,1708
59.4583,1696
59.4611,1678
59.4639,1674
59.4667,1664
59.4694,1671
59.4722,1717
59.4750,1759
59.4778,1785
59.4806,1800
59.4833,1782
59.4861,1742
59.4889,1718
59.4917,1702
59.4944,1696
59.4972,1676
59.5000,1693
59.5028,1747
59.5056,1791
59.5083,1752
59.5111,1685
59.5139,1616
59.5167,1622
59.5194,1666
59.5222,1738
59.5250,1783
59.5278,1797
59.5306,1801
59.5333,1818
59.5361,1817
59.5389,1798
59.5417,1763
59.5444,1725
59.5472,1701
59.5500,1710
59.5528,1743
59.5556,1787
59.5583,1807
59.5611,1761
59.5639,1698
59.5667,1636
59.5694,1603
59.5722,1622
59.5750,1650
59.5778,1683
59.5806,1699
59.5833,1682
59.5861,1685
59.5889,1683
59.5917,1690
59.5944,1714
59.5972,1760
59.6000,1793
59.6028,1789
59.6056,1758
59.6083,1707
59.6111,1677
59.6139,1665
59.6167,1678
59.6194,1704
59.6222,1733
59.6250,1750
59.6278,1741
59.6306,1716
59.6333,1717
59.6361,1714
59.6389,1695
59.6417,1666
59.6444,1666
59.6472,1684
59.6500,1718
59.6528,1760
59.6556,1832
59.6583,1941
59.6611,2045
59.6639,2118
59.6667,2204
59.6694,2316
59.6722,2448
59.6750,2619
59.6778,2880
59.6806,3078
59.6833,3115
59.6861,2900
59.6889,2484
59.6917,2059
59.6944,1766
59.6972,1574
59.7000,1519
59.7028,1585
59.7056,1706
59.7083,1805
59.7111,1871
59.7139,1887
59.7167,1858
59.7194,1811
59.7222,1759
59.7250,1716
59.7278,1675
59.7306,1651
59.7333,1599
59.7361,1540
59.7389,1510
59.7417,1550
59.7444,1628
59.7472,1687
59.7500,1704
59.7528,1703
59.7556,1679
59.7583,1652
59.7611,1671
59.7639,1686
59.7667,1716
59.7694,1762
59.7722,1814
59.7750,1828
59.7778,1791
59.7806,1727
59.7833,1678
59.7861,1657
59.7889,1636
59.7917,1645
59.7944,1646
59.7972,1640
59.8000,1654
59.8028,1666
59.8056,1666
59.8083,1668
59.8111,1667
59.8139,1657
59.8167,1621
59.8194,1635
59.8222,1666
59.8250,1693
59.8278,1728
59.8306,1722
59.8333,1736
59.8361,1766
59.8389,1780
59.8417,1801
59.8444,1783
59.8472,1790
59.8500,1789
59.8528,1799
59.8556,1810
59.8583,1796
59.8611,1746
59.8639,1698
59.8667,1681
59.8694,1695
59.8722,1728
59.8750,1754
59.8778,1777
59.8806,1807
59.8833,1814
59.8861,1776
59.8889,1785
59.8917,1818
59.8944,1840
59.8972,1840
59.9000,1831
59.9028,1795
59.9056,1763
59.9083,1766
59.9111,1761
59.9139,1798
59.9167,1829
59.9194,1829
59.9222,1797
59.9250,1758
59.9278,1732
59.9306,1740
59.9333,1767
59.9361,1772
59.9389,1775
59.9417,1771
59.9444,1746
59.9472,1738
59.9500,1766
59.9528,1792
59.9556,1780
59.9583,1749
59.9611,1748
59.9639,1774
59.9667,1784
59.9694,1796
59.9722,1785
59.9750,1765
59.9778,1754
59.9806,1752
59.9833,1748
59.9861,1734
59.9889,1730
59.9917,1733
59.9944,1744
59.9972,1739
60.0000,1712
60.0028,1682
60.0056,1682
60.0083,1721
60.0111,1756
60.0139,1774
60.0167,1776
60.0194,1758
60.0222,1741
60.0250,1710
60.0278,1691
60.0306,1701
60.0333,1708
60.0361,1732
60.0389,1768
60.0417,1825
60.0444,1812
60.0472,1760
60.0500,1753
60.0528,1798
60.0556,1868
60.0583,1891
60.0611,1854
60.0639,1798
60.0667,1751
60.0694,1720
60.0722,1718
60.0750,1713
60.0778,1717
60.0806,1727
60.0833,1756
60.0861,1794
60.0889,1779
60.0917,1718
60.0944,1681
60.0972,1671
60.1000,1708
60.1028,1722
60.1056,1759
60.1083,1778
60.1111,1802
60.1139,1815
60.1167,1798
60.1194,1761
60.1222,1734
60.1250,1728
60.1278,1755
60.1306,1772
60.1333,1762
60.1361,1761
60.1389,1777
60.1417,1793
60.1444,1788
60.1472,1782
60.1500,1774
60.1528,1768
60.1556,1744
60.1583,1706
60.1611,1667
60.1639,1656
60.1667,1693
60.1694,1726
60.1722,1766
60.1750,1785
60.1778,1746
60.1806,1683
60.1833,1683
60.1861,1718
60.1889,1763
60.1917,1767
60.1944,1749
60.1972,1753
60.2000,1771
60.2028,1808
60.2056,1843
60.2083,1860
60.2111,1844
60.2139,1810
60.2167,1779
60.2194,1788
60.2222,1793
60.2250,1773
60.2278,1768
60.2306,1758
60.2333,1722
60.2361,1750
60.2389,1793
60.2417,1825
60.2444,1831
60.2472,1808
60.2500,1802
60.2528,1810
60.2556,1803
60.2583,1788
60.2611,1794
60.2639,1790
60.2667,1802
60.2694,1815
60.2722,1808
60.2750,1772
60.2778,1720
60.2806,1680
60.2833,1681
60.2861,1714
60.2889,1719
60.2917,1755
60.2944,1778
60.2972,1776
60.3000,1749
60.3028,1743
60.3056,1712
60.3083,1684
60.3111,1698
60.3139,1748
60.3167,1783
60.3194,1759
60.3222,1706
60.3250,1673
60.3278,1687
60.3306,1718
60.3333,1727
60.3361,1735
60.3389,1744
60.3417,1767
60.3444,1822
60.3472,1855
60.3500,1843
60.3528,1794
60.3556,1750
60.3583,1722
60.3611,1726
60.3639,1721
60.3667,1725
60.3694,1719
60.3722,1696
60.3750,1727
60.3778,1798
60.3806,1874
60.3833,1963
60.3861,2089
60.3889,2276
60.3917,2493
60.3944,2708
60.3972,2943
60.4000,3067
60.4028,3029
60.4056,2808
60.4083,2430
60.4111,2000
60.4139,1705
60.4167,1623
60.4194,1669
60.4222,1744
60.4250,1781
60.4278,1774
60.4306,1748
60.4333,1725
60.4361,1712
60.4389,1676
60.4417,1651
60.4444,1636
60.4472,1654
60.4500,1653
60.4528,1645
60.4556,1624
60.4583,1617
60.4611,1613
60.4639,1613
60.4667,1644
60.4694,1639
60.4722,1644
60.4750,1649
60.4778,1647
60.4806,1645
60.4833,1652
60.4861,1663
60.4889,1691
60.4917,1696
60.4944,1673
60.4972,1669
60.5000,1669
60.5028,1680
60.5056,1700
60.5083,1710
60.5111,1725
60.5139,1711
60.5167,1685
60.5194,1626
60.5222,1574
60.5250,1601
60.5278,1647
60.5306,1707
60.5333,1731
60.5361,1692
60.5389,1623
60.5417,1581
60.5444,1598
60.5472,1626
60.5500,1647
60.5528,1688
60.5556,1735
60.5583,1774
60.5611,1774
60.5639,1737
60.5667,1698
60.5694,1674
60.5722,1689
60.5750,1705
60.5778,1705
60.5806,1687
60.5833,1706
60.5861,1751
60.5889,1793
60.5917,1838
60.5944,1843
60.5972,1837
60.6000,1794
60.6028,1763
60.6056,1900
60.6083,1910
60.6111,1878
60.6139,1853
60.6167,1818
60.6194,1776
60.6222,1736
60.6250,1750
60.6278,1796
60.6306,1814
60.6333,1791
60.6361,1748
60.6389,1698
60.6417,1666
60.6444,1655
60.6472,1680
60.6500,1734
60.6528,1769
60.6556,1799
60.6583,1795
60.6611,1766
60.6639,1739
60.6667,1734
60.6694,1742
60.6722,1748
60.6750,1745
60.6778,1722
60.6806,1696
60.6833,1669
60.6861,1679
60.6889,1696
60.6917,1685
60.6944,1644
60.6972,1633
60.7000,1614
60.7028,1618
60.7056,1642
60.7083,1684
60.7111,1699
60.7139,1753
60.7167,1788
60.7194,1801
60.7222,1791
60.7250,1780
60.7278,1753
60.7306,1750
60.7333,1743
60.7361,1750
60.7389,1758
60.7417,1748
60.7444,1719
60.7472,1696
60.7500,1688
60.7528,1686
60.7556,1717
60.7583,1753
60.7611,1771
60.7639,1778
60.7667,1782
60.7694,1797
60.7722,1757
60.7750,1705
60.7778,1680
60.7806,1691
60.7833,1722
60.7861,1756
60.7889,1783
60.7917,1799
60.7944,1811
60.7972,1791
60.8000,1749
60.8028,1717
60.8056,1709
60.8083,1705
60.8111,1722
60.8139,1745
60.8167,1754
60.8194,1746
60.8222,1739
60.8250,1751
60.8278,1757
60.8306,1756
60.8333,1749
60.8361,1741
60.8389,1693
60.8417,1666
60.8444,1693
60.8472,1730
60.8500,1744
60.8528,1761
60.8556,1767
60.8583,1756
60.8611,1700
60.8639,1659
60.8667,1654
60.8694,1681
60.8722,1706
60.8750,1734
60.8778,1765
60.8806,1777
60.8833,1761
60.8861,1720
60.8889,1718
60.8917,1744
60.8944,1799
60.8972,1845
60.9000,1867
60.9028,1849
60.9056,1782
60.9083,1728
60.9111,1703
60.9139,1705
60.9167,1741
60.9194,1791
60.9222,1808
60.9250,1786
60.9278,1738
60.9306,1691
60.9333,1680
60.9361,1713
60.9389,1767
60.9417,1763
60.9444,1733
60.9472,1727
60.9500,1721
60.9528,1720
60.9556,1731
60.9583,1759
60.9611,1803
60.9639,1823
60.9667,1829
60.9694,1804
60.9722,1735
60.9750,1666
60.9778,1645
60.9806,1680
60.9833,1740
60.9861,1798
60.9889,1836
60.9917,1842
60.9944,1799
60.9972,1741
61.0000,1703
61.0028,1703
61.0056,1721
61.0083,1737
61.0111,1730
61.0139,1720
61.0167,1711
61.0194,1729
61.0222,1751
61.0250,1742
61.0278,1742
61.0306,1727
61.0333,1726
61.0361,1731
61.0389,1715
61.0417,1687
61.0444,1682
61.0472,1694
61.0500,1715
61.0528,1740
61.0556,1721
61.0583,1681
61.0611,1689
61.0639,1730
61.0667,1763
61.0694,1809
61.0722,1870
61.0750,1967
61.0778,2058
61.0806,2172
61.0833,2275
61.0861,2391
61.0889,2552
61.0917,2755
61.0944,2942
61.0972,2997
61.1000,2865
61.1028,2550
61.1056,2166
61.1083,1820
61.1111,1649
61.1139,1596
61.1167,1589
61.1194,1621
61.1222,1660
61.1250,1690
61.1278,1697
61.1306,1708
61.1333,1717
61.1361,1725
61.1389,1710
61.1417,1690
61.1444,1685
61.1472,1698
61.1500,1696
61.1528,1705
61.1556,1693
61.1583,1678
61.1611,1676
61.1639,1676
61.1667,1668
61.1694,1672
61.1722,1684
61.1750,1659
61.1778,1619
61.1806,1621
61.1833,1638
61.1861,1666
61.1889,1698
61.1917,1711
61.1944,1684
61.1972,1673
61.2000,1679
61.2028,1724
61.2056,1728
61.2083,1716
61.2111,1688
61.2139,1665
61.2167,1665
61.2194,1701
61.2222,1714
61.2250,1712
61.2278,1709
61.2306,1706
61.2333,1684
61.2361,1670
61.2389,1698
61.2417,1717
61.2444,1730
61.2472,1745
61.2500,1751
61.2528,1751
61.2556,1731
61.2583,1715
61.2611,1698
61.2639,1688
61.2667,1672
61.2694,1693
61.2722,1696
61.2750,1684
61.2778,1696
61.2806,1715
61.2833,1748
61.2861,1770
61.2889,1802
61.2917,1852
61.2944,1876
61.2972,1886
61.3000,1887
61.3028,1772
61.3056,1788
61.3083,1755
61.3111,1725
61.3139,1735
61.3167,1770
61.3194,1809
61.3222,1854
61.3250,1889
61.3278,1880
61.3306,1827
61.3333,1765
61.3361,1720
61.3389,1700
61.3417,1689
61.3444,1693
61.3472,1734
61.3500,1750
61.3528,1743
61.3556,1727
61.3583,1725
61.3611,1716
61.3639,1735
61.3667,1780
61.3694,1792
61.3722,1778
61.3750,1745
61.3778,1695
61.3806,1656
61.3833,1648
61.3861,1657
61.3889,1666
61.3917,1685
61.3944,1704
61.3972,1742
61.4000,1741
61.4028,1725
61.4056,1738
61.4083,1747
61.4111,1746
61.4139,1752
61.4167,1726
61.4194,1716
61.4222,1713
61.4250,1717
61.4278,1716
61.4306,1720
61.4333,1721
61.4361,1722
61.4389,1751
61.4417,1797
61.4444,1809
61.4472,1799
61.4500,1786
61.4528,1767
61.4556,1719
61.4583,1692
61.4611,1718
61.4639,1765
61.4667,1751
61.4694,1711
61.4722,1693
61.4750,1690
61.4778,1674
61.4806,1675
61.4833,1681
61.4861,1714
61.4889,1749
61.4917,1751
61.4944,1770
61.4972,1812
61.5000,1846
61.5028,1858
61.5056,1834
61.5083,1796
61.5111,1761
61.5139,1730
61.5167,1715
61.5194,1715
61.5222,1707
61.5250,1720
61.5278,1719
61.5306,1706
61.5333,1697
61.5361,1681
61.5389,1683
61.5417,1704
61.5444,1746
61.5472,1738
61.5500,1706
61.5528,1685
61.5556,1673
61.5583,1655
61.5611,1656
61.5639,1671
61.5667,1706
61.5694,1758
61.5722,1801
61.5750,1775
61.5778,1733
61.5806,1702
61.5833,1702
61.5861,1732
61.5889,1780
61.5917,1834
61.5944,1871
61.5972,1863
61.6000,1832
61.6028,1812
61.6056,1782
61.6083,1774
61.6111,1760
61.6139,1742
61.6167,1735
61.6194,1743
61.6222,1723
61.6250,1701
61.6278,1686
61.6306,1678
61.6333,1681
61.6361,1677
61.6389,1683
61.6417,1723
61.6444,1732
61.6472,1757
61.6500,1775
61.6528,1772
61.6556,1762
61.6583,1739
61.6611,1737
61.6639,1763
61.6667,1774
61.6694,1758
61.6722,1723
61.6750,1726
61.6778,1752
61.6806,1795
61.6833,1817
61.6861,1795
61.6889,1767
61.6917,1727
61.6944,1676
61.6972,1645
61.7000,1659
61.7028,1685
61.7056,1703
61.7083,1706
61.7111,1703
61.7139,1700
61.7167,1703
61.7194,1707
61.7222,1674
61.7250,1641
61.7278,1632
61.7306,1638
61.7333,1635
61.7361,1614
61.7389,1641
61.7417,1754
61.7444,1839
61.7472,1876
61.7500,1843
61.7528,1778
61.7556,1754
61.7583,1752
61.7611,1764
61.7639,1748
61.7667,1683
61.7694,1632
61.7722,1645
61.7750,1723
61.7778,1852
61.7806,1978
61.7833,2149
61.7861,2307
61.7889,2460
61.7917,2634
61.7944,2856
61.7972,3009
61.8000,2994
61.8028,2796
61.8056,2442
61.8083,2068
61.8111,1793
61.8139,1634
61.8167,1592
61.8194,1613
61.8222,1672
61.8250,1734
61.8278,1787
61.8306,1802
61.8333,1784
61.8361,1701
61.8389,1597
61.8417,1519
61.8444,1521
61.8472,1595
61.8500,1649
61.8528,1679
61.8556,1704
61.8583,1671
61.8611,1598
61.8639,1546
61.8667,1546
61.8694,1561
61.8722,1571
61.8750,1582
61.8778,1568
61.8806,1567
61.8833,1572
61.8861,1613
61.8889,1647
61.8917,1656
61.8944,1665
61.8972,1664
61.9000,1636
61.9028,1632
61.9056,1624
61.9083,1620
61.9111,1647
61.9139,1696
61.9167,1736
61.9194,1762
61.9222,1742
61.9250,1688
61.9278,1631
61.9306,1602
61.9333,1573
61.9361,1579
61.9389,1630
61.9417,1705
61.9444,1740
61.9472,1726
61.9500,1683
61.9528,1625
61.9556,1588
61.9583,1579
61.9611,1585
61.9639,1597
61.9667,1626
61.9694,1649
61.9722,1675
61.9750,1686
61.9778,1695
61.9806,1688
61.9833,1680
61.9861,1688
61.9889,1733
61.9917,1752
61.9944,1785
61.9972,1792
62.0000,1822
62.0028,1841
62.0056,1843
62.0083,1836
62.0111,1800
62.0139,1766
62.0167,1734
62.0194,1725
62.0222,1748
62.0250,1757
62.0278,1750
62.0306,1721
62.0333,1685
62.0361,1641
62.0389,1628
62.0417,1658
62.0444,1692
62.0472,1719
62.0500,1715
62.0528,1720
62.0556,1720
62.0583,1682
62.0611,1623
62.0639,1601
62.0667,1597
62.0694,1601
62.0722,1620
62.0750,1623
62.0778,1636
62.0806,1623
62.0833,1605
62.0861,1604
62.0889,1625
62.0917,1644
62.0944,1671
62.0972,1682
62.1000,1673
62.1028,1665
62.1056,1646
62.1083,1636
62.1111,1653
62.1139,1675
62.1167,1686
62.1194,1711
62.1222,1704
62.1250,1713
62.1278,1727
62.1306,1727
62.1333,1702
62.1361,1664
62.1389,1612
62.1417,1608
62.1444,1619
62.1472,1685
62.1500,1748
62.1528,1760
62.1556,1725
62.1583,1672
62.1611,1648
62.1639,1630
62.1667,1601
62.1694,1583
62.1722,1588
62.1750,1597
62.1778,1607
62.1806,1614
62.1833,1610
62.1861,1617
62.1889,1658
62.1917,1699
62.1944,1706
62.1972,1704
62.2000,1669
62.2028,1668
62.2056,1685
62.2083,1702
62.2111,1671
62.2139,1622
62.2167,1577
62.2194,1559
62.2222,1566
62.2250,1579
62.2278,1604
62.2306,1617
62.2333,1633
62.2361,1648
62.2389,1645
62.2417,1648
62.2444,1640
62.2472,1645
62.2500,1633
62.2528,1637
62.2556,1641
62.2583,1641
62.2611,1623
62.2639,1592
62.2667,1578
62.2694,1585
62.2722,1608
62.2750,1617
62.2778,1620
62.2806,1610
62.2833,1578
62.2861,1585
62.2889,1598
62.2917,1643
62.2944,1693
62.2972,1716
62.3000,1714
62.3028,1664
62.3056,1606
62.3083,1553
62.3111,1527
62.3139,1546
62.3167,1607
62.3194,1657
62.3222,1699
62.3250,1719
62.3278,1716
62.3306,1685
62.3333,1631
62.3361,1598
62.3389,1577
62.3417,1588
62.3444,1608
62.3472,1664
62.3500,1715
62.3528,1724
62.3556,1670
62.3583,1591
62.3611,1547
62.3639,1542
62.3667,1571
62.3694,1610
62.3722,1622
62.3750,1592
62.3778,1556
62.3806,1514
62.3833,1497
62.3861,1497
62.3889,1517
62.3917,1532
62.3944,1545
62.3972,1547
62.4000,1542
62.4028,1557
62.4056,1563
62.4083,1554
62.4111,1536
62.4139,1525
62.4167,1510
62.4194,1506
62.4222,1522
62.4250,1564
62.4278,1617
62.4306,1645
62.4333,1656
62.4361,1656
62.4389,1619
62.4417,1585
62.4444,1517
62.4472,1453
62.4500,1425
62.4528,1456
62.4556,1510
62.4583,1550
62.4611,1564
62.4639,1550
62.4667,1492
62.4694,1426
62.4722,1358
62.4750,1405
62.4778,1569
62.4806,1761
62.4833,1960
62.4861,2133
62.4889,2272
62.4917,2424
62.4944,2611
62.4972,2790
62.5000,2878
62.5028,2782
62.5056,2483
62.5083,2075
62.5111,1691
62.5139,1428
62.5167,1337
62.5194,1375
62.5222,1438
62.5250,1514
62.5278,1556
62.5306,1564
62.5333,1533
62.5361,1477
62.5389,1422
62.5417,1374
62.5444,1344
62.5472,1341
62.5500,1368
62.5528,1355
62.5556,1354
62.5583,1346
62.5611,1350
62.5639,1362
62.5667,1367
62.5694,1360
62.5722,1370
62.5750,1396
62.5778,1391
62.5806,1372
62.5833,1363
62.5861,1355
62.5889,1331
62.5917,1354
62.5944,1392
62.5972,1418
62.6000,1415
62.6028,1400
62.6056,1397
62.6083,1402
62.6111,1410
62.6139,1436
62.6167,1436
62.6194,1424
62.6222,1406
62.6250,1400
62.6278,1389
62.6306,1363
62.6333,1355
62.6361,1343
62.6389,1366
62.6417,1362
62.6444,1379
62.6472,1392
62.6500,1410
62.6528,1441
62.6556,1482
62.6583,1457
62.6611,1406
62.6639,1372
62.6667,1391
62.6694,1402
62.6722,1400
62.6750,1413
62.6778,1435
62.6806,1446
62.6833,1459
62.6861,1459
62.6889,1458
62.6917,1464
62.6944,1492
62.6972,1515
62.7000,1514
62.7028,1519
62.7056,1549
62.7083,1557
62.7111,1574
62.7139,1549
62.7167,1540
62.7194,1517
62.7222,1490
62.7250,1459
62.7278,1417
62.7306,1397
62.7333,1394
62.7361,1424
62.7389,1445
62.7417,1470
62.7444,1470
62.7472,1458
62.7500,1442
62.7528,1410
62.7556,1414
62.7583,1423
62.7611,1446
62.7639,1446
62.7667,1430
62.7694,1398
62.7722,1370
62.7750,1350
62.7778,1367
62.7806,1369
62.7833,1349
62.7861,1343
62.7889,1354
62.7917,1395
62.7944,1403
62.7972,1393
62.8000,1384
62.8028,1373
62.8056,1409
62.8083,1438
62.8111,1462
62.8139,1449
62.8167,1428
62.8194,1432
62.8222,1432
62.8250,1447
62.8278,1461
62.8306,1469
62.8333,1449
62.8361,1393
62.8389,1345
62.8417,1304
62.8444,1314
62.8472,1370
62.8500,1453
62.8528,1500
62.8556,1505
62.8583,1495
62.8611,1468
62.8639,1419
62.8667,1401
62.8694,1427
62.8722,1449
62.8750,1441
62.8778,1420
62.8806,1410
62.8833,1412
62.8861,1422
62.8889,1431
62.8917,1454
62.8944,1492
62.8972,1507
62.9000,1522
62.9028,1499
62.9056,1451
62.9083,1416
62.9111,1407
62.9139,1432
62.9167,1441
62.9194,1446
62.9222,1451
62.9250,1467
62.9278,1466
62.9306,1437
62.9333,1418
62.9361,1403
62.9389,1371
62.9417,1340
62.9444,1353
62.9472,1418
62.9500,1474
62.9528,1478
62.9556,1464
62.9583,1430
62.9611,1434
62.9639,1463
62.9667,1497
62.9694,1519
62.9722,1518
62.9750,1491
62.9778,1451
62.9806,1389
62.9833,1359
62.9861,1379
62.9889,1434
62.9917,1487
62.9944,1518
62.9972,1530
63.0000,1520
63.0028,1478
63.0056,1441
63.0083,1425
63.0111,1429
63.0139,1426
63.0167,1405
63.0194,1407
63.0222,1453
63.0250,1514
63.0278,1580
63.0306,1648
63.0333,1672
63.0361,1626
63.0389,1562
63.0417,1522
63.0444,1514
63.0472,1539
63.0500,1512
63.0528,1475
63.0556,1491
63.0583,1534
63.0611,1571
63.0639,1598
63.0667,1607
63.0694,1607
63.0722,1604
63.0750,1600
63.0778,1585
63.0806,1548
63.0833,1516
63.0861,1501
63.0889,1534
63.0917,1571
63.0944,1606
63.0972,1631
63.1000,1615
63.1028,1575
63.1056,1526
63.1083,1511
63.1111,1487
63.1139,1472
63.1167,1469
63.1194,1491
63.1222,1519
63.1250,1537
63.1278,1547
63.1306,1532
63.1333,1510
63.1361,1509
63.1389,1526
63.1417,1549
63.1444,1521
63.1472,1488
63.1500,1493
63.1528,1516
63.1556,1542
63.1583,1539
63.1611,1556
63.1639,1564
63.1667,1594
63.1694,1658
63.1722,1686
63.1750,1668
63.1778,1619
63.1806,1583
63.1833,1573
63.1861,1611
63.1889,1626
63.1917,1582
63.1944,1508
63.1972,1449
63.2000,1443
63.2028,1534
63.2056,1697
63.2083,1850
63.2111,1969
63.2139,2067
63.2167,2192
63.2194,2358
63.2222,2559
63.2250,2765
63.2278,2890
63.2306,2845
63.2333,2591
63.2361,2196
63.2389,1876
63.2417,1668
63.2444,1587
63.2472,1592
63.2500,1610
63.2528,1620
63.2556,1646
63.2583,1684
63.2611,1707
63.2639,1689
63.2667,1656
63.2694,1624
63.2722,1581
63.2750,1542
63.2778,1499
63.2806,1472
63.2833,1464
63.2861,1451
63.2889,1450
63.2917,1466
63.2944,1491
63.2972,1553
63.3000,1626
63.3028,1625
63.3056,1582
63.3083,1573
63.3111,1619
63.3139,1644
63.3167,1655
63.3194,1625
63.3222,1582
63.3250,1558
