Tiempo(s),Valor_ADC
0.0028,1539
0.0056,1389
0.0083,1311
0.0111,1299
0.0139,1366
0.0167,1430
0.0194,1514
0.0222,1573
0.0250,1588
0.0278,1604
0.0306,1612
0.0333,1608
0.0361,1620
0.0389,1636
0.0417,1660
0.0444,1628
0.0472,1603
0.0500,1583
0.0528,1583
0.0556,1591
0.0583,1614
0.0611,1653
0.0639,1653
0.0667,1642
0.0694,1618
0.0722,1632
0.0750,1618
0.0778,1644
0.0806,1659
0.0833,1656
0.0861,1644
0.0889,1631
0.0917,1632
0.0944,1629
0.0972,1645
0.1000,1682
0.1028,1722
0.1056,1724
0.1083,1703
0.1111,1690
0.1139,1689
0.1167,1666
0.1194,1670
0.1222,1692
0.1250,1679
0.1278,1695
0.1306,1711
0.1333,1736
0.1361,1738
0.1389,1734
0.1417,1775
0.1444,1794
0.1472,1798
0.1500,1807
0.1528,1776
0.1556,1728
0.1583,1679
0.1611,1671
0.1639,1654
0.1667,1666
0.1694,1675
0.1722,1735
0.1750,1758
0.1778,1783
0.1806,1797
0.1833,1793
0.1861,1789
0.1889,1793
0.1917,1802
0.1944,1807
0.1972,1737
0.2000,1826
0.2028,1867
0.2056,1881
0.2083,1847
0.2111,1830
0.2139,1783
0.2167,1743
0.2194,1760
0.2222,1801
0.2250,1817
0.2278,1818
0.2306,1801
0.2333,1742
0.2361,1696
0.2389,1717
0.2417,1742
0.2444,1753
0.2472,1770
0.2500,1763
0.2528,1726
0.2556,1679
0.2583,1669
0.2611,1694
0.2639,1722
0.2667,1736
0.2694,1717
0.2722,1691
0.2750,1643
0.2778,1615
0.2806,1634
0.2833,1667
0.2861,1692
0.2889,1707
0.2917,1691
0.2944,1654
0.2972,1671
0.3000,1699
0.3028,1721
0.3056,1722
0.3083,1706
0.3111,1677
0.3139,1655
0.3167,1623
0.3194,1645
0.3222,1669
0.3250,1716
0.3278,1740
0.3306,1726
0.3333,1668
0.3361,1609
0.3389,1616
0.3417,1655
0.3444,1706
0.3472,1719
0.3500,1734
0.3528,1718
0.3556,1686
0.3583,1698
0.3611,1724
0.3639,1766
0.3667,1776
0.3694,1763
0.3722,1733
0.3750,1661
0.3778,1609
0.3806,1620
0.3833,1601
0.3861,1610
0.3889,1614
0.3917,1628
0.3944,1628
0.3972,1627
0.4000,1652
0.4028,1671
0.4056,1670
0.4083,1681
0.4111,1682
0.4139,1653
0.4167,1612
0.4194,1604
0.4222,1618
0.4250,1652
0.4278,1654
0.4306,1685
0.4333,1681
0.4361,1662
0.4389,1656
0.4417,1641
0.4444,1634
0.4472,1616
0.4500,1635
0.4528,1646
0.4556,1653
0.4583,1651
0.4611,1658
0.4639,1648
0.4667,1645
0.4694,1665
0.4722,1677
0.4750,1648
0.4778,1611
0.4806,1602
0.4833,1610
0.4861,1612
0.4889,1631
0.4917,1641
0.4944,1625
0.4972,1606
0.5000,1621
0.5028,1607
0.5056,1590
0.5083,1592
0.5111,1606
0.5139,1592
0.5167,1592
0.5194,1613
0.5222,1619
0.5250,1620
0.5278,1622
0.5306,1629
0.5333,1603
0.5361,1566
0.5389,1568
0.5417,1595
0.5444,1613
0.5472,1620
0.5500,1624
0.5528,1620
0.5556,1601
0.5583,1598
0.5611,1636
0.5639,1638
0.5667,1619
0.5694,1608
0.5722,1617
0.5750,1587
0.5778,1578
0.5806,1607
0.5833,1614
0.5861,1621
0.5889,1616
0.5917,1626
0.5944,1612
0.5972,1611
0.6000,1637
0.6028,1645
0.6056,1642
0.6083,1647
0.6111,1652
0.6139,1615
0.6167,1601
0.6194,1610
0.6222,1636
0.6250,1638
0.6278,1646
0.6306,1662
0.6333,1679
0.6361,1672
0.6389,1687
0.6417,1680
0.6444,1665
0.6472,1660
0.6500,1670
0.6528,1677
0.6556,1663
0.6583,1670
0.6611,1694
0.6639,1705
0.6667,1718
0.6694,1739
0.6722,1758
0.6750,1736
0.6778,1739
0.6806,1760
0.6833,1732
0.6861,1735
0.6889,1725
0.6917,1730
0.6944,1703
0.6972,1701
0.7000,1704
0.7028,1701
0.7056,1706
0.7083,1704
0.7111,1710
0.7139,1693
0.7167,1675
0.7194,1652
0.7222,1643
0.7250,1605
0.7278,1620
0.7306,1637
0.7333,1636
0.7361,1619
0.7389,1633
0.7417,1646
0.7444,1643
0.7472,1626
0.7500,1637
0.7528,1620
0.7556,1614
0.7583,1633
0.7611,1651
0.7639,1623
0.7667,1636
0.7694,1661
0.7722,1679
0.7750,1657
0.7778,1651
0.7806,1664
0.7833,1649
0.7861,1656
0.7889,1658
0.7917,1667
0.7944,1665
0.7972,1673
0.8000,1721
0.8028,1764
0.8056,1818
0.8083,1883
0.8111,1974
0.8139,2032
0.8167,2086
0.8194,2145
0.8222,2187
0.8250,2148
0.8278,2041
0.8306,1926
0.8333,1790
0.8361,1646
0.8389,1529
0.8417,1486
0.8444,1470
0.8472,1505
0.8500,1560
0.8528,1594
0.8556,1613
0.8583,1626
0.8611,1660
0.8639,1663
0.8667,1659
0.8694,1672
0.8722,1682
0.8750,1674
0.8778,1674
0.8806,1691
0.8833,1687
0.8861,1676
0.8889,1658
0.8917,1656
0.8944,1640
0.8972,1620
0.9000,1658
0.9028,1700
0.9056,1721
0.9083,1714
0.9111,1713
0.9139,1678
0.9167,1658
0.9194,1662
0.9222,1676
0.9250,1671
0.9278,1672
0.9306,1688
0.9333,1681
0.9361,1683
0.9389,1692
0.9417,1685
0.9444,1693
0.9472,1680
0.9500,1693
0.9528,1687
0.9556,1659
0.9583,1671
0.9611,1683
0.9639,1674
0.9667,1671
0.9694,1674
0.9722,1685
0.9750,1689
0.9778,1692
0.9806,1719
0.9833,1725
0.9861,1709
0.9889,1695
0.9917,1714
0.9944,1693
0.9972,1683
1.0000,1690
1.0028,1677
1.0056,1679
1.0083,1685
1.0111,1730
1.0139,1734
1.0167,1730
1.0194,1737
1.0222,1740
1.0250,1739
1.0278,1744
1.0306,1809
1.0333,1777
1.0361,1764
1.0389,1804
1.0417,1835
1.0444,1835
1.0472,1835
1.0500,1805
1.0528,1764
1.0556,1724
1.0583,1738
1.0611,1765
1.0639,1773
1.0667,1768
1.0694,1755
1.0722,1709
1.0750,1667
1.0778,1677
1.0806,1681
1.0833,1677
1.0861,1679
1.0889,1693
1.0917,1690
1.0944,1654
1.0972,1670
1.1000,1674
1.1028,1697
1.1056,1721
1.1083,1701
1.1111,1686
1.1139,1630
1.1167,1631
1.1194,1654
1.1222,1662
1.1250,1665
1.1278,1675
1.1306,1681
1.1333,1651
1.1361,1631
1.1389,1672
1.1417,1698
1.1444,1714
1.1472,1715
1.1500,1705
1.1528,1682
1.1556,1652
1.1583,1678
1.1611,1706
1.1639,1709
1.1667,1710
1.1694,1693
1.1722,1671
1.1750,1637
1.1778,1661
1.1806,1685
1.1833,1714
1.1861,1731
1.1889,1728
1.1917,1711
1.1944,1678
1.1972,1656
1.2000,1681
1.2028,1682
1.2056,1698
1.2083,1712
1.2111,1738
1.2139,1686
1.2167,1680
1.2194,1690
1.2222,1720
1.2250,1729
1.2278,1732
1.2306,1722
1.2333,1694
1.2361,1680
1.2389,1688
1.2417,1704
1.2444,1692
1.2472,1720
1.2500,1717
1.2528,1724
1.2556,1699
1.2583,1716
1.2611,1718
1.2639,1726
1.2667,1713
1.2694,1712
1.2722,1679
1.2750,1646
1.2778,1651
1.2806,1664
1.2833,1683
1.2861,1697
1.2889,1709
1.2917,1706
1.2944,1666
1.2972,1669
1.3000,1689
1.3028,1701
1.3056,1715
1.3083,1722
1.3111,1711
1.3139,1686
1.3167,1657
1.3194,1677
1.3222,1673
1.3250,1687
1.3278,1700
1.3306,1695
1.3333,1707
1.3361,1700
1.3389,1705
1.3417,1705
1.3444,1703
1.3472,1702
1.3500,1688
1.3528,1674
1.3556,1670
1.3583,1676
1.3611,1684
1.3639,1698
1.3667,1704
1.3694,1721
1.3722,1713
1.3750,1695
1.3778,1692
1.3806,1697
1.3833,1695
1.3861,1698
1.3889,1704
1.3917,1722
1.3944,1716
1.3972,1723
1.4000,1741
1.4028,1730
1.4056,1721
1.4083,1709
1.4111,1708
1.4139,1689
1.4167,1691
1.4194,1703
1.4222,1700
1.4250,1691
1.4278,1718
1.4306,1753
1.4333,1724
1.4361,1683
1.4389,1672
1.4417,1697
1.4444,1700
1.4472,1716
1.4500,1728
1.4528,1725
1.4556,1722
1.4583,1736
1.4611,1740
1.4639,1724
1.4667,1700
1.4694,1705
1.4722,1701
1.4750,1685
1.4778,1683
1.4806,1679
1.4833,1661
1.4861,1670
1.4889,1684
1.4917,1676
1.4944,1634
1.4972,1621
1.5000,1636
1.5028,1647
1.5056,1649
1.5083,1633
1.5111,1607
1.5139,1565
1.5167,1566
1.5194,1571
1.5222,1584
1.5250,1592
1.5278,1595
1.5306,1613
1.5333,1639
1.5361,1631
1.5389,1644
1.5417,1639
1.5444,1608
1.5472,1611
1.5500,1606
1.5528,1611
1.5556,1615
1.5583,1618
1.5611,1626
1.5639,1604
1.5667,1618
1.5694,1644
1.5722,1672
1.5750,1722
1.5778,1781
1.5806,1865
1.5833,1944
1.5861,2004
1.5889,2072
1.5917,2132
1.5944,2118
1.5972,2067
1.6000,1976
1.6028,1839
1.6056,1687
1.6083,1555
1.6111,1466
1.6139,1393
1.6167,1418
1.6194,1511
1.6222,1578
1.6250,1627
1.6278,1653
1.6306,1680
1.6333,1656
1.6361,1625
1.6389,1649
1.6417,1658
1.6444,1662
1.6472,1648
1.6500,1630
1.6528,1623
1.6556,1611
1.6583,1614
1.6611,1616
1.6639,1621
1.6667,1627
1.6694,1641
1.6722,1630
1.6750,1612
1.6778,1626
1.6806,1631
1.6833,1633
1.6861,1646
1.6889,1668
1.6917,1684
1.6944,1672
1.6972,1668
1.7000,1692
1.7028,1691
1.7056,1702
1.7083,1695
1.7111,1680
1.7139,1656
1.7167,1635
1.7194,1639
1.7222,1640
1.7250,1624
1.7278,1634
1.7306,1673
1.7333,1677
1.7361,1686
1.7389,1685
1.7417,1697
1.7444,1682
1.7472,1689
1.7500,1700
1.7528,1708
1.7556,1681
1.7583,1686
1.7611,1692
1.7639,1707
1.7667,1721
1.7694,1745
1.7722,1735
1.7750,1725
1.7778,1733
1.7806,1733
1.7833,1746
1.7861,1746
1.7889,1742
1.7917,1746
1.7944,1720
1.7972,1745
1.8000,1828
1.8028,1832
1.8056,1854
1.8083,1862
1.8111,1825
1.8139,1772
1.8167,1764
1.8194,1768
1.8222,1789
1.8250,1789
1.8278,1798
1.8306,1765
1.8333,1722
1.8361,1701
1.8389,1718
1.8417,1727
1.8444,1746
1.8472,1743
1.8500,1731
1.8528,1703
1.8556,1685
1.8583,1700
1.8611,1706
1.8639,1718
1.8667,1719
1.8694,1688
1.8722,1642
1.8750,1614
1.8778,1629
1.8806,1649
1.8833,1653
1.8861,1680
1.8889,1674
1.8917,1649
1.8944,1618
1.8972,1635
1.9000,1655
1.9028,1680
1.9056,1684
1.9083,1698
1.9111,1696
1.9139,1642
1.9167,1640
1.9194,1665
1.9222,1699
1.9250,1709
1.9278,1721
1.9306,1719
1.9333,1685
1.9361,1676
1.9389,1698
1.9417,1704
1.9444,1700
1.9472,1712
1.9500,1708
1.9528,1693
1.9556,1687
1.9583,1708
1.9611,1702
1.9639,1692
1.9667,1702
1.9694,1704
1.9722,1679
1.9750,1658
1.9778,1669
1.9806,1676
1.9833,1697
1.9861,1707
1.9889,1698
1.9917,1682
1.9944,1664
1.9972,1689
2.0000,1703
2.0028,1697
2.0056,1687
2.0083,1659
2.0111,1652
2.0139,1649
2.0167,1662
2.0194,1693
2.0222,1710
2.0250,1698
2.0278,1707
2.0306,1673
2.0333,1629
2.0361,1618
2.0389,1636
2.0417,1640
2.0444,1647
2.0472,1665
2.0500,1663
2.0528,1636
2.0556,1620
2.0583,1646
2.0611,1665
2.0639,1673
2.0667,1685
2.0694,1678
2.0722,1632
2.0750,1610
2.0778,1637
2.0806,1655
2.0833,1683
2.0861,1697
2.0889,1699
2.0917,1680
2.0944,1648
2.0972,1662
2.1000,1672
2.1028,1680
2.1056,1670
2.1083,1678
2.1111,1655
2.1139,1647
2.1167,1662
2.1194,1681
2.1222,1695
2.1250,1709
2.1278,1723
2.1306,1699
2.1333,1665
2.1361,1651
2.1389,1674
2.1417,1685
2.1444,1688
2.1472,1705
2.1500,1741
2.1528,1708
2.1556,1681
2.1583,1691
2.1611,1693
2.1639,1697
2.1667,1704
2.1694,1708
2.1722,1677
2.1750,1683
2.1778,1707
2.1806,1721
2.1833,1726
2.1861,1737
2.1889,1741
2.1917,1725
2.1944,1689
2.1972,1707
2.2000,1747
2.2028,1755
2.2056,1767
2.2083,1776
2.2111,1770
2.2139,1760
2.2167,1757
2.2194,1776
2.2222,1790
2.2250,1795
2.2278,1796
2.2306,1787
2.2333,1762
2.2361,1733
2.2389,1737
2.2417,1726
2.2444,1713
2.2472,1708
2.2500,1737
2.2528,1723
2.2556,1709
2.2583,1704
2.2611,1707
2.2639,1701
2.2667,1679
2.2694,1678
2.2722,1635
2.2750,1617
2.2778,1616
2.2806,1620
2.2833,1627
2.2861,1642
2.2889,1659
2.2917,1648
2.2944,1640
2.2972,1635
2.3000,1663
2.3028,1673
2.3056,1697
2.3083,1714
2.3111,1681
2.3139,1644
2.3167,1647
2.3194,1657
2.3222,1658
2.3250,1671
2.3278,1680
2.3306,1684
2.3333,1686
2.3361,1718
2.3389,1768
2.3417,1820
2.3444,1863
2.3472,1937
2.3500,1997
2.3528,2046
2.3556,2099
2.3583,2153
2.3611,2163
2.3639,2096
2.3667,2009
2.3694,1891
2.3722,1748
2.3750,1577
2.3778,1487
2.3806,1433
2.3833,1434
2.3861,1484
2.3889,1561
2.3917,1615
2.3944,1653
2.3972,1680
2.4000,1702
2.4028,1680
2.4056,1643
2.4083,1630
2.4111,1624
2.4139,1613
2.4167,1649
2.4194,1674
2.4222,1667
2.4250,1644
2.4278,1660
2.4306,1664
2.4333,1663
2.4361,1657
2.4389,1657
2.4417,1650
2.4444,1652
2.4472,1648
2.4500,1649
2.4528,1652
2.4556,1659
2.4583,1666
2.4611,1660
2.4639,1663
2.4667,1672
2.4694,1688
2.4722,1668
2.4750,1663
2.4778,1666
2.4806,1664
2.4833,1656
2.4861,1669
2.4889,1691
2.4917,1697
2.4944,1692
2.4972,1710
2.5000,1725
2.5028,1699
2.5056,1696
2.5083,1688
2.5111,1685
2.5139,1670
2.5167,1679
2.5194,1706
2.5222,1707
2.5250,1702
2.5278,1694
2.5306,1700
2.5333,1694
2.5361,1704
2.5389,1754
2.5417,1764
2.5444,1758
2.5472,1757
2.5500,1787
2.5528,1782
2.5556,1776
2.5583,1805
2.5611,1780
2.5639,1763
2.5667,1755
2.5694,1802
2.5722,1811
2.5750,1777
2.5778,1807
2.5806,1833
2.5833,1836
2.5861,1827
2.5889,1789
2.5917,1733
2.5944,1704
2.5972,1724
2.6000,1739
2.6028,1745
2.6056,1744
2.6083,1708
2.6111,1647
2.6139,1624
2.6167,1639
2.6194,1666
2.6222,1703
2.6250,1717
2.6278,1703
2.6306,1660
2.6333,1615
2.6361,1598
2.6389,1610
2.6417,1630
2.6444,1657
2.6472,1668
2.6500,1659
2.6528,1627
2.6556,1641
2.6583,1657
2.6611,1666
2.6639,1689
2.6667,1694
2.6694,1683
2.6722,1651
2.6750,1655
2.6778,1668
2.6806,1677
2.6833,1692
2.6861,1680
2.6889,1659
2.6917,1608
2.6944,1592
2.6972,1613
2.7000,1639
2.7028,1664
2.7056,1677
2.7083,1698
2.7111,1665
2.7139,1627
2.7167,1650
2.7194,1664
2.7222,1671
2.7250,1674
2.7278,1674
2.7306,1661
2.7333,1654
2.7361,1667
2.7389,1674
2.7417,1667
2.7444,1648
2.7472,1639
2.7500,1638
2.7528,1621
2.7556,1630
2.7583,1669
2.7611,1676
2.7639,1684
2.7667,1704
2.7694,1695
2.7722,1628
2.7750,1605
2.7778,1611
2.7806,1627
2.7833,1649
2.7861,1688
2.7889,1711
2.7917,1678
2.7944,1646
2.7972,1661
2.8000,1656
2.8028,1659
2.8056,1661
2.8083,1690
2.8111,1679
2.8139,1672
2.8167,1693
2.8194,1697
2.8222,1686
2.8250,1677
2.8278,1675
2.8306,1667
2.8333,1653
2.8361,1670
2.8389,1686
2.8417,1689
2.8444,1689
2.8472,1689
2.8500,1682
2.8528,1655
2.8556,1648
2.8583,1651
2.8611,1679
2.8639,1694
2.8667,1712
2.8694,1701
2.8722,1666
2.8750,1649
2.8778,1665
2.8806,1686
2.8833,1699
2.8861,1707
2.8889,1714
2.8917,1691
2.8944,1680
2.8972,1701
2.9000,1713
2.9028,1730
2.9056,1735
2.9083,1738
2.9111,1710
2.9139,1691
2.9167,1685
2.9194,1696
2.9222,1691
2.9250,1673
2.9278,1692
2.9306,1686
2.9333,1684
2.9361,1693
2.9389,1695
2.9417,1710
2.9444,1730
2.9472,1758
2.9500,1752
2.9528,1755
2.9556,1752
2.9583,1765
2.9611,1751
2.9639,1758
2.9667,1776
2.9694,1779
2.9722,1760
2.9750,1749
2.9778,1751
2.9806,1767
2.9833,1759
2.9861,1760
2.9889,1746
2.9917,1696
2.9944,1673
2.9972,1697
3.0000,1719
3.0028,1731
3.0056,1725
3.0083,1721
3.0111,1672
3.0139,1648
3.0167,1668
3.0194,1666
3.0222,1673
3.0250,1693
3.0278,1710
3.0306,1684
3.0333,1650
3.0361,1646
3.0389,1637
3.0417,1647
3.0444,1679
3.0472,1705
3.0500,1702
3.0528,1683
3.0556,1674
3.0583,1679
3.0611,1662
3.0639,1678
3.0667,1697
3.0694,1698
3.0722,1679
3.0750,1636
3.0778,1649
3.0806,1677
3.0833,1721
3.0861,1782
3.0889,1855
3.0917,1871
3.0944,1922
3.0972,1991
3.1000,2046
3.1028,2112
3.1056,2156
3.1083,2164
3.1111,2084
3.1139,1964
3.1167,1849
3.1194,1695
3.1222,1577
3.1250,1514
3.1278,1505
3.1306,1505
3.1333,1549
3.1361,1624
3.1389,1664
3.1417,1669
3.1444,1647
3.1472,1664
3.1500,1666
3.1528,1669
3.1556,1677
3.1583,1675
3.1611,1676
3.1639,1664
3.1667,1678
3.1694,1668
3.1722,1645
3.1750,1668
3.1778,1688
3.1806,1689
3.1833,1696
3.1861,1711
3.1889,1724
3.1917,1713
3.1944,1682
3.1972,1710
3.2000,1720
3.2028,1704
3.2056,1706
3.2083,1694
3.2111,1693
3.2139,1678
3.2167,1705
3.2194,1712
3.2222,1706
3.2250,1694
3.2278,1702
3.2306,1688
3.2333,1698
3.2361,1707
3.2389,1731
3.2417,1720
3.2444,1712
3.2472,1722
3.2500,1728
3.2528,1716
3.2556,1738
3.2583,1751
3.2611,1741
3.2639,1732
3.2667,1724
3.2694,1741
3.2722,1729
3.2750,1725
3.2778,1747
3.2806,1750
3.2833,1762
3.2861,1759
3.2889,1770
3.2917,1768
3.2944,1762
3.2972,1797
3.3000,1807
3.3028,1816
3.3056,1830
3.3083,1815
3.3111,1787
3.3139,1709
3.3167,1811
3.3194,1829
3.3222,1848
3.3250,1846
3.3278,1825
3.3306,1772
3.3333,1737
3.3361,1751
3.3389,1763
3.3417,1786
3.3444,1792
3.3472,1781
3.3500,1722
3.3528,1675
3.3556,1701
3.3583,1742
3.3611,1772
3.3639,1776
3.3667,1768
3.3694,1738
3.3722,1693
3.3750,1681
3.3778,1695
3.3806,1707
3.3833,1716
3.3861,1716
3.3889,1698
3.3917,1690
3.3944,1708
3.3972,1743
3.4000,1744
3.4028,1751
3.4056,1749
3.4083,1713
3.4111,1667
3.4139,1672
3.4167,1712
3.4194,1719
3.4222,1745
3.4250,1735
3.4278,1713
3.4306,1669
3.4333,1660
3.4361,1684
3.4389,1695
3.4417,1716
3.4444,1707
3.4472,1727
3.4500,1705
3.4528,1692
3.4556,1722
3.4583,1733
3.4611,1762
3.4639,1775
3.4667,1785
3.4694,1755
3.4722,1700
3.4750,1686
3.4778,1684
3.4806,1707
3.4833,1728
3.4861,1756
3.4889,1757
3.4917,1731
3.4944,1756
3.4972,1763
3.5000,1743
3.5028,1722
3.5056,1719
3.5083,1701
3.5111,1666
3.5139,1688
3.5167,1726
3.5194,1742
3.5222,1746
3.5250,1759
3.5278,1763
3.5306,1735
3.5333,1707
3.5361,1715
3.5389,1703
3.5417,1709
3.5444,1701
3.5472,1694
3.5500,1670
3.5528,1646
3.5556,1670
3.5583,1692
3.5611,1683
3.5639,1684
3.5667,1695
3.5694,1698
3.5722,1672
3.5750,1702
3.5778,1714
3.5806,1709
3.5833,1714
3.5861,1729
3.5889,1712
3.5917,1693
3.5944,1707
3.5972,1716
3.6000,1727
3.6028,1730
3.6056,1728
3.6083,1701
3.6111,1671
3.6139,1664
3.6167,1679
3.6194,1714
3.6222,1712
3.6250,1721
3.6278,1709
3.6306,1688
3.6333,1690
3.6361,1693
3.6389,1708
3.6417,1710
3.6444,1725
3.6472,1740
3.6500,1729
3.6528,1700
3.6556,1723
3.6583,1742
3.6611,1741
3.6639,1730
3.6667,1737
3.6694,1733
3.6722,1712
3.6750,1752
3.6778,1765
3.6806,1769
3.6833,1781
3.6861,1777
3.6889,1751
3.6917,1708
3.6944,1723
3.6972,1758
3.7000,1774
3.7028,1802
3.7056,1800
3.7083,1781
3.7111,1747
3.7139,1723
3.7167,1712
3.7194,1712
3.7222,1718
3.7250,1731
3.7278,1741
3.7306,1730
3.7333,1720
3.7361,1721
3.7389,1720
3.7417,1698
3.7444,1687
3.7472,1679
3.7500,1652
3.7528,1631
3.7556,1635
3.7583,1638
3.7611,1639
3.7639,1645
3.7667,1671
3.7694,1670
3.7722,1671
3.7750,1678
3.7778,1698
3.7806,1700
3.7833,1697
3.7861,1704
3.7889,1688
3.7917,1662
3.7944,1668
3.7972,1691
3.8000,1691
3.8028,1685
3.8056,1682
3.8083,1687
3.8111,1681
3.8139,1704
3.8167,1768
3.8194,1808
3.8222,1853
3.8250,1927
3.8278,1996
3.8306,2040
3.8333,2121
3.8361,2178
3.8389,2171
3.8417,2077
3.8444,1963
3.8472,1838
3.8500,1664
3.8528,1544
3.8556,1481
3.8583,1466
3.8611,1486
3.8639,1560
3.8667,1612
3.8694,1636
3.8722,1649
3.8750,1654
3.8778,1660
3.8806,1667
3.8833,1666
3.8861,1668
3.8889,1650
3.8917,1620
3.8944,1629
3.8972,1637
3.9000,1643
3.9028,1653
3.9056,1662
3.9083,1669
3.9111,1665
3.9139,1667
3.9167,1703
3.9194,1710
3.9222,1712
3.9250,1712
3.9278,1701
3.9306,1684
3.9333,1672
3.9361,1703
3.9389,1696
3.9417,1700
3.9444,1713
3.9472,1695
3.9500,1698
3.9528,1692
3.9556,1700
3.9583,1706
3.9611,1684
3.9639,1674
3.9667,1691
3.9694,1703
3.9722,1697
3.9750,1713
3.9778,1719
3.9806,1709
3.9833,1716
3.9861,1714
3.9889,1721
3.9917,1717
3.9944,1736
3.9972,1753
4.0000,1737
4.0028,1728
4.0056,1733
4.0083,1746
4.0111,1741
4.0139,1735
4.0167,1750
4.0194,1761
4.0222,1757
4.0250,1752
4.0278,1766
4.0306,1752
4.0333,1764
4.0361,1777
4.0389,1767
4.0417,1761
4.0444,1921
4.0472,1847
4.0500,1794
4.0528,1774
4.0556,1805
4.0583,1833
4.0611,1847
4.0639,1848
4.0667,1812
4.0694,1733
4.0722,1698
4.0750,1716
4.0778,1740
4.0806,1746
4.0833,1754
4.0861,1740
4.0889,1686
4.0917,1655
4.0944,1688
4.0972,1707
4.1000,1723
4.1028,1713
4.1056,1706
4.1083,1675
4.1111,1654
4.1139,1675
4.1167,1701
4.1194,1710
4.1222,1734
4.1250,1746
4.1278,1715
4.1306,1681
4.1333,1698
4.1361,1717
4.1389,1714
4.1417,1716
4.1444,1721
4.1472,1700
4.1500,1660
4.1528,1659
4.1556,1680
4.1583,1688
4.1611,1720
4.1639,1713
4.1667,1693
4.1694,1656
4.1722,1642
4.1750,1680
4.1778,1698
4.1806,1717
4.1833,1740
4.1861,1729
4.1889,1694
4.1917,1657
4.1944,1667
4.1972,1668
4.2000,1677
4.2028,1683
4.2056,1691
4.2083,1678
4.2111,1647
4.2139,1661
4.2167,1693
4.2194,1701
4.2222,1721
4.2250,1723
4.2278,1697
4.2306,1665
4.2333,1661
4.2361,1689
4.2389,1691
4.2417,1685
4.2444,1677
4.2472,1686
4.2500,1647
4.2528,1663
4.2556,1686
4.2583,1694
4.2611,1694
4.2639,1706
4.2667,1697
4.2694,1657
4.2722,1656
4.2750,1673
4.2778,1701
4.2806,1701
4.2833,1705
4.2861,1706
4.2889,1663
4.2917,1636
4.2944,1659
4.2972,1682
4.3000,1691
4.3028,1691
4.3056,1683
4.3083,1663
4.3111,1622
4.3139,1651
4.3167,1681
4.3194,1687
4.3222,1693
4.3250,1708
4.3278,1702
4.3306,1672
4.3333,1663
4.3361,1686
4.3389,1684
4.3417,1680
4.3444,1685
4.3472,1669
4.3500,1648
4.3528,1655
4.3556,1677
4.3583,1690
4.3611,1699
4.3639,1711
4.3667,1740
4.3694,1691
4.3722,1681
4.3750,1688
4.3778,1702
4.3806,1712
4.3833,1728
4.3861,1730
4.3889,1722
4.3917,1701
4.3944,1700
4.3972,1706
4.4000,1713
4.4028,1735
4.4056,1744
4.4083,1738
4.4111,1721
4.4139,1738
4.4167,1763
4.4194,1768
4.4222,1763
4.4250,1779
4.4278,1770
4.4306,1748
4.4333,1746
4.4361,1715
4.4389,1695
4.4417,1689
4.4444,1711
4.4472,1715
4.4500,1703
4.4528,1678
4.4556,1682
4.4583,1676
4.4611,1670
4.4639,1685
4.4667,1684
4.4694,1655
4.4722,1655
4.4750,1659
4.4778,1670
4.4806,1674
4.4833,1686
4.4861,1694
4.4889,1679
4.4917,1669
4.4944,1692
4.4972,1694
4.5000,1701
4.5028,1696
4.5056,1707
4.5083,1708
4.5111,1692
4.5139,1693
4.5167,1705
4.5194,1702
4.5222,1700
4.5250,1713
4.5278,1697
4.5306,1697
4.5333,1734
4.5361,1795
4.5389,1829
4.5417,1885
4.5444,1942
4.5472,1994
4.5500,2038
4.5528,2109
4.5556,2183
4.5583,2190
4.5611,2128
4.5639,2016
4.5667,1876
4.5694,1742
4.5722,1604
4.5750,1523
4.5778,1469
4.5806,1478
4.5833,1548
4.5861,1613
4.5889,1659
4.5917,1671
4.5944,1689
4.5972,1685
4.6000,1674
4.6028,1677
4.6056,1679
4.6083,1669
4.6111,1666
4.6139,1675
4.6167,1695
4.6194,1697
4.6222,1687
4.6250,1685
4.6278,1692
4.6306,1681
4.6333,1685
4.6361,1695
4.6389,1694
4.6417,1688
4.6444,1685
4.6472,1697
4.6500,1701
4.6528,1718
4.6556,1729
4.6583,1731
4.6611,1707
4.6639,1698
4.6667,1694
4.6694,1667
4.6722,1657
4.6750,1667
4.6778,1674
4.6806,1683
4.6833,1702
4.6861,1715
4.6889,1701
4.6917,1695
4.6944,1709
4.6972,1717
4.7000,1717
4.7028,1694
4.7056,1720
4.7083,1722
4.7111,1716
4.7139,1741
4.7167,1729
4.7194,1708
4.7222,1709
4.7250,1722
4.7278,1738
4.7306,1726
4.7333,1737
4.7361,1757
4.7389,1750
4.7417,1749
4.7444,1761
4.7472,1775
4.7500,1773
4.7528,1773
4.7556,1777
4.7583,1783
4.7611,1767
4.7639,1894
4.7667,1835
4.7694,1786
4.7722,1781
4.7750,1809
4.7778,1824
4.7806,1830
4.7833,1814
4.7861,1780
4.7889,1751
4.7917,1722
4.7944,1739
4.7972,1767
4.8000,1778
4.8028,1787
4.8056,1740
4.8083,1682
4.8111,1650
4.8139,1683
4.8167,1691
4.8194,1722
4.8222,1726
4.8250,1718
4.8278,1668
4.8306,1639
4.8333,1660
4.8361,1705
4.8389,1709
4.8417,1716
4.8444,1715
4.8472,1683
4.8500,1634
4.8528,1656
4.8556,1693
4.8583,1702
4.8611,1722
4.8639,1721
4.8667,1693
4.8694,1648
4.8722,1663
4.8750,1701
4.8778,1709
4.8806,1731
4.8833,1746
4.8861,1728
4.8889,1695
4.8917,1679
4.8944,1694
4.8972,1693
4.9000,1700
4.9028,1719
4.9056,1713
4.9083,1686
4.9111,1672
4.9139,1694
4.9167,1695
4.9194,1712
4.9222,1727
4.9250,1730
4.9278,1689
4.9306,1660
4.9333,1692
4.9361,1702
4.9389,1703
4.9417,1705
4.9444,1726
4.9472,1702
4.9500,1671
4.9528,1694
4.9556,1716
4.9583,1734
4.9611,1738
4.9639,1734
4.9667,1719
4.9694,1691
4.9722,1702
4.9750,1722
4.9778,1731
4.9806,1733
4.9833,1741
4.9861,1727
4.9889,1699
4.9917,1692
4.9944,1721
4.9972,1726
5.0000,1741
5.0028,1748
5.0056,1743
5.0083,1701
5.0111,1688
5.0139,1688
5.0167,1711
5.0194,1721
5.0222,1727
5.0250,1719
5.0278,1681
5.0306,1675
5.0333,1683
5.0361,1702
5.0389,1697
5.0417,1716
5.0444,1714
5.0472,1698
5.0500,1680
5.0528,1690
5.0556,1707
5.0583,1705
5.0611,1715
5.0639,1719
5.0667,1701
5.0694,1684
5.0722,1704
5.0750,1724
5.0778,1720
5.0806,1712
5.0833,1703
5.0861,1703
5.0889,1670
5.0917,1671
5.0944,1690
5.0972,1709
5.1000,1710
5.1028,1699
5.1056,1712
5.1083,1698
5.1111,1680
5.1139,1695
5.1167,1710
5.1194,1724
5.1222,1727
5.1250,1735
5.1278,1706
5.1306,1680
5.1333,1685
5.1361,1702
5.1389,1708
5.1417,1744
5.1444,1755
5.1472,1753
5.1500,1728
5.1528,1738
5.1556,1727
5.1583,1731
5.1611,1752
5.1639,1767
5.1667,1773
5.1694,1755
5.1722,1765
5.1750,1766
5.1778,1748
5.1806,1724
5.1833,1715
5.1861,1703
5.1889,1668
5.1917,1668
5.1944,1677
5.1972,1697
5.2000,1686
5.2028,1692
5.2056,1687
5.2083,1664
5.2111,1656
5.2139,1681
5.2167,1700
5.2194,1696
5.2222,1700
5.2250,1697
5.2278,1648
5.2306,1629
5.2333,1639
5.2361,1628
5.2389,1627
5.2417,1643
5.2444,1662
5.2472,1660
5.2500,1624
5.2528,1645
5.2556,1672
5.2583,1672
5.2611,1684
5.2639,1697
5.2667,1706
5.2694,1671
5.2722,1660
5.2750,1675
5.2778,1690
5.2806,1712
5.2833,1775
5.2861,1819
5.2889,1863
5.2917,1914
5.2944,1975
5.2972,2032
5.3000,2106
5.3028,2165
5.3056,2172
5.3083,2103
5.3111,2008
5.3139,1882
5.3167,1751
5.3194,1590
5.3222,1504
5.3250,1467
5.3278,1475
5.3306,1522
5.3333,1583
5.3361,1618
5.3389,1657
5.3417,1686
5.3444,1689
5.3472,1693
5.3500,1661
5.3528,1683
5.3556,1691
5.3583,1676
5.3611,1654
5.3639,1668
5.3667,1654
5.3694,1631
5.3722,1668
5.3750,1691
5.3778,1693
5.3806,1685
5.3833,1682
5.3861,1666
5.3889,1661
5.3917,1657
5.3944,1680
5.3972,1688
5.4000,1691
5.4028,1689
5.4056,1684
5.4083,1656
5.4111,1636
5.4139,1669
5.4167,1673
5.4194,1686
5.4222,1697
5.4250,1721
5.4278,1705
5.4306,1703
5.4333,1718
5.4361,1713
5.4389,1692
5.4417,1695
5.4444,1695
5.4472,1694
5.4500,1688
5.4528,1710
5.4556,1718
5.4583,1699
5.4611,1701
5.4639,1695
5.4667,1691
5.4694,1672
5.4722,1697
5.4750,1701
5.4778,1710
5.4806,1721
5.4833,1745
5.4861,1758
5.4889,1735
5.4917,1718
5.4944,1737
5.4972,1740
5.5000,1734
5.5028,1748
5.5056,1744
5.5083,1745
5.5111,1724
5.5139,1817
5.5167,1817
5.5194,1829
5.5222,1829
5.5250,1802
5.5278,1762
5.5306,1745
5.5333,1774
5.5361,1792
5.5389,1793
5.5417,1775
5.5444,1751
5.5472,1681
5.5500,1645
5.5528,1642
5.5556,1664
5.5583,1661
5.5611,1645
5.5639,1644
5.5667,1617
5.5694,1592
5.5722,1626
5.5750,1648
5.5778,1665
5.5806,1667
5.5833,1672
5.5861,1633
5.5889,1604
5.5917,1611
5.5944,1660
5.5972,1682
5.6000,1687
5.6028,1684
5.6056,1648
5.6083,1605
5.6111,1613
5.6139,1638
5.6167,1649
5.6194,1665
5.6222,1679
5.6250,1684
5.6278,1655
5.6306,1654
5.6333,1654
5.6361,1643
5.6389,1664
5.6417,1666
5.6444,1669
5.6472,1657
5.6500,1633
5.6528,1659
5.6556,1683
5.6583,1699
5.6611,1699
5.6639,1699
5.6667,1658
5.6694,1617
5.6722,1635
5.6750,1661
5.6778,1680
5.6806,1705
5.6833,1715
5.6861,1668
5.6889,1646
5.6917,1639
5.6944,1634
5.6972,1652
5.7000,1665
5.7028,1682
5.7056,1669
5.7083,1634
5.7111,1618
5.7139,1623
5.7167,1635
5.7194,1652
5.7222,1674
5.7250,1661
5.7278,1619
5.7306,1627
5.7333,1653
5.7361,1685
5.7389,1668
5.7417,1652
5.7444,1651
5.7472,1603
5.7500,1595
5.7528,1613
5.7556,1647
5.7583,1664
5.7611,1670
5.7639,1651
5.7667,1629
5.7694,1601
5.7722,1637
5.7750,1676
5.7778,1695
5.7806,1698
5.7833,1702
5.7861,1665
5.7889,1632
5.7917,1650
5.7944,1673
5.7972,1684
5.8000,1681
5.8028,1688
5.8056,1674
5.8083,1637
5.8111,1623
5.8139,1638
5.8167,1657
5.8194,1665
5.8222,1683
5.8250,1679
5.8278,1649
5.8306,1644
5.8333,1657
5.8361,1647
5.8389,1644
5.8417,1665
5.8444,1682
5.8472,1674
5.8500,1654
5.8528,1653
5.8556,1653
5.8583,1646
5.8611,1651
5.8639,1670
5.8667,1661
5.8694,1638
5.8722,1651
5.8750,1649
5.8778,1649
5.8806,1632
5.8833,1630
5.8861,1613
5.8889,1606
5.8917,1629
5.8944,1647
5.8972,1643
5.9000,1637
5.9028,1651
5.9056,1633
5.9083,1596
5.9111,1589
5.9139,1613
5.9167,1624
5.9194,1637
5.9222,1670
5.9250,1682
5.9278,1689
5.9306,1701
5.9333,1712
5.9361,1699
5.9389,1694
5.9417,1674
5.9444,1689
5.9472,1665
5.9500,1663
5.9528,1693
5.9556,1711
5.9583,1735
5.9611,1730
5.9639,1705
5.9667,1676
5.9694,1650
5.9722,1686
5.9750,1715
5.9778,1733
5.9806,1737
5.9833,1738
5.9861,1713
5.9889,1696
5.9917,1700
5.9944,1692
5.9972,1668
6.0000,1675
6.0028,1686
6.0056,1674
6.0083,1667
6.0111,1686
6.0139,1699
6.0167,1668
6.0194,1643
6.0222,1658
6.0250,1659
6.0278,1627
6.0306,1619
6.0333,1622
6.0361,1637
6.0389,1649
6.0417,1687
6.0444,1686
6.0472,1669
6.0500,1655
6.0528,1662
6.0556,1655
6.0583,1634
6.0611,1647
6.0639,1680
6.0667,1683
6.0694,1691
6.0722,1707
6.0750,1692
6.0778,1661
6.0806,1644
6.0833,1658
6.0861,1670
6.0889,1680
6.0917,1737
6.0944,1806
6.0972,1847
6.1000,1896
6.1028,1967
6.1056,2035
6.1083,2077
6.1111,2146
6.1139,2184
6.1167,2158
6.1194,2086
6.1222,1981
6.1250,1837
6.1278,1678
6.1306,1547
6.1333,1514
6.1361,1508
6.1389,1536
6.1417,1589
6.1444,1654
6.1472,1676
6.1500,1682
6.1528,1731
6.1556,1715
6.1583,1698
6.1611,1687
6.1639,1700
6.1667,1673
6.1694,1690
6.1722,1711
6.1750,1704
6.1778,1694
6.1806,1719
6.1833,1727
6.1861,1701
6.1889,1697
6.1917,1697
6.1944,1695
6.1972,1670
6.2000,1673
6.2028,1680
6.2056,1686
6.2083,1686
6.2111,1697
6.2139,1711
6.2167,1706
6.2194,1696
6.2222,1699
6.2250,1696
6.2278,1707
6.2306,1724
6.2333,1773
6.2361,1784
6.2389,1763
6.2417,1729
6.2444,1734
6.2472,1693
6.2500,1712
6.2528,1717
6.2556,1749
6.2583,1741
6.2611,1758
6.2639,1764
6.2667,1744
6.2694,1724
6.2722,1728
6.2750,1744
6.2778,1719
6.2806,1724
6.2833,1751
6.2861,1766
6.2889,1763
6.2917,1777
6.2944,1795
6.2972,1796
6.3000,1791
6.3028,1785
6.3056,1772
6.3083,1749
6.3111,1754
6.3139,1794
6.3167,1803
6.3194,1809
6.3222,1909
6.3250,1883
6.3278,1839
6.3306,1824
6.3333,1826
6.3361,1836
6.3389,1828
6.3417,1833
6.3444,1800
6.3472,1751
6.3500,1745
6.3528,1767
6.3556,1780
6.3583,1764
6.3611,1779
6.3639,1748
6.3667,1700
6.3694,1698
6.3722,1715
6.3750,1727
6.3778,1735
6.3806,1726
6.3833,1707
6.3861,1657
6.3889,1642
6.3917,1673
6.3944,1712
6.3972,1744
6.4000,1763
6.4028,1732
6.4056,1673
6.4083,1624
6.4111,1628
6.4139,1652
6.4167,1671
6.4194,1695
6.4222,1708
6.4250,1684
6.4278,1651
6.4306,1656
6.4333,1683
6.4361,1697
6.4389,1724
6.4417,1730
6.4444,1711
6.4472,1668
6.4500,1665
6.4528,1680
6.4556,1695
6.4583,1725
6.4611,1735
6.4639,1729
6.4667,1680
6.4694,1657
6.4722,1678
6.4750,1704
6.4778,1715
6.4806,1738
6.4833,1741
6.4861,1704
6.4889,1692
6.4917,1702
6.4944,1712
6.4972,1709
6.5000,1711
6.5028,1709
6.5056,1691
6.5083,1681
6.5111,1707
6.5139,1720
6.5167,1723
6.5194,1731
6.5222,1720
6.5250,1699
6.5278,1677
6.5306,1690
6.5333,1709
6.5361,1691
6.5389,1697
6.5417,1713
6.5444,1720
6.5472,1703
6.5500,1715
6.5528,1740
6.5556,1740
6.5583,1730
6.5611,1720
6.5639,1700
6.5667,1669
6.5694,1680
6.5722,1720
6.5750,1735
6.5778,1717
6.5806,1711
6.5833,1695
6.5861,1688
6.5889,1689
6.5917,1730
6.5944,1750
6.5972,1750
6.6000,1744
6.6028,1735
6.6056,1710
6.6083,1706
6.6111,1722
6.6139,1727
6.6167,1729
6.6194,1717
6.6222,1725
6.6250,1706
6.6278,1700
6.6306,1706
6.6333,1694
6.6361,1693
6.6389,1701
6.6417,1722
6.6444,1709
6.6472,1722
6.6500,1733
6.6528,1731
6.6556,1724
6.6583,1708
6.6611,1719
6.6639,1707
6.6667,1682
6.6694,1700
6.6722,1723
6.6750,1739
6.6778,1760
6.6806,1790
6.6833,1774
6.6861,1735
6.6889,1713
6.6917,1742
6.6944,1747
6.6972,1748
6.7000,1766
6.7028,1782
6.7056,1767
6.7083,1758
6.7111,1797
6.7139,1805
6.7167,1789
6.7194,1786
6.7222,1802
6.7250,1791
6.7278,1772
6.7306,1766
6.7333,1759
6.7361,1763
6.7389,1746
6.7417,1759
6.7444,1758
6.7472,1739
6.7500,1737
6.7528,1735
6.7556,1732
6.7583,1713
6.7611,1729
6.7639,1733
6.7667,1697
6.7694,1678
6.7722,1682
6.7750,1656
6.7778,1641
6.7806,1660
6.7833,1686
6.7861,1690
6.7889,1699
6.7917,1702
6.7944,1709
6.7972,1708
6.8000,1712
6.8028,1710
6.8056,1695
6.8083,1684
6.8111,1680
6.8139,1687
6.8167,1690
6.8194,1692
6.8222,1717
6.8250,1706
6.8278,1701
6.8306,1748
6.8333,1795
6.8361,1844
6.8389,1904
6.8417,1966
6.8444,2043
6.8472,2090
6.8500,2172
6.8528,2202
6.8556,2185
6.8583,2099
6.8611,1984
6.8639,1838
6.8667,1674
6.8694,1560
6.8722,1521
6.8750,1493
6.8778,1535
6.8806,1598
6.8833,1650
6.8861,1653
6.8889,1674
6.8917,1706
6.8944,1714
6.8972,1699
6.9000,1713
6.9028,1730
6.9056,1707
6.9083,1701
6.9111,1704
6.9139,1701
6.9167,1685
6.9194,1704
6.9222,1721
6.9250,1722
6.9278,1706
6.9306,1706
6.9333,1708
6.9361,1698
6.9389,1699
6.9417,1718
6.9444,1723
6.9472,1711
6.9500,1723
6.9528,1749
6.9556,1734
6.9583,1730
6.9611,1727
6.9639,1726
6.9667,1696
6.9694,1707
6.9722,1730
6.9750,1738
6.9778,1739
6.9806,1751
6.9833,1767
6.9861,1750
6.9889,1719
6.9917,1747
6.9944,1748
6.9972,1747
7.0000,1759
7.0028,1781
7.0056,1774
7.0083,1748
7.0111,1746
7.0139,1718
7.0167,1721
7.0194,1732
7.0222,1747
7.0250,1757
7.0278,1765
7.0306,1774
7.0333,1788
7.0361,1762
7.0389,1760
7.0417,1778
7.0444,1782
7.0472,1777
7.0500,1802
7.0528,1809
7.0556,1792
7.0583,1783
7.0611,1891
7.0639,1860
7.0667,1836
7.0694,1833
7.0722,1851
7.0750,1857
7.0778,1834
7.0806,1812
7.0833,1773
7.0861,1754
7.0889,1759
7.0917,1784
7.0944,1787
7.0972,1793
7.1000,1775
7.1028,1741
7.1056,1698
7.1083,1690
7.1111,1705
7.1139,1716
7.1167,1710
7.1194,1707
7.1222,1689
7.1250,1649
7.1278,1633
7.1306,1660
7.1333,1678
7.1361,1703
7.1389,1708
7.1417,1700
7.1444,1660
7.1472,1627
7.1500,1644
7.1528,1670
7.1556,1689
7.1583,1695
7.1611,1714
7.1639,1682
7.1667,1652
7.1694,1668
7.1722,1703
7.1750,1721
7.1778,1724
7.1806,1727
7.1833,1691
7.1861,1655
7.1889,1657
7.1917,1684
7.1944,1705
7.1972,1711
7.2000,1726
7.2028,1722
7.2056,1682
7.2083,1665
7.2111,1706
7.2139,1709
7.2167,1725
7.2194,1734
7.2222,1737
7.2250,1705
7.2278,1695
7.2306,1703
7.2333,1723
7.2361,1732
7.2389,1754
7.2417,1752
7.2444,1715
7.2472,1673
7.2500,1686
7.2528,1710
7.2556,1716
7.2583,1726
7.2611,1739
7.2639,1732
7.2667,1717
7.2694,1704
7.2722,1724
7.2750,1723
7.2778,1732
7.2806,1745
7.2833,1724
7.2861,1700
7.2889,1706
7.2917,1723
7.2944,1727
7.2972,1732
7.3000,1739
7.3028,1715
7.3056,1694
7.3083,1673
7.3111,1706
7.3139,1735
7.3167,1736
7.3194,1743
7.3222,1747
7.3250,1708
7.3278,1705
7.3306,1724
7.3333,1737
7.3361,1725
7.3389,1741
7.3417,1746
7.3444,1731
7.3472,1708
7.3500,1735
7.3528,1755
7.3556,1757
7.3583,1746
7.3611,1732
7.3639,1702
7.3667,1671
7.3694,1698
7.3722,1725
7.3750,1736
7.3778,1743
7.3806,1740
7.3833,1732
7.3861,1724
7.3889,1728
7.3917,1740
7.3944,1734
7.3972,1732
7.4000,1750
7.4028,1756
7.4056,1715
7.4083,1724
7.4111,1747
7.4139,1778
7.4167,1776
7.4194,1796
7.4222,1788
7.4250,1758
7.4278,1752
7.4306,1766
7.4333,1764
7.4361,1769
7.4389,1771
7.4417,1800
7.4444,1774
7.4472,1760
7.4500,1763
7.4528,1775
7.4556,1786
7.4583,1791
7.4611,1803
7.4639,1793
7.4667,1774
7.4694,1800
7.4722,1807
7.4750,1801
7.4778,1800
7.4806,1775
7.4833,1729
7.4861,1699
7.4889,1698
7.4917,1713
7.4944,1733
7.4972,1720
7.5000,1724
7.5028,1703
7.5056,1661
7.5083,1669
7.5111,1687
7.5139,1671
7.5167,1659
7.5194,1668
7.5222,1671
7.5250,1656
7.5278,1655
7.5306,1666
7.5333,1670
7.5361,1663
7.5389,1678
7.5417,1680
7.5444,1670
7.5472,1664
7.5500,1692
7.5528,1690
7.5556,1679
7.5583,1668
7.5611,1679
7.5639,1671
7.5667,1644
7.5694,1667
7.5722,1689
7.5750,1698
7.5778,1712
7.5806,1764
7.5833,1795
7.5861,1838
7.5889,1893
7.5917,1978
7.5944,2051
7.5972,2122
7.6000,2189
7.6028,2195
7.6056,2099
7.6083,1985
7.6111,1838
7.6139,1676
7.6167,1552
7.6194,1477
7.6222,1454
7.6250,1469
7.6278,1523
7.6306,1609
7.6333,1646
7.6361,1671
7.6389,1685
7.6417,1704
7.6444,1670
7.6472,1653
7.6500,1650
7.6528,1643
7.6556,1644
7.6583,1637
7.6611,1651
7.6639,1641
7.6667,1618
7.6694,1627
7.6722,1641
7.6750,1639
7.6778,1645
7.6806,1664
7.6833,1663
7.6861,1635
7.6889,1653
7.6917,1666
7.6944,1669
7.6972,1667
7.7000,1677
7.7028,1667
7.7056,1657
7.7083,1664
7.7111,1657
7.7139,1660
7.7167,1656
7.7194,1661
7.7222,1666
7.7250,1651
7.7278,1656
7.7306,1671
7.7333,1689
7.7361,1687
7.7389,1673
7.7417,1695
7.7444,1689
7.7472,1671
7.7500,1686
7.7528,1695
7.7556,1694
7.7583,1701
7.7611,1716
7.7639,1718
7.7667,1710
7.7694,1718
7.7722,1726
7.7750,1714
7.7778,1702
7.7806,1723
7.7833,1735
7.7861,1741
7.7889,1761
7.7917,1764
7.7944,1760
7.7972,1757
7.8000,1752
7.8028,1764
7.8056,1754
7.8083,1717
7.8111,1797
7.8139,1799
7.8167,1810
7.8194,1825
7.8222,1798
7.8250,1748
7.8278,1745
7.8306,1776
7.8333,1784
7.8361,1787
7.8389,1783
7.8417,1761
7.8444,1707
7.8472,1695
7.8500,1701
7.8528,1720
7.8556,1720
7.8583,1707
7.8611,1708
7.8639,1653
7.8667,1644
7.8694,1664
7.8722,1695
7.8750,1714
7.8778,1710
7.8806,1702
7.8833,1662
7.8861,1625
7.8889,1633
7.8917,1672
7.8944,1682
7.8972,1728
7.9000,1721
7.9028,1670
7.9056,1629
7.9083,1626
7.9111,1661
7.9139,1673
7.9167,1694
7.9194,1701
7.9222,1675
7.9250,1638
7.9278,1658
7.9306,1685
7.9333,1694
7.9361,1697
7.9389,1694
7.9417,1699
7.9444,1661
7.9472,1666
7.9500,1691
7.9528,1692
7.9556,1703
7.9583,1702
7.9611,1710
7.9639,1657
7.9667,1630
7.9694,1653
7.9722,1677
7.9750,1688
7.9778,1698
7.9806,1696
7.9833,1684
7.9861,1653
7.9889,1661
7.9917,1679
7.9944,1682
7.9972,1687
8.0000,1688
8.0028,1679
8.0056,1658
8.0083,1657
8.0111,1654
8.0139,1679
8.0167,1681
8.0194,1695
8.0222,1683
8.0250,1660
8.0278,1655
8.0306,1674
8.0333,1665
8.0361,1667
8.0389,1668
8.0417,1671
8.0444,1626
8.0472,1638
8.0500,1660
8.0528,1672
8.0556,1672
8.0583,1674
8.0611,1670
8.0639,1640
8.0667,1624
8.0694,1655
8.0722,1669
8.0750,1683
8.0778,1701
8.0806,1695
8.0833,1675
8.0861,1658
8.0889,1672
8.0917,1685
8.0944,1676
8.0972,1675
8.1000,1671
8.1028,1647
8.1056,1642
8.1083,1663
8.1111,1691
8.1139,1699
8.1167,1715
8.1194,1717
8.1222,1683
8.1250,1661
8.1278,1654
8.1306,1659
8.1333,1656
8.1361,1662
8.1389,1688
8.1417,1693
8.1444,1646
8.1472,1648
8.1500,1676
8.1528,1684
8.1556,1692
8.1583,1705
8.1611,1701
8.1639,1687
8.1667,1667
8.1694,1684
8.1722,1684
8.1750,1677
8.1778,1679
8.1806,1706
8.1833,1683
8.1861,1682
8.1889,1701
8.1917,1718
8.1944,1714
8.1972,1715
8.2000,1713
8.2028,1707
8.2056,1687
8.2083,1688
8.2111,1707
8.2139,1698
8.2167,1703
8.2194,1720
8.2222,1713
8.2250,1681
8.2278,1698
8.2306,1705
8.2333,1710
8.2361,1715
8.2389,1732
8.2417,1734
8.2444,1717
8.2472,1728
8.2500,1747
8.2528,1728
8.2556,1727
8.2583,1741
8.2611,1754
8.2639,1731
8.2667,1727
8.2694,1747
8.2722,1766
8.2750,1764
8.2778,1771
8.2806,1772
8.2833,1762
8.2861,1764
8.2889,1803
8.2917,1806
8.2944,1780
8.2972,1758
8.3000,1751
8.3028,1732
8.3056,1706
8.3083,1700
8.3111,1715
8.3139,1721
8.3167,1712
8.3194,1725
8.3222,1709
8.3250,1662
8.3278,1664
8.3306,1672
8.3333,1661
8.3361,1638
8.3389,1658
8.3417,1661
8.3444,1636
8.3472,1619
8.3500,1617
8.3528,1628
8.3556,1636
8.3583,1656
8.3611,1671
8.3639,1667
8.3667,1673
8.3694,1686
8.3722,1693
8.3750,1667
8.3778,1680
8.3806,1687
8.3833,1690
8.3861,1680
8.3889,1694
8.3917,1678
8.3944,1678
8.3972,1696
8.4000,1730
8.4028,1721
8.4056,1734
8.4083,1779
8.4111,1836
8.4139,1884
8.4167,1948
8.4194,2032
8.4222,2089
8.4250,2151
8.4278,2205
8.4306,2209
8.4333,2106
8.4361,1978
8.4389,1858
8.4417,1734
8.4444,1604
8.4472,1511
8.4500,1494
8.4528,1494
8.4556,1536
8.4583,1588
8.4611,1643
8.4639,1663
8.4667,1673
8.4694,1690
8.4722,1699
8.4750,1686
8.4778,1685
8.4806,1676
8.4833,1654
8.4861,1626
8.4889,1639
8.4917,1638
8.4944,1634
8.4972,1647
8.5000,1654
8.5028,1644
8.5056,1636
8.5083,1669
8.5111,1676
8.5139,1671
8.5167,1677
8.5194,1700
8.5222,1708
8.5250,1687
8.5278,1676
8.5306,1686
8.5333,1685
8.5361,1677
8.5389,1689
8.5417,1683
8.5444,1669
8.5472,1684
8.5500,1694
8.5528,1696
8.5556,1686
8.5583,1687
8.5611,1694
8.5639,1692
8.5667,1679
8.5694,1693
8.5722,1702
8.5750,1710
8.5778,1712
8.5806,1728
8.5833,1738
8.5861,1723
8.5889,1724
8.5917,1712
8.5944,1684
8.5972,1694
8.6000,1704
8.6028,1702
8.6056,1699
8.6083,1716
8.6111,1730
8.6139,1731
8.6167,1740
8.6194,1766
8.6222,1758
8.6250,1739
8.6278,1735
8.6306,1734
8.6333,1738
8.6361,1941
8.6389,1847
8.6417,1825
8.6444,1795
8.6472,1800
8.6500,1819
8.6528,1828
8.6556,1821
8.6583,1796
8.6611,1762
8.6639,1710
8.6667,1693
8.6694,1720
8.6722,1734
8.6750,1752
8.6778,1738
8.6806,1719
8.6833,1683
8.6861,1663
8.6889,1676
8.6917,1695
8.6944,1697
8.6972,1686
8.7000,1663
8.7028,1627
8.7056,1620
8.7083,1642
8.7111,1671
8.7139,1688
8.7167,1700
8.7194,1695
8.7222,1662
8.7250,1620
8.7278,1639
8.7306,1657
8.7333,1668
8.7361,1677
8.7389,1682
8.7417,1656
8.7444,1626
8.7472,1650
8.7500,1681
8.7528,1705
8.7556,1718
8.7583,1720
8.7611,1684
8.7639,1630
8.7667,1619
8.7694,1647
8.7722,1658
8.7750,1684
8.7778,1698
8.7806,1703
8.7833,1662
8.7861,1661
8.7889,1692
8.7917,1694
8.7944,1694
8.7972,1704
8.8000,1701
8.8028,1670
8.8056,1657
8.8083,1671
8.8111,1673
8.8139,1688
8.8167,1690
8.8194,1700
8.8222,1671
8.8250,1656
8.8278,1651
8.8306,1679
8.8333,1688
8.8361,1692
8.8389,1706
8.8417,1669
8.8444,1639
8.8472,1643
8.8500,1668
8.8528,1664
8.8556,1670
8.8583,1676
8.8611,1663
8.8639,1653
8.8667,1649
8.8694,1663
8.8722,1676
8.8750,1669
8.8778,1670
8.8806,1684
8.8833,1652
8.8861,1648
8.8889,1670
8.8917,1674
8.8944,1674
8.8972,1685
8.9000,1695
8.9028,1665
8.9056,1637
8.9083,1645
8.9111,1647
8.9139,1650
8.9167,1651
8.9194,1674
8.9222,1646
8.9250,1639
8.9278,1638
8.9306,1643
8.9333,1639
8.9361,1645
8.9389,1686
8.9417,1687
8.9444,1679
8.9472,1675
8.9500,1690
8.9528,1685
8.9556,1686
8.9583,1690
8.9611,1682
8.9639,1667
8.9667,1678
8.9694,1693
8.9722,1692
8.9750,1696
8.9778,1713
8.9806,1713
8.9833,1702
8.9861,1681
8.9889,1701
8.9917,1703
8.9944,1694
8.9972,1686
9.0000,1685
9.0028,1664
9.0056,1658
9.0083,1692
9.0111,1696
9.0139,1695
9.0167,1690
9.0194,1700
9.0222,1691
9.0250,1684
9.0278,1684
9.0306,1692
9.0333,1691
9.0361,1688
9.0389,1703
9.0417,1705
9.0444,1694
9.0472,1726
9.0500,1743
9.0528,1747
9.0556,1739
9.0583,1733
9.0611,1715
9.0639,1706
9.0667,1719
9.0694,1729
9.0722,1738
9.0750,1730
9.0778,1737
9.0806,1747
9.0833,1728
9.0861,1737
9.0889,1757
9.0917,1764
9.0944,1764
9.0972,1772
9.1000,1779
9.1028,1763
9.1056,1753
9.1083,1766
9.1111,1755
9.1139,1721
9.1167,1717
9.1194,1720
9.1222,1700
9.1250,1682
9.1278,1701
9.1306,1697
9.1333,1680
9.1361,1673
9.1389,1675
9.1417,1653
9.1444,1621
9.1472,1627
9.1500,1642
9.1528,1650
9.1556,1656
9.1583,1675
9.1611,1691
9.1639,1679
9.1667,1689
9.1694,1710
9.1722,1686
9.1750,1644
9.1778,1621
9.1806,1615
9.1833,1622
9.1861,1629
9.1889,1666
9.1917,1673
9.1944,1666
9.1972,1659
9.2000,1677
9.2028,1664
9.2056,1670
9.2083,1712
9.2111,1762
9.2139,1800
9.2167,1856
9.2194,1910
9.2222,1935
9.2250,1993
9.2278,2080
9.2306,2178
9.2333,2176
9.2361,2120
9.2389,2009
9.2417,1849
9.2444,1663
9.2472,1519
9.2500,1436
9.2528,1390
9.2556,1428
9.2583,1516
9.2611,1575
9.2639,1617
9.2667,1654
9.2694,1685
9.2722,1674
9.2750,1648
9.2778,1637
9.2806,1631
9.2833,1615
9.2861,1635
9.2889,1668
9.2917,1676
9.2944,1652
9.2972,1644
9.3000,1662
9.3028,1662
9.3056,1656
9.3083,1676
9.3111,1672
9.3139,1670
9.3167,1671
9.3194,1674
9.3222,1673
9.3250,1661
9.3278,1663
9.3306,1665
9.3333,1653
9.3361,1670
9.3389,1694
9.3417,1688
9.3444,1687
9.3472,1699
9.3500,1707
9.3528,1674
9.3556,1675
9.3583,1680
9.3611,1691
9.3639,1691
9.3667,1700
9.3694,1709
9.3722,1702
9.3750,1690
9.3778,1695
9.3806,1701
9.3833,1699
9.3861,1710
9.3889,1715
9.3917,1716
9.3944,1710
9.3972,1731
9.4000,1753
9.4028,1738
9.4056,1706
9.4083,1691
9.4111,1681
9.4139,1673
9.4167,1694
9.4194,1728
9.4222,1759
9.4250,1769
9.4278,1771
9.4306,1742
9.4333,1717
9.4361,1715
9.4389,1795
9.4417,1771
9.4444,1737
9.4472,1742
9.4500,1768
9.4528,1797
9.4556,1820
9.4583,1811
9.4611,1756
9.4639,1706
9.4667,1721
9.4694,1744
9.4722,1749
9.4750,1733
9.4778,1701
9.4806,1647
9.4833,1619
9.4861,1634
9.4889,1685
9.4917,1725
9.4944,1723
9.4972,1724
9.5000,1690
9.5028,1640
9.5056,1622
9.5083,1652
9.5111,1668
9.5139,1682
9.5167,1681
9.5194,1664
9.5222,1615
9.5250,1602
9.5278,1628
9.5306,1654
9.5333,1670
9.5361,1675
9.5389,1681
9.5417,1647
9.5444,1616
9.5472,1627
9.5500,1645
9.5528,1668
9.5556,1686
9.5583,1676
9.5611,1649
9.5639,1618
9.5667,1634
9.5694,1650
9.5722,1673
9.5750,1692
9.5778,1692
9.5806,1669
9.5833,1636
9.5861,1647
9.5889,1658
9.5917,1696
9.5944,1709
9.5972,1717
9.6000,1701
9.6028,1652
9.6056,1639
9.6083,1656
9.6111,1671
9.6139,1643
9.6167,1669
9.6194,1667
9.6222,1639
9.6250,1633
9.6278,1660
9.6306,1669
9.6333,1679
9.6361,1674
9.6389,1672
9.6417,1657
9.6444,1649
9.6472,1675
9.6500,1647
9.6528,1660
9.6556,1676
9.6583,1694
9.6611,1690
9.6639,1677
9.6667,1679
9.6694,1700
9.6722,1686
9.6750,1690
9.6778,1702
9.6806,1676
9.6833,1653
9.6861,1652
9.6889,1667
9.6917,1681
9.6944,1681
9.6972,1695
9.7000,1696
9.7028,1675
9.7056,1658
9.7083,1653
9.7111,1634
9.7139,1629
9.7167,1634
9.7194,1632
9.7222,1620
9.7250,1624
9.7278,1683
9.7306,1690
9.7333,1708
9.7361,1693
9.7389,1670
9.7417,1621
9.7444,1608
9.7472,1625
9.7500,1638
9.7528,1642
9.7556,1661
9.7583,1665
9.7611,1668
9.7639,1648
9.7667,1662
9.7694,1677
9.7722,1682
9.7750,1706
9.7778,1709
9.7806,1691
9.7833,1658
9.7861,1643
9.7889,1655
9.7917,1642
9.7944,1677
9.7972,1711
9.8000,1693
9.8028,1673
9.8056,1665
9.8083,1680
9.8111,1679
9.8139,1691
9.8167,1700
9.8194,1695
9.8222,1672
9.8250,1660
9.8278,1673
9.8306,1670
9.8333,1672
9.8361,1698
9.8389,1738
9.8417,1727
9.8444,1717
9.8472,1723
9.8500,1704
9.8528,1692
9.8556,1678
9.8583,1707
9.8611,1708
9.8639,1707
9.8667,1736
9.8694,1737
9.8722,1722
9.8750,1715
9.8778,1729
9.8806,1740
9.8833,1725
9.8861,1723
9.8889,1741
9.8917,1725
9.8944,1738
9.8972,1729
9.9000,1721
9.9028,1693
9.9056,1719
9.9083,1764
9.9111,1768
9.9139,1759
9.9167,1771
9.9194,1768
9.9222,1745
9.9250,1723
9.9278,1725
9.9306,1730
9.9333,1717
9.9361,1718
9.9389,1739
9.9417,1707
9.9444,1679
9.9472,1676
9.9500,1691
9.9528,1677
9.9556,1700
9.9583,1703
9.9611,1673
9.9639,1645
9.9667,1646
9.9694,1658
9.9722,1661
9.9750,1685
9.9778,1686
9.9806,1666
9.9833,1639
9.9861,1637
9.9889,1667
9.9917,1669
9.9944,1678
9.9972,1690
10.0000,1686
10.0028,1678
10.0056,1670
10.0083,1694
10.0111,1683
10.0139,1682
10.0167,1666
10.0194,1681
10.0222,1681
10.0250,1712
10.0278,1778
10.0306,1842
10.0333,1923
10.0361,2006
10.0389,2081
10.0417,2127
10.0444,2166
10.0472,2209
10.0500,2180
10.0528,2087
10.0556,1959
10.0583,1831
10.0611,1676
10.0639,1547
10.0667,1500
10.0694,1482
10.0722,1516
10.0750,1576
10.0778,1632
10.0806,1672
10.0833,1686
10.0861,1717
10.0889,1728
10.0917,1707
10.0944,1688
10.0972,1692
10.1000,1682
10.1028,1657
10.1056,1681
10.1083,1699
10.1111,1710
10.1139,1715
10.1167,1728
10.1194,1726
10.1222,1707
10.1250,1712
10.1278,1711
10.1306,1700
10.1333,1701
10.1361,1714
10.1389,1729
10.1417,1730
10.1444,1720
10.1472,1724
10.1500,1725
10.1528,1711
10.1556,1724
10.1583,1738
10.1611,1756
10.1639,1713
10.1667,1716
10.1694,1707
10.1722,1700
10.1750,1700
10.1778,1725
10.1806,1733
10.1833,1739
10.1861,1761
10.1889,1781
10.1917,1792
10.1944,1776
10.1972,1767
10.2000,1761
10.2028,1738
10.2056,1755
10.2083,1767
10.2111,1768
10.2139,1759
10.2167,1771
10.2194,1764
10.2222,1761
10.2250,1783
10.2278,1806
10.2306,1827
10.2333,1824
10.2361,1822
10.2389,1829
10.2417,1807
10.2444,1795
10.2472,1810
10.2500,1833
10.2528,1816
10.2556,1991
10.2583,1921
10.2611,1862
10.2639,1829
10.2667,1849
10.2694,1866
10.2722,1897
10.2750,1903
10.2778,1881
10.2806,1816
10.2833,1766
10.2861,1778
10.2889,1784
10.2917,1768
10.2944,1753
10.2972,1740
10.3000,1717
10.3028,1685
10.3056,1688
10.3083,1738
10.3111,1741
10.3139,1754
10.3167,1745
10.3194,1720
10.3222,1687
10.3250,1675
10.3278,1698
10.3306,1710
10.3333,1714
10.3361,1727
10.3389,1708
10.3417,1685
10.3444,1692
10.3472,1713
10.3500,1736
10.3528,1747
10.3556,1750
10.3583,1721
10.3611,1672
10.3639,1676
10.3667,1704
10.3694,1711
10.3722,1740
10.3750,1751
10.3778,1747
10.3806,1697
10.3833,1681
10.3861,1694
10.3889,1710
10.3917,1726
10.3944,1719
10.3972,1717
10.4000,1691
10.4028,1680
10.4056,1704
10.4083,1717
10.4111,1733
10.4139,1725
10.4167,1722
10.4194,1706
10.4222,1677
10.4250,1688
10.4278,1723
10.4306,1724
10.4333,1719
10.4361,1722
10.4389,1712
10.4417,1680
10.4444,1697
10.4472,1718
10.4500,1722
10.4528,1725
10.4556,1724
10.4583,1725
10.4611,1669
10.4639,1648
10.4667,1674
10.4694,1700
10.4722,1709
10.4750,1724
10.4778,1734
10.4806,1718
10.4833,1700
10.4861,1711
10.4889,1728
10.4917,1729
10.4944,1706
10.4972,1728
10.5000,1700
10.5028,1686
10.5056,1709
10.5083,1723
10.5111,1708
10.5139,1716
10.5167,1714
10.5194,1698
10.5222,1678
10.5250,1677
10.5278,1696
10.5306,1705
10.5333,1689
10.5361,1694
10.5389,1702
10.5417,1673
10.5444,1693
10.5472,1723
10.5500,1730
10.5528,1724
10.5556,1716
10.5583,1716
10.5611,1693
10.5639,1705
10.5667,1719
10.5694,1735
10.5722,1708
10.5750,1708
10.5778,1695
10.5806,1672
10.5833,1667
10.5861,1703
10.5889,1725
10.5917,1734
10.5944,1724
10.5972,1735
10.6000,1705
10.6028,1696
10.6056,1701
10.6083,1708
10.6111,1720
10.6139,1735
10.6167,1754
10.6194,1731
10.6222,1698
10.6250,1717
10.6278,1741
10.6306,1733
10.6333,1763
10.6361,1771
10.6389,1776
10.6417,1754
10.6444,1757
10.6472,1763
10.6500,1755
10.6528,1755
10.6556,1752
10.6583,1749
10.6611,1718
10.6639,1701
10.6667,1715
10.6694,1728
10.6722,1731
10.6750,1743
10.6778,1755
10.6806,1787
10.6833,1783
10.6861,1800
10.6889,1793
10.6917,1768
10.6944,1756
10.6972,1752
10.7000,1738
10.7028,1712
10.7056,1718
10.7083,1732
10.7111,1733
10.7139,1723
10.7167,1730
10.7194,1718
10.7222,1692
10.7250,1693
10.7278,1685
10.7306,1684
10.7333,1679
10.7361,1697
10.7389,1697
10.7417,1668
10.7444,1671
10.7472,1687
10.7500,1700
10.7528,1705
10.7556,1707
10.7583,1695
10.7611,1680
10.7639,1678
10.7667,1683
10.7694,1679
10.7722,1681
10.7750,1685
10.7778,1709
10.7806,1692
10.7833,1681
10.7861,1701
10.7889,1703
10.7917,1698
10.7944,1713
10.7972,1737
10.8000,1764
10.8028,1794
10.8056,1868
10.8083,1930
10.8111,1973
10.8139,2033
10.8167,2118
10.8194,2189
10.8222,2205
10.8250,2156
10.8278,2055
10.8306,1922
10.8333,1767
10.8361,1633
10.8389,1531
10.8417,1474
10.8444,1476
10.8472,1542
10.8500,1599
10.8528,1642
10.8556,1685
10.8583,1704
10.8611,1703
10.8639,1687
10.8667,1688
10.8694,1693
10.8722,1689
10.8750,1705
10.8778,1716
10.8806,1692
10.8833,1693
10.8861,1704
10.8889,1710
10.8917,1686
10.8944,1699
10.8972,1700
10.9000,1711
10.9028,1703
10.9056,1685
10.9083,1693
10.9111,1690
10.9139,1686
10.9167,1696
10.9194,1700
10.9222,1690
10.9250,1720
10.9278,1728
10.9306,1729
10.9333,1724
10.9361,1724
10.9389,1714
10.9417,1695
10.9444,1673
10.9472,1672
10.9500,1690
10.9528,1707
10.9556,1724
10.9583,1738
10.9611,1709
10.9639,1706
10.9667,1718
10.9694,1716
10.9722,1728
10.9750,1738
10.9778,1758
10.9806,1740
10.9833,1733
10.9861,1770
10.9889,1776
10.9917,1763
10.9944,1762
10.9972,1773
11.0000,1761
11.0028,1741
11.0056,1756
11.0083,1771
11.0111,1760
11.0139,1764
11.0167,1780
11.0194,1781
11.0222,1756
11.0250,1771
11.0278,1785
11.0306,1957
11.0333,1884
11.0361,1876
11.0389,1830
11.0417,1786
11.0444,1785
11.0472,1814
11.0500,1822
11.0528,1821
11.0556,1800
11.0583,1745
11.0611,1698
11.0639,1706
11.0667,1726
11.0694,1735
11.0722,1749
11.0750,1731
11.0778,1699
11.0806,1654
11.0833,1633
11.0861,1643
11.0889,1667
11.0917,1664
11.0944,1670
11.0972,1672
11.1000,1619
11.1028,1613
11.1056,1649
11.1083,1679
11.1111,1690
11.1139,1694
11.1167,1690
11.1194,1663
11.1222,1632
11.1250,1649
11.1278,1675
11.1306,1695
11.1333,1708
11.1361,1703
11.1389,1677
11.1417,1635
11.1444,1663
11.1472,1682
11.1500,1695
11.1528,1701
11.1556,1714
11.1583,1689
11.1611,1650
11.1639,1654
11.1667,1672
11.1694,1672
11.1722,1690
11.1750,1700
11.1778,1687
11.1806,1661
11.1833,1642
11.1861,1669
11.1889,1670
11.1917,1680
11.1944,1692
11.1972,1695
11.2000,1658
11.2028,1655
11.2056,1663
11.2083,1671
11.2111,1665
11.2139,1680
11.2167,1691
11.2194,1665
11.2222,1651
11.2250,1665
11.2278,1692
11.2306,1700
11.2333,1722
11.2361,1707
11.2389,1682
11.2417,1651
11.2444,1638
11.2472,1663
11.2500,1676
11.2528,1700
11.2556,1714
11.2583,1691
11.2611,1659
11.2639,1661
11.2667,1677
11.2694,1676
11.2722,1681
11.2750,1706
11.2778,1695
11.2806,1682
11.2833,1694
11.2861,1710
11.2889,1712
11.2917,1712
11.2944,1715
11.2972,1710
11.3000,1691
11.3028,1685
11.3056,1697
11.3083,1705
11.3111,1689
11.3139,1687
11.3167,1695
11.3194,1677
11.3222,1659
11.3250,1697
11.3278,1712
11.3306,1720
11.3333,1731
11.3361,1737
11.3389,1711
11.3417,1687
11.3444,1716
11.3472,1736
11.3500,1740
11.3528,1745
11.3556,1744
11.3583,1725
11.3611,1699
11.3639,1692
11.3667,1699
11.3694,1711
11.3722,1737
11.3750,1743
11.3778,1728
11.3806,1722
11.3833,1719
11.3861,1741
11.3889,1732
11.3917,1729
11.3944,1731
11.3972,1741
11.4000,1717
11.4028,1733
11.4056,1749
11.4083,1751
11.4111,1741
11.4139,1737
11.4167,1737
11.4194,1724
11.4222,1709
11.4250,1726
11.4278,1738
11.4306,1737
11.4333,1753
11.4361,1769
11.4389,1739
11.4417,1723
11.4444,1735
11.4472,1737
11.4500,1743
11.4528,1746
11.4556,1764
11.4583,1764
11.4611,1753
11.4639,1741
11.4667,1771
11.4694,1767
11.4722,1776
11.4750,1791
11.4778,1785
11.4806,1769
11.4833,1759
11.4861,1781
11.4889,1795
11.4917,1797
11.4944,1810
11.4972,1814
11.5000,1812
11.5028,1807
11.5056,1801
11.5083,1801
11.5111,1810
11.5139,1833
11.5167,1844
11.5194,1830
11.5222,1813
11.5250,1810
11.5278,1796
11.5306,1791
11.5333,1788
11.5361,1778
11.5389,1752
11.5417,1735
11.5444,1750
11.5472,1750
11.5500,1742
11.5528,1747
11.5556,1766
11.5583,1748
11.5611,1735
11.5639,1706
11.5667,1692
11.5694,1681
11.5722,1686
11.5750,1703
11.5778,1708
11.5806,1694
11.5833,1696
11.5861,1707
11.5889,1710
11.5917,1701
11.5944,1699
11.5972,1692
11.6000,1662
11.6028,1682
11.6056,1707
11.6083,1718
11.6111,1696
11.6139,1699
11.6167,1725
11.6194,1699
11.6222,1693
11.6250,1699
11.6278,1721
11.6306,1728
11.6333,1773
11.6361,1853
11.6389,1919
11.6417,1974
11.6444,2066
11.6472,2121
11.6500,2180
11.6528,2222
11.6556,2252
11.6583,2192
11.6611,2070
11.6639,1943
11.6667,1803
11.6694,1646
11.6722,1533
11.6750,1505
11.6778,1505
11.6806,1558
11.6833,1615
11.6861,1677
11.6889,1717
11.6917,1743
11.6944,1761
11.6972,1739
11.7000,1716
11.7028,1705
11.7056,1708
11.7083,1721
11.7111,1701
11.7139,1712
11.7167,1739
11.7194,1719
11.7222,1723
11.7250,1746
11.7278,1733
11.7306,1707
11.7333,1711
11.7361,1711
11.7389,1713
11.7417,1722
11.7444,1742
11.7472,1741
11.7500,1729
11.7528,1720
11.7556,1722
11.7583,1725
11.7611,1708
11.7639,1723
11.7667,1737
11.7694,1745
11.7722,1746
11.7750,1770
11.7778,1770
11.7806,1760
11.7833,1740
11.7861,1748
11.7889,1753
11.7917,1761
11.7944,1759
11.7972,1755
11.8000,1752
11.8028,1767
11.8056,1767
11.8083,1767
11.8111,1774
11.8139,1777
11.8167,1787
11.8194,1782
11.8222,1786
11.8250,1798
11.8278,1775
11.8306,1767
11.8333,1753
11.8361,1767
11.8389,1764
11.8417,1767
11.8444,1789
11.8472,1805
11.8500,1808
11.8528,1819
11.8556,1811
11.8583,1807
11.8611,1723
11.8639,1818
11.8667,1848
11.8694,1873
11.8722,1894
11.8750,1874
11.8778,1825
11.8806,1777
11.8833,1785
11.8861,1806
11.8889,1813
11.8917,1823
11.8944,1815
11.8972,1764
11.9000,1694
11.9028,1708
11.9056,1725
11.9083,1743
11.9111,1752
11.9139,1749
11.9167,1720
11.9194,1669
11.9222,1677
11.9250,1696
11.9278,1706
11.9306,1720
11.9333,1717
11.9361,1709
11.9389,1660
11.9417,1647
11.9444,1675
11.9472,1692
11.9500,1707
11.9528,1736
11.9556,1745
11.9583,1708
11.9611,1688
11.9639,1696
11.9667,1717
11.9694,1718
11.9722,1716
11.9750,1737
11.9778,1705
11.9806,1685
11.9833,1704
11.9861,1726
11.9889,1732
11.9917,1744
11.9944,1740
11.9972,1728
12.0000,1692
12.0028,1714
12.0056,1741
12.0083,1750
12.0111,1756
12.0139,1745
12.0167,1727
12.0194,1691
12.0222,1686
12.0250,1703
12.0278,1716
12.0306,1738
12.0333,1758
12.0361,1771
12.0389,1730
12.0417,1713
12.0444,1704
12.0472,1714
12.0500,1718
12.0528,1731
12.0556,1739
12.0583,1709
12.0611,1686
12.0639,1698
12.0667,1711
12.0694,1719
12.0722,1700
12.0750,1703
12.0778,1691
12.0806,1676
12.0833,1699
12.0861,1713
12.0889,1706
12.0917,1708
12.0944,1715
12.0972,1706
12.1000,1669
12.1028,1679
12.1056,1709
12.1083,1714
12.1111,1725
12.1139,1719
12.1167,1705
12.1194,1671
12.1222,1669
12.1250,1695
12.1278,1700
12.1306,1703
12.1333,1698
12.1361,1686
12.1389,1650
12.1417,1643
12.1444,1688
12.1472,1705
12.1500,1711
12.1528,1702
12.1556,1688
12.1583,1663
12.1611,1654
12.1639,1674
12.1667,1686
12.1694,1685
12.1722,1683
12.1750,1687
12.1778,1676
12.1806,1660
12.1833,1683
12.1861,1680
12.1889,1679
12.1917,1688
12.1944,1694
12.1972,1676
12.2000,1669
12.2028,1673
12.2056,1679
12.2083,1677
12.2111,1684
12.2139,1705
12.2167,1707
12.2194,1683
12.2222,1706
12.2250,1687
12.2278,1686
12.2306,1676
12.2333,1677
12.2361,1675
12.2389,1657
12.2417,1658
12.2444,1686
12.2472,1667
12.2500,1666
12.2528,1665
12.2556,1677
12.2583,1671
12.2611,1669
12.2639,1683
12.2667,1680
12.2694,1684
12.2722,1715
12.2750,1711
12.2778,1714
12.2806,1676
12.2833,1678
12.2861,1676
12.2889,1682
12.2917,1688
12.2944,1701
12.2972,1685
12.3000,1668
12.3028,1672
12.3056,1688
12.3083,1696
12.3111,1718
12.3139,1734
12.3167,1731
12.3194,1705
12.3222,1704
12.3250,1738
12.3278,1738
12.3306,1731
12.3333,1741
12.3361,1734
12.3389,1688
12.3417,1679
12.3444,1715
12.3472,1752
12.3500,1779
12.3528,1783
12.3556,1783
12.3583,1764
12.3611,1747
12.3639,1737
12.3667,1714
12.3694,1697
12.3722,1695
12.3750,1699
12.3778,1695
12.3806,1682
12.3833,1676
12.3861,1680
12.3889,1669
12.3917,1664
12.3944,1679
12.3972,1681
12.4000,1650
12.4028,1649
12.4056,1651
12.4083,1648
12.4111,1628
12.4139,1633
12.4167,1642
12.4194,1632
12.4222,1650
12.4250,1650
12.4278,1644
12.4306,1628
12.4333,1629
12.4361,1637
12.4389,1634
12.4417,1640
12.4444,1674
12.4472,1688
12.4500,1675
12.4528,1675
12.4556,1674
12.4583,1664
12.4611,1663
12.4639,1687
12.4667,1723
12.4694,1771
12.4722,1813
12.4750,1880
12.4778,1933
12.4806,1990
12.4833,2065
12.4861,2131
12.4889,2137
12.4917,2092
12.4944,2016
12.4972,1902
12.5000,1767
12.5028,1623
12.5056,1514
12.5083,1444
12.5111,1428
12.5139,1475
12.5167,1552
12.5194,1597
12.5222,1647
12.5250,1678
12.5278,1688
12.5306,1663
12.5333,1668
12.5361,1682
12.5389,1662
12.5417,1648
12.5444,1658
12.5472,1648
12.5500,1655
12.5528,1653
12.5556,1668
12.5583,1647
12.5611,1646
12.5639,1664
12.5667,1669
12.5694,1670
12.5722,1678
12.5750,1683
12.5778,1674
12.5806,1653
12.5833,1681
12.5861,1655
12.5889,1659
12.5917,1646
12.5944,1658
12.5972,1663
12.6000,1659
12.6028,1660
12.6056,1663
12.6083,1666
12.6111,1671
12.6139,1688
12.6167,1692
12.6194,1672
12.6222,1673
12.6250,1690
12.6278,1683
12.6306,1688
12.6333,1693
12.6361,1704
12.6389,1657
12.6417,1665
12.6444,1671
12.6472,1688
12.6500,1680
12.6528,1685
12.6556,1688
12.6583,1683
12.6611,1701
12.6639,1740
12.6667,1741
12.6694,1725
12.6722,1707
12.6750,1720
12.6778,1711
12.6806,1704
12.6833,1716
12.6861,1726
12.6889,1735
12.6917,1736
12.6944,1745
12.6972,1662
12.7000,1725
12.7028,1742
12.7056,1767
12.7083,1810
12.7111,1822
12.7139,1818
12.7167,1764
12.7194,1698
12.7222,1666
12.7250,1689
12.7278,1699
12.7306,1729
12.7333,1732
12.7361,1700
12.7389,1645
12.7417,1620
12.7444,1650
12.7472,1664
12.7500,1670
12.7528,1671
12.7556,1636
12.7583,1590
12.7611,1581
12.7639,1603
12.7667,1619
12.7694,1635
12.7722,1630
12.7750,1618
12.7778,1574
12.7806,1572
12.7833,1620
12.7861,1643
12.7889,1663
12.7917,1672
12.7944,1669
12.7972,1625
12.8000,1604
12.8028,1615
12.8056,1623
12.8083,1649
12.8111,1661
12.8139,1669
12.8167,1652
12.8194,1651
12.8222,1650
12.8250,1664
12.8278,1666
12.8306,1647
12.8333,1664
12.8361,1650
12.8389,1634
12.8417,1647
12.8444,1667
12.8472,1668
12.8500,1651
12.8528,1666
12.8556,1651
12.8583,1618
12.8611,1623
12.8639,1658
12.8667,1679
12.8694,1665
12.8722,1669
12.8750,1656
12.8778,1625
12.8806,1611
12.8833,1624
12.8861,1640
12.8889,1637
12.8917,1645
12.8944,1636
12.8972,1611
12.9000,1593
12.9028,1604
12.9056,1632
12.9083,1658
12.9111,1682
12.9139,1687
12.9167,1661
12.9194,1628
12.9222,1636
12.9250,1641
12.9278,1646
12.9306,1666
12.9333,1677
12.9361,1685
12.9389,1665
12.9417,1669
12.9444,1702
12.9472,1705
12.9500,1690
12.9528,1684
12.9556,1666
12.9583,1631
12.9611,1628
12.9639,1655
12.9667,1667
12.9694,1680
12.9722,1687
12.9750,1668
12.9778,1628
12.9806,1614
12.9833,1619
12.9861,1635
12.9889,1646
12.9917,1665
12.9944,1666
12.9972,1632
13.0000,1638
13.0028,1652
13.0056,1676
13.0083,1670
13.0111,1676
13.0139,1678
13.0167,1656
13.0194,1617
13.0222,1623
13.0250,1645
13.0278,1646
13.0306,1625
13.0333,1639
13.0361,1636
13.0389,1633
13.0417,1657
13.0444,1696
13.0472,1701
13.0500,1717
13.0528,1729
13.0556,1715
13.0583,1667
13.0611,1643
13.0639,1654
13.0667,1674
13.0694,1696
13.0722,1722
13.0750,1755
13.0778,1772
13.0806,1778
13.0833,1806
13.0861,1795
13.0889,1780
13.0917,1777
13.0944,1769
13.0972,1724
13.1000,1684
13.1028,1685
13.1056,1677
13.1083,1679
13.1111,1689
13.1139,1687
13.1167,1646
13.1194,1592
13.1222,1585
13.1250,1600
13.1278,1604
13.1306,1628
13.1333,1650
13.1361,1637
13.1389,1619
13.1417,1615
13.1444,1618
13.1472,1597
13.1500,1583
13.1528,1593
13.1556,1600
13.1583,1585
13.1611,1603
13.1639,1627
13.1667,1624
13.1694,1613
13.1722,1600
13.1750,1607
13.1778,1595
13.1806,1620
13.1833,1642
13.1861,1658
13.1889,1647
13.1917,1647
13.1944,1650
13.1972,1633
13.2000,1614
13.2028,1649
13.2056,1703
13.2083,1752
13.2111,1811
13.2139,1872
13.2167,1939
13.2194,1991
13.2222,2063
13.2250,2123
13.2278,2125
13.2306,2075
13.2333,1993
13.2361,1874
13.2389,1727
13.2417,1567
13.2444,1462
13.2472,1394
13.2500,1386
13.2528,1459
13.2556,1563
13.2583,1613
13.2611,1660
13.2639,1670
13.2667,1669
13.2694,1649
13.2722,1637
13.2750,1637
13.2778,1636
13.2806,1624
13.2833,1625
13.2861,1620
13.2889,1618
13.2917,1632
13.2944,1643
13.2972,1644
13.3000,1627
13.3028,1646
13.3056,1639
13.3083,1621
13.3111,1587
13.3139,1610
13.3167,1609
13.3194,1616
13.3222,1647
13.3250,1664
13.3278,1664
13.3306,1645
13.3333,1663
13.3361,1671
13.3389,1658
13.3417,1679
13.3444,1697
13.3472,1682
13.3500,1676
13.3528,1659
13.3556,1670
13.3583,1663
13.3611,1688
13.3639,1708
13.3667,1711
13.3694,1706
13.3722,1710
13.3750,1701
13.3778,1693
13.3806,1680
13.3833,1677
13.3861,1668
13.3889,1672
13.3917,1675
13.3944,1725
13.3972,1729
13.4000,1732
13.4028,1749
13.4056,1750
13.4083,1742
13.4111,1731
13.4139,1726
13.4167,1725
13.4194,1719
13.4222,1756
13.4250,1781
13.4278,1768
13.4306,1757
13.4333,1768
13.4361,1731
13.4389,1784
13.4417,1792
13.4444,1819
13.4472,1825
13.4500,1819
13.4528,1813
13.4556,1772
13.4583,1728
13.4611,1714
13.4639,1725
13.4667,1740
13.4694,1773
13.4722,1764
13.4750,1748
13.4778,1709
13.4806,1686
13.4833,1697
13.4861,1706
13.4889,1707
13.4917,1716
13.4944,1693
13.4972,1647
13.5000,1625
13.5028,1658
13.5056,1680
13.5083,1723
13.5111,1733
13.5139,1716
13.5167,1670
13.5194,1643
13.5222,1662
13.5250,1674
13.5278,1690
13.5306,1690
13.5333,1702
13.5361,1661
13.5389,1662
13.5417,1667
13.5444,1693
13.5472,1709
13.5500,1702
13.5528,1702
13.5556,1661
13.5583,1614
13.5611,1627
13.5639,1675
13.5667,1699
13.5694,1708
13.5722,1721
13.5750,1705
13.5778,1659
13.5806,1669
13.5833,1690
13.5861,1710
13.5889,1722
13.5917,1728
13.5944,1725
13.5972,1710
13.6000,1705
13.6028,1726
13.6056,1726
13.6083,1717
13.6111,1705
13.6139,1693
13.6167,1670
13.6194,1680
13.6222,1697
13.6250,1706
13.6278,1703
13.6306,1704
13.6333,1691
13.6361,1675
13.6389,1659
13.6417,1671
13.6444,1688
13.6472,1687
13.6500,1696
13.6528,1718
13.6556,1704
13.6583,1694
13.6611,1688
13.6639,1697
13.6667,1690
13.6694,1704
13.6722,1713
13.6750,1695
13.6778,1668
13.6806,1663
13.6833,1673
13.6861,1675
13.6889,1693
13.6917,1722
13.6944,1707
13.6972,1683
13.7000,1668
13.7028,1674
13.7056,1689
13.7083,1668
13.7111,1677
13.7139,1673
13.7167,1670
13.7194,1674
13.7222,1698
13.7250,1713
13.7278,1712
13.7306,1705
13.7333,1701
13.7361,1682
13.7389,1671
13.7417,1693
13.7444,1706
13.7472,1711
13.7500,1717
13.7528,1731
13.7556,1710
13.7583,1694
13.7611,1681
13.7639,1700
13.7667,1693
13.7694,1709
13.7722,1706
13.7750,1715
13.7778,1706
13.7806,1723
13.7833,1731
13.7861,1724
13.7889,1714
13.7917,1726
13.7944,1729
13.7972,1700
13.8000,1686
13.8028,1700
13.8056,1704
13.8083,1722
13.8111,1719
13.8139,1732
13.8167,1705
13.8194,1696
13.8222,1694
13.8250,1707
13.8278,1718
13.8306,1723
13.8333,1736
13.8361,1711
13.8389,1706
13.8417,1711
13.8444,1725
13.8472,1725
13.8500,1726
13.8528,1735
13.8556,1725
13.8583,1702
13.8611,1712
13.8639,1728
13.8667,1718
13.8694,1704
13.8722,1717
13.8750,1706
13.8778,1692
13.8806,1700
13.8833,1713
13.8861,1714
13.8889,1717
13.8917,1727
13.8944,1709
13.8972,1669
13.9000,1671
13.9028,1688
13.9056,1729
13.9083,1716
13.9111,1728
13.9139,1736
13.9167,1722
13.9194,1704
13.9222,1696
13.9250,1696
13.9278,1679
13.9306,1687
13.9333,1722
13.9361,1729
13.9389,1714
13.9417,1731
13.9444,1744
13.9472,1745
13.9500,1755
13.9528,1757
13.9556,1740
13.9583,1727
13.9611,1731
13.9639,1734
13.9667,1748
13.9694,1778
13.9722,1825
13.9750,1856
13.9778,1849
13.9806,1819
13.9833,1802
13.9861,1799
13.9889,1782
13.9917,1772
13.9944,1764
13.9972,1746
14.0000,1759
14.0028,1751
14.0056,1724
14.0083,1691
14.0111,1686
14.0139,1689
14.0167,1687
14.0194,1692
14.0222,1704
14.0250,1709
14.0278,1697
14.0306,1685
14.0333,1691
14.0361,1666
14.0389,1658
14.0417,1659
14.0444,1666
14.0472,1656
14.0500,1652
14.0528,1669
14.0556,1654
14.0583,1664
14.0611,1679
14.0639,1694
14.0667,1691
14.0694,1677
14.0722,1695
14.0750,1695
14.0778,1670
14.0806,1652
14.0833,1662
14.0861,1656
14.0889,1655
14.0917,1689
14.0944,1727
14.0972,1737
14.1000,1799
14.1028,1881
14.1056,1958
14.1083,2015
14.1111,2090
14.1139,2159
14.1167,2172
14.1194,2145
14.1222,2064
14.1250,1941
14.1278,1783
14.1306,1648
14.1333,1546
14.1361,1457
14.1389,1433
14.1417,1472
14.1444,1532
14.1472,1590
14.1500,1637
14.1528,1682
14.1556,1701
14.1583,1682
14.1611,1677
14.1639,1646
14.1667,1640
14.1694,1638
14.1722,1662
14.1750,1647
14.1778,1629
14.1806,1651
14.1833,1674
14.1861,1664
14.1889,1653
14.1917,1655
14.1944,1675
14.1972,1658
14.2000,1647
14.2028,1659
14.2056,1661
14.2083,1643
14.2111,1648
14.2139,1655
14.2167,1639
14.2194,1662
14.2222,1672
14.2250,1686
14.2278,1679
14.2306,1697
14.2333,1708
14.2361,1693
14.2389,1663
14.2417,1668
14.2444,1686
14.2472,1698
14.2500,1696
14.2528,1719
14.2556,1720
14.2583,1710
14.2611,1713
14.2639,1715
14.2667,1706
14.2694,1721
14.2722,1741
14.2750,1743
14.2778,1720
14.2806,1721
14.2833,1736
14.2861,1726
14.2889,1719
14.2917,1738
14.2944,1738
14.2972,1727
14.3000,1737
14.3028,1752
14.3056,1758
14.3083,1741
14.3111,1749
14.3139,1751
14.3167,1739
14.3194,1743
14.3222,1764
14.3250,1934
14.3278,1883
14.3306,1897
14.3333,1886
14.3361,1840
14.3389,1822
14.3417,1833
14.3444,1865
14.3472,1865
14.3500,1875
14.3528,1858
14.3556,1806
14.3583,1769
14.3611,1793
14.3639,1805
14.3667,1817
14.3694,1834
14.3722,1805
14.3750,1777
14.3778,1730
14.3806,1721
14.3833,1744
14.3861,1742
14.3889,1757
14.3917,1742
14.3944,1718
14.3972,1692
14.4000,1708
14.4028,1734
14.4056,1747
14.4083,1763
14.4111,1768
14.4139,1754
14.4167,1716
14.4194,1719
14.4222,1741
14.4250,1763
14.4278,1769
14.4306,1772
14.4333,1762
14.4361,1727
14.4389,1699
14.4417,1723
14.4444,1726
14.4472,1745
14.4500,1749
14.4528,1760
14.4556,1721
14.4583,1713
14.4611,1744
14.4639,1747
14.4667,1767
14.4694,1772
14.4722,1778
14.4750,1755
14.4778,1723
14.4806,1743
14.4833,1747
14.4861,1743
14.4889,1759
14.4917,1778
14.4944,1749
14.4972,1732
14.5000,1744
14.5028,1764
14.5056,1758
14.5083,1757
14.5111,1759
14.5139,1749
14.5167,1712
14.5194,1717
14.5222,1732
14.5250,1737
14.5278,1747
14.5306,1749
14.5333,1758
14.5361,1742
14.5389,1736
14.5417,1748
14.5444,1756
14.5472,1754
14.5500,1765
14.5528,1764
14.5556,1728
14.5583,1712
14.5611,1729
14.5639,1728
14.5667,1731
14.5694,1724
14.5722,1731
14.5750,1708
14.5778,1694
14.5806,1722
14.5833,1754
14.5861,1770
14.5889,1775
14.5917,1777
14.5944,1750
14.5972,1702
14.6000,1697
14.6028,1702
14.6056,1692
14.6083,1709
14.6111,1724
14.6139,1731
14.6167,1719
14.6194,1725
14.6222,1732
14.6250,1719
14.6278,1711
14.6306,1719
14.6333,1716
14.6361,1692
14.6389,1683
14.6417,1687
14.6444,1702
14.6472,1709
14.6500,1712
14.6528,1711
14.6556,1697
14.6583,1679
14.6611,1673
14.6639,1679
14.6667,1682
14.6694,1688
14.6722,1694
14.6750,1677
14.6778,1656
14.6806,1666
14.6833,1696
14.6861,1683
14.6889,1704
14.6917,1713
14.6944,1694
14.6972,1677
14.7000,1695
14.7028,1705
14.7056,1720
14.7083,1710
14.7111,1715
14.7139,1698
14.7167,1677
14.7194,1682
14.7222,1701
14.7250,1694
14.7278,1693
14.7306,1702
14.7333,1701
14.7361,1682
14.7389,1680
14.7417,1694
14.7444,1703
14.7472,1696
14.7500,1691
14.7528,1699
14.7556,1680
14.7583,1675
14.7611,1683
14.7639,1695
14.7667,1698
14.7694,1704
14.7722,1703
14.7750,1699
14.7778,1669
14.7806,1671
14.7833,1690
14.7861,1692
14.7889,1715
14.7917,1730
14.7944,1735
14.7972,1701
14.8000,1696
14.8028,1715
14.8056,1703
14.8083,1703
14.8111,1728
14.8139,1740
14.8167,1737
14.8194,1750
14.8222,1774
14.8250,1776
14.8278,1783
14.8306,1804
14.8333,1838
14.8361,1839
14.8389,1825
14.8417,1829
14.8444,1819
14.8472,1824
14.8500,1797
14.8528,1787
14.8556,1755
14.8583,1749
14.8611,1753
14.8639,1727
14.8667,1707
14.8694,1688
14.8722,1676
14.8750,1668
14.8778,1663
14.8806,1678
14.8833,1697
14.8861,1674
14.8889,1672
14.8917,1662
14.8944,1647
14.8972,1620
14.9000,1625
14.9028,1649
14.9056,1660
14.9083,1665
14.9111,1683
14.9139,1690
14.9167,1663
14.9194,1656
14.9222,1653
14.9250,1651
14.9278,1662
14.9306,1667
14.9333,1688
14.9361,1682
14.9389,1672
14.9417,1671
14.9444,1667
14.9472,1669
14.9500,1683
14.9528,1723
14.9556,1754
14.9583,1823
14.9611,1905
14.9639,1974
14.9667,2035
14.9694,2105
14.9722,2168
14.9750,2196
14.9778,2173
14.9806,2096
14.9833,1958
14.9861,1815
14.9889,1657
14.9917,1531
14.9944,1472
14.9972,1442
15.0000,1492
15.0028,1551
15.0056,1603
15.0083,1652
15.0111,1680
15.0139,1689
15.0167,1674
15.0194,1663
15.0222,1680
15.0250,1684
15.0278,1678
15.0306,1682
15.0333,1709
15.0361,1687
15.0389,1681
15.0417,1687
15.0444,1668
15.0472,1661
15.0500,1678
15.0528,1673
15.0556,1671
15.0583,1668
15.0611,1685
15.0639,1692
15.0667,1687
15.0694,1694
15.0722,1707
15.0750,1705
15.0778,1680
15.0806,1685
15.0833,1694
15.0861,1685
15.0889,1702
15.0917,1719
15.0944,1705
15.0972,1694
15.1000,1709
15.1028,1712
15.1056,1722
15.1083,1726
15.1111,1753
15.1139,1749
15.1167,1743
15.1194,1745
15.1222,1751
15.1250,1739
15.1278,1743
15.1306,1753
15.1333,1768
15.1361,1743
15.1389,1754
15.1417,1765
15.1444,1770
15.1472,1739
15.1500,1747
15.1528,1764
15.1556,1768
15.1583,1763
15.1611,1764
15.1639,1771
15.1667,1760
15.1694,1777
15.1722,1781
15.1750,1797
15.1778,1790
15.1806,1802
15.1833,1874
15.1861,1852
15.1889,1864
15.1917,1852
15.1944,1830
15.1972,1805
15.2000,1804
15.2028,1824
15.2056,1832
15.2083,1840
15.2111,1831
15.2139,1768
15.2167,1718
15.2194,1734
15.2222,1764
15.2250,1775
15.2278,1776
15.2306,1762
15.2333,1736
15.2361,1686
15.2389,1680
15.2417,1701
15.2444,1713
15.2472,1726
15.2500,1737
15.2528,1727
15.2556,1684
15.2583,1674
15.2611,1697
15.2639,1704
15.2667,1705
15.2694,1713
15.2722,1699
15.2750,1665
15.2778,1670
15.2806,1697
15.2833,1739
15.2861,1747
15.2889,1742
15.2917,1737
15.2944,1706
15.2972,1663
15.3000,1680
15.3028,1696
15.3056,1694
15.3083,1723
15.3111,1736
15.3139,1712
15.3167,1682
15.3194,1686
15.3222,1704
15.3250,1707
15.3278,1717
15.3306,1725
15.3333,1721
15.3361,1677
15.3389,1684
15.3417,1704
15.3444,1705
15.3472,1693
15.3500,1711
15.3528,1686
15.3556,1661
15.3583,1667
15.3611,1693
15.3639,1712
15.3667,1730
15.3694,1729
15.3722,1740
15.3750,1698
15.3778,1684
15.3806,1691
15.3833,1717
15.3861,1722
15.3889,1738
15.3917,1764
15.3944,1731
15.3972,1708
15.4000,1715
15.4028,1736
15.4056,1720
15.4083,1730
15.4111,1737
15.4139,1717
15.4167,1704
15.4194,1706
15.4222,1724
15.4250,1733
15.4278,1721
15.4306,1734
15.4333,1714
15.4361,1679
15.4389,1677
15.4417,1696
15.4444,1710
15.4472,1730
15.4500,1748
15.4528,1740
15.4556,1710
15.4583,1706
15.4611,1709
15.4639,1714
15.4667,1725
15.4694,1717
15.4722,1724
15.4750,1707
15.4778,1699
15.4806,1723
15.4833,1737
15.4861,1712
15.4889,1710
15.4917,1706
15.4944,1693
15.4972,1688
15.5000,1693
15.5028,1702
15.5056,1708
15.5083,1724
15.5111,1740
15.5139,1726
15.5167,1686
15.5194,1696
15.5222,1694
15.5250,1691
15.5278,1693
15.5306,1729
15.5333,1719
15.5361,1735
15.5389,1724
15.5417,1719
15.5444,1725
15.5472,1720
15.5500,1715
15.5528,1715
15.5556,1686
15.5583,1680
15.5611,1696
15.5639,1700
15.5667,1694
15.5694,1697
15.5722,1720
15.5750,1697
15.5778,1690
15.5806,1706
15.5833,1710
15.5861,1711
15.5889,1707
15.5917,1712
15.5944,1702
15.5972,1689
15.6000,1698
15.6028,1694
15.6056,1687
15.6083,1684
15.6111,1706
15.6139,1694
15.6167,1664
15.6194,1676
15.6222,1683
15.6250,1687
15.6278,1669
15.6306,1684
15.6333,1674
15.6361,1665
15.6389,1670
15.6417,1689
15.6444,1698
15.6472,1705
15.6500,1707
15.6528,1713
15.6556,1691
15.6583,1708
15.6611,1729
15.6639,1738
15.6667,1730
15.6694,1731
15.6722,1752
15.6750,1756
15.6778,1781
15.6806,1804
15.6833,1793
15.6861,1766
15.6889,1766
15.6917,1770
15.6944,1755
15.6972,1736
15.7000,1736
15.7028,1733
15.7056,1727
15.7083,1701
15.7111,1694
15.7139,1651
15.7167,1628
15.7194,1631
15.7222,1650
15.7250,1650
15.7278,1650
15.7306,1661
15.7333,1642
15.7361,1603
15.7389,1601
15.7417,1608
15.7444,1596
15.7472,1590
15.7500,1602
15.7528,1614
15.7556,1614
15.7583,1621
15.7611,1650
15.7639,1630
15.7667,1626
15.7694,1630
15.7722,1647
15.7750,1624
15.7778,1626
15.7806,1648
15.7833,1647
15.7861,1621
15.7889,1625
15.7917,1635
15.7944,1649
15.7972,1682
15.8000,1731
15.8028,1800
15.8056,1862
15.8083,1935
15.8111,2013
15.8139,2070
15.8167,2120
15.8194,2181
15.8222,2163
15.8250,2076
15.8278,1960
15.8306,1842
15.8333,1706
15.8361,1585
15.8389,1505
15.8417,1476
15.8444,1492
15.8472,1534
15.8500,1588
15.8528,1640
15.8556,1648
15.8583,1663
15.8611,1682
15.8639,1680
15.8667,1670
15.8694,1679
15.8722,1678
15.8750,1670
15.8778,1658
15.8806,1692
15.8833,1683
15.8861,1687
15.8889,1684
15.8917,1694
15.8944,1687
15.8972,1678
15.9000,1693
15.9028,1694
15.9056,1675
15.9083,1667
15.9111,1673
15.9139,1673
15.9167,1650
15.9194,1656
15.9222,1676
15.9250,1671
15.9278,1696
15.9306,1701
15.9333,1706
15.9361,1706
15.9389,1701
15.9417,1705
15.9444,1672
15.9472,1666
15.9500,1672
15.9528,1689
15.9556,1672
15.9583,1675
15.9611,1704
15.9639,1702
15.9667,1688
15.9694,1719
15.9722,1729
15.9750,1710
15.9778,1694
15.9806,1703
15.9833,1699
15.9861,1689
15.9889,1703
15.9917,1715
15.9944,1722
15.9972,1728
16.0000,1755
16.0028,1753
16.0056,1763
16.0083,1750
16.0111,1768
16.0139,1748
16.0167,1732
16.0194,1749
16.0222,1758
16.0250,1758
16.0278,1939
16.0306,1852
16.0333,1810
16.0361,1761
16.0389,1771
16.0417,1797
16.0444,1807
16.0472,1809
16.0500,1786
16.0528,1741
16.0556,1688
16.0583,1670
16.0611,1714
16.0639,1727
16.0667,1742
16.0694,1745
16.0722,1700
16.0750,1652
16.0778,1637
16.0806,1653
16.0833,1652
16.0861,1642
16.0889,1637
16.0917,1630
16.0944,1601
16.0972,1609
16.1000,1643
16.1028,1652
16.1056,1659
16.1083,1669
16.1111,1648
16.1139,1610
16.1167,1606
16.1194,1623
16.1222,1637
16.1250,1640
16.1278,1658
16.1306,1643
16.1333,1608
16.1361,1594
16.1389,1620
16.1417,1651
16.1444,1681
16.1472,1689
16.1500,1703
16.1528,1676
16.1556,1643
16.1583,1662
16.1611,1669
16.1639,1678
16.1667,1684
16.1694,1666
16.1722,1659
16.1750,1642
16.1778,1669
16.1806,1674
16.1833,1690
16.1861,1679
16.1889,1690
16.1917,1690
16.1944,1646
16.1972,1642
16.2000,1647
16.2028,1662
16.2056,1686
16.2083,1708
16.2111,1709
16.2139,1688
16.2167,1676
16.2194,1677
16.2222,1698
16.2250,1711
16.2278,1713
16.2306,1729
16.2333,1690
16.2361,1661
16.2389,1674
16.2417,1673
16.2444,1662
16.2472,1671
16.2500,1691
16.2528,1690
16.2556,1663
16.2583,1656
16.2611,1673
16.2639,1678
16.2667,1671
16.2694,1677
16.2722,1650
16.2750,1609
16.2778,1604
16.2806,1622
16.2833,1636
16.2861,1652
16.2889,1667
16.2917,1648
16.2944,1633
16.2972,1646
16.3000,1668
16.3028,1692
16.3056,1698
16.3083,1693
16.3111,1676
16.3139,1648
16.3167,1635
16.3194,1649
16.3222,1666
16.3250,1675
16.3278,1704
16.3306,1727
16.3333,1712
16.3361,1681
16.3389,1697
16.3417,1685
16.3444,1668
16.3472,1656
16.3500,1665
16.3528,1653
16.3556,1638
16.3583,1672
16.3611,1703
16.3639,1696
16.3667,1700
16.3694,1682
16.3722,1649
16.3750,1613
16.3778,1599
16.3806,1618
16.3833,1651
16.3861,1664
16.3889,1687
16.3917,1697
16.3944,1686
16.3972,1660
16.4000,1654
16.4028,1646
16.4056,1640
16.4083,1656
16.4111,1671
16.4139,1658
16.4167,1635
16.4194,1652
16.4222,1660
16.4250,1667
16.4278,1676
16.4306,1686
16.4333,1680
16.4361,1664
16.4389,1668
16.4417,1681
16.4444,1692
16.4472,1703
16.4500,1716
16.4528,1717
16.4556,1680
16.4583,1679
16.4611,1684
16.4639,1677
16.4667,1677
16.4694,1683
16.4722,1701
16.4750,1701
16.4778,1745
16.4806,1780
16.4833,1777
16.4861,1764
16.4889,1773
16.4917,1773
16.4944,1733
16.4972,1732
16.5000,1752
16.5028,1737
16.5056,1724
16.5083,1709
16.5111,1702
16.5139,1667
16.5167,1665
16.5194,1689
16.5222,1684
16.5250,1669
16.5278,1661
16.5306,1658
16.5333,1619
16.5361,1592
16.5389,1630
16.5417,1652
16.5444,1655
16.5472,1668
16.5500,1678
16.5528,1662
16.5556,1644
16.5583,1640
16.5611,1639
16.5639,1652
16.5667,1641
16.5694,1650
16.5722,1639
16.5750,1620
16.5778,1647
16.5806,1680
16.5833,1665
16.5861,1649
16.5889,1650
16.5917,1666
16.5944,1641
16.5972,1666
16.6000,1701
16.6028,1740
16.6056,1786
16.6083,1848
16.6111,1914
16.6139,1959
16.6167,2023
16.6194,2088
16.6222,2136
16.6250,2135
16.6278,2093
16.6306,2021
16.6333,1895
16.6361,1745
16.6389,1609
16.6417,1500
16.6444,1446
16.6472,1431
16.6500,1500
16.6528,1560
16.6556,1595
16.6583,1633
16.6611,1665
16.6639,1681
16.6667,1672
16.6694,1683
16.6722,1658
16.6750,1658
16.6778,1650
16.6806,1658
16.6833,1631
16.6861,1628
16.6889,1638
16.6917,1662
16.6944,1667
16.6972,1671
16.7000,1685
16.7028,1674
16.7056,1672
16.7083,1680
16.7111,1674
16.7139,1669
16.7167,1655
16.7194,1672
16.7222,1673
16.7250,1667
16.7278,1666
16.7306,1680
16.7333,1690
16.7361,1699
16.7389,1715
16.7417,1735
16.7444,1735
16.7472,1734
16.7500,1729
16.7528,1704
16.7556,1694
16.7583,1697
16.7611,1729
16.7639,1721
16.7667,1701
16.7694,1713
16.7722,1718
16.7750,1710
16.7778,1723
16.7806,1754
16.7833,1753
16.7861,1744
16.7889,1761
16.7917,1780
16.7944,1758
16.7972,1745
16.8000,1765
16.8028,1763
16.8056,1758
16.8083,1765
16.8111,1778
16.8139,1784
16.8167,1778
16.8194,1787
16.8222,1772
16.8250,1775
16.8278,1776
16.8306,1788
16.8333,1731
16.8361,1804
16.8389,1818
16.8417,1832
16.8444,1842
16.8472,1851
16.8500,1852
16.8528,1809
16.8556,1786
16.8583,1791
16.8611,1799
16.8639,1800
16.8667,1792
16.8694,1774
16.8722,1713
16.8750,1673
16.8778,1685
16.8806,1711
16.8833,1727
16.8861,1729
16.8889,1726
16.8917,1700
16.8944,1660
16.8972,1652
16.9000,1666
16.9028,1676
16.9056,1688
16.9083,1694
16.9111,1672
16.9139,1642
16.9167,1656
16.9194,1699
16.9222,1707
16.9250,1721
16.9278,1721
16.9306,1687
16.9333,1643
16.9361,1640
16.9389,1674
16.9417,1695
16.9444,1713
16.9472,1725
16.9500,1713
16.9528,1686
16.9556,1663
16.9583,1670
16.9611,1697
16.9639,1720
16.9667,1736
16.9694,1735
16.9722,1710
16.9750,1677
16.9778,1698
16.9806,1710
16.9833,1708
16.9861,1719
16.9889,1716
16.9917,1685
16.9944,1659
16.9972,1666
17.0000,1699
17.0028,1700
17.0056,1722
17.0083,1723
17.0111,1736
17.0139,1703
17.0167,1710
17.0194,1719
17.0222,1720
17.0250,1699
17.0278,1714
17.0306,1709
17.0333,1669
17.0361,1676
17.0389,1700
17.0417,1714
17.0444,1705
17.0472,1714
17.0500,1706
17.0528,1686
17.0556,1671
17.0583,1691
17.0611,1693
17.0639,1706
17.0667,1710
17.0694,1720
17.0722,1703
17.0750,1685
17.0778,1702
17.0806,1714
17.0833,1695
17.0861,1700
17.0889,1723
17.0917,1711
17.0944,1694
17.0972,1694
17.1000,1702
17.1028,1709
17.1056,1695
17.1083,1703
17.1111,1698
17.1139,1683
17.1167,1686
17.1194,1701
17.1222,1682
17.1250,1693
17.1278,1691
17.1306,1677
17.1333,1662
17.1361,1661
17.1389,1676
17.1417,1700
17.1444,1700
17.1472,1722
17.1500,1725
17.1528,1704
17.1556,1697
17.1583,1712
17.1611,1693
17.1639,1697
17.1667,1689
17.1694,1705
17.1722,1673
17.1750,1653
17.1778,1655
17.1806,1668
17.1833,1679
17.1861,1683
17.1889,1707
17.1917,1687
17.1944,1671
17.1972,1677
17.2000,1682
17.2028,1677
17.2056,1670
17.2083,1683
17.2111,1691
17.2139,1678
17.2167,1704
17.2194,1737
17.2222,1740
17.2250,1748
17.2278,1744
17.2306,1734
17.2333,1700
17.2361,1696
17.2389,1715
17.2417,1716
17.2444,1721
17.2472,1723
17.2500,1735
17.2528,1723
17.2556,1728
17.2583,1754
17.2611,1772
17.2639,1768
17.2667,1769
17.2694,1774
17.2722,1753
17.2750,1726
17.2778,1724
17.2806,1706
17.2833,1684
17.2861,1679
17.2889,1693
17.2917,1690
17.2944,1680
17.2972,1671
17.3000,1682
17.3028,1656
17.3056,1653
17.3083,1667
17.3111,1668
17.3139,1645
17.3167,1659
17.3194,1673
17.3222,1669
17.3250,1641
17.3278,1660
17.3306,1664
17.3333,1641
17.3361,1639
17.3389,1656
17.3417,1651
17.3444,1635
17.3472,1645
17.3500,1665
17.3528,1665
17.3556,1654
17.3583,1668
17.3611,1654
17.3639,1640
17.3667,1657
17.3694,1667
17.3722,1678
17.3750,1697
17.3778,1742
17.3806,1806
17.3833,1875
17.3861,1926
17.3889,2004
17.3917,2067
17.3944,2105
17.3972,2159
17.4000,2166
17.4028,2102
17.4056,1989
17.4083,1874
17.4111,1730
17.4139,1570
17.4167,1479
17.4194,1463
17.4222,1499
17.4250,1559
17.4278,1617
17.4306,1668
17.4333,1673
17.4361,1690
17.4389,1700
17.4417,1686
17.4444,1681
17.4472,1685
17.4500,1680
17.4528,1667
17.4556,1668
17.4583,1660
17.4611,1668
17.4639,1650
17.4667,1659
17.4694,1677
17.4722,1669
17.4750,1656
17.4778,1668
17.4806,1675
17.4833,1665
17.4861,1661
17.4889,1686
17.4917,1683
17.4944,1686
17.4972,1694
17.5000,1700
17.5028,1675
17.5056,1675
17.5083,1690
17.5111,1680
17.5139,1684
17.5167,1685
17.5194,1693
17.5222,1687
17.5250,1677
17.5278,1685
17.5306,1696
17.5333,1674
17.5361,1680
17.5389,1703
17.5417,1707
17.5444,1706
17.5472,1699
17.5500,1700
17.5528,1687
17.5556,1684
17.5583,1698
17.5611,1696
17.5639,1685
17.5667,1694
17.5694,1712
17.5722,1721
17.5750,1727
17.5778,1736
17.5806,1748
17.5833,1735
17.5861,1725
17.5889,1749
17.5917,1745
17.5944,1732
17.5972,1742
17.6000,1762
17.6028,1761
17.6056,1924
17.6083,1838
17.6111,1783
17.6139,1761
17.6167,1777
17.6194,1807
17.6222,1836
17.6250,1843
17.6278,1829
17.6306,1782
17.6333,1734
17.6361,1734
17.6389,1747
17.6417,1745
17.6444,1763
17.6472,1763
17.6500,1750
17.6528,1693
17.6556,1685
17.6583,1709
17.6611,1719
17.6639,1725
17.6667,1726
17.6694,1703
17.6722,1677
17.6750,1660
17.6778,1669
17.6806,1685
17.6833,1696
17.6861,1707
17.6889,1695
17.6917,1665
17.6944,1629
17.6972,1653
17.7000,1676
17.7028,1676
17.7056,1682
17.7083,1678
17.7111,1668
17.7139,1651
17.7167,1661
17.7194,1692
17.7222,1698
17.7250,1688
17.7278,1702
17.7306,1673
17.7333,1639
17.7361,1655
17.7389,1690
17.7417,1697
17.7444,1706
17.7472,1701
17.7500,1673
17.7528,1629
17.7556,1632
17.7583,1668
17.7611,1673
17.7639,1698
17.7667,1716
17.7694,1697
17.7722,1672
17.7750,1638
17.7778,1665
17.7806,1691
17.7833,1715
17.7861,1724
17.7889,1707
17.7917,1687
17.7944,1670
17.7972,1689
17.8000,1710
17.8028,1726
17.8056,1735
17.8083,1729
17.8111,1699
17.8139,1678
17.8167,1684
17.8194,1695
17.8222,1702
17.8250,1722
17.8278,1737
17.8306,1711
17.8333,1683
17.8361,1664
17.8389,1683
17.8417,1663
17.8444,1662
17.8472,1692
17.8500,1688
17.8528,1680
17.8556,1687
17.8583,1707
17.8611,1705
17.8639,1694
17.8667,1712
17.8694,1711
17.8722,1678
17.8750,1680
17.8778,1701
17.8806,1730
17.8833,1730
17.8861,1725
17.8889,1728
17.8917,1687
17.8944,1667
17.8972,1681
17.9000,1693
17.9028,1703
17.9056,1694
17.9083,1701
17.9111,1685
17.9139,1683
17.9167,1707
17.9194,1711
17.9222,1706
17.9250,1689
17.9278,1694
17.9306,1695
17.9333,1671
17.9361,1690
17.9389,1704
17.9417,1700
17.9444,1698
17.9472,1704
17.9500,1698
17.9528,1663
17.9556,1665
17.9583,1691
17.9611,1694
17.9639,1684
17.9667,1681
17.9694,1692
17.9722,1685
17.9750,1676
17.9778,1690
17.9806,1691
17.9833,1678
17.9861,1677
17.9889,1678
17.9917,1662
17.9944,1647
17.9972,1662
18.0000,1681
18.0028,1674
18.0056,1683
18.0083,1701
18.0111,1709
18.0139,1684
18.0167,1700
18.0194,1692
18.0222,1682
18.0250,1689
18.0278,1719
18.0306,1709
18.0333,1693
18.0361,1696
18.0389,1711
18.0417,1719
18.0444,1706
18.0472,1730
18.0500,1731
18.0528,1713
18.0556,1703
18.0583,1716
18.0611,1710
18.0639,1715
18.0667,1762
18.0694,1780
18.0722,1759
18.0750,1746
18.0778,1759
18.0806,1741
18.0833,1731
18.0861,1735
18.0889,1755
18.0917,1753
18.0944,1767
18.0972,1774
18.1000,1773
18.1028,1781
18.1056,1818
18.1083,1842
18.1111,1826
18.1139,1808
18.1167,1796
18.1194,1809
18.1222,1792
18.1250,1794
18.1278,1795
18.1306,1781
18.1333,1750
18.1361,1749
18.1389,1737
18.1417,1717
18.1444,1701
18.1472,1709
18.1500,1702
18.1528,1701
18.1556,1705
18.1583,1714
18.1611,1711
18.1639,1704
18.1667,1695
18.1694,1692
18.1722,1672
18.1750,1676
18.1778,1681
18.1806,1680
18.1833,1685
18.1861,1697
18.1889,1721
18.1917,1702
18.1944,1682
18.1972,1696
18.2000,1690
18.2028,1690
18.2056,1700
18.2083,1714
18.2111,1693
18.2139,1697
18.2167,1703
18.2194,1722
18.2222,1713
18.2250,1707
18.2278,1731
18.2306,1763
18.2333,1792
18.2361,1866
18.2389,1942
18.2417,1994
18.2444,2066
18.2472,2138
18.2500,2215
18.2528,2225
18.2556,2172
18.2583,2090
18.2611,1943
18.2639,1795
18.2667,1656
18.2694,1554
18.2722,1469
18.2750,1471
18.2778,1534
18.2806,1599
18.2833,1647
18.2861,1689
18.2889,1709
18.2917,1699
18.2944,1684
18.2972,1682
18.3000,1672
18.3028,1668
18.3056,1662
18.3083,1679
18.3111,1667
18.3139,1663
18.3167,1664
18.3194,1669
18.3222,1664
18.3250,1669
18.3278,1681
18.3306,1681
18.3333,1653
18.3361,1663
18.3389,1661
18.3417,1654
18.3444,1657
18.3472,1688
18.3500,1700
18.3528,1687
18.3556,1692
18.3583,1715
18.3611,1694
18.3639,1685
18.3667,1688
18.3694,1699
18.3722,1697
18.3750,1693
18.3778,1711
18.3806,1710
18.3833,1689
18.3861,1693
18.3889,1700
18.3917,1694
18.3944,1690
18.3972,1721
18.4000,1721
18.4028,1721
18.4056,1708
18.4083,1724
18.4111,1713
18.4139,1713
18.4167,1730
18.4194,1753
18.4222,1740
18.4250,1730
18.4278,1756
18.4306,1749
18.4333,1736
18.4361,1745
18.4389,1750
18.4417,1741
18.4444,1743
18.4472,1761
18.4500,1766
18.4528,1775
18.4556,1767
18.4583,1780
18.4611,1947
18.4639,1873
18.4667,1877
18.4694,1846
18.4722,1793
18.4750,1782
18.4778,1791
18.4806,1801
18.4833,1808
18.4861,1804
18.4889,1775
18.4917,1731
18.4944,1704
18.4972,1729
18.5000,1721
18.5028,1722
18.5056,1718
18.5083,1699
18.5111,1661
18.5139,1645
18.5167,1654
18.5194,1667
18.5222,1675
18.5250,1684
18.5278,1690
18.5306,1660
18.5333,1621
18.5361,1625
18.5389,1652
18.5417,1663
18.5444,1654
18.5472,1660
18.5500,1649
18.5528,1599
18.5556,1621
18.5583,1622
18.5611,1636
18.5639,1648
18.5667,1659
18.5694,1641
18.5722,1631
18.5750,1637
18.5778,1672
18.5806,1699
18.5833,1695
18.5861,1699
18.5889,1692
18.5917,1640
18.5944,1632
18.5972,1663
18.6000,1694
18.6028,1691
18.6056,1699
18.6083,1694
18.6111,1670
18.6139,1659
18.6167,1670
18.6194,1689
18.6222,1704
18.6250,1703
18.6278,1706
18.6306,1674
18.6333,1644
18.6361,1663
18.6389,1686
18.6417,1693
18.6444,1703
18.6472,1703
18.6500,1685
18.6528,1652
18.6556,1660
18.6583,1672
18.6611,1670
18.6639,1678
18.6667,1696
18.6694,1688
18.6722,1682
18.6750,1694
18.6778,1711
18.6806,1706
18.6833,1712
18.6861,1723
18.6889,1723
18.6917,1684
18.6944,1696
18.6972,1711
18.7000,1715
18.7028,1714
18.7056,1728
18.7083,1724
18.7111,1697
18.7139,1677
18.7167,1689
18.7194,1700
18.7222,1691
18.7250,1701
18.7278,1711
18.7306,1694
18.7333,1692
18.7361,1701
18.7389,1733
18.7417,1726
18.7444,1707
18.7472,1713
18.7500,1685
18.7528,1663
18.7556,1678
18.7583,1696
18.7611,1703
18.7639,1707
18.7667,1718
18.7694,1708
18.7722,1676
18.7750,1681
18.7778,1696
18.7806,1703
18.7833,1686
18.7861,1687
18.7889,1693
18.7917,1668
18.7944,1670
18.7972,1688
18.8000,1689
18.8028,1686
18.8056,1706
18.8083,1707
18.8111,1689
18.8139,1666
18.8167,1685
18.8194,1682
18.8222,1699
18.8250,1715
18.8278,1722
18.8306,1700
18.8333,1676
18.8361,1684
18.8389,1693
18.8417,1682
18.8444,1672
18.8472,1679
18.8500,1673
18.8528,1668
18.8556,1680
18.8583,1700
18.8611,1698
18.8639,1690
18.8667,1716
18.8694,1713
18.8722,1688
18.8750,1698
18.8778,1706
18.8806,1709
18.8833,1718
18.8861,1729
18.8889,1730
18.8917,1711
18.8944,1715
18.8972,1714
18.9000,1720
18.9028,1732
18.9056,1745
18.9083,1742
18.9111,1753
18.9139,1739
18.9167,1747
18.9194,1739
18.9222,1738
18.9250,1732
18.9278,1743
18.9306,1747
18.9333,1745
18.9361,1774
18.9389,1788
18.9417,1791
18.9444,1774
18.9472,1787
18.9500,1768
18.9528,1740
18.9556,1715
18.9583,1708
18.9611,1711
18.9639,1715
18.9667,1722
18.9694,1723
18.9722,1696
18.9750,1685
18.9778,1681
18.9806,1661
18.9833,1663
18.9861,1664
18.9889,1673
18.9917,1650
18.9944,1648
18.9972,1663
19.0000,1669
19.0028,1669
19.0056,1667
19.0083,1667
19.0111,1658
19.0139,1645
19.0167,1662
19.0194,1675
19.0222,1663
19.0250,1679
19.0278,1696
19.0306,1697
19.0333,1693
19.0361,1704
19.0389,1713
19.0417,1694
19.0444,1680
19.0472,1687
19.0500,1703
19.0528,1718
19.0556,1763
19.0583,1827
19.0611,1865
19.0639,1939
19.0667,2016
19.0694,2103
19.0722,2167
19.0750,2214
19.0778,2182
19.0806,2076
19.0833,1928
19.0861,1772
19.0889,1637
19.0917,1523
19.0944,1488
19.0972,1498
19.1000,1531
19.1028,1579
19.1056,1629
19.1083,1679
19.1111,1703
19.1139,1706
19.1167,1718
19.1194,1682
19.1222,1671
19.1250,1656
19.1278,1676
19.1306,1659
19.1333,1670
19.1361,1683
19.1389,1680
19.1417,1661
19.1444,1663
19.1472,1707
19.1500,1716
19.1528,1717
19.1556,1715
19.1583,1712
19.1611,1688
19.1639,1668
19.1667,1682
19.1694,1674
19.1722,1668
19.1750,1675
19.1778,1681
19.1806,1687
19.1833,1693
19.1861,1716
19.1889,1729
19.1917,1717
19.1944,1703
19.1972,1714
19.2000,1712
19.2028,1704
19.2056,1705
19.2083,1713
19.2111,1722
19.2139,1709
19.2167,1714
19.2194,1711
19.2222,1697
19.2250,1701
19.2278,1737
19.2306,1733
19.2333,1723
19.2361,1743
19.2389,1752
19.2417,1745
19.2444,1760
19.2472,1796
19.2500,1779
19.2528,1767
19.2556,1756
19.2583,1751
19.2611,1745
19.2639,1738
19.2667,1756
19.2694,1770
19.2722,1746
19.2750,1774
19.2778,1768
19.2806,1772
19.2833,2012
19.2861,1905
19.2889,1884
19.2917,1832
19.2944,1827
19.2972,1833
19.3000,1835
19.3028,1828
19.3056,1822
19.3083,1781
19.3111,1749
19.3139,1727
19.3167,1764
19.3194,1793
19.3222,1803
19.3250,1796
19.3278,1774
19.3306,1730
19.3333,1701
19.3361,1707
19.3389,1711
19.3417,1712
19.3444,1716
19.3472,1694
19.3500,1653
19.3528,1649
19.3556,1670
19.3583,1700
19.3611,1703
19.3639,1710
19.3667,1698
19.3694,1666
19.3722,1634
19.3750,1641
19.3778,1654
19.3806,1678
19.3833,1693
19.3861,1708
19.3889,1674
19.3917,1644
19.3944,1647
19.3972,1663
19.4000,1676
19.4028,1698
19.4056,1716
19.4083,1706
19.4111,1674
19.4139,1658
19.4167,1683
19.4194,1689
19.4222,1695
19.4250,1701
19.4278,1700
19.4306,1645
19.4333,1643
19.4361,1657
19.4389,1684
19.4417,1681
19.4444,1713
19.4472,1696
19.4500,1688
19.4528,1676
19.4556,1692
19.4583,1723
19.4611,1740
19.4639,1742
19.4667,1746
19.4694,1702
19.4722,1682
19.4750,1681
19.4778,1696
19.4806,1711
19.4833,1722
19.4861,1728
19.4889,1724
19.4917,1696
19.4944,1703
19.4972,1704
19.5000,1700
19.5028,1719
19.5056,1720
19.5083,1716
19.5111,1679
19.5139,1694
19.5167,1714
19.5194,1720
19.5222,1717
19.5250,1712
19.5278,1709
19.5306,1676
19.5333,1661
19.5361,1687
19.5389,1702
19.5417,1699
19.5444,1718
19.5472,1712
19.5500,1674
19.5528,1664
19.5556,1698
19.5583,1742
19.5611,1755
19.5639,1743
19.5667,1739
19.5694,1711
19.5722,1669
19.5750,1679
19.5778,1707
19.5806,1708
19.5833,1711
19.5861,1715
19.5889,1715
19.5917,1702
19.5944,1711
19.5972,1729
19.6000,1735
19.6028,1717
19.6056,1694
19.6083,1684
19.6111,1631
19.6139,1655
19.6167,1669
19.6194,1674
19.6222,1677
19.6250,1680
19.6278,1666
19.6306,1652
19.6333,1672
19.6361,1678
19.6389,1666
19.6417,1668
19.6444,1673
19.6472,1682
19.6500,1672
19.6528,1661
19.6556,1678
19.6583,1681
19.6611,1684
19.6639,1694
19.6667,1696
19.6694,1679
19.6722,1660
19.6750,1674
19.6778,1685
19.6806,1690
19.6833,1688
19.6861,1694
19.6889,1687
19.6917,1668
19.6944,1674
19.6972,1684
19.7000,1676
19.7028,1676
19.7056,1685
19.7083,1675
19.7111,1652
19.7139,1653
19.7167,1674
19.7194,1684
19.7222,1691
19.7250,1698
19.7278,1709
19.7306,1697
19.7333,1689
19.7361,1706
19.7389,1719
19.7417,1724
19.7444,1731
19.7472,1756
19.7500,1752
19.7528,1763
19.7556,1765
19.7583,1749
19.7611,1733
19.7639,1731
19.7667,1749
19.7694,1751
19.7722,1747
19.7750,1771
19.7778,1762
19.7806,1762
19.7833,1765
19.7861,1779
19.7889,1768
19.7917,1732
19.7944,1725
19.7972,1719
19.8000,1714
19.8028,1707
19.8056,1725
19.8083,1721
19.8111,1695
19.8139,1677
19.8167,1682
19.8194,1655
19.8222,1640
19.8250,1633
19.8278,1651
19.8306,1663
19.8333,1669
19.8361,1691
19.8389,1692
19.8417,1670
19.8444,1670
19.8472,1687
19.8500,1675
19.8528,1684
19.8556,1687
19.8583,1692
19.8611,1661
19.8639,1656
19.8667,1664
19.8694,1659
19.8722,1643
19.8750,1657
19.8778,1650
19.8806,1655
19.8833,1662
19.8861,1701
19.8889,1730
19.8917,1747
19.8944,1799
19.8972,1849
19.9000,1913
19.9028,1990
19.9056,2097
19.9083,2167
19.9111,2187
19.9139,2145
19.9167,2073
19.9194,1950
19.9222,1815
19.9250,1681
19.9278,1563
19.9306,1489
19.9333,1441
19.9361,1481
19.9389,1536
19.9417,1592
19.9444,1656
19.9472,1710
19.9500,1696
19.9528,1685
19.9556,1676
19.9583,1636
19.9611,1620
19.9639,1625
19.9667,1645
19.9694,1646
19.9722,1645
19.9750,1670
19.9778,1682
19.9806,1655
19.9833,1654
19.9861,1663
19.9889,1685
19.9917,1682
19.9944,1696
19.9972,1691
20.0000,1673
20.0028,1669
20.0056,1689
20.0083,1686
20.0111,1667
20.0139,1678
20.0167,1703
20.0194,1703
20.0222,1694
20.0250,1695
20.0278,1695
20.0306,1690
20.0333,1670
20.0361,1690
20.0389,1678
20.0417,1672
20.0444,1677
20.0472,1701
20.0500,1696
20.0528,1706
20.0556,1719
20.0583,1704
20.0611,1692
20.0639,1691
20.0667,1717
20.0694,1730
20.0722,1716
20.0750,1733
20.0778,1733
20.0806,1705
20.0833,1689
20.0861,1718
20.0889,1717
20.0917,1711
20.0944,1748
20.0972,1762
20.1000,1768
20.1028,1745
20.1056,1741
20.1083,1725
20.1111,1715
20.1139,1722
20.1167,1747
20.1194,1912
20.1222,1837
20.1250,1833
20.1278,1792
20.1306,1763
20.1333,1743
20.1361,1785
20.1389,1793
20.1417,1795
20.1444,1788
20.1472,1756
20.1500,1711
20.1528,1714
20.1556,1732
20.1583,1757
20.1611,1753
20.1639,1747
20.1667,1727
20.1694,1696
20.1722,1676
20.1750,1689
20.1778,1724
20.1806,1738
20.1833,1739
20.1861,1717
20.1889,1665
20.1917,1635
20.1944,1632
20.1972,1643
20.2000,1667
20.2028,1689
20.2056,1699
20.2083,1678
20.2111,1663
20.2139,1694
20.2167,1717
20.2194,1719
20.2222,1713
20.2250,1721
20.2278,1694
20.2306,1659
20.2333,1639
20.2361,1664
20.2389,1666
20.2417,1674
20.2444,1694
20.2472,1700
20.2500,1677
20.2528,1662
20.2556,1669
20.2583,1666
20.2611,1675
20.2639,1673
20.2667,1680
20.2694,1666
20.2722,1665
20.2750,1687
20.2778,1710
20.2806,1710
20.2833,1727
20.2861,1718
20.2889,1688
20.2917,1676
20.2944,1673
20.2972,1669
20.3000,1675
20.3028,1686
20.3056,1698
20.3083,1695
20.3111,1661
20.3139,1669
20.3167,1679
20.3194,1678
20.3222,1686
20.3250,1691
20.3278,1673
20.3306,1655
20.3333,1652
20.3361,1681
20.3389,1670
20.3417,1683
20.3444,1687
20.3472,1681
20.3500,1654
20.3528,1672
20.3556,1710
20.3583,1722
20.3611,1721
20.3639,1708
20.3667,1696
20.3694,1668
20.3722,1655
20.3750,1666
20.3778,1647
20.3806,1661
20.3833,1666
20.3861,1685
20.3889,1674
20.3917,1661
20.3944,1658
20.3972,1681
20.4000,1667
20.4028,1669
20.4056,1678
20.4083,1655
20.4111,1645
20.4139,1649
20.4167,1673
20.4194,1667
20.4222,1666
20.4250,1675
20.4278,1654
20.4306,1634
20.4333,1631
20.4361,1652
20.4389,1665
20.4417,1677
20.4444,1694
20.4472,1714
20.4500,1694
20.4528,1702
20.4556,1724
20.4583,1711
20.4611,1687
20.4639,1693
20.4667,1701
20.4694,1686
20.4722,1695
20.4750,1718
20.4778,1720
20.4806,1713
20.4833,1705
20.4861,1696
20.4889,1679
20.4917,1666
20.4944,1672
20.4972,1680
20.5000,1660
20.5028,1667
20.5056,1715
20.5083,1701
20.5111,1680
20.5139,1674
20.5167,1674
20.5194,1655
20.5222,1661
20.5250,1685
20.5278,1682
20.5306,1685
20.5333,1701
20.5361,1703
20.5389,1702
20.5417,1698
20.5444,1702
20.5472,1700
20.5500,1672
20.5528,1683
20.5556,1710
20.5583,1703
20.5611,1690
20.5639,1693
20.5667,1704
20.5694,1692
20.5722,1685
20.5750,1690
20.5778,1701
20.5806,1695
20.5833,1702
20.5861,1709
20.5889,1709
20.5917,1699
20.5944,1719
20.5972,1741
20.6000,1733
20.6028,1739
20.6056,1745
20.6083,1733
20.6111,1738
20.6139,1765
20.6167,1777
20.6194,1766
20.6222,1759
20.6250,1756
20.6278,1753
20.6306,1720
20.6333,1736
20.6361,1727
20.6389,1707
20.6417,1705
20.6444,1715
20.6472,1700
20.6500,1670
20.6528,1658
20.6556,1666
20.6583,1679
20.6611,1678
20.6639,1690
20.6667,1689
20.6694,1660
20.6722,1651
20.6750,1652
20.6778,1636
20.6806,1635
20.6833,1646
20.6861,1666
20.6889,1663
20.6917,1659
20.6944,1671
20.6972,1692
20.7000,1679
20.7028,1687
20.7056,1683
20.7083,1682
20.7111,1664
20.7139,1679
20.7167,1675
20.7194,1649
20.7222,1648
20.7250,1684
20.7278,1741
20.7306,1747
20.7333,1814
20.7361,1881
20.7389,1931
20.7417,1984
20.7444,2051
20.7472,2136
20.7500,2179
20.7528,2217
20.7556,2200
20.7583,2105
20.7611,1965
20.7639,1821
20.7667,1671
20.7694,1533
20.7722,1465
20.7750,1474
20.7778,1527
20.7806,1605
20.7833,1654
20.7861,1697
20.7889,1693
20.7917,1690
20.7944,1701
20.7972,1712
20.8000,1694
20.8028,1696
20.8056,1708
20.8083,1684
20.8111,1672
20.8139,1659
20.8167,1662
20.8194,1646
20.8222,1648
20.8250,1668
20.8278,1675
20.8306,1673
20.8333,1675
20.8361,1678
20.8389,1668
20.8417,1677
20.8444,1685
20.8472,1700
20.8500,1681
20.8528,1683
20.8556,1680
20.8583,1695
20.8611,1685
20.8639,1692
20.8667,1693
20.8694,1697
20.8722,1686
20.8750,1690
20.8778,1688
20.8806,1688
20.8833,1692
20.8861,1713
20.8889,1689
20.8917,1670
20.8944,1681
20.8972,1700
20.9000,1702
20.9028,1701
20.9056,1720
20.9083,1736
20.9111,1726
20.9139,1743
20.9167,1722
20.9194,1723
20.9222,1715
20.9250,1712
20.9278,1720
20.9306,1725
20.9333,1727
20.9361,1735
20.9389,1723
20.9417,1732
20.9444,1749
20.9472,1765
20.9500,1757
20.9528,1741
20.9556,1760
20.9583,1792
20.9611,1960
20.9639,1864
20.9667,1840
20.9694,1790
20.9722,1773
20.9750,1795
20.9778,1824
20.9806,1832
20.9833,1846
20.9861,1817
20.9889,1754
20.9917,1718
20.9944,1734
20.9972,1734
21.0000,1729
21.0028,1734
21.0056,1721
21.0083,1672
21.0111,1657
21.0139,1665
21.0167,1666
21.0194,1685
21.0222,1699
21.0250,1698
21.0278,1665
21.0306,1633
21.0333,1635
21.0361,1654
21.0389,1658
21.0417,1675
21.0444,1687
21.0472,1669
21.0500,1630
21.0528,1610
21.0556,1630
21.0583,1645
21.0611,1655
21.0639,1676
21.0667,1664
21.0694,1643
21.0722,1628
21.0750,1657
21.0778,1684
21.0806,1683
21.0833,1675
21.0861,1663
21.0889,1624
21.0917,1636
21.0944,1646
21.0972,1663
21.1000,1681
21.1028,1697
21.1056,1696
21.1083,1674
21.1111,1671
21.1139,1686
21.1167,1692
21.1194,1701
21.1222,1706
21.1250,1713
21.1278,1679
21.1306,1664
21.1333,1674
21.1361,1696
21.1389,1707
21.1417,1716
21.1444,1725
21.1472,1713
21.1500,1678
21.1528,1673
21.1556,1675
21.1583,1694
21.1611,1702
21.1639,1718
21.1667,1702
21.1694,1671
21.1722,1677
21.1750,1696
21.1778,1699
21.1806,1688
21.1833,1700
21.1861,1705
21.1889,1678
21.1917,1676
21.1944,1695
21.1972,1694
21.2000,1692
21.2028,1687
21.2056,1692
21.2083,1662
21.2111,1670
21.2139,1682
21.2167,1709
21.2194,1716
21.2222,1722
21.2250,1725
21.2278,1683
21.2306,1669
21.2333,1693
21.2361,1691
21.2389,1690
21.2417,1708
21.2444,1708
21.2472,1678
21.2500,1669
21.2528,1669
21.2556,1684
21.2583,1673
21.2611,1666
21.2639,1673
21.2667,1676
21.2694,1660
21.2722,1673
21.2750,1678
21.2778,1666
21.2806,1682
21.2833,1689
21.2861,1697
21.2889,1677
21.2917,1666
21.2944,1687
21.2972,1683
21.3000,1675
21.3028,1685
21.3056,1689
21.3083,1688
21.3111,1691
21.3139,1703
21.3167,1703
21.3194,1695
21.3222,1696
21.3250,1687
21.3278,1669
21.3306,1659
21.3333,1678
21.3361,1687
21.3389,1680
21.3417,1666
21.3444,1680
21.3472,1687
21.3500,1683
21.3528,1688
21.3556,1700
21.3583,1690
21.3611,1700
21.3639,1719
21.3667,1720
21.3694,1679
21.3722,1676
21.3750,1698
21.3778,1695
21.3806,1706
21.3833,1716
21.3861,1728
21.3889,1703
21.3917,1693
21.3944,1712
21.3972,1715
21.4000,1717
21.4028,1724
21.4056,1746
21.4083,1752
21.4111,1751
21.4139,1767
21.4167,1766
21.4194,1752
21.4222,1752
21.4250,1757
21.4278,1724
21.4306,1701
21.4333,1692
21.4361,1676
21.4389,1689
21.4417,1697
21.4444,1716
21.4472,1716
21.4500,1686
21.4528,1679
21.4556,1680
21.4583,1686
21.4611,1668
21.4639,1680
21.4667,1686
21.4694,1680
21.4722,1664
21.4750,1696
21.4778,1688
21.4806,1685
21.4833,1682
21.4861,1688
21.4889,1664
21.4917,1667
21.4944,1685
21.4972,1682
21.5000,1681
21.5028,1686
21.5056,1716
21.5083,1713
21.5111,1699
21.5139,1702
21.5167,1690
21.5194,1682
21.5222,1677
21.5250,1691
21.5278,1699
21.5306,1717
21.5333,1777
21.5361,1827
21.5389,1867
21.5417,1922
21.5444,2006
21.5472,2078
21.5500,2144
21.5528,2188
21.5556,2190
21.5583,2108
21.5611,1977
21.5639,1858
21.5667,1718
21.5694,1581
21.5722,1484
21.5750,1483
21.5778,1497
21.5806,1535
21.5833,1605
21.5861,1664
21.5889,1697
21.5917,1709
21.5944,1711
21.5972,1703
21.6000,1665
21.6028,1655
21.6056,1668
21.6083,1661
21.6111,1661
21.6139,1685
21.6167,1698
21.6194,1691
21.6222,1700
21.6250,1712
21.6278,1703
21.6306,1684
21.6333,1695
21.6361,1703
21.6389,1683
21.6417,1687
21.6444,1706
21.6472,1697
21.6500,1686
21.6528,1678
21.6556,1692
21.6583,1688
21.6611,1673
21.6639,1693
21.6667,1704
21.6694,1696
21.6722,1685
21.6750,1705
21.6778,1688
21.6806,1694
21.6833,1690
21.6861,1705
21.6889,1700
21.6917,1705
21.6944,1728
21.6972,1723
21.7000,1714
21.7028,1707
21.7056,1724
21.7083,1708
21.7111,1705
21.7139,1715
21.7167,1723
21.7194,1703
21.7222,1714
21.7250,1742
21.7278,1760
21.7306,1758
21.7333,1772
21.7361,1780
21.7389,1764
21.7417,1757
21.7444,1777
21.7472,1759
21.7500,1753
21.7528,1755
21.7556,1792
21.7583,1785
21.7611,1932
21.7639,1831
21.7667,1811
21.7694,1770
21.7722,1790
21.7750,1820
21.7778,1837
21.7806,1824
21.7833,1821
21.7861,1795
21.7889,1741
21.7917,1729
21.7944,1741
21.7972,1732
21.8000,1736
21.8028,1738
21.8056,1722
21.8083,1678
21.8111,1655
21.8139,1675
21.8167,1702
21.8194,1705
21.8222,1701
21.8250,1688
21.8278,1639
21.8306,1640
21.8333,1665
21.8361,1699
21.8389,1720
21.8417,1716
21.8444,1725
21.8472,1689
21.8500,1657
21.8528,1675
21.8556,1672
21.8583,1668
21.8611,1685
21.8639,1683
21.8667,1656
21.8694,1639
21.8722,1639
21.8750,1664
21.8778,1671
21.8806,1693
21.8833,1686
21.8861,1663
21.8889,1640
21.8917,1648
21.8944,1652
21.8972,1680
21.9000,1686
21.9028,1717
21.9056,1712
21.9083,1681
21.9111,1686
21.9139,1702
21.9167,1718
21.9194,1730
21.9222,1731
21.9250,1723
21.9278,1707
21.9306,1685
21.9333,1695
21.9361,1698
21.9389,1716
21.9417,1723
21.9444,1727
21.9472,1699
21.9500,1687
21.9528,1691
21.9556,1707
21.9583,1702
21.9611,1691
21.9639,1721
21.9667,1700
21.9694,1692
21.9722,1705
21.9750,1718
21.9778,1708
21.9806,1706
21.9833,1708
21.9861,1694
21.9889,1679
21.9917,1703
21.9944,1707
21.9972,1699
22.0000,1708
22.0028,1703
22.0056,1701
22.0083,1673
22.0111,1671
22.0139,1680
22.0167,1688
22.0194,1688
22.0222,1699
22.0250,1707
22.0278,1694
22.0306,1702
22.0333,1716
22.0361,1710
22.0389,1693
22.0417,1687
22.0444,1710
22.0472,1698
22.0500,1699
22.0528,1735
22.0556,1741
22.0583,1737
22.0611,1724
22.0639,1738
22.0667,1718
22.0694,1689
22.0722,1699
22.0750,1704
22.0778,1687
22.0806,1693
22.0833,1724
22.0861,1717
22.0889,1684
22.0917,1692
22.0944,1698
22.0972,1700
22.1000,1695
22.1028,1700
22.1056,1707
22.1083,1693
22.1111,1690
22.1139,1697
22.1167,1691
22.1194,1688
22.1222,1686
22.1250,1672
22.1278,1659
22.1306,1663
22.1333,1691
22.1361,1712
22.1389,1706
22.1417,1704
22.1444,1719
22.1472,1699
22.1500,1685
22.1528,1697
22.1556,1693
22.1583,1690
22.1611,1695
22.1639,1705
22.1667,1694
22.1694,1673
22.1722,1689
22.1750,1699
22.1778,1693
22.1806,1698
22.1833,1706
22.1861,1695
22.1889,1675
22.1917,1676
22.1944,1704
22.1972,1699
22.2000,1697
22.2028,1694
22.2056,1698
22.2083,1683
22.2111,1692
22.2139,1692
22.2167,1699
22.2194,1693
22.2222,1689
22.2250,1696
22.2278,1681
22.2306,1669
22.2333,1673
22.2361,1674
22.2389,1659
22.2417,1676
22.2444,1692
22.2472,1699
22.2500,1664
22.2528,1686
22.2556,1698
22.2583,1687
22.2611,1704
22.2639,1725
22.2667,1708
22.2694,1706
22.2722,1707
22.2750,1711
22.2778,1724
22.2806,1731
22.2833,1749
22.2861,1752
22.2889,1732
22.2917,1727
22.2944,1725
22.2972,1736
22.3000,1739
22.3028,1747
22.3056,1739
22.3083,1723
22.3111,1725
22.3139,1729
22.3167,1705
22.3194,1713
22.3222,1712
22.3250,1725
22.3278,1710
22.3306,1702
22.3333,1715
22.3361,1716
22.3389,1677
22.3417,1655
22.3444,1667
22.3472,1665
22.3500,1657
22.3528,1662
22.3556,1689
22.3583,1669
22.3611,1659
22.3639,1674
22.3667,1655
22.3694,1655
22.3722,1667
22.3750,1677
22.3778,1668
22.3806,1667
22.3833,1675
22.3861,1670
22.3889,1670
22.3917,1674
22.3944,1695
22.3972,1682
22.4000,1664
22.4028,1679
22.4056,1690
22.4083,1678
22.4111,1699
22.4139,1760
22.4167,1788
22.4194,1851
22.4222,1929
22.4250,2010
22.4278,2088
22.4306,2140
22.4333,2218
22.4361,2217
22.4389,2119
22.4417,2002
22.4444,1886
22.4472,1746
22.4500,1598
22.4528,1534
22.4556,1492
22.4583,1499
22.4611,1558
22.4639,1616
22.4667,1681
22.4694,1696
22.4722,1723
22.4750,1732
22.4778,1697
22.4806,1668
22.4833,1674
22.4861,1681
22.4889,1665
22.4917,1672
22.4944,1691
22.4972,1679
22.5000,1685
22.5028,1706
22.5056,1712
22.5083,1701
22.5111,1717
22.5139,1732
22.5167,1721
22.5194,1732
22.5222,1730
22.5250,1744
22.5278,1723
22.5306,1712
22.5333,1716
22.5361,1710
22.5389,1703
22.5417,1698
22.5444,1731
22.5472,1723
22.5500,1724
22.5528,1737
22.5556,1751
22.5583,1728
22.5611,1722
22.5639,1742
22.5667,1745
22.5694,1723
22.5722,1733
22.5750,1723
22.5778,1727
22.5806,1714
22.5833,1721
22.5861,1716
22.5889,1713
22.5917,1714
22.5944,1724
22.5972,1720
22.6000,1690
22.6028,1712
22.6056,1736
22.6083,1744
22.6111,1754
22.6139,1779
22.6167,1756
22.6194,1746
22.6222,1738
22.6250,1752
22.6278,1746
22.6306,1734
22.6333,1744
22.6361,1756
22.6389,1756
22.6417,1918
22.6444,1835
22.6472,1807
22.6500,1780
22.6528,1798
22.6556,1808
22.6583,1815
22.6611,1813
22.6639,1797
22.6667,1758
22.6694,1729
22.6722,1715
22.6750,1730
22.6778,1743
22.6806,1749
22.6833,1735
22.6861,1728
22.6889,1685
22.6917,1694
22.6944,1708
22.6972,1704
22.7000,1714
22.7028,1707
22.7056,1680
22.7083,1644
22.7111,1636
22.7139,1666
22.7167,1682
22.7194,1693
22.7222,1694
22.7250,1664
22.7278,1623
22.7306,1627
22.7333,1680
22.7361,1698
22.7389,1701
22.7417,1717
22.7444,1699
22.7472,1655
22.7500,1654
22.7528,1676
22.7556,1704
22.7583,1711
22.7611,1701
22.7639,1712
22.7667,1705
22.7694,1674
22.7722,1687
22.7750,1695
22.7778,1682
22.7806,1697
22.7833,1707
22.7861,1673
22.7889,1675
22.7917,1681
22.7944,1688
22.7972,1683
22.8000,1695
22.8028,1700
22.8056,1693
22.8083,1669
22.8111,1695
22.8139,1696
22.8167,1732
22.8194,1746
22.8222,1744
22.8250,1728
22.8278,1701
22.8306,1682
22.8333,1693
22.8361,1692
22.8389,1700
22.8417,1702
22.8444,1723
22.8472,1706
22.8500,1686
22.8528,1710
22.8556,1727
22.8583,1719
22.8611,1722
22.8639,1736
22.8667,1724
22.8694,1705
22.8722,1716
22.8750,1729
22.8778,1724
22.8806,1713
22.8833,1726
22.8861,1711
22.8889,1693
22.8917,1720
22.8944,1726
22.8972,1731
22.9000,1719
22.9028,1722
22.9056,1712
22.9083,1692
22.9111,1698
22.9139,1723
22.9167,1717
22.9194,1724
22.9222,1718
22.9250,1724
22.9278,1706
22.9306,1691
22.9333,1698
22.9361,1705
22.9389,1708
22.9417,1716
22.9444,1725
22.9472,1706
22.9500,1682
22.9528,1697
22.9556,1698
22.9583,1699
22.9611,1692
22.9639,1731
22.9667,1716
22.9694,1688
22.9722,1693
22.9750,1699
22.9778,1691
22.9806,1693
22.9833,1706
22.9861,1695
22.9889,1686
22.9917,1694
22.9944,1714
22.9972,1705
23.0000,1719
23.0028,1719
23.0056,1718
23.0083,1680
23.0111,1682
23.0139,1699
23.0167,1697
23.0194,1698
23.0222,1703
23.0250,1711
23.0278,1699
23.0306,1694
23.0333,1707
23.0361,1704
23.0389,1682
23.0417,1707
23.0444,1701
23.0472,1685
23.0500,1674
23.0528,1681
23.0556,1681
23.0583,1700
23.0611,1702
23.0639,1718
23.0667,1706
23.0694,1700
23.0722,1696
23.0750,1701
23.0778,1690
23.0806,1693
23.0833,1705
23.0861,1711
23.0889,1689
23.0917,1724
23.0944,1751
23.0972,1743
23.1000,1744
23.1028,1758
23.1056,1753
23.1083,1727
23.1111,1726
23.1139,1733
23.1167,1727
23.1194,1746
23.1222,1759
23.1250,1771
23.1278,1769
23.1306,1781
23.1333,1782
23.1361,1785
23.1389,1791
23.1417,1792
23.1444,1791
23.1472,1764
23.1500,1750
23.1528,1743
23.1556,1733
23.1583,1720
23.1611,1722
23.1639,1717
23.1667,1702
23.1694,1707
23.1722,1719
23.1750,1716
23.1778,1686
23.1806,1688
23.1833,1699
23.1861,1691
23.1889,1669
23.1917,1676
23.1944,1681
23.1972,1682
23.2000,1668
23.2028,1685
23.2056,1674
23.2083,1657
23.2111,1646
23.2139,1666
23.2167,1659
23.2194,1647
23.2222,1667
23.2250,1674
23.2278,1649
23.2306,1650
23.2333,1654
23.2361,1651
23.2389,1632
23.2417,1643
23.2444,1645
23.2472,1638
23.2500,1639
23.2528,1654
23.2556,1676
23.2583,1707
23.2611,1757
23.2639,1829
23.2667,1883
23.2694,1938
23.2722,2013
23.2750,2075
23.2778,2116
23.2806,2143
23.2833,2130
23.2861,2031
23.2889,1908
23.2917,1770
23.2944,1628
23.2972,1502
23.3000,1455
23.3028,1463
23.3056,1524
23.3083,1557
23.3111,1610
23.3139,1660
23.3167,1659
23.3194,1659
23.3222,1677
23.3250,1679
23.3278,1656
23.3306,1633
23.3333,1635
23.3361,1639
23.3389,1642
23.3417,1640
23.3444,1660
23.3472,1671
23.3500,1679
23.3528,1696
23.3556,1687
23.3583,1671
23.3611,1653
23.3639,1641
23.3667,1646
23.3694,1646
23.3722,1664
23.3750,1667
23.3778,1655
23.3806,1653
23.3833,1654
23.3861,1653
23.3889,1641
23.3917,1684
23.3944,1705
23.3972,1691
23.4000,1693
23.4028,1700
23.4056,1719
23.4083,1700
23.4111,1703
23.4139,1697
23.4167,1675
23.4194,1661
23.4222,1661
23.4250,1686
23.4278,1673
23.4306,1683
23.4333,1690
23.4361,1679
23.4389,1672
23.4417,1681
23.4444,1702
23.4472,1697
23.4500,1696
23.4528,1706
23.4556,1697
23.4583,1697
23.4611,1695
23.4639,1717
23.4667,1725
23.4694,1739
23.4722,1761
23.4750,1755
23.4778,1740
23.4806,1734
23.4833,1766
23.4861,1763
23.4889,1692
23.4917,1797
23.4944,1810
23.4972,1822
23.5000,1822
23.5028,1840
23.5056,1806
23.5083,1781
23.5111,1788
23.5139,1805
23.5167,1816
23.5194,1803
23.5222,1797
23.5250,1744
23.5278,1702
23.5306,1688
23.5333,1712
23.5361,1720
23.5389,1729
23.5417,1727
23.5444,1696
23.5472,1642
23.5500,1642
23.5528,1665
23.5556,1683
23.5583,1700
23.5611,1716
23.5639,1714
23.5667,1669
23.5694,1664
23.5722,1679
23.5750,1689
23.5778,1710
23.5806,1724
23.5833,1734
23.5861,1692
23.5889,1669
23.5917,1677
23.5944,1717
23.5972,1739
23.6000,1727
23.6028,1726
23.6056,1703
23.6083,1653
23.6111,1659
23.6139,1676
23.6167,1703
23.6194,1700
23.6222,1717
23.6250,1697
23.6278,1668
23.6306,1688
23.6333,1729
23.6361,1748
23.6389,1749
23.6417,1730
23.6444,1704
23.6472,1647
23.6500,1637
23.6528,1648
23.6556,1683
23.6583,1705
23.6611,1710
23.6639,1709
23.6667,1675
23.6694,1649
23.6722,1680
23.6750,1686
23.6778,1681
23.6806,1689
23.6833,1692
23.6861,1661
23.6889,1652
23.6917,1669
23.6944,1666
23.6972,1659
23.7000,1678
23.7028,1693
23.7056,1663
23.7083,1641
23.7111,1648
23.7139,1663
23.7167,1658
23.7194,1657
23.7222,1677
23.7250,1674
23.7278,1660
23.7306,1659
23.7333,1673
23.7361,1674
23.7389,1683
23.7417,1701
23.7444,1706
23.7472,1688
23.7500,1688
23.7528,1696
23.7556,1689
23.7583,1688
23.7611,1684
23.7639,1680
23.7667,1652
23.7694,1661
23.7722,1678
23.7750,1686
23.7778,1678
23.7806,1688
23.7833,1691
23.7861,1683
23.7889,1666
23.7917,1672
23.7944,1705
23.7972,1686
23.8000,1685
23.8028,1678
23.8056,1661
23.8083,1628
23.8111,1634
23.8139,1647
23.8167,1661
23.8194,1668
23.8222,1694
23.8250,1674
23.8278,1658
23.8306,1655
23.8333,1680
23.8361,1689
23.8389,1689
23.8417,1701
23.8444,1710
23.8472,1692
23.8500,1703
23.8528,1724
23.8556,1723
23.8583,1719
23.8611,1714
23.8639,1714
23.8667,1688
23.8694,1656
23.8722,1662
23.8750,1660
23.8778,1669
23.8806,1686
23.8833,1684
23.8861,1667
23.8889,1676
23.8917,1688
23.8944,1681
23.8972,1659
23.9000,1649
23.9028,1672
23.9056,1662
23.9083,1684
23.9111,1702
23.9139,1716
23.9167,1714
23.9194,1716
23.9222,1733
23.9250,1719
23.9278,1705
23.9306,1697
23.9333,1712
23.9361,1709
23.9389,1724
23.9417,1756
23.9444,1769
23.9472,1755
23.9500,1734
23.9528,1739
23.9556,1730
23.9583,1742
23.9611,1766
23.9639,1785
23.9667,1769
23.9694,1769
23.9722,1768
23.9750,1772
23.9778,1755
23.9806,1742
23.9833,1737
23.9861,1724
23.9889,1732
23.9917,1747
23.9944,1750
23.9972,1738
24.0000,1747
24.0028,1757
24.0056,1722
24.0083,1696
24.0111,1686
24.0139,1674
24.0167,1666
24.0194,1663
24.0222,1681
24.0250,1688
24.0278,1683
24.0306,1689
24.0333,1686
24.0361,1697
24.0389,1693
24.0417,1695
24.0444,1697
24.0472,1685
24.0500,1684
24.0528,1678
24.0556,1660
24.0583,1669
24.0611,1681
24.0639,1669
24.0667,1660
24.0694,1649
24.0722,1658
24.0750,1672
24.0778,1691
24.0806,1733
24.0833,1818
24.0861,1867
24.0889,1926
24.0917,1995
24.0944,2064
24.0972,2125
24.1000,2175
24.1028,2178
24.1056,2139
24.1083,2010
24.1111,1881
24.1139,1732
24.1167,1589
24.1194,1511
24.1222,1478
24.1250,1490
24.1278,1531
24.1306,1603
24.1333,1670
24.1361,1693
24.1389,1701
24.1417,1701
24.1444,1682
24.1472,1654
24.1500,1662
24.1528,1678
24.1556,1683
24.1583,1675
24.1611,1660
24.1639,1671
24.1667,1656
24.1694,1674
24.1722,1696
24.1750,1707
24.1778,1675
24.1806,1657
24.1833,1651
24.1861,1634
24.1889,1633
24.1917,1669
24.1944,1681
24.1972,1674
24.2000,1684
24.2028,1703
24.2056,1712
24.2083,1701
24.2111,1706
24.2139,1719
24.2167,1698
24.2194,1683
24.2222,1695
24.2250,1709
24.2278,1704
24.2306,1727
24.2333,1737
24.2361,1728
24.2389,1700
24.2417,1699
24.2444,1693
24.2472,1686
24.2500,1676
24.2528,1706
24.2556,1708
24.2583,1719
24.2611,1720
24.2639,1745
24.2667,1743
24.2694,1735
24.2722,1726
24.2750,1721
24.2778,1718
24.2806,1727
24.2833,1748
24.2861,1758
24.2889,1753
24.2917,1773
24.2944,1760
24.2972,1747
24.3000,1738
24.3028,1779
24.3056,1794
24.3083,1727
24.3111,1827
24.3139,1838
24.3167,1863
24.3194,1858
24.3222,1839
24.3250,1790
24.3278,1730
24.3306,1736
24.3333,1762
24.3361,1777
24.3389,1774
24.3417,1772
24.3444,1738
24.3472,1711
24.3500,1703
24.3528,1708
24.3556,1714
24.3583,1702
24.3611,1677
24.3639,1667
24.3667,1643
24.3694,1647
24.3722,1683
24.3750,1691
24.3778,1699
24.3806,1699
24.3833,1676
24.3861,1635
24.3889,1625
24.3917,1668
24.3944,1677
24.3972,1693
24.4000,1695
24.4028,1693
24.4056,1659
24.4083,1640
24.4111,1644
24.4139,1641
24.4167,1639
24.4194,1649
24.4222,1659
24.4250,1637
24.4278,1630
24.4306,1648
24.4333,1677
24.4361,1683
24.4389,1692
24.4417,1677
24.4444,1647
24.4472,1619
24.4500,1617
24.4528,1652
24.4556,1682
24.4583,1692
24.4611,1694
24.4639,1680
24.4667,1648
24.4694,1635
24.4722,1662
24.4750,1679
24.4778,1690
24.4806,1704
24.4833,1699
24.4861,1669
24.4889,1649
24.4917,1679
24.4944,1690
24.4972,1711
24.5000,1720
24.5028,1733
24.5056,1718
24.5083,1691
24.5111,1677
24.5139,1666
24.5167,1671
24.5194,1674
24.5222,1697
24.5250,1694
24.5278,1669
24.5306,1698
24.5333,1695
24.5361,1702
24.5389,1687
24.5417,1703
24.5444,1694
24.5472,1678
24.5500,1694
24.5528,1717
24.5556,1710
24.5583,1704
24.5611,1692
24.5639,1676
24.5667,1683
24.5694,1681
24.5722,1715
24.5750,1716
24.5778,1729
24.5806,1723
24.5833,1729
24.5861,1700
24.5889,1690
24.5917,1710
24.5944,1702
24.5972,1688
24.6000,1699
24.6028,1731
24.6056,1722
24.6083,1702
24.6111,1724
24.6139,1707
24.6167,1714
24.6194,1715
24.6222,1737
24.6250,1736
24.6278,1716
24.6306,1731
24.6333,1740
24.6361,1718
24.6389,1716
24.6417,1710
24.6444,1704
24.6472,1692
24.6500,1687
24.6528,1690
24.6556,1678
24.6583,1688
24.6611,1694
24.6639,1716
24.6667,1689
24.6694,1698
24.6722,1718
24.6750,1727
24.6778,1714
24.6806,1698
24.6833,1695
24.6861,1665
24.6889,1674
24.6917,1694
24.6944,1702
24.6972,1705
24.7000,1718
24.7028,1727
24.7056,1703
24.7083,1698
24.7111,1712
24.7139,1733
24.7167,1723
24.7194,1727
24.7222,1749
24.7250,1721
24.7278,1696
24.7306,1723
24.7333,1737
24.7361,1760
24.7389,1759
24.7417,1768
24.7444,1739
24.7472,1713
24.7500,1715
24.7528,1735
24.7556,1735
24.7583,1738
24.7611,1763
24.7639,1762
24.7667,1729
24.7694,1726
24.7722,1744
24.7750,1733
24.7778,1750
24.7806,1769
24.7833,1791
24.7861,1776
24.7889,1759
24.7917,1768
24.7944,1763
24.7972,1749
24.8000,1755
24.8028,1774
24.8056,1795
24.8083,1782
24.8111,1803
24.8139,1787
24.8167,1789
24.8194,1779
24.8222,1811
24.8250,1826
24.8278,1820
24.8306,1833
24.8333,1808
24.8361,1782
24.8389,1769
24.8417,1769
24.8444,1741
24.8472,1735
24.8500,1732
24.8528,1747
24.8556,1739
24.8583,1734
24.8611,1730
24.8639,1732
24.8667,1719
24.8694,1723
24.8722,1731
24.8750,1720
24.8778,1700
24.8806,1707
24.8833,1707
24.8861,1706
24.8889,1708
24.8917,1725
24.8944,1716
24.8972,1706
24.9000,1731
24.9028,1734
24.9056,1724
24.9083,1706
24.9111,1729
24.9139,1733
24.9167,1720
24.9194,1712
24.9222,1727
24.9250,1718
24.9278,1715
24.9306,1720
24.9333,1727
24.9361,1737
24.9389,1746
24.9417,1792
24.9444,1841
24.9472,1882
24.9500,1944
24.9528,2025
24.9556,2079
24.9583,2138
24.9611,2203
24.9639,2244
24.9667,2185
24.9694,2074
24.9722,1943
24.9750,1787
24.9778,1644
24.9806,1542
24.9833,1511
24.9861,1517
24.9889,1572
24.9917,1650
24.9944,1698
24.9972,1706
25.0000,1713
25.0028,1730
25.0056,1713
25.0083,1693
25.0111,1693
25.0139,1691
25.0167,1687
25.0194,1691
25.0222,1707
25.0250,1703
25.0278,1683
25.0306,1693
25.0333,1692
25.0361,1678
25.0389,1674
25.0417,1689
25.0444,1684
25.0472,1676
25.0500,1676
25.0528,1696
25.0556,1697
25.0583,1698
25.0611,1696
25.0639,1706
25.0667,1697
25.0694,1692
25.0722,1694
25.0750,1697
25.0778,1696
25.0806,1713
25.0833,1734
25.0861,1731
25.0889,1727
25.0917,1748
25.0944,1746
25.0972,1742
25.1000,1743
25.1028,1748
25.1056,1734
25.1083,1718
25.1111,1746
25.1139,1760
25.1167,1758
25.1194,1771
25.1222,1766
25.1250,1759
25.1278,1763
25.1306,1763
25.1333,1772
25.1361,1778
25.1389,1768
25.1417,1784
25.1444,1786
25.1472,1779
25.1500,1787
25.1528,1781
25.1556,1766
25.1583,1758
25.1611,1768
25.1639,1775
25.1667,1775
25.1694,1769
25.1722,1850
25.1750,1860
25.1778,1856
25.1806,1860
25.1833,1821
25.1861,1790
25.1889,1787
25.1917,1803
25.1944,1811
25.1972,1820
25.2000,1833
25.2028,1787
25.2056,1762
25.2083,1732
25.2111,1740
25.2139,1752
25.2167,1762
25.2194,1760
25.2222,1764
25.2250,1704
25.2278,1678
25.2306,1683
25.2333,1696
25.2361,1707
25.2389,1708
25.2417,1722
25.2444,1688
25.2472,1654
25.2500,1666
25.2528,1678
25.2556,1676
25.2583,1697
25.2611,1714
25.2639,1696
25.2667,1671
25.2694,1671
25.2722,1686
25.2750,1713
25.2778,1707
25.2806,1722
25.2833,1696
25.2861,1665
25.2889,1666
25.2917,1699
25.2944,1705
25.2972,1706
25.3000,1708
25.3028,1695
25.3056,1666
25.3083,1663
25.3111,1703
25.3139,1711
25.3167,1723
25.3194,1724
25.3222,1727
25.3250,1675
25.3278,1652
25.3306,1676
25.3333,1695
25.3361,1709
25.3389,1720
25.3417,1744
25.3444,1724
25.3472,1708
25.3500,1714
25.3528,1711
25.3556,1713
25.3583,1707
25.3611,1711
25.3639,1712
25.3667,1694
25.3694,1727
25.3722,1741
25.3750,1733
25.3778,1718
25.3806,1720
25.3833,1696
25.3861,1673
25.3889,1682
25.3917,1711
25.3944,1731
25.3972,1738
25.4000,1722
25.4028,1716
25.4056,1689
25.4083,1690
25.4111,1707
25.4139,1717
25.4167,1708
25.4194,1718
25.4222,1712
25.4250,1684
25.4278,1668
25.4306,1685
25.4333,1674
25.4361,1678
25.4389,1691
25.4417,1697
25.4444,1678
25.4472,1683
25.4500,1694
25.4528,1705
25.4556,1698
25.4583,1689
25.4611,1704
25.4639,1679
25.4667,1665
25.4694,1665
25.4722,1687
25.4750,1693
25.4778,1701
25.4806,1710
25.4833,1705
25.4861,1688
25.4889,1680
25.4917,1688
25.4944,1699
25.4972,1693
25.5000,1721
25.5028,1719
25.5056,1691
25.5083,1688
25.5111,1710
25.5139,1717
25.5167,1705
25.5194,1703
25.5222,1720
25.5250,1692
25.5278,1681
25.5306,1684
25.5333,1695
25.5361,1699
25.5389,1685
25.5417,1687
25.5444,1663
25.5472,1649
25.5500,1672
25.5528,1684
25.5556,1688
25.5583,1687
25.5611,1701
25.5639,1705
25.5667,1689
25.5694,1678
25.5722,1693
25.5750,1670
25.5778,1662
25.5806,1682
25.5833,1679
25.5861,1661
25.5889,1665
25.5917,1696
25.5944,1691
25.5972,1674
25.6000,1677
25.6028,1689
25.6056,1686
25.6083,1693
25.6111,1718
25.6139,1732
25.6167,1727
25.6194,1736
25.6222,1742
25.6250,1712
25.6278,1713
25.6306,1733
25.6333,1738
25.6361,1754
25.6389,1750
25.6417,1757
25.6444,1729
25.6472,1693
25.6500,1714
25.6528,1711
25.6556,1700
25.6583,1685
25.6611,1699
25.6639,1676
25.6667,1675
25.6694,1659
25.6722,1670
25.6750,1658
25.6778,1652
25.6806,1659
25.6833,1656
25.6861,1626
25.6889,1626
25.6917,1632
25.6944,1624
25.6972,1623
25.7000,1651
25.7028,1656
25.7056,1649
25.7083,1622
25.7111,1656
25.7139,1645
25.7167,1648
25.7194,1651
25.7222,1666
25.7250,1657
25.7278,1662
25.7306,1670
25.7333,1674
25.7361,1679
25.7389,1658
25.7417,1658
25.7444,1661
25.7472,1672
25.7500,1697
25.7528,1746
25.7556,1788
25.7583,1852
25.7611,1926
25.7639,1979
25.7667,2044
25.7694,2119
25.7722,2179
25.7750,2170
25.7778,2090
25.7806,1984
25.7833,1859
25.7861,1694
25.7889,1569
25.7917,1491
25.7944,1456
25.7972,1485
25.8000,1540
25.8028,1607
25.8056,1651
25.8083,1675
25.8111,1695
25.8139,1712
25.8167,1694
25.8194,1679
25.8222,1678
25.8250,1682
25.8278,1679
25.8306,1692
25.8333,1674
25.8361,1659
25.8389,1658
25.8417,1663
25.8444,1672
25.8472,1673
25.8500,1690
25.8528,1699
25.8556,1665
25.8583,1665
25.8611,1674
25.8639,1671
25.8667,1657
25.8694,1654
25.8722,1668
25.8750,1656
25.8778,1668
25.8806,1674
25.8833,1680
25.8861,1676
25.8889,1688
25.8917,1690
25.8944,1677
25.8972,1666
25.9000,1683
25.9028,1686
25.9056,1688
25.9083,1679
25.9111,1676
25.9139,1669
25.9167,1665
25.9194,1661
25.9222,1691
25.9250,1696
25.9278,1686
25.9306,1699
25.9333,1695
25.9361,1683
25.9389,1681
25.9417,1701
25.9444,1696
25.9472,1706
25.9500,1709
25.9528,1693
25.9556,1691
25.9583,1677
25.9611,1704
25.9639,1707
25.9667,1699
25.9694,1705
25.9722,1732
25.9750,1715
25.9778,1717
25.9806,1872
25.9833,1819
25.9861,1782
25.9889,1785
25.9917,1816
25.9944,1832
25.9972,1839
26.0000,1816
26.0028,1777
26.0056,1726
26.0083,1706
26.0111,1712
26.0139,1725
26.0167,1729
26.0194,1738
26.0222,1722
26.0250,1663
26.0278,1649
26.0306,1648
26.0333,1663
26.0361,1661
26.0389,1655
26.0417,1635
26.0444,1609
26.0472,1606
26.0500,1627
26.0528,1651
26.0556,1654
26.0583,1652
26.0611,1641
26.0639,1611
26.0667,1601
26.0694,1627
26.0722,1658
26.0750,1665
26.0778,1678
26.0806,1662
26.0833,1630
26.0861,1600
26.0889,1617
26.0917,1644
26.0944,1667
26.0972,1662
26.1000,1669
26.1028,1669
26.1056,1620
26.1083,1615
26.1111,1646
26.1139,1657
26.1167,1660
26.1194,1672
26.1222,1661
26.1250,1621
26.1278,1631
26.1306,1660
26.1333,1661
26.1361,1672
26.1389,1676
26.1417,1674
26.1444,1639
26.1472,1639
26.1500,1650
26.1528,1671
26.1556,1676
26.1583,1670
26.1611,1687
26.1639,1658
26.1667,1631
26.1694,1654
26.1722,1657
26.1750,1656
26.1778,1650
26.1806,1644
26.1833,1637
26.1861,1619
26.1889,1622
26.1917,1643
26.1944,1653
26.1972,1661
26.2000,1667
26.2028,1647
26.2056,1630
26.2083,1635
26.2111,1660
26.2139,1652
26.2167,1645
26.2194,1651
26.2222,1633
26.2250,1616
26.2278,1608
26.2306,1644
26.2333,1666
26.2361,1662
26.2389,1678
26.2417,1672
26.2444,1654
26.2472,1640
26.2500,1660
26.2528,1671
26.2556,1672
26.2583,1665
26.2611,1689
26.2639,1680
26.2667,1650
26.2694,1667
26.2722,1678
26.2750,1684
26.2778,1692
26.2806,1688
26.2833,1693
26.2861,1658
26.2889,1678
26.2917,1683
26.2944,1684
26.2972,1689
26.3000,1698
26.3028,1691
26.3056,1681
26.3083,1678
26.3111,1686
26.3139,1667
26.3167,1676
26.3194,1681
26.3222,1695
26.3250,1681
26.3278,1690
26.3306,1701
26.3333,1709
26.3361,1704
26.3389,1716
26.3417,1725
26.3444,1692
26.3472,1675
26.3500,1676
26.3528,1681
26.3556,1683
26.3583,1691
26.3611,1707
26.3639,1702
26.3667,1711
26.3694,1723
26.3722,1706
26.3750,1705
26.3778,1702
26.3806,1709
26.3833,1717
26.3861,1699
26.3889,1701
26.3917,1700
26.3944,1699
26.3972,1669
26.4000,1677
26.4028,1685
26.4056,1692
26.4083,1703
26.4111,1708
26.4139,1728
26.4167,1711
26.4194,1729
26.4222,1731
26.4250,1722
26.4278,1718
26.4306,1747
26.4333,1744
26.4361,1728
26.4389,1735
26.4417,1754
26.4444,1739
26.4472,1734
26.4500,1743
26.4528,1737
26.4556,1731
26.4583,1756
26.4611,1797
26.4639,1805
26.4667,1800
26.4694,1797
26.4722,1777
26.4750,1736
26.4778,1706
26.4806,1697
26.4833,1682
26.4861,1674
26.4889,1712
26.4917,1737
26.4944,1727
26.4972,1714
26.5000,1700
26.5028,1696
26.5056,1683
26.5083,1685
26.5111,1700
26.5139,1699
26.5167,1710
26.5194,1713
26.5222,1713
26.5250,1687
26.5278,1690
26.5306,1695
26.5333,1682
26.5361,1668
26.5389,1675
26.5417,1685
26.5444,1681
26.5472,1691
26.5500,1696
26.5528,1693
26.5556,1695
26.5583,1697
26.5611,1707
26.5639,1691
26.5667,1691
26.5694,1708
26.5722,1713
26.5750,1723
26.5778,1743
26.5806,1779
26.5833,1817
26.5861,1859
26.5889,1915
26.5917,1987
26.5944,2045
26.5972,2111
26.6000,2189
26.6028,2229
26.6056,2176
26.6083,2068
26.6111,1964
26.6139,1810
26.6167,1660
26.6194,1550
26.6222,1493
26.6250,1486
26.6278,1516
26.6306,1592
26.6333,1633
26.6361,1667
26.6389,1674
26.6417,1701
26.6444,1672
26.6472,1660
26.6500,1670
26.6528,1674
26.6556,1682
26.6583,1678
26.6611,1678
26.6639,1672
26.6667,1658
26.6694,1675
26.6722,1678
26.6750,1691
26.6778,1694
26.6806,1712
26.6833,1705
26.6861,1665
26.6889,1685
26.6917,1693
26.6944,1690
26.6972,1698
26.7000,1722
26.7028,1726
26.7056,1708
26.7083,1702
26.7111,1720
26.7139,1713
26.7167,1707
26.7194,1694
26.7222,1695
26.7250,1679
26.7278,1673
26.7306,1694
26.7333,1712
26.7361,1705
26.7389,1716
26.7417,1738
26.7444,1701
26.7472,1687
26.7500,1702
26.7528,1680
26.7556,1691
26.7583,1695
26.7611,1727
26.7639,1713
26.7667,1718
26.7694,1735
26.7722,1739
26.7750,1733
26.7778,1734
26.7806,1735
26.7833,1748
26.7861,1729
26.7889,1744
26.7917,1757
26.7944,1744
26.7972,1729
26.8000,1736
26.8028,1768
26.8056,1763
26.8083,1780
26.8111,1845
26.8139,1835
26.8167,1835
26.8194,1835
26.8222,1816
26.8250,1774
26.8278,1773
26.8306,1786
26.8333,1810
26.8361,1810
26.8389,1804
26.8417,1776
26.8444,1731
26.8472,1702
26.8500,1713
26.8528,1718
26.8556,1734
26.8583,1736
26.8611,1709
26.8639,1665
26.8667,1646
26.8694,1654
26.8722,1673
26.8750,1697
26.8778,1732
26.8806,1736
26.8833,1673
26.8861,1635
26.8889,1642
26.8917,1677
26.8944,1689
26.8972,1713
26.9000,1713
26.9028,1676
26.9056,1640
26.9083,1645
26.9111,1677
26.9139,1692
26.9167,1716
26.9194,1711
26.9222,1698
26.9250,1671
26.9278,1693
26.9306,1705
26.9333,1713
26.9361,1710
26.9389,1726
26.9417,1707
26.9444,1666
26.9472,1669
26.9500,1700
26.9528,1707
26.9556,1724
26.9583,1714
26.9611,1735
26.9639,1698
26.9667,1675
26.9694,1674
26.9722,1688
26.9750,1681
26.9778,1682
26.9806,1681
26.9833,1663
26.9861,1652
26.9889,1687
26.9917,1700
26.9944,1699
26.9972,1704
27.0000,1701
27.0028,1683
27.0056,1665
27.0083,1692
27.0111,1708
27.0139,1707
27.0167,1697
27.0194,1695
27.0222,1685
27.0250,1658
27.0278,1659
27.0306,1660
27.0333,1650
27.0361,1643
27.0389,1659
27.0417,1660
27.0444,1643
27.0472,1651
27.0500,1681
27.0528,1688
27.0556,1685
27.0583,1704
27.0611,1705
27.0639,1669
27.0667,1667
27.0694,1685
27.0722,1673
27.0750,1658
27.0778,1671
27.0806,1681
27.0833,1677
27.0861,1663
27.0889,1680
27.0917,1696
27.0944,1689
27.0972,1705
27.1000,1729
27.1028,1705
27.1056,1692
27.1083,1693
27.1111,1696
27.1139,1679
27.1167,1666
27.1194,1673
27.1222,1664
27.1250,1650
27.1278,1660
27.1306,1691
27.1333,1691
27.1361,1675
27.1389,1684
27.1417,1705
27.1444,1714
27.1472,1722
27.1500,1713
27.1528,1696
27.1556,1706
27.1583,1717
27.1611,1729
27.1639,1719
27.1667,1702
27.1694,1721
27.1722,1744
27.1750,1744
27.1778,1756
27.1806,1794
27.1833,1791
27.1861,1781
27.1889,1791
27.1917,1789
27.1944,1790
27.1972,1775
27.2000,1791
27.2028,1777
27.2056,1739
27.2083,1737
27.2111,1753
27.2139,1721
27.2167,1705
27.2194,1700
27.2222,1672
27.2250,1637
27.2278,1660
27.2306,1664
27.2333,1657
27.2361,1646
27.2389,1638
27.2417,1643
27.2444,1625
27.2472,1639
27.2500,1642
27.2528,1632
27.2556,1628
27.2583,1630
27.2611,1642
27.2639,1615
27.2667,1606
27.2694,1619
27.2722,1629
27.2750,1620
27.2778,1611
27.2806,1626
27.2833,1602
27.2861,1602
27.2889,1618
27.2917,1621
27.2944,1623
27.2972,1602
27.3000,1607
27.3028,1592
27.3056,1582
27.3083,1609
27.3111,1680
27.3139,1739
27.3167,1804
27.3194,1878
27.3222,1952
27.3250,1997
27.3278,2039
27.3306,2097
27.3333,2079
27.3361,2040
27.3389,1952
27.3417,1840
27.3444,1711
27.3472,1558
27.3500,1471
27.3528,1401
27.3556,1402
27.3583,1466
27.3611,1532
27.3639,1565
27.3667,1588
27.3694,1623
27.3722,1630
27.3750,1637
27.3778,1637
27.3806,1654
27.3833,1647
27.3861,1632
27.3889,1644
27.3917,1639
27.3944,1628
27.3972,1605
27.4000,1617
27.4028,1623
27.4056,1641
27.4083,1657
27.4111,1676
27.4139,1675
27.4167,1662
27.4194,1649
27.4222,1643
27.4250,1619
27.4278,1613
27.4306,1632
27.4333,1619
27.4361,1613
27.4389,1638
27.4417,1667
27.4444,1658
27.4472,1665
27.4500,1691
27.4528,1680
27.4556,1675
27.4583,1675
27.4611,1684
27.4639,1666
27.4667,1656
27.4694,1656
27.4722,1666
27.4750,1669
27.4778,1683
27.4806,1703
27.4833,1693
27.4861,1689
27.4889,1699
27.4917,1702
27.4944,1671
27.4972,1654
27.5000,1674
27.5028,1690
27.5056,1691
27.5083,1713
27.5111,1717
27.5139,1724
27.5167,1707
27.5194,1730
27.5222,1764
27.5250,1743
27.5278,1756
27.5306,1757
27.5333,1745
27.5361,1740
27.5389,1867
27.5417,1815
27.5444,1783
27.5472,1777
27.5500,1818
27.5528,1829
27.5556,1819
27.5583,1817
27.5611,1769
27.5639,1723
27.5667,1710
27.5694,1725
27.5722,1744
27.5750,1747
27.5778,1754
27.5806,1741
27.5833,1687
27.5861,1668
27.5889,1669
27.5917,1680
27.5944,1689
27.5972,1716
27.6000,1720
27.6028,1685
27.6056,1663
27.6083,1684
27.6111,1685
27.6139,1693
27.6167,1686
27.6194,1687
27.6222,1653
27.6250,1642
27.6278,1654
27.6306,1698
27.6333,1723
27.6361,1741
27.6389,1731
27.6417,1692
27.6444,1662
27.6472,1648
27.6500,1674
27.6528,1687
27.6556,1711
27.6583,1715
27.6611,1709
27.6639,1681
27.6667,1681
27.6694,1696
27.6722,1701
27.6750,1707
27.6778,1724
27.6806,1713
27.6833,1693
27.6861,1674
27.6889,1684
27.6917,1689
27.6944,1716
27.6972,1734
27.7000,1755
27.7028,1720
27.7056,1706
27.7083,1706
27.7111,1699
27.7139,1686
27.7167,1691
27.7194,1713
27.7222,1698
27.7250,1686
27.7278,1704
27.7306,1696
27.7333,1708
27.7361,1718
27.7389,1725
27.7417,1708
27.7444,1686
27.7472,1679
27.7500,1689
27.7528,1685
27.7556,1687
27.7583,1682
27.7611,1670
27.7639,1651
27.7667,1661
27.7694,1696
27.7722,1709
27.7750,1707
27.7778,1723
27.7806,1723
27.7833,1676
27.7861,1674
27.7889,1690
27.7917,1692
27.7944,1721
27.7972,1712
27.8000,1737
27.8028,1725
27.8056,1700
27.8083,1698
27.8111,1691
27.8139,1682
27.8167,1699
27.8194,1713
27.8222,1708
27.8250,1715
27.8278,1717
27.8306,1739
27.8333,1714
27.8361,1691
27.8389,1687
27.8417,1669
27.8444,1655
27.8472,1691
27.8500,1727
27.8528,1734
27.8556,1737
27.8583,1725
27.8611,1703
27.8639,1671
27.8667,1668
27.8694,1706
27.8722,1733
27.8750,1749
27.8778,1759
27.8806,1757
27.8833,1732
27.8861,1718
27.8889,1741
27.8917,1747
27.8944,1749
27.8972,1752
27.9000,1761
27.9028,1742
27.9056,1735
27.9083,1746
27.9111,1752
27.9139,1753
27.9167,1745
27.9194,1738
27.9222,1722
27.9250,1705
27.9278,1714
27.9306,1725
27.9333,1738
27.9361,1728
27.9389,1732
27.9417,1728
27.9444,1715
27.9472,1733
27.9500,1753
27.9528,1752
27.9556,1732
27.9583,1731
27.9611,1737
27.9639,1709
27.9667,1721
27.9694,1735
27.9722,1752
27.9750,1729
27.9778,1725
27.9806,1731
27.9833,1714
27.9861,1718
27.9889,1730
27.9917,1718
27.9944,1721
27.9972,1726
28.0000,1738
28.0028,1734
28.0056,1732
28.0083,1755
28.0111,1750
28.0139,1724
28.0167,1723
28.0194,1727
28.0222,1731
28.0250,1725
28.0278,1735
28.0306,1756
28.0333,1753
28.0361,1740
28.0389,1754
28.0417,1733
28.0444,1718
28.0472,1723
28.0500,1740
28.0528,1741
28.0556,1751
28.0583,1762
28.0611,1775
28.0639,1776
28.0667,1784
28.0694,1792
28.0722,1773
28.0750,1760
28.0778,1786
28.0806,1814
28.0833,1829
28.0861,1823
28.0889,1845
28.0917,1838
28.0944,1849
28.0972,1855
28.1000,1893
28.1028,1868
28.1056,1853
28.1083,1863
28.1111,1853
28.1139,1817
28.1167,1810
28.1194,1817
28.1222,1827
28.1250,1791
28.1278,1772
28.1306,1754
28.1333,1720
28.1361,1697
28.1389,1704
28.1417,1703
28.1444,1705
28.1472,1712
28.1500,1730
28.1528,1718
28.1556,1711
28.1583,1699
28.1611,1697
28.1639,1673
28.1667,1671
28.1694,1704
28.1722,1703
28.1750,1701
28.1778,1713
28.1806,1730
28.1833,1709
28.1861,1704
28.1889,1714
28.1917,1718
28.1944,1708
28.1972,1711
28.2000,1713
28.2028,1711
28.2056,1706
28.2083,1721
28.2111,1731
28.2139,1728
28.2167,1762
28.2194,1816
28.2222,1871
28.2250,1915
28.2278,1982
28.2306,2053
28.2333,2113
28.2361,2181
28.2389,2242
28.2417,2239
28.2444,2157
28.2472,2052
28.2500,1907
28.2528,1740
28.2556,1601
28.2583,1519
28.2611,1502
28.2639,1517
28.2667,1569
28.2694,1650
28.2722,1685
28.2750,1707
28.2778,1730
28.2806,1736
28.2833,1714
28.2861,1688
28.2889,1716
28.2917,1714
28.2944,1713
28.2972,1710
28.3000,1725
28.3028,1697
28.3056,1698
28.3083,1702
28.3111,1689
28.3139,1678
28.3167,1683
28.3194,1706
28.3222,1716
28.3250,1700
28.3278,1712
28.3306,1719
28.3333,1717
28.3361,1712
28.3389,1713
28.3417,1695
28.3444,1677
28.3472,1677
28.3500,1696
28.3528,1674
28.3556,1672
28.3583,1702
28.3611,1704
28.3639,1701
28.3667,1703
28.3694,1707
28.3722,1690
28.3750,1690
28.3778,1697
28.3806,1706
28.3833,1693
28.3861,1694
28.3889,1704
28.3917,1720
28.3944,1720
28.3972,1722
28.4000,1738
28.4028,1733
28.4056,1717
28.4083,1713
28.4111,1724
28.4139,1714
28.4167,1706
28.4194,1717
28.4222,1720
28.4250,1732
28.4278,1747
28.4306,1760
28.4333,1756
28.4361,1741
28.4389,1751
28.4417,1754
28.4444,1741
28.4472,1782
28.4500,1844
28.4528,1853
28.4556,1866
28.4583,1858
28.4611,1826
28.4639,1786
28.4667,1787
28.4694,1813
28.4722,1814
28.4750,1829
28.4778,1836
28.4806,1801
28.4833,1746
28.4861,1729
28.4889,1742
28.4917,1748
28.4944,1772
28.4972,1774
28.5000,1738
28.5028,1708
28.5056,1706
28.5083,1726
28.5111,1750
28.5139,1763
28.5167,1756
28.5194,1744
28.5222,1684
28.5250,1677
28.5278,1696
28.5306,1711
28.5333,1715
28.5361,1729
28.5389,1725
28.5417,1707
28.5444,1682
28.5472,1691
28.5500,1709
28.5528,1716
28.5556,1729
28.5583,1729
28.5611,1721
28.5639,1697
28.5667,1691
28.5694,1700
28.5722,1707
28.5750,1689
28.5778,1712
28.5806,1698
28.5833,1677
28.5861,1678
28.5889,1694
28.5917,1720
28.5944,1724
28.5972,1730
28.6000,1727
28.6028,1718
28.6056,1691
28.6083,1711
28.6111,1713
28.6139,1720
28.6167,1733
28.6194,1733
28.6222,1708
28.6250,1693
28.6278,1706
28.6306,1710
28.6333,1706
28.6361,1706
28.6389,1725
28.6417,1713
28.6444,1693
28.6472,1708
28.6500,1708
28.6528,1695
28.6556,1696
28.6583,1696
28.6611,1690
28.6639,1664
28.6667,1658
28.6694,1678
28.6722,1689
28.6750,1689
28.6778,1703
28.6806,1701
28.6833,1669
28.6861,1673
28.6889,1683
28.6917,1685
28.6944,1696
28.6972,1705
28.7000,1711
28.7028,1685
28.7056,1658
28.7083,1671
28.7111,1685
28.7139,1676
28.7167,1683
28.7194,1690
28.7222,1686
28.7250,1650
28.7278,1675
28.7306,1694
28.7333,1690
28.7361,1697
28.7389,1726
28.7417,1717
28.7444,1701
28.7472,1701
28.7500,1701
28.7528,1678
28.7556,1683
28.7583,1685
28.7611,1692
28.7639,1681
28.7667,1684
28.7694,1708
28.7722,1695
28.7750,1682
28.7778,1679
28.7806,1692
28.7833,1680
28.7861,1675
28.7889,1694
28.7917,1698
28.7944,1688
28.7972,1699
28.8000,1694
28.8028,1688
28.8056,1673
28.8083,1691
28.8111,1694
28.8139,1685
28.8167,1677
28.8194,1703
28.8222,1693
28.8250,1693
28.8278,1697
28.8306,1701
28.8333,1694
28.8361,1701
28.8389,1725
28.8417,1721
28.8444,1714
28.8472,1708
28.8500,1711
28.8528,1694
28.8556,1676
28.8583,1677
28.8611,1686
28.8639,1663
28.8667,1685
28.8694,1714
28.8722,1719
28.8750,1709
28.8778,1702
28.8806,1699
28.8833,1674
28.8861,1674
28.8889,1685
28.8917,1698
28.8944,1704
28.8972,1716
28.9000,1707
28.9028,1702
28.9056,1694
28.9083,1719
28.9111,1721
28.9139,1698
28.9167,1678
28.9194,1702
28.9222,1696
28.9250,1707
28.9278,1705
28.9306,1727
28.9333,1713
28.9361,1718
28.9389,1759
28.9417,1757
28.9444,1746
28.9472,1770
28.9500,1786
28.9528,1788
28.9556,1764
28.9583,1771
28.9611,1774
28.9639,1761
28.9667,1771
28.9694,1800
28.9722,1781
28.9750,1811
28.9778,1836
28.9806,1862
28.9833,1848
28.9861,1817
28.9889,1827
28.9917,1816
28.9944,1795
28.9972,1786
29.0000,1779
29.0028,1775
29.0056,1755
29.0083,1740
29.0111,1729
29.0139,1691
29.0167,1683
29.0194,1697
29.0222,1680
29.0250,1678
29.0278,1700
29.0306,1702
29.0333,1671
29.0361,1674
29.0389,1670
29.0417,1673
29.0444,1655
29.0472,1650
29.0500,1644
29.0528,1632
29.0556,1622
29.0583,1659
29.0611,1676
29.0639,1663
29.0667,1669
29.0694,1673
29.0722,1665
29.0750,1657
29.0778,1653
29.0806,1674
29.0833,1673
29.0861,1667
29.0889,1654
29.0917,1648
29.0944,1644
29.0972,1675
29.1000,1723
29.1028,1772
29.1056,1834
29.1083,1897
29.1111,1955
29.1139,1992
29.1167,2048
29.1194,2125
29.1222,2165
29.1250,2148
29.1278,2066
29.1306,1961
29.1333,1830
29.1361,1682
29.1389,1566
29.1417,1481
29.1444,1441
29.1472,1484
29.1500,1530
29.1528,1584
29.1556,1620
29.1583,1664
29.1611,1685
29.1639,1679
29.1667,1659
29.1694,1653
29.1722,1630
29.1750,1629
29.1778,1637
29.1806,1669
29.1833,1663
29.1861,1661
29.1889,1675
29.1917,1677
29.1944,1662
29.1972,1661
29.2000,1673
29.2028,1662
29.2056,1666
29.2083,1689
29.2111,1688
29.2139,1685
29.2167,1693
29.2194,1715
29.2222,1714
29.2250,1694
29.2278,1689
29.2306,1697
29.2333,1688
29.2361,1685
29.2389,1694
29.2417,1698
29.2444,1689
29.2472,1710
29.2500,1725
29.2528,1716
29.2556,1707
29.2583,1711
29.2611,1724
29.2639,1717
29.2667,1727
29.2694,1738
29.2722,1712
29.2750,1707
29.2778,1697
29.2806,1689
29.2833,1690
29.2861,1702
29.2889,1729
29.2917,1721
29.2944,1701
29.2972,1708
29.3000,1730
29.3028,1737
29.3056,1730
29.3083,1746
29.3111,1741
29.3139,1737
29.3167,1741
29.3194,1772
29.3222,1747
29.3250,1750
29.3278,1762
29.3306,1873
29.3333,1839
29.3361,1872
29.3389,1879
29.3417,1831
29.3444,1802
29.3472,1791
29.3500,1808
29.3528,1809
29.3556,1793
29.3583,1790
29.3611,1749
29.3639,1725
29.3667,1725
29.3694,1730
29.3722,1741
29.3750,1736
29.3778,1732
29.3806,1705
29.3833,1627
29.3861,1637
29.3889,1663
29.3917,1681
29.3944,1705
29.3972,1715
29.4000,1706
29.4028,1672
29.4056,1649
29.4083,1669
29.4111,1668
29.4139,1688
29.4167,1692
29.4194,1682
29.4222,1661
29.4250,1640
29.4278,1663
29.4306,1666
29.4333,1684
29.4361,1704
29.4389,1709
29.4417,1673
29.4444,1676
29.4472,1677
29.4500,1698
29.4528,1703
29.4556,1718
29.4583,1706
29.4611,1680
29.4639,1649
29.4667,1651
29.4694,1682
29.4722,1682
29.4750,1700
29.4778,1700
29.4806,1704
29.4833,1656
29.4861,1667
29.4889,1666
29.4917,1676
29.4944,1697
29.4972,1686
29.5000,1683
29.5028,1680
29.5056,1669
29.5083,1677
29.5111,1681
29.5139,1674
29.5167,1685
29.5194,1683
29.5222,1675
29.5250,1683
29.5278,1702
29.5306,1695
29.5333,1670
29.5361,1682
29.5389,1664
29.5417,1658
29.5444,1647
29.5472,1677
29.5500,1679
29.5528,1694
29.5556,1691
29.5583,1704
29.5611,1697
29.5639,1674
29.5667,1675
29.5694,1670
29.5722,1668
29.5750,1672
29.5778,1700
29.5806,1683
29.5833,1660
29.5861,1660
29.5889,1671
29.5917,1688
29.5944,1692
29.5972,1712
29.6000,1724
29.6028,1692
29.6056,1678
29.6083,1691
29.6111,1679
29.6139,1657
29.6167,1668
29.6194,1677
29.6222,1660
29.6250,1672
29.6278,1688
29.6306,1698
29.6333,1691
29.6361,1673
29.6389,1687
29.6417,1654
29.6444,1648
29.6472,1665
29.6500,1692
29.6528,1694
29.6556,1702
29.6583,1710
29.6611,1691
29.6639,1670
29.6667,1663
29.6694,1669
29.6722,1671
29.6750,1675
29.6778,1694
29.6806,1708
29.6833,1700
29.6861,1698
29.6889,1695
29.6917,1684
29.6944,1664
29.6972,1662
29.7000,1679
29.7028,1661
29.7056,1662
29.7083,1688
29.7111,1682
29.7139,1695
29.7167,1688
29.7194,1689
29.7222,1677
29.7250,1698
29.7278,1717
29.7306,1709
29.7333,1694
29.7361,1696
29.7389,1707
29.7417,1705
29.7444,1682
29.7472,1690
29.7500,1692
29.7528,1693
29.7556,1684
29.7583,1701
29.7611,1691
29.7639,1678
29.7667,1696
29.7694,1680
29.7722,1678
29.7750,1669
29.7778,1690
29.7806,1694
29.7833,1682
29.7861,1692
29.7889,1712
29.7917,1709
29.7944,1701
29.7972,1719
29.8000,1706
29.8028,1698
29.8056,1692
29.8083,1718
29.8111,1730
29.8139,1740
29.8167,1728
29.8194,1740
29.8222,1720
29.8250,1716
29.8278,1746
29.8306,1748
29.8333,1740
29.8361,1760
29.8389,1781
29.8417,1780
29.8444,1779
29.8472,1806
29.8500,1854
29.8528,1849
29.8556,1861
29.8583,1865
29.8611,1852
29.8639,1810
29.8667,1805
29.8694,1799
29.8722,1777
29.8750,1771
29.8778,1762
29.8806,1762
29.8833,1732
29.8861,1723
29.8889,1704
29.8917,1691
29.8944,1684
29.8972,1686
29.9000,1708
29.9028,1698
29.9056,1696
29.9083,1710
29.9111,1693
29.9139,1679
29.9167,1672
29.9194,1666
29.9222,1650
29.9250,1653
29.9278,1655
29.9306,1667
29.9333,1664
29.9361,1650
29.9389,1670
29.9417,1680
29.9444,1659
29.9472,1653
29.9500,1636
29.9528,1637
29.9556,1622
29.9583,1620
29.9611,1632
29.9639,1625
29.9667,1638
29.9694,1649
29.9722,1679
29.9750,1707
29.9778,1769
29.9806,1831
29.9833,1915
29.9861,1979
29.9889,2062
29.9917,2108
29.9944,2151
29.9972,2152
30.0000,2085
30.0028,1963
30.0056,1844
30.0083,1714
30.0111,1580
30.0139,1500
30.0167,1465
30.0194,1524
30.0222,1558
30.0250,1612
30.0278,1669
30.0306,1697
30.0333,1692
30.0361,1686
30.0389,1689
30.0417,1675
30.0444,1642
30.0472,1647
30.0500,1640
30.0528,1625
30.0556,1624
30.0583,1630
30.0611,1640
30.0639,1632
30.0667,1645
30.0694,1652
30.0722,1628
30.0750,1634
30.0778,1650
30.0806,1663
30.0833,1666
30.0861,1665
30.0889,1675
30.0917,1670
30.0944,1676
30.0972,1683
30.1000,1681
30.1028,1673
30.1056,1673
30.1083,1686
30.1111,1679
30.1139,1675
30.1167,1700
30.1194,1704
30.1222,1704
30.1250,1688
30.1278,1692
30.1306,1697
30.1333,1672
30.1361,1671
30.1389,1679
30.1417,1669
30.1444,1674
30.1472,1672
30.1500,1685
30.1528,1676
30.1556,1659
30.1583,1683
30.1611,1689
30.1639,1693
30.1667,1720
30.1694,1717
30.1722,1694
30.1750,1692
30.1778,1713
30.1806,1743
30.1833,1721
30.1861,1741
30.1889,1748
30.1917,1734
30.1944,1732
30.1972,1740
30.2000,1757
30.2028,1749
30.2056,1836
30.2083,1857
30.2111,1861
30.2139,1849
30.2167,1841
30.2194,1819
30.2222,1765
30.2250,1749
30.2278,1769
30.2306,1781
30.2333,1792
30.2361,1791
30.2389,1776
30.2417,1716
30.2444,1688
30.2472,1709
30.2500,1732
30.2528,1738
30.2556,1745
30.2583,1733
30.2611,1694
30.2639,1653
30.2667,1668
30.2694,1690
30.2722,1717
30.2750,1729
30.2778,1727
30.2806,1699
30.2833,1655
30.2861,1654
30.2889,1675
30.2917,1664
30.2944,1682
30.2972,1682
30.3000,1658
30.3028,1622
30.3056,1618
30.3083,1643
30.3111,1668
30.3139,1681
30.3167,1679
30.3194,1667
30.3222,1642
30.3250,1638
30.3278,1640
30.3306,1656
30.3333,1648
30.3361,1677
30.3389,1689
30.3417,1659
30.3444,1672
30.3472,1679
30.3500,1695
30.3528,1694
30.3556,1677
30.3583,1696
30.3611,1682
30.3639,1667
30.3667,1663
30.3694,1677
30.3722,1678
30.3750,1690
30.3778,1718
30.3806,1702
30.3833,1695
30.3861,1701
30.3889,1725
30.3917,1725
30.3944,1729
30.3972,1709
30.4000,1692
30.4028,1666
30.4056,1685
30.4083,1707
30.4111,1696
30.4139,1716
30.4167,1711
30.4194,1720
30.4222,1684
30.4250,1664
30.4278,1675
30.4306,1666
30.4333,1663
30.4361,1678
30.4389,1675
30.4417,1644
30.4444,1645
30.4472,1671
30.4500,1686
30.4528,1694
30.4556,1668
30.4583,1665
30.4611,1646
30.4639,1627
30.4667,1642
30.4694,1656
30.4722,1664
30.4750,1686
30.4778,1710
30.4806,1697
30.4833,1679
30.4861,1673
30.4889,1667
30.4917,1674
30.4944,1682
30.4972,1681
30.5000,1662
30.5028,1633
30.5056,1624
30.5083,1632
30.5111,1635
30.5139,1652
30.5167,1671
30.5194,1682
30.5222,1668
30.5250,1659
30.5278,1670
30.5306,1668
30.5333,1662
30.5361,1677
30.5389,1679
30.5417,1647
30.5444,1661
30.5472,1672
30.5500,1685
30.5528,1687
30.5556,1693
30.5583,1711
30.5611,1702
30.5639,1692
30.5667,1705
30.5694,1722
30.5722,1701
30.5750,1695
30.5778,1705
30.5806,1689
30.5833,1683
30.5861,1687
30.5889,1701
30.5917,1695
30.5944,1700
30.5972,1708
30.6000,1705
30.6028,1700
30.6056,1700
30.6083,1708
30.6111,1706
30.6139,1691
30.6167,1684
30.6194,1687
30.6222,1682
30.6250,1673
30.6278,1679
30.6306,1655
30.6333,1649
30.6361,1647
30.6389,1659
30.6417,1678
30.6444,1681
30.6472,1706
30.6500,1708
30.6528,1689
30.6556,1688
30.6583,1702
30.6611,1684
30.6639,1683
30.6667,1711
30.6694,1729
30.6722,1747
30.6750,1725
30.6778,1741
30.6806,1719
30.6833,1719
30.6861,1742
30.6889,1742
30.6917,1748
30.6944,1744
30.6972,1750
30.7000,1755
30.7028,1729
30.7056,1754
30.7083,1775
30.7111,1780
30.7139,1776
30.7167,1787
30.7194,1783
30.7222,1778
30.7250,1767
30.7278,1752
30.7306,1742
30.7333,1713
30.7361,1717
30.7389,1720
30.7417,1685
30.7444,1666
30.7472,1658
30.7500,1650
30.7528,1635
30.7556,1630
30.7583,1657
30.7611,1665
30.7639,1671
30.7667,1663
30.7694,1663
30.7722,1636
30.7750,1611
30.7778,1625
30.7806,1627
30.7833,1635
30.7861,1647
30.7889,1663
30.7917,1656
30.7944,1647
30.7972,1663
30.8000,1655
30.8028,1632
30.8056,1625
30.8083,1650
30.8111,1654
30.8139,1639
30.8167,1644
30.8194,1640
30.8222,1631
30.8250,1633
30.8278,1659
30.8306,1685
30.8333,1717
30.8361,1771
30.8389,1824
30.8417,1865
30.8444,1943
30.8472,2031
30.8500,2090
30.8528,2138
30.8556,2152
30.8583,2114
30.8611,2003
30.8639,1863
30.8667,1723
30.8694,1586
30.8722,1477
30.8750,1415
30.8778,1430
30.8806,1481
30.8833,1539
30.8861,1596
30.8889,1653
30.8917,1663
30.8944,1650
30.8972,1665
30.9000,1651
30.9028,1651
30.9056,1652
30.9083,1657
30.9111,1641
30.9139,1626
30.9167,1626
30.9194,1656
30.9222,1627
30.9250,1637
30.9278,1651
30.9306,1630
30.9333,1632
30.9361,1633
30.9389,1658
30.9417,1653
30.9444,1648
30.9472,1658
30.9500,1652
30.9528,1630
30.9556,1647
30.9583,1660
30.9611,1657
30.9639,1648
30.9667,1669
30.9694,1686
30.9722,1660
30.9750,1673
30.9778,1700
30.9806,1697
30.9833,1700
30.9861,1701
30.9889,1704
30.9917,1679
30.9944,1644
30.9972,1646
31.0000,1650
31.0028,1649
31.0056,1669
31.0083,1691
31.0111,1689
31.0139,1670
31.0167,1669
31.0194,1676
31.0222,1679
31.0250,1689
31.0278,1723
31.0306,1724
31.0333,1711
31.0361,1735
31.0389,1760
31.0417,1765
31.0444,1752
31.0472,1772
31.0500,1766
31.0528,1753
31.0556,1748
31.0583,1761
31.0611,1716
31.0639,1792
31.0667,1800
31.0694,1826
31.0722,1825
31.0750,1825
31.0778,1820
31.0806,1795
31.0833,1762
31.0861,1777
31.0889,1777
31.0917,1776
31.0944,1777
31.0972,1757
31.1000,1734
31.1028,1688
31.1056,1675
31.1083,1694
31.1111,1709
31.1139,1723
31.1167,1733
31.1194,1723
31.1222,1685
31.1250,1682
31.1278,1694
31.1306,1691
31.1333,1697
31.1361,1700
31.1389,1687
31.1417,1663
31.1444,1662
31.1472,1667
31.1500,1691
31.1528,1710
31.1556,1712
31.1583,1703
31.1611,1666
31.1639,1647
31.1667,1657
31.1694,1679
31.1722,1678
31.1750,1704
31.1778,1723
31.1806,1712
31.1833,1712
31.1861,1733
31.1889,1734
31.1917,1725
31.1944,1716
31.1972,1719
31.2000,1678
31.2028,1668
31.2056,1681
31.2083,1684
31.2111,1701
31.2139,1683
31.2167,1693
31.2194,1676
31.2222,1651
31.2250,1672
31.2278,1690
31.2306,1736
31.2333,1733
31.2361,1750
31.2389,1740
31.2417,1690
31.2444,1697
31.2472,1704
31.2500,1707
31.2528,1704
31.2556,1707
31.2583,1710
31.2611,1693
31.2639,1662
31.2667,1679
31.2694,1694
31.2722,1714
31.2750,1727
31.2778,1756
31.2806,1743
31.2833,1702
31.2861,1695
31.2889,1695
31.2917,1691
31.2944,1690
31.2972,1700
31.3000,1697
31.3028,1679
31.3056,1705
31.3083,1716
31.3111,1713
31.3139,1706
31.3167,1716
31.3194,1687
31.3222,1654
31.3250,1641
31.3278,1664
31.3306,1694
31.3333,1694
31.3361,1708
31.3389,1698
31.3417,1678
31.3444,1659
31.3472,1685
31.3500,1696
31.3528,1707
31.3556,1702
31.3583,1701
31.3611,1672
31.3639,1671
31.3667,1692
31.3694,1688
31.3722,1681
31.3750,1668
31.3778,1681
31.3806,1680
31.3833,1671
31.3861,1684
31.3889,1695
31.3917,1682
31.3944,1688
31.3972,1698
31.4000,1684
31.4028,1661
31.4056,1660
31.4083,1674
31.4111,1662
31.4139,1689
31.4167,1707
31.4194,1721
31.4222,1686
31.4250,1679
31.4278,1692
31.4306,1680
31.4333,1681
31.4361,1703
31.4389,1720
31.4417,1707
31.4444,1700
31.4472,1695
31.4500,1684
31.4528,1665
31.4556,1683
31.4583,1697
31.4611,1690
31.4639,1705
31.4667,1714
31.4694,1720
31.4722,1700
31.4750,1698
31.4778,1711
31.4806,1689
31.4833,1680
31.4861,1689
31.4889,1697
31.4917,1696
31.4944,1698
31.4972,1719
31.5000,1723
31.5028,1725
31.5056,1746
31.5083,1752
31.5111,1730
31.5139,1724
31.5167,1743
31.5194,1756
31.5222,1743
31.5250,1744
31.5278,1771
31.5306,1766
31.5333,1771
31.5361,1777
31.5389,1800
31.5417,1783
31.5444,1777
31.5472,1777
31.5500,1760
31.5528,1740
31.5556,1734
31.5583,1754
31.5611,1727
31.5639,1724
31.5667,1732
31.5694,1716
31.5722,1686
31.5750,1668
31.5778,1663
31.5806,1660
31.5833,1665
31.5861,1678
31.5889,1689
31.5917,1665
31.5944,1639
31.5972,1646
31.6000,1639
31.6028,1633
31.6056,1671
31.6083,1693
31.6111,1685
31.6139,1673
31.6167,1669
31.6194,1666
31.6222,1644
31.6250,1660
31.6278,1675
31.6306,1671
31.6333,1683
31.6361,1689
31.6389,1705
31.6417,1680
31.6444,1675
31.6472,1687
31.6500,1701
31.6528,1698
31.6556,1742
31.6583,1803
31.6611,1861
31.6639,1914
31.6667,2005
31.6694,2069
31.6722,2137
31.6750,2183
31.6778,2182
31.6806,2119
31.6833,1982
31.6861,1847
31.6889,1708
31.6917,1568
31.6944,1475
31.6972,1458
31.7000,1483
31.7028,1539
31.7056,1616
31.7083,1673
31.7111,1686
31.7139,1693
31.7167,1702
31.7194,1705
31.7222,1675
31.7250,1676
31.7278,1666
31.7306,1676
31.7333,1684
31.7361,1706
31.7389,1715
31.7417,1687
31.7444,1691
31.7472,1694
31.7500,1698
31.7528,1684
31.7556,1690
31.7583,1717
31.7611,1722
31.7639,1711
31.7667,1728
31.7694,1718
31.7722,1707
31.7750,1716
31.7778,1713
31.7806,1712
31.7833,1700
31.7861,1706
31.7889,1711
31.7917,1697
31.7944,1699
31.7972,1709
31.8000,1699
31.8028,1706
31.8056,1705
31.8083,1716
31.8111,1705
31.8139,1700
31.8167,1725
31.8194,1749
31.8222,1722
31.8250,1709
31.8278,1722
31.8306,1729
31.8333,1730
31.8361,1728
31.8389,1745
31.8417,1728
31.8444,1728
31.8472,1731
31.8500,1700
31.8528,1704
31.8556,1724
31.8583,1733
31.8611,1752
31.8639,1757
31.8667,1770
31.8694,1770
31.8722,1739
31.8750,1732
31.8778,1747
31.8806,1760
31.8833,1714
31.8861,1808
31.8889,1835
31.8917,1853
31.8944,1862
31.8972,1856
31.9000,1812
31.9028,1744
31.9056,1760
31.9083,1787
31.9111,1801
31.9139,1809
31.9167,1804
31.9194,1756
31.9222,1702
31.9250,1723
31.9278,1735
31.9306,1756
31.9333,1756
31.9361,1745
31.9389,1719
31.9417,1678
31.9444,1667
31.9472,1672
31.9500,1693
31.9528,1699
31.9556,1709
31.9583,1696
31.9611,1659
31.9639,1641
31.9667,1650
31.9694,1666
31.9722,1690
31.9750,1692
31.9778,1697
31.9806,1662
31.9833,1634
31.9861,1650
31.9889,1652
31.9917,1669
31.9944,1698
31.9972,1686
32.0000,1675
32.0028,1648
32.0056,1678
32.0083,1694
32.0111,1700
32.0139,1708
32.0167,1700
32.0194,1697
32.0222,1670
32.0250,1677
32.0278,1712
32.0306,1703
32.0333,1711
32.0361,1692
32.0389,1700
32.0417,1669
32.0444,1693
32.0472,1715
32.0500,1722
32.0528,1703
32.0556,1713
32.0583,1698
32.0611,1682
32.0639,1682
32.0667,1706
32.0694,1712
32.0722,1703
32.0750,1713
32.0778,1704
32.0806,1670
32.0833,1663
32.0861,1691
32.0889,1698
32.0917,1694
32.0944,1687
32.0972,1708
32.1000,1682
32.1028,1663
32.1056,1685
32.1083,1708
32.1111,1698
32.1139,1706
32.1167,1717
32.1194,1698
32.1222,1674
32.1250,1689
32.1278,1703
32.1306,1697
32.1333,1693
32.1361,1701
32.1389,1683
32.1417,1659
32.1444,1677
32.1472,1711
32.1500,1720
32.1528,1716
32.1556,1716
32.1583,1715
32.1611,1687
32.1639,1677
32.1667,1693
32.1694,1682
32.1722,1677
32.1750,1682
32.1778,1685
32.1806,1661
32.1833,1646
32.1861,1681
32.1889,1707
32.1917,1707
32.1944,1730
32.1972,1717
32.2000,1701
32.2028,1672
32.2056,1669
32.2083,1679
32.2111,1679
32.2139,1696
32.2167,1708
32.2194,1700
32.2222,1685
32.2250,1687
32.2278,1685
32.2306,1679
32.2333,1680
32.2361,1691
32.2389,1696
32.2417,1658
32.2444,1653
32.2472,1682
32.2500,1679
32.2528,1680
32.2556,1689
32.2583,1698
32.2611,1690
32.2639,1675
32.2667,1677
32.2694,1673
32.2722,1662
32.2750,1660
32.2778,1687
32.2806,1677
32.2833,1668
32.2861,1668
32.2889,1676
32.2917,1658
32.2944,1680
32.2972,1690
32.3000,1679
32.3028,1678
32.3056,1702
32.3083,1712
32.3111,1696
32.3139,1691
32.3167,1713
32.3194,1733
32.3222,1713
32.3250,1730
32.3278,1733
32.3306,1711
32.3333,1708
32.3361,1737
32.3389,1752
32.3417,1746
32.3444,1740
32.3472,1742
32.3500,1728
32.3528,1719
32.3556,1701
32.3583,1704
32.3611,1695
32.3639,1698
32.3667,1705
32.3694,1721
32.3722,1706
32.3750,1704
32.3778,1701
32.3806,1675
32.3833,1660
32.3861,1671
32.3889,1678
32.3917,1663
32.3944,1662
32.3972,1655
32.4000,1654
32.4028,1655
32.4056,1660
32.4083,1670
32.4111,1656
32.4139,1678
32.4167,1701
32.4194,1713
32.4222,1696
32.4250,1690
32.4278,1682
32.4306,1671
32.4333,1668
32.4361,1677
32.4389,1695
32.4417,1679
32.4444,1662
32.4472,1672
32.4500,1675
32.4528,1693
32.4556,1716
32.4583,1772
32.4611,1818
32.4639,1875
32.4667,1963
32.4694,2035
32.4722,2092
32.4750,2173
32.4778,2228
32.4806,2198
32.4833,2125
32.4861,2025
32.4889,1886
32.4917,1717
32.4944,1595
32.4972,1531
32.5000,1498
32.5028,1513
32.5056,1572
32.5083,1616
32.5111,1650
32.5139,1666
32.5167,1715
32.5194,1709
32.5222,1683
32.5250,1692
32.5278,1700
32.5306,1685
32.5333,1676
32.5361,1680
32.5389,1701
32.5417,1695
32.5444,1706
32.5472,1715
32.5500,1711
32.5528,1699
32.5556,1693
32.5583,1718
32.5611,1690
32.5639,1691
32.5667,1707
32.5694,1692
32.5722,1687
32.5750,1700
32.5778,1725
32.5806,1723
32.5833,1736
32.5861,1749
32.5889,1741
32.5917,1736
32.5944,1728
32.5972,1737
32.6000,1745
32.6028,1755
32.6056,1776
32.6083,1751
32.6111,1736
32.6139,1754
32.6167,1761
32.6194,1745
32.6222,1762
32.6250,1758
32.6278,1765
32.6306,1747
32.6333,1742
32.6361,1759
32.6389,1778
32.6417,1774
32.6444,1779
32.6472,1781
32.6500,1773
32.6528,1770
32.6556,1779
32.6583,1818
32.6611,1797
32.6639,1795
32.6667,1813
32.6694,1809
32.6722,1806
32.6750,1801
32.6778,1807
32.6806,1789
32.6833,1770
32.6861,1809
32.6889,1850
32.6917,1870
32.6944,1876
32.6972,1858
32.7000,1805
32.7028,1788
32.7056,1789
32.7083,1814
32.7111,1817
32.7139,1821
32.7167,1800
32.7194,1742
32.7222,1708
32.7250,1727
32.7278,1748
32.7306,1759
32.7333,1761
32.7361,1740
32.7389,1697
32.7417,1654
32.7444,1635
32.7472,1668
32.7500,1690
32.7528,1704
32.7556,1717
32.7583,1706
32.7611,1654
32.7639,1648
32.7667,1663
32.7694,1668
32.7722,1676
32.7750,1686
32.7778,1678
32.7806,1637
32.7833,1621
32.7861,1662
32.7889,1685
32.7917,1691
32.7944,1709
32.7972,1692
32.8000,1662
32.8028,1637
32.8056,1674
32.8083,1694
32.8111,1706
32.8139,1721
32.8167,1719
32.8194,1690
32.8222,1658
32.8250,1667
32.8278,1686
32.8306,1709
32.8333,1727
32.8361,1741
32.8389,1734
32.8417,1701
32.8444,1719
32.8472,1735
32.8500,1736
32.8528,1725
32.8556,1736
32.8583,1728
32.8611,1702
32.8639,1695
32.8667,1712
32.8694,1719
32.8722,1734
32.8750,1741
32.8778,1721
32.8806,1680
32.8833,1658
32.8861,1676
32.8889,1700
32.8917,1697
32.8944,1720
32.8972,1723
32.9000,1701
32.9028,1695
32.9056,1708
32.9083,1700
32.9111,1699
32.9139,1711
32.9167,1714
32.9194,1704
32.9222,1688
32.9250,1698
32.9278,1712
32.9306,1708
32.9333,1715
32.9361,1734
32.9389,1704
32.9417,1682
32.9444,1688
32.9472,1693
32.9500,1698
32.9528,1702
32.9556,1686
32.9583,1684
32.9611,1648
32.9639,1653
32.9667,1673
32.9694,1695
32.9722,1708
32.9750,1715
32.9778,1726
32.9806,1699
32.9833,1697
32.9861,1711
32.9889,1694
32.9917,1681
32.9944,1685
32.9972,1696
33.0000,1681
33.0028,1678
33.0056,1689
33.0083,1680
33.0111,1670
33.0139,1667
33.0167,1681
33.0194,1675
33.0222,1643
33.0250,1671
33.0278,1671
33.0306,1669
33.0333,1675
33.0361,1674
33.0389,1673
33.0417,1667
33.0444,1678
33.0472,1705
33.0500,1704
33.0528,1699
33.0556,1703
33.0583,1689
33.0611,1666
33.0639,1660
33.0667,1681
33.0694,1666
33.0722,1666
33.0750,1701
33.0778,1712
33.0806,1685
33.0833,1698
33.0861,1710
33.0889,1719
33.0917,1705
33.0944,1716
33.0972,1729
33.1000,1718
33.1028,1705
33.1056,1712
33.1083,1713
33.1111,1715
33.1139,1723
33.1167,1742
33.1194,1733
33.1222,1717
33.1250,1737
33.1278,1736
33.1306,1726
33.1333,1712
33.1361,1713
33.1389,1720
33.1417,1719
33.1444,1734
33.1472,1739
33.1500,1750
33.1528,1743
33.1556,1741
33.1583,1727
33.1611,1708
33.1639,1729
33.1667,1746
33.1694,1761
33.1722,1772
33.1750,1762
33.1778,1758
33.1806,1721
33.1833,1720
33.1861,1734
33.1889,1724
33.1917,1708
33.1944,1716
33.1972,1728
33.2000,1709
33.2028,1697
33.2056,1689
33.2083,1679
33.2111,1670
33.2139,1673
33.2167,1691
33.2194,1673
33.2222,1666
33.2250,1686
33.2278,1685
33.2306,1686
33.2333,1682
33.2361,1711
33.2389,1708
33.2417,1705
33.2444,1705
33.2472,1697
33.2500,1687
33.2528,1686
33.2556,1703
33.2583,1693
33.2611,1672
33.2639,1681
33.2667,1691
33.2694,1673
33.2722,1653
33.2750,1650
33.2778,1662
33.2806,1662
33.2833,1696
33.2861,1758
33.2889,1791
33.2917,1834
33.2944,1901
33.2972,1990
33.3000,2056
33.3028,2135
33.3056,2212
33.3083,2214
33.3111,2155
33.3139,2041
33.3167,1918
33.3194,1769
33.3222,1622
33.3250,1550
33.3278,1509
33.3306,1504
33.3333,1549
33.3361,1597
33.3389,1645
33.3417,1657
33.3444,1684
33.3472,1694
33.3500,1681
33.3528,1680
33.3556,1684
33.3583,1680
33.3611,1679
33.3639,1672
33.3667,1682
33.3694,1671
33.3722,1653
33.3750,1670
33.3778,1687
33.3806,1685
33.3833,1668
33.3861,1676
33.3889,1678
33.3917,1676
33.3944,1694
33.3972,1703
33.4000,1700
33.4028,1689
33.4056,1703
33.4083,1691
33.4111,1674
33.4139,1688
33.4167,1704
33.4194,1710
33.4222,1701
33.4250,1722
33.4278,1727
33.4306,1712
33.4333,1705
33.4361,1723
33.4389,1731
33.4417,1724
33.4444,1724
33.4472,1729
33.4500,1716
33.4528,1695
33.4556,1708
33.4583,1721
33.4611,1709
33.4639,1725
33.4667,1746
33.4694,1745
33.4722,1743
33.4750,1748
33.4778,1756
33.4806,1740
33.4833,1738
33.4861,1759
33.4889,1766
33.4917,1748
33.4944,1763
33.4972,1782
33.5000,1787
33.5028,1766
33.5056,1764
33.5083,1768
33.5111,1761
33.5139,1952
33.5167,1866
33.5194,1838
33.5222,1813
33.5250,1820
33.5278,1838
33.5306,1837
33.5333,1843
33.5361,1834
33.5389,1797
33.5417,1766
33.5444,1777
33.5472,1769
33.5500,1778
33.5528,1775
33.5556,1758
33.5583,1715
33.5611,1685
33.5639,1686
33.5667,1708
33.5694,1726
33.5722,1723
33.5750,1717
33.5778,1683
33.5806,1668
33.5833,1666
33.5861,1710
33.5889,1719
33.5917,1727
33.5944,1719
33.5972,1701
33.6000,1673
33.6028,1659
33.6056,1681
33.6083,1690
33.6111,1695
33.6139,1702
33.6167,1703
33.6194,1689
33.6222,1687
33.6250,1702
33.6278,1718
33.6306,1711
33.6333,1719
33.6361,1715
33.6389,1677
33.6417,1666
33.6444,1680
33.6472,1710
33.6500,1705
33.6528,1714
33.6556,1716
33.6583,1699
33.6611,1674
33.6639,1700
33.6667,1707
33.6694,1715
33.6722,1724
33.6750,1736
33.6778,1716
33.6806,1687
33.6833,1685
33.6861,1696
33.6889,1705
33.6917,1705
33.6944,1721
33.6972,1725
33.7000,1699
33.7028,1702
33.7056,1712
33.7083,1717
33.7111,1723
33.7139,1717
33.7167,1706
33.7194,1677
33.7222,1676
33.7250,1719
33.7278,1733
33.7306,1734
33.7333,1730
33.7361,1732
33.7389,1717
33.7417,1706
33.7444,1727
33.7472,1727
33.7500,1724
33.7528,1723
33.7556,1722
33.7583,1711
33.7611,1690
33.7639,1712
33.7667,1725
33.7694,1724
33.7722,1741
33.7750,1752
33.7778,1747
33.7806,1725
33.7833,1714
33.7861,1718
33.7889,1703
33.7917,1705
33.7944,1714
33.7972,1707
33.8000,1696
33.8028,1691
33.8056,1704
33.8083,1700
33.8111,1686
33.8139,1688
33.8167,1708
33.8194,1711
33.8222,1723
33.8250,1741
33.8278,1744
33.8306,1746
33.8333,1733
33.8361,1718
33.8389,1687
33.8417,1691
33.8444,1706
33.8472,1721
33.8500,1716
33.8528,1716
33.8556,1730
33.8583,1716
33.8611,1722
33.8639,1722
33.8667,1723
33.8694,1704
33.8722,1715
33.8750,1729
33.8778,1732
33.8806,1720
33.8833,1718
33.8861,1729
33.8889,1724
33.8917,1713
33.8944,1732
33.8972,1739
33.9000,1705
33.9028,1714
33.9056,1719
33.9083,1719
33.9111,1695
33.9139,1700
33.9167,1702
33.9194,1685
33.9222,1698
33.9250,1711
33.9278,1719
33.9306,1723
33.9333,1731
33.9361,1724
33.9389,1710
33.9417,1693
33.9444,1687
33.9472,1699
33.9500,1692
33.9528,1692
33.9556,1716
33.9583,1721
33.9611,1693
33.9639,1688
33.9667,1681
33.9694,1663
33.9722,1662
33.9750,1688
33.9778,1695
33.9806,1694
33.9833,1712
33.9861,1731
33.9889,1727
33.9917,1727
33.9944,1721
33.9972,1724
34.0000,1700
34.0028,1710
34.0056,1714
34.0083,1719
34.0111,1710
34.0139,1707
34.0167,1733
34.0194,1723
34.0222,1722
34.0250,1750
34.0278,1750
34.0306,1741
34.0333,1719
34.0361,1748
34.0389,1736
34.0417,1732
34.0444,1750
34.0472,1767
34.0500,1749
34.0528,1735
34.0556,1748
34.0583,1757
34.0611,1768
34.0639,1798
34.0667,1802
34.0694,1789
34.0722,1772
34.0750,1767
34.0778,1766
34.0806,1765
34.0833,1762
34.0861,1762
34.0889,1739
34.0917,1721
34.0944,1697
34.0972,1692
34.1000,1671
34.1028,1660
34.1056,1671
34.1083,1668
34.1111,1678
34.1139,1703
34.1167,1700
34.1194,1688
34.1222,1661
34.1250,1657
34.1278,1647
34.1306,1640
34.1333,1652
34.1361,1656
34.1389,1668
34.1417,1655
34.1444,1661
34.1472,1663
34.1500,1661
34.1528,1671
34.1556,1684
34.1583,1671
34.1611,1683
34.1639,1680
34.1667,1690
34.1694,1665
34.1722,1654
34.1750,1669
34.1778,1674
34.1806,1653
34.1833,1690
34.1861,1729
34.1889,1768
34.1917,1814
34.1944,1867
34.1972,1950
34.2000,2020
34.2028,2094
34.2056,2169
34.2083,2178
34.2111,2132
34.2139,2033
34.2167,1937
34.2194,1799
34.2222,1655
34.2250,1554
34.2278,1470
34.2306,1451
34.2333,1479
34.2361,1553
34.2389,1603
34.2417,1635
34.2444,1668
34.2472,1679
34.2500,1665
34.2528,1659
34.2556,1670
34.2583,1658
34.2611,1671
34.2639,1693
34.2667,1692
34.2694,1662
34.2722,1657
34.2750,1660
34.2778,1670
34.2806,1653
34.2833,1660
34.2861,1668
34.2889,1675
34.2917,1673
34.2944,1700
34.2972,1711
34.3000,1696
34.3028,1665
34.3056,1676
34.3083,1655
34.3111,1654
34.3139,1661
34.3167,1666
34.3194,1678
34.3222,1685
34.3250,1714
34.3278,1721
34.3306,1727
34.3333,1712
34.3361,1715
34.3389,1702
34.3417,1669
34.3444,1677
34.3472,1685
34.3500,1689
34.3528,1681
34.3556,1705
34.3583,1704
34.3611,1699
34.3639,1703
34.3667,1707
34.3694,1711
34.3722,1713
34.3750,1731
34.3778,1735
34.3806,1708
34.3833,1726
34.3861,1730
34.3889,1714
34.3917,1709
34.3944,1736
34.3972,1749
34.4000,1764
34.4028,1765
34.4056,1776
34.4083,1756
34.4111,1727
34.4139,1730
34.4167,1760
34.4194,1780
34.4222,1783
34.4250,1789
34.4278,1819
34.4306,1835
34.4333,1827
34.4361,1786
34.4389,1737
34.4417,1701
34.4444,1732
34.4472,1759
34.4500,1768
34.4528,1756
34.4556,1714
34.4583,1651
34.4611,1621
34.4639,1635
34.4667,1666
34.4694,1689
34.4722,1683
34.4750,1695
34.4778,1647
34.4806,1618
34.4833,1609
34.4861,1632
34.4889,1642
34.4917,1647
34.4944,1652
34.4972,1615
34.5000,1577
34.5028,1590
34.5056,1614
34.5083,1657
34.5111,1661
34.5139,1654
34.5167,1658
34.5194,1627
34.5222,1617
34.5250,1648
34.5278,1657
34.5306,1670
34.5333,1688
34.5361,1695
34.5389,1660
34.5417,1639
34.5444,1673
34.5472,1683
34.5500,1704
34.5528,1703
34.5556,1717
34.5583,1698
34.5611,1675
34.5639,1666
34.5667,1669
34.5694,1679
34.5722,1694
34.5750,1715
34.5778,1702
34.5806,1672
34.5833,1672
34.5861,1707
34.5889,1725
34.5917,1732
34.5944,1745
34.5972,1725
34.6000,1688
34.6028,1689
34.6056,1693
34.6083,1708
34.6111,1712
34.6139,1726
34.6167,1698
34.6194,1684
34.6222,1683
34.6250,1712
34.6278,1701
34.6306,1702
34.6333,1715
34.6361,1705
34.6389,1688
34.6417,1655
34.6444,1683
34.6472,1691
34.6500,1677
34.6528,1686
34.6556,1687
34.6583,1679
34.6611,1673
34.6639,1698
34.6667,1711
34.6694,1713
34.6722,1708
34.6750,1722
34.6778,1713
34.6806,1679
34.6833,1701
34.6861,1707
34.6889,1702
34.6917,1709
34.6944,1721
34.6972,1722
34.7000,1697
34.7028,1699
34.7056,1720
34.7083,1715
34.7111,1715
34.7139,1720
34.7167,1715
34.7194,1677
34.7222,1670
34.7250,1685
34.7278,1688
34.7306,1684
34.7333,1707
34.7361,1713
34.7389,1701
34.7417,1710
34.7444,1724
34.7472,1720
34.7500,1699
34.7528,1700
34.7556,1711
34.7583,1700
34.7611,1694
34.7639,1691
34.7667,1703
34.7694,1708
34.7722,1697
34.7750,1709
34.7778,1697
34.7806,1683
34.7833,1694
34.7861,1700
34.7889,1686
34.7917,1695
34.7944,1718
34.7972,1714
34.8000,1694
34.8028,1704
34.8056,1694
34.8083,1680
34.8111,1681
34.8139,1689
34.8167,1696
34.8194,1688
34.8222,1687
34.8250,1712
34.8278,1728
34.8306,1723
34.8333,1718
34.8361,1712
34.8389,1727
34.8417,1705
34.8444,1709
34.8472,1704
34.8500,1687
34.8528,1696
34.8556,1730
34.8583,1735
34.8611,1740
34.8639,1742
34.8667,1749
34.8694,1741
34.8722,1720
34.8750,1721
34.8778,1712
34.8806,1698
34.8833,1739
34.8861,1753
34.8889,1756
34.8917,1770
34.8944,1782
34.8972,1793
34.9000,1759
34.9028,1744
34.9056,1725
34.9083,1706
34.9111,1707
34.9139,1703
34.9167,1710
34.9194,1678
34.9222,1655
34.9250,1653
34.9278,1658
34.9306,1662
34.9333,1671
34.9361,1670
34.9389,1652
34.9417,1640
34.9444,1634
34.9472,1624
34.9500,1621
34.9528,1630
34.9556,1662
34.9583,1654
34.9611,1634
34.9639,1661
34.9667,1670
34.9694,1675
34.9722,1652
34.9750,1653
34.9778,1634
34.9806,1622
34.9833,1624
34.9861,1651
34.9889,1657
34.9917,1635
34.9944,1660
34.9972,1682
35.0000,1683
35.0028,1729
35.0056,1759
35.0083,1794
35.0111,1822
35.0139,1876
35.0167,1952
35.0194,1999
35.0222,2085
35.0250,2158
35.0278,2164
35.0306,2096
35.0333,1967
35.0361,1825
35.0389,1696
35.0417,1557
35.0444,1472
35.0472,1445
35.0500,1438
35.0528,1497
35.0556,1573
35.0583,1639
35.0611,1667
35.0639,1703
35.0667,1702
35.0694,1661
35.0722,1647
35.0750,1656
35.0778,1648
35.0806,1664
35.0833,1671
35.0861,1679
35.0889,1659
35.0917,1630
35.0944,1627
35.0972,1627
35.1000,1621
35.1028,1634
35.1056,1657
35.1083,1652
35.1111,1652
35.1139,1678
35.1167,1693
35.1194,1672
35.1222,1674
35.1250,1688
35.1278,1675
35.1306,1658
35.1333,1647
35.1361,1659
35.1389,1643
35.1417,1635
35.1444,1656
35.1472,1684
35.1500,1693
35.1528,1712
35.1556,1729
35.1583,1718
35.1611,1713
35.1639,1710
35.1667,1694
35.1694,1694
35.1722,1679
35.1750,1689
35.1778,1722
35.1806,1726
35.1833,1752
35.1861,1751
35.1889,1734
35.1917,1726
35.1944,1759
35.1972,1771
35.2000,1738
35.2028,1746
35.2056,1725
35.2083,1716
35.2111,1709
35.2139,1738
35.2167,1765
35.2194,1753
35.2222,1752
35.2250,1780
35.2278,1781
35.2306,1785
35.2333,1890
35.2361,1834
35.2389,1776
35.2417,1765
35.2444,1777
35.2472,1806
35.2500,1824
35.2528,1824
35.2556,1794
35.2583,1745
35.2611,1732
35.2639,1731
35.2667,1763
35.2694,1757
35.2722,1765
35.2750,1753
35.2778,1689
35.2806,1653
35.2833,1658
35.2861,1676
35.2889,1678
35.2917,1697
35.2944,1695
35.2972,1676
35.3000,1656
35.3028,1666
35.3056,1682
35.3083,1688
35.3111,1680
35.3139,1670
35.3167,1641
35.3194,1619
35.3222,1635
35.3250,1682
35.3278,1697
35.3306,1728
35.3333,1729
35.3361,1712
35.3389,1684
35.3417,1666
35.3444,1680
35.3472,1672
35.3500,1685
35.3528,1696
35.3556,1712
35.3583,1700
35.3611,1701
35.3639,1726
35.3667,1732
35.3694,1731
35.3722,1725
35.3750,1707
35.3778,1670
35.3806,1663
35.3833,1678
35.3861,1706
35.3889,1733
35.3917,1733
35.3944,1733
35.3972,1709
35.4000,1671
35.4028,1689
35.4056,1710
35.4083,1732
35.4111,1732
35.4139,1732
35.4167,1716
35.4194,1662
35.4222,1668
35.4250,1689
35.4278,1689
35.4306,1700
35.4333,1702
35.4361,1707
35.4389,1677
35.4417,1687
35.4444,1711
35.4472,1713
35.4500,1718
35.4528,1711
35.4556,1699
35.4583,1686
35.4611,1683
35.4639,1712
35.4667,1729
35.4694,1722
35.4722,1712
35.4750,1720
35.4778,1689
35.4806,1668
35.4833,1695
35.4861,1710
35.4889,1721
35.4917,1729
35.4944,1728
35.4972,1705
35.5000,1685
35.5028,1703
35.5056,1714
35.5083,1722
35.5111,1702
35.5139,1721
35.5167,1721
35.5194,1709
35.5222,1713
35.5250,1743
35.5278,1721
35.5306,1722
35.5333,1729
35.5361,1723
35.5389,1687
35.5417,1683
35.5444,1708
35.5472,1703
35.5500,1708
35.5528,1711
35.5556,1716
35.5583,1697
35.5611,1705
35.5639,1712
35.5667,1732
35.5694,1721
35.5722,1707
35.5750,1704
35.5778,1670
35.5806,1653
35.5833,1675
35.5861,1693
35.5889,1699
35.5917,1694
35.5944,1708
35.5972,1699
35.6000,1681
35.6028,1709
35.6056,1702
35.6083,1691
35.6111,1685
35.6139,1705
35.6167,1701
35.6194,1693
35.6222,1698
35.6250,1697
35.6278,1687
35.6306,1691
35.6333,1698
35.6361,1697
35.6389,1698
35.6417,1701
35.6444,1723
35.6472,1720
35.6500,1729
35.6528,1736
35.6556,1752
35.6583,1742
35.6611,1731
35.6639,1740
35.6667,1737
35.6694,1725
35.6722,1734
35.6750,1734
35.6778,1740
35.6806,1728
35.6833,1736
35.6861,1749
35.6889,1736
35.6917,1753
35.6944,1768
35.6972,1769
35.7000,1760
35.7028,1765
35.7056,1761
35.7083,1750
35.7111,1724
35.7139,1727
35.7167,1712
35.7194,1688
35.7222,1709
35.7250,1733
35.7278,1719
35.7306,1716
35.7333,1713
35.7361,1709
35.7389,1670
35.7417,1658
35.7444,1664
35.7472,1660
35.7500,1656
35.7528,1660
35.7556,1684
35.7583,1672
35.7611,1674
35.7639,1680
35.7667,1677
35.7694,1670
35.7722,1691
35.7750,1712
35.7778,1698
35.7806,1675
35.7833,1678
35.7861,1678
35.7889,1668
35.7917,1680
35.7944,1692
35.7972,1681
35.8000,1642
35.8028,1644
35.8056,1670
35.8083,1667
35.8111,1695
35.8139,1750
35.8167,1816
35.8194,1873
35.8222,1925
35.8250,1999
35.8278,2051
35.8306,2114
35.8333,2186
35.8361,2222
35.8389,2150
35.8417,2036
35.8444,1898
35.8472,1741
35.8500,1579
35.8528,1494
35.8556,1462
35.8583,1457
35.8611,1506
35.8639,1577
35.8667,1641
35.8694,1666
35.8722,1686
35.8750,1701
35.8778,1678
35.8806,1665
35.8833,1672
35.8861,1654
35.8889,1657
35.8917,1648
35.8944,1678
35.8972,1671
35.9000,1647
35.9028,1670
35.9056,1672
35.9083,1681
35.9111,1682
35.9139,1698
35.9167,1706
35.9194,1688
35.9222,1694
35.9250,1711
35.9278,1694
35.9306,1686
35.9333,1707
35.9361,1708
35.9389,1710
35.9417,1707
35.9444,1717
35.9472,1702
35.9500,1687
35.9528,1686
35.9556,1700
35.9583,1684
35.9611,1682
35.9639,1709
35.9667,1706
35.9694,1706
35.9722,1699
35.9750,1720
35.9778,1718
35.9806,1713
35.9833,1737
35.9861,1738
35.9889,1749
35.9917,1737
35.9944,1756
35.9972,1754
36.0000,1728
36.0028,1742
36.0056,1752
36.0083,1748
36.0111,1761
36.0139,1779
36.0167,1776
36.0194,1767
36.0222,1775
36.0250,1773
36.0278,1774
36.0306,1770
36.0333,1781
36.0361,1787
36.0389,1771
36.0417,1744
36.0444,1817
36.0472,1844
36.0500,1844
36.0528,1855
36.0556,1809
36.0583,1773
36.0611,1765
36.0639,1778
36.0667,1795
36.0694,1820
36.0722,1813
36.0750,1787
36.0778,1733
36.0806,1702
36.0833,1728
36.0861,1740
36.0889,1737
36.0917,1754
36.0944,1737
36.0972,1701
36.1000,1669
36.1028,1681
36.1056,1695
36.1083,1700
36.1111,1700
36.1139,1707
36.1167,1672
36.1194,1645
36.1222,1679
36.1250,1681
36.1278,1702
36.1306,1682
36.1333,1704
36.1361,1679
36.1389,1654
36.1417,1667
36.1444,1688
36.1472,1703
36.1500,1715
36.1528,1709
36.1556,1695
36.1583,1654
36.1611,1643
36.1639,1668
36.1667,1683
36.1694,1698
36.1722,1689
36.1750,1669
36.1778,1638
36.1806,1643
36.1833,1664
36.1861,1687
36.1889,1693
36.1917,1687
36.1944,1687
36.1972,1660
36.2000,1650
36.2028,1661
36.2056,1686
36.2083,1698
36.2111,1698
36.2139,1709
36.2167,1677
36.2194,1648
36.2222,1649
36.2250,1669
36.2278,1683
36.2306,1677
36.2333,1671
36.2361,1670
36.2389,1653
36.2417,1662
36.2444,1676
36.2472,1683
36.2500,1694
36.2528,1676
36.2556,1659
36.2583,1637
36.2611,1631
36.2639,1638
36.2667,1645
36.2694,1641
36.2722,1664
36.2750,1656
36.2778,1633
36.2806,1630
36.2833,1662
36.2861,1682
36.2889,1668
36.2917,1675
36.2944,1672
36.2972,1649
36.3000,1635
36.3028,1669
36.3056,1675
36.3083,1672
36.3111,1667
36.3139,1672
36.3167,1655
36.3194,1637
36.3222,1640
36.3250,1682
36.3278,1680
36.3306,1692
36.3333,1697
36.3361,1666
36.3389,1650
36.3417,1658
36.3444,1673
36.3472,1666
36.3500,1662
36.3528,1677
36.3556,1677
36.3583,1663
36.3611,1676
36.3639,1691
36.3667,1695
36.3694,1691
36.3722,1708
36.3750,1698
36.3778,1682
36.3806,1684
36.3833,1677
36.3861,1692
36.3889,1682
36.3917,1673
36.3944,1681
36.3972,1677
36.4000,1687
36.4028,1697
36.4056,1693
36.4083,1680
36.4111,1690
36.4139,1708
36.4167,1698
36.4194,1680
36.4222,1690
36.4250,1683
36.4278,1688
36.4306,1670
36.4333,1710
36.4361,1700
36.4389,1690
36.4417,1692
36.4444,1682
36.4472,1666
36.4500,1669
36.4528,1700
36.4556,1714
36.4583,1690
36.4611,1685
36.4639,1691
36.4667,1690
36.4694,1696
36.4722,1715
36.4750,1728
36.4778,1719
36.4806,1744
36.4833,1751
36.4861,1743
36.4889,1730
36.4917,1718
36.4944,1731
36.4972,1703
36.5000,1715
36.5028,1752
36.5056,1766
36.5083,1761
36.5111,1746
36.5139,1731
36.5167,1710
36.5194,1719
36.5222,1749
36.5250,1761
36.5278,1759
36.5306,1781
36.5333,1786
36.5361,1754
36.5389,1725
36.5417,1719
36.5444,1716
36.5472,1707
36.5500,1690
36.5528,1685
36.5556,1671
36.5583,1643
36.5611,1642
36.5639,1659
36.5667,1672
36.5694,1674
36.5722,1673
36.5750,1677
36.5778,1653
36.5806,1655
36.5833,1653
36.5861,1646
36.5889,1631
36.5917,1634
36.5944,1645
36.5972,1647
36.6000,1630
36.6028,1645
36.6056,1622
36.6083,1618
36.6111,1626
36.6139,1654
36.6167,1634
36.6194,1628
36.6222,1659
36.6250,1670
36.6278,1654
36.6306,1672
36.6333,1684
36.6361,1687
36.6389,1686
36.6417,1705
36.6444,1761
36.6472,1813
36.6500,1890
36.6528,1985
36.6556,2067
36.6583,2113
36.6611,2199
36.6639,2225
36.6667,2171
36.6694,2040
36.6722,1899
36.6750,1743
36.6778,1580
36.6806,1465
36.6833,1434
36.6861,1455
36.6889,1495
36.6917,1556
36.6944,1608
36.6972,1652
36.7000,1653
36.7028,1674
36.7056,1662
36.7083,1645
36.7111,1624
36.7139,1647
36.7167,1648
36.7194,1644
36.7222,1647
36.7250,1647
36.7278,1633
36.7306,1630
36.7333,1670
36.7361,1664
36.7389,1652
36.7417,1658
36.7444,1667
36.7472,1664
36.7500,1656
36.7528,1670
36.7556,1680
36.7583,1664
36.7611,1666
36.7639,1673
36.7667,1662
36.7694,1663
36.7722,1688
36.7750,1691
36.7778,1687
36.7806,1676
36.7833,1691
36.7861,1692
36.7889,1678
36.7917,1676
36.7944,1684
36.7972,1679
36.8000,1675
36.8028,1686
36.8056,1703
36.8083,1707
36.8111,1701
36.8139,1727
36.8167,1727
36.8194,1717
36.8222,1709
36.8250,1712
36.8278,1707
36.8306,1685
36.8333,1692
36.8361,1712
36.8389,1707
36.8417,1727
36.8444,1730
36.8472,1712
36.8500,1710
36.8528,1738
36.8556,1731
36.8583,1728
36.8611,1734
36.8639,1748
36.8667,1742
36.8694,1975
36.8722,1879
36.8750,1841
36.8778,1799
36.8806,1785
36.8833,1812
36.8861,1805
36.8889,1819
36.8917,1820
36.8944,1800
36.8972,1746
36.9000,1713
36.9028,1735
36.9056,1743
36.9083,1732
36.9111,1733
36.9139,1717
36.9167,1694
36.9194,1667
36.9222,1690
36.9250,1700
36.9278,1706
36.9306,1700
36.9333,1700
36.9361,1663
36.9389,1641
36.9417,1641
36.9444,1651
36.9472,1676
36.9500,1707
36.9528,1701
36.9556,1663
36.9583,1634
36.9611,1633
36.9639,1657
36.9667,1657
36.9694,1667
36.9722,1675
36.9750,1655
36.9778,1638
36.9806,1641
36.9833,1663
36.9861,1667
36.9889,1673
36.9917,1679
36.9944,1670
36.9972,1632
37.0000,1634
37.0028,1652
37.0056,1678
37.0083,1679
37.0111,1689
37.0139,1688
37.0167,1674
37.0194,1654
37.0222,1675
37.0250,1691
37.0278,1689
37.0306,1693
37.0333,1685
37.0361,1676
37.0389,1664
37.0417,1668
37.0444,1692
37.0472,1687
37.0500,1694
37.0528,1707
37.0556,1683
37.0583,1660
37.0611,1669
37.0639,1691
37.0667,1690
37.0694,1687
37.0722,1702
37.0750,1693
37.0778,1667
37.0806,1672
37.0833,1695
37.0861,1694
37.0889,1691
37.0917,1694
37.0944,1688
37.0972,1668
37.1000,1652
37.1028,1685
37.1056,1685
37.1083,1669
37.1111,1664
37.1139,1652
37.1167,1639
37.1194,1663
37.1222,1681
37.1250,1691
37.1278,1682
37.1306,1699
37.1333,1716
37.1361,1678
37.1389,1660
37.1417,1671
37.1444,1684
37.1472,1685
37.1500,1688
37.1528,1691
37.1556,1678
37.1583,1665
37.1611,1685
37.1639,1685
37.1667,1688
37.1694,1702
37.1722,1717
37.1750,1707
37.1778,1687
37.1806,1692
37.1833,1698
37.1861,1691
37.1889,1683
37.1917,1708
37.1944,1704
37.1972,1689
37.2000,1692
37.2028,1707
37.2056,1712
37.2083,1713
37.2111,1701
37.2139,1703
37.2167,1675
37.2194,1662
37.2222,1689
37.2250,1695
37.2278,1694
37.2306,1709
37.2333,1732
37.2361,1721
37.2389,1724
37.2417,1725
37.2444,1750
37.2472,1742
37.2500,1732
37.2528,1726
37.2556,1745
37.2583,1751
37.2611,1778
37.2639,1791
37.2667,1784
37.2694,1780
37.2722,1791
37.2750,1803
37.2778,1783
37.2806,1791
37.2833,1800
37.2861,1784
37.2889,1775
37.2917,1759
37.2944,1763
37.2972,1732
37.3000,1725
37.3028,1732
37.3056,1710
37.3083,1695
37.3111,1688
37.3139,1697
37.3167,1675
37.3194,1671
37.3222,1668
37.3250,1682
37.3278,1669
37.3306,1662
37.3333,1656
37.3361,1641
37.3389,1643
37.3417,1673
37.3444,1695
37.3472,1673
37.3500,1668
37.3528,1683
37.3556,1678
37.3583,1652
37.3611,1672
37.3639,1673
37.3667,1663
37.3694,1656
37.3722,1667
37.3750,1662
37.3778,1659
37.3806,1655
37.3833,1671
37.3861,1667
37.3889,1661
37.3917,1669
37.3944,1679
37.3972,1679
37.4000,1713
37.4028,1756
37.4056,1798
37.4083,1835
37.4111,1898
37.4139,1970
37.4167,2042
37.4194,2106
37.4222,2172
37.4250,2172
37.4278,2086
37.4306,1977
37.4333,1864
37.4361,1702
37.4389,1558
37.4417,1485
37.4444,1451
37.4472,1473
37.4500,1533
37.4528,1598
37.4556,1626
37.4583,1637
37.4611,1657
37.4639,1660
37.4667,1660
37.4694,1651
37.4722,1673
37.4750,1675
37.4778,1669
37.4806,1677
37.4833,1680
37.4861,1668
37.4889,1658
37.4917,1665
37.4944,1671
37.4972,1652
37.5000,1645
37.5028,1668
37.5056,1664
37.5083,1647
37.5111,1664
37.5139,1675
37.5167,1661
37.5194,1676
37.5222,1690
37.5250,1700
37.5278,1681
37.5306,1665
37.5333,1683
37.5361,1680
37.5389,1672
37.5417,1690
37.5444,1672
37.5472,1658
37.5500,1671
37.5528,1701
37.5556,1725
37.5583,1694
37.5611,1722
37.5639,1709
37.5667,1697
37.5694,1696
37.5722,1715
37.5750,1709
37.5778,1693
37.5806,1702
37.5833,1738
37.5861,1741
37.5889,1724
37.5917,1716
37.5944,1712
37.5972,1707
37.6000,1702
37.6028,1719
37.6056,1735
37.6083,1749
37.6111,1742
37.6139,1752
37.6167,1744
37.6194,1737
37.6222,1750
37.6250,1755
37.6278,1753
37.6306,1913
37.6333,1854
37.6361,1794
37.6389,1770
37.6417,1796
37.6444,1798
37.6472,1803
37.6500,1795
37.6528,1790
37.6556,1743
37.6583,1742
37.6611,1763
37.6639,1791
37.6667,1805
37.6694,1795
37.6722,1777
37.6750,1714
37.6778,1666
37.6806,1674
37.6833,1697
37.6861,1715
37.6889,1727
37.6917,1720
37.6944,1683
37.6972,1645
37.7000,1642
37.7028,1677
37.7056,1698
37.7083,1716
37.7111,1717
37.7139,1705
37.7167,1658
37.7194,1662
37.7222,1699
37.7250,1726
37.7278,1723
37.7306,1712
37.7333,1696
37.7361,1644
37.7389,1636
37.7417,1660
37.7444,1684
37.7472,1669
37.7500,1671
37.7528,1664
37.7556,1647
37.7583,1637
37.7611,1664
37.7639,1681
37.7667,1682
37.7694,1694
37.7722,1705
37.7750,1688
37.7778,1662
37.7806,1674
37.7833,1706
37.7861,1716
37.7889,1703
37.7917,1708
37.7944,1671
37.7972,1640
37.8000,1657
37.8028,1671
37.8056,1683
37.8083,1684
37.8111,1711
37.8139,1697
37.8167,1679
37.8194,1668
37.8222,1683
37.8250,1673
37.8278,1688
37.8306,1703
37.8333,1693
37.8361,1680
37.8389,1681
37.8417,1687
37.8444,1688
37.8472,1689
37.8500,1691
37.8528,1694
37.8556,1654
37.8583,1641
37.8611,1656
37.8639,1646
37.8667,1643
37.8694,1659
37.8722,1675
37.8750,1672
37.8778,1661
37.8806,1670
37.8833,1665
37.8861,1664
37.8889,1664
37.8917,1672
37.8944,1674
37.8972,1669
37.9000,1654
37.9028,1671
37.9056,1681
37.9083,1662
37.9111,1676
37.9139,1664
37.9167,1636
37.9194,1640
37.9222,1649
37.9250,1669
37.9278,1667
37.9306,1674
37.9333,1678
37.9361,1654
37.9389,1646
37.9417,1670
37.9444,1676
37.9472,1668
37.9500,1682
37.9528,1686
37.9556,1658
37.9583,1648
37.9611,1652
37.9639,1663
37.9667,1667
37.9694,1676
37.9722,1682
37.9750,1679
37.9778,1656
37.9806,1668
37.9833,1670
37.9861,1656
37.9889,1649
37.9917,1656
37.9944,1668
37.9972,1653
38.0000,1686
38.0028,1694
38.0056,1693
38.0083,1699
38.0111,1717
38.0139,1710
38.0167,1679
38.0194,1683
38.0222,1709
38.0250,1714
38.0278,1684
38.0306,1697
38.0333,1682
38.0361,1663
38.0389,1676
38.0417,1688
38.0444,1684
38.0472,1693
38.0500,1710
38.0528,1713
38.0556,1695
38.0583,1687
38.0611,1709
38.0639,1720
38.0667,1727
38.0694,1727
38.0722,1733
38.0750,1702
38.0778,1663
38.0806,1672
38.0833,1692
38.0861,1686
38.0889,1680
38.0917,1696
38.0944,1691
38.0972,1694
38.1000,1710
38.1028,1713
38.1056,1706
38.1083,1687
38.1111,1694
38.1139,1712
38.1167,1679
38.1194,1707
38.1222,1720
38.1250,1733
38.1278,1749
38.1306,1766
38.1333,1777
38.1361,1747
38.1389,1751
38.1417,1748
38.1444,1745
38.1472,1738
38.1500,1747
38.1528,1764
38.1556,1738
38.1583,1731
38.1611,1774
38.1639,1791
38.1667,1808
38.1694,1803
38.1722,1824
38.1750,1814
38.1778,1801
38.1806,1822
38.1833,1826
38.1861,1823
38.1889,1807
38.1917,1794
38.1944,1765
38.1972,1709
38.2000,1686
38.2028,1669
38.2056,1662
38.2083,1666
38.2111,1675
38.2139,1680
38.2167,1647
38.2194,1647
38.2222,1665
38.2250,1660
38.2278,1666
38.2306,1663
38.2333,1673
38.2361,1653
38.2389,1662
38.2417,1692
38.2444,1685
38.2472,1677
38.2500,1661
38.2528,1662
38.2556,1657
38.2583,1642
38.2611,1655
38.2639,1671
38.2667,1677
38.2694,1686
38.2722,1703
38.2750,1674
38.2778,1661
38.2806,1652
38.2833,1645
38.2861,1662
38.2889,1701
38.2917,1783
38.2944,1840
38.2972,1883
38.3000,1978
38.3028,2040
38.3056,2092
38.3083,2129
38.3111,2166
38.3139,2135
38.3167,2035
38.3194,1904
38.3222,1781
38.3250,1633
38.3278,1499
38.3306,1464
38.3333,1470
38.3361,1529
38.3389,1582
38.3417,1645
38.3444,1659
38.3472,1663
38.3500,1676
38.3528,1679
38.3556,1661
38.3583,1653
38.3611,1677
38.3639,1700
38.3667,1693
38.3694,1703
38.3722,1724
38.3750,1714
38.3778,1695
38.3806,1677
38.3833,1674
38.3861,1663
38.3889,1661
38.3917,1688
38.3944,1694
38.3972,1680
38.4000,1669
38.4028,1672
38.4056,1673
38.4083,1679
38.4111,1691
38.4139,1708
38.4167,1686
38.4194,1689
38.4222,1705
38.4250,1694
38.4278,1697
38.4306,1687
38.4333,1690
38.4361,1690
38.4389,1695
38.4417,1705
38.4444,1703
38.4472,1703
38.4500,1726
38.4528,1720
38.4556,1720
38.4583,1700
38.4611,1714
38.4639,1729
38.4667,1725
38.4694,1722
38.4722,1733
38.4750,1736
38.4778,1737
38.4806,1758
38.4833,1761
38.4861,1748
38.4889,1737
38.4917,1756
38.4944,1755
38.4972,1752
38.5000,1764
38.5028,1768
38.5056,1778
38.5083,1755
38.5111,1754
38.5139,1757
38.5167,1748
38.5194,1763
38.5222,1837
38.5250,1879
38.5278,1881
38.5306,1882
38.5333,1829
38.5361,1793
38.5389,1788
38.5417,1824
38.5444,1852
38.5472,1818
38.5500,1822
38.5528,1790
38.5556,1744
38.5583,1739
38.5611,1745
38.5639,1760
38.5667,1759
38.5694,1766
38.5722,1726
38.5750,1672
38.5778,1647
38.5806,1677
38.5833,1692
38.5861,1703
38.5889,1717
38.5917,1702
38.5944,1676
38.5972,1638
38.6000,1646
38.6028,1668
38.6056,1682
38.6083,1698
38.6111,1680
38.6139,1647
38.6167,1619
38.6194,1632
38.6222,1662
38.6250,1670
38.6278,1684
38.6306,1687
38.6333,1663
38.6361,1637
38.6389,1650
38.6417,1668
38.6444,1693
38.6472,1699
38.6500,1727
38.6528,1711
38.6556,1683
38.6583,1681
38.6611,1703
38.6639,1712
38.6667,1722
38.6694,1719
38.6722,1700
38.6750,1687
38.6778,1683
38.6806,1699
38.6833,1721
38.6861,1718
38.6889,1714
38.6917,1713
38.6944,1688
38.6972,1682
38.7000,1709
38.7028,1730
38.7056,1727
38.7083,1723
38.7111,1730
38.7139,1706
38.7167,1678
38.7194,1684
38.7222,1685
38.7250,1697
38.7278,1713
38.7306,1729
38.7333,1719
38.7361,1688
38.7389,1703
38.7417,1715
38.7444,1724
38.7472,1720
38.7500,1727
38.7528,1737
38.7556,1690
38.7583,1691
38.7611,1703
38.7639,1706
38.7667,1695
38.7694,1717
38.7722,1718
38.7750,1689
38.7778,1678
38.7806,1681
38.7833,1692
38.7861,1696
38.7889,1708
38.7917,1714
38.7944,1704
38.7972,1690
38.8000,1722
38.8028,1726
38.8056,1712
38.8083,1709
38.8111,1726
38.8139,1697
38.8167,1678
38.8194,1688
38.8222,1711
38.8250,1707
38.8278,1716
38.8306,1725
38.8333,1719
38.8361,1715
38.8389,1719
38.8417,1733
38.8444,1730
38.8472,1737
38.8500,1723
38.8528,1724
38.8556,1706
38.8583,1703
38.8611,1728
38.8639,1725
38.8667,1732
38.8694,1741
38.8722,1740
38.8750,1732
38.8778,1728
38.8806,1725
38.8833,1731
38.8861,1735
38.8889,1738
38.8917,1748
38.8944,1707
38.8972,1707
38.9000,1708
38.9028,1722
38.9056,1715
38.9083,1718
38.9111,1732
38.9139,1722
38.9167,1700
38.9194,1707
38.9222,1730
38.9250,1738
38.9278,1750
38.9306,1748
38.9333,1735
38.9361,1712
38.9389,1724
38.9417,1720
38.9444,1704
38.9472,1723
38.9500,1727
38.9528,1729
38.9556,1705
38.9583,1713
38.9611,1736
38.9639,1729
38.9667,1733
38.9694,1743
38.9722,1748
38.9750,1737
38.9778,1742
38.9806,1761
38.9833,1756
38.9861,1757
38.9889,1769
38.9917,1796
38.9944,1798
38.9972,1792
39.0000,1794
39.0028,1767
39.0056,1765
39.0083,1752
39.0111,1757
39.0139,1740
39.0167,1728
39.0194,1731
39.0222,1734
39.0250,1732
39.0278,1715
39.0306,1712
39.0333,1709
39.0361,1684
39.0389,1692
39.0417,1681
39.0444,1677
39.0472,1676
39.0500,1678
39.0528,1687
39.0556,1670
39.0583,1671
39.0611,1683
39.0639,1682
39.0667,1685
39.0694,1700
39.0722,1728
39.0750,1708
39.0778,1682
39.0806,1698
39.0833,1692
39.0861,1703
39.0889,1706
39.0917,1731
39.0944,1716
39.0972,1694
39.1000,1694
39.1028,1691
39.1056,1693
39.1083,1699
39.1111,1725
39.1139,1749
39.1167,1802
39.1194,1878
39.1222,1937
39.1250,2002
39.1278,2069
39.1306,2151
39.1333,2223
39.1361,2230
39.1389,2181
39.1417,2095
39.1444,1959
39.1472,1796
39.1500,1668
39.1528,1576
39.1556,1511
39.1583,1515
39.1611,1585
39.1639,1645
39.1667,1681
39.1694,1739
39.1722,1748
39.1750,1724
39.1778,1734
39.1806,1724
39.1833,1697
39.1861,1690
39.1889,1687
39.1917,1702
39.1944,1701
39.1972,1692
39.2000,1699
39.2028,1706
39.2056,1688
39.2083,1691
39.2111,1712
39.2139,1710
39.2167,1709
39.2194,1711
39.2222,1718
39.2250,1706
39.2278,1718
39.2306,1729
39.2333,1737
39.2361,1741
39.2389,1744
39.2417,1732
39.2444,1732
39.2472,1714
39.2500,1731
39.2528,1725
39.2556,1703
39.2583,1707
39.2611,1718
39.2639,1729
39.2667,1716
39.2694,1709
39.2722,1722
39.2750,1719
39.2778,1721
39.2806,1729
39.2833,1731
39.2861,1729
39.2889,1724
39.2917,1742
39.2944,1728
39.2972,1727
39.3000,1759
39.3028,1753
39.3056,1763
39.3083,1770
39.3111,1793
39.3139,1777
39.3167,1771
39.3194,1774
39.3222,1788
39.3250,1772
39.3278,1777
39.3306,1795
39.3333,1794
39.3361,1792
39.3389,1809
39.3417,1805
39.3444,1952
39.3472,1883
39.3500,1870
39.3528,1844
39.3556,1806
39.3583,1798
39.3611,1810
39.3639,1819
39.3667,1818
39.3694,1806
39.3722,1766
39.3750,1708
39.3778,1696
39.3806,1717
39.3833,1721
39.3861,1722
39.3889,1726
39.3917,1707
39.3944,1656
39.3972,1653
39.4000,1668
39.4028,1675
39.4056,1680
39.4083,1680
39.4111,1674
39.4139,1643
39.4167,1626
39.4194,1636
39.4222,1646
39.4250,1661
39.4278,1680
39.4306,1685
39.4333,1649
39.4361,1613
39.4389,1630
39.4417,1651
39.4444,1662
39.4472,1672
39.4500,1671
39.4528,1656
39.4556,1636
39.4583,1656
39.4611,1643
39.4639,1669
39.4667,1661
39.4694,1661
39.4722,1652
39.4750,1632
39.4778,1644
39.4806,1671
39.4833,1675
39.4861,1694
39.4889,1699
39.4917,1691
39.4944,1642
39.4972,1617
39.5000,1652
39.5028,1657
39.5056,1668
39.5083,1677
39.5111,1685
39.5139,1668
39.5167,1662
39.5194,1684
39.5222,1692
39.5250,1704
39.5278,1705
39.5306,1707
39.5333,1669
39.5361,1657
39.5389,1677
39.5417,1684
39.5444,1706
39.5472,1727
39.5500,1733
39.5528,1717
39.5556,1683
39.5583,1689
39.5611,1694
39.5639,1685
39.5667,1690
39.5694,1697
39.5722,1680
39.5750,1666
39.5778,1672
39.5806,1680
39.5833,1706
39.5861,1712
39.5889,1724
39.5917,1723
39.5944,1696
39.5972,1668
39.6000,1685
39.6028,1680
39.6056,1692
39.6083,1686
39.6111,1704
39.6139,1674
39.6167,1651
39.6194,1677
39.6222,1696
39.6250,1697
39.6278,1704
39.6306,1695
39.6333,1672
39.6361,1656
39.6389,1677
39.6417,1697
39.6444,1695
39.6472,1697
39.6500,1703
39.6528,1691
39.6556,1677
39.6583,1687
39.6611,1703
39.6639,1694
39.6667,1680
39.6694,1679
39.6722,1677
39.6750,1664
39.6778,1679
39.6806,1688
39.6833,1688
39.6861,1684
39.6889,1693
39.6917,1683
39.6944,1667
39.6972,1653
39.7000,1663
39.7028,1657
39.7056,1663
39.7083,1683
39.7111,1692
39.7139,1675
39.7167,1659
39.7194,1662
39.7222,1655
39.7250,1652
39.7278,1655
39.7306,1675
39.7333,1645
39.7361,1641
39.7389,1655
39.7417,1674
39.7444,1680
39.7472,1672
39.7500,1680
39.7528,1683
39.7556,1654
39.7583,1683
39.7611,1693
39.7639,1693
39.7667,1703
39.7694,1717
39.7722,1710
39.7750,1693
39.7778,1708
39.7806,1713
39.7833,1720
39.7861,1710
39.7889,1724
39.7917,1739
39.7944,1730
39.7972,1717
39.8000,1723
39.8028,1707
39.8056,1709
39.8083,1723
39.8111,1755
39.8139,1744
39.8167,1744
39.8194,1751
39.8222,1755
39.8250,1729
39.8278,1686
39.8306,1691
39.8333,1672
39.8361,1673
39.8389,1685
39.8417,1695
39.8444,1683
39.8472,1690
39.8500,1696
39.8528,1684
39.8556,1654
39.8583,1656
39.8611,1664
39.8639,1657
39.8667,1659
39.8694,1667
39.8722,1661
39.8750,1653
39.8778,1671
39.8806,1694
39.8833,1685
39.8861,1678
39.8889,1671
39.8917,1672
39.8944,1658
39.8972,1653
39.9000,1656
39.9028,1664
39.9056,1655
39.9083,1666
39.9111,1675
39.9139,1659
39.9167,1639
39.9194,1652
39.9222,1653
39.9250,1658
39.9278,1693
39.9306,1741
39.9333,1775
39.9361,1827
39.9389,1906
39.9417,1982
39.9444,2042
39.9472,2108
39.9500,2190
39.9528,2206
39.9556,2141
39.9583,2044
39.9611,1902
39.9639,1743
39.9667,1612
39.9694,1529
39.9722,1497
39.9750,1475
39.9778,1529
39.9806,1592
39.9833,1645
39.9861,1654
39.9889,1681
39.9917,1681
39.9944,1643
39.9972,1636
40.0000,1654
40.0028,1643
40.0056,1635
40.0083,1648
40.0111,1643
40.0139,1639
40.0167,1640
40.0194,1665
40.0222,1664
40.0250,1656
40.0278,1653
40.0306,1662
40.0333,1665
40.0361,1655
40.0389,1664
40.0417,1656
40.0444,1635
40.0472,1633
40.0500,1644
40.0528,1658
40.0556,1641
40.0583,1651
40.0611,1663
40.0639,1656
40.0667,1656
40.0694,1667
40.0722,1682
40.0750,1680
40.0778,1687
40.0806,1703
40.0833,1709
40.0861,1693
40.0889,1707
40.0917,1703
40.0944,1690
40.0972,1675
40.1000,1698
40.1028,1707
40.1056,1690
40.1083,1700
40.1111,1708
40.1139,1700
40.1167,1711
40.1194,1718
40.1222,1718
40.1250,1719
40.1278,1738
40.1306,1758
40.1333,1732
40.1361,1717
40.1389,1721
40.1417,1733
40.1444,1732
40.1472,1723
40.1500,1744
40.1528,1745
40.1556,1746
40.1583,1764
40.1611,1836
40.1639,1856
40.1667,1870
40.1694,1867
40.1722,1822
40.1750,1779
40.1778,1770
40.1806,1805
40.1833,1824
40.1861,1831
40.1889,1814
40.1917,1776
40.1944,1714
40.1972,1710
40.2000,1735
40.2028,1754
40.2056,1776
40.2083,1783
40.2111,1745
40.2139,1711
40.2167,1701
40.2194,1706
40.2222,1723
40.2250,1739
40.2278,1729
40.2306,1723
40.2333,1668
40.2361,1662
40.2389,1661
40.2417,1697
40.2444,1711
40.2472,1718
40.2500,1708
40.2528,1686
40.2556,1668
40.2583,1695
40.2611,1708
40.2639,1712
40.2667,1719
40.2694,1708
40.2722,1696
40.2750,1664
40.2778,1677
40.2806,1691
40.2833,1717
40.2861,1732
40.2889,1734
40.2917,1719
40.2944,1684
40.2972,1684
40.3000,1689
40.3028,1692
40.3056,1708
40.3083,1724
40.3111,1717
40.3139,1693
40.3167,1700
40.3194,1705
40.3222,1711
40.3250,1717
40.3278,1726
40.3306,1723
40.3333,1705
40.3361,1709
40.3389,1723
40.3417,1735
40.3444,1735
40.3472,1751
40.3500,1737
40.3528,1706
40.3556,1682
40.3583,1699
40.3611,1708
40.3639,1713
40.3667,1724
40.3694,1738
40.3722,1711
40.3750,1698
40.3778,1707
40.3806,1722
40.3833,1714
40.3861,1705
40.3889,1709
40.3917,1690
40.3944,1672
40.3972,1669
40.4000,1685
40.4028,1692
40.4056,1707
40.4083,1716
40.4111,1714
40.4139,1700
40.4167,1710
40.4194,1727
40.4222,1729
40.4250,1722
40.4278,1725
40.4306,1702
40.4333,1673
40.4361,1653
40.4389,1682
40.4417,1700
40.4444,1694
40.4472,1708
40.4500,1730
40.4528,1696
40.4556,1684
40.4583,1676
40.4611,1694
40.4639,1705
40.4667,1702
40.4694,1718
40.4722,1703
40.4750,1686
40.4778,1703
40.4806,1710
40.4833,1725
40.4861,1727
40.4889,1751
40.4917,1749
40.4944,1745
40.4972,1733
40.5000,1749
40.5028,1743
40.5056,1746
40.5083,1753
40.5111,1748
40.5139,1759
40.5167,1804
40.5194,1863
40.5222,1875
40.5250,1845
40.5278,1817
40.5306,1814
40.5333,1758
40.5361,1760
40.5389,1771
40.5417,1776
40.5444,1771
40.5472,1750
40.5500,1740
40.5528,1691
40.5556,1644
40.5583,1652
40.5611,1640
40.5639,1666
40.5667,1680
40.5694,1700
40.5722,1668
40.5750,1652
40.5778,1665
40.5806,1667
40.5833,1660
40.5861,1666
40.5889,1674
40.5917,1649
40.5944,1619
40.5972,1613
40.6000,1628
40.6028,1632
40.6056,1628
40.6083,1651
40.6111,1651
40.6139,1643
40.6167,1642
40.6194,1669
40.6222,1665
40.6250,1665
40.6278,1668
40.6306,1675
40.6333,1643
40.6361,1637
40.6389,1653
40.6417,1676
40.6444,1685
40.6472,1746
40.6500,1812
40.6528,1840
40.6556,1872
40.6583,1948
40.6611,2008
40.6639,2064
40.6667,2122
40.6694,2143
40.6722,2077
40.6750,1974
40.6778,1868
40.6806,1717
40.6833,1582
40.6861,1484
40.6889,1462
40.6917,1484
40.6944,1512
40.6972,1558
40.7000,1613
40.7028,1621
40.7056,1628
40.7083,1646
40.7111,1642
40.7139,1626
40.7167,1666
40.7194,1688
40.7222,1672
40.7250,1659
40.7278,1658
40.7306,1672
40.7333,1634
40.7361,1645
40.7389,1659
40.7417,1660
40.7444,1655
40.7472,1676
40.7500,1680
40.7528,1664
40.7556,1660
40.7583,1665
40.7611,1674
40.7639,1672
40.7667,1678
40.7694,1681
40.7722,1673
40.7750,1666
40.7778,1667
40.7806,1681
40.7833,1679
40.7861,1674
40.7889,1692
40.7917,1685
40.7944,1696
40.7972,1707
40.8000,1724
40.8028,1705
40.8056,1699
40.8083,1701
40.8111,1690
40.8139,1686
40.8167,1700
40.8194,1709
40.8222,1702
40.8250,1694
40.8278,1706
40.8306,1725
40.8333,1718
40.8361,1718
40.8389,1711
40.8417,1701
40.8444,1689
40.8472,1706
40.8500,1728
40.8528,1735
40.8556,1738
40.8583,1760
40.8611,1769
40.8639,1783
40.8667,1779
40.8694,1789
40.8722,1785
40.8750,1702
40.8778,1796
40.8806,1825
40.8833,1852
40.8861,1854
40.8889,1839
40.8917,1787
40.8944,1754
40.8972,1758
40.9000,1771
40.9028,1785
40.9056,1789
40.9083,1767
40.9111,1723
40.9139,1705
40.9167,1709
40.9194,1734
40.9222,1738
40.9250,1716
40.9278,1700
40.9306,1690
40.9333,1662
40.9361,1663
40.9389,1687
40.9417,1711
40.9444,1704
40.9472,1703
40.9500,1660
40.9528,1623
40.9556,1619
40.9583,1663
40.9611,1689
40.9639,1706
40.9667,1721
40.9694,1705
40.9722,1670
40.9750,1669
40.9778,1680
40.9806,1691
40.9833,1693
40.9861,1722
40.9889,1715
40.9917,1690
40.9944,1652
40.9972,1667
41.0000,1671
41.0028,1675
41.0056,1687
41.0083,1695
41.0111,1677
41.0139,1652
41.0167,1670
41.0194,1696
41.0222,1707
41.0250,1712
41.0278,1710
41.0306,1692
41.0333,1666
41.0361,1659
41.0389,1685
41.0417,1672
41.0444,1671
41.0472,1676
41.0500,1686
41.0528,1672
41.0556,1666
41.0583,1696
41.0611,1705
41.0639,1696
41.0667,1710
41.0694,1713
41.0722,1674
41.0750,1662
41.0778,1677
41.0806,1688
41.0833,1685
41.0861,1697
41.0889,1695
41.0917,1674
41.0944,1648
41.0972,1645
41.1000,1675
41.1028,1687
41.1056,1699
41.1083,1694
41.1111,1682
41.1139,1663
41.1167,1663
41.1194,1697
41.1222,1683
41.1250,1687
41.1278,1693
41.1306,1665
41.1333,1628
41.1361,1634
41.1389,1654
41.1417,1677
41.1444,1695
41.1472,1709
41.1500,1704
41.1528,1653
41.1556,1644
41.1583,1669
41.1611,1679
41.1639,1674
41.1667,1681
41.1694,1677
41.1722,1666
41.1750,1649
41.1778,1656
41.1806,1666
41.1833,1671
41.1861,1675
41.1889,1695
41.1917,1663
41.1944,1658
41.1972,1659
41.2000,1695
41.2028,1697
41.2056,1709
41.2083,1721
41.2111,1690
41.2139,1676
41.2167,1682
41.2194,1693
41.2222,1680
41.2250,1666
41.2278,1685
41.2306,1686
41.2333,1664
41.2361,1662
41.2389,1685
41.2417,1665
41.2444,1661
41.2472,1646
41.2500,1635
41.2528,1631
41.2556,1652
41.2583,1672
41.2611,1678
41.2639,1669
41.2667,1656
41.2694,1651
41.2722,1626
41.2750,1639
41.2778,1675
41.2806,1689
41.2833,1691
41.2861,1699
41.2889,1690
41.2917,1666
41.2944,1644
41.2972,1651
41.3000,1638
41.3028,1636
41.3056,1655
41.3083,1679
41.3111,1653
41.3139,1631
41.3167,1627
41.3194,1630
41.3222,1625
41.3250,1647
41.3278,1683
41.3306,1699
41.3333,1678
41.3361,1671
41.3389,1653
41.3417,1647
41.3444,1651
41.3472,1684
41.3500,1683
41.3528,1694
41.3556,1710
41.3583,1714
41.3611,1706
41.3639,1700
41.3667,1690
41.3694,1696
41.3722,1657
41.3750,1669
41.3778,1694
41.3806,1719
41.3833,1726
41.3861,1743
41.3889,1749
41.3917,1719
41.3944,1717
41.3972,1732
41.4000,1727
41.4028,1739
41.4056,1763
41.4083,1802
41.4111,1812
41.4139,1791
41.4167,1808
41.4194,1824
41.4222,1819
41.4250,1835
41.4278,1836
41.4306,1821
41.4333,1775
41.4361,1785
41.4389,1766
41.4417,1751
41.4444,1752
41.4472,1758
41.4500,1750
41.4528,1726
41.4556,1689
41.4583,1680
41.4611,1653
41.4639,1634
41.4667,1641
41.4694,1638
41.4722,1641
41.4750,1628
41.4778,1667
41.4806,1660
41.4833,1641
41.4861,1636
41.4889,1653
41.4917,1642
41.4944,1615
41.4972,1631
41.5000,1639
41.5028,1649
41.5056,1654
41.5083,1673
41.5111,1670
41.5139,1660
41.5167,1654
41.5194,1657
41.5222,1648
41.5250,1649
41.5278,1661
41.5306,1671
41.5333,1674
41.5361,1689
41.5389,1728
41.5417,1750
41.5444,1776
41.5472,1825
41.5500,1869
41.5528,1918
41.5556,1973
41.5583,2055
41.5611,2128
41.5639,2173
41.5667,2182
41.5694,2105
41.5722,1983
41.5750,1818
41.5778,1675
41.5806,1531
41.5833,1445
41.5861,1428
41.5889,1497
41.5917,1553
41.5944,1610
41.5972,1668
41.6000,1687
41.6028,1682
41.6056,1673
41.6083,1677
41.6111,1673
41.6139,1673
41.6167,1710
41.6194,1719
41.6222,1708
41.6250,1683
41.6278,1664
41.6306,1662
41.6333,1652
41.6361,1648
41.6389,1673
41.6417,1670
41.6444,1671
41.6472,1691
41.6500,1701
41.6528,1695
41.6556,1681
41.6583,1687
41.6611,1684
41.6639,1676
41.6667,1665
41.6694,1659
41.6722,1647
41.6750,1653
41.6778,1687
41.6806,1704
41.6833,1701
41.6861,1688
41.6889,1698
41.6917,1695
41.6944,1690
41.6972,1696
41.7000,1714
41.7028,1694
41.7056,1685
41.7083,1708
41.7111,1700
41.7139,1688
41.7167,1717
41.7194,1740
41.7222,1747
41.7250,1730
41.7278,1746
41.7306,1739
41.7333,1718
41.7361,1719
41.7389,1744
41.7417,1747
41.7444,1742
41.7472,1759
41.7500,1773
41.7528,1778
41.7556,1776
41.7583,1781
41.7611,1775
41.7639,1780
41.7667,1788
41.7694,1803
41.7722,1732
41.7750,1817
41.7778,1853
41.7806,1867
41.7833,1886
41.7861,1882
41.7889,1847
41.7917,1802
41.7944,1777
41.7972,1799
41.8000,1819
41.8028,1827
41.8056,1825
41.8083,1804
41.8111,1746
41.8139,1722
41.8167,1735
41.8194,1749
41.8222,1738
41.8250,1730
41.8278,1727
41.8306,1673
41.8333,1639
41.8361,1658
41.8389,1687
41.8417,1720
41.8444,1729
41.8472,1737
41.8500,1703
41.8528,1668
41.8556,1669
41.8583,1685
41.8611,1687
41.8639,1680
41.8667,1697
41.8694,1683
41.8722,1653
41.8750,1661
41.8778,1694
41.8806,1709
41.8833,1727
41.8861,1735
41.8889,1727
41.8917,1688
41.8944,1672
41.8972,1706
41.9000,1709
41.9028,1741
41.9056,1747
41.9083,1732
41.9111,1704
41.9139,1672
41.9167,1686
41.9194,1698
41.9222,1709
41.9250,1727
41.9278,1740
41.9306,1705
41.9333,1688
41.9361,1717
41.9389,1725
41.9417,1740
41.9444,1751
41.9472,1746
41.9500,1709
41.9528,1676
41.9556,1673
41.9583,1684
41.9611,1683
41.9639,1694
41.9667,1732
41.9694,1721
41.9722,1699
41.9750,1697
41.9778,1723
41.9806,1726
41.9833,1724
41.9861,1738
41.9889,1736
41.9917,1706
41.9944,1705
41.9972,1719
42.0000,1741
42.0028,1741
42.0056,1736
42.0083,1734
42.0111,1706
42.0139,1688
42.0167,1693
42.0194,1691
42.0222,1677
42.0250,1678
42.0278,1693
42.0306,1665
42.0333,1665
42.0361,1679
42.0389,1707
42.0417,1706
42.0444,1708
42.0472,1717
42.0500,1696
42.0528,1658
42.0556,1666
42.0583,1676
42.0611,1680
42.0639,1685
42.0667,1714
42.0694,1699
42.0722,1689
42.0750,1681
42.0778,1692
42.0806,1702
42.0833,1697
42.0861,1691
42.0889,1702
42.0917,1690
42.0944,1683
42.0972,1702
42.1000,1695
42.1028,1687
42.1056,1690
42.1083,1698
42.1111,1677
42.1139,1667
42.1167,1693
42.1194,1695
42.1222,1705
42.1250,1711
42.1278,1721
42.1306,1708
42.1333,1699
42.1361,1702
42.1389,1711
42.1417,1707
42.1444,1707
42.1472,1719
42.1500,1716
42.1528,1689
42.1556,1702
42.1583,1725
42.1611,1733
42.1639,1717
42.1667,1709
42.1694,1704
42.1722,1675
42.1750,1681
42.1778,1710
42.1806,1705
42.1833,1710
42.1861,1721
42.1889,1720
42.1917,1688
42.1944,1676
42.1972,1688
42.2000,1694
42.2028,1696
42.2056,1708
42.2083,1708
42.2111,1698
42.2139,1701
42.2167,1715
42.2194,1716
42.2222,1711
42.2250,1705
42.2278,1718
42.2306,1718
42.2333,1700
42.2361,1722
42.2389,1733
42.2417,1744
42.2444,1735
42.2472,1757
42.2500,1768
42.2528,1734
42.2556,1733
42.2583,1729
42.2611,1747
42.2639,1756
42.2667,1782
42.2694,1775
42.2722,1772
42.2750,1785
42.2778,1828
42.2806,1840
42.2833,1836
42.2861,1836
42.2889,1810
42.2917,1780
42.2944,1778
42.2972,1793
42.3000,1792
42.3028,1784
42.3056,1794
42.3083,1796
42.3111,1758
42.3139,1723
42.3167,1716
42.3194,1711
42.3222,1696
42.3250,1704
42.3278,1713
42.3306,1719
42.3333,1694
42.3361,1705
42.3389,1674
42.3417,1653
42.3444,1657
42.3472,1677
42.3500,1683
42.3528,1668
42.3556,1671
42.3583,1672
42.3611,1659
42.3639,1648
42.3667,1676
42.3694,1669
42.3722,1673
42.3750,1657
42.3778,1660
42.3806,1661
42.3833,1647
42.3861,1654
42.3889,1680
42.3917,1672
42.3944,1686
42.3972,1720
42.4000,1752
42.4028,1780
42.4056,1827
42.4083,1879
42.4111,1936
42.4139,2004
42.4167,2092
42.4194,2163
42.4222,2189
42.4250,2152
42.4278,2063
42.4306,1935
42.4333,1797
42.4361,1668
42.4389,1569
42.4417,1502
42.4444,1495
42.4472,1520
42.4500,1582
42.4528,1620
42.4556,1695
42.4583,1715
42.4611,1725
42.4639,1721
42.4667,1707
42.4694,1705
42.4722,1680
42.4750,1678
42.4778,1702
42.4806,1690
42.4833,1680
42.4861,1695
42.4889,1697
42.4917,1677
42.4944,1685
42.4972,1693
42.5000,1681
42.5028,1684
42.5056,1683
42.5083,1693
42.5111,1673
42.5139,1673
42.5167,1680
42.5194,1706
42.5222,1700
42.5250,1726
42.5278,1770
42.5306,1760
42.5333,1747
42.5361,1721
42.5389,1705
42.5417,1674
42.5444,1680
42.5472,1697
42.5500,1706
42.5528,1699
42.5556,1719
42.5583,1725
42.5611,1711
42.5639,1699
42.5667,1719
42.5694,1725
42.5722,1722
42.5750,1714
42.5778,1724
42.5806,1717
42.5833,1704
42.5861,1725
42.5889,1732
42.5917,1727
42.5944,1745
42.5972,1761
42.6000,1769
42.6028,1772
42.6056,1766
42.6083,1785
42.6111,1776
42.6139,1770
42.6167,1785
42.6194,1788
42.6222,1790
42.6250,1784
42.6278,1800
42.6306,1764
42.6333,1838
42.6361,1864
42.6389,1873
42.6417,1892
42.6444,1888
42.6472,1868
42.6500,1829
42.6528,1803
42.6556,1826
42.6583,1840
42.6611,1863
42.6639,1858
42.6667,1846
42.6694,1792
42.6722,1743
42.6750,1750
42.6778,1760
42.6806,1775
42.6833,1782
42.6861,1771
42.6889,1727
42.6917,1675
42.6944,1680
42.6972,1710
42.7000,1729
42.7028,1729
42.7056,1735
42.7083,1703
42.7111,1661
42.7139,1667
42.7167,1677
42.7194,1714
42.7222,1748
42.7250,1749
42.7278,1731
42.7306,1698
42.7333,1674
42.7361,1679
42.7389,1701
42.7417,1710
42.7444,1720
42.7472,1716
42.7500,1691
42.7528,1670
42.7556,1678
42.7583,1697
42.7611,1716
42.7639,1698
42.7667,1706
42.7694,1688
42.7722,1650
42.7750,1667
42.7778,1688
42.7806,1695
42.7833,1715
42.7861,1723
42.7889,1693
42.7917,1684
42.7944,1683
42.7972,1706
42.8000,1719
42.8028,1710
42.8056,1708
42.8083,1688
42.8111,1645
42.8139,1649
42.8167,1676
42.8194,1687
42.8222,1689
42.8250,1710
42.8278,1709
42.8306,1656
42.8333,1670
42.8361,1682
42.8389,1708
42.8417,1702
42.8444,1700
42.8472,1675
42.8500,1636
42.8528,1630
42.8556,1662
42.8583,1687
42.8611,1679
42.8639,1686
42.8667,1692
42.8694,1659
42.8722,1636
42.8750,1648
42.8778,1672
42.8806,1680
42.8833,1701
42.8861,1695
42.8889,1680
42.8917,1644
42.8944,1657
42.8972,1672
42.9000,1686
42.9028,1685
42.9056,1708
42.9083,1703
42.9111,1664
42.9139,1666
42.9167,1667
42.9194,1681
42.9222,1692
42.9250,1707
42.9278,1710
42.9306,1678
42.9333,1662
42.9361,1679
42.9389,1696
42.9417,1697
42.9444,1698
42.9472,1695
42.9500,1691
42.9528,1684
42.9556,1711
42.9583,1702
42.9611,1688
42.9639,1688
42.9667,1706
42.9694,1691
42.9722,1666
42.9750,1687
42.9778,1700
42.9806,1690
42.9833,1696
42.9861,1713
42.9889,1692
42.9917,1679
42.9944,1692
42.9972,1713
43.0000,1728
43.0028,1735
43.0056,1752
43.0083,1756
43.0111,1713
43.0139,1706
43.0167,1733
43.0194,1719
43.0222,1718
43.0250,1726
43.0278,1719
43.0306,1688
43.0333,1683
43.0361,1689
43.0389,1698
43.0417,1724
43.0444,1747
43.0472,1758
43.0500,1733
43.0528,1711
43.0556,1713
43.0583,1709
43.0611,1697
43.0639,1711
43.0667,1729
43.0694,1713
43.0722,1707
43.0750,1735
43.0778,1750
43.0806,1753
43.0833,1747
43.0861,1750
43.0889,1729
43.0917,1713
43.0944,1734
43.0972,1748
43.1000,1742
43.1028,1748
43.1056,1765
43.1083,1761
43.1111,1768
43.1139,1779
43.1167,1815
43.1194,1813
43.1222,1802
43.1250,1809
43.1278,1817
43.1306,1785
43.1333,1778
43.1361,1780
43.1389,1769
43.1417,1742
43.1444,1727
43.1472,1714
43.1500,1682
43.1528,1661
43.1556,1670
43.1583,1677
43.1611,1664
43.1639,1666
43.1667,1678
43.1694,1659
43.1722,1641
43.1750,1636
43.1778,1632
43.1806,1629
43.1833,1630
43.1861,1646
43.1889,1638
43.1917,1634
43.1944,1654
43.1972,1660
43.2000,1643
43.2028,1670
43.2056,1692
43.2083,1696
43.2111,1666
43.2139,1660
43.2167,1668
43.2194,1674
43.2222,1653
43.2250,1682
43.2278,1670
43.2306,1669
43.2333,1679
43.2361,1728
43.2389,1786
43.2417,1832
43.2444,1896
43.2472,1985
43.2500,2042
43.2528,2101
43.2556,2177
43.2583,2208
43.2611,2157
43.2639,2045
43.2667,1919
43.2694,1742
43.2722,1601
43.2750,1525
43.2778,1470
43.2806,1469
43.2833,1506
43.2861,1564
43.2889,1614
43.2917,1643
43.2944,1678
43.2972,1701
43.3000,1688
43.3028,1660
43.3056,1662
43.3083,1660
43.3111,1647
43.3139,1635
43.3167,1651
43.3194,1650
43.3222,1660
43.3250,1672
43.3278,1676
43.3306,1667
43.3333,1647
43.3361,1648
43.3389,1641
43.3417,1632
43.3444,1645
43.3472,1673
43.3500,1639
43.3528,1641
43.3556,1650
43.3583,1638
43.3611,1650
43.3639,1643
43.3667,1671
43.3694,1675
43.3722,1660
43.3750,1664
43.3778,1657
43.3806,1656
43.3833,1671
43.3861,1684
43.3889,1684
43.3917,1664
43.3944,1691
43.3972,1705
43.4000,1710
43.4028,1712
43.4056,1722
43.4083,1725
43.4111,1711
43.4139,1706
43.4167,1726
43.4194,1729
43.4222,1708
43.4250,1728
43.4278,1748
43.4306,1748
43.4333,1760
43.4361,1762
43.4389,1754
43.4417,1736
43.4444,1752
43.4472,1780
43.4500,1772
43.4528,1778
43.4556,1797
43.4583,1803
43.4611,1788
43.4639,1977
43.4667,1891
43.4694,1830
43.4722,1809
43.4750,1833
43.4778,1856
43.4806,1880
43.4833,1873
43.4861,1847
43.4889,1789
43.4917,1767
43.4944,1788
43.4972,1796
43.5000,1801
43.5028,1807
43.5056,1789
43.5083,1719
43.5111,1680
43.5139,1676
43.5167,1706
43.5194,1708
43.5222,1711
43.5250,1720
43.5278,1710
43.5306,1664
43.5333,1676
43.5361,1692
43.5389,1707
43.5417,1715
43.5444,1710
43.5472,1683
43.5500,1646
43.5528,1652
43.5556,1691
43.5583,1718
43.5611,1721
43.5639,1720
43.5667,1700
43.5694,1663
43.5722,1635
43.5750,1667
43.5778,1686
43.5806,1688
43.5833,1689
43.5861,1689
43.5889,1681
43.5917,1683
43.5944,1720
43.5972,1734
43.6000,1723
43.6028,1720
43.6056,1723
43.6083,1704
43.6111,1680
43.6139,1707
43.6167,1720
43.6194,1724
43.6222,1726
43.6250,1721
43.6278,1700
43.6306,1661
43.6333,1668
43.6361,1691
43.6389,1711
43.6417,1722
43.6444,1753
43.6472,1727
43.6500,1701
43.6528,1691
43.6556,1699
43.6583,1708
43.6611,1701
43.6639,1707
43.6667,1692
43.6694,1664
43.6722,1663
43.6750,1695
43.6778,1705
43.6806,1709
43.6833,1718
43.6861,1711
43.6889,1696
43.6917,1689
43.6944,1718
43.6972,1730
43.7000,1724
43.7028,1722
43.7056,1718
43.7083,1686
43.7111,1678
43.7139,1708
43.7167,1727
43.7194,1723
43.7222,1734
43.7250,1743
43.7278,1737
43.7306,1690
43.7333,1680
43.7361,1687
43.7389,1695
43.7417,1692
43.7444,1702
43.7472,1698
43.7500,1659
43.7528,1664
43.7556,1703
43.7583,1713
43.7611,1728
43.7639,1735
43.7667,1735
43.7694,1721
43.7722,1707
43.7750,1700
43.7778,1701
43.7806,1697
43.7833,1713
43.7861,1698
43.7889,1668
43.7917,1662
43.7944,1693
43.7972,1726
43.8000,1739
43.8028,1755
43.8056,1772
43.8083,1737
43.8111,1691
43.8139,1682
43.8167,1676
43.8194,1680
43.8222,1685
43.8250,1705
43.8278,1713
43.8306,1704
43.8333,1724
43.8361,1750
43.8389,1732
43.8417,1728
43.8444,1738
43.8472,1737
43.8500,1711
43.8528,1715
43.8556,1736
43.8583,1752
43.8611,1735
43.8639,1737
43.8667,1732
43.8694,1695
43.8722,1667
43.8750,1717
43.8778,1715
43.8806,1728
43.8833,1732
43.8861,1742
43.8889,1720
43.8917,1701
43.8944,1709
43.8972,1712
43.9000,1711
43.9028,1725
43.9056,1735
43.9083,1722
43.9111,1733
43.9139,1744
43.9167,1767
43.9194,1748
43.9222,1773
43.9250,1776
43.9278,1763
43.9306,1733
43.9333,1751
43.9361,1758
43.9389,1778
43.9417,1763
43.9444,1764
43.9472,1761
43.9500,1718
43.9528,1720
43.9556,1721
43.9583,1700
43.9611,1685
43.9639,1697
43.9667,1712
43.9694,1680
43.9722,1659
43.9750,1662
43.9778,1646
43.9806,1643
43.9833,1651
43.9861,1657
43.9889,1629
43.9917,1635
43.9944,1659
43.9972,1674
44.0000,1682
44.0028,1687
44.0056,1690
44.0083,1668
44.0111,1664
44.0139,1668
44.0167,1673
44.0194,1665
44.0222,1674
44.0250,1696
44.0278,1688
44.0306,1671
44.0333,1678
44.0361,1687
44.0389,1670
44.0417,1662
44.0444,1650
44.0472,1666
44.0500,1671
44.0528,1694
44.0556,1760
44.0583,1806
44.0611,1835
44.0639,1890
44.0667,1957
44.0694,2009
44.0722,2094
44.0750,2157
44.0778,2148
44.0806,2079
44.0833,1982
44.0861,1857
44.0889,1702
44.0917,1559
44.0944,1501
44.0972,1469
44.1000,1478
44.1028,1520
44.1056,1577
44.1083,1608
44.1111,1627
44.1139,1648
44.1167,1678
44.1194,1670
44.1222,1670
44.1250,1670
44.1278,1680
44.1306,1678
44.1333,1688
44.1361,1695
44.1389,1698
44.1417,1664
44.1444,1684
44.1472,1652
44.1500,1654
44.1528,1656
44.1556,1657
44.1583,1650
44.1611,1653
44.1639,1674
44.1667,1691
44.1694,1702
44.1722,1695
44.1750,1678
44.1778,1655
44.1806,1611
44.1833,1622
44.1861,1640
44.1889,1647
44.1917,1655
44.1944,1670
44.1972,1673
44.2000,1660
44.2028,1660
44.2056,1682
44.2083,1679
44.2111,1674
44.2139,1689
44.2167,1690
44.2194,1693
44.2222,1687
44.2250,1706
44.2278,1696
44.2306,1678
44.2333,1688
44.2361,1697
44.2389,1700
44.2417,1695
44.2444,1713
44.2472,1733
44.2500,1738
44.2528,1732
44.2556,1742
44.2583,1721
44.2611,1705
44.2639,1717
44.2667,1730
44.2694,1707
44.2722,1739
44.2750,1762
44.2778,1797
44.2806,1803
44.2833,1969
44.2861,1900
44.2889,1862
44.2917,1835
44.2944,1832
44.2972,1830
44.3000,1841
44.3028,1834
44.3056,1812
44.3083,1744
44.3111,1713
44.3139,1720
44.3167,1744
44.3194,1769
44.3222,1767
44.3250,1738
44.3278,1680
44.3306,1651
44.3333,1669
44.3361,1694
44.3389,1714
44.3417,1715
44.3444,1721
44.3472,1664
44.3500,1630
44.3528,1631
44.3556,1656
44.3583,1669
44.3611,1687
44.3639,1689
44.3667,1654
44.3694,1604
44.3722,1614
44.3750,1667
44.3778,1698
44.3806,1706
44.3833,1710
44.3861,1667
44.3889,1629
44.3917,1619
44.3944,1655
44.3972,1676
44.4000,1676
44.4028,1673
44.4056,1670
44.4083,1639
44.4111,1617
44.4139,1644
44.4167,1663
44.4194,1675
44.4222,1679
44.4250,1680
44.4278,1650
44.4306,1634
44.4333,1662
44.4361,1663
44.4389,1681
44.4417,1672
44.4444,1674
44.4472,1647
44.4500,1630
44.4528,1637
44.4556,1673
44.4583,1671
44.4611,1667
44.4639,1674
44.4667,1628
44.4694,1617
44.4722,1637
44.4750,1679
44.4778,1691
44.4806,1714
44.4833,1717
44.4861,1705
44.4889,1658
44.4917,1650
44.4944,1660
44.4972,1668
44.5000,1678
44.5028,1691
44.5056,1692
44.5083,1658
44.5111,1645
44.5139,1661
44.5167,1664
44.5194,1662
44.5222,1666
44.5250,1686
44.5278,1675
44.5306,1665
44.5333,1665
44.5361,1667
44.5389,1656
44.5417,1682
44.5444,1696
44.5472,1677
44.5500,1675
44.5528,1692
44.5556,1685
44.5583,1693
44.5611,1679
44.5639,1672
44.5667,1667
44.5694,1643
44.5722,1650
44.5750,1674
44.5778,1657
44.5806,1639
44.5833,1650
44.5861,1633
44.5889,1618
44.5917,1636
44.5944,1658
44.5972,1663
44.6000,1666
44.6028,1669
44.6056,1681
44.6083,1644
44.6111,1642
44.6139,1653
44.6167,1664
44.6194,1680
44.6222,1694
44.6250,1701
44.6278,1663
44.6306,1655
44.6333,1666
44.6361,1679
44.6389,1677
44.6417,1688
44.6444,1703
44.6472,1667
44.6500,1653
44.6528,1661
44.6556,1684
44.6583,1670
44.6611,1674
44.6639,1682
44.6667,1684
44.6694,1655
44.6722,1676
44.6750,1701
44.6778,1713
44.6806,1714
44.6833,1715
44.6861,1698
44.6889,1671
44.6917,1666
44.6944,1692
44.6972,1693
44.7000,1710
44.7028,1715
44.7056,1716
44.7083,1700
44.7111,1693
44.7139,1703
44.7167,1713
44.7194,1732
44.7222,1730
44.7250,1761
44.7278,1747
44.7306,1758
44.7333,1775
44.7361,1791
44.7389,1778
44.7417,1776
44.7444,1766
44.7472,1747
44.7500,1703
44.7528,1705
44.7556,1732
44.7583,1722
44.7611,1724
44.7639,1712
44.7667,1694
44.7694,1673
44.7722,1663
44.7750,1673
44.7778,1666
44.7806,1668
44.7833,1670
44.7861,1663
44.7889,1647
44.7917,1640
44.7944,1669
44.7972,1688
44.8000,1673
44.8028,1668
44.8056,1672
44.8083,1642
44.8111,1655
44.8139,1672
44.8167,1691
44.8194,1686
44.8222,1695
44.8250,1685
44.8278,1679
44.8306,1664
44.8333,1687
44.8361,1688
44.8389,1688
44.8417,1673
44.8444,1689
44.8472,1668
44.8500,1684
44.8528,1737
44.8556,1790
44.8583,1854
44.8611,1920
44.8639,2001
44.8667,2068
44.8694,2114
44.8722,2184
44.8750,2201
44.8778,2128
44.8806,2021
44.8833,1905
44.8861,1768
44.8889,1613
44.8917,1499
44.8944,1462
44.8972,1469
44.9000,1513
44.9028,1592
44.9056,1662
44.9083,1686
44.9111,1709
44.9139,1729
44.9167,1698
44.9194,1668
44.9222,1654
44.9250,1672
44.9278,1672
44.9306,1666
44.9333,1691
44.9361,1698
44.9389,1684
44.9417,1698
44.9444,1705
44.9472,1694
44.9500,1689
44.9528,1679
44.9556,1674
44.9583,1667
44.9611,1669
44.9639,1690
44.9667,1695
44.9694,1686
44.9722,1698
44.9750,1708
44.9778,1718
44.9806,1707
44.9833,1719
44.9861,1710
44.9889,1677
44.9917,1673
44.9944,1691
44.9972,1689
45.0000,1681
45.0028,1691
45.0056,1693
45.0083,1695
45.0111,1695
45.0139,1709
45.0167,1706
45.0194,1708
45.0222,1716
45.0250,1727
45.0278,1707
45.0306,1691
45.0333,1719
45.0361,1711
45.0389,1715
45.0417,1713
45.0444,1729
45.0472,1728
45.0500,1726
45.0528,1735
45.0556,1739
45.0583,1751
45.0611,1756
45.0639,1784
45.0667,1793
45.0694,1775
45.0722,1790
45.0750,1812
45.0778,1792
45.0806,1790
45.0833,1887
45.0861,1844
45.0889,1810
45.0917,1825
45.0944,1837
45.0972,1845
45.1000,1834
45.1028,1822
45.1056,1797
45.1083,1763
45.1111,1763
45.1139,1765
45.1167,1788
45.1194,1787
45.1222,1781
45.1250,1736
45.1278,1676
45.1306,1666
45.1333,1673
45.1361,1689
45.1389,1698
45.1417,1700
45.1444,1694
45.1472,1655
45.1500,1648
45.1528,1664
45.1556,1663
45.1583,1657
45.1611,1662
45.1639,1648
45.1667,1598
45.1694,1589
45.1722,1613
45.1750,1643
45.1778,1668
45.1806,1681
45.1833,1673
45.1861,1631
45.1889,1608
45.1917,1623
45.1944,1644
45.1972,1668
45.2000,1675
45.2028,1682
45.2056,1655
45.2083,1635
45.2111,1649
45.2139,1675
45.2167,1708
45.2194,1725
45.2222,1726
45.2250,1703
45.2278,1659
45.2306,1664
45.2333,1696
45.2361,1704
45.2389,1703
45.2417,1714
45.2444,1694
45.2472,1676
45.2500,1677
45.2528,1692
45.2556,1705
45.2583,1701
45.2611,1725
45.2639,1732
45.2667,1700
45.2694,1680
45.2722,1699
45.2750,1707
45.2778,1727
45.2806,1742
45.2833,1724
45.2861,1697
45.2889,1679
45.2917,1693
45.2944,1716
45.2972,1725
45.3000,1705
45.3028,1705
45.3056,1697
45.3083,1673
45.3111,1685
45.3139,1709
45.3167,1709
45.3194,1710
45.3222,1717
45.3250,1716
45.3278,1682
45.3306,1678
45.3333,1701
45.3361,1715
45.3389,1723
45.3417,1729
45.3444,1728
45.3472,1711
45.3500,1693
45.3528,1697
45.3556,1687
45.3583,1691
45.3611,1694
45.3639,1708
45.3667,1690
45.3694,1665
45.3722,1695
45.3750,1710
45.3778,1713
45.3806,1728
45.3833,1726
45.3861,1708
45.3889,1709
45.3917,1718
45.3944,1724
45.3972,1718
45.4000,1718
45.4028,1719
45.4056,1700
45.4083,1672
45.4111,1684
45.4139,1700
45.4167,1719
45.4194,1710
45.4222,1714
45.4250,1700
45.4278,1669
45.4306,1652
45.4333,1679
45.4361,1666
45.4389,1661
45.4417,1680
45.4444,1680
45.4472,1654
45.4500,1658
45.4528,1684
45.4556,1696
45.4583,1695
45.4611,1698
45.4639,1690
45.4667,1683
45.4694,1682
45.4722,1696
45.4750,1694
45.4778,1694
45.4806,1700
45.4833,1711
45.4861,1688
45.4889,1668
45.4917,1668
45.4944,1691
45.4972,1704
45.5000,1715
45.5028,1720
45.5056,1719
45.5083,1689
45.5111,1694
45.5139,1715
45.5167,1731
45.5194,1734
45.5222,1743
45.5250,1738
45.5278,1712
45.5306,1720
45.5333,1754
45.5361,1768
45.5389,1775
45.5417,1783
45.5444,1781
45.5472,1770
45.5500,1749
45.5528,1752
45.5556,1734
45.5583,1709
45.5611,1710
45.5639,1716
45.5667,1699
45.5694,1691
45.5722,1689
45.5750,1674
45.5778,1656
45.5806,1654
45.5833,1662
45.5861,1648
45.5889,1630
45.5917,1656
45.5944,1658
45.5972,1659
45.6000,1645
45.6028,1664
45.6056,1654
45.6083,1646
45.6111,1641
45.6139,1648
45.6167,1643
45.6194,1636
45.6222,1647
45.6250,1654
45.6278,1633
45.6306,1637
45.6333,1668
45.6361,1671
45.6389,1648
45.6417,1624
45.6444,1634
45.6472,1633
45.6500,1653
45.6528,1691
45.6556,1740
45.6583,1779
45.6611,1836
45.6639,1938
45.6667,2014
45.6694,2070
45.6722,2148
45.6750,2186
45.6778,2143
45.6806,2042
45.6833,1937
45.6861,1804
45.6889,1641
45.6917,1549
45.6944,1486
45.6972,1445
45.7000,1487
45.7028,1577
45.7056,1630
45.7083,1666
45.7111,1697
45.7139,1714
45.7167,1695
45.7194,1669
45.7222,1668
45.7250,1664
45.7278,1637
45.7306,1641
45.7333,1671
45.7361,1658
45.7389,1657
45.7417,1660
45.7444,1670
45.7472,1654
45.7500,1632
45.7528,1657
45.7556,1661
45.7583,1670
45.7611,1678
45.7639,1700
45.7667,1692
45.7694,1673
45.7722,1690
45.7750,1697
45.7778,1686
45.7806,1674
45.7833,1698
45.7861,1699
45.7889,1678
45.7917,1688
45.7944,1690
45.7972,1677
45.8000,1702
45.8028,1711
45.8056,1712
45.8083,1705
45.8111,1709
45.8139,1710
45.8167,1699
45.8194,1693
45.8222,1697
45.8250,1709
45.8278,1711
45.8306,1717
45.8333,1733
45.8361,1722
45.8389,1729
45.8417,1730
45.8444,1741
45.8472,1729
45.8500,1734
45.8528,1738
45.8556,1728
45.8583,1745
45.8611,1727
45.8639,1746
45.8667,1736
45.8694,1738
45.8722,1759
45.8750,1772
45.8778,1778
45.8806,1930
45.8833,1858
45.8861,1807
45.8889,1779
45.8917,1810
45.8944,1835
45.8972,1833
45.9000,1845
45.9028,1831
45.9056,1779
45.9083,1759
45.9111,1784
45.9139,1802
45.9167,1806
45.9194,1810
45.9222,1792
45.9250,1752
45.9278,1713
45.9306,1722
45.9333,1739
45.9361,1756
45.9389,1757
45.9417,1754
45.9444,1735
45.9472,1673
45.9500,1686
45.9528,1719
45.9556,1737
45.9583,1758
45.9611,1757
45.9639,1730
45.9667,1681
45.9694,1670
45.9722,1698
45.9750,1715
45.9778,1726
45.9806,1719
45.9833,1716
45.9861,1674
45.9889,1667
45.9917,1674
45.9944,1701
45.9972,1708
46.0000,1705
46.0028,1714
46.0056,1669
46.0083,1665
46.0111,1686
46.0139,1714
46.0167,1724
46.0194,1733
46.0222,1732
46.0250,1702
46.0278,1673
46.0306,1698
46.0333,1705
46.0361,1727
46.0389,1720
46.0417,1722
46.0444,1692
46.0472,1675
46.0500,1675
46.0528,1702
46.0556,1713
46.0583,1713
46.0611,1705
46.0639,1692
46.0667,1663
46.0694,1661
46.0722,1680
46.0750,1684
46.0778,1699
46.0806,1693
46.0833,1691
46.0861,1677
46.0889,1661
46.0917,1672
46.0944,1677
46.0972,1666
46.1000,1673
46.1028,1681
46.1056,1646
46.1083,1636
46.1111,1648
46.1139,1666
46.1167,1690
46.1194,1702
46.1222,1707
46.1250,1686
46.1278,1667
46.1306,1679
46.1333,1690
46.1361,1699
46.1389,1709
46.1417,1720
46.1444,1700
46.1472,1676
46.1500,1668
46.1528,1674
46.1556,1679
46.1583,1699
46.1611,1704
46.1639,1704
46.1667,1670
46.1694,1683
46.1722,1717
46.1750,1721
46.1778,1707
46.1806,1697
46.1833,1695
46.1861,1664
46.1889,1644
46.1917,1676
46.1944,1684
46.1972,1687
46.2000,1701
46.2028,1704
46.2056,1675
46.2083,1671
46.2111,1689
46.2139,1698
46.2167,1690
46.2194,1688
46.2222,1699
46.2250,1676
46.2278,1665
46.2306,1688
46.2333,1695
46.2361,1692
46.2389,1690
46.2417,1690
46.2444,1678
46.2472,1654
46.2500,1662
46.2528,1680
46.2556,1687
46.2583,1691
46.2611,1694
46.2639,1686
46.2667,1664
46.2694,1657
46.2722,1655
46.2750,1676
46.2778,1676
46.2806,1684
46.2833,1688
46.2861,1656
46.2889,1653
46.2917,1653
46.2944,1684
46.2972,1694
46.3000,1699
46.3028,1697
46.3056,1694
46.3083,1693
46.3111,1692
46.3139,1697
46.3167,1690
46.3194,1710
46.3222,1716
46.3250,1713
46.3278,1704
46.3306,1712
46.3333,1723
46.3361,1727
46.3389,1711
46.3417,1727
46.3444,1714
46.3472,1698
46.3500,1726
46.3528,1746
46.3556,1738
46.3583,1732
46.3611,1740
46.3639,1732
46.3667,1707
46.3694,1675
46.3722,1683
46.3750,1676
46.3778,1670
46.3806,1668
46.3833,1694
46.3861,1677
46.3889,1654
46.3917,1662
46.3944,1643
46.3972,1633
46.4000,1632
46.4028,1637
46.4056,1632
46.4083,1627
46.4111,1631
46.4139,1634
46.4167,1632
46.4194,1628
46.4222,1648
46.4250,1627
46.4278,1615
46.4306,1628
46.4333,1634
46.4361,1632
46.4389,1636
46.4417,1662
46.4444,1673
46.4472,1656
46.4500,1663
46.4528,1667
46.4556,1637
46.4583,1631
46.4611,1650
46.4639,1666
46.4667,1684
46.4694,1749
46.4722,1823
46.4750,1861
46.4778,1916
46.4806,1970
46.4833,2049
46.4861,2096
46.4889,2146
46.4917,2151
46.4944,2083
46.4972,1958
46.5000,1823
46.5028,1678
46.5056,1540
46.5083,1449
46.5111,1455
46.5139,1481
46.5167,1536
46.5194,1592
46.5222,1658
46.5250,1668
46.5278,1673
46.5306,1690
46.5333,1660
46.5361,1650
46.5389,1650
46.5417,1659
46.5444,1649
46.5472,1643
46.5500,1652
46.5528,1662
46.5556,1666
46.5583,1657
46.5611,1673
46.5639,1665
46.5667,1663
46.5694,1670
46.5722,1682
46.5750,1670
46.5778,1669
46.5806,1683
46.5833,1682
46.5861,1670
46.5889,1656
46.5917,1668
46.5944,1664
46.5972,1652
46.6000,1662
46.6028,1660
46.6056,1658
46.6083,1659
46.6111,1689
46.6139,1687
46.6167,1690
46.6194,1701
46.6222,1716
46.6250,1701
46.6278,1688
46.6306,1696
46.6333,1699
46.6361,1691
46.6389,1702
46.6417,1731
46.6444,1726
46.6472,1727
46.6500,1735
46.6528,1746
46.6556,1744
46.6583,1727
46.6611,1736
46.6639,1734
46.6667,1732
46.6694,1742
46.6722,1750
46.6750,1771
46.6778,1778
46.6806,1778
46.6833,1785
46.6861,1770
46.6889,1763
46.6917,1774
46.6944,1787
46.6972,1982
46.7000,1896
46.7028,1868
46.7056,1824
46.7083,1814
46.7111,1828
46.7139,1845
46.7167,1850
46.7194,1860
46.7222,1839
46.7250,1769
46.7278,1720
46.7306,1723
46.7333,1734
46.7361,1751
46.7389,1759
46.7417,1735
46.7444,1696
46.7472,1661
46.7500,1651
46.7528,1677
46.7556,1698
46.7583,1700
46.7611,1707
46.7639,1669
46.7667,1643
46.7694,1648
46.7722,1672
46.7750,1693
46.7778,1689
46.7806,1702
46.7833,1672
46.7861,1642
46.7889,1654
46.7917,1670
46.7944,1690
46.7972,1692
46.8000,1702
46.8028,1697
46.8056,1662
46.8083,1663
46.8111,1682
46.8139,1690
46.8167,1695
46.8194,1690
46.8222,1693
46.8250,1664
46.8278,1667
46.8306,1679
46.8333,1714
46.8361,1717
46.8389,1719
46.8417,1711
46.8444,1687
46.8472,1671
46.8500,1686
46.8528,1693
46.8556,1700
46.8583,1714
46.8611,1718
46.8639,1693
46.8667,1678
46.8694,1696
46.8722,1717
46.8750,1720
46.8778,1727
46.8806,1737
46.8833,1712
46.8861,1690
46.8889,1689
46.8917,1707
46.8944,1724
46.8972,1723
46.9000,1734
46.9028,1720
46.9056,1700
46.9083,1706
46.9111,1721
46.9139,1727
46.9167,1734
46.9194,1735
46.9222,1737
46.9250,1692
46.9278,1677
46.9306,1695
46.9333,1689
46.9361,1683
46.9389,1698
46.9417,1699
46.9444,1694
46.9472,1680
46.9500,1683
46.9528,1685
46.9556,1679
46.9583,1692
46.9611,1711
46.9639,1704
46.9667,1694
46.9694,1703
46.9722,1708
46.9750,1709
46.9778,1727
46.9806,1737
46.9833,1732
46.9861,1704
46.9889,1683
46.9917,1704
46.9944,1700
46.9972,1699
47.0000,1709
47.0028,1704
47.0056,1682
47.0083,1690
47.0111,1712
47.0139,1713
47.0167,1703
47.0194,1684
47.0222,1682
47.0250,1665
47.0278,1660
47.0306,1703
47.0333,1714
47.0361,1727
47.0389,1740
47.0417,1750
47.0444,1718
47.0472,1690
47.0500,1700
47.0528,1694
47.0556,1692
47.0583,1711
47.0611,1719
47.0639,1700
47.0667,1691
47.0694,1683
47.0722,1700
47.0750,1698
47.0778,1693
47.0806,1715
47.0833,1702
47.0861,1686
47.0889,1709
47.0917,1734
47.0944,1730
47.0972,1730
47.1000,1740
47.1028,1726
47.1056,1682
47.1083,1670
47.1111,1688
47.1139,1686
47.1167,1695
47.1194,1708
47.1222,1703
47.1250,1706
47.1278,1697
47.1306,1696
47.1333,1687
47.1361,1671
47.1389,1685
47.1417,1701
47.1444,1687
47.1472,1701
47.1500,1727
47.1528,1735
47.1556,1715
47.1583,1695
47.1611,1705
47.1639,1697
47.1667,1669
47.1694,1702
47.1722,1730
47.1750,1749
47.1778,1776
47.1806,1779
47.1833,1773
47.1861,1756
47.1889,1748
47.1917,1751
47.1944,1749
47.1972,1754
47.2000,1774
47.2028,1793
47.2056,1792
47.2083,1778
47.2111,1783
47.2139,1765
47.2167,1737
47.2194,1759
47.2222,1794
47.2250,1808
47.2278,1816
47.2306,1830
47.2333,1815
47.2361,1796
47.2389,1783
47.2417,1772
47.2444,1735
47.2472,1722
47.2500,1731
47.2528,1722
47.2556,1715
47.2583,1732
47.2611,1733
47.2639,1712
47.2667,1676
47.2694,1656
47.2722,1650
47.2750,1643
47.2778,1627
47.2806,1646
47.2833,1647
47.2861,1637
47.2889,1628
47.2917,1637
47.2944,1641
47.2972,1638
47.3000,1651
47.3028,1654
47.3056,1622
47.3083,1640
47.3111,1640
47.3139,1657
47.3167,1642
47.3194,1657
47.3222,1666
47.3250,1657
47.3278,1647
47.3306,1661
47.3333,1664
47.3361,1650
47.3389,1668
47.3417,1683
47.3444,1704
47.3472,1739
47.3500,1814
47.3528,1855
47.3556,1926
47.3583,2006
47.3611,2081
47.3639,2130
47.3667,2147
47.3694,2124
47.3722,2060
47.3750,1923
47.3778,1796
47.3806,1666
47.3833,1547
47.3861,1445
47.3889,1422
47.3917,1474
47.3944,1532
47.3972,1602
47.4000,1674
47.4028,1699
47.4056,1680
47.4083,1663
47.4111,1675
47.4139,1667
47.4167,1647
47.4194,1667
47.4222,1674
47.4250,1644
47.4278,1630
47.4306,1643
47.4333,1618
47.4361,1605
47.4389,1626
47.4417,1646
47.4444,1650
47.4472,1658
47.4500,1676
47.4528,1694
47.4556,1668
47.4583,1674
47.4611,1676
47.4639,1686
47.4667,1666
47.4694,1683
47.4722,1694
47.4750,1686
47.4778,1682
47.4806,1690
47.4833,1686
47.4861,1680
47.4889,1701
47.4917,1705
47.4944,1707
47.4972,1696
47.5000,1714
47.5028,1707
47.5056,1704
47.5083,1714
47.5111,1727
47.5139,1724
47.5167,1708
47.5194,1742
47.5222,1741
47.5250,1729
47.5278,1722
47.5306,1730
47.5333,1730
47.5361,1715
47.5389,1706
47.5417,1712
47.5444,1683
47.5472,1685
47.5500,1697
47.5528,1710
47.5556,1725
47.5583,1730
47.5611,1749
47.5639,1742
47.5667,1731
47.5694,1715
47.5722,1722
47.5750,1937
47.5778,1845
47.5806,1817
47.5833,1779
47.5861,1770
47.5889,1790
47.5917,1800
47.5944,1812
47.5972,1793
47.6000,1771
47.6028,1726
47.6056,1701
47.6083,1698
47.6111,1719
47.6139,1721
47.6167,1731
47.6194,1727
47.6222,1686
47.6250,1634
47.6278,1625
47.6306,1639
47.6333,1668
47.6361,1679
47.6389,1695
47.6417,1676
47.6444,1619
47.6472,1609
47.6500,1647
47.6528,1650
47.6556,1660
47.6583,1664
47.6611,1646
47.6639,1614
47.6667,1607
47.6694,1630
47.6722,1647
47.6750,1648
47.6778,1652
47.6806,1651
47.6833,1626
47.6861,1614
47.6889,1642
47.6917,1670
47.6944,1678
47.6972,1660
47.7000,1636
47.7028,1605
47.7056,1565
47.7083,1571
47.7111,1593
47.7139,1630
47.7167,1655
47.7194,1668
47.7222,1650
47.7250,1630
47.7278,1642
47.7306,1664
47.7333,1651
47.7361,1662
47.7389,1652
47.7417,1657
47.7444,1626
47.7472,1637
47.7500,1675
47.7528,1678
47.7556,1702
47.7583,1710
47.7611,1694
47.7639,1656
47.7667,1619
47.7694,1640
47.7722,1645
47.7750,1660
47.7778,1666
47.7806,1670
47.7833,1651
47.7861,1640
47.7889,1682
47.7917,1700
47.7944,1700
47.7972,1675
47.8000,1667
47.8028,1637
47.8056,1629
47.8083,1648
47.8111,1653
47.8139,1678
47.8167,1684
47.8194,1685
47.8222,1689
47.8250,1662
47.8278,1670
47.8306,1687
47.8333,1680
47.8361,1689
47.8389,1680
47.8417,1658
47.8444,1627
47.8472,1634
47.8500,1651
47.8528,1660
47.8556,1659
47.8583,1672
47.8611,1662
47.8639,1655
47.8667,1652
47.8694,1671
47.8722,1688
47.8750,1676
47.8778,1686
47.8806,1686
47.8833,1647
47.8861,1632
47.8889,1653
47.8917,1680
47.8944,1683
47.8972,1684
47.9000,1686
47.9028,1666
47.9056,1660
47.9083,1677
47.9111,1690
47.9139,1696
47.9167,1687
47.9194,1691
47.9222,1678
47.9250,1665
47.9278,1670
47.9306,1678
47.9333,1682
47.9361,1681
47.9389,1687
47.9417,1690
47.9444,1669
47.9472,1672
47.9500,1681
47.9528,1695
47.9556,1691
47.9583,1709
47.9611,1717
47.9639,1685
47.9667,1668
47.9694,1684
47.9722,1687
47.9750,1699
47.9778,1716
47.9806,1721
47.9833,1708
47.9861,1711
47.9889,1727
47.9917,1723
47.9944,1702
47.9972,1697
48.0000,1707
48.0028,1709
48.0056,1699
48.0083,1723
48.0111,1732
48.0139,1727
48.0167,1731
48.0194,1769
48.0222,1781
48.0250,1771
48.0278,1766
48.0306,1773
48.0333,1773
48.0361,1762
48.0389,1783
48.0417,1772
48.0444,1748
48.0472,1740
48.0500,1737
48.0528,1728
48.0556,1708
48.0583,1718
48.0611,1718
48.0639,1686
48.0667,1690
48.0694,1708
48.0722,1708
48.0750,1696
48.0778,1679
48.0806,1682
48.0833,1659
48.0861,1630
48.0889,1644
48.0917,1638
48.0944,1654
48.0972,1661
48.1000,1674
48.1028,1674
48.1056,1662
48.1083,1682
48.1111,1708
48.1139,1689
48.1167,1692
48.1194,1703
48.1222,1696
48.1250,1678
48.1278,1694
48.1306,1702
48.1333,1698
48.1361,1716
48.1389,1697
48.1417,1703
48.1444,1678
48.1472,1686
48.1500,1714
48.1528,1719
48.1556,1746
48.1583,1808
48.1611,1878
48.1639,1921
48.1667,1990
48.1694,2090
48.1722,2152
48.1750,2198
48.1778,2187
48.1806,2148
48.1833,2018
48.1861,1884
48.1889,1754
48.1917,1618
48.1944,1516
48.1972,1474
48.2000,1505
48.2028,1562
48.2056,1609
48.2083,1662
48.2111,1694
48.2139,1718
48.2167,1725
48.2194,1713
48.2222,1715
48.2250,1698
48.2278,1711
48.2306,1722
48.2333,1713
48.2361,1707
48.2389,1711
48.2417,1713
48.2444,1681
48.2472,1695
48.2500,1720
48.2528,1712
48.2556,1714
48.2583,1711
48.2611,1699
48.2639,1661
48.2667,1672
48.2694,1676
48.2722,1693
48.2750,1705
48.2778,1718
48.2806,1729
48.2833,1733
48.2861,1725
48.2889,1733
48.2917,1736
48.2944,1728
48.2972,1751
48.3000,1765
48.3028,1758
48.3056,1753
48.3083,1757
48.3111,1760
48.3139,1751
48.3167,1752
48.3194,1770
48.3222,1766
48.3250,1772
48.3278,1768
48.3306,1774
48.3333,1761
48.3361,1761
48.3389,1775
48.3417,1781
48.3444,1754
48.3472,1773
48.3500,1794
48.3528,1783
48.3556,1788
48.3583,1795
48.3611,1801
48.3639,1776
48.3667,1771
48.3694,1806
48.3722,1813
48.3750,1814
48.3778,1815
48.3806,1830
48.3833,1780
48.3861,1857
48.3889,1872
48.3917,1884
48.3944,1904
48.3972,1907
48.4000,1886
48.4028,1825
48.4056,1809
48.4083,1825
48.4111,1858
48.4139,1883
48.4167,1875
48.4194,1838
48.4222,1775
48.4250,1732
48.4278,1747
48.4306,1773
48.4333,1794
48.4361,1799
48.4389,1786
48.4417,1755
48.4444,1703
48.4472,1723
48.4500,1731
48.4528,1746
48.4556,1750
48.4583,1744
48.4611,1723
48.4639,1675
48.4667,1672
48.4694,1694
48.4722,1700
48.4750,1721
48.4778,1716
48.4806,1713
48.4833,1666
48.4861,1665
48.4889,1683
48.4917,1718
48.4944,1728
48.4972,1750
48.5000,1738
48.5028,1687
48.5056,1674
48.5083,1691
48.5111,1725
48.5139,1749
48.5167,1769
48.5194,1753
48.5222,1706
48.5250,1673
48.5278,1672
48.5306,1697
48.5333,1703
48.5361,1725
48.5389,1726
48.5417,1688
48.5444,1650
48.5472,1679
48.5500,1709
48.5528,1718
48.5556,1722
48.5583,1742
48.5611,1708
48.5639,1683
48.5667,1682
48.5694,1704
48.5722,1716
48.5750,1731
48.5778,1753
48.5806,1754
48.5833,1726
48.5861,1705
48.5889,1723
48.5917,1736
48.5944,1748
48.5972,1745
48.6000,1758
48.6028,1727
48.6056,1712
48.6083,1714
48.6111,1730
48.6139,1717
48.6167,1734
48.6194,1705
48.6222,1702
48.6250,1679
48.6278,1690
48.6306,1717
48.6333,1731
48.6361,1727
48.6389,1733
48.6417,1703
48.6444,1669
48.6472,1695
48.6500,1715
48.6528,1719
48.6556,1725
48.6583,1737
48.6611,1721
48.6639,1689
48.6667,1700
48.6694,1726
48.6722,1736
48.6750,1717
48.6778,1723
48.6806,1728
48.6833,1700
48.6861,1699
48.6889,1712
48.6917,1724
48.6944,1731
48.6972,1733
48.7000,1742
48.7028,1729
48.7056,1718
48.7083,1728
48.7111,1725
48.7139,1732
48.7167,1736
48.7194,1751
48.7222,1720
48.7250,1718
48.7278,1731
48.7306,1738
48.7333,1743
48.7361,1737
48.7389,1741
48.7417,1735
48.7444,1695
48.7472,1715
48.7500,1735
48.7528,1744
48.7556,1741
48.7583,1759
48.7611,1744
48.7639,1713
48.7667,1723
48.7694,1753
48.7722,1749
48.7750,1766
48.7778,1758
48.7806,1774
48.7833,1760
48.7861,1757
48.7889,1767
48.7917,1772
48.7944,1764
48.7972,1762
48.8000,1780
48.8028,1755
48.8056,1750
48.8083,1779
48.8111,1773
48.8139,1782
48.8167,1786
48.8194,1771
48.8222,1778
48.8250,1773
48.8278,1793
48.8306,1799
48.8333,1776
48.8361,1772
48.8389,1780
48.8417,1741
48.8444,1712
48.8472,1697
48.8500,1719
48.8528,1712
48.8556,1706
48.8583,1725
48.8611,1703
48.8639,1672
48.8667,1664
48.8694,1658
48.8722,1654
48.8750,1669
48.8778,1673
48.8806,1662
48.8833,1655
48.8861,1635
48.8889,1653
48.8917,1652
48.8944,1648
48.8972,1654
48.9000,1660
48.9028,1645
48.9056,1638
48.9083,1666
48.9111,1660
48.9139,1663
48.9167,1664
48.9194,1679
48.9222,1647
48.9250,1646
48.9278,1680
48.9306,1696
48.9333,1697
48.9361,1675
48.9389,1697
48.9417,1699
48.9444,1705
48.9472,1759
48.9500,1841
48.9528,1881
48.9556,1948
48.9583,2026
48.9611,2091
48.9639,2134
48.9667,2180
48.9694,2163
48.9722,2066
48.9750,1943
48.9778,1817
48.9806,1661
48.9833,1549
48.9861,1473
48.9889,1467
48.9917,1497
48.9944,1550
48.9972,1623
49.0000,1668
49.0028,1682
49.0056,1689
49.0083,1698
49.0111,1685
49.0139,1697
49.0167,1691
49.0194,1698
49.0222,1697
49.0250,1682
49.0278,1687
49.0306,1679
49.0333,1675
49.0361,1673
49.0389,1695
49.0417,1693
49.0444,1696
49.0472,1694
49.0500,1701
49.0528,1680
49.0556,1681
49.0583,1706
49.0611,1702
49.0639,1685
49.0667,1700
49.0694,1693
49.0722,1679
49.0750,1690
49.0778,1700
49.0806,1703
49.0833,1679
49.0861,1681
49.0889,1685
49.0917,1690
49.0944,1684
49.0972,1688
49.1000,1691
49.1028,1672
49.1056,1675
49.1083,1692
49.1111,1693
49.1139,1695
49.1167,1692
49.1194,1698
49.1222,1684
49.1250,1688
49.1278,1709
49.1306,1717
49.1333,1709
49.1361,1693
49.1389,1710
49.1417,1702
49.1444,1695
49.1472,1710
49.1500,1730
49.1528,1725
49.1556,1727
49.1583,1738
49.1611,1735
49.1639,1726
49.1667,1739
49.1694,1743
49.1722,1733
49.1750,1979
49.1778,1888
49.1806,1855
49.1833,1813
49.1861,1828
49.1889,1862
49.1917,1864
49.1944,1872
49.1972,1858
49.2000,1810
49.2028,1762
49.2056,1740
49.2083,1751
49.2111,1755
49.2139,1768
49.2167,1750
49.2194,1720
49.2222,1675
49.2250,1657
49.2278,1667
49.2306,1662
49.2333,1668
49.2361,1673
49.2389,1662
49.2417,1622
49.2444,1627
49.2472,1640
49.2500,1664
49.2528,1669
49.2556,1664
49.2583,1660
49.2611,1612
49.2639,1602
49.2667,1627
49.2694,1643
49.2722,1666
49.2750,1673
49.2778,1660
49.2806,1632
49.2833,1597
49.2861,1616
49.2889,1627
49.2917,1647
49.2944,1657
49.2972,1678
49.3000,1652
49.3028,1614
49.3056,1608
49.3083,1609
49.3111,1635
49.3139,1641
49.3167,1659
49.3194,1646
49.3222,1625
49.3250,1632
49.3278,1653
49.3306,1648
49.3333,1649
49.3361,1662
49.3389,1660
49.3417,1627
49.3444,1621
49.3472,1635
49.3500,1647
49.3528,1658
49.3556,1668
49.3583,1674
49.3611,1648
49.3639,1617
49.3667,1626
49.3694,1647
49.3722,1658
49.3750,1669
49.3778,1669
49.3806,1645
49.3833,1631
49.3861,1641
49.3889,1656
49.3917,1650
49.3944,1657
49.3972,1664
49.4000,1633
49.4028,1611
49.4056,1626
49.4083,1659
49.4111,1671
49.4139,1654
49.4167,1644
49.4194,1627
49.4222,1607
49.4250,1608
49.4278,1619
49.4306,1643
49.4333,1643
49.4361,1646
49.4389,1643
49.4417,1633
49.4444,1621
49.4472,1643
49.4500,1660
49.4528,1660
49.4556,1663
49.4583,1656
49.4611,1623
49.4639,1600
49.4667,1640
49.4694,1662
49.4722,1666
49.4750,1665
49.4778,1672
49.4806,1658
49.4833,1648
49.4861,1655
49.4889,1689
49.4917,1682
49.4944,1675
49.4972,1671
49.5000,1652
49.5028,1641
49.5056,1652
49.5083,1659
49.5111,1674
49.5139,1672
49.5167,1683
49.5194,1680
49.5222,1649
49.5250,1661
49.5278,1678
49.5306,1680
49.5333,1676
49.5361,1667
49.5389,1677
49.5417,1646
49.5444,1634
49.5472,1664
49.5500,1673
49.5528,1669
49.5556,1678
49.5583,1694
49.5611,1662
49.5639,1648
49.5667,1661
49.5694,1665
49.5722,1658
49.5750,1669
49.5778,1678
49.5806,1651
49.5833,1645
49.5861,1653
49.5889,1667
49.5917,1652
49.5944,1657
49.5972,1684
49.6000,1674
49.6028,1640
49.6056,1647
49.6083,1652
49.6111,1661
49.6139,1673
49.6167,1705
49.6194,1684
49.6222,1657
49.6250,1647
49.6278,1664
49.6306,1683
49.6333,1672
49.6361,1689
49.6389,1679
49.6417,1659
49.6444,1652
49.6472,1680
49.6500,1682
49.6528,1667
49.6556,1663
49.6583,1679
49.6611,1669
49.6639,1669
49.6667,1694
49.6694,1700
49.6722,1708
49.6750,1722
49.6778,1728
49.6806,1734
49.6833,1716
49.6861,1734
49.6889,1743
49.6917,1749
49.6944,1752
49.6972,1779
49.7000,1771
49.7028,1745
49.7056,1753
49.7083,1747
49.7111,1749
49.7139,1759
49.7167,1775
49.7194,1778
49.7222,1754
49.7250,1762
49.7278,1762
49.7306,1764
49.7333,1742
49.7361,1735
49.7389,1736
49.7417,1721
49.7444,1700
49.7472,1737
49.7500,1713
49.7528,1708
49.7556,1710
49.7583,1714
49.7611,1682
49.7639,1669
49.7667,1678
49.7694,1694
49.7722,1681
49.7750,1680
49.7778,1683
49.7806,1677
49.7833,1680
49.7861,1689
49.7889,1694
49.7917,1687
49.7944,1693
49.7972,1710
49.8000,1697
49.8028,1669
49.8056,1681
49.8083,1686
49.8111,1691
49.8139,1689
49.8167,1717
49.8194,1712
49.8222,1681
49.8250,1679
49.8278,1698
49.8306,1701
49.8333,1736
49.8361,1792
49.8389,1856
49.8417,1901
49.8444,1954
49.8472,2041
49.8500,2109
49.8528,2178
49.8556,2215
49.8583,2202
49.8611,2079
49.8639,1927
49.8667,1801
49.8694,1654
49.8722,1539
49.8750,1492
49.8778,1508
49.8806,1538
49.8833,1584
49.8861,1646
49.8889,1706
49.8917,1734
49.8944,1731
49.8972,1737
49.9000,1706
49.9028,1684
49.9056,1683
49.9083,1689
49.9111,1696
49.9139,1704
49.9167,1718
49.9194,1717
49.9222,1694
49.9250,1694
49.9278,1703
49.9306,1700
49.9333,1704
49.9361,1716
49.9389,1712
49.9417,1689
49.9444,1697
49.9472,1711
49.9500,1707
49.9528,1708
49.9556,1713
49.9583,1718
49.9611,1700
49.9639,1691
49.9667,1710
49.9694,1700
49.9722,1689
49.9750,1688
49.9778,1705
49.9806,1687
49.9833,1698
49.9861,1717
49.9889,1706
49.9917,1706
49.9944,1697
49.9972,1716
50.0000,1729
50.0028,1721
50.0056,1734
50.0083,1746
50.0111,1741
50.0139,1749
50.0167,1769
50.0194,1768
50.0222,1769
50.0250,1760
50.0278,1763
50.0306,1761
50.0333,1754
50.0361,1764
50.0389,1773
50.0417,1767
50.0444,1771
50.0472,1761
50.0500,1761
50.0528,1762
50.0556,1776
50.0583,1806
50.0611,1758
50.0639,1846
50.0667,1867
50.0694,1899
50.0722,1908
50.0750,1889
50.0778,1855
50.0806,1785
50.0833,1770
50.0861,1808
50.0889,1835
50.0917,1874
50.0944,1870
50.0972,1841
50.1000,1773
50.1028,1726
50.1056,1733
50.1083,1745
50.1111,1769
50.1139,1780
50.1167,1749
50.1194,1705
50.1222,1660
50.1250,1669
50.1278,1698
50.1306,1713
50.1333,1742
50.1361,1726
50.1389,1679
50.1417,1632
50.1444,1639
50.1472,1655
50.1500,1671
50.1528,1689
50.1556,1702
50.1583,1692
50.1611,1653
50.1639,1646
50.1667,1673
50.1694,1680
50.1722,1695
50.1750,1709
50.1778,1699
50.1806,1660
50.1833,1651
50.1861,1656
50.1889,1684
50.1917,1687
50.1944,1695
50.1972,1683
50.2000,1666
50.2028,1649
50.2056,1679
50.2083,1708
50.2111,1700
50.2139,1710
50.2167,1698
50.2194,1675
50.2222,1652
50.2250,1666
50.2278,1684
50.2306,1701
50.2333,1701
50.2361,1709
50.2389,1685
50.2417,1679
50.2444,1687
50.2472,1702
50.2500,1715
50.2528,1715
50.2556,1726
50.2583,1675
50.2611,1655
50.2639,1666
50.2667,1687
50.2694,1705
50.2722,1711
50.2750,1711
50.2778,1698
50.2806,1662
50.2833,1656
50.2861,1672
50.2889,1679
50.2917,1696
50.2944,1694
50.2972,1687
50.3000,1666
50.3028,1652
50.3056,1675
50.3083,1688
50.3111,1699
50.3139,1696
50.3167,1707
50.3194,1686
50.3222,1669
50.3250,1682
50.3278,1688
50.3306,1692
50.3333,1693
50.3361,1700
50.3389,1672
50.3417,1653
50.3444,1659
50.3472,1681
50.3500,1689
50.3528,1696
50.3556,1697
50.3583,1668
50.3611,1642
50.3639,1639
50.3667,1661
50.3694,1657
50.3722,1652
50.3750,1669
50.3778,1682
50.3806,1659
50.3833,1654
50.3861,1677
50.3889,1698
50.3917,1702
50.3944,1709
50.3972,1702
50.4000,1664
50.4028,1648
50.4056,1664
50.4083,1674
50.4111,1676
50.4139,1686
50.4167,1682
50.4194,1676
50.4222,1669
50.4250,1669
50.4278,1671
50.4306,1671
50.4333,1680
50.4361,1683
50.4389,1700
50.4417,1678
50.4444,1689
50.4472,1698
50.4500,1696
50.4528,1684
50.4556,1686
50.4583,1669
50.4611,1648
50.4639,1669
50.4667,1689
50.4694,1705
50.4722,1730
50.4750,1745
50.4778,1748
50.4806,1707
50.4833,1684
50.4861,1687
50.4889,1682
50.4917,1680
50.4944,1707
50.4972,1713
50.5000,1707
50.5028,1705
50.5056,1728
50.5083,1739
50.5111,1745
50.5139,1735
50.5167,1749
50.5194,1755
50.5222,1737
50.5250,1754
50.5278,1744
50.5306,1747
50.5333,1764
50.5361,1765
50.5389,1741
50.5417,1725
50.5444,1724
50.5472,1718
50.5500,1717
50.5528,1703
50.5556,1697
50.5583,1694
50.5611,1688
50.5639,1700
50.5667,1703
50.5694,1707
50.5722,1682
50.5750,1672
50.5778,1684
50.5806,1646
50.5833,1636
50.5861,1635
50.5889,1622
50.5917,1627
50.5944,1640
50.5972,1653
50.6000,1662
50.6028,1660
50.6056,1665
50.6083,1671
50.6111,1663
50.6139,1673
50.6167,1664
50.6194,1655
50.6222,1644
50.6250,1666
50.6278,1687
50.6306,1711
50.6333,1705
50.6361,1722
50.6389,1708
50.6417,1688
50.6444,1710
50.6472,1737
50.6500,1754
50.6528,1787
50.6556,1832
50.6583,1869
50.6611,1901
50.6639,1981
50.6667,2071
50.6694,2130
50.6722,2193
50.6750,2184
50.6778,2117
50.6806,1978
50.6833,1838
50.6861,1702
50.6889,1576
50.6917,1482
50.6944,1466
50.6972,1496
50.7000,1537
50.7028,1589
50.7056,1637
50.7083,1654
50.7111,1655
50.7139,1683
50.7167,1702
50.7194,1671
50.7222,1663
50.7250,1664
50.7278,1661
50.7306,1656
50.7333,1657
50.7361,1678
50.7389,1673
50.7417,1653
50.7444,1669
50.7472,1658
50.7500,1651
50.7528,1637
50.7556,1654
50.7583,1664
50.7611,1673
50.7639,1686
50.7667,1708
50.7694,1698
50.7722,1683
50.7750,1702
50.7778,1693
50.7806,1687
50.7833,1692
50.7861,1698
50.7889,1709
50.7917,1696
50.7944,1690
50.7972,1674
50.8000,1653
50.8028,1661
50.8056,1685
50.8083,1708
50.8111,1729
50.8139,1716
50.8167,1729
50.8194,1716
50.8222,1701
50.8250,1713
50.8278,1709
50.8306,1697
50.8333,1701
50.8361,1716
50.8389,1720
50.8417,1718
50.8444,1736
50.8472,1749
50.8500,1751
50.8528,1741
50.8556,1749
50.8583,1735
50.8611,1717
50.8639,1710
50.8667,1739
50.8694,1749
50.8722,1766
50.8750,1788
50.8778,1804
50.8806,1668
50.8833,1770
50.8861,1808
50.8889,1832
50.8917,1850
50.8944,1837
50.8972,1785
50.9000,1730
50.9028,1722
50.9056,1741
50.9083,1780
50.9111,1822
50.9139,1820
50.9167,1779
50.9194,1716
50.9222,1681
50.9250,1702
50.9278,1727
50.9306,1745
50.9333,1749
50.9361,1732
50.9389,1672
50.9417,1633
50.9444,1637
50.9472,1682
50.9500,1702
50.9528,1709
50.9556,1701
50.9583,1642
50.9611,1606
50.9639,1624
50.9667,1660
50.9694,1682
50.9722,1684
50.9750,1682
50.9778,1651
50.9806,1604
50.9833,1604
50.9861,1622
50.9889,1640
50.9917,1641
50.9944,1652
50.9972,1631
51.0000,1632
51.0028,1628
51.0056,1662
51.0083,1680
51.0111,1678
51.0139,1685
51.0167,1688
51.0194,1644
51.0222,1639
51.0250,1676
51.0278,1683
51.0306,1675
51.0333,1670
51.0361,1655
51.0389,1639
51.0417,1627
51.0444,1637
51.0472,1678
51.0500,1676
51.0528,1683
51.0556,1688
51.0583,1649
51.0611,1631
51.0639,1641
51.0667,1640
51.0694,1663
51.0722,1674
51.0750,1678
51.0778,1649
51.0806,1618
51.0833,1616
51.0861,1635
51.0889,1661
51.0917,1667
51.0944,1674
51.0972,1658
51.1000,1624
51.1028,1619
51.1056,1649
51.1083,1655
51.1111,1674
51.1139,1663
51.1167,1648
51.1194,1622
51.1222,1612
51.1250,1642
51.1278,1663
51.1306,1672
51.1333,1695
51.1361,1701
51.1389,1662
51.1417,1647
51.1444,1677
51.1472,1684
51.1500,1671
51.1528,1677
51.1556,1668
51.1583,1635
51.1611,1633
51.1639,1661
51.1667,1675
51.1694,1665
51.1722,1678
51.1750,1690
51.1778,1672
51.1806,1653
51.1833,1664
51.1861,1677
51.1889,1687
51.1917,1685
51.1944,1714
51.1972,1702
51.2000,1677
51.2028,1658
51.2056,1659
51.2083,1666
51.2111,1663
51.2139,1680
51.2167,1683
51.2194,1663
51.2222,1672
51.2250,1683
51.2278,1671
51.2306,1662
51.2333,1678
51.2361,1674
51.2389,1658
51.2417,1653
51.2444,1671
51.2472,1687
51.2500,1689
51.2528,1693
51.2556,1709
51.2583,1688
51.2611,1682
51.2639,1696
51.2667,1696
51.2694,1690
51.2722,1702
51.2750,1699
51.2778,1696
51.2806,1684
51.2833,1710
51.2861,1715
51.2889,1727
51.2917,1729
51.2944,1732
51.2972,1742
51.3000,1729
51.3028,1739
51.3056,1742
51.3083,1715
51.3111,1688
51.3139,1717
51.3167,1742
51.3194,1750
51.3222,1785
51.3250,1787
51.3278,1783
51.3306,1776
51.3333,1766
51.3361,1747
51.3389,1709
51.3417,1699
51.3444,1714
51.3472,1714
51.3500,1711
51.3528,1719
51.3556,1709
51.3583,1680
51.3611,1657
51.3639,1661
51.3667,1671
51.3694,1656
51.3722,1641
51.3750,1652
51.3778,1635
51.3806,1620
51.3833,1638
51.3861,1645
51.3889,1644
51.3917,1659
51.3944,1684
51.3972,1672
51.4000,1666
51.4028,1668
51.4056,1674
51.4083,1674
51.4111,1672
51.4139,1675
51.4167,1675
51.4194,1656
51.4222,1659
51.4250,1672
51.4278,1665
51.4306,1682
51.4333,1691
51.4361,1730
51.4389,1746
51.4417,1791
51.4444,1860
51.4472,1931
51.4500,1983
51.4528,2045
51.4556,2123
51.4583,2172
51.4611,2168
51.4639,2121
51.4667,2027
51.4694,1885
51.4722,1727
51.4750,1584
51.4778,1475
51.4806,1411
51.4833,1442
51.4861,1521
51.4889,1581
51.4917,1637
51.4944,1692
51.4972,1696
51.5000,1678
51.5028,1659
51.5056,1677
51.5083,1660
51.5111,1665
51.5139,1673
51.5167,1682
51.5194,1654
51.5222,1658
51.5250,1650
51.5278,1645
51.5306,1660
51.5333,1691
51.5361,1691
51.5389,1672
51.5417,1665
51.5444,1674
51.5472,1666
51.5500,1663
51.5528,1671
51.5556,1687
51.5583,1687
51.5611,1689
51.5639,1707
51.5667,1699
51.5694,1692
51.5722,1695
51.5750,1693
51.5778,1676
51.5806,1677
51.5833,1707
51.5861,1712
51.5889,1700
51.5917,1701
51.5944,1716
51.5972,1723
51.6000,1696
51.6028,1702
51.6056,1696
51.6083,1704
51.6111,1684
51.6139,1700
51.6167,1706
51.6194,1696
51.6222,1692
51.6250,1716
51.6278,1720
51.6306,1709
51.6333,1715
51.6361,1735
51.6389,1731
51.6417,1727
51.6444,1750
51.6472,1752
51.6500,1763
51.6528,1775
51.6556,1791
51.6583,1765
51.6611,1773
51.6639,1794
51.6667,1791
51.6694,2001
51.6722,1913
51.6750,1877
51.6778,1829
51.6806,1802
51.6833,1807
51.6861,1826
51.6889,1842
51.6917,1857
51.6944,1832
51.6972,1774
51.7000,1745
51.7028,1760
51.7056,1764
51.7083,1787
51.7111,1799
51.7139,1782
51.7167,1729
51.7194,1694
51.7222,1676
51.7250,1688
51.7278,1705
51.7306,1708
51.7333,1713
51.7361,1676
51.7389,1636
51.7417,1636
51.7444,1673
51.7472,1695
51.7500,1716
51.7528,1728
51.7556,1704
51.7583,1661
51.7611,1660
51.7639,1675
51.7667,1709
51.7694,1706
51.7722,1705
51.7750,1685
51.7778,1651
51.7806,1634
51.7833,1651
51.7861,1686
51.7889,1693
51.7917,1708
51.7944,1705
51.7972,1676
51.8000,1653
51.8028,1667
51.8056,1712
51.8083,1723
51.8111,1725
51.8139,1716
51.8167,1693
51.8194,1666
51.8222,1666
51.8250,1695
51.8278,1710
51.8306,1724
51.8333,1737
51.8361,1715
51.8389,1692
51.8417,1690
51.8444,1699
51.8472,1709
51.8500,1722
51.8528,1725
51.8556,1719
51.8583,1667
51.8611,1668
51.8639,1685
51.8667,1695
51.8694,1717
51.8722,1730
51.8750,1724
51.8778,1700
51.8806,1671
51.8833,1688
51.8861,1710
51.8889,1706
51.8917,1717
51.8944,1720
51.8972,1696
51.9000,1693
51.9028,1698
51.9056,1707
51.9083,1721
51.9111,1713
51.9139,1721
51.9167,1700
51.9194,1690
51.9222,1687
51.9250,1698
51.9278,1712
51.9306,1728
51.9333,1724
51.9361,1716
51.9389,1677
51.9417,1686
51.9444,1702
51.9472,1724
51.9500,1719
51.9528,1731
51.9556,1718
51.9583,1686
51.9611,1702
51.9639,1711
51.9667,1717
51.9694,1722
51.9722,1726
51.9750,1706
51.9778,1682
51.9806,1673
51.9833,1695
51.9861,1706
51.9889,1689
51.9917,1699
51.9944,1703
51.9972,1675
52.0000,1665
52.0028,1684
52.0056,1695
52.0083,1709
52.0111,1709
52.0139,1722
52.0167,1708
52.0194,1691
52.0222,1695
52.0250,1712
52.0278,1698
52.0306,1712
52.0333,1698
52.0361,1679
52.0389,1662
52.0417,1669
52.0444,1694
52.0472,1687
52.0500,1701
52.0528,1710
52.0556,1703
52.0583,1676
52.0611,1675
52.0639,1683
52.0667,1680
52.0694,1695
52.0722,1698
52.0750,1705
52.0778,1702
52.0806,1698
52.0833,1715
52.0861,1718
52.0889,1713
52.0917,1720
52.0944,1730
52.0972,1714
52.1000,1695
52.1028,1714
52.1056,1722
52.1083,1725
52.1111,1733
52.1139,1760
52.1167,1745
52.1194,1707
52.1222,1719
52.1250,1723
52.1278,1720
52.1306,1731
52.1333,1755
52.1361,1763
52.1389,1750
52.1417,1755
52.1444,1768
52.1472,1742
52.1500,1725
52.1528,1709
52.1556,1692
52.1583,1675
52.1611,1677
52.1639,1686
52.1667,1686
52.1694,1684
52.1722,1671
52.1750,1683
52.1778,1663
52.1806,1651
52.1833,1673
52.1861,1667
52.1889,1645
52.1917,1672
52.1944,1678
52.1972,1657
52.2000,1659
52.2028,1675
52.2056,1676
52.2083,1668
52.2111,1669
52.2139,1658
52.2167,1658
52.2194,1641
52.2222,1657
52.2250,1660
52.2278,1662
52.2306,1675
52.2333,1692
52.2361,1678
52.2389,1644
52.2417,1650
52.2444,1684
52.2472,1694
52.2500,1721
52.2528,1775
52.2556,1840
52.2583,1886
52.2611,1942
52.2639,2023
52.2667,2074
52.2694,2146
52.2722,2200
52.2750,2199
52.2778,2113
52.2806,1984
52.2833,1853
52.2861,1717
52.2889,1573
52.2917,1486
52.2944,1479
52.2972,1496
52.3000,1544
52.3028,1604
52.3056,1641
52.3083,1664
52.3111,1664
52.3139,1676
52.3167,1662
52.3194,1641
52.3222,1645
52.3250,1642
52.3278,1635
52.3306,1645
52.3333,1666
52.3361,1658
52.3389,1642
52.3417,1650
52.3444,1660
52.3472,1662
52.3500,1641
52.3528,1668
52.3556,1680
52.3583,1654
52.3611,1672
52.3639,1691
52.3667,1699
52.3694,1681
52.3722,1682
52.3750,1690
52.3778,1660
52.3806,1674
52.3833,1700
52.3861,1700
52.3889,1703
52.3917,1711
52.3944,1707
52.3972,1681
52.4000,1658
52.4028,1672
52.4056,1671
52.4083,1677
52.4111,1687
52.4139,1718
52.4167,1713
52.4194,1694
52.4222,1706
52.4250,1701
52.4278,1695
52.4306,1706
52.4333,1720
52.4361,1708
52.4389,1695
52.4417,1702
52.4444,1728
52.4472,1729
52.4500,1735
52.4528,1749
52.4556,1750
52.4583,1730
52.4611,1739
52.4639,1758
52.4667,1754
52.4694,1754
52.4722,1762
52.4750,1754
52.4778,1747
52.4806,1736
52.4833,1819
52.4861,1822
52.4889,1851
52.4917,1861
52.4944,1832
52.4972,1779
52.5000,1784
52.5028,1793
52.5056,1827
52.5083,1823
52.5111,1804
52.5139,1778
52.5167,1716
52.5194,1690
52.5222,1715
52.5250,1739
52.5278,1754
52.5306,1755
52.5333,1748
52.5361,1695
52.5389,1656
52.5417,1664
52.5444,1690
52.5472,1708
52.5500,1724
52.5528,1725
52.5556,1695
52.5583,1659
52.5611,1657
52.5639,1692
52.5667,1711
52.5694,1731
52.5722,1740
52.5750,1709
52.5778,1663
52.5806,1657
52.5833,1691
52.5861,1718
52.5889,1717
52.5917,1740
52.5944,1710
52.5972,1677
52.6000,1681
52.6028,1708
52.6056,1737
52.6083,1741
52.6111,1760
52.6139,1747
52.6167,1715
52.6194,1693
52.6222,1706
52.6250,1730
52.6278,1726
52.6306,1749
52.6333,1734
52.6361,1697
52.6389,1679
52.6417,1684
52.6444,1710
52.6472,1720
52.6500,1727
52.6528,1752
52.6556,1707
52.6583,1698
52.6611,1710
52.6639,1724
52.6667,1747
52.6694,1762
52.6722,1767
52.6750,1743
52.6778,1697
52.6806,1701
52.6833,1706
52.6861,1722
52.6889,1723
52.6917,1739
52.6944,1738
52.6972,1708
52.7000,1698
52.7028,1718
52.7056,1718
52.7083,1741
52.7111,1753
52.7139,1730
52.7167,1702
52.7194,1691
52.7222,1724
52.7250,1733
52.7278,1747
52.7306,1728
52.7333,1751
52.7361,1729
52.7389,1709
52.7417,1718
52.7444,1738
52.7472,1736
52.7500,1728
52.7528,1717
52.7556,1695
52.7583,1674
52.7611,1705
52.7639,1713
52.7667,1718
52.7694,1719
52.7722,1720
52.7750,1685
52.7778,1667
52.7806,1681
52.7833,1717
52.7861,1730
52.7889,1733
52.7917,1742
52.7944,1713
52.7972,1671
52.8000,1668
52.8028,1688
52.8056,1694
52.8083,1695
52.8111,1723
52.8139,1738
52.8167,1713
52.8194,1695
52.8222,1712
52.8250,1725
52.8278,1735
52.8306,1723
52.8333,1733
52.8361,1712
52.8389,1700
52.8417,1710
52.8444,1723
52.8472,1729
52.8500,1746
52.8528,1735
52.8556,1729
52.8583,1700
52.8611,1727
52.8639,1726
52.8667,1719
52.8694,1715
52.8722,1715
52.8750,1710
52.8778,1687
52.8806,1707
52.8833,1718
52.8861,1722
52.8889,1737
52.8917,1750
52.8944,1737
52.8972,1721
52.9000,1727
52.9028,1764
52.9056,1748
52.9083,1747
52.9111,1732
52.9139,1741
52.9167,1730
52.9194,1747
52.9222,1765
52.9250,1787
52.9278,1791
52.9306,1791
52.9333,1780
52.9361,1746
52.9389,1714
52.9417,1745
52.9444,1756
52.9472,1772
52.9500,1788
52.9528,1789
52.9556,1765
52.9583,1726
52.9611,1726
52.9639,1729
52.9667,1704
52.9694,1718
52.9722,1740
52.9750,1724
52.9778,1693
52.9806,1696
52.9833,1692
52.9861,1669
52.9889,1668
52.9917,1669
52.9944,1683
52.9972,1650
53.0000,1651
53.0028,1662
53.0056,1664
53.0083,1667
53.0111,1678
53.0139,1676
53.0167,1641
53.0194,1626
53.0222,1633
53.0250,1639
53.0278,1644
53.0306,1641
53.0333,1649
53.0361,1649
53.0389,1636
53.0417,1652
53.0444,1661
53.0472,1637
53.0500,1633
53.0528,1660
53.0556,1654
53.0583,1654
53.0611,1687
53.0639,1709
53.0667,1750
53.0694,1813
53.0722,1893
53.0750,1964
53.0778,2028
53.0806,2116
53.0833,2201
53.0861,2212
53.0889,2156
53.0917,2057
53.0944,1913
53.0972,1745
53.1000,1620
53.1028,1530
53.1056,1472
53.1083,1479
53.1111,1531
53.1139,1597
53.1167,1620
53.1194,1652
53.1222,1677
53.1250,1670
53.1278,1654
53.1306,1663
53.1333,1668
53.1361,1647
53.1389,1649
53.1417,1679
53.1444,1678
53.1472,1672
53.1500,1674
53.1528,1675
53.1556,1662
53.1583,1659
53.1611,1653
53.1639,1666
53.1667,1662
53.1694,1663
53.1722,1676
53.1750,1671
53.1778,1660
53.1806,1686
53.1833,1696
53.1861,1690
53.1889,1686
53.1917,1705
53.1944,1697
53.1972,1678
53.2000,1695
53.2028,1709
53.2056,1722
53.2083,1722
53.2111,1722
53.2139,1740
53.2167,1716
53.2194,1720
53.2222,1731
53.2250,1727
53.2278,1725
53.2306,1743
53.2333,1745
53.2361,1728
53.2389,1712
53.2417,1732
53.2444,1740
53.2472,1744
53.2500,1742
53.2528,1749
53.2556,1731
53.2583,1727
53.2611,1740
53.2639,1743
53.2667,1731
53.2694,1731
53.2722,1759
53.2750,1751
53.2778,1752
53.2806,1765
53.2833,1765
53.2861,1754
53.2889,1748
53.2917,1833
53.2944,1800
53.2972,1766
53.3000,1794
53.3028,1846
53.3056,1879
53.3083,1876
53.3111,1887
53.3139,1825
53.3167,1777
53.3194,1771
53.3222,1778
53.3250,1785
53.3278,1790
53.3306,1800
53.3333,1767
53.3361,1717
53.3389,1709
53.3417,1725
53.3444,1739
53.3472,1729
53.3500,1726
53.3528,1724
53.3556,1691
53.3583,1675
53.3611,1711
53.3639,1721
53.3667,1730
53.3694,1727
53.3722,1712
53.3750,1666
53.3778,1651
53.3806,1670
53.3833,1693
53.3861,1729
53.3889,1729
53.3917,1728
53.3944,1696
53.3972,1649
53.4000,1645
53.4028,1674
53.4056,1696
53.4083,1715
53.4111,1706
53.4139,1692
53.4167,1658
53.4194,1665
53.4222,1683
53.4250,1693
53.4278,1711
53.4306,1709
53.4333,1696
53.4361,1657
53.4389,1656
53.4417,1684
53.4444,1688
53.4472,1686
53.4500,1699
53.4528,1703
53.4556,1670
53.4583,1665
53.4611,1677
53.4639,1686
53.4667,1695
53.4694,1698
53.4722,1693
53.4750,1659
53.4778,1631
53.4806,1669
53.4833,1689
53.4861,1690
53.4889,1684
53.4917,1690
53.4944,1668
53.4972,1651
53.5000,1667
53.5028,1670
53.5056,1666
53.5083,1673
53.5111,1680
53.5139,1659
53.5167,1635
53.5194,1660
53.5222,1674
53.5250,1682
53.5278,1691
53.5306,1699
53.5333,1690
53.5361,1652
53.5389,1667
53.5417,1674
53.5444,1693
53.5472,1698
53.5500,1703
53.5528,1699
53.5556,1668
53.5583,1645
53.5611,1661
53.5639,1671
53.5667,1675
53.5694,1694
53.5722,1696
53.5750,1666
53.5778,1649
53.5806,1652
53.5833,1664
53.5861,1678
53.5889,1675
53.5917,1688
53.5944,1662
53.5972,1652
53.6000,1671
53.6028,1683
53.6056,1685
53.6083,1694
53.6111,1688
53.6139,1678
53.6167,1638
53.6194,1636
53.6222,1643
53.6250,1659
53.6278,1657
53.6306,1664
53.6333,1659
53.6361,1637
53.6389,1631
53.6417,1648
53.6444,1660
53.6472,1661
53.6500,1662
53.6528,1646
53.6556,1619
53.6583,1616
53.6611,1639
53.6639,1656
53.6667,1660
53.6694,1668
53.6722,1689
53.6750,1667
53.6778,1640
53.6806,1657
53.6833,1664
53.6861,1670
53.6889,1672
53.6917,1693
53.6944,1669
53.6972,1642
53.7000,1659
53.7028,1675
53.7056,1676
53.7083,1689
53.7111,1703
53.7139,1692
53.7167,1674
53.7194,1681
53.7222,1684
53.7250,1667
53.7278,1672
53.7306,1661
53.7333,1664
53.7361,1652
53.7389,1664
53.7417,1682
53.7444,1677
53.7472,1674
53.7500,1686
53.7528,1669
53.7556,1672
53.7583,1671
53.7611,1700
53.7639,1713
53.7667,1707
53.7694,1733
53.7722,1732
53.7750,1710
53.7778,1711
53.7806,1724
53.7833,1722
53.7861,1703
53.7889,1704
53.7917,1723
53.7944,1729
53.7972,1714
53.8000,1761
53.8028,1758
53.8056,1755
53.8083,1751
53.8111,1738
53.8139,1687
53.8167,1641
53.8194,1660
53.8222,1651
53.8250,1669
53.8278,1675
53.8306,1698
53.8333,1667
53.8361,1653
53.8389,1651
53.8417,1660
53.8444,1661
53.8472,1652
53.8500,1641
53.8528,1637
53.8556,1620
53.8583,1629
53.8611,1657
53.8639,1671
53.8667,1673
53.8694,1684
53.8722,1691
53.8750,1676
53.8778,1645
53.8806,1678
53.8833,1671
53.8861,1661
53.8889,1657
53.8917,1676
53.8944,1668
53.8972,1668
53.9000,1679
53.9028,1687
53.9056,1682
53.9083,1695
53.9111,1717
53.9139,1725
53.9167,1741
53.9194,1796
53.9222,1874
53.9250,1939
53.9278,2010
53.9306,2117
53.9333,2185
53.9361,2188
53.9389,2167
53.9417,2087
53.9444,1955
53.9472,1805
53.9500,1662
53.9528,1545
53.9556,1454
53.9583,1453
53.9611,1499
53.9639,1554
53.9667,1597
53.9694,1642
53.9722,1676
53.9750,1677
53.9778,1661
53.9806,1645
53.9833,1626
53.9861,1613
53.9889,1626
53.9917,1646
53.9944,1661
53.9972,1667
54.0000,1692
54.0028,1683
54.0056,1676
54.0083,1684
54.0111,1681
54.0139,1678
54.0167,1661
54.0194,1662
54.0222,1657
54.0250,1659
54.0278,1677
54.0306,1700
54.0333,1688
54.0361,1669
54.0389,1671
54.0417,1677
54.0444,1690
54.0472,1685
54.0500,1689
54.0528,1675
54.0556,1665
54.0583,1673
54.0611,1692
54.0639,1688
54.0667,1683
54.0694,1686
54.0722,1716
54.0750,1722
54.0778,1726
54.0806,1743
54.0833,1733
54.0861,1710
54.0889,1691
54.0917,1701
54.0944,1681
54.0972,1664
54.1000,1668
54.1028,1694
54.1056,1680
54.1083,1708
54.1111,1729
54.1139,1749
54.1167,1739
54.1194,1745
54.1222,1743
54.1250,1729
54.1278,1734
54.1306,1751
54.1333,1753
54.1361,1750
54.1389,1779
54.1417,1783
54.1444,1975
54.1472,1905
54.1500,1905
54.1528,1865
54.1556,1825
54.1583,1835
54.1611,1863
54.1639,1871
54.1667,1873
54.1694,1848
54.1722,1801
54.1750,1754
54.1778,1736
54.1806,1764
54.1833,1786
54.1861,1788
54.1889,1779
54.1917,1759
54.1944,1709
54.1972,1699
54.2000,1693
54.2028,1674
54.2056,1684
54.2083,1683
54.2111,1673
54.2139,1630
54.2167,1607
54.2194,1645
54.2222,1682
54.2250,1700
54.2278,1707
54.2306,1699
54.2333,1661
54.2361,1660
54.2389,1670
54.2417,1695
54.2444,1692
54.2472,1694
54.2500,1698
54.2528,1685
54.2556,1656
54.2583,1660
54.2611,1676
54.2639,1697
54.2667,1711
54.2694,1717
54.2722,1702
54.2750,1664
54.2778,1640
54.2806,1661
54.2833,1680
54.2861,1689
54.2889,1711
54.2917,1705
54.2944,1676
54.2972,1673
54.3000,1688
54.3028,1708
54.3056,1706
54.3083,1710
54.3111,1707
54.3139,1653
54.3167,1644
54.3194,1667
54.3222,1682
54.3250,1709
54.3278,1716
54.3306,1726
54.3333,1701
54.3361,1669
54.3389,1670
54.3417,1686
54.3444,1689
54.3472,1709
54.3500,1733
54.3528,1721
54.3556,1682
54.3583,1689
54.3611,1703
54.3639,1721
54.3667,1712
54.3694,1702
54.3722,1696
54.3750,1667
54.3778,1683
54.3806,1697
54.3833,1708
54.3861,1686
54.3889,1701
54.3917,1693
54.3944,1659
54.3972,1654
54.4000,1673
54.4028,1672
54.4056,1680
54.4083,1700
54.4111,1712
54.4139,1683
54.4167,1670
54.4194,1684
54.4222,1689
54.4250,1697
54.4278,1698
54.4306,1688
54.4333,1662
54.4361,1636
54.4389,1669
54.4417,1693
54.4444,1705
54.4472,1716
54.4500,1724
54.4528,1710
54.4556,1673
54.4583,1693
54.4611,1718
54.4639,1723
54.4667,1735
54.4694,1734
54.4722,1724
54.4750,1689
54.4778,1688
54.4806,1716
54.4833,1703
54.4861,1702
54.4889,1710
54.4917,1690
54.4944,1654
54.4972,1648
54.5000,1671
54.5028,1680
54.5056,1685
54.5083,1703
54.5111,1691
54.5139,1669
54.5167,1657
54.5194,1662
54.5222,1683
54.5250,1682
54.5278,1664
54.5306,1677
54.5333,1665
54.5361,1669
54.5389,1666
54.5417,1670
54.5444,1671
54.5472,1686
54.5500,1715
54.5528,1697
54.5556,1684
54.5583,1679
54.5611,1704
54.5639,1703
54.5667,1713
54.5694,1724
54.5722,1715
54.5750,1700
54.5778,1712
54.5806,1732
54.5833,1749
54.5861,1748
54.5889,1738
54.5917,1739
54.5944,1720
54.5972,1736
54.6000,1753
54.6028,1756
54.6056,1751
54.6083,1739
54.6111,1734
54.6139,1685
54.6167,1675
54.6194,1688
54.6222,1703
54.6250,1721
54.6278,1708
54.6306,1709
54.6333,1665
54.6361,1657
54.6389,1654
54.6417,1655
54.6444,1647
54.6472,1636
54.6500,1648
54.6528,1643
54.6556,1626
54.6583,1627
54.6611,1647
54.6639,1620
54.6667,1624
54.6694,1638
54.6722,1643
54.6750,1634
54.6778,1639
54.6806,1660
54.6833,1652
54.6861,1645
54.6889,1660
54.6917,1669
54.6944,1668
54.6972,1659
54.7000,1667
54.7028,1661
54.7056,1667
54.7083,1680
54.7111,1698
54.7139,1690
54.7167,1731
54.7194,1799
54.7222,1865
54.7250,1928
54.7278,2010
54.7306,2089
54.7333,2146
54.7361,2172
54.7389,2135
54.7417,2062
54.7444,1931
54.7472,1792
54.7500,1663
54.7528,1539
54.7556,1451
54.7583,1461
54.7611,1509
54.7639,1549
54.7667,1600
54.7694,1660
54.7722,1690
54.7750,1676
54.7778,1678
54.7806,1693
54.7833,1682
54.7861,1681
54.7889,1687
54.7917,1696
54.7944,1672
54.7972,1667
54.8000,1680
54.8028,1673
54.8056,1677
54.8083,1685
54.8111,1693
54.8139,1691
54.8167,1697
54.8194,1710
54.8222,1695
54.8250,1704
54.8278,1703
54.8306,1725
54.8333,1717
54.8361,1706
54.8389,1705
54.8417,1707
54.8444,1695
54.8472,1715
54.8500,1727
54.8528,1714
54.8556,1687
54.8583,1701
54.8611,1708
54.8639,1706
54.8667,1721
54.8694,1730
54.8722,1736
54.8750,1716
54.8778,1727
54.8806,1742
54.8833,1725
54.8861,1733
54.8889,1742
54.8917,1750
54.8944,1742
54.8972,1742
54.9000,1759
54.9028,1756
54.9056,1758
54.9083,1752
54.9111,1766
54.9139,1769
54.9167,1758
54.9194,1769
54.9222,1779
54.9250,1777
54.9278,1797
54.9306,1808
54.9333,1800
54.9361,1787
54.9389,1797
54.9417,1804
54.9444,2014
54.9472,1925
54.9500,1901
54.9528,1860
54.9556,1852
54.9583,1842
54.9611,1860
54.9639,1867
54.9667,1848
54.9694,1845
54.9722,1799
54.9750,1771
54.9778,1782
54.9806,1777
54.9833,1802
54.9861,1818
54.9889,1810
54.9917,1770
54.9944,1720
54.9972,1715
55.0000,1716
55.0028,1720
55.0056,1729
55.0083,1723
55.0111,1697
55.0139,1655
55.0167,1656
55.0194,1670
55.0222,1658
55.0250,1672
55.0278,1672
55.0306,1660
55.0333,1619
55.0361,1628
55.0389,1659
55.0417,1687
55.0444,1700
55.0472,1692
55.0500,1693
55.0528,1633
55.0556,1613
55.0583,1629
55.0611,1650
55.0639,1685
55.0667,1694
55.0694,1692
55.0722,1664
55.0750,1642
55.0778,1655
55.0806,1681
55.0833,1696
55.0861,1694
55.0889,1715
55.0917,1698
55.0944,1673
55.0972,1685
55.1000,1700
55.1028,1709
55.1056,1712
55.1083,1711
55.1111,1684
55.1139,1648
55.1167,1648
55.1194,1674
55.1222,1704
55.1250,1706
55.1278,1703
55.1306,1682
55.1333,1655
55.1361,1642
55.1389,1666
55.1417,1685
55.1444,1699
55.1472,1707
55.1500,1704
55.1528,1688
55.1556,1680
55.1583,1694
55.1611,1702
55.1639,1685
55.1667,1693
55.1694,1693
55.1722,1675
55.1750,1644
55.1778,1649
55.1806,1650
55.1833,1660
55.1861,1667
55.1889,1676
55.1917,1645
55.1944,1637
55.1972,1658
55.2000,1678
55.2028,1680
55.2056,1689
55.2083,1706
55.2111,1699
55.2139,1668
55.2167,1680
55.2194,1690
55.2222,1672
55.2250,1664
55.2278,1685
55.2306,1678
55.2333,1648
55.2361,1665
55.2389,1677
55.2417,1685
55.2444,1684
55.2472,1687
55.2500,1684
55.2528,1666
55.2556,1652
55.2583,1661
55.2611,1681
55.2639,1674
55.2667,1692
55.2694,1702
55.2722,1679
55.2750,1657
55.2778,1662
55.2806,1664
55.2833,1667
55.2861,1686
55.2889,1699
55.2917,1684
55.2944,1662
55.2972,1677
55.3000,1689
55.3028,1694
55.3056,1703
55.3083,1707
55.3111,1699
55.3139,1684
55.3167,1679
55.3194,1697
55.3222,1704
55.3250,1710
55.3278,1725
55.3306,1726
55.3333,1703
55.3361,1694
55.3389,1696
55.3417,1708
55.3444,1714
55.3472,1731
55.3500,1735
55.3528,1722
55.3556,1708
55.3583,1714
55.3611,1725
55.3639,1721
55.3667,1740
55.3694,1733
55.3722,1719
55.3750,1723
55.3778,1750
55.3806,1766
55.3833,1759
55.3861,1753
55.3889,1764
55.3917,1756
55.3944,1730
55.3972,1706
55.4000,1702
55.4028,1703
55.4056,1707
55.4083,1718
55.4111,1704
55.4139,1673
55.4167,1677
55.4194,1680
55.4222,1669
55.4250,1670
55.4278,1661
55.4306,1678
55.4333,1650
55.4361,1648
55.4389,1653
55.4417,1649
55.4444,1648
55.4472,1657
55.4500,1671
55.4528,1658
55.4556,1642
55.4583,1663
55.4611,1657
55.4639,1647
55.4667,1663
55.4694,1691
55.4722,1693
55.4750,1689
55.4778,1704
55.4806,1741
55.4833,1723
55.4861,1711
55.4889,1709
55.4917,1688
55.4944,1681
55.4972,1744
55.5000,1810
55.5028,1885
55.5056,1946
55.5083,2022
55.5111,2108
55.5139,2168
55.5167,2232
55.5194,2255
55.5222,2194
55.5250,2093
55.5278,1963
55.5306,1810
55.5333,1643
55.5361,1523
55.5389,1504
55.5417,1525
55.5444,1572
55.5472,1644
55.5500,1712
55.5528,1725
55.5556,1747
55.5583,1755
55.5611,1741
55.5639,1709
55.5667,1700
55.5694,1720
55.5722,1698
55.5750,1687
55.5778,1717
55.5806,1711
55.5833,1719
55.5861,1734
55.5889,1738
55.5917,1729
55.5944,1702
55.5972,1710
55.6000,1718
55.6028,1719
55.6056,1705
55.6083,1709
55.6111,1729
55.6139,1712
55.6167,1717
55.6194,1721
55.6222,1717
55.6250,1710
55.6278,1715
55.6306,1735
55.6333,1715
55.6361,1718
55.6389,1740
55.6417,1740
55.6444,1727
55.6472,1735
55.6500,1729
55.6528,1708
55.6556,1712
55.6583,1732
55.6611,1732
55.6639,1718
55.6667,1710
55.6694,1712
55.6722,1719
55.6750,1714
55.6778,1730
55.6806,1746
55.6833,1747
55.6861,1737
55.6889,1755
55.6917,1736
55.6944,1723
55.6972,1733
55.7000,1738
55.7028,1728
55.7056,1739
55.7083,1751
55.7111,1746
55.7139,1744
55.7167,1756
55.7194,1765
55.7222,1766
55.7250,1784
55.7278,1889
55.7306,1831
55.7333,1803
55.7361,1804
55.7389,1844
55.7417,1871
55.7444,1847
55.7472,1839
55.7500,1807
55.7528,1747
55.7556,1742
55.7583,1768
55.7611,1785
55.7639,1787
55.7667,1791
55.7694,1756
55.7722,1705
55.7750,1677
55.7778,1693
55.7806,1696
55.7833,1716
55.7861,1723
55.7889,1720
55.7917,1680
55.7944,1647
55.7972,1658
55.8000,1671
55.8028,1677
55.8056,1691
55.8083,1700
55.8111,1680
55.8139,1656
55.8167,1668
55.8194,1685
55.8222,1700
55.8250,1709
55.8278,1713
55.8306,1697
55.8333,1655
55.8361,1658
55.8389,1683
55.8417,1696
55.8444,1697
55.8472,1700
55.8500,1677
55.8528,1647
55.8556,1638
55.8583,1670
55.8611,1682
55.8639,1685
55.8667,1678
55.8694,1678
55.8722,1644
55.8750,1653
55.8778,1689
55.8806,1703
55.8833,1717
55.8861,1712
55.8889,1698
55.8917,1652
55.8944,1649
55.8972,1669
55.9000,1683
55.9028,1690
55.9056,1697
55.9083,1701
55.9111,1676
55.9139,1662
55.9167,1693
55.9194,1722
55.9222,1735
55.9250,1727
55.9278,1723
55.9306,1696
55.9333,1665
55.9361,1669
55.9389,1687
55.9417,1688
55.9444,1697
55.9472,1698
55.9500,1682
55.9528,1641
55.9556,1650
55.9583,1665
55.9611,1681
55.9639,1701
55.9667,1720
55.9694,1708
55.9722,1666
55.9750,1653
55.9778,1665
55.9806,1673
55.9833,1674
55.9861,1685
55.9889,1692
55.9917,1654
55.9944,1633
55.9972,1662
56.0000,1670
56.0028,1679
56.0056,1693
56.0083,1688
56.0111,1669
56.0139,1643
56.0167,1651
56.0194,1650
56.0222,1670
56.0250,1683
56.0278,1696
56.0306,1685
56.0333,1669
56.0361,1682
56.0389,1699
56.0417,1693
56.0444,1689
56.0472,1695
56.0500,1705
56.0528,1666
56.0556,1666
56.0583,1689
56.0611,1687
56.0639,1695
56.0667,1706
56.0694,1702
56.0722,1672
56.0750,1671
56.0778,1677
56.0806,1682
56.0833,1686
56.0861,1691
56.0889,1682
56.0917,1662
56.0944,1652
56.0972,1664
56.1000,1667
56.1028,1668
56.1056,1669
56.1083,1667
56.1111,1648
56.1139,1636
56.1167,1655
56.1194,1678
56.1222,1678
56.1250,1680
56.1278,1681
56.1306,1677
56.1333,1652
56.1361,1673
56.1389,1686
56.1417,1685
56.1444,1667
56.1472,1666
56.1500,1681
56.1528,1644
56.1556,1655
56.1583,1681
56.1611,1696
56.1639,1695
56.1667,1716
56.1694,1709
56.1722,1684
56.1750,1697
56.1778,1700
56.1806,1707
56.1833,1700
56.1861,1710
56.1889,1717
56.1917,1712
56.1944,1708
56.1972,1749
56.2000,1744
56.2028,1758
56.2056,1752
56.2083,1772
56.2111,1756
56.2139,1738
56.2167,1751
56.2194,1736
56.2222,1707
56.2250,1683
56.2278,1683
56.2306,1669
56.2333,1673
56.2361,1683
56.2389,1704
56.2417,1689
56.2444,1689
56.2472,1683
56.2500,1654
56.2528,1623
56.2556,1618
56.2583,1635
56.2611,1652
56.2639,1669
56.2667,1663
56.2694,1652
56.2722,1615
56.2750,1621
56.2778,1644
56.2806,1644
56.2833,1647
56.2861,1650
56.2889,1657
56.2917,1632
56.2944,1644
56.2972,1666
56.3000,1683
56.3028,1668
56.3056,1671
56.3083,1692
56.3111,1678
56.3139,1673
56.3167,1683
56.3194,1722
56.3222,1757
56.3250,1802
56.3278,1879
56.3306,1926
56.3333,1998
56.3361,2087
56.3389,2178
56.3417,2225
56.3444,2210
56.3472,2147
56.3500,2023
56.3528,1849
56.3556,1702
56.3583,1579
56.3611,1510
56.3639,1491
56.3667,1533
56.3694,1580
56.3722,1619
56.3750,1674
56.3778,1723
56.3806,1722
56.3833,1698
56.3861,1697
56.3889,1683
56.3917,1653
56.3944,1655
56.3972,1663
56.4000,1663
56.4028,1664
56.4056,1668
56.4083,1690
56.4111,1675
56.4139,1677
56.4167,1689
56.4194,1670
56.4222,1668
56.4250,1671
56.4278,1675
56.4306,1668
56.4333,1658
56.4361,1673
56.4389,1688
56.4417,1685
56.4444,1697
56.4472,1715
56.4500,1708
56.4528,1699
56.4556,1701
56.4583,1700
56.4611,1684
56.4639,1673
56.4667,1694
56.4694,1703
56.4722,1711
56.4750,1716
56.4778,1741
56.4806,1729
56.4833,1714
56.4861,1704
56.4889,1717
56.4917,1696
56.4944,1686
56.4972,1700
56.5000,1716
56.5028,1716
56.5056,1720
56.5083,1736
56.5111,1742
56.5139,1728
56.5167,1727
56.5194,1739
56.5222,1733
56.5250,1737
56.5278,1749
56.5306,1738
56.5333,1742
56.5361,1774
56.5389,1790
56.5417,1787
56.5444,1790
56.5472,1803
56.5500,1766
56.5528,1810
56.5556,1821
56.5583,1859
56.5611,1873
56.5639,1896
56.5667,1885
56.5694,1837
56.5722,1781
56.5750,1775
56.5778,1788
56.5806,1802
56.5833,1803
56.5861,1792
56.5889,1746
56.5917,1694
56.5944,1685
56.5972,1691
56.6000,1718
56.6028,1731
56.6056,1736
56.6083,1704
56.6111,1667
56.6139,1634
56.6167,1668
56.6194,1674
56.6222,1675
56.6250,1692
56.6278,1690
56.6306,1655
56.6333,1656
56.6361,1674
56.6389,1682
56.6417,1699
56.6444,1709
56.6472,1704
56.6500,1663
56.6528,1651
56.6556,1655
56.6583,1689
56.6611,1701
56.6639,1714
56.6667,1700
56.6694,1674
56.6722,1639
56.6750,1650
56.6778,1675
56.6806,1701
56.6833,1695
56.6861,1712
56.6889,1702
56.6917,1663
56.6944,1686
56.6972,1699
56.7000,1707
56.7028,1709
56.7056,1705
56.7083,1700
56.7111,1655
56.7139,1666
56.7167,1693
56.7194,1696
56.7222,1711
56.7250,1719
56.7278,1707
56.7306,1657
56.7333,1650
56.7361,1669
56.7389,1680
56.7417,1683
56.7444,1679
56.7472,1677
56.7500,1648
56.7528,1630
56.7556,1630
56.7583,1663
56.7611,1666
56.7639,1681
56.7667,1669
56.7694,1653
56.7722,1639
56.7750,1660
56.7778,1673
56.7806,1700
56.7833,1698
56.7861,1719
56.7889,1700
56.7917,1678
56.7944,1682
56.7972,1706
56.8000,1721
56.8028,1738
56.8056,1752
56.8083,1726
56.8111,1694
56.8139,1671
56.8167,1660
56.8194,1666
56.8222,1658
56.8250,1670
56.8278,1687
56.8306,1669
56.8333,1669
56.8361,1675
56.8389,1699
56.8417,1690
56.8444,1696
56.8472,1680
56.8500,1642
56.8528,1627
56.8556,1661
56.8583,1680
56.8611,1690
56.8639,1693
56.8667,1702
56.8694,1673
56.8722,1660
56.8750,1674
56.8778,1688
56.8806,1696
56.8833,1685
56.8861,1692
56.8889,1677
56.8917,1652
56.8944,1654
56.8972,1685
56.9000,1688
56.9028,1709
56.9056,1711
56.9083,1697
56.9111,1661
56.9139,1669
56.9167,1678
56.9194,1701
56.9222,1700
56.9250,1737
56.9278,1740
56.9306,1718
56.9333,1690
56.9361,1683
56.9389,1676
56.9417,1667
56.9444,1683
56.9472,1691
56.9500,1680
56.9528,1690
56.9556,1695
56.9583,1705
56.9611,1713
56.9639,1721
56.9667,1746
56.9694,1731
56.9722,1725
56.9750,1725
56.9778,1732
56.9806,1733
56.9833,1731
56.9861,1741
56.9889,1747
56.9917,1715
56.9944,1727
56.9972,1744
57.0000,1751
57.0028,1746
57.0056,1755
57.0083,1754
57.0111,1751
57.0139,1764
57.0167,1749
57.0194,1758
57.0222,1758
57.0250,1763
57.0278,1750
57.0306,1732
57.0333,1722
57.0361,1723
57.0389,1726
57.0417,1740
57.0444,1736
57.0472,1737
57.0500,1713
57.0528,1695
57.0556,1697
57.0583,1684
57.0611,1679
57.0639,1673
57.0667,1675
57.0694,1657
57.0722,1653
57.0750,1653
57.0778,1659
57.0806,1674
57.0833,1674
57.0861,1690
57.0889,1684
57.0917,1663
57.0944,1665
57.0972,1673
57.1000,1660
57.1028,1664
57.1056,1671
57.1083,1686
57.1111,1682
57.1139,1690
57.1167,1705
57.1194,1704
57.1222,1686
57.1250,1680
57.1278,1692
57.1306,1678
57.1333,1704
57.1361,1779
57.1389,1827
57.1417,1894
57.1444,1971
57.1472,2065
57.1500,2123
57.1528,2179
57.1556,2205
57.1583,2171
57.1611,2062
57.1639,1931
57.1667,1796
57.1694,1639
57.1722,1518
57.1750,1478
57.1778,1485
57.1806,1533
57.1833,1574
57.1861,1629
57.1889,1654
57.1917,1687
57.1944,1698
57.1972,1716
57.2000,1697
57.2028,1689
57.2056,1679
57.2083,1655
57.2111,1633
57.2139,1641
57.2167,1659
57.2194,1660
57.2222,1689
57.2250,1703
57.2278,1711
57.2306,1685
57.2333,1669
57.2361,1664
57.2389,1665
57.2417,1658
57.2444,1671
57.2472,1689
57.2500,1684
57.2528,1675
57.2556,1707
57.2583,1710
57.2611,1708
57.2639,1721
57.2667,1730
57.2694,1712
57.2722,1695
57.2750,1693
57.2778,1689
57.2806,1679
57.2833,1682
57.2861,1695
57.2889,1716
57.2917,1704
57.2944,1706
57.2972,1709
57.3000,1700
57.3028,1696
57.3056,1733
57.3083,1725
57.3111,1716
57.3139,1711
57.3167,1724
57.3194,1718
57.3222,1729
57.3250,1741
57.3278,1760
57.3306,1760
57.3333,1761
57.3361,1754
57.3389,1763
57.3417,1749
57.3444,1760
57.3472,1772
57.3500,1752
57.3528,1766
57.3556,1784
57.3583,1803
57.3611,1808
57.3639,1909
57.3667,1823
57.3694,1778
57.3722,1779
57.3750,1812
57.3778,1855
57.3806,1862
57.3833,1853
57.3861,1832
57.3889,1774
57.3917,1744
57.3944,1749
57.3972,1773
57.4000,1768
57.4028,1790
57.4056,1776
57.4083,1736
57.4111,1676
57.4139,1676
57.4167,1694
57.4194,1706
57.4222,1715
57.4250,1716
57.4278,1675
57.4306,1649
57.4333,1653
57.4361,1673
57.4389,1682
57.4417,1697
57.4444,1716
57.4472,1698
57.4500,1667
57.4528,1656
57.4556,1675
57.4583,1701
57.4611,1704
57.4639,1694
57.4667,1691
57.4694,1657
57.4722,1656
57.4750,1690
57.4778,1720
57.4806,1761
57.4833,1770
57.4861,1767
57.4889,1710
57.4917,1665
57.4944,1676
57.4972,1685
57.5000,1698
57.5028,1716
57.5056,1725
57.5083,1689
57.5111,1654
57.5139,1658
57.5167,1683
57.5194,1697
57.5222,1711
57.5250,1692
57.5278,1673
57.5306,1624
57.5333,1645
57.5361,1680
57.5389,1701
57.5417,1713
57.5444,1712
57.5472,1679
57.5500,1652
57.5528,1670
57.5556,1679
57.5583,1690
57.5611,1706
57.5639,1695
57.5667,1681
57.5694,1651
57.5722,1643
57.5750,1647
57.5778,1666
57.5806,1672
57.5833,1669
57.5861,1666
57.5889,1653
57.5917,1627
57.5944,1660
57.5972,1683
57.6000,1702
57.6028,1706
57.6056,1704
57.6083,1675
57.6111,1645
57.6139,1653
57.6167,1667
57.6194,1661
57.6222,1668
57.6250,1676
57.6278,1671
57.6306,1638
57.6333,1645
57.6361,1673
57.6389,1670
57.6417,1670
57.6444,1689
57.6472,1698
57.6500,1674
57.6528,1675
57.6556,1691
57.6583,1691
57.6611,1690
57.6639,1694
57.6667,1695
57.6694,1669
57.6722,1655
57.6750,1688
57.6778,1691
57.6806,1697
57.6833,1714
57.6861,1714
57.6889,1677
57.6917,1663
57.6944,1685
57.6972,1684
57.7000,1681
57.7028,1694
57.7056,1716
57.7083,1706
57.7111,1697
57.7139,1719
57.7167,1715
57.7194,1698
57.7222,1698
57.7250,1682
57.7278,1675
57.7306,1666
57.7333,1673
57.7361,1684
57.7389,1692
57.7417,1701
57.7444,1713
57.7472,1703
57.7500,1672
57.7528,1668
57.7556,1687
57.7583,1716
57.7611,1713
57.7639,1720
57.7667,1698
57.7694,1680
57.7722,1668
57.7750,1682
57.7778,1688
57.7806,1685
57.7833,1689
57.7861,1689
57.7889,1657
57.7917,1648
57.7944,1675
57.7972,1686
57.8000,1693
57.8028,1722
57.8056,1734
57.8083,1725
57.8111,1725
57.8139,1714
57.8167,1727
57.8194,1726
57.8222,1744
57.8250,1774
57.8278,1767
57.8306,1767
57.8333,1751
57.8361,1747
57.8389,1736
57.8417,1718
57.8444,1722
57.8472,1723
57.8500,1715
57.8528,1715
57.8556,1730
57.8583,1716
57.8611,1695
57.8639,1686
57.8667,1691
57.8694,1654
57.8722,1657
57.8750,1685
57.8778,1691
57.8806,1698
57.8833,1703
57.8861,1710
57.8889,1676
57.8917,1646
57.8944,1665
57.8972,1677
57.9000,1666
57.9028,1693
57.9056,1705
57.9083,1690
57.9111,1682
57.9139,1703
57.9167,1686
57.9194,1677
57.9222,1670
57.9250,1674
57.9278,1661
57.9306,1651
57.9333,1682
57.9361,1702
57.9389,1718
57.9417,1748
57.9444,1802
57.9472,1853
57.9500,1897
57.9528,1972
57.9556,2061
57.9583,2141
57.9611,2200
57.9639,2254
57.9667,2218
57.9694,2117
57.9722,1981
57.9750,1831
57.9778,1669
57.9806,1541
57.9833,1465
57.9861,1464
57.9889,1487
57.9917,1548
57.9944,1626
57.9972,1683
58.0000,1689
58.0028,1727
58.0056,1718
58.0083,1694
58.0111,1685
58.0139,1696
58.0167,1694
58.0194,1700
58.0222,1689
58.0250,1693
58.0278,1683
58.0306,1673
58.0333,1682
58.0361,1697
58.0389,1697
58.0417,1689
58.0444,1710
58.0472,1684
58.0500,1677
58.0528,1685
58.0556,1700
58.0583,1709
58.0611,1713
58.0639,1713
58.0667,1704
58.0694,1686
58.0722,1682
58.0750,1704
58.0778,1702
58.0806,1700
58.0833,1703
58.0861,1711
58.0889,1704
58.0917,1698
58.0944,1718
58.0972,1720
58.1000,1725
58.1028,1729
58.1056,1743
58.1083,1736
58.1111,1728
58.1139,1758
58.1167,1776
58.1194,1785
58.1222,1790
58.1250,1776
58.1278,1780
58.1306,1743
58.1333,1752
58.1361,1755
58.1389,1750
58.1417,1750
58.1444,1768
58.1472,1781
58.1500,1772
58.1528,1772
58.1556,1783
58.1583,1786
58.1611,1784
58.1639,1798
58.1667,1797
58.1694,1791
58.1722,1752
58.1750,1822
58.1778,1860
58.1806,1866
58.1833,1871
58.1861,1850
58.1889,1797
58.1917,1788
58.1944,1815
58.1972,1820
58.2000,1853
58.2028,1844
58.2056,1811
58.2083,1724
58.2111,1691
58.2139,1695
58.2167,1710
58.2194,1718
58.2222,1727
58.2250,1728
58.2278,1691
58.2306,1670
58.2333,1681
58.2361,1695
58.2389,1701
58.2417,1724
58.2444,1717
58.2472,1666
58.2500,1646
58.2528,1654
58.2556,1688
58.2583,1716
58.2611,1723
58.2639,1737
58.2667,1706
58.2694,1662
58.2722,1669
58.2750,1715
58.2778,1740
58.2806,1752
58.2833,1754
58.2861,1735
58.2889,1694
58.2917,1705
58.2944,1712
58.2972,1738
58.3000,1761
58.3028,1735
58.3056,1733
58.3083,1689
58.3111,1698
58.3139,1719
58.3167,1735
58.3194,1752
58.3222,1749
58.3250,1742
58.3278,1704
58.3306,1688
58.3333,1698
58.3361,1720
58.3389,1734
58.3417,1737
58.3444,1732
58.3472,1704
58.3500,1658
58.3528,1662
58.3556,1687
58.3583,1694
58.3611,1713
58.3639,1700
58.3667,1670
58.3694,1634
58.3722,1659
58.3750,1687
58.3778,1684
58.3806,1697
58.3833,1693
58.3861,1686
58.3889,1658
58.3917,1666
58.3944,1695
58.3972,1706
58.4000,1699
58.4028,1700
58.4056,1695
58.4083,1649
58.4111,1637
58.4139,1657
58.4167,1677
58.4194,1677
58.4222,1696
58.4250,1678
58.4278,1651
58.4306,1648
58.4333,1677
58.4361,1687
58.4389,1698
58.4417,1696
58.4444,1696
58.4472,1671
58.4500,1638
58.4528,1654
58.4556,1688
58.4583,1682
58.4611,1694
58.4639,1706
58.4667,1686
58.4694,1654
58.4722,1667
58.4750,1682
58.4778,1710
58.4806,1718
58.4833,1728
58.4861,1698
58.4889,1681
58.4917,1685
58.4944,1681
58.4972,1677
58.5000,1686
58.5028,1704
58.5056,1665
58.5083,1654
58.5111,1666
58.5139,1679
58.5167,1698
58.5194,1693
58.5222,1701
58.5250,1696
58.5278,1680
58.5306,1669
58.5333,1677
58.5361,1673
58.5389,1661
58.5417,1680
58.5444,1684
58.5472,1669
58.5500,1661
58.5528,1676
58.5556,1674
58.5583,1693
58.5611,1688
58.5639,1689
58.5667,1675
58.5694,1665
58.5722,1692
58.5750,1705
58.5778,1706
58.5806,1708
58.5833,1711
58.5861,1711
58.5889,1684
58.5917,1713
58.5944,1744
58.5972,1734
58.6000,1734
58.6028,1734
58.6056,1734
58.6083,1719
58.6111,1731
58.6139,1759
58.6167,1757
58.6194,1759
58.6222,1770
58.6250,1762
58.6278,1729
58.6306,1697
58.6333,1684
58.6361,1685
58.6389,1691
58.6417,1696
58.6444,1709
58.6472,1670
58.6500,1652
58.6528,1649
58.6556,1642
58.6583,1644
58.6611,1651
58.6639,1656
58.6667,1633
58.6694,1610
58.6722,1635
58.6750,1637
58.6778,1642
58.6806,1663
58.6833,1667
58.6861,1664
58.6889,1617
58.6917,1633
58.6944,1633
58.6972,1637
58.7000,1653
58.7028,1666
58.7056,1672
58.7083,1678
58.7111,1673
58.7139,1694
58.7167,1666
58.7194,1676
58.7222,1703
58.7250,1718
58.7278,1750
58.7306,1778
58.7333,1849
58.7361,1914
58.7389,1990
58.7417,2067
58.7444,2144
58.7472,2189
58.7500,2199
58.7528,2164
58.7556,2083
58.7583,1953
58.7611,1815
58.7639,1672
58.7667,1538
58.7694,1458
58.7722,1462
58.7750,1515
58.7778,1550
58.7806,1613
58.7833,1661
58.7861,1683
58.7889,1677
58.7917,1684
58.7944,1688
58.7972,1691
58.8000,1694
58.8028,1700
58.8056,1699
58.8083,1690
58.8111,1680
58.8139,1690
58.8167,1703
58.8194,1713
58.8222,1738
58.8250,1723
58.8278,1690
58.8306,1667
58.8333,1675
58.8361,1701
58.8389,1708
58.8417,1724
58.8444,1722
58.8472,1713
58.8500,1700
58.8528,1710
58.8556,1721
58.8583,1719
58.8611,1721
58.8639,1727
58.8667,1700
58.8694,1696
58.8722,1709
58.8750,1731
58.8778,1722
58.8806,1736
58.8833,1743
58.8861,1741
58.8889,1727
58.8917,1728
58.8944,1748
58.8972,1748
58.9000,1722
58.9028,1716
58.9056,1713
58.9083,1712
58.9111,1719
58.9139,1735
58.9167,1749
58.9194,1747
58.9222,1762
58.9250,1758
58.9278,1762
58.9306,1750
58.9333,1744
58.9361,1743
58.9389,1742
58.9417,1753
58.9444,1769
58.9472,1766
58.9500,1773
58.9528,1789
58.9556,1779
58.9583,1947
58.9611,1856
58.9639,1845
58.9667,1790
58.9694,1769
58.9722,1771
58.9750,1799
58.9778,1810
58.9806,1829
58.9833,1805
58.9861,1734
58.9889,1704
58.9917,1709
58.9944,1716
58.9972,1730
59.0000,1737
59.0028,1752
59.0056,1705
59.0083,1665
59.0111,1664
59.0139,1681
59.0167,1689
59.0194,1705
59.0222,1715
59.0250,1686
59.0278,1659
59.0306,1651
59.0333,1669
59.0361,1704
59.0389,1709
59.0417,1709
59.0444,1686
59.0472,1644
59.0500,1655
59.0528,1683
59.0556,1708
59.0583,1711
59.0611,1711
59.0639,1689
59.0667,1654
59.0694,1641
59.0722,1676
59.0750,1689
59.0778,1714
59.0806,1736
59.0833,1726
59.0861,1683
59.0889,1653
59.0917,1681
59.0944,1711
59.0972,1721
59.1000,1733
59.1028,1744
59.1056,1702
59.1083,1648
59.1111,1663
59.1139,1666
59.1167,1691
59.1194,1700
59.1222,1711
59.1250,1691
59.1278,1658
59.1306,1664
59.1333,1658
59.1361,1666
59.1389,1677
59.1417,1683
59.1444,1682
59.1472,1646
59.1500,1647
59.1528,1675
59.1556,1686
59.1583,1698
59.1611,1706
59.1639,1706
59.1667,1664
59.1694,1646
59.1722,1672
59.1750,1691
59.1778,1685
59.1806,1704
59.1833,1690
59.1861,1673
59.1889,1644
59.1917,1672
59.1944,1691
59.1972,1704
59.2000,1696
59.2028,1694
59.2056,1667
59.2083,1638
59.2111,1670
59.2139,1680
59.2167,1696
59.2194,1706
59.2222,1718
59.2250,1695
59.2278,1659
59.2306,1677
59.2333,1679
59.2361,1681
59.2389,1674
59.2417,1685
59.2444,1669
59.2472,1660
59.2500,1658
59.2528,1667
59.2556,1672
59.2583,1685
59.2611,1678
59.2639,1675
59.2667,1660
59.2694,1650
59.2722,1685
59.2750,1670
59.2778,1657
59.2806,1665
59.2833,1667
59.2861,1636
59.2889,1639
59.2917,1665
59.2944,1686
59.2972,1691
59.3000,1689
59.3028,1692
59.3056,1679
59.3083,1653
59.3111,1661
59.3139,1663
59.3167,1661
59.3194,1643
59.3222,1663
59.3250,1668
59.3278,1636
59.3306,1661
59.3333,1686
59.3361,1682
59.3389,1682
59.3417,1689
59.3444,1694
59.3472,1662
59.3500,1680
59.3528,1680
59.3556,1690
59.3583,1688
59.3611,1700
59.3639,1724
59.3667,1706
59.3694,1689
59.3722,1695
59.3750,1695
59.3778,1686
59.3806,1701
59.3833,1719
59.3861,1701
59.3889,1678
59.3917,1699
59.3944,1701
59.3972,1694
59.4000,1692
59.4028,1707
59.4056,1699
59.4083,1676
59.4111,1695
59.4139,1708
59.4167,1727
59.4194,1724
59.4222,1735
59.4250,1731
59.4278,1717
59.4306,1739
59.4333,1766
59.4361,1763
59.4389,1744
59.4417,1762
59.4444,1747
59.4472,1709
59.4500,1715
59.4528,1748
59.4556,1763
59.4583,1787
59.4611,1788
59.4639,1786
59.4667,1754
59.4694,1760
59.4722,1775
59.4750,1773
59.4778,1764
59.4806,1770
59.4833,1784
59.4861,1748
59.4889,1721
59.4917,1726
59.4944,1729
59.4972,1730
59.5000,1736
59.5028,1733
59.5056,1719
59.5083,1704
59.5111,1708
59.5139,1688
59.5167,1660
59.5194,1644
59.5222,1655
59.5250,1661
59.5278,1645
59.5306,1654
59.5333,1658
59.5361,1660
59.5389,1657
59.5417,1671
59.5444,1658
59.5472,1626
59.5500,1639
59.5528,1668
59.5556,1680
59.5583,1661
59.5611,1679
59.5639,1668
59.5667,1673
59.5694,1672
59.5722,1694
59.5750,1679
59.5778,1666
59.5806,1663
59.5833,1658
59.5861,1658
59.5889,1679
59.5917,1738
59.5944,1798
59.5972,1841
59.6000,1918
59.6028,1993
59.6056,2051
59.6083,2102
59.6111,2191
59.6139,2220
59.6167,2156
59.6194,2058
59.6222,1939
59.6250,1769
59.6278,1603
59.6306,1518
59.6333,1498
59.6361,1477
59.6389,1533
59.6417,1591
59.6444,1635
59.6472,1652
59.6500,1673
59.6528,1687
59.6556,1674
59.6583,1661
59.6611,1679
59.6639,1678
59.6667,1661
59.6694,1670
59.6722,1684
59.6750,1691
59.6778,1693
59.6806,1701
59.6833,1704
59.6861,1692
59.6889,1685
59.6917,1700
59.6944,1711
59.6972,1692
59.7000,1701
59.7028,1717
59.7056,1699
59.7083,1694
59.7111,1694
59.7139,1692
59.7167,1703
59.7194,1701
59.7222,1722
59.7250,1708
59.7278,1687
59.7306,1699
59.7333,1702
59.7361,1718
59.7389,1717
59.7417,1731
59.7444,1725
59.7472,1695
59.7500,1719
59.7528,1729
59.7556,1721
59.7583,1724
59.7611,1727
59.7639,1739
59.7667,1728
59.7694,1734
59.7722,1737
59.7750,1727
59.7778,1721
59.7806,1734
59.7833,1741
59.7861,1738
59.7889,1724
59.7917,1740
59.7944,1737
59.7972,1740
59.8000,1741
59.8028,1755
59.8056,1754
59.8083,1747
59.8111,1774
59.8139,1788
59.8167,1778
59.8194,1972
59.8222,1891
59.8250,1843
59.8278,1815
59.8306,1842
59.8333,1859
59.8361,1862
59.8389,1874
59.8417,1859
59.8444,1804
59.8472,1776
59.8500,1798
59.8528,1819
59.8556,1824
59.8583,1810
59.8611,1791
59.8639,1748
59.8667,1704
59.8694,1702
59.8722,1717
59.8750,1749
59.8778,1758
59.8806,1736
59.8833,1716
59.8861,1674
59.8889,1660
59.8917,1685
59.8944,1717
59.8972,1722
59.9000,1728
59.9028,1721
59.9056,1670
59.9083,1648
59.9111,1660
59.9139,1675
59.9167,1701
59.9194,1709
59.9222,1701
59.9250,1669
59.9278,1661
59.9306,1667
59.9333,1687
59.9361,1719
59.9389,1722
59.9417,1733
59.9444,1713
59.9472,1677
59.9500,1696
59.9528,1717
59.9556,1707
59.9583,1727
59.9611,1734
59.9639,1720
59.9667,1686
59.9694,1701
59.9722,1723
59.9750,1731
59.9778,1726
59.9806,1723
59.9833,1702
59.9861,1676
59.9889,1662
59.9917,1700
59.9944,1722
59.9972,1747
60.0000,1742
60.0028,1736
60.0056,1691
60.0083,1659
60.0111,1689
60.0139,1699
60.0167,1697
60.0194,1698
60.0222,1673
60.0250,1674
60.0278,1638
60.0306,1662
60.0333,1686
60.0361,1700
60.0389,1712
60.0417,1715
60.0444,1677
60.0472,1655
60.0500,1684
60.0528,1695
60.0556,1707
60.0583,1713
60.0611,1724
60.0639,1691
60.0667,1671
60.0694,1667
60.0722,1662
60.0750,1650
60.0778,1665
60.0806,1680
60.0833,1686
60.0861,1670
60.0889,1671
60.0917,1687
60.0944,1684
60.0972,1694
60.1000,1704
60.1028,1719
60.1056,1688
60.1083,1678
60.1111,1675
60.1139,1692
60.1167,1670
60.1194,1688
60.1222,1681
60.1250,1641
60.1278,1639
60.1306,1648
60.1333,1669
60.1361,1671
60.1389,1675
60.1417,1686
60.1444,1661
60.1472,1641
60.1500,1647
60.1528,1668
60.1556,1686
60.1583,1684
60.1611,1697
60.1639,1676
60.1667,1649
60.1694,1656
60.1722,1661
60.1750,1670
60.1778,1661
60.1806,1664
60.1833,1660
60.1861,1644
60.1889,1645
60.1917,1646
60.1944,1648
60.1972,1650
60.2000,1651
60.2028,1667
60.2056,1644
60.2083,1644
60.2111,1653
60.2139,1642
60.2167,1662
60.2194,1675
60.2222,1679
60.2250,1660
60.2278,1656
60.2306,1669
60.2333,1687
60.2361,1684
60.2389,1694
60.2417,1706
60.2444,1693
60.2472,1692
60.2500,1708
60.2528,1711
60.2556,1717
60.2583,1726
60.2611,1737
60.2639,1707
60.2667,1689
60.2694,1706
60.2722,1723
60.2750,1734
60.2778,1741
60.2806,1759
60.2833,1759
60.2861,1746
60.2889,1728
60.2917,1728
60.2944,1724
60.2972,1721
60.3000,1717
60.3028,1713
60.3056,1694
60.3083,1670
60.3111,1651
60.3139,1638
60.3167,1632
60.3194,1658
60.3222,1668
60.3250,1667
60.3278,1678
60.3306,1691
60.3333,1674
60.3361,1646
60.3389,1655
60.3417,1671
60.3444,1679
60.3472,1672
60.3500,1689
60.3528,1704
60.3556,1693
60.3583,1680
60.3611,1679
60.3639,1678
60.3667,1677
60.3694,1683
60.3722,1694
60.3750,1688
60.3778,1685
60.3806,1678
60.3833,1683
60.3861,1684
60.3889,1719
60.3917,1753
60.3944,1801
60.3972,1853
60.4000,1908
60.4028,1977
60.4056,2025
60.4083,2085
60.4111,2189
60.4139,2217
60.4167,2159
60.4194,2064
60.4222,1922
60.4250,1742
60.4278,1594
60.4306,1492
60.4333,1442
60.4361,1438
60.4389,1490
60.4417,1563
60.4444,1600
60.4472,1623
60.4500,1674
60.4528,1690
60.4556,1672
60.4583,1683
60.4611,1682
60.4639,1676
60.4667,1657
60.4694,1667
60.4722,1678
60.4750,1675
60.4778,1679
60.4806,1701
60.4833,1707
60.4861,1705
60.4889,1709
60.4917,1703
60.4944,1703
60.4972,1678
60.5000,1681
60.5028,1695
60.5056,1669
60.5083,1669
60.5111,1695
60.5139,1714
60.5167,1717
60.5194,1713
60.5222,1725
60.5250,1690
60.5278,1676
60.5306,1696
60.5333,1701
60.5361,1706
60.5389,1711
60.5417,1718
60.5444,1696
60.5472,1685
60.5500,1690
60.5528,1697
60.5556,1695
60.5583,1702
60.5611,1713
60.5639,1705
60.5667,1697
60.5694,1709
60.5722,1717
60.5750,1707
60.5778,1712
60.5806,1735
60.5833,1751
60.5861,1761
60.5889,1774
60.5917,1795
60.5944,1779
60.5972,1759
60.6000,1745
60.6028,1752
60.6056,1736
60.6083,1751
60.6111,1781
60.6139,1790
60.6167,1789
60.6194,1810
60.6222,1829
60.6250,1837
60.6278,1829
60.6306,1842
60.6333,1856
60.6361,1866
60.6389,1868
60.6417,1840
60.6444,1782
60.6472,1767
60.6500,1799
60.6528,1807
60.6556,1801
60.6583,1809
60.6611,1776
60.6639,1707
60.6667,1694
60.6694,1700
60.6722,1723
60.6750,1735
60.6778,1729
60.6806,1714
60.6833,1661
60.6861,1628
60.6889,1652
60.6917,1663
60.6944,1667
60.6972,1672
60.7000,1673
60.7028,1645
60.7056,1620
60.7083,1630
60.7111,1642
60.7139,1662
60.7167,1667
60.7194,1664
60.7222,1656
60.7250,1639
60.7278,1628
60.7306,1652
60.7333,1676
60.7361,1683
60.7389,1682
60.7417,1663
60.7444,1627
60.7472,1628
60.7500,1670
60.7528,1706
60.7556,1716
60.7583,1716
60.7611,1699
60.7639,1643
60.7667,1625
60.7694,1643
60.7722,1670
60.7750,1694
60.7778,1705
60.7806,1702
60.7833,1662
60.7861,1632
60.7889,1651
60.7917,1671
60.7944,1673
60.7972,1673
60.8000,1675
60.8028,1664
60.8056,1651
60.8083,1665
60.8111,1684
60.8139,1692
60.8167,1698
60.8194,1690
60.8222,1682
60.8250,1666
60.8278,1660
60.8306,1682
60.8333,1679
60.8361,1697
60.8389,1697
60.8417,1682
60.8444,1652
60.8472,1655
60.8500,1671
60.8528,1679
60.8556,1690
60.8583,1712
60.8611,1713
60.8639,1675
60.8667,1645
60.8694,1651
60.8722,1660
60.8750,1678
60.8778,1670
60.8806,1689
60.8833,1663
60.8861,1658
60.8889,1669
60.8917,1680
60.8944,1690
60.8972,1694
60.9000,1677
60.9028,1662
60.9056,1653
60.9083,1652
60.9111,1662
60.9139,1655
60.9167,1682
60.9194,1680
60.9222,1670
60.9250,1644
60.9278,1653
60.9306,1682
60.9333,1694
60.9361,1699
60.9389,1715
60.9417,1712
60.9444,1684
60.9472,1654
60.9500,1672
60.9528,1688
60.9556,1694
60.9583,1707
60.9611,1702
60.9639,1687
60.9667,1670
60.9694,1674
60.9722,1691
60.9750,1679
60.9778,1685
60.9806,1688
60.9833,1669
60.9861,1679
60.9889,1690
60.9917,1701
60.9944,1703
60.9972,1692
61.0000,1714
61.0028,1685
61.0056,1650
61.0083,1655
61.0111,1663
61.0139,1680
61.0167,1687
61.0194,1704
61.0222,1709
61.0250,1688
61.0278,1689
61.0306,1697
61.0333,1712
61.0361,1724
61.0389,1727
61.0417,1737
61.0444,1704
61.0472,1693
61.0500,1703
61.0528,1718
61.0556,1735
61.0583,1746
61.0611,1743
61.0639,1723
61.0667,1728
61.0694,1718
61.0722,1716
61.0750,1699
61.0778,1697
61.0806,1715
61.0833,1702
61.0861,1674
61.0889,1694
61.0917,1697
61.0944,1660
61.0972,1635
61.1000,1628
61.1028,1633
61.1056,1625
61.1083,1635
61.1111,1664
61.1139,1657
61.1167,1661
61.1194,1679
61.1222,1663
61.1250,1643
61.1278,1654
61.1306,1682
61.1333,1693
61.1361,1685
61.1389,1681
61.1417,1675
61.1444,1656
61.1472,1650
61.1500,1671
61.1528,1674
61.1556,1673
61.1583,1692
61.1611,1694
61.1639,1666
61.1667,1670
61.1694,1686
61.1722,1698
61.1750,1744
61.1778,1799
61.1806,1885
61.1833,1935
61.1861,1997
61.1889,2074
61.1917,2161
61.1944,2196
61.1972,2189
61.2000,2137
61.2028,2009
61.2056,1843
61.2083,1714
61.2111,1574
61.2139,1487
61.2167,1449
61.2194,1475
61.2222,1533
61.2250,1582
61.2278,1636
61.2306,1676
61.2333,1682
61.2361,1679
61.2389,1677
61.2417,1673
61.2444,1654
61.2472,1642
61.2500,1661
61.2528,1668
61.2556,1669
61.2583,1682
61.2611,1684
61.2639,1669
61.2667,1667
61.2694,1697
61.2722,1685
61.2750,1684
61.2778,1685
61.2806,1697
61.2833,1668
61.2861,1675
61.2889,1682
61.2917,1677
61.2944,1666
61.2972,1655
61.3000,1681
61.3028,1691
61.3056,1686
61.3083,1704
61.3111,1707
61.3139,1685
61.3167,1701
61.3194,1710
61.3222,1706
61.3250,1700
61.3278,1702
61.3306,1728
61.3333,1713
61.3361,1715
61.3389,1730
61.3417,1712
61.3444,1703
61.3472,1701
61.3500,1710
61.3528,1726
61.3556,1731
61.3583,1744
61.3611,1743
61.3639,1724
61.3667,1716
61.3694,1729
61.3722,1736
61.3750,1740
61.3778,1740
61.3806,1761
61.3833,1748
61.3861,1732
61.3889,1753
61.3917,1738
61.3944,1755
61.3972,1777
61.4000,1804
61.4028,1729
61.4056,1796
61.4083,1817
61.4111,1861
61.4139,1879
61.4167,1888
61.4194,1876
61.4222,1802
61.4250,1766
61.4278,1762
61.4306,1774
61.4333,1797
61.4361,1803
61.4389,1813
61.4417,1752
