Tiempo(s),Valor_ADC
0.0028,1655
0.0056,1649
0.0083,1648
0.0111,1650
0.0139,1641
0.0167,1647
0.0194,1650
0.0222,1649
0.0250,1647
0.0278,1651
0.0306,1648
0.0333,1646
0.0361,1643
0.0389,1632
0.0417,1628
0.0444,1616
0.0472,1626
0.0500,1635
0.0528,1650
0.0556,1661
0.0583,1663
0.0611,1651
0.0639,1646
0.0667,1639
0.0694,1647
0.0722,1646
0.0750,1656
0.0778,1658
0.0806,1660
0.0833,1658
0.0861,1650
0.0889,1659
0.0917,1650
0.0944,1657
0.0972,1655
0.1000,1658
0.1028,1657
0.1056,1651
0.1083,1651
0.1111,1642
0.1139,1644
0.1167,1642
0.1194,1655
0.1222,1657
0.1250,1659
0.1278,1652
0.1306,1660
0.1333,1668
0.1361,1672
0.1389,1667
0.1417,1662
0.1444,1660
0.1472,1652
0.1500,1659
0.1528,1659
0.1556,1659
0.1583,1666
0.1611,1675
0.1639,1683
0.1667,1692
0.1694,1686
0.1722,1695
0.1750,1696
0.1778,1690
0.1806,1692
0.1833,1689
0.1861,1698
0.1889,1695
0.1917,1696
0.1944,1701
0.1972,1695
0.2000,1709
0.2028,1715
0.2056,1713
0.2083,1704
0.2111,1704
0.2139,1699
0.2167,1706
0.2194,1700
0.2222,1698
0.2250,1696
0.2278,1694
0.2306,1696
0.2333,1700
0.2361,1694
0.2389,1692
0.2417,1702
0.2444,1701
0.2472,1704
0.2500,1696
0.2528,1697
0.2556,1695
0.2583,1696
0.2611,1689
0.2639,1686
0.2667,1683
0.2694,1692
0.2722,1703
0.2750,1718
0.2778,1715
0.2806,1713
0.2833,1703
0.2861,1698
0.2889,1696
0.2917,1698
0.2944,1701
0.2972,1700
0.3000,1708
0.3028,1702
0.3056,1704
0.3083,1702
0.3111,1692
0.3139,1696
0.3167,1702
0.3194,1704
0.3222,1713
0.3250,1714
0.3278,1719
0.3306,1708
0.3333,1704
0.3361,1701
0.3389,1694
0.3417,1705
0.3444,1712
0.3472,1717
0.3500,1714
0.3528,1714
0.3556,1717
0.3583,1717
0.3611,1721
0.3639,1722
0.3667,1723
0.3694,1723
0.3722,1715
0.3750,1709
0.3778,1710
0.3806,1714
0.3833,1711
0.3861,1711
0.3889,1706
0.3917,1710
0.3944,1717
0.3972,1721
0.4000,1725
0.4028,1722
0.4056,1726
0.4083,1723
0.4111,1720
0.4139,1728
0.4167,1721
0.4194,1720
0.4222,1715
0.4250,1716
0.4278,1712
0.4306,1709
0.4333,1712
0.4361,1704
0.4389,1710
0.4417,1721
0.4444,1724
0.4472,1718
0.4500,1712
0.4528,1704
0.4556,1702
0.4583,1697
0.4611,1714
0.4639,1726
0.4667,1728
0.4694,1729
0.4722,1725
0.4750,1722
0.4778,1732
0.4806,1737
0.4833,1728
0.4861,1733
0.4889,1737
0.4917,1727
0.4944,1742
0.4972,1726
0.5000,1732
0.5028,1732
0.5056,1733
0.5083,1740
0.5111,1741
0.5139,1741
0.5167,1734
0.5194,1735
0.5222,1735
0.5250,1730
0.5278,1736
0.5306,1738
0.5333,1736
0.5361,1730
0.5389,1730
0.5417,1731
0.5444,1728
0.5472,1736
0.5500,1741
0.5528,1744
0.5556,1756
0.5583,1757
0.5611,1752
0.5639,1745
0.5667,1744
0.5694,1745
0.5722,1740
0.5750,1729
0.5778,1733
0.5806,1728
0.5833,1727
0.5861,1732
0.5889,1735
0.5917,1735
0.5944,1736
0.5972,1733
0.6000,1745
0.6028,1733
0.6056,1733
0.6083,1726
0.6111,1727
0.6139,1734
0.6167,1751
0.6194,1755
0.6222,1768
0.6250,1780
0.6278,1761
0.6306,1728
0.6333,1666
0.6361,1621
0.6389,1621
0.6417,1683
0.6444,1809
0.6472,1999
0.6500,2243
0.6528,2562
0.6556,2951
0.6583,3326
0.6611,3358
0.6639,3367
0.6667,3381
0.6694,3385
0.6722,3347
0.6750,3357
0.6778,3148
0.6806,2517
0.6833,1841
0.6861,1345
0.6889,1048
0.6917,908
0.6944,851
0.6972,853
0.7000,906
0.7028,967
0.7056,1031
0.7083,1098
0.7111,1205
0.7139,1344
0.7167,1490
0.7194,1599
0.7222,1678
0.7250,1701
0.7278,1695
0.7306,1657
0.7333,1624
0.7361,1597
0.7389,1604
0.7417,1643
0.7444,1676
0.7472,1702
0.7500,1686
0.7528,1673
0.7556,1659
0.7583,1647
0.7611,1663
0.7639,1690
0.7667,1700
0.7694,1697
0.7722,1681
0.7750,1655
0.7778,1654
0.7806,1662
0.7833,1684
0.7861,1700
0.7889,1716
0.7917,1705
0.7944,1684
0.7972,1664
0.8000,1675
0.8028,1694
0.8056,1712
0.8083,1720
0.8111,1711
0.8139,1691
0.8167,1686
0.8194,1682
0.8222,1699
0.8250,1727
0.8278,1750
0.8306,1750
0.8333,1724
0.8361,1713
0.8389,1706
0.8417,1715
0.8444,1735
0.8472,1746
0.8500,1756
0.8528,1736
0.8556,1728
0.8583,1728
0.8611,1745
0.8639,1751
0.8667,1770
0.8694,1771
0.8722,1752
0.8750,1748
0.8778,1743
0.8806,1918
0.8833,1940
0.8861,1966
0.8889,1962
0.8917,1967
0.8944,1967
0.8972,1968
0.9000,1980
0.9028,2007
0.9056,2024
0.9083,2029
0.9111,2017
0.9139,2004
0.9167,1994
0.9194,2005
0.9222,2026
0.9250,2056
0.9278,2066
0.9306,2076
0.9333,2049
0.9361,2025
0.9389,2007
0.9417,2001
0.9444,1993
0.9472,1985
0.9500,1960
0.9528,1921
0.9556,1884
0.9583,1855
0.9611,1844
0.9639,1822
0.9667,1805
0.9694,1781
0.9722,1744
0.9750,1706
0.9778,1680
0.9806,1667
0.9833,1665
0.9861,1654
0.9889,1639
0.9917,1620
0.9944,1601
0.9972,1583
1.0000,1577
1.0028,1578
1.0056,1585
1.0083,1592
1.0111,1590
1.0139,1574
1.0167,1561
1.0194,1552
1.0222,1550
1.0250,1552
1.0278,1555
1.0306,1549
1.0333,1549
1.0361,1547
1.0389,1557
1.0417,1573
1.0444,1591
1.0472,1608
1.0500,1610
1.0528,1600
1.0556,1574
1.0583,1566
1.0611,1566
1.0639,1576
1.0667,1592
1.0694,1577
1.0722,1575
1.0750,1564
1.0778,1560
1.0806,1561
1.0833,1571
1.0861,1584
1.0889,1596
1.0917,1584
1.0944,1579
1.0972,1588
1.1000,1586
1.1028,1589
1.1056,1581
1.1083,1576
1.1111,1556
1.1139,1551
1.1167,1560
1.1194,1566
1.1222,1576
1.1250,1598
1.1278,1614
1.1306,1613
1.1333,1597
1.1361,1579
1.1389,1562
1.1417,1564
1.1444,1574
1.1472,1582
1.1500,1586
1.1528,1583
1.1556,1569
1.1583,1559
1.1611,1555
1.1639,1562
1.1667,1560
1.1694,1566
1.1722,1563
1.1750,1569
1.1778,1572
1.1806,1569
1.1833,1577
1.1861,1568
1.1889,1559
1.1917,1550
1.1944,1546
1.1972,1540
1.2000,1540
1.2028,1559
1.2056,1563
1.2083,1569
1.2111,1566
1.2139,1564
1.2167,1557
1.2194,1546
1.2222,1553
1.2250,1566
1.2278,1575
1.2306,1574
1.2333,1570
1.2361,1564
1.2389,1552
1.2417,1552
1.2444,1554
1.2472,1557
1.2500,1557
1.2528,1562
1.2556,1560
1.2583,1568
1.2611,1568
1.2639,1575
1.2667,1573
1.2694,1572
1.2722,1558
1.2750,1559
1.2778,1565
1.2806,1574
1.2833,1575
1.2861,1591
1.2889,1587
1.2917,1588
1.2944,1583
1.2972,1582
1.3000,1582
1.3028,1598
1.3056,1603
1.3083,1597
1.3111,1609
1.3139,1602
1.3167,1601
1.3194,1596
1.3222,1595
1.3250,1598
1.3278,1598
1.3306,1585
1.3333,1570
1.3361,1576
1.3389,1596
1.3417,1610
1.3444,1607
1.3472,1616
1.3500,1614
1.3528,1615
1.3556,1608
1.3583,1607
1.3611,1598
1.3639,1608
1.3667,1613
1.3694,1612
1.3722,1616
1.3750,1614
1.3778,1597
1.3806,1600
1.3833,1608
1.3861,1613
1.3889,1623
1.3917,1621
1.3944,1622
1.3972,1618
1.4000,1610
1.4028,1616
1.4056,1620
1.4083,1625
1.4111,1623
1.4139,1622
1.4167,1616
1.4194,1601
1.4222,1602
1.4250,1599
1.4278,1618
1.4306,1631
1.4333,1624
1.4361,1619
1.4389,1623
1.4417,1631
1.4444,1636
1.4472,1638
1.4500,1638
1.4528,1649
1.4556,1641
1.4583,1639
1.4611,1627
1.4639,1623
1.4667,1620
1.4694,1621
1.4722,1631
1.4750,1637
1.4778,1638
1.4806,1644
1.4833,1647
1.4861,1641
1.4889,1631
1.4917,1636
1.4944,1629
1.4972,1636
1.5000,1649
1.5028,1648
1.5056,1659
1.5083,1650
1.5111,1647
1.5139,1641
1.5167,1630
1.5194,1633
1.5222,1629
1.5250,1634
1.5278,1635
1.5306,1647
1.5333,1655
1.5361,1669
1.5389,1670
1.5417,1673
1.5444,1656
1.5472,1649
1.5500,1639
1.5528,1621
1.5556,1625
1.5583,1633
1.5611,1647
1.5639,1661
1.5667,1666
1.5694,1668
1.5722,1670
1.5750,1664
1.5778,1659
1.5806,1655
1.5833,1663
1.5861,1669
1.5889,1680
1.5917,1687
1.5944,1687
1.5972,1681
1.6000,1671
1.6028,1671
1.6056,1683
1.6083,1674
1.6111,1670
1.6139,1672
1.6167,1678
1.6194,1680
1.6222,1688
1.6250,1684
1.6278,1686
1.6306,1685
1.6333,1678
1.6361,1685
1.6389,1678
1.6417,1681
1.6444,1683
1.6472,1689
1.6500,1698
1.6528,1701
1.6556,1707
1.6583,1705
1.6611,1698
1.6639,1702
1.6667,1699
1.6694,1696
1.6722,1693
1.6750,1690
1.6778,1696
1.6806,1704
1.6833,1698
1.6861,1701
1.6889,1694
1.6917,1694
1.6944,1706
1.6972,1719
1.7000,1721
1.7028,1727
1.7056,1719
1.7083,1716
1.7111,1703
1.7139,1707
1.7167,1711
1.7194,1701
1.7222,1703
1.7250,1694
1.7278,1693
1.7306,1693
1.7333,1706
1.7361,1712
1.7389,1714
1.7417,1709
1.7444,1707
1.7472,1702
1.7500,1705
1.7528,1705
1.7556,1712
1.7583,1716
1.7611,1720
1.7639,1728
1.7667,1730
1.7694,1729
1.7722,1725
1.7750,1719
1.7778,1711
1.7806,1717
1.7833,1717
1.7861,1718
1.7889,1726
1.7917,1715
1.7944,1700
1.7972,1707
1.8000,1710
1.8028,1718
1.8056,1731
1.8083,1730
1.8111,1717
1.8139,1709
1.8167,1693
1.8194,1694
1.8222,1702
1.8250,1706
1.8278,1714
1.8306,1731
1.8333,1711
1.8361,1716
1.8389,1713
1.8417,1712
1.8444,1718
1.8472,1723
1.8500,1721
1.8528,1731
1.8556,1724
1.8583,1711
1.8611,1706
1.8639,1711
1.8667,1705
1.8694,1713
1.8722,1707
1.8750,1711
1.8778,1712
1.8806,1713
1.8833,1712
1.8861,1708
1.8889,1707
1.8917,1716
1.8944,1731
1.8972,1744
1.9000,1758
1.9028,1774
1.9056,1783
1.9083,1796
1.9111,1796
1.9139,1796
1.9167,1797
1.9194,1791
1.9222,1786
1.9250,1790
1.9278,1801
1.9306,1800
1.9333,1808
1.9361,1825
1.9389,1837
1.9417,1842
1.9444,1856
1.9472,1853
1.9500,1833
1.9528,1799
1.9556,1773
1.9583,1761
1.9611,1763
1.9639,1763
1.9667,1782
1.9694,1789
1.9722,1793
1.9750,1776
1.9778,1747
1.9806,1698
1.9833,1631
1.9861,1554
1.9889,1524
1.9917,1546
1.9944,1645
1.9972,1784
2.0000,1982
2.0028,2230
2.0056,2531
2.0083,2892
2.0111,3236
2.0139,3361
2.0167,3371
2.0194,3374
2.0222,3372
2.0250,3356
2.0278,3047
2.0306,2495
2.0333,1920
2.0361,1489
2.0389,1222
2.0417,1071
2.0444,999
2.0472,936
2.0500,906
2.0528,915
2.0556,945
2.0583,965
2.0611,1000
2.0639,1063
2.0667,1191
2.0694,1347
2.0722,1507
2.0750,1628
2.0778,1690
2.0806,1693
2.0833,1666
2.0861,1630
2.0889,1624
2.0917,1638
2.0944,1660
2.0972,1679
2.1000,1683
2.1028,1671
2.1056,1673
2.1083,1665
2.1111,1676
2.1139,1702
2.1167,1724
2.1194,1728
2.1222,1711
2.1250,1704
2.1278,1697
2.1306,1710
2.1333,1713
2.1361,1729
2.1389,1741
2.1417,1726
2.1444,1711
2.1472,1700
2.1500,1707
2.1528,1724
2.1556,1751
2.1583,1755
2.1611,1768
2.1639,1752
2.1667,1741
2.1694,1736
2.1722,1738
2.1750,1747
2.1778,1752
2.1806,1757
2.1833,1752
2.1861,1743
2.1889,1748
2.1917,1756
2.1944,1761
2.1972,1767
2.2000,1771
2.2028,1761
2.2056,1763
2.2083,1768
2.2111,1785
2.2139,1791
2.2167,1807
2.2194,1813
2.2222,1814
2.2250,1810
2.2278,1940
2.2306,1941
2.2333,1963
2.2361,1989
2.2389,1999
2.2417,1998
2.2444,1999
2.2472,1989
2.2500,1993
2.2528,2004
2.2556,2019
2.2583,2035
2.2611,2057
2.2639,2064
2.2667,2068
2.2694,2054
2.2722,2051
2.2750,2054
2.2778,2068
2.2806,2080
2.2833,2088
2.2861,2088
2.2889,2085
2.2917,2074
2.2944,2052
2.2972,2032
2.3000,2012
2.3028,1984
2.3056,1951
2.3083,1938
2.3111,1913
2.3139,1898
2.3167,1867
2.3194,1852
2.3222,1832
2.3250,1815
2.3278,1784
2.3306,1763
2.3333,1762
2.3361,1754
2.3389,1742
2.3417,1718
2.3444,1692
2.3472,1679
2.3500,1678
2.3528,1674
2.3556,1681
2.3583,1672
2.3611,1672
2.3639,1656
2.3667,1638
2.3694,1633
2.3722,1629
2.3750,1637
2.3778,1642
2.3806,1638
2.3833,1632
2.3861,1622
2.3889,1609
2.3917,1619
2.3944,1633
2.3972,1646
2.4000,1658
2.4028,1650
2.4056,1638
2.4083,1631
2.4111,1626
2.4139,1620
2.4167,1630
2.4194,1620
2.4222,1614
2.4250,1610
2.4278,1608
2.4306,1616
2.4333,1628
2.4361,1645
2.4389,1656
2.4417,1650
2.4444,1652
2.4472,1646
2.4500,1630
2.4528,1631
2.4556,1636
2.4583,1641
2.4611,1650
2.4639,1645
2.4667,1648
2.4694,1652
2.4722,1662
2.4750,1669
2.4778,1659
2.4806,1650
2.4833,1640
2.4861,1638
2.4889,1638
2.4917,1638
2.4944,1646
2.4972,1662
2.5000,1660
2.5028,1659
2.5056,1650
2.5083,1652
2.5111,1646
2.5139,1646
2.5167,1655
2.5194,1651
2.5222,1649
2.5250,1649
2.5278,1647
2.5306,1646
2.5333,1644
2.5361,1642
2.5389,1645
2.5417,1650
2.5444,1645
2.5472,1649
2.5500,1642
2.5528,1639
2.5556,1637
2.5583,1641
2.5611,1650
2.5639,1651
2.5667,1642
2.5694,1647
2.5722,1654
2.5750,1661
2.5778,1660
2.5806,1653
2.5833,1654
2.5861,1652
2.5889,1649
2.5917,1658
2.5944,1661
2.5972,1663
2.6000,1670
2.6028,1668
2.6056,1664
2.6083,1663
2.6111,1668
2.6139,1659
2.6167,1661
2.6194,1667
2.6222,1671
2.6250,1671
2.6278,1675
2.6306,1678
2.6333,1669
2.6361,1673
2.6389,1674
2.6417,1670
2.6444,1661
2.6472,1667
2.6500,1668
2.6528,1667
2.6556,1671
2.6583,1666
2.6611,1668
2.6639,1673
2.6667,1678
2.6694,1679
2.6722,1683
2.6750,1689
2.6778,1691
2.6806,1678
2.6833,1672
2.6861,1661
2.6889,1657
2.6917,1658
2.6944,1678
2.6972,1681
2.7000,1680
2.7028,1678
2.7056,1678
2.7083,1676
2.7111,1684
2.7139,1687
2.7167,1688
2.7194,1694
2.7222,1693
2.7250,1692
2.7278,1692
2.7306,1695
2.7333,1691
2.7361,1697
2.7389,1699
2.7417,1704
2.7444,1693
2.7472,1690
2.7500,1681
2.7528,1686
2.7556,1681
2.7583,1679
2.7611,1684
2.7639,1691
2.7667,1698
2.7694,1711
2.7722,1694
2.7750,1705
2.7778,1700
2.7806,1696
2.7833,1683
2.7861,1681
2.7889,1692
2.7917,1704
2.7944,1703
2.7972,1713
2.8000,1717
2.8028,1712
2.8056,1711
2.8083,1702
2.8111,1701
2.8139,1712
2.8167,1706
2.8194,1713
2.8222,1716
2.8250,1724
2.8278,1718
2.8306,1724
2.8333,1715
2.8361,1721
2.8389,1726
2.8417,1721
2.8444,1726
2.8472,1724
2.8500,1732
2.8528,1728
2.8556,1726
2.8583,1725
2.8611,1723
2.8639,1728
2.8667,1723
2.8694,1723
2.8722,1725
2.8750,1725
2.8778,1733
2.8806,1732
2.8833,1736
2.8861,1752
2.8889,1755
2.8917,1762
2.8944,1745
2.8972,1753
2.9000,1758
2.9028,1758
2.9056,1748
2.9083,1749
2.9111,1755
2.9139,1751
2.9167,1759
2.9194,1748
2.9222,1752
2.9250,1750
2.9278,1752
2.9306,1752
2.9333,1759
2.9361,1767
2.9389,1771
2.9417,1777
2.9444,1770
2.9472,1769
2.9500,1762
2.9528,1768
2.9556,1759
2.9583,1763
2.9611,1759
2.9639,1756
2.9667,1754
2.9694,1761
2.9722,1771
2.9750,1771
2.9778,1771
2.9806,1770
2.9833,1770
2.9861,1769
2.9889,1760
2.9917,1765
2.9944,1766
2.9972,1774
3.0000,1780
3.0028,1774
3.0056,1783
3.0083,1774
3.0111,1772
3.0139,1770
3.0167,1776
3.0194,1775
3.0222,1784
3.0250,1777
3.0278,1779
3.0306,1776
3.0333,1779
3.0361,1773
3.0389,1768
3.0417,1772
3.0444,1771
3.0472,1772
3.0500,1780
3.0528,1789
3.0556,1781
3.0583,1774
3.0611,1776
3.0639,1779
3.0667,1771
3.0694,1777
3.0722,1773
3.0750,1776
3.0778,1773
3.0806,1768
3.0833,1772
3.0861,1766
3.0889,1753
3.0917,1761
3.0944,1761
3.0972,1764
3.1000,1771
3.1028,1767
3.1056,1758
3.1083,1762
3.1111,1762
3.1139,1758
3.1167,1768
3.1194,1768
3.1222,1769
3.1250,1771
3.1278,1763
3.1306,1764
3.1333,1767
3.1361,1768
3.1389,1765
3.1417,1762
3.1444,1765
3.1472,1761
3.1500,1751
3.1528,1750
3.1556,1743
3.1583,1740
3.1611,1743
3.1639,1756
3.1667,1770
3.1694,1784
3.1722,1778
3.1750,1781
3.1778,1769
3.1806,1760
3.1833,1769
3.1861,1778
3.1889,1794
3.1917,1808
3.1944,1828
3.1972,1831
3.2000,1838
3.2028,1829
3.2056,1833
3.2083,1828
3.2111,1821
3.2139,1816
3.2167,1824
3.2194,1838
3.2222,1844
3.2250,1850
3.2278,1870
3.2306,1861
3.2333,1874
3.2361,1856
3.2389,1836
3.2417,1821
3.2444,1800
3.2472,1788
3.2500,1793
3.2528,1796
3.2556,1798
3.2583,1804
3.2611,1798
3.2639,1792
3.2667,1780
3.2694,1759
3.2722,1737
3.2750,1729
3.2778,1727
3.2806,1721
3.2833,1715
3.2861,1719
3.2889,1713
3.2917,1710
3.2944,1710
3.2972,1713
3.3000,1712
3.3028,1710
3.3056,1700
3.3083,1673
3.3111,1616
3.3139,1562
3.3167,1530
3.3194,1563
3.3222,1653
3.3250,1794
3.3278,1997
3.3306,2244
3.3333,2562
3.3361,2938
3.3389,3272
3.3417,3354
3.3444,3374
3.3472,3368
3.3500,3375
3.3528,3366
3.3556,3039
3.3583,2432
3.3611,1811
3.3639,1356
3.3667,1088
3.3694,959
3.3722,897
3.3750,880
3.3778,894
3.3806,934
3.3833,987
3.3861,1026
3.3889,1083
3.3917,1189
3.3944,1352
3.3972,1516
3.4000,1636
3.4028,1718
3.4056,1750
3.4083,1739
3.4111,1705
3.4139,1674
3.4167,1666
3.4194,1683
3.4222,1704
3.4250,1720
3.4278,1731
3.4306,1719
3.4333,1715
3.4361,1698
3.4389,1701
3.4417,1711
3.4444,1726
3.4472,1731
3.4500,1732
3.4528,1707
3.4556,1702
3.4583,1707
3.4611,1736
3.4639,1744
3.4667,1745
3.4694,1736
3.4722,1718
3.4750,1709
3.4778,1717
3.4806,1732
3.4833,1761
3.4861,1763
3.4889,1761
3.4917,1748
3.4944,1735
3.4972,1730
3.5000,1746
3.5028,1760
3.5056,1767
3.5083,1775
3.5111,1773
3.5139,1780
3.5167,1766
3.5194,1773
3.5222,1787
3.5250,1787
3.5278,1795
3.5306,1794
3.5333,1782
3.5361,1792
3.5389,1798
3.5417,1809
3.5444,1815
3.5472,1818
3.5500,1806
3.5528,1800
3.5556,1943
3.5583,1946
3.5611,1967
3.5639,1998
3.5667,2019
3.5694,2023
3.5722,2025
3.5750,2021
3.5778,2018
3.5806,2031
3.5833,2048
3.5861,2063
3.5889,2059
3.5917,2054
3.5944,2058
3.5972,2062
3.6000,2075
3.6028,2093
3.6056,2109
3.6083,2101
3.6111,2083
3.6139,2065
3.6167,2056
3.6194,2051
3.6222,2035
3.6250,2025
3.6278,2004
3.6306,1975
3.6333,1944
3.6361,1913
3.6389,1880
3.6417,1861
3.6444,1846
3.6472,1818
3.6500,1779
3.6528,1746
3.6556,1726
3.6583,1704
3.6611,1697
3.6639,1693
3.6667,1678
3.6694,1665
3.6722,1640
3.6750,1607
3.6778,1597
3.6806,1594
3.6833,1596
3.6861,1597
3.6889,1589
3.6917,1576
3.6944,1566
3.6972,1562
3.7000,1560
3.7028,1562
3.7056,1583
3.7083,1588
3.7111,1584
3.7139,1576
3.7167,1567
3.7194,1569
3.7222,1570
3.7250,1575
3.7278,1574
3.7306,1568
3.7333,1563
3.7361,1572
3.7389,1579
3.7417,1579
3.7444,1597
3.7472,1597
3.7500,1587
3.7528,1588
3.7556,1578
3.7583,1581
3.7611,1592
3.7639,1592
3.7667,1591
3.7694,1590
3.7722,1585
3.7750,1576
3.7778,1586
3.7806,1599
3.7833,1602
3.7861,1622
3.7889,1598
3.7917,1601
3.7944,1598
3.7972,1596
3.8000,1589
3.8028,1598
3.8056,1607
3.8083,1598
3.8111,1596
3.8139,1593
3.8167,1598
3.8194,1601
3.8222,1604
3.8250,1598
3.8278,1608
3.8306,1595
3.8333,1587
3.8361,1586
3.8389,1595
3.8417,1599
3.8444,1589
3.8472,1590
3.8500,1584
3.8528,1600
3.8556,1610
3.8583,1603
3.8611,1600
3.8639,1608
3.8667,1596
3.8694,1599
3.8722,1585
3.8750,1574
3.8778,1562
3.8806,1572
3.8833,1581
3.8861,1584
3.8889,1590
3.8917,1591
3.8944,1581
3.8972,1582
3.9000,1584
3.9028,1585
3.9056,1600
3.9083,1586
3.9111,1581
3.9139,1570
3.9167,1569
3.9194,1576
3.9222,1576
3.9250,1583
3.9278,1586
3.9306,1594
3.9333,1591
3.9361,1580
3.9389,1579
3.9417,1575
3.9444,1593
3.9472,1587
3.9500,1592
3.9528,1587
3.9556,1592
3.9583,1594
3.9611,1600
3.9639,1604
3.9667,1610
3.9694,1609
3.9722,1615
3.9750,1604
3.9778,1600
3.9806,1605
3.9833,1609
3.9861,1608
3.9889,1609
3.9917,1596
3.9944,1596
3.9972,1591
4.0000,1599
4.0028,1616
4.0056,1626
4.0083,1626
4.0111,1617
4.0139,1618
4.0167,1611
4.0194,1615
4.0222,1604
4.0250,1605
4.0278,1612
4.0306,1608
4.0333,1609
4.0361,1626
4.0389,1639
4.0417,1643
4.0444,1638
4.0472,1627
4.0500,1634
4.0528,1624
4.0556,1619
4.0583,1614
4.0611,1606
4.0639,1616
4.0667,1620
4.0694,1639
4.0722,1631
4.0750,1628
4.0778,1638
4.0806,1644
4.0833,1642
4.0861,1643
4.0889,1639
4.0917,1627
4.0944,1623
4.0972,1634
4.1000,1644
4.1028,1638
4.1056,1638
4.1083,1627
4.1111,1632
4.1139,1634
4.1167,1629
4.1194,1628
4.1222,1623
4.1250,1633
4.1278,1633
4.1306,1635
4.1333,1642
4.1361,1638
4.1389,1640
4.1417,1641
4.1444,1638
4.1472,1635
4.1500,1642
4.1528,1646
4.1556,1641
4.1583,1637
4.1611,1649
4.1639,1656
4.1667,1656
4.1694,1650
4.1722,1655
4.1750,1646
4.1778,1638
4.1806,1647
4.1833,1670
4.1861,1666
4.1889,1663
4.1917,1665
4.1944,1667
4.1972,1662
4.2000,1667
4.2028,1672
4.2056,1671
4.2083,1680
4.2111,1678
4.2139,1672
4.2167,1678
4.2194,1680
4.2222,1678
4.2250,1680
4.2278,1676
4.2306,1680
4.2333,1687
4.2361,1693
4.2389,1698
4.2417,1696
4.2444,1696
4.2472,1691
4.2500,1682
4.2528,1681
4.2556,1695
4.2583,1687
4.2611,1689
4.2639,1702
4.2667,1700
4.2694,1694
4.2722,1691
4.2750,1681
4.2778,1679
4.2806,1675
4.2833,1682
4.2861,1693
4.2889,1697
4.2917,1695
4.2944,1696
4.2972,1694
4.3000,1708
4.3028,1709
4.3056,1711
4.3083,1700
4.3111,1694
4.3139,1691
4.3167,1683
4.3194,1686
4.3222,1692
4.3250,1686
4.3278,1684
4.3306,1686
4.3333,1695
4.3361,1705
4.3389,1701
4.3417,1716
4.3444,1709
4.3472,1713
4.3500,1710
4.3528,1718
4.3556,1711
4.3583,1710
4.3611,1719
4.3639,1715
4.3667,1712
4.3694,1710
4.3722,1703
4.3750,1701
4.3778,1707
4.3806,1701
4.3833,1703
4.3861,1716
4.3889,1726
4.3917,1723
4.3944,1726
4.3972,1727
4.4000,1727
4.4028,1712
4.4056,1702
4.4083,1699
4.4111,1698
4.4139,1703
4.4167,1715
4.4194,1729
4.4222,1738
4.4250,1750
4.4278,1746
4.4306,1739
4.4333,1734
4.4361,1728
4.4389,1727
4.4417,1729
4.4444,1728
4.4472,1735
4.4500,1739
4.4528,1739
4.4556,1731
4.4583,1739
4.4611,1741
4.4639,1738
4.4667,1741
4.4694,1745
4.4722,1744
4.4750,1743
4.4778,1730
4.4806,1731
4.4833,1738
4.4861,1738
4.4889,1728
4.4917,1737
4.4944,1728
4.4972,1726
4.5000,1726
4.5028,1725
4.5056,1728
4.5083,1734
4.5111,1743
4.5139,1736
4.5167,1733
4.5194,1732
4.5222,1727
4.5250,1734
4.5278,1733
4.5306,1732
4.5333,1732
4.5361,1725
4.5389,1724
4.5417,1733
4.5444,1724
4.5472,1724
4.5500,1727
4.5528,1729
4.5556,1731
4.5583,1723
4.5611,1715
4.5639,1727
4.5667,1737
4.5694,1733
4.5722,1732
4.5750,1726
4.5778,1728
4.5806,1733
4.5833,1743
4.5861,1768
4.5889,1796
4.5917,1805
4.5944,1813
4.5972,1821
4.6000,1821
4.6028,1815
4.6056,1806
4.6083,1807
4.6111,1815
4.6139,1818
4.6167,1828
4.6194,1819
4.6222,1832
4.6250,1838
4.6278,1853
4.6306,1853
4.6333,1837
4.6361,1831
4.6389,1812
4.6417,1796
4.6444,1792
4.6472,1791
4.6500,1795
4.6528,1799
4.6556,1802
4.6583,1802
4.6611,1797
4.6639,1759
4.6667,1688
4.6694,1586
4.6722,1516
4.6750,1513
4.6778,1593
4.6806,1733
4.6833,1919
4.6861,2171
4.6889,2471
4.6917,2854
4.6944,3238
4.6972,3356
4.7000,3367
4.7028,3379
4.7056,3371
4.7083,3371
4.7111,3281
4.7139,2762
4.7167,2087
4.7194,1477
4.7222,1088
4.7250,885
4.7278,808
4.7306,783
4.7333,802
4.7361,865
4.7389,928
4.7417,984
4.7444,1056
4.7472,1175
4.7500,1340
4.7528,1491
4.7556,1597
4.7583,1676
4.7611,1699
4.7639,1692
4.7667,1659
4.7694,1631
4.7722,1618
4.7750,1626
4.7778,1660
4.7806,1695
4.7833,1703
4.7861,1703
4.7889,1686
4.7917,1667
4.7944,1672
4.7972,1689
4.8000,1718
4.8028,1736
4.8056,1730
4.8083,1704
4.8111,1682
4.8139,1683
4.8167,1693
4.8194,1720
4.8222,1745
4.8250,1737
4.8278,1724
4.8306,1709
4.8333,1698
4.8361,1717
4.8389,1734
4.8417,1745
4.8444,1746
4.8472,1723
4.8500,1712
4.8528,1705
4.8556,1713
4.8583,1737
4.8611,1768
4.8639,1777
4.8667,1767
4.8694,1742
4.8722,1743
4.8750,1742
4.8778,1761
4.8806,1769
4.8833,1783
4.8861,1787
4.8889,1770
4.8917,1760
4.8944,1769
4.8972,1792
4.9000,1810
4.9028,1816
4.9056,1818
4.9083,1800
4.9111,1792
4.9139,1935
4.9167,1947
4.9194,1972
4.9222,1979
4.9250,1985
4.9278,1982
4.9306,1983
4.9333,1979
4.9361,1989
4.9389,2015
4.9417,2034
4.9444,2052
4.9472,2055
4.9500,2044
4.9528,2046
4.9556,2061
4.9583,2065
4.9611,2068
4.9639,2061
4.9667,2047
4.9694,2023
4.9722,2001
4.9750,2003
4.9778,2013
4.9806,2027
4.9833,2022
4.9861,1994
4.9889,1959
4.9917,1924
4.9944,1882
4.9972,1860
5.0000,1836
5.0028,1813
5.0056,1779
5.0083,1764
5.0111,1736
5.0139,1707
5.0167,1705
5.0194,1694
5.0222,1671
5.0250,1656
5.0278,1631
5.0306,1604
5.0333,1587
5.0361,1595
5.0389,1592
5.0417,1602
5.0444,1594
5.0472,1588
5.0500,1571
5.0528,1560
5.0556,1559
5.0583,1565
5.0611,1577
5.0639,1583
5.0667,1562
5.0694,1559
5.0722,1558
5.0750,1572
5.0778,1571
5.0806,1577
5.0833,1576
5.0861,1578
5.0889,1571
5.0917,1577
5.0944,1570
5.0972,1584
5.1000,1596
5.1028,1591
5.1056,1592
5.1083,1587
5.1111,1576
5.1139,1577
5.1167,1591
5.1194,1608
5.1222,1620
5.1250,1618
5.1278,1607
5.1306,1597
5.1333,1600
5.1361,1598
5.1389,1589
5.1417,1590
5.1444,1590
5.1472,1594
5.1500,1591
5.1528,1591
5.1556,1588
5.1583,1599
5.1611,1599
5.1639,1600
5.1667,1597
5.1694,1591
5.1722,1586
5.1750,1583
5.1778,1597
5.1806,1600
5.1833,1606
5.1861,1606
5.1889,1610
5.1917,1600
5.1944,1597
5.1972,1599
5.2000,1600
5.2028,1597
5.2056,1595
5.2083,1585
5.2111,1576
5.2139,1580
5.2167,1583
5.2194,1588
5.2222,1600
5.2250,1593
5.2278,1591
5.2306,1580
5.2333,1569
5.2361,1564
5.2389,1571
5.2417,1572
5.2444,1571
5.2472,1568
5.2500,1572
5.2528,1572
5.2556,1579
5.2583,1584
5.2611,1592
5.2639,1583
5.2667,1585
5.2694,1570
5.2722,1560
5.2750,1560
5.2778,1562
5.2806,1573
5.2833,1584
5.2861,1585
5.2889,1580
5.2917,1582
5.2944,1586
5.2972,1584
5.3000,1583
5.3028,1579
5.3056,1569
5.3083,1563
5.3111,1574
5.3139,1584
5.3167,1598
5.3194,1589
5.3222,1587
5.3250,1579
5.3278,1586
5.3306,1585
5.3333,1597
5.3361,1613
5.3389,1615
5.3417,1619
5.3444,1611
5.3472,1607
5.3500,1599
5.3528,1591
5.3556,1584
5.3583,1597
5.3611,1602
5.3639,1611
5.3667,1594
5.3694,1589
5.3722,1596
5.3750,1600
5.3778,1600
5.3806,1612
5.3833,1615
5.3861,1621
5.3889,1612
5.3917,1599
5.3944,1597
5.3972,1597
5.4000,1609
5.4028,1613
5.4056,1609
5.4083,1599
5.4111,1603
5.4139,1611
5.4167,1613
5.4194,1635
5.4222,1636
5.4250,1641
5.4278,1644
5.4306,1640
5.4333,1627
5.4361,1630
5.4389,1625
5.4417,1637
5.4444,1628
5.4472,1628
5.4500,1634
5.4528,1637
5.4556,1643
5.4583,1646
5.4611,1635
5.4639,1636
5.4667,1631
5.4694,1625
5.4722,1632
5.4750,1626
5.4778,1635
5.4806,1638
5.4833,1640
5.4861,1636
5.4889,1638
5.4917,1640
5.4944,1636
5.4972,1646
5.5000,1647
5.5028,1648
5.5056,1650
5.5083,1645
5.5111,1648
5.5139,1653
5.5167,1652
5.5194,1656
5.5222,1656
5.5250,1657
5.5278,1652
5.5306,1657
5.5333,1660
5.5361,1657
5.5389,1648
5.5417,1647
5.5444,1644
5.5472,1646
5.5500,1642
5.5528,1638
5.5556,1643
5.5583,1646
5.5611,1658
5.5639,1667
5.5667,1657
5.5694,1654
5.5722,1653
5.5750,1642
5.5778,1639
5.5806,1634
5.5833,1646
5.5861,1639
5.5889,1653
5.5917,1655
5.5944,1653
5.5972,1659
5.6000,1663
5.6028,1669
5.6056,1671
5.6083,1673
5.6111,1672
5.6139,1670
5.6167,1658
5.6194,1658
5.6222,1653
5.6250,1656
5.6278,1672
5.6306,1679
5.6333,1673
5.6361,1672
5.6389,1673
5.6417,1670
5.6444,1676
5.6472,1676
5.6500,1688
5.6528,1689
5.6556,1692
5.6583,1688
5.6611,1677
5.6639,1674
5.6667,1667
5.6694,1677
5.6722,1671
5.6750,1690
5.6778,1695
5.6806,1692
5.6833,1693
5.6861,1694
5.6889,1681
5.6917,1673
5.6944,1672
5.6972,1677
5.7000,1685
5.7028,1684
5.7056,1681
5.7083,1678
5.7111,1673
5.7139,1675
5.7167,1682
5.7194,1682
5.7222,1700
5.7250,1688
5.7278,1691
5.7306,1692
5.7333,1684
5.7361,1681
5.7389,1671
5.7417,1655
5.7444,1661
5.7472,1666
5.7500,1687
5.7528,1690
5.7556,1694
5.7583,1703
5.7611,1706
5.7639,1705
5.7667,1697
5.7694,1686
5.7722,1685
5.7750,1685
5.7778,1688
5.7806,1696
5.7833,1688
5.7861,1695
5.7889,1695
5.7917,1694
5.7944,1693
5.7972,1694
5.8000,1696
5.8028,1694
5.8056,1698
5.8083,1696
5.8111,1694
5.8139,1694
5.8167,1685
5.8194,1668
5.8222,1681
5.8250,1681
5.8278,1681
5.8306,1678
5.8333,1680
5.8361,1686
5.8389,1694
5.8417,1704
5.8444,1708
5.8472,1703
5.8500,1693
5.8528,1692
5.8556,1685
5.8583,1686
5.8611,1677
5.8639,1682
5.8667,1683
5.8694,1678
5.8722,1685
5.8750,1687
5.8778,1692
5.8806,1706
5.8833,1707
5.8861,1700
5.8889,1692
5.8917,1674
5.8944,1663
5.8972,1673
5.9000,1676
5.9028,1675
5.9056,1674
5.9083,1691
5.9111,1703
5.9139,1708
5.9167,1717
5.9194,1730
5.9222,1737
5.9250,1750
5.9278,1766
5.9306,1766
5.9333,1774
5.9361,1766
5.9389,1760
5.9417,1741
5.9444,1732
5.9472,1739
5.9500,1765
5.9528,1773
5.9556,1793
5.9583,1805
5.9611,1811
5.9639,1807
5.9667,1811
5.9694,1789
5.9722,1766
5.9750,1742
5.9778,1746
5.9806,1741
5.9833,1743
5.9861,1746
5.9889,1748
5.9917,1758
5.9944,1749
5.9972,1742
6.0000,1711
6.0028,1662
6.0056,1602
6.0083,1518
6.0111,1472
6.0139,1484
6.0167,1564
6.0194,1712
6.0222,1909
6.0250,2166
6.0278,2486
6.0306,2842
6.0333,3214
6.0361,3351
6.0389,3363
6.0417,3376
6.0444,3370
6.0472,3354
6.0500,2998
6.0528,2398
6.0556,1797
6.0583,1357
6.0611,1092
6.0639,949
6.0667,875
6.0694,827
6.0722,820
6.0750,851
6.0778,895
6.0806,937
6.0833,973
6.0861,1062
6.0889,1200
6.0917,1375
6.0944,1515
6.0972,1607
6.1000,1645
6.1028,1645
6.1056,1613
6.1083,1594
6.1111,1583
6.1139,1593
6.1167,1618
6.1194,1630
6.1222,1626
6.1250,1619
6.1278,1605
6.1306,1618
6.1333,1629
6.1361,1647
6.1389,1655
6.1417,1662
6.1444,1657
6.1472,1653
6.1500,1652
6.1528,1656
6.1556,1658
6.1583,1668
6.1611,1672
6.1639,1661
6.1667,1661
6.1694,1663
6.1722,1677
6.1750,1693
6.1778,1711
6.1806,1709
6.1833,1691
6.1861,1681
6.1889,1675
6.1917,1685
6.1944,1695
6.1972,1701
6.2000,1706
6.2028,1705
6.2056,1700
6.2083,1706
6.2111,1714
6.2139,1723
6.2167,1739
6.2194,1748
6.2222,1741
6.2250,1739
6.2278,1726
6.2306,1723
6.2333,1733
6.2361,1732
6.2389,1734
6.2417,1730
6.2444,1743
6.2472,1732
6.2500,1896
6.2528,1896
6.2556,1888
6.2583,1922
6.2611,1948
6.2639,1973
6.2667,1989
6.2694,1989
6.2722,1973
6.2750,1982
6.2778,2001
6.2806,2024
6.2833,2036
6.2861,2018
6.2889,2001
6.2917,2009
6.2944,2021
6.2972,2041
6.3000,2042
6.3028,2044
6.3056,2031
6.3083,2021
6.3111,2008
6.3139,1998
6.3167,1989
6.3194,1973
6.3222,1947
6.3250,1925
6.3278,1890
6.3306,1867
6.3333,1859
6.3361,1847
6.3389,1832
6.3417,1797
6.3444,1772
6.3472,1743
6.3500,1716
6.3528,1695
6.3556,1673
6.3583,1662
6.3611,1646
6.3639,1639
6.3667,1614
6.3694,1594
6.3722,1577
6.3750,1582
6.3778,1588
6.3806,1595
6.3833,1591
6.3861,1567
6.3889,1530
6.3917,1530
6.3944,1551
6.3972,1572
6.4000,1587
6.4028,1584
6.4056,1568
6.4083,1549
6.4111,1554
6.4139,1562
6.4167,1572
6.4194,1592
6.4222,1589
6.4250,1586
6.4278,1572
6.4306,1570
6.4333,1580
6.4361,1591
6.4389,1584
6.4417,1580
6.4444,1570
6.4472,1560
6.4500,1560
6.4528,1564
6.4556,1565
6.4583,1581
6.4611,1587
6.4639,1594
6.4667,1596
6.4694,1583
6.4722,1584
6.4750,1568
6.4778,1575
6.4806,1588
6.4833,1580
6.4861,1584
6.4889,1581
6.4917,1592
6.4944,1606
6.4972,1636
6.5000,1644
6.5028,1634
6.5056,1619
6.5083,1591
6.5111,1574
6.5139,1574
6.5167,1582
6.5194,1605
6.5222,1603
6.5250,1605
6.5278,1597
6.5306,1602
6.5333,1610
6.5361,1599
6.5389,1600
6.5417,1602
6.5444,1604
6.5472,1602
6.5500,1592
6.5528,1577
6.5556,1567
6.5583,1574
6.5611,1589
6.5639,1596
6.5667,1596
6.5694,1602
6.5722,1590
6.5750,1581
6.5778,1578
6.5806,1583
6.5833,1583
6.5861,1592
6.5889,1604
6.5917,1609
6.5944,1596
6.5972,1590
6.6000,1589
6.6028,1592
6.6056,1594
6.6083,1595
6.6111,1582
6.6139,1581
6.6167,1584
6.6194,1604
6.6222,1623
6.6250,1630
6.6278,1620
6.6306,1610
6.6333,1603
6.6361,1591
6.6389,1613
6.6417,1611
6.6444,1621
6.6472,1613
6.6500,1604
6.6528,1595
6.6556,1598
6.6583,1594
6.6611,1599
6.6639,1604
6.6667,1597
6.6694,1611
6.6722,1606
6.6750,1602
6.6778,1614
6.6806,1625
6.6833,1621
6.6861,1622
6.6889,1616
6.6917,1591
6.6944,1595
6.6972,1608
6.7000,1614
6.7028,1613
6.7056,1597
6.7083,1584
6.7111,1581
6.7139,1606
6.7167,1625
6.7194,1640
6.7222,1636
6.7250,1628
6.7278,1616
6.7306,1609
6.7333,1619
6.7361,1621
6.7389,1605
6.7417,1592
6.7444,1579
6.7472,1600
6.7500,1607
6.7528,1623
6.7556,1633
6.7583,1632
6.7611,1638
6.7639,1645
6.7667,1631
6.7694,1616
6.7722,1617
6.7750,1615
6.7778,1623
6.7806,1638
6.7833,1648
6.7861,1660
6.7889,1647
6.7917,1647
6.7944,1648
6.7972,1641
6.8000,1643
6.8028,1633
6.8056,1638
6.8083,1654
6.8111,1659
6.8139,1671
6.8167,1678
6.8194,1658
6.8222,1663
6.8250,1656
6.8278,1662
6.8306,1659
6.8333,1658
6.8361,1644
6.8389,1648
6.8417,1650
6.8444,1658
6.8472,1666
6.8500,1679
6.8528,1669
6.8556,1663
6.8583,1662
6.8611,1671
6.8639,1668
6.8667,1660
6.8694,1667
6.8722,1676
6.8750,1690
6.8778,1680
6.8806,1662
6.8833,1661
6.8861,1663
6.8889,1670
6.8917,1673
6.8944,1665
6.8972,1667
6.9000,1667
6.9028,1662
6.9056,1657
6.9083,1671
6.9111,1676
6.9139,1685
6.9167,1685
6.9194,1684
6.9222,1672
6.9250,1679
6.9278,1680
6.9306,1679
6.9333,1668
6.9361,1673
6.9389,1660
6.9417,1671
6.9444,1683
6.9472,1701
6.9500,1713
6.9528,1715
6.9556,1715
6.9583,1700
6.9611,1684
6.9639,1675
6.9667,1670
6.9694,1684
6.9722,1688
6.9750,1700
6.9778,1709
6.9806,1717
6.9833,1719
6.9861,1719
6.9889,1708
6.9917,1689
6.9944,1689
6.9972,1698
7.0000,1713
7.0028,1726
7.0056,1721
7.0083,1707
7.0111,1696
7.0139,1697
7.0167,1710
7.0194,1715
7.0222,1727
7.0250,1731
7.0278,1723
7.0306,1718
7.0333,1704
7.0361,1710
7.0389,1711
7.0417,1713
7.0444,1724
7.0472,1729
7.0500,1718
7.0528,1707
7.0556,1690
7.0583,1692
7.0611,1691
7.0639,1694
7.0667,1700
7.0694,1703
7.0722,1715
7.0750,1725
7.0778,1726
7.0806,1724
7.0833,1719
7.0861,1722
7.0889,1732
7.0917,1745
7.0944,1730
7.0972,1726
7.1000,1729
7.1028,1729
7.1056,1725
7.1083,1728
7.1111,1736
7.1139,1731
7.1167,1746
7.1194,1751
7.1222,1754
7.1250,1751
7.1278,1748
7.1306,1745
7.1333,1740
7.1361,1730
7.1389,1722
7.1417,1714
7.1444,1718
7.1472,1723
7.1500,1735
7.1528,1748
7.1556,1749
7.1583,1749
7.1611,1737
7.1639,1745
7.1667,1744
7.1694,1754
7.1722,1762
7.1750,1757
7.1778,1754
7.1806,1755
7.1833,1758
7.1861,1756
7.1889,1771
7.1917,1758
7.1944,1755
7.1972,1755
7.2000,1752
7.2028,1748
7.2056,1739
7.2083,1747
7.2111,1750
7.2139,1742
7.2167,1747
7.2194,1754
7.2222,1751
7.2250,1756
7.2278,1766
7.2306,1782
7.2333,1796
7.2361,1811
7.2389,1821
7.2417,1839
7.2444,1843
7.2472,1837
7.2500,1818
7.2528,1805
7.2556,1800
7.2583,1815
7.2611,1834
7.2639,1849
7.2667,1849
7.2694,1850
7.2722,1849
7.2750,1854
7.2778,1849
7.2806,1833
7.2833,1819
7.2861,1805
7.2889,1804
7.2917,1809
7.2944,1811
7.2972,1807
7.3000,1817
7.3028,1808
7.3056,1819
7.3083,1812
7.3111,1804
7.3139,1782
7.3167,1761
7.3194,1747
7.3222,1722
7.3250,1697
7.3278,1685
7.3306,1650
7.3333,1606
7.3361,1561
7.3389,1538
7.3417,1580
7.3444,1678
7.3472,1833
7.3500,2037
7.3528,2286
7.3556,2595
7.3583,2954
7.3611,3268
7.3639,3349
7.3667,3369
7.3694,3368
7.3722,3373
7.3750,3338
7.3778,2981
7.3806,2403
7.3833,1866
7.3861,1469
7.3889,1242
7.3917,1109
7.3944,1045
7.3972,993
7.4000,968
7.4028,973
7.4056,984
7.4083,1000
7.4111,1042
7.4139,1118
7.4167,1262
7.4194,1432
7.4222,1572
7.4250,1665
7.4278,1702
7.4306,1698
7.4333,1681
7.4361,1679
7.4389,1682
7.4417,1693
7.4444,1712
7.4472,1705
7.4500,1712
7.4528,1697
7.4556,1688
7.4583,1689
7.4611,1701
7.4639,1719
7.4667,1739
7.4694,1734
7.4722,1729
7.4750,1722
7.4778,1730
7.4806,1746
7.4833,1769
7.4861,1775
7.4889,1772
7.4917,1746
7.4944,1731
7.4972,1721
7.5000,1753
7.5028,1764
7.5056,1784
7.5083,1786
7.5111,1776
7.5139,1769
7.5167,1758
7.5194,1755
7.5222,1770
7.5250,1782
7.5278,1802
7.5306,1802
7.5333,1790
7.5361,1776
7.5389,1778
7.5417,1776
7.5444,1790
7.5472,1796
7.5500,1807
7.5528,1818
7.5556,1809
7.5583,1784
7.5611,1777
7.5639,1787
7.5667,1814
7.5694,1835
7.5722,1840
7.5750,1847
7.5778,1985
7.5806,1989
7.5833,2009
7.5861,2016
7.5889,2023
7.5917,2021
7.5944,2020
7.5972,2024
7.6000,2036
7.6028,2065
7.6056,2087
7.6083,2094
7.6111,2088
7.6139,2084
7.6167,2079
7.6194,2081
7.6222,2088
7.6250,2095
7.6278,2109
7.6306,2103
7.6333,2096
7.6361,2090
7.6389,2063
7.6417,2044
7.6444,2050
7.6472,2046
7.6500,2017
7.6528,2003
7.6556,1984
7.6583,1945
7.6611,1931
7.6639,1918
7.6667,1891
7.6694,1865
7.6722,1844
7.6750,1824
7.6778,1795
7.6806,1769
7.6833,1761
7.6861,1745
7.6889,1731
7.6917,1708
7.6944,1699
7.6972,1671
7.7000,1677
7.7028,1677
7.7056,1689
7.7083,1693
7.7111,1685
7.7139,1662
7.7167,1648
7.7194,1645
7.7222,1658
7.7250,1660
7.7278,1660
7.7306,1660
7.7333,1648
7.7361,1662
7.7389,1664
7.7417,1667
7.7444,1666
7.7472,1663
7.7500,1666
7.7528,1660
7.7556,1666
7.7583,1660
7.7611,1665
7.7639,1675
7.7667,1679
7.7694,1673
7.7722,1681
7.7750,1681
7.7778,1671
7.7806,1679
7.7833,1686
7.7861,1687
7.7889,1682
7.7917,1694
7.7944,1688
7.7972,1672
7.8000,1676
7.8028,1688
7.8056,1692
7.8083,1684
7.8111,1694
7.8139,1681
7.8167,1677
7.8194,1680
7.8222,1678
7.8250,1694
7.8278,1700
7.8306,1705
7.8333,1700
7.8361,1699
7.8389,1693
7.8417,1679
7.8444,1677
7.8472,1676
7.8500,1683
7.8528,1683
7.8556,1687
7.8583,1678
7.8611,1687
7.8639,1687
7.8667,1686
7.8694,1692
7.8722,1690
7.8750,1696
7.8778,1692
7.8806,1688
7.8833,1692
7.8861,1683
7.8889,1683
7.8917,1675
7.8944,1681
7.8972,1677
7.9000,1688
7.9028,1689
7.9056,1684
7.9083,1690
7.9111,1683
7.9139,1673
7.9167,1665
7.9194,1670
7.9222,1675
7.9250,1679
7.9278,1673
7.9306,1680
7.9333,1676
7.9361,1672
7.9389,1671
7.9417,1664
7.9444,1665
7.9472,1672
7.9500,1683
7.9528,1685
7.9556,1698
7.9583,1685
7.9611,1677
7.9639,1664
7.9667,1659
7.9694,1649
7.9722,1647
7.9750,1654
7.9778,1666
7.9806,1679
7.9833,1683
7.9861,1684
7.9889,1690
7.9917,1688
7.9944,1678
7.9972,1664
8.0000,1667
8.0028,1668
8.0056,1667
8.0083,1676
8.0111,1683
8.0139,1688
8.0167,1686
8.0194,1681
8.0222,1675
8.0250,1677
8.0278,1679
8.0306,1682
8.0333,1671
8.0361,1684
8.0389,1693
8.0417,1693
8.0444,1688
8.0472,1697
8.0500,1685
8.0528,1691
8.0556,1697
8.0583,1697
8.0611,1694
8.0639,1681
8.0667,1686
8.0694,1686
8.0722,1685
8.0750,1691
8.0778,1684
8.0806,1686
8.0833,1685
8.0861,1688
8.0889,1687
8.0917,1690
8.0944,1694
8.0972,1697
8.1000,1685
8.1028,1683
8.1056,1687
8.1083,1694
8.1111,1696
8.1139,1698
8.1167,1694
8.1194,1683
8.1222,1682
8.1250,1693
8.1278,1697
8.1306,1697
8.1333,1699
8.1361,1704
8.1389,1702
8.1417,1713
8.1444,1715
8.1472,1704
8.1500,1705
8.1528,1694
8.1556,1698
8.1583,1703
8.1611,1703
8.1639,1705
8.1667,1705
8.1694,1702
8.1722,1695
8.1750,1694
8.1778,1700
8.1806,1699
8.1833,1705
8.1861,1707
8.1889,1707
8.1917,1705
8.1944,1712
8.1972,1706
8.2000,1708
8.2028,1708
8.2056,1708
8.2083,1715
8.2111,1705
8.2139,1705
8.2167,1710
8.2194,1711
8.2222,1720
8.2250,1723
8.2278,1726
8.2306,1722
8.2333,1708
8.2361,1702
8.2389,1710
8.2417,1707
8.2444,1715
8.2472,1728
8.2500,1733
8.2528,1728
8.2556,1737
8.2583,1728
8.2611,1726
8.2639,1723
8.2667,1726
8.2694,1732
8.2722,1729
8.2750,1730
8.2778,1721
8.2806,1718
8.2833,1725
8.2861,1723
8.2889,1729
8.2917,1721
8.2944,1716
8.2972,1715
8.3000,1715
8.3028,1709
8.3056,1715
8.3083,1726
8.3111,1735
8.3139,1737
8.3167,1734
8.3194,1718
8.3222,1720
8.3250,1733
8.3278,1742
8.3306,1735
8.3333,1736
8.3361,1734
8.3389,1732
8.3417,1723
8.3444,1722
8.3472,1735
8.3500,1740
8.3528,1743
8.3556,1745
8.3583,1744
8.3611,1748
8.3639,1752
8.3667,1746
8.3694,1744
8.3722,1743
8.3750,1746
8.3778,1737
8.3806,1744
8.3833,1752
8.3861,1755
8.3889,1761
8.3917,1776
8.3944,1777
8.3972,1771
8.4000,1759
8.4028,1763
8.4056,1756
8.4083,1746
8.4111,1744
8.4139,1749
8.4167,1756
8.4194,1762
8.4222,1766
8.4250,1761
8.4278,1753
8.4306,1754
8.4333,1747
8.4361,1742
8.4389,1747
8.4417,1764
8.4444,1760
8.4472,1770
8.4500,1768
8.4528,1765
8.4556,1760
8.4583,1754
8.4611,1753
8.4639,1746
8.4667,1735
8.4694,1743
8.4722,1736
8.4750,1747
8.4778,1755
8.4806,1761
8.4833,1752
8.4861,1747
8.4889,1737
8.4917,1733
8.4944,1720
8.4972,1728
8.5000,1720
8.5028,1733
8.5056,1738
8.5083,1742
8.5111,1746
8.5139,1746
8.5167,1743
8.5194,1748
8.5222,1744
8.5250,1740
8.5278,1741
8.5306,1741
8.5333,1733
8.5361,1734
8.5389,1736
8.5417,1732
8.5444,1734
8.5472,1726
8.5500,1724
8.5528,1722
8.5556,1722
8.5583,1727
8.5611,1723
8.5639,1719
8.5667,1710
8.5694,1718
8.5722,1721
8.5750,1729
8.5778,1735
8.5806,1732
8.5833,1725
8.5861,1722
8.5889,1726
8.5917,1733
8.5944,1732
8.5972,1736
8.6000,1739
8.6028,1754
8.6056,1766
8.6083,1785
8.6111,1808
8.6139,1814
8.6167,1829
8.6194,1820
8.6222,1816
8.6250,1809
8.6278,1803
8.6306,1804
8.6333,1809
8.6361,1815
8.6389,1801
8.6417,1801
8.6444,1820
8.6472,1823
8.6500,1839
8.6528,1849
8.6556,1836
8.6583,1812
8.6611,1799
8.6639,1775
8.6667,1738
8.6694,1682
8.6722,1609
8.6750,1565
8.6778,1588
8.6806,1677
8.6833,1813
8.6861,1997
8.6889,2234
8.6917,2530
8.6944,2896
8.6972,3270
8.7000,3359
8.7028,3375
8.7056,3377
8.7083,3376
8.7111,3374
8.7139,3228
8.7167,2653
8.7194,1962
8.7222,1369
8.7250,1000
8.7278,815
8.7306,743
8.7333,752
8.7361,795
8.7389,869
8.7417,941
8.7444,1003
8.7472,1086
8.7500,1212
8.7528,1364
8.7556,1505
8.7583,1604
8.7611,1665
8.7639,1680
8.7667,1671
8.7694,1625
8.7722,1599
8.7750,1595
8.7778,1608
8.7806,1642
8.7833,1676
8.7861,1678
8.7889,1668
8.7917,1647
8.7944,1638
8.7972,1649
8.8000,1667
8.8028,1685
8.8056,1686
8.8083,1684
8.8111,1682
8.8139,1665
8.8167,1671
8.8194,1686
8.8222,1708
8.8250,1725
8.8278,1719
8.8306,1687
8.8333,1662
8.8361,1664
8.8389,1682
8.8417,1703
8.8444,1707
8.8472,1703
8.8500,1691
8.8528,1686
8.8556,1681
8.8583,1684
8.8611,1695
8.8639,1713
8.8667,1701
8.8694,1687
8.8722,1673
8.8750,1668
8.8778,1701
8.8806,1745
8.8833,1784
8.8861,1795
8.8889,1785
8.8917,1757
8.8944,1734
8.8972,1730
8.9000,1734
8.9028,1759
8.9056,1777
8.9083,1771
8.9111,1760
8.9139,1754
8.9167,1921
8.9194,1927
8.9222,1953
8.9250,1975
8.9278,1997
8.9306,2002
8.9333,1992
8.9361,1982
8.9389,1992
8.9417,2011
8.9444,2045
8.9472,2047
8.9500,2054
8.9528,2050
8.9556,2039
8.9583,2035
8.9611,2057
8.9639,2084
8.9667,2082
8.9694,2066
8.9722,2048
8.9750,2020
8.9778,2009
8.9806,2016
8.9833,2000
8.9861,1977
8.9889,1950
8.9917,1914
8.9944,1888
8.9972,1864
9.0000,1842
9.0028,1826
9.0056,1805
9.0083,1765
9.0111,1729
9.0139,1703
9.0167,1677
9.0194,1657
9.0222,1647
9.0250,1629
9.0278,1626
9.0306,1613
9.0333,1600
9.0361,1583
9.0389,1580
9.0417,1584
9.0444,1579
9.0472,1579
9.0500,1562
9.0528,1557
9.0556,1549
9.0583,1550
9.0611,1561
9.0639,1568
9.0667,1574
9.0694,1571
9.0722,1549
9.0750,1541
9.0778,1542
9.0806,1562
9.0833,1567
9.0861,1565
9.0889,1558
9.0917,1544
9.0944,1545
9.0972,1559
9.1000,1572
9.1028,1584
9.1056,1599
9.1083,1597
9.1111,1611
9.1139,1594
9.1167,1596
9.1194,1613
9.1222,1624
9.1250,1622
9.1278,1612
9.1306,1600
9.1333,1591
9.1361,1586
9.1389,1602
9.1417,1605
9.1444,1606
9.1472,1603
9.1500,1584
9.1528,1571
9.1556,1568
9.1583,1572
9.1611,1594
9.1639,1599
9.1667,1600
9.1694,1587
9.1722,1576
9.1750,1555
9.1778,1532
9.1806,1523
9.1833,1532
9.1861,1566
9.1889,1579
9.1917,1577
9.1944,1557
9.1972,1553
9.2000,1551
9.2028,1556
9.2056,1573
9.2083,1584
9.2111,1586
9.2139,1587
9.2167,1587
9.2194,1588
9.2222,1589
9.2250,1602
9.2278,1606
9.2306,1595
9.2333,1587
9.2361,1581
9.2389,1578
9.2417,1581
9.2444,1592
9.2472,1587
9.2500,1588
9.2528,1589
9.2556,1596
9.2583,1589
9.2611,1592
9.2639,1601
9.2667,1594
9.2694,1583
9.2722,1572
9.2750,1573
9.2778,1572
9.2806,1573
9.2833,1579
9.2861,1582
9.2889,1578
9.2917,1579
9.2944,1581
9.2972,1588
9.3000,1602
9.3028,1591
9.3056,1585
9.3083,1579
9.3111,1570
9.3139,1577
9.3167,1586
9.3194,1600
9.3222,1608
9.3250,1609
9.3278,1602
9.3306,1600
9.3333,1596
9.3361,1593
9.3389,1600
9.3417,1594
9.3444,1599
9.3472,1591
9.3500,1584
9.3528,1595
9.3556,1606
9.3583,1607
9.3611,1615
9.3639,1619
9.3667,1615
9.3694,1616
9.3722,1607
9.3750,1610
9.3778,1615
9.3806,1612
9.3833,1640
9.3861,1642
9.3889,1631
9.3917,1624
9.3944,1620
9.3972,1616
9.4000,1620
9.4028,1631
9.4056,1636
9.4083,1641
9.4111,1630
9.4139,1626
9.4167,1628
9.4194,1620
9.4222,1636
9.4250,1635
9.4278,1631
9.4306,1635
9.4333,1628
9.4361,1621
9.4389,1627
9.4417,1637
9.4444,1640
9.4472,1629
9.4500,1625
9.4528,1619
9.4556,1617
9.4583,1626
9.4611,1639
9.4639,1648
9.4667,1644
9.4694,1642
9.4722,1640
9.4750,1645
9.4778,1639
9.4806,1633
9.4833,1634
9.4861,1631
9.4889,1643
9.4917,1633
9.4944,1636
9.4972,1634
9.5000,1634
9.5028,1640
9.5056,1636
9.5083,1637
9.5111,1641
9.5139,1649
9.5167,1641
9.5194,1647
9.5222,1631
9.5250,1633
9.5278,1646
9.5306,1660
9.5333,1659
9.5361,1673
9.5389,1659
9.5417,1652
9.5444,1650
9.5472,1658
9.5500,1647
9.5528,1647
9.5556,1643
9.5583,1645
9.5611,1662
9.5639,1665
9.5667,1664
9.5694,1658
9.5722,1655
9.5750,1663
9.5778,1669
9.5806,1681
9.5833,1681
9.5861,1689
9.5889,1684
9.5917,1679
9.5944,1673
9.5972,1661
9.6000,1671
9.6028,1680
9.6056,1678
9.6083,1679
9.6111,1680
9.6139,1685
9.6167,1696
9.6194,1687
9.6222,1698
9.6250,1689
9.6278,1693
9.6306,1683
9.6333,1681
9.6361,1681
9.6389,1677
9.6417,1679
9.6444,1692
9.6472,1686
9.6500,1695
9.6528,1700
9.6556,1703
9.6583,1697
9.6611,1689
9.6639,1683
9.6667,1682
9.6694,1679
9.6722,1692
9.6750,1687
9.6778,1694
9.6806,1694
9.6833,1700
9.6861,1714
9.6889,1717
9.6917,1720
9.6944,1729
9.6972,1718
9.7000,1710
9.7028,1706
9.7056,1711
9.7083,1704
9.7111,1707
9.7139,1707
9.7167,1710
9.7194,1709
9.7222,1704
9.7250,1699
9.7278,1698
9.7306,1716
9.7333,1724
9.7361,1738
9.7389,1730
9.7417,1718
9.7444,1713
9.7472,1707
9.7500,1712
9.7528,1715
9.7556,1725
9.7583,1720
9.7611,1736
9.7639,1732
9.7667,1724
9.7694,1720
9.7722,1710
9.7750,1709
9.7778,1715
9.7806,1709
9.7833,1713
9.7861,1721
9.7889,1733
9.7917,1728
9.7944,1723
9.7972,1723
9.8000,1727
9.8028,1730
9.8056,1737
9.8083,1730
9.8111,1725
9.8139,1740
9.8167,1737
9.8194,1739
9.8222,1748
9.8250,1744
9.8278,1743
9.8306,1745
9.8333,1735
9.8361,1730
9.8389,1731
9.8417,1734
9.8444,1745
9.8472,1743
9.8500,1741
9.8528,1743
9.8556,1731
9.8583,1741
9.8611,1733
9.8639,1728
9.8667,1726
9.8694,1727
9.8722,1731
9.8750,1735
9.8778,1743
9.8806,1724
9.8833,1729
9.8861,1723
9.8889,1730
9.8917,1736
9.8944,1730
9.8972,1739
9.9000,1731
9.9028,1730
9.9056,1732
9.9083,1746
9.9111,1743
9.9139,1744
9.9167,1739
9.9194,1734
9.9222,1726
9.9250,1719
9.9278,1726
9.9306,1731
9.9333,1726
9.9361,1730
9.9389,1728
9.9417,1738
9.9444,1744
9.9472,1737
9.9500,1743
9.9528,1743
9.9556,1734
9.9583,1729
9.9611,1726
9.9639,1719
9.9667,1727
9.9694,1742
9.9722,1752
9.9750,1749
9.9778,1751
9.9806,1746
9.9833,1747
9.9861,1749
9.9889,1744
9.9917,1751
9.9944,1753
9.9972,1755
10.0000,1778
10.0028,1791
10.0056,1816
10.0083,1829
10.0111,1828
10.0139,1812
10.0167,1799
10.0194,1758
10.0222,1699
10.0250,1649
10.0278,1629
10.0306,1676
10.0333,1791
10.0361,1960
10.0389,2200
10.0417,2480
10.0444,2822
10.0472,3195
10.0500,3354
10.0528,3363
10.0556,3374
10.0583,3380
10.0611,3377
10.0639,3362
10.0667,3233
10.0694,2672
10.0722,1960
10.0750,1381
10.0778,1009
10.0806,836
10.0833,751
10.0861,737
10.0889,774
10.0917,836
10.0944,922
10.0972,1020
10.1000,1152
10.1028,1311
10.1056,1464
10.1083,1582
10.1111,1661
10.1139,1699
10.1167,1710
10.1194,1667
10.1222,1634
10.1250,1599
10.1278,1581
10.1306,1609
10.1333,1649
10.1361,1674
10.1389,1683
10.1417,1672
10.1444,1656
10.1472,1650
10.1500,1662
10.1528,1686
10.1556,1694
10.1583,1698
10.1611,1684
10.1639,1663
10.1667,1662
10.1694,1668
10.1722,1700
10.1750,1720
10.1778,1722
10.1806,1707
10.1833,1687
10.1861,1677
10.1889,1678
10.1917,1704
10.1944,1728
10.1972,1730
10.2000,1720
10.2028,1694
10.2056,1677
10.2083,1680
10.2111,1694
10.2139,1721
10.2167,1747
10.2194,1739
10.2222,1717
10.2250,1701
10.2278,1694
10.2306,1710
10.2333,1735
10.2361,1756
10.2389,1755
10.2417,1743
10.2444,1730
10.2472,1727
10.2500,1726
10.2528,1740
10.2556,1761
10.2583,1776
10.2611,1787
10.2639,1781
10.2667,1795
10.2694,1929
10.2722,1949
10.2750,1975
10.2778,1994
10.2806,2005
10.2833,1992
10.2861,1978
10.2889,1976
10.2917,1985
10.2944,2001
10.2972,2024
10.3000,2027
10.3028,2032
10.3056,2027
10.3083,2030
10.3111,2032
10.3139,2047
10.3167,2061
10.3194,2062
10.3222,2045
10.3250,2016
10.3278,2010
10.3306,2002
10.3333,2000
10.3361,1982
10.3389,1971
10.3417,1929
10.3444,1890
10.3472,1855
10.3500,1827
10.3528,1817
10.3556,1803
10.3583,1783
10.3611,1758
10.3639,1724
10.3667,1687
10.3694,1664
10.3722,1651
10.3750,1636
10.3778,1629
10.3806,1601
10.3833,1560
10.3861,1533
10.3889,1523
10.3917,1535
10.3944,1559
10.3972,1577
10.4000,1576
10.4028,1559
10.4056,1543
10.4083,1536
10.4111,1540
10.4139,1548
10.4167,1547
10.4194,1543
10.4222,1540
10.4250,1531
10.4278,1532
10.4306,1528
10.4333,1543
10.4361,1549
10.4389,1556
10.4417,1557
10.4444,1552
10.4472,1557
10.4500,1557
10.4528,1564
10.4556,1564
10.4583,1562
10.4611,1552
10.4639,1549
10.4667,1546
10.4694,1543
10.4722,1554
10.4750,1558
10.4778,1565
10.4806,1570
10.4833,1566
10.4861,1574
10.4889,1573
10.4917,1576
10.4944,1566
10.4972,1570
10.5000,1564
10.5028,1552
10.5056,1542
10.5083,1537
10.5111,1547
10.5139,1559
10.5167,1565
10.5194,1568
10.5222,1560
10.5250,1551
10.5278,1559
10.5306,1554
10.5333,1569
10.5361,1564
10.5389,1566
10.5417,1550
10.5444,1545
10.5472,1537
10.5500,1537
10.5528,1551
10.5556,1566
10.5583,1563
10.5611,1558
10.5639,1546
10.5667,1533
10.5694,1531
10.5722,1531
10.5750,1529
10.5778,1535
10.5806,1539
10.5833,1529
10.5861,1531
10.5889,1518
10.5917,1518
10.5944,1515
10.5972,1527
10.6000,1538
10.6028,1537
10.6056,1546
10.6083,1544
10.6111,1550
10.6139,1553
10.6167,1551
10.6194,1523
10.6222,1515
10.6250,1499
10.6278,1496
10.6306,1515
10.6333,1535
10.6361,1548
10.6389,1545
10.6417,1529
10.6444,1517
10.6472,1508
10.6500,1514
10.6528,1522
10.6556,1537
10.6583,1547
10.6611,1550
10.6639,1544
10.6667,1531
10.6694,1536
10.6722,1535
10.6750,1529
10.6778,1543
10.6806,1552
10.6833,1568
10.6861,1572
10.6889,1562
10.6917,1550
10.6944,1556
10.6972,1552
10.7000,1545
10.7028,1550
10.7056,1564
10.7083,1562
10.7111,1563
10.7139,1561
10.7167,1562
10.7194,1559
10.7222,1553
10.7250,1543
10.7278,1554
10.7306,1565
10.7333,1582
10.7361,1591
10.7389,1586
10.7417,1582
10.7444,1573
10.7472,1566
10.7500,1567
10.7528,1586
10.7556,1593
10.7583,1595
10.7611,1592
10.7639,1585
10.7667,1586
10.7694,1595
10.7722,1597
10.7750,1592
10.7778,1597
10.7806,1595
10.7833,1597
10.7861,1591
10.7889,1601
10.7917,1598
10.7944,1601
10.7972,1593
10.8000,1589
10.8028,1589
10.8056,1593
10.8083,1596
10.8111,1602
10.8139,1604
10.8167,1602
10.8194,1621
10.8222,1620
10.8250,1631
10.8278,1629
10.8306,1614
10.8333,1614
10.8361,1616
10.8389,1625
10.8417,1628
10.8444,1611
10.8472,1598
10.8500,1586
10.8528,1580
10.8556,1586
10.8583,1591
10.8611,1592
10.8639,1611
10.8667,1621
10.8694,1622
10.8722,1628
10.8750,1624
10.8778,1624
10.8806,1621
10.8833,1611
10.8861,1609
10.8889,1616
10.8917,1619
10.8944,1617
10.8972,1610
10.9000,1617
10.9028,1623
10.9056,1636
10.9083,1644
10.9111,1644
10.9139,1640
10.9167,1634
10.9194,1634
10.9222,1617
10.9250,1622
10.9278,1617
10.9306,1625
10.9333,1621
10.9361,1631
10.9389,1629
10.9417,1640
10.9444,1631
10.9472,1638
10.9500,1637
10.9528,1639
10.9556,1653
10.9583,1640
10.9611,1635
10.9639,1641
10.9667,1641
10.9694,1639
10.9722,1651
10.9750,1659
10.9778,1670
10.9806,1677
10.9833,1675
10.9861,1666
10.9889,1673
10.9917,1662
10.9944,1666
10.9972,1670
11.0000,1671
11.0028,1672
11.0056,1657
11.0083,1668
11.0111,1668
11.0139,1673
11.0167,1671
11.0194,1673
11.0222,1657
11.0250,1648
11.0278,1650
11.0306,1668
11.0333,1674
11.0361,1679
11.0389,1686
11.0417,1684
11.0444,1667
11.0472,1655
11.0500,1653
11.0528,1668
11.0556,1691
11.0583,1702
11.0611,1695
11.0639,1699
11.0667,1700
11.0694,1693
11.0722,1687
11.0750,1691
11.0778,1691
11.0806,1686
11.0833,1684
11.0861,1692
11.0889,1684
11.0917,1679
11.0944,1671
11.0972,1676
11.1000,1685
11.1028,1683
11.1056,1695
11.1083,1694
11.1111,1701
11.1139,1711
11.1167,1719
11.1194,1710
11.1222,1696
11.1250,1685
11.1278,1664
11.1306,1668
11.1333,1662
11.1361,1662
11.1389,1654
11.1417,1674
11.1444,1678
11.1472,1682
11.1500,1677
11.1528,1675
11.1556,1670
11.1583,1677
11.1611,1686
11.1639,1691
11.1667,1697
11.1694,1695
11.1722,1709
11.1750,1710
11.1778,1723
11.1806,1709
11.1833,1698
11.1861,1692
11.1889,1674
11.1917,1676
11.1944,1681
11.1972,1691
11.2000,1690
11.2028,1696
11.2056,1694
11.2083,1685
11.2111,1686
11.2139,1679
11.2167,1687
11.2194,1691
11.2222,1702
11.2250,1700
11.2278,1697
11.2306,1703
11.2333,1703
11.2361,1700
11.2389,1704
11.2417,1689
11.2444,1690
11.2472,1691
11.2500,1702
11.2528,1696
11.2556,1696
11.2583,1689
11.2611,1693
11.2639,1689
11.2667,1693
11.2694,1698
11.2722,1705
11.2750,1707
11.2778,1726
11.2806,1728
11.2833,1746
11.2861,1756
11.2889,1760
11.2917,1782
11.2944,1773
11.2972,1775
11.3000,1771
11.3028,1773
11.3056,1779
11.3083,1772
11.3111,1769
11.3139,1771
11.3167,1780
11.3194,1781
11.3222,1796
11.3250,1806
11.3278,1817
11.3306,1821
11.3333,1809
11.3361,1788
11.3389,1762
11.3417,1742
11.3444,1727
11.3472,1687
11.3500,1639
11.3528,1608
11.3556,1617
11.3583,1669
11.3611,1769
11.3639,1913
11.3667,2140
11.3694,2438
11.3722,2803
11.3750,3169
11.3778,3356
11.3806,3361
11.3833,3366
11.3861,3369
11.3889,3374
11.3917,3247
11.3944,2725
11.3972,2114
11.4000,1606
11.4028,1273
11.4056,1086
11.4083,982
11.4111,915
11.4139,874
11.4167,870
11.4194,907
11.4222,930
11.4250,967
11.4278,1033
11.4306,1155
11.4333,1314
11.4361,1479
11.4389,1592
11.4417,1664
11.4444,1674
11.4472,1651
11.4500,1626
11.4528,1598
11.4556,1609
11.4583,1633
11.4611,1653
11.4639,1674
11.4667,1667
11.4694,1656
11.4722,1640
11.4750,1649
11.4778,1665
11.4806,1681
11.4833,1694
11.4861,1692
11.4889,1673
11.4917,1660
11.4944,1652
11.4972,1664
11.5000,1674
11.5028,1688
11.5056,1699
11.5083,1703
11.5111,1695
11.5139,1697
11.5167,1699
11.5194,1711
11.5222,1727
11.5250,1728
11.5278,1726
11.5306,1715
11.5333,1716
11.5361,1716
11.5389,1728
11.5417,1748
11.5444,1762
11.5472,1757
11.5500,1728
11.5528,1718
11.5556,1714
11.5583,1737
11.5611,1758
11.5639,1769
11.5667,1762
11.5694,1749
11.5722,1739
11.5750,1745
11.5778,1762
11.5806,1784
11.5833,1778
11.5861,1774
11.5889,1779
11.5917,1782
11.5944,1926
11.5972,1935
11.6000,1960
11.6028,1973
11.6056,1974
11.6083,1971
11.6111,1974
11.6139,1976
11.6167,1994
11.6194,2007
11.6222,2022
11.6250,2030
11.6278,2020
11.6306,2010
11.6333,2021
11.6361,2034
11.6389,2044
11.6417,2038
11.6444,2040
11.6472,2027
11.6500,2025
11.6528,2015
11.6556,2010
11.6583,2008
11.6611,2006
11.6639,1993
11.6667,1978
11.6694,1943
11.6722,1891
11.6750,1851
11.6778,1851
11.6806,1848
11.6833,1840
11.6861,1812
11.6889,1765
11.6917,1727
11.6944,1711
11.6972,1708
11.7000,1705
11.7028,1693
11.7056,1672
11.7083,1639
11.7111,1627
11.7139,1642
11.7167,1644
11.7194,1645
11.7222,1642
11.7250,1629
11.7278,1608
11.7306,1591
11.7333,1579
11.7361,1587
11.7389,1596
11.7417,1609
11.7444,1620
11.7472,1610
11.7500,1603
11.7528,1599
11.7556,1592
11.7583,1591
11.7611,1599
11.7639,1598
11.7667,1612
11.7694,1621
11.7722,1615
11.7750,1627
11.7778,1621
11.7806,1619
11.7833,1615
11.7861,1602
11.7889,1605
11.7917,1590
11.7944,1584
11.7972,1594
11.8000,1614
11.8028,1631
11.8056,1645
11.8083,1643
11.8111,1646
11.8139,1640
11.8167,1637
11.8194,1632
11.8222,1619
11.8250,1625
11.8278,1629
11.8306,1633
11.8333,1634
11.8361,1618
11.8389,1609
11.8417,1613
11.8444,1623
11.8472,1628
11.8500,1645
11.8528,1643
11.8556,1635
11.8583,1621
11.8611,1611
11.8639,1602
11.8667,1607
11.8694,1617
11.8722,1618
11.8750,1634
11.8778,1637
11.8806,1635
11.8833,1638
11.8861,1631
11.8889,1633
11.8917,1630
11.8944,1620
11.8972,1628
11.9000,1638
11.9028,1645
11.9056,1644
11.9083,1649
11.9111,1636
11.9139,1631
11.9167,1632
11.9194,1628
11.9222,1638
11.9250,1643
11.9278,1645
11.9306,1653
11.9333,1650
11.9361,1641
11.9389,1635
11.9417,1617
11.9444,1613
11.9472,1613
11.9500,1624
11.9528,1629
11.9556,1643
11.9583,1646
11.9611,1652
11.9639,1650
11.9667,1642
11.9694,1639
11.9722,1633
11.9750,1620
11.9778,1626
11.9806,1628
11.9833,1632
11.9861,1632
11.9889,1648
11.9917,1656
11.9944,1659
11.9972,1654
12.0000,1652
12.0028,1644
12.0056,1648
12.0083,1649
12.0111,1640
12.0139,1640
12.0167,1652
12.0194,1654
12.0222,1644
12.0250,1647
12.0278,1634
12.0306,1619
12.0333,1623
12.0361,1635
12.0389,1641
12.0417,1646
12.0444,1652
12.0472,1650
12.0500,1653
12.0528,1650
12.0556,1642
12.0583,1641
12.0611,1643
12.0639,1655
12.0667,1660
12.0694,1662
12.0722,1667
12.0750,1662
12.0778,1667
12.0806,1673
12.0833,1681
12.0861,1671
12.0889,1668
12.0917,1664
12.0944,1660
12.0972,1664
12.1000,1668
12.1028,1674
12.1056,1674
12.1083,1689
12.1111,1690
12.1139,1694
12.1167,1704
12.1194,1694
12.1222,1700
12.1250,1699
12.1278,1697
12.1306,1691
12.1333,1691
12.1361,1692
12.1389,1700
12.1417,1703
12.1444,1699
12.1472,1698
12.1500,1695
12.1528,1694
12.1556,1695
12.1583,1694
12.1611,1702
12.1639,1701
12.1667,1702
12.1694,1706
12.1722,1700
12.1750,1709
12.1778,1722
12.1806,1728
12.1833,1731
12.1861,1731
12.1889,1718
12.1917,1709
12.1944,1710
12.1972,1713
12.2000,1714
12.2028,1722
12.2056,1721
12.2083,1716
12.2111,1721
12.2139,1731
12.2167,1737
12.2194,1734
12.2222,1742
12.2250,1748
12.2278,1749
12.2306,1747
12.2333,1751
12.2361,1750
12.2389,1746
12.2417,1740
12.2444,1736
12.2472,1729
12.2500,1734
12.2528,1736
12.2556,1742
12.2583,1752
12.2611,1750
12.2639,1750
12.2667,1756
12.2694,1739
12.2722,1735
12.2750,1733
12.2778,1743
12.2806,1748
12.2833,1758
12.2861,1755
12.2889,1757
12.2917,1755
12.2944,1754
12.2972,1751
12.3000,1754
12.3028,1755
12.3056,1761
12.3083,1768
12.3111,1769
12.3139,1760
12.3167,1768
12.3194,1760
12.3222,1767
12.3250,1767
12.3278,1768
12.3306,1763
12.3333,1769
12.3361,1764
12.3389,1766
12.3417,1761
12.3444,1757
12.3472,1768
12.3500,1778
12.3528,1774
12.3556,1768
12.3583,1780
12.3611,1771
12.3639,1767
12.3667,1774
12.3694,1786
12.3722,1782
12.3750,1774
12.3778,1774
12.3806,1776
12.3833,1776
12.3861,1781
12.3889,1784
12.3917,1786
12.3944,1780
12.3972,1783
12.4000,1784
12.4028,1788
12.4056,1777
12.4083,1781
12.4111,1783
12.4139,1781
12.4167,1797
12.4194,1786
12.4222,1789
12.4250,1794
12.4278,1792
12.4306,1784
12.4333,1776
12.4361,1771
12.4389,1771
12.4417,1764
12.4444,1781
12.4472,1787
12.4500,1791
12.4528,1793
12.4556,1781
12.4583,1781
12.4611,1780
12.4639,1786
12.4667,1788
12.4694,1796
12.4722,1795
12.4750,1798
12.4778,1799
12.4806,1785
12.4833,1786
12.4861,1784
12.4889,1790
12.4917,1794
12.4944,1794
12.4972,1798
12.5000,1798
12.5028,1789
12.5056,1802
12.5083,1819
12.5111,1844
12.5139,1858
12.5167,1881
12.5194,1890
12.5222,1898
12.5250,1883
12.5278,1866
12.5306,1858
12.5333,1855
12.5361,1866
12.5389,1886
12.5417,1897
12.5444,1906
12.5472,1905
12.5500,1900
12.5528,1897
12.5556,1896
12.5583,1883
12.5611,1858
12.5639,1843
12.5667,1822
12.5694,1819
12.5722,1809
12.5750,1811
12.5778,1822
12.5806,1822
12.5833,1833
12.5861,1834
12.5889,1825
12.5917,1797
12.5944,1775
12.5972,1753
12.6000,1743
12.6028,1733
12.6056,1737
12.6083,1749
12.6111,1756
12.6139,1752
12.6167,1754
12.6194,1751
12.6222,1733
12.6250,1718
12.6278,1703
12.6306,1682
12.6333,1621
12.6361,1566
12.6389,1558
12.6417,1607
12.6444,1708
12.6472,1857
12.6500,2063
12.6528,2309
12.6556,2641
12.6583,3001
12.6611,3317
12.6639,3353
12.6667,3367
12.6694,3376
12.6722,3369
12.6750,3338
12.6778,2941
12.6806,2323
12.6833,1740
12.6861,1325
12.6889,1092
12.6917,980
12.6944,933
12.6972,909
12.7000,932
12.7028,979
12.7056,1011
12.7083,1049
12.7111,1104
12.7139,1222
12.7167,1382
12.7194,1546
12.7222,1675
12.7250,1755
12.7278,1778
12.7306,1754
12.7333,1722
12.7361,1689
12.7389,1691
12.7417,1701
12.7444,1729
12.7472,1746
12.7500,1746
12.7528,1742
12.7556,1731
12.7583,1725
12.7611,1738
12.7639,1749
12.7667,1762
12.7694,1760
12.7722,1754
12.7750,1749
12.7778,1741
12.7806,1746
12.7833,1772
12.7861,1780
12.7889,1776
12.7917,1760
12.7944,1744
12.7972,1738
12.8000,1746
12.8028,1768
12.8056,1780
12.8083,1798
12.8111,1794
12.8139,1791
12.8167,1791
12.8194,1793
12.8222,1810
12.8250,1814
12.8278,1830
12.8306,1817
12.8333,1804
12.8361,1788
12.8389,1787
12.8417,1799
12.8444,1824
12.8472,1825
12.8500,1836
12.8528,1829
12.8556,1812
12.8583,1798
12.8611,1800
12.8639,1812
12.8667,1817
12.8694,1831
12.8722,1826
12.8750,1831
12.8778,1974
12.8806,1988
12.8833,2002
12.8861,2022
12.8889,2019
12.8917,2026
12.8944,2035
12.8972,2028
12.9000,2049
12.9028,2065
12.9056,2084
12.9083,2102
12.9111,2100
12.9139,2098
12.9167,2086
12.9194,2083
12.9222,2089
12.9250,2107
12.9278,2115
12.9306,2121
12.9333,2108
12.9361,2091
12.9389,2081
12.9417,2062
12.9444,2054
12.9472,2040
12.9500,2012
12.9528,1982
12.9556,1943
12.9583,1920
12.9611,1890
12.9639,1872
12.9667,1850
12.9694,1827
12.9722,1799
12.9750,1759
12.9778,1732
12.9806,1717
12.9833,1704
12.9861,1698
12.9889,1684
12.9917,1658
12.9944,1637
12.9972,1615
13.0000,1602
13.0028,1610
13.0056,1612
13.0083,1606
13.0111,1604
13.0139,1600
13.0167,1594
13.0194,1599
13.0222,1602
13.0250,1603
13.0278,1599
13.0306,1590
13.0333,1582
13.0361,1564
13.0389,1561
13.0417,1570
13.0444,1591
13.0472,1598
13.0500,1594
13.0528,1592
13.0556,1578
13.0583,1574
13.0611,1575
13.0639,1588
13.0667,1592
13.0694,1602
13.0722,1599
13.0750,1590
13.0778,1586
13.0806,1594
13.0833,1605
13.0861,1613
13.0889,1614
13.0917,1614
13.0944,1604
13.0972,1593
13.1000,1590
13.1028,1592
13.1056,1598
13.1083,1605
13.1111,1615
13.1139,1621
13.1167,1617
13.1194,1625
13.1222,1634
13.1250,1642
13.1278,1625
13.1306,1628
13.1333,1622
13.1361,1618
13.1389,1626
13.1417,1629
13.1444,1633
13.1472,1631
13.1500,1638
13.1528,1629
13.1556,1632
13.1583,1626
13.1611,1622
13.1639,1619
13.1667,1618
13.1694,1620
13.1722,1619
13.1750,1618
13.1778,1609
13.1806,1615
13.1833,1617
13.1861,1618
13.1889,1616
13.1917,1619
13.1944,1621
13.1972,1608
13.2000,1601
13.2028,1597
13.2056,1588
13.2083,1590
13.2111,1597
13.2139,1596
13.2167,1600
13.2194,1612
13.2222,1611
13.2250,1604
13.2278,1608
13.2306,1607
13.2333,1607
13.2361,1605
13.2389,1600
13.2417,1599
13.2444,1597
13.2472,1593
13.2500,1603
13.2528,1606
13.2556,1602
13.2583,1598
13.2611,1615
13.2639,1613
13.2667,1617
13.2694,1624
13.2722,1626
13.2750,1626
13.2778,1616
13.2806,1625
13.2833,1623
13.2861,1621
13.2889,1616
13.2917,1616
13.2944,1618
13.2972,1616
13.3000,1625
13.3028,1631
13.3056,1633
13.3083,1636
13.3111,1631
13.3139,1626
13.3167,1622
13.3194,1620
13.3222,1619
13.3250,1623
13.3278,1631
13.3306,1641
13.3333,1636
13.3361,1640
13.3389,1634
13.3417,1643
13.3444,1651
13.3472,1657
13.3500,1649
13.3528,1645
13.3556,1649
13.3583,1642
13.3611,1654
13.3639,1658
13.3667,1666
13.3694,1658
13.3722,1653
13.3750,1658
13.3778,1648
13.3806,1649
13.3833,1648
13.3861,1651
13.3889,1658
13.3917,1647
13.3944,1656
13.3972,1657
13.4000,1661
13.4028,1666
13.4056,1669
13.4083,1672
13.4111,1677
13.4139,1678
13.4167,1671
13.4194,1677
13.4222,1678
13.4250,1670
13.4278,1677
13.4306,1671
13.4333,1679
13.4361,1682
13.4389,1684
13.4417,1679
13.4444,1681
13.4472,1677
13.4500,1675
13.4528,1673
13.4556,1677
13.4583,1665
13.4611,1667
13.4639,1676
13.4667,1661
13.4694,1653
13.4722,1644
13.4750,1639
13.4778,1649
13.4806,1653
13.4833,1668
13.4861,1672
13.4889,1662
13.4917,1657
13.4944,1656
13.4972,1654
13.5000,1664
13.5028,1667
13.5056,1678
13.5083,1684
13.5111,1697
13.5139,1688
13.5167,1677
13.5194,1683
13.5222,1679
13.5250,1698
13.5278,1696
13.5306,1686
13.5333,1691
13.5361,1684
13.5389,1684
13.5417,1691
13.5444,1690
13.5472,1688
13.5500,1682
13.5528,1688
13.5556,1694
13.5583,1701
13.5611,1702
13.5639,1699
13.5667,1695
13.5694,1694
13.5722,1685
13.5750,1679
13.5778,1680
13.5806,1684
13.5833,1699
13.5861,1705
13.5889,1715
13.5917,1712
13.5944,1709
13.5972,1716
13.6000,1709
13.6028,1710
13.6056,1710
13.6083,1697
13.6111,1696
13.6139,1694
13.6167,1695
13.6194,1710
13.6222,1709
13.6250,1715
13.6278,1722
13.6306,1710
13.6333,1705
13.6361,1702
13.6389,1700
13.6417,1693
13.6444,1695
13.6472,1688
13.6500,1694
13.6528,1702
13.6556,1702
13.6583,1709
13.6611,1716
13.6639,1720
13.6667,1710
13.6694,1722
13.6722,1721
13.6750,1702
13.6778,1710
13.6806,1708
13.6833,1708
13.6861,1713
13.6889,1701
13.6917,1705
13.6944,1712
13.6972,1710
13.7000,1725
13.7028,1726
13.7056,1735
13.7083,1735
13.7111,1727
13.7139,1718
13.7167,1719
13.7194,1718
13.7222,1711
13.7250,1711
13.7278,1704
13.7306,1712
13.7333,1711
13.7361,1715
13.7389,1714
13.7417,1714
13.7444,1721
13.7472,1731
13.7500,1728
13.7528,1726
13.7556,1716
13.7583,1707
13.7611,1703
13.7639,1720
13.7667,1723
13.7694,1740
13.7722,1733
13.7750,1725
13.7778,1726
13.7806,1720
13.7833,1715
13.7861,1707
13.7889,1717
13.7917,1728
13.7944,1729
13.7972,1724
13.8000,1722
13.8028,1724
13.8056,1720
13.8083,1721
13.8111,1723
13.8139,1727
13.8167,1721
13.8194,1725
13.8222,1718
13.8250,1729
13.8278,1732
13.8306,1732
13.8333,1734
13.8361,1727
13.8389,1720
13.8417,1705
13.8444,1713
13.8472,1711
13.8500,1722
13.8528,1725
13.8556,1731
13.8583,1729
13.8611,1723
13.8639,1725
13.8667,1725
13.8694,1734
13.8722,1749
13.8750,1764
13.8778,1782
13.8806,1786
13.8833,1805
13.8861,1806
13.8889,1799
13.8917,1789
13.8944,1780
13.8972,1782
13.9000,1802
13.9028,1820
13.9056,1830
13.9083,1836
13.9111,1828
13.9139,1835
13.9167,1850
13.9194,1851
13.9222,1851
13.9250,1843
13.9278,1823
13.9306,1801
13.9333,1780
13.9361,1767
13.9389,1775
13.9417,1778
13.9444,1783
13.9472,1794
13.9500,1790
13.9528,1778
13.9556,1764
13.9583,1747
13.9611,1730
13.9639,1704
13.9667,1656
13.9694,1578
13.9722,1500
13.9750,1481
13.9778,1527
13.9806,1632
13.9833,1797
13.9861,2030
13.9889,2311
13.9917,2654
13.9944,3042
13.9972,3343
14.0000,3361
14.0028,3363
14.0056,3377
14.0083,3371
14.0111,3357
14.0139,2985
14.0167,2329
14.0194,1682
14.0222,1208
14.0250,941
14.0278,811
14.0306,759
14.0333,773
14.0361,829
14.0389,897
14.0417,963
14.0444,1022
14.0472,1118
14.0500,1265
14.0528,1425
14.0556,1561
14.0583,1645
14.0611,1697
14.0639,1705
14.0667,1691
14.0694,1665
14.0722,1642
14.0750,1640
14.0778,1653
14.0806,1686
14.0833,1698
14.0861,1704
14.0889,1686
14.0917,1677
14.0944,1683
14.0972,1693
14.1000,1726
14.1028,1744
14.1056,1738
14.1083,1720
14.1111,1707
14.1139,1700
14.1167,1705
14.1194,1729
14.1222,1750
14.1250,1745
14.1278,1731
14.1306,1716
14.1333,1704
14.1361,1711
14.1389,1726
14.1417,1745
14.1444,1754
14.1472,1751
14.1500,1740
14.1528,1734
14.1556,1734
14.1583,1740
14.1611,1756
14.1639,1764
14.1667,1766
14.1694,1755
14.1722,1738
14.1750,1731
14.1778,1753
14.1806,1785
14.1833,1807
14.1861,1815
14.1889,1798
14.1917,1782
14.1944,1781
14.1972,1786
14.2000,1801
14.2028,1806
14.2056,1804
14.2083,1797
14.2111,1794
14.2139,1959
14.2167,1962
14.2194,1985
14.2222,1997
14.2250,2008
14.2278,2004
14.2306,1998
14.2333,2004
14.2361,2024
14.2389,2043
14.2417,2069
14.2444,2080
14.2472,2083
14.2500,2082
14.2528,2072
14.2556,2064
14.2583,2084
14.2611,2100
14.2639,2104
14.2667,2088
14.2694,2077
14.2722,2061
14.2750,2053
14.2778,2058
14.2806,2060
14.2833,2039
14.2861,2013
14.2889,1981
14.2917,1946
14.2944,1906
14.2972,1886
14.3000,1866
14.3028,1851
14.3056,1804
14.3083,1767
14.3111,1727
14.3139,1709
14.3167,1693
14.3194,1690
14.3222,1682
14.3250,1680
14.3278,1669
14.3306,1660
14.3333,1642
14.3361,1631
14.3389,1617
14.3417,1615
14.3444,1608
14.3472,1607
14.3500,1594
14.3528,1590
14.3556,1589
14.3583,1594
14.3611,1603
14.3639,1605
14.3667,1601
14.3694,1584
14.3722,1567
14.3750,1567
14.3778,1568
14.3806,1568
14.3833,1581
14.3861,1590
14.3889,1599
14.3917,1587
14.3944,1598
14.3972,1602
14.4000,1612
14.4028,1607
14.4056,1608
14.4083,1612
14.4111,1603
14.4139,1600
14.4167,1594
14.4194,1593
14.4222,1603
14.4250,1616
14.4278,1621
14.4306,1601
14.4333,1602
14.4361,1606
14.4389,1617
14.4417,1623
14.4444,1619
14.4472,1618
14.4500,1612
14.4528,1614
14.4556,1606
14.4583,1620
14.4611,1627
14.4639,1627
14.4667,1615
14.4694,1613
14.4722,1604
14.4750,1598
14.4778,1600
14.4806,1617
14.4833,1621
14.4861,1625
14.4889,1617
14.4917,1611
14.4944,1601
14.4972,1599
14.5000,1595
14.5028,1593
14.5056,1610
14.5083,1613
14.5111,1617
14.5139,1604
14.5167,1599
14.5194,1600
14.5222,1594
14.5250,1602
14.5278,1587
14.5306,1574
14.5333,1569
14.5361,1565
14.5389,1570
14.5417,1580
14.5444,1586
14.5472,1593
14.5500,1589
14.5528,1589
14.5556,1586
14.5583,1590
14.5611,1578
14.5639,1574
14.5667,1549
14.5694,1545
14.5722,1565
14.5750,1578
14.5778,1599
14.5806,1608
14.5833,1604
14.5861,1601
14.5889,1592
14.5917,1581
14.5944,1577
14.5972,1574
14.6000,1580
14.6028,1584
14.6056,1592
14.6083,1592
14.6111,1594
14.6139,1590
14.6167,1585
14.6194,1582
14.6222,1603
14.6250,1605
14.6278,1599
14.6306,1593
14.6333,1573
14.6361,1572
14.6389,1573
14.6417,1581
14.6444,1587
14.6472,1594
14.6500,1595
14.6528,1592
14.6556,1591
14.6583,1605
14.6611,1600
14.6639,1607
14.6667,1611
14.6694,1595
14.6722,1590
14.6750,1585
14.6778,1578
14.6806,1582
14.6833,1587
14.6861,1588
14.6889,1592
14.6917,1580
14.6944,1585
14.6972,1587
14.7000,1602
14.7028,1614
14.7056,1614
14.7083,1611
14.7111,1609
14.7139,1601
14.7167,1602
14.7194,1594
14.7222,1606
14.7250,1601
14.7278,1599
14.7306,1597
14.7333,1601
14.7361,1589
14.7389,1590
14.7417,1600
14.7444,1615
14.7472,1622
14.7500,1624
14.7528,1629
14.7556,1633
14.7583,1613
14.7611,1612
14.7639,1606
14.7667,1615
14.7694,1618
14.7722,1629
14.7750,1633
14.7778,1631
14.7806,1640
14.7833,1634
14.7861,1634
14.7889,1631
14.7917,1623
14.7944,1624
14.7972,1621
14.8000,1612
14.8028,1620
14.8056,1609
14.8083,1605
14.8111,1602
14.8139,1596
14.8167,1592
14.8194,1605
14.8222,1614
14.8250,1620
14.8278,1628
14.8306,1620
14.8333,1619
14.8361,1618
14.8389,1626
14.8417,1629
14.8444,1643
14.8472,1638
14.8500,1632
14.8528,1628
14.8556,1620
14.8583,1623
14.8611,1618
14.8639,1628
14.8667,1643
14.8694,1649
14.8722,1655
14.8750,1643
14.8778,1631
14.8806,1628
14.8833,1625
14.8861,1636
14.8889,1637
14.8917,1638
14.8944,1642
14.8972,1652
14.9000,1652
14.9028,1652
14.9056,1644
14.9083,1631
14.9111,1622
14.9139,1625
14.9167,1640
14.9194,1647
14.9222,1659
14.9250,1663
14.9278,1661
14.9306,1646
14.9333,1637
14.9361,1638
14.9389,1640
14.9417,1641
14.9444,1650
14.9472,1658
14.9500,1654
14.9528,1656
14.9556,1659
14.9583,1658
14.9611,1641
14.9639,1634
14.9667,1635
14.9694,1642
14.9722,1645
14.9750,1651
14.9778,1653
14.9806,1654
14.9833,1654
14.9861,1657
14.9889,1659
14.9917,1668
14.9944,1656
14.9972,1649
15.0000,1637
15.0028,1636
15.0056,1640
15.0083,1644
15.0111,1644
15.0139,1648
15.0167,1654
15.0194,1664
15.0222,1679
15.0250,1661
15.0278,1658
15.0306,1647
15.0333,1639
15.0361,1644
15.0389,1648
15.0417,1656
15.0444,1658
15.0472,1655
15.0500,1649
15.0528,1640
15.0556,1639
15.0583,1642
15.0611,1634
15.0639,1646
15.0667,1649
15.0694,1661
15.0722,1669
15.0750,1677
15.0778,1681
15.0806,1678
15.0833,1681
15.0861,1670
15.0889,1669
15.0917,1672
15.0944,1679
15.0972,1667
15.1000,1682
15.1028,1673
15.1056,1663
15.1083,1665
15.1111,1672
15.1139,1661
15.1167,1670
15.1194,1661
15.1222,1660
15.1250,1664
15.1278,1666
15.1306,1666
15.1333,1670
15.1361,1663
15.1389,1677
15.1417,1675
15.1444,1676
15.1472,1669
15.1500,1659
15.1528,1656
15.1556,1664
15.1583,1659
15.1611,1663
15.1639,1671
15.1667,1670
15.1694,1673
15.1722,1673
15.1750,1670
15.1778,1676
15.1806,1681
15.1833,1679
15.1861,1689
15.1889,1677
15.1917,1683
15.1944,1679
15.1972,1673
15.2000,1666
15.2028,1673
15.2056,1694
15.2083,1715
15.2111,1740
15.2139,1753
15.2167,1760
15.2194,1773
15.2222,1763
15.2250,1752
15.2278,1748
15.2306,1745
15.2333,1760
15.2361,1775
15.2389,1783
15.2417,1780
15.2444,1792
15.2472,1810
15.2500,1820
15.2528,1835
15.2556,1839
15.2583,1826
15.2611,1794
15.2639,1755
15.2667,1719
15.2694,1714
15.2722,1708
15.2750,1717
15.2778,1734
15.2806,1735
15.2833,1748
15.2861,1745
15.2889,1722
15.2917,1694
15.2944,1655
15.2972,1599
15.3000,1519
15.3028,1462
15.3056,1467
15.3083,1510
15.3111,1643
15.3139,1812
15.3167,2045
15.3194,2348
15.3222,2705
15.3250,3072
15.3278,3336
15.3306,3360
15.3333,3367
15.3361,3364
15.3389,3368
15.3417,3224
15.3444,2701
15.3472,2079
15.3500,1558
15.3528,1219
15.3556,1016
15.3583,907
15.3611,846
15.3639,829
15.3667,849
15.3694,898
15.3722,930
15.3750,954
15.3778,1003
15.3806,1117
15.3833,1273
15.3861,1450
15.3889,1579
15.3917,1651
15.3944,1665
15.3972,1655
15.4000,1634
15.4028,1609
15.4056,1612
15.4083,1632
15.4111,1649
15.4139,1653
15.4167,1654
15.4194,1639
15.4222,1633
15.4250,1638
15.4278,1650
15.4306,1665
15.4333,1670
15.4361,1673
15.4389,1654
15.4417,1651
15.4444,1648
15.4472,1661
15.4500,1673
15.4528,1679
15.4556,1674
15.4583,1660
15.4611,1664
15.4639,1662
15.4667,1670
15.4694,1688
15.4722,1700
15.4750,1697
15.4778,1687
15.4806,1684
15.4833,1689
15.4861,1691
15.4889,1694
15.4917,1715
15.4944,1713
15.4972,1719
15.5000,1717
15.5028,1726
15.5056,1734
15.5083,1735
15.5111,1742
15.5139,1745
15.5167,1753
15.5194,1740
15.5222,1741
15.5250,1731
15.5278,1738
15.5306,1748
15.5333,1758
15.5361,1753
15.5389,1751
15.5417,1760
15.5444,1883
15.5472,1880
15.5500,1916
15.5528,1943
15.5556,1968
15.5583,1985
15.5611,1994
15.5639,1987
15.5667,1982
15.5694,1978
15.5722,1991
15.5750,2005
15.5778,2022
15.5806,2024
15.5833,2021
15.5861,2032
15.5889,2035
15.5917,2042
15.5944,2045
15.5972,2038
15.6000,2029
15.6028,2014
15.6056,2013
15.6083,2011
15.6111,1998
15.6139,1989
15.6167,1959
15.6194,1933
15.6222,1900
15.6250,1871
15.6278,1865
15.6306,1846
15.6333,1824
15.6361,1787
15.6389,1747
15.6417,1710
15.6444,1685
15.6472,1665
15.6500,1660
15.6528,1656
15.6556,1654
15.6583,1628
15.6611,1608
15.6639,1601
15.6667,1603
15.6694,1593
15.6722,1605
15.6750,1599
15.6778,1597
15.6806,1577
15.6833,1559
15.6861,1559
15.6889,1565
15.6917,1586
15.6944,1602
15.6972,1590
15.7000,1572
15.7028,1550
15.7056,1549
15.7083,1561
15.7111,1572
15.7139,1573
15.7167,1581
15.7194,1584
15.7222,1580
15.7250,1574
15.7278,1550
15.7306,1555
15.7333,1565
15.7361,1582
15.7389,1589
15.7417,1605
15.7444,1610
15.7472,1617
15.7500,1609
15.7528,1601
15.7556,1603
15.7583,1582
15.7611,1568
15.7639,1568
15.7667,1576
15.7694,1591
15.7722,1602
15.7750,1614
15.7778,1609
15.7806,1598
15.7833,1596
15.7861,1587
15.7889,1588
15.7917,1584
15.7944,1594
15.7972,1605
15.8000,1609
15.8028,1595
15.8056,1598
15.8083,1588
15.8111,1599
15.8139,1602
15.8167,1610
15.8194,1615
15.8222,1618
15.8250,1623
15.8278,1626
15.8306,1626
15.8333,1606
15.8361,1595
15.8389,1577
15.8417,1579
15.8444,1583
15.8472,1590
15.8500,1590
15.8528,1590
15.8556,1597
15.8583,1589
15.8611,1590
15.8639,1588
15.8667,1595
15.8694,1603
15.8722,1589
15.8750,1585
15.8778,1584
15.8806,1574
15.8833,1571
15.8861,1575
15.8889,1574
15.8917,1585
15.8944,1600
15.8972,1607
15.9000,1614
15.9028,1607
15.9056,1601
15.9083,1612
15.9111,1609
15.9139,1602
15.9167,1600
15.9194,1595
15.9222,1600
15.9250,1601
15.9278,1606
15.9306,1592
15.9333,1594
15.9361,1596
15.9389,1603
15.9417,1603
15.9444,1607
15.9472,1607
15.9500,1601
15.9528,1602
15.9556,1609
15.9583,1611
15.9611,1613
15.9639,1611
15.9667,1601
15.9694,1597
15.9722,1603
15.9750,1603
15.9778,1598
15.9806,1594
15.9833,1605
15.9861,1604
15.9889,1597
15.9917,1593
15.9944,1600
15.9972,1603
16.0000,1611
16.0028,1616
16.0056,1625
16.0083,1623
16.0111,1618
16.0139,1599
16.0167,1603
16.0194,1602
16.0222,1612
16.0250,1621
16.0278,1614
16.0306,1617
16.0333,1612
16.0361,1622
16.0389,1620
16.0417,1619
16.0444,1627
16.0472,1636
16.0500,1645
16.0528,1645
16.0556,1636
16.0583,1625
16.0611,1625
16.0639,1620
16.0667,1633
16.0694,1649
16.0722,1650
16.0750,1652
16.0778,1646
16.0806,1633
16.0833,1646
16.0861,1638
16.0889,1647
16.0917,1640
16.0944,1650
16.0972,1637
16.1000,1641
16.1028,1665
16.1056,1696
16.1083,1702
16.1111,1700
16.1139,1684
16.1167,1685
16.1194,1672
16.1222,1665
16.1250,1674
16.1278,1683
16.1306,1686
16.1333,1679
16.1361,1676
16.1389,1672
16.1417,1672
16.1444,1661
16.1472,1667
16.1500,1663
16.1528,1664
16.1556,1676
16.1583,1684
16.1611,1687
16.1639,1685
16.1667,1671
16.1694,1667
16.1722,1675
16.1750,1685
16.1778,1688
16.1806,1685
16.1833,1686
16.1861,1683
16.1889,1686
16.1917,1685
16.1944,1676
16.1972,1682
16.2000,1684
16.2028,1689
16.2056,1688
16.2083,1692
16.2111,1683
16.2139,1681
16.2167,1689
16.2194,1687
16.2222,1698
16.2250,1699
16.2278,1712
16.2306,1713
16.2333,1717
16.2361,1706
16.2389,1698
16.2417,1697
16.2444,1695
16.2472,1705
16.2500,1719
16.2528,1727
16.2556,1724
16.2583,1711
16.2611,1706
16.2639,1707
16.2667,1727
16.2694,1723
16.2722,1730
16.2750,1729
16.2778,1746
16.2806,1736
16.2833,1735
16.2861,1733
16.2889,1737
16.2917,1731
16.2944,1726
16.2972,1723
16.3000,1720
16.3028,1738
16.3056,1744
16.3083,1755
16.3111,1760
16.3139,1769
16.3167,1756
16.3194,1751
16.3222,1742
16.3250,1737
16.3278,1741
16.3306,1747
16.3333,1751
16.3361,1759
16.3389,1762
16.3417,1766
16.3444,1770
16.3472,1770
16.3500,1773
16.3528,1771
16.3556,1760
16.3583,1763
16.3611,1762
16.3639,1762
16.3667,1759
16.3694,1760
16.3722,1762
16.3750,1773
16.3778,1778
16.3806,1774
16.3833,1754
16.3861,1746
16.3889,1740
16.3917,1753
16.3944,1760
16.3972,1758
16.4000,1751
16.4028,1751
16.4056,1750
16.4083,1761
16.4111,1777
16.4139,1783
16.4167,1777
16.4194,1785
16.4222,1786
16.4250,1798
16.4278,1794
16.4306,1790
16.4333,1784
16.4361,1776
16.4389,1788
16.4417,1780
16.4444,1788
16.4472,1785
16.4500,1779
16.4528,1793
16.4556,1788
16.4583,1788
16.4611,1786
16.4639,1783
16.4667,1783
16.4694,1793
16.4722,1791
16.4750,1793
16.4778,1792
16.4806,1790
16.4833,1803
16.4861,1805
16.4889,1814
16.4917,1815
16.4944,1807
16.4972,1805
16.5000,1799
16.5028,1792
16.5056,1798
16.5083,1801
16.5111,1800
16.5139,1829
16.5167,1848
16.5194,1870
16.5222,1883
16.5250,1895
16.5278,1914
16.5306,1914
16.5333,1913
16.5361,1920
16.5389,1907
16.5417,1908
16.5444,1895
16.5472,1904
16.5500,1920
16.5528,1932
16.5556,1946
16.5583,1957
16.5611,1981
16.5639,1977
16.5667,1966
16.5694,1958
16.5722,1935
16.5750,1909
16.5778,1881
16.5806,1872
16.5833,1874
16.5861,1875
16.5889,1880
16.5917,1877
16.5944,1871
16.5972,1856
16.6000,1843
16.6028,1815
16.6056,1794
16.6083,1773
16.6111,1752
16.6139,1700
16.6167,1629
16.6194,1566
16.6222,1571
16.6250,1646
16.6278,1780
16.6306,1970
16.6333,2205
16.6361,2515
16.6389,2873
16.6417,3257
16.6444,3362
16.6472,3364
16.6500,3373
16.6528,3377
16.6556,3378
16.6583,3338
16.6611,2972
16.6639,2325
16.6667,1715
16.6694,1298
16.6722,1062
16.6750,959
16.6778,917
16.6806,926
16.6833,965
16.6861,1017
16.6889,1083
16.6917,1121
16.6944,1201
16.6972,1344
16.7000,1508
16.7028,1643
16.7056,1740
16.7083,1795
16.7111,1796
16.7139,1771
16.7167,1731
16.7194,1707
16.7222,1712
16.7250,1745
16.7278,1773
16.7306,1794
16.7333,1790
16.7361,1771
16.7389,1749
16.7417,1732
16.7444,1745
16.7472,1773
16.7500,1788
16.7528,1794
16.7556,1776
16.7583,1772
16.7611,1761
16.7639,1769
16.7667,1793
16.7694,1814
16.7722,1817
16.7750,1813
16.7778,1802
16.7806,1794
16.7833,1794
16.7861,1806
16.7889,1815
16.7917,1822
16.7944,1811
16.7972,1789
16.8000,1783
16.8028,1794
16.8056,1811
16.8083,1835
16.8111,1836
16.8139,1838
16.8167,1823
16.8194,1813
16.8222,1817
16.8250,1828
16.8278,1837
16.8306,1848
16.8333,1844
16.8361,1833
16.8389,1831
16.8417,1832
16.8444,1841
16.8472,1863
16.8500,1874
16.8528,1881
16.8556,1863
16.8583,1851
16.8611,2012
16.8639,2014
16.8667,2041
16.8694,2056
16.8722,2064
16.8750,2052
16.8778,2056
16.8806,2052
16.8833,2076
16.8861,2092
16.8889,2110
16.8917,2116
16.8944,2104
16.8972,2094
16.9000,2080
16.9028,2082
16.9056,2110
16.9083,2126
16.9111,2139
16.9139,2133
16.9167,2098
16.9194,2073
16.9222,2055
16.9250,2052
16.9278,2055
16.9306,2041
16.9333,2024
16.9361,1996
16.9389,1957
16.9417,1924
16.9444,1897
16.9472,1879
16.9500,1862
16.9528,1841
16.9556,1818
16.9583,1781
16.9611,1762
16.9639,1743
16.9667,1724
16.9694,1719
16.9722,1705
16.9750,1683
16.9778,1668
16.9806,1649
16.9833,1644
16.9861,1638
16.9889,1638
16.9917,1629
16.9944,1616
16.9972,1609
17.0000,1597
17.0028,1600
17.0056,1597
17.0083,1610
17.0111,1606
17.0139,1609
17.0167,1612
17.0194,1604
17.0222,1599
17.0250,1599
17.0278,1599
17.0306,1607
17.0333,1601
17.0361,1598
17.0389,1594
17.0417,1591
17.0444,1593
17.0472,1612
17.0500,1614
17.0528,1615
17.0556,1613
17.0583,1586
17.0611,1576
17.0639,1578
17.0667,1592
17.0694,1612
17.0722,1617
17.0750,1615
17.0778,1610
17.0806,1606
17.0833,1594
17.0861,1598
17.0889,1611
17.0917,1622
17.0944,1619
17.0972,1611
17.1000,1602
17.1028,1612
17.1056,1615
17.1083,1614
17.1111,1612
17.1139,1607
17.1167,1604
17.1194,1599
17.1222,1602
17.1250,1600
17.1278,1602
17.1306,1607
17.1333,1601
17.1361,1606
17.1389,1612
17.1417,1601
17.1444,1603
17.1472,1606
17.1500,1587
17.1528,1594
17.1556,1585
17.1583,1590
17.1611,1593
17.1639,1597
17.1667,1601
17.1694,1601
17.1722,1587
17.1750,1586
17.1778,1584
17.1806,1584
17.1833,1588
17.1861,1585
17.1889,1581
17.1917,1584
17.1944,1576
17.1972,1573
17.2000,1578
17.2028,1581
17.2056,1591
17.2083,1588
17.2111,1579
17.2139,1578
17.2167,1579
17.2194,1563
17.2222,1566
17.2250,1593
17.2278,1592
17.2306,1596
17.2333,1601
17.2361,1596
17.2389,1580
17.2417,1581
17.2444,1582
17.2472,1575
17.2500,1589
17.2528,1598
17.2556,1601
17.2583,1600
17.2611,1602
17.2639,1606
17.2667,1590
17.2694,1596
17.2722,1597
17.2750,1592
17.2778,1586
17.2806,1590
17.2833,1579
17.2861,1592
17.2889,1606
17.2917,1602
17.2944,1604
17.2972,1600
17.3000,1597
17.3028,1590
17.3056,1603
17.3083,1600
17.3111,1593
17.3139,1586
17.3167,1578
17.3194,1577
17.3222,1580
17.3250,1585
17.3278,1590
17.3306,1591
17.3333,1597
17.3361,1600
17.3389,1610
17.3417,1616
17.3444,1609
17.3472,1610
17.3500,1611
17.3528,1600
17.3556,1592
17.3583,1586
17.3611,1600
17.3639,1622
17.3667,1625
17.3694,1632
17.3722,1629
17.3750,1625
17.3778,1618
17.3806,1615
17.3833,1608
17.3861,1614
17.3889,1624
17.3917,1628
17.3944,1632
17.3972,1626
17.4000,1627
17.4028,1628
17.4056,1617
17.4083,1620
17.4111,1628
17.4139,1635
17.4167,1631
17.4194,1625
17.4222,1627
17.4250,1627
17.4278,1622
17.4306,1635
17.4333,1635
17.4361,1623
17.4389,1631
17.4417,1621
17.4444,1641
17.4472,1647
17.4500,1652
17.4528,1647
17.4556,1646
17.4583,1637
17.4611,1640
17.4639,1645
17.4667,1642
17.4694,1635
17.4722,1636
17.4750,1647
17.4778,1641
17.4806,1647
17.4833,1638
17.4861,1641
17.4889,1659
17.4917,1659
17.4944,1654
17.4972,1656
17.5000,1655
17.5028,1654
17.5056,1645
17.5083,1642
17.5111,1640
17.5139,1634
17.5167,1631
17.5194,1638
17.5222,1652
17.5250,1645
17.5278,1638
17.5306,1646
17.5333,1645
17.5361,1655
17.5389,1662
17.5417,1660
17.5444,1662
17.5472,1658
17.5500,1658
17.5528,1658
17.5556,1656
17.5583,1654
17.5611,1662
17.5639,1659
17.5667,1661
17.5694,1657
17.5722,1656
17.5750,1658
17.5778,1663
17.5806,1673
17.5833,1674
17.5861,1672
17.5889,1666
17.5917,1670
17.5944,1654
17.5972,1655
17.6000,1654
17.6028,1662
17.6056,1669
17.6083,1675
17.6111,1681
17.6139,1681
17.6167,1684
17.6194,1677
17.6222,1670
17.6250,1674
17.6278,1677
17.6306,1684
17.6333,1684
17.6361,1680
17.6389,1696
17.6417,1685
17.6444,1690
17.6472,1686
17.6500,1688
17.6528,1689
17.6556,1685
17.6583,1683
17.6611,1683
17.6639,1682
17.6667,1678
17.6694,1687
17.6722,1693
17.6750,1687
17.6778,1690
17.6806,1693
17.6833,1689
17.6861,1691
17.6889,1685
17.6917,1681
17.6944,1680
17.6972,1670
17.7000,1679
17.7028,1674
17.7056,1679
17.7083,1692
17.7111,1696
17.7139,1698
17.7167,1697
17.7194,1688
17.7222,1673
17.7250,1676
17.7278,1677
17.7306,1678
17.7333,1688
17.7361,1696
17.7389,1700
17.7417,1696
17.7444,1700
17.7472,1694
17.7500,1694
17.7528,1686
17.7556,1688
17.7583,1695
17.7611,1695
17.7639,1705
17.7667,1694
17.7694,1701
17.7722,1702
17.7750,1705
17.7778,1700
17.7806,1699
17.7833,1699
17.7861,1701
17.7889,1710
17.7917,1708
17.7944,1714
17.7972,1712
17.8000,1701
17.8028,1696
17.8056,1696
17.8083,1690
17.8111,1687
17.8139,1698
17.8167,1699
17.8194,1703
17.8222,1701
17.8250,1708
17.8278,1705
17.8306,1706
17.8333,1706
17.8361,1711
17.8389,1714
17.8417,1718
17.8444,1724
17.8472,1723
17.8500,1705
17.8528,1709
17.8556,1699
17.8583,1702
17.8611,1704
17.8639,1717
17.8667,1727
17.8694,1733
17.8722,1731
17.8750,1723
17.8778,1719
17.8806,1713
17.8833,1702
17.8861,1711
17.8889,1713
17.8917,1731
17.8944,1747
17.8972,1740
17.9000,1735
17.9028,1743
17.9056,1742
17.9083,1755
17.9111,1758
17.9139,1783
17.9167,1794
17.9194,1797
17.9222,1803
17.9250,1811
17.9278,1807
17.9306,1802
17.9333,1791
17.9361,1803
17.9389,1807
17.9417,1802
17.9444,1813
17.9472,1817
17.9500,1831
17.9528,1842
17.9556,1850
17.9583,1834
17.9611,1791
17.9639,1719
17.9667,1623
17.9694,1576
17.9722,1593
17.9750,1678
17.9778,1821
17.9806,2020
17.9833,2287
17.9861,2635
17.9889,3033
17.9917,3349
17.9944,3356
17.9972,3367
18.0000,3378
18.0028,3381
18.0056,3369
18.0083,3281
18.0111,2733
18.0139,2025
18.0167,1408
18.0194,1004
18.0222,806
18.0250,718
18.0278,699
18.0306,744
18.0333,824
18.0361,913
18.0389,1000
18.0417,1099
18.0444,1244
18.0472,1386
18.0500,1515
18.0528,1612
18.0556,1685
18.0583,1698
18.0611,1684
18.0639,1646
18.0667,1594
18.0694,1575
18.0722,1593
18.0750,1629
18.0778,1663
18.0806,1679
18.0833,1674
18.0861,1658
18.0889,1657
18.0917,1654
18.0944,1675
18.0972,1701
18.1000,1697
18.1028,1681
18.1056,1656
18.1083,1638
18.1111,1651
18.1139,1681
18.1167,1703
18.1194,1715
18.1222,1708
18.1250,1683
18.1278,1670
18.1306,1659
18.1333,1669
18.1361,1680
18.1389,1704
18.1417,1701
18.1444,1691
18.1472,1678
18.1500,1680
18.1528,1700
18.1556,1719
18.1583,1736
18.1611,1732
18.1639,1719
18.1667,1700
18.1694,1691
18.1722,1695
18.1750,1716
18.1778,1742
18.1806,1752
18.1833,1749
18.1861,1731
18.1889,1725
18.1917,1735
18.1944,1744
18.1972,1772
18.2000,1780
18.2028,1777
18.2056,1769
18.2083,1767
18.2111,1926
18.2139,1938
18.2167,1967
18.2194,1977
18.2222,1997
18.2250,2001
18.2278,2004
18.2306,2007
18.2333,2009
18.2361,2028
18.2389,2039
18.2417,2041
18.2444,2035
18.2472,2041
18.2500,2043
18.2528,2046
18.2556,2063
18.2583,2077
18.2611,2070
18.2639,2063
18.2667,2045
18.2694,2026
18.2722,2013
18.2750,2014
18.2778,2005
18.2806,1991
18.2833,1965
18.2861,1931
18.2889,1899
18.2917,1883
18.2944,1860
18.2972,1849
18.3000,1822
18.3028,1800
18.3056,1760
18.3083,1722
18.3111,1693
18.3139,1686
18.3167,1674
18.3194,1669
18.3222,1653
18.3250,1632
18.3278,1608
18.3306,1590
18.3333,1592
18.3361,1590
18.3389,1595
18.3417,1590
18.3444,1583
18.3472,1568
18.3500,1558
18.3528,1566
18.3556,1570
18.3583,1580
18.3611,1586
18.3639,1592
18.3667,1578
18.3694,1568
18.3722,1565
18.3750,1566
18.3778,1572
18.3806,1576
18.3833,1582
18.3861,1567
18.3889,1562
18.3917,1557
18.3944,1571
18.3972,1590
18.4000,1593
18.4028,1589
18.4056,1582
18.4083,1570
18.4111,1572
18.4139,1579
18.4167,1594
18.4194,1599
18.4222,1594
18.4250,1585
18.4278,1584
18.4306,1586
18.4333,1591
18.4361,1600
18.4389,1608
18.4417,1603
18.4444,1601
18.4472,1601
18.4500,1587
18.4528,1594
18.4556,1600
18.4583,1600
18.4611,1603
18.4639,1589
18.4667,1569
18.4694,1570
18.4722,1576
18.4750,1586
18.4778,1601
18.4806,1609
18.4833,1610
18.4861,1596
18.4889,1581
18.4917,1570
18.4944,1577
18.4972,1582
18.5000,1587
18.5028,1581
18.5056,1576
18.5083,1565
18.5111,1566
18.5139,1567
18.5167,1573
18.5194,1579
18.5222,1583
18.5250,1568
18.5278,1562
18.5306,1554
18.5333,1561
18.5361,1566
18.5389,1567
18.5417,1576
18.5444,1581
18.5472,1580
18.5500,1574
18.5528,1570
18.5556,1563
18.5583,1578
18.5611,1584
18.5639,1576
18.5667,1570
18.5694,1580
18.5722,1577
18.5750,1582
18.5778,1582
18.5806,1590
18.5833,1578
18.5861,1576
18.5889,1572
18.5917,1574
18.5944,1561
18.5972,1567
18.6000,1576
18.6028,1582
18.6056,1592
18.6083,1597
18.6111,1599
18.6139,1590
18.6167,1594
18.6194,1588
18.6222,1589
18.6250,1586
18.6278,1576
18.6306,1567
18.6333,1576
18.6361,1580
18.6389,1588
18.6417,1573
18.6444,1575
18.6472,1564
18.6500,1578
18.6528,1582
18.6556,1585
18.6583,1601
18.6611,1594
18.6639,1600
18.6667,1594
18.6694,1594
18.6722,1608
18.6750,1612
18.6778,1617
18.6806,1609
18.6833,1600
18.6861,1606
18.6889,1620
18.6917,1614
18.6944,1623
18.6972,1616
18.7000,1607
18.7028,1602
18.7056,1596
18.7083,1595
18.7111,1603
18.7139,1606
18.7167,1602
18.7194,1608
18.7222,1613
18.7250,1611
18.7278,1615
18.7306,1620
18.7333,1619
18.7361,1607
18.7389,1610
18.7417,1610
18.7444,1614
18.7472,1622
18.7500,1611
18.7528,1618
18.7556,1603
18.7583,1608
18.7611,1607
18.7639,1615
18.7667,1617
18.7694,1627
18.7722,1626
18.7750,1624
18.7778,1610
18.7806,1616
18.7833,1613
18.7861,1626
18.7889,1627
18.7917,1622
18.7944,1622
18.7972,1633
18.8000,1643
18.8028,1654
18.8056,1642
18.8083,1632
18.8111,1629
18.8139,1620
18.8167,1617
18.8194,1623
18.8222,1626
18.8250,1617
18.8278,1623
18.8306,1628
18.8333,1632
18.8361,1646
18.8389,1650
18.8417,1658
18.8444,1650
18.8472,1650
18.8500,1647
18.8528,1645
18.8556,1644
18.8583,1651
18.8611,1649
18.8639,1645
18.8667,1653
18.8694,1648
18.8722,1654
18.8750,1656
18.8778,1659
18.8806,1654
18.8833,1656
18.8861,1652
18.8889,1654
18.8917,1653
18.8944,1643
18.8972,1639
18.9000,1643
18.9028,1642
18.9056,1647
18.9083,1648
18.9111,1642
18.9139,1642
18.9167,1641
18.9194,1643
18.9222,1653
18.9250,1645
18.9278,1645
18.9306,1648
18.9333,1647
18.9361,1651
18.9389,1651
18.9417,1653
18.9444,1661
18.9472,1661
18.9500,1663
18.9528,1671
18.9556,1673
18.9583,1676
18.9611,1669
18.9639,1666
18.9667,1658
18.9694,1661
18.9722,1664
18.9750,1663
18.9778,1669
18.9806,1666
18.9833,1676
18.9861,1671
18.9889,1684
18.9917,1676
18.9944,1688
18.9972,1687
19.0000,1684
19.0028,1684
19.0056,1685
19.0083,1689
19.0111,1688
19.0139,1693
19.0167,1690
19.0194,1682
19.0222,1676
19.0250,1679
19.0278,1675
19.0306,1681
19.0333,1673
19.0361,1671
19.0389,1675
19.0417,1679
19.0444,1689
19.0472,1686
19.0500,1685
19.0528,1681
19.0556,1669
19.0583,1668
19.0611,1656
19.0639,1664
19.0667,1665
19.0694,1679
19.0722,1686
19.0750,1697
19.0778,1704
19.0806,1698
19.0833,1688
19.0861,1681
19.0889,1685
19.0917,1694
19.0944,1696
19.0972,1708
19.1000,1703
19.1028,1693
19.1056,1685
19.1083,1683
19.1111,1684
19.1139,1694
19.1167,1696
19.1194,1692
19.1222,1691
19.1250,1689
19.1278,1696
19.1306,1709
19.1333,1697
19.1361,1696
19.1389,1682
19.1417,1691
19.1444,1684
19.1472,1686
19.1500,1684
19.1528,1697
19.1556,1711
19.1583,1717
19.1611,1716
19.1639,1707
19.1667,1697
19.1694,1692
19.1722,1695
19.1750,1693
19.1778,1704
19.1806,1708
19.1833,1708
19.1861,1695
19.1889,1697
19.1917,1702
19.1944,1705
19.1972,1710
19.2000,1698
19.2028,1685
19.2056,1681
19.2083,1679
19.2111,1680
19.2139,1692
19.2167,1711
19.2194,1725
19.2222,1740
19.2250,1743
19.2278,1762
19.2306,1768
19.2333,1778
19.2361,1769
19.2389,1762
19.2417,1774
19.2444,1784
19.2472,1794
19.2500,1804
19.2528,1805
19.2556,1799
19.2583,1805
19.2611,1813
19.2639,1826
19.2667,1833
19.2694,1825
19.2722,1808
19.2750,1792
19.2778,1778
19.2806,1767
19.2833,1766
19.2861,1753
19.2889,1752
19.2917,1746
19.2944,1732
19.2972,1681
19.3000,1600
19.3028,1514
19.3056,1488
19.3083,1522
19.3111,1623
19.3139,1789
19.3167,2010
19.3194,2266
19.3222,2592
19.3250,2935
19.3278,3272
19.3306,3357
19.3333,3365
19.3361,3379
19.3389,3368
19.3417,3353
19.3444,2961
19.3472,2352
19.3500,1773
19.3528,1357
19.3556,1117
19.3583,985
19.3611,925
19.3639,876
19.3667,876
19.3694,897
19.3722,925
19.3750,954
19.3778,983
19.3806,1074
19.3833,1220
19.3861,1381
19.3889,1524
19.3917,1610
19.3944,1653
19.3972,1648
19.4000,1625
19.4028,1605
19.4056,1599
19.4083,1612
19.4111,1623
19.4139,1638
19.4167,1635
19.4194,1629
19.4222,1623
19.4250,1632
19.4278,1654
19.4306,1672
19.4333,1685
19.4361,1693
19.4389,1671
19.4417,1657
19.4444,1641
19.4472,1644
19.4500,1660
19.4528,1681
19.4556,1688
19.4583,1686
19.4611,1676
19.4639,1662
19.4667,1668
19.4694,1673
19.4722,1686
19.4750,1696
19.4778,1697
19.4806,1687
19.4833,1675
19.4861,1678
19.4889,1703
19.4917,1725
19.4944,1732
19.4972,1727
19.5000,1715
19.5028,1693
19.5056,1694
19.5083,1708
19.5111,1728
19.5139,1741
19.5167,1737
19.5194,1737
19.5222,1725
19.5250,1726
19.5278,1748
19.5306,1757
19.5333,1762
19.5361,1750
19.5389,1737
19.5417,1734
19.5444,1926
19.5472,1922
19.5500,1946
19.5528,1965
19.5556,1974
19.5583,1969
19.5611,1969
19.5639,1961
19.5667,1969
19.5694,1987
19.5722,2021
19.5750,2039
19.5778,2051
19.5806,2052
19.5833,2034
19.5861,2034
19.5889,2044
19.5917,2055
19.5944,2052
19.5972,2045
19.6000,2041
19.6028,2037
19.6056,2047
19.6083,2051
19.6111,2040
19.6139,2021
19.6167,1994
19.6194,1966
19.6222,1928
19.6250,1908
19.6278,1885
19.6306,1868
19.6333,1848
19.6361,1835
19.6389,1798
19.6417,1792
19.6444,1763
19.6472,1736
19.6500,1717
19.6528,1692
19.6556,1669
19.6583,1658
19.6611,1639
19.6639,1624
19.6667,1611
19.6694,1603
19.6722,1602
19.6750,1615
19.6778,1616
19.6806,1614
19.6833,1600
19.6861,1588
19.6889,1586
19.6917,1584
19.6944,1578
19.6972,1581
19.7000,1581
19.7028,1583
19.7056,1585
19.7083,1595
19.7111,1605
19.7139,1610
19.7167,1614
19.7194,1606
19.7222,1599
19.7250,1608
19.7278,1594
19.7306,1594
19.7333,1595
19.7361,1604
19.7389,1604
19.7417,1594
19.7444,1588
19.7472,1591
19.7500,1597
19.7528,1597
19.7556,1605
19.7583,1600
19.7611,1609
19.7639,1599
19.7667,1596
19.7694,1586
19.7722,1581
19.7750,1578
19.7778,1588
19.7806,1595
19.7833,1605
19.7861,1602
19.7889,1606
19.7917,1613
19.7944,1625
19.7972,1625
19.8000,1616
19.8028,1599
19.8056,1589
19.8083,1581
19.8111,1581
19.8139,1599
19.8167,1612
19.8194,1626
19.8222,1618
19.8250,1612
19.8278,1611
19.8306,1610
19.8333,1610
19.8361,1599
19.8389,1604
19.8417,1598
19.8444,1598
19.8472,1603
19.8500,1600
19.8528,1618
19.8556,1614
19.8583,1609
19.8611,1598
19.8639,1593
19.8667,1588
19.8694,1591
19.8722,1592
19.8750,1589
19.8778,1596
19.8806,1584
19.8833,1577
19.8861,1579
19.8889,1592
19.8917,1605
19.8944,1623
19.8972,1624
19.9000,1620
19.9028,1624
19.9056,1629
19.9083,1631
19.9111,1631
19.9139,1630
19.9167,1618
19.9194,1603
19.9222,1603
19.9250,1592
19.9278,1602
19.9306,1609
19.9333,1622
19.9361,1637
19.9389,1633
19.9417,1629
19.9444,1617
19.9472,1611
19.9500,1609
19.9528,1606
19.9556,1607
19.9583,1615
19.9611,1619
19.9639,1625
19.9667,1621
19.9694,1614
19.9722,1617
19.9750,1617
19.9778,1616
19.9806,1625
19.9833,1628
19.9861,1620
19.9889,1622
19.9917,1617
19.9944,1621
19.9972,1632
20.0000,1649
20.0028,1650
20.0056,1653
20.0083,1653
20.0111,1649
20.0139,1658
20.0167,1659
20.0194,1663
20.0222,1663
20.0250,1638
20.0278,1624
20.0306,1627
20.0333,1631
20.0361,1647
20.0389,1653
20.0417,1654
20.0444,1661
20.0472,1666
20.0500,1659
20.0528,1662
20.0556,1656
20.0583,1654
20.0611,1652
20.0639,1649
20.0667,1654
20.0694,1652
20.0722,1652
20.0750,1648
20.0778,1660
20.0806,1657
20.0833,1653
20.0861,1655
20.0889,1661
20.0917,1653
20.0944,1652
20.0972,1668
20.1000,1672
20.1028,1672
20.1056,1666
20.1083,1664
20.1111,1656
20.1139,1664
20.1167,1672
20.1194,1679
20.1222,1679
20.1250,1679
20.1278,1688
20.1306,1683
20.1333,1684
20.1361,1675
20.1389,1670
20.1417,1686
20.1444,1693
20.1472,1689
20.1500,1687
20.1528,1681
20.1556,1682
20.1583,1664
20.1611,1666
20.1639,1678
20.1667,1684
20.1694,1687
20.1722,1699
20.1750,1680
20.1778,1685
20.1806,1690
20.1833,1676
20.1861,1685
20.1889,1676
20.1917,1681
20.1944,1690
20.1972,1701
20.2000,1711
20.2028,1710
20.2056,1709
20.2083,1699
20.2111,1700
20.2139,1709
20.2167,1706
20.2194,1696
20.2222,1690
20.2250,1705
20.2278,1710
20.2306,1717
20.2333,1722
20.2361,1709
20.2389,1701
20.2417,1706
20.2444,1706
20.2472,1709
20.2500,1714
20.2528,1717
20.2556,1697
20.2583,1705
20.2611,1707
20.2639,1706
20.2667,1705
20.2694,1689
20.2722,1695
20.2750,1709
20.2778,1722
20.2806,1726
20.2833,1729
20.2861,1724
20.2889,1709
20.2917,1691
20.2944,1678
20.2972,1673
20.3000,1678
20.3028,1691
20.3056,1714
20.3083,1725
20.3111,1731
20.3139,1738
20.3167,1734
20.3194,1731
20.3222,1728
20.3250,1719
20.3278,1725
20.3306,1715
20.3333,1720
20.3361,1730
20.3389,1735
20.3417,1734
20.3444,1728
20.3472,1733
20.3500,1719
20.3528,1717
20.3556,1721
20.3583,1714
20.3611,1709
20.3639,1718
20.3667,1726
20.3694,1736
20.3722,1736
20.3750,1742
20.3778,1732
20.3806,1731
20.3833,1735
20.3861,1739
20.3889,1741
20.3917,1741
20.3944,1738
20.3972,1738
20.4000,1741
20.4028,1747
20.4056,1744
20.4083,1741
20.4111,1735
20.4139,1737
20.4167,1728
20.4194,1737
20.4222,1742
20.4250,1742
20.4278,1748
20.4306,1747
20.4333,1762
20.4361,1760
20.4389,1752
20.4417,1739
20.4444,1749
20.4472,1751
20.4500,1752
20.4528,1760
20.4556,1766
20.4583,1773
20.4611,1775
20.4639,1781
20.4667,1787
20.4694,1805
20.4722,1821
20.4750,1846
20.4778,1856
20.4806,1855
20.4833,1846
20.4861,1841
20.4889,1854
20.4917,1863
20.4944,1879
20.4972,1892
20.5000,1919
20.5028,1917
20.5056,1933
20.5083,1952
20.5111,1941
20.5139,1934
20.5167,1905
20.5194,1881
20.5222,1851
20.5250,1832
20.5278,1826
20.5306,1825
20.5333,1826
20.5361,1831
20.5389,1828
20.5417,1819
20.5444,1803
20.5472,1783
20.5500,1784
20.5528,1765
20.5556,1762
20.5583,1746
20.5611,1739
20.5639,1730
20.5667,1727
20.5694,1720
20.5722,1717
20.5750,1726
20.5778,1728
20.5806,1725
20.5833,1715
20.5861,1677
20.5889,1600
20.5917,1541
20.5944,1506
20.5972,1536
20.6000,1640
20.6028,1799
20.6056,1995
20.6083,2253
20.6111,2577
20.6139,2938
20.6167,3275
20.6194,3354
20.6222,3364
20.6250,3380
20.6278,3374
20.6306,3349
20.6333,3029
20.6361,2444
20.6389,1879
20.6417,1454
20.6444,1217
20.6472,1083
20.6500,1043
20.6528,1003
20.6556,993
20.6583,1012
20.6611,1027
20.6639,1043
20.6667,1086
20.6694,1169
20.6722,1309
20.6750,1474
20.6778,1617
20.6806,1722
20.6833,1774
20.6861,1781
20.6889,1753
20.6917,1734
20.6944,1708
20.6972,1717
20.7000,1737
20.7028,1763
20.7056,1763
20.7083,1751
20.7111,1737
20.7139,1736
20.7167,1738
20.7194,1763
20.7222,1776
20.7250,1780
20.7278,1771
20.7306,1751
20.7333,1761
20.7361,1768
20.7389,1800
20.7417,1801
20.7444,1808
20.7472,1806
20.7500,1785
20.7528,1776
20.7556,1769
20.7583,1784
20.7611,1795
20.7639,1797
20.7667,1809
20.7694,1803
20.7722,1802
20.7750,1803
20.7778,1820
20.7806,1822
20.7833,1830
20.7861,1827
20.7889,1821
20.7917,1822
20.7944,1819
20.7972,1825
20.8000,1836
20.8028,1851
20.8056,1855
20.8083,1851
20.8111,1847
20.8139,1845
20.8167,1846
20.8194,1862
20.8222,1864
20.8250,1870
20.8278,1862
20.8306,1853
20.8333,2010
20.8361,2014
20.8389,2034
20.8417,2042
20.8444,2063
20.8472,2077
20.8500,2081
20.8528,2086
20.8556,2093
20.8583,2111
20.8611,2119
20.8639,2122
20.8667,2123
20.8694,2129
20.8722,2124
20.8750,2124
20.8778,2132
20.8806,2148
20.8833,2159
20.8861,2152
20.8889,2135
20.8917,2125
20.8944,2103
20.8972,2094
20.9000,2089
20.9028,2082
20.9056,2068
20.9083,2042
20.9111,2018
20.9139,1997
20.9167,1972
20.9194,1954
20.9222,1931
20.9250,1909
20.9278,1884
20.9306,1847
20.9333,1816
20.9361,1793
20.9389,1774
20.9417,1767
20.9444,1761
20.9472,1739
20.9500,1720
20.9528,1700
20.9556,1694
20.9583,1701
20.9611,1695
20.9639,1692
20.9667,1678
20.9694,1661
20.9722,1652
20.9750,1648
20.9778,1650
20.9806,1658
20.9833,1670
20.9861,1664
20.9889,1656
20.9917,1656
20.9944,1654
20.9972,1651
21.0000,1650
21.0028,1645
21.0056,1652
21.0083,1645
21.0111,1651
21.0139,1647
21.0167,1658
21.0194,1660
21.0222,1671
21.0250,1665
21.0278,1663
21.0306,1656
21.0333,1658
21.0361,1668
21.0389,1661
21.0417,1678
21.0444,1680
21.0472,1663
21.0500,1654
21.0528,1650
21.0556,1656
21.0583,1667
21.0611,1669
21.0639,1672
21.0667,1675
21.0694,1674
21.0722,1672
21.0750,1676
21.0778,1678
21.0806,1685
21.0833,1678
21.0861,1675
21.0889,1679
21.0917,1678
21.0944,1684
21.0972,1687
21.1000,1681
21.1028,1675
21.1056,1679
21.1083,1673
21.1111,1660
21.1139,1661
21.1167,1667
21.1194,1658
21.1222,1671
21.1250,1667
21.1278,1671
21.1306,1646
21.1333,1642
21.1361,1636
21.1389,1638
21.1417,1644
21.1444,1640
21.1472,1639
21.1500,1628
21.1528,1632
21.1556,1627
21.1583,1634
21.1611,1648
21.1639,1652
21.1667,1664
21.1694,1660
21.1722,1648
21.1750,1649
21.1778,1647
21.1806,1644
21.1833,1646
21.1861,1642
21.1889,1651
21.1917,1647
21.1944,1652
21.1972,1652
21.2000,1645
21.2028,1649
21.2056,1643
21.2083,1641
21.2111,1637
21.2139,1644
21.2167,1636
21.2194,1651
21.2222,1653
21.2250,1653
21.2278,1638
21.2306,1611
21.2333,1613
21.2361,1618
21.2389,1627
21.2417,1634
21.2444,1646
21.2472,1650
21.2500,1638
21.2528,1639
21.2556,1636
21.2583,1635
21.2611,1630
21.2639,1631
21.2667,1629
21.2694,1636
21.2722,1638
21.2750,1645
21.2778,1641
21.2806,1657
21.2833,1653
21.2861,1662
21.2889,1664
21.2917,1657
21.2944,1650
21.2972,1655
21.3000,1659
21.3028,1658
21.3056,1660
21.3083,1651
21.3111,1647
21.3139,1652
21.3167,1645
21.3194,1649
21.3222,1653
21.3250,1657
21.3278,1660
21.3306,1663
21.3333,1663
21.3361,1661
21.3389,1656
21.3417,1656
21.3444,1644
21.3472,1648
21.3500,1657
21.3528,1650
21.3556,1650
21.3583,1656
21.3611,1659
21.3639,1670
21.3667,1665
21.3694,1666
21.3722,1660
21.3750,1659
21.3778,1658
21.3806,1651
21.3833,1654
21.3861,1649
21.3889,1646
21.3917,1643
21.3944,1644
21.3972,1654
21.4000,1653
21.4028,1648
21.4056,1664
21.4083,1668
21.4111,1662
21.4139,1653
21.4167,1646
21.4194,1648
21.4222,1653
21.4250,1653
21.4278,1651
21.4306,1659
21.4333,1676
21.4361,1667
21.4389,1672
21.4417,1680
21.4444,1680
21.4472,1672
21.4500,1668
21.4528,1660
21.4556,1654
21.4583,1665
21.4611,1672
21.4639,1669
21.4667,1675
21.4694,1667
21.4722,1654
21.4750,1654
21.4778,1657
21.4806,1664
21.4833,1667
21.4861,1673
21.4889,1674
21.4917,1681
21.4944,1681
21.4972,1676
21.5000,1671
21.5028,1681
21.5056,1684
21.5083,1676
21.5111,1687
21.5139,1686
21.5167,1677
21.5194,1688
21.5222,1687
21.5250,1685
21.5278,1686
21.5306,1682
21.5333,1691
21.5361,1679
21.5389,1677
21.5417,1678
21.5444,1679
21.5472,1669
21.5500,1678
21.5528,1679
21.5556,1683
21.5583,1676
21.5611,1678
21.5639,1682
21.5667,1683
21.5694,1686
21.5722,1682
21.5750,1678
21.5778,1684
21.5806,1684
21.5833,1691
21.5861,1697
21.5889,1703
21.5917,1698
21.5944,1699
21.5972,1687
21.6000,1684
21.6028,1693
21.6056,1686
21.6083,1683
21.6111,1683
21.6139,1684
21.6167,1683
21.6194,1688
21.6222,1688
21.6250,1686
21.6278,1698
21.6306,1698
21.6333,1699
21.6361,1700
21.6389,1699
21.6417,1705
21.6444,1698
21.6472,1693
21.6500,1698
21.6528,1698
21.6556,1698
21.6583,1700
21.6611,1698
21.6639,1696
21.6667,1703
21.6694,1703
21.6722,1704
21.6750,1712
21.6778,1713
21.6806,1715
21.6833,1712
21.6861,1710
21.6889,1709
21.6917,1709
21.6944,1706
21.6972,1709
21.7000,1720
21.7028,1730
21.7056,1730
21.7083,1729
21.7111,1718
21.7139,1711
21.7167,1708
21.7194,1703
21.7222,1703
21.7250,1717
21.7278,1711
21.7306,1709
21.7333,1712
21.7361,1715
21.7389,1719
21.7417,1708
21.7444,1702
21.7472,1678
21.7500,1680
21.7528,1694
21.7556,1704
21.7583,1710
21.7611,1721
21.7639,1717
21.7667,1723
21.7694,1720
21.7722,1722
21.7750,1730
21.7778,1724
21.7806,1711
21.7833,1713
21.7861,1703
21.7889,1702
21.7917,1715
21.7944,1722
21.7972,1731
21.8000,1739
21.8028,1751
21.8056,1759
21.8083,1769
21.8111,1786
21.8139,1805
21.8167,1812
21.8194,1808
21.8222,1807
21.8250,1797
21.8278,1794
21.8306,1808
21.8333,1809
21.8361,1814
21.8389,1817
21.8417,1826
21.8444,1830
21.8472,1844
21.8500,1847
21.8528,1852
21.8556,1835
21.8583,1804
21.8611,1781
21.8639,1761
21.8667,1745
21.8694,1741
21.8722,1740
21.8750,1755
21.8778,1764
21.8806,1751
21.8833,1737
21.8861,1731
21.8889,1728
21.8917,1711
21.8944,1694
21.8972,1686
21.9000,1673
21.9028,1675
21.9056,1663
21.9083,1659
21.9111,1653
21.9139,1621
21.9167,1566
21.9194,1488
21.9222,1450
21.9250,1472
21.9278,1560
21.9306,1688
21.9333,1879
21.9361,2133
21.9389,2463
21.9417,2859
21.9444,3235
21.9472,3352
21.9500,3362
21.9528,3363
21.9556,3369
21.9583,3367
21.9611,3150
21.9639,2564
21.9667,1899
21.9694,1350
21.9722,1022
21.9750,858
21.9778,790
21.9806,776
21.9833,805
21.9861,868
21.9889,928
21.9917,984
21.9944,1059
21.9972,1184
22.0000,1349
22.0028,1491
22.0056,1600
22.0083,1653
22.0111,1678
22.0139,1665
22.0167,1635
22.0194,1613
22.0222,1608
22.0250,1626
22.0278,1655
22.0306,1686
22.0333,1687
22.0361,1672
22.0389,1655
22.0417,1640
22.0444,1658
22.0472,1679
22.0500,1705
22.0528,1701
22.0556,1698
22.0583,1680
22.0611,1671
22.0639,1665
22.0667,1682
22.0694,1693
22.0722,1709
22.0750,1703
22.0778,1690
22.0806,1671
22.0833,1676
22.0861,1682
22.0889,1699
22.0917,1711
22.0944,1697
22.0972,1691
22.1000,1681
22.1028,1682
22.1056,1701
22.1083,1721
22.1111,1744
22.1139,1737
22.1167,1730
22.1194,1708
22.1222,1692
22.1250,1706
22.1278,1729
22.1306,1757
22.1333,1765
22.1361,1755
22.1389,1746
22.1417,1738
22.1444,1733
22.1472,1742
22.1500,1756
22.1528,1758
22.1556,1753
22.1583,1756
22.1611,1758
22.1639,1935
22.1667,1938
22.1694,1957
22.1722,1970
22.1750,1966
22.1778,1983
22.1806,1979
22.1833,1993
22.1861,2005
22.1889,2022
22.1917,2036
22.1944,2044
22.1972,2051
22.2000,2036
22.2028,2038
22.2056,2054
22.2083,2069
22.2111,2082
22.2139,2072
22.2167,2058
22.2194,2041
22.2222,2025
22.2250,2011
22.2278,1999
22.2306,1990
22.2333,1975
22.2361,1946
22.2389,1924
22.2417,1888
22.2444,1862
22.2472,1833
22.2500,1820
22.2528,1799
22.2556,1772
22.2583,1750
22.2611,1727
22.2639,1719
22.2667,1696
22.2694,1683
22.2722,1659
22.2750,1645
22.2778,1623
22.2806,1613
22.2833,1614
22.2861,1612
22.2889,1610
22.2917,1609
22.2944,1604
22.2972,1585
22.3000,1568
22.3028,1563
22.3056,1561
22.3083,1564
22.3111,1570
22.3139,1573
22.3167,1580
22.3194,1575
22.3222,1566
22.3250,1561
22.3278,1567
22.3306,1569
22.3333,1568
22.3361,1558
22.3389,1548
22.3417,1536
22.3444,1547
22.3472,1553
22.3500,1568
22.3528,1595
22.3556,1590
22.3583,1598
22.3611,1585
22.3639,1572
22.3667,1573
22.3694,1570
22.3722,1578
22.3750,1584
22.3778,1582
22.3806,1577
22.3833,1566
22.3861,1570
22.3889,1587
22.3917,1588
22.3944,1585
22.3972,1586
22.4000,1589
22.4028,1588
22.4056,1586
22.4083,1602
22.4111,1599
22.4139,1597
22.4167,1590
22.4194,1581
22.4222,1576
22.4250,1579
22.4278,1587
22.4306,1602
22.4333,1602
22.4361,1608
22.4389,1603
22.4417,1597
22.4444,1589
22.4472,1582
22.4500,1592
22.4528,1585
22.4556,1575
22.4583,1575
22.4611,1573
22.4639,1575
22.4667,1585
22.4694,1588
22.4722,1585
22.4750,1580
22.4778,1574
22.4806,1570
22.4833,1571
22.4861,1567
22.4889,1572
22.4917,1570
22.4944,1570
22.4972,1573
22.5000,1575
22.5028,1580
22.5056,1582
22.5083,1583
22.5111,1589
22.5139,1578
22.5167,1581
22.5194,1563
22.5222,1569
22.5250,1559
22.5278,1567
22.5306,1564
22.5333,1564
22.5361,1571
22.5389,1571
22.5417,1571
22.5444,1565
22.5472,1578
22.5500,1577
22.5528,1576
22.5556,1572
22.5583,1567
22.5611,1564
22.5639,1561
22.5667,1576
22.5694,1591
22.5722,1602
22.5750,1589
22.5778,1587
22.5806,1571
22.5833,1571
22.5861,1575
22.5889,1590
22.5917,1611
22.5944,1605
22.5972,1601
22.6000,1598
22.6028,1598
22.6056,1602
22.6083,1592
22.6111,1599
22.6139,1599
22.6167,1582
22.6194,1578
22.6222,1573
22.6250,1583
22.6278,1595
22.6306,1608
22.6333,1614
22.6361,1612
22.6389,1610
22.6417,1594
22.6444,1588
22.6472,1587
22.6500,1589
22.6528,1597
22.6556,1595
22.6583,1604
22.6611,1599
22.6639,1597
22.6667,1595
22.6694,1608
22.6722,1605
22.6750,1611
22.6778,1614
22.6806,1617
22.6833,1622
22.6861,1620
22.6889,1619
22.6917,1618
22.6944,1614
22.6972,1614
22.7000,1612
22.7028,1618
22.7056,1622
22.7083,1625
22.7111,1634
22.7139,1629
22.7167,1632
22.7194,1624
22.7222,1614
22.7250,1615
22.7278,1615
22.7306,1627
22.7333,1625
22.7361,1626
22.7389,1625
22.7417,1623
22.7444,1629
22.7472,1628
22.7500,1621
22.7528,1625
22.7556,1620
22.7583,1624
22.7611,1620
22.7639,1614
22.7667,1609
22.7694,1607
22.7722,1612
22.7750,1615
22.7778,1622
22.7806,1629
22.7833,1631
22.7861,1632
22.7889,1637
22.7917,1641
22.7944,1640
22.7972,1633
22.8000,1640
22.8028,1639
22.8056,1638
22.8083,1632
22.8111,1638
22.8139,1637
22.8167,1639
22.8194,1636
22.8222,1634
22.8250,1636
22.8278,1632
22.8306,1641
22.8333,1641
22.8361,1639
22.8389,1640
22.8417,1639
22.8444,1636
22.8472,1649
22.8500,1652
22.8528,1654
22.8556,1649
22.8583,1638
22.8611,1639
22.8639,1655
22.8667,1657
22.8694,1661
22.8722,1665
22.8750,1659
22.8778,1655
22.8806,1656
22.8833,1644
22.8861,1643
22.8889,1647
22.8917,1647
22.8944,1659
22.8972,1672
22.9000,1665
22.9028,1659
22.9056,1656
22.9083,1643
22.9111,1644
22.9139,1658
22.9167,1659
22.9194,1665
22.9222,1660
22.9250,1663
22.9278,1664
22.9306,1664
22.9333,1666
22.9361,1670
22.9389,1667
22.9417,1677
22.9444,1674
22.9472,1668
22.9500,1667
22.9528,1665
22.9556,1667
22.9583,1656
22.9611,1659
22.9639,1660
22.9667,1677
22.9694,1686
22.9722,1690
22.9750,1688
22.9778,1673
22.9806,1660
22.9833,1657
22.9861,1657
22.9889,1666
22.9917,1685
22.9944,1703
22.9972,1708
23.0000,1710
23.0028,1705
23.0056,1702
23.0083,1697
23.0111,1695
23.0139,1685
23.0167,1686
23.0194,1686
23.0222,1698
23.0250,1710
23.0278,1704
23.0306,1696
23.0333,1690
23.0361,1677
23.0389,1667
23.0417,1675
23.0444,1683
23.0472,1697
23.0500,1692
23.0528,1698
23.0556,1709
23.0583,1702
23.0611,1700
23.0639,1690
23.0667,1687
23.0694,1683
23.0722,1687
23.0750,1691
23.0778,1690
23.0806,1688
23.0833,1674
23.0861,1673
23.0889,1664
23.0917,1660
23.0944,1678
23.0972,1684
23.1000,1700
23.1028,1719
23.1056,1722
23.1083,1713
23.1111,1703
23.1139,1702
23.1167,1702
23.1194,1693
23.1222,1695
23.1250,1698
23.1278,1721
23.1306,1726
23.1333,1736
23.1361,1739
23.1389,1725
23.1417,1714
23.1444,1706
23.1472,1695
23.1500,1706
23.1528,1714
23.1556,1714
23.1583,1725
23.1611,1730
23.1639,1734
23.1667,1739
23.1694,1727
23.1722,1713
23.1750,1708
23.1778,1722
23.1806,1721
23.1833,1743
23.1861,1732
23.1889,1727
23.1917,1704
23.1944,1691
23.1972,1686
23.2000,1706
23.2028,1719
23.2056,1740
23.2083,1752
23.2111,1746
23.2139,1736
23.2167,1735
23.2194,1751
23.2222,1762
23.2250,1773
23.2278,1786
23.2306,1786
23.2333,1789
23.2361,1781
23.2389,1780
23.2417,1786
23.2444,1791
23.2472,1801
23.2500,1804
23.2528,1814
23.2556,1811
23.2583,1806
23.2611,1782
23.2639,1735
23.2667,1670
23.2694,1616
23.2722,1609
23.2750,1680
23.2778,1822
23.2806,2030
23.2833,2302
23.2861,2636
23.2889,3018
23.2917,3345
23.2944,3362
23.2972,3363
23.3000,3370
23.3028,3376
23.3056,3357
23.3083,3198
23.3111,2621
23.3139,1994
23.3167,1472
23.3194,1147
23.3222,987
23.3250,911
23.3278,866
23.3306,862
23.3333,901
23.3361,945
23.3389,986
23.3417,1032
23.3444,1120
23.3472,1262
23.3500,1407
23.3528,1547
23.3556,1628
23.3583,1677
23.3611,1675
23.3639,1640
23.3667,1605
23.3694,1575
23.3722,1592
23.3750,1621
23.3778,1647
23.3806,1658
23.3833,1648
23.3861,1634
23.3889,1642
23.3917,1644
23.3944,1659
23.3972,1673
23.4000,1670
23.4028,1663
23.4056,1649
23.4083,1644
23.4111,1651
23.4139,1674
23.4167,1692
23.4194,1705
23.4222,1696
23.4250,1680
23.4278,1665
23.4306,1663
23.4333,1680
23.4361,1702
23.4389,1706
23.4417,1714
23.4444,1677
23.4472,1658
23.4500,1653
23.4528,1671
23.4556,1696
23.4583,1732
23.4611,1724
23.4639,1710
23.4667,1692
23.4694,1687
23.4722,1695
23.4750,1705
23.4778,1732
23.4806,1738
23.4833,1744
23.4861,1731
23.4889,1724
23.4917,1730
23.4944,1734
23.4972,1756
23.5000,1751
23.5028,1750
23.5056,1743
23.5083,1743
23.5111,1905
23.5139,1927
23.5167,1944
23.5194,1971
23.5222,1964
23.5250,1948
23.5278,1936
23.5306,1952
23.5333,1981
23.5361,2001
23.5389,2008
23.5417,2012
23.5444,2013
23.5472,2014
23.5500,2022
23.5528,2024
23.5556,2022
23.5583,2028
23.5611,2022
23.5639,2017
23.5667,2006
23.5694,2007
23.5722,2003
23.5750,1991
23.5778,1998
23.5806,1969
23.5833,1944
23.5861,1911
23.5889,1876
23.5917,1850
23.5944,1835
23.5972,1831
23.6000,1816
23.6028,1797
23.6056,1769
23.6083,1749
23.6111,1726
23.6139,1705
23.6167,1691
23.6194,1691
23.6222,1662
23.6250,1643
23.6278,1624
23.6306,1607
23.6333,1596
23.6361,1606
23.6389,1612
23.6417,1625
23.6444,1620
23.6472,1599
23.6500,1578
23.6528,1568
23.6556,1580
23.6583,1599
23.6611,1609
23.6639,1618
23.6667,1613
23.6694,1604
23.6722,1604
23.6750,1604
23.6778,1607
23.6806,1606
23.6833,1599
23.6861,1592
23.6889,1588
23.6917,1593
23.6944,1605
23.6972,1627
23.7000,1610
23.7028,1604
23.7056,1590
23.7083,1590
23.7111,1593
23.7139,1592
23.7167,1594
23.7194,1595
23.7222,1588
23.7250,1592
23.7278,1595
23.7306,1609
23.7333,1610
23.7361,1616
23.7389,1622
23.7417,1616
23.7444,1604
23.7472,1611
23.7500,1619
23.7528,1629
23.7556,1637
23.7583,1621
23.7611,1619
23.7639,1606
23.7667,1598
23.7694,1593
23.7722,1597
23.7750,1612
23.7778,1618
23.7806,1619
23.7833,1613
23.7861,1608
23.7889,1609
23.7917,1613
23.7944,1619
23.7972,1619
23.8000,1608
23.8028,1590
23.8056,1569
23.8083,1569
23.8111,1591
23.8139,1614
23.8167,1623
23.8194,1627
23.8222,1612
23.8250,1607
23.8278,1591
23.8306,1588
23.8333,1588
23.8361,1599
23.8389,1605
23.8417,1604
23.8444,1613
23.8472,1608
23.8500,1603
23.8528,1607
23.8556,1611
23.8583,1618
23.8611,1625
23.8639,1626
23.8667,1615
23.8694,1607
23.8722,1600
23.8750,1597
23.8778,1610
23.8806,1618
23.8833,1615
23.8861,1614
23.8889,1617
23.8917,1622
23.8944,1615
23.8972,1621
23.9000,1614
23.9028,1612
23.9056,1604
23.9083,1609
23.9111,1613
23.9139,1619
23.9167,1620
23.9194,1620
23.9222,1627
23.9250,1626
23.9278,1624
23.9306,1625
23.9333,1639
23.9361,1634
23.9389,1640
23.9417,1636
23.9444,1631
23.9472,1629
23.9500,1621
23.9528,1621
23.9556,1624
23.9583,1632
23.9611,1653
23.9639,1646
23.9667,1648
23.9694,1644
23.9722,1642
23.9750,1644
23.9778,1640
23.9806,1646
23.9833,1641
23.9861,1637
23.9889,1638
23.9917,1637
23.9944,1645
23.9972,1653
24.0000,1654
24.0028,1647
24.0056,1650
24.0083,1645
24.0111,1661
24.0139,1661
24.0167,1673
24.0194,1668
24.0222,1665
24.0250,1667
24.0278,1659
24.0306,1663
24.0333,1651
24.0361,1651
24.0389,1652
24.0417,1648
24.0444,1637
24.0472,1635
24.0500,1635
24.0528,1646
24.0556,1651
24.0583,1666
24.0611,1666
24.0639,1663
24.0667,1661
24.0694,1672
24.0722,1668
24.0750,1670
24.0778,1670
24.0806,1675
24.0833,1673
24.0861,1678
24.0889,1687
24.0917,1683
24.0944,1689
24.0972,1689
24.1000,1691
24.1028,1683
24.1056,1678
24.1083,1688
24.1111,1688
24.1139,1694
24.1167,1707
24.1194,1709
24.1222,1716
24.1250,1709
24.1278,1711
24.1306,1703
24.1333,1695
24.1361,1700
24.1389,1694
24.1417,1709
24.1444,1706
24.1472,1727
24.1500,1737
24.1528,1751
24.1556,1759
24.1583,1747
24.1611,1739
24.1639,1736
24.1667,1732
24.1694,1729
24.1722,1729
24.1750,1742
24.1778,1751
24.1806,1745
24.1833,1756
24.1861,1744
24.1889,1752
24.1917,1754
24.1944,1752
24.1972,1748
24.2000,1755
24.2028,1752
24.2056,1756
24.2083,1760
24.2111,1753
24.2139,1765
24.2167,1764
24.2194,1765
24.2222,1768
24.2250,1766
24.2278,1765
24.2306,1763
24.2333,1765
24.2361,1761
24.2389,1762
24.2417,1758
24.2444,1759
24.2472,1773
24.2500,1776
24.2528,1775
24.2556,1775
24.2583,1770
24.2611,1767
24.2639,1766
24.2667,1754
24.2694,1759
24.2722,1766
24.2750,1771
24.2778,1768
24.2806,1756
24.2833,1771
24.2861,1764
24.2889,1763
24.2917,1759
24.2944,1761
24.2972,1761
24.3000,1775
24.3028,1776
24.3056,1784
24.3083,1784
24.3111,1783
24.3139,1786
24.3167,1790
24.3194,1794
24.3222,1795
24.3250,1792
24.3278,1784
24.3306,1775
24.3333,1782
24.3361,1786
24.3389,1794
24.3417,1795
24.3444,1798
24.3472,1804
24.3500,1801
24.3528,1794
24.3556,1788
24.3583,1781
24.3611,1787
24.3639,1787
24.3667,1799
24.3694,1799
24.3722,1798
24.3750,1803
24.3778,1787
24.3806,1792
24.3833,1783
24.3861,1802
24.3889,1795
24.3917,1789
24.3944,1785
24.3972,1782
24.4000,1789
24.4028,1799
24.4056,1802
24.4083,1805
24.4111,1804
24.4139,1812
24.4167,1806
24.4194,1805
24.4222,1816
24.4250,1812
24.4278,1800
24.4306,1784
24.4333,1783
24.4361,1790
24.4389,1801
24.4417,1796
24.4444,1799
24.4472,1807
24.4500,1800
24.4528,1795
24.4556,1799
24.4583,1787
24.4611,1786
24.4639,1799
24.4667,1793
24.4694,1802
24.4722,1820
24.4750,1829
24.4778,1838
24.4806,1847
24.4833,1854
24.4861,1856
24.4889,1866
24.4917,1861
24.4944,1873
24.4972,1882
24.5000,1891
24.5028,1886
24.5056,1891
24.5083,1884
24.5111,1881
24.5139,1883
24.5167,1894
24.5194,1891
24.5222,1900
24.5250,1904
24.5278,1906
24.5306,1899
24.5333,1890
24.5361,1870
24.5389,1847
24.5417,1829
24.5444,1820
24.5472,1823
24.5500,1823
24.5528,1823
24.5556,1847
24.5583,1844
24.5611,1847
24.5639,1809
24.5667,1792
24.5694,1769
24.5722,1738
24.5750,1690
24.5778,1625
24.5806,1561
24.5833,1542
24.5861,1592
24.5889,1704
24.5917,1874
24.5944,2102
24.5972,2389
24.6000,2735
24.6028,3137
24.6056,3348
24.6083,3361
24.6111,3388
24.6139,3377
24.6167,3376
24.6194,3350
24.6222,3066
24.6250,2430
24.6278,1794
24.6306,1333
24.6333,1072
24.6361,960
24.6389,900
24.6417,895
24.6444,924
24.6472,979
24.6500,1026
24.6528,1094
24.6556,1167
24.6583,1302
24.6611,1458
24.6639,1592
24.6667,1680
24.6694,1738
24.6722,1746
24.6750,1727
24.6778,1690
24.6806,1661
24.6833,1663
24.6861,1695
24.6889,1727
24.6917,1753
24.6944,1740
24.6972,1722
24.7000,1697
24.7028,1694
24.7056,1709
24.7083,1739
24.7111,1759
24.7139,1759
24.7167,1744
24.7194,1735
24.7222,1714
24.7250,1719
24.7278,1733
24.7306,1755
24.7333,1767
24.7361,1762
24.7389,1748
24.7417,1739
24.7444,1742
24.7472,1763
24.7500,1780
24.7528,1794
24.7556,1782
24.7583,1756
24.7611,1738
24.7639,1727
24.7667,1746
24.7694,1761
24.7722,1771
24.7750,1780
24.7778,1775
24.7806,1757
24.7833,1758
24.7861,1770
24.7889,1786
24.7917,1795
24.7944,1789
24.7972,1779
24.8000,1765
24.8028,1774
24.8056,1788
24.8083,1813
24.8111,1833
24.8139,1825
24.8167,1812
24.8194,1796
24.8222,1940
24.8250,1937
24.8278,1979
24.8306,2012
24.8333,2028
24.8361,2027
24.8389,2026
24.8417,2018
24.8444,2020
24.8472,2029
24.8500,2053
24.8528,2055
24.8556,2067
24.8583,2058
24.8611,2062
24.8639,2064
24.8667,2085
24.8694,2100
24.8722,2112
24.8750,2106
24.8778,2083
24.8806,2057
24.8833,2048
24.8861,2037
24.8889,2039
24.8917,2017
24.8944,1996
24.8972,1976
24.9000,1935
24.9028,1907
24.9056,1877
24.9083,1866
24.9111,1840
24.9139,1813
24.9167,1789
24.9194,1753
24.9222,1723
24.9250,1713
24.9278,1697
24.9306,1689
24.9333,1682
24.9361,1669
24.9389,1646
24.9417,1627
24.9444,1629
24.9472,1629
24.9500,1632
24.9528,1617
24.9556,1605
24.9583,1591
24.9611,1571
24.9639,1570
24.9667,1577
24.9694,1579
24.9722,1586
24.9750,1581
24.9778,1582
24.9806,1587
24.9833,1587
24.9861,1592
24.9889,1599
24.9917,1593
24.9944,1584
24.9972,1564
25.0000,1566
25.0028,1572
25.0056,1576
25.0083,1592
25.0111,1599
25.0139,1608
25.0167,1605
25.0194,1603
25.0222,1595
25.0250,1596
25.0278,1600
25.0306,1619
25.0333,1612
25.0361,1611
25.0389,1593
25.0417,1592
25.0444,1594
25.0472,1606
25.0500,1616
25.0528,1624
25.0556,1622
25.0583,1617
25.0611,1611
25.0639,1611
25.0667,1611
25.0694,1611
25.0722,1611
25.0750,1599
25.0778,1590
25.0806,1592
25.0833,1606
25.0861,1606
25.0889,1609
25.0917,1608
25.0944,1611
25.0972,1611
25.1000,1603
25.1028,1601
25.1056,1599
25.1083,1594
25.1111,1598
25.1139,1605
25.1167,1605
25.1194,1606
25.1222,1591
25.1250,1589
25.1278,1583
25.1306,1600
25.1333,1610
25.1361,1592
25.1389,1593
25.1417,1568
25.1444,1565
25.1472,1574
25.1500,1577
25.1528,1590
25.1556,1596
25.1583,1589
25.1611,1597
25.1639,1587
25.1667,1590
25.1694,1604
25.1722,1600
25.1750,1594
25.1778,1593
25.1806,1579
25.1833,1582
25.1861,1589
25.1889,1609
25.1917,1610
25.1944,1609
25.1972,1599
25.2000,1595
25.2028,1592
25.2056,1597
25.2083,1598
25.2111,1600
25.2139,1602
25.2167,1595
25.2194,1591
25.2222,1591
25.2250,1588
25.2278,1579
25.2306,1589
25.2333,1591
25.2361,1584
25.2389,1591
25.2417,1596
25.2444,1594
25.2472,1606
25.2500,1605
25.2528,1606
25.2556,1618
25.2583,1605
25.2611,1607
25.2639,1610
25.2667,1612
25.2694,1601
25.2722,1603
25.2750,1597
25.2778,1599
25.2806,1608
25.2833,1612
25.2861,1614
25.2889,1616
25.2917,1612
25.2944,1607
25.2972,1603
25.3000,1607
25.3028,1612
25.3056,1607
25.3083,1614
25.3111,1627
25.3139,1644
25.3167,1639
25.3194,1637
25.3222,1631
25.3250,1633
25.3278,1633
25.3306,1639
25.3333,1630
25.3361,1635
25.3389,1629
25.3417,1631
25.3444,1628
25.3472,1631
25.3500,1636
25.3528,1644
25.3556,1635
25.3583,1631
25.3611,1631
25.3639,1627
25.3667,1630
25.3694,1637
25.3722,1651
25.3750,1657
25.3778,1650
25.3806,1651
25.3833,1650
25.3861,1646
25.3889,1658
25.3917,1659
25.3944,1657
25.3972,1655
25.4000,1644
25.4028,1650
25.4056,1654
25.4083,1652
25.4111,1659
25.4139,1650
25.4167,1642
25.4194,1645
25.4222,1659
25.4250,1653
25.4278,1674
25.4306,1670
25.4333,1673
25.4361,1651
25.4389,1653
25.4417,1644
25.4444,1650
25.4472,1652
25.4500,1662
25.4528,1660
25.4556,1675
25.4583,1675
25.4611,1671
25.4639,1667
25.4667,1676
25.4694,1664
25.4722,1669
25.4750,1670
25.4778,1667
25.4806,1673
25.4833,1678
25.4861,1675
25.4889,1674
25.4917,1678
25.4944,1679
25.4972,1674
25.5000,1680
25.5028,1677
25.5056,1669
25.5083,1669
25.5111,1675
25.5139,1687
25.5167,1687
25.5194,1692
25.5222,1701
25.5250,1702
25.5278,1707
25.5306,1707
25.5333,1690
25.5361,1684
25.5389,1675
25.5417,1676
25.5444,1669
25.5472,1674
25.5500,1686
25.5528,1687
25.5556,1681
25.5583,1692
25.5611,1694
25.5639,1687
25.5667,1689
25.5694,1683
25.5722,1683
25.5750,1687
25.5778,1691
25.5806,1695
25.5833,1689
25.5861,1693
25.5889,1696
25.5917,1702
25.5944,1705
25.5972,1714
25.6000,1709
25.6028,1706
25.6056,1703
25.6083,1713
25.6111,1721
25.6139,1715
25.6167,1719
25.6194,1713
25.6222,1710
25.6250,1705
25.6278,1698
25.6306,1700
25.6333,1701
25.6361,1694
25.6389,1693
25.6417,1693
25.6444,1704
25.6472,1703
25.6500,1707
25.6528,1714
25.6556,1709
25.6583,1711
25.6611,1710
25.6639,1698
25.6667,1704
25.6694,1699
25.6722,1695
25.6750,1694
25.6778,1690
25.6806,1686
25.6833,1691
25.6861,1702
25.6889,1710
25.6917,1711
25.6944,1706
25.6972,1702
25.7000,1706
25.7028,1705
25.7056,1706
25.7083,1714
25.7111,1710
25.7139,1711
25.7167,1699
25.7194,1688
25.7222,1699
25.7250,1707
25.7278,1704
25.7306,1715
25.7333,1716
25.7361,1715
25.7389,1706
25.7417,1712
25.7444,1712
25.7472,1714
25.7500,1711
25.7528,1719
25.7556,1713
25.7583,1719
25.7611,1717
25.7639,1722
25.7667,1720
25.7694,1717
25.7722,1722
25.7750,1719
25.7778,1713
25.7806,1714
25.7833,1714
25.7861,1717
25.7889,1718
25.7917,1720
25.7944,1716
25.7972,1714
25.8000,1720
25.8028,1723
25.8056,1719
25.8083,1711
25.8111,1714
25.8139,1710
25.8167,1706
25.8194,1713
25.8222,1712
25.8250,1711
25.8278,1722
25.8306,1723
25.8333,1720
25.8361,1715
25.8389,1718
25.8417,1718
25.8444,1719
25.8472,1718
25.8500,1710
25.8528,1721
25.8556,1723
25.8583,1730
25.8611,1736
25.8639,1737
25.8667,1742
25.8694,1761
25.8722,1793
25.8750,1813
25.8778,1839
25.8806,1843
25.8833,1830
25.8861,1818
25.8889,1796
25.8917,1796
25.8944,1798
25.8972,1815
25.9000,1824
25.9028,1831
25.9056,1847
25.9083,1859
25.9111,1863
25.9139,1873
25.9167,1843
25.9194,1773
25.9222,1673
25.9250,1599
25.9278,1581
25.9306,1637
25.9333,1762
25.9361,1937
25.9389,2177
25.9417,2483
25.9444,2839
25.9472,3229
25.9500,3356
25.9528,3364
25.9556,3374
25.9583,3375
25.9611,3368
25.9639,3359
25.9667,3026
25.9694,2376
25.9722,1714
25.9750,1221
25.9778,942
25.9806,793
25.9833,744
25.9861,759
25.9889,838
25.9917,924
25.9944,996
25.9972,1070
26.0000,1179
26.0028,1321
26.0056,1456
26.0083,1565
26.0111,1640
26.0139,1665
26.0167,1665
26.0194,1640
26.0222,1611
26.0250,1595
26.0278,1609
26.0306,1641
26.0333,1668
26.0361,1676
26.0389,1670
26.0417,1647
26.0444,1633
26.0472,1640
26.0500,1658
26.0528,1671
26.0556,1696
26.0583,1697
26.0611,1680
26.0639,1659
26.0667,1661
26.0694,1662
26.0722,1685
26.0750,1706
26.0778,1711
26.0806,1709
26.0833,1687
26.0861,1672
26.0889,1677
26.0917,1694
26.0944,1716
26.0972,1720
26.1000,1714
26.1028,1690
26.1056,1685
26.1083,1683
26.1111,1688
26.1139,1708
26.1167,1725
26.1194,1724
26.1222,1716
26.1250,1702
26.1278,1706
26.1306,1729
26.1333,1744
26.1361,1758
26.1389,1756
26.1417,1755
26.1444,1733
26.1472,1733
26.1500,1753
26.1528,1778
26.1556,1785
26.1583,1783
26.1611,1770
26.1639,1758
26.1667,1901
26.1694,1911
26.1722,1925
26.1750,1941
26.1778,1957
26.1806,1951
26.1833,1934
26.1861,1935
26.1889,1940
26.1917,1970
26.1944,1994
26.1972,2021
26.2000,2019
26.2028,2016
26.2056,2004
26.2083,2017
26.2111,2027
26.2139,2047
26.2167,2057
26.2194,2041
26.2222,2011
26.2250,1991
26.2278,1994
26.2306,1986
26.2333,1997
26.2361,1985
26.2389,1957
26.2417,1921
26.2444,1896
26.2472,1856
26.2500,1840
26.2528,1816
26.2556,1806
26.2583,1778
26.2611,1736
26.2639,1694
26.2667,1664
26.2694,1658
26.2722,1664
26.2750,1655
26.2778,1655
26.2806,1628
26.2833,1608
26.2861,1590
26.2889,1585
26.2917,1584
26.2944,1573
26.2972,1583
26.3000,1567
26.3028,1554
26.3056,1550
26.3083,1559
26.3111,1557
26.3139,1570
26.3167,1569
26.3194,1565
26.3222,1566
26.3250,1561
26.3278,1553
26.3306,1553
26.3333,1568
26.3361,1575
26.3389,1575
26.3417,1570
26.3444,1565
26.3472,1557
26.3500,1562
26.3528,1576
26.3556,1579
26.3583,1579
26.3611,1573
26.3639,1563
26.3667,1554
26.3694,1559
26.3722,1568
26.3750,1581
26.3778,1583
26.3806,1588
26.3833,1574
26.3861,1571
26.3889,1564
26.3917,1576
26.3944,1593
26.3972,1597
26.4000,1591
26.4028,1579
26.4056,1574
26.4083,1569
26.4111,1570
26.4139,1585
26.4167,1595
26.4194,1588
26.4222,1582
26.4250,1576
26.4278,1579
26.4306,1572
26.4333,1566
26.4361,1571
26.4389,1574
26.4417,1574
26.4444,1572
26.4472,1560
26.4500,1559
26.4528,1563
26.4556,1557
26.4583,1560
26.4611,1548
26.4639,1558
26.4667,1565
26.4694,1573
26.4722,1569
26.4750,1569
26.4778,1565
26.4806,1551
26.4833,1531
26.4861,1541
26.4889,1542
26.4917,1549
26.4944,1561
26.4972,1571
26.5000,1567
26.5028,1541
26.5056,1538
26.5083,1536
26.5111,1541
26.5139,1545
26.5167,1550
26.5194,1551
26.5222,1547
26.5250,1539
26.5278,1544
26.5306,1540
26.5333,1552
26.5361,1551
26.5389,1548
26.5417,1548
26.5444,1553
26.5472,1557
26.5500,1564
26.5528,1554
26.5556,1553
26.5583,1553
26.5611,1553
26.5639,1556
26.5667,1566
26.5694,1572
26.5722,1581
26.5750,1582
26.5778,1584
26.5806,1577
26.5833,1568
26.5861,1562
26.5889,1564
26.5917,1563
26.5944,1570
26.5972,1567
26.6000,1569
26.6028,1580
26.6056,1577
26.6083,1571
26.6111,1577
26.6139,1571
26.6167,1580
26.6194,1574
26.6222,1575
26.6250,1575
26.6278,1579
26.6306,1584
26.6333,1589
26.6361,1600
26.6389,1598
26.6417,1605
26.6444,1598
26.6472,1580
26.6500,1594
26.6528,1605
26.6556,1602
26.6583,1611
26.6611,1600
26.6639,1607
26.6667,1605
26.6694,1615
26.6722,1621
26.6750,1618
26.6778,1618
26.6806,1618
26.6833,1620
26.6861,1621
26.6889,1619
26.6917,1609
26.6944,1606
26.6972,1608
26.7000,1608
26.7028,1618
26.7056,1620
26.7083,1628
26.7111,1627
26.7139,1622
26.7167,1627
26.7194,1613
26.7222,1614
26.7250,1621
26.7278,1622
26.7306,1637
26.7333,1632
26.7361,1642
26.7389,1638
26.7417,1642
26.7444,1642
26.7472,1639
26.7500,1628
26.7528,1619
26.7556,1618
26.7583,1618
26.7611,1609
26.7639,1621
26.7667,1619
26.7694,1623
26.7722,1632
26.7750,1636
26.7778,1643
26.7806,1654
26.7833,1647
26.7861,1641
26.7889,1635
26.7917,1641
26.7944,1651
26.7972,1655
26.8000,1655
26.8028,1656
26.8056,1654
26.8083,1651
26.8111,1656
26.8139,1652
26.8167,1652
26.8194,1653
26.8222,1649
26.8250,1651
26.8278,1645
26.8306,1642
26.8333,1649
26.8361,1647
26.8389,1658
26.8417,1655
26.8444,1659
26.8472,1659
26.8500,1670
26.8528,1671
26.8556,1656
26.8583,1650
26.8611,1641
26.8639,1645
26.8667,1645
26.8694,1638
26.8722,1654
26.8750,1660
26.8778,1660
26.8806,1667
26.8833,1660
26.8861,1659
26.8889,1654
26.8917,1648
26.8944,1645
26.8972,1648
26.9000,1673
26.9028,1684
26.9056,1682
26.9083,1685
26.9111,1670
26.9139,1671
26.9167,1665
26.9194,1671
26.9222,1674
26.9250,1675
26.9278,1671
26.9306,1682
26.9333,1687
26.9361,1684
26.9389,1690
26.9417,1673
26.9444,1679
26.9472,1688
26.9500,1704
26.9528,1703
26.9556,1714
26.9583,1711
26.9611,1702
26.9639,1690
26.9667,1689
26.9694,1700
26.9722,1702
26.9750,1691
26.9778,1698
26.9806,1686
26.9833,1678
26.9861,1680
26.9889,1686
26.9917,1688
26.9944,1700
26.9972,1713
27.0000,1713
27.0028,1707
27.0056,1701
27.0083,1696
27.0111,1702
27.0139,1701
27.0167,1697
27.0194,1693
27.0222,1689
27.0250,1684
27.0278,1704
27.0306,1711
27.0333,1731
27.0361,1725
27.0389,1722
27.0417,1709
27.0444,1707
27.0472,1704
27.0500,1710
27.0528,1707
27.0556,1714
27.0583,1712
27.0611,1712
27.0639,1715
27.0667,1712
27.0694,1713
27.0722,1716
27.0750,1712
27.0778,1710
27.0806,1723
27.0833,1716
27.0861,1727
27.0889,1725
27.0917,1727
27.0944,1724
27.0972,1716
27.1000,1717
27.1028,1709
27.1056,1717
27.1083,1714
27.1111,1724
27.1139,1724
27.1167,1710
27.1194,1704
27.1222,1705
27.1250,1714
27.1278,1723
27.1306,1747
27.1333,1781
27.1361,1790
27.1389,1816
27.1417,1817
27.1444,1806
27.1472,1805
27.1500,1785
27.1528,1779
27.1556,1780
27.1583,1795
27.1611,1799
27.1639,1808
27.1667,1817
27.1694,1828
27.1722,1841
27.1750,1847
27.1778,1850
27.1806,1846
27.1833,1831
27.1861,1802
27.1889,1785
27.1917,1774
27.1944,1768
27.1972,1762
27.2000,1767
27.2028,1768
27.2056,1775
27.2083,1767
27.2111,1748
27.2139,1746
27.2167,1733
27.2194,1717
27.2222,1702
27.2250,1690
27.2278,1680
27.2306,1692
27.2333,1696
27.2361,1700
27.2389,1693
27.2417,1670
27.2444,1611
27.2472,1531
27.2500,1483
27.2528,1487
27.2556,1562
27.2583,1705
27.2611,1898
27.2639,2153
27.2667,2463
27.2694,2831
27.2722,3189
27.2750,3350
27.2778,3356
27.2806,3367
27.2833,3378
27.2861,3364
27.2889,3086
27.2917,2536
27.2944,1950
27.2972,1507
27.3000,1237
27.3028,1085
27.3056,1018
27.3083,963
27.3111,949
27.3139,947
27.3167,977
27.3194,999
27.3222,1027
27.3250,1088
27.3278,1212
27.3306,1380
27.3333,1535
27.3361,1644
27.3389,1706
27.3417,1709
27.3444,1688
27.3472,1677
27.3500,1666
27.3528,1678
27.3556,1696
27.3583,1717
27.3611,1723
27.3639,1701
27.3667,1690
27.3694,1691
27.3722,1694
27.3750,1711
27.3778,1714
27.3806,1717
27.3833,1714
27.3861,1701
27.3889,1702
27.3917,1703
27.3944,1714
27.3972,1728
27.4000,1737
27.4028,1734
27.4056,1724
27.4083,1717
27.4111,1716
27.4139,1720
27.4167,1737
27.4194,1735
27.4222,1758
27.4250,1744
27.4278,1736
27.4306,1739
27.4333,1737
27.4361,1748
27.4389,1758
27.4417,1756
27.4444,1752
27.4472,1746
27.4500,1743
27.4528,1753
27.4556,1760
27.4583,1774
27.4611,1776
27.4639,1763
27.4667,1756
27.4694,1749
27.4722,1758
27.4750,1765
27.4778,1774
27.4806,1782
27.4833,1778
27.4861,1776
27.4889,1918
27.4917,1922
27.4944,1937
27.4972,1964
27.5000,1979
27.5028,1988
27.5056,1972
27.5083,1974
27.5111,1968
27.5139,1983
27.5167,2008
27.5194,2024
27.5222,2039
27.5250,2046
27.5278,2036
27.5306,2020
27.5333,2032
27.5361,2041
27.5389,2063
27.5417,2070
27.5444,2070
27.5472,2053
27.5500,2037
27.5528,2034
27.5556,2023
27.5583,2011
27.5611,2005
27.5639,1982
27.5667,1942
27.5694,1914
27.5722,1870
27.5750,1863
27.5778,1845
27.5806,1845
27.5833,1827
27.5861,1796
27.5889,1761
27.5917,1734
27.5944,1715
27.5972,1709
27.6000,1697
27.6028,1676
27.6056,1656
27.6083,1650
27.6111,1641
27.6139,1636
27.6167,1635
27.6194,1623
27.6222,1617
27.6250,1614
27.6278,1609
27.6306,1595
27.6333,1585
27.6361,1593
27.6389,1598
27.6417,1615
27.6444,1608
27.6472,1610
27.6500,1607
27.6528,1618
27.6556,1624
27.6583,1629
27.6611,1617
27.6639,1597
27.6667,1592
27.6694,1588
27.6722,1582
27.6750,1591
27.6778,1611
27.6806,1615
27.6833,1626
27.6861,1616
27.6889,1603
27.6917,1603
27.6944,1606
27.6972,1602
27.7000,1600
27.7028,1607
27.7056,1605
27.7083,1594
27.7111,1597
27.7139,1599
27.7167,1606
27.7194,1609
27.7222,1620
27.7250,1619
27.7278,1623
27.7306,1618
27.7333,1625
27.7361,1628
27.7389,1640
27.7417,1636
27.7444,1634
27.7472,1627
27.7500,1628
27.7528,1624
27.7556,1637
27.7583,1641
27.7611,1631
27.7639,1624
27.7667,1607
27.7694,1603
27.7722,1604
27.7750,1624
27.7778,1628
27.7806,1631
27.7833,1626
27.7861,1622
27.7889,1610
27.7917,1602
27.7944,1597
27.7972,1597
27.8000,1609
27.8028,1622
27.8056,1618
27.8083,1613
27.8111,1614
27.8139,1606
27.8167,1606
27.8194,1598
27.8222,1595
27.8250,1598
27.8278,1600
27.8306,1599
27.8333,1608
27.8361,1601
27.8389,1594
27.8417,1603
27.8444,1609
27.8472,1611
27.8500,1611
27.8528,1623
27.8556,1624
27.8583,1626
27.8611,1617
27.8639,1615
27.8667,1612
27.8694,1614
27.8722,1616
27.8750,1609
27.8778,1614
27.8806,1616
27.8833,1614
27.8861,1608
27.8889,1614
27.8917,1619
27.8944,1626
27.8972,1632
27.9000,1638
27.9028,1635
27.9056,1626
27.9083,1620
27.9111,1630
27.9139,1631
27.9167,1634
27.9194,1637
27.9222,1637
27.9250,1636
27.9278,1633
27.9306,1643
27.9333,1643
27.9361,1628
27.9389,1638
27.9417,1641
27.9444,1636
27.9472,1634
27.9500,1636
27.9528,1631
27.9556,1620
27.9583,1625
27.9611,1627
27.9639,1632
27.9667,1649
27.9694,1665
27.9722,1659
27.9750,1657
27.9778,1660
27.9806,1658
27.9833,1654
27.9861,1643
27.9889,1642
27.9917,1649
27.9944,1662
27.9972,1652
28.0000,1669
28.0028,1661
28.0056,1665
28.0083,1668
28.0111,1669
28.0139,1671
28.0167,1684
28.0194,1685
28.0222,1687
28.0250,1681
28.0278,1677
28.0306,1666
28.0333,1673
28.0361,1673
28.0389,1674
28.0417,1666
28.0444,1667
28.0472,1652
28.0500,1666
28.0528,1670
28.0556,1687
28.0583,1692
28.0611,1683
28.0639,1681
28.0667,1687
28.0694,1681
28.0722,1687
28.0750,1679
28.0778,1676
28.0806,1679
28.0833,1678
28.0861,1688
28.0889,1683
28.0917,1683
28.0944,1688
28.0972,1690
28.1000,1695
28.1028,1709
28.1056,1710
28.1083,1708
28.1111,1711
28.1139,1695
28.1167,1698
28.1194,1697
28.1222,1697
28.1250,1700
28.1278,1706
28.1306,1712
28.1333,1710
28.1361,1714
28.1389,1720
28.1417,1709
28.1444,1707
28.1472,1705
28.1500,1718
28.1528,1719
28.1556,1720
28.1583,1725
28.1611,1729
28.1639,1733
28.1667,1730
28.1694,1721
28.1722,1718
28.1750,1713
28.1778,1714
28.1806,1724
28.1833,1721
28.1861,1722
28.1889,1725
28.1917,1725
28.1944,1724
28.1972,1720
28.2000,1729
28.2028,1722
28.2056,1732
28.2083,1735
28.2111,1729
28.2139,1740
28.2167,1740
28.2194,1741
28.2222,1738
28.2250,1742
28.2278,1728
28.2306,1728
28.2333,1729
28.2361,1732
28.2389,1733
28.2417,1739
28.2444,1743
28.2472,1742
28.2500,1737
28.2528,1735
28.2556,1750
28.2583,1758
28.2611,1755
28.2639,1756
28.2667,1741
28.2694,1743
28.2722,1745
28.2750,1751
28.2778,1747
28.2806,1739
28.2833,1740
28.2861,1742
28.2889,1755
28.2917,1765
28.2944,1760
28.2972,1767
28.3000,1771
28.3028,1770
28.3056,1769
28.3083,1771
28.3111,1766
28.3139,1768
28.3167,1769
28.3194,1759
28.3222,1769
28.3250,1786
28.3278,1786
28.3306,1785
28.3333,1783
28.3361,1783
28.3389,1778
28.3417,1774
28.3444,1766
28.3472,1774
28.3500,1782
28.3528,1786
28.3556,1787
28.3583,1793
28.3611,1785
28.3639,1787
28.3667,1783
28.3694,1778
28.3722,1772
28.3750,1773
28.3778,1781
28.3806,1780
28.3833,1774
28.3861,1780
28.3889,1773
28.3917,1763
28.3944,1767
28.3972,1778
28.4000,1790
28.4028,1794
28.4056,1794
28.4083,1782
28.4111,1781
28.4139,1780
28.4167,1777
28.4194,1777
28.4222,1774
28.4250,1776
28.4278,1782
28.4306,1799
28.4333,1809
28.4361,1835
28.4389,1861
28.4417,1876
28.4444,1877
28.4472,1869
28.4500,1865
28.4528,1856
28.4556,1844
28.4583,1853
28.4611,1866
28.4639,1868
28.4667,1881
28.4694,1894
28.4722,1906
28.4750,1919
28.4778,1921
28.4806,1900
28.4833,1872
28.4861,1841
28.4889,1815
28.4917,1797
28.4944,1807
28.4972,1813
28.5000,1827
28.5028,1819
28.5056,1799
28.5083,1794
28.5111,1777
28.5139,1777
28.5167,1759
28.5194,1746
28.5222,1736
28.5250,1719
28.5278,1720
28.5306,1718
28.5333,1730
28.5361,1733
28.5389,1725
28.5417,1724
28.5444,1726
28.5472,1711
28.5500,1693
28.5528,1644
28.5556,1564
28.5583,1508
28.5611,1506
28.5639,1581
28.5667,1701
28.5694,1875
28.5722,2096
28.5750,2377
28.5778,2735
28.5806,3110
28.5833,3348
28.5861,3353
28.5889,3375
28.5917,3378
28.5944,3366
28.5972,3278
28.6000,2776
28.6028,2145
28.6056,1604
28.6083,1244
28.6111,1035
28.6139,947
28.6167,902
28.6194,904
28.6222,921
28.6250,982
28.6278,1008
28.6306,1053
28.6333,1117
28.6361,1255
28.6389,1422
28.6417,1581
28.6444,1692
28.6472,1744
28.6500,1766
28.6528,1732
28.6556,1701
28.6583,1682
28.6611,1678
28.6639,1699
28.6667,1732
28.6694,1745
28.6722,1745
28.6750,1725
28.6778,1709
28.6806,1706
28.6833,1721
28.6861,1733
28.6889,1746
28.6917,1745
28.6944,1741
28.6972,1727
28.7000,1728
28.7028,1738
28.7056,1752
28.7083,1756
28.7111,1752
28.7139,1735
28.7167,1724
28.7194,1726
28.7222,1730
28.7250,1761
28.7278,1782
28.7306,1782
28.7333,1768
28.7361,1752
28.7389,1750
28.7417,1753
28.7444,1765
28.7472,1774
28.7500,1779
28.7528,1774
28.7556,1774
28.7583,1777
28.7611,1760
28.7639,1778
28.7667,1786
28.7694,1790
28.7722,1795
28.7750,1782
28.7778,1781
28.7806,1775
28.7833,1792
28.7861,1798
28.7889,1818
28.7917,1820
28.7944,1817
28.7972,1821
28.8000,1942
28.8028,1949
28.8056,1975
28.8083,2007
28.8111,2038
28.8139,2049
28.8167,2056
28.8194,2051
28.8222,2055
28.8250,2071
28.8278,2083
28.8306,2081
28.8333,2088
28.8361,2099
28.8389,2082
28.8417,2103
28.8444,2116
28.8472,2128
28.8500,2138
28.8528,2120
28.8556,2101
28.8583,2072
28.8611,2066
28.8639,2073
28.8667,2074
28.8694,2062
28.8722,2024
28.8750,1989
28.8778,1946
28.8806,1918
28.8833,1895
28.8861,1882
28.8889,1880
28.8917,1856
28.8944,1831
28.8972,1785
28.9000,1760
28.9028,1728
28.9056,1713
28.9083,1705
28.9111,1688
28.9139,1676
28.9167,1663
28.9194,1646
28.9222,1648
28.9250,1639
28.9278,1645
28.9306,1631
28.9333,1626
28.9361,1615
28.9389,1604
28.9417,1601
28.9444,1596
28.9472,1606
28.9500,1608
28.9528,1603
28.9556,1601
28.9583,1592
28.9611,1597
28.9639,1597
28.9667,1598
28.9694,1599
28.9722,1601
28.9750,1592
28.9778,1594
28.9806,1595
28.9833,1603
28.9861,1606
28.9889,1604
28.9917,1606
28.9944,1598
28.9972,1593
29.0000,1594
29.0028,1596
29.0056,1600
29.0083,1608
29.0111,1610
29.0139,1610
29.0167,1592
29.0194,1587
29.0222,1585
29.0250,1584
29.0278,1595
29.0306,1607
29.0333,1621
29.0361,1620
29.0389,1617
29.0417,1625
29.0444,1627
29.0472,1629
29.0500,1629
29.0528,1620
29.0556,1599
29.0583,1589
29.0611,1602
29.0639,1621
29.0667,1631
29.0694,1631
29.0722,1629
29.0750,1616
29.0778,1605
29.0806,1616
29.0833,1618
29.0861,1618
29.0889,1619
29.0917,1627
29.0944,1616
29.0972,1608
29.1000,1596
29.1028,1606
29.1056,1605
29.1083,1613
29.1111,1616
29.1139,1599
29.1167,1591
29.1194,1582
29.1222,1578
29.1250,1578
29.1278,1581
29.1306,1596
29.1333,1602
29.1361,1600
29.1389,1604
29.1417,1594
29.1444,1598
29.1472,1603
29.1500,1597
29.1528,1586
29.1556,1583
29.1583,1567
29.1611,1568
29.1639,1582
29.1667,1588
29.1694,1597
29.1722,1599
29.1750,1590
29.1778,1586
29.1806,1585
29.1833,1587
29.1861,1593
29.1889,1606
29.1917,1600
29.1944,1599
29.1972,1585
29.2000,1582
29.2028,1585
29.2056,1591
29.2083,1588
29.2111,1590
29.2139,1586
29.2167,1585
29.2194,1581
29.2222,1583
29.2250,1590
29.2278,1597
29.2306,1599
29.2333,1602
29.2361,1594
29.2389,1586
29.2417,1578
29.2444,1575
29.2472,1584
29.2500,1587
29.2528,1599
29.2556,1591
29.2583,1601
29.2611,1597
29.2639,1602
29.2667,1596
29.2694,1606
29.2722,1611
29.2750,1617
29.2778,1620
29.2806,1619
29.2833,1614
29.2861,1606
29.2889,1615
29.2917,1612
29.2944,1605
29.2972,1609
29.3000,1605
29.3028,1617
29.3056,1618
29.3083,1612
29.3111,1627
29.3139,1632
29.3167,1633
29.3194,1636
29.3222,1643
29.3250,1640
29.3278,1629
29.3306,1634
29.3333,1633
29.3361,1632
29.3389,1629
29.3417,1630
29.3444,1632
29.3472,1632
29.3500,1634
29.3528,1631
29.3556,1636
29.3583,1629
29.3611,1630
29.3639,1627
29.3667,1634
29.3694,1642
29.3722,1647
29.3750,1654
29.3778,1649
29.3806,1647
29.3833,1633
29.3861,1634
29.3889,1641
29.3917,1651
29.3944,1653
29.3972,1657
29.4000,1664
29.4028,1659
29.4056,1674
29.4083,1665
29.4111,1675
29.4139,1667
29.4167,1661
29.4194,1656
29.4222,1658
29.4250,1654
29.4278,1645
29.4306,1644
29.4333,1632
29.4361,1640
29.4389,1654
29.4417,1673
29.4444,1680
29.4472,1677
29.4500,1674
29.4528,1666
29.4556,1670
29.4583,1665
29.4611,1672
29.4639,1680
29.4667,1676
29.4694,1685
29.4722,1679
29.4750,1674
29.4778,1665
29.4806,1670
29.4833,1677
29.4861,1678
29.4889,1684
29.4917,1687
29.4944,1686
29.4972,1688
29.5000,1681
29.5028,1676
29.5056,1677
29.5083,1690
29.5111,1690
29.5139,1693
29.5167,1689
29.5194,1701
29.5222,1693
29.5250,1691
29.5278,1693
29.5306,1691
29.5333,1690
29.5361,1690
29.5389,1691
29.5417,1692
29.5444,1697
29.5472,1688
29.5500,1692
29.5528,1683
29.5556,1679
29.5583,1686
29.5611,1686
29.5639,1688
29.5667,1691
29.5694,1699
29.5722,1690
29.5750,1702
29.5778,1700
29.5806,1714
29.5833,1688
29.5861,1689
29.5889,1689
29.5917,1682
29.5944,1685
29.5972,1685
29.6000,1702
29.6028,1697
29.6056,1708
29.6083,1713
29.6111,1705
29.6139,1697
29.6167,1691
29.6194,1697
29.6222,1694
29.6250,1701
29.6278,1700
29.6306,1706
29.6333,1709
29.6361,1706
29.6389,1711
29.6417,1703
29.6444,1699
29.6472,1702
29.6500,1699
29.6528,1702
29.6556,1697
29.6583,1707
29.6611,1706
29.6639,1712
29.6667,1713
29.6694,1720
29.6722,1720
29.6750,1711
29.6778,1704
29.6806,1704
29.6833,1701
29.6861,1698
29.6889,1702
29.6917,1700
29.6944,1711
29.6972,1710
29.7000,1724
29.7028,1736
29.7056,1763
29.7083,1778
29.7111,1786
29.7139,1807
29.7167,1818
29.7194,1819
29.7222,1814
29.7250,1804
29.7278,1795
29.7306,1801
29.7333,1804
29.7361,1806
29.7389,1814
29.7417,1822
29.7444,1839
29.7472,1839
29.7500,1845
29.7528,1861
29.7556,1837
29.7583,1817
29.7611,1795
29.7639,1777
29.7667,1759
29.7694,1759
29.7722,1767
29.7750,1774
29.7778,1772
29.7806,1757
29.7833,1744
29.7861,1725
29.7889,1712
29.7917,1702
29.7944,1687
29.7972,1683
29.8000,1675
29.8028,1665
29.8056,1666
29.8083,1681
29.8111,1674
29.8139,1681
29.8167,1685
29.8194,1682
29.8222,1679
29.8250,1657
29.8278,1623
29.8306,1545
29.8333,1471
29.8361,1431
29.8389,1462
29.8417,1555
29.8444,1702
29.8472,1901
29.8500,2153
29.8528,2464
29.8556,2848
29.8583,3206
29.8611,3354
29.8639,3356
29.8667,3372
29.8694,3371
29.8722,3357
29.8750,3077
29.8778,2472
29.8806,1832
29.8833,1333
29.8861,1040
29.8889,886
29.8917,829
29.8944,814
29.8972,821
29.9000,876
29.9028,939
29.9056,985
29.9083,1061
29.9111,1172
29.9139,1341
29.9167,1509
29.9194,1619
29.9222,1687
29.9250,1712
29.9278,1707
29.9306,1678
29.9333,1654
29.9361,1643
29.9389,1650
29.9417,1678
29.9444,1701
29.9472,1705
29.9500,1694
29.9528,1671
29.9556,1667
29.9583,1673
29.9611,1690
29.9639,1706
29.9667,1708
29.9694,1713
29.9722,1690
29.9750,1691
29.9778,1694
29.9806,1695
29.9833,1711
29.9861,1732
29.9889,1722
29.9917,1715
29.9944,1699
29.9972,1694
30.0000,1706
30.0028,1723
30.0056,1741
30.0083,1743
30.0111,1736
30.0139,1724
30.0167,1721
30.0194,1730
30.0222,1743
30.0250,1759
30.0278,1745
30.0306,1737
30.0333,1737
30.0361,1742
30.0389,1757
30.0417,1767
30.0444,1780
30.0472,1769
30.0500,1757
30.0528,1758
30.0556,1749
30.0583,1769
30.0611,1784
30.0639,1804
30.0667,1799
30.0694,1790
30.0722,1788
30.0750,1793
30.0778,1973
30.0806,1977
30.0833,1994
30.0861,2015
30.0889,2004
30.0917,1991
30.0944,1979
30.0972,1993
30.1000,2008
30.1028,2036
30.1056,2045
30.1083,2055
30.1111,2055
30.1139,2054
30.1167,2055
30.1194,2067
30.1222,2080
30.1250,2100
30.1278,2094
30.1306,2083
30.1333,2061
30.1361,2044
30.1389,2039
30.1417,2032
30.1444,2023
30.1472,2003
30.1500,1983
30.1528,1940
30.1556,1902
30.1583,1868
30.1611,1848
30.1639,1838
30.1667,1826
30.1694,1809
30.1722,1785
30.1750,1748
30.1778,1720
30.1806,1708
30.1833,1702
30.1861,1680
30.1889,1657
30.1917,1622
30.1944,1605
30.1972,1600
30.2000,1607
30.2028,1636
30.2056,1640
30.2083,1638
30.2111,1619
30.2139,1600
30.2167,1591
30.2194,1581
30.2222,1587
30.2250,1599
30.2278,1593
30.2306,1586
30.2333,1578
30.2361,1580
30.2389,1592
30.2417,1606
30.2444,1614
30.2472,1617
30.2500,1601
30.2528,1588
30.2556,1587
30.2583,1577
30.2611,1589
30.2639,1603
30.2667,1624
30.2694,1627
30.2722,1615
30.2750,1611
30.2778,1598
30.2806,1587
30.2833,1589
30.2861,1591
30.2889,1603
30.2917,1598
30.2944,1601
30.2972,1602
30.3000,1604
30.3028,1609
30.3056,1617
30.3083,1617
30.3111,1608
30.3139,1602
30.3167,1599
30.3194,1604
30.3222,1620
30.3250,1619
30.3278,1611
30.3306,1605
30.3333,1587
30.3361,1577
30.3389,1589
30.3417,1590
30.3444,1594
30.3472,1583
30.3500,1577
30.3528,1578
30.3556,1572
30.3583,1579
30.3611,1570
30.3639,1576
30.3667,1588
30.3694,1594
30.3722,1597
30.3750,1590
30.3778,1585
30.3806,1576
30.3833,1580
30.3861,1584
30.3889,1592
30.3917,1586
30.3944,1577
30.3972,1575
30.4000,1570
30.4028,1572
30.4056,1586
30.4083,1588
30.4111,1594
30.4139,1587
30.4167,1585
30.4194,1574
30.4222,1584
30.4250,1596
30.4278,1605
30.4306,1594
30.4333,1586
30.4361,1573
30.4389,1580
30.4417,1582
30.4444,1592
30.4472,1591
30.4500,1589
30.4528,1586
30.4556,1588
30.4583,1586
30.4611,1574
30.4639,1582
30.4667,1575
30.4694,1587
30.4722,1592
30.4750,1586
30.4778,1591
30.4806,1580
30.4833,1585
30.4861,1590
30.4889,1593
30.4917,1601
30.4944,1588
30.4972,1582
30.5000,1590
30.5028,1588
30.5056,1592
30.5083,1586
30.5111,1581
30.5139,1581
30.5167,1580
30.5194,1567
30.5222,1562
30.5250,1561
30.5278,1571
30.5306,1576
30.5333,1580
30.5361,1587
30.5389,1589
30.5417,1593
30.5444,1591
30.5472,1584
30.5500,1571
30.5528,1576
30.5556,1576
30.5583,1584
30.5611,1590
30.5639,1587
30.5667,1591
30.5694,1594
30.5722,1589
30.5750,1593
30.5778,1593
30.5806,1594
30.5833,1587
30.5861,1594
30.5889,1600
30.5917,1596
30.5944,1593
30.5972,1586
30.6000,1590
30.6028,1592
30.6056,1594
30.6083,1586
30.6111,1594
30.6139,1595
30.6167,1589
30.6194,1578
30.6222,1583
30.6250,1586
30.6278,1591
30.6306,1596
30.6333,1604
30.6361,1608
30.6389,1610
30.6417,1604
30.6444,1594
30.6472,1585
30.6500,1599
30.6528,1595
30.6556,1600
30.6583,1594
30.6611,1595
30.6639,1600
30.6667,1598
30.6694,1603
30.6722,1614
30.6750,1611
30.6778,1610
30.6806,1616
30.6833,1607
30.6861,1609
30.6889,1600
30.6917,1608
30.6944,1613
30.6972,1614
30.7000,1622
30.7028,1624
30.7056,1631
30.7083,1615
30.7111,1615
30.7139,1614
30.7167,1616
30.7194,1625
30.7222,1628
30.7250,1631
30.7278,1635
30.7306,1634
30.7333,1634
30.7361,1616
30.7389,1615
30.7417,1625
30.7444,1629
30.7472,1629
30.7500,1629
30.7528,1630
30.7556,1632
30.7583,1637
30.7611,1634
30.7639,1636
30.7667,1648
30.7694,1649
30.7722,1639
30.7750,1635
30.7778,1626
30.7806,1613
30.7833,1617
30.7861,1619
30.7889,1629
30.7917,1629
30.7944,1648
30.7972,1641
30.8000,1637
30.8028,1651
30.8056,1641
30.8083,1641
30.8111,1644
30.8139,1645
30.8167,1653
30.8194,1668
30.8222,1666
30.8250,1670
30.8278,1664
30.8306,1658
30.8333,1652
30.8361,1649
30.8389,1657
30.8417,1645
30.8444,1660
30.8472,1667
30.8500,1675
30.8528,1669
30.8556,1662
30.8583,1652
30.8611,1651
30.8639,1642
30.8667,1638
30.8694,1650
30.8722,1648
30.8750,1649
30.8778,1657
30.8806,1663
30.8833,1654
30.8861,1651
30.8889,1638
30.8917,1638
30.8944,1630
30.8972,1644
30.9000,1657
30.9028,1666
30.9056,1678
30.9083,1689
30.9111,1677
30.9139,1665
30.9167,1646
30.9194,1640
30.9222,1654
30.9250,1681
30.9278,1683
30.9306,1697
30.9333,1692
30.9361,1690
30.9389,1699
30.9417,1710
30.9444,1734
30.9472,1740
30.9500,1750
30.9528,1743
30.9556,1737
30.9583,1738
30.9611,1746
30.9639,1751
30.9667,1757
30.9694,1770
30.9722,1783
30.9750,1796
30.9778,1804
30.9806,1810
30.9833,1804
30.9861,1779
30.9889,1757
30.9917,1721
30.9944,1713
30.9972,1714
31.0000,1735
31.0028,1735
31.0056,1730
31.0083,1728
31.0111,1722
31.0139,1730
31.0167,1722
31.0194,1702
31.0222,1688
31.0250,1662
31.0278,1648
31.0306,1637
31.0333,1634
31.0361,1639
31.0389,1650
31.0417,1657
31.0444,1650
31.0472,1658
31.0500,1640
31.0528,1639
31.0556,1619
31.0583,1585
31.0611,1511
31.0639,1446
31.0667,1420
31.0694,1454
31.0722,1557
31.0750,1716
31.0778,1914
31.0806,2167
31.0833,2489
31.0861,2854
31.0889,3183
31.0917,3349
31.0944,3358
31.0972,3364
31.1000,3370
31.1028,3190
31.1056,2720
31.1083,2163
31.1111,1684
31.1139,1360
31.1167,1174
31.1194,1061
31.1222,995
31.1250,944
31.1278,916
31.1306,913
31.1333,919
31.1361,920
31.1389,959
31.1417,1046
31.1444,1191
31.1472,1367
31.1500,1510
31.1528,1589
31.1556,1632
31.1583,1622
31.1611,1610
31.1639,1591
31.1667,1601
31.1694,1611
31.1722,1636
31.1750,1656
31.1778,1654
31.1806,1661
31.1833,1653
31.1861,1636
31.1889,1650
31.1917,1659
31.1944,1661
31.1972,1664
31.2000,1658
31.2028,1647
31.2056,1652
31.2083,1662
31.2111,1682
31.2139,1688
31.2167,1696
31.2194,1689
31.2222,1690
31.2250,1695
31.2278,1693
31.2306,1694
31.2333,1688
31.2361,1686
31.2389,1693
31.2417,1694
31.2444,1707
31.2472,1717
31.2500,1733
31.2528,1735
31.2556,1712
31.2583,1693
31.2611,1683
31.2639,1686
31.2667,1699
31.2694,1707
31.2722,1714
31.2750,1717
31.2778,1717
31.2806,1712
31.2833,1713
31.2861,1713
31.2889,1729
31.2917,1747
31.2944,1774
31.2972,1768
31.3000,1777
31.3028,1769
31.3056,1925
31.3083,1934
31.3111,1933
31.3139,1946
31.3167,1956
31.3194,1968
31.3222,1967
31.3250,1961
31.3278,1971
31.3306,1982
31.3333,1998
31.3361,2015
31.3389,2022
31.3417,2023
31.3444,2022
31.3472,2022
31.3500,2030
31.3528,2046
31.3556,2061
31.3583,2053
31.3611,2050
31.3639,2014
31.3667,1999
31.3694,1983
31.3722,1959
31.3750,1937
31.3778,1909
31.3806,1883
31.3833,1866
31.3861,1845
31.3889,1829
31.3917,1823
31.3944,1807
31.3972,1782
31.4000,1757
31.4028,1726
31.4056,1712
31.4083,1697
31.4111,1675
31.4139,1675
31.4167,1660
31.4194,1648
31.4222,1624
31.4250,1601
31.4278,1589
31.4306,1588
31.4333,1599
31.4361,1604
31.4389,1600
31.4417,1599
31.4444,1590
31.4472,1574
31.4500,1556
31.4528,1556
31.4556,1554
31.4583,1577
31.4611,1589
31.4639,1597
31.4667,1588
31.4694,1583
31.4722,1582
31.4750,1573
31.4778,1566
31.4806,1570
31.4833,1569
31.4861,1580
31.4889,1588
31.4917,1607
31.4944,1597
31.4972,1595
31.5000,1580
31.5028,1560
31.5056,1567
31.5083,1570
31.5111,1582
31.5139,1608
31.5167,1613
31.5194,1616
31.5222,1613
31.5250,1602
31.5278,1603
31.5306,1593
31.5333,1598
31.5361,1588
31.5389,1596
31.5417,1601
31.5444,1614
31.5472,1613
31.5500,1620
31.5528,1623
31.5556,1621
31.5583,1624
31.5611,1625
31.5639,1617
31.5667,1630
31.5694,1626
31.5722,1611
31.5750,1603
31.5778,1596
31.5806,1597
31.5833,1598
31.5861,1604
31.5889,1595
31.5917,1600
31.5944,1609
31.5972,1604
31.6000,1617
31.6028,1632
31.6056,1616
31.6083,1613
31.6111,1609
31.6139,1610
31.6167,1617
31.6194,1616
31.6222,1604
31.6250,1596
31.6278,1591
31.6306,1606
31.6333,1615
31.6361,1617
31.6389,1618
31.6417,1616
31.6444,1614
31.6472,1613
31.6500,1613
31.6528,1611
31.6556,1601
31.6583,1610
31.6611,1616
31.6639,1609
31.6667,1592
31.6694,1606
31.6722,1614
31.6750,1632
31.6778,1649
31.6806,1651
31.6833,1640
31.6861,1627
31.6889,1619
31.6917,1623
31.6944,1634
31.6972,1639
31.7000,1642
31.7028,1625
31.7056,1639
31.7083,1638
31.7111,1650
31.7139,1650
31.7167,1641
31.7194,1629
31.7222,1611
31.7250,1610
31.7278,1608
31.7306,1618
31.7333,1629
31.7361,1635
31.7389,1634
31.7417,1623
31.7444,1615
31.7472,1634
31.7500,1629
31.7528,1634
31.7556,1633
31.7583,1635
31.7611,1648
31.7639,1635
31.7667,1643
31.7694,1658
31.7722,1659
31.7750,1662
31.7778,1667
31.7806,1666
31.7833,1660
31.7861,1651
31.7889,1644
31.7917,1644
31.7944,1641
31.7972,1646
31.8000,1657
31.8028,1663
31.8056,1668
31.8083,1674
31.8111,1674
31.8139,1677
31.8167,1671
31.8194,1667
31.8222,1662
31.8250,1650
31.8278,1643
31.8306,1635
31.8333,1640
31.8361,1637
31.8389,1649
31.8417,1656
31.8444,1656
31.8472,1659
31.8500,1674
31.8528,1674
31.8556,1668
31.8583,1670
31.8611,1674
31.8639,1679
31.8667,1674
31.8694,1666
31.8722,1651
31.8750,1665
31.8778,1676
31.8806,1689
31.8833,1703
31.8861,1715
31.8889,1702
31.8917,1684
31.8944,1677
31.8972,1678
31.9000,1683
31.9028,1687
31.9056,1682
31.9083,1686
31.9111,1698
31.9139,1705
31.9167,1697
31.9194,1693
31.9222,1678
31.9250,1679
31.9278,1678
31.9306,1695
31.9333,1715
31.9361,1724
31.9389,1725
31.9417,1717
31.9444,1717
31.9472,1704
31.9500,1706
31.9528,1700
31.9556,1703
31.9583,1705
31.9611,1713
31.9639,1723
31.9667,1724
31.9694,1720
31.9722,1720
31.9750,1726
31.9778,1720
31.9806,1721
31.9833,1718
31.9861,1733
31.9889,1737
31.9917,1743
31.9944,1743
31.9972,1738
32.0000,1740
32.0028,1739
32.0056,1740
32.0083,1743
32.0111,1749
32.0139,1759
32.0167,1754
32.0194,1747
32.0222,1745
32.0250,1744
32.0278,1751
32.0306,1759
32.0333,1757
32.0361,1758
32.0389,1760
32.0417,1761
32.0444,1759
32.0472,1765
32.0500,1759
32.0528,1775
32.0556,1787
32.0583,1790
32.0611,1778
32.0639,1769
32.0667,1767
32.0694,1777
32.0722,1774
32.0750,1773
32.0778,1783
32.0806,1785
32.0833,1793
32.0861,1779
32.0889,1786
32.0917,1780
32.0944,1774
32.0972,1767
32.1000,1758
32.1028,1762
32.1056,1772
32.1083,1784
32.1111,1797
32.1139,1807
32.1167,1799
32.1194,1799
32.1222,1784
32.1250,1787
32.1278,1789
32.1306,1801
32.1333,1800
32.1361,1802
32.1389,1803
32.1417,1816
32.1444,1817
32.1472,1814
32.1500,1810
32.1528,1810
32.1556,1812
32.1583,1812
32.1611,1807
32.1639,1808
32.1667,1810
32.1694,1820
32.1722,1824
32.1750,1824
32.1778,1834
32.1806,1841
32.1833,1841
32.1861,1836
32.1889,1832
32.1917,1821
32.1944,1810
32.1972,1814
32.2000,1823
32.2028,1823
32.2056,1846
32.2083,1850
32.2111,1847
32.2139,1834
32.2167,1822
32.2194,1832
32.2222,1834
32.2250,1840
32.2278,1852
32.2306,1859
32.2333,1861
32.2361,1886
32.2389,1898
32.2417,1922
32.2444,1919
32.2472,1929
32.2500,1915
32.2528,1904
32.2556,1905
32.2583,1902
32.2611,1910
32.2639,1917
32.2667,1908
32.2694,1916
32.2722,1922
32.2750,1943
32.2778,1960
32.2806,1972
32.2833,1967
32.2861,1966
32.2889,1929
32.2917,1898
32.2944,1881
32.2972,1874
32.3000,1870
32.3028,1882
32.3056,1881
32.3083,1894
32.3111,1896
32.3139,1889
32.3167,1873
32.3194,1852
32.3222,1832
32.3250,1811
32.3278,1805
32.3306,1799
32.3333,1802
32.3361,1802
32.3389,1802
32.3417,1809
32.3444,1797
32.3472,1784
32.3500,1735
32.3528,1665
32.3556,1614
32.3583,1599
32.3611,1655
32.3639,1778
32.3667,1928
32.3694,2165
32.3722,2450
32.3750,2799
32.3778,3181
32.3806,3353
32.3833,3363
32.3861,3367
32.3889,3375
32.3917,3362
32.3944,3336
32.3972,2942
32.4000,2320
32.4028,1757
32.4056,1365
32.4083,1165
32.4111,1086
32.4139,1042
32.4167,1020
32.4194,1033
32.4222,1063
32.4250,1093
32.4278,1131
32.4306,1188
32.4333,1310
32.4361,1473
32.4389,1621
32.4417,1740
32.4444,1802
32.4472,1815
32.4500,1788
32.4528,1753
32.4556,1724
32.4583,1722
32.4611,1748
32.4639,1777
32.4667,1793
32.4694,1782
32.4722,1757
32.4750,1742
32.4778,1750
32.4806,1770
32.4833,1799
32.4861,1824
32.4889,1833
32.4917,1811
32.4944,1792
32.4972,1780
32.5000,1787
32.5028,1811
32.5056,1829
32.5083,1816
32.5111,1802
32.5139,1782
32.5167,1770
32.5194,1780
32.5222,1806
32.5250,1825
32.5278,1834
32.5306,1831
32.5333,1817
32.5361,1801
32.5389,1799
32.5417,1811
32.5444,1829
32.5472,1839
32.5500,1832
32.5528,1822
32.5556,1819
32.5583,1816
32.5611,1826
32.5639,1833
32.5667,1850
32.5694,1853
32.5722,1857
32.5750,1852
32.5778,1847
32.5806,1861
32.5833,1870
32.5861,1874
32.5889,1874
32.5917,1857
32.5944,1844
32.5972,2015
32.6000,2021
32.6028,2041
32.6056,2057
32.6083,2068
32.6111,2072
32.6139,2061
32.6167,2070
32.6194,2075
32.6222,2096
32.6250,2108
32.6278,2124
32.6306,2136
32.6333,2127
32.6361,2131
32.6389,2135
32.6417,2146
32.6444,2138
32.6472,2135
32.6500,2116
32.6528,2098
32.6556,2087
32.6583,2075
32.6611,2073
32.6639,2067
32.6667,2056
32.6694,2022
32.6722,1991
32.6750,1940
32.6778,1916
32.6806,1886
32.6833,1872
32.6861,1868
32.6889,1845
32.6917,1813
32.6944,1777
32.6972,1741
32.7000,1719
32.7028,1713
32.7056,1708
32.7083,1703
32.7111,1684
32.7139,1667
32.7167,1648
32.7194,1639
32.7222,1634
32.7250,1631
32.7278,1632
32.7306,1621
32.7333,1603
32.7361,1585
32.7389,1580
32.7417,1589
32.7444,1603
32.7472,1621
32.7500,1616
32.7528,1609
32.7556,1599
32.7583,1588
32.7611,1588
32.7639,1593
32.7667,1594
32.7694,1592
32.7722,1598
32.7750,1610
32.7778,1613
32.7806,1614
32.7833,1619
32.7861,1622
32.7889,1625
32.7917,1621
32.7944,1622
32.7972,1613
32.8000,1612
32.8028,1609
32.8056,1607
32.8083,1632
32.8111,1630
32.8139,1626
32.8167,1620
32.8194,1616
32.8222,1632
32.8250,1639
32.8278,1633
32.8306,1636
32.8333,1622
32.8361,1597
32.8389,1586
32.8417,1609
32.8444,1626
32.8472,1631
32.8500,1629
32.8528,1625
32.8556,1615
32.8583,1617
32.8611,1612
32.8639,1614
32.8667,1623
32.8694,1617
32.8722,1606
32.8750,1591
32.8778,1589
32.8806,1598
32.8833,1604
32.8861,1616
32.8889,1627
32.8917,1622
32.8944,1611
32.8972,1609
32.9000,1607
32.9028,1600
32.9056,1596
32.9083,1588
32.9111,1579
32.9139,1571
32.9167,1565
32.9194,1571
32.9222,1571
32.9250,1575
32.9278,1576
32.9306,1573
32.9333,1577
32.9361,1580
32.9389,1573
32.9417,1571
32.9444,1567
32.9472,1561
32.9500,1556
32.9528,1551
32.9556,1554
32.9583,1564
32.9611,1568
32.9639,1579
32.9667,1577
32.9694,1574
32.9722,1579
32.9750,1583
32.9778,1585
32.9806,1583
32.9833,1578
32.9861,1576
32.9889,1573
32.9917,1569
32.9944,1567
32.9972,1557
33.0000,1551
33.0028,1558
33.0056,1568
33.0083,1587
33.0111,1589
33.0139,1588
33.0167,1582
33.0194,1577
33.0222,1581
33.0250,1587
33.0278,1581
33.0306,1588
33.0333,1589
33.0361,1580
33.0389,1568
33.0417,1565
33.0444,1585
33.0472,1581
33.0500,1580
33.0528,1578
33.0556,1588
33.0583,1589
33.0611,1600
33.0639,1601
33.0667,1604
33.0694,1590
33.0722,1588
33.0750,1590
33.0778,1599
33.0806,1602
33.0833,1608
33.0861,1607
33.0889,1598
33.0917,1603
33.0944,1605
33.0972,1601
33.1000,1604
33.1028,1605
33.1056,1611
33.1083,1606
33.1111,1611
33.1139,1612
33.1167,1602
33.1194,1598
33.1222,1605
33.1250,1607
33.1278,1610
33.1306,1613
33.1333,1613
33.1361,1610
33.1389,1593
33.1417,1596
33.1444,1602
33.1472,1617
33.1500,1608
33.1528,1615
33.1556,1612
33.1583,1613
33.1611,1624
33.1639,1627
33.1667,1624
33.1694,1628
33.1722,1626
33.1750,1632
33.1778,1630
33.1806,1621
33.1833,1616
33.1861,1609
33.1889,1618
33.1917,1622
33.1944,1622
33.1972,1633
33.2000,1640
33.2028,1645
33.2056,1644
33.2083,1634
33.2111,1619
33.2139,1615
33.2167,1618
33.2194,1626
33.2222,1637
33.2250,1640
33.2278,1643
33.2306,1657
33.2333,1662
33.2361,1659
33.2389,1655
33.2417,1655
33.2444,1653
33.2472,1652
33.2500,1650
33.2528,1633
33.2556,1638
33.2583,1639
33.2611,1652
33.2639,1670
33.2667,1665
33.2694,1673
33.2722,1672
33.2750,1669
33.2778,1672
33.2806,1663
33.2833,1652
33.2861,1656
33.2889,1656
33.2917,1659
33.2944,1656
33.2972,1662
33.3000,1661
33.3028,1664
33.3056,1654
33.3083,1650
33.3111,1660
33.3139,1657
33.3167,1662
33.3194,1672
33.3222,1677
33.3250,1685
33.3278,1685
33.3306,1678
33.3333,1675
33.3361,1671
33.3389,1673
33.3417,1667
33.3444,1683
33.3472,1670
33.3500,1668
33.3528,1667
33.3556,1667
33.3583,1671
33.3611,1673
33.3639,1671
33.3667,1678
33.3694,1676
33.3722,1679
33.3750,1686
33.3778,1682
33.3806,1681
33.3833,1680
33.3861,1684
33.3889,1688
33.3917,1688
33.3944,1676
33.3972,1678
33.4000,1663
33.4028,1668
33.4056,1673
33.4083,1677
33.4111,1694
33.4139,1692
33.4167,1689
33.4194,1691
33.4222,1691
33.4250,1697
33.4278,1704
33.4306,1682
33.4333,1677
33.4361,1672
33.4389,1676
33.4417,1691
33.4444,1712
33.4472,1716
33.4500,1718
33.4528,1703
33.4556,1700
33.4583,1692
33.4611,1697
33.4639,1704
33.4667,1702
33.4694,1693
33.4722,1696
33.4750,1694
33.4778,1697
33.4806,1688
33.4833,1688
33.4861,1684
33.4889,1700
33.4917,1709
33.4944,1716
33.4972,1709
33.5000,1702
33.5028,1695
33.5056,1695
33.5083,1696
33.5111,1701
33.5139,1712
33.5167,1713
33.5194,1727
33.5222,1725
33.5250,1730
33.5278,1721
33.5306,1721
33.5333,1717
33.5361,1721
33.5389,1723
33.5417,1722
33.5444,1723
33.5472,1724
33.5500,1723
33.5528,1721
33.5556,1718
33.5583,1722
33.5611,1723
33.5639,1722
33.5667,1709
33.5694,1705
33.5722,1703
33.5750,1699
33.5778,1709
33.5806,1708
33.5833,1706
33.5861,1713
33.5889,1713
33.5917,1709
33.5944,1716
33.5972,1720
33.6000,1726
33.6028,1728
33.6056,1714
33.6083,1718
33.6111,1722
33.6139,1720
33.6167,1732
33.6194,1731
33.6222,1736
33.6250,1733
33.6278,1724
33.6306,1718
33.6333,1721
33.6361,1723
33.6389,1719
33.6417,1735
33.6444,1720
33.6472,1718
33.6500,1713
33.6528,1711
33.6556,1712
33.6583,1716
33.6611,1716
33.6639,1727
33.6667,1717
33.6694,1723
33.6722,1721
33.6750,1703
33.6778,1701
33.6806,1699
33.6833,1709
33.6861,1703
33.6889,1671
33.6917,1600
33.6944,1544
33.6972,1526
33.7000,1590
33.7028,1727
33.7056,1919
33.7083,2162
33.7111,2477
33.7139,2862
33.7167,3257
33.7194,3358
33.7222,3358
33.7250,3364
33.7278,3374
33.7306,3371
33.7333,3359
33.7361,3096
33.7389,2465
33.7417,1818
33.7444,1356
33.7472,1097
33.7500,964
33.7528,905
33.7556,895
33.7583,933
33.7611,977
33.7639,1047
33.7667,1137
33.7694,1259
33.7722,1394
33.7750,1529
33.7778,1638
33.7806,1719
33.7833,1739
33.7861,1723
33.7889,1673
33.7917,1616
33.7944,1584
33.7972,1579
33.8000,1609
33.8028,1643
33.8056,1662
33.8083,1657
33.8111,1644
33.8139,1623
33.8167,1621
33.8194,1628
33.8222,1639
33.8250,1658
33.8278,1666
33.8306,1656
33.8333,1645
33.8361,1645
33.8389,1659
33.8417,1688
33.8444,1699
33.8472,1698
33.8500,1669
33.8528,1636
33.8556,1623
33.8583,1634
33.8611,1656
33.8639,1691
33.8667,1688
33.8694,1680
33.8722,1658
33.8750,1649
33.8778,1656
33.8806,1671
33.8833,1696
33.8861,1711
33.8889,1705
33.8917,1688
33.8944,1682
33.8972,1688
33.9000,1715
33.9028,1738
33.9056,1746
33.9083,1745
33.9111,1724
33.9139,1712
33.9167,1702
33.9194,1709
33.9222,1734
33.9250,1749
33.9278,1750
33.9306,1743
33.9333,1730
33.9361,1919
33.9389,1930
33.9417,1940
33.9444,1967
33.9472,1977
33.9500,1964
33.9528,1957
33.9556,1958
33.9583,1977
33.9611,2006
33.9639,2036
33.9667,2053
33.9694,2058
33.9722,2037
33.9750,2032
33.9778,2029
33.9806,2036
33.9833,2052
33.9861,2061
33.9889,2053
33.9917,2038
33.9944,2012
33.9972,1977
34.0000,1963
34.0028,1956
34.0056,1930
34.0083,1915
34.0111,1883
34.0139,1841
34.0167,1813
34.0194,1795
34.0222,1786
34.0250,1780
34.0278,1752
34.0306,1712
34.0333,1680
34.0361,1651
34.0389,1637
34.0417,1616
34.0444,1613
34.0472,1603
34.0500,1583
34.0528,1589
34.0556,1580
34.0583,1566
34.0611,1567
34.0639,1575
34.0667,1566
34.0694,1551
34.0722,1539
34.0750,1523
34.0778,1543
34.0806,1557
34.0833,1571
34.0861,1571
34.0889,1566
34.0917,1555
34.0944,1541
34.0972,1539
34.1000,1541
34.1028,1562
34.1056,1563
34.1083,1571
34.1111,1558
34.1139,1550
34.1167,1554
34.1194,1562
34.1222,1568
34.1250,1573
34.1278,1578
34.1306,1583
34.1333,1571
34.1361,1567
34.1389,1578
34.1417,1580
34.1444,1588
34.1472,1588
34.1500,1583
34.1528,1574
34.1556,1574
34.1583,1578
34.1611,1579
34.1639,1587
34.1667,1589
34.1694,1575
34.1722,1560
34.1750,1577
34.1778,1576
34.1806,1588
34.1833,1597
34.1861,1596
34.1889,1582
34.1917,1568
34.1944,1553
34.1972,1549
34.2000,1557
34.2028,1564
34.2056,1555
34.2083,1563
34.2111,1557
34.2139,1560
34.2167,1567
34.2194,1573
34.2222,1574
34.2250,1566
34.2278,1551
34.2306,1538
34.2333,1527
34.2361,1526
34.2389,1533
34.2417,1541
34.2444,1553
34.2472,1559
34.2500,1556
34.2528,1541
34.2556,1526
34.2583,1531
34.2611,1532
34.2639,1551
34.2667,1557
34.2694,1552
34.2722,1550
34.2750,1543
34.2778,1535
34.2806,1530
34.2833,1536
34.2861,1544
34.2889,1546
34.2917,1543
34.2944,1536
34.2972,1527
34.3000,1523
34.3028,1536
34.3056,1539
34.3083,1537
34.3111,1522
34.3139,1517
34.3167,1524
34.3194,1551
34.3222,1558
34.3250,1563
34.3278,1565
34.3306,1559
34.3333,1542
34.3361,1542
34.3389,1528
34.3417,1534
34.3444,1547
34.3472,1552
34.3500,1554
34.3528,1561
34.3556,1564
34.3583,1555
34.3611,1575
34.3639,1559
34.3667,1566
34.3694,1564
34.3722,1564
34.3750,1557
34.3778,1552
34.3806,1546
34.3833,1550
34.3861,1561
34.3889,1571
34.3917,1568
34.3944,1566
34.3972,1561
34.4000,1559
34.4028,1561
34.4056,1562
34.4083,1569
34.4111,1569
34.4139,1565
34.4167,1565
34.4194,1575
34.4222,1576
34.4250,1570
34.4278,1573
34.4306,1569
34.4333,1575
34.4361,1585
34.4389,1601
34.4417,1603
34.4444,1605
34.4472,1609
34.4500,1611
34.4528,1616
34.4556,1597
34.4583,1591
34.4611,1583
34.4639,1586
34.4667,1581
34.4694,1595
34.4722,1602
34.4750,1604
34.4778,1614
34.4806,1602
34.4833,1606
34.4861,1601
34.4889,1601
34.4917,1603
34.4944,1592
34.4972,1589
34.5000,1586
34.5028,1588
34.5056,1609
34.5083,1606
34.5111,1616
34.5139,1622
34.5167,1621
34.5194,1617
34.5222,1614
34.5250,1613
34.5278,1620
34.5306,1627
34.5333,1631
34.5361,1636
34.5389,1627
34.5417,1610
34.5444,1601
34.5472,1600
34.5500,1613
34.5528,1624
34.5556,1623
34.5583,1630
34.5611,1625
34.5639,1626
34.5667,1625
34.5694,1632
34.5722,1624
34.5750,1621
34.5778,1632
34.5806,1633
34.5833,1641
34.5861,1634
34.5889,1628
34.5917,1618
34.5944,1632
34.5972,1637
34.6000,1638
34.6028,1649
34.6056,1657
34.6083,1660
34.6111,1667
34.6139,1662
34.6167,1653
34.6194,1650
34.6222,1657
34.6250,1645
34.6278,1640
34.6306,1633
34.6333,1634
34.6361,1644
34.6389,1647
34.6417,1665
34.6444,1662
34.6472,1663
34.6500,1662
34.6528,1652
34.6556,1667
34.6583,1658
34.6611,1660
34.6639,1650
34.6667,1656
34.6694,1671
34.6722,1671
34.6750,1671
34.6778,1671
34.6806,1669
34.6833,1656
34.6861,1651
34.6889,1635
34.6917,1637
34.6944,1636
34.6972,1648
34.7000,1655
34.7028,1666
34.7056,1673
34.7083,1689
34.7111,1684
34.7139,1661
34.7167,1657
34.7194,1667
34.7222,1678
34.7250,1688
34.7278,1703
34.7306,1698
34.7333,1682
34.7361,1667
34.7389,1661
34.7417,1662
34.7444,1671
34.7472,1678
34.7500,1677
34.7528,1666
34.7556,1665
34.7583,1664
34.7611,1656
34.7639,1669
34.7667,1681
34.7694,1684
34.7722,1680
34.7750,1678
34.7778,1679
34.7806,1675
34.7833,1683
34.7861,1693
34.7889,1694
34.7917,1692
34.7944,1689
34.7972,1678
34.8000,1679
34.8028,1680
34.8056,1691
34.8083,1687
34.8111,1684
34.8139,1685
34.8167,1686
34.8194,1685
34.8222,1695
34.8250,1704
34.8278,1705
34.8306,1714
34.8333,1712
34.8361,1706
34.8389,1710
34.8417,1708
34.8444,1712
34.8472,1712
34.8500,1718
34.8528,1714
34.8556,1704
34.8583,1690
34.8611,1681
34.8639,1684
34.8667,1673
34.8694,1687
34.8722,1699
34.8750,1710
34.8778,1714
34.8806,1716
34.8833,1698
34.8861,1695
34.8889,1696
34.8917,1709
34.8944,1710
34.8972,1721
34.9000,1721
34.9028,1727
34.9056,1720
34.9083,1721
34.9111,1716
34.9139,1725
34.9167,1720
34.9194,1713
34.9222,1715
34.9250,1705
34.9278,1697
34.9306,1702
34.9333,1708
34.9361,1720
34.9389,1709
34.9417,1700
34.9444,1699
34.9472,1700
34.9500,1701
34.9528,1691
34.9556,1698
34.9583,1705
34.9611,1722
34.9639,1729
34.9667,1723
34.9694,1718
34.9722,1716
34.9750,1716
34.9778,1714
34.9806,1703
34.9833,1711
34.9861,1704
34.9889,1705
34.9917,1709
34.9944,1710
34.9972,1720
35.0000,1720
35.0028,1734
35.0056,1729
35.0083,1720
35.0111,1725
35.0139,1724
35.0167,1698
35.0194,1637
35.0222,1571
35.0250,1543
35.0278,1575
35.0306,1674
35.0333,1855
35.0361,2071
35.0389,2335
35.0417,2675
35.0444,3048
35.0472,3354
35.0500,3360
35.0528,3368
35.0556,3373
35.0583,3379
35.0611,3365
35.0639,3254
35.0667,2776
35.0694,2176
35.0722,1692
35.0750,1363
35.0778,1174
35.0806,1067
35.0833,989
35.0861,949
35.0889,963
35.0917,1000
35.0944,1030
35.0972,1091
35.1000,1180
35.1028,1320
35.1056,1472
35.1083,1586
35.1111,1673
35.1139,1705
35.1167,1695
35.1194,1649
35.1222,1607
35.1250,1571
35.1278,1581
35.1306,1608
35.1333,1636
35.1361,1649
35.1389,1652
35.1417,1630
35.1444,1622
35.1472,1632
35.1500,1634
35.1528,1645
35.1556,1655
35.1583,1645
35.1611,1642
35.1639,1640
35.1667,1648
35.1694,1655
35.1722,1666
35.1750,1661
35.1778,1669
35.1806,1662
35.1833,1659
35.1861,1648
35.1889,1654
35.1917,1653
35.1944,1656
35.1972,1655
35.2000,1666
35.2028,1664
35.2056,1666
35.2083,1675
35.2111,1693
35.2139,1690
35.2167,1687
35.2194,1687
35.2222,1679
35.2250,1676
35.2278,1699
35.2306,1710
35.2333,1717
35.2361,1726
35.2389,1719
35.2417,1705
35.2444,1690
35.2472,1701
35.2500,1733
35.2528,1760
35.2556,1779
35.2583,1774
35.2611,1760
35.2639,1734
35.2667,1900
35.2694,1920
35.2722,1933
35.2750,1955
35.2778,1991
35.2806,1990
35.2833,1990
35.2861,1981
35.2889,1989
35.2917,2008
35.2944,2020
35.2972,2026
35.3000,2036
35.3028,2033
35.3056,2018
35.3083,2028
35.3111,2043
35.3139,2055
35.3167,2053
35.3194,2036
35.3222,2011
35.3250,1991
35.3278,1987
35.3306,1980
35.3333,1978
35.3361,1966
35.3389,1940
35.3417,1897
35.3444,1865
35.3472,1839
35.3500,1817
35.3528,1795
35.3556,1772
35.3583,1745
35.3611,1722
35.3639,1706
35.3667,1692
35.3694,1677
35.3722,1669
35.3750,1650
35.3778,1635
35.3806,1609
35.3833,1585
35.3861,1573
35.3889,1577
35.3917,1582
35.3944,1590
35.3972,1595
35.4000,1597
35.4028,1589
35.4056,1587
35.4083,1571
35.4111,1570
35.4139,1564
35.4167,1565
35.4194,1579
35.4222,1568
35.4250,1575
35.4278,1576
35.4306,1575
35.4333,1578
35.4361,1593
35.4389,1592
35.4417,1599
35.4444,1600
35.4472,1591
35.4500,1596
35.4528,1589
35.4556,1583
35.4583,1584
35.4611,1598
35.4639,1586
35.4667,1593
35.4694,1609
35.4722,1612
35.4750,1615
35.4778,1625
35.4806,1614
35.4833,1607
35.4861,1606
35.4889,1618
35.4917,1634
35.4944,1641
35.4972,1638
35.5000,1633
35.5028,1623
35.5056,1626
35.5083,1629
35.5111,1621
35.5139,1619
35.5167,1630
35.5194,1640
35.5222,1635
35.5250,1636
35.5278,1637
35.5306,1635
35.5333,1642
35.5361,1638
35.5389,1638
35.5417,1639
35.5444,1644
35.5472,1639
35.5500,1644
35.5528,1639
35.5556,1639
35.5583,1627
35.5611,1630
35.5639,1617
35.5667,1631
35.5694,1633
35.5722,1644
35.5750,1645
35.5778,1657
35.5806,1654
35.5833,1646
35.5861,1650
35.5889,1651
35.5917,1649
35.5944,1654
35.5972,1649
35.6000,1653
35.6028,1636
35.6056,1630
35.6083,1639
35.6111,1646
35.6139,1657
35.6167,1655
35.6194,1641
35.6222,1636
35.6250,1640
35.6278,1647
35.6306,1658
35.6333,1664
35.6361,1652
35.6389,1655
35.6417,1656
35.6444,1661
35.6472,1668
35.6500,1678
35.6528,1677
35.6556,1680
35.6583,1674
35.6611,1679
35.6639,1682
35.6667,1686
35.6694,1684
35.6722,1687
35.6750,1678
35.6778,1678
35.6806,1679
35.6833,1686
35.6861,1694
35.6889,1699
35.6917,1698
35.6944,1692
35.6972,1692
35.7000,1686
35.7028,1681
35.7056,1684
35.7083,1687
35.7111,1695
35.7139,1703
35.7167,1696
35.7194,1697
35.7222,1694
35.7250,1692
35.7278,1698
35.7306,1702
35.7333,1701
35.7361,1701
35.7389,1700
35.7417,1698
35.7444,1702
35.7472,1703
35.7500,1715
35.7528,1723
35.7556,1727
35.7583,1722
35.7611,1715
35.7639,1701
35.7667,1698
35.7694,1687
35.7722,1703
35.7750,1714
35.7778,1726
35.7806,1728
35.7833,1737
35.7861,1741
35.7889,1749
35.7917,1758
35.7944,1755
35.7972,1755
35.8000,1747
35.8028,1738
35.8056,1733
35.8083,1723
35.8111,1735
35.8139,1731
35.8167,1718
35.8194,1723
35.8222,1726
35.8250,1737
35.8278,1759
35.8306,1755
35.8333,1767
35.8361,1756
35.8389,1753
35.8417,1755
35.8444,1757
35.8472,1758
35.8500,1761
35.8528,1750
35.8556,1754
35.8583,1763
35.8611,1756
35.8639,1751
35.8667,1746
35.8694,1744
35.8722,1737
35.8750,1733
35.8778,1732
35.8806,1733
35.8833,1748
35.8861,1762
35.8889,1778
35.8917,1785
35.8944,1790
35.8972,1778
35.9000,1770
35.9028,1761
35.9056,1750
35.9083,1747
35.9111,1753
35.9139,1768
35.9167,1774
35.9194,1768
35.9222,1768
35.9250,1757
35.9278,1756
35.9306,1767
35.9333,1785
35.9361,1786
35.9389,1787
35.9417,1769
35.9444,1771
35.9472,1777
35.9500,1772
35.9528,1770
35.9556,1765
35.9583,1763
35.9611,1761
35.9639,1760
35.9667,1771
35.9694,1778
35.9722,1780
35.9750,1779
35.9778,1794
35.9806,1797
35.9833,1794
35.9861,1795
35.9889,1777
35.9917,1769
35.9944,1777
35.9972,1774
36.0000,1770
36.0028,1770
36.0056,1773
36.0083,1763
36.0111,1778
36.0139,1783
36.0167,1779
36.0194,1784
36.0222,1782
36.0250,1781
36.0278,1793
36.0306,1798
36.0333,1786
36.0361,1782
36.0389,1787
36.0417,1788
36.0444,1792
36.0472,1800
36.0500,1799
36.0528,1805
36.0556,1801
36.0583,1802
36.0611,1802
36.0639,1805
36.0667,1806
36.0694,1792
36.0722,1787
36.0750,1781
36.0778,1783
36.0806,1787
36.0833,1786
36.0861,1802
36.0889,1810
36.0917,1821
36.0944,1821
36.0972,1806
36.1000,1808
36.1028,1798
36.1056,1797
36.1083,1795
36.1111,1796
36.1139,1802
36.1167,1801
36.1194,1805
36.1222,1809
36.1250,1806
36.1278,1803
36.1306,1811
36.1333,1810
36.1361,1801
36.1389,1807
36.1417,1800
36.1444,1795
36.1472,1795
36.1500,1787
36.1528,1783
36.1556,1789
36.1583,1794
36.1611,1807
36.1639,1809
36.1667,1818
36.1694,1814
36.1722,1812
36.1750,1814
36.1778,1821
36.1806,1813
36.1833,1796
36.1861,1788
36.1889,1789
36.1917,1788
36.1944,1805
36.1972,1809
36.2000,1809
36.2028,1804
36.2056,1806
36.2083,1796
36.2111,1808
36.2139,1798
36.2167,1806
36.2194,1789
36.2222,1794
36.2250,1777
36.2278,1789
36.2306,1790
36.2333,1798
36.2361,1807
36.2389,1806
36.2417,1799
36.2444,1800
36.2472,1778
36.2500,1773
36.2528,1793
36.2556,1807
36.2583,1829
36.2611,1839
36.2639,1854
36.2667,1861
36.2694,1859
36.2722,1848
36.2750,1838
36.2778,1837
36.2806,1845
36.2833,1852
36.2861,1862
36.2889,1869
36.2917,1872
36.2944,1886
36.2972,1895
36.3000,1898
36.3028,1896
36.3056,1874
36.3083,1852
36.3111,1824
36.3139,1799
36.3167,1775
36.3194,1709
36.3222,1649
36.3250,1604
36.3278,1625
36.3306,1708
36.3333,1834
36.3361,2013
36.3389,2230
36.3417,2519
36.3444,2876
36.3472,3252
36.3500,3353
36.3528,3360
36.3556,3368
36.3583,3373
36.3611,3369
36.3639,3290
36.3667,2800
36.3694,2141
36.3722,1574
36.3750,1194
36.3778,998
36.3806,914
36.3833,873
36.3861,866
36.3889,909
36.3917,958
36.3944,997
36.3972,1058
36.4000,1157
36.4028,1300
36.4056,1458
36.4083,1592
36.4111,1681
36.4139,1708
36.4167,1715
36.4194,1676
36.4222,1644
36.4250,1641
36.4278,1656
36.4306,1674
36.4333,1706
36.4361,1719
36.4389,1712
36.4417,1693
36.4444,1667
36.4472,1670
36.4500,1696
36.4528,1721
36.4556,1733
36.4583,1732
36.4611,1710
36.4639,1702
36.4667,1694
36.4694,1715
36.4722,1734
36.4750,1754
36.4778,1755
36.4806,1741
36.4833,1725
36.4861,1730
36.4889,1743
36.4917,1763
36.4944,1780
36.4972,1768
36.5000,1751
36.5028,1735
36.5056,1727
36.5083,1742
36.5111,1763
36.5139,1787
36.5167,1793
36.5194,1780
36.5222,1770
36.5250,1768
36.5278,1765
36.5306,1764
36.5333,1780
36.5361,1790
36.5389,1786
36.5417,1779
36.5444,1775
36.5472,1783
36.5500,1799
36.5528,1823
36.5556,1834
36.5583,1827
36.5611,1819
36.5639,1803
36.5667,1981
36.5694,1992
36.5722,2013
36.5750,2026
36.5778,2028
36.5806,2028
36.5833,2025
36.5861,2025
36.5889,2047
36.5917,2053
36.5944,2070
36.5972,2080
36.6000,2072
36.6028,2074
36.6056,2067
36.6083,2080
36.6111,2080
36.6139,2091
36.6167,2091
36.6194,2070
36.6222,2043
36.6250,2028
36.6278,2008
36.6306,2017
36.6333,2014
36.6361,1999
36.6389,1977
36.6417,1949
36.6444,1913
36.6472,1873
36.6500,1845
36.6528,1821
36.6556,1814
36.6583,1784
36.6611,1755
36.6639,1714
36.6667,1684
36.6694,1673
36.6722,1668
36.6750,1658
36.6778,1645
36.6806,1615
36.6833,1588
36.6861,1578
36.6889,1569
36.6917,1579
36.6944,1581
36.6972,1588
36.7000,1589
36.7028,1571
36.7056,1564
36.7083,1548
36.7111,1548
36.7139,1560
36.7167,1571
36.7194,1575
36.7222,1571
36.7250,1555
36.7278,1545
36.7306,1547
36.7333,1552
36.7361,1561
36.7389,1565
36.7417,1559
36.7444,1563
36.7472,1561
36.7500,1572
36.7528,1583
36.7556,1586
36.7583,1597
36.7611,1600
36.7639,1594
36.7667,1591
36.7694,1590
36.7722,1594
36.7750,1594
36.7778,1600
36.7806,1588
36.7833,1587
36.7861,1584
36.7889,1591
36.7917,1596
36.7944,1615
36.7972,1609
36.8000,1603
36.8028,1591
36.8056,1591
36.8083,1591
36.8111,1600
36.8139,1597
36.8167,1603
36.8194,1597
36.8222,1587
36.8250,1580
36.8278,1574
36.8306,1580
36.8333,1593
36.8361,1594
36.8389,1593
36.8417,1580
36.8444,1575
36.8472,1572
36.8500,1578
36.8528,1579
36.8556,1590
36.8583,1593
36.8611,1575
36.8639,1584
36.8667,1588
36.8694,1584
36.8722,1580
36.8750,1583
36.8778,1565
36.8806,1573
36.8833,1575
36.8861,1574
36.8889,1576
36.8917,1587
36.8944,1579
36.8972,1584
36.9000,1577
36.9028,1558
36.9056,1558
36.9083,1562
36.9111,1563
36.9139,1571
36.9167,1580
36.9194,1580
36.9222,1568
36.9250,1574
36.9278,1572
36.9306,1563
36.9333,1577
36.9361,1592
36.9389,1582
36.9417,1591
36.9444,1579
36.9472,1584
36.9500,1580
36.9528,1573
36.9556,1570
36.9583,1584
36.9611,1584
36.9639,1582
36.9667,1581
36.9694,1579
36.9722,1587
36.9750,1592
36.9778,1587
36.9806,1584
36.9833,1580
36.9861,1569
36.9889,1571
36.9917,1582
36.9944,1588
36.9972,1586
37.0000,1591
37.0028,1593
37.0056,1586
37.0083,1590
37.0111,1601
37.0139,1619
37.0167,1615
37.0194,1612
37.0222,1602
37.0250,1594
37.0278,1584
37.0306,1582
37.0333,1585
37.0361,1611
37.0389,1628
37.0417,1625
37.0444,1623
37.0472,1619
37.0500,1606
37.0528,1603
37.0556,1604
37.0583,1602
37.0611,1609
37.0639,1623
37.0667,1622
37.0694,1621
37.0722,1629
37.0750,1623
37.0778,1622
37.0806,1620
37.0833,1618
37.0861,1618
37.0889,1629
37.0917,1629
37.0944,1627
37.0972,1621
37.1000,1624
37.1028,1614
37.1056,1615
37.1083,1620
37.1111,1632
37.1139,1638
37.1167,1634
37.1194,1641
37.1222,1636
37.1250,1645
37.1278,1644
37.1306,1640
37.1333,1644
37.1361,1639
37.1389,1647
37.1417,1651
37.1444,1643
37.1472,1644
37.1500,1637
37.1528,1649
37.1556,1662
37.1583,1669
37.1611,1671
37.1639,1670
37.1667,1665
37.1694,1656
37.1722,1666
37.1750,1663
37.1778,1653
37.1806,1651
37.1833,1643
37.1861,1640
37.1889,1643
37.1917,1641
37.1944,1647
37.1972,1658
37.2000,1661
37.2028,1668
37.2056,1664
37.2083,1661
37.2111,1672
37.2139,1668
37.2167,1667
37.2194,1668
37.2222,1668
37.2250,1660
37.2278,1666
37.2306,1663
37.2333,1680
37.2361,1678
37.2389,1684
37.2417,1682
37.2444,1672
37.2472,1674
37.2500,1681
37.2528,1676
37.2556,1685
37.2583,1694
37.2611,1684
37.2639,1671
37.2667,1678
37.2694,1684
37.2722,1687
37.2750,1700
37.2778,1701
37.2806,1699
37.2833,1699
37.2861,1691
37.2889,1701
37.2917,1701
37.2944,1698
37.2972,1682
37.3000,1689
37.3028,1691
37.3056,1689
37.3083,1699
37.3111,1703
37.3139,1706
37.3167,1702
37.3194,1697
37.3222,1685
37.3250,1692
37.3278,1698
37.3306,1701
37.3333,1704
37.3361,1706
37.3389,1702
37.3417,1695
37.3444,1692
37.3472,1674
37.3500,1671
37.3528,1676
37.3556,1679
37.3583,1695
37.3611,1698
37.3639,1696
37.3667,1703
37.3694,1713
37.3722,1712
37.3750,1696
37.3778,1696
37.3806,1693
37.3833,1696
37.3861,1694
37.3889,1705
37.3917,1709
37.3944,1706
37.3972,1704
37.4000,1710
37.4028,1706
37.4056,1700
37.4083,1703
37.4111,1698
37.4139,1698
37.4167,1693
37.4194,1694
37.4222,1690
37.4250,1700
37.4278,1699
37.4306,1698
37.4333,1707
37.4361,1701
37.4389,1694
37.4417,1703
37.4444,1698
37.4472,1699
37.4500,1701
37.4528,1709
37.4556,1724
37.4583,1726
37.4611,1731
37.4639,1725
37.4667,1723
37.4694,1727
37.4722,1710
37.4750,1706
37.4778,1713
37.4806,1720
37.4833,1716
37.4861,1715
37.4889,1721
37.4917,1721
37.4944,1715
37.4972,1710
37.5000,1704
37.5028,1708
37.5056,1710
37.5083,1718
37.5111,1732
37.5139,1740
37.5167,1743
37.5194,1751
37.5222,1758
37.5250,1775
37.5278,1789
37.5306,1803
37.5333,1808
37.5361,1807
37.5389,1793
37.5417,1790
37.5444,1790
37.5472,1795
37.5500,1789
37.5528,1810
37.5556,1809
37.5583,1831
37.5611,1831
37.5639,1830
37.5667,1830
37.5694,1824
37.5722,1813
37.5750,1789
37.5778,1777
37.5806,1768
37.5833,1763
37.5861,1766
37.5889,1770
37.5917,1775
37.5944,1779
37.5972,1759
37.6000,1736
37.6028,1712
37.6056,1700
37.6083,1695
37.6111,1697
37.6139,1701
37.6167,1699
37.6194,1698
37.6222,1690
37.6250,1685
37.6278,1663
37.6306,1606
37.6333,1534
37.6361,1478
37.6389,1473
37.6417,1539
37.6444,1661
37.6472,1823
37.6500,2033
37.6528,2320
37.6556,2686
37.6583,3078
37.6611,3345
37.6639,3360
37.6667,3363
37.6694,3377
37.6722,3368
37.6750,3219
37.6778,2698
37.6806,2065
37.6833,1534
37.6861,1183
37.6889,981
37.6917,882
37.6944,841
37.6972,820
37.7000,851
37.7028,888
37.7056,942
37.7083,992
37.7111,1074
37.7139,1206
37.7167,1368
37.7194,1510
37.7222,1604
37.7250,1658
37.7278,1667
37.7306,1664
37.7333,1645
37.7361,1624
37.7389,1627
37.7417,1643
37.7444,1668
37.7472,1675
37.7500,1669
37.7528,1650
37.7556,1638
37.7583,1650
37.7611,1668
37.7639,1678
37.7667,1686
37.7694,1691
37.7722,1674
37.7750,1671
37.7778,1676
37.7806,1692
37.7833,1707
37.7861,1715
37.7889,1705
37.7917,1686
37.7944,1672
37.7972,1676
37.8000,1687
37.8028,1703
37.8056,1712
37.8083,1705
37.8111,1691
37.8139,1673
37.8167,1667
37.8194,1682
37.8222,1703
37.8250,1716
37.8278,1726
37.8306,1716
37.8333,1714
37.8361,1722
37.8389,1723
37.8417,1730
37.8444,1728
37.8472,1741
37.8500,1710
37.8528,1698
37.8556,1702
37.8583,1711
37.8611,1725
37.8639,1754
37.8667,1766
37.8694,1773
37.8722,1768
37.8750,1768
37.8778,1920
37.8806,1923
37.8833,1952
37.8861,1977
37.8889,1989
37.8917,1984
37.8944,1973
37.8972,1972
37.9000,1986
37.9028,1997
37.9056,2018
37.9083,2030
37.9111,2025
37.9139,2021
37.9167,2018
37.9194,2022
37.9222,2027
37.9250,2049
37.9278,2053
37.9306,2048
37.9333,2037
37.9361,2018
37.9389,2012
37.9417,1995
37.9444,1984
37.9472,1975
37.9500,1944
37.9528,1911
37.9556,1861
37.9583,1829
37.9611,1809
37.9639,1791
37.9667,1786
37.9694,1766
37.9722,1738
37.9750,1697
37.9778,1671
37.9806,1650
37.9833,1639
37.9861,1619
37.9889,1608
37.9917,1598
37.9944,1582
37.9972,1564
38.0000,1558
38.0028,1563
38.0056,1561
38.0083,1567
38.0111,1571
38.0139,1568
38.0167,1560
38.0194,1562
38.0222,1555
38.0250,1549
38.0278,1539
38.0306,1527
38.0333,1514
38.0361,1512
38.0389,1531
38.0417,1543
38.0444,1547
38.0472,1541
38.0500,1534
38.0528,1520
38.0556,1525
38.0583,1520
38.0611,1524
38.0639,1548
38.0667,1566
38.0694,1563
38.0722,1562
38.0750,1536
38.0778,1539
38.0806,1540
38.0833,1547
38.0861,1553
38.0889,1566
38.0917,1565
38.0944,1567
38.0972,1566
38.1000,1564
38.1028,1566
38.1056,1571
38.1083,1567
38.1111,1569
38.1139,1572
38.1167,1588
38.1194,1594
38.1222,1591
38.1250,1597
38.1278,1588
38.1306,1582
38.1333,1577
38.1361,1572
38.1389,1580
38.1417,1583
38.1444,1599
38.1472,1595
38.1500,1587
38.1528,1593
38.1556,1577
38.1583,1565
38.1611,1566
38.1639,1568
38.1667,1582
38.1694,1588
38.1722,1587
38.1750,1588
38.1778,1583
38.1806,1575
38.1833,1579
38.1861,1570
38.1889,1554
38.1917,1559
38.1944,1553
38.1972,1572
38.2000,1584
38.2028,1582
38.2056,1586
38.2083,1579
38.2111,1571
38.2139,1568
38.2167,1572
38.2194,1576
38.2222,1587
38.2250,1579
38.2278,1564
38.2306,1567
38.2333,1562
38.2361,1556
38.2389,1562
38.2417,1573
38.2444,1572
38.2472,1577
38.2500,1571
38.2528,1571
38.2556,1567
38.2583,1569
38.2611,1582
38.2639,1601
38.2667,1606
38.2694,1596
38.2722,1587
38.2750,1581
38.2778,1577
38.2806,1578
38.2833,1580
38.2861,1592
38.2889,1598
38.2917,1620
38.2944,1619
38.2972,1622
38.3000,1622
38.3028,1609
38.3056,1597
38.3083,1591
38.3111,1595
38.3139,1591
38.3167,1591
38.3194,1590
38.3222,1592
38.3250,1599
38.3278,1604
38.3306,1615
38.3333,1608
38.3361,1615
38.3389,1607
38.3417,1601
38.3444,1607
38.3472,1613
38.3500,1609
38.3528,1618
38.3556,1634
38.3583,1636
38.3611,1639
38.3639,1642
38.3667,1633
38.3694,1616
38.3722,1609
38.3750,1612
38.3778,1613
38.3806,1616
38.3833,1625
38.3861,1632
38.3889,1630
38.3917,1623
38.3944,1618
38.3972,1600
38.4000,1601
38.4028,1608
38.4056,1624
38.4083,1641
38.4111,1629
38.4139,1611
38.4167,1599
38.4194,1593
38.4222,1598
38.4250,1626
38.4278,1628
38.4306,1636
38.4333,1642
38.4361,1631
38.4389,1611
38.4417,1597
38.4444,1595
38.4472,1615
38.4500,1634
38.4528,1642
38.4556,1632
38.4583,1627
38.4611,1630
38.4639,1639
38.4667,1635
38.4694,1623
38.4722,1624
38.4750,1631
38.4778,1631
38.4806,1636
38.4833,1639
38.4861,1622
38.4889,1621
38.4917,1623
38.4944,1635
38.4972,1659
38.5000,1664
38.5028,1668
38.5056,1668
38.5083,1662
38.5111,1657
38.5139,1657
38.5167,1649
38.5194,1654
38.5222,1658
38.5250,1670
38.5278,1669
38.5306,1660
38.5333,1645
38.5361,1644
38.5389,1649
38.5417,1648
38.5444,1657
38.5472,1657
38.5500,1664
38.5528,1656
38.5556,1665
38.5583,1667
38.5611,1674
38.5639,1659
38.5667,1655
38.5694,1666
38.5722,1664
38.5750,1657
38.5778,1653
38.5806,1660
38.5833,1670
38.5861,1685
38.5889,1691
38.5917,1693
38.5944,1688
38.5972,1680
38.6000,1675
38.6028,1668
38.6056,1666
38.6083,1667
38.6111,1671
38.6139,1680
38.6167,1695
38.6194,1693
38.6222,1685
38.6250,1675
38.6278,1664
38.6306,1671
38.6333,1691
38.6361,1703
38.6389,1720
38.6417,1706
38.6444,1697
38.6472,1695
38.6500,1702
38.6528,1699
38.6556,1680
38.6583,1675
38.6611,1679
38.6639,1693
38.6667,1698
38.6694,1705
38.6722,1715
38.6750,1719
38.6778,1710
38.6806,1710
38.6833,1706
38.6861,1707
38.6889,1696
38.6917,1704
38.6944,1700
38.6972,1705
38.7000,1718
38.7028,1716
38.7056,1714
38.7083,1704
38.7111,1701
38.7139,1704
38.7167,1712
38.7194,1713
38.7222,1708
38.7250,1694
38.7278,1701
38.7306,1707
38.7333,1704
38.7361,1705
38.7389,1700
38.7417,1703
38.7444,1704
38.7472,1720
38.7500,1721
38.7528,1708
38.7556,1702
38.7583,1697
38.7611,1697
38.7639,1709
38.7667,1725
38.7694,1735
38.7722,1758
38.7750,1759
38.7778,1762
38.7806,1755
38.7833,1759
38.7861,1764
38.7889,1776
38.7917,1769
38.7944,1769
38.7972,1777
38.8000,1769
38.8028,1775
38.8056,1783
38.8083,1798
38.8111,1804
38.8139,1784
38.8167,1778
38.8194,1744
38.8222,1720
38.8250,1715
38.8278,1707
38.8306,1720
38.8333,1734
38.8361,1740
38.8389,1734
38.8417,1722
38.8444,1710
38.8472,1696
38.8500,1698
38.8528,1689
38.8556,1679
38.8583,1673
38.8611,1671
38.8639,1662
38.8667,1667
38.8694,1672
38.8722,1667
38.8750,1665
38.8778,1670
38.8806,1682
38.8833,1697
38.8861,1686
38.8889,1636
38.8917,1567
38.8944,1513
38.8972,1514
38.9000,1574
38.9028,1698
38.9056,1906
38.9083,2168
38.9111,2482
38.9139,2843
38.9167,3182
38.9194,3350
38.9222,3362
38.9250,3368
38.9278,3376
38.9306,3333
38.9333,3013
38.9361,2457
38.9389,1920
38.9417,1510
38.9444,1249
38.9472,1109
38.9500,1033
38.9528,980
38.9556,955
38.9583,951
38.9611,971
38.9639,1001
38.9667,1020
38.9694,1069
38.9722,1194
38.9750,1369
38.9778,1539
38.9806,1668
38.9833,1720
38.9861,1729
38.9889,1722
38.9917,1716
38.9944,1717
38.9972,1711
39.0000,1725
39.0028,1733
39.0056,1730
39.0083,1731
39.0111,1721
39.0139,1714
39.0167,1732
39.0194,1762
39.0222,1780
39.0250,1790
39.0278,1767
39.0306,1755
39.0333,1744
39.0361,1750
39.0389,1776
39.0417,1781
39.0444,1778
39.0472,1780
39.0500,1768
39.0528,1771
39.0556,1774
39.0583,1791
39.0611,1815
39.0639,1813
39.0667,1814
39.0694,1807
39.0722,1807
39.0750,1804
39.0778,1799
39.0806,1814
39.0833,1803
39.0861,1805
39.0889,1803
39.0917,1798
39.0944,1804
39.0972,1801
39.1000,1806
39.1028,1810
39.1056,1819
39.1083,1815
39.1111,1816
39.1139,1811
39.1167,1823
39.1194,1841
39.1222,1851
39.1250,1851
39.1278,1843
39.1306,1826
39.1333,1964
39.1361,1960
39.1389,1992
39.1417,2019
39.1444,2032
39.1472,2029
39.1500,2024
39.1528,2022
39.1556,2034
39.1583,2042
39.1611,2049
39.1639,2055
39.1667,2063
39.1694,2060
39.1722,2080
39.1750,2101
39.1778,2116
39.1806,2133
39.1833,2130
39.1861,2115
39.1889,2100
39.1917,2075
39.1944,2054
39.1972,2055
39.2000,2045
39.2028,2036
39.2056,2034
39.2083,1995
39.2111,1949
39.2139,1927
39.2167,1895
39.2194,1875
39.2222,1859
39.2250,1836
39.2278,1799
39.2306,1770
39.2333,1746
39.2361,1741
39.2389,1735
39.2417,1729
39.2444,1721
39.2472,1707
39.2500,1682
39.2528,1658
39.2556,1644
39.2583,1623
39.2611,1618
39.2639,1616
39.2667,1613
39.2694,1605
39.2722,1587
39.2750,1579
39.2778,1588
39.2806,1593
39.2833,1604
39.2861,1608
39.2889,1609
39.2917,1598
39.2944,1589
39.2972,1588
39.3000,1586
39.3028,1593
39.3056,1597
39.3083,1601
39.3111,1590
39.3139,1582
39.3167,1583
39.3194,1589
39.3222,1594
39.3250,1589
39.3278,1586
39.3306,1575
39.3333,1584
39.3361,1601
39.3389,1610
39.3417,1605
39.3444,1603
39.3472,1605
39.3500,1595
39.3528,1596
39.3556,1611
39.3583,1620
39.3611,1627
39.3639,1647
39.3667,1642
39.3694,1649
39.3722,1636
39.3750,1632
39.3778,1633
39.3806,1643
39.3833,1665
39.3861,1672
39.3889,1671
39.3917,1666
39.3944,1654
39.3972,1657
39.4000,1664
39.4028,1668
39.4056,1685
39.4083,1691
39.4111,1690
39.4139,1675
39.4167,1671
39.4194,1671
39.4222,1680
39.4250,1683
39.4278,1691
39.4306,1690
39.4333,1695
39.4361,1711
39.4389,1707
39.4417,1714
39.4444,1701
39.4472,1701
39.4500,1697
39.4528,1683
39.4556,1689
39.4583,1689
39.4611,1702
39.4639,1702
39.4667,1703
39.4694,1713
39.4722,1707
39.4750,1700
39.4778,1704
39.4806,1703
39.4833,1696
39.4861,1689
39.4889,1687
39.4917,1678
39.4944,1682
39.4972,1693
39.5000,1696
39.5028,1680
39.5056,1676
39.5083,1663
39.5111,1658
39.5139,1657
39.5167,1670
39.5194,1679
39.5222,1675
39.5250,1677
39.5278,1680
39.5306,1686
39.5333,1681
39.5361,1681
39.5389,1687
39.5417,1668
39.5444,1662
39.5472,1658
39.5500,1654
39.5528,1662
39.5556,1670
39.5583,1671
39.5611,1674
39.5639,1676
39.5667,1676
39.5694,1677
39.5722,1678
39.5750,1677
39.5778,1674
39.5806,1679
39.5833,1673
39.5861,1657
39.5889,1658
39.5917,1659
39.5944,1671
39.5972,1670
39.6000,1673
39.6028,1677
39.6056,1679
39.6083,1694
39.6111,1693
39.6139,1692
39.6167,1693
39.6194,1694
39.6222,1692
39.6250,1682
39.6278,1684
39.6306,1683
39.6333,1679
39.6361,1665
39.6389,1668
39.6417,1674
39.6444,1681
39.6472,1684
39.6500,1677
39.6528,1662
39.6556,1659
39.6583,1657
39.6611,1651
39.6639,1648
39.6667,1657
39.6694,1664
39.6722,1664
39.6750,1657
39.6778,1649
39.6806,1650
39.6833,1645
39.6861,1638
39.6889,1641
39.6917,1638
39.6944,1630
39.6972,1629
39.7000,1633
39.7028,1635
39.7056,1629
39.7083,1641
39.7111,1645
39.7139,1645
39.7167,1634
39.7194,1623
39.7222,1615
39.7250,1608
39.7278,1607
39.7306,1615
39.7333,1610
39.7361,1612
39.7389,1606
39.7417,1601
39.7444,1601
39.7472,1612
39.7500,1613
39.7528,1613
39.7556,1614
39.7583,1613
39.7611,1612
39.7639,1623
39.7667,1626
39.7694,1634
39.7722,1637
39.7750,1635
39.7778,1639
39.7806,1632
39.7833,1625
39.7861,1628
39.7889,1644
39.7917,1644
39.7944,1652
39.7972,1650
39.8000,1651
39.8028,1658
39.8056,1660
39.8083,1658
39.8111,1664
39.8139,1670
39.8167,1677
39.8194,1684
39.8222,1683
39.8250,1697
39.8278,1699
39.8306,1689
39.8333,1686
39.8361,1684
39.8389,1692
39.8417,1690
39.8444,1689
39.8472,1691
39.8500,1690
39.8528,1683
39.8556,1688
39.8583,1692
39.8611,1717
39.8639,1722
39.8667,1714
39.8694,1720
39.8722,1721
39.8750,1721
39.8778,1720
39.8806,1728
39.8833,1731
39.8861,1716
39.8889,1716
39.8917,1712
39.8944,1689
39.8972,1699
39.9000,1709
39.9028,1720
39.9056,1723
39.9083,1727
39.9111,1725
39.9139,1733
39.9167,1731
39.9194,1720
39.9222,1720
39.9250,1725
39.9278,1726
39.9306,1734
39.9333,1735
39.9361,1733
39.9389,1740
39.9417,1749
39.9444,1746
39.9472,1741
39.9500,1733
39.9528,1725
39.9556,1719
39.9583,1725
39.9611,1726
39.9639,1726
39.9667,1719
39.9694,1727
39.9722,1723
39.9750,1725
39.9778,1724
39.9806,1733
39.9833,1724
39.9861,1732
39.9889,1721
39.9917,1723
39.9944,1723
39.9972,1734
40.0000,1743
40.0028,1746
40.0056,1750
40.0083,1754
40.0111,1748
40.0139,1756
40.0167,1759
40.0194,1758
40.0222,1748
40.0250,1747
40.0278,1755
40.0306,1758
40.0333,1772
40.0361,1773
40.0389,1774
40.0417,1781
40.0444,1791
40.0472,1807
40.0500,1827
40.0528,1847
40.0556,1862
40.0583,1873
40.0611,1879
40.0639,1880
40.0667,1879
40.0694,1869
40.0722,1881
40.0750,1888
40.0778,1893
40.0806,1913
40.0833,1927
40.0861,1937
40.0889,1938
40.0917,1940
40.0944,1939
40.0972,1942
40.1000,1925
40.1028,1911
40.1056,1887
40.1083,1860
40.1111,1859
40.1139,1864
40.1167,1866
40.1194,1866
40.1222,1873
40.1250,1884
40.1278,1892
40.1306,1882
40.1333,1862
40.1361,1847
40.1389,1814
40.1417,1796
40.1444,1793
40.1472,1784
40.1500,1783
40.1528,1777
40.1556,1785
40.1583,1784
40.1611,1783
40.1639,1787
40.1667,1778
40.1694,1747
40.1722,1701
40.1750,1634
40.1778,1576
40.1806,1567
40.1833,1631
40.1861,1738
40.1889,1906
40.1917,2127
40.1944,2406
40.1972,2769
40.2000,3150
40.2028,3351
40.2056,3366
40.2083,3369
40.2111,3367
40.2139,3374
40.2167,3326
40.2194,2913
40.2222,2275
40.2250,1699
40.2278,1304
40.2306,1079
40.2333,993
40.2361,945
40.2389,940
40.2417,959
40.2444,1006
40.2472,1047
40.2500,1093
40.2528,1162
40.2556,1297
40.2583,1466
40.2611,1606
40.2639,1727
40.2667,1783
40.2694,1785
40.2722,1764
40.2750,1729
40.2778,1694
40.2806,1690
40.2833,1701
40.2861,1733
40.2889,1757
40.2917,1750
40.2944,1741
40.2972,1727
40.3000,1722
40.3028,1751
40.3056,1776
40.3083,1777
40.3111,1761
40.3139,1736
40.3167,1712
40.3194,1708
40.3222,1724
40.3250,1740
40.3278,1762
40.3306,1762
40.3333,1747
40.3361,1711
40.3389,1704
40.3417,1703
40.3444,1738
40.3472,1745
40.3500,1743
40.3528,1734
40.3556,1730
40.3583,1729
40.3611,1740
40.3639,1769
40.3667,1782
40.3694,1794
40.3722,1780
40.3750,1776
40.3778,1764
40.3806,1765
40.3833,1777
40.3861,1791
40.3889,1811
40.3917,1806
40.3944,1799
40.3972,1787
40.4000,1776
40.4028,1792
40.4056,1812
40.4083,1831
40.4111,1825
40.4139,1812
40.4167,1822
40.4194,2012
40.4222,2024
40.4250,2046
40.4278,2092
40.4306,2095
40.4333,2105
40.4361,2085
40.4389,2089
40.4417,2099
40.4444,2125
40.4472,2135
40.4500,2145
40.4528,2149
40.4556,2135
40.4583,2114
40.4611,2118
40.4639,2123
40.4667,2148
40.4694,2146
40.4722,2145
40.4750,2119
40.4778,2097
40.4806,2069
40.4833,2051
40.4861,2028
40.4889,2016
40.4917,1992
40.4944,1953
40.4972,1926
40.5000,1894
40.5028,1866
40.5056,1833
40.5083,1801
40.5111,1778
40.5139,1743
40.5167,1710
40.5194,1681
40.5222,1663
40.5250,1662
40.5278,1668
40.5306,1661
40.5333,1625
40.5361,1606
40.5389,1583
40.5417,1577
40.5444,1581
40.5472,1583
40.5500,1579
40.5528,1568
40.5556,1558
40.5583,1536
40.5611,1523
40.5639,1524
40.5667,1547
40.5694,1562
40.5722,1573
40.5750,1566
40.5778,1562
40.5806,1548
40.5833,1547
40.5861,1555
40.5889,1554
40.5917,1557
40.5944,1549
40.5972,1529
40.6000,1528
40.6028,1544
40.6056,1557
40.6083,1568
40.6111,1577
40.6139,1569
40.6167,1556
40.6194,1550
40.6222,1548
40.6250,1556
40.6278,1558
40.6306,1572
40.6333,1559
40.6361,1555
40.6389,1563
40.6417,1558
40.6444,1557
40.6472,1568
40.6500,1555
40.6528,1548
40.6556,1548
40.6583,1538
40.6611,1537
40.6639,1549
40.6667,1565
40.6694,1576
40.6722,1582
40.6750,1585
40.6778,1584
40.6806,1579
40.6833,1578
40.6861,1561
40.6889,1567
40.6917,1554
40.6944,1547
40.6972,1550
40.7000,1560
40.7028,1556
40.7056,1556
40.7083,1556
40.7111,1558
40.7139,1553
40.7167,1553
40.7194,1553
40.7222,1551
40.7250,1544
40.7278,1546
40.7306,1551
40.7333,1551
40.7361,1556
40.7389,1562
40.7417,1566
40.7444,1578
40.7472,1580
40.7500,1587
40.7528,1591
40.7556,1581
40.7583,1571
40.7611,1557
40.7639,1552
40.7667,1562
40.7694,1579
40.7722,1574
40.7750,1583
40.7778,1579
40.7806,1574
40.7833,1573
40.7861,1568
40.7889,1581
40.7917,1577
40.7944,1574
40.7972,1572
40.8000,1566
40.8028,1574
40.8056,1571
40.8083,1577
40.8111,1573
40.8139,1569
40.8167,1570
40.8194,1571
40.8222,1576
40.8250,1580
40.8278,1580
40.8306,1566
40.8333,1559
40.8361,1550
40.8389,1533
40.8417,1542
40.8444,1548
40.8472,1568
40.8500,1597
40.8528,1594
40.8556,1582
40.8583,1562
40.8611,1557
40.8639,1555
40.8667,1562
40.8694,1566
40.8722,1574
40.8750,1577
40.8778,1580
40.8806,1599
40.8833,1609
40.8861,1614
40.8889,1617
40.8917,1607
40.8944,1595
40.8972,1594
40.9000,1597
40.9028,1605
40.9056,1600
40.9083,1592
40.9111,1592
40.9139,1592
40.9167,1601
40.9194,1607
40.9222,1602
40.9250,1592
40.9278,1597
40.9306,1597
40.9333,1590
40.9361,1593
40.9389,1598
40.9417,1590
40.9444,1590
40.9472,1581
40.9500,1584
40.9528,1579
40.9556,1578
40.9583,1578
40.9611,1574
40.9639,1579
40.9667,1587
40.9694,1592
40.9722,1594
40.9750,1585
40.9778,1586
40.9806,1578
40.9833,1577
40.9861,1587
40.9889,1583
40.9917,1592
40.9944,1591
40.9972,1592
41.0000,1596
41.0028,1596
41.0056,1592
41.0083,1585
41.0111,1576
41.0139,1582
41.0167,1577
41.0194,1578
41.0222,1575
41.0250,1583
41.0278,1582
41.0306,1582
41.0333,1590
41.0361,1587
41.0389,1592
41.0417,1595
41.0444,1598
41.0472,1584
41.0500,1590
41.0528,1581
41.0556,1584
41.0583,1591
41.0611,1591
41.0639,1591
41.0667,1582
41.0694,1585
41.0722,1574
41.0750,1590
41.0778,1590
41.0806,1600
41.0833,1600
41.0861,1609
41.0889,1593
41.0917,1587
41.0944,1598
41.0972,1595
41.1000,1586
41.1028,1584
41.1056,1577
41.1083,1578
41.1111,1576
41.1139,1583
41.1167,1588
41.1194,1596
41.1222,1595
41.1250,1588
41.1278,1598
41.1306,1600
41.1333,1606
41.1361,1606
41.1389,1601
41.1417,1613
41.1444,1617
41.1472,1602
41.1500,1601
41.1528,1604
41.1556,1621
41.1583,1635
41.1611,1643
41.1639,1646
41.1667,1642
41.1694,1634
41.1722,1621
41.1750,1614
41.1778,1615
41.1806,1614
41.1833,1616
41.1861,1627
41.1889,1627
41.1917,1633
41.1944,1628
41.1972,1630
41.2000,1631
41.2028,1637
41.2056,1641
41.2083,1643
41.2111,1640
41.2139,1641
41.2167,1633
41.2194,1637
41.2222,1645
41.2250,1658
41.2278,1664
41.2306,1677
41.2333,1675
41.2361,1672
41.2389,1654
41.2417,1645
41.2444,1652
41.2472,1647
41.2500,1645
41.2528,1636
41.2556,1639
41.2583,1656
41.2611,1655
41.2639,1665
41.2667,1668
41.2694,1676
41.2722,1677
41.2750,1665
41.2778,1672
41.2806,1673
41.2833,1662
41.2861,1665
41.2889,1658
41.2917,1665
41.2944,1666
41.2972,1666
41.3000,1668
41.3028,1687
41.3056,1684
41.3083,1689
41.3111,1687
41.3139,1691
41.3167,1699
41.3194,1705
41.3222,1700
41.3250,1669
41.3278,1657
41.3306,1653
41.3333,1664
41.3361,1674
41.3389,1693
41.3417,1703
41.3444,1700
41.3472,1698
41.3500,1684
41.3528,1673
41.3556,1672
41.3583,1676
41.3611,1684
41.3639,1701
41.3667,1706
41.3694,1698
41.3722,1668
41.3750,1651
41.3778,1643
41.3806,1657
41.3833,1669
41.3861,1695
41.3889,1715
41.3917,1736
41.3944,1742
41.3972,1745
41.4000,1739
41.4028,1747
41.4056,1748
41.4083,1750
41.4111,1746
41.4139,1746
41.4167,1755
41.4194,1758
41.4222,1777
41.4250,1788
41.4278,1805
41.4306,1814
41.4333,1818
41.4361,1813
41.4389,1800
41.4417,1774
41.4444,1745
41.4472,1725
41.4500,1720
41.4528,1728
41.4556,1740
41.4583,1745
41.4611,1753
41.4639,1755
41.4667,1750
41.4694,1730
41.4722,1712
41.4750,1697
41.4778,1678
41.4806,1643
41.4833,1587
41.4861,1515
41.4889,1474
41.4917,1495
41.4944,1576
41.4972,1698
41.5000,1875
41.5028,2111
41.5056,2403
41.5083,2778
41.5111,3147
41.5139,3350
41.5167,3365
41.5194,3358
41.5222,3374
41.5250,3361
41.5278,3194
41.5306,2673
41.5333,2049
41.5361,1544
41.5389,1208
41.5417,1011
41.5444,929
41.5472,889
41.5500,869
41.5528,884
41.5556,919
41.5583,948
41.5611,983
41.5639,1041
41.5667,1166
41.5694,1343
41.5722,1510
41.5750,1629
41.5778,1688
41.5806,1688
41.5833,1662
41.5861,1624
41.5889,1605
41.5917,1610
41.5944,1633
41.5972,1660
41.6000,1667
41.6028,1660
41.6056,1649
41.6083,1655
41.6111,1668
41.6139,1683
41.6167,1715
41.6194,1716
41.6222,1704
41.6250,1695
41.6278,1685
41.6306,1675
41.6333,1690
41.6361,1684
41.6389,1693
41.6417,1694
41.6444,1697
41.6472,1676
41.6500,1672
41.6528,1678
41.6556,1697
41.6583,1708
41.6611,1709
41.6639,1690
41.6667,1668
41.6694,1673
41.6722,1681
41.6750,1702
41.6778,1723
41.6806,1724
41.6833,1712
41.6861,1706
41.6889,1697
41.6917,1703
41.6944,1706
41.6972,1715
41.7000,1721
41.7028,1721
41.7056,1719
41.7083,1721
41.7111,1734
41.7139,1743
41.7167,1737
41.7194,1729
41.7222,1726
41.7250,1741
41.7278,1747
41.7306,1911
41.7333,1916
41.7361,1931
41.7389,1942
41.7417,1958
41.7444,1972
41.7472,1965
41.7500,1966
41.7528,1978
41.7556,2004
41.7583,2027
41.7611,2041
41.7639,2027
41.7667,2003
41.7694,1992
41.7722,2002
41.7750,2022
41.7778,2039
41.7806,2037
41.7833,2029
41.7861,2019
41.7889,2008
41.7917,2002
41.7944,1989
41.7972,1964
41.8000,1930
41.8028,1903
41.8056,1891
41.8083,1866
41.8111,1834
41.8139,1810
41.8167,1794
41.8194,1771
41.8222,1756
41.8250,1712
41.8278,1686
41.8306,1658
41.8333,1648
41.8361,1640
41.8389,1622
41.8417,1600
41.8444,1574
41.8472,1553
41.8500,1554
41.8528,1542
41.8556,1530
41.8583,1517
41.8611,1498
41.8639,1512
41.8667,1524
41.8694,1530
41.8722,1532
41.8750,1513
41.8778,1504
41.8806,1499
41.8833,1497
41.8861,1499
41.8889,1517
41.8917,1524
41.8944,1532
41.8972,1517
41.9000,1506
41.9028,1491
41.9056,1488
41.9083,1497
41.9111,1517
41.9139,1528
41.9167,1532
41.9194,1535
41.9222,1521
41.9250,1522
41.9278,1530
41.9306,1534
41.9333,1542
41.9361,1516
41.9389,1505
41.9417,1494
41.9444,1503
41.9472,1506
41.9500,1501
41.9528,1511
41.9556,1522
41.9583,1525
41.9611,1532
41.9639,1545
41.9667,1552
41.9694,1545
41.9722,1552
41.9750,1554
41.9778,1566
41.9806,1573
41.9833,1555
41.9861,1537
41.9889,1526
41.9917,1529
41.9944,1535
41.9972,1562
42.0000,1579
42.0028,1577
42.0056,1555
42.0083,1539
42.0111,1544
42.0139,1561
42.0167,1572
42.0194,1591
42.0222,1598
42.0250,1583
42.0278,1580
42.0306,1569
42.0333,1560
42.0361,1561
42.0389,1551
42.0417,1543
42.0444,1549
42.0472,1562
42.0500,1569
42.0528,1580
42.0556,1579
42.0583,1588
42.0611,1613
42.0639,1624
42.0667,1610
42.0694,1589
42.0722,1573
42.0750,1565
42.0778,1578
42.0806,1597
42.0833,1605
42.0861,1599
42.0889,1577
42.0917,1581
42.0944,1597
42.0972,1607
42.1000,1617
42.1028,1618
42.1056,1614
42.1083,1617
42.1111,1622
42.1139,1618
42.1167,1631
42.1194,1622
42.1222,1629
42.1250,1622
42.1278,1608
42.1306,1595
42.1333,1587
42.1361,1601
42.1389,1618
42.1417,1631
42.1444,1631
42.1472,1631
42.1500,1637
42.1528,1633
42.1556,1646
42.1583,1650
42.1611,1653
42.1639,1654
42.1667,1645
42.1694,1637
42.1722,1634
42.1750,1644
42.1778,1673
42.1806,1701
42.1833,1702
42.1861,1705
42.1889,1697
42.1917,1707
42.1944,1712
42.1972,1707
42.2000,1698
42.2028,1699
42.2056,1705
42.2083,1710
42.2111,1716
42.2139,1719
42.2167,1714
42.2194,1717
42.2222,1713
42.2250,1718
42.2278,1711
42.2306,1723
42.2333,1727
42.2361,1741
42.2389,1747
42.2417,1738
42.2444,1728
42.2472,1711
42.2500,1704
42.2528,1704
42.2556,1719
42.2583,1733
42.2611,1741
42.2639,1731
42.2667,1730
42.2694,1719
42.2722,1713
42.2750,1711
42.2778,1711
42.2806,1710
42.2833,1703
42.2861,1694
42.2889,1701
42.2917,1707
42.2944,1700
42.2972,1710
42.3000,1705
42.3028,1708
42.3056,1699
42.3083,1693
42.3111,1692
42.3139,1701
42.3167,1703
42.3194,1704
42.3222,1701
42.3250,1698
42.3278,1690
42.3306,1696
42.3333,1696
42.3361,1688
42.3389,1694
42.3417,1702
42.3444,1714
42.3472,1719
42.3500,1722
42.3528,1723
42.3556,1710
42.3583,1705
42.3611,1693
42.3639,1700
42.3667,1709
42.3694,1713
42.3722,1726
42.3750,1720
42.3778,1725
42.3806,1732
42.3833,1726
42.3861,1725
42.3889,1718
42.3917,1721
42.3944,1734
42.3972,1742
42.4000,1747
42.4028,1745
42.4056,1738
42.4083,1729
42.4111,1716
42.4139,1718
42.4167,1738
42.4194,1751
42.4222,1760
42.4250,1764
42.4278,1761
42.4306,1766
42.4333,1759
42.4361,1751
42.4389,1753
42.4417,1752
42.4444,1749
42.4472,1751
42.4500,1758
42.4528,1762
42.4556,1764
42.4583,1782
42.4611,1782
42.4639,1789
42.4667,1778
42.4694,1770
42.4722,1770
42.4750,1767
42.4778,1763
42.4806,1771
42.4833,1782
42.4861,1786
42.4889,1792
42.4917,1799
42.4944,1789
42.4972,1784
42.5000,1774
42.5028,1778
42.5056,1778
42.5083,1779
42.5111,1790
42.5139,1806
42.5167,1818
42.5194,1823
42.5222,1816
42.5250,1811
42.5278,1806
42.5306,1816
42.5333,1817
42.5361,1824
42.5389,1822
42.5417,1826
42.5444,1826
42.5472,1828
42.5500,1826
42.5528,1822
42.5556,1821
42.5583,1820
42.5611,1824
42.5639,1823
42.5667,1818
42.5694,1819
42.5722,1808
42.5750,1798
42.5778,1811
42.5806,1815
42.5833,1817
42.5861,1824
42.5889,1823
42.5917,1843
42.5944,1840
42.5972,1844
42.6000,1831
42.6028,1826
42.6056,1829
42.6083,1832
42.6111,1848
42.6139,1850
42.6167,1849
42.6194,1841
42.6222,1838
42.6250,1840
42.6278,1842
42.6306,1840
42.6333,1840
42.6361,1828
42.6389,1830
42.6417,1842
42.6444,1854
42.6472,1858
42.6500,1856
42.6528,1848
42.6556,1850
42.6583,1858
42.6611,1876
42.6639,1904
42.6667,1915
42.6694,1922
42.6722,1921
42.6750,1917
42.6778,1913
42.6806,1927
42.6833,1930
42.6861,1931
42.6889,1942
42.6917,1950
42.6944,1955
42.6972,1955
42.7000,1956
42.7028,1966
42.7056,1968
42.7083,1950
42.7111,1929
42.7139,1906
42.7167,1887
42.7194,1883
42.7222,1886
42.7250,1881
42.7278,1881
42.7306,1879
42.7333,1873
42.7361,1860
42.7389,1854
42.7417,1844
42.7444,1822
42.7472,1817
42.7500,1801
42.7528,1775
42.7556,1776
42.7583,1776
42.7611,1794
42.7639,1790
42.7667,1784
42.7694,1788
42.7722,1792
42.7750,1797
42.7778,1784
42.7806,1753
42.7833,1682
42.7861,1605
42.7889,1566
42.7917,1603
42.7944,1697
42.7972,1851
42.8000,2071
42.8028,2331
42.8056,2669
42.8083,3036
42.8111,3347
42.8139,3354
42.8167,3369
42.8194,3370
42.8222,3376
42.8250,3364
42.8278,3108
42.8306,2519
42.8333,1894
42.8361,1426
42.8389,1139
42.8417,1001
42.8444,949
42.8472,931
42.8500,937
42.8528,989
42.8556,1034
42.8583,1078
42.8611,1122
42.8639,1239
42.8667,1392
42.8694,1545
42.8722,1672
42.8750,1756
42.8778,1784
42.8806,1772
42.8833,1752
42.8861,1735
42.8889,1715
42.8917,1725
42.8944,1746
42.8972,1761
42.9000,1768
42.9028,1763
42.9056,1752
42.9083,1739
42.9111,1757
42.9139,1777
42.9167,1798
42.9194,1796
42.9222,1785
42.9250,1766
42.9278,1761
42.9306,1777
42.9333,1804
42.9361,1824
42.9389,1824
42.9417,1818
42.9444,1799
42.9472,1786
42.9500,1790
42.9528,1815
42.9556,1834
42.9583,1838
42.9611,1827
42.9639,1817
42.9667,1814
42.9694,1812
42.9722,1831
42.9750,1855
42.9778,1886
42.9806,1872
42.9833,1859
42.9861,1833
42.9889,1825
42.9917,1847
42.9944,1857
42.9972,1873
43.0000,1879
43.0028,1874
43.0056,1852
43.0083,1855
43.0111,1867
43.0139,1890
43.0167,1899
43.0194,1907
43.0222,1900
43.0250,1893
43.0278,1899
43.0306,2040
43.0333,2051
43.0361,2075
43.0389,2098
43.0417,2112
43.0444,2107
43.0472,2109
43.0500,2110
43.0528,2119
43.0556,2123
43.0583,2139
43.0611,2136
43.0639,2144
43.0667,2130
43.0694,2126
43.0722,2143
43.0750,2150
43.0778,2153
43.0806,2141
43.0833,2132
43.0861,2113
43.0889,2084
43.0917,2080
43.0944,2067
43.0972,2045
43.1000,2012
43.1028,1969
43.1056,1927
43.1083,1895
43.1111,1876
43.1139,1864
43.1167,1842
43.1194,1807
43.1222,1769
43.1250,1734
43.1278,1706
43.1306,1698
43.1333,1693
43.1361,1691
43.1389,1668
43.1417,1639
43.1444,1610
43.1472,1589
43.1500,1570
43.1528,1561
43.1556,1561
43.1583,1555
43.1611,1550
43.1639,1553
43.1667,1547
43.1694,1542
43.1722,1537
43.1750,1536
43.1778,1536
43.1806,1534
43.1833,1542
43.1861,1537
43.1889,1542
43.1917,1549
43.1944,1561
43.1972,1567
43.2000,1569
43.2028,1555
43.2056,1543
43.2083,1531
43.2111,1537
43.2139,1538
43.2167,1539
43.2194,1534
43.2222,1552
43.2250,1544
43.2278,1540
43.2306,1545
43.2333,1548
43.2361,1567
43.2389,1587
43.2417,1591
43.2444,1592
43.2472,1580
43.2500,1573
43.2528,1568
43.2556,1571
43.2583,1586
43.2611,1595
43.2639,1602
43.2667,1610
43.2694,1616
43.2722,1620
43.2750,1610
43.2778,1603
43.2806,1604
43.2833,1596
43.2861,1603
43.2889,1600
43.2917,1611
43.2944,1611
43.2972,1614
43.3000,1613
43.3028,1597
43.3056,1590
43.3083,1590
43.3111,1587
43.3139,1597
43.3167,1601
43.3194,1595
43.3222,1597
43.3250,1585
43.3278,1587
43.3306,1587
43.3333,1588
43.3361,1589
43.3389,1590
43.3417,1588
43.3444,1576
43.3472,1575
43.3500,1569
43.3528,1571
43.3556,1577
43.3583,1593
43.3611,1596
43.3639,1596
43.3667,1585
43.3694,1580
43.3722,1582
43.3750,1575
43.3778,1578
43.3806,1571
43.3833,1580
43.3861,1582
43.3889,1587
43.3917,1592
43.3944,1594
43.3972,1598
43.4000,1599
43.4028,1585
43.4056,1582
43.4083,1570
43.4111,1569
43.4139,1583
43.4167,1593
43.4194,1595
43.4222,1594
43.4250,1589
43.4278,1596
43.4306,1595
43.4333,1589
43.4361,1588
43.4389,1586
43.4417,1574
43.4444,1580
43.4472,1596
43.4500,1595
43.4528,1594
43.4556,1584
43.4583,1578
43.4611,1578
43.4639,1580
43.4667,1580
43.4694,1585
43.4722,1581
43.4750,1592
43.4778,1591
43.4806,1587
43.4833,1594
43.4861,1597
43.4889,1602
43.4917,1601
43.4944,1601
43.4972,1611
43.5000,1614
43.5028,1614
43.5056,1604
43.5083,1601
43.5111,1607
43.5139,1604
43.5167,1592
43.5194,1578
43.5222,1569
43.5250,1573
43.5278,1572
43.5306,1584
43.5333,1587
43.5361,1602
43.5389,1608
43.5417,1603
43.5444,1609
43.5472,1589
43.5500,1574
43.5528,1581
43.5556,1590
43.5583,1610
43.5611,1625
43.5639,1619
43.5667,1622
43.5694,1614
43.5722,1603
43.5750,1605
43.5778,1613
43.5806,1614
43.5833,1616
43.5861,1615
43.5889,1624
43.5917,1626
43.5944,1625
43.5972,1622
43.6000,1621
43.6028,1622
43.6056,1625
43.6083,1623
43.6111,1621
43.6139,1619
43.6167,1622
43.6194,1623
43.6222,1617
43.6250,1621
43.6278,1627
43.6306,1640
43.6333,1634
43.6361,1631
43.6389,1632
43.6417,1626
43.6444,1627
43.6472,1624
43.6500,1636
43.6528,1633
43.6556,1648
43.6583,1661
43.6611,1668
43.6639,1672
43.6667,1654
43.6694,1654
43.6722,1649
43.6750,1653
43.6778,1642
43.6806,1642
43.6833,1642
43.6861,1653
43.6889,1649
43.6917,1644
43.6944,1641
43.6972,1651
43.7000,1649
43.7028,1654
43.7056,1659
43.7083,1648
43.7111,1653
43.7139,1650
43.7167,1654
43.7194,1659
43.7222,1662
43.7250,1657
43.7278,1662
43.7306,1669
43.7333,1675
43.7361,1679
43.7389,1688
43.7417,1686
43.7444,1683
43.7472,1662
43.7500,1670
43.7528,1673
43.7556,1669
43.7583,1669
43.7611,1670
43.7639,1677
43.7667,1669
43.7694,1668
43.7722,1664
43.7750,1669
43.7778,1674
43.7806,1678
43.7833,1683
43.7861,1677
43.7889,1676
43.7917,1677
43.7944,1672
43.7972,1674
43.8000,1677
43.8028,1679
43.8056,1677
43.8083,1685
43.8111,1686
43.8139,1686
43.8167,1680
43.8194,1669
43.8222,1676
43.8250,1673
43.8278,1679
43.8306,1686
43.8333,1688
43.8361,1680
43.8389,1683
43.8417,1685
43.8444,1685
43.8472,1686
43.8500,1691
43.8528,1686
43.8556,1690
43.8583,1693
43.8611,1685
43.8639,1679
43.8667,1674
43.8694,1683
43.8722,1684
43.8750,1689
43.8778,1698
43.8806,1689
43.8833,1700
43.8861,1702
43.8889,1703
43.8917,1693
43.8944,1696
43.8972,1697
43.9000,1696
43.9028,1698
43.9056,1702
43.9083,1704
43.9111,1708
43.9139,1715
43.9167,1712
43.9194,1701
43.9222,1706
43.9250,1704
43.9278,1708
43.9306,1729
43.9333,1734
43.9361,1738
43.9389,1740
43.9417,1732
43.9444,1718
43.9472,1707
43.9500,1716
43.9528,1722
43.9556,1722
43.9583,1724
43.9611,1714
43.9639,1716
43.9667,1718
43.9694,1717
43.9722,1712
43.9750,1716
43.9778,1717
43.9806,1725
43.9833,1721
43.9861,1723
43.9889,1722
43.9917,1727
43.9944,1732
43.9972,1733
44.0000,1727
44.0028,1722
44.0056,1720
44.0083,1722
44.0111,1729
44.0139,1745
44.0167,1756
44.0194,1777
44.0222,1789
44.0250,1795
44.0278,1800
44.0306,1802
44.0333,1791
44.0361,1784
44.0389,1797
44.0417,1806
44.0444,1816
44.0472,1832
44.0500,1831
44.0528,1838
44.0556,1838
44.0583,1849
44.0611,1860
44.0639,1865
44.0667,1841
44.0694,1818
44.0722,1800
44.0750,1782
44.0778,1771
44.0806,1760
44.0833,1768
44.0861,1780
44.0889,1784
44.0917,1777
44.0944,1770
44.0972,1750
44.1000,1747
44.1028,1721
44.1056,1710
44.1083,1686
44.1111,1654
44.1139,1586
44.1167,1521
44.1194,1487
44.1222,1500
44.1250,1587
44.1278,1721
44.1306,1911
44.1333,2143
44.1361,2461
44.1389,2838
44.1417,3194
44.1444,3356
44.1472,3359
44.1500,3367
44.1528,3372
44.1556,3370
44.1583,3172
44.1611,2615
44.1639,1946
44.1667,1399
44.1694,1063
44.1722,877
44.1750,798
44.1778,769
44.1806,779
44.1833,842
44.1861,900
44.1889,952
44.1917,1025
44.1944,1131
44.1972,1294
44.2000,1453
44.2028,1579
44.2056,1662
44.2083,1707
44.2111,1705
44.2139,1669
44.2167,1645
44.2194,1627
44.2222,1641
44.2250,1671
44.2278,1696
44.2306,1694
44.2333,1682
44.2361,1673
44.2389,1661
44.2417,1668
44.2444,1682
44.2472,1685
44.2500,1710
44.2528,1713
44.2556,1707
44.2583,1700
44.2611,1700
44.2639,1705
44.2667,1721
44.2694,1715
44.2722,1716
44.2750,1707
44.2778,1688
44.2806,1692
44.2833,1711
44.2861,1731
44.2889,1744
44.2917,1742
44.2944,1723
44.2972,1709
44.3000,1706
44.3028,1716
44.3056,1745
44.3083,1755
44.3111,1765
44.3139,1750
44.3167,1732
44.3194,1733
44.3222,1735
44.3250,1755
44.3278,1764
44.3306,1773
44.3333,1770
44.3361,1769
44.3389,1756
44.3417,1765
44.3444,1782
44.3472,1796
44.3500,1799
44.3528,1791
44.3556,1774
44.3583,1758
44.3611,1954
44.3639,1959
44.3667,1967
44.3694,1986
44.3722,2005
44.3750,2003
44.3778,2010
44.3806,2006
44.3833,2028
44.3861,2047
44.3889,2061
44.3917,2083
44.3944,2085
44.3972,2084
44.4000,2072
44.4028,2085
44.4056,2094
44.4083,2105
44.4111,2111
44.4139,2119
44.4167,2096
44.4194,2085
44.4222,2065
44.4250,2055
44.4278,2049
44.4306,2019
44.4333,1997
44.4361,1961
44.4389,1916
44.4417,1885
44.4444,1860
44.4472,1840
44.4500,1815
44.4528,1796
44.4556,1763
44.4583,1743
44.4611,1716
44.4639,1692
44.4667,1686
44.4694,1668
44.4722,1655
44.4750,1634
44.4778,1618
44.4806,1597
44.4833,1593
44.4861,1595
44.4889,1592
44.4917,1587
44.4944,1586
44.4972,1578
44.5000,1570
44.5028,1573
44.5056,1572
44.5083,1581
44.5111,1582
44.5139,1580
44.5167,1577
44.5194,1572
44.5222,1570
44.5250,1564
44.5278,1580
44.5306,1570
44.5333,1577
44.5361,1576
44.5389,1561
44.5417,1559
44.5444,1566
44.5472,1577
44.5500,1586
44.5528,1589
44.5556,1590
44.5583,1578
44.5611,1570
44.5639,1575
44.5667,1573
44.5694,1571
44.5722,1566
44.5750,1560
44.5778,1548
44.5806,1541
44.5833,1533
44.5861,1547
44.5889,1570
44.5917,1572
44.5944,1557
44.5972,1571
44.6000,1582
44.6028,1579
44.6056,1582
44.6083,1577
44.6111,1579
44.6139,1573
44.6167,1574
44.6194,1560
44.6222,1569
44.6250,1569
44.6278,1590
44.6306,1590
44.6333,1589
44.6361,1582
44.6389,1577
44.6417,1565
44.6444,1577
44.6472,1577
44.6500,1575
44.6528,1570
44.6556,1555
44.6583,1550
44.6611,1556
44.6639,1563
44.6667,1569
44.6694,1574
44.6722,1573
44.6750,1555
44.6778,1540
44.6806,1533
44.6833,1546
44.6861,1550
44.6889,1554
44.6917,1545
44.6944,1553
44.6972,1559
44.7000,1566
44.7028,1568
44.7056,1553
44.7083,1548
44.7111,1542
44.7139,1556
44.7167,1557
44.7194,1558
44.7222,1553
44.7250,1560
44.7278,1556
44.7306,1563
44.7333,1565
44.7361,1564
44.7389,1552
44.7417,1550
44.7444,1553
44.7472,1552
44.7500,1566
44.7528,1560
44.7556,1560
44.7583,1549
44.7611,1551
44.7639,1549
44.7667,1561
44.7694,1562
44.7722,1563
44.7750,1563
44.7778,1562
44.7806,1548
44.7833,1545
44.7861,1558
44.7889,1562
44.7917,1562
44.7944,1572
44.7972,1561
44.8000,1558
44.8028,1554
44.8056,1542
44.8083,1537
44.8111,1549
44.8139,1547
44.8167,1563
44.8194,1574
44.8222,1585
44.8250,1595
44.8278,1586
44.8306,1581
44.8333,1567
44.8361,1559
44.8389,1541
44.8417,1546
44.8444,1557
44.8472,1581
44.8500,1592
44.8528,1596
44.8556,1591
44.8583,1596
44.8611,1594
44.8639,1595
44.8667,1579
44.8694,1578
44.8722,1579
44.8750,1594
44.8778,1594
44.8806,1598
44.8833,1597
44.8861,1600
44.8889,1609
44.8917,1612
44.8944,1620
44.8972,1614
44.9000,1605
44.9028,1599
44.9056,1585
44.9083,1584
44.9111,1577
44.9139,1584
44.9167,1598
44.9194,1623
44.9222,1623
44.9250,1630
44.9278,1626
44.9306,1608
44.9333,1597
44.9361,1588
44.9389,1588
44.9417,1599
44.9444,1598
44.9472,1606
44.9500,1614
44.9528,1627
44.9556,1631
44.9583,1626
44.9611,1615
44.9639,1606
44.9667,1609
44.9694,1619
44.9722,1619
44.9750,1627
44.9778,1617
44.9806,1614
44.9833,1620
44.9861,1616
44.9889,1603
44.9917,1608
44.9944,1603
44.9972,1603
45.0000,1607
45.0028,1614
45.0056,1624
45.0083,1632
45.0111,1634
45.0139,1642
45.0167,1642
45.0194,1638
45.0222,1641
45.0250,1651
45.0278,1658
45.0306,1643
45.0333,1636
45.0361,1629
45.0389,1623
45.0417,1627
45.0444,1641
45.0472,1642
45.0500,1644
45.0528,1640
45.0556,1640
45.0583,1636
45.0611,1634
45.0639,1632
45.0667,1633
45.0694,1638
45.0722,1632
45.0750,1630
45.0778,1639
45.0806,1648
45.0833,1637
45.0861,1644
45.0889,1646
45.0917,1645
45.0944,1641
45.0972,1645
45.1000,1637
45.1028,1636
45.1056,1630
45.1083,1634
45.1111,1640
45.1139,1643
45.1167,1645
45.1194,1639
45.1222,1637
45.1250,1626
45.1278,1630
45.1306,1635
45.1333,1641
45.1361,1652
45.1389,1662
45.1417,1659
45.1444,1659
45.1472,1653
45.1500,1643
45.1528,1629
45.1556,1634
45.1583,1638
45.1611,1645
45.1639,1646
45.1667,1649
45.1694,1663
45.1722,1671
45.1750,1671
45.1778,1649
45.1806,1634
45.1833,1629
45.1861,1625
45.1889,1630
45.1917,1632
45.1944,1626
45.1972,1632
45.2000,1639
45.2028,1645
45.2056,1661
45.2083,1661
45.2111,1663
45.2139,1674
45.2167,1674
45.2194,1665
45.2222,1646
45.2250,1645
45.2278,1649
45.2306,1661
45.2333,1670
45.2361,1664
45.2389,1659
45.2417,1655
45.2444,1651
45.2472,1652
45.2500,1652
45.2528,1649
45.2556,1644
45.2583,1649
45.2611,1654
45.2639,1674
45.2667,1699
45.2694,1711
45.2722,1728
45.2750,1745
45.2778,1770
45.2806,1764
45.2833,1771
45.2861,1757
45.2889,1761
45.2917,1756
45.2944,1766
45.2972,1775
45.3000,1790
45.3028,1807
45.3056,1822
45.3083,1836
45.3111,1844
45.3139,1823
45.3167,1790
45.3194,1765
45.3222,1750
45.3250,1731
45.3278,1738
45.3306,1733
45.3333,1738
45.3361,1736
45.3389,1724
45.3417,1697
45.3444,1676
45.3472,1663
45.3500,1659
45.3528,1653
45.3556,1651
45.3583,1631
45.3611,1628
45.3639,1636
45.3667,1651
45.3694,1652
45.3722,1644
45.3750,1644
45.3778,1645
45.3806,1655
45.3833,1651
45.3861,1623
45.3889,1549
45.3917,1461
45.3944,1421
45.3972,1439
45.4000,1526
45.4028,1669
45.4056,1847
45.4083,2087
45.4111,2386
45.4139,2749
45.4167,3100
45.4194,3340
45.4222,3358
45.4250,3363
45.4278,3370
45.4306,3288
45.4333,2880
45.4361,2335
45.4389,1816
45.4417,1434
45.4444,1205
45.4472,1054
45.4500,976
45.4528,905
45.4556,872
45.4583,848
45.4611,870
45.4639,889
45.4667,928
45.4694,996
45.4722,1122
45.4750,1294
45.4778,1445
45.4806,1560
45.4833,1629
45.4861,1641
45.4889,1621
45.4917,1604
45.4944,1603
45.4972,1628
45.5000,1625
45.5028,1623
45.5056,1623
45.5083,1616
45.5111,1610
45.5139,1627
45.5167,1640
45.5194,1665
45.5222,1678
45.5250,1688
45.5278,1683
45.5306,1682
45.5333,1675
45.5361,1676
45.5389,1684
45.5417,1686
45.5444,1692
45.5472,1678
45.5500,1673
45.5528,1680
45.5556,1683
45.5583,1686
45.5611,1685
45.5639,1686
45.5667,1687
45.5694,1693
45.5722,1700
45.5750,1710
45.5778,1716
45.5806,1714
45.5833,1716
45.5861,1716
45.5889,1723
45.5917,1720
45.5944,1706
45.5972,1703
45.6000,1708
45.6028,1729
45.6056,1750
45.6083,1777
45.6111,1770
45.6139,1755
45.6167,1733
45.6194,1728
45.6222,1740
45.6250,1768
45.6278,1790
45.6306,1804
45.6333,1918
45.6361,1915
45.6389,1950
45.6417,1990
45.6444,2016
45.6472,2033
45.6500,2026
45.6528,2016
45.6556,2013
45.6583,2030
45.6611,2037
45.6639,2052
45.6667,2074
45.6694,2082
45.6722,2086
45.6750,2084
45.6778,2097
45.6806,2106
45.6833,2108
45.6861,2102
45.6889,2092
45.6917,2072
45.6944,2066
45.6972,2065
45.7000,2066
45.7028,2058
45.7056,2044
45.7083,2022
45.7111,1981
45.7139,1952
45.7167,1931
45.7194,1913
45.7222,1883
45.7250,1868
45.7278,1834
45.7306,1829
45.7333,1801
45.7361,1782
45.7389,1754
45.7417,1727
45.7444,1718
45.7472,1704
45.7500,1688
45.7528,1663
45.7556,1656
45.7583,1646
45.7611,1647
45.7639,1621
45.7667,1626
45.7694,1621
45.7722,1625
45.7750,1625
45.7778,1637
45.7806,1645
45.7833,1645
45.7861,1641
45.7889,1634
45.7917,1616
45.7944,1615
45.7972,1617
45.8000,1613
45.8028,1621
45.8056,1632
45.8083,1636
45.8111,1649
45.8139,1647
45.8167,1634
45.8194,1620
45.8222,1617
45.8250,1617
45.8278,1614
45.8306,1610
45.8333,1622
45.8361,1628
45.8389,1651
45.8417,1652
45.8444,1645
45.8472,1633
45.8500,1634
45.8528,1633
45.8556,1636
45.8583,1650
45.8611,1647
45.8639,1647
45.8667,1634
45.8694,1636
45.8722,1640
45.8750,1650
45.8778,1664
45.8806,1669
45.8833,1662
45.8861,1662
45.8889,1642
45.8917,1646
45.8944,1646
45.8972,1663
45.9000,1657
45.9028,1656
45.9056,1646
45.9083,1636
45.9111,1632
45.9139,1636
45.9167,1652
45.9194,1658
45.9222,1666
45.9250,1671
45.9278,1672
45.9306,1671
45.9333,1677
45.9361,1669
45.9389,1676
45.9417,1676
45.9444,1683
45.9472,1685
45.9500,1682
45.9528,1682
45.9556,1674
45.9583,1669
45.9611,1660
45.9639,1673
45.9667,1682
45.9694,1679
45.9722,1671
45.9750,1672
45.9778,1680
45.9806,1685
45.9833,1690
45.9861,1695
45.9889,1693
45.9917,1691
45.9944,1687
45.9972,1687
46.0000,1692
46.0028,1691
46.0056,1687
46.0083,1684
46.0111,1686
46.0139,1689
46.0167,1692
46.0194,1702
46.0222,1705
46.0250,1697
46.0278,1701
46.0306,1699
46.0333,1695
46.0361,1706
46.0389,1721
46.0417,1713
46.0444,1714
46.0472,1711
46.0500,1703
46.0528,1702
46.0556,1711
46.0583,1711
46.0611,1723
46.0639,1724
46.0667,1721
46.0694,1721
46.0722,1725
46.0750,1728
46.0778,1730
46.0806,1727
46.0833,1718
46.0861,1703
46.0889,1696
46.0917,1691
46.0944,1696
46.0972,1709
46.1000,1717
46.1028,1728
46.1056,1737
46.1083,1735
46.1111,1729
46.1139,1719
46.1167,1728
46.1194,1727
46.1222,1745
46.1250,1742
46.1278,1738
46.1306,1734
46.1333,1725
46.1361,1722
46.1389,1719
46.1417,1710
46.1444,1723
46.1472,1724
46.1500,1726
46.1528,1730
46.1556,1731
46.1583,1750
46.1611,1743
46.1639,1746
46.1667,1726
46.1694,1713
46.1722,1708
46.1750,1710
46.1778,1722
46.1806,1723
46.1833,1730
46.1861,1729
46.1889,1732
46.1917,1730
46.1944,1744
46.1972,1735
46.2000,1735
46.2028,1738
46.2056,1736
46.2083,1746
46.2111,1749
46.2139,1753
46.2167,1748
46.2194,1743
46.2222,1736
46.2250,1729
46.2278,1732
46.2306,1749
46.2333,1758
46.2361,1769
46.2389,1772
46.2417,1767
46.2444,1749
46.2472,1737
46.2500,1733
46.2528,1735
46.2556,1734
46.2583,1745
46.2611,1763
46.2639,1776
46.2667,1773
46.2694,1776
46.2722,1764
46.2750,1755
46.2778,1754
46.2806,1749
46.2833,1752
46.2861,1760
46.2889,1756
46.2917,1750
46.2944,1743
46.2972,1736
46.3000,1743
46.3028,1742
46.3056,1739
46.3083,1748
46.3111,1756
46.3139,1769
46.3167,1766
46.3194,1778
46.3222,1785
46.3250,1768
46.3278,1752
46.3306,1757
46.3333,1757
46.3361,1779
46.3389,1775
46.3417,1769
46.3444,1769
46.3472,1766
46.3500,1773
46.3528,1772
46.3556,1770
46.3583,1766
46.3611,1773
46.3639,1765
46.3667,1770
46.3694,1777
46.3722,1776
46.3750,1769
46.3778,1766
46.3806,1767
46.3833,1766
46.3861,1767
46.3889,1790
46.3917,1791
46.3944,1778
46.3972,1784
46.4000,1776
46.4028,1777
46.4056,1781
46.4083,1781
46.4111,1775
46.4139,1767
46.4167,1772
46.4194,1784
46.4222,1789
46.4250,1802
46.4278,1795
46.4306,1795
46.4333,1800
46.4361,1803
46.4389,1809
46.4417,1810
46.4444,1823
46.4472,1832
46.4500,1849
46.4528,1874
46.4556,1886
46.4583,1896
46.4611,1889
46.4639,1885
46.4667,1881
46.4694,1879
46.4722,1886
46.4750,1893
46.4778,1901
46.4806,1913
46.4833,1925
46.4861,1937
46.4889,1935
46.4917,1951
46.4944,1941
46.4972,1924
46.5000,1894
46.5028,1859
46.5056,1832
46.5083,1822
46.5111,1820
46.5139,1829
46.5167,1835
46.5194,1829
46.5222,1823
46.5250,1808
46.5278,1799
46.5306,1778
46.5333,1762
46.5361,1749
46.5389,1743
46.5417,1741
46.5444,1742
46.5472,1742
46.5500,1752
46.5528,1751
46.5556,1745
46.5583,1735
46.5611,1734
46.5639,1727
46.5667,1700
46.5694,1658
46.5722,1570
46.5750,1515
46.5778,1512
46.5806,1577
46.5833,1694
46.5861,1854
46.5889,2071
46.5917,2349
46.5944,2683
46.5972,3060
46.6000,3343
46.6028,3358
46.6056,3372
46.6083,3375
46.6111,3372
46.6139,3294
46.6167,2844
46.6194,2224
46.6222,1659
46.6250,1268
46.6278,1056
46.6306,956
46.6333,899
46.6361,878
46.6389,890
46.6417,936
46.6444,983
46.6472,1039
46.6500,1102
46.6528,1227
46.6556,1411
46.6583,1567
46.6611,1675
46.6639,1742
46.6667,1762
46.6694,1737
46.6722,1709
46.6750,1685
46.6778,1682
46.6806,1706
46.6833,1727
46.6861,1734
46.6889,1730
46.6917,1720
46.6944,1707
46.6972,1716
46.7000,1728
46.7028,1749
46.7056,1764
46.7083,1776
46.7111,1756
46.7139,1744
46.7167,1736
46.7194,1743
46.7222,1760
46.7250,1775
46.7278,1776
46.7306,1758
46.7333,1735
46.7361,1733
46.7389,1747
46.7417,1758
46.7444,1778
46.7472,1785
46.7500,1781
46.7528,1770
46.7556,1759
46.7583,1773
46.7611,1781
46.7639,1792
46.7667,1806
46.7694,1808
46.7722,1802
46.7750,1796
46.7778,1798
46.7806,1808
46.7833,1815
46.7861,1815
46.7889,1801
46.7917,1800
46.7944,1785
46.7972,1795
46.8000,1817
46.8028,1832
46.8056,1836
46.8083,1831
46.8111,1835
46.8139,1832
46.8167,1997
46.8194,1999
46.8222,2016
46.8250,2026
46.8278,2040
46.8306,2045
46.8333,2037
46.8361,2046
46.8389,2048
46.8417,2069
46.8444,2092
46.8472,2116
46.8500,2120
46.8528,2113
46.8556,2109
46.8583,2108
46.8611,2120
46.8639,2129
46.8667,2141
46.8694,2137
46.8722,2112
46.8750,2097
46.8778,2086
46.8806,2075
46.8833,2066
46.8861,2044
46.8889,2018
46.8917,1971
46.8944,1938
46.8972,1914
46.9000,1900
46.9028,1882
46.9056,1871
46.9083,1836
46.9111,1806
46.9139,1779
46.9167,1749
46.9194,1731
46.9222,1715
46.9250,1714
46.9278,1690
46.9306,1665
46.9333,1651
46.9361,1631
46.9389,1634
46.9417,1631
46.9444,1623
46.9472,1624
46.9500,1607
46.9528,1586
46.9556,1570
46.9583,1562
46.9611,1572
46.9639,1579
46.9667,1595
46.9694,1595
46.9722,1586
46.9750,1584
46.9778,1591
46.9806,1597
46.9833,1613
46.9861,1606
46.9889,1603
46.9917,1585
46.9944,1588
46.9972,1595
47.0000,1600
47.0028,1605
47.0056,1619
47.0083,1632
47.0111,1624
47.0139,1609
47.0167,1597
47.0194,1592
47.0222,1598
47.0250,1612
47.0278,1613
47.0306,1607
47.0333,1588
47.0361,1571
47.0389,1575
47.0417,1588
47.0444,1612
47.0472,1627
47.0500,1628
47.0528,1637
47.0556,1636
47.0583,1629
47.0611,1626
47.0639,1620
47.0667,1613
47.0694,1609
47.0722,1603
47.0750,1600
47.0778,1608
47.0806,1603
47.0833,1609
47.0861,1611
47.0889,1609
47.0917,1614
47.0944,1621
47.0972,1619
47.1000,1606
47.1028,1616
47.1056,1611
47.1083,1608
47.1111,1592
47.1139,1593
47.1167,1597
47.1194,1596
47.1222,1607
47.1250,1610
47.1278,1605
47.1306,1597
47.1333,1599
47.1361,1600
47.1389,1611
47.1417,1613
47.1444,1610
47.1472,1610
47.1500,1604
47.1528,1597
47.1556,1594
47.1583,1590
47.1611,1584
47.1639,1581
47.1667,1582
47.1694,1588
47.1722,1586
47.1750,1588
47.1778,1588
47.1806,1592
47.1833,1589
47.1861,1590
47.1889,1590
47.1917,1594
47.1944,1582
47.1972,1579
47.2000,1587
47.2028,1589
47.2056,1598
47.2083,1604
47.2111,1595
47.2139,1600
47.2167,1603
47.2194,1615
47.2222,1619
47.2250,1612
47.2278,1603
47.2306,1611
47.2333,1605
47.2361,1602
47.2389,1607
47.2417,1595
47.2444,1587
47.2472,1591
47.2500,1608
47.2528,1611
47.2556,1607
47.2583,1606
47.2611,1609
47.2639,1606
47.2667,1615
47.2694,1619
47.2722,1614
47.2750,1609
47.2778,1608
47.2806,1612
47.2833,1626
47.2861,1634
47.2889,1629
47.2917,1630
47.2944,1632
47.2972,1627
47.3000,1625
47.3028,1617
47.3056,1616
47.3083,1617
47.3111,1622
47.3139,1635
47.3167,1640
47.3194,1652
47.3222,1652
47.3250,1648
47.3278,1647
47.3306,1651
47.3333,1647
47.3361,1626
47.3389,1621
47.3417,1618
47.3444,1619
47.3472,1634
47.3500,1629
47.3528,1632
47.3556,1623
47.3583,1618
47.3611,1627
47.3639,1634
47.3667,1634
47.3694,1636
47.3722,1625
47.3750,1622
47.3778,1623
47.3806,1637
47.3833,1646
47.3861,1657
47.3889,1662
47.3917,1662
47.3944,1662
47.3972,1648
47.4000,1659
47.4028,1663
47.4056,1654
47.4083,1646
47.4111,1641
47.4139,1638
47.4167,1645
47.4194,1644
47.4222,1660
47.4250,1659
47.4278,1661
47.4306,1666
47.4333,1648
47.4361,1644
47.4389,1646
47.4417,1645
47.4444,1651
47.4472,1657
47.4500,1665
47.4528,1661
47.4556,1657
47.4583,1665
47.4611,1663
47.4639,1671
47.4667,1678
47.4694,1668
47.4722,1671
47.4750,1666
47.4778,1669
47.4806,1666
47.4833,1661
47.4861,1662
47.4889,1664
47.4917,1670
47.4944,1675
47.4972,1671
47.5000,1667
47.5028,1666
47.5056,1671
47.5083,1669
47.5111,1655
47.5139,1647
47.5167,1644
47.5194,1649
47.5222,1648
47.5250,1654
47.5278,1653
47.5306,1665
47.5333,1659
47.5361,1667
47.5389,1662
47.5417,1671
47.5444,1663
47.5472,1671
47.5500,1671
47.5528,1678
47.5556,1687
47.5583,1693
47.5611,1695
47.5639,1693
47.5667,1689
47.5694,1672
47.5722,1676
47.5750,1669
47.5778,1681
47.5806,1691
47.5833,1687
47.5861,1696
47.5889,1677
47.5917,1677
47.5944,1673
47.5972,1678
47.6000,1678
47.6028,1675
47.6056,1672
47.6083,1671
47.6111,1659
47.6139,1663
47.6167,1671
47.6194,1681
47.6222,1700
47.6250,1706
47.6278,1708
47.6306,1701
47.6333,1712
47.6361,1709
47.6389,1693
47.6417,1691
47.6444,1679
47.6472,1692
47.6500,1689
47.6528,1691
47.6556,1704
47.6583,1699
47.6611,1691
47.6639,1698
47.6667,1715
47.6694,1730
47.6722,1750
47.6750,1758
47.6778,1781
47.6806,1796
47.6833,1807
47.6861,1808
47.6889,1793
47.6917,1782
47.6944,1768
47.6972,1772
47.7000,1784
47.7028,1812
47.7056,1823
47.7083,1852
47.7111,1875
47.7139,1884
47.7167,1876
47.7194,1856
47.7222,1819
47.7250,1790
47.7278,1766
47.7306,1752
47.7333,1755
47.7361,1749
47.7389,1753
47.7417,1739
47.7444,1722
47.7472,1714
47.7500,1702
47.7528,1696
47.7556,1685
47.7583,1673
47.7611,1655
47.7639,1650
47.7667,1636
47.7694,1633
47.7722,1632
47.7750,1646
47.7778,1642
47.7806,1642
47.7833,1631
47.7861,1635
47.7889,1608
47.7917,1568
47.7944,1500
47.7972,1448
47.8000,1427
47.8028,1461
47.8056,1559
47.8083,1716
47.8111,1926
47.8139,2197
47.8167,2537
47.8194,2914
47.8222,3235
47.8250,3356
47.8278,3361
47.8306,3367
47.8333,3363
47.8361,3221
47.8389,2718
47.8417,2121
47.8444,1593
47.8472,1226
47.8500,1010
47.8528,901
47.8556,847
47.8583,818
47.8611,814
47.8639,840
47.8667,871
47.8694,913
47.8722,968
47.8750,1070
47.8778,1242
47.8806,1428
47.8833,1570
47.8861,1648
47.8889,1656
47.8917,1637
47.8944,1597
47.8972,1576
47.9000,1567
47.9028,1591
47.9056,1630
47.9083,1658
47.9111,1668
47.9139,1663
47.9167,1659
47.9194,1647
47.9222,1645
47.9250,1650
47.9278,1656
47.9306,1655
47.9333,1657
47.9361,1649
47.9389,1651
47.9417,1648
47.9444,1662
47.9472,1675
47.9500,1686
47.9528,1683
47.9556,1677
47.9583,1674
47.9611,1670
47.9639,1677
47.9667,1687
47.9694,1679
47.9722,1677
47.9750,1682
47.9778,1687
47.9806,1701
47.9833,1707
47.9861,1720
47.9889,1719
47.9917,1701
47.9944,1685
47.9972,1680
48.0000,1688
48.0028,1705
48.0056,1723
48.0083,1710
48.0111,1712
48.0139,1708
48.0167,1701
48.0194,1710
48.0222,1719
48.0250,1744
48.0278,1754
48.0306,1752
48.0333,1769
48.0361,1764
48.0389,1874
48.0417,1889
48.0444,1903
48.0472,1934
48.0500,1950
48.0528,1962
48.0556,1971
48.0583,1988
48.0611,1989
48.0639,2012
48.0667,2018
48.0694,2024
48.0722,2008
48.0750,2001
48.0778,1995
48.0806,2001
48.0833,2024
48.0861,2044
48.0889,2059
48.0917,2056
48.0944,2051
48.0972,2040
48.1000,2031
48.1028,2008
48.1056,1994
48.1083,1971
48.1111,1948
48.1139,1917
48.1167,1892
48.1194,1855
48.1222,1824
48.1250,1820
48.1278,1801
48.1306,1776
48.1333,1747
48.1361,1710
48.1389,1686
48.1417,1664
48.1444,1648
48.1472,1640
48.1500,1627
48.1528,1610
48.1556,1591
48.1583,1582
48.1611,1575
48.1639,1559
48.1667,1553
48.1694,1542
48.1722,1530
48.1750,1524
48.1778,1529
48.1806,1520
48.1833,1532
48.1861,1527
48.1889,1523
48.1917,1523
48.1944,1519
48.1972,1510
48.2000,1504
48.2028,1511
48.2056,1522
48.2083,1526
48.2111,1530
48.2139,1534
48.2167,1526
48.2194,1522
48.2222,1530
48.2250,1529
48.2278,1528
48.2306,1518
48.2333,1506
48.2361,1495
48.2389,1492
48.2417,1505
48.2444,1519
48.2472,1531
48.2500,1525
48.2528,1516
48.2556,1519
48.2583,1509
48.2611,1514
48.2639,1525
48.2667,1525
48.2694,1525
48.2722,1525
48.2750,1533
48.2778,1538
48.2806,1546
48.2833,1540
48.2861,1553
48.2889,1543
48.2917,1541
48.2944,1535
48.2972,1539
48.3000,1538
48.3028,1539
48.3056,1540
48.3083,1537
48.3111,1547
48.3139,1545
48.3167,1543
48.3194,1528
48.3222,1515
48.3250,1515
48.3278,1548
48.3306,1555
48.3333,1565
48.3361,1566
48.3389,1558
48.3417,1553
48.3444,1551
48.3472,1564
48.3500,1555
48.3528,1547
48.3556,1543
48.3583,1539
48.3611,1538
48.3639,1538
48.3667,1548
48.3694,1546
48.3722,1551
48.3750,1551
48.3778,1564
48.3806,1562
48.3833,1562
48.3861,1558
48.3889,1560
48.3917,1554
48.3944,1548
48.3972,1556
48.4000,1557
48.4028,1551
48.4056,1565
48.4083,1562
48.4111,1567
48.4139,1561
48.4167,1560
48.4194,1555
48.4222,1565
48.4250,1569
48.4278,1558
48.4306,1553
48.4333,1553
48.4361,1557
48.4389,1575
48.4417,1585
48.4444,1590
48.4472,1597
48.4500,1598
48.4528,1586
48.4556,1577
48.4583,1581
48.4611,1579
48.4639,1582
48.4667,1585
48.4694,1591
48.4722,1591
48.4750,1600
48.4778,1604
48.4806,1611
48.4833,1602
48.4861,1596
48.4889,1597
48.4917,1603
48.4944,1606
48.4972,1598
48.5000,1586
48.5028,1586
48.5056,1591
48.5083,1601
48.5111,1607
48.5139,1622
48.5167,1623
48.5194,1627
48.5222,1627
48.5250,1627
48.5278,1626
48.5306,1611
48.5333,1608
48.5361,1609
48.5389,1606
48.5417,1607
48.5444,1613
48.5472,1623
48.5500,1634
48.5528,1645
48.5556,1648
48.5583,1649
48.5611,1647
48.5639,1641
48.5667,1644
48.5694,1661
48.5722,1674
48.5750,1667
48.5778,1642
48.5806,1637
48.5833,1628
48.5861,1619
48.5889,1636
48.5917,1644
48.5944,1644
48.5972,1657
48.6000,1664
48.6028,1679
48.6056,1674
48.6083,1663
48.6111,1659
48.6139,1653
48.6167,1659
48.6194,1666
48.6222,1664
48.6250,1656
48.6278,1654
48.6306,1640
48.6333,1629
48.6361,1637
48.6389,1647
48.6417,1670
48.6444,1686
48.6472,1692
48.6500,1683
48.6528,1676
48.6556,1671
48.6583,1664
48.6611,1647
48.6639,1645
48.6667,1659
48.6694,1681
48.6722,1684
48.6750,1696
48.6778,1687
48.6806,1688
48.6833,1679
48.6861,1672
48.6889,1677
48.6917,1674
48.6944,1673
48.6972,1682
48.7000,1689
48.7028,1675
48.7056,1668
48.7083,1655
48.7111,1652
48.7139,1655
48.7167,1671
48.7194,1681
48.7222,1693
48.7250,1681
48.7278,1681
48.7306,1698
48.7333,1699
48.7361,1691
48.7389,1678
48.7417,1677
48.7444,1688
48.7472,1710
48.7500,1712
48.7528,1708
48.7556,1692
48.7583,1685
48.7611,1688
48.7639,1696
48.7667,1706
48.7694,1711
48.7722,1714
48.7750,1694
48.7778,1685
48.7806,1693
48.7833,1722
48.7861,1740
48.7889,1745
48.7917,1723
48.7944,1704
48.7972,1685
48.8000,1699
48.8028,1706
48.8056,1713
48.8083,1724
48.8111,1721
48.8139,1719
48.8167,1728
48.8194,1712
48.8222,1698
48.8250,1697
48.8278,1714
48.8306,1736
48.8333,1746
48.8361,1746
48.8389,1742
48.8417,1740
48.8444,1749
48.8472,1771
48.8500,1796
48.8528,1822
48.8556,1830
48.8583,1828
48.8611,1817
48.8639,1803
48.8667,1797
48.8694,1812
48.8722,1822
48.8750,1835
48.8778,1844
48.8806,1859
48.8833,1869
48.8861,1889
48.8889,1901
48.8917,1894
48.8944,1873
48.8972,1844
48.9000,1819
48.9028,1795
48.9056,1789
48.9083,1783
48.9111,1781
48.9139,1785
48.9167,1784
48.9194,1775
48.9222,1761
48.9250,1750
48.9278,1738
48.9306,1717
48.9333,1704
48.9361,1702
48.9389,1703
48.9417,1710
48.9444,1706
48.9472,1697
48.9500,1692
48.9528,1681
48.9556,1670
48.9583,1656
48.9611,1666
48.9639,1663
48.9667,1636
48.9694,1592
48.9722,1526
48.9750,1486
48.9778,1497
48.9806,1572
48.9833,1709
48.9861,1889
48.9889,2117
48.9917,2408
48.9944,2744
48.9972,3099
49.0000,3356
49.0028,3365
49.0056,3363
49.0083,3372
49.0111,3358
49.0139,3073
49.0167,2560
49.0194,2013
49.0222,1581
49.0250,1310
49.0278,1140
49.0306,1065
49.0333,1008
49.0361,955
49.0389,933
49.0417,956
49.0444,968
49.0472,979
49.0500,1023
49.0528,1135
49.0556,1300
49.0583,1473
49.0611,1620
49.0639,1703
49.0667,1717
49.0694,1685
49.0722,1654
49.0750,1636
49.0778,1643
49.0806,1663
49.0833,1671
49.0861,1666
49.0889,1651
49.0917,1616
49.0944,1615
49.0972,1637
49.1000,1673
49.1028,1716
49.1056,1751
49.1083,1773
49.1111,1788
49.1139,1795
49.1167,1794
49.1194,1808
49.1222,1810
49.1250,1806
49.1278,1811
49.1306,1807
49.1333,1815
49.1361,1813
49.1389,1811
49.1417,1823
49.1444,1826
49.1472,1830
49.1500,1829
49.1528,1825
49.1556,1826
49.1583,1836
49.1611,1843
49.1639,1856
49.1667,1853
49.1694,1841
49.1722,1822
49.1750,1813
49.1778,1819
49.1806,1838
49.1833,1854
49.1861,1859
49.1889,1855
49.1917,1858
49.1944,1846
49.1972,1838
49.2000,1844
49.2028,1862
49.2056,1862
49.2083,1876
49.2111,1889
49.2139,1999
49.2167,2005
49.2194,2023
49.2222,2041
49.2250,2073
49.2278,2092
49.2306,2091
49.2333,2093
49.2361,2105
49.2389,2101
49.2417,2114
49.2444,2110
49.2472,2111
49.2500,2102
49.2528,2108
49.2556,2115
49.2583,2125
49.2611,2145
49.2639,2165
49.2667,2166
49.2694,2164
49.2722,2139
49.2750,2129
49.2778,2125
49.2806,2122
49.2833,2108
49.2861,2096
49.2889,2062
49.2917,2034
49.2944,2010
49.2972,1995
49.3000,1975
49.3028,1962
49.3056,1940
49.3083,1908
49.3111,1880
49.3139,1861
49.3167,1843
49.3194,1819
49.3222,1811
49.3250,1788
49.3278,1782
49.3306,1765
49.3333,1740
49.3361,1733
49.3389,1729
49.3417,1718
49.3444,1715
49.3472,1703
49.3500,1707
49.3528,1700
49.3556,1700
49.3583,1694
49.3611,1690
49.3639,1679
49.3667,1682
49.3694,1686
49.3722,1688
49.3750,1698
49.3778,1695
49.3806,1701
49.3833,1692
49.3861,1686
49.3889,1680
49.3917,1675
49.3944,1681
49.3972,1679
49.4000,1679
49.4028,1682
49.4056,1688
49.4083,1680
49.4111,1673
49.4139,1668
49.4167,1674
49.4194,1688
49.4222,1712
49.4250,1715
49.4278,1713
49.4306,1693
49.4333,1682
49.4361,1675
49.4389,1667
49.4417,1678
49.4444,1694
49.4472,1693
49.4500,1688
49.4528,1681
49.4556,1668
49.4583,1677
49.4611,1684
49.4639,1697
49.4667,1704
49.4694,1697
49.4722,1690
49.4750,1688
49.4778,1680
49.4806,1685
49.4833,1691
49.4861,1689
49.4889,1698
49.4917,1697
49.4944,1700
49.4972,1688
49.5000,1688
49.5028,1690
49.5056,1685
49.5083,1678
49.5111,1674
49.5139,1670
49.5167,1679
49.5194,1686
49.5222,1678
49.5250,1662
49.5278,1647
49.5306,1650
49.5333,1655
49.5361,1659
49.5389,1675
49.5417,1686
49.5444,1691
49.5472,1694
49.5500,1691
49.5528,1691
49.5556,1675
49.5583,1669
49.5611,1672
49.5639,1675
49.5667,1682
49.5694,1680
49.5722,1678
49.5750,1676
49.5778,1675
49.5806,1678
49.5833,1677
49.5861,1670
49.5889,1680
49.5917,1686
49.5944,1684
49.5972,1683
49.6000,1683
49.6028,1680
49.6056,1676
49.6083,1674
49.6111,1677
49.6139,1671
49.6167,1663
49.6194,1666
49.6222,1664
49.6250,1677
49.6278,1680
49.6306,1678
49.6333,1675
49.6361,1676
49.6389,1673
49.6417,1666
49.6444,1660
49.6472,1672
49.6500,1686
49.6528,1697
49.6556,1709
49.6583,1689
49.6611,1674
49.6639,1672
49.6667,1673
49.6694,1676
49.6722,1676
49.6750,1682
49.6778,1673
49.6806,1686
49.6833,1691
49.6861,1688
49.6889,1690
49.6917,1688
49.6944,1689
49.6972,1672
49.7000,1679
49.7028,1686
49.7056,1683
49.7083,1689
49.7111,1690
49.7139,1697
49.7167,1699
49.7194,1701
49.7222,1699
49.7250,1697
49.7278,1693
49.7306,1699
49.7333,1699
49.7361,1702
49.7389,1688
49.7417,1702
49.7444,1704
49.7472,1694
49.7500,1680
49.7528,1676
49.7556,1688
49.7583,1706
49.7611,1708
49.7639,1715
49.7667,1712
49.7694,1697
49.7722,1691
49.7750,1697
49.7778,1694
49.7806,1700
49.7833,1698
49.7861,1695
49.7889,1694
49.7917,1694
49.7944,1693
49.7972,1692
49.8000,1701
49.8028,1710
49.8056,1705
49.8083,1701
49.8111,1710
49.8139,1721
49.8167,1721
49.8194,1726
49.8222,1724
49.8250,1713
49.8278,1709
49.8306,1699
49.8333,1703
49.8361,1702
49.8389,1708
49.8417,1708
49.8444,1709
49.8472,1707
49.8500,1695
49.8528,1698
49.8556,1701
49.8583,1694
49.8611,1706
49.8639,1711
49.8667,1715
49.8694,1713
49.8722,1699
49.8750,1706
49.8778,1714
49.8806,1713
49.8833,1715
49.8861,1712
49.8889,1710
49.8917,1705
49.8944,1709
49.8972,1701
49.9000,1700
49.9028,1702
49.9056,1712
49.9083,1713
49.9111,1701
49.9139,1707
49.9167,1699
49.9194,1691
49.9222,1694
49.9250,1687
49.9278,1688
49.9306,1699
49.9333,1699
49.9361,1706
49.9389,1697
49.9417,1694
49.9444,1683
49.9472,1693
49.9500,1686
49.9528,1695
49.9556,1703
49.9583,1692
49.9611,1701
49.9639,1691
49.9667,1702
49.9694,1700
49.9722,1696
49.9750,1702
49.9778,1696
49.9806,1700
49.9833,1694
49.9861,1698
49.9889,1705
49.9917,1705
49.9944,1708
49.9972,1717
50.0000,1722
50.0028,1735
50.0056,1743
50.0083,1766
50.0111,1781
50.0139,1805
50.0167,1801
50.0194,1795
50.0222,1790
50.0250,1782
50.0278,1780
50.0306,1785
50.0333,1795
50.0361,1805
50.0389,1823
50.0417,1830
50.0444,1839
50.0472,1849
50.0500,1844
50.0528,1830
50.0556,1798
50.0583,1766
50.0611,1750
50.0639,1730
50.0667,1738
50.0694,1747
50.0722,1760
50.0750,1769
50.0778,1777
50.0806,1757
50.0833,1731
50.0861,1711
50.0889,1696
50.0917,1692
50.0944,1702
50.0972,1703
50.1000,1697
50.1028,1688
50.1056,1671
50.1083,1666
50.1111,1649
50.1139,1658
50.1167,1664
50.1194,1688
50.1222,1698
50.1250,1682
50.1278,1621
50.1306,1532
50.1333,1464
50.1361,1457
50.1389,1527
50.1417,1642
50.1444,1806
50.1472,2018
50.1500,2281
50.1528,2625
50.1556,3005
50.1583,3319
50.1611,3353
50.1639,3366
50.1667,3383
50.1694,3373
50.1722,3285
50.1750,2810
50.1778,2155
50.1806,1588
50.1833,1193
50.1861,965
50.1889,865
50.1917,817
50.1944,816
50.1972,826
50.2000,867
50.2028,915
50.2056,965
50.2083,1060
50.2111,1193
50.2139,1374
50.2167,1539
50.2194,1646
50.2222,1712
50.2250,1713
50.2278,1688
50.2306,1666
50.2333,1635
50.2361,1624
50.2389,1643
50.2417,1662
50.2444,1683
50.2472,1706
50.2500,1696
50.2528,1687
50.2556,1683
50.2583,1678
50.2611,1696
50.2639,1700
50.2667,1710
50.2694,1714
50.2722,1694
50.2750,1681
50.2778,1695
50.2806,1711
50.2833,1729
50.2861,1720
50.2889,1703
50.2917,1688
50.2944,1666
50.2972,1670
50.3000,1690
50.3028,1726
50.3056,1741
50.3083,1747
50.3111,1739
50.3139,1729
50.3167,1729
50.3194,1740
50.3222,1749
50.3250,1759
50.3278,1747
50.3306,1746
50.3333,1744
50.3361,1755
50.3389,1776
50.3417,1793
50.3444,1796
50.3472,1782
50.3500,1753
50.3528,1732
50.3556,1734
50.3583,1744
50.3611,1781
50.3639,1797
50.3667,1810
50.3694,1804
50.3722,1797
50.3750,1945
50.3778,1945
50.3806,1986
50.3833,2008
50.3861,2012
50.3889,2013
50.3917,2004
50.3944,1989
50.3972,2013
50.4000,2023
50.4028,2047
50.4056,2059
50.4083,2052
50.4111,2038
50.4139,2031
50.4167,2049
50.4194,2064
50.4222,2067
50.4250,2069
50.4278,2060
50.4306,2046
50.4333,2034
50.4361,2021
50.4389,2012
50.4417,2006
50.4444,1991
50.4472,1978
50.4500,1946
50.4528,1924
50.4556,1895
50.4583,1869
50.4611,1844
50.4639,1813
50.4667,1780
50.4694,1739
50.4722,1708
50.4750,1692
50.4778,1679
50.4806,1669
50.4833,1649
50.4861,1632
50.4889,1613
50.4917,1599
50.4944,1592
50.4972,1579
50.5000,1576
50.5028,1580
50.5056,1570
50.5083,1567
50.5111,1557
50.5139,1548
50.5167,1542
50.5194,1552
50.5222,1559
50.5250,1566
50.5278,1562
50.5306,1541
50.5333,1531
50.5361,1523
50.5389,1536
50.5417,1553
50.5444,1565
50.5472,1572
50.5500,1558
50.5528,1559
50.5556,1550
50.5583,1548
50.5611,1549
50.5639,1564
50.5667,1583
50.5694,1577
50.5722,1556
50.5750,1551
50.5778,1548
50.5806,1555
50.5833,1565
50.5861,1573
50.5889,1580
50.5917,1578
50.5944,1570
50.5972,1567
50.6000,1569
50.6028,1573
50.6056,1585
50.6083,1590
50.6111,1596
50.6139,1591
50.6167,1581
50.6194,1571
50.6222,1566
50.6250,1564
50.6278,1565
50.6306,1579
50.6333,1586
50.6361,1588
50.6389,1582
50.6417,1570
50.6444,1568
50.6472,1559
50.6500,1558
50.6528,1553
50.6556,1552
50.6583,1543
50.6611,1554
50.6639,1566
50.6667,1562
50.6694,1552
50.6722,1552
50.6750,1546
50.6778,1547
50.6806,1554
50.6833,1565
50.6861,1563
50.6889,1557
50.6917,1558
50.6944,1549
50.6972,1553
50.7000,1546
50.7028,1550
50.7056,1556
50.7083,1549
50.7111,1551
50.7139,1550
50.7167,1547
50.7194,1537
50.7222,1544
50.7250,1541
50.7278,1537
50.7306,1541
50.7333,1538
50.7361,1549
50.7389,1559
50.7417,1558
50.7444,1562
50.7472,1557
50.7500,1549
50.7528,1558
50.7556,1558
50.7583,1551
50.7611,1560
50.7639,1568
50.7667,1564
50.7694,1575
50.7722,1572
50.7750,1571
50.7778,1564
50.7806,1568
50.7833,1558
50.7861,1548
50.7889,1541
50.7917,1540
50.7944,1550
50.7972,1561
50.8000,1571
50.8028,1571
50.8056,1581
50.8083,1578
50.8111,1569
50.8139,1564
50.8167,1567
50.8194,1570
50.8222,1569
50.8250,1579
50.8278,1573
50.8306,1564
50.8333,1560
50.8361,1557
50.8389,1569
50.8417,1580
50.8444,1579
50.8472,1577
50.8500,1581
50.8528,1575
50.8556,1566
50.8583,1570
50.8611,1575
50.8639,1580
50.8667,1588
50.8694,1584
50.8722,1578
50.8750,1570
50.8778,1582
50.8806,1590
50.8833,1606
50.8861,1612
50.8889,1599
50.8917,1595
50.8944,1568
50.8972,1573
50.9000,1577
50.9028,1598
50.9056,1611
50.9083,1614
50.9111,1616
50.9139,1599
50.9167,1589
50.9194,1584
50.9222,1586
50.9250,1592
50.9278,1597
50.9306,1603
50.9333,1616
50.9361,1616
50.9389,1614
50.9417,1605
50.9444,1608
50.9472,1599
50.9500,1600
50.9528,1615
50.9556,1628
50.9583,1613
50.9611,1597
50.9639,1594
50.9667,1585
50.9694,1581
50.9722,1591
50.9750,1603
50.9778,1615
50.9806,1626
50.9833,1624
50.9861,1625
50.9889,1619
50.9917,1613
50.9944,1598
50.9972,1596
51.0000,1599
51.0028,1608
51.0056,1619
51.0083,1616
51.0111,1630
51.0139,1622
51.0167,1625
51.0194,1625
51.0222,1621
51.0250,1615
51.0278,1598
51.0306,1595
51.0333,1599
51.0361,1619
51.0389,1627
51.0417,1636
51.0444,1640
51.0472,1635
51.0500,1619
51.0528,1616
51.0556,1604
51.0583,1604
51.0611,1599
51.0639,1607
51.0667,1611
51.0694,1610
51.0722,1614
51.0750,1622
51.0778,1631
51.0806,1640
51.0833,1634
51.0861,1638
51.0889,1641
51.0917,1635
51.0944,1618
51.0972,1614
51.1000,1623
51.1028,1631
51.1056,1631
51.1083,1622
51.1111,1620
51.1139,1625
51.1167,1625
51.1194,1640
51.1222,1640
51.1250,1652
51.1278,1651
51.1306,1646
51.1333,1636
51.1361,1624
51.1389,1609
51.1417,1587
51.1444,1599
51.1472,1610
51.1500,1634
51.1528,1675
51.1556,1693
51.1583,1710
51.1611,1712
51.1639,1720
51.1667,1734
51.1694,1750
51.1722,1749
51.1750,1742
51.1778,1723
51.1806,1724
51.1833,1735
51.1861,1767
51.1889,1773
51.1917,1783
51.1944,1780
51.1972,1798
51.2000,1812
51.2028,1813
51.2056,1806
51.2083,1784
51.2111,1761
51.2139,1741
51.2167,1723
51.2194,1714
51.2222,1702
51.2250,1702
51.2278,1689
51.2306,1671
51.2333,1671
51.2361,1657
51.2389,1658
51.2417,1655
51.2444,1651
51.2472,1640
51.2500,1622
51.2528,1604
51.2556,1587
51.2583,1579
51.2611,1577
51.2639,1582
51.2667,1600
51.2694,1604
51.2722,1601
51.2750,1608
51.2778,1599
51.2806,1564
51.2833,1486
51.2861,1415
51.2889,1390
51.2917,1441
51.2944,1545
51.2972,1693
51.3000,1895
51.3028,2162
51.3056,2497
51.3083,2880
51.3111,3211
51.3139,3346
51.3167,3359
51.3194,3367
51.3222,3364
51.3250,3122
51.3278,2612
51.3306,2046
51.3333,1580
51.3361,1259
51.3389,1070
51.3417,956
51.3444,896
51.3472,854
51.3500,840
51.3528,845
51.3556,864
51.3583,873
51.3611,915
51.3639,1004
51.3667,1169
51.3694,1361
51.3722,1512
51.3750,1608
51.3778,1636
51.3806,1634
51.3833,1610
51.3861,1589
51.3889,1584
51.3917,1588
51.3944,1601
51.3972,1615
51.4000,1629
51.4028,1632
51.4056,1637
51.4083,1638
51.4111,1637
51.4139,1641
51.4167,1641
51.4194,1643
51.4222,1635
51.4250,1638
51.4278,1640
51.4306,1663
51.4333,1673
51.4361,1683
51.4389,1663
51.4417,1646
51.4444,1640
51.4472,1647
51.4500,1654
51.4528,1655
51.4556,1660
51.4583,1663
51.4611,1673
51.4639,1690
51.4667,1704
51.4694,1712
51.4722,1717
51.4750,1717
51.4778,1715
51.4806,1725
51.4833,1705
51.4861,1705
51.4889,1712
51.4917,1728
51.4944,1730
51.4972,1730
51.5000,1724
51.5028,1729
51.5056,1736
51.5083,1743
51.5111,1759
51.5139,1769
51.5167,1765
51.5194,1777
51.5222,1768
51.5250,1771
51.5278,1978
51.5306,1974
51.5333,1979
51.5361,1989
51.5389,2001
51.5417,2015
51.5444,2027
51.5472,2019
51.5500,2023
51.5528,2051
51.5556,2066
51.5583,2063
51.5611,2069
51.5639,2071
51.5667,2079
51.5694,2091
51.5722,2103
51.5750,2098
51.5778,2075
51.5806,2075
51.5833,2070
51.5861,2068
51.5889,2077
51.5917,2076
51.5944,2063
51.5972,2030
51.6000,1998
51.6028,1958
51.6056,1926
51.6083,1890
51.6111,1880
51.6139,1873
51.6167,1860
51.6194,1845
51.6222,1815
51.6250,1787
51.6278,1748
51.6306,1733
51.6333,1722
51.6361,1728
51.6389,1717
51.6417,1694
51.6444,1671
51.6472,1650
51.6500,1647
51.6528,1637
51.6556,1626
51.6583,1614
51.6611,1611
51.6639,1605
51.6667,1600
51.6694,1601
51.6722,1614
51.6750,1619
51.6778,1621
51.6806,1601
51.6833,1579
51.6861,1585
51.6889,1589
51.6917,1592
51.6944,1605
51.6972,1611
51.7000,1611
51.7028,1610
51.7056,1611
51.7083,1606
51.7111,1603
51.7139,1593
51.7167,1593
51.7194,1584
51.7222,1581
51.7250,1572
51.7278,1571
51.7306,1576
51.7333,1588
51.7361,1604
51.7389,1613
51.7417,1614
51.7444,1612
51.7472,1604
51.7500,1594
51.7528,1596
51.7556,1588
51.7583,1593
51.7611,1603
51.7639,1610
51.7667,1616
51.7694,1620
51.7722,1629
51.7750,1630
51.7778,1631
51.7806,1622
51.7833,1618
51.7861,1616
51.7889,1619
51.7917,1620
51.7944,1609
51.7972,1613
51.8000,1605
51.8028,1605
51.8056,1610
51.8083,1618
51.8111,1617
51.8139,1622
51.8167,1605
51.8194,1606
51.8222,1626
51.8250,1634
51.8278,1623
51.8306,1598
51.8333,1589
51.8361,1581
51.8389,1586
51.8417,1600
51.8444,1600
51.8472,1602
51.8500,1590
51.8528,1603
51.8556,1608
51.8583,1622
51.8611,1631
51.8639,1633
51.8667,1632
51.8694,1613
51.8722,1608
51.8750,1598
51.8778,1605
51.8806,1613
51.8833,1613
51.8861,1605
51.8889,1588
51.8917,1592
51.8944,1589
51.8972,1617
51.9000,1630
51.9028,1633
51.9056,1622
51.9083,1618
51.9111,1625
51.9139,1640
51.9167,1640
51.9194,1635
51.9222,1629
51.9250,1631
51.9278,1618
51.9306,1615
51.9333,1619
51.9361,1628
51.9389,1622
51.9417,1615
51.9444,1631
51.9472,1631
51.9500,1637
51.9528,1643
51.9556,1638
51.9583,1640
51.9611,1643
51.9639,1649
51.9667,1651
51.9694,1652
51.9722,1634
51.9750,1641
51.9778,1651
51.9806,1660
51.9833,1657
51.9861,1648
51.9889,1628
51.9917,1634
51.9944,1634
51.9972,1642
52.0000,1629
52.0028,1643
52.0056,1653
52.0083,1648
52.0111,1652
52.0139,1656
52.0167,1663
52.0194,1665
52.0222,1666
52.0250,1662
52.0278,1668
52.0306,1670
52.0333,1675
52.0361,1687
52.0389,1671
52.0417,1665
52.0444,1664
52.0472,1663
52.0500,1672
52.0528,1675
52.0556,1683
52.0583,1678
52.0611,1689
52.0639,1689
52.0667,1689
52.0694,1687
52.0722,1684
52.0750,1689
52.0778,1683
52.0806,1675
52.0833,1676
52.0861,1685
52.0889,1694
52.0917,1691
52.0944,1689
52.0972,1696
52.1000,1703
52.1028,1712
52.1056,1707
52.1083,1715
52.1111,1733
52.1139,1721
52.1167,1726
52.1194,1723
52.1222,1723
52.1250,1725
52.1278,1723
52.1306,1724
52.1333,1733
52.1361,1737
52.1389,1739
52.1417,1746
52.1444,1745
52.1472,1734
52.1500,1731
52.1528,1729
52.1556,1728
52.1583,1735
52.1611,1742
52.1639,1745
52.1667,1738
52.1694,1728
52.1722,1737
52.1750,1736
52.1778,1756
52.1806,1767
52.1833,1766
52.1861,1757
52.1889,1748
52.1917,1759
52.1944,1770
52.1972,1771
52.2000,1779
52.2028,1781
52.2056,1779
52.2083,1779
52.2111,1771
52.2139,1770
52.2167,1780
52.2194,1781
52.2222,1784
52.2250,1781
52.2278,1791
52.2306,1788
52.2333,1808
52.2361,1825
52.2389,1845
52.2417,1853
52.2444,1858
52.2472,1857
52.2500,1850
52.2528,1852
52.2556,1851
52.2583,1857
52.2611,1868
52.2639,1889
52.2667,1892
52.2694,1890
52.2722,1888
52.2750,1882
52.2778,1893
52.2806,1904
52.2833,1901
52.2861,1879
52.2889,1868
52.2917,1853
52.2944,1838
52.2972,1832
52.3000,1825
52.3028,1832
52.3056,1832
52.3083,1840
52.3111,1846
52.3139,1834
52.3167,1821
52.3194,1813
52.3222,1795
52.3250,1780
52.3278,1775
52.3306,1769
52.3333,1759
52.3361,1767
52.3389,1768
52.3417,1775
52.3444,1770
52.3472,1770
52.3500,1789
52.3528,1779
52.3556,1777
52.3583,1754
52.3611,1720
52.3639,1655
52.3667,1596
52.3694,1563
52.3722,1608
52.3750,1695
52.3778,1831
52.3806,2019
52.3833,2269
52.3861,2582
52.3889,2952
52.3917,3289
52.3944,3349
52.3972,3366
52.4000,3367
52.4028,3369
52.4056,3370
52.4083,3135
52.4111,2596
52.4139,1990
52.4167,1547
52.4194,1264
52.4222,1119
52.4250,1069
52.4278,1032
52.4306,1032
52.4333,1055
52.4361,1093
52.4389,1105
52.4417,1130
52.4444,1183
52.4472,1310
52.4500,1490
52.4528,1659
52.4556,1774
52.4583,1829
52.4611,1826
52.4639,1780
52.4667,1746
52.4694,1736
52.4722,1754
52.4750,1769
52.4778,1802
52.4806,1809
52.4833,1814
52.4861,1793
52.4889,1787
52.4917,1800
52.4944,1807
52.4972,1830
52.5000,1834
52.5028,1834
52.5056,1822
52.5083,1805
52.5111,1814
52.5139,1828
52.5167,1843
52.5194,1846
52.5222,1835
52.5250,1820
52.5278,1804
52.5306,1818
52.5333,1833
52.5361,1843
52.5389,1854
52.5417,1854
52.5444,1839
52.5472,1823
52.5500,1814
52.5528,1829
52.5556,1844
52.5583,1860
52.5611,1862
52.5639,1852
52.5667,1840
52.5694,1841
52.5722,1848
52.5750,1867
52.5778,1872
52.5806,1875
52.5833,1884
52.5861,1877
52.5889,1873
52.5917,1867
52.5944,1873
52.5972,1876
52.6000,1881
52.6028,1884
52.6056,1883
52.6083,1892
52.6111,2036
52.6139,2042
52.6167,2067
52.6194,2093
52.6222,2109
52.6250,2102
52.6278,2088
52.6306,2084
52.6333,2101
52.6361,2116
52.6389,2132
52.6417,2125
52.6444,2116
52.6472,2109
52.6500,2111
52.6528,2120
52.6556,2133
52.6583,2137
52.6611,2149
52.6639,2138
52.6667,2127
52.6694,2109
52.6722,2097
52.6750,2095
52.6778,2084
52.6806,2062
52.6833,2023
52.6861,1965
52.6889,1926
52.6917,1908
52.6944,1908
52.6972,1902
52.7000,1890
52.7028,1854
52.7056,1820
52.7083,1793
52.7111,1768
52.7139,1757
52.7167,1752
52.7194,1736
52.7222,1716
52.7250,1703
52.7278,1689
52.7306,1684
52.7333,1677
52.7361,1674
52.7389,1668
52.7417,1657
52.7444,1657
52.7472,1660
52.7500,1649
52.7528,1643
52.7556,1643
52.7583,1639
52.7611,1634
52.7639,1623
52.7667,1614
52.7694,1594
52.7722,1605
52.7750,1621
52.7778,1644
52.7806,1651
52.7833,1664
52.7861,1661
52.7889,1650
52.7917,1643
52.7944,1632
52.7972,1633
52.8000,1625
52.8028,1634
52.8056,1626
52.8083,1631
52.8111,1630
52.8139,1641
52.8167,1643
52.8194,1638
52.8222,1638
52.8250,1630
52.8278,1630
52.8306,1628
52.8333,1640
52.8361,1642
52.8389,1643
52.8417,1638
52.8444,1619
52.8472,1605
52.8500,1598
52.8528,1608
52.8556,1616
52.8583,1619
52.8611,1620
52.8639,1620
52.8667,1622
52.8694,1614
52.8722,1612
52.8750,1616
52.8778,1622
52.8806,1603
52.8833,1598
52.8861,1592
52.8889,1583
52.8917,1580
52.8944,1592
52.8972,1596
52.9000,1580
52.9028,1571
52.9056,1583
52.9083,1583
52.9111,1592
52.9139,1597
52.9167,1598
52.9194,1593
52.9222,1584
52.9250,1596
52.9278,1596
52.9306,1601
52.9333,1600
52.9361,1590
52.9389,1608
52.9417,1610
52.9444,1613
52.9472,1595
52.9500,1588
52.9528,1591
52.9556,1584
52.9583,1569
52.9611,1578
52.9639,1593
52.9667,1596
52.9694,1607
52.9722,1603
52.9750,1616
52.9778,1617
52.9806,1600
52.9833,1578
52.9861,1564
52.9889,1555
52.9917,1565
52.9944,1586
52.9972,1599
53.0000,1613
53.0028,1618
53.0056,1607
53.0083,1597
53.0111,1592
53.0139,1601
53.0167,1612
53.0194,1621
53.0222,1627
53.0250,1621
53.0278,1626
53.0306,1611
53.0333,1606
53.0361,1603
53.0389,1611
53.0417,1605
53.0444,1608
53.0472,1600
53.0500,1605
53.0528,1609
53.0556,1608
53.0583,1612
53.0611,1605
53.0639,1611
53.0667,1605
53.0694,1609
53.0722,1619
53.0750,1620
53.0778,1618
53.0806,1608
53.0833,1603
53.0861,1600
53.0889,1607
53.0917,1612
53.0944,1605
53.0972,1602
53.1000,1598
53.1028,1605
53.1056,1605
53.1083,1605
53.1111,1609
53.1139,1596
53.1167,1606
53.1194,1614
53.1222,1610
53.1250,1614
53.1278,1602
53.1306,1602
53.1333,1614
53.1361,1622
53.1389,1625
53.1417,1626
53.1444,1628
53.1472,1631
53.1500,1620
53.1528,1620
53.1556,1613
53.1583,1610
53.1611,1611
53.1639,1616
53.1667,1612
53.1694,1614
53.1722,1609
53.1750,1603
53.1778,1597
53.1806,1612
53.1833,1615
53.1861,1629
53.1889,1629
53.1917,1617
53.1944,1624
53.1972,1614
53.2000,1613
53.2028,1622
53.2056,1626
53.2083,1632
53.2111,1628
53.2139,1632
53.2167,1627
53.2194,1625
53.2222,1626
53.2250,1629
53.2278,1636
53.2306,1642
53.2333,1646
53.2361,1644
53.2389,1638
53.2417,1640
53.2444,1639
53.2472,1636
53.2500,1633
53.2528,1636
53.2556,1644
53.2583,1659
53.2611,1663
53.2639,1672
53.2667,1649
53.2694,1645
53.2722,1646
53.2750,1644
53.2778,1636
53.2806,1653
53.2833,1662
53.2861,1651
53.2889,1652
53.2917,1655
53.2944,1656
53.2972,1657
53.3000,1656
53.3028,1655
53.3056,1649
53.3083,1657
53.3111,1653
53.3139,1647
53.3167,1656
53.3194,1669
53.3222,1694
53.3250,1683
53.3278,1687
53.3306,1681
53.3333,1674
53.3361,1676
53.3389,1670
53.3417,1678
53.3444,1669
53.3472,1679
53.3500,1701
53.3528,1724
53.3556,1752
53.3583,1762
53.3611,1765
53.3639,1761
53.3667,1742
53.3694,1728
53.3722,1730
53.3750,1752
53.3778,1774
53.3806,1789
53.3833,1797
53.3861,1784
53.3889,1778
53.3917,1761
53.3944,1766
53.3972,1763
53.4000,1768
53.4028,1762
53.4056,1743
53.4083,1736
53.4111,1730
53.4139,1738
53.4167,1756
53.4194,1757
53.4222,1752
53.4250,1758
53.4278,1757
53.4306,1747
53.4333,1722
53.4361,1708
53.4389,1678
53.4417,1674
53.4444,1681
53.4472,1682
53.4500,1685
53.4528,1684
53.4556,1677
53.4583,1670
53.4611,1668
53.4639,1663
53.4667,1658
53.4694,1662
53.4722,1668
53.4750,1670
53.4778,1624
53.4806,1543
53.4833,1464
53.4861,1438
53.4889,1463
53.4917,1552
53.4944,1705
53.4972,1883
53.5000,2133
53.5028,2436
53.5056,2815
53.5083,3178
53.5111,3352
53.5139,3360
53.5167,3371
53.5194,3365
53.5222,3359
53.5250,3044
53.5278,2437
53.5306,1812
53.5333,1345
53.5361,1062
53.5389,909
53.5417,845
53.5444,814
53.5472,815
53.5500,856
53.5528,902
53.5556,951
53.5583,1001
53.5611,1114
53.5639,1299
53.5667,1471
53.5694,1587
53.5722,1655
53.5750,1691
53.5778,1678
53.5806,1656
53.5833,1631
53.5861,1619
53.5889,1636
53.5917,1664
53.5944,1693
53.5972,1696
53.6000,1688
53.6028,1682
53.6056,1682
53.6083,1690
53.6111,1711
53.6139,1724
53.6167,1739
53.6194,1724
53.6222,1715
53.6250,1701
53.6278,1698
53.6306,1706
53.6333,1717
53.6361,1719
53.6389,1720
53.6417,1711
53.6444,1713
53.6472,1721
53.6500,1742
53.6528,1751
53.6556,1756
53.6583,1741
53.6611,1728
53.6639,1723
53.6667,1732
53.6694,1760
53.6722,1771
53.6750,1772
53.6778,1759
53.6806,1747
53.6833,1741
53.6861,1744
53.6889,1758
53.6917,1772
53.6944,1789
53.6972,1791
53.7000,1783
53.7028,1785
53.7056,1790
53.7083,1803
53.7111,1814
53.7139,1821
53.7167,1823
53.7194,1808
53.7222,1814
53.7250,1957
53.7278,1957
53.7306,1963
53.7333,1977
53.7361,1979
53.7389,1983
53.7417,1989
53.7444,1993
53.7472,2004
53.7500,2020
53.7528,2036
53.7556,2058
53.7583,2066
53.7611,2065
53.7639,2046
53.7667,2036
53.7694,2045
53.7722,2065
53.7750,2078
53.7778,2077
53.7806,2055
53.7833,2042
53.7861,2035
53.7889,2038
53.7917,2036
53.7944,2024
53.7972,2017
53.8000,1979
53.8028,1942
53.8056,1899
53.8083,1878
53.8111,1870
53.8139,1853
53.8167,1828
53.8194,1795
53.8222,1761
53.8250,1719
53.8278,1694
53.8306,1675
53.8333,1660
53.8361,1645
53.8389,1630
53.8417,1622
53.8444,1616
53.8472,1608
53.8500,1622
53.8528,1625
53.8556,1621
53.8583,1620
53.8611,1596
53.8639,1584
53.8667,1572
53.8694,1578
53.8722,1579
53.8750,1582
53.8778,1579
53.8806,1571
53.8833,1568
53.8861,1566
53.8889,1569
53.8917,1580
53.8944,1589
53.8972,1579
53.9000,1578
53.9028,1580
53.9056,1577
53.9083,1574
53.9111,1578
53.9139,1582
53.9167,1580
53.9194,1574
53.9222,1559
53.9250,1558
53.9278,1562
53.9306,1562
53.9333,1562
53.9361,1567
53.9389,1555
53.9417,1555
53.9444,1566
53.9472,1566
53.9500,1569
53.9528,1578
53.9556,1579
53.9583,1581
53.9611,1586
53.9639,1590
53.9667,1577
53.9694,1564
53.9722,1558
53.9750,1561
53.9778,1567
53.9806,1554
53.9833,1550
53.9861,1553
53.9889,1572
53.9917,1577
53.9944,1587
53.9972,1584
54.0000,1567
54.0028,1559
54.0056,1550
54.0083,1541
54.0111,1549
54.0139,1552
54.0167,1558
54.0194,1559
54.0222,1550
54.0250,1549
54.0278,1556
54.0306,1566
54.0333,1577
54.0361,1564
54.0389,1553
54.0417,1543
54.0444,1540
54.0472,1543
54.0500,1545
54.0528,1551
54.0556,1555
54.0583,1547
54.0611,1544
54.0639,1540
54.0667,1548
54.0694,1547
54.0722,1550
54.0750,1563
54.0778,1572
54.0806,1575
54.0833,1568
54.0861,1571
54.0889,1554
54.0917,1550
54.0944,1550
54.0972,1556
54.1000,1547
54.1028,1550
54.1056,1556
54.1083,1552
54.1111,1547
54.1139,1548
54.1167,1549
54.1194,1547
54.1222,1540
54.1250,1540
54.1278,1541
54.1306,1544
54.1333,1546
54.1361,1547
54.1389,1556
54.1417,1554
54.1444,1551
54.1472,1556
54.1500,1563
54.1528,1567
54.1556,1558
54.1583,1548
54.1611,1554
54.1639,1550
54.1667,1554
54.1694,1557
54.1722,1565
54.1750,1557
54.1778,1558
54.1806,1559
54.1833,1561
54.1861,1543
54.1889,1537
54.1917,1550
54.1944,1560
54.1972,1574
54.2000,1576
54.2028,1584
54.2056,1580
54.2083,1570
54.2111,1558
54.2139,1557
54.2167,1559
54.2194,1570
54.2222,1571
54.2250,1572
54.2278,1582
54.2306,1584
54.2333,1596
54.2361,1607
54.2389,1593
54.2417,1580
54.2444,1565
54.2472,1560
54.2500,1555
54.2528,1566
54.2556,1584
54.2583,1586
54.2611,1593
54.2639,1598
54.2667,1592
54.2694,1588
54.2722,1577
54.2750,1574
54.2778,1581
54.2806,1578
54.2833,1590
54.2861,1592
54.2889,1595
54.2917,1606
54.2944,1609
54.2972,1623
54.3000,1626
54.3028,1614
54.3056,1608
54.3083,1604
54.3111,1612
54.3139,1612
54.3167,1616
54.3194,1616
54.3222,1610
54.3250,1606
54.3278,1599
54.3306,1596
54.3333,1605
54.3361,1613
54.3389,1618
54.3417,1633
54.3444,1631
54.3472,1637
54.3500,1640
54.3528,1637
54.3556,1628
54.3583,1624
54.3611,1625
54.3639,1624
54.3667,1629
54.3694,1633
54.3722,1635
54.3750,1644
54.3778,1630
54.3806,1642
54.3833,1633
54.3861,1632
54.3889,1633
54.3917,1626
54.3944,1628
54.3972,1634
54.4000,1632
54.4028,1642
54.4056,1629
54.4083,1632
54.4111,1622
54.4139,1632
54.4167,1640
54.4194,1647
54.4222,1642
54.4250,1637
54.4278,1647
54.4306,1650
54.4333,1657
54.4361,1658
54.4389,1648
54.4417,1648
54.4444,1643
54.4472,1638
54.4500,1635
54.4528,1649
54.4556,1658
54.4583,1657
54.4611,1665
54.4639,1674
54.4667,1669
54.4694,1671
54.4722,1657
54.4750,1654
54.4778,1648
54.4806,1657
54.4833,1665
54.4861,1685
54.4889,1704
54.4917,1721
54.4944,1727
54.4972,1725
54.5000,1720
54.5028,1710
54.5056,1709
54.5083,1709
54.5111,1719
54.5139,1742
54.5167,1748
54.5194,1749
54.5222,1757
54.5250,1743
54.5278,1740
54.5306,1747
54.5333,1750
54.5361,1760
54.5389,1759
54.5417,1752
54.5444,1730
54.5472,1728
54.5500,1720
54.5528,1725
54.5556,1724
54.5583,1710
54.5611,1704
54.5639,1702
54.5667,1706
54.5694,1697
54.5722,1689
54.5750,1674
54.5778,1663
54.5806,1642
54.5833,1630
54.5861,1636
54.5889,1647
54.5917,1649
54.5944,1663
54.5972,1656
54.6000,1653
54.6028,1643
54.6056,1645
54.6083,1635
54.6111,1617
54.6139,1566
54.6167,1484
54.6194,1449
54.6222,1454
54.6250,1523
54.6278,1650
54.6306,1812
54.6333,2038
54.6361,2334
54.6389,2696
54.6417,3059
54.6444,3333
54.6472,3356
54.6500,3356
54.6528,3361
54.6556,3343
54.6583,3048
54.6611,2504
54.6639,1938
54.6667,1509
54.6694,1250
54.6722,1110
54.6750,1020
54.6778,959
54.6806,919
54.6833,897
54.6861,909
54.6889,924
54.6917,926
54.6944,982
54.6972,1094
54.7000,1270
54.7028,1446
54.7056,1581
54.7083,1650
54.7111,1656
54.7139,1640
54.7167,1628
54.7194,1636
54.7222,1649
54.7250,1668
54.7278,1681
54.7306,1672
54.7333,1671
54.7361,1656
54.7389,1664
54.7417,1678
54.7444,1699
54.7472,1716
54.7500,1717
54.7528,1717
54.7556,1705
54.7583,1703
54.7611,1712
54.7639,1709
54.7667,1708
54.7694,1702
54.7722,1690
54.7750,1671
54.7778,1662
54.7806,1666
54.7833,1676
54.7861,1690
54.7889,1711
54.7917,1720
54.7944,1715
54.7972,1721
54.8000,1720
54.8028,1725
54.8056,1739
54.8083,1751
54.8111,1758
54.8139,1753
54.8167,1739
54.8194,1729
54.8222,1725
54.8250,1738
54.8278,1757
54.8306,1761
54.8333,1767
54.8361,1764
54.8389,1768
54.8417,1766
54.8444,1783
54.8472,1783
54.8500,1783
54.8528,1777
54.8556,1782
54.8583,1922
54.8611,1929
54.8639,1943
54.8667,1963
54.8694,1983
54.8722,1999
54.8750,1995
54.8778,1995
54.8806,1984
54.8833,1979
54.8861,1987
54.8889,1996
54.8917,1996
54.8944,2021
54.8972,2010
54.9000,2023
54.9028,2035
54.9056,2042
54.9083,2052
54.9111,2050
54.9139,2041
54.9167,2042
54.9194,2044
54.9222,2044
54.9250,2036
54.9278,2026
54.9306,1996
54.9333,1956
54.9361,1927
54.9389,1896
54.9417,1877
54.9444,1861
54.9472,1858
54.9500,1858
54.9528,1834
54.9556,1809
54.9583,1777
54.9611,1734
54.9639,1706
54.9667,1681
54.9694,1669
54.9722,1661
54.9750,1656
54.9778,1660
54.9806,1649
54.9833,1643
54.9861,1627
54.9889,1625
54.9917,1617
54.9944,1615
54.9972,1615
55.0000,1601
55.0028,1584
55.0056,1589
55.0083,1587
55.0111,1588
55.0139,1583
55.0167,1568
55.0194,1565
55.0222,1567
55.0250,1588
55.0278,1601
55.0306,1616
55.0333,1602
55.0361,1592
55.0389,1586
55.0417,1581
55.0444,1577
55.0472,1576
55.0500,1573
55.0528,1579
55.0556,1561
55.0583,1567
55.0611,1563
55.0639,1574
55.0667,1584
55.0694,1601
55.0722,1612
55.0750,1605
55.0778,1590
55.0806,1586
55.0833,1591
55.0861,1601
55.0889,1597
55.0917,1605
55.0944,1599
55.0972,1601
55.1000,1588
55.1028,1599
55.1056,1594
55.1083,1595
55.1111,1600
55.1139,1615
55.1167,1616
55.1194,1611
55.1222,1599
55.1250,1589
55.1278,1590
55.1306,1588
55.1333,1586
55.1361,1593
55.1389,1602
55.1417,1613
55.1444,1617
55.1472,1604
55.1500,1603
55.1528,1594
55.1556,1573
55.1583,1573
55.1611,1575
55.1639,1591
55.1667,1607
55.1694,1614
55.1722,1621
55.1750,1616
55.1778,1612
55.1806,1602
55.1833,1612
55.1861,1616
55.1889,1622
55.1917,1624
55.1944,1612
55.1972,1608
55.2000,1608
55.2028,1616
55.2056,1613
55.2083,1617
55.2111,1624
55.2139,1627
55.2167,1638
55.2194,1645
55.2222,1636
55.2250,1624
55.2278,1626
55.2306,1625
55.2333,1622
55.2361,1629
55.2389,1627
55.2417,1627
55.2444,1625
55.2472,1631
55.2500,1630
55.2528,1633
55.2556,1634
55.2583,1638
55.2611,1632
55.2639,1639
55.2667,1642
55.2694,1644
55.2722,1643
55.2750,1643
55.2778,1642
55.2806,1644
55.2833,1641
55.2861,1648
55.2889,1648
55.2917,1661
55.2944,1668
55.2972,1669
55.3000,1666
55.3028,1655
55.3056,1650
55.3083,1634
55.3111,1638
55.3139,1649
55.3167,1661
55.3194,1666
55.3222,1671
55.3250,1660
55.3278,1651
55.3306,1650
55.3333,1649
55.3361,1655
55.3389,1654
55.3417,1667
55.3444,1667
55.3472,1663
55.3500,1666
55.3528,1658
55.3556,1670
55.3583,1671
55.3611,1667
55.3639,1670
55.3667,1662
55.3694,1668
55.3722,1680
55.3750,1686
55.3778,1676
55.3806,1670
55.3833,1664
55.3861,1671
55.3889,1679
55.3917,1682
55.3944,1673
55.3972,1656
55.4000,1659
55.4028,1664
55.4056,1669
55.4083,1670
55.4111,1664
55.4139,1653
55.4167,1674
55.4194,1677
55.4222,1693
55.4250,1696
55.4278,1680
55.4306,1676
55.4333,1679
55.4361,1684
55.4389,1677
55.4417,1683
55.4444,1680
55.4472,1683
55.4500,1686
55.4528,1681
55.4556,1677
55.4583,1668
55.4611,1668
55.4639,1662
55.4667,1667
55.4694,1667
55.4722,1686
55.4750,1680
55.4778,1700
55.4806,1692
55.4833,1699
55.4861,1695
55.4889,1679
55.4917,1657
55.4944,1661
55.4972,1674
55.5000,1686
55.5028,1697
55.5056,1701
55.5083,1690
55.5111,1685
55.5139,1675
55.5167,1673
55.5194,1677
55.5222,1696
55.5250,1705
55.5278,1714
55.5306,1716
55.5333,1712
55.5361,1708
55.5389,1710
55.5417,1704
55.5444,1710
55.5472,1713
55.5500,1737
55.5528,1757
55.5556,1767
55.5583,1778
55.5611,1772
55.5639,1779
55.5667,1774
55.5694,1774
55.5722,1781
55.5750,1780
55.5778,1800
55.5806,1806
55.5833,1807
55.5861,1803
55.5889,1805
55.5917,1801
55.5944,1807
55.5972,1805
55.6000,1805
55.6028,1795
55.6056,1775
55.6083,1764
55.6111,1754
55.6139,1753
55.6167,1755
55.6194,1769
55.6222,1773
55.6250,1765
55.6278,1757
55.6306,1734
55.6333,1709
55.6361,1695
55.6389,1683
55.6417,1687
55.6444,1694
55.6472,1714
55.6500,1722
55.6528,1730
55.6556,1720
55.6583,1712
55.6611,1707
55.6639,1698
55.6667,1709
55.6694,1709
55.6722,1684
55.6750,1626
55.6778,1560
55.6806,1499
55.6833,1486
55.6861,1566
55.6889,1696
55.6917,1877
55.6944,2083
55.6972,2364
55.7000,2709
55.7028,3075
55.7056,3347
55.7083,3359
55.7111,3373
55.7139,3370
55.7167,3363
55.7194,3226
55.7222,2746
55.7250,2165
55.7278,1674
55.7306,1364
55.7333,1188
55.7361,1092
55.7389,1031
55.7417,985
55.7444,971
55.7472,987
55.7500,1009
55.7528,1030
55.7556,1073
55.7583,1168
55.7611,1326
55.7639,1503
55.7667,1648
55.7694,1741
55.7722,1773
55.7750,1754
55.7778,1731
55.7806,1703
55.7833,1701
55.7861,1719
55.7889,1748
55.7917,1766
55.7944,1766
55.7972,1773
55.8000,1778
55.8028,1780
55.8056,1786
55.8083,1783
55.8111,1792
55.8139,1785
55.8167,1779
55.8194,1773
55.8222,1787
55.8250,1794
55.8278,1798
55.8306,1805
55.8333,1805
55.8361,1797
55.8389,1795
55.8417,1804
55.8444,1816
55.8472,1823
55.8500,1844
55.8528,1846
55.8556,1830
55.8583,1830
55.8611,1813
55.8639,1826
55.8667,1834
55.8694,1854
55.8722,1856
55.8750,1851
55.8778,1844
55.8806,1846
55.8833,1843
55.8861,1848
55.8889,1842
55.8917,1852
55.8944,1842
55.8972,1849
55.9000,1856
55.9028,1872
55.9056,1883
55.9083,1894
55.9111,1898
55.9139,1895
55.9167,1882
55.9194,1861
55.9222,2034
55.9250,2040
55.9278,2063
55.9306,2081
55.9333,2088
55.9361,2079
55.9389,2072
55.9417,2083
55.9444,2096
55.9472,2114
55.9500,2122
55.9528,2124
55.9556,2127
55.9583,2124
55.9611,2126
55.9639,2135
55.9667,2153
55.9694,2155
55.9722,2153
55.9750,2154
55.9778,2145
55.9806,2126
55.9833,2109
55.9861,2095
55.9889,2091
55.9917,2068
55.9944,2053
55.9972,2023
56.0000,2003
56.0028,1977
56.0056,1965
56.0083,1940
56.0111,1934
56.0139,1919
56.0167,1888
56.0194,1866
56.0222,1835
56.0250,1808
56.0278,1792
56.0306,1779
56.0333,1772
56.0361,1760
56.0389,1744
56.0417,1731
56.0444,1726
56.0472,1736
56.0500,1721
56.0528,1712
56.0556,1691
56.0583,1689
56.0611,1677
56.0639,1685
56.0667,1690
56.0694,1700
56.0722,1705
56.0750,1708
56.0778,1698
56.0806,1690
56.0833,1684
56.0861,1686
56.0889,1684
56.0917,1692
56.0944,1694
56.0972,1699
56.1000,1696
56.1028,1698
56.1056,1700
56.1083,1700
56.1111,1696
56.1139,1690
56.1167,1680
56.1194,1671
56.1222,1668
56.1250,1666
56.1278,1678
56.1306,1688
56.1333,1696
56.1361,1690
56.1389,1676
56.1417,1674
56.1444,1674
56.1472,1673
56.1500,1689
56.1528,1689
56.1556,1693
56.1583,1689
56.1611,1689
56.1639,1685
56.1667,1674
56.1694,1678
56.1722,1673
56.1750,1670
56.1778,1665
56.1806,1682
56.1833,1682
56.1861,1695
56.1889,1692
56.1917,1685
56.1944,1667
56.1972,1659
56.2000,1650
56.2028,1658
56.2056,1660
56.2083,1656
56.2111,1663
56.2139,1660
56.2167,1652
56.2194,1648
56.2222,1661
56.2250,1654
56.2278,1658
56.2306,1660
56.2333,1668
56.2361,1658
56.2389,1655
56.2417,1640
56.2444,1646
56.2472,1646
56.2500,1644
56.2528,1651
56.2556,1651
56.2583,1647
56.2611,1639
56.2639,1638
56.2667,1642
56.2694,1647
56.2722,1646
56.2750,1647
56.2778,1647
56.2806,1646
56.2833,1648
56.2861,1652
56.2889,1649
56.2917,1654
56.2944,1658
56.2972,1655
56.3000,1643
56.3028,1653
56.3056,1654
56.3083,1665
56.3111,1674
56.3139,1675
56.3167,1672
56.3194,1659
56.3222,1658
56.3250,1657
56.3278,1663
56.3306,1673
56.3333,1666
56.3361,1653
56.3389,1655
56.3417,1647
56.3444,1647
56.3472,1648
56.3500,1662
56.3528,1668
56.3556,1675
56.3583,1679
56.3611,1668
56.3639,1665
56.3667,1662
56.3694,1665
56.3722,1661
56.3750,1666
56.3778,1658
56.3806,1668
56.3833,1670
56.3861,1666
56.3889,1670
56.3917,1663
56.3944,1662
56.3972,1666
56.4000,1665
56.4028,1668
56.4056,1673
56.4083,1688
56.4111,1675
56.4139,1672
56.4167,1663
56.4194,1656
56.4222,1645
56.4250,1646
56.4278,1654
56.4306,1660
56.4333,1665
56.4361,1665
56.4389,1663
56.4417,1663
56.4444,1672
56.4472,1667
56.4500,1665
56.4528,1657
56.4556,1659
56.4583,1658
56.4611,1667
56.4639,1670
56.4667,1672
56.4694,1660
56.4722,1665
56.4750,1664
56.4778,1670
56.4806,1661
56.4833,1661
56.4861,1659
56.4889,1655
56.4917,1654
56.4944,1655
56.4972,1664
56.5000,1656
56.5028,1663
56.5056,1666
56.5083,1670
56.5111,1677
56.5139,1681
56.5167,1664
56.5194,1661
56.5222,1653
56.5250,1650
56.5278,1666
56.5306,1689
56.5333,1691
56.5361,1690
56.5389,1687
56.5417,1687
56.5444,1683
56.5472,1683
56.5500,1700
56.5528,1691
56.5556,1688
56.5583,1691
56.5611,1686
56.5639,1683
56.5667,1675
56.5694,1678
56.5722,1694
56.5750,1689
56.5778,1691
56.5806,1680
56.5833,1677
56.5861,1676
56.5889,1679
56.5917,1684
56.5944,1693
56.5972,1702
56.6000,1700
56.6028,1700
56.6056,1691
56.6083,1690
56.6111,1685
56.6139,1691
56.6167,1699
56.6194,1703
56.6222,1707
56.6250,1706
56.6278,1705
56.6306,1708
56.6333,1701
56.6361,1696
56.6389,1679
56.6417,1679
56.6444,1684
56.6472,1684
56.6500,1687
56.6528,1690
56.6556,1686
56.6583,1688
56.6611,1690
56.6639,1706
56.6667,1728
56.6694,1747
56.6722,1757
56.6750,1769
56.6778,1777
56.6806,1771
56.6833,1772
56.6861,1775
56.6889,1778
56.6917,1788
56.6944,1783
56.6972,1781
56.7000,1786
56.7028,1776
56.7056,1781
56.7083,1780
56.7111,1798
56.7139,1804
56.7167,1780
56.7194,1762
56.7222,1738
56.7250,1732
56.7278,1733
56.7306,1738
56.7333,1743
56.7361,1737
56.7389,1741
56.7417,1735
56.7444,1723
56.7472,1720
56.7500,1698
56.7528,1679
56.7556,1674
56.7583,1671
56.7611,1664
56.7639,1672
56.7667,1675
56.7694,1662
56.7722,1660
56.7750,1654
56.7778,1645
56.7806,1657
56.7833,1659
56.7861,1657
56.7889,1648
56.7917,1598
56.7944,1526
56.7972,1469
56.8000,1436
56.8028,1475
56.8056,1579
56.8083,1726
56.8111,1927
56.8139,2185
56.8167,2517
56.8194,2900
56.8222,3248
56.8250,3349
56.8278,3359
56.8306,3367
56.8333,3370
56.8361,3351
56.8389,3004
56.8417,2380
56.8444,1773
56.8472,1306
56.8500,1042
56.8528,908
56.8556,844
56.8583,834
56.8611,839
56.8639,882
56.8667,918
56.8694,962
56.8722,1025
56.8750,1151
56.8778,1318
56.8806,1488
56.8833,1620
56.8861,1689
56.8889,1713
56.8917,1693
56.8944,1647
56.8972,1620
56.9000,1608
56.9028,1639
56.9056,1671
56.9083,1696
56.9111,1699
56.9139,1701
56.9167,1686
56.9194,1681
56.9222,1686
56.9250,1704
56.9278,1722
56.9306,1734
56.9333,1720
56.9361,1700
56.9389,1682
56.9417,1685
56.9444,1704
56.9472,1727
56.9500,1730
56.9528,1733
56.9556,1716
56.9583,1693
56.9611,1700
56.9639,1713
56.9667,1741
56.9694,1747
56.9722,1746
56.9750,1727
56.9778,1736
56.9806,1733
56.9833,1736
56.9861,1746
56.9889,1768
56.9917,1768
56.9944,1764
56.9972,1754
57.0000,1762
57.0028,1779
57.0056,1785
57.0083,1788
57.0111,1784
57.0139,1765
57.0167,1760
57.0194,1775
57.0222,1782
57.0250,1779
57.0278,1788
57.0306,1785
57.0333,1790
57.0361,1787
57.0389,1947
57.0417,1948
57.0444,1960
57.0472,1969
57.0500,1979
57.0528,1975
57.0556,1981
57.0583,1991
57.0611,2007
57.0639,2032
57.0667,2044
57.0694,2056
57.0722,2056
57.0750,2062
57.0778,2046
57.0806,2037
57.0833,2049
57.0861,2063
57.0889,2078
57.0917,2074
57.0944,2064
57.0972,2047
57.1000,2031
57.1028,2015
57.1056,2006
57.1083,2004
57.1111,1985
57.1139,1964
57.1167,1937
57.1194,1906
57.1222,1875
57.1250,1850
57.1278,1831
57.1306,1808
57.1333,1789
57.1361,1761
57.1389,1732
57.1417,1723
57.1444,1712
57.1472,1706
57.1500,1692
57.1528,1672
57.1556,1651
57.1583,1633
57.1611,1631
57.1639,1626
57.1667,1624
57.1694,1617
57.1722,1610
57.1750,1603
57.1778,1592
57.1806,1587
57.1833,1595
57.1861,1598
57.1889,1607
57.1917,1595
57.1944,1583
57.1972,1576
57.2000,1584
57.2028,1590
57.2056,1593
57.2083,1594
57.2111,1591
57.2139,1590
57.2167,1593
57.2194,1604
57.2222,1605
57.2250,1603
57.2278,1607
57.2306,1590
57.2333,1588
57.2361,1594
57.2389,1588
57.2417,1593
57.2444,1610
57.2472,1612
57.2500,1610
57.2528,1605
57.2556,1603
57.2583,1604
57.2611,1606
57.2639,1612
57.2667,1612
57.2694,1611
57.2722,1611
57.2750,1610
57.2778,1600
57.2806,1582
57.2833,1594
57.2861,1596
57.2889,1596
57.2917,1593
57.2944,1584
57.2972,1572
57.3000,1582
57.3028,1577
57.3056,1578
57.3083,1587
57.3111,1582
57.3139,1588
57.3167,1586
57.3194,1588
57.3222,1577
57.3250,1583
57.3278,1572
57.3306,1563
57.3333,1563
57.3361,1559
57.3389,1555
57.3417,1569
57.3444,1588
57.3472,1597
57.3500,1608
57.3528,1592
57.3556,1578
57.3583,1564
57.3611,1562
57.3639,1571
57.3667,1573
57.3694,1584
57.3722,1580
57.3750,1584
57.3778,1577
57.3806,1576
57.3833,1587
57.3861,1578
57.3889,1580
57.3917,1575
57.3944,1569
57.3972,1581
57.4000,1590
57.4028,1578
57.4056,1583
57.4083,1586
57.4111,1598
57.4139,1594
57.4167,1580
57.4194,1566
57.4222,1562
57.4250,1575
57.4278,1589
57.4306,1601
57.4333,1602
57.4361,1602
57.4389,1600
57.4417,1600
57.4444,1594
57.4472,1597
57.4500,1597
57.4528,1587
57.4556,1582
57.4583,1582
57.4611,1586
57.4639,1602
57.4667,1609
57.4694,1608
57.4722,1617
57.4750,1607
57.4778,1606
57.4806,1603
57.4833,1604
57.4861,1609
57.4889,1608
57.4917,1614
57.4944,1610
57.4972,1606
57.5000,1603
57.5028,1590
57.5056,1591
57.5083,1600
57.5111,1623
57.5139,1621
57.5167,1621
57.5194,1616
57.5222,1612
57.5250,1614
57.5278,1602
57.5306,1607
57.5333,1618
57.5361,1621
57.5389,1622
57.5417,1639
57.5444,1644
57.5472,1644
57.5500,1641
57.5528,1638
57.5556,1628
57.5583,1628
57.5611,1634
57.5639,1639
57.5667,1651
57.5694,1651
57.5722,1656
57.5750,1647
57.5778,1638
57.5806,1631
57.5833,1641
57.5861,1645
57.5889,1646
57.5917,1642
57.5944,1651
57.5972,1651
57.6000,1646
57.6028,1640
57.6056,1642
57.6083,1645
57.6111,1657
57.6139,1663
57.6167,1661
57.6194,1666
57.6222,1657
57.6250,1662
57.6278,1665
57.6306,1655
57.6333,1652
57.6361,1645
57.6389,1644
57.6417,1646
57.6444,1655
57.6472,1662
57.6500,1673
57.6528,1664
57.6556,1671
57.6583,1672
57.6611,1674
57.6639,1671
57.6667,1676
57.6694,1678
57.6722,1672
57.6750,1675
57.6778,1666
57.6806,1653
57.6833,1647
57.6861,1639
57.6889,1642
57.6917,1642
57.6944,1658
57.6972,1663
57.7000,1669
57.7028,1666
57.7056,1669
57.7083,1670
57.7111,1667
57.7139,1660
57.7167,1660
57.7194,1665
57.7222,1676
57.7250,1678
57.7278,1675
57.7306,1670
57.7333,1664
57.7361,1644
57.7389,1645
57.7417,1665
57.7444,1674
57.7472,1677
57.7500,1697
57.7528,1695
57.7556,1695
57.7583,1685
57.7611,1676
57.7639,1673
57.7667,1671
57.7694,1684
57.7722,1682
57.7750,1682
57.7778,1675
57.7806,1687
57.7833,1688
57.7861,1684
57.7889,1682
57.7917,1686
57.7944,1677
57.7972,1666
57.8000,1670
57.8028,1674
57.8056,1684
57.8083,1690
57.8111,1687
57.8139,1696
57.8167,1695
57.8194,1686
57.8222,1690
57.8250,1706
57.8278,1722
57.8306,1737
57.8333,1744
57.8361,1753
57.8389,1749
57.8417,1732
57.8444,1720
57.8472,1719
57.8500,1723
57.8528,1736
57.8556,1754
57.8583,1773
57.8611,1780
57.8639,1780
57.8667,1787
57.8694,1773
57.8722,1750
57.8750,1726
57.8778,1719
57.8806,1716
57.8833,1726
57.8861,1728
57.8889,1730
57.8917,1731
57.8944,1720
57.8972,1709
57.9000,1681
57.9028,1674
57.9056,1662
57.9083,1645
57.9111,1618
57.9139,1619
57.9167,1613
57.9194,1616
57.9222,1615
57.9250,1629
57.9278,1630
57.9306,1621
57.9333,1619
57.9361,1616
57.9389,1616
57.9417,1611
57.9444,1599
57.9472,1570
57.9500,1511
57.9528,1444
57.9556,1406
57.9583,1435
57.9611,1516
57.9639,1647
57.9667,1846
57.9694,2089
57.9722,2409
57.9750,2776
57.9778,3138
57.9806,3348
57.9833,3349
57.9861,3368
57.9889,3369
57.9917,3218
57.9944,2760
57.9972,2170
58.0000,1653
58.0028,1302
58.0056,1088
58.0083,971
58.0111,912
58.0139,862
58.0167,840
58.0194,851
58.0222,869
58.0250,888
58.0278,932
58.0306,1025
58.0333,1188
58.0361,1374
58.0389,1516
58.0417,1609
58.0444,1642
58.0472,1647
58.0500,1623
58.0528,1605
58.0556,1588
58.0583,1590
58.0611,1604
58.0639,1615
58.0667,1618
58.0694,1612
58.0722,1623
58.0750,1638
58.0778,1650
58.0806,1652
58.0833,1655
58.0861,1653
58.0889,1645
58.0917,1644
58.0944,1642
58.0972,1657
58.1000,1658
58.1028,1665
58.1056,1678
58.1083,1676
58.1111,1677
58.1139,1675
58.1167,1677
58.1194,1677
58.1222,1686
58.1250,1698
58.1278,1696
58.1306,1688
58.1333,1687
58.1361,1687
58.1389,1699
58.1417,1719
58.1444,1712
58.1472,1706
58.1500,1703
58.1528,1709
58.1556,1704
58.1583,1706
58.1611,1713
58.1639,1728
58.1667,1740
58.1694,1744
58.1722,1744
58.1750,1754
58.1778,1750
58.1806,1751
58.1833,1748
58.1861,1748
58.1889,1758
58.1917,1759
58.1944,1892
58.1972,1897
58.2000,1917
58.2028,1943
58.2056,1962
58.2083,1981
58.2111,1981
58.2139,1978
58.2167,1969
58.2194,1965
58.2222,1966
58.2250,1975
58.2278,1982
58.2306,1992
58.2333,1996
58.2361,2006
58.2389,2034
58.2417,2055
58.2444,2072
58.2472,2061
58.2500,2037
58.2528,2028
58.2556,2004
58.2583,2007
58.2611,1993
58.2639,1991
58.2667,1974
58.2694,1944
58.2722,1911
58.2750,1884
58.2778,1870
58.2806,1849
58.2833,1843
58.2861,1812
58.2889,1784
58.2917,1757
58.2944,1734
58.2972,1717
58.3000,1701
58.3028,1694
58.3056,1672
58.3083,1652
58.3111,1636
58.3139,1620
58.3167,1612
58.3194,1609
58.3222,1597
58.3250,1588
58.3278,1581
58.3306,1573
58.3333,1559
58.3361,1563
58.3389,1574
58.3417,1571
58.3444,1579
58.3472,1568
58.3500,1573
58.3528,1567
58.3556,1559
58.3583,1559
58.3611,1557
58.3639,1547
58.3667,1530
58.3694,1537
58.3722,1538
58.3750,1542
58.3778,1541
58.3806,1530
58.3833,1534
58.3861,1557
58.3889,1554
58.3917,1551
58.3944,1558
58.3972,1574
58.4000,1576
58.4028,1573
58.4056,1566
58.4083,1565
58.4111,1548
58.4139,1556
58.4167,1564
58.4194,1577
58.4222,1580
58.4250,1574
58.4278,1561
58.4306,1558
58.4333,1543
58.4361,1550
58.4389,1558
58.4417,1549
58.4444,1559
58.4472,1555
58.4500,1561
58.4528,1576
58.4556,1580
58.4583,1591
58.4611,1585
58.4639,1570
58.4667,1555
58.4694,1550
58.4722,1552
58.4750,1547
58.4778,1540
58.4806,1547
58.4833,1562
58.4861,1573
58.4889,1570
58.4917,1568
58.4944,1561
58.4972,1557
58.5000,1562
58.5028,1566
58.5056,1567
58.5083,1566
58.5111,1570
58.5139,1550
58.5167,1547
58.5194,1551
58.5222,1554
58.5250,1563
58.5278,1568
58.5306,1578
58.5333,1578
58.5361,1584
58.5389,1591
58.5417,1602
58.5444,1591
58.5472,1585
58.5500,1582
58.5528,1585
58.5556,1592
58.5583,1607
58.5611,1605
58.5639,1592
58.5667,1588
58.5694,1584
58.5722,1589
58.5750,1579
58.5778,1575
58.5806,1587
58.5833,1594
58.5861,1611
58.5889,1606
58.5917,1622
58.5944,1606
58.5972,1606
58.6000,1601
58.6028,1589
58.6056,1589
58.6083,1578
58.6111,1581
58.6139,1591
58.6167,1610
58.6194,1621
58.6222,1619
58.6250,1618
58.6278,1603
58.6306,1594
58.6333,1593
58.6361,1598
58.6389,1609
58.6417,1601
58.6444,1596
58.6472,1603
58.6500,1603
58.6528,1613
58.6556,1640
58.6583,1636
58.6611,1627
58.6639,1608
58.6667,1612
58.6694,1604
58.6722,1602
58.6750,1610
58.6778,1603
58.6806,1623
58.6833,1632
58.6861,1644
58.6889,1652
58.6917,1647
58.6944,1649
58.6972,1644
58.7000,1647
58.7028,1641
58.7056,1630
58.7083,1634
58.7111,1638
58.7139,1635
58.7167,1642
58.7194,1642
58.7222,1642
58.7250,1638
58.7278,1648
58.7306,1641
58.7333,1639
58.7361,1643
58.7389,1649
58.7417,1649
58.7444,1645
58.7472,1658
58.7500,1667
58.7528,1667
58.7556,1659
58.7583,1665
58.7611,1669
58.7639,1674
58.7667,1686
58.7694,1688
58.7722,1676
58.7750,1679
58.7778,1678
58.7806,1670
58.7833,1674
58.7861,1681
58.7889,1682
58.7917,1687
58.7944,1686
58.7972,1683
58.8000,1685
58.8028,1686
58.8056,1685
58.8083,1692
58.8111,1694
58.8139,1699
58.8167,1700
58.8194,1695
58.8222,1701
58.8250,1691
58.8278,1696
58.8306,1703
58.8333,1726
58.8361,1728
58.8389,1734
58.8417,1724
58.8444,1726
58.8472,1714
58.8500,1709
58.8528,1706
58.8556,1706
58.8583,1720
58.8611,1731
58.8639,1736
58.8667,1738
58.8694,1717
58.8722,1719
58.8750,1720
58.8778,1728
58.8806,1742
58.8833,1750
58.8861,1755
58.8889,1754
58.8917,1744
58.8944,1752
58.8972,1754
58.9000,1762
58.9028,1769
58.9056,1776
58.9083,1781
58.9111,1785
58.9139,1801
58.9167,1802
58.9194,1802
58.9222,1810
58.9250,1819
58.9278,1830
58.9306,1847
58.9333,1846
58.9361,1841
58.9389,1846
58.9417,1840
58.9444,1846
58.9472,1847
58.9500,1865
58.9528,1861
58.9556,1864
58.9583,1850
58.9611,1837
58.9639,1814
58.9667,1804
58.9694,1797
58.9722,1804
58.9750,1819
58.9778,1818
58.9806,1832
58.9833,1829
58.9861,1810
58.9889,1789
58.9917,1769
58.9944,1744
58.9972,1739
59.0000,1737
59.0028,1740
59.0056,1738
59.0083,1762
59.0111,1761
59.0139,1768
59.0167,1746
59.0194,1739
59.0222,1735
59.0250,1733
59.0278,1725
59.0306,1713
59.0333,1663
59.0361,1598
59.0389,1538
59.0417,1531
59.0444,1601
59.0472,1723
59.0500,1880
59.0528,2098
59.0556,2372
59.0583,2714
59.0611,3094
59.0639,3348
59.0667,3365
59.0694,3370
59.0722,3372
59.0750,3369
59.0778,3268
59.0806,2806
59.0833,2219
59.0861,1709
59.0889,1379
59.0917,1187
59.0944,1086
59.0972,1033
59.1000,998
59.1028,1001
59.1056,1033
59.1083,1061
59.1111,1079
59.1139,1122
59.1167,1213
59.1194,1363
59.1222,1552
59.1250,1686
59.1278,1767
59.1306,1788
59.1333,1774
59.1361,1741
59.1389,1721
59.1417,1722
59.1444,1741
59.1472,1755
59.1500,1764
59.1528,1761
59.1556,1754
59.1583,1752
59.1611,1761
59.1639,1771
59.1667,1785
59.1694,1789
59.1722,1783
59.1750,1783
59.1778,1767
59.1806,1776
59.1833,1786
59.1861,1804
59.1889,1811
59.1917,1817
59.1944,1805
59.1972,1793
59.2000,1794
59.2028,1802
59.2056,1813
59.2083,1817
59.2111,1821
59.2139,1818
59.2167,1812
59.2194,1805
59.2222,1812
59.2250,1826
59.2278,1844
59.2306,1835
59.2333,1832
59.2361,1816
59.2389,1816
59.2417,1814
59.2444,1818
59.2472,1832
59.2500,1836
59.2528,1843
59.2556,1844
59.2583,1856
59.2611,1854
59.2639,1866
59.2667,1873
59.2694,1889
59.2722,1907
59.2750,1902
59.2778,1890
59.2806,1998
59.2833,1996
59.2861,2024
59.2889,2042
59.2917,2056
59.2944,2065
59.2972,2059
59.3000,2062
59.3028,2067
59.3056,2082
59.3083,2084
59.3111,2092
59.3139,2093
59.3167,2090
59.3194,2084
59.3222,2097
59.3250,2120
59.3278,2110
59.3306,2122
59.3333,2114
59.3361,2112
59.3389,2091
59.3417,2068
59.3444,2068
59.3472,2065
59.3500,2056
59.3528,2033
59.3556,2004
59.3583,1976
59.3611,1946
59.3639,1921
59.3667,1898
59.3694,1861
59.3722,1849
59.3750,1827
59.3778,1809
59.3806,1786
59.3833,1767
59.3861,1752
59.3889,1737
59.3917,1727
59.3944,1724
59.3972,1707
59.4000,1693
59.4028,1683
59.4056,1682
59.4083,1667
59.4111,1658
59.4139,1645
59.4167,1634
59.4194,1627
59.4222,1625
59.4250,1620
59.4278,1651
59.4306,1663
59.4333,1664
59.4361,1649
59.4389,1627
59.4417,1636
59.4444,1638
59.4472,1649
59.4500,1655
59.4528,1646
59.4556,1635
59.4583,1625
59.4611,1609
59.4639,1610
59.4667,1631
59.4694,1644
59.4722,1644
59.4750,1645
59.4778,1636
59.4806,1635
59.4833,1636
59.4861,1632
59.4889,1636
59.4917,1630
59.4944,1620
59.4972,1616
59.5000,1620
59.5028,1627
59.5056,1634
59.5083,1637
59.5111,1624
59.5139,1623
59.5167,1613
59.5194,1618
59.5222,1627
59.5250,1632
59.5278,1639
59.5306,1635
59.5333,1633
59.5361,1628
59.5389,1607
59.5417,1613
59.5444,1618
59.5472,1630
59.5500,1630
59.5528,1625
59.5556,1616
59.5583,1611
59.5611,1613
59.5639,1608
59.5667,1607
59.5694,1595
59.5722,1598
59.5750,1593
59.5778,1589
59.5806,1586
59.5833,1594
59.5861,1604
59.5889,1612
59.5917,1601
59.5944,1601
59.5972,1586
59.6000,1583
59.6028,1586
59.6056,1592
59.6083,1598
59.6111,1609
59.6139,1607
59.6167,1596
59.6194,1605
59.6222,1606
59.6250,1599
59.6278,1594
59.6306,1586
59.6333,1592
59.6361,1593
59.6389,1604
59.6417,1597
59.6444,1613
59.6472,1612
59.6500,1611
59.6528,1598
59.6556,1591
59.6583,1592
59.6611,1593
59.6639,1595
59.6667,1610
59.6694,1604
59.6722,1601
59.6750,1608
59.6778,1611
59.6806,1612
59.6833,1612
59.6861,1619
59.6889,1605
59.6917,1610
59.6944,1606
59.6972,1608
59.7000,1611
59.7028,1603
59.7056,1601
59.7083,1577
59.7111,1586
59.7139,1590
59.7167,1613
59.7194,1626
59.7222,1635
59.7250,1628
59.7278,1619
59.7306,1612
59.7333,1610
59.7361,1609
59.7389,1610
59.7417,1626
59.7444,1630
59.7472,1633
59.7500,1632
59.7528,1634
59.7556,1633
59.7583,1628
59.7611,1640
59.7639,1625
59.7667,1617
59.7694,1611
59.7722,1614
59.7750,1615
59.7778,1621
59.7806,1626
59.7833,1641
59.7861,1649
59.7889,1645
59.7917,1635
59.7944,1632
59.7972,1627
59.8000,1615
59.8028,1619
59.8056,1630
59.8083,1641
59.8111,1654
59.8139,1661
59.8167,1672
59.8194,1664
59.8222,1632
59.8250,1629
59.8278,1627
59.8306,1634
59.8333,1652
59.8361,1666
59.8389,1675
59.8417,1672
59.8444,1669
59.8472,1666
59.8500,1661
59.8528,1658
59.8556,1655
59.8583,1656
59.8611,1670
59.8639,1674
59.8667,1680
59.8694,1676
59.8722,1673
59.8750,1660
59.8778,1652
59.8806,1652
59.8833,1657
59.8861,1656
59.8889,1659
59.8917,1666
59.8944,1672
59.8972,1663
59.9000,1660
59.9028,1647
59.9056,1653
59.9083,1661
59.9111,1672
59.9139,1674
59.9167,1666
59.9194,1662
59.9222,1656
59.9250,1672
59.9278,1666
59.9306,1663
59.9333,1664
59.9361,1662
59.9389,1646
59.9417,1643
59.9444,1638
59.9472,1657
59.9500,1680
59.9528,1684
59.9556,1684
59.9583,1680
59.9611,1684
59.9639,1681
59.9667,1674
59.9694,1673
59.9722,1659
59.9750,1662
59.9778,1656
59.9806,1664
59.9833,1677
59.9861,1689
59.9889,1683
59.9917,1685
59.9944,1670
59.9972,1672
60.0000,1680
60.0028,1688
60.0056,1693
60.0083,1693
60.0111,1697
60.0139,1687
60.0167,1679
60.0194,1673
60.0222,1666
60.0250,1676
60.0278,1679
60.0306,1695
60.0333,1702
60.0361,1712
60.0389,1709
60.0417,1699
60.0444,1697
60.0472,1693
60.0500,1693
60.0528,1699
60.0556,1706
60.0583,1730
60.0611,1753
60.0639,1769
60.0667,1777
60.0694,1781
60.0722,1784
60.0750,1774
60.0778,1779
60.0806,1786
60.0833,1792
60.0861,1807
60.0889,1818
60.0917,1809
60.0944,1800
60.0972,1799
60.1000,1803
60.1028,1802
60.1056,1800
60.1083,1782
60.1111,1769
60.1139,1752
60.1167,1747
60.1194,1754
60.1222,1755
60.1250,1760
60.1278,1758
60.1306,1776
60.1333,1767
60.1361,1759
60.1389,1732
60.1417,1712
60.1444,1696
60.1472,1682
60.1500,1692
60.1528,1694
60.1556,1686
60.1583,1681
60.1611,1677
60.1639,1679
60.1667,1689
60.1694,1704
60.1722,1699
60.1750,1708
60.1778,1686
60.1806,1657
60.1833,1603
60.1861,1530
60.1889,1483
60.1917,1464
60.1944,1510
60.1972,1617
60.2000,1783
60.2028,1992
60.2056,2257
60.2083,2596
60.2111,2982
60.2139,3301
60.2167,3359
60.2194,3364
60.2222,3379
60.2250,3367
60.2278,3264
60.2306,2802
60.2333,2179
60.2361,1646
60.2389,1296
60.2417,1088
60.2444,986
60.2472,933
60.2500,905
60.2528,911
60.2556,954
60.2583,990
60.2611,1015
60.2639,1068
60.2667,1161
60.2694,1321
60.2722,1482
60.2750,1610
60.2778,1681
60.2806,1718
60.2833,1701
60.2861,1675
60.2889,1667
60.2917,1655
60.2944,1673
60.2972,1695
60.3000,1703
60.3028,1706
60.3056,1698
60.3083,1676
60.3111,1677
60.3139,1698
60.3167,1717
60.3194,1726
60.3222,1728
60.3250,1714
60.3278,1694
60.3306,1693
60.3333,1697
60.3361,1708
60.3389,1720
60.3417,1726
60.3444,1734
60.3472,1726
60.3500,1714
60.3528,1714
60.3556,1728
60.3583,1739
60.3611,1722
60.3639,1727
60.3667,1714
60.3694,1727
60.3722,1732
60.3750,1747
60.3778,1767
60.3806,1775
60.3833,1763
60.3861,1761
60.3889,1747
60.3917,1753
60.3944,1759
60.3972,1775
60.4000,1788
60.4028,1790
60.4056,1790
60.4083,1783
60.4111,1785
60.4139,1797
60.4167,1806
60.4194,1822
60.4222,1823
60.4250,1823
60.4278,1819
60.4306,1938
60.4333,1947
60.4361,1956
60.4389,1975
60.4417,1988
60.4444,1997
60.4472,1990
60.4500,1989
60.4528,2006
60.4556,2017
60.4583,2031
60.4611,2049
60.4639,2037
60.4667,2039
60.4694,2044
60.4722,2042
60.4750,2045
60.4778,2039
60.4806,2048
60.4833,2055
60.4861,2052
60.4889,2028
60.4917,2026
60.4944,2019
60.4972,2027
60.5000,2017
60.5028,1987
60.5056,1960
60.5083,1932
60.5111,1908
60.5139,1880
60.5167,1862
60.5194,1848
60.5222,1832
60.5250,1794
60.5278,1770
60.5306,1740
60.5333,1722
60.5361,1711
60.5389,1700
60.5417,1690
60.5444,1678
60.5472,1661
60.5500,1641
60.5528,1634
60.5556,1636
60.5583,1643
60.5611,1641
60.5639,1641
60.5667,1621
60.5694,1618
60.5722,1605
60.5750,1607
60.5778,1609
60.5806,1607
60.5833,1610
60.5861,1608
60.5889,1601
60.5917,1600
60.5944,1602
60.5972,1605
60.6000,1603
60.6028,1586
60.6056,1591
60.6083,1588
60.6111,1591
60.6139,1591
60.6167,1600
60.6194,1602
60.6222,1604
60.6250,1597
60.6278,1588
60.6306,1592
60.6333,1592
60.6361,1601
60.6389,1600
60.6417,1603
60.6444,1601
60.6472,1602
60.6500,1599
60.6528,1589
60.6556,1598
60.6583,1600
60.6611,1600
60.6639,1597
60.6667,1594
60.6694,1588
60.6722,1577
60.6750,1573
60.6778,1577
60.6806,1594
60.6833,1598
60.6861,1583
60.6889,1579
60.6917,1575
60.6944,1583
60.6972,1589
60.7000,1577
60.7028,1573
60.7056,1571
60.7083,1588
60.7111,1588
60.7139,1583
60.7167,1587
60.7194,1570
60.7222,1564
60.7250,1563
60.7278,1560
60.7306,1561
60.7333,1560
60.7361,1571
60.7389,1564
60.7417,1567
60.7444,1558
60.7472,1559
60.7500,1564
60.7528,1559
60.7556,1567
60.7583,1565
60.7611,1572
60.7639,1583
60.7667,1581
60.7694,1589
60.7722,1588
60.7750,1593
60.7778,1597
60.7806,1585
60.7833,1587
60.7861,1592
60.7889,1593
60.7917,1600
60.7944,1596
60.7972,1594
60.8000,1591
60.8028,1597
60.8056,1593
60.8083,1598
60.8111,1593
60.8139,1593
60.8167,1596
60.8194,1597
60.8222,1609
60.8250,1613
60.8278,1605
60.8306,1596
60.8333,1608
60.8361,1607
60.8389,1609
60.8417,1625
60.8444,1632
60.8472,1631
60.8500,1624
60.8528,1611
60.8556,1607
60.8583,1602
60.8611,1604
60.8639,1611
60.8667,1606
60.8694,1598
60.8722,1602
60.8750,1614
60.8778,1620
60.8806,1611
60.8833,1617
60.8861,1612
60.8889,1613
60.8917,1617
60.8944,1618
60.8972,1633
60.9000,1626
60.9028,1623
60.9056,1622
60.9083,1616
60.9111,1626
60.9139,1630
60.9167,1624
60.9194,1621
60.9222,1618
60.9250,1624
60.9278,1617
60.9306,1622
60.9333,1624
60.9361,1638
60.9389,1641
60.9417,1637
60.9444,1626
60.9472,1628
60.9500,1637
60.9528,1643
60.9556,1652
60.9583,1657
60.9611,1653
60.9639,1637
60.9667,1628
60.9694,1615
60.9722,1625
60.9750,1636
60.9778,1637
60.9806,1647
60.9833,1650
60.9861,1643
60.9889,1656
60.9917,1647
60.9944,1643
60.9972,1647
61.0000,1640
61.0028,1646
61.0056,1647
61.0083,1651
61.0111,1656
61.0139,1663
61.0167,1658
61.0194,1656
61.0222,1654
61.0250,1645
61.0278,1664
61.0306,1653
61.0333,1657
61.0361,1656
61.0389,1665
61.0417,1671
61.0444,1663
61.0472,1668
61.0500,1659
61.0528,1645
61.0556,1655
61.0583,1659
61.0611,1656
61.0639,1660
61.0667,1664
61.0694,1654
61.0722,1661
61.0750,1661
61.0778,1660
61.0806,1671
61.0833,1676
61.0861,1688
61.0889,1675
61.0917,1665
61.0944,1667
61.0972,1672
61.1000,1672
61.1028,1675
61.1056,1669
61.1083,1671
61.1111,1672
61.1139,1682
61.1167,1687
61.1194,1685
61.1222,1689
61.1250,1675
61.1278,1678
61.1306,1668
61.1333,1662
61.1361,1664
61.1389,1677
61.1417,1676
61.1444,1677
61.1472,1680
61.1500,1692
61.1528,1697
61.1556,1703
61.1583,1696
61.1611,1685
61.1639,1688
61.1667,1682
61.1694,1685
61.1722,1688
61.1750,1692
61.1778,1695
61.1806,1704
61.1833,1709
61.1861,1716
61.1889,1715
61.1917,1711
61.1944,1708
61.1972,1702
61.2000,1712
61.2028,1716
61.2056,1723
61.2083,1720
61.2111,1710
61.2139,1711
61.2167,1720
61.2194,1720
61.2222,1717
61.2250,1718
61.2278,1713
61.2306,1711
61.2333,1707
61.2361,1719
61.2389,1726
61.2417,1729
61.2444,1714
61.2472,1711
61.2500,1726
61.2528,1736
61.2556,1732
61.2583,1738
61.2611,1743
61.2639,1746
61.2667,1755
61.2694,1776
61.2722,1801
61.2750,1819
61.2778,1825
61.2806,1815
61.2833,1788
61.2861,1794
61.2889,1801
61.2917,1800
61.2944,1821
61.2972,1833
61.3000,1840
61.3028,1856
61.3056,1849
61.3083,1853
61.3111,1851
61.3139,1850
61.3167,1834
61.3194,1825
61.3222,1801
61.3250,1787
61.3278,1794
61.3306,1794
61.3333,1787
61.3361,1784
61.3389,1782
61.3417,1780
61.3444,1765
61.3472,1754
61.3500,1739
61.3528,1722
61.3556,1711
61.3583,1703
61.3611,1700
61.3639,1701
61.3667,1694
61.3694,1697
61.3722,1708
61.3750,1717
61.3778,1734
61.3806,1733
61.3833,1733
61.3861,1730
61.3889,1702
61.3917,1658
61.3944,1583
61.3972,1522
61.4000,1500
61.4028,1553
61.4056,1654
61.4083,1820
61.4111,2026
61.4139,2304
61.4167,2657
61.4194,3025
61.4222,3339
61.4250,3359
61.4278,3372
61.4306,3373
61.4333,3372
61.4361,3304
61.4389,2866
61.4417,2235
61.4444,1679
61.4472,1304
61.4500,1096
61.4528,996
61.4556,947
61.4583,927
61.4611,936
61.4639,967
61.4667,1007
61.4694,1030
61.4722,1081
61.4750,1196
61.4778,1360
61.4806,1524
61.4833,1650
61.4861,1729
61.4889,1750
61.4917,1736
61.4944,1703
61.4972,1682
61.5000,1674
61.5028,1690
61.5056,1725
61.5083,1739
61.5111,1736
61.5139,1725
61.5167,1715
61.5194,1701
61.5222,1721
61.5250,1743
61.5278,1758
61.5306,1757
61.5333,1745
61.5361,1741
61.5389,1733
61.5417,1742
61.5444,1761
61.5472,1777
61.5500,1768
61.5528,1755
61.5556,1739
61.5583,1727
61.5611,1740
61.5639,1749
61.5667,1771
61.5694,1786
61.5722,1780
61.5750,1770
61.5778,1758
61.5806,1761
61.5833,1782
61.5861,1795
61.5889,1801
61.5917,1794
61.5944,1786
61.5972,1784
61.6000,1784
61.6028,1792
61.6056,1812
61.6083,1823
61.6111,1821
61.6139,1802
61.6167,1795
61.6194,1794
61.6222,1804
61.6250,1819
61.6278,1824
61.6306,1835
61.6333,1851
61.6361,1850
61.6389,1944
61.6417,1953
61.6444,1977
61.6472,1992
61.6500,2013
61.6528,2021
61.6556,2019
61.6583,2027
61.6611,2029
61.6639,2047
61.6667,2056
61.6694,2062
61.6722,2050
61.6750,2044
61.6778,2049
61.6806,2052
61.6833,2069
61.6861,2083
61.6889,2082
61.6917,2086
61.6944,2068
61.6972,2059
61.7000,2047
61.7028,2044
61.7056,2037
61.7083,2013
61.7111,1982
61.7139,1954
61.7167,1920
61.7194,1895
61.7222,1880
61.7250,1862
61.7278,1847
61.7306,1824
61.7333,1796
61.7361,1771
61.7389,1750
61.7417,1733
61.7444,1716
61.7472,1712
61.7500,1695
61.7528,1674
61.7556,1648
61.7583,1634
61.7611,1637
61.7639,1638
61.7667,1648
61.7694,1637
61.7722,1634
61.7750,1611
61.7778,1594
61.7806,1583
61.7833,1591
61.7861,1603
61.7889,1613
61.7917,1612
61.7944,1608
61.7972,1597
61.8000,1593
61.8028,1593
61.8056,1604
61.8083,1610
61.8111,1606
61.8139,1601
61.8167,1592
61.8194,1597
61.8222,1599
61.8250,1607
61.8278,1614
61.8306,1617
61.8333,1615
61.8361,1606
61.8389,1594
61.8417,1588
61.8444,1585
61.8472,1606
61.8500,1596
61.8528,1600
61.8556,1603
61.8583,1600
61.8611,1600
61.8639,1597
61.8667,1604
61.8694,1612
61.8722,1615
61.8750,1608
61.8778,1605
61.8806,1605
61.8833,1617
61.8861,1623
61.8889,1612
61.8917,1611
61.8944,1609
61.8972,1618
61.9000,1611
61.9028,1623
61.9056,1630
61.9083,1631
61.9111,1619
61.9139,1617
61.9167,1605
61.9194,1611
61.9222,1608
61.9250,1625
61.9278,1620
61.9306,1618
61.9333,1601
61.9361,1603
61.9389,1605
61.9417,1605
61.9444,1600
61.9472,1607
61.9500,1604
61.9528,1608
61.9556,1592
61.9583,1584
61.9611,1589
61.9639,1588
61.9667,1589
61.9694,1597
61.9722,1581
61.9750,1583
61.9778,1588
61.9806,1593
61.9833,1609
61.9861,1610
61.9889,1593
61.9917,1582
61.9944,1591
61.9972,1585
62.0000,1589
62.0028,1599
62.0056,1605
62.0083,1608
62.0111,1605
62.0139,1610
62.0167,1601
62.0194,1607
62.0222,1606
62.0250,1609
62.0278,1605
62.0306,1608
62.0333,1613
62.0361,1617
62.0389,1617
62.0417,1616
62.0444,1614
62.0472,1620
62.0500,1616
62.0528,1614
62.0556,1613
62.0583,1618
62.0611,1614
62.0639,1628
62.0667,1617
62.0694,1628
62.0722,1624
62.0750,1623
62.0778,1625
62.0806,1619
62.0833,1618
62.0861,1624
62.0889,1626
62.0917,1618
62.0944,1625
62.0972,1621
62.1000,1618
62.1028,1618
62.1056,1617
62.1083,1621
62.1111,1616
62.1139,1627
62.1167,1623
62.1194,1620
62.1222,1624
62.1250,1629
62.1278,1629
62.1306,1633
62.1333,1637
62.1361,1637
62.1389,1638
62.1417,1629
62.1444,1630
62.1472,1634
62.1500,1637
62.1528,1639
62.1556,1634
62.1583,1632
62.1611,1646
62.1639,1648
62.1667,1650
62.1694,1643
62.1722,1646
62.1750,1644
62.1778,1637
62.1806,1634
62.1833,1649
62.1861,1656
62.1889,1662
62.1917,1657
62.1944,1662
62.1972,1651
62.2000,1653
62.2028,1651
62.2056,1652
62.2083,1648
62.2111,1660
62.2139,1662
62.2167,1672
62.2194,1674
62.2222,1671
62.2250,1669
62.2278,1662
62.2306,1664
62.2333,1661
62.2361,1665
62.2389,1657
62.2417,1650
62.2444,1658
62.2472,1669
62.2500,1688
62.2528,1691
62.2556,1689
62.2583,1681
62.2611,1663
62.2639,1668
62.2667,1666
62.2694,1668
62.2722,1674
62.2750,1676
62.2778,1678
62.2806,1686
62.2833,1684
62.2861,1685
62.2889,1688
62.2917,1690
62.2944,1682
62.2972,1678
62.3000,1689
62.3028,1692
62.3056,1693
62.3083,1685
62.3111,1683
62.3139,1683
62.3167,1691
62.3194,1695
62.3222,1690
62.3250,1691
62.3278,1682
62.3306,1685
62.3333,1687
62.3361,1690
62.3389,1694
62.3417,1691
62.3444,1693
62.3472,1685
62.3500,1691
62.3528,1702
62.3556,1701
62.3583,1696
62.3611,1686
62.3639,1695
62.3667,1702
62.3694,1697
62.3722,1695
62.3750,1685
62.3778,1684
62.3806,1703
62.3833,1719
62.3861,1710
62.3889,1701
62.3917,1694
62.3944,1695
62.3972,1702
62.4000,1705
62.4028,1708
62.4056,1713
62.4083,1719
62.4111,1709
62.4139,1713
62.4167,1709
62.4194,1715
62.4222,1716
62.4250,1726
62.4278,1729
62.4306,1717
62.4333,1712
62.4361,1713
62.4389,1713
62.4417,1726
62.4444,1739
62.4472,1772
62.4500,1781
62.4528,1778
62.4556,1776
62.4583,1777
62.4611,1788
62.4639,1786
62.4667,1785
62.4694,1785
62.4722,1783
62.4750,1782
62.4778,1797
62.4806,1815
62.4833,1813
62.4861,1825
62.4889,1821
62.4917,1803
62.4944,1783
62.4972,1763
62.5000,1752
62.5028,1763
62.5056,1771
62.5083,1775
62.5111,1778
62.5139,1767
62.5167,1768
62.5194,1760
62.5222,1733
62.5250,1713
62.5278,1692
62.5306,1682
62.5333,1688
62.5361,1695
62.5389,1704
62.5417,1700
62.5444,1689
62.5472,1695
62.5500,1698
62.5528,1693
62.5556,1701
62.5583,1694
62.5611,1694
62.5639,1678
62.5667,1628
62.5694,1566
62.5722,1502
62.5750,1458
62.5778,1490
62.5806,1577
62.5833,1724
62.5861,1914
62.5889,2167
62.5917,2489
62.5944,2873
62.5972,3233
62.6000,3345
62.6028,3351
62.6056,3367
62.6083,3369
62.6111,3356
62.6139,3028
62.6167,2430
62.6194,1831
62.6222,1394
62.6250,1114
62.6278,967
62.6306,895
62.6333,852
62.6361,856
62.6389,899
62.6417,951
62.6444,1001
62.6472,1067
62.6500,1163
62.6528,1323
62.6556,1483
62.6583,1614
62.6611,1696
62.6639,1728
62.6667,1715
62.6694,1681
62.6722,1656
62.6750,1659
62.6778,1675
62.6806,1699
62.6833,1718
62.6861,1732
62.6889,1724
62.6917,1714
62.6944,1711
62.6972,1718
62.7000,1728
62.7028,1750
62.7056,1745
62.7083,1726
62.7111,1705
62.7139,1696
62.7167,1701
62.7194,1711
62.7222,1744
62.7250,1743
62.7278,1749
62.7306,1733
62.7333,1717
62.7361,1722
62.7389,1732
62.7417,1751
62.7444,1765
62.7472,1755
62.7500,1744
62.7528,1736
62.7556,1735
62.7583,1734
62.7611,1767
62.7639,1774
62.7667,1772
62.7694,1759
62.7722,1743
62.7750,1742
62.7778,1772
62.7806,1785
62.7833,1792
62.7861,1788
62.7889,1784
62.7917,1768
62.7944,1780
62.7972,1782
62.8000,1804
62.8028,1810
62.8056,1816
62.8083,1812
62.8111,1798
62.8139,1954
62.8167,1957
62.8194,1968
62.8222,1991
62.8250,1998
62.8278,2003
62.8306,2007
62.8333,2003
62.8361,2007
62.8389,2003
62.8417,2015
62.8444,2027
62.8472,2030
62.8500,2036
62.8528,2034
62.8556,2045
62.8583,2064
62.8611,2081
62.8639,2083
62.8667,2074
62.8694,2055
62.8722,2039
62.8750,2041
62.8778,2021
62.8806,2023
62.8833,1992
62.8861,1973
62.8889,1938
62.8917,1906
62.8944,1882
62.8972,1861
62.9000,1847
62.9028,1825
62.9056,1788
62.9083,1767
62.9111,1745
62.9139,1712
62.9167,1688
62.9194,1666
62.9222,1654
62.9250,1633
62.9278,1628
62.9306,1604
62.9333,1593
62.9361,1586
62.9389,1589
62.9417,1591
62.9444,1591
62.9472,1587
62.9500,1570
62.9528,1551
62.9556,1548
62.9583,1546
62.9611,1547
62.9639,1557
62.9667,1565
62.9694,1571
62.9722,1559
62.9750,1563
62.9778,1548
62.9806,1546
62.9833,1545
62.9861,1552
62.9889,1547
62.9917,1548
62.9944,1545
62.9972,1534
63.0000,1532
63.0028,1536
63.0056,1550
63.0083,1551
63.0111,1558
63.0139,1549
63.0167,1544
63.0194,1553
63.0222,1554
63.0250,1566
63.0278,1566
63.0306,1566
63.0333,1561
63.0361,1545
63.0389,1550
63.0417,1551
63.0444,1555
63.0472,1555
63.0500,1547
63.0528,1547
63.0556,1537
63.0583,1546
63.0611,1553
63.0639,1557
63.0667,1562
63.0694,1566
63.0722,1560
63.0750,1551
63.0778,1548
63.0806,1535
63.0833,1544
63.0861,1541
63.0889,1534
63.0917,1530
63.0944,1526
63.0972,1528
63.1000,1542
63.1028,1555
63.1056,1555
63.1083,1560
63.1111,1559
63.1139,1560
63.1167,1559
63.1194,1560
63.1222,1550
63.1250,1540
63.1278,1526
63.1306,1507
63.1333,1510
63.1361,1514
63.1389,1519
63.1417,1525
63.1444,1535
63.1472,1531
63.1500,1530
63.1528,1531
63.1556,1522
63.1583,1527
63.1611,1536
63.1639,1547
63.1667,1555
63.1694,1547
63.1722,1540
63.1750,1528
63.1778,1532
63.1806,1544
63.1833,1550
63.1861,1547
63.1889,1542
63.1917,1540
63.1944,1545
63.1972,1543
63.2000,1547
63.2028,1552
63.2056,1549
63.2083,1559
63.2111,1556
63.2139,1555
63.2167,1556
63.2194,1557
63.2222,1556
63.2250,1553
63.2278,1561
63.2306,1568
63.2333,1571
63.2361,1574
63.2389,1571
63.2417,1564
63.2444,1562
63.2472,1558
63.2500,1555
63.2528,1559
63.2556,1556
63.2583,1554
63.2611,1567
63.2639,1585
63.2667,1583
63.2694,1590
63.2722,1584
63.2750,1589
63.2778,1591
63.2806,1590
63.2833,1598
63.2861,1601
63.2889,1605
63.2917,1598
63.2944,1595
63.2972,1577
63.3000,1566
63.3028,1568
63.3056,1566
63.3083,1576
63.3111,1600
63.3139,1615
63.3167,1620
63.3194,1635
63.3222,1621
63.3250,1605
63.3278,1597
63.3306,1592
63.3333,1594
63.3361,1592
63.3389,1597
63.3417,1603
63.3444,1608
63.3472,1620
63.3500,1623
63.3528,1630
63.3556,1628
63.3583,1616
63.3611,1614
63.3639,1607
63.3667,1602
63.3694,1587
63.3722,1590
63.3750,1594
63.3778,1606
63.3806,1615
63.3833,1600
63.3861,1609
63.3889,1606
63.3917,1609
63.3944,1616
63.3972,1622
63.4000,1626
63.4028,1629
63.4056,1628
63.4083,1634
63.4111,1629
63.4139,1623
63.4167,1622
63.4194,1613
63.4222,1618
63.4250,1631
63.4278,1621
63.4306,1623
63.4333,1620
63.4361,1634
63.4389,1634
63.4417,1634
63.4444,1652
63.4472,1654
63.4500,1654
63.4528,1637
63.4556,1629
63.4583,1631
63.4611,1627
63.4639,1623
63.4667,1633
63.4694,1629
63.4722,1630
63.4750,1633
63.4778,1647
63.4806,1644
63.4833,1649
63.4861,1649
63.4889,1653
63.4917,1645
63.4944,1640
63.4972,1642
63.5000,1634
63.5028,1633
63.5056,1638
63.5083,1639
63.5111,1648
63.5139,1649
63.5167,1662
63.5194,1654
63.5222,1656
63.5250,1650
63.5278,1646
63.5306,1637
63.5333,1635
63.5361,1638
63.5389,1634
63.5417,1635
63.5444,1637
63.5472,1652
63.5500,1659
63.5528,1671
63.5556,1678
63.5583,1685
63.5611,1689
63.5639,1680
63.5667,1675
63.5694,1681
63.5722,1677
63.5750,1667
63.5778,1662
63.5806,1662
63.5833,1668
63.5861,1692
63.5889,1695
63.5917,1696
63.5944,1706
63.5972,1700
63.6000,1710
63.6028,1715
63.6056,1727
63.6083,1732
63.6111,1725
63.6139,1716
63.6167,1709
63.6194,1715
63.6222,1730
63.6250,1750
63.6278,1761
63.6306,1756
63.6333,1760
63.6361,1755
63.6389,1759
63.6417,1780
63.6444,1788
63.6472,1803
63.6500,1800
63.6528,1772
63.6556,1758
63.6583,1744
63.6611,1726
63.6639,1720
63.6667,1731
63.6694,1748
63.6722,1756
63.6750,1763
63.6778,1745
63.6806,1718
63.6833,1690
63.6861,1677
63.6889,1660
63.6917,1657
63.6944,1650
63.6972,1640
63.7000,1648
63.7028,1650
63.7056,1657
63.7083,1661
63.7111,1655
63.7139,1649
63.7167,1644
63.7194,1629
63.7222,1635
63.7250,1609
63.7278,1542
63.7306,1462
63.7333,1429
63.7361,1445
63.7389,1528
63.7417,1678
63.7444,1858
63.7472,2094
63.7500,2403
63.7528,2755
63.7556,3102
63.7583,3344
63.7611,3357
63.7639,3371
63.7667,3367
63.7694,3292
63.7722,2891
63.7750,2349
63.7778,1821
63.7806,1453
63.7833,1241
63.7861,1121
63.7889,1045
63.7917,989
63.7944,954
63.7972,931
63.8000,943
63.8028,945
63.8056,962
63.8083,1016
63.8111,1131
63.8139,1302
63.8167,1467
63.8194,1602
63.8222,1661
63.8250,1677
63.8278,1670
63.8306,1651
63.8333,1650
63.8361,1650
63.8389,1646
63.8417,1648
63.8444,1651
63.8472,1653
63.8500,1654
63.8528,1659
63.8556,1664
63.8583,1679
63.8611,1687
63.8639,1683
63.8667,1678
63.8694,1663
63.8722,1670
63.8750,1682
63.8778,1710
63.8806,1723
63.8833,1721
63.8861,1705
63.8889,1702
63.8917,1701
63.8944,1697
63.8972,1705
63.9000,1708
63.9028,1704
63.9056,1711
63.9083,1714
63.9111,1716
63.9139,1733
63.9167,1749
63.9194,1758
63.9222,1753
63.9250,1737
63.9278,1715
63.9306,1713
63.9333,1713
63.9361,1727
63.9389,1743
63.9417,1764
63.9444,1765
63.9472,1760
63.9500,1759
63.9528,1769
63.9556,1770
63.9583,1794
63.9611,1806
63.9639,1805
63.9667,1792
63.9694,1803
63.9722,1927
63.9750,1925
63.9778,1930
63.9806,1949
63.9833,1964
63.9861,1973
63.9889,1960
63.9917,1966
63.9944,1980
63.9972,2005
64.0000,2020
64.0028,2034
64.0056,2032
64.0083,2027
64.0111,2022
64.0139,2025
64.0167,2035
64.0194,2046
64.0222,2044
64.0250,2043
64.0278,2044
64.0306,2035
64.0333,2032
64.0361,2013
64.0389,1994
64.0417,1976
64.0444,1960
64.0472,1929
64.0500,1907
64.0528,1876
64.0556,1867
64.0583,1857
64.0611,1836
64.0639,1822
64.0667,1790
64.0694,1765
64.0722,1734
64.0750,1714
64.0778,1700
64.0806,1700
64.0833,1685
64.0861,1655
64.0889,1633
64.0917,1624
64.0944,1626
64.0972,1640
64.1000,1653
64.1028,1651
64.1056,1651
64.1083,1632
64.1111,1621
64.1139,1613
64.1167,1621
64.1194,1624
64.1222,1651
64.1250,1630
64.1278,1630
64.1306,1610
64.1333,1594
64.1361,1593
64.1389,1599
64.1417,1593
64.1444,1594
64.1472,1592
64.1500,1602
64.1528,1611
64.1556,1621
64.1583,1620
64.1611,1614
64.1639,1609
64.1667,1612
64.1694,1619
64.1722,1616
64.1750,1616
64.1778,1610
64.1806,1602
64.1833,1598
64.1861,1599
64.1889,1597
64.1917,1599
64.1944,1595
64.1972,1599
64.2000,1595
64.2028,1592
64.2056,1595
64.2083,1598
64.2111,1604
64.2139,1600
64.2167,1597
64.2194,1594
64.2222,1604
64.2250,1620
64.2278,1632
64.2306,1627
64.2333,1615
64.2361,1606
64.2389,1592
64.2417,1590
64.2444,1597
64.2472,1600
64.2500,1599
64.2528,1607
64.2556,1609
64.2583,1608
64.2611,1606
64.2639,1612
64.2667,1596
64.2694,1570
64.2722,1550
64.2750,1549
64.2778,1559
64.2806,1577
64.2833,1595
64.2861,1604
64.2889,1606
64.2917,1609
64.2944,1613
64.2972,1614
64.3000,1631
64.3028,1634
64.3056,1627
64.3083,1610
64.3111,1591
64.3139,1572
64.3167,1573
64.3194,1584
64.3222,1594
64.3250,1585
64.3278,1581
64.3306,1566
64.3333,1568
64.3361,1574
64.3389,1588
64.3417,1603
64.3444,1621
64.3472,1628
64.3500,1619
64.3528,1612
64.3556,1602
64.3583,1588
64.3611,1587
64.3639,1579
64.3667,1591
64.3694,1602
64.3722,1616
64.3750,1615
64.3778,1609
64.3806,1597
64.3833,1611
64.3861,1621
64.3889,1630
64.3917,1636
64.3944,1627
64.3972,1628
64.4000,1638
64.4028,1628
64.4056,1623
64.4083,1608
64.4111,1616
64.4139,1634
64.4167,1644
64.4194,1621
64.4222,1609
64.4250,1594
64.4278,1602
64.4306,1629
64.4333,1647
64.4361,1663
64.4389,1663
64.4417,1670
64.4444,1668
64.4472,1661
64.4500,1657
64.4528,1664
64.4556,1653
64.4583,1645
64.4611,1649
64.4639,1649
64.4667,1648
64.4694,1654
64.4722,1651
64.4750,1670
64.4778,1666
64.4806,1679
64.4833,1677
64.4861,1681
64.4889,1676
64.4917,1677
64.4944,1689
64.4972,1688
64.5000,1688
64.5028,1670
64.5056,1676
64.5083,1678
64.5111,1681
64.5139,1705
64.5167,1714
64.5194,1718
64.5222,1709
64.5250,1701
64.5278,1697
64.5306,1684
64.5333,1691
64.5361,1688
64.5389,1695
64.5417,1701
64.5444,1712
64.5472,1723
64.5500,1726
64.5528,1719
64.5556,1711
64.5583,1708
64.5611,1697
64.5639,1711
64.5667,1713
64.5694,1737
64.5722,1733
64.5750,1729
64.5778,1723
64.5806,1722
64.5833,1716
64.5861,1728
64.5889,1714
64.5917,1716
64.5944,1721
64.5972,1711
64.6000,1723
64.6028,1744
64.6056,1753
64.6083,1750
64.6111,1749
64.6139,1758
64.6167,1753
64.6194,1744
64.6222,1753
64.6250,1756
64.6278,1759
64.6306,1759
64.6333,1756
64.6361,1750
64.6389,1745
64.6417,1749
64.6444,1757
64.6472,1757
64.6500,1768
64.6528,1764
64.6556,1778
64.6583,1784
64.6611,1780
64.6639,1777
64.6667,1774
64.6694,1775
64.6722,1781
64.6750,1771
64.6778,1778
64.6806,1786
64.6833,1790
64.6861,1798
64.6889,1816
64.6917,1833
64.6944,1847
64.6972,1847
64.7000,1859
64.7028,1854
64.7056,1847
64.7083,1842
64.7111,1843
64.7139,1845
64.7167,1855
64.7194,1859
64.7222,1853
64.7250,1842
64.7278,1852
64.7306,1855
64.7333,1868
64.7361,1865
64.7389,1868
64.7417,1857
64.7444,1833
64.7472,1814
64.7500,1804
64.7528,1797
64.7556,1792
64.7583,1803
64.7611,1830
64.7639,1843
64.7667,1846
64.7694,1819
64.7722,1796
64.7750,1782
64.7778,1771
64.7806,1767
64.7833,1753
64.7861,1752
64.7889,1754
64.7917,1757
64.7944,1768
64.7972,1771
64.8000,1769
64.8028,1762
64.8056,1759
64.8083,1756
64.8111,1731
64.8139,1695
64.8167,1627
64.8194,1580
64.8222,1578
64.8250,1636
64.8278,1746
64.8306,1896
64.8333,2112
64.8361,2390
64.8389,2740
64.8417,3119
64.8444,3354
64.8472,3363
64.8500,3370
64.8528,3373
64.8556,3363
64.8583,3311
64.8611,2887
64.8639,2293
64.8667,1773
64.8694,1420
64.8722,1227
64.8750,1130
64.8778,1083
64.8806,1064
64.8833,1055
64.8861,1066
64.8889,1080
64.8917,1104
64.8944,1144
64.8972,1246
64.9000,1410
64.9028,1589
64.9056,1721
64.9083,1803
64.9111,1827
64.9139,1818
64.9167,1784
64.9194,1767
64.9222,1762
64.9250,1776
64.9278,1805
64.9306,1823
64.9333,1823
64.9361,1812
64.9389,1802
64.9417,1806
64.9444,1814
64.9472,1840
64.9500,1836
64.9528,1840
64.9556,1816
64.9583,1793
64.9611,1790
64.9639,1809
64.9667,1811
64.9694,1834
64.9722,1832
64.9750,1824
64.9778,1819
64.9806,1826
64.9833,1829
64.9861,1846
64.9889,1856
64.9917,1860
64.9944,1846
64.9972,1840
65.0000,1831
65.0028,1836
65.0056,1837
65.0083,1854
65.0111,1858
65.0139,1848
65.0167,1834
65.0194,1831
65.0222,1835
65.0250,1850
65.0278,1862
65.0306,1870
65.0333,1869
65.0361,1853
65.0389,1836
65.0417,1840
65.0444,1855
65.0472,1870
65.0500,1883
65.0528,1889
65.0556,1877
65.0583,1878
65.0611,2027
65.0639,2026
65.0667,2043
65.0694,2069
65.0722,2075
65.0750,2068
65.0778,2071
65.0806,2074
65.0833,2081
65.0861,2096
65.0889,2123
65.0917,2136
65.0944,2139
65.0972,2126
65.1000,2118
65.1028,2111
65.1056,2124
65.1083,2140
65.1111,2147
65.1139,2134
65.1167,2115
65.1194,2104
65.1222,2081
65.1250,2068
65.1278,2054
65.1306,2042
65.1333,2030
65.1361,1992
65.1389,1956
65.1417,1927
65.1444,1907
65.1472,1882
65.1500,1866
65.1528,1840
65.1556,1814
65.1583,1787
65.1611,1758
65.1639,1740
65.1667,1737
65.1694,1727
65.1722,1721
65.1750,1701
65.1778,1687
65.1806,1674
65.1833,1674
65.1861,1657
65.1889,1659
65.1917,1652
65.1944,1642
65.1972,1636
65.2000,1636
65.2028,1636
65.2056,1641
65.2083,1646
65.2111,1644
65.2139,1634
65.2167,1629
65.2194,1620
65.2222,1616
65.2250,1608
65.2278,1621
65.2306,1630
65.2333,1645
65.2361,1656
65.2389,1647
65.2417,1643
65.2444,1646
65.2472,1647
65.2500,1637
65.2528,1641
65.2556,1628
65.2583,1626
65.2611,1618
65.2639,1620
65.2667,1629
65.2694,1641
65.2722,1639
65.2750,1633
65.2778,1637
65.2806,1626
65.2833,1633
65.2861,1640
65.2889,1650
65.2917,1649
65.2944,1648
65.2972,1637
65.3000,1636
65.3028,1631
65.3056,1630
65.3083,1626
65.3111,1622
65.3139,1626
65.3167,1629
65.3194,1632
65.3222,1632
65.3250,1632
65.3278,1636
65.3306,1622
65.3333,1618
65.3361,1615
65.3389,1616
65.3417,1603
65.3444,1608
65.3472,1616
65.3500,1613
65.3528,1612
65.3556,1600
65.3583,1596
65.3611,1596
65.3639,1598
65.3667,1609
65.3694,1605
65.3722,1595
65.3750,1600
65.3778,1598
65.3806,1590
65.3833,1598
65.3861,1596
65.3889,1602
65.3917,1599
65.3944,1614
65.3972,1614
65.4000,1605
65.4028,1599
65.4056,1603
65.4083,1606
65.4111,1605
65.4139,1600
65.4167,1594
65.4194,1591
65.4222,1594
65.4250,1598
65.4278,1603
65.4306,1607
65.4333,1607
65.4361,1610
65.4389,1604
65.4417,1605
65.4444,1602
65.4472,1591
65.4500,1592
65.4528,1584
65.4556,1587
65.4583,1592
65.4611,1601
65.4639,1607
65.4667,1615
65.4694,1631
65.4722,1629
65.4750,1610
65.4778,1614
65.4806,1601
65.4833,1595
65.4861,1601
65.4889,1593
65.4917,1610
65.4944,1614
65.4972,1621
65.5000,1620
65.5028,1616
65.5056,1611
65.5083,1616
65.5111,1604
65.5139,1610
65.5167,1614
65.5194,1620
65.5222,1622
65.5250,1634
65.5278,1637
65.5306,1622
65.5333,1612
65.5361,1608
65.5389,1602
65.5417,1611
65.5444,1621
65.5472,1630
65.5500,1641
65.5528,1634
65.5556,1641
65.5583,1630
65.5611,1628
65.5639,1637
65.5667,1630
65.5694,1632
65.5722,1629
65.5750,1623
65.5778,1623
65.5806,1617
65.5833,1616
65.5861,1630
65.5889,1635
65.5917,1645
65.5944,1644
65.5972,1649
65.6000,1646
65.6028,1642
65.6056,1644
65.6083,1643
65.6111,1652
65.6139,1653
65.6167,1653
65.6194,1642
65.6222,1636
65.6250,1636
65.6278,1658
65.6306,1663
65.6333,1670
65.6361,1672
65.6389,1662
65.6417,1659
65.6444,1652
65.6472,1655
65.6500,1642
65.6528,1634
65.6556,1630
65.6583,1634
65.6611,1645
65.6639,1649
65.6667,1653
65.6694,1657
65.6722,1652
65.6750,1648
65.6778,1643
65.6806,1646
65.6833,1643
65.6861,1651
65.6889,1649
65.6917,1644
65.6944,1644
65.6972,1634
65.7000,1630
65.7028,1638
65.7056,1646
65.7083,1647
65.7111,1643
65.7139,1649
65.7167,1644
65.7194,1647
65.7222,1651
65.7250,1645
65.7278,1655
65.7306,1658
65.7333,1651
65.7361,1647
65.7389,1664
65.7417,1658
65.7444,1641
65.7472,1638
65.7500,1646
65.7528,1657
65.7556,1672
65.7583,1681
65.7611,1679
65.7639,1677
65.7667,1676
65.7694,1675
65.7722,1681
65.7750,1677
65.7778,1676
65.7806,1668
65.7833,1676
65.7861,1662
65.7889,1673
65.7917,1677
65.7944,1679
65.7972,1686
65.8000,1701
65.8028,1701
65.8056,1703
65.8083,1704
65.8111,1688
65.8139,1681
65.8167,1671
65.8194,1677
65.8222,1676
65.8250,1670
65.8278,1669
65.8306,1676
65.8333,1670
65.8361,1680
65.8389,1677
65.8417,1682
65.8444,1697
65.8472,1696
65.8500,1698
65.8528,1689
65.8556,1673
65.8583,1662
65.8611,1660
65.8639,1663
65.8667,1669
65.8694,1666
65.8722,1642
65.8750,1603
65.8778,1557
65.8806,1545
65.8833,1579
65.8861,1630
65.8889,1685
65.8917,1730
65.8944,1753
65.8972,1771
65.9000,1777
65.9028,1780
65.9056,1791
65.9083,1777
65.9111,1777
65.9139,1791
65.9167,1791
65.9194,1791
65.9222,1785
65.9250,1787
65.9278,1783
65.9306,1781
65.9333,1779
65.9361,1776
65.9389,1777
65.9417,1786
65.9444,1791
65.9472,1802
65.9500,1804
65.9528,1821
65.9556,1828
65.9583,1843
65.9611,1830
65.9639,1815
65.9667,1799
65.9694,1798
65.9722,1812
65.9750,1828
65.9778,1836
65.9806,1842
65.9833,1852
65.9861,1857
65.9889,1861
65.9917,1855
65.9944,1842
65.9972,1811
66.0000,1803
66.0028,1787
66.0056,1770
66.0083,1765
66.0111,1777
66.0139,1787
66.0167,1777
66.0194,1784
66.0222,1769
66.0250,1749
66.0278,1743
66.0306,1729
66.0333,1719
66.0361,1703
66.0389,1694
66.0417,1692
66.0444,1690
66.0472,1681
66.0500,1668
66.0528,1661
66.0556,1664
66.0583,1689
66.0611,1697
66.0639,1696
66.0667,1671
66.0694,1617
66.0722,1554
66.0750,1480
66.0778,1462
66.0806,1493
66.0833,1592
66.0861,1743
66.0889,1945
66.0917,2209
66.0944,2547
66.0972,2943
66.1000,3282
66.1028,3362
66.1056,3355
66.1083,3375
66.1111,3367
66.1139,3324
66.1167,2895
66.1194,2263
66.1222,1664
66.1250,1247
66.1278,999
66.1306,890
66.1333,841
66.1361,832
66.1389,861
66.1417,904
66.1444,957
66.1472,1000
66.1500,1073
66.1528,1198
66.1556,1366
66.1583,1511
66.1611,1611
66.1639,1667
66.1667,1696
66.1694,1686
66.1722,1657
66.1750,1633
66.1778,1636
66.1806,1643
66.1833,1668
66.1861,1683
66.1889,1685
66.1917,1676
66.1944,1659
66.1972,1654
66.2000,1665
66.2028,1693
66.2056,1704
66.2083,1705
66.2111,1696
66.2139,1695
66.2167,1695
66.2194,1695
66.2222,1700
66.2250,1717
66.2278,1705
66.2306,1697
66.2333,1690
66.2361,1694
66.2389,1705
66.2417,1718
66.2444,1733
66.2472,1735
66.2500,1721
66.2528,1721
66.2556,1713
66.2583,1721
66.2611,1730
66.2639,1742
66.2667,1748
66.2694,1747
66.2722,1743
66.2750,1730
66.2778,1727
66.2806,1739
66.2833,1748
66.2861,1765
66.2889,1766
66.2917,1753
66.2944,1750
66.2972,1748
66.3000,1758
66.3028,1787
66.3056,1799
66.3083,1802
66.3111,1797
66.3139,1786
66.3167,1936
66.3194,1940
66.3222,1964
66.3250,1975
66.3278,1989
66.3306,1978
66.3333,1987
66.3361,1995
66.3389,2002
66.3417,2019
66.3444,2039
66.3472,2036
66.3500,2047
66.3528,2042
66.3556,2038
66.3583,2044
66.3611,2057
66.3639,2081
66.3667,2073
66.3694,2058
66.3722,2037
66.3750,2015
66.3778,2002
66.3806,1993
66.3833,1996
66.3861,1981
66.3889,1957
66.3917,1923
66.3944,1889
66.3972,1853
66.4000,1822
66.4028,1813
66.4056,1801
66.4083,1771
66.4111,1736
66.4139,1703
66.4167,1694
66.4194,1671
66.4222,1659
66.4250,1659
66.4278,1646
66.4306,1630
66.4333,1608
66.4361,1587
66.4389,1574
66.4417,1572
66.4444,1575
66.4472,1579
66.4500,1571
66.4528,1575
66.4556,1564
66.4583,1564
66.4611,1560
66.4639,1571
66.4667,1569
66.4694,1570
66.4722,1563
66.4750,1554
66.4778,1550
66.4806,1554
66.4833,1571
66.4861,1582
66.4889,1588
66.4917,1577
66.4944,1572
66.4972,1572
66.5000,1573
66.5028,1583
66.5056,1599
66.5083,1601
66.5111,1595
66.5139,1589
66.5167,1589
66.5194,1583
66.5222,1581
66.5250,1592
66.5278,1596
66.5306,1595
66.5333,1581
66.5361,1582
66.5389,1601
66.5417,1606
66.5444,1615
66.5472,1620
66.5500,1612
66.5528,1591
66.5556,1592
66.5583,1595
66.5611,1597
66.5639,1600
66.5667,1610
66.5694,1608
66.5722,1599
66.5750,1591
66.5778,1583
66.5806,1580
66.5833,1583
66.5861,1585
66.5889,1584
66.5917,1582
66.5944,1580
66.5972,1581
66.6000,1582
66.6028,1582
66.6056,1596
66.6083,1595
66.6111,1589
66.6139,1580
66.6167,1573
66.6194,1568
66.6222,1572
66.6250,1573
66.6278,1585
66.6306,1584
66.6333,1585
66.6361,1587
66.6389,1581
66.6417,1578
66.6444,1577
66.6472,1579
66.6500,1574
66.6528,1578
66.6556,1573
66.6583,1572
66.6611,1574
66.6639,1583
66.6667,1575
66.6694,1567
66.6722,1568
66.6750,1561
66.6778,1568
66.6806,1570
66.6833,1584
66.6861,1580
66.6889,1581
66.6917,1578
66.6944,1567
66.6972,1568
66.7000,1568
66.7028,1574
66.7056,1581
66.7083,1579
66.7111,1576
66.7139,1575
66.7167,1568
66.7194,1567
66.7222,1563
66.7250,1568
66.7278,1573
66.7306,1574
66.7333,1566
66.7361,1566
66.7389,1558
66.7417,1559
66.7444,1560
66.7472,1570
66.7500,1572
66.7528,1579
66.7556,1584
66.7583,1583
66.7611,1586
66.7639,1586
66.7667,1581
66.7694,1576
66.7722,1573
66.7750,1577
66.7778,1588
66.7806,1595
66.7833,1606
66.7861,1604
66.7889,1592
66.7917,1582
66.7944,1567
66.7972,1573
66.8000,1582
66.8028,1598
66.8056,1602
66.8083,1605
66.8111,1599
66.8139,1587
66.8167,1579
66.8194,1572
66.8222,1582
66.8250,1589
66.8278,1598
66.8306,1606
66.8333,1610
66.8361,1605
66.8389,1590
66.8417,1596
66.8444,1602
66.8472,1617
66.8500,1618
66.8528,1626
66.8556,1628
66.8583,1616
66.8611,1623
66.8639,1614
66.8667,1613
66.8694,1619
66.8722,1624
66.8750,1616
66.8778,1631
66.8806,1635
66.8833,1638
66.8861,1621
66.8889,1626
66.8917,1625
66.8944,1633
66.8972,1631
66.9000,1630
66.9028,1632
66.9056,1632
66.9083,1630
66.9111,1638
66.9139,1629
66.9167,1628
66.9194,1621
66.9222,1618
66.9250,1619
66.9278,1634
66.9306,1629
66.9333,1628
66.9361,1633
66.9389,1631
66.9417,1639
66.9444,1642
66.9472,1640
66.9500,1643
66.9528,1638
66.9556,1636
66.9583,1625
66.9611,1621
66.9639,1625
66.9667,1629
66.9694,1631
66.9722,1623
66.9750,1632
66.9778,1649
66.9806,1656
66.9833,1659
66.9861,1663
66.9889,1653
66.9917,1638
66.9944,1638
66.9972,1637
67.0000,1636
67.0028,1632
67.0056,1634
67.0083,1626
67.0111,1627
67.0139,1629
67.0167,1636
67.0194,1645
67.0222,1658
67.0250,1666
67.0278,1665
67.0306,1660
67.0333,1648
67.0361,1634
67.0389,1648
67.0417,1645
67.0444,1650
67.0472,1658
67.0500,1654
67.0528,1644
67.0556,1650
67.0583,1653
67.0611,1653
67.0639,1658
67.0667,1645
67.0694,1644
67.0722,1640
67.0750,1647
67.0778,1657
67.0806,1663
67.0833,1657
67.0861,1648
67.0889,1648
67.0917,1671
67.0944,1672
67.0972,1666
67.1000,1665
67.1028,1657
67.1056,1658
67.1083,1667
67.1111,1670
67.1139,1681
67.1167,1683
67.1194,1682
67.1222,1682
67.1250,1671
67.1278,1662
67.1306,1673
67.1333,1678
67.1361,1692
67.1389,1680
67.1417,1676
67.1444,1670
67.1472,1664
67.1500,1665
67.1528,1662
67.1556,1667
67.1583,1676
67.1611,1677
67.1639,1679
67.1667,1686
67.1694,1684
67.1722,1691
67.1750,1680
67.1778,1685
67.1806,1677
67.1833,1676
67.1861,1685
67.1889,1681
67.1917,1682
67.1944,1690
67.1972,1682
67.2000,1686
67.2028,1681
67.2056,1688
67.2083,1697
67.2111,1688
67.2139,1697
67.2167,1709
67.2194,1728
67.2222,1751
67.2250,1767
67.2278,1774
67.2306,1791
67.2333,1776
67.2361,1780
67.2389,1767
67.2417,1767
67.2444,1773
67.2472,1790
67.2500,1816
67.2528,1831
67.2556,1851
67.2583,1857
67.2611,1855
67.2639,1839
67.2667,1822
67.2694,1782
67.2722,1756
67.2750,1743
67.2778,1747
67.2806,1749
67.2833,1761
67.2861,1775
67.2889,1780
67.2917,1764
67.2944,1738
67.2972,1714
67.3000,1697
67.3028,1683
67.3056,1682
67.3083,1681
67.3111,1678
67.3139,1677
67.3167,1676
67.3194,1687
67.3222,1697
67.3250,1687
67.3278,1683
67.3306,1672
67.3333,1657
67.3361,1643
67.3389,1603
67.3417,1544
67.3444,1476
67.3472,1468
67.3500,1526
67.3528,1629
67.3556,1773
67.3583,1979
67.3611,2245
67.3639,2564
67.3667,2948
67.3694,3277
67.3722,3352
67.3750,3372
67.3778,3372
67.3806,3362
67.3833,3223
67.3861,2736
67.3889,2147
67.3917,1633
67.3944,1315
67.3972,1136
67.4000,1058
67.4028,1006
67.4056,972
67.4083,950
67.4111,957
67.4139,968
67.4167,987
67.4194,1035
67.4222,1138
67.4250,1283
67.4278,1450
67.4306,1582
67.4333,1676
67.4361,1706
67.4389,1707
67.4417,1692
67.4444,1671
67.4472,1661
67.4500,1674
67.4528,1682
67.4556,1698
67.4583,1703
67.4611,1700
67.4639,1693
67.4667,1708
67.4694,1707
67.4722,1718
67.4750,1726
67.4778,1721
67.4806,1723
67.4833,1718
67.4861,1720
67.4889,1734
67.4917,1754
67.4944,1764
67.4972,1754
67.5000,1743
67.5028,1725
67.5056,1706
67.5083,1724
67.5111,1736
67.5139,1753
67.5167,1771
67.5194,1771
67.5222,1768
67.5250,1768
67.5278,1777
67.5306,1781
67.5333,1786
67.5361,1779
67.5389,1769
67.5417,1760
67.5444,1771
67.5472,1775
67.5500,1786
67.5528,1804
67.5556,1808
67.5583,1792
67.5611,1779
67.5639,1780
67.5667,1779
67.5694,1783
67.5722,1802
67.5750,1816
67.5778,1819
67.5806,1813
67.5833,1806
67.5861,1962
67.5889,1964
67.5917,1989
67.5944,2005
67.5972,2016
67.6000,2015
67.6028,2013
67.6056,2013
67.6083,2023
67.6111,2040
67.6139,2053
67.6167,2057
67.6194,2066
67.6222,2068
67.6250,2074
67.6278,2076
67.6306,2083
67.6333,2085
67.6361,2088
67.6389,2086
67.6417,2068
67.6444,2059
67.6472,2042
67.6500,2024
67.6528,2016
67.6556,2001
67.6583,1965
67.6611,1935
67.6639,1920
67.6667,1908
67.6694,1899
67.6722,1886
67.6750,1862
67.6778,1831
67.6806,1804
67.6833,1778
67.6861,1754
67.6889,1743
67.6917,1727
67.6944,1718
67.6972,1703
67.7000,1682
67.7028,1666
67.7056,1643
67.7083,1643
67.7111,1637
67.7139,1646
67.7167,1646
67.7194,1645
67.7222,1633
67.7250,1615
67.7278,1596
67.7306,1589
67.7333,1596
67.7361,1614
67.7389,1611
67.7417,1615
67.7444,1622
67.7472,1625
67.7500,1621
67.7528,1622
67.7556,1626
67.7583,1619
67.7611,1601
67.7639,1587
67.7667,1588
67.7694,1600
67.7722,1609
67.7750,1623
67.7778,1628
67.7806,1626
67.7833,1625
67.7861,1623
67.7889,1627
67.7917,1649
67.7944,1650
67.7972,1651
67.8000,1651
67.8028,1653
67.8056,1650
67.8083,1647
67.8111,1640
67.8139,1648
67.8167,1653
67.8194,1653
67.8222,1660
67.8250,1666
67.8278,1656
67.8306,1662
67.8333,1664
67.8361,1670
67.8389,1662
67.8417,1647
67.8444,1649
67.8472,1647
67.8500,1652
67.8528,1651
67.8556,1659
67.8583,1659
67.8611,1658
67.8639,1656
67.8667,1651
67.8694,1638
67.8722,1633
67.8750,1635
67.8778,1649
67.8806,1663
67.8833,1659
67.8861,1659
67.8889,1655
67.8917,1660
67.8944,1658
67.8972,1654
67.9000,1647
67.9028,1632
67.9056,1636
67.9083,1644
67.9111,1650
67.9139,1657
67.9167,1654
67.9194,1656
67.9222,1642
67.9250,1655
67.9278,1656
67.9306,1663
67.9333,1659
67.9361,1659
67.9389,1650
67.9417,1654
67.9444,1641
67.9472,1647
67.9500,1651
67.9528,1666
67.9556,1668
67.9583,1660
67.9611,1666
67.9639,1651
67.9667,1662
67.9694,1654
67.9722,1657
67.9750,1657
67.9778,1658
67.9806,1662
67.9833,1669
67.9861,1665
67.9889,1668
67.9917,1671
67.9944,1680
67.9972,1684
68.0000,1684
68.0028,1669
68.0056,1660
68.0083,1655
68.0111,1645
68.0139,1646
68.0167,1651
68.0194,1665
68.0222,1661
68.0250,1669
68.0278,1678
68.0306,1679
68.0333,1666
68.0361,1681
68.0389,1675
68.0417,1666
68.0444,1674
68.0472,1685
68.0500,1692
68.0528,1704
68.0556,1704
68.0583,1697
68.0611,1697
68.0639,1687
68.0667,1687
68.0694,1691
68.0722,1701
68.0750,1698
68.0778,1698
68.0806,1700
68.0833,1710
68.0861,1713
68.0889,1711
68.0917,1698
68.0944,1694
68.0972,1694
68.1000,1687
68.1028,1697
68.1056,1697
68.1083,1705
68.1111,1699
68.1139,1691
68.1167,1691
68.1194,1689
68.1222,1699
68.1250,1710
68.1278,1724
68.1306,1717
68.1333,1722
68.1361,1724
68.1389,1722
68.1417,1715
68.1444,1712
68.1472,1720
68.1500,1724
68.1528,1725
68.1556,1718
68.1583,1709
68.1611,1704
68.1639,1698
68.1667,1703
68.1694,1708
68.1722,1704
68.1750,1718
68.1778,1721
68.1806,1722
68.1833,1721
68.1861,1718
68.1889,1727
68.1917,1724
68.1944,1722
68.1972,1717
68.2000,1716
68.2028,1715
68.2056,1715
68.2083,1721
68.2111,1724
68.2139,1732
68.2167,1733
68.2194,1736
68.2222,1732
68.2250,1722
68.2278,1714
68.2306,1719
68.2333,1737
68.2361,1749
68.2389,1743
68.2417,1734
68.2444,1733
68.2472,1726
68.2500,1725
68.2528,1730
68.2556,1734
68.2583,1735
68.2611,1732
68.2639,1742
68.2667,1744
68.2694,1743
68.2722,1745
68.2750,1736
68.2778,1749
68.2806,1752
68.2833,1744
68.2861,1744
68.2889,1743
68.2917,1735
68.2944,1749
68.2972,1753
68.3000,1749
68.3028,1745
68.3056,1735
68.3083,1748
68.3111,1746
68.3139,1752
68.3167,1751
68.3194,1752
68.3222,1757
68.3250,1755
68.3278,1752
68.3306,1760
68.3333,1762
68.3361,1756
68.3389,1762
68.3417,1760
68.3444,1755
68.3472,1749
68.3500,1736
68.3528,1741
68.3556,1751
68.3583,1756
68.3611,1755
68.3639,1763
68.3667,1764
68.3694,1772
68.3722,1765
68.3750,1760
68.3778,1758
68.3806,1767
68.3833,1774
68.3861,1782
68.3889,1781
68.3917,1781
68.3944,1774
68.3972,1758
68.4000,1758
68.4028,1767
68.4056,1771
68.4083,1788
68.4111,1781
68.4139,1773
68.4167,1770
68.4194,1763
68.4222,1764
68.4250,1766
68.4278,1761
68.4306,1773
68.4333,1771
68.4361,1767
68.4389,1768
68.4417,1763
68.4444,1753
68.4472,1762
68.4500,1776
68.4528,1789
68.4556,1799
68.4583,1815
68.4611,1821
68.4639,1823
68.4667,1823
68.4694,1818
68.4722,1816
68.4750,1816
68.4778,1833
68.4806,1835
68.4833,1832
68.4861,1833
68.4889,1843
68.4917,1847
68.4944,1853
68.4972,1848
68.5000,1851
68.5028,1843
68.5056,1828
68.5083,1816
68.5111,1794
68.5139,1787
68.5167,1787
68.5194,1790
68.5222,1794
68.5250,1795
68.5278,1799
68.5306,1787
68.5333,1784
68.5361,1770
68.5389,1752
68.5417,1740
68.5444,1727
68.5472,1732
68.5500,1725
68.5528,1735
68.5556,1725
68.5583,1722
68.5611,1723
68.5639,1725
68.5667,1724
68.5694,1722
68.5722,1716
68.5750,1708
68.5778,1669
68.5806,1598
68.5833,1530
68.5861,1496
68.5889,1515
68.5917,1603
68.5944,1733
68.5972,1927
68.6000,2169
68.6028,2485
68.6056,2856
68.6083,3225
68.6111,3342
68.6139,3364
68.6167,3371
68.6194,3376
68.6222,3354
68.6250,3069
68.6278,2467
68.6306,1847
68.6333,1371
68.6361,1092
68.6389,938
68.6417,869
68.6444,842
68.6472,848
68.6500,896
68.6528,952
68.6556,998
68.6583,1066
68.6611,1177
68.6639,1337
68.6667,1500
68.6694,1629
68.6722,1696
68.6750,1733
68.6778,1735
68.6806,1711
68.6833,1684
68.6861,1676
68.6889,1687
68.6917,1704
68.6944,1723
68.6972,1722
68.7000,1723
68.7028,1703
68.7056,1692
68.7083,1701
68.7111,1723
68.7139,1748
68.7167,1754
68.7194,1745
68.7222,1732
68.7250,1719
68.7278,1711
68.7306,1737
68.7333,1755
68.7361,1765
68.7389,1762
68.7417,1749
68.7444,1735
68.7472,1746
68.7500,1755
68.7528,1766
68.7556,1784
68.7583,1782
68.7611,1764
68.7639,1762
68.7667,1757
68.7694,1770
68.7722,1779
68.7750,1785
68.7778,1795
68.7806,1782
68.7833,1772
68.7861,1776
68.7889,1778
68.7917,1795
68.7944,1818
68.7972,1811
68.8000,1810
68.8028,1802
68.8056,1795
68.8083,1808
68.8111,1828
68.8139,1840
68.8167,1851
68.8194,1854
68.8222,1852
68.8250,1964
68.8278,1979
68.8306,1978
68.8333,2002
68.8361,2016
68.8389,2027
68.8417,2038
68.8444,2021
68.8472,2038
68.8500,2042
68.8528,2057
68.8556,2069
68.8583,2070
68.8611,2063
68.8639,2056
68.8667,2068
68.8694,2089
68.8722,2097
68.8750,2102
68.8778,2107
68.8806,2096
68.8833,2078
68.8861,2051
68.8889,2030
68.8917,2017
68.8944,2007
68.8972,1978
68.9000,1941
68.9028,1918
68.9056,1883
68.9083,1869
68.9111,1859
68.9139,1849
68.9167,1810
68.9194,1774
68.9222,1726
68.9250,1696
68.9278,1674
68.9306,1675
68.9333,1664
68.9361,1657
68.9389,1648
68.9417,1633
68.9444,1623
68.9472,1612
68.9500,1607
68.9528,1608
68.9556,1602
68.9583,1590
68.9611,1579
68.9639,1566
68.9667,1568
68.9694,1573
68.9722,1577
68.9750,1579
68.9778,1572
68.9806,1576
68.9833,1560
68.9861,1554
68.9889,1553
68.9917,1562
68.9944,1571
68.9972,1572
69.0000,1565
69.0028,1567
69.0056,1565
69.0083,1565
69.0111,1572
69.0139,1572
69.0167,1574
69.0194,1569
69.0222,1572
69.0250,1571
69.0278,1579
69.0306,1592
69.0333,1587
69.0361,1590
69.0389,1589
69.0417,1580
69.0444,1570
69.0472,1573
69.0500,1582
69.0528,1594
69.0556,1602
69.0583,1597
69.0611,1592
69.0639,1584
69.0667,1593
