Tiempo(s),Valor_ADC
0.0028,1704
0.0056,1684
0.0083,1652
0.0111,1645
0.0139,1649
0.0167,1662
0.0194,1671
0.0222,1667
0.0250,1673
0.0278,1678
0.0306,1685
0.0333,1680
0.0361,1666
0.0389,1663
0.0417,1658
0.0444,1658
0.0472,1653
0.0500,1664
0.0528,1645
0.0556,1637
0.0583,1635
0.0611,1665
0.0639,1684
0.0667,1708
0.0694,1722
0.0722,1687
0.0750,1686
0.0778,1681
0.0806,1661
0.0833,1634
0.0861,1645
0.0889,1659
0.0917,1647
0.0944,1653
0.0972,1665
0.1000,1672
0.1028,1666
0.1056,1658
0.1083,1642
0.1111,1626
0.1139,1607
0.1167,1599
0.1194,1611
0.1222,1633
0.1250,1652
0.1278,1670
0.1306,1673
0.1333,1674
0.1361,1662
0.1389,1652
0.1417,1646
0.1444,1645
0.1472,1630
0.1500,1630
0.1528,1640
0.1556,1649
0.1583,1663
0.1611,1674
0.1639,1676
0.1667,1669
0.1694,1656
0.1722,1650
0.1750,1645
0.1778,1637
0.1806,1634
0.1833,1637
0.1861,1644
0.1889,1649
0.1917,1648
0.1944,1657
0.1972,1651
0.2000,1651
0.2028,1650
0.2056,1643
0.2083,1653
0.2111,1664
0.2139,1673
0.2167,1683
0.2194,1705
0.2222,1722
0.2250,1724
0.2278,1720
0.2306,1720
0.2333,1716
0.2361,1714
0.2389,1721
0.2417,1719
0.2444,1711
0.2472,1722
0.2500,1722
0.2528,1725
0.2556,1725
0.2583,1715
0.2611,1704
0.2639,1700
0.2667,1693
0.2694,1680
0.2722,1664
0.2750,1663
0.2778,1657
0.2806,1661
0.2833,1660
0.2861,1637
0.2889,1629
0.2917,1627
0.2944,1618
0.2972,1611
0.3000,1603
0.3028,1598
0.3056,1599
0.3083,1614
0.3111,1624
0.3139,1628
0.3167,1633
0.3194,1639
0.3222,1647
0.3250,1639
0.3278,1639
0.3306,1638
0.3333,1633
0.3361,1624
0.3389,1611
0.3417,1610
0.3444,1623
0.3472,1620
0.3500,1618
0.3528,1594
0.3556,1558
0.3583,1529
0.3611,1523
0.3639,1533
0.3667,1571
0.3694,1620
0.3722,1682
0.3750,1796
0.3778,1961
0.3806,2191
0.3833,2426
0.3861,2593
0.3889,2616
0.3917,2468
0.3944,2252
0.3972,2065
0.4000,1931
0.4028,1875
0.4056,1865
0.4083,1859
0.4111,1866
0.4139,1854
0.4167,1816
0.4194,1739
0.4222,1659
0.4250,1598
0.4278,1579
0.4306,1574
0.4333,1597
0.4361,1630
0.4389,1628
0.4417,1622
0.4444,1599
0.4472,1591
0.4500,1605
0.4528,1623
0.4556,1626
0.4583,1647
0.4611,1629
0.4639,1611
0.4667,1606
0.4694,1604
0.4722,1616
0.4750,1635
0.4778,1642
0.4806,1639
0.4833,1639
0.4861,1632
0.4889,1628
0.4917,1622
0.4944,1635
0.4972,1641
0.5000,1643
0.5028,1634
0.5056,1628
0.5083,1622
0.5111,1633
0.5139,1628
0.5167,1638
0.5194,1646
0.5222,1654
0.5250,1640
0.5278,1666
0.5306,1663
0.5333,1667
0.5361,1669
0.5389,1680
0.5417,1678
0.5444,1677
0.5472,1669
0.5500,1669
0.5528,1688
0.5556,1706
0.5583,1703
0.5611,1707
0.5639,1708
0.5667,1710
0.5694,1715
0.5722,1729
0.5750,1736
0.5778,1831
0.5806,1830
0.5833,1830
0.5861,1820
0.5889,1816
0.5917,1847
0.5944,1856
0.5972,1853
0.6000,1835
0.6028,1821
0.6056,1807
0.6083,1789
0.6111,1772
0.6139,1778
0.6167,1771
0.6194,1750
0.6222,1726
0.6250,1708
0.6278,1692
0.6306,1686
0.6333,1678
0.6361,1676
0.6389,1676
0.6417,1664
0.6444,1650
0.6472,1636
0.6500,1637
0.6528,1645
0.6556,1647
0.6583,1652
0.6611,1649
0.6639,1644
0.6667,1652
0.6694,1652
0.6722,1640
0.6750,1627
0.6778,1617
0.6806,1621
0.6833,1611
0.6861,1606
0.6889,1610
0.6917,1613
0.6944,1615
0.6972,1612
0.7000,1610
0.7028,1605
0.7056,1606
0.7083,1615
0.7111,1628
0.7139,1639
0.7167,1646
0.7194,1647
0.7222,1646
0.7250,1648
0.7278,1632
0.7306,1630
0.7333,1620
0.7361,1610
0.7389,1618
0.7417,1624
0.7444,1634
0.7472,1642
0.7500,1652
0.7528,1648
0.7556,1647
0.7583,1627
0.7611,1613
0.7639,1612
0.7667,1613
0.7694,1611
0.7722,1616
0.7750,1629
0.7778,1628
0.7806,1616
0.7833,1613
0.7861,1615
0.7889,1613
0.7917,1617
0.7944,1628
0.7972,1631
0.8000,1629
0.8028,1635
0.8056,1616
0.8083,1619
0.8111,1622
0.8139,1623
0.8167,1625
0.8194,1636
0.8222,1645
0.8250,1644
0.8278,1647
0.8306,1649
0.8333,1659
0.8361,1643
0.8389,1635
0.8417,1615
0.8444,1608
0.8472,1621
0.8500,1622
0.8528,1634
0.8556,1641
0.8583,1659
0.8611,1657
0.8639,1641
0.8667,1622
0.8694,1623
0.8722,1628
0.8750,1638
0.8778,1644
0.8806,1641
0.8833,1634
0.8861,1633
0.8889,1637
0.8917,1639
0.8944,1649
0.8972,1654
0.9000,1648
0.9028,1657
0.9056,1671
0.9083,1678
0.9111,1678
0.9139,1668
0.9167,1655
0.9194,1643
0.9222,1643
0.9250,1642
0.9278,1659
0.9306,1676
0.9333,1696
0.9361,1697
0.9389,1680
0.9417,1674
0.9444,1660
0.9472,1654
0.9500,1655
0.9528,1656
0.9556,1655
0.9583,1671
0.9611,1681
0.9639,1688
0.9667,1694
0.9694,1688
0.9722,1680
0.9750,1672
0.9778,1671
0.9806,1669
0.9833,1666
0.9861,1657
0.9889,1664
0.9917,1683
0.9944,1696
0.9972,1703
1.0000,1704
1.0028,1686
1.0056,1685
1.0083,1687
1.0111,1681
1.0139,1689
1.0167,1704
1.0194,1697
1.0222,1703
1.0250,1704
1.0278,1687
1.0306,1687
1.0333,1682
1.0361,1693
1.0389,1694
1.0417,1702
1.0444,1700
1.0472,1697
1.0500,1698
1.0528,1697
1.0556,1696
1.0583,1702
1.0611,1704
1.0639,1702
1.0667,1695
1.0694,1687
1.0722,1701
1.0750,1700
1.0778,1711
1.0806,1712
1.0833,1715
1.0861,1708
1.0889,1694
1.0917,1691
1.0944,1699
1.0972,1706
1.1000,1706
1.1028,1717
1.1056,1716
1.1083,1722
1.1111,1732
1.1139,1735
1.1167,1751
1.1194,1760
1.1222,1757
1.1250,1755
1.1278,1738
1.1306,1730
1.1333,1727
1.1361,1712
1.1389,1719
1.1417,1735
1.1444,1765
1.1472,1773
1.1500,1777
1.1528,1784
1.1556,1788
1.1583,1787
1.1611,1790
1.1639,1790
1.1667,1790
1.1694,1778
1.1722,1780
1.1750,1767
1.1778,1744
1.1806,1723
1.1833,1722
1.1861,1736
1.1889,1731
1.1917,1714
1.1944,1703
1.1972,1701
1.2000,1710
1.2028,1714
1.2056,1709
1.2083,1712
1.2111,1704
1.2139,1701
1.2167,1697
1.2194,1711
1.2222,1718
1.2250,1718
1.2278,1723
1.2306,1720
1.2333,1722
1.2361,1736
1.2389,1743
1.2417,1740
1.2444,1728
1.2472,1717
1.2500,1719
1.2528,1722
1.2556,1714
1.2583,1687
1.2611,1654
1.2639,1643
1.2667,1652
1.2694,1676
1.2722,1718
1.2750,1755
1.2778,1811
1.2806,1917
1.2833,2103
1.2861,2333
1.2889,2582
1.2917,2736
1.2944,2726
1.2972,2562
1.3000,2342
1.3028,2153
1.3056,2049
1.3083,1981
1.3111,1951
1.3139,1952
1.3167,1956
1.3194,1937
1.3222,1907
1.3250,1843
1.3278,1781
1.3306,1733
1.3333,1707
1.3361,1710
1.3389,1708
1.3417,1694
1.3444,1693
1.3472,1697
1.3500,1697
1.3528,1699
1.3556,1686
1.3583,1703
1.3611,1721
1.3639,1721
1.3667,1704
1.3694,1691
1.3722,1690
1.3750,1685
1.3778,1698
1.3806,1713
1.3833,1727
1.3861,1712
1.3889,1709
1.3917,1694
1.3944,1706
1.3972,1721
1.4000,1735
1.4028,1726
1.4056,1732
1.4083,1727
1.4111,1707
1.4139,1719
1.4167,1721
1.4194,1731
1.4222,1736
1.4250,1722
1.4278,1713
1.4306,1710
1.4333,1718
1.4361,1716
1.4389,1721
1.4417,1733
1.4444,1746
1.4472,1741
1.4500,1738
1.4528,1743
1.4556,1742
1.4583,1727
1.4611,1730
1.4639,1740
1.4667,1753
1.4694,1780
1.4722,1798
1.4750,1812
1.4778,1811
1.4806,1815
1.4833,1901
1.4861,1889
1.4889,1873
1.4917,1871
1.4944,1872
1.4972,1878
1.5000,1885
1.5028,1886
1.5056,1879
1.5083,1871
1.5111,1855
1.5139,1852
1.5167,1863
1.5194,1874
1.5222,1853
1.5250,1825
1.5278,1779
1.5306,1760
1.5333,1753
1.5361,1769
1.5389,1773
1.5417,1776
1.5444,1760
1.5472,1748
1.5500,1734
1.5528,1712
1.5556,1702
1.5583,1706
1.5611,1707
1.5639,1701
1.5667,1688
1.5694,1673
1.5722,1675
1.5750,1686
1.5778,1699
1.5806,1680
1.5833,1674
1.5861,1666
1.5889,1671
1.5917,1682
1.5944,1683
1.5972,1682
1.6000,1672
1.6028,1667
1.6056,1675
1.6083,1680
1.6111,1684
1.6139,1686
1.6167,1687
1.6194,1705
1.6222,1710
1.6250,1706
1.6278,1707
1.6306,1698
1.6333,1698
1.6361,1687
1.6389,1683
1.6417,1697
1.6444,1711
1.6472,1715
1.6500,1714
1.6528,1706
1.6556,1711
1.6583,1721
1.6611,1726
1.6639,1727
1.6667,1734
1.6694,1734
1.6722,1707
1.6750,1668
1.6778,1656
1.6806,1674
1.6833,1673
1.6861,1688
1.6889,1700
1.6917,1712
1.6944,1701
1.6972,1694
1.7000,1683
1.7028,1677
1.7056,1682
1.7083,1688
1.7111,1706
1.7139,1713
1.7167,1711
1.7194,1715
1.7222,1710
1.7250,1696
1.7278,1684
1.7306,1687
1.7333,1686
1.7361,1693
1.7389,1683
1.7417,1683
1.7444,1685
1.7472,1672
1.7500,1682
1.7528,1681
1.7556,1689
1.7583,1710
1.7611,1713
1.7639,1706
1.7667,1702
1.7694,1695
1.7722,1699
1.7750,1696
1.7778,1677
1.7806,1670
1.7833,1673
1.7861,1671
1.7889,1678
1.7917,1667
1.7944,1658
1.7972,1681
1.8000,1690
1.8028,1708
1.8056,1706
1.8083,1691
1.8111,1691
1.8139,1697
1.8167,1710
1.8194,1696
1.8222,1691
1.8250,1687
1.8278,1696
1.8306,1699
1.8333,1688
1.8361,1678
1.8389,1679
1.8417,1682
1.8444,1688
1.8472,1681
1.8500,1683
1.8528,1687
1.8556,1699
1.8583,1698
1.8611,1701
1.8639,1693
1.8667,1689
1.8694,1699
1.8722,1704
1.8750,1721
1.8778,1716
1.8806,1718
1.8833,1723
1.8861,1718
1.8889,1719
1.8917,1708
1.8944,1689
1.8972,1678
1.9000,1690
1.9028,1711
1.9056,1720
1.9083,1715
1.9111,1710
1.9139,1700
1.9167,1702
1.9194,1693
1.9222,1692
1.9250,1697
1.9278,1704
1.9306,1716
1.9333,1720
1.9361,1716
1.9389,1695
1.9417,1692
1.9444,1695
1.9472,1697
1.9500,1701
1.9528,1694
1.9556,1711
1.9583,1709
1.9611,1695
1.9639,1693
1.9667,1695
1.9694,1691
1.9722,1695
1.9750,1720
1.9778,1727
1.9806,1721
1.9833,1726
1.9861,1709
1.9889,1705
1.9917,1706
1.9944,1704
1.9972,1702
2.0000,1710
2.0028,1732
2.0056,1747
2.0083,1748
2.0111,1738
2.0139,1707
2.0167,1702
2.0194,1705
2.0222,1711
2.0250,1709
2.0278,1710
2.0306,1703
2.0333,1709
2.0361,1702
2.0389,1704
2.0417,1713
2.0444,1715
2.0472,1713
2.0500,1707
2.0528,1707
2.0556,1701
2.0583,1717
2.0611,1712
2.0639,1705
2.0667,1692
2.0694,1697
2.0722,1698
2.0750,1712
2.0778,1713
2.0806,1707
2.0833,1704
2.0861,1716
2.0889,1715
2.0917,1730
2.0944,1738
2.0972,1742
2.1000,1739
2.1028,1744
2.1056,1748
2.1083,1750
2.1111,1754
2.1139,1770
2.1167,1796
2.1194,1792
2.1222,1782
2.1250,1761
2.1278,1745
2.1306,1730
2.1333,1722
2.1361,1720
2.1389,1707
2.1417,1690
2.1444,1683
2.1472,1677
2.1500,1694
2.1528,1712
2.1556,1712
2.1583,1689
2.1611,1676
2.1639,1681
2.1667,1669
2.1694,1654
2.1722,1652
2.1750,1648
2.1778,1655
2.1806,1658
2.1833,1666
2.1861,1674
2.1889,1677
2.1917,1680
2.1944,1672
2.1972,1664
2.2000,1667
2.2028,1671
2.2056,1687
2.2083,1693
2.2111,1691
2.2139,1689
2.2167,1654
2.2194,1598
2.2222,1561
2.2250,1561
2.2278,1583
2.2306,1618
2.2333,1638
2.2361,1692
2.2389,1792
2.2417,1937
2.2444,2158
2.2472,2393
2.2500,2599
2.2528,2689
2.2556,2633
2.2583,2450
2.2611,2233
2.2639,2057
2.2667,1946
2.2694,1896
2.2722,1884
2.2750,1889
2.2778,1895
2.2806,1880
2.2833,1837
2.2861,1763
2.2889,1699
2.2917,1669
2.2944,1647
2.2972,1655
2.3000,1668
2.3028,1684
2.3056,1684
2.3083,1676
2.3111,1669
2.3139,1664
2.3167,1657
2.3194,1644
2.3222,1651
2.3250,1660
2.3278,1661
2.3306,1639
2.3333,1615
2.3361,1617
2.3389,1634
2.3417,1656
2.3444,1674
2.3472,1670
2.3500,1655
2.3528,1646
2.3556,1653
2.3583,1670
2.3611,1688
2.3639,1684
2.3667,1668
2.3694,1655
2.3722,1640
2.3750,1646
2.3778,1665
2.3806,1688
2.3833,1702
2.3861,1703
2.3889,1700
2.3917,1685
2.3944,1693
2.3972,1699
2.4000,1700
2.4028,1704
2.4056,1694
2.4083,1687
2.4111,1684
2.4139,1677
2.4167,1676
2.4194,1685
2.4222,1707
2.4250,1729
2.4278,1734
2.4306,1728
2.4333,1717
2.4361,1718
2.4389,1733
2.4417,1856
2.4444,1847
2.4472,1861
2.4500,1865
2.4528,1873
2.4556,1878
2.4583,1863
2.4611,1840
2.4639,1818
2.4667,1810
2.4694,1796
2.4722,1789
2.4750,1790
2.4778,1795
2.4806,1801
2.4833,1779
2.4861,1757
2.4889,1750
2.4917,1726
2.4944,1711
2.4972,1695
2.5000,1696
2.5028,1685
2.5056,1669
2.5083,1653
2.5111,1639
2.5139,1639
2.5167,1642
2.5194,1641
2.5222,1637
2.5250,1624
2.5278,1621
2.5306,1624
2.5333,1624
2.5361,1633
2.5389,1644
2.5417,1648
2.5444,1639
2.5472,1630
2.5500,1627
2.5528,1625
2.5556,1628
2.5583,1626
2.5611,1630
2.5639,1645
2.5667,1636
2.5694,1627
2.5722,1616
2.5750,1617
2.5778,1617
2.5806,1615
2.5833,1624
2.5861,1629
2.5889,1632
2.5917,1633
2.5944,1624
2.5972,1625
2.6000,1631
2.6028,1645
2.6056,1650
2.6083,1655
2.6111,1648
2.6139,1652
2.6167,1670
2.6194,1680
2.6222,1676
2.6250,1666
2.6278,1653
2.6306,1633
2.6333,1633
2.6361,1631
2.6389,1626
2.6417,1624
2.6444,1627
2.6472,1614
2.6500,1612
2.6528,1620
2.6556,1641
2.6583,1663
2.6611,1674
2.6639,1681
2.6667,1663
2.6694,1650
2.6722,1636
2.6750,1631
2.6778,1641
2.6806,1653
2.6833,1671
2.6861,1660
2.6889,1662
2.6917,1669
2.6944,1677
2.6972,1676
2.7000,1660
2.7028,1646
2.7056,1633
2.7083,1631
2.7111,1629
2.7139,1624
2.7167,1636
2.7194,1648
2.7222,1663
2.7250,1671
2.7278,1670
2.7306,1662
2.7333,1652
2.7361,1657
2.7389,1654
2.7417,1655
2.7444,1650
2.7472,1647
2.7500,1643
2.7528,1642
2.7556,1632
2.7583,1641
2.7611,1635
2.7639,1634
2.7667,1634
2.7694,1634
2.7722,1641
2.7750,1646
2.7778,1649
2.7806,1657
2.7833,1657
2.7861,1651
2.7889,1649
2.7917,1641
2.7944,1650
2.7972,1664
2.8000,1670
2.8028,1666
2.8056,1659
2.8083,1657
2.8111,1663
2.8139,1651
2.8167,1648
2.8194,1635
2.8222,1639
2.8250,1645
2.8278,1654
2.8306,1660
2.8333,1653
2.8361,1640
2.8389,1642
2.8417,1650
2.8444,1663
2.8472,1669
2.8500,1675
2.8528,1678
2.8556,1680
2.8583,1670
2.8611,1668
2.8639,1660
2.8667,1649
2.8694,1643
2.8722,1649
2.8750,1635
2.8778,1640
2.8806,1643
2.8833,1645
2.8861,1641
2.8889,1655
2.8917,1667
2.8944,1671
2.8972,1672
2.9000,1678
2.9028,1681
2.9056,1664
2.9083,1648
2.9111,1643
2.9139,1650
2.9167,1668
2.9194,1671
2.9222,1672
2.9250,1676
2.9278,1666
2.9306,1655
2.9333,1655
2.9361,1660
2.9389,1663
2.9417,1664
2.9444,1670
2.9472,1680
2.9500,1690
2.9528,1695
2.9556,1700
2.9583,1693
2.9611,1683
2.9639,1676
2.9667,1663
2.9694,1648
2.9722,1645
2.9750,1648
2.9778,1658
2.9806,1668
2.9833,1659
2.9861,1663
2.9889,1659
2.9917,1656
2.9944,1663
2.9972,1666
3.0000,1671
3.0028,1684
3.0056,1692
3.0083,1689
3.0111,1691
3.0139,1688
3.0167,1671
3.0194,1672
3.0222,1662
3.0250,1658
3.0278,1654
3.0306,1639
3.0333,1638
3.0361,1651
3.0389,1644
3.0417,1650
3.0444,1661
3.0472,1658
3.0500,1667
3.0528,1655
3.0556,1663
3.0583,1672
3.0611,1676
3.0639,1679
3.0667,1682
3.0694,1674
3.0722,1678
3.0750,1670
3.0778,1655
3.0806,1650
3.0833,1654
3.0861,1662
3.0889,1673
3.0917,1687
3.0944,1695
3.0972,1697
3.1000,1693
3.1028,1696
3.1056,1688
3.1083,1689
3.1111,1680
3.1139,1669
3.1167,1664
3.1194,1655
3.1222,1658
3.1250,1650
3.1278,1642
3.1306,1631
3.1333,1615
3.1361,1619
3.1389,1625
3.1417,1628
3.1444,1637
3.1472,1634
3.1500,1638
3.1528,1635
3.1556,1627
3.1583,1624
3.1611,1633
3.1639,1648
3.1667,1644
3.1694,1642
3.1722,1651
3.1750,1652
3.1778,1639
3.1806,1618
3.1833,1605
3.1861,1604
3.1889,1614
3.1917,1621
3.1944,1612
3.1972,1582
3.2000,1554
3.2028,1546
3.2056,1557
3.2083,1572
3.2111,1603
3.2139,1659
3.2167,1746
3.2194,1880
3.2222,2091
3.2250,2331
3.2278,2544
3.2306,2656
3.2333,2597
3.2361,2410
3.2389,2203
3.2417,2048
3.2444,1943
3.2472,1882
3.2500,1856
3.2528,1860
3.2556,1854
3.2583,1834
3.2611,1798
3.2639,1736
3.2667,1679
3.2694,1628
3.2722,1611
3.2750,1609
3.2778,1616
3.2806,1626
3.2833,1634
3.2861,1630
3.2889,1625
3.2917,1627
3.2944,1623
3.2972,1629
3.3000,1620
3.3028,1609
3.3056,1615
3.3083,1615
3.3111,1620
3.3139,1622
3.3167,1626
3.3194,1624
3.3222,1620
3.3250,1613
3.3278,1584
3.3306,1582
3.3333,1589
3.3361,1595
3.3389,1600
3.3417,1609
3.3444,1598
3.3472,1587
3.3500,1592
3.3528,1589
3.3556,1605
3.3583,1618
3.3611,1622
3.3639,1628
3.3667,1623
3.3694,1612
3.3722,1601
3.3750,1597
3.3778,1612
3.3806,1623
3.3833,1632
3.3861,1624
3.3889,1621
3.3917,1635
3.3944,1652
3.3972,1659
3.4000,1655
3.4028,1654
3.4056,1653
3.4083,1642
3.4111,1640
3.4139,1663
3.4167,1683
3.4194,1774
3.4222,1783
3.4250,1785
3.4278,1772
3.4306,1769
3.4333,1770
3.4361,1789
3.4389,1796
3.4417,1801
3.4444,1797
3.4472,1788
3.4500,1768
3.4528,1763
3.4556,1762
3.4583,1751
3.4611,1734
3.4639,1708
3.4667,1684
3.4694,1674
3.4722,1684
3.4750,1688
3.4778,1686
3.4806,1676
3.4833,1654
3.4861,1644
3.4889,1643
3.4917,1637
3.4944,1640
3.4972,1633
3.5000,1635
3.5028,1625
3.5056,1612
3.5083,1606
3.5111,1601
3.5139,1598
3.5167,1597
3.5194,1605
3.5222,1614
3.5250,1615
3.5278,1603
3.5306,1597
3.5333,1580
3.5361,1578
3.5389,1585
3.5417,1593
3.5444,1598
3.5472,1582
3.5500,1584
3.5528,1589
3.5556,1599
3.5583,1609
3.5611,1618
3.5639,1626
3.5667,1632
3.5694,1635
3.5722,1635
3.5750,1649
3.5778,1655
3.5806,1652
3.5833,1637
3.5861,1634
3.5889,1625
3.5917,1626
3.5944,1635
3.5972,1633
3.6000,1634
3.6028,1647
3.6056,1645
3.6083,1636
3.6111,1634
3.6139,1638
3.6167,1648
3.6194,1647
3.6222,1645
3.6250,1652
3.6278,1656
3.6306,1671
3.6333,1670
3.6361,1670
3.6389,1661
3.6417,1665
3.6444,1667
3.6472,1668
3.6500,1676
3.6528,1675
3.6556,1669
3.6583,1666
3.6611,1645
3.6639,1641
3.6667,1643
3.6694,1641
3.6722,1652
3.6750,1666
3.6778,1670
3.6806,1668
3.6833,1668
3.6861,1673
3.6889,1668
3.6917,1681
3.6944,1686
3.6972,1691
3.7000,1701
3.7028,1687
3.7056,1675
3.7083,1677
3.7111,1672
3.7139,1678
3.7167,1674
3.7194,1673
3.7222,1671
3.7250,1670
3.7278,1661
3.7306,1658
3.7333,1661
3.7361,1671
3.7389,1667
3.7417,1671
3.7444,1677
3.7472,1674
3.7500,1675
3.7528,1673
3.7556,1673
3.7583,1679
3.7611,1671
3.7639,1683
3.7667,1684
3.7694,1687
3.7722,1678
3.7750,1676
3.7778,1673
3.7806,1684
3.7833,1691
3.7861,1703
3.7889,1698
3.7917,1686
3.7944,1667
3.7972,1656
3.8000,1657
3.8028,1665
3.8056,1666
3.8083,1664
3.8111,1665
3.8139,1667
3.8167,1665
3.8194,1662
3.8222,1670
3.8250,1669
3.8278,1682
3.8306,1684
3.8333,1689
3.8361,1698
3.8389,1692
3.8417,1700
3.8444,1720
3.8472,1717
3.8500,1717
3.8528,1712
3.8556,1700
3.8583,1686
3.8611,1682
3.8639,1680
3.8667,1680
3.8694,1693
3.8722,1695
3.8750,1706
3.8778,1716
3.8806,1718
3.8833,1722
3.8861,1719
3.8889,1724
3.8917,1733
3.8944,1754
3.8972,1760
3.9000,1764
3.9028,1767
3.9056,1771
3.9083,1773
3.9111,1763
3.9139,1754
3.9167,1752
3.9194,1744
3.9222,1729
3.9250,1722
3.9278,1716
3.9306,1706
3.9333,1704
3.9361,1697
3.9389,1691
3.9417,1693
3.9444,1695
3.9472,1690
3.9500,1697
3.9528,1689
3.9556,1681
3.9583,1672
3.9611,1670
3.9639,1677
3.9667,1688
3.9694,1695
3.9722,1701
3.9750,1686
3.9778,1693
3.9806,1682
3.9833,1668
3.9861,1665
3.9889,1655
3.9917,1652
3.9944,1647
3.9972,1657
4.0000,1661
4.0028,1670
4.0056,1660
4.0083,1648
4.0111,1631
4.0139,1614
4.0167,1620
4.0194,1654
4.0222,1691
4.0250,1734
4.0278,1795
4.0306,1910
4.0333,2095
4.0361,2329
4.0389,2552
4.0417,2691
4.0444,2652
4.0472,2484
4.0500,2290
4.0528,2125
4.0556,2020
4.0583,1976
4.0611,1957
4.0639,1962
4.0667,1946
4.0694,1910
4.0722,1861
4.0750,1796
4.0778,1728
4.0806,1683
4.0833,1670
4.0861,1672
4.0889,1677
4.0917,1677
4.0944,1681
4.0972,1677
4.1000,1661
4.1028,1650
4.1056,1637
4.1083,1667
4.1111,1690
4.1139,1700
4.1167,1701
4.1194,1690
4.1222,1680
4.1250,1676
4.1278,1669
4.1306,1681
4.1333,1705
4.1361,1716
4.1389,1700
4.1417,1699
4.1444,1704
4.1472,1709
4.1500,1727
4.1528,1736
4.1556,1725
4.1583,1721
4.1611,1712
4.1639,1700
4.1667,1701
4.1694,1714
4.1722,1719
4.1750,1718
4.1778,1713
4.1806,1720
4.1833,1712
4.1861,1728
4.1889,1728
4.1917,1742
4.1944,1744
4.1972,1746
4.2000,1737
4.2028,1728
4.2056,1731
4.2083,1752
4.2111,1769
4.2139,1774
4.2167,1781
4.2194,1768
4.2222,1761
4.2250,1763
4.2278,1768
4.2306,1781
4.2333,1870
4.2361,1856
4.2389,1860
4.2417,1863
4.2444,1859
4.2472,1866
4.2500,1872
4.2528,1876
4.2556,1874
4.2583,1856
4.2611,1845
4.2639,1849
4.2667,1849
4.2694,1844
4.2722,1822
4.2750,1801
4.2778,1793
4.2806,1779
4.2833,1765
4.2861,1753
4.2889,1749
4.2917,1749
4.2944,1741
4.2972,1731
4.3000,1722
4.3028,1717
4.3056,1716
4.3083,1720
4.3111,1721
4.3139,1721
4.3167,1717
4.3194,1707
4.3222,1711
4.3250,1712
4.3278,1710
4.3306,1725
4.3333,1734
4.3361,1730
4.3389,1719
4.3417,1708
4.3444,1707
4.3472,1721
4.3500,1713
4.3528,1709
4.3556,1701
4.3583,1693
4.3611,1689
4.3639,1704
4.3667,1707
4.3694,1710
4.3722,1709
4.3750,1716
4.3778,1715
4.3806,1712
4.3833,1718
4.3861,1729
4.3889,1729
4.3917,1728
4.3944,1735
4.3972,1735
4.4000,1740
4.4028,1739
4.4056,1739
4.4083,1744
4.4111,1743
4.4139,1759
4.4167,1743
4.4194,1736
4.4222,1715
4.4250,1715
4.4278,1713
4.4306,1718
4.4333,1732
4.4361,1738
4.4389,1746
4.4417,1744
4.4444,1736
4.4472,1728
4.4500,1725
4.4528,1727
4.4556,1738
4.4583,1740
4.4611,1747
4.4639,1750
4.4667,1752
4.4694,1735
4.4722,1729
4.4750,1709
4.4778,1722
4.4806,1719
4.4833,1719
4.4861,1728
4.4889,1732
4.4917,1729
4.4944,1729
4.4972,1726
4.5000,1711
4.5028,1700
4.5056,1706
4.5083,1712
4.5111,1720
4.5139,1730
4.5167,1724
4.5194,1728
4.5222,1729
4.5250,1730
4.5278,1725
4.5306,1736
4.5333,1740
4.5361,1729
4.5389,1719
4.5417,1712
4.5444,1724
4.5472,1727
4.5500,1724
4.5528,1720
4.5556,1718
4.5583,1701
4.5611,1709
4.5639,1720
4.5667,1725
4.5694,1725
4.5722,1729
4.5750,1736
4.5778,1744
4.5806,1744
4.5833,1760
4.5861,1760
4.5889,1737
4.5917,1709
4.5944,1687
4.5972,1703
4.6000,1709
4.6028,1733
4.6056,1748
4.6083,1743
4.6111,1741
4.6139,1730
4.6167,1732
4.6194,1712
4.6222,1717
4.6250,1726
4.6278,1732
4.6306,1736
4.6333,1732
4.6361,1740
4.6389,1749
4.6417,1759
4.6444,1757
4.6472,1772
4.6500,1767
4.6528,1773
4.6556,1765
4.6583,1750
4.6611,1745
4.6639,1735
4.6667,1735
4.6694,1740
4.6722,1747
4.6750,1755
4.6778,1762
4.6806,1762
4.6833,1748
4.6861,1736
4.6889,1735
4.6917,1730
4.6944,1726
4.6972,1741
4.7000,1752
4.7028,1768
4.7056,1769
4.7083,1772
4.7111,1768
4.7139,1772
4.7167,1785
4.7194,1787
4.7222,1796
4.7250,1802
4.7278,1784
4.7306,1771
4.7333,1776
4.7361,1760
4.7389,1754
4.7417,1749
4.7444,1728
4.7472,1728
4.7500,1715
4.7528,1703
4.7556,1690
4.7583,1695
4.7611,1691
4.7639,1693
4.7667,1714
4.7694,1711
4.7722,1709
4.7750,1717
4.7778,1709
4.7806,1703
4.7833,1692
4.7861,1687
4.7889,1683
4.7917,1689
4.7944,1683
4.7972,1700
4.8000,1716
4.8028,1717
4.8056,1715
4.8083,1711
4.8111,1718
4.8139,1716
4.8167,1712
4.8194,1704
4.8222,1680
4.8250,1642
4.8278,1625
4.8306,1623
4.8333,1651
4.8361,1696
4.8389,1743
4.8417,1785
4.8444,1871
4.8472,2017
4.8500,2242
4.8528,2474
4.8556,2668
4.8583,2729
4.8611,2612
4.8639,2396
4.8667,2186
4.8694,2029
4.8722,1941
4.8750,1898
4.8778,1895
4.8806,1902
4.8833,1890
4.8861,1870
4.8889,1834
4.8917,1777
4.8944,1722
4.8972,1696
4.9000,1677
4.9028,1670
4.9056,1674
4.9083,1694
4.9111,1696
4.9139,1686
4.9167,1661
4.9194,1648
4.9222,1653
4.9250,1671
4.9278,1688
4.9306,1697
4.9333,1676
4.9361,1665
4.9389,1654
4.9417,1656
4.9444,1676
4.9472,1674
4.9500,1678
4.9528,1660
4.9556,1640
4.9583,1628
4.9611,1631
4.9639,1647
4.9667,1661
4.9694,1676
4.9722,1677
4.9750,1677
4.9778,1667
4.9806,1659
4.9833,1673
4.9861,1680
4.9889,1685
4.9917,1679
4.9944,1673
4.9972,1669
5.0000,1676
5.0028,1688
5.0056,1688
5.0083,1699
5.0111,1698
5.0139,1699
5.0167,1695
5.0194,1691
5.0222,1702
5.0250,1725
5.0278,1722
5.0306,1720
5.0333,1719
5.0361,1719
5.0389,1722
5.0417,1739
5.0444,1741
5.0472,1846
5.0500,1845
5.0528,1847
5.0556,1833
5.0583,1827
5.0611,1824
5.0639,1817
5.0667,1835
5.0694,1829
5.0722,1801
5.0750,1795
5.0778,1781
5.0806,1776
5.0833,1772
5.0861,1765
5.0889,1756
5.0917,1747
5.0944,1732
5.0972,1719
5.1000,1708
5.1028,1692
5.1056,1686
5.1083,1677
5.1111,1675
5.1139,1676
5.1167,1670
5.1194,1658
5.1222,1658
5.1250,1668
5.1278,1668
5.1306,1672
5.1333,1658
5.1361,1650
5.1389,1638
5.1417,1643
5.1444,1644
5.1472,1632
5.1500,1616
5.1528,1611
5.1556,1618
5.1583,1634
5.1611,1650
5.1639,1647
5.1667,1641
5.1694,1638
5.1722,1641
5.1750,1639
5.1778,1644
5.1806,1632
5.1833,1641
5.1861,1643
5.1889,1644
5.1917,1645
5.1944,1638
5.1972,1621
5.2000,1626
5.2028,1637
5.2056,1649
5.2083,1647
5.2111,1640
5.2139,1650
5.2167,1651
5.2194,1646
5.2222,1647
5.2250,1652
5.2278,1653
5.2306,1659
5.2333,1650
5.2361,1655
5.2389,1657
5.2417,1654
5.2444,1655
5.2472,1656
5.2500,1661
5.2528,1657
5.2556,1654
5.2583,1658
5.2611,1658
5.2639,1661
5.2667,1658
5.2694,1648
5.2722,1649
5.2750,1641
5.2778,1645
5.2806,1639
5.2833,1639
5.2861,1633
5.2889,1630
5.2917,1637
5.2944,1651
5.2972,1645
5.3000,1647
5.3028,1645
5.3056,1643
5.3083,1652
5.3111,1655
5.3139,1644
5.3167,1643
5.3194,1639
5.3222,1657
5.3250,1658
5.3278,1654
5.3306,1649
5.3333,1654
5.3361,1646
5.3389,1647
5.3417,1659
5.3444,1658
5.3472,1657
5.3500,1652
5.3528,1646
5.3556,1639
5.3583,1634
5.3611,1640
5.3639,1630
5.3667,1645
5.3694,1658
5.3722,1657
5.3750,1661
5.3778,1654
5.3806,1635
5.3833,1634
5.3861,1619
5.3889,1617
5.3917,1617
5.3944,1619
5.3972,1638
5.4000,1647
5.4028,1659
5.4056,1661
5.4083,1667
5.4111,1681
5.4139,1682
5.4167,1672
5.4194,1665
5.4222,1654
5.4250,1651
5.4278,1650
5.4306,1648
5.4333,1646
5.4361,1656
5.4389,1671
5.4417,1681
5.4444,1685
5.4472,1663
5.4500,1667
5.4528,1664
5.4556,1670
5.4583,1675
5.4611,1677
5.4639,1662
5.4667,1652
5.4694,1658
5.4722,1668
5.4750,1666
5.4778,1670
5.4806,1677
5.4833,1680
5.4861,1682
5.4889,1681
5.4917,1700
5.4944,1693
5.4972,1707
5.5000,1702
5.5028,1705
5.5056,1712
5.5083,1711
5.5111,1699
5.5139,1692
5.5167,1694
5.5194,1718
5.5222,1740
5.5250,1764
5.5278,1773
5.5306,1775
5.5333,1763
5.5361,1737
5.5389,1716
5.5417,1711
5.5444,1691
5.5472,1683
5.5500,1672
5.5528,1675
5.5556,1655
5.5583,1644
5.5611,1630
5.5639,1641
5.5667,1646
5.5694,1652
5.5722,1647
5.5750,1655
5.5778,1657
5.5806,1662
5.5833,1670
5.5861,1661
5.5889,1650
5.5917,1631
5.5944,1646
5.5972,1641
5.6000,1650
5.6028,1648
5.6056,1656
5.6083,1658
5.6111,1652
5.6139,1648
5.6167,1638
5.6194,1653
5.6222,1660
5.6250,1669
5.6278,1660
5.6306,1633
5.6333,1612
5.6361,1600
5.6389,1608
5.6417,1645
5.6444,1685
5.6472,1734
5.6500,1810
5.6528,1945
5.6556,2145
5.6583,2382
5.6611,2580
5.6639,2672
5.6667,2594
5.6694,2406
5.6722,2199
5.6750,2055
5.6778,1961
5.6806,1918
5.6833,1905
5.6861,1905
5.6889,1901
5.6917,1888
5.6944,1842
5.6972,1777
5.7000,1710
5.7028,1665
5.7056,1641
5.7083,1654
5.7111,1663
5.7139,1669
5.7167,1662
5.7194,1650
5.7222,1645
5.7250,1644
5.7278,1646
5.7306,1661
5.7333,1659
5.7361,1663
5.7389,1655
5.7417,1647
5.7444,1658
5.7472,1668
5.7500,1686
5.7528,1686
5.7556,1688
5.7583,1672
5.7611,1658
5.7639,1646
5.7667,1654
5.7694,1675
5.7722,1690
5.7750,1694
5.7778,1687
5.7806,1678
5.7833,1674
5.7861,1682
5.7889,1687
5.7917,1698
5.7944,1705
5.7972,1697
5.8000,1694
5.8028,1693
5.8056,1706
5.8083,1702
5.8111,1702
5.8139,1689
5.8167,1683
5.8194,1682
5.8222,1691
5.8250,1700
5.8278,1704
5.8306,1721
5.8333,1734
5.8361,1749
5.8389,1751
5.8417,1741
5.8444,1728
5.8472,1737
5.8500,1756
5.8528,1857
5.8556,1849
5.8583,1854
5.8611,1852
5.8639,1835
5.8667,1838
5.8694,1833
5.8722,1843
5.8750,1826
5.8778,1812
5.8806,1797
5.8833,1785
5.8861,1782
5.8889,1780
5.8917,1770
5.8944,1770
5.8972,1756
5.9000,1735
5.9028,1711
5.9056,1707
5.9083,1697
5.9111,1704
5.9139,1703
5.9167,1703
5.9194,1687
5.9222,1683
5.9250,1661
5.9278,1660
5.9306,1646
5.9333,1635
5.9361,1627
5.9389,1640
5.9417,1656
5.9444,1677
5.9472,1682
5.9500,1680
5.9528,1674
5.9556,1655
5.9583,1643
5.9611,1639
5.9639,1637
5.9667,1644
5.9694,1644
5.9722,1651
5.9750,1659
5.9778,1656
5.9806,1644
5.9833,1643
5.9861,1640
5.9889,1640
5.9917,1654
5.9944,1660
5.9972,1666
6.0000,1664
6.0028,1671
6.0056,1676
6.0083,1680
6.0111,1672
6.0139,1676
6.0167,1674
6.0194,1656
6.0222,1646
6.0250,1638
6.0278,1648
6.0306,1651
6.0333,1650
6.0361,1655
6.0389,1658
6.0417,1671
6.0444,1668
6.0472,1668
6.0500,1659
6.0528,1654
6.0556,1640
6.0583,1661
6.0611,1663
6.0639,1663
6.0667,1661
6.0694,1665
6.0722,1670
6.0750,1664
6.0778,1660
6.0806,1655
6.0833,1664
6.0861,1669
6.0889,1671
6.0917,1664
6.0944,1673
6.0972,1665
6.1000,1659
6.1028,1658
6.1056,1654
6.1083,1646
6.1111,1657
6.1139,1658
6.1167,1663
6.1194,1675
6.1222,1661
6.1250,1654
6.1278,1650
6.1306,1638
6.1333,1644
6.1361,1648
6.1389,1640
6.1417,1640
6.1444,1641
6.1472,1646
6.1500,1648
6.1528,1639
6.1556,1650
6.1583,1655
6.1611,1648
6.1639,1640
6.1667,1639
6.1694,1643
6.1722,1644
6.1750,1635
6.1778,1634
6.1806,1634
6.1833,1639
6.1861,1647
6.1889,1643
6.1917,1637
6.1944,1632
6.1972,1636
6.2000,1631
6.2028,1637
6.2056,1642
6.2083,1640
6.2111,1633
6.2139,1637
6.2167,1636
6.2194,1625
6.2222,1613
6.2250,1608
6.2278,1606
6.2306,1612
6.2333,1623
6.2361,1624
6.2389,1634
6.2417,1616
6.2444,1622
6.2472,1620
6.2500,1628
6.2528,1625
6.2556,1623
6.2583,1615
6.2611,1612
6.2639,1610
6.2667,1616
6.2694,1620
6.2722,1631
6.2750,1649
6.2778,1646
6.2806,1662
6.2833,1657
6.2861,1664
6.2889,1640
6.2917,1629
6.2944,1616
6.2972,1608
6.3000,1605
6.3028,1607
6.3056,1611
6.3083,1620
6.3111,1626
6.3139,1627
6.3167,1630
6.3194,1637
6.3222,1631
6.3250,1624
6.3278,1628
6.3306,1623
6.3333,1620
6.3361,1625
6.3389,1622
6.3417,1630
6.3444,1636
6.3472,1646
6.3500,1649
6.3528,1663
6.3556,1664
6.3583,1659
6.3611,1658
6.3639,1657
6.3667,1665
6.3694,1672
6.3722,1696
6.3750,1711
6.3778,1702
6.3806,1698
6.3833,1681
6.3861,1664
6.3889,1649
6.3917,1629
6.3944,1624
6.3972,1609
6.4000,1609
6.4028,1619
6.4056,1615
6.4083,1609
6.4111,1577
6.4139,1556
6.4167,1552
6.4194,1548
6.4222,1557
6.4250,1570
6.4278,1563
6.4306,1572
6.4333,1582
6.4361,1585
6.4389,1584
6.4417,1584
6.4444,1571
6.4472,1567
6.4500,1585
6.4528,1584
6.4556,1590
6.4583,1590
6.4611,1602
6.4639,1591
6.4667,1588
6.4694,1580
6.4722,1565
6.4750,1548
6.4778,1517
6.4806,1502
6.4833,1506
6.4861,1533
6.4889,1568
6.4917,1602
6.4944,1637
6.4972,1713
6.5000,1850
6.5028,2047
6.5056,2270
6.5083,2438
6.5111,2483
6.5139,2375
6.5167,2207
6.5194,2072
6.5222,1966
6.5250,1906
6.5278,1857
6.5306,1842
6.5333,1843
6.5361,1825
6.5389,1788
6.5417,1741
6.5444,1685
6.5472,1621
6.5500,1580
6.5528,1554
6.5556,1540
6.5583,1550
6.5611,1560
6.5639,1561
6.5667,1574
6.5694,1564
6.5722,1568
6.5750,1568
6.5778,1568
6.5806,1560
6.5833,1563
6.5861,1554
6.5889,1555
6.5917,1558
6.5944,1574
6.5972,1579
6.6000,1593
6.6028,1592
6.6056,1584
6.6083,1569
6.6111,1568
6.6139,1573
6.6167,1580
6.6194,1590
6.6222,1594
6.6250,1600
6.6278,1592
6.6306,1592
6.6333,1594
6.6361,1600
6.6389,1602
6.6417,1597
6.6444,1584
6.6472,1581
6.6500,1559
6.6528,1577
6.6556,1589
6.6583,1601
6.6611,1610
6.6639,1600
6.6667,1611
6.6694,1627
6.6722,1642
6.6750,1635
6.6778,1637
6.6806,1626
6.6833,1611
6.6861,1613
6.6889,1627
6.6917,1643
6.6944,1665
6.6972,1679
6.7000,1783
6.7028,1780
6.7056,1778
6.7083,1791
6.7111,1799
6.7139,1810
6.7167,1812
6.7194,1809
6.7222,1804
6.7250,1783
6.7278,1774
6.7306,1746
6.7333,1726
6.7361,1717
6.7389,1720
6.7417,1737
6.7444,1730
6.7472,1718
6.7500,1709
6.7528,1690
6.7556,1690
6.7583,1679
6.7611,1683
6.7639,1680
6.7667,1681
6.7694,1665
6.7722,1676
6.7750,1681
6.7778,1694
6.7806,1691
6.7833,1682
6.7861,1685
6.7889,1683
6.7917,1673
6.7944,1665
6.7972,1652
6.8000,1628
6.8028,1610
6.8056,1615
6.8083,1630
6.8111,1648
6.8139,1669
6.8167,1684
6.8194,1691
6.8222,1689
6.8250,1673
6.8278,1662
6.8306,1663
6.8333,1674
6.8361,1688
6.8389,1690
6.8417,1686
6.8444,1675
6.8472,1670
6.8500,1684
6.8528,1692
6.8556,1695
6.8583,1690
6.8611,1678
6.8639,1677
6.8667,1677
6.8694,1676
6.8722,1679
6.8750,1700
6.8778,1705
6.8806,1710
6.8833,1705
6.8861,1692
6.8889,1691
6.8917,1687
6.8944,1687
6.8972,1701
6.9000,1714
6.9028,1731
6.9056,1739
6.9083,1741
6.9111,1750
6.9139,1735
6.9167,1723
6.9194,1717
6.9222,1711
6.9250,1711
6.9278,1701
6.9306,1697
6.9333,1696
6.9361,1700
6.9389,1714
6.9417,1720
6.9444,1719
6.9472,1714
6.9500,1709
6.9528,1703
6.9556,1713
6.9583,1716
6.9611,1721
6.9639,1713
6.9667,1709
6.9694,1715
6.9722,1721
6.9750,1728
6.9778,1741
6.9806,1744
6.9833,1726
6.9861,1706
6.9889,1701
6.9917,1715
6.9944,1720
6.9972,1727
7.0000,1726
7.0028,1730
7.0056,1728
7.0083,1711
7.0111,1714
7.0139,1726
7.0167,1743
7.0194,1753
7.0222,1749
7.0250,1745
7.0278,1742
7.0306,1742
7.0333,1745
7.0361,1762
7.0389,1776
7.0417,1772
7.0444,1772
7.0472,1757
7.0500,1745
7.0528,1747
7.0556,1749
7.0583,1750
7.0611,1763
7.0639,1776
7.0667,1794
7.0694,1821
7.0722,1825
7.0750,1823
7.0778,1806
7.0806,1804
7.0833,1786
7.0861,1792
7.0889,1779
7.0917,1761
7.0944,1734
7.0972,1706
7.1000,1703
7.1028,1701
7.1056,1715
7.1083,1713
7.1111,1708
7.1139,1711
7.1167,1699
7.1194,1700
7.1222,1698
7.1250,1698
7.1278,1686
7.1306,1705
7.1333,1710
7.1361,1713
7.1389,1706
7.1417,1710
7.1444,1715
7.1472,1721
7.1500,1714
7.1528,1716
7.1556,1705
7.1583,1683
7.1611,1678
7.1639,1687
7.1667,1694
7.1694,1714
7.1722,1716
7.1750,1704
7.1778,1687
7.1806,1661
7.1833,1648
7.1861,1645
7.1889,1673
7.1917,1713
7.1944,1745
7.1972,1802
7.2000,1902
7.2028,2084
7.2056,2320
7.2083,2577
7.2111,2719
7.2139,2731
7.2167,2584
7.2194,2391
7.2222,2206
7.2250,2080
7.2278,2002
7.2306,1968
7.2333,1960
7.2361,1955
7.2389,1941
7.2417,1896
7.2444,1841
7.2472,1761
7.2500,1703
7.2528,1682
7.2556,1689
7.2583,1701
7.2611,1711
7.2639,1700
7.2667,1693
7.2694,1679
7.2722,1661
7.2750,1658
7.2778,1665
7.2806,1685
7.2833,1699
7.2861,1690
7.2889,1679
7.2917,1673
7.2944,1673
7.2972,1674
7.3000,1683
7.3028,1692
7.3056,1687
7.3083,1700
7.3111,1691
7.3139,1682
7.3167,1681
7.3194,1681
7.3222,1680
7.3250,1676
7.3278,1679
7.3306,1674
7.3333,1680
7.3361,1693
7.3389,1699
7.3417,1691
7.3444,1683
7.3472,1686
7.3500,1696
7.3528,1700
7.3556,1706
7.3583,1712
7.3611,1725
7.3639,1734
7.3667,1729
7.3694,1725
7.3722,1709
7.3750,1709
7.3778,1716
7.3806,1731
7.3833,1737
7.3861,1739
7.3889,1739
7.3917,1733
7.3944,1739
7.3972,1750
7.4000,1769
7.4028,1866
7.4056,1862
7.4083,1848
7.4111,1845
7.4139,1839
7.4167,1838
7.4194,1854
7.4222,1848
7.4250,1826
7.4278,1812
7.4306,1796
7.4333,1787
7.4361,1794
7.4389,1795
7.4417,1781
7.4444,1763
7.4472,1758
7.4500,1738
7.4528,1727
7.4556,1726
7.4583,1713
7.4611,1710
7.4639,1704
7.4667,1686
7.4694,1697
7.4722,1693
7.4750,1700
7.4778,1707
7.4806,1702
7.4833,1701
7.4861,1684
7.4889,1671
7.4917,1680
7.4944,1681
7.4972,1683
7.5000,1679
7.5028,1688
7.5056,1690
7.5083,1672
7.5111,1654
7.5139,1651
7.5167,1674
7.5194,1690
7.5222,1694
7.5250,1698
7.5278,1690
7.5306,1693
7.5333,1685
7.5361,1684
7.5389,1674
7.5417,1676
7.5444,1679
7.5472,1694
7.5500,1712
7.5528,1725
7.5556,1738
7.5583,1729
7.5611,1720
7.5639,1707
7.5667,1715
7.5694,1715
7.5722,1709
7.5750,1724
7.5778,1723
7.5806,1733
7.5833,1732
7.5861,1721
7.5889,1718
7.5917,1721
7.5944,1722
7.5972,1737
7.6000,1724
7.6028,1725
7.6056,1726
7.6083,1719
7.6111,1724
7.6139,1723
7.6167,1712
7.6194,1707
7.6222,1716
7.6250,1722
7.6278,1722
7.6306,1718
7.6333,1710
7.6361,1703
7.6389,1705
7.6417,1711
7.6444,1713
7.6472,1716
7.6500,1711
7.6528,1709
7.6556,1703
7.6583,1706
7.6611,1708
7.6639,1707
7.6667,1698
7.6694,1696
7.6722,1696
7.6750,1702
7.6778,1717
7.6806,1719
7.6833,1726
7.6861,1723
7.6889,1715
7.6917,1701
7.6944,1713
7.6972,1724
7.7000,1728
7.7028,1727
7.7056,1732
7.7083,1718
7.7111,1718
7.7139,1705
7.7167,1718
7.7194,1733
7.7222,1721
7.7250,1714
7.7278,1706
7.7306,1707
7.7333,1713
7.7361,1720
7.7389,1722
7.7417,1731
7.7444,1721
7.7472,1714
7.7500,1712
7.7528,1724
7.7556,1727
7.7583,1723
7.7611,1731
7.7639,1741
7.7667,1738
7.7694,1743
7.7722,1737
7.7750,1751
7.7778,1758
7.7806,1758
7.7833,1768
7.7861,1771
7.7889,1769
7.7917,1778
7.7944,1784
7.7972,1790
7.8000,1799
7.8028,1805
7.8056,1810
7.8083,1801
7.8111,1795
7.8139,1793
7.8167,1791
7.8194,1764
7.8222,1735
7.8250,1720
7.8278,1711
7.8306,1686
7.8333,1690
7.8361,1693
7.8389,1704
7.8417,1709
7.8444,1722
7.8472,1730
7.8500,1728
7.8528,1731
7.8556,1719
7.8583,1706
7.8611,1709
7.8639,1707
7.8667,1693
7.8694,1693
7.8722,1694
7.8750,1702
7.8778,1704
7.8806,1719
7.8833,1736
7.8861,1737
7.8889,1726
7.8917,1721
7.8944,1714
7.8972,1722
7.9000,1733
7.9028,1720
7.9056,1690
7.9083,1668
7.9111,1653
7.9139,1660
7.9167,1695
7.9194,1727
7.9222,1766
7.9250,1833
7.9278,1965
7.9306,2176
7.9333,2428
7.9361,2686
7.9389,2838
7.9417,2809
7.9444,2643
7.9472,2411
7.9500,2226
7.9528,2094
7.9556,2013
7.9583,1988
7.9611,1985
7.9639,1976
7.9667,1955
7.9694,1900
7.9722,1825
7.9750,1770
7.9778,1729
7.9806,1703
7.9833,1699
7.9861,1704
7.9889,1722
7.9917,1729
7.9944,1723
7.9972,1715
8.0000,1716
8.0028,1708
8.0056,1700
8.0083,1698
8.0111,1702
8.0139,1693
8.0167,1682
8.0194,1678
8.0222,1678
8.0250,1688
8.0278,1702
8.0306,1707
8.0333,1721
8.0361,1706
8.0389,1691
8.0417,1700
8.0444,1692
8.0472,1722
8.0500,1725
8.0528,1727
8.0556,1721
8.0583,1722
8.0611,1724
8.0639,1728
8.0667,1738
8.0694,1744
8.0722,1735
8.0750,1725
8.0778,1708
8.0806,1701
8.0833,1713
8.0861,1727
8.0889,1740
8.0917,1746
8.0944,1736
8.0972,1728
8.1000,1729
8.1028,1746
8.1056,1765
8.1083,1766
8.1111,1774
8.1139,1768
8.1167,1771
8.1194,1775
8.1222,1773
8.1250,1772
8.1278,1786
8.1306,1868
8.1333,1873
8.1361,1864
8.1389,1862
8.1417,1851
8.1444,1846
8.1472,1838
8.1500,1835
8.1528,1823
8.1556,1810
8.1583,1796
8.1611,1792
8.1639,1798
8.1667,1801
8.1694,1780
8.1722,1766
8.1750,1742
8.1778,1719
8.1806,1706
8.1833,1714
8.1861,1732
8.1889,1742
8.1917,1731
8.1944,1716
8.1972,1700
8.2000,1676
8.2028,1665
8.2056,1665
8.2083,1669
8.2111,1666
8.2139,1664
8.2167,1669
8.2194,1673
8.2222,1684
8.2250,1684
8.2278,1676
8.2306,1664
8.2333,1665
8.2361,1654
8.2389,1653
8.2417,1659
8.2444,1676
8.2472,1689
8.2500,1688
8.2528,1680
8.2556,1676
8.2583,1669
8.2611,1672
8.2639,1674
8.2667,1685
8.2694,1689
8.2722,1681
8.2750,1681
8.2778,1679
8.2806,1672
8.2833,1660
8.2861,1670
8.2889,1676
8.2917,1682
8.2944,1679
8.2972,1674
8.3000,1680
8.3028,1679
8.3056,1675
8.3083,1665
8.3111,1683
8.3139,1698
8.3167,1688
8.3194,1689
8.3222,1686
8.3250,1685
8.3278,1687
8.3306,1693
8.3333,1683
8.3361,1684
8.3389,1690
8.3417,1699
8.3444,1699
8.3472,1698
8.3500,1696
8.3528,1691
8.3556,1679
8.3583,1677
8.3611,1677
8.3639,1666
8.3667,1664
8.3694,1676
8.3722,1689
8.3750,1686
8.3778,1677
8.3806,1672
8.3833,1662
8.3861,1654
8.3889,1660
8.3917,1673
8.3944,1671
8.3972,1667
8.4000,1671
8.4028,1668
8.4056,1683
8.4083,1698
8.4111,1706
8.4139,1712
8.4167,1703
8.4194,1700
8.4222,1691
8.4250,1682
8.4278,1692
8.4306,1703
8.4333,1717
8.4361,1721
8.4389,1711
8.4417,1698
8.4444,1698
8.4472,1700
8.4500,1700
8.4528,1693
8.4556,1698
8.4583,1709
8.4611,1706
8.4639,1704
8.4667,1704
8.4694,1697
8.4722,1686
8.4750,1693
8.4778,1696
8.4806,1711
8.4833,1717
8.4861,1714
8.4889,1715
8.4917,1713
8.4944,1712
8.4972,1719
8.5000,1716
8.5028,1712
8.5056,1700
8.5083,1692
8.5111,1673
8.5139,1677
8.5167,1691
8.5194,1715
8.5222,1732
8.5250,1741
8.5278,1741
8.5306,1736
8.5333,1724
8.5361,1713
8.5389,1708
8.5417,1709
8.5444,1722
8.5472,1731
8.5500,1728
8.5528,1727
8.5556,1733
8.5583,1740
8.5611,1735
8.5639,1730
8.5667,1729
8.5694,1733
8.5722,1727
8.5750,1727
8.5778,1726
8.5806,1714
8.5833,1721
8.5861,1712
8.5889,1723
8.5917,1723
8.5944,1725
8.5972,1724
8.6000,1732
8.6028,1730
8.6056,1741
8.6083,1737
8.6111,1726
8.6139,1719
8.6167,1706
8.6194,1711
8.6222,1710
8.6250,1710
8.6278,1723
8.6306,1707
8.6333,1714
8.6361,1729
8.6389,1731
8.6417,1744
8.6444,1745
8.6472,1758
8.6500,1753
8.6528,1750
8.6556,1734
8.6583,1725
8.6611,1720
8.6639,1719
8.6667,1737
8.6694,1729
8.6722,1744
8.6750,1729
8.6778,1723
8.6806,1718
8.6833,1721
8.6861,1744
8.6889,1756
8.6917,1770
8.6944,1762
8.6972,1764
8.7000,1771
8.7028,1783
8.7056,1806
8.7083,1816
8.7111,1807
8.7139,1795
8.7167,1784
8.7194,1771
8.7222,1758
8.7250,1751
8.7278,1744
8.7306,1735
8.7333,1735
8.7361,1741
8.7389,1738
8.7417,1725
8.7444,1715
8.7472,1705
8.7500,1703
8.7528,1706
8.7556,1726
8.7583,1728
8.7611,1727
8.7639,1715
8.7667,1697
8.7694,1698
8.7722,1698
8.7750,1710
8.7778,1709
8.7806,1720
8.7833,1711
8.7861,1722
8.7889,1723
8.7917,1722
8.7944,1725
8.7972,1716
8.8000,1718
8.8028,1711
8.8056,1713
8.8083,1698
8.8111,1672
8.8139,1653
8.8167,1646
8.8194,1654
8.8222,1681
8.8250,1722
8.8278,1778
8.8306,1871
8.8333,2034
8.8361,2256
8.8389,2502
8.8417,2709
8.8444,2806
8.8472,2737
8.8500,2531
8.8528,2284
8.8556,2089
8.8583,1975
8.8611,1940
8.8639,1955
8.8667,1984
8.8694,1992
8.8722,1950
8.8750,1886
8.8778,1805
8.8806,1739
8.8833,1688
8.8861,1677
8.8889,1681
8.8917,1684
8.8944,1704
8.8972,1723
8.9000,1739
8.9028,1739
8.9056,1732
8.9083,1721
8.9111,1724
8.9139,1723
8.9167,1724
8.9194,1723
8.9222,1712
8.9250,1714
8.9278,1719
8.9306,1737
8.9333,1739
8.9361,1739
8.9389,1748
8.9417,1747
8.9444,1760
8.9472,1767
8.9500,1773
8.9528,1771
8.9556,1782
8.9583,1773
8.9611,1767
8.9639,1760
8.9667,1767
8.9694,1785
8.9722,1785
8.9750,1794
8.9778,1787
8.9806,1769
8.9833,1757
8.9861,1764
8.9889,1769
8.9917,1779
8.9944,1787
8.9972,1793
9.0000,1790
9.0028,1793
9.0056,1794
9.0083,1797
9.0111,1803
9.0139,1809
9.0167,1814
9.0194,1813
9.0222,1810
9.0250,1794
9.0278,1789
9.0306,1775
9.0333,1888
9.0361,1888
9.0389,1877
9.0417,1851
9.0444,1839
9.0472,1841
9.0500,1842
9.0528,1845
9.0556,1826
9.0583,1820
9.0611,1822
9.0639,1813
9.0667,1810
9.0694,1816
9.0722,1806
9.0750,1788
9.0778,1781
9.0806,1766
9.0833,1757
9.0861,1742
9.0889,1748
9.0917,1743
9.0944,1728
9.0972,1698
9.1000,1673
9.1028,1643
9.1056,1623
9.1083,1612
9.1111,1619
9.1139,1641
9.1167,1651
9.1194,1653
9.1222,1652
9.1250,1645
9.1278,1629
9.1306,1645
9.1333,1636
9.1361,1632
9.1389,1635
9.1417,1640
9.1444,1641
9.1472,1644
9.1500,1650
9.1528,1650
9.1556,1644
9.1583,1628
9.1611,1623
9.1639,1618
9.1667,1630
9.1694,1636
9.1722,1645
9.1750,1649
9.1778,1635
9.1806,1620
9.1833,1603
9.1861,1604
9.1889,1600
9.1917,1596
9.1944,1607
9.1972,1614
9.2000,1631
9.2028,1632
9.2056,1627
9.2083,1624
9.2111,1628
9.2139,1634
9.2167,1613
9.2194,1588
9.2222,1590
9.2250,1590
9.2278,1600
9.2306,1615
9.2333,1617
9.2361,1617
9.2389,1623
9.2417,1625
9.2444,1636
9.2472,1637
9.2500,1640
9.2528,1630
9.2556,1613
9.2583,1598
9.2611,1591
9.2639,1591
9.2667,1595
9.2694,1604
9.2722,1614
9.2750,1615
9.2778,1620
9.2806,1616
9.2833,1606
9.2861,1611
9.2889,1608
9.2917,1602
9.2944,1609
9.2972,1612
9.3000,1604
9.3028,1595
9.3056,1592
9.3083,1598
9.3111,1606
9.3139,1610
9.3167,1600
9.3194,1591
9.3222,1599
9.3250,1625
9.3278,1628
9.3306,1624
9.3333,1623
9.3361,1636
9.3389,1641
9.3417,1616
9.3444,1606
9.3472,1602
9.3500,1612
9.3528,1620
9.3556,1636
9.3583,1635
9.3611,1618
9.3639,1596
9.3667,1585
9.3694,1575
9.3722,1574
9.3750,1582
9.3778,1582
9.3806,1590
9.3833,1600
9.3861,1599
9.3889,1591
9.3917,1588
9.3944,1595
9.3972,1616
9.4000,1634
9.4028,1647
9.4056,1652
9.4083,1635
9.4111,1629
9.4139,1615
9.4167,1604
9.4194,1592
9.4222,1591
9.4250,1595
9.4278,1623
9.4306,1631
9.4333,1634
9.4361,1633
9.4389,1630
9.4417,1619
9.4444,1618
9.4472,1613
9.4500,1599
9.4528,1598
9.4556,1605
9.4583,1617
9.4611,1622
9.4639,1623
9.4667,1599
9.4694,1581
9.4722,1586
9.4750,1585
9.4778,1592
9.4806,1586
9.4833,1583
9.4861,1595
9.4889,1611
9.4917,1627
9.4944,1634
9.4972,1639
9.5000,1616
9.5028,1602
9.5056,1596
9.5083,1604
9.5111,1614
9.5139,1628
9.5167,1623
9.5194,1601
9.5222,1588
9.5250,1584
9.5278,1603
9.5306,1622
9.5333,1628
9.5361,1622
9.5389,1631
9.5417,1637
9.5444,1637
9.5472,1613
9.5500,1593
9.5528,1578
9.5556,1581
9.5583,1588
9.5611,1591
9.5639,1613
9.5667,1630
9.5694,1640
9.5722,1624
9.5750,1624
9.5778,1638
9.5806,1653
9.5833,1647
9.5861,1649
9.5889,1649
9.5917,1643
9.5944,1638
9.5972,1642
9.6000,1649
9.6028,1655
9.6056,1664
9.6083,1655
9.6111,1651
9.6139,1634
9.6167,1637
9.6194,1632
9.6222,1620
9.6250,1620
9.6278,1637
9.6306,1657
9.6333,1681
9.6361,1689
9.6389,1692
9.6417,1696
9.6444,1682
9.6472,1664
9.6500,1648
9.6528,1654
9.6556,1650
9.6583,1666
9.6611,1678
9.6639,1687
9.6667,1683
9.6694,1689
9.6722,1696
9.6750,1701
9.6778,1710
9.6806,1708
9.6833,1707
9.6861,1713
9.6889,1708
9.6917,1704
9.6944,1715
9.6972,1727
9.7000,1757
9.7028,1789
9.7056,1806
9.7083,1802
9.7111,1787
9.7139,1755
9.7167,1732
9.7194,1711
9.7222,1690
9.7250,1679
9.7278,1677
9.7306,1688
9.7333,1699
9.7361,1706
9.7389,1680
9.7417,1671
9.7444,1659
9.7472,1673
9.7500,1690
9.7528,1707
9.7556,1714
9.7583,1702
9.7611,1700
9.7639,1703
9.7667,1712
9.7694,1711
9.7722,1706
9.7750,1700
9.7778,1685
9.7806,1684
9.7833,1687
9.7861,1688
9.7889,1690
9.7917,1697
9.7944,1710
9.7972,1710
9.8000,1702
9.8028,1677
9.8056,1650
9.8083,1613
9.8111,1601
9.8139,1614
9.8167,1637
9.8194,1685
9.8222,1733
9.8250,1804
9.8278,1919
9.8306,2088
9.8333,2310
9.8361,2529
9.8389,2670
9.8417,2650
9.8444,2487
9.8472,2271
9.8500,2109
9.8528,1998
9.8556,1942
9.8583,1922
9.8611,1921
9.8639,1946
9.8667,1944
9.8694,1911
9.8722,1853
9.8750,1781
9.8778,1727
9.8806,1700
9.8833,1699
9.8861,1701
9.8889,1703
9.8917,1689
9.8944,1682
9.8972,1682
9.9000,1686
9.9028,1696
9.9056,1696
9.9083,1706
9.9111,1690
9.9139,1686
9.9167,1673
9.9194,1674
9.9222,1693
9.9250,1708
9.9278,1726
9.9306,1734
9.9333,1726
9.9361,1713
9.9389,1699
9.9417,1710
9.9444,1714
9.9472,1721
9.9500,1731
9.9528,1719
9.9556,1716
9.9583,1721
9.9611,1717
9.9639,1727
9.9667,1740
9.9694,1739
9.9722,1736
9.9750,1715
9.9778,1709
9.9806,1699
9.9833,1704
9.9861,1716
9.9889,1726
9.9917,1730
9.9944,1736
9.9972,1731
10.0000,1745
10.0028,1752
10.0056,1760
10.0083,1770
10.0111,1779
10.0139,1780
10.0167,1792
10.0194,1792
10.0222,1785
10.0250,1788
10.0278,1796
10.0306,1875
10.0333,1873
10.0361,1867
10.0389,1867
10.0417,1865
10.0444,1871
10.0472,1870
10.0500,1872
10.0528,1856
10.0556,1849
10.0583,1837
10.0611,1834
10.0639,1829
10.0667,1827
10.0694,1824
10.0722,1816
10.0750,1805
10.0778,1779
10.0806,1752
10.0833,1734
10.0861,1721
10.0889,1715
10.0917,1714
10.0944,1699
10.0972,1676
10.1000,1691
10.1028,1685
10.1056,1672
10.1083,1653
10.1111,1649
10.1139,1643
10.1167,1622
10.1194,1621
10.1222,1630
10.1250,1636
10.1278,1639
10.1306,1642
10.1333,1651
10.1361,1643
10.1389,1632
10.1417,1621
10.1444,1613
10.1472,1611
10.1500,1603
10.1528,1608
10.1556,1628
10.1583,1643
10.1611,1668
10.1639,1668
10.1667,1662
10.1694,1638
10.1722,1605
10.1750,1575
10.1778,1581
10.1806,1592
10.1833,1615
10.1861,1638
10.1889,1634
10.1917,1637
10.1944,1619
10.1972,1600
10.2000,1589
10.2028,1599
10.2056,1608
10.2083,1622
10.2111,1631
10.2139,1646
10.2167,1645
10.2194,1660
10.2222,1652
10.2250,1638
10.2278,1637
10.2306,1638
10.2333,1618
10.2361,1614
10.2389,1606
10.2417,1616
10.2444,1627
10.2472,1638
10.2500,1634
10.2528,1620
10.2556,1617
10.2583,1606
10.2611,1607
10.2639,1612
10.2667,1614
10.2694,1633
10.2722,1641
10.2750,1633
10.2778,1623
10.2806,1621
10.2833,1610
10.2861,1607
10.2889,1616
10.2917,1624
10.2944,1614
10.2972,1613
10.3000,1610
10.3028,1608
10.3056,1623
10.3083,1620
10.3111,1638
10.3139,1648
10.3167,1651
10.3194,1630
10.3222,1616
10.3250,1596
10.3278,1590
10.3306,1598
10.3333,1605
10.3361,1617
10.3389,1630
10.3417,1636
10.3444,1649
10.3472,1658
10.3500,1657
10.3528,1640
10.3556,1621
10.3583,1599
10.3611,1582
10.3639,1567
10.3667,1576
10.3694,1589
10.3722,1616
10.3750,1621
10.3778,1638
10.3806,1638
10.3833,1631
10.3861,1617
10.3889,1615
10.3917,1616
10.3944,1622
10.3972,1636
10.4000,1646
10.4028,1647
10.4056,1647
10.4083,1638
10.4111,1633
10.4139,1623
10.4167,1623
10.4194,1630
10.4222,1643
10.4250,1651
10.4278,1652
10.4306,1661
10.4333,1647
10.4361,1649
10.4389,1647
10.4417,1658
10.4444,1669
10.4472,1682
10.4500,1675
10.4528,1660
10.4556,1644
10.4583,1645
10.4611,1629
10.4639,1620
10.4667,1620
10.4694,1621
10.4722,1610
10.4750,1620
10.4778,1636
10.4806,1652
10.4833,1670
10.4861,1661
10.4889,1664
10.4917,1656
10.4944,1644
10.4972,1645
10.5000,1647
10.5028,1654
10.5056,1661
10.5083,1681
10.5111,1697
10.5139,1696
10.5167,1699
10.5194,1714
10.5222,1707
10.5250,1687
10.5278,1665
10.5306,1645
10.5333,1666
10.5361,1692
10.5389,1693
10.5417,1696
10.5444,1683
10.5472,1685
10.5500,1699
10.5528,1700
10.5556,1707
10.5583,1718
10.5611,1729
10.5639,1746
10.5667,1756
10.5694,1762
10.5722,1755
10.5750,1738
10.5778,1720
10.5806,1717
10.5833,1687
10.5861,1688
10.5889,1675
10.5917,1673
10.5944,1677
10.5972,1673
10.6000,1669
10.6028,1663
10.6056,1662
10.6083,1653
10.6111,1656
10.6139,1659
10.6167,1658
10.6194,1652
10.6222,1632
10.6250,1627
10.6278,1633
10.6306,1667
10.6333,1687
10.6361,1705
10.6389,1700
10.6417,1703
10.6444,1703
10.6472,1701
10.6500,1704
10.6528,1682
10.6556,1671
10.6583,1663
10.6611,1652
10.6639,1636
10.6667,1615
10.6694,1591
10.6722,1604
10.6750,1643
10.6778,1679
10.6806,1712
10.6833,1777
10.6861,1911
10.6889,2110
10.6917,2359
10.6944,2549
10.6972,2623
10.7000,2504
10.7028,2316
10.7056,2163
10.7083,2066
10.7111,2021
10.7139,1981
10.7167,1943
10.7194,1920
10.7222,1900
10.7250,1895
10.7278,1857
10.7306,1818
10.7333,1755
10.7361,1706
10.7389,1678
10.7417,1684
10.7444,1695
10.7472,1702
10.7500,1684
10.7528,1663
10.7556,1641
10.7583,1641
10.7611,1653
10.7639,1675
10.7667,1682
10.7694,1682
10.7722,1677
10.7750,1663
10.7778,1665
10.7806,1678
10.7833,1694
10.7861,1693
10.7889,1697
10.7917,1687
10.7944,1669
10.7972,1667
10.8000,1674
10.8028,1681
10.8056,1675
10.8083,1683
10.8111,1689
10.8139,1711
10.8167,1715
10.8194,1717
10.8222,1719
10.8250,1710
10.8278,1696
10.8306,1683
10.8333,1689
10.8361,1712
10.8389,1722
10.8417,1745
10.8444,1747
10.8472,1756
10.8500,1746
10.8528,1745
10.8556,1745
10.8583,1746
10.8611,1752
10.8639,1764
10.8667,1777
10.8694,1782
10.8722,1772
10.8750,1762
10.8778,1748
10.8806,1751
10.8833,1756
10.8861,1888
10.8889,1893
10.8917,1884
10.8944,1877
10.8972,1874
10.9000,1885
10.9028,1882
10.9056,1888
10.9083,1888
10.9111,1883
10.9139,1852
10.9167,1843
10.9194,1840
10.9222,1837
10.9250,1838
10.9278,1821
10.9306,1797
10.9333,1774
10.9361,1748
10.9389,1755
10.9417,1769
10.9444,1783
10.9472,1778
10.9500,1773
10.9528,1759
10.9556,1729
10.9583,1716
10.9611,1713
10.9639,1717
10.9667,1712
10.9694,1712
10.9722,1716
10.9750,1703
10.9778,1694
10.9806,1681
10.9833,1681
10.9861,1685
10.9889,1684
10.9917,1688
10.9944,1691
10.9972,1690
11.0000,1679
11.0028,1691
11.0056,1711
11.0083,1719
11.0111,1716
11.0139,1707
11.0167,1706
11.0194,1709
11.0222,1711
11.0250,1703
11.0278,1700
11.0306,1701
11.0333,1707
11.0361,1715
11.0389,1722
11.0417,1716
11.0444,1720
11.0472,1708
11.0500,1706
11.0528,1718
11.0556,1732
11.0583,1735
11.0611,1733
11.0639,1719
11.0667,1708
11.0694,1703
11.0722,1693
11.0750,1705
11.0778,1720
11.0806,1725
11.0833,1726
11.0861,1723
11.0889,1718
11.0917,1721
11.0944,1724
11.0972,1729
11.1000,1740
11.1028,1738
11.1056,1734
11.1083,1720
11.1111,1725
11.1139,1733
11.1167,1725
11.1194,1730
11.1222,1722
11.1250,1715
11.1278,1706
11.1306,1695
11.1333,1686
11.1361,1671
11.1389,1676
11.1417,1688
11.1444,1707
11.1472,1733
11.1500,1726
11.1528,1727
11.1556,1706
11.1583,1714
11.1611,1716
11.1639,1722
11.1667,1724
11.1694,1710
11.1722,1718
11.1750,1706
11.1778,1701
11.1806,1715
11.1833,1731
11.1861,1750
11.1889,1740
11.1917,1738
11.1944,1727
11.1972,1724
11.2000,1733
11.2028,1721
11.2056,1711
11.2083,1705
11.2111,1701
11.2139,1695
11.2167,1707
11.2194,1719
11.2222,1731
11.2250,1739
11.2278,1745
11.2306,1754
11.2333,1757
11.2361,1741
11.2389,1742
11.2417,1747
11.2444,1737
11.2472,1740
11.2500,1745
11.2528,1740
11.2556,1713
11.2583,1693
11.2611,1693
11.2639,1701
11.2667,1716
11.2694,1731
11.2722,1731
11.2750,1735
11.2778,1741
11.2806,1761
11.2833,1768
11.2861,1769
11.2889,1758
11.2917,1744
11.2944,1759
11.2972,1774
11.3000,1791
11.3028,1799
11.3056,1797
11.3083,1782
11.3111,1777
11.3139,1787
11.3167,1790
11.3194,1758
11.3222,1727
11.3250,1699
11.3278,1694
11.3306,1701
11.3333,1711
11.3361,1708
11.3389,1715
11.3417,1710
11.3444,1703
11.3472,1692
11.3500,1685
11.3528,1678
11.3556,1666
11.3583,1656
11.3611,1655
11.3639,1668
11.3667,1665
11.3694,1668
11.3722,1660
11.3750,1656
11.3778,1672
11.3806,1692
11.3833,1713
11.3861,1724
11.3889,1721
11.3917,1718
11.3944,1718
11.3972,1706
11.4000,1668
11.4028,1656
11.4056,1644
11.4083,1620
11.4111,1601
11.4139,1611
11.4167,1641
11.4194,1685
11.4222,1728
11.4250,1779
11.4278,1865
11.4306,2013
11.4333,2239
11.4361,2475
11.4389,2663
11.4417,2704
11.4444,2582
11.4472,2365
11.4500,2172
11.4528,2020
11.4556,1930
11.4583,1889
11.4611,1893
11.4639,1901
11.4667,1900
11.4694,1888
11.4722,1836
11.4750,1759
11.4778,1705
11.4806,1676
11.4833,1654
11.4861,1666
11.4889,1684
11.4917,1694
11.4944,1698
11.4972,1682
11.5000,1678
11.5028,1673
11.5056,1672
11.5083,1686
11.5111,1699
11.5139,1694
11.5167,1691
11.5194,1681
11.5222,1686
11.5250,1694
11.5278,1706
11.5306,1712
11.5333,1710
11.5361,1712
11.5389,1706
11.5417,1695
11.5444,1692
11.5472,1711
11.5500,1713
11.5528,1706
11.5556,1698
11.5583,1701
11.5611,1721
11.5639,1735
11.5667,1741
11.5694,1733
11.5722,1719
11.5750,1701
11.5778,1688
11.5806,1677
11.5833,1694
11.5861,1715
11.5889,1733
11.5917,1727
11.5944,1716
11.5972,1710
11.6000,1713
11.6028,1713
11.6056,1720
11.6083,1730
11.6111,1735
11.6139,1731
11.6167,1732
11.6194,1736
11.6222,1736
11.6250,1753
11.6278,1781
11.6306,1852
11.6333,1848
11.6361,1840
11.6389,1828
11.6417,1820
11.6444,1826
11.6472,1829
11.6500,1833
11.6528,1838
11.6556,1834
11.6583,1823
11.6611,1804
11.6639,1789
11.6667,1781
11.6694,1778
11.6722,1767
11.6750,1753
11.6778,1740
11.6806,1731
11.6833,1724
11.6861,1721
11.6889,1709
11.6917,1712
11.6944,1703
11.6972,1699
11.7000,1687
11.7028,1673
11.7056,1670
11.7083,1676
11.7111,1668
11.7139,1666
11.7167,1667
11.7194,1662
11.7222,1669
11.7250,1661
11.7278,1672
11.7306,1674
11.7333,1671
11.7361,1670
11.7389,1674
11.7417,1688
11.7444,1686
11.7472,1675
11.7500,1663
11.7528,1665
11.7556,1668
11.7583,1664
11.7611,1659
11.7639,1665
11.7667,1678
11.7694,1683
11.7722,1670
11.7750,1657
11.7778,1661
11.7806,1651
11.7833,1680
11.7861,1688
11.7889,1689
11.7917,1700
11.7944,1682
11.7972,1678
11.8000,1672
11.8028,1678
11.8056,1675
11.8083,1671
11.8111,1660
11.8139,1666
11.8167,1669
11.8194,1678
11.8222,1667
11.8250,1667
11.8278,1689
11.8306,1689
11.8333,1684
11.8361,1676
11.8389,1666
11.8417,1665
11.8444,1662
11.8472,1657
11.8500,1663
11.8528,1655
11.8556,1658
11.8583,1671
11.8611,1671
11.8639,1669
11.8667,1684
11.8694,1695
11.8722,1697
11.8750,1681
11.8778,1668
11.8806,1655
11.8833,1654
11.8861,1665
11.8889,1697
11.8917,1702
11.8944,1696
11.8972,1681
11.9000,1674
11.9028,1664
11.9056,1662
11.9083,1664
11.9111,1657
11.9139,1656
11.9167,1675
11.9194,1679
11.9222,1686
11.9250,1665
11.9278,1672
11.9306,1662
11.9333,1662
11.9361,1678
11.9389,1682
11.9417,1692
11.9444,1696
11.9472,1689
11.9500,1676
11.9528,1667
11.9556,1674
11.9583,1661
11.9611,1672
11.9639,1683
11.9667,1704
11.9694,1707
11.9722,1702
11.9750,1693
11.9778,1700
11.9806,1694
11.9833,1695
11.9861,1686
11.9889,1692
11.9917,1701
11.9944,1707
11.9972,1702
12.0000,1681
12.0028,1658
12.0056,1642
12.0083,1633
12.0111,1638
12.0139,1654
12.0167,1663
12.0194,1670
12.0222,1691
12.0250,1694
12.0278,1697
12.0306,1690
12.0333,1710
12.0361,1710
12.0389,1685
12.0417,1668
12.0444,1672
12.0472,1665
12.0500,1677
12.0528,1680
12.0556,1701
12.0583,1695
12.0611,1690
12.0639,1673
12.0667,1669
12.0694,1679
12.0722,1689
12.0750,1688
12.0778,1682
12.0806,1682
12.0833,1687
12.0861,1686
12.0889,1689
12.0917,1702
12.0944,1712
12.0972,1730
12.1000,1733
12.1028,1726
12.1056,1732
12.1083,1733
12.1111,1734
12.1139,1717
12.1167,1714
12.1194,1722
12.1222,1732
12.1250,1736
12.1278,1733
12.1306,1734
12.1333,1716
12.1361,1706
12.1389,1708
12.1417,1710
12.1444,1721
12.1472,1720
12.1500,1718
12.1528,1704
12.1556,1682
12.1583,1662
12.1611,1661
12.1639,1658
12.1667,1663
12.1694,1676
12.1722,1670
12.1750,1654
12.1778,1655
12.1806,1650
12.1833,1656
12.1861,1673
12.1889,1694
12.1917,1703
12.1944,1695
12.1972,1682
12.2000,1675
12.2028,1678
12.2056,1701
12.2083,1712
12.2111,1720
12.2139,1706
12.2167,1690
12.2194,1665
12.2222,1647
12.2250,1627
12.2278,1606
12.2306,1581
12.2333,1576
12.2361,1586
12.2389,1611
12.2417,1638
12.2444,1679
12.2472,1718
12.2500,1818
12.2528,1979
12.2556,2216
12.2583,2448
12.2611,2632
12.2639,2659
12.2667,2506
12.2694,2287
12.2722,2101
12.2750,1978
12.2778,1904
12.2806,1887
12.2833,1896
12.2861,1915
12.2889,1912
12.2917,1883
12.2944,1815
12.2972,1742
12.3000,1678
12.3028,1653
12.3056,1650
12.3083,1668
12.3111,1679
12.3139,1689
12.3167,1681
12.3194,1665
12.3222,1663
12.3250,1670
12.3278,1687
12.3306,1695
12.3333,1685
12.3361,1672
12.3389,1657
12.3417,1657
12.3444,1660
12.3472,1667
12.3500,1668
12.3528,1672
12.3556,1674
12.3583,1672
12.3611,1670
12.3639,1663
12.3667,1668
12.3694,1672
12.3722,1664
12.3750,1666
12.3778,1674
12.3806,1676
12.3833,1672
12.3861,1693
12.3889,1699
12.3917,1708
12.3944,1699
12.3972,1695
12.4000,1688
12.4028,1682
12.4056,1673
12.4083,1677
12.4111,1684
12.4139,1686
12.4167,1679
12.4194,1673
12.4222,1675
12.4250,1681
12.4278,1688
12.4306,1711
12.4333,1727
12.4361,1748
12.4389,1737
12.4417,1722
12.4444,1714
12.4472,1729
12.4500,1748
12.4528,1819
12.4556,1820
12.4583,1816
12.4611,1824
12.4639,1836
12.4667,1829
12.4694,1823
12.4722,1814
12.4750,1793
12.4778,1778
12.4806,1767
12.4833,1764
12.4861,1765
12.4889,1776
12.4917,1778
12.4944,1769
12.4972,1743
12.5000,1728
12.5028,1706
12.5056,1684
12.5083,1664
12.5111,1659
12.5139,1652
12.5167,1649
12.5194,1648
12.5222,1649
12.5250,1638
12.5278,1633
12.5306,1624
12.5333,1615
12.5361,1607
12.5389,1601
12.5417,1586
12.5444,1573
12.5472,1576
12.5500,1581
12.5528,1588
12.5556,1599
12.5583,1609
12.5611,1611
12.5639,1623
12.5667,1613
12.5694,1618
12.5722,1613
12.5750,1622
12.5778,1621
12.5806,1623
12.5833,1631
12.5861,1648
12.5889,1635
12.5917,1629
12.5944,1616
12.5972,1613
12.6000,1617
12.6028,1615
12.6056,1605
12.6083,1595
12.6111,1605
12.6139,1615
12.6167,1624
12.6194,1626
12.6222,1630
12.6250,1634
12.6278,1639
12.6306,1641
12.6333,1644
12.6361,1649
12.6389,1641
12.6417,1631
12.6444,1620
12.6472,1617
12.6500,1613
12.6528,1618
12.6556,1619
12.6583,1619
12.6611,1620
12.6639,1626
12.6667,1609
12.6694,1618
12.6722,1621
12.6750,1633
12.6778,1628
12.6806,1625
12.6833,1623
12.6861,1619
12.6889,1614
12.6917,1617
12.6944,1621
12.6972,1614
12.7000,1619
12.7028,1620
12.7056,1622
12.7083,1630
12.7111,1636
12.7139,1625
12.7167,1612
12.7194,1616
12.7222,1612
12.7250,1620
12.7278,1629
12.7306,1636
12.7333,1646
12.7361,1644
12.7389,1646
12.7417,1655
12.7444,1644
12.7472,1648
12.7500,1642
12.7528,1644
12.7556,1648
12.7583,1646
12.7611,1646
12.7639,1643
12.7667,1641
12.7694,1636
12.7722,1654
12.7750,1651
12.7778,1645
12.7806,1642
12.7833,1637
12.7861,1644
12.7889,1645
12.7917,1649
12.7944,1646
12.7972,1638
12.8000,1640
12.8028,1636
12.8056,1657
12.8083,1664
12.8111,1665
12.8139,1655
12.8167,1651
12.8194,1644
12.8222,1647
12.8250,1643
12.8278,1650
12.8306,1671
12.8333,1678
12.8361,1674
12.8389,1672
12.8417,1664
12.8444,1667
12.8472,1664
12.8500,1653
12.8528,1654
12.8556,1655
12.8583,1651
12.8611,1658
12.8639,1663
12.8667,1668
12.8694,1674
12.8722,1664
12.8750,1657
12.8778,1648
12.8806,1654
12.8833,1655
12.8861,1648
12.8889,1639
12.8917,1641
12.8944,1642
12.8972,1649
12.9000,1662
12.9028,1667
12.9056,1664
12.9083,1656
12.9111,1645
12.9139,1647
12.9167,1650
12.9194,1650
12.9222,1658
12.9250,1655
12.9278,1651
12.9306,1663
12.9333,1666
12.9361,1665
12.9389,1651
12.9417,1647
12.9444,1632
12.9472,1635
12.9500,1647
12.9528,1669
12.9556,1678
12.9583,1663
12.9611,1656
12.9639,1641
12.9667,1633
12.9694,1633
12.9722,1632
12.9750,1625
12.9778,1622
12.9806,1623
12.9833,1628
12.9861,1636
12.9889,1648
12.9917,1643
12.9944,1653
12.9972,1647
13.0000,1647
13.0028,1641
13.0056,1637
13.0083,1641
13.0111,1656
13.0139,1662
13.0167,1673
13.0194,1678
13.0222,1663
13.0250,1665
13.0278,1659
13.0306,1662
13.0333,1663
13.0361,1675
13.0389,1696
13.0417,1728
13.0444,1740
13.0472,1739
13.0500,1732
13.0528,1720
13.0556,1707
13.0583,1688
13.0611,1669
13.0639,1656
13.0667,1658
13.0694,1643
13.0722,1624
13.0750,1611
13.0778,1585
13.0806,1578
13.0833,1579
13.0861,1597
13.0889,1611
13.0917,1618
13.0944,1617
13.0972,1608
13.1000,1605
13.1028,1613
13.1056,1620
13.1083,1618
13.1111,1634
13.1139,1629
13.1167,1633
13.1194,1637
13.1222,1640
13.1250,1636
13.1278,1640
13.1306,1631
13.1333,1631
13.1361,1637
13.1389,1639
13.1417,1613
13.1444,1578
13.1472,1556
13.1500,1554
13.1528,1577
13.1556,1621
13.1583,1660
13.1611,1690
13.1639,1728
13.1667,1819
13.1694,1974
13.1722,2193
13.1750,2407
13.1778,2559
13.1806,2552
13.1833,2399
13.1861,2216
13.1889,2074
13.1917,1969
13.1944,1898
13.1972,1864
13.2000,1841
13.2028,1842
13.2056,1840
13.2083,1812
13.2111,1762
13.2139,1698
13.2167,1646
13.2194,1627
13.2222,1662
13.2250,1729
13.2278,1771
13.2306,1761
13.2333,1680
13.2361,1610
13.2389,1609
13.2417,1630
13.2444,1616
13.2472,1620
13.2500,1634
13.2528,1624
13.2556,1617
13.2583,1622
13.2611,1631
13.2639,1640
13.2667,1645
13.2694,1631
13.2722,1617
13.2750,1605
13.2778,1597
13.2806,1606
13.2833,1630
13.2861,1631
13.2889,1632
13.2917,1636
13.2944,1642
13.2972,1638
13.3000,1648
13.3028,1654
13.3056,1656
13.3083,1672
13.3111,1676
13.3139,1683
13.3167,1681
13.3194,1681
13.3222,1682
13.3250,1691
13.3278,1691
13.3306,1703
13.3333,1700
13.3361,1712
13.3389,1714
13.3417,1728
13.3444,1738
13.3472,1730
13.3500,1722
13.3528,1709
13.3556,1714
13.3583,1723
13.3611,1733
13.3639,1748
13.3667,1759
13.3694,1813
13.3722,1816
13.3750,1819
13.3778,1816
13.3806,1820
13.3833,1821
13.3861,1841
13.3889,1839
13.3917,1826
13.3944,1811
13.3972,1789
13.4000,1781
13.4028,1791
13.4056,1785
13.4083,1794
13.4111,1788
13.4139,1793
13.4167,1778
13.4194,1750
13.4222,1711
13.4250,1697
13.4278,1685
13.4306,1669
13.4333,1655
13.4361,1644
13.4389,1648
13.4417,1650
13.4444,1657
13.4472,1644
13.4500,1638
13.4528,1635
13.4556,1624
13.4583,1628
13.4611,1635
13.4639,1648
13.4667,1645
13.4694,1651
13.4722,1651
13.4750,1648
13.4778,1626
13.4806,1619
13.4833,1604
13.4861,1606
13.4889,1616
13.4917,1626
13.4944,1617
13.4972,1621
13.5000,1617
13.5028,1624
13.5056,1627
13.5083,1641
13.5111,1648
13.5139,1643
13.5167,1636
13.5194,1636
13.5222,1651
13.5250,1660
13.5278,1665
13.5306,1665
13.5333,1665
13.5361,1656
13.5389,1649
13.5417,1639
13.5444,1619
13.5472,1625
13.5500,1637
13.5528,1649
13.5556,1672
13.5583,1710
13.5611,1712
13.5639,1697
13.5667,1657
13.5694,1658
13.5722,1651
13.5750,1644
13.5778,1636
13.5806,1648
13.5833,1658
13.5861,1664
13.5889,1675
13.5917,1668
13.5944,1663
13.5972,1665
13.6000,1673
13.6028,1682
13.6056,1687
13.6083,1669
13.6111,1654
13.6139,1648
13.6167,1652
13.6194,1668
13.6222,1674
13.6250,1656
13.6278,1653
13.6306,1647
13.6333,1657
13.6361,1636
13.6389,1645
13.6417,1657
13.6444,1654
13.6472,1661
13.6500,1662
13.6528,1660
13.6556,1668
13.6583,1671
13.6611,1658
13.6639,1649
13.6667,1654
13.6694,1654
13.6722,1656
13.6750,1668
13.6778,1685
13.6806,1700
13.6833,1696
13.6861,1685
13.6889,1675
13.6917,1667
13.6944,1666
13.6972,1662
13.7000,1655
13.7028,1645
13.7056,1663
13.7083,1700
13.7111,1732
13.7139,1751
13.7167,1739
13.7194,1720
13.7222,1705
13.7250,1696
13.7278,1698
13.7306,1712
13.7333,1717
13.7361,1727
13.7389,1736
13.7417,1749
13.7444,1760
13.7472,1759
13.7500,1742
13.7528,1733
13.7556,1727
13.7583,1731
13.7611,1739
13.7639,1759
13.7667,1781
13.7694,1786
13.7722,1800
13.7750,1788
13.7778,1774
13.7806,1767
13.7833,1769
13.7861,1746
13.7889,1728
13.7917,1712
13.7944,1715
13.7972,1707
13.8000,1720
13.8028,1715
13.8056,1712
13.8083,1711
13.8111,1694
13.8139,1675
13.8167,1667
13.8194,1683
13.8222,1679
13.8250,1701
13.8278,1696
13.8306,1713
13.8333,1715
13.8361,1713
13.8389,1708
13.8417,1704
13.8444,1696
13.8472,1701
13.8500,1710
13.8528,1719
13.8556,1726
13.8583,1749
13.8611,1724
13.8639,1724
13.8667,1701
13.8694,1685
13.8722,1648
13.8750,1633
13.8778,1613
13.8806,1633
13.8833,1660
13.8861,1713
13.8889,1749
13.8917,1795
13.8944,1868
13.8972,1999
13.9000,2199
13.9028,2443
13.9056,2633
13.9083,2691
13.9111,2578
13.9139,2375
13.9167,2199
13.9194,2075
13.9222,2016
13.9250,1992
13.9278,1968
13.9306,1960
13.9333,1947
13.9361,1919
13.9389,1871
13.9417,1795
13.9444,1733
13.9472,1701
13.9500,1707
13.9528,1716
13.9556,1720
13.9583,1716
13.9611,1717
13.9639,1710
13.9667,1706
13.9694,1691
13.9722,1686
13.9750,1691
13.9778,1696
13.9806,1697
13.9833,1711
13.9861,1711
13.9889,1701
13.9917,1693
13.9944,1681
13.9972,1685
14.0000,1682
14.0028,1688
14.0056,1675
14.0083,1677
14.0111,1687
14.0139,1701
14.0167,1706
14.0194,1713
14.0222,1687
14.0250,1676
14.0278,1651
14.0306,1652
14.0333,1678
14.0361,1688
14.0389,1698
14.0417,1688
14.0444,1676
14.0472,1678
14.0500,1674
14.0528,1683
14.0556,1701
14.0583,1714
14.0611,1723
14.0639,1717
14.0667,1726
14.0694,1737
14.0722,1743
14.0750,1734
14.0778,1724
14.0806,1726
14.0833,1715
14.0861,1720
14.0889,1719
14.0917,1727
14.0944,1738
14.0972,1835
14.1000,1834
14.1028,1828
14.1056,1807
14.1083,1813
14.1111,1823
14.1139,1834
14.1167,1833
14.1194,1822
14.1222,1804
14.1250,1785
14.1278,1777
14.1306,1782
14.1333,1787
14.1361,1783
14.1389,1765
14.1417,1738
14.1444,1732
14.1472,1723
14.1500,1706
14.1528,1698
14.1556,1689
14.1583,1683
14.1611,1668
14.1639,1650
14.1667,1637
14.1694,1639
14.1722,1648
14.1750,1653
14.1778,1652
14.1806,1648
14.1833,1645
14.1861,1629
14.1889,1632
14.1917,1631
14.1944,1634
14.1972,1643
14.2000,1641
14.2028,1641
14.2056,1641
14.2083,1634
14.2111,1636
14.2139,1632
14.2167,1634
14.2194,1633
14.2222,1633
14.2250,1649
14.2278,1664
14.2306,1671
14.2333,1674
14.2361,1671
14.2389,1682
14.2417,1679
14.2444,1682
14.2472,1663
14.2500,1638
14.2528,1640
14.2556,1659
14.2583,1674
14.2611,1690
14.2639,1679
14.2667,1676
14.2694,1678
14.2722,1682
14.2750,1683
14.2778,1680
14.2806,1672
14.2833,1686
14.2861,1697
14.2889,1697
14.2917,1699
14.2944,1677
14.2972,1662
14.3000,1662
14.3028,1668
14.3056,1680
14.3083,1688
14.3111,1674
14.3139,1679
14.3167,1685
14.3194,1679
14.3222,1672
14.3250,1679
14.3278,1683
14.3306,1681
14.3333,1699
14.3361,1697
14.3389,1702
14.3417,1707
14.3444,1706
14.3472,1711
14.3500,1702
14.3528,1707
14.3556,1709
14.3583,1717
14.3611,1715
14.3639,1714
14.3667,1710
14.3694,1707
14.3722,1709
14.3750,1709
14.3778,1712
14.3806,1712
14.3833,1712
14.3861,1692
14.3889,1692
14.3917,1690
14.3944,1695
14.3972,1700
14.4000,1715
14.4028,1716
14.4056,1713
14.4083,1708
14.4111,1709
14.4139,1727
14.4167,1736
14.4194,1728
14.4222,1716
14.4250,1701
14.4278,1705
14.4306,1709
14.4333,1715
14.4361,1723
14.4389,1720
14.4417,1718
14.4444,1711
14.4472,1692
14.4500,1709
14.4528,1702
14.4556,1706
14.4583,1705
14.4611,1709
14.4639,1705
14.4667,1720
14.4694,1719
14.4722,1729
14.4750,1744
14.4778,1746
14.4806,1743
14.4833,1740
14.4861,1729
14.4889,1715
14.4917,1706
14.4944,1709
14.4972,1703
14.5000,1713
14.5028,1720
14.5056,1707
14.5083,1710
14.5111,1702
14.5139,1695
14.5167,1698
14.5194,1703
14.5222,1715
14.5250,1730
14.5278,1735
14.5306,1730
14.5333,1727
14.5361,1721
14.5389,1710
14.5417,1701
14.5444,1698
14.5472,1713
14.5500,1722
14.5528,1732
14.5556,1747
14.5583,1757
14.5611,1762
14.5639,1740
14.5667,1737
14.5694,1745
14.5722,1748
14.5750,1740
14.5778,1754
14.5806,1763
14.5833,1780
14.5861,1785
14.5889,1776
14.5917,1768
14.5944,1769
14.5972,1767
14.6000,1771
14.6028,1771
14.6056,1769
14.6083,1783
14.6111,1794
14.6139,1807
14.6167,1809
14.6194,1797
14.6222,1761
14.6250,1736
14.6278,1724
14.6306,1720
14.6333,1723
14.6361,1729
14.6389,1723
14.6417,1707
14.6444,1700
14.6472,1686
14.6500,1684
14.6528,1699
14.6556,1702
14.6583,1700
14.6611,1696
14.6639,1706
14.6667,1713
14.6694,1723
14.6722,1733
14.6750,1741
14.6778,1732
14.6806,1727
14.6833,1724
14.6861,1726
14.6889,1738
14.6917,1738
14.6944,1735
14.6972,1750
14.7000,1748
14.7028,1720
14.7056,1707
14.7083,1690
14.7111,1655
14.7139,1650
14.7167,1656
14.7194,1692
14.7222,1714
14.7250,1752
14.7278,1804
14.7306,1888
14.7333,2040
14.7361,2268
14.7389,2501
14.7417,2698
14.7444,2753
14.7472,2634
14.7500,2402
14.7528,2187
14.7556,2031
14.7583,1941
14.7611,1921
14.7639,1922
14.7667,1922
14.7694,1905
14.7722,1882
14.7750,1836
14.7778,1777
14.7806,1731
14.7833,1697
14.7861,1708
14.7889,1710
14.7917,1716
14.7944,1709
14.7972,1715
14.8000,1698
14.8028,1685
14.8056,1669
14.8083,1680
14.8111,1697
14.8139,1693
14.8167,1691
14.8194,1684
14.8222,1681
14.8250,1674
14.8278,1672
14.8306,1684
14.8333,1703
14.8361,1717
14.8389,1716
14.8417,1701
14.8444,1688
14.8472,1693
14.8500,1702
14.8528,1710
14.8556,1714
14.8583,1701
14.8611,1695
14.8639,1691
14.8667,1693
14.8694,1699
14.8722,1706
14.8750,1719
14.8778,1709
14.8806,1701
14.8833,1686
14.8861,1696
14.8889,1706
14.8917,1733
14.8944,1744
14.8972,1748
14.9000,1733
14.9028,1725
14.9056,1716
14.9083,1732
14.9111,1739
14.9139,1747
14.9167,1747
14.9194,1736
14.9222,1740
14.9250,1734
14.9278,1749
14.9306,1770
14.9333,1891
14.9361,1878
14.9389,1848
14.9417,1836
14.9444,1833
14.9472,1839
14.9500,1839
14.9528,1838
14.9556,1826
14.9583,1816
14.9611,1806
14.9639,1802
14.9667,1787
14.9694,1783
14.9722,1766
14.9750,1760
14.9778,1754
14.9806,1734
14.9833,1723
14.9861,1713
14.9889,1712
14.9917,1701
14.9944,1700
14.9972,1677
15.0000,1662
15.0028,1653
15.0056,1653
15.0083,1659
15.0111,1669
15.0139,1672
15.0167,1664
15.0194,1639
15.0222,1635
15.0250,1638
15.0278,1649
15.0306,1640
15.0333,1631
15.0361,1624
15.0389,1616
15.0417,1617
15.0444,1626
15.0472,1636
15.0500,1645
15.0528,1637
15.0556,1629
15.0583,1623
15.0611,1626
15.0639,1639
15.0667,1652
15.0694,1655
15.0722,1666
15.0750,1665
15.0778,1647
15.0806,1648
15.0833,1658
15.0861,1667
15.0889,1676
15.0917,1674
15.0944,1648
15.0972,1632
15.1000,1626
15.1028,1628
15.1056,1636
15.1083,1640
15.1111,1636
15.1139,1632
15.1167,1638
15.1194,1644
15.1222,1648
15.1250,1649
15.1278,1635
15.1306,1639
15.1333,1640
15.1361,1645
15.1389,1642
15.1417,1649
15.1444,1662
15.1472,1666
15.1500,1661
15.1528,1655
15.1556,1646
15.1583,1643
15.1611,1631
15.1639,1635
15.1667,1639
15.1694,1650
15.1722,1642
15.1750,1655
15.1778,1652
15.1806,1651
15.1833,1638
15.1861,1631
15.1889,1628
15.1917,1640
15.1944,1634
15.1972,1639
15.2000,1649
15.2028,1651
15.2056,1650
15.2083,1643
15.2111,1633
15.2139,1647
15.2167,1665
15.2194,1656
15.2222,1642
15.2250,1636
15.2278,1637
15.2306,1635
15.2333,1626
15.2361,1630
15.2389,1629
15.2417,1626
15.2444,1631
15.2472,1637
15.2500,1639
15.2528,1637
15.2556,1628
15.2583,1635
15.2611,1633
15.2639,1641
15.2667,1641
15.2694,1642
15.2722,1639
15.2750,1638
15.2778,1640
15.2806,1637
15.2833,1632
15.2861,1631
15.2889,1635
15.2917,1639
15.2944,1636
15.2972,1637
15.3000,1635
15.3028,1635
15.3056,1627
15.3083,1619
15.3111,1619
15.3139,1627
15.3167,1632
15.3194,1641
15.3222,1648
15.3250,1652
15.3278,1654
15.3306,1652
15.3333,1644
15.3361,1650
15.3389,1649
15.3417,1644
15.3444,1635
15.3472,1628
15.3500,1611
15.3528,1607
15.3556,1599
15.3583,1600
15.3611,1591
15.3639,1596
15.3667,1607
15.3694,1630
15.3722,1648
15.3750,1654
15.3778,1662
15.3806,1656
15.3833,1650
15.3861,1646
15.3889,1647
15.3917,1651
15.3944,1659
15.3972,1642
15.4000,1626
15.4028,1615
15.4056,1615
15.4083,1616
15.4111,1627
15.4139,1628
15.4167,1628
15.4194,1623
15.4222,1615
15.4250,1628
15.4278,1647
15.4306,1662
15.4333,1666
15.4361,1644
15.4389,1622
15.4417,1617
15.4444,1617
15.4472,1598
15.4500,1582
15.4528,1585
15.4556,1587
15.4583,1592
15.4611,1584
15.4639,1590
15.4667,1596
15.4694,1608
15.4722,1610
15.4750,1606
15.4778,1599
15.4806,1597
15.4833,1601
15.4861,1606
15.4889,1614
15.4917,1628
15.4944,1643
15.4972,1652
15.5000,1646
15.5028,1639
15.5056,1626
15.5083,1632
15.5111,1632
15.5139,1642
15.5167,1640
15.5194,1646
15.5222,1646
15.5250,1628
15.5278,1619
15.5306,1607
15.5333,1603
15.5361,1621
15.5389,1632
15.5417,1638
15.5444,1656
15.5472,1656
15.5500,1665
15.5528,1661
15.5556,1662
15.5583,1669
15.5611,1663
15.5639,1668
15.5667,1670
15.5694,1678
15.5722,1686
15.5750,1694
15.5778,1706
15.5806,1722
15.5833,1734
15.5861,1728
15.5889,1702
15.5917,1701
15.5944,1693
15.5972,1682
15.6000,1662
15.6028,1649
15.6056,1637
15.6083,1640
15.6111,1635
15.6139,1641
15.6167,1629
15.6194,1624
15.6222,1619
15.6250,1629
15.6278,1642
15.6306,1647
15.6333,1652
15.6361,1650
15.6389,1652
15.6417,1656
15.6444,1677
15.6472,1712
15.6500,1714
15.6528,1710
15.6556,1696
15.6583,1680
15.6611,1676
15.6639,1670
15.6667,1670
15.6694,1677
15.6722,1685
15.6750,1687
15.6778,1674
15.6806,1635
15.6833,1598
15.6861,1598
15.6889,1620
15.6917,1675
15.6944,1711
15.6972,1751
15.7000,1831
15.7028,1978
15.7056,2181
15.7083,2426
15.7111,2604
15.7139,2665
15.7167,2559
15.7194,2383
15.7222,2208
15.7250,2102
15.7278,2044
15.7306,1989
15.7333,1960
15.7361,1941
15.7389,1938
15.7417,1926
15.7444,1906
15.7472,1859
15.7500,1798
15.7528,1731
15.7556,1706
15.7583,1722
15.7611,1726
15.7639,1738
15.7667,1724
15.7694,1724
15.7722,1716
15.7750,1715
15.7778,1720
15.7806,1734
15.7833,1741
15.7861,1735
15.7889,1724
15.7917,1720
15.7944,1718
15.7972,1724
15.8000,1718
15.8028,1734
15.8056,1732
15.8083,1736
15.8111,1726
15.8139,1716
15.8167,1723
15.8194,1740
15.8222,1750
15.8250,1748
15.8278,1730
15.8306,1705
15.8333,1685
15.8361,1690
15.8389,1710
15.8417,1722
15.8444,1756
15.8472,1752
15.8500,1738
15.8528,1741
15.8556,1762
15.8583,1776
15.8611,1774
15.8639,1750
15.8667,1738
15.8694,1726
15.8722,1725
15.8750,1736
15.8778,1756
15.8806,1781
15.8833,1787
15.8861,1789
15.8889,1784
15.8917,1789
15.8944,1783
15.8972,1777
15.9000,1774
15.9028,1859
15.9056,1867
15.9083,1876
15.9111,1889
15.9139,1900
15.9167,1891
15.9194,1873
15.9222,1873
15.9250,1862
15.9278,1859
15.9306,1840
15.9333,1850
15.9361,1844
15.9389,1851
15.9417,1843
15.9444,1828
15.9472,1804
15.9500,1779
15.9528,1771
15.9556,1769
15.9583,1781
15.9611,1787
15.9639,1795
15.9667,1786
15.9694,1784
15.9722,1763
15.9750,1751
15.9778,1740
15.9806,1743
15.9833,1740
15.9861,1743
15.9889,1731
15.9917,1701
15.9944,1690
15.9972,1678
16.0000,1690
16.0028,1689
16.0056,1688
16.0083,1696
16.0111,1691
16.0139,1691
16.0167,1683
16.0194,1697
16.0222,1717
16.0250,1737
16.0278,1737
16.0306,1749
16.0333,1748
16.0361,1734
16.0389,1725
16.0417,1731
16.0444,1748
16.0472,1760
16.0500,1751
16.0528,1743
16.0556,1723
16.0583,1700
16.0611,1695
16.0639,1700
16.0667,1689
16.0694,1683
16.0722,1680
16.0750,1691
16.0778,1707
16.0806,1727
16.0833,1729
16.0861,1727
16.0889,1718
16.0917,1706
16.0944,1705
16.0972,1721
16.1000,1759
16.1028,1777
16.1056,1759
16.1083,1735
16.1111,1708
16.1139,1710
16.1167,1713
16.1194,1717
16.1222,1731
16.1250,1725
16.1278,1734
16.1306,1733
16.1333,1729
16.1361,1724
16.1389,1731
16.1417,1746
16.1444,1733
16.1472,1718
16.1500,1699
16.1528,1703
16.1556,1704
16.1583,1700
16.1611,1692
16.1639,1689
16.1667,1681
16.1694,1682
16.1722,1692
16.1750,1703
16.1778,1709
16.1806,1707
16.1833,1709
16.1861,1697
16.1889,1698
16.1917,1694
16.1944,1685
16.1972,1694
16.2000,1686
16.2028,1692
16.2056,1685
16.2083,1686
16.2111,1703
16.2139,1714
16.2167,1709
16.2194,1710
16.2222,1706
16.2250,1714
16.2278,1723
16.2306,1697
16.2333,1700
16.2361,1711
16.2389,1712
16.2417,1708
16.2444,1704
16.2472,1706
16.2500,1698
16.2528,1710
16.2556,1718
16.2583,1712
16.2611,1707
16.2639,1703
16.2667,1708
16.2694,1720
16.2722,1715
16.2750,1698
16.2778,1705
16.2806,1700
16.2833,1693
16.2861,1686
16.2889,1679
16.2917,1674
16.2944,1684
16.2972,1699
16.3000,1703
16.3028,1706
16.3056,1695
16.3083,1703
16.3111,1706
16.3139,1713
16.3167,1719
16.3194,1721
16.3222,1708
16.3250,1708
16.3278,1712
16.3306,1729
16.3333,1732
16.3361,1716
16.3389,1698
16.3417,1678
16.3444,1682
16.3472,1682
16.3500,1662
16.3528,1664
16.3556,1664
16.3583,1688
16.3611,1693
16.3639,1697
16.3667,1701
16.3694,1708
16.3722,1695
16.3750,1690
16.3778,1691
16.3806,1681
16.3833,1676
16.3861,1682
16.3889,1687
16.3917,1689
16.3944,1699
16.3972,1705
16.4000,1710
16.4028,1721
16.4056,1722
16.4083,1733
16.4111,1720
16.4139,1708
16.4167,1682
16.4194,1681
16.4222,1700
16.4250,1712
16.4278,1726
16.4306,1733
16.4333,1738
16.4361,1734
16.4389,1723
16.4417,1719
16.4444,1732
16.4472,1728
16.4500,1749
16.4528,1756
16.4556,1758
16.4583,1770
16.4611,1782
16.4639,1781
16.4667,1787
16.4694,1792
16.4722,1789
16.4750,1782
16.4778,1769
16.4806,1764
16.4833,1755
16.4861,1747
16.4889,1749
16.4917,1746
16.4944,1745
16.4972,1737
16.5000,1728
16.5028,1691
16.5056,1663
16.5083,1668
16.5111,1675
16.5139,1689
16.5167,1704
16.5194,1713
16.5222,1721
16.5250,1715
16.5278,1720
16.5306,1716
16.5333,1712
16.5361,1717
16.5389,1717
16.5417,1729
16.5444,1718
16.5472,1711
16.5500,1720
16.5528,1739
16.5556,1740
16.5583,1746
16.5611,1739
16.5639,1730
16.5667,1725
16.5694,1694
16.5722,1664
16.5750,1634
16.5778,1642
16.5806,1673
16.5833,1675
16.5861,1695
16.5889,1725
16.5917,1798
16.5944,1926
16.5972,2133
16.6000,2386
16.6028,2635
16.6056,2794
16.6083,2769
16.6111,2576
16.6139,2341
16.6167,2141
16.6194,2002
16.6222,1926
16.6250,1901
16.6278,1903
16.6306,1920
16.6333,1910
16.6361,1869
16.6389,1803
16.6417,1741
16.6444,1690
16.6472,1662
16.6500,1659
16.6528,1668
16.6556,1677
16.6583,1670
16.6611,1662
16.6639,1657
16.6667,1662
16.6694,1651
16.6722,1666
16.6750,1683
16.6778,1688
16.6806,1689
16.6833,1676
16.6861,1674
16.6889,1670
16.6917,1677
16.6944,1678
16.6972,1681
16.7000,1681
16.7028,1675
16.7056,1675
16.7083,1686
16.7111,1704
16.7139,1715
16.7167,1707
16.7194,1696
16.7222,1685
16.7250,1693
16.7278,1686
16.7306,1698
16.7333,1696
16.7361,1709
16.7389,1693
16.7417,1679
16.7444,1659
16.7472,1657
16.7500,1661
16.7528,1686
16.7556,1697
16.7583,1704
16.7611,1707
16.7639,1696
16.7667,1706
16.7694,1703
16.7722,1725
16.7750,1744
16.7778,1743
16.7806,1732
16.7833,1724
16.7861,1731
16.7889,1750
16.7917,1772
16.7944,1776
16.7972,1875
16.8000,1873
16.8028,1864
16.8056,1864
16.8083,1853
16.8111,1852
16.8139,1850
16.8167,1850
16.8194,1854
16.8222,1842
16.8250,1816
16.8278,1798
16.8306,1786
16.8333,1791
16.8361,1798
16.8389,1791
16.8417,1778
16.8444,1760
16.8472,1721
16.8500,1687
16.8528,1661
16.8556,1660
16.8583,1661
16.8611,1660
16.8639,1667
16.8667,1668
16.8694,1663
16.8722,1675
16.8750,1671
16.8778,1677
16.8806,1665
16.8833,1657
16.8861,1643
16.8889,1633
16.8917,1631
16.8944,1625
16.8972,1622
16.9000,1623
16.9028,1641
16.9056,1652
16.9083,1674
16.9111,1676
16.9139,1681
16.9167,1681
16.9194,1666
16.9222,1650
16.9250,1649
16.9278,1658
16.9306,1663
16.9333,1667
16.9361,1673
16.9389,1664
16.9417,1668
16.9444,1667
16.9472,1675
16.9500,1682
16.9528,1679
16.9556,1680
16.9583,1685
16.9611,1680
16.9639,1683
16.9667,1692
16.9694,1686
16.9722,1681
16.9750,1676
16.9778,1654
16.9806,1631
16.9833,1631
16.9861,1626
16.9889,1644
16.9917,1658
16.9944,1677
16.9972,1681
17.0000,1677
17.0028,1664
17.0056,1655
17.0083,1662
17.0111,1673
17.0139,1688
17.0167,1694
17.0194,1671
17.0222,1653
17.0250,1642
17.0278,1655
17.0306,1676
17.0333,1693
17.0361,1702
17.0389,1694
17.0417,1686
17.0444,1674
17.0472,1653
17.0500,1647
17.0528,1660
17.0556,1664
17.0583,1677
17.0611,1663
17.0639,1680
17.0667,1679
17.0694,1701
17.0722,1716
17.0750,1715
17.0778,1702
17.0806,1669
17.0833,1633
17.0861,1624
17.0889,1625
17.0917,1650
17.0944,1658
17.0972,1663
17.1000,1672
17.1028,1674
17.1056,1666
17.1083,1680
17.1111,1674
17.1139,1659
17.1167,1644
17.1194,1648
17.1222,1649
17.1250,1653
17.1278,1658
17.1306,1667
17.1333,1675
17.1361,1683
17.1389,1679
17.1417,1677
17.1444,1668
17.1472,1672
17.1500,1668
17.1528,1663
17.1556,1670
17.1583,1671
17.1611,1663
17.1639,1677
17.1667,1672
17.1694,1680
17.1722,1695
17.1750,1708
17.1778,1703
17.1806,1690
17.1833,1672
17.1861,1649
17.1889,1647
17.1917,1658
17.1944,1676
17.1972,1687
17.2000,1682
17.2028,1672
17.2056,1661
17.2083,1661
17.2111,1668
17.2139,1671
17.2167,1684
17.2194,1687
17.2222,1689
17.2250,1699
17.2278,1697
17.2306,1694
17.2333,1677
17.2361,1674
17.2389,1677
17.2417,1677
17.2444,1672
17.2472,1679
17.2500,1669
17.2528,1674
17.2556,1681
17.2583,1695
17.2611,1704
17.2639,1717
17.2667,1711
17.2694,1694
17.2722,1688
17.2750,1685
17.2778,1684
17.2806,1679
17.2833,1684
17.2861,1692
17.2889,1696
17.2917,1703
17.2944,1685
17.2972,1684
17.3000,1682
17.3028,1687
17.3056,1683
17.3083,1691
17.3111,1682
17.3139,1686
17.3167,1672
17.3194,1671
17.3222,1682
17.3250,1697
17.3278,1700
17.3306,1692
17.3333,1688
17.3361,1685
17.3389,1690
17.3417,1698
17.3444,1693
17.3472,1697
17.3500,1692
17.3528,1682
17.3556,1682
17.3583,1693
17.3611,1699
17.3639,1703
17.3667,1711
17.3694,1709
17.3722,1721
17.3750,1735
17.3778,1729
17.3806,1730
17.3833,1709
17.3861,1695
17.3889,1686
17.3917,1682
17.3944,1687
17.3972,1685
17.4000,1696
17.4028,1707
17.4056,1705
17.4083,1727
17.4111,1730
17.4139,1739
17.4167,1731
17.4194,1711
17.4222,1696
17.4250,1688
17.4278,1696
17.4306,1703
17.4333,1719
17.4361,1736
17.4389,1766
17.4417,1800
17.4444,1793
17.4472,1745
17.4500,1690
17.4528,1654
17.4556,1654
17.4583,1673
17.4611,1686
17.4639,1684
17.4667,1693
17.4694,1691
17.4722,1690
17.4750,1680
17.4778,1666
17.4806,1652
17.4833,1645
17.4861,1638
17.4889,1638
17.4917,1654
17.4944,1656
17.4972,1663
17.5000,1664
17.5028,1668
17.5056,1679
17.5083,1682
17.5111,1679
17.5139,1680
17.5167,1678
17.5194,1681
17.5222,1682
17.5250,1676
17.5278,1667
17.5306,1641
17.5333,1610
17.5361,1595
17.5389,1606
17.5417,1639
17.5444,1683
17.5472,1726
17.5500,1793
17.5528,1890
17.5556,2076
17.5583,2310
17.5611,2535
17.5639,2687
17.5667,2681
17.5694,2501
17.5722,2279
17.5750,2083
17.5778,1963
17.5806,1896
17.5833,1885
17.5861,1875
17.5889,1891
17.5917,1890
17.5944,1860
17.5972,1812
17.6000,1740
17.6028,1694
17.6056,1677
17.6083,1687
17.6111,1699
17.6139,1707
17.6167,1703
17.6194,1684
17.6222,1676
17.6250,1656
17.6278,1659
17.6306,1662
17.6333,1654
17.6361,1645
17.6389,1639
17.6417,1619
17.6444,1617
17.6472,1625
17.6500,1647
17.6528,1654
17.6556,1660
17.6583,1669
17.6611,1671
17.6639,1677
17.6667,1675
17.6694,1677
17.6722,1687
17.6750,1673
17.6778,1669
17.6806,1662
17.6833,1663
17.6861,1667
17.6889,1685
17.6917,1689
17.6944,1685
17.6972,1690
17.7000,1676
17.7028,1665
17.7056,1662
17.7083,1680
17.7111,1702
17.7139,1730
17.7167,1733
17.7194,1732
17.7222,1715
17.7250,1706
17.7278,1708
17.7306,1707
17.7333,1713
17.7361,1721
17.7389,1733
17.7417,1726
17.7444,1714
17.7472,1710
17.7500,1727
17.7528,1748
17.7556,1823
17.7583,1809
17.7611,1815
17.7639,1819
17.7667,1825
17.7694,1833
17.7722,1843
17.7750,1831
17.7778,1812
17.7806,1792
17.7833,1777
17.7861,1769
17.7889,1757
17.7917,1760
17.7944,1765
17.7972,1751
17.8000,1743
17.8028,1722
17.8056,1716
17.8083,1710
17.8111,1698
17.8139,1688
17.8167,1673
17.8194,1644
17.8222,1636
17.8250,1633
17.8278,1630
17.8306,1621
17.8333,1613
17.8361,1598
17.8389,1581
17.8417,1583
17.8444,1596
17.8472,1601
17.8500,1606
17.8528,1624
17.8556,1621
17.8583,1606
17.8611,1593
17.8639,1594
17.8667,1596
17.8694,1600
17.8722,1596
17.8750,1606
17.8778,1601
17.8806,1602
17.8833,1598
17.8861,1602
17.8889,1595
17.8917,1597
17.8944,1605
17.8972,1595
17.9000,1593
17.9028,1592
17.9056,1589
17.9083,1593
17.9111,1603
17.9139,1605
17.9167,1602
17.9194,1605
17.9222,1604
17.9250,1602
17.9278,1596
17.9306,1594
17.9333,1598
17.9361,1601
17.9389,1607
17.9417,1601
17.9444,1605
17.9472,1595
17.9500,1597
17.9528,1608
17.9556,1611
17.9583,1613
17.9611,1619
17.9639,1618
17.9667,1630
17.9694,1638
17.9722,1642
17.9750,1651
17.9778,1643
17.9806,1639
17.9833,1628
17.9861,1617
17.9889,1622
17.9917,1616
17.9944,1617
17.9972,1610
18.0000,1614
18.0028,1622
18.0056,1620
18.0083,1624
18.0111,1633
18.0139,1623
18.0167,1605
18.0194,1593
18.0222,1593
18.0250,1589
18.0278,1585
18.0306,1599
18.0333,1609
18.0361,1627
18.0389,1641
18.0417,1643
18.0444,1644
18.0472,1636
18.0500,1650
18.0528,1654
18.0556,1647
18.0583,1640
18.0611,1625
18.0639,1625
18.0667,1631
18.0694,1643
18.0722,1642
18.0750,1628
18.0778,1618
18.0806,1615
18.0833,1616
18.0861,1620
18.0889,1623
18.0917,1624
18.0944,1621
18.0972,1629
18.1000,1633
18.1028,1624
18.1056,1623
18.1083,1618
18.1111,1635
18.1139,1648
18.1167,1672
18.1194,1673
18.1222,1669
18.1250,1645
18.1278,1629
18.1306,1623
18.1333,1601
18.1361,1601
18.1389,1615
18.1417,1625
18.1444,1636
18.1472,1637
18.1500,1636
18.1528,1631
18.1556,1627
18.1583,1621
18.1611,1615
18.1639,1626
18.1667,1630
18.1694,1639
18.1722,1632
18.1750,1639
18.1778,1637
18.1806,1647
18.1833,1635
18.1861,1625
18.1889,1622
18.1917,1625
18.1944,1626
18.1972,1630
18.2000,1635
18.2028,1641
18.2056,1647
18.2083,1666
18.2111,1672
18.2139,1682
18.2167,1701
18.2194,1710
18.2222,1692
18.2250,1669
18.2278,1630
18.2306,1611
18.2333,1607
18.2361,1612
18.2389,1614
18.2417,1635
18.2444,1645
18.2472,1634
18.2500,1634
18.2528,1643
18.2556,1651
18.2583,1658
18.2611,1668
18.2639,1659
18.2667,1659
18.2694,1658
18.2722,1654
18.2750,1651
18.2778,1639
18.2806,1644
18.2833,1656
18.2861,1672
18.2889,1680
18.2917,1678
18.2944,1683
18.2972,1687
18.3000,1684
18.3028,1675
18.3056,1671
18.3083,1678
18.3111,1686
18.3139,1707
18.3167,1720
18.3194,1717
18.3222,1712
18.3250,1714
18.3278,1727
18.3306,1715
18.3333,1708
18.3361,1702
18.3389,1713
18.3417,1740
18.3444,1749
18.3472,1766
18.3500,1757
18.3528,1746
18.3556,1727
18.3583,1720
18.3611,1707
18.3639,1697
18.3667,1692
18.3694,1684
18.3722,1686
18.3750,1689
18.3778,1682
18.3806,1676
18.3833,1667
18.3861,1672
18.3889,1670
18.3917,1675
18.3944,1668
18.3972,1665
18.4000,1664
18.4028,1666
18.4056,1665
18.4083,1678
18.4111,1688
18.4139,1703
18.4167,1704
18.4194,1694
18.4222,1672
18.4250,1669
18.4278,1680
18.4306,1689
18.4333,1695
18.4361,1688
18.4389,1686
18.4417,1678
18.4444,1671
18.4472,1661
18.4500,1630
18.4528,1601
18.4556,1576
18.4583,1591
18.4611,1636
18.4639,1678
18.4667,1727
18.4694,1802
18.4722,1935
18.4750,2132
18.4778,2359
18.4806,2557
18.4833,2630
18.4861,2548
18.4889,2382
18.4917,2204
18.4944,2088
18.4972,2015
18.5000,1962
18.5028,1941
18.5056,1927
18.5083,1915
18.5111,1882
18.5139,1841
18.5167,1789
18.5194,1725
18.5222,1688
18.5250,1683
18.5278,1702
18.5306,1723
18.5333,1741
18.5361,1731
18.5389,1707
18.5417,1698
18.5444,1686
18.5472,1681
18.5500,1669
18.5528,1685
18.5556,1696
18.5583,1688
18.5611,1684
18.5639,1675
18.5667,1682
18.5694,1702
18.5722,1705
18.5750,1701
18.5778,1694
18.5806,1687
18.5833,1701
18.5861,1699
18.5889,1709
18.5917,1720
18.5944,1719
18.5972,1697
18.6000,1695
18.6028,1684
18.6056,1695
18.6083,1711
18.6111,1727
18.6139,1743
18.6167,1735
18.6194,1746
18.6222,1736
18.6250,1735
18.6278,1742
18.6306,1748
18.6333,1761
18.6361,1759
18.6389,1761
18.6417,1750
18.6444,1753
18.6472,1762
18.6500,1779
18.6528,1786
18.6556,1789
18.6583,1794
18.6611,1791
18.6639,1795
18.6667,1791
18.6694,1811
18.6722,1930
18.6750,1932
18.6778,1915
18.6806,1916
18.6833,1910
18.6861,1910
18.6889,1917
18.6917,1922
18.6944,1911
18.6972,1898
18.7000,1887
18.7028,1875
18.7056,1871
18.7083,1867
18.7111,1852
18.7139,1838
18.7167,1828
18.7194,1811
18.7222,1810
18.7250,1804
18.7278,1807
18.7306,1787
18.7333,1786
18.7361,1776
18.7389,1767
18.7417,1770
18.7444,1759
18.7472,1751
18.7500,1742
18.7528,1736
18.7556,1708
18.7583,1691
18.7611,1683
18.7639,1692
18.7667,1704
18.7694,1714
18.7722,1717
18.7750,1711
18.7778,1709
18.7806,1709
18.7833,1709
18.7861,1722
18.7889,1732
18.7917,1747
18.7944,1743
18.7972,1736
18.8000,1726
18.8028,1716
18.8056,1700
18.8083,1699
18.8111,1694
18.8139,1705
18.8167,1710
18.8194,1709
18.8222,1711
18.8250,1708
18.8278,1715
18.8306,1712
18.8333,1707
18.8361,1703
18.8389,1714
18.8417,1716
18.8444,1715
18.8472,1697
18.8500,1707
18.8528,1719
18.8556,1737
18.8583,1736
18.8611,1734
18.8639,1716
18.8667,1718
18.8694,1710
18.8722,1716
18.8750,1717
18.8778,1704
18.8806,1694
18.8833,1688
18.8861,1691
18.8889,1687
18.8917,1697
18.8944,1704
18.8972,1701
18.9000,1700
18.9028,1699
18.9056,1719
18.9083,1719
18.9111,1729
18.9139,1721
18.9167,1714
18.9194,1709
18.9222,1688
18.9250,1691
18.9278,1691
18.9306,1692
18.9333,1690
18.9361,1700
18.9389,1696
18.9417,1691
18.9444,1694
18.9472,1697
18.9500,1691
18.9528,1697
18.9556,1694
18.9583,1696
18.9611,1692
18.9639,1691
18.9667,1697
18.9694,1711
18.9722,1707
18.9750,1712
18.9778,1707
18.9806,1718
18.9833,1726
18.9861,1716
18.9889,1727
18.9917,1730
18.9944,1724
18.9972,1717
19.0000,1696
19.0028,1692
19.0056,1684
19.0083,1697
19.0111,1700
19.0139,1703
19.0167,1708
19.0194,1699
19.0222,1698
19.0250,1692
19.0278,1679
19.0306,1680
19.0333,1671
19.0361,1680
19.0389,1689
19.0417,1684
19.0444,1699
19.0472,1695
19.0500,1685
19.0528,1683
19.0556,1678
19.0583,1677
19.0611,1680
19.0639,1684
19.0667,1698
19.0694,1709
19.0722,1695
19.0750,1691
19.0778,1688
19.0806,1676
19.0833,1678
19.0861,1688
19.0889,1696
19.0917,1691
19.0944,1698
19.0972,1690
19.1000,1696
19.1028,1698
19.1056,1712
19.1083,1719
19.1111,1718
19.1139,1711
19.1167,1704
19.1194,1702
19.1222,1697
19.1250,1699
19.1278,1705
19.1306,1704
19.1333,1709
19.1361,1719
19.1389,1721
19.1417,1727
19.1444,1723
19.1472,1730
19.1500,1724
19.1528,1713
19.1556,1703
19.1583,1707
19.1611,1698
19.1639,1686
19.1667,1675
19.1694,1677
19.1722,1693
19.1750,1703
19.1778,1706
19.1806,1704
19.1833,1703
19.1861,1708
19.1889,1690
19.1917,1682
19.1944,1671
19.1972,1666
19.2000,1667
19.2028,1665
19.2056,1663
19.2083,1665
19.2111,1672
19.2139,1676
19.2167,1669
19.2194,1683
19.2222,1679
19.2250,1674
19.2278,1675
19.2306,1688
19.2333,1703
19.2361,1724
19.2389,1728
19.2417,1721
19.2444,1709
19.2472,1702
19.2500,1704
19.2528,1714
19.2556,1710
19.2583,1712
19.2611,1709
19.2639,1711
19.2667,1718
19.2694,1714
19.2722,1695
19.2750,1695
19.2778,1687
19.2806,1687
19.2833,1684
19.2861,1678
19.2889,1679
19.2917,1663
19.2944,1669
19.2972,1659
19.3000,1652
19.3028,1626
19.3056,1620
19.3083,1631
19.3111,1632
19.3139,1639
19.3167,1625
19.3194,1637
19.3222,1645
19.3250,1653
19.3278,1651
19.3306,1653
19.3333,1645
19.3361,1648
19.3389,1637
19.3417,1625
19.3444,1633
19.3472,1637
19.3500,1637
19.3528,1655
19.3556,1651
19.3583,1632
19.3611,1615
19.3639,1611
19.3667,1577
19.3694,1561
19.3722,1557
19.3750,1574
19.3778,1607
19.3806,1636
19.3833,1682
19.3861,1748
19.3889,1855
19.3917,2051
19.3944,2291
19.3972,2500
19.4000,2605
19.4028,2551
19.4056,2360
19.4083,2160
19.4111,1992
19.4139,1898
19.4167,1851
19.4194,1840
19.4222,1855
19.4250,1865
19.4278,1843
19.4306,1795
19.4333,1730
19.4361,1659
19.4389,1612
19.4417,1581
19.4444,1580
19.4472,1593
19.4500,1606
19.4528,1608
19.4556,1610
19.4583,1599
19.4611,1595
19.4639,1592
19.4667,1613
19.4694,1619
19.4722,1629
19.4750,1623
19.4778,1610
19.4806,1611
19.4833,1614
19.4861,1623
19.4889,1633
19.4917,1634
19.4944,1615
19.4972,1610
19.5000,1584
19.5028,1580
19.5056,1589
19.5083,1592
19.5111,1606
19.5139,1609
19.5167,1616
19.5194,1616
19.5222,1611
19.5250,1612
19.5278,1617
19.5306,1623
19.5333,1628
19.5361,1625
19.5389,1613
19.5417,1605
19.5444,1623
19.5472,1644
19.5500,1654
19.5528,1656
19.5556,1646
19.5583,1642
19.5611,1646
19.5639,1661
19.5667,1679
19.5694,1685
19.5722,1680
19.5750,1665
19.5778,1647
19.5806,1654
19.5833,1676
19.5861,1689
19.5889,1759
19.5917,1764
19.5944,1768
19.5972,1770
19.6000,1784
19.6028,1799
19.6056,1810
19.6083,1810
19.6111,1801
19.6139,1784
19.6167,1768
19.6194,1756
19.6222,1760
19.6250,1759
19.6278,1760
19.6306,1763
19.6333,1752
19.6361,1733
19.6389,1716
19.6417,1684
19.6444,1674
19.6472,1663
19.6500,1642
19.6528,1634
19.6556,1634
19.6583,1630
19.6611,1628
19.6639,1625
19.6667,1618
19.6694,1604
19.6722,1588
19.6750,1582
19.6778,1580
19.6806,1590
19.6833,1597
19.6861,1603
19.6889,1602
19.6917,1596
19.6944,1584
19.6972,1572
19.7000,1579
19.7028,1580
19.7056,1583
19.7083,1579
19.7111,1589
19.7139,1585
19.7167,1582
19.7194,1589
19.7222,1599
19.7250,1605
19.7278,1605
19.7306,1592
19.7333,1581
19.7361,1582
19.7389,1581
19.7417,1611
19.7444,1618
19.7472,1619
19.7500,1604
19.7528,1590
19.7556,1580
19.7583,1585
19.7611,1588
19.7639,1606
19.7667,1623
19.7694,1624
19.7722,1614
19.7750,1618
19.7778,1614
19.7806,1614
19.7833,1617
19.7861,1622
19.7889,1625
19.7917,1638
19.7944,1637
19.7972,1618
19.8000,1606
19.8028,1595
19.8056,1590
19.8083,1597
19.8111,1604
19.8139,1607
19.8167,1617
19.8194,1613
19.8222,1609
19.8250,1624
19.8278,1633
19.8306,1636
19.8333,1631
19.8361,1642
19.8389,1655
19.8417,1637
19.8444,1623
19.8472,1617
19.8500,1615
19.8528,1600
19.8556,1601
19.8583,1613
19.8611,1619
19.8639,1637
19.8667,1637
19.8694,1643
19.8722,1645
19.8750,1640
19.8778,1646
19.8806,1649
19.8833,1646
19.8861,1652
19.8889,1661
19.8917,1666
19.8944,1667
19.8972,1666
19.9000,1656
19.9028,1661
19.9056,1657
19.9083,1657
19.9111,1656
19.9139,1641
19.9167,1631
19.9194,1628
19.9222,1645
19.9250,1657
19.9278,1671
19.9306,1665
19.9333,1674
19.9361,1666
19.9389,1676
19.9417,1679
19.9444,1658
19.9472,1643
19.9500,1645
19.9528,1641
19.9556,1647
19.9583,1644
19.9611,1653
19.9639,1661
19.9667,1659
19.9694,1657
19.9722,1655
19.9750,1661
19.9778,1659
19.9806,1664
19.9833,1651
19.9861,1658
19.9889,1651
19.9917,1648
19.9944,1653
19.9972,1662
20.0000,1668
20.0028,1672
20.0056,1670
20.0083,1668
20.0111,1688
20.0139,1692
20.0167,1697
20.0194,1680
20.0222,1674
20.0250,1672
20.0278,1677
20.0306,1679
20.0333,1689
20.0361,1677
20.0389,1659
20.0417,1653
20.0444,1667
20.0472,1667
20.0500,1681
20.0528,1685
20.0556,1685
20.0583,1681
20.0611,1693
20.0639,1715
20.0667,1720
20.0694,1730
20.0722,1732
20.0750,1738
20.0778,1742
20.0806,1743
20.0833,1738
20.0861,1741
20.0889,1758
20.0917,1775
20.0944,1775
20.0972,1775
20.1000,1772
20.1028,1771
20.1056,1767
20.1083,1764
20.1111,1762
20.1139,1738
20.1167,1725
20.1194,1718
20.1222,1721
20.1250,1732
20.1278,1730
20.1306,1728
20.1333,1728
20.1361,1709
20.1389,1697
20.1417,1689
20.1444,1689
20.1472,1684
20.1500,1681
20.1528,1672
20.1556,1670
20.1583,1675
20.1611,1687
20.1639,1698
20.1667,1710
20.1694,1719
20.1722,1721
20.1750,1728
20.1778,1724
20.1806,1720
20.1833,1720
20.1861,1737
20.1889,1738
20.1917,1724
20.1944,1702
20.1972,1688
20.2000,1672
20.2028,1654
20.2056,1654
20.2083,1670
20.2111,1703
20.2139,1737
20.2167,1804
20.2194,1911
20.2222,2094
20.2250,2329
20.2278,2554
20.2306,2683
20.2333,2657
20.2361,2492
20.2389,2291
20.2417,2120
20.2444,2030
20.2472,1989
20.2500,1972
20.2528,1972
20.2556,1968
20.2583,1959
20.2611,1921
20.2639,1869
20.2667,1801
20.2694,1742
20.2722,1716
20.2750,1705
20.2778,1708
20.2806,1714
20.2833,1709
20.2861,1697
20.2889,1701
20.2917,1689
20.2944,1694
20.2972,1723
20.3000,1751
20.3028,1737
20.3056,1708
20.3083,1690
20.3111,1688
20.3139,1708
20.3167,1723
20.3194,1732
20.3222,1728
20.3250,1727
20.3278,1707
20.3306,1709
20.3333,1712
20.3361,1724
20.3389,1738
20.3417,1735
20.3444,1720
20.3472,1701
20.3500,1687
20.3528,1699
20.3556,1724
20.3583,1742
20.3611,1754
20.3639,1758
20.3667,1749
20.3694,1733
20.3722,1728
20.3750,1735
20.3778,1753
20.3806,1749
20.3833,1748
20.3861,1751
20.3889,1756
20.3917,1769
20.3944,1769
20.3972,1774
20.4000,1778
20.4028,1784
20.4056,1786
20.4083,1783
20.4111,1792
20.4139,1795
20.4167,1797
20.4194,1802
20.4222,1884
20.4250,1885
20.4278,1870
20.4306,1859
20.4333,1864
20.4361,1888
20.4389,1886
20.4417,1879
20.4444,1876
20.4472,1870
20.4500,1864
20.4528,1861
20.4556,1860
20.4583,1843
20.4611,1808
20.4639,1788
20.4667,1769
20.4694,1757
20.4722,1753
20.4750,1752
20.4778,1755
20.4806,1759
20.4833,1747
20.4861,1740
20.4889,1737
20.4917,1718
20.4944,1723
20.4972,1723
20.5000,1729
20.5028,1718
20.5056,1703
20.5083,1687
20.5111,1680
20.5139,1675
20.5167,1682
20.5194,1682
20.5222,1691
20.5250,1692
20.5278,1692
20.5306,1683
20.5333,1672
20.5361,1667
20.5389,1659
20.5417,1672
20.5444,1675
20.5472,1673
20.5500,1679
20.5528,1668
20.5556,1666
20.5583,1677
20.5611,1680
20.5639,1671
20.5667,1676
20.5694,1679
20.5722,1687
20.5750,1710
20.5778,1711
20.5806,1703
20.5833,1690
20.5861,1681
20.5889,1693
20.5917,1692
20.5944,1691
20.5972,1680
20.6000,1681
20.6028,1683
20.6056,1699
20.6083,1710
20.6111,1693
20.6139,1692
20.6167,1691
20.6194,1677
20.6222,1666
20.6250,1679
20.6278,1685
20.6306,1674
20.6333,1677
20.6361,1691
20.6389,1714
20.6417,1713
20.6444,1722
20.6472,1710
20.6500,1705
20.6528,1688
20.6556,1681
20.6583,1673
20.6611,1671
20.6639,1656
20.6667,1655
20.6694,1661
20.6722,1659
20.6750,1681
20.6778,1687
20.6806,1699
20.6833,1701
20.6861,1699
20.6889,1715
20.6917,1724
20.6944,1740
20.6972,1731
20.7000,1718
20.7028,1709
20.7056,1704
20.7083,1686
20.7111,1696
20.7139,1686
20.7167,1680
20.7194,1676
20.7222,1674
20.7250,1682
20.7278,1687
20.7306,1689
20.7333,1683
20.7361,1689
20.7389,1705
20.7417,1702
20.7444,1706
20.7472,1699
20.7500,1694
20.7528,1703
20.7556,1703
20.7583,1716
20.7611,1714
20.7639,1710
20.7667,1707
20.7694,1710
20.7722,1716
20.7750,1717
20.7778,1715
20.7806,1710
20.7833,1706
20.7861,1714
20.7889,1720
20.7917,1714
20.7944,1724
20.7972,1733
20.8000,1724
20.8028,1725
20.8056,1722
20.8083,1705
20.8111,1694
20.8139,1680
20.8167,1682
20.8194,1695
20.8222,1709
20.8250,1721
20.8278,1710
20.8306,1709
20.8333,1691
20.8361,1697
20.8389,1697
20.8417,1704
20.8444,1707
20.8472,1707
20.8500,1702
20.8528,1704
20.8556,1735
20.8583,1743
20.8611,1733
20.8639,1715
20.8667,1694
20.8694,1684
20.8722,1682
20.8750,1700
20.8778,1716
20.8806,1713
20.8833,1722
20.8861,1714
20.8889,1708
20.8917,1701
20.8944,1679
20.8972,1677
20.9000,1690
20.9028,1701
20.9056,1709
20.9083,1724
20.9111,1726
20.9139,1732
20.9167,1722
20.9194,1712
20.9222,1696
20.9250,1706
20.9278,1711
20.9306,1718
20.9333,1728
20.9361,1735
20.9389,1735
20.9417,1730
20.9444,1730
20.9472,1722
20.9500,1718
20.9528,1725
20.9556,1734
20.9583,1742
20.9611,1741
20.9639,1723
20.9667,1722
20.9694,1732
20.9722,1729
20.9750,1728
20.9778,1723
20.9806,1717
20.9833,1714
20.9861,1724
20.9889,1747
20.9917,1766
20.9944,1763
20.9972,1751
21.0000,1749
21.0028,1753
21.0056,1745
21.0083,1753
21.0111,1737
21.0139,1742
21.0167,1753
21.0194,1758
21.0222,1762
21.0250,1764
21.0278,1757
21.0306,1753
21.0333,1749
21.0361,1756
21.0389,1763
21.0417,1754
21.0444,1736
21.0472,1726
21.0500,1721
21.0528,1715
21.0556,1709
21.0583,1711
21.0611,1705
21.0639,1701
21.0667,1702
21.0694,1705
21.0722,1691
21.0750,1682
21.0778,1665
21.0806,1663
21.0833,1667
21.0861,1670
21.0889,1672
21.0917,1663
21.0944,1658
21.0972,1661
21.1000,1677
21.1028,1687
21.1056,1703
21.1083,1715
21.1111,1719
21.1139,1725
21.1167,1725
21.1194,1711
21.1222,1685
21.1250,1652
21.1278,1617
21.1306,1611
21.1333,1626
21.1361,1661
21.1389,1693
21.1417,1718
21.1444,1773
21.1472,1860
21.1500,2040
21.1528,2264
21.1556,2514
21.1583,2687
21.1611,2707
21.1639,2560
21.1667,2341
21.1694,2143
21.1722,2001
21.1750,1925
21.1778,1897
21.1806,1896
21.1833,1908
21.1861,1907
21.1889,1877
21.1917,1823
21.1944,1754
21.1972,1706
21.2000,1680
21.2028,1678
21.2056,1696
21.2083,1695
21.2111,1673
21.2139,1670
21.2167,1672
21.2194,1665
21.2222,1677
21.2250,1678
21.2278,1690
21.2306,1687
21.2333,1676
21.2361,1663
21.2389,1660
21.2417,1661
21.2444,1665
21.2472,1656
21.2500,1669
21.2528,1671
21.2556,1680
21.2583,1672
21.2611,1667
21.2639,1671
21.2667,1680
21.2694,1694
21.2722,1686
21.2750,1679
21.2778,1669
21.2806,1680
21.2833,1690
21.2861,1707
21.2889,1713
21.2917,1719
21.2944,1712
21.2972,1697
21.3000,1689
21.3028,1701
21.3056,1713
21.3083,1719
21.3111,1722
21.3139,1714
21.3167,1721
21.3194,1717
21.3222,1736
21.3250,1742
21.3278,1756
21.3306,1762
21.3333,1763
21.3361,1748
21.3389,1744
21.3417,1735
21.3444,1736
21.3472,1739
21.3500,1875
21.3528,1882
21.3556,1863
21.3583,1866
21.3611,1866
21.3639,1868
21.3667,1859
21.3694,1862
21.3722,1857
21.3750,1863
21.3778,1857
21.3806,1843
21.3833,1825
21.3861,1810
21.3889,1798
21.3917,1778
21.3944,1762
21.3972,1744
21.4000,1752
21.4028,1756
21.4056,1751
21.4083,1732
21.4111,1697
21.4139,1677
21.4167,1666
21.4194,1663
21.4222,1672
21.4250,1693
21.4278,1709
21.4306,1700
21.4333,1684
21.4361,1673
21.4389,1674
21.4417,1670
21.4444,1685
21.4472,1689
21.4500,1694
21.4528,1680
21.4556,1673
21.4583,1665
21.4611,1671
21.4639,1684
21.4667,1689
21.4694,1692
21.4722,1683
21.4750,1665
21.4778,1628
21.4806,1617
21.4833,1638
21.4861,1663
21.4889,1682
21.4917,1681
21.4944,1662
21.4972,1657
21.5000,1662
21.5028,1648
21.5056,1661
21.5083,1667
21.5111,1664
21.5139,1671
21.5167,1669
21.5194,1664
21.5222,1670
21.5250,1667
21.5278,1660
21.5306,1661
21.5333,1651
21.5361,1655
21.5389,1648
21.5417,1664
21.5444,1669
21.5472,1679
21.5500,1675
21.5528,1675
21.5556,1671
21.5583,1673
21.5611,1671
21.5639,1674
21.5667,1680
21.5694,1675
21.5722,1663
21.5750,1656
21.5778,1660
21.5806,1654
21.5833,1660
21.5861,1679
21.5889,1680
21.5917,1680
21.5944,1678
21.5972,1671
21.6000,1670
21.6028,1687
21.6056,1692
21.6083,1687
21.6111,1682
21.6139,1678
21.6167,1690
21.6194,1697
21.6222,1701
21.6250,1694
21.6278,1687
21.6306,1696
21.6333,1696
21.6361,1703
21.6389,1710
21.6417,1702
21.6444,1694
21.6472,1690
21.6500,1689
21.6528,1673
21.6556,1663
21.6583,1668
21.6611,1672
21.6639,1678
21.6667,1680
21.6694,1670
21.6722,1669
21.6750,1671
21.6778,1665
21.6806,1669
21.6833,1677
21.6861,1680
21.6889,1691
21.6917,1691
21.6944,1704
21.6972,1692
21.7000,1683
21.7028,1686
21.7056,1673
21.7083,1682
21.7111,1687
21.7139,1690
21.7167,1711
21.7194,1730
21.7222,1751
21.7250,1741
21.7278,1698
21.7306,1674
21.7333,1643
21.7361,1638
21.7389,1655
21.7417,1668
21.7444,1684
21.7472,1688
21.7500,1680
21.7528,1681
21.7556,1688
21.7583,1685
21.7611,1684
21.7639,1682
21.7667,1671
21.7694,1666
21.7722,1661
21.7750,1676
21.7778,1675
21.7806,1683
21.7833,1692
21.7861,1696
21.7889,1715
21.7917,1707
21.7944,1714
21.7972,1726
21.8000,1721
21.8028,1721
21.8056,1709
21.8083,1706
21.8111,1716
21.8139,1721
21.8167,1713
21.8194,1708
21.8222,1702
21.8250,1698
21.8278,1703
21.8306,1698
21.8333,1712
21.8361,1712
21.8389,1718
21.8417,1700
21.8444,1695
21.8472,1706
21.8500,1705
21.8528,1716
21.8556,1721
21.8583,1717
21.8611,1707
21.8639,1706
21.8667,1722
21.8694,1729
21.8722,1730
21.8750,1727
21.8778,1711
21.8806,1709
21.8833,1710
21.8861,1717
21.8889,1719
21.8917,1718
21.8944,1721
21.8972,1712
21.9000,1713
21.9028,1711
21.9056,1724
21.9083,1735
21.9111,1729
21.9139,1735
21.9167,1738
21.9194,1736
21.9222,1724
21.9250,1712
21.9278,1693
21.9306,1680
21.9333,1671
21.9361,1698
21.9389,1712
21.9417,1724
21.9444,1736
21.9472,1743
21.9500,1740
21.9528,1724
21.9556,1698
21.9583,1692
21.9611,1690
21.9639,1698
21.9667,1710
21.9694,1726
21.9722,1734
21.9750,1728
21.9778,1729
21.9806,1724
21.9833,1724
21.9861,1740
21.9889,1745
21.9917,1761
21.9944,1746
21.9972,1730
22.0000,1714
22.0028,1715
22.0056,1707
22.0083,1718
22.0111,1728
22.0139,1741
22.0167,1763
22.0194,1748
22.0222,1735
22.0250,1724
22.0278,1723
22.0306,1734
22.0333,1726
22.0361,1728
22.0389,1708
22.0417,1707
22.0444,1685
22.0472,1666
22.0500,1663
22.0528,1664
22.0556,1669
22.0583,1665
22.0611,1661
22.0639,1672
22.0667,1679
22.0694,1688
22.0722,1686
22.0750,1696
22.0778,1697
22.0806,1703
22.0833,1707
22.0861,1702
22.0889,1712
22.0917,1713
22.0944,1722
22.0972,1720
22.1000,1709
22.1028,1691
22.1056,1664
22.1083,1644
22.1111,1624
22.1139,1622
22.1167,1629
22.1194,1651
22.1222,1713
22.1250,1785
22.1278,1905
22.1306,2075
22.1333,2307
22.1361,2534
22.1389,2683
22.1417,2681
22.1444,2524
22.1472,2293
22.1500,2111
22.1528,1994
22.1556,1941
22.1583,1922
22.1611,1919
22.1639,1911
22.1667,1918
22.1694,1889
22.1722,1817
22.1750,1731
22.1778,1681
22.1806,1665
22.1833,1671
22.1861,1694
22.1889,1712
22.1917,1722
22.1944,1716
22.1972,1697
22.2000,1685
22.2028,1671
22.2056,1662
22.2083,1675
22.2111,1691
22.2139,1687
22.2167,1665
22.2194,1648
22.2222,1647
22.2250,1662
22.2278,1665
22.2306,1673
22.2333,1669
22.2361,1667
22.2389,1672
22.2417,1673
22.2444,1672
22.2472,1679
22.2500,1680
22.2528,1684
22.2556,1678
22.2583,1671
22.2611,1674
22.2639,1704
22.2667,1726
22.2694,1735
22.2722,1718
22.2750,1694
22.2778,1680
22.2806,1678
22.2833,1683
22.2861,1692
22.2889,1700
22.2917,1708
22.2944,1702
22.2972,1703
22.3000,1705
22.3028,1697
22.3056,1712
22.3083,1729
22.3111,1735
22.3139,1732
22.3167,1740
22.3194,1741
22.3222,1733
22.3250,1742
22.3278,1755
22.3306,1872
22.3333,1874
22.3361,1874
22.3389,1876
22.3417,1875
22.3444,1871
22.3472,1857
22.3500,1850
22.3528,1855
22.3556,1856
22.3583,1836
22.3611,1820
22.3639,1813
22.3667,1804
22.3694,1797
22.3722,1773
22.3750,1749
22.3778,1737
22.3806,1743
22.3833,1736
22.3861,1740
22.3889,1732
22.3917,1706
22.3944,1696
22.3972,1685
22.4000,1675
22.4028,1662
22.4056,1671
22.4083,1660
22.4111,1659
22.4139,1658
22.4167,1646
22.4194,1644
22.4222,1640
22.4250,1655
22.4278,1652
22.4306,1643
22.4333,1631
22.4361,1630
22.4389,1630
22.4417,1638
22.4444,1649
22.4472,1649
22.4500,1646
22.4528,1636
22.4556,1631
22.4583,1637
22.4611,1638
22.4639,1660
22.4667,1652
22.4694,1648
22.4722,1648
22.4750,1641
22.4778,1622
22.4806,1612
22.4833,1612
22.4861,1625
22.4889,1642
22.4917,1648
22.4944,1664
22.4972,1660
22.5000,1653
22.5028,1653
22.5056,1659
22.5083,1666
22.5111,1664
22.5139,1676
22.5167,1674
22.5194,1662
22.5222,1661
22.5250,1649
22.5278,1654
22.5306,1654
22.5333,1667
22.5361,1690
22.5389,1688
22.5417,1681
22.5444,1670
22.5472,1656
22.5500,1659
22.5528,1654
22.5556,1646
22.5583,1627
22.5611,1637
22.5639,1649
22.5667,1656
22.5694,1665
22.5722,1670
22.5750,1664
22.5778,1662
22.5806,1666
22.5833,1660
22.5861,1652
22.5889,1649
22.5917,1658
22.5944,1647
22.5972,1647
22.6000,1652
22.6028,1654
22.6056,1668
22.6083,1661
22.6111,1661
22.6139,1655
22.6167,1645
22.6194,1642
22.6222,1645
22.6250,1654
22.6278,1661
22.6306,1669
22.6333,1665
22.6361,1670
22.6389,1671
22.6417,1678
22.6444,1681
22.6472,1682
22.6500,1688
22.6528,1685
22.6556,1679
22.6583,1671
22.6611,1661
22.6639,1657
22.6667,1654
22.6694,1651
22.6722,1655
22.6750,1657
22.6778,1662
22.6806,1666
22.6833,1670
22.6861,1668
22.6889,1667
22.6917,1675
22.6944,1681
22.6972,1688
22.7000,1681
22.7028,1688
22.7056,1687
22.7083,1664
22.7111,1659
22.7139,1664
22.7167,1679
22.7194,1684
22.7222,1687
22.7250,1679
22.7278,1673
22.7306,1659
22.7333,1648
22.7361,1661
22.7389,1650
22.7417,1661
22.7444,1672
22.7472,1679
22.7500,1687
22.7528,1680
22.7556,1675
22.7583,1658
22.7611,1658
22.7639,1668
22.7667,1686
22.7694,1694
22.7722,1708
22.7750,1695
22.7778,1688
22.7806,1674
22.7833,1666
22.7861,1659
22.7889,1660
22.7917,1661
22.7944,1662
22.7972,1656
22.8000,1671
22.8028,1679
22.8056,1695
22.8083,1692
22.8111,1687
22.8139,1687
22.8167,1687
22.8194,1672
22.8222,1656
22.8250,1648
22.8278,1651
22.8306,1673
22.8333,1684
22.8361,1692
22.8389,1691
22.8417,1670
22.8444,1639
22.8472,1626
22.8500,1641
22.8528,1669
22.8556,1697
22.8583,1707
22.8611,1724
22.8639,1725
22.8667,1720
22.8694,1714
22.8722,1720
22.8750,1713
22.8778,1699
22.8806,1694
22.8833,1680
22.8861,1672
22.8889,1672
22.8917,1681
22.8944,1690
22.8972,1697
22.9000,1712
22.9028,1705
22.9056,1686
22.9083,1665
22.9111,1650
22.9139,1658
22.9167,1681
22.9194,1694
22.9222,1703
22.9250,1705
22.9278,1695
22.9306,1671
22.9333,1660
22.9361,1650
22.9389,1662
22.9417,1680
22.9444,1704
22.9472,1710
22.9500,1726
22.9528,1737
22.9556,1719
22.9583,1703
22.9611,1695
22.9639,1693
22.9667,1714
22.9694,1729
22.9722,1728
22.9750,1720
22.9778,1728
22.9806,1739
22.9833,1737
22.9861,1731
22.9889,1723
22.9917,1706
22.9944,1677
22.9972,1669
23.0000,1650
23.0028,1636
23.0056,1634
23.0083,1634
23.0111,1652
23.0139,1655
23.0167,1650
23.0194,1666
23.0222,1661
23.0250,1667
23.0278,1670
23.0306,1673
23.0333,1658
23.0361,1651
23.0389,1644
23.0417,1646
23.0444,1660
23.0472,1664
23.0500,1659
23.0528,1654
23.0556,1662
23.0583,1660
23.0611,1672
23.0639,1685
23.0667,1689
23.0694,1658
23.0722,1613
23.0750,1577
23.0778,1565
23.0806,1585
23.0833,1626
23.0861,1656
23.0889,1717
23.0917,1812
23.0944,1970
23.0972,2174
23.1000,2401
23.1028,2577
23.1056,2625
23.1083,2510
23.1111,2299
23.1139,2117
23.1167,1983
23.1194,1915
23.1222,1875
23.1250,1881
23.1278,1877
23.1306,1864
23.1333,1852
23.1361,1800
23.1389,1733
23.1417,1678
23.1444,1651
23.1472,1656
23.1500,1671
23.1528,1694
23.1556,1684
23.1583,1664
23.1611,1637
23.1639,1630
23.1667,1628
23.1694,1644
23.1722,1650
23.1750,1654
23.1778,1674
23.1806,1659
23.1833,1657
23.1861,1638
23.1889,1638
23.1917,1630
23.1944,1643
23.1972,1645
23.2000,1639
23.2028,1647
23.2056,1649
23.2083,1653
23.2111,1651
23.2139,1647
23.2167,1662
23.2194,1675
23.2222,1675
23.2250,1682
23.2278,1690
23.2306,1695
23.2333,1698
23.2361,1692
23.2389,1691
23.2417,1691
23.2444,1680
23.2472,1677
23.2500,1685
23.2528,1687
23.2556,1688
23.2583,1685
23.2611,1691
23.2639,1702
23.2667,1718
23.2694,1729
23.2722,1755
23.2750,1754
23.2778,1744
23.2806,1732
23.2833,1712
23.2861,1710
23.2889,1732
23.2917,1761
23.2944,1912
23.2972,1915
23.3000,1908
23.3028,1899
23.3056,1896
23.3083,1896
23.3111,1895
23.3139,1893
23.3167,1878
23.3194,1871
23.3222,1864
23.3250,1865
23.3278,1849
23.3306,1817
23.3333,1804
23.3361,1796
23.3389,1794
23.3417,1773
23.3444,1738
23.3472,1731
23.3500,1728
23.3528,1722
23.3556,1715
23.3583,1699
23.3611,1696
23.3639,1688
23.3667,1682
23.3694,1691
23.3722,1672
23.3750,1676
23.3778,1661
23.3806,1654
23.3833,1657
23.3861,1664
23.3889,1682
23.3917,1682
23.3944,1691
23.3972,1674
23.4000,1652
23.4028,1653
23.4056,1665
23.4083,1678
23.4111,1689
23.4139,1686
23.4167,1687
23.4194,1688
23.4222,1677
23.4250,1668
23.4278,1680
23.4306,1681
23.4333,1680
23.4361,1674
23.4389,1672
23.4417,1677
23.4444,1684
23.4472,1692
23.4500,1689
23.4528,1676
23.4556,1667
23.4583,1654
23.4611,1654
23.4639,1667
23.4667,1667
23.4694,1671
23.4722,1679
23.4750,1683
23.4778,1680
23.4806,1667
23.4833,1657
23.4861,1656
23.4889,1655
23.4917,1661
23.4944,1667
23.4972,1668
23.5000,1672
23.5028,1661
23.5056,1670
23.5083,1686
23.5111,1695
23.5139,1687
23.5167,1681
23.5194,1669
23.5222,1676
23.5250,1686
23.5278,1690
23.5306,1704
23.5333,1698
23.5361,1687
23.5389,1693
23.5417,1685
23.5444,1690
23.5472,1677
23.5500,1676
23.5528,1675
23.5556,1681
23.5583,1690
23.5611,1677
23.5639,1669
23.5667,1678
23.5694,1695
23.5722,1715
23.5750,1701
23.5778,1692
23.5806,1691
23.5833,1693
23.5861,1685
23.5889,1680
23.5917,1691
23.5944,1700
23.5972,1704
23.6000,1712
23.6028,1710
23.6056,1713
23.6083,1700
23.6111,1686
23.6139,1684
23.6167,1685
23.6194,1699
23.6222,1709
23.6250,1713
23.6278,1702
23.6306,1696
23.6333,1687
23.6361,1681
23.6389,1673
23.6417,1667
23.6444,1670
23.6472,1673
23.6500,1676
23.6528,1692
23.6556,1698
23.6583,1709
23.6611,1706
23.6639,1705
23.6667,1702
23.6694,1701
23.6722,1706
23.6750,1703
23.6778,1700
23.6806,1710
23.6833,1711
23.6861,1702
23.6889,1694
23.6917,1697
23.6944,1696
23.6972,1696
23.7000,1697
23.7028,1704
23.7056,1709
23.7083,1706
23.7111,1703
23.7139,1710
23.7167,1705
23.7194,1708
23.7222,1727
23.7250,1721
23.7278,1712
23.7306,1701
23.7333,1695
23.7361,1694
23.7389,1700
23.7417,1704
23.7444,1698
23.7472,1702
23.7500,1695
23.7528,1695
23.7556,1688
23.7583,1681
23.7611,1698
23.7639,1709
23.7667,1721
23.7694,1720
23.7722,1726
23.7750,1723
23.7778,1711
23.7806,1706
23.7833,1698
23.7861,1696
23.7889,1693
23.7917,1687
23.7944,1699
23.7972,1714
23.8000,1705
23.8028,1704
23.8056,1704
23.8083,1706
23.8111,1711
23.8139,1713
23.8167,1708
23.8194,1727
23.8222,1734
23.8250,1723
23.8278,1705
23.8306,1692
23.8333,1695
23.8361,1694
23.8389,1697
23.8417,1697
23.8444,1707
23.8472,1722
23.8500,1723
23.8528,1724
23.8556,1724
23.8583,1713
23.8611,1698
23.8639,1701
23.8667,1713
23.8694,1713
23.8722,1714
23.8750,1717
23.8778,1714
23.8806,1705
23.8833,1703
23.8861,1709
23.8889,1723
23.8917,1736
23.8944,1744
23.8972,1760
23.9000,1777
23.9028,1765
23.9056,1741
23.9083,1724
23.9111,1704
23.9139,1695
23.9167,1697
23.9194,1691
23.9222,1709
23.9250,1724
23.9278,1726
23.9306,1723
23.9333,1738
23.9361,1742
23.9389,1755
23.9417,1772
23.9444,1755
23.9472,1749
23.9500,1732
23.9528,1730
23.9556,1728
23.9583,1729
23.9611,1716
23.9639,1716
23.9667,1715
23.9694,1720
23.9722,1711
23.9750,1711
23.9778,1707
23.9806,1699
23.9833,1691
23.9861,1705
23.9889,1709
23.9917,1706
23.9944,1701
23.9972,1681
24.0000,1696
24.0028,1703
24.0056,1716
24.0083,1723
24.0111,1721
24.0139,1726
24.0167,1731
24.0194,1722
24.0222,1709
24.0250,1696
24.0278,1668
24.0306,1641
24.0333,1625
24.0361,1638
24.0389,1676
24.0417,1716
24.0444,1746
24.0472,1791
24.0500,1872
24.0528,2017
24.0556,2239
24.0583,2475
24.0611,2657
24.0639,2705
24.0667,2587
24.0694,2366
24.0722,2147
24.0750,1999
24.0778,1923
24.0806,1901
24.0833,1897
24.0861,1916
24.0889,1913
24.0917,1904
24.0944,1846
24.0972,1788
24.1000,1720
24.1028,1682
24.1056,1680
24.1083,1690
24.1111,1706
24.1139,1710
24.1167,1699
24.1194,1684
24.1222,1680
24.1250,1683
24.1278,1708
24.1306,1736
24.1333,1738
24.1361,1742
24.1389,1723
24.1417,1712
24.1444,1693
24.1472,1671
24.1500,1677
24.1528,1711
24.1556,1730
24.1583,1720
24.1611,1698
24.1639,1682
24.1667,1666
24.1694,1684
24.1722,1702
24.1750,1711
24.1778,1697
24.1806,1677
24.1833,1668
24.1861,1677
24.1889,1688
24.1917,1702
24.1944,1711
24.1972,1714
24.2000,1711
24.2028,1707
24.2056,1701
24.2083,1705
24.2111,1718
24.2139,1727
24.2167,1740
24.2194,1726
24.2222,1733
24.2250,1728
24.2278,1718
24.2306,1720
24.2333,1721
24.2361,1728
24.2389,1733
24.2417,1729
24.2444,1733
24.2472,1734
24.2500,1754
24.2528,1857
24.2556,1846
24.2583,1862
24.2611,1886
24.2639,1877
24.2667,1880
24.2694,1885
24.2722,1892
24.2750,1881
24.2778,1862
24.2806,1835
24.2833,1821
24.2861,1820
24.2889,1817
24.2917,1819
24.2944,1800
24.2972,1779
24.3000,1767
24.3028,1751
24.3056,1739
24.3083,1740
24.3111,1741
24.3139,1742
24.3167,1744
24.3194,1739
24.3222,1711
24.3250,1687
24.3278,1674
24.3306,1667
24.3333,1651
24.3361,1640
24.3389,1640
24.3417,1641
24.3444,1653
24.3472,1662
24.3500,1669
24.3528,1664
24.3556,1658
24.3583,1648
24.3611,1652
24.3639,1648
24.3667,1654
24.3694,1667
24.3722,1667
24.3750,1662
24.3778,1663
24.3806,1658
24.3833,1656
24.3861,1670
24.3889,1672
24.3917,1670
24.3944,1664
24.3972,1672
24.4000,1667
24.4028,1674
24.4056,1680
24.4083,1673
24.4111,1674
24.4139,1656
24.4167,1650
24.4194,1664
24.4222,1680
24.4250,1673
24.4278,1684
24.4306,1685
24.4333,1689
24.4361,1676
24.4389,1663
24.4417,1655
24.4444,1665
24.4472,1676
24.4500,1693
24.4528,1703
24.4556,1704
24.4583,1699
24.4611,1709
24.4639,1708
24.4667,1695
24.4694,1683
24.4722,1682
24.4750,1664
24.4778,1647
24.4806,1637
24.4833,1632
24.4861,1641
24.4889,1658
24.4917,1680
24.4944,1680
24.4972,1678
24.5000,1668
24.5028,1662
24.5056,1652
24.5083,1652
24.5111,1655
24.5139,1672
24.5167,1672
24.5194,1666
24.5222,1668
24.5250,1667
24.5278,1680
24.5306,1674
24.5333,1667
24.5361,1661
24.5389,1659
24.5417,1670
24.5444,1675
24.5472,1678
24.5500,1680
24.5528,1680
24.5556,1668
24.5583,1669
24.5611,1664
24.5639,1662
24.5667,1665
24.5694,1671
24.5722,1674
24.5750,1676
24.5778,1690
24.5806,1683
24.5833,1675
24.5861,1685
24.5889,1683
24.5917,1675
24.5944,1675
24.5972,1664
24.6000,1659
24.6028,1664
24.6056,1659
24.6083,1674
24.6111,1693
24.6139,1701
24.6167,1697
24.6194,1690
24.6222,1677
24.6250,1676
24.6278,1670
24.6306,1665
24.6333,1665
24.6361,1668
24.6389,1678
24.6417,1678
24.6444,1667
24.6472,1659
24.6500,1661
24.6528,1670
24.6556,1663
24.6583,1660
24.6611,1644
24.6639,1660
24.6667,1661
24.6694,1673
24.6722,1676
24.6750,1676
24.6778,1671
24.6806,1669
24.6833,1681
24.6861,1688
24.6889,1686
24.6917,1685
24.6944,1679
24.6972,1676
24.7000,1670
24.7028,1668
24.7056,1676
24.7083,1690
24.7111,1697
24.7139,1701
24.7167,1699
24.7194,1701
24.7222,1690
24.7250,1683
24.7278,1674
24.7306,1678
24.7333,1682
24.7361,1680
24.7389,1684
24.7417,1686
24.7444,1690
24.7472,1687
24.7500,1694
24.7528,1689
24.7556,1680
24.7583,1686
24.7611,1699
24.7639,1711
24.7667,1711
24.7694,1715
24.7722,1722
24.7750,1709
24.7778,1689
24.7806,1679
24.7833,1660
24.7861,1671
24.7889,1672
24.7917,1678
24.7944,1685
24.7972,1694
24.8000,1704
24.8028,1710
24.8056,1702
24.8083,1701
24.8111,1695
24.8139,1683
24.8167,1686
24.8194,1684
24.8222,1681
24.8250,1684
24.8278,1686
24.8306,1695
24.8333,1691
24.8361,1680
24.8389,1676
24.8417,1678
24.8444,1679
24.8472,1679
24.8500,1686
24.8528,1686
24.8556,1696
24.8583,1688
24.8611,1686
24.8639,1693
24.8667,1686
24.8694,1691
24.8722,1701
24.8750,1698
24.8778,1695
24.8806,1694
24.8833,1687
24.8861,1682
24.8889,1706
24.8917,1713
24.8944,1712
24.8972,1706
24.9000,1715
24.9028,1717
24.9056,1721
24.9083,1715
24.9111,1706
24.9139,1692
24.9167,1671
24.9194,1671
24.9222,1663
24.9250,1667
24.9278,1673
24.9306,1678
24.9333,1677
24.9361,1671
24.9389,1673
24.9417,1664
24.9444,1652
24.9472,1650
24.9500,1650
24.9528,1661
24.9556,1668
24.9583,1674
24.9611,1680
24.9639,1667
24.9667,1678
24.9694,1681
24.9722,1678
24.9750,1669
24.9778,1674
24.9806,1681
24.9833,1680
24.9861,1669
24.9889,1646
24.9917,1604
24.9944,1595
24.9972,1606
25.0000,1631
25.0028,1668
25.0056,1701
25.0083,1754
25.0111,1850
25.0139,2029
25.0167,2244
25.0194,2472
25.0222,2605
25.0250,2586
25.0278,2420
25.0306,2219
25.0333,2049
25.0361,1939
25.0389,1896
25.0417,1863
25.0444,1864
25.0472,1872
25.0500,1862
25.0528,1853
25.0556,1809
25.0583,1741
25.0611,1674
25.0639,1652
25.0667,1640
25.0694,1655
25.0722,1666
25.0750,1674
25.0778,1660
25.0806,1647
25.0833,1629
25.0861,1621
25.0889,1639
25.0917,1661
25.0944,1678
25.0972,1685
25.1000,1663
25.1028,1644
25.1056,1640
25.1083,1642
25.1111,1656
25.1139,1660
25.1167,1663
25.1194,1652
25.1222,1643
25.1250,1649
25.1278,1660
25.1306,1678
25.1333,1692
25.1361,1691
25.1389,1674
25.1417,1674
25.1444,1673
25.1472,1682
25.1500,1682
25.1528,1674
25.1556,1657
25.1583,1657
25.1611,1659
25.1639,1649
25.1667,1652
25.1694,1675
25.1722,1697
25.1750,1708
25.1778,1697
25.1806,1692
25.1833,1695
25.1861,1714
25.1889,1713
25.1917,1718
25.1944,1715
25.1972,1703
25.2000,1693
25.2028,1697
25.2056,1714
25.2083,1738
25.2111,1760
25.2139,1855
25.2167,1848
25.2194,1842
25.2222,1842
25.2250,1850
25.2278,1865
25.2306,1874
25.2333,1866
25.2361,1847
25.2389,1837
25.2417,1827
25.2444,1813
25.2472,1807
25.2500,1788
25.2528,1799
25.2556,1802
25.2583,1786
25.2611,1764
25.2639,1740
25.2667,1725
25.2694,1715
25.2722,1698
25.2750,1691
25.2778,1679
25.2806,1672
25.2833,1677
25.2861,1679
25.2889,1679
25.2917,1666
25.2944,1660
25.2972,1676
25.3000,1673
25.3028,1661
25.3056,1643
25.3083,1639
25.3111,1629
25.3139,1626
25.3167,1629
25.3194,1628
25.3222,1630
25.3250,1634
25.3278,1650
25.3306,1645
25.3333,1648
25.3361,1641
25.3389,1633
25.3417,1635
25.3444,1639
25.3472,1649
25.3500,1629
25.3528,1617
25.3556,1623
25.3583,1637
25.3611,1640
25.3639,1651
25.3667,1665
25.3694,1665
25.3722,1665
25.3750,1665
25.3778,1648
25.3806,1626
25.3833,1631
25.3861,1638
25.3889,1662
25.3917,1666
25.3944,1673
25.3972,1657
25.4000,1629
25.4028,1629
25.4056,1644
25.4083,1666
25.4111,1668
25.4139,1671
25.4167,1674
25.4194,1682
25.4222,1685
25.4250,1696
25.4278,1680
25.4306,1667
25.4333,1658
25.4361,1657
25.4389,1668
25.4417,1671
25.4444,1680
25.4472,1686
25.4500,1694
25.4528,1685
25.4556,1679
25.4583,1679
25.4611,1678
25.4639,1677
25.4667,1679
25.4694,1683
25.4722,1692
25.4750,1716
25.4778,1714
25.4806,1695
25.4833,1688
25.4861,1682
25.4889,1685
25.4917,1684
25.4944,1676
25.4972,1672
25.5000,1674
25.5028,1697
25.5056,1707
25.5083,1715
25.5111,1716
25.5139,1707
25.5167,1675
25.5194,1680
25.5222,1683
25.5250,1695
25.5278,1690
25.5306,1694
25.5333,1695
25.5361,1682
25.5389,1684
25.5417,1683
25.5444,1692
25.5472,1702
25.5500,1713
25.5528,1712
25.5556,1712
25.5583,1714
25.5611,1712
25.5639,1725
25.5667,1719
25.5694,1719
25.5722,1715
25.5750,1712
25.5778,1701
25.5806,1694
25.5833,1693
25.5861,1703
25.5889,1706
25.5917,1704
25.5944,1700
25.5972,1685
25.6000,1694
25.6028,1698
25.6056,1702
25.6083,1706
25.6111,1703
25.6139,1703
25.6167,1698
25.6194,1701
25.6222,1710
25.6250,1717
25.6278,1716
25.6306,1719
25.6333,1706
25.6361,1702
25.6389,1687
25.6417,1666
25.6444,1668
25.6472,1692
25.6500,1706
25.6528,1725
25.6556,1720
25.6583,1724
25.6611,1721
25.6639,1714
25.6667,1710
25.6694,1702
25.6722,1699
25.6750,1708
25.6778,1726
25.6806,1736
25.6833,1745
25.6861,1721
25.6889,1710
25.6917,1711
25.6944,1711
25.6972,1724
25.7000,1731
25.7028,1736
25.7056,1725
25.7083,1704
25.7111,1704
25.7139,1708
25.7167,1702
25.7194,1693
25.7222,1698
25.7250,1704
25.7278,1717
25.7306,1726
25.7333,1721
25.7361,1725
25.7389,1718
25.7417,1701
25.7444,1707
25.7472,1702
25.7500,1711
25.7528,1716
25.7556,1721
25.7583,1724
25.7611,1729
25.7639,1731
25.7667,1725
25.7694,1721
25.7722,1713
25.7750,1713
25.7778,1717
25.7806,1720
25.7833,1726
25.7861,1730
25.7889,1726
25.7917,1735
25.7944,1740
25.7972,1740
25.8000,1760
25.8028,1759
25.8056,1760
25.8083,1752
25.8111,1745
25.8139,1748
25.8167,1746
25.8194,1743
25.8222,1733
25.8250,1736
25.8278,1726
25.8306,1711
25.8333,1702
25.8361,1692
25.8389,1700
25.8417,1692
25.8444,1690
25.8472,1677
25.8500,1676
25.8528,1692
25.8556,1714
25.8583,1726
25.8611,1724
25.8639,1716
25.8667,1708
25.8694,1699
25.8722,1704
25.8750,1711
25.8778,1724
25.8806,1729
25.8833,1711
25.8861,1716
25.8889,1711
25.8917,1704
25.8944,1673
25.8972,1652
25.9000,1630
25.9028,1649
25.9056,1691
25.9083,1741
25.9111,1792
25.9139,1866
25.9167,1994
25.9194,2185
25.9222,2406
25.9250,2601
25.9278,2672
25.9306,2576
25.9333,2353
25.9361,2170
25.9389,2022
25.9417,1944
25.9444,1922
25.9472,1924
25.9500,1942
25.9528,1950
25.9556,1929
25.9583,1884
25.9611,1808
25.9639,1745
25.9667,1700
25.9694,1693
25.9722,1686
25.9750,1691
25.9778,1691
25.9806,1694
25.9833,1697
25.9861,1696
25.9889,1697
25.9917,1700
25.9944,1709
25.9972,1702
26.0000,1682
26.0028,1677
26.0056,1681
26.0083,1681
26.0111,1704
26.0139,1713
26.0167,1722
26.0194,1715
26.0222,1715
26.0250,1708
26.0278,1708
26.0306,1696
26.0333,1700
26.0361,1717
26.0389,1715
26.0417,1705
26.0444,1702
26.0472,1697
26.0500,1693
26.0528,1707
26.0556,1713
26.0583,1730
26.0611,1734
26.0639,1732
26.0667,1721
26.0694,1724
26.0722,1733
26.0750,1745
26.0778,1749
26.0806,1751
26.0833,1741
26.0861,1746
26.0889,1745
26.0917,1739
26.0944,1744
26.0972,1748
26.1000,1767
26.1028,1763
26.1056,1756
26.1083,1760
26.1111,1774
26.1139,1796
26.1167,1896
26.1194,1894
26.1222,1884
26.1250,1869
26.1278,1864
26.1306,1866
26.1333,1871
26.1361,1881
26.1389,1880
26.1417,1877
26.1444,1858
26.1472,1826
26.1500,1807
26.1528,1799
26.1556,1797
26.1583,1792
26.1611,1770
26.1639,1760
26.1667,1748
26.1694,1738
26.1722,1731
26.1750,1712
26.1778,1715
26.1806,1717
26.1833,1705
26.1861,1688
26.1889,1680
26.1917,1686
26.1944,1686
26.1972,1694
26.2000,1688
26.2028,1677
26.2056,1662
26.2083,1657
26.2111,1653
26.2139,1662
26.2167,1666
26.2194,1675
26.2222,1673
26.2250,1675
26.2278,1674
26.2306,1683
26.2333,1688
26.2361,1677
26.2389,1666
26.2417,1654
26.2444,1655
26.2472,1636
26.2500,1624
26.2528,1630
26.2556,1645
26.2583,1660
26.2611,1666
26.2639,1669
26.2667,1683
26.2694,1676
26.2722,1684
26.2750,1673
26.2778,1658
26.2806,1675
26.2833,1683
26.2861,1686
26.2889,1672
26.2917,1664
26.2944,1663
26.2972,1666
26.3000,1668
26.3028,1670
26.3056,1665
26.3083,1668
26.3111,1670
26.3139,1678
26.3167,1673
26.3194,1669
26.3222,1669
26.3250,1661
26.3278,1668
26.3306,1675
26.3333,1677
26.3361,1679
26.3389,1684
26.3417,1684
26.3444,1673
26.3472,1674
26.3500,1670
26.3528,1681
26.3556,1675
26.3583,1672
26.3611,1677
26.3639,1687
26.3667,1689
26.3694,1679
26.3722,1665
26.3750,1663
26.3778,1662
26.3806,1655
26.3833,1650
26.3861,1664
26.3889,1679
26.3917,1688
26.3944,1696
26.3972,1700
26.4000,1689
26.4028,1670
26.4056,1665
26.4083,1657
26.4111,1672
26.4139,1675
26.4167,1661
26.4194,1664
26.4222,1674
26.4250,1691
26.4278,1681
26.4306,1666
26.4333,1664
26.4361,1671
26.4389,1685
26.4417,1688
26.4444,1683
26.4472,1686
26.4500,1694
26.4528,1699
26.4556,1693
26.4583,1691
26.4611,1693
26.4639,1689
26.4667,1668
26.4694,1665
26.4722,1661
26.4750,1672
26.4778,1677
26.4806,1680
26.4833,1681
26.4861,1679
26.4889,1684
26.4917,1682
26.4944,1682
26.4972,1681
26.5000,1689
26.5028,1703
26.5056,1704
26.5083,1687
26.5111,1679
26.5139,1676
26.5167,1673
26.5194,1669
26.5222,1671
26.5250,1672
26.5278,1699
26.5306,1702
26.5333,1692
26.5361,1692
26.5389,1691
26.5417,1697
26.5444,1706
26.5472,1692
26.5500,1686
26.5528,1690
26.5556,1709
26.5583,1706
26.5611,1691
26.5639,1683
26.5667,1698
26.5694,1715
26.5722,1716
26.5750,1713
26.5778,1699
26.5806,1692
26.5833,1688
26.5861,1689
26.5889,1693
26.5917,1695
26.5944,1702
26.5972,1701
26.6000,1698
26.6028,1697
26.6056,1697
26.6083,1692
26.6111,1684
26.6139,1684
26.6167,1683
26.6194,1689
26.6222,1690
26.6250,1686
26.6278,1690
26.6306,1698
26.6333,1707
26.6361,1707
26.6389,1706
26.6417,1695
26.6444,1689
26.6472,1694
26.6500,1697
26.6528,1705
26.6556,1714
26.6583,1714
26.6611,1712
26.6639,1716
26.6667,1707
26.6694,1698
26.6722,1698
26.6750,1706
26.6778,1713
26.6806,1725
26.6833,1743
26.6861,1738
26.6889,1736
26.6917,1712
26.6944,1717
26.6972,1713
26.7000,1727
26.7028,1725
26.7056,1727
26.7083,1736
26.7111,1750
26.7139,1754
26.7167,1756
26.7194,1731
26.7222,1708
26.7250,1691
26.7278,1692
26.7306,1696
26.7333,1705
26.7361,1714
26.7389,1704
26.7417,1697
26.7444,1681
26.7472,1685
26.7500,1682
26.7528,1696
26.7556,1699
26.7583,1695
26.7611,1698
26.7639,1693
26.7667,1692
26.7694,1691
26.7722,1695
26.7750,1696
26.7778,1690
26.7806,1692
26.7833,1693
26.7861,1705
26.7889,1702
26.7917,1707
26.7944,1701
26.7972,1697
26.8000,1684
26.8028,1678
26.8056,1643
26.8083,1617
26.8111,1621
26.8139,1629
26.8167,1666
26.8194,1715
26.8222,1738
26.8250,1789
26.8278,1878
26.8306,2033
26.8333,2262
26.8361,2490
26.8389,2646
26.8417,2649
26.8444,2508
26.8472,2287
26.8500,2093
26.8528,1982
26.8556,1910
26.8583,1906
26.8611,1914
26.8639,1928
26.8667,1921
26.8694,1884
26.8722,1833
26.8750,1767
26.8778,1706
26.8806,1674
26.8833,1671
26.8861,1693
26.8889,1719
26.8917,1727
26.8944,1717
26.8972,1703
26.9000,1686
26.9028,1688
26.9056,1685
26.9083,1700
26.9111,1699
26.9139,1691
26.9167,1662
26.9194,1650
26.9222,1645
26.9250,1664
26.9278,1680
26.9306,1690
26.9333,1698
26.9361,1693
26.9389,1677
26.9417,1666
26.9444,1675
26.9472,1678
26.9500,1682
26.9528,1681
26.9556,1685
26.9583,1672
26.9611,1674
26.9639,1688
26.9667,1705
26.9694,1715
26.9722,1709
26.9750,1700
26.9778,1695
26.9806,1684
26.9833,1687
26.9861,1699
26.9889,1712
26.9917,1711
26.9944,1710
26.9972,1715
27.0000,1720
27.0028,1733
27.0056,1742
27.0083,1732
27.0111,1727
27.0139,1730
27.0167,1739
27.0194,1752
27.0222,1755
27.0250,1754
27.0278,1759
27.0306,1850
27.0333,1846
27.0361,1842
27.0389,1840
27.0417,1844
27.0444,1844
27.0472,1839
27.0500,1831
27.0528,1840
27.0556,1840
27.0583,1826
27.0611,1806
27.0639,1802
27.0667,1793
27.0694,1801
27.0722,1796
27.0750,1760
27.0778,1729
27.0806,1709
27.0833,1708
27.0861,1713
27.0889,1718
27.0917,1706
27.0944,1693
27.0972,1673
27.1000,1643
27.1028,1636
27.1056,1641
27.1083,1653
27.1111,1652
27.1139,1648
27.1167,1636
27.1194,1635
27.1222,1634
27.1250,1637
27.1278,1635
27.1306,1640
27.1333,1635
27.1361,1624
27.1389,1613
27.1417,1618
27.1444,1615
27.1472,1614
27.1500,1607
27.1528,1602
27.1556,1600
27.1583,1601
27.1611,1614
27.1639,1630
27.1667,1628
27.1694,1618
27.1722,1613
27.1750,1607
27.1778,1631
27.1806,1642
27.1833,1657
27.1861,1658
27.1889,1654
27.1917,1648
27.1944,1633
27.1972,1635
27.2000,1629
27.2028,1636
27.2056,1647
27.2083,1659
27.2111,1649
27.2139,1643
27.2167,1631
27.2194,1644
27.2222,1647
27.2250,1644
27.2278,1660
27.2306,1654
27.2333,1655
27.2361,1646
27.2389,1647
27.2417,1646
27.2444,1645
27.2472,1649
27.2500,1654
27.2528,1645
27.2556,1638
27.2583,1639
27.2611,1635
27.2639,1645
27.2667,1638
27.2694,1637
27.2722,1636
27.2750,1646
27.2778,1642
27.2806,1646
27.2833,1655
27.2861,1664
27.2889,1657
27.2917,1648
27.2944,1642
27.2972,1648
27.3000,1655
27.3028,1653
27.3056,1656
27.3083,1665
27.3111,1665
27.3139,1651
27.3167,1657
27.3194,1656
27.3222,1666
27.3250,1659
27.3278,1655
27.3306,1665
27.3333,1665
27.3361,1664
27.3389,1647
27.3417,1630
27.3444,1625
27.3472,1626
27.3500,1644
27.3528,1668
27.3556,1675
27.3583,1678
27.3611,1680
27.3639,1662
27.3667,1647
27.3694,1639
27.3722,1634
27.3750,1641
27.3778,1669
27.3806,1675
27.3833,1675
27.3861,1677
27.3889,1668
27.3917,1658
27.3944,1650
27.3972,1660
27.4000,1653
27.4028,1667
27.4056,1669
27.4083,1681
27.4111,1684
27.4139,1683
27.4167,1676
27.4194,1663
27.4222,1677
27.4250,1685
27.4278,1685
27.4306,1691
27.4333,1690
27.4361,1699
27.4389,1685
27.4417,1666
27.4444,1660
27.4472,1658
27.4500,1659
27.4528,1665
27.4556,1668
27.4583,1674
27.4611,1668
27.4639,1658
27.4667,1664
27.4694,1676
27.4722,1692
27.4750,1692
27.4778,1689
27.4806,1689
27.4833,1688
27.4861,1688
27.4889,1675
27.4917,1669
27.4944,1670
27.4972,1668
27.5000,1672
27.5028,1682
27.5056,1680
27.5083,1685
27.5111,1687
27.5139,1682
27.5167,1676
27.5194,1673
27.5222,1675
27.5250,1685
27.5278,1692
27.5306,1694
27.5333,1692
27.5361,1680
27.5389,1676
27.5417,1685
27.5444,1690
27.5472,1692
27.5500,1687
27.5528,1693
27.5556,1704
27.5583,1716
27.5611,1714
27.5639,1717
27.5667,1706
27.5694,1703
27.5722,1687
27.5750,1685
27.5778,1681
27.5806,1692
27.5833,1699
27.5861,1713
27.5889,1715
27.5917,1712
27.5944,1699
27.5972,1689
27.6000,1684
27.6028,1688
27.6056,1710
27.6083,1722
27.6111,1724
27.6139,1706
27.6167,1709
27.6194,1714
27.6222,1717
27.6250,1723
27.6278,1736
27.6306,1740
27.6333,1726
27.6361,1711
27.6389,1695
27.6417,1688
27.6444,1706
27.6472,1716
27.6500,1720
27.6528,1717
27.6556,1734
27.6583,1745
27.6611,1754
27.6639,1748
27.6667,1726
27.6694,1711
27.6722,1706
27.6750,1714
27.6778,1716
27.6806,1704
27.6833,1704
27.6861,1696
27.6889,1687
27.6917,1682
27.6944,1682
27.6972,1685
27.7000,1696
27.7028,1698
27.7056,1698
27.7083,1685
27.7111,1690
27.7139,1685
27.7167,1682
27.7194,1679
27.7222,1685
27.7250,1681
27.7278,1680
27.7306,1692
27.7333,1695
27.7361,1690
27.7389,1687
27.7417,1689
27.7444,1682
27.7472,1667
27.7500,1644
27.7528,1632
27.7556,1619
27.7583,1631
27.7611,1660
27.7639,1692
27.7667,1739
27.7694,1824
27.7722,1978
27.7750,2197
27.7778,2438
27.7806,2618
27.7833,2691
27.7861,2583
27.7889,2374
27.7917,2160
27.7944,1988
27.7972,1897
27.8000,1861
27.8028,1881
27.8056,1900
27.8083,1905
27.8111,1881
27.8139,1847
27.8167,1784
27.8194,1705
27.8222,1649
27.8250,1628
27.8278,1640
27.8306,1667
27.8333,1682
27.8361,1675
27.8389,1655
27.8417,1638
27.8444,1641
27.8472,1636
27.8500,1645
27.8528,1648
27.8556,1654
27.8583,1659
27.8611,1664
27.8639,1653
27.8667,1660
27.8694,1687
27.8722,1673
27.8750,1657
27.8778,1648
27.8806,1644
27.8833,1647
27.8861,1654
27.8889,1658
27.8917,1669
27.8944,1682
27.8972,1680
27.9000,1672
27.9028,1664
27.9056,1668
27.9083,1671
27.9111,1676
27.9139,1676
27.9167,1678
27.9194,1676
27.9222,1685
27.9250,1683
27.9278,1693
27.9306,1716
27.9333,1730
27.9361,1725
27.9389,1703
27.9417,1687
27.9444,1675
27.9472,1699
27.9500,1709
27.9528,1708
27.9556,1723
27.9583,1714
27.9611,1729
27.9639,1741
27.9667,1751
27.9694,1756
27.9722,1855
27.9750,1846
27.9778,1851
27.9806,1843
27.9833,1843
27.9861,1833
27.9889,1835
27.9917,1844
27.9944,1853
27.9972,1856
28.0000,1852
28.0028,1831
28.0056,1810
28.0083,1791
28.0111,1773
28.0139,1763
28.0167,1754
28.0194,1740
28.0222,1728
28.0250,1709
28.0278,1704
28.0306,1712
28.0333,1707
28.0361,1697
28.0389,1697
28.0417,1681
28.0444,1682
28.0472,1685
28.0500,1686
28.0528,1685
28.0556,1685
28.0583,1673
28.0611,1662
28.0639,1659
28.0667,1660
28.0694,1663
28.0722,1663
28.0750,1644
28.0778,1630
28.0806,1611
28.0833,1609
28.0861,1611
28.0889,1619
28.0917,1628
28.0944,1630
28.0972,1628
28.1000,1620
28.1028,1626
28.1056,1635
28.1083,1640
28.1111,1645
28.1139,1640
28.1167,1626
28.1194,1626
28.1222,1637
28.1250,1659
28.1278,1665
28.1306,1664
28.1333,1660
28.1361,1652
28.1389,1648
28.1417,1634
28.1444,1636
28.1472,1649
28.1500,1656
28.1528,1672
28.1556,1675
28.1583,1680
28.1611,1676
28.1639,1671
28.1667,1667
28.1694,1663
28.1722,1661
28.1750,1647
28.1778,1642
28.1806,1631
28.1833,1623
28.1861,1636
28.1889,1647
28.1917,1663
28.1944,1663
28.1972,1654
28.2000,1648
28.2028,1636
28.2056,1645
28.2083,1647
28.2111,1640
28.2139,1643
28.2167,1636
28.2194,1625
28.2222,1629
28.2250,1635
28.2278,1650
28.2306,1666
28.2333,1661
28.2361,1661
28.2389,1656
28.2417,1650
28.2444,1651
28.2472,1660
28.2500,1667
28.2528,1668
28.2556,1677
28.2583,1663
28.2611,1647
28.2639,1638
28.2667,1644
28.2694,1650
28.2722,1665
28.2750,1670
28.2778,1671
28.2806,1667
28.2833,1658
28.2861,1650
28.2889,1647
28.2917,1648
28.2944,1649
28.2972,1647
28.3000,1651
28.3028,1664
28.3056,1648
28.3083,1649
28.3111,1660
28.3139,1657
28.3167,1664
28.3194,1675
28.3222,1672
28.3250,1677
28.3278,1676
28.3306,1669
28.3333,1665
28.3361,1678
28.3389,1674
28.3417,1683
28.3444,1666
28.3472,1663
28.3500,1674
28.3528,1684
28.3556,1676
28.3583,1677
28.3611,1669
28.3639,1669
28.3667,1681
28.3694,1679
28.3722,1682
28.3750,1683
28.3778,1689
28.3806,1683
28.3833,1678
28.3861,1680
28.3889,1687
28.3917,1694
28.3944,1689
28.3972,1670
28.4000,1663
28.4028,1669
28.4056,1689
28.4083,1694
28.4111,1699
28.4139,1695
28.4167,1686
28.4194,1682
28.4222,1670
28.4250,1664
28.4278,1672
28.4306,1691
28.4333,1707
28.4361,1727
28.4389,1724
28.4417,1712
28.4444,1700
28.4472,1696
28.4500,1705
28.4528,1692
28.4556,1684
28.4583,1685
28.4611,1692
28.4639,1700
28.4667,1700
28.4694,1682
28.4722,1655
28.4750,1652
28.4778,1661
28.4806,1677
28.4833,1693
28.4861,1691
28.4889,1688
28.4917,1685
28.4944,1679
28.4972,1689
28.5000,1686
28.5028,1695
28.5056,1698
28.5083,1707
28.5111,1706
28.5139,1713
28.5167,1716
28.5194,1716
28.5222,1702
28.5250,1698
28.5278,1701
28.5306,1707
28.5333,1714
28.5361,1714
28.5389,1724
28.5417,1721
28.5444,1725
28.5472,1724
28.5500,1704
28.5528,1702
28.5556,1694
28.5583,1683
28.5611,1680
28.5639,1684
28.5667,1686
28.5694,1697
28.5722,1715
28.5750,1704
28.5778,1710
28.5806,1719
28.5833,1734
28.5861,1730
28.5889,1717
28.5917,1723
28.5944,1728
28.5972,1725
28.6000,1720
28.6028,1718
28.6056,1712
28.6083,1707
28.6111,1720
28.6139,1725
28.6167,1727
28.6194,1736
28.6222,1736
28.6250,1725
28.6278,1712
28.6306,1704
28.6333,1706
28.6361,1701
28.6389,1687
28.6417,1692
28.6444,1685
28.6472,1682
28.6500,1684
28.6528,1692
28.6556,1702
28.6583,1712
28.6611,1718
28.6639,1722
28.6667,1711
28.6694,1698
28.6722,1686
28.6750,1682
28.6778,1689
28.6806,1695
28.6833,1700
28.6861,1706
28.6889,1707
28.6917,1715
28.6944,1712
28.6972,1700
28.7000,1678
28.7028,1659
28.7056,1640
28.7083,1637
28.7111,1644
28.7139,1670
28.7167,1704
28.7194,1755
28.7222,1832
28.7250,1948
28.7278,2140
28.7306,2373
28.7333,2583
28.7361,2666
28.7389,2604
28.7417,2413
28.7444,2193
28.7472,2040
28.7500,1947
28.7528,1906
28.7556,1903
28.7583,1915
28.7611,1919
28.7639,1899
28.7667,1855
28.7694,1788
28.7722,1715
28.7750,1682
28.7778,1662
28.7806,1669
28.7833,1701
28.7861,1702
28.7889,1702
28.7917,1683
28.7944,1669
28.7972,1670
28.8000,1679
28.8028,1700
28.8056,1698
28.8083,1690
28.8111,1677
28.8139,1661
28.8167,1660
28.8194,1648
28.8222,1646
28.8250,1660
28.8278,1656
28.8306,1666
28.8333,1657
28.8361,1655
28.8389,1654
28.8417,1656
28.8444,1670
28.8472,1683
28.8500,1686
28.8528,1694
28.8556,1695
28.8583,1689
28.8611,1678
28.8639,1690
28.8667,1700
28.8694,1714
28.8722,1713
28.8750,1703
28.8778,1702
28.8806,1707
28.8833,1711
28.8861,1722
28.8889,1722
28.8917,1721
28.8944,1718
28.8972,1719
28.9000,1726
28.9028,1732
28.9056,1746
28.9083,1758
28.9111,1761
28.9139,1761
28.9167,1763
28.9194,1754
28.9222,1758
28.9250,1880
28.9278,1876
28.9306,1861
28.9333,1865
28.9361,1864
28.9389,1865
28.9417,1864
28.9444,1874
28.9472,1885
28.9500,1869
28.9528,1859
28.9556,1862
28.9583,1844
28.9611,1832
28.9639,1802
28.9667,1783
28.9694,1767
28.9722,1740
28.9750,1726
28.9778,1722
28.9806,1713
28.9833,1702
28.9861,1701
28.9889,1689
28.9917,1684
28.9944,1670
28.9972,1664
29.0000,1666
29.0028,1672
29.0056,1671
29.0083,1661
29.0111,1650
29.0139,1639
29.0167,1637
29.0194,1636
29.0222,1641
29.0250,1645
29.0278,1647
29.0306,1641
29.0333,1639
29.0361,1630
29.0389,1641
29.0417,1647
29.0444,1651
29.0472,1645
29.0500,1637
29.0528,1629
29.0556,1635
29.0583,1651
29.0611,1674
29.0639,1681
29.0667,1683
29.0694,1666
29.0722,1653
29.0750,1640
29.0778,1644
29.0806,1648
29.0833,1658
29.0861,1662
29.0889,1663
29.0917,1643
29.0944,1648
29.0972,1651
29.1000,1649
29.1028,1663
29.1056,1664
29.1083,1667
29.1111,1655
29.1139,1659
29.1167,1669
29.1194,1670
29.1222,1668
29.1250,1667
29.1278,1664
29.1306,1660
29.1333,1656
29.1361,1643
29.1389,1640
29.1417,1633
29.1444,1642
29.1472,1648
29.1500,1660
29.1528,1674
29.1556,1678
29.1583,1671
29.1611,1663
29.1639,1667
29.1667,1668
29.1694,1664
29.1722,1660
29.1750,1651
29.1778,1644
29.1806,1644
29.1833,1655
29.1861,1660
29.1889,1679
29.1917,1686
29.1944,1683
29.1972,1680
29.2000,1680
29.2028,1690
29.2056,1697
29.2083,1685
29.2111,1683
29.2139,1667
29.2167,1671
29.2194,1665
29.2222,1670
29.2250,1667
29.2278,1672
29.2306,1685
29.2333,1684
29.2361,1689
29.2389,1694
29.2417,1687
29.2444,1660
29.2472,1654
29.2500,1648
29.2528,1645
29.2556,1630
29.2583,1619
29.2611,1624
29.2639,1644
29.2667,1648
29.2694,1648
29.2722,1651
29.2750,1650
29.2778,1649
29.2806,1660
29.2833,1665
29.2861,1664
29.2889,1667
29.2917,1668
29.2944,1669
29.2972,1671
29.3000,1666
29.3028,1669
29.3056,1657
29.3083,1647
29.3111,1659
29.3139,1673
29.3167,1678
29.3194,1670
29.3222,1659
29.3250,1661
29.3278,1665
29.3306,1658
29.3333,1670
29.3361,1671
29.3389,1666
29.3417,1664
29.3444,1668
29.3472,1677
29.3500,1667
29.3528,1678
29.3556,1684
29.3583,1701
29.3611,1687
29.3639,1671
29.3667,1665
29.3694,1658
29.3722,1651
29.3750,1648
29.3778,1658
29.3806,1666
29.3833,1680
29.3861,1681
29.3889,1679
29.3917,1671
29.3944,1659
29.3972,1657
29.4000,1661
29.4028,1667
29.4056,1671
29.4083,1675
29.4111,1688
29.4139,1694
29.4167,1684
29.4194,1679
29.4222,1680
29.4250,1684
29.4278,1674
29.4306,1669
29.4333,1654
29.4361,1643
29.4389,1651
29.4417,1657
29.4444,1666
29.4472,1673
29.4500,1673
29.4528,1666
29.4556,1665
29.4583,1656
29.4611,1666
29.4639,1667
29.4667,1671
29.4694,1678
29.4722,1679
29.4750,1689
29.4778,1688
29.4806,1682
29.4833,1666
29.4861,1657
29.4889,1646
29.4917,1657
29.4944,1650
29.4972,1657
29.5000,1661
29.5028,1678
29.5056,1679
29.5083,1696
29.5111,1706
29.5139,1703
29.5167,1707
29.5194,1694
29.5222,1695
29.5250,1694
29.5278,1688
29.5306,1686
29.5333,1684
29.5361,1687
29.5389,1692
29.5417,1689
29.5444,1688
29.5472,1683
29.5500,1686
29.5528,1699
29.5556,1717
29.5583,1734
29.5611,1735
29.5639,1720
29.5667,1695
29.5694,1678
29.5722,1683
29.5750,1690
29.5778,1682
29.5806,1679
29.5833,1680
29.5861,1681
29.5889,1665
29.5917,1642
29.5944,1645
29.5972,1657
29.6000,1668
29.6028,1666
29.6056,1653
29.6083,1653
29.6111,1660
29.6139,1664
29.6167,1663
29.6194,1669
29.6222,1669
29.6250,1674
29.6278,1675
29.6306,1680
29.6333,1690
29.6361,1679
29.6389,1656
29.6417,1656
29.6444,1627
29.6472,1611
29.6500,1588
29.6528,1587
29.6556,1614
29.6583,1652
29.6611,1707
29.6639,1758
29.6667,1841
29.6694,1982
29.6722,2185
29.6750,2406
29.6778,2571
29.6806,2586
29.6833,2450
29.6861,2220
29.6889,2047
29.6917,1949
29.6944,1911
29.6972,1898
29.7000,1895
29.7028,1901
29.7056,1896
29.7083,1864
29.7111,1817
29.7139,1744
29.7167,1690
29.7194,1648
29.7222,1635
29.7250,1648
29.7278,1668
29.7306,1672
29.7333,1673
29.7361,1657
29.7389,1636
29.7417,1632
29.7444,1649
29.7472,1662
29.7500,1673
29.7528,1655
29.7556,1634
29.7583,1631
29.7611,1636
29.7639,1653
29.7667,1660
29.7694,1672
29.7722,1667
29.7750,1660
29.7778,1661
29.7806,1663
29.7833,1661
29.7861,1675
29.7889,1700
29.7917,1704
29.7944,1695
29.7972,1681
29.8000,1686
29.8028,1677
29.8056,1678
29.8083,1687
29.8111,1683
29.8139,1696
29.8167,1696
29.8194,1681
29.8222,1677
29.8250,1695
29.8278,1718
29.8306,1721
29.8333,1719
29.8361,1722
29.8389,1721
29.8417,1718
29.8444,1723
29.8472,1720
29.8500,1716
29.8528,1727
29.8556,1735
29.8583,1730
29.8611,1740
29.8639,1757
29.8667,1751
29.8694,1849
29.8722,1846
29.8750,1848
29.8778,1845
29.8806,1856
29.8833,1861
29.8861,1853
29.8889,1856
29.8917,1841
29.8944,1833
29.8972,1817
29.9000,1813
29.9028,1824
29.9056,1823
29.9083,1814
29.9111,1794
29.9139,1774
29.9167,1761
29.9194,1751
29.9222,1731
29.9250,1719
29.9278,1725
29.9306,1724
29.9333,1704
29.9361,1687
29.9389,1683
29.9417,1680
29.9444,1689
29.9472,1687
29.9500,1677
29.9528,1659
29.9556,1647
29.9583,1660
29.9611,1673
29.9639,1680
29.9667,1686
29.9694,1663
29.9722,1661
29.9750,1658
29.9778,1655
29.9806,1640
29.9833,1639
29.9861,1638
29.9889,1655
29.9917,1658
29.9944,1649
29.9972,1649
30.0000,1651
30.0028,1662
30.0056,1670
30.0083,1676
30.0111,1673
30.0139,1661
30.0167,1647
30.0194,1640
30.0222,1649
30.0250,1655
30.0278,1660
30.0306,1676
30.0333,1682
30.0361,1677
30.0389,1679
30.0417,1677
30.0444,1666
30.0472,1661
30.0500,1657
30.0528,1655
30.0556,1668
30.0583,1684
30.0611,1684
30.0639,1685
30.0667,1675
30.0694,1675
30.0722,1677
30.0750,1677
30.0778,1686
30.0806,1680
30.0833,1685
30.0861,1691
30.0889,1698
30.0917,1684
30.0944,1658
30.0972,1660
30.1000,1666
30.1028,1673
30.1056,1676
30.1083,1690
30.1111,1688
30.1139,1686
30.1167,1667
30.1194,1666
30.1222,1677
30.1250,1687
30.1278,1696
30.1306,1700
30.1333,1687
30.1361,1691
30.1389,1697
30.1417,1705
30.1444,1696
30.1472,1699
30.1500,1705
30.1528,1707
30.1556,1698
30.1583,1684
30.1611,1682
30.1639,1688
30.1667,1693
30.1694,1696
30.1722,1681
30.1750,1678
30.1778,1675
30.1806,1687
30.1833,1700
30.1861,1708
30.1889,1700
30.1917,1695
30.1944,1686
30.1972,1688
30.2000,1691
30.2028,1694
30.2056,1712
30.2083,1721
30.2111,1721
30.2139,1716
30.2167,1707
30.2194,1697
30.2222,1689
30.2250,1696
30.2278,1690
30.2306,1697
30.2333,1700
30.2361,1687
30.2389,1687
30.2417,1687
30.2444,1688
30.2472,1708
30.2500,1729
30.2528,1733
30.2556,1734
30.2583,1719
30.2611,1719
30.2639,1724
30.2667,1738
30.2694,1737
30.2722,1745
30.2750,1742
30.2778,1722
30.2806,1706
30.2833,1692
30.2861,1688
30.2889,1704
30.2917,1732
30.2944,1732
30.2972,1724
30.3000,1720
30.3028,1723
30.3056,1727
30.3083,1731
30.3111,1730
30.3139,1718
30.3167,1711
30.3194,1711
30.3222,1722
30.3250,1717
30.3278,1718
30.3306,1719
30.3333,1726
30.3361,1718
30.3389,1706
30.3417,1701
30.3444,1691
30.3472,1702
30.3500,1711
30.3528,1720
30.3556,1719
30.3583,1723
30.3611,1714
30.3639,1723
30.3667,1713
30.3694,1712
30.3722,1704
30.3750,1705
30.3778,1710
30.3806,1720
30.3833,1726
30.3861,1733
30.3889,1730
30.3917,1727
30.3944,1731
30.3972,1731
30.4000,1722
30.4028,1717
30.4056,1716
30.4083,1726
30.4111,1722
30.4139,1718
30.4167,1712
30.4194,1719
30.4222,1723
30.4250,1726
30.4278,1731
30.4306,1735
30.4333,1735
30.4361,1765
30.4389,1774
30.4417,1774
30.4444,1760
30.4472,1750
30.4500,1734
30.4528,1717
30.4556,1717
30.4583,1713
30.4611,1709
30.4639,1709
30.4667,1702
30.4694,1691
30.4722,1698
30.4750,1695
30.4778,1693
30.4806,1706
30.4833,1700
30.4861,1689
30.4889,1688
30.4917,1695
30.4944,1707
30.4972,1726
30.5000,1723
30.5028,1725
30.5056,1719
30.5083,1703
30.5111,1704
30.5139,1710
30.5167,1709
30.5194,1703
30.5222,1687
30.5250,1667
30.5278,1636
30.5306,1623
30.5333,1624
30.5361,1656
30.5389,1686
30.5417,1737
30.5444,1806
30.5472,1912
30.5500,2077
30.5528,2313
30.5556,2524
30.5583,2668
30.5611,2657
30.5639,2484
30.5667,2279
30.5694,2094
30.5722,1977
30.5750,1921
30.5778,1912
30.5806,1924
30.5833,1946
30.5861,1933
30.5889,1889
30.5917,1830
30.5944,1762
30.5972,1710
30.6000,1677
30.6028,1654
30.6056,1673
30.6083,1704
30.6111,1718
30.6139,1710
30.6167,1709
30.6194,1710
30.6222,1720
30.6250,1708
30.6278,1732
30.6306,1728
30.6333,1708
30.6361,1684
30.6389,1673
30.6417,1682
30.6444,1690
30.6472,1719
30.6500,1717
30.6528,1709
30.6556,1697
30.6583,1680
30.6611,1670
30.6639,1666
30.6667,1668
30.6694,1674
30.6722,1678
30.6750,1672
30.6778,1674
30.6806,1685
30.6833,1698
30.6861,1706
30.6889,1714
30.6917,1706
30.6944,1704
30.6972,1710
30.7000,1711
30.7028,1713
30.7056,1725
30.7083,1738
30.7111,1747
30.7139,1736
30.7167,1734
30.7194,1728
30.7222,1734
30.7250,1742
30.7278,1749
30.7306,1743
30.7333,1743
30.7361,1747
30.7389,1750
30.7417,1750
30.7444,1755
30.7472,1781
30.7500,1894
30.7528,1895
30.7556,1877
30.7583,1854
30.7611,1853
30.7639,1858
30.7667,1872
30.7694,1874
30.7722,1874
30.7750,1885
30.7778,1874
30.7806,1858
30.7833,1840
30.7861,1822
30.7889,1811
30.7917,1784
30.7944,1770
30.7972,1747
30.8000,1743
30.8028,1735
30.8056,1731
30.8083,1721
30.8111,1705
30.8139,1691
30.8167,1687
30.8194,1675
30.8222,1674
30.8250,1677
30.8278,1678
30.8306,1668
30.8333,1656
30.8361,1648
30.8389,1643
30.8417,1645
30.8444,1652
30.8472,1659
30.8500,1659
30.8528,1652
30.8556,1644
30.8583,1651
30.8611,1655
30.8639,1660
30.8667,1666
30.8694,1658
30.8722,1657
30.8750,1650
30.8778,1652
30.8806,1655
30.8833,1669
30.8861,1671
30.8889,1677
30.8917,1664
30.8944,1656
30.8972,1666
30.9000,1662
30.9028,1657
30.9056,1653
30.9083,1652
30.9111,1651
30.9139,1647
30.9167,1664
30.9194,1680
30.9222,1685
30.9250,1689
30.9278,1701
30.9306,1680
30.9333,1663
30.9361,1655
30.9389,1667
30.9417,1685
30.9444,1699
30.9472,1701
30.9500,1677
30.9528,1659
30.9556,1642
30.9583,1645
30.9611,1656
30.9639,1672
30.9667,1684
30.9694,1686
30.9722,1685
30.9750,1680
30.9778,1679
30.9806,1690
30.9833,1688
30.9861,1688
30.9889,1680
30.9917,1676
30.9944,1663
30.9972,1659
31.0000,1655
31.0028,1664
31.0056,1679
31.0083,1687
31.0111,1696
31.0139,1711
31.0167,1697
31.0194,1679
31.0222,1660
31.0250,1645
31.0278,1652
31.0306,1656
31.0333,1663
31.0361,1674
31.0389,1674
31.0417,1670
31.0444,1678
31.0472,1682
31.0500,1680
31.0528,1675
31.0556,1685
31.0583,1689
31.0611,1686
31.0639,1683
31.0667,1681
31.0694,1681
31.0722,1688
31.0750,1697
31.0778,1689
31.0806,1684
31.0833,1679
31.0861,1676
31.0889,1680
31.0917,1672
31.0944,1663
31.0972,1664
31.1000,1662
31.1028,1662
31.1056,1658
31.1083,1660
31.1111,1657
31.1139,1667
31.1167,1673
31.1194,1671
31.1222,1681
31.1250,1700
31.1278,1707
31.1306,1705
31.1333,1688
31.1361,1690
31.1389,1686
31.1417,1688
31.1444,1692
31.1472,1691
31.1500,1690
31.1528,1694
31.1556,1695
31.1583,1690
31.1611,1700
31.1639,1706
31.1667,1711
31.1694,1705
31.1722,1699
31.1750,1680
31.1778,1681
31.1806,1685
31.1833,1682
31.1861,1686
31.1889,1689
31.1917,1689
31.1944,1698
31.1972,1703
31.2000,1707
31.2028,1709
31.2056,1719
31.2083,1701
31.2111,1699
31.2139,1695
31.2167,1696
31.2194,1693
31.2222,1689
31.2250,1695
31.2278,1708
31.2306,1706
31.2333,1717
31.2361,1712
31.2389,1702
31.2417,1693
31.2444,1706
31.2472,1716
31.2500,1737
31.2528,1742
31.2556,1735
31.2583,1713
31.2611,1703
31.2639,1700
31.2667,1688
31.2694,1684
31.2722,1684
31.2750,1679
31.2778,1692
31.2806,1702
31.2833,1707
31.2861,1704
31.2889,1717
31.2917,1713
31.2944,1706
31.2972,1712
31.3000,1702
31.3028,1706
31.3056,1700
31.3083,1695
31.3111,1694
31.3139,1703
31.3167,1701
31.3194,1711
31.3222,1726
31.3250,1717
31.3278,1713
31.3306,1716
31.3333,1712
31.3361,1704
31.3389,1709
31.3417,1721
31.3444,1728
31.3472,1738
31.3500,1751
31.3528,1753
31.3556,1742
31.3583,1728
31.3611,1720
31.3639,1703
31.3667,1694
31.3694,1688
31.3722,1679
31.3750,1682
31.3778,1685
31.3806,1686
31.3833,1688
31.3861,1693
31.3889,1694
31.3917,1703
31.3944,1701
31.3972,1688
31.4000,1688
31.4028,1685
31.4056,1684
31.4083,1688
31.4111,1684
31.4139,1678
31.4167,1691
31.4194,1696
31.4222,1699
31.4250,1703
31.4278,1717
31.4306,1709
31.4333,1705
31.4361,1692
31.4389,1659
31.4417,1638
31.4444,1616
31.4472,1633
31.4500,1655
31.4528,1685
31.4556,1720
31.4583,1786
31.4611,1927
31.4639,2133
31.4667,2373
31.4694,2585
31.4722,2695
31.4750,2650
31.4778,2452
31.4806,2231
31.4833,2057
31.4861,1952
31.4889,1900
31.4917,1895
31.4944,1890
31.4972,1894
31.5000,1891
31.5028,1847
31.5056,1789
31.5083,1722
31.5111,1672
31.5139,1650
31.5167,1657
31.5194,1682
31.5222,1699
31.5250,1705
31.5278,1699
31.5306,1682
31.5333,1672
31.5361,1676
31.5389,1679
31.5417,1676
31.5444,1666
31.5472,1674
31.5500,1664
31.5528,1658
31.5556,1665
31.5583,1678
31.5611,1688
31.5639,1689
31.5667,1679
31.5694,1681
31.5722,1679
31.5750,1684
31.5778,1694
31.5806,1710
31.5833,1688
31.5861,1667
31.5889,1658
31.5917,1671
31.5944,1683
31.5972,1698
31.6000,1712
31.6028,1722
31.6056,1713
31.6083,1689
31.6111,1686
31.6139,1678
31.6167,1674
31.6194,1682
31.6222,1692
31.6250,1707
31.6278,1705
31.6306,1708
31.6333,1709
31.6361,1707
31.6389,1720
31.6417,1730
31.6444,1719
31.6472,1726
31.6500,1730
31.6528,1726
31.6556,1740
31.6583,1759
31.6611,1850
31.6639,1847
31.6667,1853
31.6694,1861
31.6722,1853
31.6750,1865
31.6778,1869
31.6806,1879
31.6833,1871
31.6861,1864
31.6889,1851
31.6917,1848
31.6944,1835
31.6972,1826
31.7000,1818
31.7028,1801
31.7056,1770
31.7083,1751
31.7111,1735
31.7139,1735
31.7167,1741
31.7194,1736
31.7222,1732
31.7250,1720
31.7278,1701
31.7306,1691
31.7333,1681
31.7361,1682
31.7389,1675
31.7417,1662
31.7444,1670
31.7472,1673
31.7500,1665
31.7528,1655
31.7556,1645
31.7583,1653
31.7611,1662
31.7639,1658
31.7667,1652
31.7694,1635
31.7722,1612
31.7750,1601
31.7778,1611
31.7806,1631
31.7833,1644
31.7861,1655
31.7889,1648
31.7917,1631
31.7944,1622
31.7972,1609
31.8000,1603
31.8028,1614
31.8056,1623
31.8083,1648
31.8111,1658
31.8139,1669
31.8167,1678
31.8194,1669
31.8222,1659
31.8250,1648
31.8278,1638
31.8306,1659
31.8333,1668
31.8361,1661
31.8389,1669
31.8417,1671
31.8444,1661
31.8472,1646
31.8500,1645
31.8528,1640
31.8556,1645
31.8583,1643
31.8611,1651
31.8639,1661
31.8667,1661
31.8694,1654
31.8722,1633
31.8750,1625
31.8778,1617
31.8806,1610
31.8833,1626
31.8861,1631
31.8889,1650
31.8917,1651
31.8944,1650
31.8972,1651
31.9000,1658
31.9028,1657
31.9056,1648
31.9083,1654
31.9111,1659
31.9139,1655
31.9167,1650
31.9194,1647
31.9222,1650
31.9250,1656
31.9278,1653
31.9306,1649
31.9333,1637
31.9361,1634
31.9389,1642
31.9417,1656
31.9444,1656
31.9472,1645
31.9500,1652
31.9528,1657
31.9556,1656
31.9583,1653
31.9611,1648
31.9639,1629
31.9667,1627
31.9694,1630
31.9722,1639
31.9750,1660
31.9778,1666
31.9806,1665
31.9833,1659
31.9861,1654
31.9889,1660
31.9917,1669
31.9944,1663
31.9972,1681
32.0000,1685
32.0028,1671
32.0056,1671
32.0083,1670
32.0111,1642
32.0139,1634
32.0167,1627
32.0194,1645
32.0222,1664
32.0250,1671
32.0278,1661
32.0306,1670
32.0333,1669
32.0361,1671
32.0389,1667
32.0417,1669
32.0444,1664
32.0472,1675
32.0500,1668
32.0528,1665
32.0556,1656
32.0583,1658
32.0611,1669
32.0639,1673
32.0667,1687
32.0694,1687
32.0722,1690
32.0750,1683
32.0778,1668
32.0806,1657
32.0833,1653
32.0861,1645
32.0889,1651
32.0917,1660
32.0944,1668
32.0972,1667
32.1000,1669
32.1028,1675
32.1056,1680
32.1083,1665
32.1111,1675
32.1139,1662
32.1167,1672
32.1194,1673
32.1222,1676
32.1250,1679
32.1278,1678
32.1306,1674
32.1333,1682
32.1361,1679
32.1389,1681
32.1417,1683
32.1444,1682
32.1472,1691
32.1500,1694
32.1528,1692
32.1556,1690
32.1583,1684
32.1611,1680
32.1639,1684
32.1667,1687
32.1694,1690
32.1722,1686
32.1750,1684
32.1778,1685
32.1806,1683
32.1833,1682
32.1861,1680
32.1889,1674
32.1917,1681
32.1944,1690
32.1972,1699
32.2000,1700
32.2028,1692
32.2056,1694
32.2083,1699
32.2111,1705
32.2139,1701
32.2167,1706
32.2194,1705
32.2222,1700
32.2250,1697
32.2278,1689
32.2306,1699
32.2333,1700
32.2361,1719
32.2389,1722
32.2417,1716
32.2444,1720
32.2472,1720
32.2500,1714
32.2528,1717
32.2556,1706
32.2583,1720
32.2611,1727
32.2639,1743
32.2667,1751
32.2694,1750
32.2722,1734
32.2750,1732
32.2778,1752
32.2806,1760
32.2833,1758
32.2861,1738
32.2889,1713
32.2917,1707
32.2944,1694
32.2972,1683
32.3000,1673
32.3028,1678
32.3056,1678
32.3083,1686
32.3111,1683
32.3139,1684
32.3167,1688
32.3194,1672
32.3222,1673
32.3250,1678
32.3278,1675
32.3306,1676
32.3333,1678
32.3361,1685
32.3389,1688
32.3417,1693
32.3444,1692
32.3472,1694
32.3500,1702
32.3528,1697
32.3556,1696
32.3583,1700
32.3611,1693
32.3639,1686
32.3667,1658
32.3694,1632
32.3722,1619
32.3750,1640
32.3778,1668
32.3806,1706
32.3833,1733
32.3861,1790
32.3889,1885
32.3917,2056
32.3944,2262
32.3972,2481
32.4000,2638
32.4028,2660
32.4056,2499
32.4083,2283
32.4111,2096
32.4139,1969
32.4167,1903
32.4194,1889
32.4222,1902
32.4250,1918
32.4278,1900
32.4306,1869
32.4333,1823
32.4361,1760
32.4389,1706
32.4417,1685
32.4444,1678
32.4472,1690
32.4500,1703
32.4528,1701
32.4556,1697
32.4583,1683
32.4611,1677
32.4639,1673
32.4667,1670
32.4694,1677
32.4722,1682
32.4750,1679
32.4778,1668
32.4806,1664
32.4833,1655
32.4861,1665
32.4889,1681
32.4917,1691
32.4944,1694
32.4972,1669
32.5000,1656
32.5028,1645
32.5056,1656
32.5083,1671
32.5111,1677
32.5139,1691
32.5167,1688
32.5194,1679
32.5222,1683
32.5250,1688
32.5278,1682
32.5306,1684
32.5333,1678
32.5361,1678
32.5389,1671
32.5417,1679
32.5444,1680
32.5472,1690
32.5500,1702
32.5528,1703
32.5556,1705
32.5583,1708
32.5611,1719
32.5639,1716
32.5667,1713
32.5694,1714
32.5722,1710
32.5750,1713
32.5778,1714
32.5806,1715
32.5833,1718
32.5861,1741
32.5889,1752
32.5917,1850
32.5944,1848
32.5972,1858
32.6000,1850
32.6028,1855
32.6056,1866
32.6083,1876
32.6111,1863
32.6139,1844
32.6167,1832
32.6194,1825
32.6222,1826
32.6250,1836
32.6278,1825
32.6306,1814
32.6333,1783
32.6361,1751
32.6389,1737
32.6417,1720
32.6444,1710
32.6472,1709
32.6500,1701
32.6528,1700
32.6556,1696
32.6583,1681
32.6611,1664
32.6639,1649
32.6667,1637
32.6694,1641
32.6722,1655
32.6750,1657
32.6778,1644
32.6806,1634
32.6833,1637
32.6861,1638
32.6889,1654
32.6917,1670
32.6944,1656
32.6972,1644
32.7000,1637
32.7028,1629
32.7056,1625
32.7083,1618
32.7111,1623
32.7139,1625
32.7167,1623
32.7194,1611
32.7222,1619
32.7250,1631
32.7278,1631
32.7306,1635
32.7333,1642
32.7361,1628
32.7389,1625
32.7417,1616
32.7444,1621
32.7472,1637
32.7500,1653
32.7528,1652
32.7556,1635
32.7583,1642
32.7611,1645
32.7639,1641
32.7667,1636
32.7694,1638
32.7722,1634
32.7750,1632
32.7778,1623
32.7806,1624
32.7833,1636
32.7861,1641
32.7889,1639
32.7917,1641
32.7944,1650
32.7972,1651
32.8000,1648
32.8028,1645
32.8056,1647
32.8083,1644
32.8111,1649
32.8139,1641
32.8167,1629
32.8194,1622
32.8222,1617
32.8250,1630
32.8278,1643
32.8306,1640
32.8333,1648
32.8361,1652
32.8389,1648
32.8417,1641
32.8444,1648
32.8472,1639
32.8500,1646
32.8528,1642
32.8556,1645
32.8583,1661
32.8611,1668
32.8639,1667
32.8667,1668
32.8694,1674
32.8722,1672
32.8750,1656
32.8778,1646
32.8806,1646
32.8833,1647
32.8861,1663
32.8889,1681
32.8917,1685
32.8944,1672
32.8972,1660
32.9000,1634
32.9028,1627
32.9056,1624
32.9083,1635
32.9111,1640
32.9139,1661
32.9167,1658
32.9194,1667
32.9222,1661
32.9250,1659
32.9278,1671
32.9306,1683
32.9333,1675
32.9361,1675
32.9389,1675
32.9417,1673
32.9444,1667
32.9472,1653
32.9500,1655
32.9528,1662
32.9556,1669
32.9583,1690
32.9611,1701
32.9639,1691
32.9667,1687
32.9694,1686
32.9722,1682
32.9750,1680
32.9778,1687
32.9806,1695
32.9833,1676
32.9861,1654
32.9889,1645
32.9917,1671
32.9944,1673
32.9972,1671
33.0000,1677
33.0028,1678
33.0056,1688
33.0083,1698
33.0111,1702
33.0139,1703
33.0167,1700
33.0194,1687
33.0222,1697
33.0250,1692
33.0278,1694
33.0306,1679
33.0333,1670
33.0361,1665
33.0389,1679
33.0417,1696
33.0444,1707
33.0472,1717
33.0500,1719
33.0528,1724
33.0556,1720
33.0583,1718
33.0611,1727
33.0639,1728
33.0667,1717
33.0694,1688
33.0722,1682
33.0750,1681
33.0778,1694
33.0806,1692
33.0833,1696
33.0861,1701
33.0889,1710
33.0917,1711
33.0944,1705
33.0972,1705
33.1000,1726
33.1028,1730
33.1056,1733
33.1083,1734
33.1111,1732
33.1139,1703
33.1167,1686
33.1194,1680
33.1222,1692
33.1250,1719
33.1278,1743
33.1306,1758
33.1333,1753
33.1361,1754
33.1389,1751
33.1417,1751
33.1444,1750
33.1472,1743
33.1500,1740
33.1528,1743
33.1556,1741
33.1583,1752
33.1611,1766
33.1639,1771
33.1667,1765
33.1694,1758
33.1722,1757
33.1750,1720
33.1778,1697
33.1806,1672
33.1833,1669
33.1861,1669
33.1889,1695
33.1917,1715
33.1944,1727
33.1972,1728
33.2000,1714
33.2028,1699
33.2056,1686
33.2083,1691
33.2111,1696
33.2139,1693
33.2167,1701
33.2194,1701
33.2222,1698
33.2250,1700
33.2278,1698
33.2306,1706
33.2333,1716
33.2361,1716
33.2389,1712
33.2417,1716
33.2444,1692
33.2472,1661
33.2500,1635
33.2528,1623
33.2556,1633
33.2583,1678
33.2611,1724
33.2639,1763
33.2667,1844
33.2694,1971
33.2722,2164
33.2750,2388
33.2778,2588
33.2806,2645
33.2833,2530
33.2861,2330
33.2889,2161
33.2917,2032
33.2944,1963
33.2972,1943
33.3000,1917
33.3028,1923
33.3056,1925
33.3083,1920
33.3111,1872
33.3139,1807
33.3167,1742
33.3194,1688
33.3222,1662
33.3250,1675
33.3278,1681
33.3306,1684
33.3333,1680
33.3361,1682
33.3389,1678
33.3417,1676
33.3444,1689
33.3472,1696
33.3500,1701
33.3528,1690
33.3556,1687
33.3583,1675
33.3611,1662
33.3639,1662
33.3667,1663
33.3694,1682
33.3722,1694
33.3750,1690
33.3778,1688
33.3806,1666
33.3833,1664
33.3861,1682
33.3889,1695
33.3917,1697
33.3944,1681
33.3972,1670
33.4000,1668
33.4028,1671
33.4056,1673
33.4083,1687
33.4111,1691
33.4139,1692
33.4167,1692
33.4194,1685
33.4222,1692
33.4250,1704
33.4278,1718
33.4306,1717
33.4333,1718
33.4361,1732
33.4389,1727
33.4417,1730
33.4444,1731
33.4472,1724
33.4500,1730
33.4528,1733
33.4556,1738
33.4583,1728
33.4611,1726
33.4639,1734
33.4667,1740
33.4694,1851
33.4722,1849
33.4750,1842
33.4778,1849
33.4806,1845
33.4833,1854
33.4861,1867
33.4889,1887
33.4917,1878
33.4944,1872
33.4972,1852
33.5000,1835
33.5028,1820
33.5056,1808
33.5083,1791
33.5111,1779
33.5139,1765
33.5167,1765
33.5194,1759
33.5222,1750
33.5250,1749
33.5278,1724
33.5306,1709
33.5333,1699
33.5361,1695
33.5389,1693
33.5417,1695
33.5444,1685
33.5472,1684
33.5500,1684
33.5528,1668
33.5556,1652
33.5583,1639
33.5611,1628
33.5639,1639
33.5667,1650
33.5694,1652
33.5722,1657
33.5750,1664
33.5778,1665
33.5806,1672
33.5833,1658
33.5861,1660
33.5889,1656
33.5917,1657
33.5944,1658
33.5972,1659
33.6000,1659
33.6028,1661
33.6056,1671
33.6083,1676
33.6111,1682
33.6139,1675
33.6167,1667
33.6194,1669
33.6222,1688
33.6250,1692
33.6278,1693
33.6306,1692
33.6333,1688
33.6361,1675
33.6389,1679
33.6417,1686
33.6444,1684
33.6472,1686
33.6500,1688
33.6528,1687
33.6556,1684
33.6583,1676
33.6611,1670
33.6639,1673
33.6667,1679
33.6694,1695
33.6722,1702
33.6750,1689
33.6778,1683
33.6806,1680
33.6833,1678
33.6861,1686
33.6889,1689
33.6917,1689
33.6944,1691
33.6972,1691
33.7000,1681
33.7028,1686
33.7056,1682
33.7083,1690
33.7111,1691
33.7139,1675
33.7167,1672
33.7194,1676
33.7222,1679
33.7250,1684
33.7278,1687
33.7306,1680
33.7333,1671
33.7361,1676
33.7389,1682
33.7417,1698
33.7444,1697
33.7472,1700
33.7500,1692
33.7528,1682
33.7556,1672
33.7583,1661
33.7611,1679
33.7639,1688
33.7667,1686
33.7694,1676
33.7722,1682
33.7750,1695
33.7778,1697
33.7806,1703
33.7833,1698
33.7861,1703
33.7889,1702
33.7917,1705
33.7944,1710
33.7972,1706
33.8000,1710
33.8028,1705
33.8056,1693
33.8083,1699
33.8111,1695
33.8139,1685
33.8167,1685
33.8194,1686
33.8222,1693
33.8250,1697
33.8278,1690
33.8306,1692
33.8333,1705
33.8361,1709
33.8389,1712
33.8417,1703
33.8444,1718
33.8472,1720
33.8500,1722
33.8528,1716
33.8556,1713
33.8583,1707
33.8611,1702
33.8639,1703
33.8667,1698
33.8694,1700
33.8722,1706
33.8750,1716
33.8778,1716
33.8806,1723
33.8833,1728
33.8861,1721
33.8889,1715
33.8917,1712
33.8944,1695
33.8972,1702
33.9000,1703
33.9028,1721
33.9056,1731
33.9083,1739
33.9111,1731
33.9139,1721
33.9167,1707
33.9194,1697
33.9222,1691
33.9250,1704
33.9278,1713
33.9306,1719
33.9333,1706
33.9361,1715
33.9389,1721
33.9417,1736
33.9444,1730
33.9472,1736
33.9500,1722
33.9528,1713
33.9556,1703
33.9583,1710
33.9611,1728
33.9639,1707
33.9667,1691
33.9694,1678
33.9722,1681
33.9750,1678
33.9778,1679
33.9806,1682
33.9833,1687
33.9861,1697
33.9889,1701
33.9917,1705
33.9944,1711
33.9972,1723
34.0000,1735
34.0028,1725
34.0056,1719
34.0083,1703
34.0111,1682
34.0139,1671
34.0167,1667
34.0194,1670
34.0222,1681
34.0250,1696
34.0278,1710
34.0306,1733
34.0333,1743
34.0361,1755
34.0389,1752
34.0417,1742
34.0444,1723
34.0472,1699
34.0500,1672
34.0528,1672
34.0556,1692
34.0583,1710
34.0611,1709
34.0639,1698
34.0667,1671
34.0694,1667
34.0722,1663
34.0750,1660
34.0778,1661
34.0806,1662
34.0833,1660
34.0861,1675
34.0889,1690
34.0917,1700
34.0944,1698
34.0972,1691
34.1000,1676
34.1028,1678
34.1056,1675
34.1083,1697
34.1111,1706
34.1139,1706
34.1167,1698
34.1194,1678
34.1222,1652
34.1250,1616
34.1278,1611
34.1306,1598
34.1333,1598
34.1361,1631
34.1389,1666
34.1417,1710
34.1444,1771
34.1472,1870
34.1500,2050
34.1528,2285
34.1556,2508
34.1583,2668
34.1611,2666
34.1639,2505
34.1667,2275
34.1694,2093
34.1722,1995
34.1750,1942
34.1778,1916
34.1806,1916
34.1833,1925
34.1861,1917
34.1889,1866
34.1917,1799
34.1944,1727
34.1972,1665
34.2000,1643
34.2028,1650
34.2056,1672
34.2083,1686
34.2111,1692
34.2139,1696
34.2167,1688
34.2194,1690
34.2222,1687
34.2250,1688
34.2278,1688
34.2306,1689
34.2333,1681
34.2361,1655
34.2389,1631
34.2417,1630
34.2444,1652
34.2472,1672
34.2500,1667
34.2528,1659
34.2556,1649
34.2583,1648
34.2611,1666
34.2639,1678
34.2667,1684
34.2694,1696
34.2722,1693
34.2750,1689
34.2778,1684
34.2806,1690
34.2833,1697
34.2861,1697
34.2889,1693
34.2917,1692
34.2944,1681
34.2972,1671
34.3000,1684
34.3028,1686
34.3056,1705
34.3083,1715
34.3111,1731
34.3139,1731
34.3167,1710
34.3194,1702
34.3222,1701
34.3250,1719
34.3278,1735
34.3306,1754
34.3333,1763
34.3361,1763
34.3389,1769
34.3417,1774
34.3444,1772
34.3472,1773
34.3500,1863
34.3528,1866
34.3556,1855
34.3583,1852
34.3611,1871
34.3639,1889
34.3667,1893
34.3694,1891
34.3722,1879
34.3750,1862
34.3778,1829
34.3806,1821
34.3833,1813
34.3861,1818
34.3889,1808
34.3917,1785
34.3944,1763
34.3972,1745
34.4000,1738
34.4028,1736
34.4056,1730
34.4083,1724
34.4111,1698
34.4139,1684
34.4167,1671
34.4194,1658
34.4222,1652
34.4250,1658
34.4278,1678
34.4306,1665
34.4333,1651
34.4361,1626
34.4389,1599
34.4417,1594
34.4444,1622
34.4472,1651
34.4500,1665
34.4528,1676
34.4556,1673
34.4583,1655
34.4611,1652
34.4639,1649
34.4667,1660
34.4694,1658
34.4722,1650
34.4750,1653
34.4778,1661
34.4806,1654
34.4833,1651
34.4861,1642
34.4889,1647
34.4917,1643
34.4944,1640
34.4972,1652
34.5000,1654
34.5028,1655
34.5056,1652
34.5083,1666
34.5111,1664
34.5139,1660
34.5167,1645
34.5194,1625
34.5222,1623
34.5250,1633
34.5278,1642
34.5306,1650
34.5333,1655
34.5361,1665
34.5389,1661
34.5417,1654
34.5444,1651
34.5472,1631
34.5500,1632
34.5528,1639
34.5556,1639
34.5583,1637
34.5611,1645
34.5639,1655
34.5667,1664
34.5694,1675
34.5722,1687
34.5750,1682
34.5778,1671
34.5806,1668
34.5833,1669
34.5861,1671
34.5889,1673
34.5917,1679
34.5944,1677
34.5972,1672
34.6000,1685
34.6028,1699
34.6056,1709
34.6083,1698
34.6111,1690
34.6139,1669
34.6167,1663
34.6194,1653
34.6222,1650
34.6250,1636
34.6278,1653
34.6306,1669
34.6333,1685
34.6361,1687
34.6389,1682
34.6417,1667
34.6444,1667
34.6472,1673
34.6500,1678
34.6528,1693
34.6556,1693
34.6583,1685
34.6611,1681
34.6639,1683
34.6667,1680
34.6694,1675
34.6722,1692
34.6750,1697
34.6778,1696
34.6806,1695
34.6833,1688
34.6861,1686
34.6889,1677
34.6917,1674
34.6944,1671
34.6972,1688
34.7000,1691
34.7028,1690
34.7056,1689
34.7083,1697
34.7111,1701
34.7139,1694
34.7167,1695
34.7194,1700
34.7222,1704
34.7250,1697
34.7278,1687
34.7306,1685
34.7333,1683
34.7361,1686
34.7389,1689
34.7417,1700
34.7444,1703
34.7472,1694
34.7500,1691
34.7528,1677
34.7556,1676
34.7583,1697
34.7611,1711
34.7639,1721
34.7667,1700
34.7694,1695
34.7722,1692
34.7750,1701
34.7778,1695
34.7806,1690
34.7833,1690
34.7861,1686
34.7889,1677
34.7917,1689
34.7944,1694
34.7972,1698
34.8000,1707
34.8028,1703
34.8056,1706
34.8083,1695
34.8111,1697
34.8139,1708
34.8167,1724
34.8194,1746
34.8222,1753
34.8250,1745
34.8278,1726
34.8306,1708
34.8333,1694
34.8361,1685
34.8389,1665
34.8417,1663
34.8444,1674
34.8472,1685
34.8500,1689
34.8528,1691
34.8556,1694
34.8583,1684
34.8611,1700
34.8639,1707
34.8667,1708
34.8694,1718
34.8722,1700
34.8750,1696
34.8778,1687
34.8806,1685
34.8833,1685
34.8861,1691
34.8889,1716
34.8917,1715
34.8944,1733
34.8972,1733
34.9000,1723
34.9028,1722
34.9056,1730
34.9083,1720
34.9111,1713
34.9139,1701
34.9167,1704
34.9194,1703
34.9222,1704
34.9250,1715
34.9278,1724
34.9306,1727
34.9333,1733
34.9361,1749
34.9389,1751
34.9417,1747
34.9444,1737
34.9472,1717
34.9500,1695
34.9528,1692
34.9556,1682
34.9583,1680
34.9611,1692
34.9639,1689
34.9667,1697
34.9694,1689
34.9722,1686
34.9750,1685
34.9778,1674
34.9806,1675
34.9833,1673
34.9861,1689
34.9889,1695
34.9917,1692
34.9944,1682
34.9972,1680
35.0000,1679
35.0028,1671
35.0056,1675
35.0083,1697
35.0111,1703
35.0139,1704
35.0167,1692
35.0194,1670
35.0222,1660
35.0250,1629
35.0278,1604
35.0306,1590
35.0333,1601
35.0361,1629
35.0389,1665
35.0417,1703
35.0444,1763
35.0472,1873
35.0500,2060
35.0528,2306
35.0556,2524
35.0583,2668
35.0611,2667
35.0639,2515
35.0667,2292
35.0694,2102
35.0722,1978
35.0750,1897
35.0778,1875
35.0806,1868
35.0833,1880
35.0861,1888
35.0889,1857
35.0917,1802
35.0944,1739
35.0972,1698
35.1000,1683
35.1028,1676
35.1056,1691
35.1083,1695
35.1111,1696
35.1139,1687
35.1167,1657
35.1194,1640
35.1222,1624
35.1250,1654
35.1278,1656
35.1306,1670
35.1333,1665
35.1361,1658
35.1389,1647
35.1417,1652
35.1444,1660
35.1472,1678
35.1500,1686
35.1528,1671
35.1556,1662
35.1583,1656
35.1611,1669
35.1639,1677
35.1667,1680
35.1694,1669
35.1722,1658
35.1750,1649
35.1778,1653
35.1806,1679
35.1833,1682
35.1861,1689
35.1889,1694
35.1917,1693
35.1944,1685
35.1972,1680
35.2000,1674
35.2028,1681
35.2056,1694
35.2083,1702
35.2111,1694
35.2139,1699
35.2167,1698
35.2194,1703
35.2222,1708
35.2250,1708
35.2278,1711
35.2306,1720
35.2333,1724
35.2361,1720
35.2389,1723
35.2417,1728
35.2444,1735
35.2472,1745
35.2500,1866
35.2528,1857
35.2556,1858
35.2583,1861
35.2611,1871
35.2639,1882
35.2667,1888
35.2694,1891
35.2722,1891
35.2750,1862
35.2778,1837
35.2806,1825
35.2833,1819
35.2861,1815
35.2889,1806
35.2917,1782
35.2944,1772
35.2972,1753
35.3000,1738
35.3028,1734
35.3056,1727
35.3083,1703
35.3111,1684
35.3139,1673
35.3167,1667
35.3194,1670
35.3222,1674
35.3250,1670
35.3278,1673
35.3306,1672
35.3333,1664
35.3361,1644
35.3389,1643
35.3417,1658
35.3444,1659
35.3472,1649
35.3500,1631
35.3528,1621
35.3556,1621
35.3583,1629
35.3611,1628
35.3639,1637
35.3667,1648
35.3694,1647
35.3722,1659
35.3750,1652
35.3778,1652
35.3806,1651
35.3833,1635
35.3861,1636
35.3889,1644
35.3917,1651
35.3944,1655
35.3972,1655
35.4000,1654
35.4028,1658
35.4056,1658
35.4083,1653
35.4111,1635
35.4139,1632
35.4167,1630
35.4194,1631
35.4222,1643
35.4250,1659
35.4278,1662
35.4306,1662
35.4333,1656
35.4361,1647
35.4389,1623
35.4417,1621
35.4444,1631
35.4472,1637
35.4500,1641
35.4528,1636
35.4556,1641
35.4583,1638
35.4611,1627
35.4639,1638
35.4667,1645
35.4694,1650
35.4722,1645
35.4750,1646
35.4778,1654
35.4806,1654
35.4833,1661
35.4861,1664
35.4889,1645
35.4917,1633
35.4944,1634
35.4972,1628
35.5000,1633
35.5028,1637
35.5056,1647
35.5083,1650
35.5111,1640
35.5139,1622
35.5167,1607
35.5194,1622
35.5222,1622
35.5250,1638
35.5278,1645
35.5306,1653
35.5333,1657
35.5361,1653
35.5389,1650
35.5417,1644
35.5444,1642
35.5472,1644
35.5500,1646
35.5528,1646
35.5556,1661
35.5583,1656
35.5611,1660
35.5639,1656
35.5667,1657
35.5694,1654
35.5722,1642
35.5750,1641
35.5778,1638
35.5806,1649
35.5833,1652
35.5861,1654
35.5889,1657
35.5917,1657
35.5944,1668
35.5972,1674
35.6000,1681
35.6028,1673
35.6056,1666
35.6083,1655
35.6111,1651
35.6139,1641
35.6167,1632
35.6194,1637
35.6222,1649
35.6250,1653
35.6278,1647
35.6306,1645
35.6333,1648
35.6361,1650
35.6389,1647
35.6417,1647
35.6444,1648
35.6472,1666
35.6500,1678
35.6528,1678
35.6556,1674
35.6583,1675
35.6611,1665
35.6639,1657
35.6667,1648
35.6694,1636
35.6722,1641
35.6750,1648
35.6778,1658
35.6806,1672
35.6833,1681
35.6861,1681
35.6889,1674
35.6917,1675
35.6944,1670
35.6972,1676
35.7000,1666
35.7028,1676
35.7056,1693
35.7083,1679
35.7111,1677
35.7139,1666
35.7167,1671
35.7194,1669
35.7222,1669
35.7250,1676
35.7278,1686
35.7306,1686
35.7333,1692
35.7361,1689
35.7389,1679
35.7417,1671
35.7444,1668
35.7472,1670
35.7500,1684
35.7528,1703
35.7556,1710
35.7583,1700
35.7611,1695
35.7639,1664
35.7667,1675
35.7694,1698
35.7722,1707
35.7750,1720
35.7778,1710
35.7806,1702
35.7833,1706
35.7861,1705
35.7889,1708
35.7917,1712
35.7944,1705
35.7972,1686
35.8000,1693
35.8028,1699
35.8056,1698
35.8083,1683
35.8111,1694
35.8139,1699
35.8167,1715
35.8194,1736
35.8222,1757
35.8250,1759
35.8278,1744
35.8306,1709
35.8333,1690
35.8361,1666
35.8389,1651
35.8417,1658
35.8444,1658
35.8472,1662
35.8500,1661
35.8528,1663
35.8556,1652
35.8583,1649
35.8611,1654
35.8639,1661
35.8667,1670
35.8694,1663
35.8722,1679
35.8750,1693
35.8778,1696
35.8806,1665
35.8833,1660
35.8861,1666
35.8889,1685
35.8917,1704
35.8944,1712
35.8972,1705
35.9000,1690
35.9028,1672
35.9056,1651
35.9083,1639
35.9111,1628
35.9139,1616
35.9167,1623
35.9194,1632
35.9222,1671
35.9250,1713
35.9278,1754
35.9306,1814
35.9333,1901
35.9361,2050
35.9389,2279
35.9417,2495
35.9444,2620
35.9472,2564
35.9500,2387
35.9528,2190
35.9556,2040
35.9583,1975
35.9611,1931
35.9639,1913
35.9667,1911
35.9694,1913
35.9722,1903
35.9750,1868
35.9778,1805
35.9806,1732
35.9833,1685
35.9861,1655
35.9889,1670
35.9917,1687
35.9944,1694
35.9972,1698
36.0000,1682
36.0028,1671
36.0056,1663
36.0083,1682
36.0111,1685
36.0139,1695
36.0167,1705
36.0194,1703
36.0222,1693
36.0250,1670
36.0278,1658
36.0306,1650
36.0333,1652
36.0361,1667
36.0389,1659
36.0417,1662
36.0444,1672
36.0472,1685
36.0500,1708
36.0528,1711
36.0556,1699
36.0583,1680
36.0611,1676
36.0639,1691
36.0667,1705
36.0694,1719
36.0722,1733
36.0750,1733
36.0778,1730
36.0806,1719
36.0833,1721
36.0861,1726
36.0889,1737
36.0917,1755
36.0944,1754
36.0972,1763
36.1000,1746
36.1028,1733
36.1056,1724
36.1083,1731
36.1111,1733
36.1139,1742
36.1167,1737
36.1194,1748
36.1222,1750
36.1250,1753
36.1278,1761
36.1306,1763
36.1333,1779
36.1361,1881
36.1389,1889
36.1417,1889
36.1444,1895
36.1472,1897
36.1500,1884
36.1528,1873
36.1556,1872
36.1583,1865
36.1611,1857
36.1639,1845
36.1667,1836
36.1694,1827
36.1722,1820
36.1750,1800
36.1778,1777
36.1806,1765
36.1833,1757
36.1861,1752
36.1889,1741
36.1917,1733
36.1944,1722
36.1972,1712
36.2000,1697
36.2028,1688
36.2056,1688
36.2083,1683
36.2111,1682
36.2139,1680
36.2167,1678
36.2194,1668
36.2222,1659
36.2250,1647
36.2278,1642
36.2306,1648
36.2333,1656
36.2361,1651
36.2389,1656
36.2417,1658
36.2444,1665
36.2472,1667
36.2500,1675
36.2528,1671
36.2556,1685
36.2583,1693
36.2611,1684
36.2639,1676
36.2667,1672
36.2694,1674
36.2722,1660
36.2750,1653
36.2778,1649
36.2806,1645
36.2833,1649
36.2861,1660
36.2889,1668
36.2917,1669
36.2944,1674
36.2972,1675
36.3000,1673
36.3028,1661
36.3056,1647
36.3083,1652
36.3111,1682
36.3139,1677
36.3167,1663
36.3194,1655
36.3222,1659
36.3250,1657
36.3278,1676
36.3306,1682
36.3333,1685
36.3361,1682
36.3389,1680
36.3417,1677
36.3444,1665
36.3472,1651
36.3500,1656
36.3528,1668
36.3556,1676
36.3583,1673
36.3611,1663
36.3639,1671
36.3667,1679
36.3694,1681
36.3722,1684
36.3750,1690
36.3778,1689
36.3806,1681
36.3833,1681
36.3861,1679
36.3889,1679
36.3917,1678
36.3944,1676
36.3972,1671
36.4000,1678
36.4028,1681
36.4056,1691
36.4083,1694
36.4111,1686
36.4139,1661
36.4167,1633
36.4194,1627
36.4222,1653
36.4250,1669
36.4278,1675
36.4306,1676
36.4333,1674
36.4361,1681
36.4389,1677
36.4417,1680
36.4444,1689
36.4472,1673
36.4500,1682
36.4528,1693
36.4556,1706
36.4583,1700
36.4611,1694
36.4639,1701
36.4667,1693
36.4694,1681
36.4722,1674
36.4750,1685
36.4778,1678
36.4806,1673
36.4833,1662
36.4861,1660
36.4889,1669
36.4917,1677
36.4944,1688
36.4972,1690
36.5000,1684
36.5028,1672
36.5056,1680
36.5083,1693
36.5111,1695
36.5139,1708
36.5167,1701
36.5194,1695
36.5222,1690
36.5250,1665
36.5278,1650
36.5306,1667
36.5333,1678
36.5361,1691
36.5389,1691
36.5417,1701
36.5444,1684
36.5472,1692
36.5500,1689
36.5528,1690
36.5556,1690
36.5583,1695
36.5611,1689
36.5639,1684
36.5667,1698
36.5694,1686
36.5722,1694
36.5750,1685
36.5778,1681
36.5806,1677
36.5833,1666
36.5861,1659
36.5889,1669
36.5917,1691
36.5944,1697
36.5972,1694
36.6000,1686
36.6028,1685
36.6056,1688
36.6083,1685
36.6111,1697
36.6139,1696
36.6167,1705
36.6194,1716
36.6222,1697
36.6250,1702
36.6278,1704
36.6306,1697
36.6333,1696
36.6361,1697
36.6389,1705
36.6417,1703
36.6444,1693
36.6472,1677
36.6500,1660
36.6528,1666
36.6556,1676
36.6583,1694
36.6611,1694
36.6639,1708
36.6667,1718
36.6694,1722
36.6722,1705
36.6750,1704
36.6778,1689
36.6806,1680
36.6833,1686
36.6861,1686
36.6889,1685
36.6917,1697
36.6944,1709
36.6972,1716
36.7000,1718
36.7028,1718
36.7056,1721
36.7083,1731
36.7111,1739
36.7139,1738
36.7167,1727
36.7194,1718
36.7222,1719
36.7250,1716
36.7278,1707
36.7306,1708
36.7333,1700
36.7361,1686
36.7389,1671
36.7417,1671
36.7444,1677
36.7472,1697
36.7500,1702
36.7528,1694
36.7556,1691
36.7583,1685
36.7611,1688
36.7639,1671
36.7667,1674
36.7694,1686
36.7722,1710
36.7750,1720
36.7778,1725
36.7806,1710
36.7833,1705
36.7861,1695
36.7889,1705
36.7917,1693
36.7944,1681
36.7972,1643
36.8000,1610
36.8028,1603
36.8056,1624
36.8083,1663
36.8111,1715
36.8139,1760
36.8167,1837
36.8194,1947
36.8222,2102
36.8250,2314
36.8278,2526
36.8306,2678
36.8333,2685
36.8361,2531
36.8389,2296
36.8417,2104
36.8444,1968
36.8472,1893
36.8500,1872
36.8528,1903
36.8556,1930
36.8583,1907
36.8611,1870
36.8639,1810
36.8667,1747
36.8694,1696
36.8722,1690
36.8750,1677
36.8778,1687
36.8806,1698
36.8833,1691
36.8861,1673
36.8889,1645
36.8917,1626
36.8944,1631
36.8972,1644
36.9000,1681
36.9028,1711
36.9056,1711
36.9083,1686
36.9111,1669
36.9139,1664
36.9167,1671
36.9194,1679
36.9222,1686
36.9250,1679
36.9278,1682
36.9306,1685
36.9333,1688
36.9361,1694
36.9389,1689
36.9417,1689
36.9444,1683
36.9472,1677
36.9500,1673
36.9528,1666
36.9556,1680
36.9583,1697
36.9611,1708
36.9639,1702
36.9667,1708
36.9694,1709
36.9722,1711
36.9750,1701
36.9778,1710
36.9806,1709
36.9833,1708
36.9861,1701
36.9889,1707
36.9917,1718
36.9944,1727
36.9972,1741
37.0000,1749
37.0028,1754
37.0056,1742
37.0083,1738
37.0111,1734
37.0139,1746
37.0167,1752
37.0194,1766
37.0222,1858
37.0250,1855
37.0278,1851
37.0306,1849
37.0333,1858
37.0361,1879
37.0389,1871
37.0417,1870
37.0444,1868
37.0472,1842
37.0500,1817
37.0528,1804
37.0556,1801
37.0583,1798
37.0611,1807
37.0639,1797
37.0667,1775
37.0694,1752
37.0722,1723
37.0750,1711
37.0778,1717
37.0806,1710
37.0833,1686
37.0861,1669
37.0889,1657
37.0917,1667
37.0944,1674
37.0972,1672
37.1000,1681
37.1028,1676
37.1056,1666
37.1083,1654
37.1111,1645
37.1139,1634
37.1167,1640
37.1194,1640
37.1222,1631
37.1250,1629
37.1278,1633
37.1306,1638
37.1333,1640
37.1361,1634
37.1389,1646
37.1417,1650
37.1444,1663
37.1472,1666
37.1500,1648
37.1528,1628
37.1556,1615
37.1583,1627
37.1611,1633
37.1639,1658
37.1667,1669
37.1694,1673
37.1722,1655
37.1750,1642
37.1778,1651
37.1806,1668
37.1833,1676
37.1861,1678
37.1889,1672
37.1917,1652
37.1944,1638
37.1972,1633
37.2000,1633
37.2028,1641
37.2056,1646
37.2083,1656
37.2111,1669
37.2139,1669
37.2167,1670
37.2194,1680
37.2222,1686
37.2250,1683
37.2278,1679
37.2306,1675
37.2333,1669
37.2361,1661
37.2389,1669
37.2417,1676
37.2444,1670
37.2472,1668
37.2500,1664
37.2528,1664
37.2556,1663
37.2583,1663
37.2611,1674
37.2639,1675
37.2667,1678
37.2694,1686
37.2722,1668
37.2750,1662
37.2778,1658
37.2806,1659
37.2833,1687
37.2861,1688
37.2889,1685
37.2917,1689
37.2944,1677
37.2972,1668
37.3000,1671
37.3028,1667
37.3056,1676
37.3083,1679
37.3111,1685
37.3139,1690
37.3167,1680
37.3194,1677
37.3222,1669
37.3250,1654
37.3278,1651
37.3306,1651
37.3333,1658
37.3361,1671
37.3389,1687
37.3417,1682
37.3444,1688
37.3472,1686
37.3500,1684
37.3528,1685
37.3556,1680
37.3583,1665
37.3611,1663
37.3639,1662
37.3667,1666
37.3694,1677
37.3722,1676
37.3750,1676
37.3778,1684
37.3806,1688
37.3833,1683
37.3861,1682
37.3889,1685
37.3917,1683
37.3944,1685
37.3972,1670
37.4000,1666
37.4028,1665
37.4056,1673
37.4083,1683
37.4111,1679
37.4139,1679
37.4167,1689
37.4194,1679
37.4222,1680
37.4250,1676
37.4278,1670
37.4306,1674
37.4333,1678
37.4361,1693
37.4389,1690
37.4417,1699
37.4444,1686
37.4472,1683
37.4500,1689
37.4528,1701
37.4556,1708
37.4583,1711
37.4611,1694
37.4639,1683
37.4667,1674
37.4694,1676
37.4722,1678
37.4750,1669
37.4778,1678
37.4806,1682
37.4833,1668
37.4861,1660
37.4889,1670
37.4917,1677
37.4944,1671
37.4972,1670
37.5000,1674
37.5028,1676
37.5056,1665
37.5083,1667
37.5111,1668
37.5139,1685
37.5167,1691
37.5194,1694
37.5222,1696
37.5250,1694
37.5278,1675
37.5306,1669
37.5333,1668
37.5361,1670
37.5389,1692
37.5417,1696
37.5444,1703
37.5472,1710
37.5500,1689
37.5528,1663
37.5556,1661
37.5583,1666
37.5611,1670
37.5639,1679
37.5667,1687
37.5694,1689
37.5722,1692
37.5750,1702
37.5778,1697
37.5806,1680
37.5833,1687
37.5861,1686
37.5889,1687
37.5917,1692
37.5944,1709
37.5972,1712
37.6000,1692
37.6028,1697
37.6056,1696
37.6083,1704
37.6111,1704
37.6139,1692
37.6167,1687
37.6194,1689
37.6222,1689
37.6250,1688
37.6278,1688
37.6306,1700
37.6333,1718
37.6361,1735
37.6389,1744
37.6417,1747
37.6444,1741
37.6472,1712
37.6500,1694
37.6528,1680
37.6556,1678
37.6583,1695
37.6611,1694
37.6639,1693
37.6667,1680
37.6694,1665
37.6722,1668
37.6750,1679
37.6778,1685
37.6806,1682
37.6833,1690
37.6861,1701
37.6889,1697
37.6917,1689
37.6944,1680
37.6972,1660
37.7000,1660
37.7028,1675
37.7056,1703
37.7083,1698
37.7111,1697
37.7139,1698
37.7167,1694
37.7194,1690
37.7222,1677
37.7250,1664
37.7278,1641
37.7306,1619
37.7333,1614
37.7361,1609
37.7389,1644
37.7417,1695
37.7444,1752
37.7472,1822
37.7500,1948
37.7528,2130
37.7556,2357
37.7583,2572
37.7611,2695
37.7639,2653
37.7667,2456
37.7694,2242
37.7722,2055
37.7750,1954
37.7778,1897
37.7806,1888
37.7833,1881
37.7861,1895
37.7889,1892
37.7917,1859
37.7944,1806
37.7972,1743
37.8000,1682
37.8028,1653
37.8056,1636
37.8083,1646
37.8111,1669
37.8139,1686
37.8167,1681
37.8194,1672
37.8222,1672
37.8250,1661
37.8278,1665
37.8306,1652
37.8333,1657
37.8361,1645
37.8389,1654
37.8417,1648
37.8444,1661
37.8472,1678
37.8500,1688
37.8528,1688
37.8556,1676
37.8583,1664
37.8611,1656
37.8639,1658
37.8667,1667
37.8694,1672
37.8722,1685
37.8750,1693
37.8778,1698
37.8806,1678
37.8833,1682
37.8861,1690
37.8889,1702
37.8917,1694
37.8944,1689
37.8972,1683
37.9000,1683
37.9028,1688
37.9056,1689
37.9083,1681
37.9111,1685
37.9139,1683
37.9167,1684
37.9194,1691
37.9222,1707
37.9250,1717
37.9278,1710
37.9306,1716
37.9333,1721
37.9361,1717
37.9389,1708
37.9417,1714
37.9444,1728
37.9472,1741
37.9500,1859
37.9528,1865
37.9556,1862
37.9583,1860
37.9611,1837
37.9639,1826
37.9667,1826
37.9694,1835
37.9722,1829
37.9750,1821
37.9778,1814
37.9806,1803
37.9833,1814
37.9861,1820
37.9889,1819
37.9917,1801
37.9944,1755
37.9972,1727
38.0000,1706
38.0028,1696
38.0056,1691
38.0083,1693
38.0111,1688
38.0139,1675
38.0167,1661
38.0194,1654
38.0222,1654
38.0250,1658
38.0278,1664
38.0306,1659
38.0333,1638
38.0361,1626
38.0389,1615
38.0417,1618
38.0444,1619
38.0472,1614
38.0500,1614
38.0528,1626
38.0556,1634
38.0583,1644
38.0611,1644
38.0639,1644
38.0667,1638
38.0694,1625
38.0722,1623
38.0750,1628
38.0778,1620
38.0806,1629
38.0833,1620
38.0861,1625
38.0889,1624
38.0917,1627
38.0944,1620
38.0972,1618
38.1000,1619
38.1028,1627
38.1056,1639
38.1083,1645
38.1111,1649
38.1139,1643
38.1167,1637
38.1194,1638
38.1222,1627
38.1250,1626
38.1278,1628
38.1306,1643
38.1333,1633
38.1361,1633
38.1389,1620
38.1417,1615
38.1444,1620
38.1472,1619
38.1500,1628
38.1528,1636
38.1556,1643
38.1583,1641
38.1611,1643
38.1639,1646
38.1667,1652
38.1694,1659
38.1722,1671
38.1750,1676
38.1778,1669
38.1806,1653
38.1833,1654
38.1861,1640
38.1889,1638
38.1917,1645
38.1944,1663
38.1972,1668
38.2000,1675
38.2028,1661
38.2056,1653
38.2083,1653
38.2111,1652
38.2139,1669
38.2167,1654
38.2194,1642
38.2222,1641
38.2250,1654
38.2278,1647
38.2306,1652
38.2333,1666
38.2361,1661
38.2389,1659
38.2417,1656
38.2444,1656
38.2472,1662
38.2500,1673
38.2528,1676
38.2556,1690
38.2583,1682
38.2611,1679
38.2639,1676
38.2667,1677
38.2694,1665
38.2722,1652
38.2750,1636
38.2778,1639
38.2806,1637
38.2833,1656
38.2861,1668
38.2889,1674
38.2917,1676
38.2944,1654
38.2972,1637
38.3000,1638
38.3028,1643
38.3056,1652
38.3083,1663
38.3111,1669
38.3139,1678
38.3167,1685
38.3194,1676
38.3222,1677
38.3250,1675
38.3278,1671
38.3306,1674
38.3333,1665
38.3361,1660
38.3389,1668
38.3417,1684
38.3444,1693
38.3472,1717
38.3500,1696
38.3528,1680
38.3556,1677
38.3583,1673
38.3611,1670
38.3639,1670
38.3667,1670
38.3694,1677
38.3722,1686
38.3750,1689
38.3778,1687
38.3806,1692
38.3833,1698
38.3861,1705
38.3889,1715
38.3917,1726
38.3944,1741
38.3972,1728
38.4000,1722
38.4028,1698
38.4056,1678
38.4083,1671
38.4111,1660
38.4139,1655
38.4167,1664
38.4194,1677
38.4222,1673
38.4250,1668
38.4278,1665
38.4306,1674
38.4333,1684
38.4361,1692
38.4389,1696
38.4417,1695
38.4444,1693
38.4472,1687
38.4500,1688
38.4528,1690
38.4556,1702
38.4583,1709
38.4611,1696
38.4639,1690
38.4667,1691
38.4694,1686
38.4722,1688
38.4750,1690
38.4778,1704
38.4806,1698
38.4833,1703
38.4861,1709
38.4889,1698
38.4917,1692
38.4944,1685
38.4972,1688
38.5000,1686
38.5028,1693
38.5056,1691
38.5083,1686
38.5111,1681
38.5139,1680
38.5167,1691
38.5194,1681
38.5222,1670
38.5250,1681
38.5278,1678
38.5306,1695
38.5333,1697
38.5361,1691
38.5389,1687
38.5417,1693
38.5444,1712
38.5472,1716
38.5500,1719
38.5528,1730
38.5556,1724
38.5583,1731
38.5611,1745
38.5639,1739
38.5667,1731
38.5694,1718
38.5722,1704
38.5750,1688
38.5778,1686
38.5806,1677
38.5833,1669
38.5861,1668
38.5889,1668
38.5917,1670
38.5944,1692
38.5972,1704
38.6000,1700
38.6028,1686
38.6056,1684
38.6083,1683
38.6111,1688
38.6139,1686
38.6167,1688
38.6194,1688
38.6222,1685
38.6250,1687
38.6278,1692
38.6306,1682
38.6333,1672
38.6361,1663
38.6389,1664
38.6417,1662
38.6444,1678
38.6472,1662
38.6500,1639
38.6528,1607
38.6556,1599
38.6583,1623
38.6611,1657
38.6639,1701
38.6667,1757
38.6694,1838
38.6722,1987
38.6750,2192
38.6778,2416
38.6806,2571
38.6833,2600
38.6861,2470
38.6889,2275
38.6917,2101
38.6944,1993
38.6972,1946
38.7000,1919
38.7028,1917
38.7056,1930
38.7083,1935
38.7111,1889
38.7139,1830
38.7167,1766
38.7194,1697
38.7222,1663
38.7250,1649
38.7278,1654
38.7306,1678
38.7333,1700
38.7361,1703
38.7389,1707
38.7417,1698
38.7444,1688
38.7472,1684
38.7500,1686
38.7528,1676
38.7556,1671
38.7583,1670
38.7611,1671
38.7639,1664
38.7667,1675
38.7694,1693
38.7722,1699
38.7750,1696
38.7778,1687
38.7806,1673
38.7833,1676
38.7861,1671
38.7889,1686
38.7917,1682
38.7944,1697
38.7972,1697
38.8000,1687
38.8028,1680
38.8056,1680
38.8083,1681
38.8111,1685
38.8139,1695
38.8167,1694
38.8194,1696
38.8222,1706
38.8250,1718
38.8278,1745
38.8306,1764
38.8333,1741
38.8361,1709
38.8389,1692
38.8417,1673
38.8444,1672
38.8472,1693
38.8500,1703
38.8528,1720
38.8556,1728
38.8583,1743
38.8611,1746
38.8639,1758
38.8667,1766
38.8694,1761
38.8722,1874
38.8750,1872
38.8778,1856
38.8806,1839
38.8833,1833
38.8861,1838
38.8889,1833
38.8917,1837
38.8944,1830
38.8972,1820
38.9000,1799
38.9028,1792
38.9056,1801
38.9083,1800
38.9111,1798
38.9139,1785
38.9167,1781
38.9194,1763
38.9222,1755
38.9250,1738
38.9278,1704
38.9306,1683
38.9333,1681
38.9361,1684
38.9389,1690
38.9417,1689
38.9444,1678
38.9472,1660
38.9500,1649
38.9528,1643
38.9556,1655
38.9583,1660
38.9611,1662
38.9639,1664
38.9667,1671
38.9694,1658
38.9722,1666
38.9750,1679
38.9778,1685
38.9806,1672
38.9833,1670
38.9861,1657
38.9889,1647
38.9917,1634
38.9944,1637
38.9972,1642
39.0000,1640
39.0028,1631
39.0056,1640
39.0083,1655
39.0111,1665
39.0139,1662
39.0167,1659
39.0194,1665
39.0222,1670
39.0250,1650
39.0278,1638
39.0306,1639
39.0333,1651
39.0361,1667
39.0389,1679
39.0417,1669
39.0444,1657
39.0472,1657
39.0500,1662
39.0528,1673
39.0556,1674
39.0583,1653
39.0611,1644
39.0639,1648
39.0667,1668
39.0694,1686
39.0722,1690
39.0750,1683
39.0778,1665
39.0806,1649
39.0833,1657
39.0861,1672
39.0889,1671
39.0917,1680
39.0944,1690
39.0972,1683
39.1000,1679
39.1028,1669
39.1056,1683
39.1083,1681
39.1111,1684
39.1139,1682
39.1167,1675
39.1194,1672
39.1222,1682
39.1250,1681
39.1278,1672
39.1306,1670
39.1333,1670
39.1361,1660
39.1389,1658
39.1417,1662
39.1444,1669
39.1472,1678
39.1500,1694
39.1528,1679
39.1556,1673
39.1583,1680
39.1611,1688
39.1639,1679
39.1667,1674
39.1694,1671
39.1722,1684
39.1750,1680
39.1778,1673
39.1806,1671
39.1833,1659
39.1861,1669
39.1889,1672
39.1917,1684
39.1944,1693
39.1972,1692
39.2000,1685
39.2028,1686
39.2056,1692
39.2083,1696
39.2111,1687
39.2139,1682
39.2167,1667
39.2194,1667
39.2222,1663
39.2250,1660
39.2278,1676
39.2306,1670
39.2333,1666
39.2361,1659
39.2389,1651
39.2417,1656
39.2444,1653
39.2472,1679
39.2500,1688
39.2528,1696
39.2556,1688
39.2583,1686
39.2611,1683
39.2639,1685
39.2667,1685
39.2694,1673
39.2722,1671
39.2750,1680
39.2778,1701
39.2806,1719
39.2833,1715
39.2861,1715
39.2889,1697
39.2917,1690
39.2944,1689
39.2972,1692
39.3000,1707
39.3028,1693
39.3056,1696
39.3083,1704
39.3111,1708
39.3139,1712
39.3167,1713
39.3194,1718
39.3222,1712
39.3250,1711
39.3278,1716
39.3306,1715
39.3333,1715
39.3361,1707
39.3389,1685
39.3417,1664
39.3444,1667
39.3472,1677
39.3500,1704
39.3528,1700
39.3556,1707
39.3583,1714
39.3611,1703
39.3639,1707
39.3667,1712
39.3694,1718
39.3722,1715
39.3750,1709
39.3778,1717
39.3806,1732
39.3833,1722
39.3861,1714
39.3889,1715
39.3917,1717
39.3944,1724
39.3972,1721
39.4000,1707
39.4028,1712
39.4056,1723
39.4083,1730
39.4111,1734
39.4139,1738
39.4167,1738
39.4194,1738
39.4222,1746
39.4250,1754
39.4278,1737
39.4306,1735
39.4333,1722
39.4361,1714
39.4389,1702
39.4417,1687
39.4444,1678
39.4472,1682
39.4500,1675
39.4528,1677
39.4556,1671
39.4583,1669
39.4611,1669
39.4639,1680
39.4667,1689
39.4694,1685
39.4722,1683
39.4750,1669
39.4778,1662
39.4806,1664
39.4833,1678
39.4861,1687
39.4889,1706
39.4917,1713
39.4944,1711
39.4972,1709
39.5000,1718
39.5028,1713
39.5056,1705
39.5083,1695
39.5111,1664
39.5139,1649
39.5167,1626
39.5194,1623
39.5222,1643
39.5250,1688
39.5278,1733
39.5306,1773
39.5333,1842
39.5361,1942
39.5389,2118
39.5417,2364
39.5444,2585
39.5472,2689
39.5500,2634
39.5528,2448
39.5556,2233
39.5583,2058
39.5611,1963
39.5639,1912
39.5667,1900
39.5694,1919
39.5722,1928
39.5750,1904
39.5778,1882
39.5806,1807
39.5833,1726
39.5861,1677
39.5889,1655
39.5917,1678
39.5944,1705
39.5972,1716
39.6000,1714
39.6028,1690
39.6056,1663
39.6083,1661
39.6111,1663
39.6139,1684
39.6167,1688
39.6194,1690
39.6222,1680
39.6250,1664
39.6278,1661
39.6306,1677
39.6333,1683
39.6361,1690
39.6389,1683
39.6417,1681
39.6444,1681
39.6472,1675
39.6500,1670
39.6528,1677
39.6556,1689
39.6583,1691
39.6611,1686
39.6639,1679
39.6667,1678
39.6694,1688
39.6722,1698
39.6750,1704
39.6778,1699
39.6806,1700
39.6833,1687
39.6861,1695
39.6889,1689
39.6917,1689
39.6944,1710
39.6972,1720
39.7000,1726
39.7028,1732
39.7056,1727
39.7083,1724
39.7111,1737
39.7139,1741
39.7167,1747
39.7194,1742
39.7222,1745
39.7250,1752
39.7278,1744
39.7306,1744
39.7333,1751
39.7361,1758
39.7389,1866
39.7417,1864
39.7444,1871
39.7472,1869
39.7500,1860
39.7528,1866
39.7556,1863
39.7583,1846
39.7611,1831
39.7639,1816
39.7667,1808
39.7694,1815
39.7722,1814
39.7750,1802
39.7778,1784
39.7806,1768
39.7833,1750
39.7861,1738
39.7889,1722
39.7917,1719
39.7944,1719
39.7972,1719
39.8000,1716
39.8028,1714
39.8056,1700
39.8083,1700
39.8111,1681
39.8139,1675
39.8167,1652
39.8194,1644
39.8222,1644
39.8250,1642
39.8278,1645
39.8306,1657
39.8333,1677
39.8361,1671
39.8389,1676
39.8417,1656
39.8444,1643
39.8472,1626
39.8500,1629
39.8528,1631
39.8556,1641
39.8583,1653
39.8611,1649
39.8639,1647
39.8667,1638
39.8694,1635
39.8722,1645
39.8750,1649
39.8778,1671
39.8806,1671
39.8833,1678
39.8861,1673
39.8889,1657
39.8917,1647
39.8944,1654
39.8972,1652
39.9000,1667
39.9028,1674
39.9056,1679
39.9083,1688
39.9111,1681
39.9139,1684
39.9167,1671
39.9194,1669
39.9222,1675
39.9250,1677
39.9278,1677
39.9306,1686
39.9333,1691
39.9361,1683
39.9389,1692
39.9417,1685
39.9444,1682
39.9472,1691
39.9500,1691
39.9528,1684
39.9556,1683
39.9583,1682
39.9611,1679
39.9639,1677
39.9667,1685
39.9694,1695
39.9722,1699
39.9750,1691
39.9778,1688
39.9806,1697
39.9833,1683
39.9861,1682
39.9889,1668
39.9917,1680
39.9944,1680
39.9972,1689
40.0000,1689
40.0028,1689
40.0056,1691
40.0083,1686
40.0111,1692
40.0139,1690
40.0167,1694
40.0194,1692
40.0222,1690
40.0250,1688
40.0278,1693
40.0306,1681
40.0333,1693
40.0361,1679
40.0389,1673
40.0417,1680
40.0444,1686
40.0472,1693
40.0500,1692
40.0528,1708
40.0556,1705
40.0583,1705
40.0611,1692
40.0639,1688
40.0667,1670
40.0694,1660
40.0722,1670
40.0750,1674
40.0778,1662
40.0806,1651
40.0833,1664
40.0861,1678
40.0889,1678
40.0917,1678
40.0944,1677
40.0972,1682
40.1000,1696
40.1028,1707
40.1056,1701
40.1083,1683
40.1111,1675
40.1139,1662
40.1167,1660
40.1194,1662
40.1222,1659
40.1250,1673
40.1278,1672
40.1306,1684
40.1333,1686
40.1361,1689
40.1389,1690
40.1417,1695
40.1444,1687
40.1472,1691
40.1500,1683
40.1528,1681
40.1556,1677
40.1583,1680
40.1611,1691
40.1639,1692
40.1667,1692
40.1694,1693
40.1722,1681
40.1750,1683
40.1778,1683
40.1806,1681
40.1833,1672
40.1861,1675
40.1889,1688
40.1917,1701
40.1944,1713
40.1972,1713
40.2000,1698
40.2028,1687
40.2056,1676
40.2083,1674
40.2111,1663
40.2139,1666
40.2167,1656
40.2194,1664
40.2222,1657
40.2250,1661
40.2278,1662
40.2306,1670
40.2333,1683
40.2361,1689
40.2389,1688
40.2417,1696
40.2444,1690
40.2472,1704
40.2500,1701
40.2528,1686
40.2556,1677
40.2583,1675
40.2611,1670
40.2639,1676
40.2667,1681
40.2694,1684
40.2722,1696
40.2750,1693
40.2778,1688
40.2806,1689
40.2833,1699
40.2861,1710
40.2889,1711
40.2917,1725
40.2944,1721
40.2972,1719
40.3000,1707
40.3028,1682
40.3056,1663
40.3083,1660
40.3111,1666
40.3139,1679
40.3167,1683
40.3194,1685
40.3222,1705
40.3250,1729
40.3278,1737
40.3306,1742
40.3333,1728
40.3361,1717
40.3389,1708
40.3417,1690
40.3444,1678
40.3472,1671
40.3500,1655
40.3528,1654
40.3556,1661
40.3583,1658
40.3611,1648
40.3639,1649
40.3667,1653
40.3694,1651
40.3722,1662
40.3750,1670
40.3778,1678
40.3806,1681
40.3833,1669
40.3861,1667
40.3889,1677
40.3917,1699
40.3944,1706
40.3972,1703
40.4000,1704
40.4028,1721
40.4056,1710
40.4083,1709
40.4111,1705
40.4139,1698
40.4167,1660
40.4194,1617
40.4222,1594
40.4250,1609
40.4278,1640
40.4306,1665
40.4333,1715
40.4361,1782
40.4389,1879
40.4417,2032
40.4444,2253
40.4472,2487
40.4500,2656
40.4528,2684
40.4556,2520
40.4583,2299
40.4611,2105
40.4639,1972
40.4667,1902
40.4694,1888
40.4722,1890
40.4750,1909
40.4778,1905
40.4806,1869
40.4833,1813
40.4861,1747
40.4889,1689
40.4917,1654
40.4944,1663
40.4972,1682
40.5000,1695
40.5028,1699
40.5056,1686
40.5083,1665
40.5111,1653
40.5139,1655
40.5167,1671
40.5194,1685
40.5222,1685
40.5250,1691
40.5278,1683
40.5306,1668
40.5333,1661
40.5361,1671
40.5389,1678
40.5417,1683
40.5444,1673
40.5472,1653
40.5500,1639
40.5528,1658
40.5556,1674
40.5583,1678
40.5611,1676
40.5639,1673
40.5667,1677
40.5694,1665
40.5722,1678
40.5750,1686
40.5778,1685
40.5806,1695
40.5833,1700
40.5861,1701
40.5889,1696
40.5917,1693
40.5944,1701
40.5972,1707
40.6000,1708
40.6028,1699
40.6056,1693
40.6083,1693
40.6111,1704
40.6139,1725
40.6167,1746
40.6194,1753
40.6222,1748
40.6250,1740
40.6278,1730
40.6306,1719
40.6333,1721
40.6361,1743
40.6389,1757
40.6417,1878
40.6444,1875
40.6472,1867
40.6500,1849
40.6528,1851
40.6556,1854
40.6583,1852
40.6611,1842
40.6639,1822
40.6667,1810
40.6694,1822
40.6722,1815
40.6750,1818
40.6778,1821
40.6806,1810
40.6833,1804
40.6861,1772
40.6889,1753
40.6917,1736
40.6944,1737
40.6972,1734
40.7000,1716
40.7028,1708
40.7056,1699
40.7083,1681
40.7111,1658
40.7139,1641
40.7167,1642
40.7194,1652
40.7222,1661
40.7250,1665
40.7278,1662
40.7306,1651
40.7333,1645
40.7361,1648
40.7389,1655
40.7417,1654
40.7444,1650
40.7472,1630
40.7500,1626
40.7528,1633
40.7556,1639
40.7583,1645
40.7611,1644
40.7639,1640
40.7667,1629
40.7694,1629
40.7722,1610
40.7750,1630
40.7778,1639
40.7806,1653
40.7833,1652
40.7861,1665
40.7889,1664
40.7917,1668
40.7944,1676
40.7972,1686
40.8000,1686
40.8028,1650
40.8056,1640
40.8083,1644
40.8111,1657
40.8139,1674
40.8167,1682
40.8194,1675
40.8222,1667
40.8250,1666
40.8278,1671
40.8306,1665
40.8333,1673
40.8361,1675
40.8389,1691
40.8417,1704
40.8444,1699
40.8472,1695
40.8500,1678
40.8528,1668
40.8556,1680
40.8583,1682
40.8611,1681
40.8639,1679
40.8667,1682
40.8694,1691
40.8722,1695
40.8750,1698
40.8778,1687
40.8806,1664
40.8833,1651
40.8861,1643
40.8889,1649
40.8917,1659
40.8944,1683
40.8972,1692
40.9000,1698
40.9028,1704
40.9056,1695
40.9083,1673
40.9111,1659
40.9139,1655
40.9167,1656
40.9194,1659
40.9222,1669
40.9250,1664
40.9278,1669
40.9306,1675
40.9333,1670
40.9361,1675
40.9389,1678
40.9417,1694
40.9444,1701
40.9472,1686
40.9500,1683
40.9528,1678
40.9556,1674
40.9583,1689
40.9611,1694
40.9639,1704
40.9667,1705
40.9694,1705
40.9722,1680
40.9750,1675
40.9778,1676
40.9806,1688
40.9833,1700
40.9861,1694
40.9889,1693
40.9917,1681
40.9944,1680
40.9972,1681
41.0000,1671
41.0028,1656
41.0056,1649
41.0083,1658
41.0111,1656
41.0139,1659
41.0167,1668
41.0194,1682
41.0222,1694
41.0250,1699
41.0278,1705
41.0306,1710
41.0333,1706
41.0361,1704
41.0389,1696
41.0417,1688
41.0444,1689
41.0472,1691
41.0500,1696
41.0528,1688
41.0556,1692
41.0583,1700
41.0611,1698
41.0639,1699
41.0667,1693
41.0694,1690
41.0722,1691
41.0750,1695
41.0778,1707
41.0806,1719
41.0833,1723
41.0861,1717
41.0889,1712
41.0917,1711
41.0944,1717
41.0972,1711
41.1000,1690
41.1028,1675
41.1056,1677
41.1083,1680
41.1111,1683
41.1139,1690
41.1167,1693
41.1194,1714
41.1222,1721
41.1250,1725
41.1278,1721
41.1306,1716
41.1333,1711
41.1361,1718
41.1389,1725
41.1417,1722
41.1444,1713
41.1472,1689
41.1500,1686
41.1528,1679
41.1556,1696
41.1583,1701
41.1611,1705
41.1639,1701
41.1667,1703
41.1694,1705
41.1722,1695
41.1750,1684
41.1778,1676
41.1806,1693
41.1833,1712
41.1861,1725
41.1889,1723
41.1917,1723
41.1944,1720
41.1972,1719
41.2000,1725
41.2028,1726
41.2056,1721
41.2083,1713
41.2111,1712
41.2139,1699
41.2167,1681
41.2194,1677
41.2222,1699
41.2250,1702
41.2278,1716
41.2306,1738
41.2333,1741
41.2361,1739
41.2389,1733
41.2417,1727
41.2444,1716
41.2472,1708
41.2500,1715
41.2528,1712
41.2556,1695
41.2583,1687
41.2611,1683
41.2639,1678
41.2667,1697
41.2694,1695
41.2722,1703
41.2750,1706
41.2778,1712
41.2806,1710
41.2833,1697
41.2861,1688
41.2889,1692
41.2917,1690
41.2944,1707
41.2972,1706
41.3000,1701
41.3028,1687
41.3056,1686
41.3083,1692
41.3111,1691
41.3139,1686
41.3167,1684
41.3194,1670
41.3222,1631
41.3250,1613
41.3278,1608
41.3306,1625
41.3333,1665
41.3361,1706
41.3389,1778
41.3417,1884
41.3444,2049
41.3472,2278
41.3500,2503
41.3528,2646
41.3556,2645
41.3583,2481
41.3611,2259
41.3639,2089
41.3667,1989
41.3694,1941
41.3722,1926
41.3750,1919
41.3778,1922
41.3806,1906
41.3833,1881
41.3861,1825
41.3889,1752
41.3917,1696
41.3944,1666
41.3972,1661
41.4000,1677
41.4028,1696
41.4056,1696
41.4083,1681
41.4111,1661
41.4139,1656
41.4167,1652
41.4194,1661
41.4222,1670
41.4250,1680
41.4278,1667
41.4306,1664
41.4333,1656
41.4361,1671
41.4389,1675
41.4417,1695
41.4444,1706
41.4472,1698
41.4500,1691
41.4528,1687
41.4556,1681
41.4583,1678
41.4611,1677
41.4639,1694
41.4667,1699
41.4694,1692
41.4722,1681
41.4750,1687
41.4778,1689
41.4806,1691
41.4833,1703
41.4861,1705
41.4889,1709
41.4917,1701
41.4944,1697
41.4972,1689
41.5000,1690
41.5028,1703
41.5056,1708
41.5083,1705
41.5111,1713
41.5139,1721
41.5167,1733
41.5194,1723
41.5222,1726
41.5250,1722
41.5278,1723
41.5306,1714
41.5333,1716
41.5361,1725
41.5389,1737
41.5417,1747
41.5444,1836
41.5472,1841
41.5500,1837
41.5528,1836
41.5556,1841
41.5583,1846
41.5611,1851
41.5639,1859
41.5667,1858
41.5694,1849
41.5722,1831
41.5750,1811
41.5778,1800
41.5806,1800
41.5833,1792
41.5861,1777
41.5889,1748
41.5917,1735
41.5944,1731
41.5972,1733
41.6000,1717
41.6028,1710
41.6056,1699
41.6083,1691
41.6111,1671
41.6139,1659
41.6167,1643
41.6194,1647
41.6222,1639
41.6250,1648
41.6278,1665
41.6306,1660
41.6333,1660
41.6361,1663
41.6389,1665
41.6417,1647
41.6444,1637
41.6472,1618
41.6500,1614
41.6528,1617
41.6556,1630
41.6583,1642
41.6611,1659
41.6639,1667
41.6667,1655
41.6694,1646
41.6722,1635
41.6750,1635
41.6778,1634
41.6806,1643
41.6833,1647
41.6861,1643
41.6889,1646
41.6917,1655
41.6944,1665
41.6972,1669
41.7000,1681
41.7028,1674
41.7056,1668
41.7083,1663
41.7111,1642
41.7139,1649
41.7167,1658
41.7194,1663
41.7222,1657
41.7250,1654
41.7278,1655
41.7306,1645
41.7333,1646
41.7361,1653
41.7389,1651
41.7417,1657
41.7444,1670
41.7472,1658
41.7500,1650
41.7528,1637
41.7556,1622
41.7583,1631
41.7611,1639
41.7639,1651
41.7667,1658
41.7694,1658
41.7722,1665
41.7750,1669
41.7778,1676
41.7806,1672
41.7833,1663
41.7861,1667
41.7889,1667
41.7917,1667
41.7944,1661
41.7972,1675
41.8000,1684
41.8028,1679
41.8056,1657
41.8083,1649
41.8111,1645
41.8139,1645
41.8167,1639
41.8194,1650
41.8222,1665
41.8250,1666
41.8278,1674
41.8306,1663
41.8333,1657
41.8361,1652
41.8389,1657
41.8417,1664
41.8444,1666
41.8472,1653
41.8500,1654
41.8528,1650
41.8556,1651
41.8583,1651
41.8611,1652
41.8639,1645
41.8667,1643
41.8694,1637
41.8722,1641
41.8750,1648
41.8778,1662
41.8806,1673
41.8833,1692
41.8861,1697
41.8889,1695
41.8917,1690
41.8944,1690
41.8972,1703
41.9000,1700
41.9028,1689
41.9056,1681
41.9083,1674
41.9111,1668
41.9139,1657
41.9167,1667
41.9194,1665
41.9222,1675
41.9250,1669
41.9278,1663
41.9306,1667
41.9333,1673
41.9361,1674
41.9389,1673
41.9417,1672
41.9444,1673
41.9472,1671
41.9500,1676
41.9528,1681
41.9556,1705
41.9583,1706
41.9611,1719
41.9639,1709
41.9667,1703
41.9694,1692
41.9722,1679
41.9750,1667
41.9778,1678
41.9806,1681
41.9833,1689
41.9861,1683
41.9889,1689
41.9917,1691
41.9944,1694
41.9972,1693
42.0000,1699
42.0028,1711
42.0056,1719
42.0083,1726
42.0111,1733
42.0139,1739
42.0167,1732
42.0194,1743
42.0222,1743
42.0250,1740
42.0278,1746
42.0306,1754
42.0333,1769
42.0361,1778
42.0389,1768
42.0417,1750
42.0444,1727
42.0472,1738
42.0500,1748
42.0528,1753
42.0556,1729
42.0583,1706
42.0611,1693
42.0639,1690
42.0667,1677
42.0694,1674
42.0722,1662
42.0750,1650
42.0778,1669
42.0806,1664
42.0833,1661
42.0861,1693
42.0889,1723
42.0917,1721
42.0944,1697
42.0972,1679
42.1000,1675
42.1028,1684
42.1056,1688
42.1083,1680
42.1111,1677
42.1139,1673
42.1167,1681
42.1194,1687
42.1222,1703
42.1250,1713
42.1278,1709
42.1306,1694
42.1333,1679
42.1361,1661
42.1389,1630
42.1417,1626
42.1444,1617
42.1472,1639
42.1500,1676
42.1528,1723
42.1556,1807
42.1583,1910
42.1611,2061
42.1639,2268
42.1667,2480
42.1694,2629
42.1722,2645
42.1750,2482
42.1778,2283
42.1806,2099
42.1833,2001
42.1861,1952
42.1889,1924
42.1917,1923
42.1944,1932
42.1972,1919
42.2000,1888
42.2028,1852
42.2056,1789
42.2083,1734
42.2111,1690
42.2139,1681
42.2167,1682
42.2194,1690
42.2222,1692
42.2250,1681
42.2278,1677
42.2306,1680
42.2333,1688
42.2361,1701
42.2389,1711
42.2417,1694
42.2444,1675
42.2472,1652
42.2500,1642
42.2528,1641
42.2556,1663
42.2583,1670
42.2611,1692
42.2639,1696
42.2667,1682
42.2694,1677
42.2722,1686
42.2750,1693
42.2778,1698
42.2806,1700
42.2833,1701
42.2861,1706
42.2889,1696
42.2917,1687
42.2944,1683
42.2972,1677
42.3000,1679
42.3028,1693
42.3056,1703
42.3083,1715
42.3111,1709
42.3139,1714
42.3167,1712
42.3194,1716
42.3222,1715
42.3250,1721
42.3278,1729
42.3306,1720
42.3333,1727
42.3361,1733
42.3389,1757
42.3417,1754
42.3444,1755
42.3472,1767
42.3500,1762
42.3528,1757
42.3556,1743
42.3583,1752
42.3611,1888
42.3639,1880
42.3667,1884
42.3694,1874
42.3722,1879
42.3750,1885
42.3778,1889
42.3806,1876
42.3833,1853
42.3861,1834
42.3889,1827
42.3917,1827
42.3944,1819
42.3972,1822
42.4000,1818
42.4028,1792
42.4056,1765
42.4083,1742
42.4111,1729
42.4139,1727
42.4167,1721
42.4194,1722
42.4222,1709
42.4250,1694
42.4278,1677
42.4306,1662
42.4333,1667
42.4361,1675
42.4389,1681
42.4417,1666
42.4444,1657
42.4472,1662
42.4500,1662
42.4528,1659
42.4556,1650
42.4583,1650
42.4611,1659
42.4639,1646
42.4667,1644
42.4694,1636
42.4722,1644
42.4750,1662
42.4778,1673
42.4806,1671
42.4833,1662
42.4861,1651
42.4889,1639
42.4917,1650
42.4944,1661
42.4972,1671
42.5000,1678
42.5028,1680
42.5056,1669
42.5083,1661
42.5111,1651
42.5139,1649
42.5167,1644
42.5194,1641
42.5222,1651
42.5250,1674
42.5278,1682
42.5306,1688
42.5333,1689
42.5361,1670
42.5389,1669
42.5417,1668
42.5444,1677
42.5472,1677
42.5500,1679
42.5528,1684
42.5556,1677
42.5583,1686
42.5611,1691
42.5639,1696
42.5667,1675
42.5694,1664
42.5722,1658
42.5750,1645
42.5778,1638
42.5806,1626
42.5833,1632
42.5861,1643
42.5889,1665
42.5917,1684
42.5944,1690
42.5972,1682
42.6000,1680
42.6028,1671
42.6056,1669
42.6083,1676
42.6111,1689
42.6139,1692
42.6167,1683
42.6194,1682
42.6222,1700
42.6250,1695
42.6278,1686
42.6306,1672
42.6333,1677
42.6361,1681
42.6389,1661
42.6417,1661
42.6444,1653
42.6472,1662
42.6500,1673
42.6528,1689
42.6556,1691
42.6583,1699
42.6611,1696
42.6639,1673
42.6667,1658
42.6694,1652
42.6722,1654
42.6750,1663
42.6778,1674
42.6806,1682
42.6833,1700
42.6861,1710
42.6889,1703
42.6917,1702
42.6944,1700
42.6972,1706
42.7000,1708
42.7028,1713
42.7056,1695
42.7083,1666
42.7111,1671
42.7139,1676
42.7167,1696
42.7194,1710
42.7222,1717
42.7250,1715
42.7278,1708
42.7306,1700
42.7333,1693
42.7361,1696
42.7389,1694
42.7417,1681
42.7444,1680
42.7472,1685
42.7500,1698
42.7528,1693
42.7556,1681
42.7583,1666
42.7611,1670
42.7639,1669
42.7667,1683
42.7694,1685
42.7722,1683
42.7750,1696
42.7778,1689
42.7806,1689
42.7833,1692
42.7861,1701
42.7889,1704
42.7917,1698
42.7944,1693
42.7972,1696
42.8000,1708
42.8028,1715
42.8056,1704
42.8083,1701
42.8111,1715
42.8139,1717
42.8167,1723
42.8194,1711
42.8222,1709
42.8250,1708
42.8278,1701
42.8306,1701
42.8333,1698
42.8361,1689
42.8389,1685
42.8417,1684
42.8444,1677
42.8472,1692
42.8500,1694
42.8528,1695
42.8556,1698
42.8583,1709
42.8611,1718
42.8639,1719
42.8667,1706
42.8694,1692
42.8722,1699
42.8750,1697
42.8778,1709
42.8806,1711
42.8833,1707
42.8861,1711
42.8889,1718
42.8917,1749
42.8944,1749
42.8972,1751
42.9000,1747
42.9028,1753
42.9056,1755
42.9083,1774
42.9111,1783
42.9139,1796
42.9167,1785
42.9194,1759
42.9222,1732
42.9250,1724
42.9278,1742
42.9306,1737
42.9333,1710
42.9361,1702
42.9389,1706
42.9417,1707
42.9444,1705
42.9472,1692
42.9500,1660
42.9528,1657
42.9556,1647
42.9583,1657
42.9611,1676
42.9639,1680
42.9667,1680
42.9694,1680
42.9722,1669
42.9750,1667
42.9778,1669
42.9806,1668
42.9833,1678
42.9861,1682
42.9889,1689
42.9917,1700
42.9944,1698
42.9972,1703
43.0000,1703
43.0028,1699
43.0056,1681
43.0083,1686
43.0111,1688
43.0139,1666
43.0167,1645
43.0194,1629
43.0222,1619
43.0250,1625
43.0278,1643
43.0306,1676
43.0333,1726
43.0361,1783
43.0389,1904
43.0417,2089
43.0444,2316
43.0472,2535
43.0500,2668
43.0528,2634
43.0556,2451
43.0583,2253
43.0611,2082
43.0639,1962
43.0667,1910
43.0694,1882
43.0722,1883
43.0750,1889
43.0778,1887
43.0806,1857
43.0833,1781
43.0861,1718
43.0889,1667
43.0917,1656
43.0944,1666
43.0972,1686
43.1000,1693
43.1028,1688
43.1056,1673
43.1083,1655
43.1111,1645
43.1139,1643
43.1167,1645
43.1194,1664
43.1222,1671
43.1250,1658
43.1278,1646
43.1306,1652
43.1333,1668
43.1361,1676
43.1389,1686
43.1417,1686
43.1444,1694
43.1472,1692
43.1500,1690
43.1528,1688
43.1556,1688
43.1583,1687
43.1611,1688
43.1639,1693
43.1667,1670
43.1694,1661
43.1722,1671
43.1750,1691
43.1778,1695
43.1806,1693
43.1833,1683
43.1861,1680
43.1889,1669
43.1917,1671
43.1944,1682
43.1972,1702
43.2000,1734
43.2028,1742
43.2056,1745
43.2083,1730
43.2111,1717
43.2139,1719
43.2167,1725
43.2194,1737
43.2222,1744
43.2250,1742
43.2278,1732
43.2306,1734
43.2333,1746
43.2361,1766
43.2389,1770
43.2417,1863
43.2444,1858
43.2472,1848
43.2500,1846
43.2528,1847
43.2556,1859
43.2583,1871
43.2611,1872
43.2639,1868
43.2667,1865
43.2694,1858
43.2722,1842
43.2750,1803
43.2778,1780
43.2806,1770
43.2833,1763
43.2861,1748
43.2889,1733
43.2917,1722
43.2944,1720
43.2972,1731
43.3000,1722
43.3028,1706
43.3056,1697
43.3083,1690
43.3111,1685
43.3139,1685
43.3167,1683
43.3194,1672
43.3222,1663
43.3250,1648
43.3278,1630
43.3306,1633
43.3333,1634
43.3361,1647
43.3389,1634
43.3417,1635
43.3444,1630
43.3472,1629
43.3500,1637
43.3528,1657
43.3556,1666
43.3583,1677
43.3611,1673
43.3639,1652
43.3667,1637
43.3694,1637
43.3722,1637
43.3750,1653
43.3778,1671
43.3806,1702
43.3833,1712
43.3861,1705
43.3889,1698
43.3917,1700
43.3944,1682
43.3972,1653
43.4000,1643
43.4028,1636
43.4056,1631
43.4083,1621
43.4111,1634
43.4139,1655
43.4167,1676
43.4194,1683
43.4222,1675
43.4250,1663
43.4278,1656
43.4306,1665
43.4333,1672
43.4361,1675
43.4389,1676
43.4417,1674
43.4444,1679
43.4472,1675
43.4500,1669
43.4528,1667
43.4556,1663
43.4583,1681
43.4611,1680
43.4639,1674
43.4667,1677
43.4694,1686
43.4722,1689
43.4750,1700
43.4778,1714
43.4806,1712
43.4833,1704
43.4861,1679
43.4889,1682
43.4917,1685
43.4944,1680
43.4972,1672
43.5000,1657
43.5028,1655
43.5056,1664
43.5083,1670
43.5111,1663
43.5139,1662
43.5167,1680
43.5194,1687
43.5222,1686
43.5250,1693
43.5278,1689
43.5306,1680
43.5333,1675
43.5361,1668
43.5389,1675
43.5417,1675
43.5444,1686
43.5472,1681
43.5500,1687
43.5528,1693
43.5556,1693
43.5583,1702
43.5611,1697
43.5639,1691
43.5667,1674
43.5694,1668
43.5722,1652
43.5750,1660
43.5778,1662
43.5806,1668
43.5833,1662
43.5861,1663
43.5889,1678
43.5917,1677
43.5944,1675
43.5972,1689
43.6000,1696
43.6028,1692
43.6056,1691
43.6083,1678
43.6111,1658
43.6139,1652
43.6167,1643
43.6194,1641
43.6222,1652
43.6250,1661
43.6278,1676
43.6306,1694
43.6333,1701
43.6361,1699
43.6389,1686
43.6417,1681
43.6444,1677
43.6472,1670
43.6500,1646
43.6528,1652
43.6556,1658
43.6583,1677
43.6611,1688
43.6639,1693
43.6667,1690
43.6694,1681
43.6722,1679
43.6750,1683
43.6778,1686
43.6806,1687
43.6833,1697
43.6861,1699
43.6889,1692
43.6917,1685
43.6944,1663
43.6972,1654
43.7000,1658
43.7028,1663
43.7056,1679
43.7083,1671
43.7111,1680
43.7139,1678
43.7167,1678
43.7194,1700
43.7222,1695
43.7250,1695
43.7278,1684
43.7306,1673
43.7333,1656
43.7361,1655
43.7389,1658
43.7417,1669
43.7444,1686
43.7472,1695
43.7500,1688
43.7528,1687
43.7556,1694
43.7583,1690
43.7611,1691
43.7639,1689
43.7667,1678
43.7694,1672
43.7722,1671
43.7750,1693
43.7778,1707
43.7806,1705
43.7833,1705
43.7861,1712
43.7889,1716
43.7917,1712
43.7944,1698
43.7972,1684
43.8000,1687
43.8028,1679
43.8056,1687
43.8083,1681
43.8111,1687
43.8139,1698
43.8167,1707
43.8194,1725
43.8222,1735
43.8250,1734
43.8278,1735
43.8306,1730
43.8333,1735
43.8361,1723
43.8389,1723
43.8417,1705
43.8444,1683
43.8472,1656
43.8500,1635
43.8528,1632
43.8556,1646
43.8583,1652
43.8611,1649
43.8639,1650
43.8667,1658
43.8694,1648
43.8722,1650
43.8750,1669
43.8778,1673
43.8806,1676
43.8833,1677
43.8861,1676
43.8889,1691
43.8917,1700
43.8944,1700
43.8972,1696
43.9000,1684
43.9028,1671
43.9056,1665
43.9083,1658
43.9111,1640
43.9139,1616
43.9167,1598
43.9194,1593
43.9222,1610
43.9250,1625
43.9278,1677
43.9306,1723
43.9333,1767
43.9361,1865
43.9389,2000
43.9417,2200
43.9444,2414
43.9472,2555
43.9500,2559
43.9528,2428
43.9556,2232
43.9583,2065
43.9611,1965
43.9639,1916
43.9667,1898
43.9694,1902
43.9722,1916
43.9750,1930
43.9778,1925
43.9806,1884
43.9833,1817
43.9861,1739
43.9889,1684
43.9917,1658
43.9944,1672
43.9972,1674
44.0000,1656
44.0028,1648
44.0056,1634
44.0083,1644
44.0111,1649
44.0139,1668
44.0167,1679
44.0194,1702
44.0222,1706
44.0250,1675
44.0278,1656
44.0306,1662
44.0333,1683
44.0361,1687
44.0389,1677
44.0417,1660
44.0444,1655
44.0472,1648
44.0500,1651
44.0528,1649
44.0556,1677
44.0583,1693
44.0611,1690
44.0639,1683
44.0667,1686
44.0694,1677
44.0722,1683
44.0750,1690
44.0778,1687
44.0806,1686
44.0833,1678
44.0861,1679
44.0889,1679
44.0917,1682
44.0944,1705
44.0972,1713
44.1000,1721
44.1028,1717
44.1056,1707
44.1083,1706
44.1111,1722
44.1139,1732
44.1167,1739
44.1194,1724
44.1222,1729
44.1250,1728
44.1278,1729
44.1306,1752
44.1333,1762
44.1361,1776
44.1389,1834
44.1417,1838
44.1444,1836
44.1472,1838
44.1500,1835
44.1528,1835
44.1556,1837
44.1583,1835
44.1611,1832
44.1639,1824
44.1667,1821
44.1694,1808
44.1722,1808
44.1750,1805
44.1778,1781
44.1806,1765
44.1833,1747
44.1861,1752
44.1889,1739
44.1917,1719
44.1944,1718
44.1972,1700
44.2000,1693
44.2028,1682
44.2056,1670
44.2083,1676
44.2111,1682
44.2139,1669
44.2167,1659
44.2194,1657
44.2222,1647
44.2250,1641
44.2278,1622
44.2306,1629
44.2333,1631
44.2361,1623
44.2389,1635
44.2417,1639
44.2444,1645
44.2472,1653
44.2500,1647
44.2528,1633
44.2556,1628
44.2583,1633
44.2611,1638
44.2639,1638
44.2667,1624
44.2694,1626
44.2722,1639
44.2750,1642
44.2778,1645
44.2806,1647
44.2833,1636
44.2861,1641
44.2889,1649
44.2917,1654
44.2944,1654
44.2972,1646
44.3000,1633
44.3028,1629
44.3056,1638
44.3083,1654
44.3111,1643
44.3139,1635
44.3167,1633
44.3194,1640
44.3222,1636
44.3250,1649
44.3278,1655
44.3306,1642
44.3333,1647
44.3361,1652
44.3389,1655
44.3417,1651
44.3444,1638
44.3472,1637
44.3500,1646
44.3528,1651
44.3556,1656
44.3583,1661
44.3611,1652
44.3639,1647
44.3667,1634
44.3694,1651
44.3722,1661
44.3750,1672
44.3778,1666
44.3806,1662
44.3833,1658
44.3861,1664
