Tiempo(s),Valor_ADC
0.0028,1728
0.0056,1729
0.0083,1736
0.0111,1750
0.0139,1743
0.0167,1744
0.0194,1737
0.0222,1715
0.0250,1708
0.0278,1697
0.0306,1693
0.0333,1689
0.0361,1683
0.0389,1681
0.0417,1676
0.0444,1662
0.0472,1660
0.0500,1646
0.0528,1649
0.0556,1656
0.0583,1663
0.0611,1661
0.0639,1658
0.0667,1665
0.0694,1683
0.0722,1699
0.0750,1703
0.0778,1686
0.0806,1669
0.0833,1667
0.0861,1654
0.0889,1654
0.0917,1652
0.0944,1655
0.0972,1676
0.1000,1692
0.1028,1685
0.1056,1656
0.1083,1627
0.1111,1646
0.1139,1746
0.1167,1915
0.1194,2119
0.1222,2202
0.1250,2077
0.1278,1846
0.1306,1610
0.1333,1441
0.1361,1315
0.1389,1290
0.1417,1370
0.1444,1532
0.1472,1707
0.1500,1821
0.1528,1881
0.1556,1890
0.1583,1862
0.1611,1822
0.1639,1780
0.1667,1757
0.1694,1749
0.1722,1739
0.1750,1724
0.1778,1711
0.1806,1690
0.1833,1681
0.1861,1686
0.1889,1684
0.1917,1689
0.1944,1692
0.1972,1678
0.2000,1674
0.2028,1669
0.2056,1668
0.2083,1685
0.2111,1707
0.2139,1707
0.2167,1679
0.2194,1666
0.2222,1657
0.2250,1667
0.2278,1673
0.2306,1674
0.2333,1674
0.2361,1665
0.2389,1665
0.2417,1662
0.2444,1661
0.2472,1671
0.2500,1687
0.2528,1693
0.2556,1699
0.2583,1689
0.2611,1680
0.2639,1679
0.2667,1677
0.2694,1674
0.2722,1689
0.2750,1697
0.2778,1687
0.2806,1684
0.2833,1679
0.2861,1685
0.2889,1694
0.2917,1704
0.2944,1706
0.2972,1701
0.3000,1702
0.3028,1691
0.3056,1692
0.3083,1706
0.3111,1709
0.3139,1714
0.3167,1717
0.3194,1712
0.3222,1710
0.3250,1707
0.3278,1756
0.3306,1760
0.3333,1760
0.3361,1758
0.3389,1761
0.3417,1759
0.3444,1767
0.3472,1768
0.3500,1780
0.3528,1786
0.3556,1779
0.3583,1753
0.3611,1740
0.3639,1736
0.3667,1740
0.3694,1753
0.3722,1762
0.3750,1763
0.3778,1758
0.3806,1751
0.3833,1746
0.3861,1746
0.3889,1754
0.3917,1764
0.3944,1783
0.3972,1777
0.4000,1767
0.4028,1758
0.4056,1755
0.4083,1763
0.4111,1770
0.4139,1774
0.4167,1776
0.4194,1784
0.4222,1787
0.4250,1780
0.4278,1795
0.4306,1808
0.4333,1823
0.4361,1833
0.4389,1836
0.4417,1828
0.4444,1811
0.4472,1820
0.4500,1814
0.4528,1810
0.4556,1823
0.4583,1828
0.4611,1833
0.4639,1845
0.4667,1854
0.4694,1866
0.4722,1881
0.4750,1888
0.4778,1886
0.4806,1888
0.4833,1874
0.4861,1878
0.4889,1851
0.4917,1839
0.4944,1829
0.4972,1841
0.5000,1848
0.5028,1851
0.5056,1869
0.5083,1866
0.5111,1873
0.5139,1871
0.5167,1877
0.5194,1858
0.5222,1860
0.5250,1857
0.5278,1855
0.5306,1858
0.5333,1854
0.5361,1852
0.5389,1852
0.5417,1854
0.5444,1857
0.5472,1855
0.5500,1849
0.5528,1856
0.5556,1853
0.5583,1840
0.5611,1841
0.5639,1830
0.5667,1831
0.5694,1830
0.5722,1841
0.5750,1849
0.5778,1845
0.5806,1837
0.5833,1833
0.5861,1841
0.5889,1856
0.5917,1865
0.5944,1847
0.5972,1811
0.6000,1790
0.6028,1795
0.6056,1800
0.6083,1821
0.6111,1826
0.6139,1841
0.6167,1844
0.6194,1846
0.6222,1844
0.6250,1836
0.6278,1826
0.6306,1805
0.6333,1807
0.6361,1808
0.6389,1827
0.6417,1835
0.6444,1843
0.6472,1839
0.6500,1837
0.6528,1837
0.6556,1837
0.6583,1843
0.6611,1835
0.6639,1838
0.6667,1844
0.6694,1826
0.6722,1823
0.6750,1818
0.6778,1824
0.6806,1827
0.6833,1840
0.6861,1841
0.6889,1851
0.6917,1838
0.6944,1828
0.6972,1813
0.7000,1819
0.7028,1828
0.7056,1827
0.7083,1822
0.7111,1814
0.7139,1813
0.7167,1816
0.7194,1819
0.7222,1814
0.7250,1806
0.7278,1807
0.7306,1813
0.7333,1828
0.7361,1820
0.7389,1830
0.7417,1827
0.7444,1831
0.7472,1834
0.7500,1839
0.7528,1862
0.7556,1884
0.7583,1894
0.7611,1890
0.7639,1889
0.7667,1897
0.7694,1899
0.7722,1908
0.7750,1920
0.7778,1930
0.7806,1925
0.7833,1916
0.7861,1910
0.7889,1898
0.7917,1872
0.7944,1862
0.7972,1855
0.8000,1834
0.8028,1825
0.8056,1822
0.8083,1815
0.8111,1801
0.8139,1777
0.8167,1775
0.8194,1766
0.8222,1760
0.8250,1759
0.8278,1749
0.8306,1748
0.8333,1740
0.8361,1742
0.8389,1744
0.8417,1728
0.8444,1723
0.8472,1730
0.8500,1748
0.8528,1757
0.8556,1756
0.8583,1753
0.8611,1728
0.8639,1718
0.8667,1699
0.8694,1701
0.8722,1715
0.8750,1716
0.8778,1700
0.8806,1675
0.8833,1658
0.8861,1722
0.8889,1838
0.8917,2007
0.8944,2143
0.8972,2069
0.9000,1837
0.9028,1590
0.9056,1420
0.9083,1336
0.9111,1300
0.9139,1292
0.9167,1392
0.9194,1562
0.9222,1727
0.9250,1837
0.9278,1889
0.9306,1869
0.9333,1829
0.9361,1798
0.9389,1766
0.9417,1753
0.9444,1739
0.9472,1733
0.9500,1713
0.9528,1696
0.9556,1683
0.9583,1687
0.9611,1693
0.9639,1705
0.9667,1701
0.9694,1691
0.9722,1682
0.9750,1682
0.9778,1680
0.9806,1676
0.9833,1695
0.9861,1705
0.9889,1710
0.9917,1705
0.9944,1703
0.9972,1696
1.0000,1696
1.0028,1711
1.0056,1711
1.0083,1701
1.0111,1692
1.0139,1687
1.0167,1701
1.0194,1711
1.0222,1743
1.0250,1750
1.0278,1741
1.0306,1717
1.0333,1706
1.0361,1708
1.0389,1722
1.0417,1732
1.0444,1736
1.0472,1722
1.0500,1726
1.0528,1744
1.0556,1761
1.0583,1770
1.0611,1799
1.0639,1802
1.0667,1818
1.0694,1808
1.0722,1802
1.0750,1807
1.0778,1818
1.0806,1831
1.0833,1840
1.0861,1851
1.0889,1847
1.0917,1840
1.0944,1833
1.0972,1820
1.1000,1841
1.1028,1836
1.1056,1827
1.1083,1799
1.1111,1775
1.1139,1761
1.1167,1766
1.1194,1776
1.1222,1779
1.1250,1777
1.1278,1760
1.1306,1763
1.1333,1759
1.1361,1750
1.1389,1742
1.1417,1750
1.1444,1754
1.1472,1741
1.1500,1725
1.1528,1708
1.1556,1711
1.1583,1718
1.1611,1740
1.1639,1745
1.1667,1748
1.1694,1749
1.1722,1740
1.1750,1743
1.1778,1723
1.1806,1702
1.1833,1686
1.1861,1672
1.1889,1676
1.1917,1693
1.1944,1708
1.1972,1715
1.2000,1719
1.2028,1721
1.2056,1736
1.2083,1733
1.2111,1729
1.2139,1717
1.2167,1700
1.2194,1697
1.2222,1700
1.2250,1708
1.2278,1727
1.2306,1742
1.2333,1737
1.2361,1727
1.2389,1716
1.2417,1708
1.2444,1724
1.2472,1730
1.2500,1743
1.2528,1736
1.2556,1731
1.2583,1747
1.2611,1730
1.2639,1737
1.2667,1729
1.2694,1721
1.2722,1724
1.2750,1729
1.2778,1748
1.2806,1745
1.2833,1727
1.2861,1718
1.2889,1731
1.2917,1741
1.2944,1748
1.2972,1745
1.3000,1743
1.3028,1734
1.3056,1728
1.3083,1727
1.3111,1717
1.3139,1711
1.3167,1707
1.3194,1720
1.3222,1735
1.3250,1753
1.3278,1752
1.3306,1736
1.3333,1709
1.3361,1700
1.3389,1711
1.3417,1713
1.3444,1721
1.3472,1723
1.3500,1721
1.3528,1721
1.3556,1721
1.3583,1727
1.3611,1728
1.3639,1745
1.3667,1740
1.3694,1709
1.3722,1686
1.3750,1679
1.3778,1686
1.3806,1705
1.3833,1720
1.3861,1732
1.3889,1733
1.3917,1741
1.3944,1752
1.3972,1753
1.4000,1762
1.4028,1759
1.4056,1765
1.4083,1763
1.4111,1770
1.4139,1772
1.4167,1788
1.4194,1801
1.4222,1806
1.4250,1803
1.4278,1809
1.4306,1832
1.4333,1850
1.4361,1876
1.4389,1872
1.4417,1868
1.4444,1837
1.4472,1798
1.4500,1779
1.4528,1777
1.4556,1757
1.4583,1745
1.4611,1736
1.4639,1709
1.4667,1684
1.4694,1653
1.4722,1632
1.4750,1628
1.4778,1647
1.4806,1668
1.4833,1672
1.4861,1706
1.4889,1727
1.4917,1751
1.4944,1762
1.4972,1765
1.5000,1758
1.5028,1751
1.5056,1749
1.5083,1763
1.5111,1770
1.5139,1772
1.5167,1767
1.5194,1756
1.5222,1756
1.5250,1760
1.5278,1773
1.5306,1782
1.5333,1810
1.5361,1816
1.5389,1777
1.5417,1741
1.5444,1747
1.5472,1826
1.5500,1967
1.5528,2122
1.5556,2143
1.5583,1946
1.5611,1664
1.5639,1449
1.5667,1341
1.5694,1309
1.5722,1326
1.5750,1390
1.5778,1525
1.5806,1695
1.5833,1834
1.5861,1904
1.5889,1902
1.5917,1869
1.5944,1842
1.5972,1839
1.6000,1808
1.6028,1791
1.6056,1776
1.6083,1763
1.6111,1752
1.6139,1735
1.6167,1723
1.6194,1728
1.6222,1748
1.6250,1760
1.6278,1766
1.6306,1752
1.6333,1747
1.6361,1747
1.6389,1750
1.6417,1746
1.6444,1745
1.6472,1735
1.6500,1721
1.6528,1711
1.6556,1705
1.6583,1710
1.6611,1733
1.6639,1744
1.6667,1764
1.6694,1770
1.6722,1758
1.6750,1745
1.6778,1734
1.6806,1736
1.6833,1743
1.6861,1741
1.6889,1748
1.6917,1746
1.6944,1739
1.6972,1752
1.7000,1769
1.7028,1782
1.7056,1777
1.7083,1766
1.7111,1740
1.7139,1735
1.7167,1741
1.7194,1767
1.7222,1788
1.7250,1798
1.7278,1792
1.7306,1788
1.7333,1779
1.7361,1780
1.7389,1783
1.7417,1794
1.7444,1811
1.7472,1806
1.7500,1785
1.7528,1771
1.7556,1782
1.7583,1739
1.7611,1747
1.7639,1744
1.7667,1768
1.7694,1777
1.7722,1784
1.7750,1768
1.7778,1754
1.7806,1743
1.7833,1731
1.7861,1737
1.7889,1727
1.7917,1727
1.7944,1737
1.7972,1745
1.8000,1756
1.8028,1745
1.8056,1724
1.8083,1697
1.8111,1661
1.8139,1649
1.8167,1665
1.8194,1686
1.8222,1726
1.8250,1740
1.8278,1735
1.8306,1720
1.8333,1700
1.8361,1692
1.8389,1687
1.8417,1678
1.8444,1675
1.8472,1690
1.8500,1687
1.8528,1676
1.8556,1657
1.8583,1652
1.8611,1661
1.8639,1681
1.8667,1698
1.8694,1703
1.8722,1699
1.8750,1693
1.8778,1696
1.8806,1700
1.8833,1710
1.8861,1709
1.8889,1707
1.8917,1700
1.8944,1716
1.8972,1718
1.9000,1740
1.9028,1742
1.9056,1746
1.9083,1729
1.9111,1718
1.9139,1705
1.9167,1702
1.9194,1705
1.9222,1701
1.9250,1711
1.9278,1726
1.9306,1731
1.9333,1744
1.9361,1742
1.9389,1739
1.9417,1723
1.9444,1703
1.9472,1701
1.9500,1701
1.9528,1720
1.9556,1725
1.9583,1740
1.9611,1744
1.9639,1741
1.9667,1728
1.9694,1714
1.9722,1709
1.9750,1709
1.9778,1711
1.9806,1727
1.9833,1739
1.9861,1742
1.9889,1745
1.9917,1750
1.9944,1741
1.9972,1725
2.0000,1738
2.0028,1746
2.0056,1755
2.0083,1757
2.0111,1752
2.0139,1748
2.0167,1760
2.0194,1777
2.0222,1790
2.0250,1837
2.0278,1842
2.0306,1850
2.0333,1843
2.0361,1822
2.0389,1825
2.0417,1832
2.0444,1854
2.0472,1864
2.0500,1856
2.0528,1849
2.0556,1855
2.0583,1837
2.0611,1822
2.0639,1803
2.0667,1789
2.0694,1772
2.0722,1766
2.0750,1750
2.0778,1736
2.0806,1732
2.0833,1730
2.0861,1722
2.0889,1734
2.0917,1733
2.0944,1719
2.0972,1719
2.1000,1717
2.1028,1717
2.1056,1718
2.1083,1718
2.1111,1717
2.1139,1718
2.1167,1722
2.1194,1721
2.1222,1723
2.1250,1727
2.1278,1721
2.1306,1733
2.1333,1729
2.1361,1714
2.1389,1714
2.1417,1735
2.1444,1762
2.1472,1778
2.1500,1775
2.1528,1749
2.1556,1740
2.1583,1808
2.1611,1951
2.1639,2134
2.1667,2215
2.1694,2054
2.1722,1789
2.1750,1524
2.1778,1366
2.1806,1290
2.1833,1276
2.1861,1334
2.1889,1474
2.1917,1635
2.1944,1769
2.1972,1853
2.2000,1872
2.2028,1855
2.2056,1826
2.2083,1801
2.2111,1790
2.2139,1775
2.2167,1777
2.2194,1762
2.2222,1748
2.2250,1732
2.2278,1720
2.2306,1712
2.2333,1728
2.2361,1724
2.2389,1716
2.2417,1709
2.2444,1700
2.2472,1686
2.2500,1689
2.2528,1712
2.2556,1726
2.2583,1731
2.2611,1733
2.2639,1722
2.2667,1710
2.2694,1709
2.2722,1727
2.2750,1733
2.2778,1728
2.2806,1729
2.2833,1728
2.2861,1723
2.2889,1722
2.2917,1724
2.2944,1732
2.2972,1741
2.3000,1754
2.3028,1761
2.3056,1759
2.3083,1750
2.3111,1741
2.3139,1730
2.3167,1734
2.3194,1731
2.3222,1745
2.3250,1763
2.3278,1768
2.3306,1766
2.3333,1758
2.3361,1749
2.3389,1743
2.3417,1737
2.3444,1732
2.3472,1738
2.3500,1749
2.3528,1755
2.3556,1784
2.3583,1802
2.3611,1796
2.3639,1788
2.3667,1772
2.3694,1821
2.3722,1826
2.3750,1823
2.3778,1807
2.3806,1786
2.3833,1761
2.3861,1737
2.3889,1723
2.3917,1722
2.3944,1736
2.3972,1758
2.4000,1757
2.4028,1761
2.4056,1736
2.4083,1716
2.4111,1717
2.4139,1709
2.4167,1704
2.4194,1710
2.4222,1699
2.4250,1700
2.4278,1695
2.4306,1700
2.4333,1702
2.4361,1707
2.4389,1705
2.4417,1706
2.4444,1710
2.4472,1713
2.4500,1703
2.4528,1694
2.4556,1687
2.4583,1682
2.4611,1686
2.4639,1686
2.4667,1685
2.4694,1689
2.4722,1687
2.4750,1692
2.4778,1703
2.4806,1709
2.4833,1718
2.4861,1719
2.4889,1727
2.4917,1733
2.4944,1736
2.4972,1748
2.5000,1752
2.5028,1762
2.5056,1757
2.5083,1743
2.5111,1737
2.5139,1745
2.5167,1743
2.5194,1736
2.5222,1738
2.5250,1739
2.5278,1747
2.5306,1754
2.5333,1768
2.5361,1780
2.5389,1792
2.5417,1796
2.5444,1777
2.5472,1753
2.5500,1750
2.5528,1747
2.5556,1752
2.5583,1756
2.5611,1757
2.5639,1766
2.5667,1760
2.5694,1773
2.5722,1784
2.5750,1778
2.5778,1768
2.5806,1758
2.5833,1751
2.5861,1747
2.5889,1754
2.5917,1768
2.5944,1771
2.5972,1780
2.6000,1784
2.6028,1781
2.6056,1781
2.6083,1774
2.6111,1789
2.6139,1784
2.6167,1778
2.6194,1765
2.6222,1764
2.6250,1762
2.6278,1776
2.6306,1785
2.6333,1803
2.6361,1801
2.6389,1790
2.6417,1776
2.6444,1781
2.6472,1791
2.6500,1804
2.6528,1830
2.6556,1858
2.6583,1871
2.6611,1860
2.6639,1863
2.6667,1853
2.6694,1868
2.6722,1874
2.6750,1893
2.6778,1904
2.6806,1899
2.6833,1886
2.6861,1867
2.6889,1869
2.6917,1849
2.6944,1839
2.6972,1833
2.7000,1818
2.7028,1794
2.7056,1773
2.7083,1756
2.7111,1749
2.7139,1750
2.7167,1763
2.7194,1772
2.7222,1779
2.7250,1751
2.7278,1725
2.7306,1710
2.7333,1709
2.7361,1710
2.7389,1722
2.7417,1741
2.7444,1748
2.7472,1745
2.7500,1738
2.7528,1742
2.7556,1739
2.7583,1747
2.7611,1750
2.7639,1739
2.7667,1732
2.7694,1735
2.7722,1751
2.7750,1772
2.7778,1774
2.7806,1761
2.7833,1751
2.7861,1765
2.7889,1853
2.7917,2028
2.7944,2245
2.7972,2411
2.8000,2339
2.8028,2104
2.8056,1830
2.8083,1588
2.8111,1420
2.8139,1352
2.8167,1379
2.8194,1491
2.8222,1643
2.8250,1768
2.8278,1849
2.8306,1879
2.8333,1896
2.8361,1887
2.8389,1869
2.8417,1827
2.8444,1790
2.8472,1766
2.8500,1750
2.8528,1734
2.8556,1728
2.8583,1726
2.8611,1728
2.8639,1742
2.8667,1746
2.8694,1756
2.8722,1761
2.8750,1747
2.8778,1742
2.8806,1736
2.8833,1736
2.8861,1741
2.8889,1743
2.8917,1744
2.8944,1733
2.8972,1726
2.9000,1730
2.9028,1745
2.9056,1771
2.9083,1782
2.9111,1775
2.9139,1767
2.9167,1745
2.9194,1740
2.9222,1756
2.9250,1769
2.9278,1777
2.9306,1794
2.9333,1788
2.9361,1763
2.9389,1747
2.9417,1737
2.9444,1746
2.9472,1771
2.9500,1779
2.9528,1780
2.9556,1770
2.9583,1761
2.9611,1761
2.9639,1771
2.9667,1790
2.9694,1791
2.9722,1782
2.9750,1772
2.9778,1768
2.9806,1764
2.9833,1769
2.9861,1780
2.9889,1798
2.9917,1799
2.9944,1796
2.9972,1793
3.0000,1789
3.0028,1786
3.0056,1796
3.0083,1788
3.0111,1784
3.0139,1784
3.0167,1778
3.0194,1778
3.0222,1772
3.0250,1770
3.0278,1774
3.0306,1772
3.0333,1766
3.0361,1754
3.0389,1755
3.0417,1755
3.0444,1766
3.0472,1767
3.0500,1766
3.0528,1748
3.0556,1740
3.0583,1731
3.0611,1736
3.0639,1751
3.0667,1754
3.0694,1768
3.0722,1748
3.0750,1735
3.0778,1733
3.0806,1731
3.0833,1731
3.0861,1741
3.0889,1745
3.0917,1739
3.0944,1730
3.0972,1733
3.1000,1741
3.1028,1751
3.1056,1754
3.1083,1741
3.1111,1740
3.1139,1745
3.1167,1738
3.1194,1745
3.1222,1748
3.1250,1760
3.1278,1766
3.1306,1771
3.1333,1764
3.1361,1764
3.1389,1764
3.1417,1780
3.1444,1788
3.1472,1775
3.1500,1779
3.1528,1780
3.1556,1773
3.1583,1761
3.1611,1765
3.1639,1766
3.1667,1762
3.1694,1777
3.1722,1775
3.1750,1778
3.1778,1790
3.1806,1793
3.1833,1797
3.1861,1801
3.1889,1800
3.1917,1806
3.1944,1801
3.1972,1790
3.2000,1792
3.2028,1793
3.2056,1788
3.2083,1786
3.2111,1784
3.2139,1783
3.2167,1781
3.2194,1777
3.2222,1781
3.2250,1793
3.2278,1791
3.2306,1807
3.2333,1810
3.2361,1800
3.2389,1774
3.2417,1766
3.2444,1762
3.2472,1772
3.2500,1780
3.2528,1780
3.2556,1793
3.2583,1793
3.2611,1793
3.2639,1793
3.2667,1790
3.2694,1779
3.2722,1776
3.2750,1784
3.2778,1784
3.2806,1790
3.2833,1788
3.2861,1782
3.2889,1774
3.2917,1772
3.2944,1769
3.2972,1768
3.3000,1774
3.3028,1778
3.3056,1793
3.3083,1793
3.3111,1801
3.3139,1790
3.3167,1790
3.3194,1790
3.3222,1785
3.3250,1782
3.3278,1792
3.3306,1792
3.3333,1785
3.3361,1779
3.3389,1791
3.3417,1781
3.3444,1785
3.3472,1787
3.3500,1795
3.3528,1804
3.3556,1808
3.3583,1817
3.3611,1824
3.3639,1823
3.3667,1809
3.3694,1796
3.3722,1780
3.3750,1770
3.3778,1775
3.3806,1787
3.3833,1789
3.3861,1790
3.3889,1790
3.3917,1799
3.3944,1800
3.3972,1808
3.4000,1813
3.4028,1815
3.4056,1812
3.4083,1818
3.4111,1817
3.4139,1818
3.4167,1808
3.4194,1814
3.4222,1823
3.4250,1820
3.4278,1825
3.4306,1833
3.4333,1834
3.4361,1838
3.4389,1835
3.4417,1824
3.4444,1825
3.4472,1830
3.4500,1833
3.4528,1832
3.4556,1830
3.4583,1836
3.4611,1841
3.4639,1849
3.4667,1854
3.4694,1853
3.4722,1857
3.4750,1868
3.4778,1872
3.4806,1855
3.4833,1840
3.4861,1834
3.4889,1838
3.4917,1845
3.4944,1840
3.4972,1839
3.5000,1838
3.5028,1826
3.5056,1834
3.5083,1834
3.5111,1831
3.5139,1838
3.5167,1846
3.5194,1849
3.5222,1853
3.5250,1848
3.5278,1838
3.5306,1825
3.5333,1827
3.5361,1818
3.5389,1817
3.5417,1826
3.5444,1838
3.5472,1848
3.5500,1854
3.5528,1839
3.5556,1837
3.5583,1822
3.5611,1815
3.5639,1809
3.5667,1808
3.5694,1811
3.5722,1807
3.5750,1815
3.5778,1810
3.5806,1807
3.5833,1807
3.5861,1809
3.5889,1807
3.5917,1795
3.5944,1795
3.5972,1788
3.6000,1777
3.6028,1781
3.6056,1792
3.6083,1779
3.6111,1786
3.6139,1783
3.6167,1773
3.6194,1776
3.6222,1782
3.6250,1799
3.6278,1806
3.6306,1796
3.6333,1764
3.6361,1752
3.6389,1741
3.6417,1742
3.6444,1755
3.6472,1768
3.6500,1766
3.6528,1769
3.6556,1771
3.6583,1763
3.6611,1764
3.6639,1758
3.6667,1756
3.6694,1755
3.6722,1754
3.6750,1749
3.6778,1752
3.6806,1755
3.6833,1750
3.6861,1748
3.6889,1749
3.6917,1752
3.6944,1746
3.6972,1751
3.7000,1751
3.7028,1742
3.7056,1740
3.7083,1737
3.7111,1749
3.7139,1744
3.7167,1749
3.7194,1748
3.7222,1747
3.7250,1749
3.7278,1735
3.7306,1737
3.7333,1720
3.7361,1731
3.7389,1723
3.7417,1714
3.7444,1727
3.7472,1745
3.7500,1749
3.7528,1739
3.7556,1729
3.7583,1730
3.7611,1738
3.7639,1749
3.7667,1746
3.7694,1746
3.7722,1735
3.7750,1728
3.7778,1736
3.7806,1728
3.7833,1724
3.7861,1717
3.7889,1705
3.7917,1708
3.7944,1705
3.7972,1706
3.8000,1702
3.8028,1710
3.8056,1715
3.8083,1720
3.8111,1713
3.8139,1713
3.8167,1707
3.8194,1710
3.8222,1704
3.8250,1705
3.8278,1696
3.8306,1690
3.8333,1690
3.8361,1700
3.8389,1729
3.8417,1723
3.8444,1712
3.8472,1687
3.8500,1706
3.8528,1798
3.8556,1974
3.8583,2217
3.8611,2409
3.8639,2393
3.8667,2210
3.8694,1980
3.8722,1746
3.8750,1548
3.8778,1469
3.8806,1486
3.8833,1561
3.8861,1670
3.8889,1743
3.8917,1784
3.8944,1814
3.8972,1814
3.9000,1792
3.9028,1765
3.9056,1748
3.9083,1735
3.9111,1719
3.9139,1704
3.9167,1693
3.9194,1675
3.9222,1678
3.9250,1692
3.9278,1705
3.9306,1714
3.9333,1714
3.9361,1682
3.9389,1656
3.9417,1645
3.9444,1650
3.9472,1661
3.9500,1685
3.9528,1693
3.9556,1690
3.9583,1685
3.9611,1678
3.9639,1671
3.9667,1675
3.9694,1689
3.9722,1705
3.9750,1711
3.9778,1701
3.9806,1689
3.9833,1677
3.9861,1681
3.9889,1696
3.9917,1710
3.9944,1720
3.9972,1718
4.0000,1714
4.0028,1709
4.0056,1707
4.0083,1707
4.0111,1719
4.0139,1725
4.0167,1731
4.0194,1722
4.0222,1702
4.0250,1691
4.0278,1692
4.0306,1701
4.0333,1715
4.0361,1718
4.0389,1716
4.0417,1709
4.0444,1711
4.0472,1717
4.0500,1721
4.0528,1786
4.0556,1768
4.0583,1767
4.0611,1762
4.0639,1757
4.0667,1768
4.0694,1765
4.0722,1779
4.0750,1787
4.0778,1782
4.0806,1774
4.0833,1768
4.0861,1760
4.0889,1769
4.0917,1790
4.0944,1796
4.0972,1778
4.1000,1758
4.1028,1739
4.1056,1734
4.1083,1742
4.1111,1764
4.1139,1762
4.1167,1761
4.1194,1745
4.1222,1733
4.1250,1736
4.1278,1739
4.1306,1756
4.1333,1749
4.1361,1748
4.1389,1736
4.1417,1730
4.1444,1729
4.1472,1741
4.1500,1745
4.1528,1747
4.1556,1732
4.1583,1733
4.1611,1718
4.1639,1718
4.1667,1712
4.1694,1721
4.1722,1724
4.1750,1728
4.1778,1748
4.1806,1753
4.1833,1748
4.1861,1750
4.1889,1738
4.1917,1737
4.1944,1752
4.1972,1756
4.2000,1743
4.2028,1727
4.2056,1726
4.2083,1737
4.2111,1748
4.2139,1751
4.2167,1744
4.2194,1748
4.2222,1749
4.2250,1750
4.2278,1750
4.2306,1751
4.2333,1748
4.2361,1749
4.2389,1759
4.2417,1769
4.2444,1773
4.2472,1781
4.2500,1772
4.2528,1766
4.2556,1754
4.2583,1746
4.2611,1749
4.2639,1745
4.2667,1752
4.2694,1755
4.2722,1754
4.2750,1759
4.2778,1761
4.2806,1747
4.2833,1752
4.2861,1759
4.2889,1769
4.2917,1771
4.2944,1774
4.2972,1759
4.3000,1747
4.3028,1749
4.3056,1760
4.3083,1775
4.3111,1776
4.3139,1755
4.3167,1742
4.3194,1735
4.3222,1734
4.3250,1739
4.3278,1740
4.3306,1736
4.3333,1735
4.3361,1731
4.3389,1726
4.3417,1729
4.3444,1735
4.3472,1736
4.3500,1738
4.3528,1743
4.3556,1749
4.3583,1753
4.3611,1750
4.3639,1740
4.3667,1739
4.3694,1740
4.3722,1741
4.3750,1735
4.3778,1740
4.3806,1750
4.3833,1761
4.3861,1763
4.3889,1760
4.3917,1746
4.3944,1730
4.3972,1734
4.4000,1728
4.4028,1722
4.4056,1732
4.4083,1731
4.4111,1750
4.4139,1753
4.4167,1751
4.4194,1738
4.4222,1732
4.4250,1734
4.4278,1740
4.4306,1737
4.4333,1741
4.4361,1735
4.4389,1737
4.4417,1750
4.4444,1751
4.4472,1759
4.4500,1757
4.4528,1749
4.4556,1754
4.4583,1749
4.4611,1750
4.4639,1750
4.4667,1752
4.4694,1751
4.4722,1753
4.4750,1759
4.4778,1759
4.4806,1756
4.4833,1762
4.4861,1754
4.4889,1764
4.4917,1762
4.4944,1764
4.4972,1763
4.5000,1771
4.5028,1780
4.5056,1768
4.5083,1772
4.5111,1768
4.5139,1771
4.5167,1755
4.5194,1761
4.5222,1781
4.5250,1784
4.5278,1761
4.5306,1739
4.5333,1737
4.5361,1729
4.5389,1744
4.5417,1755
4.5444,1760
4.5472,1781
4.5500,1774
4.5528,1786
4.5556,1784
4.5583,1781
4.5611,1762
4.5639,1757
4.5667,1746
4.5694,1750
4.5722,1750
4.5750,1752
4.5778,1762
4.5806,1768
4.5833,1770
4.5861,1773
4.5889,1777
4.5917,1780
4.5944,1780
4.5972,1783
4.6000,1791
4.6028,1805
4.6056,1799
4.6083,1800
4.6111,1801
4.6139,1801
4.6167,1800
4.6194,1785
4.6222,1781
4.6250,1763
4.6278,1764
4.6306,1755
4.6333,1755
4.6361,1756
4.6389,1768
4.6417,1773
4.6444,1759
4.6472,1749
4.6500,1740
4.6528,1736
4.6556,1742
4.6583,1758
4.6611,1778
4.6639,1787
4.6667,1773
4.6694,1777
4.6722,1773
4.6750,1766
4.6778,1767
4.6806,1765
4.6833,1764
4.6861,1753
4.6889,1754
4.6917,1760
4.6944,1755
4.6972,1761
4.7000,1758
4.7028,1752
4.7056,1749
4.7083,1740
4.7111,1739
4.7139,1749
4.7167,1759
4.7194,1773
4.7222,1782
4.7250,1762
4.7278,1736
4.7306,1725
4.7333,1710
4.7361,1722
4.7389,1733
4.7417,1738
4.7444,1722
4.7472,1708
4.7500,1699
4.7528,1751
4.7556,1885
4.7583,2045
4.7611,2172
4.7639,2097
4.7667,1875
4.7694,1632
4.7722,1477
4.7750,1392
4.7778,1358
4.7806,1394
4.7833,1510
4.7861,1679
4.7889,1846
4.7917,1944
4.7944,1965
4.7972,1936
4.8000,1895
4.8028,1853
4.8056,1827
4.8083,1817
4.8111,1816
4.8139,1824
4.8167,1826
4.8194,1812
4.8222,1800
4.8250,1783
4.8278,1779
4.8306,1774
4.8333,1752
4.8361,1716
4.8389,1696
4.8417,1689
4.8444,1684
4.8472,1697
4.8500,1716
4.8528,1730
4.8556,1724
4.8583,1709
4.8611,1694
4.8639,1700
4.8667,1713
4.8694,1724
4.8722,1746
4.8750,1757
4.8778,1753
4.8806,1733
4.8833,1726
4.8861,1733
4.8889,1757
4.8917,1768
4.8944,1764
4.8972,1739
4.9000,1732
4.9028,1727
4.9056,1733
4.9083,1725
4.9111,1713
4.9139,1711
4.9167,1718
4.9194,1704
4.9222,1694
4.9250,1717
4.9278,1741
4.9306,1742
4.9333,1748
4.9361,1741
4.9389,1733
4.9417,1745
4.9444,1750
4.9472,1760
4.9500,1773
4.9528,1755
4.9556,1737
4.9583,1733
4.9611,1721
4.9639,1723
4.9667,1740
4.9694,1746
4.9722,1746
4.9750,1753
4.9778,1766
4.9806,1764
4.9833,1743
4.9861,1750
4.9889,1744
4.9917,1746
4.9944,1749
4.9972,1725
5.0000,1709
5.0028,1709
5.0056,1714
5.0083,1720
5.0111,1730
5.0139,1742
5.0167,1726
5.0194,1713
5.0222,1704
5.0250,1691
5.0278,1684
5.0306,1690
5.0333,1696
5.0361,1720
5.0389,1719
5.0417,1714
5.0444,1718
5.0472,1727
5.0500,1725
5.0528,1725
5.0556,1697
5.0583,1681
5.0611,1663
5.0639,1671
5.0667,1699
5.0694,1712
5.0722,1727
5.0750,1723
5.0778,1719
5.0806,1715
5.0833,1717
5.0861,1731
5.0889,1732
5.0917,1723
5.0944,1734
5.0972,1734
5.1000,1743
5.1028,1749
5.1056,1745
5.1083,1735
5.1111,1716
5.1139,1725
5.1167,1734
5.1194,1743
5.1222,1734
5.1250,1739
5.1278,1749
5.1306,1776
5.1333,1784
5.1361,1776
5.1389,1759
5.1417,1744
5.1444,1731
5.1472,1727
5.1500,1734
5.1528,1754
5.1556,1777
5.1583,1790
5.1611,1804
5.1639,1808
5.1667,1825
5.1694,1841
5.1722,1837
5.1750,1848
5.1778,1847
5.1806,1828
5.1833,1813
5.1861,1803
5.1889,1813
5.1917,1820
5.1944,1825
5.1972,1822
5.2000,1835
5.2028,1838
5.2056,1833
5.2083,1824
5.2111,1800
5.2139,1795
5.2167,1797
5.2194,1807
5.2222,1814
5.2250,1822
5.2278,1831
5.2306,1818
5.2333,1805
5.2361,1818
5.2389,1824
5.2417,1829
5.2444,1829
5.2472,1820
5.2500,1806
5.2528,1798
5.2556,1784
5.2583,1800
5.2611,1808
5.2639,1805
5.2667,1809
5.2694,1822
5.2722,1830
5.2750,1828
5.2778,1825
5.2806,1825
5.2833,1825
5.2861,1835
5.2889,1844
5.2917,1828
5.2944,1821
5.2972,1804
5.3000,1798
5.3028,1791
5.3056,1798
5.3083,1806
5.3111,1804
5.3139,1808
5.3167,1793
5.3194,1795
5.3222,1787
5.3250,1780
5.3278,1766
5.3306,1740
5.3333,1724
5.3361,1714
5.3389,1713
5.3417,1726
5.3444,1737
5.3472,1753
5.3500,1767
5.3528,1780
5.3556,1777
5.3583,1770
5.3611,1763
5.3639,1751
5.3667,1726
5.3694,1721
5.3722,1728
5.3750,1736
5.3778,1738
5.3806,1745
5.3833,1771
5.3861,1773
5.3889,1777
5.3917,1768
5.3944,1762
5.3972,1764
5.4000,1769
5.4028,1753
5.4056,1729
5.4083,1725
5.4111,1745
5.4139,1784
5.4167,1793
5.4194,1779
5.4222,1776
5.4250,1750
5.4278,1741
5.4306,1734
5.4333,1739
5.4361,1741
5.4389,1751
5.4417,1751
5.4444,1752
5.4472,1749
5.4500,1748
5.4528,1744
5.4556,1741
5.4583,1720
5.4611,1699
5.4639,1662
5.4667,1660
5.4694,1675
5.4722,1693
5.4750,1703
5.4778,1706
5.4806,1714
5.4833,1702
5.4861,1709
5.4889,1710
5.4917,1696
5.4944,1683
5.4972,1662
5.5000,1661
5.5028,1673
5.5056,1710
5.5083,1728
5.5111,1738
5.5139,1720
5.5167,1697
5.5194,1695
5.5222,1749
5.5250,1863
5.5278,2020
5.5306,2099
5.5333,1946
5.5361,1684
5.5389,1449
5.5417,1331
5.5444,1293
5.5472,1286
5.5500,1325
5.5528,1444
5.5556,1614
5.5583,1749
5.5611,1822
5.5639,1830
5.5667,1815
5.5694,1787
5.5722,1762
5.5750,1732
5.5778,1702
5.5806,1697
5.5833,1703
5.5861,1710
5.5889,1722
5.5917,1707
5.5944,1703
5.5972,1695
5.6000,1688
5.6028,1702
5.6056,1704
5.6083,1702
5.6111,1703
5.6139,1686
5.6167,1692
5.6194,1697
5.6222,1721
5.6250,1722
5.6278,1724
5.6306,1722
5.6333,1716
5.6361,1717
5.6389,1722
5.6417,1736
5.6444,1723
5.6472,1722
5.6500,1722
5.6528,1735
5.6556,1756
5.6583,1783
5.6611,1791
5.6639,1805
5.6667,1808
5.6694,1795
5.6722,1789
5.6750,1788
5.6778,1804
5.6806,1796
5.6833,1781
5.6861,1767
5.6889,1756
5.6917,1758
5.6944,1778
5.6972,1815
5.7000,1824
5.7028,1825
5.7056,1805
5.7083,1796
5.7111,1787
5.7139,1793
5.7167,1814
5.7194,1828
5.7222,1827
5.7250,1806
5.7278,1792
5.7306,1807
5.7333,1787
5.7361,1791
5.7389,1781
5.7417,1769
5.7444,1769
5.7472,1782
5.7500,1798
5.7528,1802
5.7556,1799
5.7583,1791
5.7611,1775
5.7639,1756
5.7667,1746
5.7694,1734
5.7722,1721
5.7750,1732
5.7778,1726
5.7806,1720
5.7833,1707
5.7861,1702
5.7889,1696
5.7917,1703
5.7944,1716
5.7972,1717
5.8000,1706
5.8028,1684
5.8056,1677
5.8083,1685
5.8111,1691
5.8139,1689
5.8167,1675
5.8194,1662
5.8222,1641
5.8250,1637
5.8278,1630
5.8306,1638
5.8333,1648
5.8361,1661
5.8389,1659
5.8417,1667
5.8444,1662
5.8472,1656
5.8500,1663
5.8528,1664
5.8556,1671
5.8583,1675
5.8611,1678
5.8639,1672
5.8667,1673
5.8694,1671
5.8722,1672
5.8750,1691
5.8778,1702
5.8806,1701
5.8833,1692
5.8861,1687
5.8889,1678
5.8917,1688
5.8944,1695
5.8972,1724
5.9000,1735
5.9028,1735
5.9056,1724
5.9083,1714
5.9111,1693
5.9139,1688
5.9167,1687
5.9194,1700
5.9222,1714
5.9250,1712
5.9278,1691
5.9306,1683
5.9333,1670
5.9361,1680
5.9389,1688
5.9417,1707
5.9444,1707
5.9472,1712
5.9500,1703
5.9528,1686
5.9556,1690
5.9583,1697
5.9611,1707
5.9639,1710
5.9667,1701
5.9694,1702
5.9722,1707
5.9750,1710
5.9778,1721
5.9806,1721
5.9833,1719
5.9861,1711
5.9889,1706
5.9917,1711
5.9944,1719
5.9972,1729
6.0000,1729
6.0028,1723
6.0056,1712
6.0083,1706
6.0111,1706
6.0139,1698
6.0167,1697
6.0194,1697
6.0222,1705
6.0250,1714
6.0278,1718
6.0306,1713
6.0333,1712
6.0361,1719
6.0389,1728
6.0417,1739
6.0444,1762
6.0472,1780
6.0500,1772
6.0528,1766
6.0556,1770
6.0583,1778
6.0611,1796
6.0639,1812
6.0667,1835
6.0694,1841
6.0722,1852
6.0750,1862
6.0778,1860
6.0806,1847
6.0833,1837
6.0861,1820
6.0889,1814
6.0917,1814
6.0944,1808
6.0972,1788
6.1000,1771
6.1028,1756
6.1056,1742
6.1083,1734
6.1111,1728
6.1139,1725
6.1167,1717
6.1194,1706
6.1222,1702
6.1250,1687
6.1278,1689
6.1306,1694
6.1333,1704
6.1361,1697
6.1389,1689
6.1417,1682
6.1444,1675
6.1472,1670
6.1500,1674
6.1528,1677
6.1556,1691
6.1583,1692
6.1611,1690
6.1639,1687
6.1667,1688
6.1694,1691
6.1722,1709
6.1750,1736
6.1778,1746
6.1806,1747
6.1833,1736
6.1861,1761
6.1889,1842
6.1917,1987
6.1944,2166
6.1972,2234
6.2000,2069
6.2028,1784
6.2056,1521
6.2083,1375
6.2111,1304
6.2139,1307
6.2167,1372
6.2194,1505
6.2222,1663
6.2250,1777
6.2278,1837
6.2306,1844
6.2333,1824
6.2361,1804
6.2389,1803
6.2417,1797
6.2444,1792
6.2472,1757
6.2500,1724
6.2528,1699
6.2556,1674
6.2583,1651
6.2611,1662
6.2639,1685
6.2667,1712
6.2694,1725
6.2722,1735
6.2750,1733
6.2778,1719
6.2806,1715
6.2833,1727
6.2861,1737
6.2889,1740
6.2917,1736
6.2944,1738
6.2972,1727
6.3000,1736
6.3028,1744
6.3056,1735
6.3083,1737
6.3111,1735
6.3139,1730
6.3167,1728
6.3194,1728
6.3222,1732
6.3250,1744
6.3278,1747
6.3306,1753
6.3333,1747
6.3361,1752
6.3389,1747
6.3417,1754
6.3444,1748
6.3472,1751
6.3500,1754
6.3528,1749
6.3556,1752
6.3583,1762
6.3611,1763
6.3639,1763
6.3667,1771
6.3694,1773
6.3722,1775
6.3750,1769
6.3778,1777
6.3806,1779
6.3833,1791
6.3861,1814
6.3889,1817
6.3917,1812
6.3944,1816
6.3972,1807
6.4000,1834
6.4028,1838
6.4056,1843
6.4083,1845
6.4111,1840
6.4139,1841
6.4167,1829
6.4194,1832
6.4222,1836
6.4250,1833
6.4278,1838
6.4306,1825
6.4333,1810
6.4361,1794
6.4389,1802
6.4417,1791
6.4444,1811
6.4472,1817
6.4500,1810
6.4528,1797
6.4556,1788
6.4583,1797
6.4611,1799
6.4639,1809
6.4667,1816
6.4694,1823
6.4722,1829
6.4750,1824
6.4778,1822
6.4806,1818
6.4833,1806
6.4861,1785
6.4889,1781
6.4917,1773
6.4944,1775
6.4972,1771
6.5000,1786
6.5028,1801
6.5056,1809
6.5083,1816
6.5111,1812
6.5139,1817
6.5167,1807
6.5194,1808
6.5222,1810
6.5250,1819
6.5278,1826
6.5306,1825
6.5333,1817
6.5361,1813
6.5389,1816
6.5417,1815
6.5444,1828
6.5472,1833
6.5500,1841
6.5528,1847
6.5556,1847
6.5583,1847
6.5611,1857
6.5639,1850
6.5667,1851
6.5694,1853
6.5722,1858
6.5750,1861
6.5778,1874
6.5806,1896
6.5833,1897
6.5861,1891
6.5889,1868
6.5917,1851
6.5944,1836
6.5972,1843
6.6000,1852
6.6028,1858
6.6056,1868
6.6083,1861
6.6111,1869
6.6139,1862
6.6167,1856
6.6194,1864
6.6222,1859
6.6250,1862
6.6278,1863
6.6306,1861
6.6333,1852
6.6361,1847
6.6389,1854
6.6417,1853
6.6444,1853
6.6472,1854
6.6500,1851
6.6528,1855
6.6556,1848
6.6583,1837
6.6611,1836
6.6639,1826
6.6667,1839
6.6694,1834
6.6722,1842
6.6750,1841
6.6778,1849
6.6806,1860
6.6833,1876
6.6861,1872
6.6889,1858
6.6917,1819
6.6944,1798
6.6972,1797
6.7000,1804
6.7028,1824
6.7056,1838
6.7083,1858
6.7111,1857
6.7139,1852
6.7167,1851
6.7194,1845
6.7222,1836
6.7250,1832
6.7278,1834
6.7306,1834
6.7333,1841
6.7361,1831
6.7389,1841
6.7417,1840
6.7444,1850
6.7472,1855
6.7500,1845
6.7528,1862
6.7556,1859
6.7583,1863
6.7611,1872
6.7639,1884
6.7667,1903
6.7694,1928
6.7722,1929
6.7750,1914
6.7778,1903
6.7806,1913
6.7833,1911
6.7861,1938
6.7889,1943
6.7917,1944
6.7944,1929
6.7972,1921
6.8000,1916
6.8028,1904
6.8056,1897
6.8083,1880
6.8111,1862
6.8139,1852
6.8167,1841
6.8194,1823
6.8222,1810
6.8250,1797
6.8278,1784
6.8306,1782
6.8333,1785
6.8361,1776
6.8389,1775
6.8417,1773
6.8444,1774
6.8472,1782
6.8500,1777
6.8528,1778
6.8556,1775
6.8583,1764
6.8611,1773
6.8639,1770
6.8667,1783
6.8694,1766
6.8722,1738
6.8750,1719
6.8778,1701
6.8806,1702
6.8833,1730
6.8861,1772
6.8889,1789
6.8917,1798
6.8944,1776
6.8972,1795
6.9000,1884
6.9028,2041
6.9056,2217
6.9083,2347
6.9111,2239
6.9139,2000
6.9167,1733
6.9194,1513
6.9222,1368
6.9250,1320
6.9278,1379
6.9306,1507
6.9333,1659
6.9361,1774
6.9389,1827
6.9417,1851
6.9444,1841
6.9472,1823
6.9500,1813
6.9528,1801
6.9556,1799
6.9583,1782
6.9611,1769
6.9639,1740
6.9667,1694
6.9694,1677
6.9722,1682
6.9750,1704
6.9778,1728
6.9806,1734
6.9833,1736
6.9861,1730
6.9889,1713
6.9917,1716
6.9944,1722
6.9972,1740
7.0000,1741
7.0028,1740
7.0056,1720
7.0083,1721
7.0111,1728
7.0139,1738
7.0167,1739
7.0194,1740
7.0222,1738
7.0250,1731
7.0278,1728
7.0306,1718
7.0333,1740
7.0361,1763
7.0389,1760
7.0417,1762
7.0444,1744
7.0472,1733
7.0500,1725
7.0528,1727
7.0556,1754
7.0583,1771
7.0611,1775
7.0639,1748
7.0667,1727
7.0694,1713
7.0722,1725
7.0750,1745
7.0778,1755
7.0806,1766
7.0833,1768
7.0861,1761
7.0889,1762
7.0917,1769
7.0944,1767
7.0972,1769
7.1000,1776
7.1028,1776
7.1056,1780
7.1083,1778
7.1111,1788
7.1139,1819
7.1167,1820
7.1194,1820
7.1222,1838
7.1250,1818
7.1278,1779
7.1306,1745
7.1333,1733
7.1361,1744
7.1389,1755
7.1417,1756
7.1444,1759
7.1472,1763
7.1500,1758
7.1528,1755
7.1556,1762
7.1583,1759
7.1611,1753
7.1639,1736
7.1667,1723
7.1694,1721
7.1722,1730
7.1750,1731
7.1778,1739
7.1806,1741
7.1833,1726
7.1861,1720
7.1889,1723
7.1917,1724
7.1944,1721
7.1972,1722
7.2000,1718
7.2028,1712
7.2056,1709
7.2083,1716
7.2111,1723
7.2139,1728
7.2167,1720
7.2194,1724
7.2222,1718
7.2250,1717
7.2278,1712
7.2306,1713
7.2333,1716
7.2361,1733
7.2389,1737
7.2417,1735
7.2444,1732
7.2472,1721
7.2500,1716
7.2528,1712
7.2556,1719
7.2583,1735
7.2611,1741
7.2639,1751
7.2667,1756
7.2694,1767
7.2722,1766
7.2750,1766
7.2778,1775
7.2806,1769
7.2833,1756
7.2861,1755
7.2889,1742
7.2917,1748
7.2944,1747
7.2972,1756
7.3000,1755
7.3028,1757
7.3056,1751
7.3083,1750
7.3111,1746
7.3139,1747
7.3167,1760
7.3194,1760
7.3222,1762
7.3250,1763
7.3278,1757
7.3306,1753
7.3333,1753
7.3361,1754
7.3389,1753
7.3417,1760
7.3444,1757
7.3472,1763
7.3500,1747
7.3528,1724
7.3556,1716
7.3583,1725
7.3611,1731
7.3639,1729
7.3667,1735
7.3694,1740
7.3722,1738
7.3750,1734
7.3778,1735
7.3806,1730
7.3833,1741
7.3861,1745
7.3889,1742
7.3917,1746
7.3944,1745
7.3972,1737
7.4000,1719
7.4028,1714
7.4056,1718
7.4083,1730
7.4111,1746
7.4139,1740
7.4167,1747
7.4194,1736
7.4222,1733
7.4250,1729
7.4278,1725
7.4306,1727
7.4333,1728
7.4361,1742
7.4389,1753
7.4417,1750
7.4444,1742
7.4472,1734
7.4500,1745
7.4528,1754
7.4556,1758
7.4583,1744
7.4611,1734
7.4639,1727
7.4667,1734
7.4694,1742
7.4722,1748
7.4750,1735
7.4778,1735
7.4806,1734
7.4833,1743
7.4861,1754
7.4889,1753
7.4917,1749
7.4944,1752
7.4972,1743
7.5000,1749
7.5028,1743
7.5056,1732
7.5083,1727
7.5111,1739
7.5139,1750
7.5167,1758
7.5194,1767
7.5222,1758
7.5250,1761
7.5278,1761
7.5306,1750
7.5333,1756
7.5361,1762
7.5389,1769
7.5417,1765
7.5444,1760
7.5472,1756
7.5500,1756
7.5528,1768
7.5556,1773
7.5583,1769
7.5611,1774
7.5639,1761
7.5667,1755
7.5694,1764
7.5722,1758
7.5750,1766
7.5778,1771
7.5806,1787
7.5833,1783
7.5861,1766
7.5889,1751
7.5917,1747
7.5944,1743
7.5972,1758
7.6000,1759
7.6028,1756
7.6056,1763
7.6083,1772
7.6111,1778
7.6139,1777
7.6167,1769
7.6194,1766
7.6222,1764
7.6250,1768
7.6278,1786
7.6306,1797
7.6333,1813
7.6361,1829
7.6389,1841
7.6417,1839
7.6444,1833
7.6472,1824
7.6500,1815
7.6528,1811
7.6556,1814
7.6583,1824
7.6611,1826
7.6639,1836
7.6667,1853
7.6694,1848
7.6722,1842
7.6750,1821
7.6778,1800
7.6806,1788
7.6833,1781
7.6861,1767
7.6889,1765
7.6917,1770
7.6944,1774
7.6972,1771
7.7000,1754
7.7028,1745
7.7056,1748
7.7083,1742
7.7111,1731
7.7139,1719
7.7167,1729
7.7194,1740
7.7222,1742
7.7250,1756
7.7278,1770
7.7306,1782
7.7333,1759
7.7361,1739
7.7389,1724
7.7417,1720
7.7444,1724
7.7472,1728
7.7500,1723
7.7528,1731
7.7556,1767
7.7583,1763
7.7611,1757
7.7639,1743
7.7667,1759
7.7694,1826
7.7722,1982
7.7750,2195
7.7778,2377
7.7806,2364
7.7833,2178
7.7861,1935
7.7889,1700
7.7917,1517
7.7944,1416
7.7972,1437
7.8000,1529
7.8028,1650
7.8056,1741
7.8083,1808
7.8111,1852
7.8139,1861
7.8167,1849
7.8194,1826
7.8222,1797
7.8250,1775
7.8278,1750
7.8306,1731
7.8333,1718
7.8361,1698
7.8389,1708
7.8417,1721
7.8444,1730
7.8472,1728
7.8500,1740
7.8528,1733
7.8556,1734
7.8583,1735
7.8611,1726
7.8639,1703
7.8667,1689
7.8694,1676
7.8722,1679
7.8750,1678
7.8778,1683
7.8806,1686
7.8833,1700
7.8861,1721
7.8889,1730
7.8917,1733
7.8944,1718
7.8972,1705
7.9000,1691
7.9028,1693
7.9056,1707
7.9083,1730
7.9111,1742
7.9139,1741
7.9167,1725
7.9194,1712
7.9222,1716
7.9250,1715
7.9278,1720
7.9306,1720
7.9333,1706
7.9361,1697
7.9389,1690
7.9417,1702
7.9444,1713
7.9472,1722
7.9500,1729
7.9528,1727
7.9556,1720
7.9583,1715
7.9611,1715
7.9639,1722
7.9667,1730
7.9694,1733
7.9722,1724
7.9750,1725
7.9778,1724
7.9806,1724
7.9833,1741
7.9861,1759
7.9889,1765
7.9917,1756
7.9944,1758
7.9972,1750
8.0000,1743
8.0028,1751
8.0056,1756
8.0083,1790
8.0111,1796
8.0139,1775
8.0167,1742
8.0194,1713
8.0222,1705
8.0250,1717
8.0278,1727
8.0306,1730
8.0333,1725
8.0361,1708
8.0389,1700
8.0417,1697
8.0444,1697
8.0472,1696
8.0500,1699
8.0528,1700
8.0556,1698
8.0583,1698
8.0611,1703
8.0639,1690
8.0667,1691
8.0694,1688
8.0722,1682
8.0750,1688
8.0778,1691
8.0806,1698
8.0833,1714
8.0861,1726
8.0889,1731
8.0917,1727
8.0944,1721
8.0972,1719
8.1000,1712
8.1028,1712
8.1056,1719
8.1083,1728
8.1111,1747
8.1139,1740
8.1167,1733
8.1194,1707
8.1222,1712
8.1250,1718
8.1278,1717
8.1306,1725
8.1333,1734
8.1361,1742
8.1389,1741
8.1417,1752
8.1444,1756
8.1472,1757
8.1500,1766
8.1528,1768
8.1556,1771
8.1583,1759
8.1611,1760
8.1639,1764
8.1667,1772
8.1694,1767
8.1722,1772
8.1750,1763
8.1778,1768
8.1806,1766
8.1833,1767
8.1861,1777
8.1889,1768
8.1917,1769
8.1944,1782
8.1972,1775
8.2000,1756
8.2028,1742
8.2056,1736
8.2083,1728
8.2111,1742
8.2139,1749
8.2167,1748
8.2194,1753
8.2222,1756
8.2250,1768
8.2278,1763
8.2306,1766
8.2333,1746
8.2361,1751
8.2389,1752
8.2417,1748
8.2444,1752
8.2472,1763
8.2500,1762
8.2528,1761
8.2556,1756
8.2583,1754
8.2611,1751
8.2639,1757
8.2667,1761
8.2694,1762
8.2722,1754
8.2750,1745
8.2778,1742
8.2806,1744
8.2833,1744
8.2861,1746
8.2889,1750
8.2917,1757
8.2944,1763
8.2972,1758
8.3000,1747
8.3028,1741
8.3056,1744
8.3083,1739
8.3111,1732
8.3139,1743
8.3167,1739
8.3194,1737
8.3222,1737
8.3250,1756
8.3278,1760
8.3306,1756
8.3333,1751
8.3361,1742
8.3389,1734
8.3417,1738
8.3444,1762
8.3472,1765
8.3500,1759
8.3528,1763
8.3556,1755
8.3583,1743
8.3611,1740
8.3639,1741
8.3667,1751
8.3694,1752
8.3722,1759
8.3750,1746
8.3778,1742
8.3806,1727
8.3833,1734
8.3861,1742
8.3889,1758
8.3917,1768
8.3944,1775
8.3972,1762
8.4000,1761
8.4028,1765
8.4056,1769
8.4083,1761
8.4111,1747
8.4139,1740
8.4167,1748
8.4194,1763
8.4222,1762
8.4250,1754
8.4278,1756
8.4306,1757
8.4333,1753
8.4361,1742
8.4389,1741
8.4417,1736
8.4444,1750
8.4472,1759
8.4500,1753
8.4528,1747
8.4556,1749
8.4583,1754
8.4611,1758
8.4639,1757
8.4667,1764
8.4694,1759
8.4722,1766
8.4750,1777
8.4778,1784
8.4806,1805
8.4833,1805
8.4861,1799
8.4889,1777
8.4917,1786
8.4944,1807
8.4972,1801
8.5000,1784
8.5028,1760
8.5056,1756
8.5083,1750
8.5111,1783
8.5139,1800
8.5167,1824
8.5194,1836
8.5222,1825
8.5250,1805
8.5278,1789
8.5306,1773
8.5333,1741
8.5361,1737
8.5389,1736
8.5417,1741
8.5444,1742
8.5472,1723
8.5500,1715
8.5528,1699
8.5556,1683
8.5583,1673
8.5611,1677
8.5639,1692
8.5667,1701
8.5694,1712
8.5722,1712
8.5750,1706
8.5778,1692
8.5806,1686
8.5833,1679
8.5861,1686
8.5889,1691
8.5917,1703
8.5944,1696
8.5972,1691
8.6000,1679
8.6028,1663
8.6056,1669
8.6083,1682
8.6111,1698
8.6139,1677
8.6167,1641
8.6194,1626
8.6222,1664
8.6250,1781
8.6278,1944
8.6306,2088
8.6333,2036
8.6361,1818
8.6389,1580
8.6417,1423
8.6444,1339
8.6472,1310
8.6500,1332
8.6528,1437
8.6556,1580
8.6583,1727
8.6611,1832
8.6639,1870
8.6667,1865
8.6694,1844
8.6722,1807
8.6750,1778
8.6778,1759
8.6806,1754
8.6833,1746
8.6861,1718
8.6889,1700
8.6917,1693
8.6944,1698
8.6972,1712
8.7000,1709
8.7028,1716
8.7056,1715
8.7083,1699
8.7111,1698
8.7139,1707
8.7167,1733
8.7194,1753
8.7222,1767
8.7250,1752
8.7278,1715
8.7306,1690
8.7333,1687
8.7361,1708
8.7389,1729
8.7417,1745
8.7444,1750
8.7472,1738
8.7500,1722
8.7528,1723
8.7556,1734
8.7583,1752
8.7611,1752
8.7639,1754
8.7667,1767
8.7694,1757
8.7722,1759
8.7750,1749
8.7778,1754
8.7806,1754
8.7833,1762
8.7861,1760
8.7889,1760
8.7917,1773
8.7944,1780
8.7972,1804
8.8000,1798
8.8028,1804
8.8056,1788
8.8083,1786
8.8111,1770
8.8139,1781
8.8167,1795
8.8194,1811
8.8222,1817
8.8250,1820
8.8278,1825
8.8306,1825
8.8333,1818
8.8361,1824
8.8389,1821
8.8417,1829
8.8444,1834
8.8472,1831
8.8500,1818
8.8528,1806
8.8556,1800
8.8583,1795
8.8611,1780
8.8639,1775
8.8667,1787
8.8694,1796
8.8722,1791
8.8750,1783
8.8778,1761
8.8806,1735
8.8833,1704
8.8861,1699
8.8889,1697
8.8917,1707
8.8944,1726
8.8972,1735
8.9000,1735
8.9028,1735
8.9056,1735
8.9083,1720
8.9111,1705
8.9139,1690
8.9167,1692
8.9194,1694
8.9222,1715
8.9250,1713
8.9278,1710
8.9306,1702
8.9333,1691
8.9361,1693
8.9389,1698
8.9417,1717
8.9444,1714
8.9472,1705
8.9500,1704
8.9528,1704
8.9556,1709
8.9583,1720
8.9611,1718
8.9639,1714
8.9667,1705
8.9694,1709
8.9722,1721
8.9750,1715
8.9778,1717
8.9806,1719
8.9833,1724
8.9861,1719
8.9889,1723
8.9917,1728
8.9944,1736
8.9972,1739
9.0000,1747
9.0028,1747
9.0056,1742
9.0083,1742
9.0111,1737
9.0139,1728
9.0167,1732
9.0194,1741
9.0222,1738
9.0250,1731
9.0278,1731
9.0306,1732
9.0333,1734
9.0361,1744
9.0389,1750
9.0417,1752
9.0444,1744
9.0472,1722
9.0500,1704
9.0528,1707
9.0556,1703
9.0583,1707
9.0611,1715
9.0639,1718
9.0667,1710
9.0694,1699
9.0722,1683
9.0750,1691
9.0778,1695
9.0806,1704
9.0833,1710
9.0861,1710
9.0889,1714
9.0917,1704
9.0944,1706
9.0972,1709
9.1000,1704
9.1028,1697
9.1056,1695
9.1083,1693
9.1111,1697
9.1139,1709
9.1167,1714
9.1194,1709
9.1222,1703
9.1250,1697
9.1278,1697
9.1306,1706
9.1333,1707
9.1361,1718
9.1389,1728
9.1417,1744
9.1444,1758
9.1472,1752
9.1500,1721
9.1528,1705
9.1556,1708
9.1583,1716
9.1611,1721
9.1639,1729
9.1667,1733
9.1694,1739
9.1722,1742
9.1750,1738
9.1778,1741
9.1806,1739
9.1833,1750
9.1861,1757
9.1889,1762
9.1917,1772
9.1944,1777
9.1972,1796
9.2000,1801
9.2028,1825
9.2056,1829
9.2083,1840
9.2111,1852
9.2139,1851
9.2167,1870
9.2194,1859
9.2222,1833
9.2250,1806
9.2278,1792
9.2306,1779
9.2333,1768
9.2361,1756
9.2389,1747
9.2417,1733
9.2444,1726
9.2472,1721
9.2500,1719
9.2528,1708
9.2556,1702
9.2583,1693
9.2611,1686
9.2639,1688
9.2667,1696
9.2694,1702
9.2722,1706
9.2750,1703
9.2778,1712
9.2806,1705
9.2833,1702
9.2861,1700
9.2889,1699
9.2917,1701
9.2944,1697
9.2972,1702
9.3000,1692
9.3028,1693
9.3056,1712
9.3083,1727
9.3111,1739
9.3139,1734
9.3167,1708
9.3194,1716
9.3222,1780
9.3250,1915
9.3278,2084
9.3306,2168
9.3333,2018
9.3361,1746
9.3389,1506
9.3417,1354
9.3444,1276
9.3472,1254
9.3500,1314
9.3528,1455
9.3556,1640
9.3583,1787
9.3611,1869
9.3639,1886
9.3667,1864
9.3694,1823
9.3722,1774
9.3750,1749
9.3778,1737
9.3806,1742
9.3833,1735
9.3861,1725
9.3889,1710
9.3917,1705
9.3944,1713
9.3972,1723
9.4000,1729
9.4028,1727
9.4056,1714
9.4083,1707
9.4111,1702
9.4139,1705
9.4167,1720
9.4194,1732
9.4222,1720
9.4250,1701
9.4278,1695
9.4306,1700
9.4333,1703
9.4361,1716
9.4389,1722
9.4417,1740
9.4444,1734
9.4472,1722
9.4500,1715
9.4528,1715
9.4556,1736
9.4583,1750
9.4611,1754
9.4639,1752
9.4667,1745
9.4694,1741
9.4722,1736
9.4750,1736
9.4778,1737
9.4806,1737
9.4833,1753
9.4861,1746
9.4889,1753
9.4917,1766
9.4944,1767
9.4972,1766
9.5000,1780
9.5028,1796
9.5056,1802
9.5083,1794
9.5111,1782
9.5139,1788
9.5167,1802
9.5194,1820
9.5222,1814
9.5250,1794
9.5278,1789
9.5306,1788
9.5333,1852
9.5361,1858
9.5389,1847
9.5417,1839
9.5444,1833
9.5472,1834
9.5500,1832
9.5528,1810
9.5556,1793
9.5583,1786
9.5611,1772
9.5639,1786
9.5667,1781
9.5694,1772
9.5722,1762
9.5750,1760
9.5778,1765
9.5806,1772
9.5833,1766
9.5861,1757
9.5889,1758
9.5917,1756
9.5944,1756
9.5972,1756
9.6000,1756
9.6028,1756
9.6056,1750
9.6083,1747
9.6111,1738
9.6139,1733
9.6167,1734
9.6194,1729
9.6222,1731
9.6250,1740
9.6278,1744
9.6306,1749
9.6333,1737
9.6361,1749
9.6389,1759
9.6417,1763
9.6444,1756
9.6472,1750
9.6500,1746
9.6528,1747
9.6556,1764
9.6583,1781
9.6611,1774
9.6639,1772
9.6667,1756
9.6694,1750
9.6722,1766
9.6750,1766
9.6778,1768
9.6806,1758
9.6833,1755
9.6861,1754
9.6889,1753
9.6917,1751
9.6944,1770
9.6972,1773
9.7000,1776
9.7028,1771
9.7056,1767
9.7083,1758
9.7111,1760
9.7139,1759
9.7167,1768
9.7194,1782
9.7222,1796
9.7250,1794
9.7278,1781
9.7306,1772
9.7333,1780
9.7361,1777
9.7389,1782
9.7417,1796
9.7444,1778
9.7472,1769
9.7500,1769
9.7528,1781
9.7556,1774
9.7583,1766
9.7611,1771
9.7639,1770
9.7667,1777
9.7694,1773
9.7722,1753
9.7750,1752
9.7778,1756
9.7806,1758
9.7833,1770
9.7861,1771
9.7889,1787
9.7917,1779
9.7944,1773
9.7972,1783
9.8000,1768
9.8028,1771
9.8056,1767
9.8083,1766
9.8111,1763
9.8139,1759
9.8167,1770
9.8194,1770
9.8222,1773
9.8250,1767
9.8278,1770
9.8306,1770
9.8333,1775
9.8361,1779
9.8389,1796
9.8417,1799
9.8444,1798
9.8472,1789
9.8500,1779
9.8528,1778
9.8556,1774
9.8583,1774
9.8611,1787
9.8639,1809
9.8667,1818
9.8694,1822
9.8722,1812
9.8750,1819
9.8778,1829
9.8806,1841
9.8833,1856
9.8861,1858
9.8889,1859
9.8917,1866
9.8944,1865
9.8972,1874
9.9000,1883
9.9028,1879
9.9056,1882
9.9083,1876
9.9111,1872
9.9139,1869
9.9167,1868
9.9194,1861
9.9222,1856
9.9250,1840
9.9278,1837
9.9306,1827
9.9333,1829
9.9361,1811
9.9389,1795
9.9417,1777
9.9444,1767
9.9472,1764
9.9500,1756
9.9528,1750
9.9556,1758
9.9583,1763
9.9611,1749
9.9639,1737
9.9667,1727
9.9694,1737
9.9722,1744
9.9750,1746
9.9778,1752
9.9806,1759
9.9833,1761
9.9861,1765
9.9889,1764
9.9917,1757
9.9944,1755
9.9972,1746
10.0000,1749
10.0028,1778
10.0056,1795
10.0083,1783
10.0111,1757
10.0139,1778
10.0167,1886
10.0194,2058
10.0222,2283
10.0250,2429
10.0278,2352
10.0306,2113
10.0333,1837
10.0361,1588
10.0389,1399
10.0417,1329
10.0444,1361
10.0472,1488
10.0500,1643
10.0528,1773
10.0556,1833
10.0583,1841
10.0611,1832
10.0639,1810
10.0667,1801
10.0694,1797
10.0722,1786
10.0750,1774
10.0778,1766
10.0806,1743
10.0833,1733
10.0861,1731
10.0889,1720
10.0917,1728
10.0944,1746
10.0972,1748
10.1000,1747
10.1028,1739
10.1056,1724
10.1083,1730
10.1111,1735
10.1139,1747
10.1167,1752
10.1194,1756
10.1222,1756
10.1250,1752
10.1278,1744
10.1306,1737
10.1333,1736
10.1361,1737
10.1389,1738
10.1417,1739
10.1444,1741
10.1472,1724
10.1500,1735
10.1528,1754
10.1556,1758
10.1583,1755
10.1611,1747
10.1639,1743
10.1667,1743
10.1694,1744
10.1722,1749
10.1750,1766
10.1778,1768
10.1806,1757
10.1833,1758
10.1861,1754
10.1889,1747
10.1917,1759
10.1944,1776
10.1972,1782
10.2000,1782
10.2028,1773
10.2056,1760
10.2083,1761
10.2111,1764
10.2139,1779
10.2167,1785
10.2194,1781
10.2222,1760
10.2250,1750
10.2278,1759
10.2306,1808
10.2333,1816
10.2361,1814
10.2389,1824
10.2417,1812
10.2444,1809
10.2472,1804
10.2500,1797
10.2528,1788
10.2556,1794
10.2583,1782
10.2611,1763
10.2639,1751
10.2667,1765
10.2694,1772
10.2722,1781
10.2750,1798
10.2778,1810
10.2806,1813
10.2833,1801
10.2861,1795
10.2889,1771
10.2917,1776
10.2944,1780
10.2972,1774
10.3000,1774
10.3028,1769
10.3056,1759
10.3083,1762
10.3111,1766
10.3139,1771
10.3167,1779
10.3194,1790
10.3222,1793
10.3250,1790
10.3278,1773
10.3306,1774
10.3333,1765
10.3361,1768
10.3389,1785
10.3417,1789
10.3444,1793
10.3472,1778
10.3500,1771
10.3528,1780
10.3556,1787
10.3583,1800
10.3611,1798
10.3639,1798
10.3667,1805
10.3694,1815
10.3722,1823
10.3750,1834
10.3778,1823
10.3806,1811
10.3833,1807
10.3861,1803
10.3889,1808
10.3917,1816
10.3944,1834
10.3972,1840
10.4000,1840
10.4028,1840
10.4056,1835
10.4083,1825
10.4111,1830
10.4139,1831
10.4167,1833
10.4194,1832
10.4222,1824
10.4250,1821
10.4278,1830
10.4306,1833
10.4333,1828
10.4361,1831
10.4389,1829
10.4417,1823
10.4444,1827
10.4472,1834
10.4500,1819
10.4528,1812
10.4556,1805
10.4583,1802
10.4611,1803
10.4639,1802
10.4667,1795
10.4694,1789
10.4722,1785
10.4750,1782
10.4778,1790
10.4806,1792
10.4833,1789
10.4861,1780
10.4889,1784
10.4917,1775
10.4944,1784
10.4972,1792
10.5000,1783
10.5028,1779
10.5056,1781
10.5083,1778
10.5111,1785
10.5139,1796
10.5167,1792
10.5194,1789
10.5222,1798
10.5250,1796
10.5278,1794
10.5306,1777
10.5333,1762
10.5361,1760
10.5389,1760
10.5417,1774
10.5444,1773
10.5472,1782
10.5500,1786
10.5528,1787
10.5556,1790
10.5583,1788
10.5611,1788
10.5639,1788
10.5667,1784
10.5694,1777
10.5722,1779
10.5750,1779
10.5778,1793
10.5806,1782
10.5833,1780
10.5861,1777
10.5889,1786
10.5917,1796
10.5944,1805
10.5972,1815
10.6000,1818
10.6028,1830
10.6056,1835
10.6083,1840
10.6111,1858
10.6139,1867
10.6167,1868
10.6194,1870
10.6222,1866
10.6250,1862
10.6278,1869
10.6306,1880
10.6333,1887
10.6361,1894
10.6389,1890
10.6417,1887
10.6444,1881
10.6472,1864
10.6500,1857
10.6528,1843
10.6556,1834
10.6583,1814
10.6611,1798
10.6639,1790
10.6667,1781
10.6694,1771
10.6722,1777
10.6750,1773
10.6778,1762
10.6806,1752
10.6833,1748
10.6861,1745
10.6889,1744
10.6917,1741
10.6944,1741
10.6972,1742
10.7000,1737
10.7028,1743
10.7056,1740
10.7083,1731
10.7111,1735
10.7139,1746
10.7167,1738
10.7194,1734
10.7222,1733
10.7250,1722
10.7278,1734
10.7306,1757
10.7333,1758
10.7361,1746
10.7389,1718
10.7417,1725
10.7444,1803
10.7472,1975
10.7500,2198
10.7528,2365
10.7556,2322
10.7583,2115
10.7611,1865
10.7639,1645
10.7667,1463
10.7694,1374
10.7722,1387
10.7750,1485
10.7778,1629
10.7806,1737
10.7833,1818
10.7861,1859
10.7889,1851
10.7917,1826
10.7944,1799
10.7972,1779
10.8000,1770
10.8028,1748
10.8056,1722
10.8083,1706
10.8111,1694
10.8139,1689
10.8167,1692
10.8194,1715
10.8222,1729
10.8250,1736
10.8278,1730
10.8306,1719
10.8333,1706
10.8361,1698
10.8389,1706
10.8417,1712
10.8444,1715
10.8472,1709
10.8500,1707
10.8528,1697
10.8556,1697
10.8583,1715
10.8611,1726
10.8639,1726
10.8667,1731
10.8694,1730
10.8722,1729
10.8750,1697
10.8778,1696
10.8806,1714
10.8833,1716
10.8861,1723
10.8889,1715
10.8917,1721
10.8944,1725
10.8972,1728
10.9000,1732
10.9028,1740
10.9056,1747
10.9083,1727
10.9111,1710
10.9139,1706
10.9167,1705
10.9194,1722
10.9222,1743
10.9250,1751
10.9278,1753
10.9306,1748
10.9333,1746
10.9361,1739
10.9389,1738
10.9417,1747
10.9444,1759
10.9472,1756
10.9500,1747
10.9528,1740
10.9556,1746
10.9583,1767
10.9611,1781
10.9639,1785
10.9667,1787
10.9694,1786
10.9722,1772
10.9750,1752
10.9778,1744
10.9806,1743
10.9833,1746
10.9861,1750
10.9889,1754
10.9917,1754
10.9944,1740
10.9972,1736
11.0000,1731
11.0028,1727
11.0056,1727
11.0083,1734
11.0111,1732
11.0139,1739
11.0167,1717
11.0194,1715
11.0222,1708
11.0250,1711
11.0278,1704
11.0306,1700
11.0333,1703
11.0361,1706
11.0389,1705
11.0417,1718
11.0444,1714
11.0472,1719
11.0500,1724
11.0528,1724
11.0556,1723
11.0583,1724
11.0611,1723
11.0639,1739
11.0667,1736
11.0694,1736
11.0722,1740
11.0750,1745
11.0778,1753
11.0806,1755
11.0833,1760
11.0861,1758
11.0889,1749
11.0917,1756
11.0944,1755
11.0972,1770
11.1000,1764
11.1028,1779
11.1056,1772
11.1083,1783
11.1111,1781
11.1139,1767
11.1167,1764
11.1194,1766
11.1222,1772
11.1250,1772
11.1278,1767
11.1306,1758
11.1333,1753
11.1361,1757
11.1389,1761
11.1417,1784
11.1444,1799
11.1472,1796
11.1500,1774
11.1528,1784
11.1556,1770
11.1583,1765
11.1611,1752
11.1639,1753
11.1667,1755
11.1694,1758
11.1722,1759
11.1750,1755
11.1778,1751
11.1806,1756
11.1833,1760
11.1861,1759
11.1889,1756
11.1917,1751
11.1944,1743
11.1972,1742
11.2000,1754
11.2028,1754
11.2056,1752
11.2083,1747
11.2111,1749
11.2139,1750
11.2167,1758
11.2194,1765
11.2222,1756
11.2250,1743
11.2278,1733
11.2306,1722
11.2333,1731
11.2361,1730
11.2389,1739
11.2417,1740
11.2444,1740
11.2472,1733
11.2500,1730
11.2528,1743
11.2556,1748
11.2583,1752
11.2611,1748
11.2639,1729
11.2667,1731
11.2694,1730
11.2722,1731
11.2750,1744
11.2778,1748
11.2806,1745
11.2833,1753
11.2861,1748
11.2889,1745
11.2917,1742
11.2944,1731
11.2972,1728
11.3000,1722
11.3028,1723
11.3056,1736
11.3083,1734
11.3111,1733
11.3139,1737
11.3167,1742
11.3194,1756
11.3222,1761
11.3250,1755
11.3278,1753
11.3306,1746
11.3333,1735
11.3361,1727
11.3389,1727
11.3417,1738
11.3444,1743
11.3472,1731
11.3500,1729
11.3528,1720
11.3556,1730
11.3583,1733
11.3611,1742
11.3639,1750
11.3667,1739
11.3694,1728
11.3722,1719
11.3750,1716
11.3778,1726
11.3806,1732
11.3833,1733
11.3861,1736
11.3889,1740
11.3917,1730
11.3944,1730
11.3972,1723
11.4000,1729
11.4028,1733
11.4056,1744
11.4083,1749
11.4111,1749
11.4139,1750
11.4167,1738
11.4194,1733
11.4222,1735
11.4250,1741
11.4278,1754
11.4306,1762
11.4333,1773
11.4361,1778
11.4389,1781
11.4417,1780
11.4444,1790
11.4472,1802
11.4500,1808
11.4528,1811
11.4556,1796
11.4583,1792
11.4611,1797
11.4639,1793
11.4667,1789
11.4694,1785
11.4722,1785
11.4750,1788
11.4778,1791
11.4806,1785
11.4833,1778
11.4861,1761
11.4889,1747
11.4917,1726
11.4944,1715
11.4972,1711
11.5000,1706
11.5028,1701
11.5056,1689
11.5083,1685
11.5111,1683
11.5139,1681
11.5167,1685
11.5194,1685
11.5222,1700
11.5250,1701
11.5278,1701
11.5306,1720
11.5333,1712
11.5361,1707
11.5389,1699
11.5417,1696
11.5444,1677
11.5472,1664
11.5500,1646
11.5528,1651
11.5556,1679
11.5583,1688
11.5611,1694
11.5639,1667
11.5667,1644
11.5694,1658
11.5722,1753
11.5750,1931
11.5778,2126
11.5806,2236
11.5833,2118
11.5861,1879
11.5889,1631
11.5917,1445
11.5944,1321
11.5972,1278
11.6000,1341
11.6028,1491
11.6056,1654
11.6083,1773
11.6111,1835
11.6139,1855
11.6167,1838
11.6194,1804
11.6222,1771
11.6250,1753
11.6278,1761
11.6306,1768
11.6333,1750
11.6361,1711
11.6389,1685
11.6417,1663
11.6444,1674
11.6472,1693
11.6500,1703
11.6528,1706
11.6556,1689
11.6583,1684
11.6611,1679
11.6639,1689
11.6667,1700
11.6694,1716
11.6722,1731
11.6750,1726
11.6778,1723
11.6806,1704
11.6833,1692
11.6861,1696
11.6889,1706
11.6917,1700
11.6944,1695
11.6972,1700
11.7000,1693
11.7028,1691
11.7056,1705
11.7083,1708
11.7111,1710
11.7139,1718
11.7167,1722
11.7194,1724
11.7222,1718
11.7250,1700
11.7278,1709
11.7306,1713
11.7333,1713
11.7361,1706
11.7389,1691
11.7417,1688
11.7444,1687
11.7472,1700
11.7500,1721
11.7528,1730
11.7556,1730
11.7583,1729
11.7611,1720
11.7639,1733
11.7667,1739
11.7694,1747
11.7722,1748
11.7750,1764
11.7778,1755
11.7806,1759
11.7833,1754
11.7861,1805
11.7889,1808
11.7917,1810
11.7944,1792
11.7972,1785
11.8000,1769
11.8028,1772
11.8056,1778
11.8083,1791
11.8111,1791
11.8139,1781
11.8167,1767
11.8194,1759
11.8222,1753
11.8250,1756
11.8278,1764
11.8306,1756
11.8333,1756
11.8361,1752
11.8389,1747
11.8417,1731
11.8444,1718
11.8472,1710
11.8500,1711
11.8528,1711
11.8556,1716
11.8583,1717
11.8611,1715
11.8639,1714
11.8667,1720
11.8694,1729
11.8722,1724
11.8750,1714
11.8778,1707
11.8806,1715
11.8833,1717
11.8861,1728
11.8889,1750
11.8917,1756
11.8944,1751
11.8972,1738
11.9000,1731
11.9028,1749
11.9056,1755
11.9083,1767
11.9111,1759
11.9139,1756
11.9167,1760
11.9194,1782
11.9222,1786
11.9250,1791
11.9278,1774
11.9306,1769
11.9333,1755
11.9361,1749
11.9389,1740
11.9417,1743
11.9444,1756
11.9472,1768
11.9500,1779
11.9528,1794
11.9556,1808
11.9583,1794
11.9611,1768
11.9639,1750
11.9667,1744
11.9694,1753
11.9722,1748
11.9750,1742
11.9778,1747
11.9806,1750
11.9833,1761
11.9861,1761
11.9889,1769
11.9917,1769
11.9944,1757
11.9972,1761
12.0000,1755
12.0028,1762
12.0056,1760
12.0083,1761
12.0111,1749
12.0139,1744
12.0167,1733
12.0194,1735
12.0222,1743
12.0250,1759
12.0278,1769
12.0306,1764
12.0333,1752
12.0361,1750
12.0389,1747
12.0417,1756
12.0444,1749
12.0472,1754
12.0500,1739
12.0528,1742
12.0556,1747
12.0583,1744
12.0611,1737
12.0639,1741
12.0667,1737
12.0694,1744
12.0722,1741
12.0750,1744
12.0778,1745
12.0806,1735
12.0833,1737
12.0861,1745
12.0889,1759
12.0917,1756
12.0944,1761
12.0972,1756
12.1000,1750
12.1028,1747
12.1056,1729
12.1083,1732
12.1111,1734
12.1139,1743
12.1167,1744
12.1194,1743
12.1222,1737
12.1250,1739
12.1278,1737
12.1306,1741
12.1333,1746
12.1361,1748
12.1389,1753
12.1417,1747
12.1444,1741
12.1472,1745
12.1500,1755
12.1528,1765
12.1556,1767
12.1583,1765
12.1611,1752
12.1639,1729
12.1667,1730
12.1694,1734
12.1722,1747
12.1750,1751
12.1778,1759
12.1806,1764
12.1833,1774
12.1861,1771
12.1889,1777
12.1917,1786
12.1944,1801
12.1972,1807
12.2000,1808
12.2028,1819
12.2056,1822
12.2083,1815
12.2111,1807
12.2139,1802
12.2167,1810
12.2194,1827
12.2222,1853
12.2250,1870
12.2278,1882
12.2306,1886
12.2333,1872
12.2361,1858
12.2389,1831
12.2417,1815
12.2444,1818
12.2472,1812
12.2500,1795
12.2528,1772
12.2556,1755
12.2583,1731
12.2611,1723
12.2639,1727
12.2667,1729
12.2694,1731
12.2722,1726
12.2750,1720
12.2778,1707
12.2806,1714
12.2833,1724
12.2861,1731
12.2889,1728
12.2917,1723
12.2944,1720
12.2972,1715
12.3000,1707
12.3028,1699
12.3056,1706
12.3083,1705
12.3111,1690
12.3139,1697
12.3167,1702
12.3194,1720
12.3222,1713
12.3250,1706
12.3278,1677
12.3306,1656
12.3333,1681
12.3361,1795
12.3389,1965
12.3417,2117
12.3444,2069
12.3472,1861
12.3500,1613
12.3528,1408
12.3556,1286
12.3583,1251
12.3611,1288
12.3639,1398
12.3667,1569
12.3694,1736
12.3722,1852
12.3750,1908
12.3778,1881
12.3806,1844
12.3833,1806
12.3861,1774
12.3889,1758
12.3917,1764
12.3944,1757
12.3972,1748
12.4000,1722
12.4028,1709
12.4056,1705
12.4083,1717
12.4111,1738
12.4139,1740
12.4167,1744
12.4194,1730
12.4222,1719
12.4250,1711
12.4278,1710
12.4306,1722
12.4333,1730
12.4361,1729
12.4389,1736
12.4417,1736
12.4444,1739
12.4472,1736
12.4500,1747
12.4528,1738
12.4556,1720
12.4583,1681
12.4611,1683
12.4639,1687
12.4667,1709
12.4694,1736
12.4722,1764
12.4750,1769
12.4778,1762
12.4806,1740
12.4833,1736
12.4861,1730
12.4889,1736
12.4917,1738
12.4944,1731
12.4972,1728
12.5000,1718
12.5028,1719
12.5056,1732
12.5083,1752
12.5111,1766
12.5139,1774
12.5167,1772
12.5194,1754
12.5222,1752
12.5250,1750
12.5278,1763
12.5306,1771
12.5333,1786
12.5361,1778
12.5389,1765
12.5417,1753
12.5444,1758
12.5472,1794
12.5500,1804
12.5528,1805
12.5556,1795
12.5583,1786
12.5611,1776
12.5639,1771
12.5667,1780
12.5694,1784
12.5722,1790
12.5750,1788
12.5778,1769
12.5806,1746
12.5833,1730
12.5861,1725
12.5889,1715
12.5917,1708
12.5944,1702
12.5972,1696
12.6000,1699
12.6028,1710
12.6056,1723
12.6083,1727
12.6111,1729
12.6139,1725
12.6167,1714
12.6194,1703
12.6222,1700
12.6250,1695
12.6278,1699
12.6306,1706
12.6333,1719
12.6361,1723
12.6389,1714
12.6417,1693
12.6444,1697
12.6472,1706
12.6500,1726
12.6528,1731
12.6556,1729
12.6583,1728
12.6611,1727
12.6639,1729
12.6667,1729
12.6694,1739
12.6722,1749
12.6750,1748
12.6778,1743
12.6806,1756
12.6833,1748
12.6861,1740
12.6889,1732
12.6917,1717
12.6944,1714
12.6972,1699
12.7000,1700
12.7028,1698
12.7056,1706
12.7083,1707
12.7111,1723
12.7139,1728
12.7167,1738
12.7194,1716
12.7222,1706
12.7250,1700
12.7278,1693
12.7306,1696
12.7333,1707
12.7361,1731
12.7389,1744
12.7417,1748
12.7444,1729
12.7472,1700
12.7500,1697
12.7528,1692
12.7556,1690
12.7583,1697
12.7611,1701
12.7639,1708
12.7667,1715
12.7694,1714
12.7722,1724
12.7750,1718
12.7778,1722
12.7806,1715
12.7833,1714
12.7861,1705
12.7889,1710
12.7917,1706
12.7944,1705
12.7972,1710
12.8000,1721
12.8028,1713
12.8056,1713
12.8083,1711
12.8111,1711
12.8139,1717
12.8167,1714
12.8194,1709
12.8222,1714
12.8250,1720
12.8278,1723
12.8306,1710
12.8333,1707
12.8361,1698
12.8389,1692
12.8417,1690
12.8444,1684
12.8472,1697
12.8500,1723
12.8528,1730
12.8556,1748
12.8583,1744
12.8611,1758
12.8639,1754
12.8667,1771
12.8694,1775
12.8722,1787
12.8750,1802
12.8778,1809
12.8806,1811
12.8833,1837
12.8861,1843
12.8889,1852
12.8917,1858
12.8944,1866
12.8972,1861
12.9000,1856
12.9028,1841
12.9056,1824
12.9083,1805
12.9111,1798
12.9139,1785
12.9167,1777
12.9194,1765
12.9222,1760
12.9250,1741
12.9278,1726
12.9306,1727
12.9333,1730
12.9361,1722
12.9389,1728
12.9417,1727
12.9444,1717
12.9472,1692
12.9500,1692
12.9528,1690
12.9556,1683
12.9583,1682
12.9611,1694
12.9639,1698
12.9667,1699
12.9694,1702
12.9722,1703
12.9750,1698
12.9778,1691
12.9806,1688
12.9833,1693
12.9861,1698
12.9889,1713
12.9917,1733
12.9944,1726
12.9972,1714
13.0000,1687
13.0028,1703
13.0056,1781
13.0083,1929
13.0111,2095
13.0139,2146
13.0167,1981
13.0194,1689
13.0222,1420
13.0250,1273
13.0278,1215
13.0306,1237
13.0333,1314
13.0361,1477
13.0389,1640
13.0417,1785
13.0444,1863
13.0472,1871
13.0500,1845
13.0528,1802
13.0556,1781
13.0583,1771
13.0611,1771
13.0639,1754
13.0667,1749
13.0694,1727
13.0722,1704
13.0750,1693
13.0778,1692
13.0806,1699
13.0833,1713
13.0861,1706
13.0889,1701
13.0917,1703
13.0944,1699
13.0972,1702
13.1000,1718
13.1028,1735
13.1056,1739
13.1083,1734
13.1111,1719
13.1139,1708
13.1167,1702
13.1194,1717
13.1222,1742
13.1250,1732
13.1278,1708
13.1306,1688
13.1333,1693
13.1361,1692
13.1389,1718
13.1417,1743
13.1444,1752
13.1472,1742
13.1500,1732
13.1528,1728
13.1556,1731
13.1583,1732
13.1611,1739
13.1639,1740
13.1667,1745
13.1694,1750
13.1722,1742
13.1750,1735
13.1778,1740
13.1806,1744
13.1833,1762
13.1861,1769
13.1889,1768
13.1917,1770
13.1944,1772
13.1972,1770
13.2000,1769
13.2028,1768
13.2056,1772
13.2083,1772
13.2111,1775
13.2139,1761
13.2167,1775
13.2194,1784
13.2222,1784
13.2250,1779
13.2278,1778
13.2306,1789
13.2333,1800
13.2361,1816
13.2389,1847
13.2417,1852
13.2444,1844
13.2472,1829
13.2500,1793
13.2528,1756
13.2556,1738
13.2583,1721
13.2611,1731
13.2639,1734
13.2667,1724
13.2694,1689
13.2722,1667
13.2750,1647
13.2778,1645
13.2806,1656
13.2833,1672
13.2861,1684
13.2889,1692
13.2917,1690
13.2944,1685
13.2972,1701
13.3000,1712
13.3028,1716
13.3056,1728
13.3083,1743
13.3111,1742
13.3139,1737
13.3167,1749
13.3194,1740
13.3222,1741
13.3250,1748
13.3278,1751
13.3306,1761
13.3333,1753
13.3361,1764
13.3389,1763
13.3417,1771
13.3444,1779
13.3472,1776
13.3500,1771
13.3528,1771
13.3556,1764
13.3583,1763
13.3611,1763
13.3639,1772
13.3667,1762
13.3694,1745
13.3722,1741
13.3750,1749
13.3778,1766
13.3806,1783
13.3833,1794
13.3861,1783
13.3889,1767
13.3917,1747
13.3944,1736
13.3972,1739
13.4000,1741
13.4028,1750
13.4056,1755
13.4083,1758
13.4111,1764
13.4139,1773
13.4167,1767
13.4194,1760
13.4222,1761
13.4250,1779
13.4278,1778
13.4306,1767
13.4333,1750
13.4361,1734
13.4389,1737
13.4417,1747
13.4444,1744
13.4472,1751
13.4500,1759
13.4528,1755
13.4556,1758
13.4583,1755
13.4611,1749
13.4639,1750
13.4667,1750
13.4694,1772
13.4722,1758
13.4750,1757
13.4778,1744
13.4806,1744
13.4833,1741
13.4861,1744
13.4889,1737
13.4917,1731
13.4944,1737
13.4972,1739
13.5000,1742
13.5028,1759
13.5056,1752
13.5083,1759
13.5111,1758
13.5139,1771
13.5167,1762
13.5194,1749
13.5222,1740
13.5250,1751
13.5278,1762
13.5306,1770
13.5333,1781
13.5361,1798
13.5389,1806
13.5417,1807
13.5444,1828
13.5472,1837
13.5500,1855
13.5528,1872
13.5556,1869
13.5583,1876
13.5611,1868
13.5639,1861
13.5667,1862
13.5694,1868
13.5722,1858
13.5750,1869
13.5778,1872
13.5806,1866
13.5833,1856
13.5861,1843
13.5889,1837
13.5917,1825
13.5944,1809
13.5972,1793
13.6000,1786
13.6028,1781
13.6056,1768
13.6083,1754
13.6111,1745
13.6139,1739
13.6167,1751
13.6194,1747
13.6222,1752
13.6250,1753
13.6278,1754
13.6306,1752
13.6333,1759
13.6361,1756
13.6389,1747
13.6417,1750
13.6444,1757
13.6472,1767
13.6500,1767
13.6528,1768
13.6556,1770
13.6583,1769
13.6611,1771
13.6639,1791
13.6667,1812
13.6694,1812
13.6722,1799
13.6750,1797
13.6778,1827
13.6806,1948
13.6833,2125
13.6861,2311
13.6889,2403
13.6917,2254
13.6944,1978
13.6972,1705
13.7000,1482
13.7028,1350
13.7056,1308
13.7083,1391
13.7111,1539
13.7139,1690
13.7167,1806
13.7194,1859
13.7222,1886
13.7250,1875
13.7278,1861
13.7306,1845
13.7333,1839
13.7361,1843
13.7389,1832
13.7417,1806
13.7444,1792
13.7472,1768
13.7500,1771
13.7528,1779
13.7556,1792
13.7583,1809
13.7611,1807
13.7639,1784
13.7667,1771
13.7694,1756
13.7722,1762
13.7750,1778
13.7778,1807
13.7806,1823
13.7833,1811
13.7861,1771
13.7889,1742
13.7917,1731
13.7944,1750
13.7972,1766
13.8000,1779
13.8028,1785
13.8056,1778
13.8083,1766
13.8111,1760
13.8139,1750
13.8167,1764
13.8194,1777
13.8222,1780
13.8250,1777
13.8278,1774
13.8306,1762
13.8333,1766
13.8361,1781
13.8389,1784
13.8417,1786
13.8444,1782
13.8472,1777
13.8500,1767
13.8528,1765
13.8556,1775
13.8583,1793
13.8611,1801
13.8639,1803
13.8667,1800
13.8694,1775
13.8722,1760
13.8750,1754
13.8778,1761
13.8806,1771
13.8833,1770
13.8861,1772
13.8889,1767
13.8917,1775
13.8944,1780
13.8972,1796
13.9000,1804
13.9028,1799
13.9056,1777
13.9083,1746
13.9111,1734
13.9139,1737
13.9167,1750
13.9194,1740
13.9222,1733
13.9250,1727
13.9278,1725
13.9306,1714
13.9333,1725
13.9361,1722
13.9389,1726
13.9417,1726
13.9444,1725
13.9472,1721
13.9500,1718
13.9528,1728
13.9556,1729
13.9583,1736
13.9611,1739
13.9639,1737
13.9667,1717
13.9694,1706
13.9722,1706
13.9750,1708
13.9778,1716
13.9806,1717
13.9833,1728
13.9861,1743
13.9889,1752
13.9917,1730
13.9944,1719
13.9972,1703
14.0000,1703
14.0028,1714
14.0056,1718
14.0083,1731
14.0111,1744
14.0139,1750
14.0167,1747
14.0194,1744
14.0222,1737
14.0250,1727
14.0278,1728
14.0306,1730
14.0333,1742
14.0361,1748
14.0389,1750
14.0417,1759
14.0444,1760
14.0472,1753
14.0500,1754
14.0528,1749
14.0556,1761
14.0583,1762
14.0611,1762
14.0639,1764
14.0667,1763
14.0694,1760
14.0722,1753
14.0750,1762
14.0778,1773
14.0806,1772
14.0833,1756
14.0861,1738
14.0889,1735
14.0917,1748
14.0944,1757
14.0972,1767
14.1000,1773
14.1028,1762
14.1056,1763
14.1083,1756
14.1111,1754
14.1139,1763
14.1167,1776
14.1194,1765
14.1222,1768
14.1250,1765
14.1278,1758
14.1306,1754
14.1333,1747
14.1361,1759
14.1389,1766
14.1417,1760
14.1444,1760
14.1472,1753
14.1500,1749
14.1528,1756
14.1556,1753
14.1583,1752
14.1611,1757
14.1639,1759
14.1667,1764
14.1694,1769
14.1722,1773
14.1750,1774
14.1778,1779
14.1806,1781
14.1833,1778
14.1861,1776
14.1889,1754
14.1917,1751
14.1944,1742
14.1972,1752
14.2000,1749
14.2028,1754
14.2056,1754
14.2083,1744
14.2111,1755
14.2139,1765
14.2167,1760
14.2194,1764
14.2222,1757
14.2250,1749
14.2278,1762
14.2306,1764
14.2333,1760
14.2361,1763
14.2389,1756
14.2417,1747
14.2444,1752
14.2472,1761
14.2500,1771
14.2528,1787
14.2556,1783
14.2583,1793
14.2611,1804
14.2639,1807
14.2667,1812
14.2694,1824
14.2722,1839
14.2750,1849
14.2778,1860
14.2806,1868
14.2833,1862
14.2861,1861
14.2889,1859
14.2917,1863
14.2944,1870
14.2972,1879
14.3000,1892
14.3028,1908
14.3056,1881
14.3083,1857
14.3111,1839
14.3139,1812
14.3167,1793
14.3194,1778
14.3222,1767
14.3250,1751
14.3278,1717
14.3306,1695
14.3333,1700
14.3361,1710
14.3389,1712
14.3417,1697
14.3444,1688
14.3472,1677
14.3500,1684
14.3528,1692
14.3556,1694
14.3583,1713
14.3611,1713
14.3639,1712
14.3667,1719
14.3694,1732
14.3722,1733
14.3750,1721
14.3778,1719
14.3806,1697
14.3833,1699
14.3861,1725
14.3889,1736
14.3917,1738
14.3944,1726
14.3972,1712
14.4000,1771
14.4028,1900
14.4056,2105
14.4083,2326
14.4111,2410
14.4139,2266
14.4167,2010
14.4194,1745
14.4222,1511
14.4250,1367
14.4278,1337
14.4306,1426
14.4333,1589
14.4361,1724
14.4389,1818
14.4417,1852
14.4444,1858
14.4472,1832
14.4500,1815
14.4528,1792
14.4556,1775
14.4583,1757
14.4611,1754
14.4639,1743
14.4667,1718
14.4694,1700
14.4722,1686
14.4750,1693
14.4778,1707
14.4806,1726
14.4833,1744
14.4861,1745
14.4889,1740
14.4917,1723
14.4944,1714
14.4972,1721
14.5000,1724
14.5028,1740
14.5056,1736
14.5083,1727
14.5111,1712
14.5139,1709
14.5167,1721
14.5194,1734
14.5222,1746
14.5250,1753
14.5278,1746
14.5306,1722
14.5333,1707
14.5361,1716
14.5389,1726
14.5417,1744
14.5444,1745
14.5472,1741
14.5500,1736
14.5528,1737
14.5556,1741
14.5583,1756
14.5611,1758
14.5639,1756
14.5667,1744
14.5694,1733
14.5722,1732
14.5750,1744
14.5778,1746
14.5806,1759
14.5833,1770
14.5861,1765
14.5889,1765
14.5917,1755
14.5944,1761
14.5972,1769
14.6000,1786
14.6028,1815
14.6056,1806
14.6083,1806
14.6111,1816
14.6139,1824
14.6167,1825
14.6194,1815
14.6222,1806
14.6250,1796
14.6278,1783
14.6306,1778
14.6333,1785
14.6361,1797
14.6389,1799
14.6417,1809
14.6444,1798
14.6472,1781
14.6500,1772
14.6528,1751
14.6556,1756
14.6583,1764
14.6611,1791
14.6639,1789
14.6667,1774
14.6694,1758
14.6722,1752
14.6750,1747
14.6778,1743
14.6806,1755
14.6833,1760
14.6861,1751
14.6889,1753
14.6917,1752
14.6944,1760
14.6972,1772
14.7000,1773
14.7028,1772
14.7056,1770
14.7083,1775
14.7111,1765
14.7139,1782
14.7167,1790
14.7194,1794
14.7222,1789
14.7250,1791
14.7278,1794
14.7306,1799
14.7333,1808
14.7361,1801
14.7389,1801
14.7417,1796
14.7444,1791
14.7472,1806
14.7500,1811
14.7528,1811
14.7556,1832
14.7583,1838
14.7611,1816
14.7639,1795
14.7667,1788
14.7694,1786
14.7722,1785
14.7750,1791
14.7778,1807
14.7806,1818
14.7833,1832
14.7861,1830
14.7889,1827
14.7917,1804
14.7944,1779
14.7972,1775
14.8000,1775
14.8028,1778
14.8056,1784
14.8083,1787
14.8111,1793
14.8139,1794
14.8167,1801
14.8194,1810
14.8222,1809
14.8250,1808
14.8278,1794
14.8306,1788
14.8333,1772
14.8361,1775
14.8389,1793
14.8417,1805
14.8444,1817
14.8472,1794
14.8500,1768
14.8528,1750
14.8556,1737
14.8583,1743
14.8611,1760
14.8639,1765
14.8667,1759
14.8694,1757
14.8722,1767
14.8750,1770
14.8778,1766
14.8806,1766
14.8833,1759
14.8861,1765
14.8889,1762
14.8917,1756
14.8944,1764
14.8972,1774
14.9000,1772
14.9028,1788
14.9056,1774
14.9083,1766
14.9111,1767
14.9139,1762
14.9167,1762
14.9194,1745
14.9222,1738
14.9250,1737
14.9278,1727
14.9306,1738
14.9333,1751
14.9361,1756
14.9389,1764
14.9417,1761
14.9444,1750
14.9472,1734
14.9500,1721
14.9528,1722
14.9556,1732
14.9583,1737
14.9611,1754
14.9639,1748
14.9667,1743
14.9694,1740
14.9722,1738
14.9750,1738
14.9778,1741
14.9806,1752
14.9833,1758
14.9861,1771
14.9889,1768
14.9917,1784
14.9944,1775
14.9972,1746
15.0000,1736
15.0028,1724
15.0056,1723
15.0083,1724
15.0111,1733
15.0139,1743
15.0167,1748
15.0194,1750
15.0222,1752
15.0250,1747
15.0278,1743
15.0306,1737
15.0333,1731
15.0361,1735
15.0389,1731
15.0417,1730
15.0444,1728
15.0472,1732
15.0500,1737
15.0528,1743
15.0556,1758
15.0583,1765
15.0611,1761
15.0639,1750
15.0667,1739
15.0694,1740
15.0722,1743
15.0750,1753
15.0778,1776
15.0806,1791
15.0833,1794
15.0861,1785
15.0889,1781
15.0917,1777
15.0944,1788
15.0972,1805
15.1000,1826
15.1028,1812
15.1056,1808
15.1083,1804
15.1111,1816
15.1139,1821
15.1167,1824
15.1194,1833
15.1222,1829
15.1250,1819
15.1278,1805
15.1306,1795
15.1333,1781
15.1361,1774
15.1389,1774
15.1417,1752
15.1444,1744
15.1472,1735
15.1500,1717
15.1528,1710
15.1556,1697
15.1583,1689
15.1611,1688
15.1639,1696
15.1667,1681
15.1694,1661
15.1722,1668
15.1750,1679
15.1778,1684
15.1806,1696
15.1833,1698
15.1861,1695
15.1889,1694
15.1917,1675
15.1944,1667
15.1972,1655
15.2000,1643
15.2028,1648
15.2056,1665
15.2083,1670
15.2111,1683
15.2139,1670
15.2167,1654
15.2194,1662
15.2222,1736
15.2250,1869
15.2278,2042
15.2306,2170
15.2333,2063
15.2361,1838
15.2389,1589
15.2417,1409
15.2444,1288
15.2472,1256
15.2500,1311
15.2528,1451
15.2556,1618
15.2583,1761
15.2611,1841
15.2639,1857
15.2667,1842
15.2694,1814
15.2722,1790
15.2750,1770
15.2778,1748
15.2806,1738
15.2833,1708
15.2861,1677
15.2889,1683
15.2917,1670
15.2944,1681
15.2972,1684
15.3000,1694
15.3028,1696
15.3056,1689
15.3083,1673
15.3111,1663
15.3139,1670
15.3167,1678
15.3194,1698
15.3222,1713
15.3250,1714
15.3278,1709
15.3306,1694
15.3333,1688
15.3361,1696
15.3389,1704
15.3417,1704
15.3444,1709
15.3472,1718
15.3500,1728
15.3528,1722
15.3556,1711
15.3583,1699
15.3611,1701
15.3639,1706
15.3667,1703
15.3694,1698
15.3722,1704
15.3750,1715
15.3778,1735
15.3806,1752
15.3833,1758
15.3861,1746
15.3889,1740
15.3917,1730
15.3944,1727
15.3972,1746
15.4000,1752
15.4028,1753
15.4056,1748
15.4083,1736
15.4111,1726
15.4139,1720
15.4167,1723
15.4194,1732
15.4222,1750
15.4250,1759
15.4278,1770
15.4306,1777
15.4333,1771
15.4361,1796
15.4389,1799
15.4417,1791
15.4444,1783
15.4472,1773
15.4500,1762
15.4528,1759
15.4556,1758
15.4583,1760
15.4611,1768
15.4639,1769
15.4667,1770
15.4694,1782
15.4722,1774
15.4750,1760
15.4778,1745
15.4806,1740
15.4833,1743
15.4861,1737
15.4889,1733
15.4917,1735
15.4944,1732
15.4972,1736
15.5000,1725
15.5028,1735
15.5056,1746
15.5083,1741
15.5111,1733
15.5139,1733
15.5167,1753
15.5194,1764
15.5222,1762
15.5250,1752
15.5278,1751
15.5306,1739
15.5333,1721
15.5361,1722
15.5389,1731
15.5417,1732
15.5444,1745
15.5472,1746
15.5500,1754
15.5528,1752
15.5556,1763
15.5583,1768
15.5611,1773
15.5639,1780
15.5667,1782
15.5694,1778
15.5722,1770
15.5750,1765
15.5778,1779
15.5806,1787
15.5833,1784
15.5861,1780
15.5889,1781
15.5917,1789
15.5944,1803
15.5972,1799
15.6000,1805
15.6028,1803
15.6056,1811
15.6083,1813
15.6111,1799
15.6139,1787
15.6167,1785
15.6194,1777
15.6222,1773
15.6250,1781
15.6278,1784
15.6306,1788
15.6333,1789
15.6361,1799
15.6389,1811
15.6417,1801
15.6444,1804
15.6472,1789
15.6500,1781
15.6528,1775
15.6556,1778
15.6583,1790
15.6611,1799
15.6639,1809
15.6667,1811
15.6694,1807
15.6722,1798
15.6750,1780
15.6778,1778
15.6806,1780
15.6833,1784
15.6861,1780
15.6889,1783
15.6917,1781
15.6944,1782
15.6972,1785
15.7000,1776
15.7028,1778
15.7056,1762
15.7083,1760
15.7111,1761
15.7139,1771
15.7167,1775
15.7194,1790
15.7222,1790
15.7250,1798
15.7278,1793
15.7306,1784
15.7333,1793
15.7361,1797
15.7389,1792
15.7417,1796
15.7444,1793
15.7472,1796
15.7500,1786
15.7528,1771
15.7556,1768
15.7583,1767
15.7611,1770
15.7639,1779
15.7667,1790
15.7694,1795
15.7722,1795
15.7750,1800
15.7778,1802
15.7806,1803
15.7833,1805
15.7861,1808
15.7889,1793
15.7917,1793
15.7944,1797
15.7972,1796
15.8000,1787
15.8028,1777
15.8056,1774
15.8083,1775
15.8111,1778
15.8139,1781
15.8167,1783
15.8194,1791
15.8222,1796
15.8250,1797
15.8278,1801
15.8306,1793
15.8333,1790
15.8361,1782
15.8389,1775
15.8417,1772
15.8444,1777
15.8472,1776
15.8500,1774
15.8528,1783
15.8556,1796
15.8583,1820
15.8611,1826
15.8639,1832
15.8667,1853
15.8694,1863
15.8722,1859
15.8750,1857
15.8778,1876
15.8806,1894
15.8833,1883
15.8861,1868
15.8889,1858
15.8917,1860
15.8944,1851
15.8972,1841
15.9000,1846
15.9028,1847
15.9056,1829
15.9083,1830
15.9111,1813
15.9139,1814
15.9167,1795
15.9194,1779
15.9222,1760
15.9250,1749
15.9278,1743
15.9306,1749
15.9333,1743
15.9361,1744
15.9389,1751
15.9417,1749
15.9444,1728
15.9472,1718
15.9500,1706
15.9528,1713
15.9556,1710
15.9583,1720
15.9611,1729
15.9639,1733
15.9667,1736
15.9694,1734
15.9722,1730
15.9750,1723
15.9778,1712
15.9806,1716
15.9833,1740
15.9861,1766
15.9889,1770
15.9917,1737
15.9944,1726
15.9972,1788
16.0000,1939
16.0028,2146
16.0056,2308
16.0083,2269
16.0111,2055
16.0139,1796
16.0167,1557
16.0194,1380
16.0222,1304
16.0250,1340
16.0278,1482
16.0306,1646
16.0333,1762
16.0361,1842
16.0389,1876
16.0417,1875
16.0444,1844
16.0472,1812
16.0500,1781
16.0528,1764
16.0556,1756
16.0583,1735
16.0611,1721
16.0639,1709
16.0667,1701
16.0694,1707
16.0722,1712
16.0750,1727
16.0778,1734
16.0806,1739
16.0833,1733
16.0861,1725
16.0889,1717
16.0917,1718
16.0944,1742
16.0972,1751
16.1000,1737
16.1028,1712
16.1056,1705
16.1083,1693
16.1111,1696
16.1139,1715
16.1167,1720
16.1194,1731
16.1222,1723
16.1250,1717
16.1278,1717
16.1306,1723
16.1333,1740
16.1361,1745
16.1389,1751
16.1417,1746
16.1444,1742
16.1472,1736
16.1500,1735
16.1528,1739
16.1556,1755
16.1583,1751
16.1611,1751
16.1639,1743
16.1667,1739
16.1694,1738
16.1722,1741
16.1750,1747
16.1778,1748
16.1806,1764
16.1833,1763
16.1861,1757
16.1889,1748
16.1917,1760
16.1944,1757
16.1972,1758
16.2000,1757
16.2028,1747
16.2056,1749
16.2083,1752
16.2111,1771
16.2139,1781
16.2167,1788
16.2194,1805
16.2222,1785
16.2250,1771
16.2278,1764
16.2306,1765
16.2333,1762
16.2361,1767
16.2389,1771
16.2417,1767
16.2444,1747
16.2472,1740
16.2500,1748
16.2528,1756
16.2556,1764
16.2583,1754
16.2611,1768
16.2639,1770
16.2667,1759
16.2694,1734
16.2722,1713
16.2750,1709
16.2778,1706
16.2806,1728
16.2833,1726
16.2861,1726
16.2889,1736
16.2917,1734
16.2944,1740
16.2972,1744
16.3000,1745
16.3028,1738
16.3056,1730
16.3083,1720
16.3111,1722
16.3139,1736
16.3167,1748
16.3194,1757
16.3222,1761
16.3250,1764
16.3278,1748
16.3306,1760
16.3333,1764
16.3361,1775
16.3389,1767
16.3417,1760
16.3444,1752
16.3472,1750
16.3500,1754
16.3528,1756
16.3556,1768
16.3583,1776
16.3611,1790
16.3639,1770
16.3667,1751
16.3694,1734
16.3722,1743
16.3750,1743
16.3778,1751
16.3806,1754
16.3833,1761
16.3861,1763
16.3889,1772
16.3917,1768
16.3944,1785
16.3972,1782
16.4000,1776
16.4028,1771
16.4056,1756
16.4083,1751
16.4111,1756
16.4139,1762
16.4167,1769
16.4194,1768
16.4222,1758
16.4250,1750
16.4278,1743
16.4306,1745
16.4333,1751
16.4361,1742
16.4389,1746
16.4417,1751
16.4444,1757
16.4472,1755
16.4500,1747
16.4528,1749
16.4556,1749
16.4583,1738
16.4611,1740
16.4639,1742
16.4667,1745
16.4694,1746
16.4722,1732
16.4750,1724
16.4778,1726
16.4806,1725
16.4833,1726
16.4861,1718
16.4889,1713
16.4917,1715
16.4944,1729
16.4972,1739
16.5000,1746
16.5028,1739
16.5056,1739
16.5083,1743
16.5111,1761
16.5139,1761
16.5167,1763
16.5194,1762
16.5222,1747
16.5250,1734
16.5278,1733
16.5306,1734
16.5333,1727
16.5361,1735
16.5389,1746
16.5417,1746
16.5444,1734
16.5472,1728
16.5500,1734
16.5528,1729
16.5556,1731
16.5583,1734
16.5611,1741
16.5639,1734
16.5667,1728
16.5694,1731
16.5722,1733
16.5750,1745
16.5778,1748
16.5806,1746
16.5833,1734
16.5861,1728
16.5889,1734
16.5917,1740
16.5944,1759
16.5972,1780
16.6000,1786
16.6028,1787
16.6056,1799
16.6083,1813
16.6111,1828
16.6139,1830
16.6167,1841
16.6194,1839
16.6222,1841
16.6250,1836
16.6278,1842
16.6306,1849
16.6333,1859
16.6361,1860
16.6389,1864
16.6417,1857
16.6444,1839
16.6472,1817
16.6500,1787
16.6528,1760
16.6556,1743
16.6583,1732
16.6611,1735
16.6639,1734
16.6667,1721
16.6694,1709
16.6722,1699
16.6750,1694
16.6778,1687
16.6806,1701
16.6833,1708
16.6861,1703
16.6889,1707
16.6917,1699
16.6944,1698
16.6972,1698
16.7000,1698
16.7028,1704
16.7056,1702
16.7083,1707
16.7111,1714
16.7139,1709
16.7167,1703
16.7194,1699
16.7222,1710
16.7250,1716
16.7278,1697
16.7306,1683
16.7333,1689
16.7361,1759
16.7389,1903
16.7417,2098
16.7444,2239
16.7472,2184
16.7500,1962
16.7528,1705
16.7556,1473
16.7583,1303
16.7611,1234
16.7639,1272
16.7667,1425
16.7694,1604
16.7722,1748
16.7750,1848
16.7778,1878
16.7806,1873
16.7833,1836
16.7861,1790
16.7889,1775
16.7917,1777
16.7944,1766
16.7972,1755
16.8000,1724
16.8028,1696
16.8056,1697
16.8083,1685
16.8111,1693
16.8139,1702
16.8167,1715
16.8194,1711
16.8222,1716
16.8250,1711
16.8278,1710
16.8306,1719
16.8333,1730
16.8361,1734
16.8389,1743
16.8417,1734
16.8444,1734
16.8472,1713
16.8500,1720
16.8528,1731
16.8556,1739
16.8583,1738
16.8611,1734
16.8639,1717
16.8667,1720
16.8694,1719
16.8722,1741
16.8750,1749
16.8778,1766
16.8806,1756
16.8833,1764
16.8861,1756
16.8889,1759
16.8917,1773
16.8944,1780
16.8972,1781
16.9000,1776
16.9028,1774
16.9056,1770
16.9083,1779
16.9111,1773
16.9139,1769
16.9167,1775
16.9194,1777
16.9222,1769
16.9250,1763
16.9278,1765
16.9306,1784
16.9333,1797
16.9361,1803
16.9389,1799
16.9417,1795
16.9444,1787
16.9472,1780
16.9500,1785
16.9528,1792
16.9556,1797
16.9583,1805
16.9611,1808
16.9639,1808
16.9667,1797
16.9694,1784
16.9722,1769
16.9750,1776
16.9778,1781
16.9806,1772
16.9833,1755
16.9861,1749
16.9889,1740
16.9917,1742
16.9944,1750
16.9972,1751
17.0000,1756
17.0028,1769
17.0056,1772
17.0083,1751
17.0111,1752
17.0139,1737
17.0167,1752
17.0194,1744
17.0222,1739
17.0250,1743
17.0278,1740
17.0306,1742
17.0333,1750
17.0361,1762
17.0389,1776
17.0417,1783
17.0444,1779
17.0472,1779
17.0500,1776
17.0528,1773
17.0556,1773
17.0583,1779
17.0611,1771
17.0639,1768
17.0667,1773
17.0694,1776
17.0722,1787
17.0750,1787
17.0778,1792
17.0806,1782
17.0833,1778
17.0861,1774
17.0889,1788
17.0917,1799
17.0944,1807
17.0972,1801
17.1000,1801
17.1028,1789
17.1056,1785
17.1083,1781
17.1111,1791
17.1139,1788
17.1167,1784
17.1194,1796
17.1222,1786
17.1250,1774
17.1278,1750
17.1306,1749
17.1333,1754
17.1361,1777
17.1389,1772
17.1417,1770
17.1444,1770
17.1472,1767
17.1500,1762
17.1528,1785
17.1556,1786
17.1583,1795
17.1611,1789
17.1639,1769
17.1667,1767
17.1694,1767
17.1722,1779
17.1750,1789
17.1778,1785
17.1806,1780
17.1833,1770
17.1861,1765
17.1889,1768
17.1917,1771
17.1944,1778
17.1972,1780
17.2000,1777
17.2028,1779
17.2056,1772
17.2083,1774
17.2111,1777
17.2139,1777
17.2167,1775
17.2194,1783
17.2222,1784
17.2250,1777
17.2278,1764
17.2306,1758
17.2333,1755
17.2361,1769
17.2389,1780
17.2417,1785
17.2444,1780
17.2472,1759
17.2500,1750
17.2528,1750
17.2556,1760
17.2583,1770
17.2611,1772
17.2639,1772
17.2667,1771
17.2694,1767
17.2722,1771
17.2750,1784
17.2778,1780
17.2806,1775
17.2833,1766
17.2861,1760
17.2889,1766
17.2917,1761
17.2944,1768
17.2972,1763
17.3000,1754
17.3028,1765
17.3056,1767
17.3083,1788
17.3111,1792
17.3139,1804
17.3167,1821
17.3194,1814
17.3222,1820
17.3250,1817
17.3278,1833
17.3306,1842
17.3333,1855
17.3361,1868
17.3389,1872
17.3417,1871
17.3444,1862
17.3472,1856
17.3500,1856
17.3528,1862
17.3556,1865
17.3583,1867
17.3611,1870
17.3639,1865
17.3667,1864
17.3694,1853
17.3722,1820
17.3750,1792
17.3778,1762
17.3806,1750
17.3833,1741
17.3861,1737
17.3889,1741
17.3917,1737
17.3944,1727
17.3972,1729
17.4000,1729
17.4028,1728
17.4056,1740
17.4083,1741
17.4111,1743
17.4139,1732
17.4167,1737
17.4194,1732
17.4222,1732
17.4250,1744
17.4278,1758
17.4306,1743
17.4333,1724
17.4361,1697
17.4389,1702
17.4417,1720
17.4444,1730
17.4472,1728
17.4500,1720
17.4528,1739
17.4556,1810
17.4583,1948
17.4611,2115
17.4639,2252
17.4667,2169
17.4694,1946
17.4722,1686
17.4750,1466
17.4778,1315
17.4806,1248
17.4833,1316
17.4861,1461
17.4889,1652
17.4917,1790
17.4944,1870
17.4972,1889
17.5000,1873
17.5028,1848
17.5056,1819
17.5083,1799
17.5111,1780
17.5139,1777
17.5167,1763
17.5194,1755
17.5222,1739
17.5250,1723
17.5278,1706
17.5306,1707
17.5333,1715
17.5361,1738
17.5389,1737
17.5417,1724
17.5444,1715
17.5472,1721
17.5500,1734
17.5528,1743
17.5556,1747
17.5583,1735
17.5611,1718
17.5639,1700
17.5667,1697
17.5694,1711
17.5722,1731
17.5750,1741
17.5778,1748
17.5806,1749
17.5833,1745
17.5861,1740
17.5889,1734
17.5917,1743
17.5944,1754
17.5972,1759
17.6000,1763
17.6028,1764
17.6056,1763
17.6083,1759
17.6111,1741
17.6139,1729
17.6167,1731
17.6194,1737
17.6222,1739
17.6250,1738
17.6278,1743
17.6306,1761
17.6333,1771
17.6361,1775
17.6389,1781
17.6417,1770
17.6444,1758
17.6472,1757
17.6500,1769
17.6528,1776
17.6556,1788
17.6583,1783
17.6611,1780
17.6639,1771
17.6667,1769
17.6694,1745
17.6722,1762
17.6750,1770
17.6778,1781
17.6806,1767
17.6833,1750
17.6861,1736
17.6889,1737
17.6917,1745
17.6944,1756
17.6972,1765
17.7000,1761
17.7028,1745
17.7056,1742
17.7083,1731
17.7111,1730
17.7139,1739
17.7167,1726
17.7194,1725
17.7222,1723
17.7250,1709
17.7278,1699
17.7306,1715
17.7333,1727
17.7361,1730
17.7389,1735
17.7417,1732
17.7444,1735
17.7472,1728
17.7500,1707
17.7528,1714
17.7556,1709
17.7583,1702
17.7611,1693
17.7639,1699
17.7667,1712
17.7694,1722
17.7722,1727
17.7750,1742
17.7778,1744
17.7806,1720
17.7833,1709
17.7861,1709
17.7889,1713
17.7917,1726
17.7944,1736
17.7972,1739
17.8000,1743
17.8028,1729
17.8056,1732
17.8083,1734
17.8111,1742
17.8139,1749
17.8167,1752
17.8194,1743
17.8222,1733
17.8250,1736
17.8278,1745
17.8306,1749
17.8333,1759
17.8361,1765
17.8389,1766
17.8417,1756
17.8444,1748
17.8472,1745
17.8500,1750
17.8528,1745
17.8556,1736
17.8583,1739
17.8611,1730
17.8639,1720
17.8667,1731
17.8694,1730
17.8722,1735
17.8750,1746
17.8778,1749
17.8806,1742
17.8833,1730
17.8861,1715
17.8889,1713
17.8917,1725
17.8944,1732
17.8972,1734
17.9000,1725
17.9028,1724
17.9056,1731
17.9083,1729
17.9111,1726
17.9139,1727
17.9167,1727
17.9194,1720
17.9222,1709
17.9250,1711
17.9278,1728
17.9306,1736
17.9333,1720
17.9361,1705
17.9389,1703
17.9417,1702
17.9444,1704
17.9472,1711
17.9500,1714
17.9528,1722
17.9556,1720
17.9583,1717
17.9611,1714
17.9639,1714
17.9667,1709
17.9694,1714
17.9722,1720
17.9750,1724
17.9778,1727
17.9806,1730
17.9833,1729
17.9861,1725
17.9889,1722
17.9917,1722
17.9944,1717
17.9972,1733
18.0000,1732
18.0028,1729
18.0056,1741
18.0083,1748
18.0111,1753
18.0139,1765
18.0167,1781
18.0194,1791
18.0222,1797
18.0250,1790
18.0278,1797
18.0306,1812
18.0333,1834
18.0361,1848
18.0389,1841
18.0417,1827
18.0444,1811
18.0472,1810
18.0500,1797
18.0528,1793
18.0556,1789
18.0583,1779
18.0611,1771
18.0639,1770
18.0667,1751
18.0694,1739
18.0722,1725
18.0750,1719
18.0778,1716
18.0806,1709
18.0833,1704
18.0861,1686
18.0889,1684
18.0917,1689
18.0944,1691
18.0972,1688
18.1000,1705
18.1028,1695
18.1056,1700
18.1083,1709
18.1111,1712
18.1139,1701
18.1167,1695
18.1194,1689
18.1222,1673
18.1250,1660
18.1278,1665
18.1306,1674
18.1333,1694
18.1361,1677
18.1389,1668
18.1417,1654
18.1444,1656
18.1472,1741
18.1500,1879
18.1528,2070
18.1556,2209
18.1583,2162
18.1611,1964
18.1639,1703
18.1667,1480
18.1694,1318
18.1722,1235
18.1750,1265
18.1778,1399
18.1806,1577
18.1833,1734
18.1861,1829
18.1889,1872
18.1917,1862
18.1944,1840
18.1972,1805
18.2000,1787
18.2028,1780
18.2056,1770
18.2083,1751
18.2111,1740
18.2139,1724
18.2167,1715
18.2194,1722
18.2222,1727
18.2250,1731
18.2278,1723
18.2306,1722
18.2333,1724
18.2361,1729
18.2389,1722
18.2417,1720
18.2444,1733
18.2472,1740
18.2500,1739
18.2528,1722
18.2556,1721
18.2583,1715
18.2611,1720
18.2639,1726
18.2667,1735
18.2694,1732
18.2722,1723
18.2750,1723
18.2778,1718
18.2806,1732
18.2833,1734
18.2861,1751
18.2889,1763
18.2917,1749
18.2944,1746
18.2972,1741
18.3000,1745
18.3028,1746
18.3056,1760
18.3083,1761
18.3111,1761
18.3139,1759
18.3167,1763
18.3194,1765
18.3222,1778
18.3250,1767
18.3278,1780
18.3306,1783
18.3333,1783
18.3361,1773
18.3389,1775
18.3417,1780
18.3444,1779
18.3472,1789
18.3500,1792
18.3528,1795
18.3556,1783
18.3583,1782
18.3611,1789
18.3639,1795
18.3667,1796
18.3694,1785
18.3722,1771
18.3750,1761
18.3778,1756
18.3806,1761
18.3833,1759
18.3861,1760
18.3889,1746
18.3917,1736
18.3944,1732
18.3972,1735
18.4000,1734
18.4028,1738
18.4056,1734
18.4083,1733
18.4111,1725
18.4139,1722
18.4167,1711
18.4194,1712
18.4222,1714
18.4250,1721
18.4278,1724
18.4306,1729
18.4333,1719
18.4361,1711
18.4389,1708
18.4417,1713
18.4444,1718
18.4472,1729
18.4500,1734
18.4528,1735
18.4556,1745
18.4583,1743
18.4611,1732
18.4639,1722
18.4667,1729
18.4694,1726
18.4722,1728
18.4750,1716
18.4778,1716
18.4806,1728
18.4833,1730
18.4861,1738
18.4889,1740
18.4917,1744
18.4944,1733
18.4972,1733
18.5000,1733
18.5028,1740
18.5056,1740
18.5083,1755
18.5111,1745
18.5139,1736
18.5167,1730
18.5194,1719
18.5222,1718
18.5250,1731
18.5278,1738
18.5306,1736
18.5333,1743
18.5361,1746
18.5389,1754
18.5417,1729
18.5444,1723
18.5472,1716
18.5500,1718
18.5528,1720
18.5556,1737
18.5583,1731
18.5611,1735
18.5639,1736
18.5667,1743
18.5694,1740
18.5722,1736
18.5750,1742
18.5778,1739
18.5806,1726
18.5833,1726
18.5861,1732
18.5889,1727
18.5917,1731
18.5944,1717
18.5972,1708
18.6000,1711
18.6028,1712
18.6056,1717
18.6083,1726
18.6111,1725
18.6139,1725
18.6167,1719
18.6194,1720
18.6222,1732
18.6250,1739
18.6278,1722
18.6306,1707
18.6333,1710
18.6361,1708
18.6389,1702
18.6417,1708
18.6444,1706
18.6472,1715
18.6500,1730
18.6528,1742
18.6556,1744
18.6583,1734
18.6611,1710
18.6639,1701
18.6667,1691
18.6694,1690
18.6722,1693
18.6750,1702
18.6778,1705
18.6806,1713
18.6833,1719
18.6861,1725
18.6889,1726
18.6917,1723
18.6944,1725
18.6972,1731
18.7000,1724
18.7028,1735
18.7056,1733
18.7083,1742
18.7111,1744
18.7139,1752
18.7167,1773
18.7194,1789
18.7222,1790
18.7250,1784
18.7278,1779
18.7306,1782
18.7333,1791
18.7361,1802
18.7389,1811
18.7417,1809
18.7444,1821
18.7472,1816
18.7500,1804
18.7528,1790
18.7556,1775
18.7583,1774
18.7611,1753
18.7639,1747
18.7667,1745
18.7694,1726
18.7722,1711
18.7750,1700
18.7778,1683
18.7806,1667
18.7833,1663
18.7861,1659
18.7889,1655
18.7917,1657
18.7944,1660
18.7972,1662
18.8000,1675
18.8028,1695
18.8056,1700
18.8083,1697
18.8111,1681
18.8139,1666
18.8167,1663
18.8194,1664
18.8222,1666
18.8250,1665
18.8278,1652
18.8306,1657
18.8333,1677
18.8361,1696
18.8389,1685
18.8417,1665
18.8444,1642
18.8472,1677
18.8500,1804
18.8528,1983
18.8556,2141
18.8583,2147
18.8611,1972
18.8639,1705
18.8667,1458
18.8694,1281
18.8722,1182
18.8750,1192
18.8778,1304
18.8806,1488
18.8833,1654
18.8861,1773
18.8889,1817
18.8917,1821
18.8944,1794
18.8972,1764
18.9000,1750
18.9028,1751
18.9056,1754
18.9083,1743
18.9111,1702
18.9139,1663
18.9167,1640
18.9194,1627
18.9222,1641
18.9250,1659
18.9278,1677
18.9306,1685
18.9333,1662
18.9361,1654
18.9389,1637
18.9417,1642
18.9444,1654
18.9472,1681
18.9500,1701
18.9528,1697
18.9556,1666
18.9583,1650
18.9611,1648
18.9639,1653
18.9667,1656
18.9694,1664
18.9722,1675
18.9750,1665
18.9778,1660
18.9806,1667
18.9833,1673
18.9861,1673
18.9889,1684
18.9917,1688
18.9944,1685
18.9972,1679
19.0000,1681
19.0028,1696
19.0056,1718
19.0083,1724
19.0111,1703
19.0139,1697
19.0167,1681
19.0194,1682
19.0222,1684
19.0250,1709
19.0278,1717
19.0306,1724
19.0333,1716
19.0361,1715
19.0389,1706
19.0417,1713
19.0444,1723
19.0472,1726
19.0500,1738
19.0528,1733
19.0556,1746
19.0583,1745
19.0611,1713
19.0639,1714
19.0667,1726
19.0694,1723
19.0722,1727
19.0750,1716
19.0778,1719
19.0806,1709
19.0833,1715
19.0861,1709
19.0889,1708
19.0917,1694
19.0944,1682
19.0972,1673
19.1000,1664
19.1028,1671
19.1056,1672
19.1083,1678
19.1111,1689
19.1139,1689
19.1167,1669
19.1194,1666
19.1222,1662
19.1250,1670
19.1278,1656
19.1306,1660
19.1333,1653
19.1361,1651
19.1389,1650
19.1417,1663
19.1444,1677
19.1472,1678
19.1500,1684
19.1528,1680
19.1556,1687
19.1583,1690
19.1611,1701
19.1639,1685
19.1667,1671
19.1694,1672
19.1722,1678
19.1750,1677
19.1778,1684
19.1806,1689
19.1833,1695
19.1861,1712
19.1889,1720
19.1917,1721
19.1944,1727
19.1972,1706
19.2000,1709
19.2028,1714
19.2056,1717
19.2083,1729
19.2111,1735
19.2139,1728
19.2167,1731
19.2194,1727
19.2222,1719
19.2250,1710
19.2278,1715
19.2306,1724
19.2333,1734
19.2361,1730
19.2389,1747
19.2417,1756
19.2444,1762
19.2472,1746
19.2500,1733
19.2528,1720
19.2556,1720
19.2583,1732
19.2611,1734
19.2639,1734
19.2667,1739
19.2694,1738
19.2722,1735
19.2750,1732
19.2778,1733
19.2806,1732
19.2833,1741
19.2861,1752
19.2889,1754
19.2917,1751
19.2944,1757
19.2972,1759
19.3000,1752
19.3028,1748
19.3056,1741
19.3083,1755
19.3111,1751
19.3139,1755
19.3167,1751
19.3194,1760
19.3222,1749
19.3250,1751
19.3278,1757
19.3306,1769
19.3333,1770
19.3361,1770
19.3389,1771
19.3417,1761
19.3444,1764
19.3472,1775
19.3500,1788
19.3528,1791
19.3556,1783
19.3583,1775
19.3611,1778
19.3639,1774
19.3667,1777
19.3694,1781
19.3722,1781
19.3750,1776
19.3778,1780
19.3806,1784
19.3833,1815
19.3861,1821
19.3889,1834
19.3917,1831
19.3944,1829
19.3972,1836
19.4000,1851
19.4028,1877
19.4056,1884
19.4083,1890
19.4111,1878
19.4139,1872
19.4167,1857
19.4194,1835
19.4222,1815
19.4250,1804
19.4278,1793
19.4306,1782
19.4333,1775
19.4361,1760
19.4389,1749
19.4417,1746
19.4444,1741
19.4472,1724
19.4500,1694
19.4528,1692
19.4556,1683
19.4583,1680
19.4611,1674
19.4639,1687
19.4667,1687
19.4694,1693
19.4722,1697
19.4750,1698
19.4778,1691
19.4806,1698
19.4833,1690
19.4861,1699
19.4889,1703
19.4917,1687
19.4944,1665
19.4972,1665
19.5000,1672
19.5028,1679
19.5056,1675
19.5083,1658
19.5111,1656
19.5139,1724
19.5167,1858
19.5194,2038
19.5222,2187
19.5250,2138
19.5278,1938
19.5306,1676
19.5333,1461
19.5361,1296
19.5389,1213
19.5417,1244
19.5444,1382
19.5472,1582
19.5500,1731
19.5528,1813
19.5556,1840
19.5583,1843
19.5611,1834
19.5639,1795
19.5667,1766
19.5694,1757
19.5722,1758
19.5750,1757
19.5778,1743
19.5806,1731
19.5833,1712
19.5861,1703
19.5889,1710
19.5917,1727
19.5944,1734
19.5972,1733
19.6000,1720
19.6028,1713
19.6056,1716
19.6083,1729
19.6111,1738
19.6139,1745
19.6167,1739
19.6194,1733
19.6222,1727
19.6250,1720
19.6278,1722
19.6306,1740
19.6333,1750
19.6361,1758
19.6389,1754
19.6417,1753
19.6444,1755
19.6472,1753
19.6500,1778
19.6528,1785
19.6556,1787
19.6583,1763
19.6611,1747
19.6639,1727
19.6667,1737
19.6694,1758
19.6722,1766
19.6750,1786
19.6778,1779
19.6806,1778
19.6833,1781
19.6861,1775
19.6889,1772
19.6917,1775
19.6944,1783
19.6972,1790
19.7000,1787
19.7028,1798
19.7056,1805
19.7083,1811
19.7111,1811
19.7139,1819
19.7167,1820
19.7194,1824
19.7222,1831
19.7250,1822
19.7278,1809
19.7306,1815
19.7333,1824
19.7361,1822
19.7389,1813
19.7417,1793
19.7444,1790
19.7472,1793
19.7500,1793
19.7528,1800
19.7556,1795
19.7583,1787
19.7611,1770
19.7639,1770
19.7667,1776
19.7694,1766
19.7722,1775
19.7750,1781
19.7778,1768
19.7806,1750
19.7833,1731
19.7861,1726
19.7889,1740
19.7917,1755
19.7944,1756
19.7972,1768
19.8000,1765
19.8028,1765
19.8056,1760
19.8083,1760
19.8111,1751
19.8139,1755
19.8167,1757
19.8194,1757
19.8222,1755
19.8250,1750
19.8278,1752
19.8306,1757
19.8333,1760
19.8361,1768
19.8389,1767
19.8417,1766
19.8444,1768
19.8472,1764
19.8500,1759
19.8528,1757
19.8556,1762
19.8583,1765
19.8611,1763
19.8639,1767
19.8667,1778
19.8694,1785
19.8722,1785
19.8750,1779
19.8778,1779
19.8806,1780
19.8833,1780
19.8861,1779
19.8889,1760
19.8917,1757
19.8944,1755
19.8972,1758
19.9000,1761
19.9028,1749
19.9056,1751
19.9083,1755
19.9111,1758
19.9139,1763
19.9167,1767
19.9194,1771
19.9222,1770
19.9250,1771
19.9278,1768
19.9306,1763
19.9333,1762
19.9361,1760
19.9389,1747
19.9417,1734
19.9444,1735
19.9472,1734
19.9500,1742
19.9528,1751
19.9556,1768
19.9583,1776
19.9611,1779
19.9639,1772
19.9667,1745
19.9694,1750
19.9722,1755
19.9750,1765
19.9778,1785
19.9806,1794
19.9833,1794
19.9861,1797
19.9889,1817
19.9917,1828
19.9944,1825
19.9972,1813
20.0000,1816
20.0028,1810
20.0056,1823
20.0083,1845
20.0111,1854
20.0139,1863
20.0167,1870
20.0194,1871
20.0222,1858
20.0250,1841
20.0278,1837
20.0306,1826
20.0333,1810
20.0361,1777
20.0389,1761
20.0417,1745
20.0444,1728
20.0472,1736
20.0500,1742
20.0528,1728
20.0556,1733
20.0583,1723
20.0611,1716
20.0639,1698
20.0667,1692
20.0694,1702
20.0722,1709
20.0750,1710
20.0778,1704
20.0806,1707
20.0833,1698
20.0861,1708
20.0889,1721
20.0917,1730
20.0944,1721
20.0972,1721
20.1000,1711
20.1028,1693
20.1056,1689
20.1083,1702
20.1111,1705
20.1139,1704
20.1167,1694
20.1194,1693
20.1222,1756
20.1250,1881
20.1278,2059
20.1306,2209
20.1333,2176
20.1361,1974
20.1389,1716
20.1417,1495
20.1444,1324
20.1472,1227
20.1500,1234
20.1528,1361
20.1556,1538
20.1583,1710
20.1611,1824
20.1639,1884
20.1667,1899
20.1694,1880
20.1722,1849
20.1750,1829
20.1778,1811
20.1806,1798
20.1833,1795
20.1861,1781
20.1889,1758
20.1917,1750
20.1944,1748
20.1972,1753
20.2000,1759
20.2028,1764
20.2056,1760
20.2083,1749
20.2111,1752
20.2139,1735
20.2167,1734
20.2194,1745
20.2222,1746
20.2250,1750
20.2278,1745
20.2306,1751
20.2333,1760
20.2361,1770
20.2389,1760
20.2417,1738
20.2444,1717
20.2472,1703
20.2500,1706
20.2528,1727
20.2556,1738
20.2583,1751
20.2611,1766
20.2639,1765
20.2667,1767
20.2694,1755
20.2722,1747
20.2750,1739
20.2778,1740
20.2806,1755
20.2833,1761
20.2861,1773
20.2889,1776
20.2917,1779
20.2944,1789
20.2972,1803
20.3000,1803
20.3028,1799
20.3056,1794
20.3083,1787
20.3111,1795
20.3139,1804
20.3167,1813
20.3194,1818
20.3222,1810
20.3250,1817
20.3278,1826
20.3306,1843
20.3333,1845
20.3361,1805
20.3389,1806
20.3417,1814
20.3444,1812
20.3472,1803
20.3500,1798
20.3528,1811
20.3556,1817
20.3583,1802
20.3611,1777
20.3639,1754
20.3667,1743
20.3694,1737
20.3722,1752
20.3750,1755
20.3778,1754
20.3806,1754
20.3833,1748
20.3861,1748
20.3889,1739
20.3917,1724
20.3944,1728
20.3972,1728
20.4000,1746
20.4028,1757
20.4056,1750
20.4083,1742
20.4111,1744
20.4139,1745
20.4167,1749
20.4194,1753
20.4222,1754
20.4250,1758
20.4278,1751
20.4306,1742
20.4333,1731
20.4361,1736
20.4389,1740
20.4417,1757
20.4444,1761
20.4472,1751
20.4500,1743
20.4528,1740
20.4556,1747
20.4583,1754
20.4611,1760
20.4639,1749
20.4667,1734
20.4694,1726
20.4722,1720
20.4750,1724
20.4778,1733
20.4806,1741
20.4833,1742
20.4861,1755
20.4889,1765
20.4917,1761
20.4944,1747
20.4972,1732
20.5000,1741
20.5028,1747
20.5056,1746
20.5083,1730
20.5111,1721
20.5139,1706
20.5167,1706
20.5194,1711
20.5222,1729
20.5250,1733
20.5278,1731
20.5306,1723
20.5333,1708
20.5361,1705
20.5389,1706
20.5417,1710
20.5444,1706
20.5472,1703
20.5500,1706
20.5528,1698
20.5556,1699
20.5583,1713
20.5611,1704
20.5639,1711
20.5667,1710
20.5694,1706
20.5722,1698
20.5750,1701
20.5778,1691
20.5806,1707
20.5833,1725
20.5861,1756
20.5889,1759
20.5917,1746
20.5944,1741
20.5972,1741
20.6000,1751
20.6028,1761
20.6056,1779
20.6083,1777
20.6111,1776
20.6139,1787
20.6167,1801
20.6194,1821
20.6222,1823
20.6250,1823
20.6278,1796
20.6306,1773
20.6333,1756
20.6361,1755
20.6389,1745
20.6417,1722
20.6444,1699
20.6472,1685
20.6500,1675
20.6528,1671
20.6556,1672
20.6583,1677
20.6611,1676
20.6639,1658
20.6667,1623
20.6694,1607
20.6722,1606
20.6750,1620
20.6778,1637
20.6806,1639
20.6833,1649
20.6861,1639
20.6889,1652
20.6917,1641
20.6944,1636
20.6972,1629
20.7000,1636
20.7028,1630
20.7056,1640
20.7083,1634
20.7111,1633
20.7139,1643
20.7167,1659
20.7194,1658
20.7222,1635
20.7250,1617
20.7278,1628
20.7306,1700
20.7333,1841
20.7361,1994
20.7389,1997
20.7417,1790
20.7444,1534
20.7472,1325
20.7500,1210
20.7528,1162
20.7556,1183
20.7583,1269
20.7611,1426
20.7639,1607
20.7667,1744
20.7694,1823
20.7722,1836
20.7750,1816
20.7778,1786
20.7806,1744
20.7833,1736
20.7861,1727
20.7889,1720
20.7917,1696
20.7944,1673
20.7972,1659
20.8000,1645
20.8028,1643
20.8056,1666
20.8083,1678
20.8111,1683
20.8139,1681
20.8167,1672
20.8194,1670
20.8222,1679
20.8250,1694
20.8278,1696
20.8306,1691
20.8333,1675
20.8361,1664
20.8389,1657
20.8417,1654
20.8444,1678
20.8472,1688
20.8500,1689
20.8528,1674
20.8556,1668
20.8583,1668
20.8611,1674
20.8639,1686
20.8667,1700
20.8694,1715
20.8722,1712
20.8750,1723
20.8778,1717
20.8806,1724
20.8833,1733
20.8861,1737
20.8889,1746
20.8917,1738
20.8944,1731
20.8972,1715
20.9000,1694
20.9028,1707
20.9056,1723
20.9083,1733
20.9111,1744
20.9139,1737
20.9167,1746
20.9194,1740
20.9222,1741
20.9250,1755
20.9278,1775
20.9306,1772
20.9333,1767
20.9361,1763
20.9389,1756
20.9417,1776
20.9444,1781
20.9472,1761
20.9500,1750
20.9528,1750
20.9556,1764
20.9583,1770
20.9611,1757
20.9639,1723
20.9667,1708
20.9694,1700
20.9722,1703
20.9750,1711
20.9778,1709
20.9806,1718
20.9833,1725
20.9861,1726
20.9889,1729
20.9917,1714
20.9944,1707
20.9972,1696
21.0000,1698
21.0028,1698
21.0056,1709
21.0083,1704
21.0111,1705
21.0139,1708
21.0167,1705
21.0194,1711
21.0222,1724
21.0250,1733
21.0278,1756
21.0306,1767
21.0333,1755
21.0361,1739
21.0389,1720
21.0417,1721
21.0444,1726
21.0472,1727
21.0500,1722
21.0528,1729
21.0556,1740
21.0583,1751
21.0611,1770
21.0639,1779
21.0667,1764
21.0694,1745
21.0722,1722
21.0750,1709
21.0778,1701
21.0806,1713
21.0833,1723
21.0861,1733
21.0889,1728
21.0917,1730
21.0944,1741
21.0972,1758
21.1000,1773
21.1028,1778
21.1056,1762
21.1083,1742
21.1111,1729
21.1139,1727
21.1167,1721
21.1194,1730
21.1222,1738
21.1250,1758
21.1278,1764
21.1306,1763
21.1333,1755
21.1361,1736
21.1389,1722
21.1417,1717
21.1444,1714
21.1472,1722
21.1500,1737
21.1528,1736
21.1556,1749
21.1583,1749
21.1611,1745
21.1639,1749
21.1667,1734
21.1694,1726
21.1722,1727
21.1750,1743
21.1778,1754
21.1806,1744
21.1833,1727
21.1861,1721
21.1889,1721
21.1917,1719
21.1944,1715
21.1972,1710
21.2000,1720
21.2028,1724
21.2056,1730
21.2083,1728
21.2111,1737
21.2139,1749
21.2167,1765
21.2194,1773
21.2222,1780
21.2250,1790
21.2278,1793
21.2306,1788
21.2333,1785
21.2361,1786
21.2389,1790
21.2417,1796
21.2444,1813
21.2472,1828
21.2500,1838
21.2528,1843
21.2556,1841
21.2583,1836
21.2611,1832
21.2639,1842
21.2667,1854
21.2694,1876
21.2722,1884
21.2750,1879
21.2778,1865
21.2806,1848
21.2833,1832
21.2861,1817
21.2889,1806
21.2917,1805
21.2944,1800
21.2972,1799
21.3000,1773
21.3028,1750
21.3056,1736
21.3083,1731
21.3111,1734
21.3139,1721
21.3167,1711
21.3194,1710
21.3222,1707
21.3250,1701
21.3278,1703
21.3306,1704
21.3333,1708
21.3361,1702
21.3389,1708
21.3417,1711
21.3444,1707
21.3472,1706
21.3500,1701
21.3528,1698
21.3556,1697
21.3583,1702
21.3611,1703
21.3639,1713
21.3667,1707
21.3694,1691
21.3722,1670
21.3750,1649
21.3778,1688
21.3806,1789
21.3833,1951
21.3861,2099
21.3889,2056
21.3917,1828
21.3944,1560
21.3972,1346
21.4000,1259
21.4028,1244
21.4056,1295
21.4083,1410
21.4111,1571
21.4139,1719
21.4167,1834
21.4194,1893
21.4222,1883
21.4250,1862
21.4278,1822
21.4306,1809
21.4333,1807
21.4361,1798
21.4389,1805
21.4417,1787
21.4444,1776
21.4472,1771
21.4500,1781
21.4528,1786
21.4556,1767
21.4583,1757
21.4611,1746
21.4639,1731
21.4667,1717
21.4694,1715
21.4722,1724
21.4750,1739
21.4778,1757
21.4806,1759
21.4833,1757
21.4861,1739
21.4889,1739
21.4917,1745
21.4944,1753
21.4972,1762
21.5000,1758
21.5028,1749
21.5056,1752
21.5083,1752
21.5111,1770
21.5139,1779
21.5167,1783
21.5194,1802
21.5222,1787
21.5250,1765
21.5278,1767
21.5306,1768
21.5333,1775
21.5361,1796
21.5389,1794
21.5417,1798
21.5444,1809
21.5472,1811
21.5500,1827
21.5528,1818
21.5556,1808
21.5583,1804
21.5611,1805
21.5639,1820
21.5667,1819
21.5694,1812
21.5722,1818
21.5750,1828
21.5778,1834
21.5806,1831
21.5833,1837
21.5861,1835
21.5889,1840
21.5917,1819
21.5944,1814
21.5972,1824
21.6000,1810
21.6028,1791
21.6056,1776
21.6083,1778
21.6111,1787
21.6139,1795
21.6167,1798
21.6194,1784
21.6222,1772
21.6250,1773
21.6278,1781
21.6306,1777
21.6333,1776
21.6361,1765
21.6389,1750
21.6417,1728
21.6444,1732
21.6472,1732
21.6500,1740
21.6528,1754
21.6556,1769
21.6583,1773
21.6611,1764
21.6639,1746
21.6667,1740
21.6694,1730
21.6722,1729
21.6750,1745
21.6778,1748
21.6806,1753
21.6833,1755
21.6861,1749
21.6889,1735
21.6917,1734
21.6944,1736
21.6972,1746
21.7000,1742
21.7028,1746
21.7056,1742
21.7083,1746
21.7111,1743
21.7139,1752
21.7167,1755
21.7194,1764
21.7222,1770
21.7250,1772
21.7278,1769
21.7306,1779
21.7333,1777
21.7361,1771
21.7389,1743
21.7417,1730
21.7444,1729
21.7472,1737
21.7500,1743
21.7528,1744
21.7556,1747
21.7583,1748
21.7611,1756
21.7639,1757
21.7667,1761
21.7694,1771
21.7722,1759
21.7750,1751
21.7778,1751
21.7806,1757
21.7833,1746
21.7861,1738
21.7889,1741
21.7917,1749
21.7944,1743
21.7972,1755
21.8000,1763
21.8028,1757
21.8056,1750
21.8083,1745
21.8111,1754
21.8139,1744
21.8167,1752
21.8194,1752
21.8222,1759
21.8250,1753
21.8278,1753
21.8306,1758
21.8333,1749
21.8361,1758
21.8389,1759
21.8417,1759
21.8444,1731
21.8472,1712
21.8500,1714
21.8528,1723
21.8556,1731
21.8583,1737
21.8611,1735
21.8639,1740
21.8667,1735
21.8694,1740
21.8722,1735
21.8750,1730
21.8778,1734
21.8806,1738
21.8833,1737
21.8861,1741
21.8889,1749
21.8917,1753
21.8944,1749
21.8972,1755
21.9000,1745
21.9028,1742
21.9056,1731
21.9083,1737
21.9111,1756
21.9139,1764
21.9167,1758
21.9194,1751
21.9222,1740
21.9250,1745
21.9278,1755
21.9306,1755
21.9333,1748
21.9361,1741
21.9389,1738
21.9417,1743
21.9444,1753
21.9472,1771
21.9500,1782
21.9528,1782
21.9556,1802
21.9583,1817
21.9611,1835
21.9639,1849
21.9667,1851
21.9694,1861
21.9722,1858
21.9750,1881
21.9778,1881
21.9806,1884
21.9833,1879
21.9861,1865
21.9889,1849
21.9917,1830
21.9944,1822
21.9972,1820
22.0000,1803
22.0028,1798
22.0056,1789
22.0083,1770
22.0111,1777
22.0139,1766
22.0167,1758
22.0194,1734
22.0222,1715
22.0250,1697
22.0278,1707
22.0306,1708
22.0333,1708
22.0361,1706
22.0389,1702
22.0417,1698
22.0444,1705
22.0472,1709
22.0500,1713
22.0528,1720
22.0556,1724
22.0583,1734
22.0611,1726
22.0639,1706
22.0667,1688
22.0694,1679
22.0722,1693
22.0750,1727
22.0778,1742
22.0806,1743
22.0833,1736
22.0861,1724
22.0889,1792
22.0917,1945
22.0944,2163
22.0972,2353
22.1000,2350
22.1028,2154
22.1056,1913
22.1083,1662
22.1111,1459
22.1139,1343
22.1167,1336
22.1194,1441
22.1222,1589
22.1250,1717
22.1278,1791
22.1306,1832
22.1333,1843
22.1361,1821
22.1389,1790
22.1417,1775
22.1444,1766
22.1472,1751
22.1500,1739
22.1528,1731
22.1556,1724
22.1583,1719
22.1611,1718
22.1639,1722
22.1667,1711
22.1694,1706
22.1722,1693
22.1750,1688
22.1778,1679
22.1806,1682
22.1833,1693
22.1861,1713
22.1889,1725
22.1917,1727
22.1944,1735
22.1972,1710
22.2000,1692
22.2028,1695
22.2056,1714
22.2083,1720
22.2111,1720
22.2139,1719
22.2167,1711
22.2194,1708
22.2222,1715
22.2250,1724
22.2278,1734
22.2306,1750
22.2333,1758
22.2361,1749
22.2389,1749
22.2417,1743
22.2444,1751
22.2472,1756
22.2500,1759
22.2528,1756
22.2556,1751
22.2583,1755
22.2611,1754
22.2639,1751
22.2667,1751
22.2694,1755
22.2722,1762
22.2750,1762
22.2778,1757
22.2806,1758
22.2833,1764
22.2861,1783
22.2889,1796
22.2917,1807
22.2944,1801
22.2972,1784
22.3000,1776
22.3028,1807
22.3056,1816
22.3083,1812
22.3111,1809
22.3139,1796
22.3167,1782
22.3194,1769
22.3222,1781
22.3250,1783
22.3278,1784
22.3306,1795
22.3333,1792
22.3361,1780
22.3389,1768
22.3417,1774
22.3444,1774
22.3472,1784
22.3500,1781
22.3528,1781
22.3556,1772
22.3583,1771
22.3611,1759
22.3639,1757
22.3667,1757
22.3694,1756
22.3722,1753
22.3750,1746
22.3778,1733
22.3806,1733
22.3833,1743
22.3861,1750
22.3889,1759
22.3917,1759
22.3944,1770
22.3972,1768
22.4000,1758
22.4028,1741
22.4056,1743
22.4083,1737
22.4111,1739
22.4139,1742
22.4167,1734
22.4194,1736
22.4222,1749
22.4250,1761
22.4278,1767
22.4306,1786
22.4333,1782
22.4361,1790
22.4389,1791
22.4417,1776
22.4444,1777
22.4472,1776
22.4500,1780
22.4528,1785
22.4556,1785
22.4583,1769
22.4611,1770
22.4639,1771
22.4667,1765
22.4694,1776
22.4722,1772
22.4750,1771
22.4778,1762
22.4806,1775
22.4833,1783
22.4861,1781
22.4889,1776
22.4917,1784
22.4944,1798
22.4972,1808
22.5000,1798
22.5028,1770
22.5056,1757
22.5083,1762
22.5111,1760
22.5139,1759
22.5167,1763
22.5194,1748
22.5222,1742
22.5250,1750
22.5278,1760
22.5306,1757
22.5333,1751
22.5361,1747
22.5389,1733
22.5417,1738
22.5444,1754
22.5472,1760
22.5500,1767
22.5528,1762
22.5556,1762
22.5583,1753
22.5611,1756
22.5639,1746
22.5667,1741
22.5694,1743
22.5722,1738
22.5750,1734
22.5778,1730
22.5806,1736
22.5833,1734
22.5861,1742
22.5889,1743
22.5917,1744
22.5944,1750
22.5972,1744
22.6000,1734
22.6028,1743
22.6056,1747
22.6083,1743
22.6111,1750
22.6139,1752
22.6167,1750
22.6194,1747
22.6222,1734
22.6250,1732
22.6278,1728
22.6306,1727
22.6333,1716
22.6361,1712
22.6389,1713
22.6417,1716
22.6444,1728
22.6472,1741
22.6500,1757
22.6528,1751
22.6556,1735
22.6583,1729
22.6611,1721
22.6639,1723
22.6667,1736
22.6694,1743
22.6722,1756
22.6750,1750
22.6778,1748
22.6806,1742
22.6833,1752
22.6861,1750
22.6889,1751
22.6917,1737
22.6944,1735
22.6972,1727
22.7000,1734
22.7028,1747
22.7056,1768
22.7083,1766
22.7111,1743
22.7139,1739
22.7167,1730
22.7194,1738
22.7222,1746
22.7250,1758
22.7278,1765
22.7306,1760
22.7333,1759
22.7361,1758
22.7389,1753
22.7417,1762
22.7444,1756
22.7472,1763
22.7500,1764
22.7528,1754
22.7556,1763
22.7583,1763
22.7611,1759
22.7639,1753
22.7667,1755
22.7694,1760
22.7722,1767
22.7750,1759
22.7778,1765
22.7806,1761
22.7833,1750
22.7861,1764
22.7889,1763
22.7917,1773
22.7944,1773
22.7972,1763
22.8000,1766
22.8028,1765
22.8056,1776
22.8083,1777
22.8111,1772
22.8139,1773
22.8167,1762
22.8194,1755
22.8222,1734
22.8250,1727
22.8278,1724
22.8306,1729
22.8333,1734
22.8361,1747
22.8389,1744
22.8417,1747
22.8444,1745
22.8472,1752
22.8500,1749
22.8528,1749
22.8556,1749
22.8583,1745
22.8611,1750
22.8639,1751
22.8667,1755
22.8694,1768
22.8722,1757
22.8750,1755
22.8778,1750
22.8806,1752
22.8833,1765
22.8861,1755
22.8889,1759
22.8917,1756
22.8944,1765
22.8972,1762
22.9000,1763
22.9028,1759
22.9056,1760
22.9083,1754
22.9111,1746
22.9139,1745
22.9167,1755
22.9194,1760
22.9222,1753
22.9250,1754
22.9278,1748
22.9306,1739
22.9333,1759
22.9361,1764
22.9389,1774
22.9417,1780
22.9444,1779
22.9472,1786
22.9500,1794
22.9528,1791
22.9556,1787
22.9583,1778
22.9611,1781
22.9639,1780
22.9667,1776
22.9694,1785
22.9722,1776
22.9750,1784
22.9778,1793
22.9806,1817
22.9833,1837
22.9861,1835
22.9889,1822
22.9917,1797
22.9944,1787
22.9972,1769
23.0000,1771
23.0028,1768
23.0056,1757
23.0083,1761
23.0111,1754
23.0139,1746
23.0167,1739
23.0194,1739
23.0222,1744
23.0250,1757
23.0278,1759
23.0306,1746
23.0333,1745
23.0361,1732
23.0389,1732
23.0417,1741
23.0444,1743
23.0472,1745
23.0500,1745
23.0528,1759
23.0556,1747
23.0583,1753
23.0611,1767
23.0639,1764
23.0667,1745
23.0694,1726
23.0722,1742
23.0750,1836
23.0778,2005
23.0806,2218
23.0833,2381
23.0861,2323
23.0889,2121
23.0917,1888
23.0944,1668
23.0972,1515
23.1000,1453
23.1028,1494
23.1056,1594
23.1083,1702
23.1111,1770
23.1139,1820
23.1167,1845
23.1194,1842
23.1222,1825
23.1250,1807
23.1278,1795
23.1306,1789
23.1333,1774
23.1361,1751
23.1389,1748
23.1417,1745
23.1444,1750
23.1472,1745
23.1500,1736
23.1528,1744
23.1556,1736
23.1583,1720
23.1611,1702
23.1639,1699
23.1667,1712
23.1694,1726
23.1722,1741
23.1750,1755
23.1778,1754
23.1806,1742
23.1833,1729
23.1861,1731
23.1889,1732
23.1917,1743
23.1944,1758
23.1972,1751
23.2000,1744
23.2028,1733
23.2056,1731
23.2083,1754
23.2111,1764
23.2139,1774
23.2167,1773
23.2194,1743
23.2222,1714
23.2250,1709
23.2278,1712
23.2306,1733
23.2333,1752
23.2361,1760
23.2389,1764
23.2417,1758
23.2444,1740
23.2472,1742
23.2500,1753
23.2528,1768
23.2556,1780
23.2583,1773
23.2611,1779
23.2639,1765
23.2667,1763
23.2694,1778
23.2722,1783
23.2750,1796
23.2778,1786
23.2806,1786
23.2833,1778
23.2861,1777
23.2889,1824
23.2917,1829
23.2944,1833
23.2972,1822
23.3000,1822
23.3028,1820
23.3056,1817
23.3083,1809
23.3111,1807
23.3139,1803
23.3167,1800
23.3194,1800
23.3222,1790
23.3250,1793
23.3278,1796
23.3306,1797
23.3333,1796
23.3361,1790
23.3389,1786
23.3417,1781
23.3444,1781
23.3472,1783
23.3500,1785
23.3528,1788
23.3556,1790
23.3583,1778
23.3611,1764
23.3639,1770
23.3667,1769
23.3694,1779
23.3722,1795
23.3750,1801
23.3778,1802
23.3806,1788
23.3833,1783
23.3861,1773
23.3889,1779
23.3917,1780
23.3944,1784
23.3972,1771
23.4000,1765
23.4028,1767
23.4056,1777
23.4083,1771
23.4111,1780
23.4139,1798
23.4167,1798
23.4194,1796
23.4222,1792
23.4250,1778
23.4278,1777
23.4306,1792
23.4333,1803
23.4361,1799
23.4389,1800
23.4417,1797
23.4444,1810
23.4472,1818
23.4500,1821
23.4528,1810
23.4556,1796
23.4583,1793
23.4611,1798
23.4639,1795
23.4667,1800
23.4694,1807
23.4722,1820
23.4750,1821
23.4778,1817
23.4806,1809
23.4833,1803
23.4861,1792
23.4889,1799
23.4917,1800
23.4944,1809
23.4972,1811
23.5000,1803
23.5028,1799
23.5056,1788
23.5083,1782
23.5111,1775
23.5139,1775
23.5167,1784
23.5194,1786
23.5222,1789
23.5250,1774
23.5278,1773
23.5306,1785
23.5333,1794
23.5361,1784
23.5389,1781
23.5417,1750
23.5444,1735
23.5472,1735
23.5500,1750
23.5528,1755
23.5556,1768
23.5583,1769
23.5611,1768
23.5639,1767
23.5667,1764
23.5694,1761
23.5722,1773
23.5750,1771
23.5778,1766
23.5806,1776
23.5833,1768
23.5861,1768
23.5889,1763
23.5917,1763
23.5944,1765
23.5972,1767
23.6000,1768
23.6028,1773
23.6056,1773
23.6083,1776
23.6111,1777
23.6139,1781
23.6167,1780
23.6194,1774
23.6222,1770
23.6250,1767
23.6278,1777
23.6306,1783
23.6333,1785
23.6361,1784
23.6389,1783
23.6417,1767
23.6444,1770
23.6472,1766
23.6500,1767
23.6528,1775
23.6556,1784
23.6583,1788
23.6611,1785
23.6639,1787
23.6667,1792
23.6694,1793
23.6722,1782
23.6750,1791
23.6778,1778
23.6806,1775
23.6833,1777
23.6861,1782
23.6889,1785
23.6917,1790
23.6944,1783
23.6972,1769
23.7000,1765
23.7028,1767
23.7056,1776
23.7083,1772
23.7111,1764
23.7139,1749
23.7167,1752
23.7194,1754
23.7222,1763
23.7250,1772
23.7278,1762
23.7306,1740
23.7333,1732
23.7361,1734
23.7389,1746
23.7417,1751
23.7444,1740
23.7472,1736
23.7500,1737
23.7528,1740
23.7556,1740
23.7583,1737
23.7611,1735
23.7639,1736
23.7667,1724
23.7694,1732
23.7722,1737
23.7750,1727
23.7778,1720
23.7806,1714
23.7833,1711
23.7861,1717
23.7889,1721
23.7917,1731
23.7944,1740
23.7972,1739
23.8000,1746
23.8028,1735
23.8056,1721
23.8083,1711
23.8111,1689
23.8139,1687
23.8167,1684
23.8194,1684
23.8222,1688
23.8250,1694
23.8278,1712
23.8306,1705
23.8333,1700
23.8361,1703
23.8389,1715
23.8417,1714
23.8444,1705
23.8472,1711
23.8500,1718
23.8528,1733
23.8556,1726
23.8583,1705
23.8611,1698
23.8639,1700
23.8667,1714
23.8694,1737
23.8722,1757
23.8750,1782
23.8778,1769
23.8806,1766
23.8833,1755
23.8861,1738
23.8889,1720
23.8917,1715
23.8944,1725
23.8972,1749
23.9000,1762
23.9028,1774
23.9056,1774
23.9083,1776
23.9111,1784
23.9139,1767
23.9167,1751
23.9194,1723
23.9222,1695
23.9250,1672
23.9278,1665
23.9306,1664
23.9333,1666
23.9361,1663
23.9389,1660
23.9417,1676
23.9444,1668
23.9472,1677
23.9500,1689
23.9528,1695
23.9556,1676
23.9583,1645
23.9611,1637
23.9639,1646
23.9667,1659
23.9694,1659
23.9722,1662
23.9750,1656
23.9778,1653
23.9806,1640
23.9833,1629
23.9861,1638
23.9889,1650
23.9917,1641
23.9944,1628
23.9972,1616
24.0000,1627
24.0028,1703
24.0056,1860
24.0083,2041
24.0111,2104
24.0139,1965
24.0167,1726
24.0194,1495
24.0222,1347
24.0250,1247
24.0278,1238
24.0306,1316
24.0333,1482
24.0361,1641
24.0389,1761
24.0417,1813
24.0444,1809
24.0472,1775
24.0500,1745
24.0528,1726
24.0556,1704
24.0583,1706
24.0611,1694
24.0639,1681
24.0667,1676
24.0694,1675
24.0722,1670
24.0750,1654
24.0778,1650
24.0806,1645
24.0833,1638
24.0861,1636
24.0889,1636
24.0917,1622
24.0944,1635
24.0972,1642
24.1000,1659
24.1028,1661
24.1056,1652
24.1083,1645
24.1111,1640
24.1139,1636
24.1167,1648
24.1194,1655
24.1222,1664
24.1250,1665
24.1278,1667
24.1306,1662
24.1333,1650
24.1361,1649
24.1389,1645
24.1417,1648
24.1444,1660
24.1472,1664
24.1500,1666
24.1528,1666
24.1556,1675
24.1583,1703
24.1611,1710
24.1639,1704
24.1667,1681
24.1694,1666
24.1722,1665
24.1750,1680
24.1778,1689
24.1806,1698
24.1833,1708
24.1861,1712
24.1889,1702
24.1917,1693
24.1944,1701
24.1972,1718
24.2000,1736
24.2028,1736
24.2056,1720
24.2083,1718
24.2111,1702
24.2139,1764
24.2167,1768
24.2194,1769
24.2222,1772
24.2250,1761
24.2278,1759
24.2306,1754
24.2333,1740
24.2361,1732
24.2389,1731
24.2417,1739
24.2444,1750
24.2472,1753
24.2500,1747
24.2528,1729
24.2556,1726
24.2583,1727
24.2611,1719
24.2639,1714
24.2667,1713
24.2694,1710
24.2722,1699
24.2750,1706
24.2778,1712
24.2806,1725
24.2833,1712
24.2861,1705
24.2889,1694
24.2917,1690
24.2944,1686
24.2972,1709
24.3000,1707
24.3028,1711
24.3056,1711
24.3083,1714
24.3111,1719
24.3139,1723
24.3167,1722
24.3194,1720
24.3222,1726
24.3250,1725
24.3278,1724
24.3306,1729
24.3333,1733
24.3361,1728
24.3389,1740
24.3417,1748
24.3444,1766
24.3472,1777
24.3500,1773
24.3528,1758
24.3556,1745
24.3583,1740
24.3611,1741
24.3639,1736
24.3667,1731
24.3694,1735
24.3722,1736
24.3750,1752
24.3778,1758
24.3806,1765
24.3833,1766
24.3861,1756
24.3889,1762
24.3917,1777
24.3944,1793
24.3972,1803
24.4000,1797
24.4028,1791
24.4056,1775
24.4083,1775
24.4111,1757
24.4139,1750
24.4167,1754
24.4194,1752
24.4222,1753
24.4250,1765
24.4278,1764
24.4306,1765
24.4333,1771
24.4361,1777
24.4389,1773
24.4417,1771
24.4444,1755
24.4472,1754
24.4500,1759
24.4528,1751
24.4556,1760
24.4583,1754
24.4611,1764
24.4639,1760
24.4667,1754
24.4694,1755
24.4722,1757
24.4750,1760
24.4778,1765
24.4806,1762
24.4833,1775
24.4861,1770
24.4889,1767
24.4917,1758
24.4944,1764
24.4972,1761
24.5000,1762
24.5028,1764
24.5056,1770
24.5083,1769
24.5111,1749
24.5139,1740
24.5167,1736
24.5194,1739
24.5222,1744
24.5250,1731
24.5278,1730
24.5306,1731
24.5333,1739
24.5361,1748
24.5389,1760
24.5417,1755
24.5444,1772
24.5472,1778
24.5500,1757
24.5528,1734
24.5556,1725
24.5583,1722
24.5611,1728
24.5639,1731
24.5667,1730
24.5694,1728
24.5722,1721
24.5750,1721
24.5778,1726
24.5806,1721
24.5833,1733
24.5861,1749
24.5889,1755
24.5917,1755
24.5944,1754
24.5972,1756
24.6000,1754
24.6028,1755
24.6056,1766
24.6083,1775
24.6111,1777
24.6139,1782
24.6167,1798
24.6194,1817
24.6222,1817
24.6250,1817
24.6278,1811
24.6306,1803
24.6333,1814
24.6361,1844
24.6389,1860
24.6417,1865
24.6444,1859
24.6472,1844
24.6500,1832
24.6528,1824
24.6556,1808
24.6583,1779
24.6611,1769
24.6639,1748
24.6667,1736
24.6694,1734
24.6722,1726
24.6750,1729
24.6778,1739
24.6806,1737
24.6833,1735
24.6861,1718
24.6889,1707
24.6917,1709
24.6944,1692
24.6972,1688
24.7000,1691
24.7028,1694
24.7056,1716
24.7083,1722
24.7111,1718
24.7139,1720
24.7167,1721
24.7194,1727
24.7222,1722
24.7250,1716
24.7278,1699
24.7306,1689
24.7333,1710
24.7361,1724
24.7389,1726
24.7417,1706
24.7444,1660
24.7472,1664
24.7500,1743
24.7528,1891
24.7556,2059
24.7583,2081
24.7611,1902
24.7639,1643
24.7667,1412
24.7694,1283
24.7722,1238
24.7750,1269
24.7778,1352
24.7806,1512
24.7833,1694
24.7861,1834
24.7889,1898
24.7917,1908
24.7944,1885
24.7972,1852
24.8000,1830
24.8028,1814
24.8056,1806
24.8083,1790
24.8111,1765
24.8139,1747
24.8167,1734
24.8194,1741
24.8222,1755
24.8250,1769
24.8278,1765
24.8306,1765
24.8333,1762
24.8361,1751
24.8389,1751
24.8417,1769
24.8444,1788
24.8472,1795
24.8500,1811
24.8528,1810
24.8556,1790
24.8583,1761
24.8611,1739
24.8639,1755
24.8667,1767
24.8694,1777
24.8722,1775
24.8750,1771
24.8778,1787
24.8806,1791
24.8833,1798
24.8861,1802
24.8889,1809
24.8917,1791
24.8944,1788
24.8972,1781
24.9000,1776
24.9028,1788
24.9056,1807
24.9083,1812
24.9111,1816
24.9139,1815
24.9167,1805
24.9194,1808
24.9222,1811
24.9250,1824
24.9278,1836
24.9306,1845
24.9333,1856
24.9361,1857
24.9389,1845
24.9417,1848
24.9444,1853
24.9472,1854
24.9500,1857
24.9528,1858
24.9556,1854
24.9583,1860
24.9611,1835
24.9639,1857
24.9667,1866
24.9694,1868
24.9722,1856
24.9750,1829
24.9778,1805
24.9806,1808
24.9833,1814
24.9861,1809
24.9889,1801
24.9917,1801
24.9944,1789
24.9972,1793
25.0000,1800
25.0028,1807
25.0056,1814
25.0083,1816
25.0111,1802
25.0139,1779
25.0167,1770
25.0194,1771
25.0222,1759
25.0250,1762
25.0278,1759
25.0306,1766
25.0333,1772
25.0361,1762
25.0389,1767
25.0417,1775
25.0444,1776
25.0472,1778
25.0500,1788
25.0528,1784
25.0556,1776
25.0583,1765
25.0611,1761
25.0639,1763
25.0667,1772
25.0694,1786
25.0722,1784
25.0750,1779
25.0778,1776
25.0806,1777
25.0833,1788
25.0861,1793
25.0889,1800
25.0917,1805
25.0944,1800
25.0972,1798
25.1000,1797
25.1028,1796
25.1056,1805
25.1083,1805
25.1111,1802
25.1139,1789
25.1167,1784
25.1194,1795
25.1222,1810
25.1250,1820
25.1278,1826
25.1306,1818
25.1333,1812
25.1361,1800
25.1389,1806
25.1417,1817
25.1444,1816
25.1472,1818
25.1500,1810
25.1528,1796
25.1556,1798
25.1583,1797
25.1611,1809
25.1639,1827
25.1667,1823
25.1694,1811
25.1722,1802
25.1750,1799
25.1778,1793
25.1806,1807
25.1833,1823
25.1861,1830
25.1889,1826
25.1917,1806
25.1944,1808
25.1972,1806
25.2000,1814
25.2028,1816
25.2056,1818
25.2083,1811
25.2111,1814
25.2139,1804
25.2167,1809
25.2194,1805
25.2222,1806
25.2250,1809
25.2278,1818
25.2306,1824
25.2333,1822
25.2361,1816
25.2389,1818
25.2417,1819
25.2444,1817
25.2472,1826
25.2500,1832
25.2528,1833
25.2556,1820
25.2583,1795
25.2611,1784
25.2639,1777
25.2667,1774
25.2694,1775
25.2722,1780
25.2750,1782
25.2778,1788
25.2806,1793
25.2833,1808
25.2861,1810
25.2889,1805
25.2917,1804
25.2944,1802
25.2972,1800
25.3000,1800
25.3028,1812
25.3056,1808
25.3083,1819
25.3111,1831
25.3139,1829
25.3167,1840
25.3194,1855
25.3222,1862
25.3250,1865
25.3278,1880
25.3306,1897
25.3333,1897
25.3361,1900
25.3389,1908
25.3417,1911
25.3444,1904
25.3472,1915
25.3500,1922
25.3528,1932
25.3556,1943
25.3583,1929
25.3611,1897
25.3639,1868
25.3667,1855
25.3694,1857
25.3722,1847
25.3750,1841
25.3778,1835
25.3806,1818
25.3833,1803
25.3861,1805
25.3889,1797
25.3917,1788
25.3944,1784
25.3972,1785
25.4000,1781
25.4028,1778
25.4056,1781
25.4083,1780
25.4111,1776
25.4139,1777
25.4167,1755
25.4194,1755
25.4222,1754
25.4250,1760
25.4278,1772
25.4306,1785
25.4333,1775
25.4361,1755
25.4389,1759
25.4417,1781
25.4444,1791
25.4472,1801
25.4500,1793
25.4528,1787
25.4556,1815
25.4583,1941
25.4611,2124
25.4639,2340
25.4667,2453
25.4694,2323
25.4722,2074
25.4750,1810
25.4778,1579
25.4806,1416
25.4833,1370
25.4861,1424
25.4889,1568
25.4917,1706
25.4944,1813
25.4972,1879
25.5000,1900
25.5028,1897
25.5056,1880
25.5083,1857
25.5111,1839
25.5139,1835
25.5167,1810
25.5194,1786
25.5222,1767
25.5250,1752
25.5278,1761
25.5306,1773
25.5333,1789
25.5361,1809
25.5389,1816
25.5417,1804
25.5444,1775
25.5472,1745
25.5500,1742
25.5528,1760
25.5556,1777
25.5583,1785
25.5611,1789
25.5639,1785
25.5667,1768
25.5694,1770
25.5722,1779
25.5750,1781
25.5778,1794
25.5806,1779
25.5833,1768
25.5861,1755
25.5889,1761
25.5917,1776
25.5944,1797
25.5972,1808
25.6000,1813
25.6028,1810
25.6056,1792
25.6083,1777
25.6111,1773
25.6139,1778
25.6167,1796
25.6194,1806
25.6222,1797
25.6250,1800
25.6278,1784
25.6306,1783
25.6333,1793
25.6361,1800
25.6389,1797
25.6417,1800
25.6444,1795
25.6472,1782
25.6500,1790
25.6528,1802
25.6556,1824
25.6583,1826
25.6611,1828
25.6639,1825
25.6667,1823
25.6694,1818
25.6722,1831
25.6750,1836
25.6778,1833
25.6806,1832
25.6833,1816
25.6861,1807
25.6889,1797
25.6917,1795
25.6944,1797
25.6972,1804
25.7000,1796
25.7028,1789
25.7056,1776
25.7083,1773
25.7111,1772
25.7139,1780
25.7167,1785
25.7194,1776
25.7222,1777
25.7250,1770
25.7278,1780
25.7306,1765
25.7333,1747
25.7361,1737
25.7389,1743
25.7417,1739
25.7444,1742
25.7472,1740
25.7500,1744
25.7528,1740
25.7556,1747
25.7583,1748
25.7611,1747
25.7639,1751
25.7667,1743
25.7694,1735
25.7722,1741
25.7750,1737
25.7778,1744
25.7806,1746
25.7833,1747
25.7861,1740
25.7889,1730
25.7917,1733
25.7944,1741
25.7972,1754
25.8000,1762
25.8028,1759
25.8056,1757
25.8083,1745
25.8111,1745
25.8139,1748
25.8167,1754
25.8194,1767
25.8222,1767
25.8250,1763
25.8278,1781
25.8306,1776
25.8333,1779
25.8361,1775
25.8389,1785
25.8417,1777
25.8444,1789
25.8472,1771
25.8500,1773
25.8528,1777
25.8556,1775
25.8583,1783
25.8611,1773
25.8639,1757
25.8667,1753
25.8694,1754
25.8722,1757
25.8750,1773
25.8778,1752
25.8806,1757
25.8833,1746
25.8861,1750
25.8889,1749
25.8917,1750
25.8944,1756
25.8972,1752
25.9000,1758
25.9028,1753
25.9056,1755
25.9083,1748
25.9111,1738
25.9139,1733
25.9167,1737
25.9194,1738
25.9222,1730
25.9250,1727
25.9278,1726
25.9306,1734
25.9333,1738
25.9361,1730
25.9389,1735
25.9417,1734
25.9444,1738
25.9472,1738
25.9500,1732
25.9528,1740
25.9556,1730
25.9583,1723
25.9611,1724
25.9639,1712
25.9667,1714
25.9694,1724
25.9722,1719
25.9750,1726
25.9778,1739
25.9806,1752
25.9833,1764
25.9861,1751
25.9889,1732
25.9917,1726
25.9944,1713
25.9972,1718
26.0000,1722
26.0028,1734
26.0056,1741
26.0083,1735
26.0111,1731
26.0139,1733
26.0167,1729
26.0194,1722
26.0222,1729
26.0250,1735
26.0278,1735
26.0306,1743
26.0333,1746
26.0361,1745
26.0389,1747
26.0417,1745
26.0444,1729
26.0472,1726
26.0500,1724
26.0528,1729
26.0556,1744
26.0583,1732
26.0611,1733
26.0639,1744
26.0667,1749
26.0694,1763
26.0722,1768
26.0750,1787
26.0778,1794
26.0806,1803
26.0833,1803
26.0861,1804
26.0889,1809
26.0917,1821
26.0944,1825
26.0972,1825
26.1000,1829
26.1028,1825
26.1056,1822
26.1083,1817
26.1111,1822
26.1139,1814
26.1167,1808
26.1194,1793
26.1222,1795
26.1250,1780
26.1278,1759
26.1306,1733
26.1333,1715
26.1361,1704
26.1389,1707
26.1417,1720
26.1444,1719
26.1472,1712
26.1500,1701
26.1528,1698
26.1556,1687
26.1583,1687
26.1611,1686
26.1639,1694
26.1667,1692
26.1694,1692
26.1722,1702
26.1750,1704
26.1778,1683
26.1806,1694
26.1833,1690
26.1861,1681
26.1889,1667
26.1917,1680
26.1944,1682
26.1972,1691
26.2000,1674
26.2028,1644
26.2056,1657
26.2083,1738
26.2111,1888
26.2139,2089
26.2167,2232
26.2194,2167
26.2222,1949
26.2250,1715
26.2278,1493
26.2306,1334
26.2333,1261
26.2361,1319
26.2389,1448
26.2417,1610
26.2444,1731
26.2472,1804
26.2500,1838
26.2528,1821
26.2556,1783
26.2583,1758
26.2611,1733
26.2639,1721
26.2667,1716
26.2694,1698
26.2722,1682
26.2750,1669
26.2778,1660
26.2806,1667
26.2833,1676
26.2861,1697
26.2889,1713
26.2917,1710
26.2944,1695
26.2972,1667
26.3000,1648
26.3028,1648
26.3056,1659
26.3083,1659
26.3111,1664
26.3139,1666
26.3167,1661
26.3194,1654
26.3222,1661
26.3250,1669
26.3278,1672
26.3306,1680
26.3333,1677
26.3361,1665
26.3389,1663
26.3417,1673
26.3444,1685
26.3472,1696
26.3500,1704
26.3528,1706
26.3556,1704
26.3583,1693
26.3611,1690
26.3639,1695
26.3667,1693
26.3694,1711
26.3722,1713
26.3750,1719
26.3778,1717
26.3806,1704
26.3833,1697
26.3861,1710
26.3889,1702
26.3917,1715
26.3944,1708
26.3972,1709
26.4000,1701
26.4028,1714
26.4056,1724
26.4083,1723
26.4111,1732
26.4139,1735
26.4167,1727
26.4194,1737
26.4222,1757
26.4250,1761
26.4278,1774
26.4306,1780
26.4333,1756
26.4361,1730
26.4389,1722
26.4417,1725
26.4444,1725
26.4472,1733
26.4500,1739
26.4528,1730
26.4556,1731
26.4583,1723
26.4611,1712
26.4639,1719
26.4667,1726
26.4694,1721
26.4722,1721
26.4750,1710
26.4778,1704
26.4806,1705
26.4833,1694
26.4861,1708
26.4889,1705
26.4917,1704
26.4944,1697
26.4972,1692
26.5000,1700
26.5028,1698
26.5056,1701
26.5083,1703
26.5111,1707
26.5139,1711
26.5167,1715
26.5194,1716
26.5222,1704
26.5250,1703
26.5278,1699
26.5306,1698
26.5333,1697
26.5361,1709
26.5389,1706
26.5417,1719
26.5444,1723
26.5472,1727
26.5500,1729
26.5528,1721
26.5556,1715
26.5583,1725
26.5611,1735
26.5639,1753
26.5667,1756
26.5694,1742
26.5722,1743
26.5750,1736
26.5778,1746
26.5806,1742
26.5833,1756
26.5861,1759
26.5889,1764
26.5917,1759
26.5944,1756
26.5972,1749
26.6000,1746
26.6028,1751
26.6056,1754
26.6083,1768
26.6111,1766
26.6139,1757
26.6167,1745
26.6194,1739
26.6222,1741
26.6250,1748
26.6278,1744
26.6306,1743
26.6333,1745
26.6361,1747
26.6389,1760
26.6417,1746
26.6444,1755
26.6472,1759
26.6500,1758
26.6528,1759
26.6556,1751
26.6583,1741
26.6611,1748
26.6639,1744
26.6667,1744
26.6694,1735
26.6722,1739
26.6750,1749
26.6778,1748
26.6806,1737
26.6833,1731
26.6861,1727
26.6889,1737
26.6917,1737
26.6944,1726
26.6972,1724
26.7000,1727
26.7028,1731
26.7056,1726
26.7083,1730
26.7111,1735
26.7139,1731
26.7167,1725
26.7194,1726
26.7222,1734
26.7250,1743
26.7278,1749
26.7306,1745
26.7333,1750
26.7361,1745
26.7389,1740
26.7417,1753
26.7444,1759
26.7472,1752
26.7500,1748
26.7528,1734
26.7556,1727
26.7583,1723
26.7611,1719
26.7639,1728
26.7667,1736
26.7694,1741
26.7722,1746
26.7750,1742
26.7778,1734
26.7806,1730
26.7833,1743
26.7861,1738
26.7889,1745
26.7917,1753
26.7944,1755
26.7972,1751
26.8000,1742
26.8028,1738
26.8056,1728
26.8083,1736
26.8111,1737
26.8139,1739
26.8167,1732
26.8194,1725
26.8222,1730
26.8250,1729
26.8278,1746
26.8306,1752
26.8333,1752
26.8361,1752
26.8389,1752
26.8417,1749
26.8444,1741
26.8472,1743
26.8500,1750
26.8528,1740
26.8556,1753
26.8583,1751
26.8611,1756
26.8639,1749
26.8667,1742
26.8694,1743
26.8722,1741
26.8750,1752
26.8778,1753
26.8806,1753
26.8833,1762
26.8861,1767
26.8889,1777
26.8917,1774
26.8944,1773
26.8972,1769
26.9000,1756
26.9028,1752
26.9056,1745
26.9083,1731
26.9111,1733
26.9139,1756
26.9167,1778
26.9194,1807
26.9222,1823
26.9250,1835
26.9278,1843
26.9306,1843
26.9333,1830
26.9361,1814
26.9389,1807
26.9417,1821
26.9444,1835
26.9472,1846
26.9500,1854
26.9528,1851
26.9556,1843
26.9583,1844
26.9611,1833
26.9639,1832
26.9667,1812
26.9694,1807
26.9722,1797
26.9750,1776
26.9778,1764
26.9806,1765
26.9833,1762
26.9861,1769
26.9889,1758
26.9917,1749
26.9944,1733
26.9972,1725
27.0000,1727
27.0028,1723
27.0056,1720
27.0083,1734
27.0111,1740
27.0139,1741
27.0167,1749
27.0194,1754
27.0222,1749
27.0250,1745
27.0278,1742
27.0306,1759
27.0333,1740
27.0361,1727
27.0389,1717
27.0417,1731
27.0444,1723
27.0472,1714
27.0500,1686
27.0528,1683
27.0556,1712
27.0583,1834
27.0611,2007
27.0639,2162
27.0667,2153
27.0694,1973
27.0722,1730
27.0750,1533
27.0778,1402
27.0806,1333
27.0833,1352
27.0861,1469
27.0889,1626
27.0917,1768
27.0944,1877
27.0972,1915
27.1000,1904
27.1028,1874
27.1056,1846
27.1083,1825
27.1111,1823
27.1139,1807
27.1167,1795
27.1194,1784
27.1222,1768
27.1250,1768
27.1278,1744
27.1306,1736
27.1333,1745
27.1361,1745
27.1389,1754
27.1417,1745
27.1444,1733
27.1472,1725
27.1500,1730
27.1528,1738
27.1556,1761
27.1583,1770
27.1611,1747
27.1639,1748
27.1667,1742
27.1694,1734
27.1722,1749
27.1750,1748
27.1778,1755
27.1806,1744
27.1833,1735
27.1861,1721
27.1889,1735
27.1917,1750
27.1944,1772
27.1972,1786
27.2000,1784
27.2028,1769
27.2056,1756
27.2083,1751
27.2111,1765
27.2139,1772
27.2167,1776
27.2194,1786
27.2222,1775
27.2250,1770
27.2278,1768
27.2306,1767
27.2333,1754
27.2361,1750
27.2389,1753
27.2417,1756
27.2444,1760
27.2472,1760
27.2500,1775
27.2528,1784
27.2556,1783
27.2583,1788
27.2611,1803
27.2639,1797
27.2667,1798
27.2694,1788
27.2722,1791
27.2750,1792
27.2778,1798
27.2806,1787
27.2833,1775
27.2861,1770
27.2889,1768
27.2917,1779
27.2944,1782
27.2972,1765
27.3000,1751
27.3028,1747
27.3056,1740
27.3083,1737
27.3111,1736
27.3139,1731
27.3167,1730
27.3194,1725
27.3222,1734
27.3250,1733
27.3278,1729
27.3306,1738
27.3333,1752
27.3361,1749
27.3389,1740
27.3417,1735
27.3444,1732
27.3472,1737
27.3500,1745
27.3528,1755
27.3556,1754
27.3583,1761
27.3611,1759
27.3639,1747
27.3667,1738
27.3694,1744
27.3722,1754
27.3750,1762
27.3778,1759
27.3806,1741
27.3833,1720
27.3861,1718
27.3889,1722
27.3917,1735
27.3944,1739
27.3972,1742
27.4000,1738
27.4028,1734
27.4056,1735
27.4083,1744
27.4111,1749
27.4139,1752
27.4167,1754
27.4194,1744
27.4222,1729
27.4250,1730
27.4278,1726
27.4306,1738
27.4333,1749
27.4361,1755
27.4389,1746
27.4417,1752
27.4444,1743
27.4472,1738
27.4500,1727
27.4528,1733
27.4556,1736
27.4583,1743
27.4611,1739
27.4639,1739
27.4667,1747
27.4694,1742
27.4722,1756
27.4750,1748
27.4778,1745
27.4806,1757
27.4833,1749
27.4861,1727
27.4889,1728
27.4917,1724
27.4944,1733
27.4972,1741
27.5000,1743
27.5028,1744
27.5056,1751
27.5083,1752
27.5111,1754
27.5139,1750
27.5167,1731
27.5194,1706
27.5222,1701
27.5250,1711
27.5278,1710
27.5306,1707
27.5333,1701
27.5361,1701
27.5389,1704
27.5417,1707
27.5444,1715
27.5472,1719
27.5500,1724
27.5528,1719
27.5556,1726
27.5583,1714
27.5611,1716
27.5639,1714
27.5667,1711
27.5694,1715
27.5722,1715
27.5750,1711
27.5778,1702
27.5806,1706
27.5833,1699
27.5861,1688
27.5889,1696
27.5917,1703
27.5944,1718
27.5972,1733
27.6000,1737
27.6028,1725
27.6056,1704
27.6083,1684
27.6111,1667
27.6139,1671
27.6167,1684
27.6194,1694
27.6222,1701
27.6250,1707
27.6278,1719
27.6306,1724
27.6333,1727
27.6361,1734
27.6389,1738
27.6417,1745
27.6444,1755
27.6472,1765
27.6500,1774
27.6528,1776
27.6556,1778
27.6583,1786
27.6611,1790
27.6639,1792
27.6667,1786
27.6694,1775
27.6722,1772
27.6750,1775
27.6778,1773
27.6806,1762
27.6833,1756
27.6861,1764
27.6889,1752
27.6917,1729
27.6944,1703
27.6972,1680
27.7000,1673
27.7028,1664
27.7056,1681
27.7083,1687
27.7111,1683
27.7139,1675
27.7167,1672
27.7194,1666
27.7222,1685
27.7250,1691
27.7278,1687
27.7306,1666
27.7333,1658
27.7361,1668
27.7389,1678
27.7417,1682
27.7444,1675
27.7472,1671
27.7500,1655
27.7528,1648
27.7556,1650
27.7583,1659
27.7611,1667
27.7639,1664
27.7667,1650
27.7694,1645
27.7722,1670
27.7750,1771
27.7778,1927
27.7806,2048
27.7833,1973
27.7861,1740
27.7889,1505
27.7917,1354
27.7944,1295
27.7972,1270
27.8000,1295
27.8028,1388
27.8056,1539
27.8083,1687
27.8111,1795
27.8139,1850
27.8167,1828
27.8194,1798
27.8222,1768
27.8250,1736
27.8278,1713
27.8306,1707
27.8333,1699
27.8361,1684
27.8389,1676
27.8417,1673
27.8444,1675
27.8472,1677
27.8500,1686
27.8528,1683
27.8556,1684
27.8583,1698
27.8611,1700
27.8639,1708
27.8667,1728
27.8694,1751
27.8722,1763
27.8750,1766
27.8778,1756
27.8806,1739
27.8833,1738
27.8861,1738
27.8889,1749
27.8917,1749
27.8944,1750
27.8972,1738
27.9000,1707
27.9028,1698
27.9056,1700
27.9083,1705
27.9111,1725
27.9139,1733
27.9167,1735
27.9194,1741
27.9222,1727
27.9250,1734
27.9278,1743
27.9306,1747
27.9333,1748
27.9361,1749
27.9389,1742
27.9417,1730
27.9444,1732
27.9472,1742
27.9500,1747
27.9528,1751
27.9556,1763
27.9583,1763
27.9611,1758
27.9639,1768
27.9667,1778
27.9694,1788
27.9722,1803
27.9750,1796
27.9778,1791
27.9806,1776
27.9833,1824
27.9861,1831
27.9889,1827
27.9917,1818
27.9944,1792
27.9972,1780
28.0000,1764
28.0028,1762
28.0056,1759
28.0083,1775
28.0111,1781
28.0139,1784
28.0167,1759
28.0194,1759
28.0222,1756
28.0250,1744
28.0278,1723
28.0306,1721
28.0333,1723
28.0361,1715
28.0389,1726
28.0417,1708
28.0444,1710
28.0472,1719
28.0500,1715
28.0528,1710
28.0556,1712
28.0583,1721
28.0611,1720
28.0639,1712
28.0667,1715
28.0694,1719
28.0722,1723
28.0750,1718
28.0778,1723
28.0806,1718
28.0833,1716
28.0861,1725
28.0889,1722
28.0917,1727
28.0944,1728
28.0972,1723
28.1000,1725
28.1028,1731
28.1056,1732
28.1083,1731
28.1111,1745
28.1139,1737
28.1167,1732
28.1194,1727
28.1222,1728
28.1250,1734
28.1278,1748
28.1306,1769
28.1333,1747
28.1361,1735
28.1389,1728
28.1417,1734
28.1444,1740
28.1472,1745
28.1500,1739
28.1528,1727
28.1556,1721
28.1583,1718
28.1611,1711
28.1639,1706
28.1667,1722
28.1694,1731
28.1722,1731
28.1750,1734
28.1778,1740
28.1806,1729
28.1833,1723
28.1861,1711
28.1889,1725
28.1917,1727
28.1944,1739
28.1972,1741
28.2000,1743
28.2028,1738
28.2056,1744
28.2083,1743
28.2111,1759
28.2139,1767
28.2167,1762
28.2194,1745
28.2222,1739
28.2250,1745
28.2278,1741
28.2306,1745
28.2333,1746
28.2361,1744
28.2389,1742
28.2417,1743
28.2444,1747
28.2472,1756
28.2500,1755
28.2528,1751
28.2556,1732
28.2583,1727
28.2611,1739
28.2639,1736
28.2667,1745
28.2694,1752
28.2722,1748
28.2750,1746
28.2778,1743
28.2806,1744
28.2833,1736
28.2861,1724
28.2889,1733
28.2917,1744
28.2944,1744
28.2972,1757
28.3000,1769
28.3028,1784
28.3056,1788
28.3083,1802
28.3111,1797
28.3139,1798
28.3167,1811
28.3194,1824
28.3222,1842
28.3250,1848
28.3278,1862
28.3306,1868
28.3333,1884
28.3361,1889
28.3389,1881
28.3417,1877
28.3444,1865
28.3472,1860
28.3500,1857
28.3528,1840
28.3556,1828
28.3583,1823
28.3611,1811
28.3639,1795
28.3667,1772
28.3694,1757
28.3722,1751
28.3750,1745
28.3778,1746
28.3806,1735
28.3833,1720
28.3861,1728
28.3889,1740
28.3917,1746
28.3944,1743
28.3972,1745
28.4000,1736
28.4028,1733
28.4056,1734
28.4083,1722
28.4111,1730
28.4139,1732
28.4167,1734
28.4194,1734
28.4222,1738
28.4250,1733
28.4278,1735
28.4306,1744
28.4333,1777
28.4361,1783
28.4389,1779
28.4417,1764
28.4444,1795
28.4472,1895
28.4500,2057
28.4528,2268
28.4556,2432
28.4583,2376
28.4611,2138
28.4639,1866
28.4667,1612
28.4694,1429
28.4722,1341
28.4750,1373
28.4778,1508
28.4806,1664
28.4833,1777
28.4861,1846
28.4889,1885
28.4917,1877
28.4944,1852
28.4972,1823
28.5000,1813
28.5028,1793
28.5056,1782
28.5083,1763
28.5111,1746
28.5139,1729
28.5167,1722
28.5194,1725
28.5222,1739
28.5250,1761
28.5278,1763
28.5306,1756
28.5333,1751
28.5361,1736
28.5389,1731
28.5417,1747
28.5444,1762
28.5472,1782
28.5500,1771
28.5528,1749
28.5556,1728
28.5583,1729
28.5611,1737
28.5639,1755
28.5667,1769
28.5694,1768
28.5722,1764
28.5750,1761
28.5778,1746
28.5806,1748
28.5833,1758
28.5861,1776
28.5889,1783
28.5917,1789
28.5944,1780
28.5972,1779
28.6000,1781
28.6028,1774
28.6056,1777
28.6083,1778
28.6111,1773
28.6139,1767
28.6167,1761
28.6194,1765
28.6222,1784
28.6250,1797
28.6278,1799
28.6306,1797
28.6333,1795
28.6361,1798
28.6389,1776
28.6417,1771
28.6444,1782
28.6472,1799
28.6500,1807
28.6528,1807
28.6556,1804
28.6583,1801
28.6611,1832
28.6639,1842
28.6667,1839
28.6694,1842
28.6722,1832
28.6750,1820
28.6778,1807
28.6806,1807
28.6833,1818
28.6861,1827
28.6889,1819
28.6917,1807
28.6944,1799
28.6972,1799
28.7000,1791
28.7028,1800
28.7056,1801
28.7083,1806
28.7111,1803
28.7139,1797
28.7167,1791
28.7194,1781
28.7222,1791
28.7250,1802
28.7278,1811
28.7306,1803
28.7333,1796
28.7361,1784
28.7389,1773
28.7417,1775
28.7444,1783
28.7472,1782
28.7500,1785
28.7528,1789
28.7556,1781
28.7583,1781
28.7611,1776
28.7639,1793
28.7667,1799
28.7694,1810
28.7722,1815
28.7750,1819
28.7778,1800
28.7806,1775
28.7833,1770
28.7861,1780
28.7889,1792
28.7917,1806
28.7944,1814
28.7972,1815
28.8000,1818
28.8028,1818
28.8056,1827
28.8083,1817
28.8111,1826
28.8139,1819
28.8167,1821
28.8194,1833
28.8222,1832
28.8250,1845
28.8278,1842
28.8306,1839
28.8333,1842
28.8361,1839
28.8389,1834
28.8417,1844
28.8444,1839
28.8472,1826
28.8500,1840
28.8528,1833
28.8556,1827
28.8583,1834
28.8611,1830
28.8639,1830
28.8667,1837
28.8694,1829
28.8722,1828
28.8750,1821
28.8778,1833
28.8806,1826
28.8833,1823
28.8861,1835
28.8889,1822
28.8917,1816
28.8944,1808
28.8972,1809
28.9000,1823
28.9028,1815
28.9056,1811
28.9083,1792
28.9111,1787
28.9139,1782
28.9167,1783
28.9194,1792
28.9222,1801
28.9250,1806
28.9278,1807
28.9306,1815
28.9333,1812
28.9361,1797
28.9389,1792
28.9417,1787
28.9444,1786
28.9472,1795
28.9500,1794
28.9528,1794
28.9556,1777
28.9583,1762
28.9611,1769
28.9639,1778
28.9667,1786
28.9694,1791
28.9722,1785
28.9750,1785
28.9778,1774
28.9806,1785
28.9833,1775
28.9861,1768
28.9889,1774
28.9917,1786
28.9944,1796
28.9972,1795
29.0000,1776
29.0028,1776
29.0056,1764
29.0083,1767
29.0111,1766
29.0139,1762
29.0167,1765
29.0194,1763
29.0222,1770
29.0250,1778
29.0278,1772
29.0306,1772
29.0333,1764
29.0361,1756
29.0389,1756
29.0417,1756
29.0444,1760
29.0472,1765
29.0500,1770
29.0528,1770
29.0556,1784
29.0583,1800
29.0611,1811
29.0639,1817
29.0667,1830
29.0694,1846
29.0722,1852
29.0750,1867
29.0778,1874
29.0806,1869
29.0833,1861
29.0861,1851
29.0889,1850
29.0917,1855
29.0944,1859
29.0972,1861
29.1000,1855
29.1028,1839
29.1056,1821
29.1083,1806
29.1111,1796
29.1139,1779
29.1167,1769
29.1194,1764
29.1222,1756
29.1250,1752
29.1278,1746
29.1306,1738
29.1333,1731
29.1361,1733
29.1389,1727
29.1417,1727
29.1444,1731
29.1472,1724
29.1500,1722
29.1528,1724
29.1556,1728
29.1583,1717
29.1611,1725
29.1639,1717
29.1667,1718
29.1694,1712
29.1722,1713
29.1750,1708
29.1778,1700
29.1806,1700
29.1833,1710
29.1861,1731
29.1889,1745
29.1917,1732
29.1944,1713
29.1972,1708
29.2000,1796
29.2028,1967
29.2056,2176
29.2083,2358
29.2111,2358
29.2139,2161
29.2167,1927
29.2194,1686
29.2222,1485
29.2250,1380
29.2278,1390
29.2306,1484
29.2333,1622
29.2361,1730
29.2389,1808
29.2417,1849
29.2444,1863
29.2472,1833
29.2500,1795
29.2528,1759
29.2556,1743
29.2583,1726
29.2611,1721
29.2639,1703
29.2667,1690
29.2694,1685
29.2722,1689
29.2750,1691
29.2778,1700
29.2806,1711
29.2833,1717
29.2861,1700
29.2889,1689
29.2917,1680
29.2944,1690
29.2972,1694
29.3000,1698
29.3028,1703
29.3056,1691
29.3083,1682
29.3111,1673
29.3139,1682
29.3167,1690
29.3194,1705
29.3222,1721
29.3250,1725
29.3278,1716
29.3306,1695
29.3333,1671
29.3361,1672
29.3389,1678
29.3417,1688
29.3444,1676
29.3472,1677
29.3500,1685
29.3528,1695
29.3556,1721
29.3583,1730
29.3611,1738
29.3639,1736
29.3667,1728
29.3694,1723
29.3722,1715
29.3750,1714
29.3778,1714
29.3806,1714
29.3833,1713
29.3861,1711
29.3889,1714
29.3917,1716
29.3944,1725
29.3972,1744
29.4000,1761
29.4028,1762
29.4056,1749
29.4083,1729
29.4111,1718
29.4139,1760
29.4167,1767
29.4194,1775
29.4222,1774
29.4250,1763
29.4278,1752
29.4306,1737
29.4333,1732
29.4361,1730
29.4389,1738
29.4417,1744
29.4444,1748
29.4472,1735
29.4500,1728
29.4528,1728
29.4556,1725
29.4583,1722
29.4611,1722
29.4639,1719
29.4667,1711
29.4694,1706
29.4722,1706
29.4750,1714
29.4778,1719
29.4806,1714
29.4833,1701
29.4861,1699
29.4889,1697
29.4917,1700
29.4944,1691
29.4972,1679
29.5000,1679
29.5028,1686
29.5056,1695
29.5083,1702
29.5111,1691
29.5139,1693
29.5167,1702
29.5194,1698
29.5222,1711
29.5250,1714
29.5278,1711
29.5306,1713
29.5333,1714
29.5361,1714
29.5389,1726
29.5417,1725
29.5444,1727
29.5472,1718
29.5500,1712
29.5528,1708
29.5556,1712
29.5583,1724
29.5611,1729
29.5639,1735
29.5667,1746
29.5694,1741
29.5722,1732
29.5750,1741
29.5778,1753
29.5806,1762
29.5833,1773
29.5861,1775
29.5889,1758
29.5917,1751
29.5944,1744
29.5972,1748
29.6000,1751
29.6028,1741
29.6056,1730
29.6083,1736
29.6111,1740
29.6139,1751
29.6167,1755
29.6194,1763
29.6222,1756
29.6250,1746
29.6278,1732
29.6306,1726
29.6333,1727
29.6361,1724
29.6389,1727
29.6417,1723
29.6444,1720
29.6472,1726
29.6500,1722
29.6528,1718
29.6556,1722
29.6583,1717
29.6611,1722
29.6639,1721
29.6667,1718
29.6694,1709
29.6722,1707
29.6750,1710
29.6778,1709
29.6806,1717
29.6833,1721
29.6861,1720
29.6889,1723
29.6917,1721
29.6944,1734
29.6972,1729
29.7000,1729
29.7028,1728
29.7056,1727
29.7083,1724
29.7111,1708
29.7139,1701
29.7167,1702
29.7194,1698
29.7222,1704
29.7250,1700
29.7278,1697
29.7306,1699
29.7333,1696
29.7361,1706
29.7389,1703
29.7417,1703
29.7444,1704
29.7472,1700
29.7500,1700
29.7528,1688
29.7556,1691
29.7583,1695
29.7611,1700
29.7639,1701
29.7667,1704
29.7694,1705
29.7722,1706
29.7750,1723
29.7778,1711
29.7806,1695
29.7833,1694
29.7861,1703
29.7889,1706
29.7917,1719
29.7944,1715
29.7972,1716
29.8000,1716
29.8028,1716
29.8056,1719
29.8083,1712
29.8111,1695
29.8139,1689
29.8167,1686
29.8194,1689
29.8222,1677
29.8250,1678
29.8278,1686
29.8306,1696
29.8333,1700
29.8361,1695
29.8389,1692
29.8417,1695
29.8444,1697
29.8472,1692
29.8500,1693
29.8528,1695
29.8556,1691
29.8583,1692
29.8611,1695
29.8639,1694
29.8667,1694
29.8694,1684
29.8722,1676
29.8750,1685
29.8778,1695
29.8806,1707
29.8833,1722
29.8861,1729
29.8889,1727
29.8917,1718
29.8944,1709
29.8972,1710
29.9000,1710
29.9028,1698
29.9056,1699
29.9083,1697
29.9111,1704
29.9139,1721
29.9167,1729
29.9194,1728
29.9222,1720
29.9250,1716
29.9278,1710
29.9306,1726
29.9333,1725
29.9361,1722
29.9389,1722
29.9417,1720
29.9444,1717
29.9472,1704
29.9500,1712
29.9528,1714
29.9556,1734
29.9583,1729
29.9611,1731
29.9639,1737
29.9667,1739
29.9694,1739
29.9722,1739
29.9750,1735
29.9778,1740
29.9806,1743
29.9833,1762
29.9861,1757
29.9889,1765
29.9917,1761
29.9944,1759
29.9972,1765
30.0000,1767
30.0028,1783
30.0056,1787
30.0083,1786
30.0111,1787
30.0139,1786
30.0167,1759
30.0194,1748
30.0222,1746
30.0250,1740
30.0278,1740
30.0306,1757
30.0333,1768
30.0361,1769
30.0389,1770
30.0417,1771
30.0444,1758
30.0472,1750
30.0500,1738
30.0528,1742
30.0556,1753
30.0583,1742
30.0611,1721
30.0639,1714
30.0667,1704
30.0694,1710
30.0722,1705
30.0750,1712
30.0778,1724
30.0806,1739
30.0833,1739
30.0861,1736
30.0889,1731
30.0917,1732
30.0944,1736
30.0972,1733
30.1000,1735
30.1028,1725
30.1056,1727
30.1083,1725
30.1111,1728
30.1139,1741
30.1167,1721
30.1194,1700
30.1222,1694
30.1250,1737
30.1278,1853
30.1306,2015
30.1333,2159
30.1361,2175
30.1389,1990
30.1417,1742
30.1444,1539
30.1472,1408
30.1500,1338
30.1528,1355
30.1556,1458
30.1583,1639
30.1611,1778
30.1639,1874
30.1667,1901
30.1694,1885
30.1722,1857
30.1750,1825
30.1778,1789
30.1806,1774
30.1833,1773
30.1861,1763
30.1889,1751
30.1917,1734
30.1944,1714
30.1972,1700
30.2000,1698
30.2028,1717
30.2056,1722
30.2083,1718
30.2111,1705
30.2139,1691
30.2167,1688
30.2194,1696
30.2222,1710
30.2250,1728
30.2278,1744
30.2306,1742
30.2333,1722
30.2361,1709
30.2389,1699
30.2417,1692
30.2444,1687
30.2472,1685
30.2500,1678
30.2528,1671
30.2556,1681
30.2583,1695
30.2611,1710
30.2639,1723
30.2667,1712
30.2694,1709
30.2722,1694
30.2750,1695
30.2778,1709
30.2806,1726
30.2833,1741
30.2861,1753
30.2889,1755
30.2917,1756
30.2944,1734
30.2972,1714
30.3000,1711
30.3028,1713
30.3056,1722
30.3083,1735
30.3111,1728
30.3139,1725
30.3167,1737
30.3194,1759
30.3222,1774
30.3250,1771
30.3278,1763
30.3306,1750
30.3333,1738
30.3361,1750
30.3389,1807
30.3417,1814
30.3444,1814
30.3472,1798
30.3500,1790
30.3528,1788
30.3556,1787
30.3583,1791
30.3611,1800
30.3639,1801
30.3667,1801
30.3694,1800
30.3722,1790
30.3750,1787
30.3778,1771
30.3806,1751
30.3833,1740
30.3861,1739
30.3889,1735
30.3917,1726
30.3944,1715
30.3972,1710
30.4000,1711
30.4028,1723
30.4056,1725
30.4083,1730
30.4111,1719
30.4139,1719
30.4167,1728
30.4194,1731
30.4222,1717
30.4250,1720
30.4278,1721
30.4306,1729
30.4333,1718
30.4361,1707
30.4389,1720
30.4417,1723
30.4444,1725
30.4472,1740
30.4500,1731
30.4528,1734
30.4556,1727
30.4583,1741
30.4611,1755
30.4639,1764
30.4667,1761
30.4694,1768
30.4722,1756
30.4750,1758
30.4778,1761
30.4806,1768
30.4833,1778
30.4861,1778
30.4889,1770
30.4917,1766
30.4944,1766
30.4972,1776
30.5000,1787
30.5028,1808
30.5056,1809
30.5083,1802
30.5111,1782
30.5139,1768
30.5167,1761
30.5194,1772
30.5222,1783
30.5250,1794
30.5278,1785
30.5306,1775
30.5333,1775
30.5361,1774
30.5389,1774
30.5417,1771
30.5444,1776
30.5472,1772
30.5500,1778
30.5528,1768
30.5556,1767
30.5583,1774
30.5611,1763
30.5639,1776
30.5667,1768
30.5694,1776
30.5722,1770
30.5750,1773
30.5778,1780
30.5806,1779
30.5833,1781
30.5861,1781
30.5889,1783
30.5917,1773
30.5944,1764
30.5972,1755
30.6000,1768
30.6028,1775
30.6056,1781
30.6083,1797
30.6111,1800
30.6139,1788
30.6167,1773
30.6194,1770
30.6222,1782
30.6250,1790
30.6278,1785
30.6306,1770
30.6333,1764
30.6361,1755
30.6389,1748
30.6417,1757
30.6444,1759
30.6472,1762
30.6500,1761
30.6528,1764
30.6556,1769
30.6583,1766
30.6611,1772
30.6639,1767
30.6667,1766
30.6694,1764
30.6722,1766
30.6750,1759
30.6778,1746
30.6806,1758
30.6833,1766
30.6861,1764
30.6889,1759
30.6917,1752
30.6944,1753
30.6972,1766
30.7000,1767
30.7028,1768
30.7056,1779
30.7083,1775
30.7111,1782
30.7139,1781
30.7167,1785
30.7194,1772
30.7222,1779
30.7250,1783
30.7278,1793
30.7306,1785
30.7333,1773
30.7361,1761
30.7389,1761
30.7417,1772
30.7444,1801
30.7472,1830
30.7500,1845
30.7528,1858
30.7556,1870
30.7583,1877
30.7611,1874
30.7639,1871
30.7667,1851
30.7694,1850
30.7722,1853
30.7750,1862
30.7778,1862
30.7806,1856
30.7833,1841
30.7861,1824
30.7889,1829
30.7917,1817
30.7944,1807
30.7972,1794
30.8000,1792
30.8028,1767
30.8056,1769
30.8083,1768
30.8111,1771
30.8139,1769
30.8167,1778
30.8194,1770
30.8222,1759
30.8250,1756
30.8278,1758
30.8306,1757
30.8333,1751
30.8361,1758
30.8389,1757
30.8417,1764
30.8444,1771
30.8472,1766
30.8500,1769
30.8528,1769
30.8556,1777
30.8583,1777
30.8611,1780
30.8639,1769
30.8667,1750
30.8694,1739
30.8722,1749
30.8750,1768
30.8778,1779
30.8806,1778
30.8833,1759
30.8861,1778
30.8889,1863
30.8917,2027
30.8944,2228
30.8972,2368
30.9000,2288
30.9028,2052
30.9056,1778
30.9083,1541
30.9111,1378
30.9139,1327
30.9167,1381
30.9194,1525
30.9222,1699
30.9250,1821
30.9278,1885
30.9306,1914
30.9333,1899
30.9361,1860
30.9389,1835
30.9417,1806
30.9444,1798
30.9472,1797
30.9500,1785
30.9528,1770
30.9556,1757
30.9583,1746
30.9611,1750
30.9639,1761
30.9667,1779
30.9694,1780
30.9722,1770
30.9750,1767
30.9778,1762
30.9806,1759
30.9833,1753
30.9861,1773
30.9889,1781
30.9917,1788
30.9944,1768
30.9972,1747
31.0000,1724
31.0028,1732
31.0056,1766
31.0083,1783
31.0111,1775
31.0139,1771
31.0167,1755
31.0194,1742
31.0222,1755
31.0250,1765
31.0278,1774
31.0306,1777
31.0333,1782
31.0361,1775
31.0389,1785
31.0417,1788
31.0444,1796
31.0472,1805
31.0500,1799
31.0528,1789
31.0556,1778
31.0583,1783
31.0611,1785
31.0639,1786
31.0667,1788
31.0694,1782
31.0722,1784
31.0750,1773
31.0778,1779
31.0806,1794
31.0833,1806
31.0861,1804
31.0889,1797
31.0917,1779
31.0944,1774
31.0972,1768
31.1000,1769
31.1028,1808
31.1056,1819
31.1083,1802
31.1111,1799
31.1139,1786
31.1167,1784
31.1194,1788
31.1222,1806
31.1250,1795
31.1278,1797
31.1306,1792
31.1333,1785
31.1361,1776
31.1389,1768
31.1417,1772
31.1444,1769
31.1472,1776
31.1500,1767
31.1528,1765
31.1556,1765
31.1583,1751
31.1611,1750
31.1639,1747
31.1667,1750
31.1694,1748
31.1722,1749
31.1750,1744
31.1778,1735
31.1806,1737
31.1833,1743
31.1861,1741
31.1889,1748
31.1917,1748
31.1944,1764
31.1972,1761
31.2000,1751
31.2028,1735
31.2056,1734
31.2083,1736
31.2111,1733
31.2139,1739
31.2167,1743
31.2194,1740
31.2222,1747
31.2250,1758
31.2278,1761
31.2306,1766
31.2333,1769
31.2361,1771
31.2389,1771
31.2417,1757
31.2444,1763
31.2472,1767
31.2500,1785
31.2528,1782
31.2556,1785
31.2583,1772
31.2611,1772
31.2639,1778
31.2667,1771
31.2694,1772
31.2722,1773
31.2750,1762
31.2778,1760
31.2806,1765
31.2833,1770
31.2861,1772
31.2889,1776
31.2917,1777
31.2944,1775
31.2972,1778
31.3000,1790
31.3028,1810
31.3056,1808
31.3083,1791
31.3111,1775
31.3139,1754
31.3167,1744
31.3194,1751
31.3222,1760
31.3250,1766
31.3278,1775
31.3306,1773
31.3333,1762
31.3361,1747
31.3389,1737
31.3417,1738
31.3444,1744
31.3472,1758
31.3500,1759
31.3528,1751
31.3556,1756
31.3583,1755
31.3611,1762
31.3639,1771
31.3667,1767
31.3694,1766
31.3722,1757
31.3750,1742
31.3778,1741
31.3806,1738
31.3833,1740
31.3861,1754
31.3889,1759
31.3917,1766
31.3944,1748
31.3972,1729
31.4000,1715
31.4028,1724
31.4056,1729
31.4083,1737
31.4111,1749
31.4139,1746
31.4167,1751
31.4194,1752
31.4222,1750
31.4250,1738
31.4278,1735
31.4306,1735
31.4333,1734
31.4361,1735
31.4389,1737
31.4417,1744
31.4444,1747
31.4472,1748
31.4500,1736
31.4528,1734
31.4556,1730
31.4583,1731
31.4611,1734
31.4639,1739
31.4667,1735
31.4694,1744
31.4722,1737
31.4750,1745
31.4778,1746
31.4806,1757
31.4833,1767
31.4861,1778
31.4889,1758
31.4917,1741
31.4944,1724
31.4972,1715
31.5000,1719
31.5028,1718
31.5056,1735
31.5083,1737
31.5111,1732
31.5139,1736
31.5167,1716
31.5194,1718
31.5222,1720
31.5250,1732
31.5278,1739
31.5306,1744
31.5333,1739
31.5361,1736
31.5389,1737
31.5417,1730
31.5444,1741
31.5472,1734
31.5500,1737
31.5528,1746
31.5556,1740
31.5583,1745
31.5611,1736
31.5639,1739
31.5667,1737
31.5694,1741
31.5722,1750
31.5750,1758
31.5778,1764
31.5806,1756
31.5833,1755
31.5861,1756
31.5889,1752
31.5917,1763
31.5944,1775
31.5972,1770
31.6000,1753
31.6028,1738
31.6056,1735
31.6083,1739
31.6111,1736
31.6139,1746
31.6167,1750
31.6194,1765
31.6222,1768
31.6250,1774
31.6278,1774
31.6306,1790
31.6333,1792
31.6361,1806
31.6389,1811
31.6417,1796
31.6444,1787
31.6472,1765
31.6500,1769
31.6528,1775
31.6556,1792
31.6583,1800
31.6611,1801
31.6639,1811
31.6667,1812
31.6694,1809
31.6722,1812
31.6750,1795
31.6778,1784
31.6806,1767
31.6833,1751
31.6861,1741
31.6889,1741
31.6917,1748
31.6944,1747
31.6972,1743
31.7000,1724
31.7028,1724
31.7056,1730
31.7083,1724
31.7111,1735
31.7139,1728
31.7167,1699
31.7194,1704
31.7222,1696
31.7250,1709
31.7278,1708
31.7306,1718
31.7333,1715
31.7361,1709
31.7389,1714
31.7417,1694
31.7444,1682
31.7472,1671
31.7500,1691
31.7528,1700
31.7556,1710
31.7583,1703
31.7611,1684
31.7639,1709
31.7667,1821
31.7694,2007
31.7722,2232
31.7750,2358
31.7778,2275
31.7806,2068
31.7833,1839
31.7861,1609
31.7889,1436
31.7917,1375
31.7944,1430
31.7972,1548
31.8000,1669
31.8028,1748
31.8056,1803
31.8083,1826
31.8111,1821
31.8139,1801
31.8167,1780
31.8194,1763
31.8222,1739
31.8250,1729
31.8278,1718
31.8306,1712
31.8333,1689
31.8361,1693
31.8389,1702
31.8417,1711
31.8444,1725
31.8472,1727
31.8500,1701
31.8528,1690
31.8556,1673
31.8583,1688
31.8611,1697
31.8639,1720
31.8667,1726
31.8694,1728
31.8722,1718
31.8750,1712
31.8778,1706
31.8806,1704
31.8833,1711
31.8861,1722
31.8889,1727
31.8917,1723
31.8944,1709
31.8972,1712
31.9000,1738
31.9028,1756
31.9056,1748
31.9083,1733
31.9111,1717
31.9139,1711
31.9167,1702
31.9194,1711
31.9222,1729
31.9250,1740
31.9278,1746
31.9306,1742
31.9333,1725
31.9361,1721
31.9389,1726
31.9417,1742
31.9444,1756
31.9472,1753
31.9500,1754
31.9528,1748
31.9556,1757
31.9583,1760
31.9611,1763
31.9639,1765
31.9667,1766
31.9694,1763
31.9722,1749
31.9750,1739
31.9778,1735
31.9806,1782
31.9833,1789
31.9861,1786
31.9889,1787
31.9917,1781
31.9944,1775
31.9972,1765
32.0000,1777
32.0028,1775
32.0056,1778
32.0083,1771
32.0111,1760
32.0139,1762
32.0167,1741
32.0194,1755
32.0222,1746
32.0250,1754
32.0278,1773
32.0306,1772
32.0333,1776
32.0361,1765
32.0389,1729
32.0417,1724
32.0444,1726
32.0472,1735
32.0500,1732
32.0528,1731
32.0556,1721
32.0583,1714
32.0611,1707
32.0639,1711
32.0667,1716
32.0694,1725
32.0722,1727
32.0750,1725
32.0778,1733
32.0806,1740
32.0833,1746
32.0861,1750
32.0889,1749
32.0917,1740
32.0944,1734
32.0972,1727
32.1000,1723
32.1028,1737
32.1056,1754
32.1083,1756
32.1111,1755
32.1139,1757
32.1167,1763
32.1194,1776
32.1222,1782
32.1250,1785
32.1278,1779
32.1306,1779
32.1333,1768
32.1361,1760
32.1389,1766
32.1417,1789
32.1444,1812
32.1472,1808
32.1500,1784
32.1528,1763
32.1556,1771
32.1583,1767
32.1611,1783
32.1639,1794
32.1667,1806
32.1694,1802
32.1722,1801
32.1750,1799
32.1778,1799
32.1806,1790
32.1833,1790
32.1861,1782
32.1889,1790
32.1917,1780
32.1944,1779
32.1972,1781
32.2000,1781
32.2028,1782
32.2056,1793
32.2083,1791
32.2111,1787
32.2139,1774
32.2167,1771
32.2194,1767
32.2222,1769
32.2250,1767
32.2278,1766
32.2306,1766
32.2333,1764
32.2361,1765
32.2389,1768
32.2417,1768
32.2444,1769
32.2472,1777
32.2500,1773
32.2528,1776
32.2556,1776
32.2583,1762
32.2611,1751
32.2639,1753
32.2667,1760
32.2694,1746
32.2722,1750
32.2750,1738
32.2778,1738
32.2806,1737
32.2833,1745
32.2861,1750
32.2889,1751
32.2917,1751
32.2944,1746
32.2972,1745
32.3000,1750
32.3028,1746
32.3056,1751
32.3083,1746
32.3111,1742
32.3139,1739
32.3167,1739
32.3194,1738
32.3222,1738
32.3250,1743
32.3278,1755
32.3306,1741
32.3333,1729
32.3361,1730
32.3389,1732
32.3417,1733
32.3444,1756
32.3472,1766
32.3500,1766
32.3528,1754
32.3556,1740
32.3583,1731
32.3611,1745
32.3639,1757
32.3667,1761
32.3694,1749
32.3722,1745
32.3750,1744
32.3778,1750
32.3806,1746
32.3833,1748
32.3861,1747
32.3889,1754
32.3917,1761
32.3944,1754
32.3972,1748
32.4000,1747
32.4028,1744
32.4056,1752
32.4083,1757
32.4111,1762
32.4139,1767
32.4167,1762
32.4194,1761
32.4222,1760
32.4250,1763
32.4278,1759
32.4306,1753
32.4333,1762
32.4361,1771
32.4389,1779
32.4417,1794
32.4444,1797
32.4472,1798
32.4500,1801
32.4528,1788
32.4556,1771
32.4583,1751
32.4611,1752
32.4639,1768
32.4667,1772
32.4694,1789
32.4722,1785
32.4750,1778
32.4778,1780
32.4806,1772
32.4833,1775
32.4861,1770
32.4889,1771
32.4917,1779
32.4944,1793
32.4972,1804
32.5000,1799
32.5028,1804
32.5056,1797
32.5083,1777
32.5111,1771
32.5139,1769
32.5167,1768
32.5194,1769
32.5222,1780
32.5250,1777
32.5278,1776
32.5306,1787
32.5333,1795
32.5361,1791
32.5389,1800
32.5417,1803
32.5444,1813
32.5472,1816
32.5500,1834
32.5528,1834
32.5556,1832
32.5583,1827
32.5611,1822
32.5639,1815
32.5667,1826
32.5694,1861
32.5722,1869
32.5750,1851
32.5778,1827
32.5806,1796
32.5833,1783
32.5861,1776
32.5889,1783
32.5917,1766
32.5944,1767
32.5972,1770
32.6000,1772
32.6028,1783
32.6056,1784
32.6083,1777
32.6111,1766
32.6139,1746
32.6167,1744
32.6194,1748
32.6222,1752
32.6250,1764
32.6278,1765
32.6306,1762
32.6333,1764
32.6361,1773
32.6389,1763
32.6417,1753
32.6444,1736
32.6472,1728
32.6500,1718
32.6528,1708
32.6556,1699
32.6583,1716
32.6611,1738
32.6639,1744
32.6667,1745
32.6694,1729
32.6722,1711
32.6750,1746
32.6778,1853
32.6806,2022
32.6833,2181
32.6861,2191
32.6889,2011
32.6917,1768
32.6944,1562
32.6972,1438
32.7000,1351
32.7028,1355
32.7056,1431
32.7083,1595
32.7111,1756
32.7139,1860
32.7167,1902
32.7194,1896
32.7222,1872
32.7250,1851
32.7278,1823
32.7306,1793
32.7333,1778
32.7361,1766
32.7389,1747
32.7417,1724
32.7444,1699
32.7472,1693
32.7500,1694
32.7528,1708
32.7556,1717
32.7583,1717
32.7611,1702
32.7639,1700
32.7667,1707
32.7694,1719
32.7722,1731
32.7750,1744
32.7778,1739
32.7806,1733
32.7833,1714
32.7861,1713
32.7889,1716
32.7917,1713
32.7944,1709
32.7972,1717
32.8000,1715
32.8028,1711
32.8056,1699
32.8083,1699
32.8111,1717
32.8139,1732
32.8167,1747
32.8194,1744
32.8222,1735
32.8250,1729
32.8278,1728
32.8306,1734
32.8333,1742
32.8361,1755
32.8389,1749
32.8417,1736
32.8444,1720
32.8472,1712
32.8500,1724
32.8528,1728
32.8556,1741
32.8583,1737
32.8611,1735
32.8639,1732
32.8667,1727
32.8694,1734
32.8722,1751
32.8750,1759
32.8778,1760
32.8806,1763
32.8833,1749
32.8861,1747
32.8889,1796
32.8917,1803
32.8944,1809
32.8972,1809
32.9000,1785
32.9028,1766
32.9056,1756
32.9083,1751
32.9111,1764
32.9139,1766
32.9167,1775
32.9194,1741
32.9222,1720
32.9250,1700
32.9278,1690
32.9306,1693
32.9333,1705
32.9361,1708
32.9389,1709
32.9417,1714
32.9444,1712
32.9472,1712
32.9500,1707
32.9528,1719
32.9556,1726
32.9583,1731
32.9611,1722
32.9639,1715
32.9667,1699
32.9694,1690
32.9722,1695
32.9750,1708
32.9778,1710
32.9806,1704
32.9833,1702
32.9861,1697
32.9889,1699
32.9917,1713
32.9944,1716
32.9972,1711
33.0000,1711
33.0028,1717
33.0056,1723
33.0083,1731
33.0111,1718
33.0139,1695
33.0167,1697
33.0194,1700
33.0222,1703
33.0250,1707
33.0278,1719
33.0306,1730
33.0333,1737
33.0361,1748
33.0389,1752
33.0417,1743
33.0444,1726
33.0472,1723
33.0500,1732
33.0528,1747
33.0556,1762
33.0583,1768
33.0611,1764
33.0639,1761
33.0667,1755
33.0694,1752
33.0722,1742
33.0750,1750
33.0778,1766
33.0806,1778
33.0833,1772
33.0861,1748
33.0889,1732
33.0917,1727
33.0944,1730
33.0972,1740
33.1000,1753
33.1028,1740
33.1056,1730
33.1083,1730
33.1111,1720
33.1139,1718
33.1167,1716
33.1194,1714
33.1222,1724
33.1250,1727
33.1278,1740
33.1306,1737
33.1333,1724
33.1361,1707
33.1389,1696
33.1417,1697
33.1444,1706
33.1472,1709
33.1500,1713
33.1528,1718
33.1556,1726
33.1583,1738
33.1611,1735
33.1639,1726
33.1667,1715
33.1694,1707
33.1722,1706
33.1750,1698
33.1778,1710
33.1806,1722
33.1833,1735
33.1861,1733
33.1889,1702
33.1917,1689
33.1944,1684
33.1972,1691
33.2000,1695
33.2028,1707
33.2056,1697
33.2083,1702
33.2111,1706
33.2139,1708
33.2167,1699
33.2194,1705
33.2222,1700
33.2250,1705
33.2278,1700
33.2306,1687
33.2333,1687
33.2361,1683
33.2389,1678
33.2417,1681
33.2444,1690
33.2472,1702
33.2500,1711
33.2528,1718
33.2556,1723
33.2583,1706
33.2611,1690
33.2639,1688
33.2667,1691
33.2694,1702
33.2722,1700
33.2750,1688
33.2778,1666
33.2806,1666
33.2833,1664
33.2861,1677
33.2889,1700
33.2917,1731
33.2944,1746
33.2972,1739
33.3000,1713
33.3028,1709
33.3056,1693
33.3083,1699
33.3111,1722
33.3139,1746
33.3167,1760
33.3194,1771
33.3222,1776
33.3250,1780
33.3278,1773
33.3306,1758
33.3333,1769
33.3361,1773
33.3389,1780
33.3417,1792
33.3444,1790
33.3472,1776
33.3500,1770
33.3528,1765
33.3556,1765
33.3583,1758
33.3611,1740
33.3639,1722
33.3667,1716
33.3694,1714
33.3722,1716
33.3750,1716
33.3778,1700
33.3806,1685
33.3833,1673
33.3861,1663
33.3889,1666
33.3917,1672
33.3944,1675
33.3972,1679
33.4000,1678
33.4028,1676
33.4056,1667
33.4083,1676
33.4111,1694
33.4139,1707
33.4167,1712
33.4194,1715
33.4222,1697
33.4250,1701
33.4278,1673
33.4306,1676
33.4333,1695
33.4361,1710
33.4389,1718
33.4417,1694
33.4444,1682
33.4472,1702
33.4500,1808
33.4528,1964
33.4556,2104
33.4583,2050
33.4611,1801
33.4639,1550
33.4667,1364
33.4694,1278
33.4722,1252
33.4750,1274
33.4778,1373
33.4806,1545
33.4833,1705
33.4861,1817
33.4889,1869
33.4917,1847
33.4944,1818
33.4972,1788
33.5000,1764
33.5028,1753
33.5056,1738
33.5083,1740
33.5111,1716
33.5139,1691
33.5167,1680
33.5194,1670
33.5222,1671
33.5250,1677
33.5278,1694
33.5306,1695
33.5333,1681
33.5361,1673
33.5389,1670
33.5417,1673
33.5444,1689
33.5472,1689
33.5500,1698
33.5528,1688
33.5556,1676
33.5583,1686
33.5611,1692
33.5639,1702
33.5667,1713
33.5694,1706
33.5722,1700
33.5750,1696
33.5778,1694
33.5806,1711
33.5833,1728
33.5861,1747
33.5889,1745
33.5917,1738
33.5944,1734
33.5972,1730
33.6000,1740
33.6028,1734
33.6056,1749
33.6083,1757
33.6111,1755
33.6139,1751
33.6167,1748
33.6194,1753
33.6222,1758
33.6250,1782
33.6278,1799
33.6306,1788
33.6333,1761
33.6361,1745
33.6389,1745
33.6417,1768
33.6444,1795
33.6472,1802
33.6500,1797
33.6528,1798
33.6556,1795
33.6583,1809
33.6611,1777
33.6639,1776
33.6667,1787
33.6694,1789
33.6722,1778
33.6750,1763
33.6778,1761
33.6806,1758
33.6833,1763
33.6861,1763
33.6889,1760
33.6917,1742
33.6944,1726
33.6972,1726
33.7000,1739
33.7028,1744
33.7056,1743
33.7083,1737
33.7111,1732
33.7139,1720
33.7167,1724
33.7194,1719
33.7222,1728
33.7250,1734
33.7278,1731
33.7306,1729
33.7333,1727
33.7361,1722
33.7389,1725
33.7417,1725
33.7444,1746
33.7472,1749
33.7500,1731
33.7528,1708
33.7556,1701
33.7583,1702
33.7611,1714
33.7639,1713
33.7667,1716
33.7694,1710
33.7722,1722
33.7750,1735
33.7778,1731
33.7806,1738
33.7833,1744
33.7861,1735
33.7889,1734
33.7917,1731
33.7944,1734
33.7972,1726
33.8000,1727
33.8028,1718
33.8056,1726
33.8083,1729
33.8111,1733
33.8139,1738
33.8167,1743
33.8194,1752
33.8222,1749
33.8250,1759
33.8278,1763
33.8306,1761
33.8333,1745
33.8361,1733
33.8389,1743
33.8417,1760
33.8444,1759
33.8472,1764
33.8500,1754
33.8528,1758
33.8556,1771
33.8583,1765
33.8611,1764
33.8639,1760
33.8667,1765
33.8694,1762
33.8722,1766
33.8750,1776
33.8778,1770
33.8806,1773
33.8833,1753
33.8861,1752
33.8889,1737
33.8917,1747
33.8944,1760
33.8972,1750
33.9000,1756
33.9028,1744
33.9056,1740
33.9083,1734
33.9111,1738
33.9139,1729
33.9167,1737
33.9194,1743
33.9222,1749
33.9250,1755
33.9278,1756
33.9306,1757
33.9333,1751
33.9361,1731
33.9389,1718
33.9417,1716
33.9444,1715
33.9472,1718
33.9500,1721
33.9528,1736
33.9556,1738
33.9583,1753
33.9611,1757
33.9639,1748
33.9667,1744
33.9694,1737
33.9722,1748
33.9750,1747
33.9778,1760
33.9806,1756
33.9833,1755
33.9861,1754
33.9889,1746
33.9917,1751
33.9944,1743
33.9972,1739
34.0000,1754
34.0028,1764
34.0056,1784
34.0083,1778
34.0111,1770
34.0139,1770
34.0167,1774
34.0194,1774
34.0222,1779
34.0250,1775
34.0278,1771
34.0306,1775
34.0333,1778
34.0361,1767
34.0389,1762
34.0417,1763
34.0444,1775
34.0472,1775
34.0500,1791
34.0528,1809
34.0556,1824
34.0583,1839
34.0611,1848
34.0639,1871
34.0667,1884
34.0694,1887
34.0722,1877
34.0750,1874
34.0778,1872
34.0806,1884
34.0833,1884
34.0861,1901
34.0889,1898
34.0917,1895
34.0944,1891
34.0972,1874
34.1000,1876
34.1028,1866
34.1056,1849
34.1083,1839
34.1111,1820
34.1139,1797
34.1167,1790
34.1194,1785
34.1222,1790
34.1250,1797
34.1278,1786
34.1306,1785
34.1333,1777
34.1361,1785
34.1389,1791
34.1417,1804
34.1444,1803
34.1472,1791
34.1500,1769
34.1528,1766
34.1556,1749
34.1583,1749
34.1611,1753
34.1639,1748
34.1667,1752
34.1694,1752
34.1722,1745
34.1750,1736
34.1778,1735
34.1806,1754
34.1833,1782
34.1861,1795
34.1889,1785
34.1917,1783
34.1944,1791
34.1972,1896
34.2000,2081
34.2028,2316
34.2056,2479
34.2083,2428
34.2111,2191
34.2139,1913
34.2167,1628
34.2194,1437
34.2222,1348
34.2250,1394
34.2278,1513
34.2306,1673
34.2333,1787
34.2361,1853
34.2389,1891
34.2417,1871
34.2444,1838
34.2472,1801
34.2500,1773
34.2528,1773
34.2556,1760
34.2583,1760
34.2611,1749
34.2639,1737
34.2667,1725
34.2694,1725
34.2722,1740
34.2750,1747
34.2778,1746
34.2806,1740
34.2833,1738
34.2861,1726
34.2889,1729
34.2917,1743
34.2944,1752
34.2972,1752
34.3000,1731
34.3028,1714
34.3056,1713
34.3083,1710
34.3111,1715
34.3139,1736
34.3167,1745
34.3194,1746
34.3222,1737
34.3250,1734
34.3278,1717
34.3306,1723
34.3333,1739
34.3361,1755
34.3389,1756
34.3417,1741
34.3444,1734
34.3472,1736
34.3500,1733
34.3528,1746
34.3556,1752
34.3583,1762
34.3611,1762
34.3639,1744
34.3667,1734
34.3694,1729
34.3722,1741
34.3750,1759
34.3778,1771
34.3806,1761
34.3833,1736
34.3861,1716
34.3889,1722
34.3917,1728
34.3944,1742
34.3972,1757
34.4000,1760
34.4028,1761
34.4056,1750
34.4083,1756
34.4111,1798
34.4139,1808
34.4167,1807
34.4194,1805
34.4222,1791
34.4250,1776
34.4278,1783
34.4306,1774
34.4333,1775
34.4361,1770
34.4389,1770
34.4417,1777
34.4444,1762
34.4472,1761
34.4500,1759
34.4528,1755
34.4556,1763
34.4583,1751
34.4611,1738
34.4639,1733
34.4667,1721
34.4694,1725
34.4722,1742
34.4750,1752
34.4778,1764
34.4806,1766
34.4833,1746
34.4861,1729
34.4889,1708
34.4917,1712
34.4944,1709
34.4972,1717
34.5000,1718
34.5028,1717
34.5056,1711
34.5083,1710
34.5111,1719
34.5139,1728
34.5167,1741
34.5194,1738
34.5222,1741
34.5250,1735
34.5278,1730
34.5306,1726
34.5333,1738
34.5361,1737
34.5389,1739
34.5417,1734
34.5444,1735
34.5472,1734
34.5500,1742
34.5528,1750
34.5556,1756
34.5583,1754
34.5611,1753
34.5639,1755
34.5667,1758
34.5694,1765
34.5722,1764
34.5750,1761
34.5778,1764
34.5806,1757
34.5833,1756
34.5861,1767
34.5889,1771
34.5917,1767
34.5944,1777
34.5972,1795
34.6000,1790
34.6028,1773
34.6056,1759
34.6083,1755
34.6111,1766
34.6139,1783
34.6167,1795
34.6194,1789
34.6222,1782
34.6250,1780
34.6278,1773
34.6306,1773
34.6333,1776
34.6361,1780
34.6389,1779
34.6417,1772
34.6444,1765
34.6472,1769
34.6500,1767
34.6528,1780
34.6556,1779
34.6583,1784
34.6611,1782
34.6639,1774
34.6667,1768
34.6694,1757
34.6722,1761
34.6750,1780
34.6778,1777
34.6806,1773
34.6833,1758
34.6861,1753
34.6889,1746
34.6917,1746
34.6944,1751
34.6972,1756
34.7000,1761
34.7028,1776
34.7056,1787
34.7083,1779
34.7111,1748
34.7139,1750
34.7167,1737
34.7194,1750
34.7222,1742
34.7250,1756
34.7278,1757
34.7306,1763
34.7333,1771
34.7361,1774
34.7389,1774
34.7417,1764
34.7444,1765
34.7472,1768
34.7500,1784
34.7528,1786
34.7556,1786
34.7583,1779
34.7611,1774
34.7639,1773
34.7667,1758
34.7694,1753
34.7722,1754
34.7750,1752
34.7778,1757
34.7806,1761
34.7833,1769
34.7861,1774
34.7889,1780
34.7917,1771
34.7944,1778
34.7972,1778
34.8000,1770
34.8028,1757
34.8056,1736
34.8083,1735
34.8111,1744
34.8139,1748
34.8167,1759
34.8194,1749
34.8222,1747
34.8250,1737
34.8278,1738
34.8306,1742
34.8333,1745
34.8361,1755
34.8389,1748
34.8417,1749
34.8444,1748
34.8472,1737
34.8500,1731
34.8528,1738
34.8556,1744
34.8583,1751
34.8611,1758
34.8639,1781
34.8667,1799
34.8694,1815
34.8722,1811
34.8750,1815
34.8778,1810
34.8806,1813
34.8833,1815
34.8861,1820
34.8889,1832
34.8917,1842
34.8944,1835
34.8972,1829
34.9000,1809
34.9028,1803
34.9056,1797
34.9083,1793
34.9111,1784
34.9139,1771
34.9167,1756
34.9194,1742
34.9222,1726
34.9250,1732
34.9278,1739
34.9306,1736
34.9333,1744
34.9361,1744
34.9389,1740
34.9417,1728
34.9444,1711
34.9472,1695
34.9500,1698
34.9528,1704
34.9556,1705
34.9583,1717
34.9611,1718
34.9639,1720
34.9667,1718
34.9694,1710
34.9722,1713
34.9750,1711
34.9778,1719
34.9806,1716
34.9833,1711
34.9861,1709
34.9889,1731
34.9917,1751
34.9944,1734
34.9972,1710
35.0000,1700
35.0028,1742
35.0056,1875
35.0083,2064
35.0111,2270
35.0139,2353
35.0167,2204
35.0194,1957
35.0222,1699
35.0250,1475
35.0278,1330
35.0306,1310
35.0333,1406
35.0361,1554
35.0389,1699
35.0417,1782
35.0444,1818
35.0472,1821
35.0500,1809
35.0528,1784
35.0556,1769
35.0583,1759
35.0611,1745
35.0639,1741
35.0667,1719
35.0694,1698
35.0722,1675
35.0750,1678
35.0778,1674
35.0806,1695
35.0833,1702
35.0861,1713
35.0889,1701
35.0917,1681
35.0944,1665
35.0972,1667
35.1000,1681
35.1028,1691
35.1056,1697
35.1083,1690
35.1111,1679
35.1139,1684
35.1167,1685
35.1194,1684
35.1222,1692
35.1250,1700
35.1278,1696
35.1306,1683
35.1333,1685
35.1361,1705
35.1389,1715
35.1417,1723
35.1444,1717
35.1472,1706
35.1500,1705
35.1528,1723
35.1556,1725
35.1583,1733
35.1611,1722
35.1639,1714
35.1667,1706
35.1694,1710
35.1722,1709
35.1750,1718
35.1778,1730
35.1806,1737
35.1833,1745
35.1861,1737
35.1889,1734
35.1917,1722
35.1944,1718
35.1972,1717
35.2000,1733
35.2028,1743
35.2056,1795
35.2083,1793
35.2111,1767
35.2139,1761
35.2167,1764
35.2194,1775
35.2222,1786
35.2250,1790
35.2278,1789
35.2306,1779
35.2333,1768
35.2361,1760
35.2389,1757
35.2417,1762
35.2444,1754
35.2472,1752
35.2500,1739
35.2528,1736
35.2556,1729
35.2583,1730
35.2611,1735
35.2639,1736
35.2667,1728
35.2694,1728
35.2722,1720
35.2750,1706
35.2778,1714
35.2806,1725
35.2833,1747
35.2861,1738
35.2889,1719
35.2917,1693
35.2944,1681
35.2972,1687
35.3000,1696
35.3028,1698
35.3056,1710
35.3083,1708
35.3111,1706
35.3139,1701
35.3167,1710
35.3194,1718
35.3222,1719
35.3250,1731
35.3278,1731
35.3306,1734
35.3333,1725
35.3361,1724
35.3389,1726
35.3417,1721
35.3444,1729
35.3472,1728
35.3500,1737
35.3528,1729
35.3556,1726
35.3583,1725
35.3611,1741
35.3639,1754
35.3667,1768
35.3694,1767
35.3722,1761
35.3750,1758
35.3778,1741
35.3806,1736
35.3833,1738
35.3861,1744
35.3889,1745
35.3917,1738
35.3944,1735
35.3972,1742
35.4000,1747
35.4028,1750
35.4056,1765
35.4083,1762
35.4111,1768
35.4139,1766
35.4167,1759
35.4194,1764
35.4222,1755
35.4250,1764
35.4278,1768
35.4306,1759
35.4333,1761
35.4361,1761
35.4389,1751
35.4417,1751
35.4444,1756
35.4472,1751
35.4500,1749
35.4528,1735
35.4556,1742
35.4583,1751
35.4611,1757
35.4639,1765
35.4667,1755
35.4694,1762
35.4722,1752
35.4750,1759
35.4778,1765
35.4806,1764
35.4833,1774
35.4861,1784
35.4889,1778
35.4917,1761
35.4944,1740
35.4972,1736
35.5000,1741
35.5028,1745
35.5056,1737
35.5083,1752
35.5111,1755
35.5139,1757
35.5167,1764
35.5194,1768
35.5222,1761
35.5250,1742
35.5278,1743
35.5306,1740
35.5333,1750
35.5361,1754
35.5389,1765
35.5417,1765
35.5444,1746
35.5472,1731
35.5500,1740
35.5528,1736
35.5556,1742
35.5583,1747
35.5611,1756
35.5639,1761
35.5667,1764
35.5694,1762
35.5722,1769
35.5750,1769
35.5778,1779
35.5806,1791
35.5833,1795
35.5861,1793
35.5889,1796
35.5917,1782
35.5944,1764
35.5972,1767
35.6000,1773
35.6028,1767
35.6056,1772
35.6083,1762
35.6111,1757
35.6139,1757
35.6167,1755
35.6194,1766
35.6222,1782
35.6250,1790
35.6278,1787
35.6306,1771
35.6333,1768
35.6361,1766
35.6389,1772
35.6417,1765
35.6444,1772
35.6472,1765
35.6500,1758
35.6528,1756
35.6556,1758
35.6583,1756
35.6611,1760
35.6639,1761
35.6667,1775
35.6694,1774
35.6722,1782
35.6750,1792
35.6778,1788
35.6806,1780
35.6833,1785
35.6861,1786
35.6889,1779
35.6917,1782
35.6944,1782
35.6972,1784
35.7000,1790
35.7028,1781
35.7056,1789
35.7083,1795
35.7111,1798
35.7139,1800
35.7167,1809
35.7194,1825
35.7222,1845
35.7250,1847
35.7278,1843
35.7306,1838
35.7333,1829
35.7361,1818
35.7389,1815
35.7417,1816
35.7444,1823
35.7472,1830
35.7500,1841
35.7528,1856
35.7556,1839
35.7583,1820
35.7611,1808
35.7639,1801
35.7667,1796
35.7694,1786
35.7722,1780
35.7750,1770
35.7778,1765
35.7806,1767
35.7833,1762
35.7861,1752
35.7889,1746
35.7917,1737
35.7944,1725
35.7972,1723
35.8000,1732
35.8028,1734
35.8056,1730
35.8083,1747
35.8111,1748
35.8139,1746
35.8167,1736
35.8194,1732
35.8222,1738
35.8250,1739
35.8278,1733
35.8306,1722
35.8333,1714
35.8361,1704
35.8389,1713
35.8417,1745
35.8444,1755
35.8472,1750
35.8500,1720
35.8528,1705
35.8556,1761
35.8583,1891
35.8611,2106
35.8639,2305
35.8667,2373
35.8694,2224
35.8722,1989
35.8750,1757
35.8778,1551
35.8806,1418
35.8833,1386
35.8861,1476
35.8889,1614
35.8917,1737
35.8944,1810
35.8972,1850
35.9000,1855
35.9028,1845
35.9056,1813
35.9083,1775
35.9111,1750
35.9139,1727
35.9167,1713
35.9194,1712
35.9222,1694
35.9250,1687
35.9278,1681
35.9306,1692
35.9333,1705
35.9361,1721
35.9389,1721
35.9417,1715
35.9444,1701
35.9472,1688
35.9500,1698
35.9528,1710
35.9556,1719
35.9583,1708
35.9611,1694
35.9639,1680
35.9667,1670
35.9694,1685
35.9722,1715
35.9750,1725
35.9778,1715
35.9806,1697
35.9833,1693
35.9861,1676
35.9889,1677
35.9917,1686
35.9944,1717
35.9972,1740
36.0000,1741
36.0028,1732
36.0056,1713
36.0083,1702
36.0111,1702
36.0139,1702
36.0167,1703
36.0194,1704
36.0222,1696
36.0250,1699
36.0278,1709
36.0306,1725
36.0333,1726
36.0361,1743
36.0389,1740
36.0417,1739
36.0444,1727
36.0472,1728
36.0500,1730
36.0528,1734
36.0556,1737
36.0583,1808
36.0611,1794
36.0639,1804
36.0667,1795
36.0694,1794
36.0722,1799
36.0750,1788
36.0778,1778
36.0806,1772
36.0833,1754
36.0861,1749
36.0889,1754
36.0917,1755
36.0944,1760
36.0972,1767
36.1000,1770
36.1028,1767
36.1056,1749
36.1083,1738
36.1111,1727
36.1139,1726
36.1167,1731
36.1194,1741
36.1222,1741
36.1250,1736
36.1278,1729
36.1306,1708
36.1333,1702
36.1361,1701
36.1389,1712
36.1417,1710
36.1444,1708
36.1472,1705
36.1500,1701
36.1528,1708
36.1556,1716
36.1583,1719
36.1611,1721
36.1639,1721
36.1667,1724
36.1694,1723
36.1722,1717
36.1750,1720
36.1778,1718
36.1806,1718
36.1833,1711
36.1861,1716
36.1889,1733
36.1917,1747
36.1944,1760
36.1972,1764
36.2000,1754
36.2028,1740
36.2056,1726
36.2083,1726
36.2111,1732
36.2139,1743
36.2167,1757
36.2194,1753
36.2222,1740
36.2250,1730
36.2278,1732
36.2306,1745
36.2333,1775
36.2361,1789
36.2389,1777
36.2417,1758
36.2444,1739
36.2472,1739
36.2500,1757
36.2528,1770
36.2556,1785
36.2583,1792
36.2611,1786
36.2639,1770
36.2667,1761
36.2694,1756
36.2722,1767
36.2750,1776
36.2778,1774
36.2806,1769
36.2833,1778
36.2861,1769
36.2889,1768
36.2917,1767
36.2944,1768
36.2972,1759
36.3000,1764
36.3028,1766
36.3056,1777
36.3083,1776
36.3111,1777
36.3139,1769
36.3167,1770
36.3194,1759
36.3222,1751
36.3250,1744
36.3278,1742
36.3306,1743
36.3333,1749
36.3361,1760
36.3389,1750
36.3417,1735
36.3444,1722
36.3472,1719
36.3500,1723
36.3528,1738
36.3556,1751
36.3583,1751
36.3611,1742
36.3639,1744
36.3667,1752
36.3694,1758
36.3722,1762
36.3750,1762
36.3778,1758
36.3806,1753
36.3833,1749
36.3861,1748
36.3889,1752
36.3917,1748
36.3944,1749
36.3972,1748
36.4000,1755
36.4028,1756
36.4056,1763
36.4083,1764
36.4111,1769
36.4139,1761
36.4167,1749
36.4194,1738
36.4222,1730
36.4250,1739
36.4278,1741
36.4306,1750
36.4333,1752
36.4361,1759
36.4389,1762
36.4417,1769
36.4444,1766
36.4472,1763
36.4500,1733
36.4528,1716
36.4556,1695
36.4583,1698
36.4611,1698
36.4639,1710
36.4667,1718
36.4694,1735
36.4722,1752
36.4750,1762
36.4778,1742
36.4806,1746
36.4833,1736
36.4861,1736
36.4889,1737
36.4917,1745
36.4944,1742
36.4972,1747
36.5000,1738
36.5028,1741
36.5056,1735
36.5083,1747
36.5111,1766
36.5139,1777
36.5167,1792
36.5194,1789
36.5222,1790
36.5250,1783
36.5278,1779
36.5306,1789
36.5333,1786
36.5361,1789
36.5389,1804
36.5417,1816
36.5444,1804
36.5472,1809
36.5500,1802
36.5528,1807
36.5556,1802
36.5583,1801
36.5611,1805
36.5639,1794
36.5667,1782
36.5694,1769
36.5722,1746
36.5750,1727
36.5778,1727
36.5806,1728
36.5833,1722
36.5861,1717
36.5889,1714
36.5917,1708
36.5944,1697
36.5972,1700
36.6000,1698
36.6028,1692
36.6056,1684
36.6083,1685
36.6111,1696
36.6139,1699
36.6167,1689
36.6194,1671
36.6222,1666
36.6250,1663
36.6278,1669
36.6306,1658
36.6333,1672
36.6361,1685
36.6389,1686
36.6417,1689
36.6444,1696
36.6472,1708
36.6500,1713
36.6528,1681
36.6556,1676
36.6583,1726
36.6611,1841
36.6639,1995
36.6667,2097
36.6694,1971
36.6722,1718
36.6750,1483
36.6778,1332
36.6806,1271
36.6833,1271
36.6861,1307
36.6889,1422
36.6917,1589
36.6944,1746
36.6972,1852
36.7000,1863
36.7028,1840
36.7056,1793
36.7083,1750
36.7111,1734
36.7139,1731
36.7167,1733
36.7194,1721
36.7222,1707
36.7250,1690
36.7278,1677
36.7306,1682
36.7333,1683
36.7361,1696
36.7389,1695
36.7417,1690
36.7444,1696
36.7472,1702
36.7500,1704
36.7528,1705
36.7556,1711
36.7583,1701
36.7611,1685
36.7639,1685
36.7667,1679
36.7694,1697
36.7722,1711
36.7750,1732
36.7778,1733
36.7806,1723
36.7833,1724
36.7861,1717
36.7889,1717
36.7917,1734
36.7944,1754
36.7972,1756
36.8000,1746
36.8028,1736
36.8056,1729
36.8083,1723
36.8111,1715
36.8139,1737
36.8167,1743
36.8194,1751
36.8222,1759
36.8250,1752
36.8278,1741
36.8306,1735
36.8333,1741
36.8361,1748
36.8389,1747
36.8417,1756
36.8444,1753
36.8472,1751
36.8500,1755
36.8528,1763
36.8556,1772
36.8583,1767
36.8611,1764
36.8639,1759
36.8667,1763
36.8694,1779
36.8722,1789
36.8750,1790
36.8778,1789
36.8806,1786
36.8833,1767
36.8861,1763
36.8889,1755
36.8917,1766
36.8944,1777
36.8972,1770
36.9000,1769
36.9028,1770
36.9056,1766
36.9083,1760
36.9111,1760
36.9139,1768
36.9167,1766
36.9194,1764
36.9222,1738
36.9250,1720
36.9278,1711
36.9306,1709
36.9333,1722
36.9361,1738
36.9389,1751
36.9417,1742
36.9444,1721
36.9472,1709
36.9500,1711
36.9528,1711
36.9556,1728
36.9583,1723
36.9611,1722
36.9639,1732
36.9667,1739
36.9694,1736
36.9722,1738
36.9750,1736
36.9778,1730
36.9806,1729
36.9833,1732
36.9861,1735
36.9889,1741
36.9917,1740
36.9944,1743
36.9972,1744
37.0000,1737
37.0028,1732
37.0056,1722
37.0083,1722
37.0111,1741
37.0139,1741
37.0167,1751
37.0194,1753
37.0222,1761
37.0250,1760
37.0278,1764
37.0306,1758
37.0333,1749
37.0361,1759
37.0389,1752
37.0417,1747
37.0444,1752
37.0472,1743
37.0500,1759
37.0528,1764
37.0556,1763
37.0583,1762
37.0611,1763
37.0639,1758
37.0667,1757
37.0694,1743
37.0722,1746
37.0750,1751
37.0778,1763
37.0806,1767
37.0833,1765
37.0861,1768
37.0889,1755
37.0917,1747
37.0944,1741
37.0972,1741
37.1000,1743
37.1028,1746
37.1056,1750
37.1083,1759
37.1111,1760
37.1139,1762
37.1167,1765
37.1194,1762
37.1222,1772
37.1250,1787
37.1278,1778
37.1306,1772
37.1333,1763
37.1361,1768
37.1389,1758
37.1417,1760
37.1444,1762
37.1472,1765
37.1500,1777
37.1528,1776
37.1556,1771
37.1583,1757
37.1611,1760
37.1639,1760
37.1667,1754
37.1694,1751
37.1722,1749
37.1750,1754
37.1778,1764
37.1806,1749
37.1833,1759
37.1861,1765
37.1889,1775
37.1917,1779
37.1944,1776
37.1972,1776
37.2000,1766
37.2028,1761
37.2056,1758
37.2083,1767
37.2111,1776
37.2139,1784
37.2167,1795
37.2194,1805
37.2222,1813
37.2250,1825
37.2278,1847
37.2306,1858
37.2333,1863
37.2361,1871
37.2389,1877
37.2417,1871
37.2444,1871
37.2472,1881
37.2500,1869
37.2528,1846
37.2556,1850
37.2583,1830
37.2611,1825
37.2639,1808
37.2667,1806
37.2694,1795
37.2722,1790
37.2750,1777
37.2778,1763
37.2806,1756
37.2833,1746
37.2861,1737
37.2889,1733
37.2917,1729
37.2944,1737
37.2972,1738
37.3000,1729
37.3028,1730
37.3056,1725
37.3083,1731
37.3111,1731
37.3139,1743
37.3167,1747
37.3194,1761
37.3222,1761
37.3250,1757
37.3278,1751
37.3306,1746
37.3333,1735
37.3361,1713
37.3389,1697
37.3417,1707
37.3444,1744
37.3472,1745
37.3500,1745
37.3528,1725
37.3556,1765
37.3583,1900
37.3611,2114
37.3639,2385
37.3667,2620
37.3694,2608
37.3722,2379
37.3750,2072
37.3778,1765
37.3806,1502
37.3833,1337
37.3861,1317
37.3889,1412
37.3917,1560
37.3944,1682
37.3972,1775
37.4000,1830
37.4028,1838
37.4056,1832
37.4083,1823
37.4111,1798
37.4139,1781
37.4167,1761
37.4194,1746
37.4222,1723
37.4250,1718
37.4278,1712
37.4306,1717
37.4333,1736
37.4361,1741
37.4389,1743
37.4417,1744
37.4444,1726
37.4472,1720
37.4500,1716
37.4528,1741
37.4556,1767
37.4583,1778
37.4611,1767
37.4639,1749
37.4667,1722
37.4694,1703
37.4722,1709
37.4750,1728
37.4778,1741
37.4806,1750
37.4833,1733
37.4861,1718
37.4889,1720
37.4917,1740
37.4944,1769
37.4972,1778
37.5000,1760
37.5028,1742
37.5056,1726
37.5083,1713
37.5111,1711
37.5139,1733
37.5167,1744
37.5194,1758
37.5222,1757
37.5250,1754
37.5278,1745
37.5306,1746
37.5333,1750
37.5361,1770
37.5389,1773
37.5417,1777
37.5444,1745
37.5472,1735
37.5500,1732
37.5528,1743
37.5556,1749
37.5583,1812
37.5611,1815
37.5639,1811
37.5667,1803
37.5694,1803
37.5722,1784
37.5750,1780
37.5778,1764
37.5806,1767
37.5833,1767
37.5861,1773
37.5889,1763
37.5917,1776
37.5944,1776
37.5972,1785
37.6000,1792
37.6028,1776
37.6056,1763
37.6083,1752
37.6111,1747
37.6139,1761
37.6167,1752
37.6194,1764
37.6222,1756
37.6250,1741
37.6278,1731
37.6306,1733
37.6333,1730
37.6361,1741
37.6389,1741
37.6417,1734
37.6444,1726
37.6472,1723
37.6500,1726
37.6528,1728
37.6556,1736
37.6583,1732
37.6611,1732
37.6639,1729
37.6667,1729
37.6694,1717
37.6722,1714
37.6750,1722
37.6778,1740
37.6806,1746
37.6833,1740
37.6861,1712
37.6889,1700
37.6917,1695
37.6944,1705
37.6972,1726
37.7000,1737
37.7028,1732
37.7056,1734
37.7083,1738
37.7111,1740
37.7139,1758
37.7167,1761
37.7194,1762
37.7222,1761
37.7250,1755
37.7278,1757
37.7306,1760
37.7333,1756
37.7361,1784
37.7389,1779
37.7417,1768
37.7444,1764
37.7472,1762
37.7500,1769
37.7528,1778
37.7556,1785
37.7583,1786
37.7611,1781
37.7639,1777
37.7667,1767
37.7694,1769
37.7722,1769
37.7750,1785
37.7778,1785
37.7806,1777
37.7833,1769
37.7861,1778
37.7889,1799
37.7917,1806
37.7944,1798
37.7972,1785
37.8000,1779
37.8028,1775
37.8056,1763
37.8083,1763
37.8111,1765
37.8139,1766
37.8167,1764
37.8194,1756
37.8222,1754
37.8250,1754
37.8278,1757
37.8306,1756
37.8333,1758
37.8361,1756
37.8389,1752
37.8417,1750
37.8444,1744
37.8472,1743
37.8500,1751
37.8528,1763
37.8556,1761
37.8583,1764
37.8611,1755
37.8639,1748
37.8667,1744
37.8694,1741
37.8722,1740
37.8750,1742
37.8778,1743
37.8806,1742
37.8833,1742
37.8861,1743
37.8889,1748
37.8917,1755
37.8944,1755
37.8972,1754
37.9000,1754
37.9028,1750
37.9056,1742
37.9083,1737
37.9111,1737
37.9139,1749
37.9167,1773
37.9194,1782
37.9222,1774
37.9250,1754
37.9278,1741
37.9306,1741
37.9333,1754
37.9361,1769
37.9389,1789
37.9417,1804
37.9444,1816
37.9472,1826
37.9500,1824
37.9528,1832
37.9556,1851
37.9583,1856
37.9611,1863
37.9639,1864
37.9667,1847
37.9694,1835
37.9722,1815
37.9750,1793
37.9778,1776
37.9806,1778
37.9833,1772
37.9861,1762
37.9889,1749
37.9917,1736
37.9944,1733
37.9972,1729
38.0000,1722
38.0028,1720
38.0056,1717
38.0083,1711
38.0111,1708
38.0139,1707
38.0167,1705
38.0194,1707
38.0222,1707
38.0250,1707
38.0278,1705
38.0306,1703
38.0333,1707
38.0361,1711
38.0389,1713
38.0417,1716
38.0444,1716
38.0472,1702
38.0500,1689
38.0528,1678
38.0556,1694
38.0583,1712
38.0611,1717
38.0639,1736
38.0667,1717
38.0694,1739
38.0722,1862
38.0750,2070
38.0778,2335
38.0806,2562
38.0833,2561
38.0861,2341
38.0889,2056
38.0917,1748
38.0944,1501
38.0972,1346
38.1000,1339
38.1028,1443
38.1056,1581
38.1083,1710
38.1111,1781
38.1139,1824
38.1167,1811
38.1194,1791
38.1222,1781
38.1250,1760
38.1278,1745
38.1306,1735
38.1333,1720
38.1361,1709
38.1389,1690
38.1417,1683
38.1444,1676
38.1472,1686
38.1500,1705
38.1528,1716
38.1556,1704
38.1583,1688
38.1611,1675
38.1639,1676
38.1667,1695
38.1694,1724
38.1722,1739
38.1750,1734
38.1778,1703
38.1806,1673
38.1833,1670
38.1861,1682
38.1889,1692
38.1917,1699
38.1944,1704
38.1972,1696
38.2000,1688
38.2028,1682
38.2056,1685
38.2083,1687
38.2111,1701
38.2139,1718
38.2167,1714
38.2194,1699
38.2222,1702
38.2250,1697
38.2278,1703
38.2306,1708
38.2333,1728
38.2361,1726
38.2389,1714
38.2417,1706
38.2444,1707
38.2472,1702
38.2500,1714
38.2528,1716
38.2556,1716
38.2583,1714
38.2611,1703
38.2639,1713
38.2667,1717
38.2694,1722
38.2722,1766
38.2750,1771
38.2778,1761
38.2806,1757
38.2833,1756
38.2861,1758
38.2889,1758
38.2917,1763
38.2944,1772
38.2972,1766
38.3000,1759
38.3028,1744
38.3056,1742
38.3083,1751
38.3111,1745
38.3139,1750
38.3167,1736
38.3194,1732
38.3222,1728
38.3250,1735
38.3278,1744
38.3306,1758
38.3333,1772
38.3361,1771
38.3389,1734
38.3417,1719
38.3444,1702
38.3472,1697
38.3500,1706
38.3528,1709
38.3556,1705
38.3583,1701
38.3611,1689
38.3639,1687
38.3667,1701
38.3694,1711
38.3722,1716
38.3750,1712
38.3778,1718
38.3806,1711
38.3833,1717
38.3861,1717
38.3889,1713
38.3917,1726
38.3944,1717
38.3972,1720
38.4000,1707
38.4028,1703
38.4056,1712
38.4083,1716
38.4111,1728
38.4139,1738
38.4167,1740
38.4194,1740
38.4222,1740
38.4250,1736
38.4278,1728
38.4306,1732
38.4333,1743
38.4361,1744
38.4389,1739
38.4417,1736
38.4444,1735
38.4472,1745
38.4500,1750
38.4528,1760
38.4556,1771
38.4583,1759
38.4611,1743
38.4639,1735
38.4667,1733
38.4694,1739
38.4722,1728
38.4750,1725
38.4778,1727
38.4806,1723
38.4833,1725
38.4861,1726
38.4889,1730
38.4917,1734
38.4944,1734
38.4972,1730
38.5000,1727
38.5028,1725
38.5056,1727
38.5083,1729
38.5111,1728
38.5139,1733
38.5167,1737
38.5194,1740
38.5222,1729
38.5250,1727
38.5278,1729
38.5306,1735
38.5333,1726
38.5361,1723
38.5389,1720
38.5417,1718
38.5444,1729
38.5472,1730
38.5500,1729
38.5528,1730
38.5556,1724
38.5583,1728
38.5611,1728
38.5639,1730
38.5667,1737
38.5694,1733
38.5722,1736
38.5750,1744
38.5778,1739
38.5806,1737
38.5833,1728
38.5861,1728
38.5889,1735
38.5917,1742
38.5944,1739
38.5972,1720
38.6000,1707
38.6028,1700
38.6056,1716
38.6083,1720
38.6111,1712
38.6139,1708
38.6167,1706
38.6194,1715
38.6222,1718
38.6250,1728
38.6278,1738
38.6306,1734
38.6333,1739
38.6361,1731
38.6389,1726
38.6417,1726
38.6444,1730
38.6472,1737
38.6500,1728
38.6528,1741
38.6556,1743
38.6583,1738
38.6611,1726
38.6639,1720
38.6667,1722
38.6694,1729
38.6722,1730
38.6750,1740
38.6778,1734
38.6806,1738
38.6833,1737
38.6861,1744
38.6889,1739
38.6917,1751
38.6944,1750
38.6972,1758
38.7000,1757
38.7028,1753
38.7056,1754
38.7083,1761
38.7111,1777
38.7139,1803
38.7167,1820
38.7194,1831
38.7222,1839
38.7250,1829
38.7278,1832
38.7306,1836
38.7333,1860
38.7361,1866
38.7389,1874
38.7417,1859
38.7444,1837
38.7472,1824
38.7500,1808
38.7528,1791
38.7556,1774
38.7583,1773
38.7611,1767
38.7639,1767
38.7667,1760
38.7694,1750
38.7722,1756
38.7750,1753
38.7778,1748
38.7806,1727
38.7833,1717
38.7861,1707
38.7889,1710
38.7917,1718
38.7944,1719
38.7972,1730
38.8000,1731
38.8028,1742
38.8056,1735
38.8083,1728
38.8111,1716
38.8139,1711
38.8167,1714
38.8194,1722
38.8222,1719
38.8250,1727
38.8278,1716
38.8306,1705
38.8333,1720
38.8361,1735
38.8389,1727
38.8417,1719
38.8444,1722
38.8472,1778
38.8500,1916
38.8528,2124
38.8556,2353
38.8583,2471
38.8611,2352
38.8639,2094
38.8667,1794
38.8694,1522
38.8722,1331
38.8750,1277
38.8778,1348
38.8806,1500
38.8833,1650
38.8861,1761
38.8889,1816
38.8917,1822
38.8944,1824
38.8972,1792
38.9000,1766
38.9028,1755
38.9056,1740
38.9083,1733
38.9111,1721
38.9139,1700
38.9167,1684
38.9194,1674
38.9222,1682
38.9250,1693
38.9278,1712
38.9306,1720
38.9333,1720
38.9361,1707
38.9389,1697
38.9417,1688
38.9444,1698
38.9472,1706
38.9500,1725
38.9528,1713
38.9556,1692
38.9583,1679
38.9611,1679
38.9639,1698
38.9667,1740
38.9694,1753
38.9722,1734
38.9750,1701
38.9778,1672
38.9806,1664
38.9833,1682
38.9861,1691
38.9889,1701
38.9917,1700
38.9944,1700
38.9972,1691
39.0000,1688
39.0028,1693
39.0056,1712
39.0083,1722
39.0111,1721
39.0139,1706
39.0167,1700
39.0194,1687
39.0222,1690
39.0250,1703
39.0278,1718
39.0306,1722
39.0333,1721
39.0361,1722
39.0389,1713
39.0417,1718
39.0444,1728
39.0472,1747
39.0500,1750
39.0528,1746
39.0556,1732
39.0583,1711
39.0611,1696
39.0639,1773
39.0667,1782
39.0694,1785
39.0722,1776
39.0750,1771
39.0778,1760
39.0806,1768
39.0833,1769
39.0861,1774
39.0889,1780
39.0917,1779
39.0944,1774
39.0972,1770
39.1000,1753
39.1028,1756
39.1056,1753
39.1083,1763
39.1111,1758
39.1139,1752
39.1167,1750
39.1194,1755
39.1222,1755
39.1250,1748
39.1278,1747
39.1306,1744
39.1333,1735
39.1361,1732
39.1389,1729
39.1417,1736
39.1444,1740
39.1472,1758
39.1500,1761
39.1528,1757
39.1556,1751
39.1583,1748
39.1611,1743
39.1639,1753
39.1667,1757
39.1694,1762
39.1722,1765
39.1750,1761
39.1778,1759
39.1806,1760
39.1833,1770
39.1861,1773
39.1889,1785
39.1917,1797
39.1944,1790
39.1972,1773
39.2000,1764
39.2028,1756
39.2056,1772
39.2083,1780
39.2111,1789
39.2139,1782
39.2167,1788
39.2194,1783
39.2222,1772
39.2250,1778
39.2278,1782
39.2306,1785
39.2333,1779
39.2361,1781
39.2389,1773
39.2417,1770
39.2444,1779
39.2472,1790
39.2500,1798
39.2528,1808
39.2556,1800
39.2583,1794
39.2611,1788
39.2639,1786
39.2667,1788
39.2694,1788
39.2722,1798
39.2750,1800
39.2778,1791
39.2806,1783
39.2833,1783
39.2861,1789
39.2889,1804
39.2917,1799
39.2944,1808
39.2972,1798
39.3000,1797
39.3028,1787
39.3056,1794
39.3083,1796
39.3111,1796
39.3139,1789
39.3167,1776
39.3194,1778
39.3222,1778
39.3250,1785
39.3278,1801
39.3306,1801
39.3333,1789
39.3361,1782
39.3389,1776
39.3417,1775
39.3444,1785
39.3472,1779
39.3500,1775
39.3528,1780
39.3556,1778
39.3583,1779
39.3611,1783
39.3639,1776
39.3667,1778
39.3694,1773
39.3722,1773
39.3750,1773
39.3778,1772
39.3806,1769
39.3833,1780
39.3861,1775
39.3889,1777
39.3917,1774
39.3944,1778
39.3972,1781
39.4000,1783
39.4028,1780
39.4056,1772
39.4083,1763
39.4111,1760
39.4139,1765
39.4167,1758
39.4194,1744
39.4222,1752
39.4250,1762
39.4278,1766
39.4306,1769
39.4333,1770
39.4361,1762
39.4389,1763
39.4417,1768
39.4444,1768
39.4472,1762
39.4500,1764
39.4528,1766
39.4556,1765
39.4583,1765
39.4611,1766
39.4639,1764
39.4667,1770
39.4694,1771
39.4722,1772
39.4750,1764
39.4778,1768
39.4806,1762
39.4833,1771
39.4861,1781
39.4889,1790
39.4917,1802
39.4944,1822
39.4972,1833
39.5000,1835
39.5028,1850
39.5056,1871
39.5083,1865
39.5111,1873
39.5139,1871
39.5167,1864
39.5194,1870
39.5222,1889
39.5250,1898
39.5278,1891
39.5306,1876
39.5333,1864
39.5361,1856
39.5389,1851
39.5417,1841
39.5444,1824
39.5472,1807
39.5500,1786
39.5528,1778
39.5556,1774
39.5583,1757
39.5611,1752
39.5639,1735
39.5667,1734
39.5694,1732
39.5722,1733
39.5750,1733
39.5778,1728
39.5806,1735
39.5833,1731
39.5861,1730
39.5889,1727
39.5917,1720
39.5944,1719
39.5972,1714
39.6000,1702
39.6028,1704
39.6056,1716
39.6083,1716
39.6111,1707
39.6139,1696
39.6167,1690
39.6194,1691
39.6222,1708
39.6250,1704
39.6278,1700
39.6306,1704
39.6333,1763
39.6361,1907
39.6389,2114
39.6417,2328
39.6444,2398
39.6472,2232
39.6500,1952
39.6528,1663
39.6556,1411
39.6583,1272
39.6611,1275
39.6639,1383
39.6667,1566
39.6694,1732
39.6722,1816
39.6750,1854
39.6778,1845
39.6806,1823
39.6833,1777
39.6861,1745
39.6889,1731
39.6917,1730
39.6944,1728
39.6972,1711
39.7000,1701
39.7028,1692
39.7056,1697
39.7083,1706
39.7111,1716
39.7139,1729
39.7167,1725
39.7194,1710
39.7222,1698
39.7250,1702
39.7278,1700
39.7306,1712
39.7333,1723
39.7361,1725
39.7389,1704
39.7417,1693
39.7444,1688
39.7472,1681
39.7500,1681
39.7528,1695
39.7556,1700
39.7583,1709
39.7611,1724
39.7639,1728
39.7667,1748
39.7694,1768
39.7722,1794
39.7750,1795
39.7778,1771
39.7806,1719
39.7833,1666
39.7861,1637
39.7889,1645
39.7917,1674
39.7944,1694
39.7972,1714
39.8000,1719
39.8028,1717
39.8056,1731
39.8083,1748
39.8111,1765
39.8139,1790
39.8167,1808
39.8194,1809
39.8222,1804
39.8250,1784
39.8278,1758
39.8306,1725
39.8333,1688
39.8361,1637
39.8389,1607
39.8417,1612
39.8444,1663
39.8472,1708
39.8500,1712
39.8528,1730
39.8556,1738
39.8583,1746
39.8611,1749
39.8639,1767
39.8667,1784
39.8694,1798
39.8722,1793
39.8750,1776
39.8778,1744
39.8806,1714
39.8833,1689
39.8861,1696
39.8889,1694
39.8917,1707
39.8944,1722
39.8972,1732
39.9000,1760
39.9028,1773
39.9056,1783
39.9083,1771
39.9111,1747
39.9139,1724
39.9167,1698
39.9194,1698
39.9222,1703
39.9250,1721
39.9278,1740
39.9306,1775
39.9333,1792
39.9361,1810
39.9389,1813
39.9417,1800
39.9444,1779
39.9472,1770
39.9500,1771
39.9528,1784
39.9556,1785
39.9583,1777
39.9611,1753
39.9639,1733
39.9667,1752
39.9694,1794
39.9722,1835
39.9750,1867
39.9778,1884
39.9806,1880
39.9833,1870
39.9861,1854
39.9889,1867
39.9917,1879
39.9944,1901
39.9972,1925
40.0000,1935
40.0028,1938
40.0056,1930
40.0083,1907
40.0111,1887
40.0139,1879
40.0167,1868
40.0194,1878
40.0222,1863
40.0250,1861
40.0278,1891
40.0306,1909
40.0333,1927
40.0361,1919
40.0389,1894
40.0417,1859
40.0444,1842
40.0472,1848
40.0500,1856
40.0528,1868
40.0556,1874
40.0583,1873
40.0611,1858
40.0639,1839
40.0667,1833
40.0694,1839
40.0722,1850
40.0750,1861
40.0778,1875
40.0806,1866
40.0833,1859
40.0861,1858
40.0889,1848
40.0917,1857
40.0944,1856
40.0972,1849
40.1000,1850
40.1028,1857
40.1056,1851
40.1083,1867
40.1111,1886
40.1139,1906
40.1167,1913
40.1194,1900
40.1222,1871
40.1250,1840
40.1278,1835
40.1306,1812
40.1333,1811
40.1361,1809
40.1389,1807
40.1417,1816
40.1444,1830
40.1472,1839
40.1500,1852
40.1528,1852
40.1556,1835
40.1583,1809
40.1611,1796
40.1639,1801
40.1667,1806
40.1694,1811
40.1722,1823
40.1750,1839
40.1778,1847
40.1806,1853
40.1833,1858
40.1861,1850
40.1889,1836
40.1917,1804
40.1944,1788
40.1972,1789
40.2000,1795
40.2028,1803
40.2056,1808
40.2083,1805
40.2111,1801
40.2139,1791
40.2167,1795
40.2194,1786
40.2222,1757
40.2250,1740
40.2278,1731
40.2306,1745
40.2333,1767
40.2361,1773
40.2389,1781
40.2417,1772
40.2444,1768
40.2472,1745
40.2500,1718
40.2528,1718
40.2556,1743
40.2583,1758
40.2611,1778
40.2639,1799
40.2667,1797
40.2694,1785
40.2722,1771
40.2750,1774
40.2778,1801
40.2806,1793
40.2833,1798
40.2861,1818
40.2889,1821
40.2917,1824
40.2944,1830
40.2972,1820
40.3000,1817
40.3028,1810
40.3056,1800
40.3083,1806
40.3111,1799
40.3139,1787
40.3167,1792
40.3194,1802
40.3222,1804
40.3250,1792
40.3278,1762
40.3306,1722
40.3333,1685
40.3361,1672
40.3389,1663
40.3417,1681
40.3444,1702
40.3472,1711
40.3500,1707
40.3528,1708
40.3556,1694
40.3583,1679
40.3611,1654
40.3639,1663
40.3667,1683
40.3694,1713
40.3722,1730
40.3750,1734
40.3778,1717
40.3806,1687
40.3833,1655
40.3861,1640
40.3889,1656
40.3917,1672
40.3944,1667
40.3972,1657
40.4000,1653
40.4028,1670
40.4056,1763
40.4083,1924
40.4111,2100
40.4139,2190
40.4167,2067
40.4194,1829
40.4222,1561
40.4250,1342
40.4278,1208
40.4306,1197
40.4333,1317
40.4361,1503
40.4389,1687
40.4417,1798
40.4444,1848
40.4472,1855
40.4500,1841
40.4528,1819
40.4556,1790
40.4583,1775
40.4611,1764
40.4639,1752
40.4667,1733
40.4694,1711
40.4722,1712
40.4750,1723
40.4778,1734
40.4806,1750
40.4833,1745
40.4861,1732
40.4889,1709
40.4917,1674
40.4944,1656
40.4972,1656
40.5000,1677
40.5028,1714
40.5056,1741
40.5083,1751
40.5111,1742
40.5139,1719
40.5167,1705
40.5194,1711
40.5222,1715
40.5250,1737
40.5278,1763
40.5306,1768
40.5333,1761
40.5361,1755
40.5389,1756
40.5417,1763
40.5444,1776
40.5472,1782
40.5500,1794
40.5528,1805
40.5556,1796
40.5583,1804
40.5611,1793
40.5639,1788
40.5667,1793
40.5694,1814
40.5722,1838
40.5750,1876
40.5778,1895
40.5806,1918
40.5833,1910
40.5861,1899
40.5889,1865
40.5917,1831
40.5944,1812
40.5972,1837
40.6000,1853
40.6028,1877
40.6056,1894
40.6083,1902
40.6111,1896
40.6139,1872
40.6167,1877
40.6194,1846
40.6222,1856
40.6250,1822
40.6278,1804
40.6306,1798
40.6333,1795
40.6361,1814
40.6389,1850
40.6417,1846
40.6444,1842
40.6472,1825
40.6500,1788
40.6528,1764
40.6556,1762
40.6583,1776
40.6611,1796
40.6639,1817
40.6667,1815
40.6694,1787
40.6722,1761
40.6750,1737
40.6778,1735
40.6806,1751
40.6833,1756
40.6861,1769
40.6889,1779
40.6917,1785
40.6944,1780
40.6972,1769
40.7000,1755
40.7028,1728
40.7056,1712
40.7083,1705
40.7111,1702
40.7139,1717
40.7167,1726
40.7194,1739
40.7222,1753
40.7250,1755
40.7278,1754
40.7306,1754
40.7333,1739
40.7361,1743
40.7389,1748
40.7417,1748
40.7444,1738
40.7472,1731
40.7500,1722
40.7528,1709
40.7556,1712
40.7583,1717
40.7611,1749
40.7639,1775
40.7667,1772
40.7694,1761
40.7722,1748
40.7750,1746
40.7778,1739
40.7806,1742
40.7833,1750
40.7861,1756
40.7889,1742
40.7917,1731
40.7944,1734
40.7972,1728
40.8000,1715
40.8028,1714
40.8056,1712
40.8083,1698
40.8111,1703
40.8139,1724
40.8167,1725
40.8194,1745
40.8222,1752
40.8250,1726
40.8278,1706
40.8306,1682
40.8333,1680
40.8361,1682
40.8389,1695
40.8417,1714
40.8444,1720
40.8472,1714
40.8500,1709
40.8528,1691
40.8556,1687
40.8583,1707
40.8611,1741
40.8639,1763
40.8667,1787
40.8694,1799
40.8722,1797
40.8750,1791
40.8778,1782
40.8806,1795
40.8833,1799
40.8861,1814
40.8889,1828
40.8917,1833
40.8944,1826
40.8972,1812
40.9000,1795
40.9028,1774
40.9056,1767
40.9083,1774
40.9111,1784
40.9139,1798
40.9167,1810
40.9194,1815
40.9222,1810
40.9250,1791
40.9278,1780
40.9306,1757
40.9333,1746
40.9361,1736
40.9389,1739
40.9417,1735
40.9444,1738
40.9472,1740
40.9500,1746
40.9528,1740
40.9556,1732
40.9583,1728
40.9611,1709
40.9639,1715
40.9667,1724
40.9694,1736
40.9722,1726
40.9750,1727
40.9778,1711
40.9806,1715
40.9833,1721
40.9861,1741
40.9889,1753
40.9917,1736
40.9944,1708
40.9972,1687
41.0000,1676
41.0028,1665
41.0056,1667
41.0083,1674
41.0111,1678
41.0139,1682
41.0167,1689
41.0194,1696
41.0222,1702
41.0250,1709
41.0278,1715
41.0306,1718
41.0333,1720
41.0361,1711
41.0389,1706
41.0417,1722
41.0444,1753
41.0472,1768
41.0500,1779
41.0528,1769
41.0556,1763
41.0583,1770
41.0611,1784
41.0639,1813
41.0667,1824
41.0694,1820
41.0722,1807
41.0750,1796
41.0778,1795
41.0806,1786
41.0833,1766
41.0861,1734
41.0889,1719
41.0917,1706
41.0944,1692
41.0972,1685
41.1000,1682
41.1028,1663
41.1056,1661
41.1083,1656
41.1111,1650
41.1139,1634
41.1167,1632
41.1194,1633
41.1222,1642
41.1250,1626
41.1278,1615
41.1306,1607
41.1333,1607
41.1361,1622
41.1389,1643
41.1417,1651
41.1444,1661
41.1472,1658
41.1500,1641
41.1528,1622
41.1556,1592
41.1583,1594
41.1611,1594
41.1639,1589
41.1667,1588
41.1694,1612
41.1722,1698
41.1750,1836
41.1778,1997
41.1806,2093
41.1833,1995
41.1861,1795
41.1889,1557
41.1917,1352
41.1944,1208
41.1972,1120
41.2000,1144
41.2028,1273
41.2056,1465
41.2083,1640
41.2111,1737
41.2139,1783
41.2167,1772
41.2194,1733
41.2222,1697
41.2250,1692
41.2278,1701
41.2306,1704
41.2333,1711
41.2361,1695
41.2389,1674
41.2417,1646
41.2444,1636
41.2472,1635
41.2500,1645
41.2528,1656
41.2556,1669
41.2583,1674
41.2611,1674
41.2639,1685
41.2667,1687
41.2694,1695
41.2722,1703
41.2750,1714
41.2778,1707
41.2806,1684
41.2833,1677
41.2861,1668
41.2889,1673
41.2917,1684
41.2944,1691
41.2972,1684
41.3000,1680
41.3028,1679
41.3056,1692
41.3083,1714
41.3111,1740
41.3139,1749
41.3167,1745
41.3194,1734
41.3222,1736
41.3250,1736
41.3278,1752
41.3306,1772
41.3333,1779
41.3361,1775
41.3389,1756
41.3417,1747
41.3444,1740
41.3472,1752
41.3500,1766
41.3528,1770
41.3556,1792
41.3583,1796
41.3611,1799
41.3639,1780
41.3667,1773
41.3694,1772
41.3722,1776
41.3750,1775
41.3778,1783
41.3806,1794
41.3833,1802
41.3861,1765
41.3889,1762
41.3917,1790
41.3944,1819
41.3972,1833
41.4000,1823
41.4028,1811
41.4056,1811
41.4083,1806
41.4111,1795
41.4139,1792
41.4167,1788
41.4194,1796
41.4222,1804
41.4250,1800
41.4278,1791
41.4306,1787
41.4333,1769
41.4361,1759
41.4389,1732
41.4417,1732
41.4444,1728
41.4472,1735
41.4500,1746
41.4528,1750
41.4556,1747
41.4583,1743
41.4611,1742
41.4639,1753
41.4667,1750
41.4694,1752
41.4722,1753
41.4750,1751
41.4778,1740
41.4806,1731
41.4833,1732
41.4861,1742
41.4889,1763
41.4917,1773
41.4944,1778
41.4972,1756
41.5000,1745
41.5028,1737
41.5056,1749
41.5083,1760
41.5111,1777
41.5139,1781
41.5167,1783
41.5194,1781
41.5222,1788
41.5250,1798
41.5278,1805
41.5306,1793
41.5333,1789
41.5361,1791
41.5389,1784
41.5417,1776
41.5444,1785
41.5472,1788
41.5500,1799
41.5528,1787
41.5556,1771
41.5583,1766
41.5611,1758
41.5639,1757
41.5667,1767
41.5694,1778
41.5722,1787
41.5750,1801
41.5778,1801
41.5806,1796
41.5833,1788
41.5861,1781
41.5889,1774
41.5917,1777
41.5944,1781
41.5972,1773
41.6000,1761
41.6028,1750
41.6056,1748
41.6083,1744
41.6111,1750
41.6139,1768
41.6167,1787
41.6194,1803
41.6222,1814
41.6250,1804
41.6278,1785
41.6306,1764
41.6333,1744
41.6361,1743
41.6389,1753
41.6417,1759
41.6444,1762
41.6472,1765
41.6500,1764
41.6528,1767
41.6556,1766
41.6583,1776
41.6611,1774
41.6639,1761
41.6667,1763
41.6694,1757
41.6722,1754
41.6750,1750
41.6778,1748
41.6806,1753
41.6833,1760
41.6861,1774
41.6889,1772
41.6917,1767
41.6944,1774
41.6972,1778
41.7000,1787
41.7028,1794
41.7056,1792
41.7083,1787
41.7111,1775
41.7139,1761
41.7167,1762
41.7194,1757
41.7222,1756
41.7250,1765
41.7278,1776
41.7306,1777
41.7333,1763
41.7361,1745
41.7389,1729
41.7417,1724
41.7444,1725
41.7472,1732
41.7500,1743
41.7528,1753
41.7556,1770
41.7583,1768
41.7611,1773
41.7639,1776
41.7667,1791
41.7694,1803
41.7722,1813
41.7750,1818
41.7778,1829
41.7806,1824
41.7833,1836
41.7861,1841
41.7889,1838
41.7917,1846
41.7944,1857
41.7972,1865
41.8000,1864
41.8028,1867
41.8056,1889
41.8083,1900
41.8111,1879
41.8139,1855
41.8167,1820
41.8194,1788
41.8222,1764
41.8250,1747
41.8278,1736
41.8306,1734
41.8333,1732
41.8361,1719
41.8389,1724
41.8417,1714
41.8444,1718
41.8472,1719
41.8500,1720
41.8528,1712
41.8556,1705
41.8583,1692
41.8611,1702
41.8639,1716
41.8667,1712
41.8694,1712
41.8722,1717
41.8750,1719
41.8778,1720
41.8806,1714
41.8833,1694
41.8861,1697
41.8889,1704
41.8917,1697
41.8944,1683
41.8972,1659
41.9000,1658
41.9028,1723
41.9056,1868
41.9083,2042
41.9111,2179
41.9139,2114
41.9167,1909
41.9194,1646
41.9222,1424
41.9250,1283
41.9278,1208
41.9306,1233
41.9333,1353
41.9361,1536
41.9389,1708
41.9417,1823
41.9444,1864
41.9472,1871
41.9500,1844
41.9528,1816
41.9556,1800
41.9583,1796
41.9611,1801
41.9639,1802
41.9667,1798
41.9694,1761
41.9722,1733
41.9750,1703
41.9778,1696
41.9806,1701
41.9833,1713
41.9861,1726
41.9889,1724
41.9917,1717
41.9944,1699
41.9972,1692
42.0000,1705
42.0028,1717
42.0056,1713
42.0083,1717
42.0111,1715
42.0139,1719
42.0167,1728
42.0194,1726
42.0222,1720
42.0250,1713
42.0278,1703
42.0306,1696
42.0333,1704
42.0361,1721
42.0389,1737
42.0417,1765
42.0444,1776
42.0472,1782
42.0500,1771
42.0528,1758
42.0556,1749
42.0583,1756
42.0611,1772
42.0639,1781
42.0667,1783
42.0694,1784
42.0722,1791
42.0750,1797
42.0778,1807
42.0806,1802
42.0833,1806
42.0861,1796
42.0889,1800
42.0917,1791
42.0944,1781
42.0972,1795
42.1000,1804
42.1028,1814
42.1056,1821
42.1083,1809
42.1111,1805
42.1139,1796
42.1167,1774
42.1194,1784
42.1222,1770
42.1250,1765
42.1278,1767
42.1306,1747
42.1333,1739
42.1361,1740
42.1389,1747
42.1417,1753
42.1444,1734
42.1472,1714
42.1500,1700
42.1528,1698
42.1556,1695
42.1583,1690
42.1611,1681
42.1639,1665
42.1667,1664
42.1694,1659
42.1722,1663
42.1750,1667
42.1778,1670
42.1806,1677
42.1833,1668
42.1861,1669
42.1889,1665
42.1917,1666
42.1944,1669
42.1972,1677
42.2000,1683
42.2028,1685
42.2056,1674
42.2083,1669
42.2111,1667
42.2139,1676
42.2167,1686
42.2194,1695
42.2222,1702
42.2250,1708
42.2278,1714
42.2306,1710
42.2333,1703
42.2361,1701
42.2389,1712
42.2417,1710
42.2444,1721
42.2472,1724
42.2500,1716
42.2528,1711
42.2556,1721
42.2583,1731
42.2611,1733
42.2639,1731
42.2667,1723
42.2694,1716
42.2722,1704
42.2750,1707
42.2778,1714
42.2806,1720
42.2833,1703
42.2861,1686
42.2889,1648
42.2917,1616
42.2944,1597
42.2972,1584
42.3000,1576
42.3028,1570
42.3056,1567
42.3083,1568
42.3111,1569
42.3139,1586
42.3167,1598
42.3194,1611
42.3222,1622
42.3250,1632
42.3278,1632
42.3306,1619
42.3333,1612
42.3361,1595
42.3389,1587
42.3417,1563
42.3444,1542
42.3472,1527
42.3500,1515
42.3528,1502
42.3556,1486
42.3583,1466
42.3611,1462
42.3639,1478
42.3667,1485
42.3694,1490
42.3722,1506
42.3750,1505
42.3778,1533
42.3806,1545
42.3833,1554
42.3861,1569
42.3889,1574
42.3917,1578
42.3944,1588
42.3972,1600
42.4000,1618
42.4028,1644
42.4056,1651
42.4083,1649
42.4111,1659
42.4139,1662
42.4167,1675
42.4194,1689
42.4222,1695
42.4250,1712
42.4278,1706
42.4306,1702
42.4333,1700
42.4361,1707
42.4389,1717
42.4417,1718
42.4444,1733
42.4472,1745
42.4500,1749
42.4528,1758
42.4556,1764
42.4583,1770
42.4611,1784
42.4639,1790
42.4667,1780
42.4694,1774
42.4722,1774
42.4750,1780
42.4778,1794
42.4806,1806
42.4833,1821
42.4861,1830
42.4889,1836
42.4917,1839
42.4944,1849
42.4972,1859
42.5000,1870
42.5028,1869
42.5056,1862
42.5083,1862
42.5111,1870
42.5139,1877
42.5167,1886
42.5194,1890
42.5222,1902
42.5250,1912
42.5278,1910
42.5306,1906
42.5333,1890
42.5361,1877
42.5389,1855
42.5417,1848
42.5444,1835
42.5472,1833
42.5500,1820
42.5528,1814
42.5556,1784
42.5583,1787
42.5611,1781
42.5639,1780
42.5667,1777
42.5694,1772
42.5722,1760
42.5750,1757
42.5778,1750
42.5806,1766
42.5833,1781
42.5861,1775
42.5889,1772
42.5917,1779
42.5944,1776
42.5972,1783
42.6000,1792
42.6028,1786
42.6056,1784
42.6083,1766
42.6111,1779
42.6139,1792
42.6167,1789
42.6194,1770
42.6222,1758
42.6250,1744
42.6278,1785
42.6306,1913
42.6333,2109
42.6361,2266
42.6389,2234
42.6417,2037
42.6444,1782
42.6472,1564
42.6500,1407
42.6528,1335
42.6556,1349
42.6583,1468
42.6611,1629
42.6639,1778
42.6667,1878
42.6694,1922
42.6722,1921
42.6750,1889
42.6778,1872
42.6806,1828
42.6833,1818
42.6861,1814
42.6889,1795
42.6917,1764
42.6944,1735
42.6972,1722
42.7000,1736
42.7028,1749
42.7056,1763
42.7083,1770
42.7111,1762
42.7139,1740
42.7167,1721
42.7194,1714
42.7222,1734
42.7250,1748
42.7278,1756
42.7306,1750
42.7333,1739
42.7361,1718
42.7389,1715
42.7417,1711
42.7444,1720
42.7472,1729
42.7500,1731
42.7528,1742
42.7556,1738
42.7583,1739
42.7611,1731
42.7639,1731
42.7667,1744
42.7694,1746
42.7722,1740
42.7750,1740
42.7778,1747
42.7806,1765
42.7833,1773
42.7861,1775
42.7889,1756
42.7917,1747
42.7944,1745
42.7972,1741
42.8000,1752
42.8028,1764
42.8056,1784
42.8083,1799
42.8111,1800
42.8139,1788
42.8167,1777
42.8194,1767
42.8222,1773
42.8250,1781
42.8278,1792
42.8306,1802
42.8333,1807
42.8361,1801
42.8389,1792
42.8417,1815
42.8444,1820
42.8472,1821
42.8500,1814
42.8528,1807
42.8556,1796
42.8583,1773
42.8611,1766
42.8639,1767
42.8667,1768
42.8694,1768
42.8722,1772
42.8750,1763
42.8778,1752
42.8806,1747
42.8833,1739
42.8861,1736
42.8889,1732
42.8917,1723
42.8944,1729
42.8972,1733
42.9000,1734
42.9028,1723
42.9056,1722
42.9083,1704
42.9111,1709
42.9139,1714
42.9167,1721
42.9194,1721
42.9222,1721
42.9250,1723
42.9278,1728
42.9306,1743
42.9333,1743
42.9361,1737
42.9389,1723
42.9417,1726
42.9444,1730
42.9472,1737
42.9500,1740
42.9528,1744
42.9556,1733
42.9583,1732
42.9611,1721
42.9639,1726
42.9667,1727
42.9694,1745
42.9722,1754
42.9750,1767
42.9778,1787
42.9806,1789
42.9833,1788
42.9861,1770
42.9889,1762
42.9917,1748
42.9944,1734
42.9972,1735
43.0000,1747
43.0028,1751
43.0056,1753
43.0083,1758
43.0111,1764
43.0139,1771
43.0167,1778
43.0194,1772
43.0222,1764
43.0250,1761
43.0278,1760
43.0306,1761
43.0333,1768
43.0361,1757
43.0389,1765
43.0417,1742
43.0444,1737
43.0472,1746
43.0500,1740
43.0528,1736
43.0556,1726
43.0583,1726
43.0611,1726
43.0639,1732
43.0667,1728
43.0694,1733
43.0722,1729
43.0750,1720
43.0778,1724
43.0806,1728
43.0833,1747
43.0861,1756
43.0889,1769
43.0917,1786
43.0944,1776
43.0972,1773
43.1000,1768
43.1028,1765
43.1056,1758
43.1083,1752
43.1111,1749
43.1139,1742
43.1167,1743
43.1194,1733
43.1222,1734
43.1250,1740
43.1278,1738
43.1306,1744
43.1333,1744
43.1361,1743
43.1389,1747
43.1417,1738
43.1444,1739
43.1472,1749
43.1500,1742
43.1528,1730
43.1556,1730
43.1583,1728
43.1611,1726
43.1639,1742
43.1667,1742
43.1694,1743
43.1722,1741
43.1750,1736
43.1778,1732
43.1806,1741
43.1833,1740
43.1861,1746
43.1889,1734
43.1917,1736
43.1944,1740
43.1972,1749
43.2000,1755
43.2028,1748
43.2056,1755
43.2083,1769
43.2111,1761
43.2139,1759
43.2167,1783
43.2194,1795
43.2222,1816
43.2250,1837
43.2278,1845
43.2306,1841
43.2333,1841
43.2361,1834
43.2389,1844
43.2417,1853
43.2444,1873
43.2472,1891
43.2500,1882
43.2528,1877
43.2556,1868
43.2583,1843
43.2611,1832
43.2639,1827
43.2667,1823
43.2694,1827
43.2722,1808
43.2750,1791
43.2778,1762
43.2806,1739
43.2833,1730
43.2861,1708
43.2889,1691
43.2917,1686
43.2944,1684
43.2972,1675
43.3000,1671
43.3028,1661
43.3056,1678
43.3083,1685
43.3111,1694
43.3139,1692
43.3167,1695
43.3194,1702
43.3222,1695
43.3250,1704
43.3278,1692
43.3306,1686
43.3333,1686
43.3361,1675
43.3389,1679
43.3417,1694
43.3444,1703
43.3472,1699
43.3500,1684
43.3528,1675
43.3556,1718
43.3583,1828
43.3611,1991
43.3639,2153
43.3667,2147
43.3694,1946
43.3722,1686
43.3750,1472
43.3778,1339
43.3806,1286
43.3833,1303
43.3861,1399
43.3889,1572
43.3917,1739
43.3944,1857
43.3972,1886
43.4000,1876
43.4028,1847
43.4056,1818
43.4083,1798
43.4111,1813
43.4139,1828
43.4167,1822
43.4194,1811
43.4222,1785
43.4250,1775
43.4278,1764
43.4306,1763
43.4333,1764
43.4361,1773
43.4389,1768
43.4417,1770
43.4444,1762
43.4472,1755
43.4500,1742
43.4528,1742
43.4556,1753
43.4583,1769
43.4611,1769
43.4639,1750
43.4667,1719
43.4694,1702
43.4722,1696
43.4750,1715
43.4778,1723
43.4806,1730
43.4833,1733
43.4861,1725
43.4889,1721
43.4917,1720
43.4944,1724
43.4972,1730
43.5000,1732
43.5028,1730
43.5056,1728
43.5083,1727
43.5111,1742
43.5139,1739
43.5167,1734
43.5194,1726
43.5222,1721
43.5250,1719
43.5278,1716
43.5306,1730
43.5333,1740
43.5361,1756
43.5389,1766
43.5417,1766
43.5444,1750
43.5472,1754
43.5500,1751
43.5528,1750
43.5556,1753
43.5583,1771
43.5611,1766
43.5639,1762
43.5667,1773
43.5694,1771
43.5722,1781
43.5750,1776
43.5778,1770
43.5806,1747
43.5833,1740
43.5861,1729
43.5889,1720
43.5917,1719
43.5944,1734
43.5972,1746
43.6000,1741
43.6028,1722
43.6056,1706
43.6083,1697
43.6111,1696
43.6139,1692
43.6167,1692
43.6194,1691
43.6222,1682
43.6250,1682
43.6278,1671
43.6306,1677
43.6333,1685
43.6361,1685
43.6389,1667
43.6417,1675
43.6444,1681
43.6472,1689
43.6500,1677
43.6528,1651
43.6556,1649
43.6583,1651
43.6611,1664
43.6639,1667
43.6667,1654
43.6694,1646
43.6722,1659
43.6750,1677
43.6778,1690
43.6806,1680
43.6833,1675
43.6861,1670
43.6889,1671
43.6917,1673
43.6944,1674
43.6972,1666
43.7000,1667
43.7028,1674
43.7056,1681
43.7083,1694
43.7111,1704
43.7139,1711
43.7167,1705
43.7194,1699
43.7222,1691
43.7250,1680
43.7278,1676
43.7306,1675
43.7333,1682
43.7361,1691
43.7389,1703
43.7417,1701
43.7444,1700
43.7472,1687
43.7500,1685
43.7528,1681
43.7556,1674
43.7583,1679
43.7611,1674
43.7639,1677
43.7667,1686
43.7694,1705
43.7722,1713
43.7750,1704
43.7778,1691
43.7806,1688
43.7833,1698
43.7861,1712
43.7889,1725
43.7917,1745
43.7944,1759
43.7972,1773
43.8000,1777
43.8028,1784
43.8056,1776
43.8083,1755
43.8111,1743
43.8139,1731
43.8167,1735
43.8194,1722
43.8222,1723
43.8250,1725
43.8278,1725
43.8306,1730
43.8333,1733
43.8361,1730
43.8389,1725
43.8417,1718
43.8444,1712
43.8472,1719
43.8500,1729
43.8528,1735
43.8556,1745
43.8583,1746
43.8611,1750
43.8639,1762
43.8667,1769
43.8694,1785
43.8722,1799
43.8750,1810
43.8778,1799
43.8806,1783
43.8833,1790
43.8861,1800
43.8889,1819
43.8917,1815
43.8944,1803
43.8972,1814
43.9000,1823
43.9028,1824
43.9056,1831
43.9083,1824
43.9111,1818
43.9139,1803
43.9167,1803
43.9194,1782
43.9222,1772
43.9250,1761
43.9278,1758
43.9306,1745
43.9333,1731
43.9361,1715
43.9389,1695
43.9417,1688
43.9444,1692
43.9472,1688
43.9500,1696
43.9528,1716
43.9556,1737
43.9583,1736
43.9611,1748
43.9639,1751
43.9667,1762
43.9694,1758
43.9722,1730
43.9750,1698
43.9778,1688
43.9806,1695
43.9833,1699
43.9861,1706
43.9889,1716
43.9917,1710
43.9944,1702
43.9972,1715
44.0000,1712
44.0028,1706
44.0056,1696
44.0083,1700
44.0111,1726
44.0139,1806
44.0167,1934
44.0194,2070
44.0222,2006
44.0250,1769
44.0278,1508
44.0306,1349
44.0333,1287
44.0361,1293
44.0389,1342
44.0417,1435
44.0444,1564
44.0472,1696
44.0500,1800
44.0528,1838
44.0556,1823
44.0583,1793
44.0611,1755
44.0639,1755
44.0667,1751
44.0694,1755
44.0722,1747
44.0750,1727
44.0778,1711
44.0806,1702
44.0833,1687
44.0861,1685
44.0889,1690
44.0917,1698
44.0944,1703
44.0972,1690
44.1000,1682
44.1028,1674
44.1056,1680
44.1083,1696
44.1111,1710
44.1139,1714
44.1167,1717
44.1194,1707
44.1222,1698
44.1250,1672
44.1278,1664
44.1306,1669
44.1333,1689
44.1361,1701
44.1389,1691
44.1417,1687
44.1444,1691
44.1472,1699
44.1500,1718
44.1528,1748
44.1556,1750
44.1583,1751
44.1611,1731
44.1639,1732
44.1667,1737
44.1694,1740
44.1722,1756
44.1750,1774
44.1778,1764
44.1806,1769
44.1833,1778
44.1861,1788
44.1889,1782
44.1917,1793
44.1944,1784
44.1972,1768
44.2000,1773
44.2028,1790
44.2056,1807
44.2083,1824
44.2111,1814
44.2139,1801
44.2167,1786
44.2194,1785
44.2222,1777
44.2250,1777
44.2278,1783
44.2306,1788
44.2333,1760
44.2361,1743
44.2389,1734
44.2417,1734
44.2444,1740
44.2472,1731
44.2500,1713
44.2528,1723
44.2556,1725
44.2583,1730
44.2611,1722
44.2639,1715
44.2667,1706
44.2694,1696
44.2722,1694
44.2750,1687
44.2778,1679
44.2806,1668
44.2833,1670
44.2861,1674
44.2889,1679
44.2917,1694
44.2944,1696
44.2972,1683
44.3000,1673
44.3028,1670
44.3056,1664
44.3083,1666
44.3111,1675
44.3139,1665
44.3167,1658
44.3194,1662
44.3222,1664
44.3250,1683
44.3278,1679
44.3306,1672
44.3333,1661
44.3361,1663
44.3389,1654
44.3417,1663
44.3444,1665
44.3472,1665
44.3500,1669
44.3528,1678
44.3556,1680
44.3583,1680
44.3611,1691
44.3639,1692
44.3667,1699
44.3694,1704
44.3722,1705
44.3750,1688
44.3778,1681
44.3806,1686
44.3833,1698
44.3861,1701
44.3889,1713
44.3917,1721
44.3944,1719
44.3972,1719
44.4000,1717
44.4028,1725
44.4056,1722
44.4083,1729
44.4111,1723
44.4139,1706
44.4167,1701
44.4194,1695
44.4222,1687
44.4250,1687
44.4278,1691
44.4306,1716
44.4333,1720
44.4361,1715
44.4389,1714
44.4417,1701
44.4444,1689
44.4472,1703
44.4500,1704
44.4528,1717
44.4556,1720
44.4583,1726
44.4611,1724
44.4639,1710
44.4667,1707
44.4694,1723
44.4722,1732
44.4750,1735
44.4778,1742
44.4806,1739
44.4833,1740
44.4861,1744
44.4889,1741
44.4917,1742
44.4944,1730
44.4972,1732
44.5000,1734
44.5028,1735
44.5056,1751
44.5083,1767
44.5111,1788
44.5139,1805
44.5167,1816
44.5194,1826
44.5222,1822
44.5250,1827
44.5278,1844
44.5306,1848
44.5333,1847
44.5361,1845
44.5389,1845
44.5417,1835
44.5444,1836
44.5472,1819
44.5500,1795
44.5528,1778
44.5556,1760
44.5583,1748
44.5611,1743
44.5639,1720
44.5667,1708
44.5694,1707
44.5722,1712
44.5750,1724
44.5778,1716
44.5806,1700
44.5833,1690
44.5861,1688
44.5889,1690
44.5917,1705
44.5944,1717
44.5972,1723
44.6000,1729
44.6028,1726
44.6056,1712
44.6083,1700
44.6111,1696
44.6139,1688
44.6167,1673
44.6194,1669
44.6222,1671
44.6250,1672
44.6278,1696
44.6306,1716
44.6333,1729
44.6361,1737
44.6389,1721
44.6417,1743
44.6444,1828
44.6472,1997
44.6500,2193
44.6528,2303
44.6556,2185
44.6583,1925
44.6611,1644
44.6639,1438
44.6667,1318
44.6694,1291
44.6722,1348
44.6750,1480
44.6778,1651
44.6806,1768
44.6833,1826
44.6861,1839
44.6889,1827
44.6917,1804
44.6944,1790
44.6972,1783
44.7000,1776
44.7028,1781
44.7056,1770
44.7083,1745
44.7111,1724
44.7139,1707
44.7167,1702
44.7194,1715
44.7222,1728
44.7250,1747
44.7278,1737
44.7306,1735
44.7333,1722
44.7361,1719
44.7389,1721
44.7417,1723
44.7444,1728
44.7472,1727
44.7500,1720
44.7528,1718
44.7556,1714
44.7583,1725
44.7611,1734
44.7639,1735
44.7667,1728
44.7694,1720
44.7722,1716
44.7750,1730
44.7778,1754
44.7806,1782
44.7833,1778
44.7861,1762
44.7889,1742
44.7917,1731
44.7944,1705
44.7972,1701
44.8000,1698
44.8028,1710
44.8056,1727
44.8083,1731
44.8111,1730
44.8139,1735
44.8167,1753
44.8194,1762
44.8222,1778
44.8250,1772
44.8278,1768
44.8306,1757
44.8333,1752
44.8361,1756
44.8389,1763
44.8417,1785
44.8444,1798
44.8472,1799
44.8500,1793
44.8528,1784
44.8556,1780
44.8583,1811
44.8611,1821
44.8639,1830
44.8667,1832
44.8694,1823
44.8722,1810
44.8750,1799
44.8778,1798
44.8806,1803
44.8833,1812
44.8861,1805
44.8889,1809
44.8917,1797
44.8944,1791
44.8972,1798
44.9000,1802
44.9028,1813
44.9056,1812
44.9083,1808
44.9111,1802
44.9139,1795
44.9167,1794
44.9194,1797
44.9222,1807
44.9250,1809
44.9278,1807
44.9306,1803
44.9333,1796
44.9361,1800
44.9389,1801
44.9417,1803
44.9444,1796
44.9472,1797
44.9500,1790
44.9528,1780
44.9556,1785
44.9583,1782
44.9611,1789
44.9639,1797
44.9667,1804
44.9694,1807
44.9722,1800
44.9750,1802
44.9778,1797
44.9806,1811
44.9833,1820
44.9861,1824
44.9889,1823
44.9917,1836
44.9944,1834
44.9972,1836
45.0000,1841
45.0028,1857
45.0056,1861
45.0083,1859
45.0111,1847
45.0139,1851
45.0167,1857
45.0194,1864
45.0222,1853
45.0250,1851
45.0278,1839
45.0306,1847
45.0333,1838
45.0361,1836
45.0389,1847
45.0417,1863
45.0444,1862
45.0472,1846
45.0500,1833
45.0528,1820
45.0556,1814
45.0583,1821
45.0611,1828
45.0639,1851
45.0667,1853
45.0694,1857
45.0722,1856
45.0750,1844
45.0778,1836
45.0806,1831
45.0833,1824
45.0861,1828
45.0889,1841
45.0917,1847
45.0944,1830
45.0972,1821
45.1000,1819
45.1028,1816
45.1056,1821
45.1083,1822
45.1111,1812
45.1139,1808
45.1167,1817
45.1194,1817
45.1222,1822
45.1250,1819
45.1278,1818
45.1306,1805
45.1333,1807
45.1361,1809
45.1389,1818
45.1417,1822
45.1444,1831
45.1472,1821
45.1500,1824
45.1528,1823
45.1556,1829
45.1583,1812
45.1611,1802
45.1639,1790
45.1667,1798
45.1694,1800
45.1722,1809
45.1750,1823
45.1778,1837
45.1806,1845
45.1833,1820
45.1861,1803
45.1889,1793
45.1917,1791
45.1944,1787
45.1972,1787
45.2000,1790
45.2028,1799
45.2056,1797
45.2083,1797
45.2111,1803
45.2139,1798
45.2167,1799
45.2194,1804
45.2222,1799
45.2250,1804
45.2278,1805
45.2306,1819
45.2333,1821
45.2361,1827
45.2389,1829
45.2417,1835
45.2444,1839
45.2472,1841
45.2500,1856
45.2528,1866
45.2556,1867
45.2583,1879
45.2611,1887
45.2639,1897
45.2667,1897
45.2694,1899
45.2722,1894
45.2750,1894
45.2778,1892
45.2806,1891
45.2833,1884
45.2861,1885
45.2889,1878
45.2917,1868
45.2944,1857
45.2972,1854
45.3000,1841
45.3028,1831
45.3056,1803
45.3083,1770
45.3111,1736
45.3139,1731
45.3167,1749
45.3194,1745
45.3222,1750
45.3250,1752
45.3278,1749
45.3306,1756
45.3333,1757
45.3361,1756
45.3389,1751
45.3417,1747
45.3444,1742
45.3472,1742
45.3500,1738
45.3528,1753
45.3556,1748
45.3583,1752
45.3611,1743
45.3639,1742
45.3667,1755
45.3694,1776
45.3722,1774
45.3750,1757
45.3778,1724
45.3806,1735
45.3833,1833
45.3861,2020
45.3889,2226
45.3917,2401
45.3944,2358
45.3972,2156
45.4000,1909
45.4028,1666
45.4056,1481
45.4083,1384
45.4111,1407
45.4139,1519
45.4167,1663
45.4194,1755
45.4222,1812
45.4250,1831
45.4278,1815
45.4306,1810
45.4333,1814
45.4361,1810
45.4389,1784
45.4417,1761
45.4444,1740
45.4472,1705
45.4500,1676
45.4528,1668
45.4556,1671
45.4583,1692
45.4611,1710
45.4639,1725
45.4667,1725
45.4694,1705
45.4722,1695
45.4750,1690
45.4778,1693
45.4806,1710
45.4833,1720
45.4861,1723
45.4889,1715
45.4917,1696
45.4944,1696
45.4972,1695
45.5000,1701
45.5028,1708
45.5056,1713
45.5083,1698
45.5111,1684
45.5139,1676
45.5167,1677
45.5194,1699
45.5222,1709
45.5250,1710
45.5278,1698
45.5306,1681
45.5333,1670
45.5361,1677
45.5389,1697
45.5417,1708
45.5444,1702
45.5472,1699
45.5500,1687
45.5528,1682
45.5556,1687
45.5583,1691
45.5611,1697
45.5639,1711
45.5667,1716
45.5694,1713
45.5722,1718
45.5750,1711
45.5778,1706
45.5806,1712
45.5833,1716
45.5861,1717
45.5889,1714
45.5917,1722
45.5944,1729
45.5972,1748
45.6000,1751
45.6028,1769
45.6056,1763
45.6083,1744
45.6111,1726
45.6139,1715
45.6167,1723
45.6194,1732
45.6222,1730
45.6250,1736
45.6278,1730
45.6306,1727
45.6333,1713
45.6361,1722
45.6389,1715
45.6417,1713
45.6444,1701
45.6472,1700
45.6500,1697
45.6528,1683
45.6556,1676
45.6583,1675
45.6611,1671
45.6639,1664
45.6667,1662
45.6694,1656
45.6722,1644
45.6750,1640
45.6778,1650
45.6806,1654
45.6833,1676
45.6861,1685
45.6889,1698
45.6917,1685
45.6944,1669
45.6972,1653
45.7000,1653
45.7028,1667
45.7056,1668
45.7083,1670
45.7111,1682
45.7139,1682
45.7167,1691
45.7194,1702
45.7222,1707
45.7250,1708
45.7278,1697
45.7306,1694
45.7333,1707
45.7361,1709
45.7389,1710
45.7417,1723
45.7444,1721
45.7472,1730
45.7500,1727
45.7528,1719
45.7556,1712
45.7583,1720
45.7611,1726
45.7639,1736
45.7667,1741
45.7694,1728
45.7722,1742
45.7750,1730
45.7778,1745
45.7806,1756
45.7833,1758
45.7861,1742
45.7889,1735
45.7917,1714
45.7944,1720
45.7972,1722
45.8000,1738
45.8028,1735
45.8056,1753
45.8083,1758
45.8111,1745
45.8139,1740
45.8167,1741
45.8194,1748
45.8222,1753
45.8250,1752
45.8278,1755
45.8306,1755
45.8333,1746
45.8361,1761
45.8389,1744
45.8417,1743
45.8444,1747
45.8472,1756
45.8500,1745
45.8528,1737
45.8556,1731
45.8583,1730
45.8611,1745
45.8639,1756
45.8667,1745
45.8694,1731
45.8722,1730
45.8750,1736
45.8778,1750
45.8806,1767
45.8833,1765
45.8861,1754
45.8889,1717
45.8917,1707
45.8944,1708
45.8972,1710
45.9000,1723
45.9028,1723
45.9056,1731
45.9083,1725
45.9111,1732
45.9139,1731
45.9167,1734
45.9194,1733
45.9222,1733
45.9250,1726
45.9278,1728
45.9306,1739
45.9333,1744
45.9361,1746
45.9389,1749
45.9417,1749
45.9444,1751
45.9472,1739
45.9500,1737
45.9528,1745
45.9556,1742
45.9583,1742
45.9611,1747
45.9639,1751
45.9667,1751
45.9694,1746
45.9722,1740
45.9750,1727
45.9778,1730
45.9806,1733
45.9833,1745
45.9861,1743
45.9889,1750
45.9917,1749
45.9944,1745
45.9972,1738
46.0000,1735
46.0028,1750
46.0056,1757
46.0083,1754
46.0111,1741
46.0139,1729
46.0167,1713
46.0194,1727
46.0222,1732
46.0250,1749
46.0278,1750
46.0306,1750
46.0333,1744
46.0361,1744
46.0389,1749
46.0417,1746
46.0444,1752
46.0472,1758
46.0500,1759
46.0528,1765
46.0556,1766
46.0583,1757
46.0611,1750
46.0639,1753
46.0667,1748
46.0694,1745
46.0722,1739
46.0750,1746
46.0778,1746
46.0806,1752
46.0833,1746
46.0861,1746
46.0889,1747
46.0917,1768
46.0944,1777
46.0972,1774
46.1000,1756
46.1028,1740
46.1056,1729
46.1083,1728
46.1111,1731
46.1139,1734
46.1167,1745
46.1194,1754
46.1222,1759
46.1250,1761
46.1278,1758
46.1306,1755
46.1333,1745
46.1361,1742
46.1389,1740
46.1417,1740
46.1444,1745
46.1472,1753
46.1500,1754
46.1528,1753
46.1556,1746
46.1583,1742
46.1611,1741
46.1639,1763
46.1667,1778
46.1694,1790
46.1722,1803
46.1750,1799
46.1778,1803
46.1806,1799
46.1833,1799
46.1861,1784
46.1889,1789
46.1917,1796
46.1944,1803
46.1972,1817
46.2000,1828
46.2028,1821
46.2056,1817
46.2083,1806
46.2111,1797
46.2139,1788
46.2167,1786
46.2194,1774
46.2222,1762
46.2250,1762
46.2278,1759
46.2306,1765
46.2333,1760
46.2361,1755
46.2389,1752
46.2417,1746
46.2444,1739
46.2472,1734
46.2500,1738
46.2528,1753
46.2556,1751
46.2583,1742
46.2611,1734
46.2639,1745
46.2667,1751
46.2694,1761
46.2722,1754
46.2750,1762
46.2778,1753
46.2806,1749
46.2833,1743
46.2861,1734
46.2889,1746
46.2917,1749
46.2944,1748
46.2972,1724
46.3000,1711
46.3028,1753
46.3056,1878
46.3083,2082
46.3111,2294
46.3139,2387
46.3167,2286
46.3194,2060
46.3222,1814
46.3250,1595
46.3278,1441
46.3306,1402
46.3333,1466
46.3361,1602
46.3389,1731
46.3417,1803
46.3444,1848
46.3472,1854
46.3500,1834
46.3528,1808
46.3556,1792
46.3583,1771
46.3611,1765
46.3639,1754
46.3667,1734
46.3694,1701
46.3722,1681
46.3750,1685
46.3778,1684
46.3806,1704
46.3833,1715
46.3861,1721
46.3889,1720
46.3917,1699
46.3944,1684
46.3972,1695
46.4000,1708
46.4028,1722
46.4056,1725
46.4083,1718
46.4111,1704
46.4139,1699
46.4167,1702
46.4194,1722
46.4222,1733
46.4250,1747
46.4278,1724
46.4306,1697
46.4333,1687
46.4361,1679
46.4389,1689
46.4417,1709
46.4444,1719
46.4472,1727
46.4500,1731
46.4528,1712
46.4556,1710
46.4583,1711
46.4611,1725
46.4639,1736
46.4667,1739
46.4694,1734
46.4722,1708
46.4750,1714
46.4778,1710
46.4806,1723
46.4833,1734
46.4861,1737
46.4889,1735
46.4917,1733
46.4944,1742
46.4972,1752
46.5000,1760
46.5028,1775
46.5056,1783
46.5083,1791
46.5111,1787
46.5139,1768
46.5167,1745
46.5194,1771
46.5222,1777
46.5250,1774
46.5278,1768
46.5306,1761
46.5333,1752
46.5361,1751
46.5389,1758
46.5417,1768
46.5444,1758
46.5472,1742
46.5500,1730
46.5528,1730
46.5556,1727
46.5583,1729
46.5611,1753
46.5639,1768
46.5667,1753
46.5694,1733
46.5722,1722
46.5750,1714
46.5778,1715
46.5806,1718
46.5833,1721
46.5861,1716
46.5889,1725
46.5917,1715
46.5944,1713
46.5972,1711
46.6000,1710
46.6028,1713
46.6056,1706
46.6083,1709
46.6111,1709
46.6139,1706
46.6167,1711
46.6194,1711
46.6222,1723
46.6250,1714
46.6278,1716
46.6306,1717
46.6333,1714
46.6361,1719
46.6389,1739
46.6417,1730
46.6444,1738
46.6472,1735
46.6500,1744
46.6528,1744
46.6556,1736
46.6583,1733
46.6611,1740
46.6639,1745
46.6667,1748
46.6694,1748
46.6722,1751
46.6750,1750
46.6778,1752
46.6806,1749
46.6833,1757
46.6861,1767
46.6889,1758
46.6917,1756
46.6944,1751
46.6972,1751
46.7000,1760
46.7028,1770
46.7056,1765
46.7083,1766
46.7111,1764
46.7139,1763
46.7167,1757
46.7194,1756
46.7222,1755
46.7250,1755
46.7278,1744
46.7306,1728
46.7333,1723
46.7361,1717
46.7389,1707
46.7417,1704
46.7444,1705
46.7472,1689
46.7500,1688
46.7528,1690
46.7556,1689
46.7583,1683
46.7611,1689
46.7639,1683
46.7667,1698
46.7694,1695
46.7722,1679
46.7750,1680
46.7778,1685
46.7806,1685
46.7833,1672
46.7861,1661
46.7889,1664
46.7917,1672
46.7944,1678
46.7972,1680
46.8000,1688
46.8028,1697
46.8056,1704
46.8083,1723
46.8111,1721
46.8139,1726
46.8167,1724
46.8194,1728
46.8222,1730
46.8250,1731
46.8278,1747
46.8306,1738
46.8333,1745
46.8361,1746
46.8389,1755
46.8417,1754
46.8444,1760
46.8472,1758
46.8500,1749
46.8528,1747
46.8556,1747
46.8583,1755
46.8611,1759
46.8639,1754
46.8667,1767
46.8694,1765
46.8722,1763
46.8750,1767
46.8778,1770
46.8806,1774
46.8833,1771
46.8861,1768
46.8889,1762
46.8917,1770
46.8944,1758
46.8972,1756
46.9000,1756
46.9028,1758
46.9056,1777
46.9083,1778
46.9111,1786
46.9139,1783
46.9167,1765
46.9194,1751
46.9222,1757
46.9250,1764
46.9278,1760
46.9306,1760
46.9333,1764
46.9361,1756
46.9389,1754
46.9417,1759
46.9444,1763
46.9472,1761
46.9500,1755
46.9528,1745
46.9556,1752
46.9583,1759
46.9611,1766
46.9639,1761
46.9667,1752
46.9694,1752
46.9722,1744
46.9750,1749
46.9778,1745
46.9806,1735
46.9833,1729
46.9861,1712
46.9889,1695
46.9917,1665
46.9944,1671
46.9972,1677
47.0000,1694
47.0028,1712
47.0056,1706
47.0083,1710
47.0111,1712
47.0139,1714
47.0167,1726
47.0194,1750
47.0222,1743
47.0250,1725
47.0278,1711
47.0306,1711
47.0333,1717
47.0361,1727
47.0389,1740
47.0417,1749
47.0444,1763
47.0472,1760
47.0500,1768
47.0528,1773
47.0556,1770
47.0583,1770
47.0611,1762
47.0639,1764
47.0667,1777
47.0694,1784
47.0722,1786
47.0750,1787
47.0778,1790
47.0806,1795
47.0833,1790
47.0861,1784
47.0889,1775
47.0917,1769
47.0944,1771
47.0972,1773
47.1000,1779
47.1028,1790
47.1056,1797
47.1083,1807
47.1111,1802
47.1139,1806
47.1167,1815
47.1194,1811
47.1222,1820
47.1250,1815
47.1278,1814
47.1306,1816
47.1333,1828
47.1361,1851
47.1389,1872
47.1417,1878
47.1444,1866
47.1472,1845
47.1500,1838
47.1528,1826
47.1556,1824
47.1583,1823
47.1611,1836
47.1639,1843
47.1667,1847
47.1694,1863
47.1722,1854
47.1750,1848
47.1778,1836
47.1806,1828
47.1833,1815
47.1861,1814
47.1889,1814
47.1917,1801
47.1944,1798
47.1972,1785
47.2000,1782
47.2028,1781
47.2056,1782
47.2083,1779
47.2111,1768
47.2139,1762
47.2167,1755
47.2194,1759
47.2222,1763
47.2250,1770
47.2278,1781
47.2306,1780
47.2333,1777
47.2361,1778
47.2389,1783
47.2417,1792
47.2444,1785
47.2472,1757
47.2500,1736
47.2528,1742
47.2556,1758
47.2583,1757
47.2611,1733
47.2639,1713
47.2667,1734
47.2694,1852
47.2722,2045
47.2750,2249
47.2778,2336
47.2806,2212
47.2833,1988
47.2861,1753
47.2889,1566
47.2917,1438
47.2944,1407
47.2972,1491
47.3000,1640
47.3028,1784
47.3056,1870
47.3083,1921
47.3111,1913
47.3139,1882
47.3167,1853
47.3194,1822
47.3222,1810
47.3250,1804
47.3278,1801
47.3306,1791
47.3333,1786
47.3361,1763
47.3389,1735
47.3417,1732
47.3444,1740
47.3472,1748
47.3500,1757
47.3528,1738
47.3556,1731
47.3583,1717
47.3611,1715
47.3639,1728
47.3667,1755
47.3694,1769
47.3722,1755
47.3750,1731
47.3778,1710
47.3806,1719
47.3833,1738
47.3861,1746
47.3889,1743
47.3917,1737
47.3944,1729
47.3972,1720
47.4000,1717
47.4028,1716
47.4056,1728
47.4083,1738
47.4111,1744
47.4139,1732
47.4167,1716
47.4194,1711
47.4222,1725
47.4250,1741
47.4278,1741
47.4306,1747
47.4333,1734
47.4361,1729
47.4389,1724
47.4417,1733
47.4444,1738
47.4472,1745
47.4500,1756
47.4528,1748
47.4556,1740
47.4583,1742
47.4611,1745
47.4639,1757
47.4667,1762
47.4694,1779
47.4722,1791
47.4750,1785
47.4778,1766
47.4806,1760
47.4833,1765
47.4861,1775
47.4889,1776
47.4917,1784
47.4944,1789
47.4972,1781
47.5000,1756
47.5028,1754
47.5056,1759
47.5083,1749
47.5111,1750
47.5139,1753
47.5167,1751
47.5194,1746
47.5222,1735
47.5250,1745
47.5278,1752
47.5306,1753
47.5333,1756
47.5361,1754
47.5389,1738
47.5417,1735
47.5444,1734
47.5472,1734
47.5500,1737
47.5528,1723
47.5556,1714
47.5583,1705
47.5611,1695
47.5639,1694
47.5667,1704
47.5694,1719
47.5722,1733
47.5750,1734
47.5778,1715
47.5806,1702
47.5833,1695
47.5861,1698
47.5889,1711
47.5917,1712
47.5944,1710
47.5972,1704
47.6000,1706
47.6028,1709
47.6056,1719
47.6083,1721
47.6111,1719
47.6139,1714
47.6167,1713
47.6194,1711
47.6222,1716
47.6250,1724
47.6278,1734
47.6306,1741
47.6333,1747
47.6361,1756
47.6389,1767
47.6417,1767
47.6444,1777
47.6472,1773
47.6500,1759
47.6528,1741
47.6556,1729
47.6583,1734
47.6611,1736
47.6639,1742
47.6667,1744
47.6694,1735
47.6722,1726
47.6750,1720
47.6778,1723
47.6806,1727
47.6833,1740
47.6861,1757
47.6889,1768
47.6917,1781
47.6944,1778
47.6972,1777
47.7000,1757
47.7028,1743
47.7056,1746
47.7083,1741
47.7111,1741
47.7139,1742
47.7167,1724
47.7194,1718
47.7222,1721
47.7250,1729
47.7278,1733
47.7306,1730
47.7333,1728
47.7361,1722
47.7389,1727
47.7417,1730
47.7444,1730
47.7472,1762
47.7500,1749
47.7528,1725
47.7556,1694
47.7583,1688
47.7611,1696
47.7639,1693
47.7667,1705
47.7694,1714
47.7722,1728
47.7750,1723
47.7778,1720
47.7806,1715
47.7833,1716
47.7861,1714
47.7889,1706
47.7917,1697
47.7944,1704
47.7972,1709
47.8000,1719
47.8028,1729
47.8056,1723
47.8083,1726
47.8111,1736
47.8139,1744
47.8167,1761
47.8194,1775
47.8222,1781
47.8250,1771
47.8278,1755
47.8306,1744
47.8333,1740
47.8361,1742
47.8389,1739
47.8417,1748
47.8444,1758
47.8472,1770
47.8500,1765
47.8528,1757
47.8556,1746
47.8583,1744
47.8611,1741
47.8639,1741
47.8667,1738
47.8694,1742
47.8722,1735
47.8750,1723
47.8778,1712
47.8806,1719
47.8833,1728
47.8861,1744
47.8889,1751
47.8917,1763
47.8944,1751
47.8972,1739
47.9000,1730
47.9028,1741
47.9056,1752
47.9083,1772
47.9111,1789
47.9139,1802
47.9167,1807
47.9194,1796
47.9222,1776
47.9250,1758
47.9278,1770
47.9306,1792
47.9333,1812
47.9361,1820
47.9389,1808
47.9417,1804
47.9444,1792
47.9472,1777
47.9500,1770
47.9528,1760
47.9556,1746
47.9583,1741
47.9611,1736
47.9639,1727
47.9667,1726
47.9694,1720
47.9722,1717
47.9750,1704
47.9778,1692
47.9806,1691
47.9833,1673
47.9861,1662
47.9889,1662
47.9917,1676
47.9944,1695
47.9972,1707
48.0000,1716
48.0028,1709
48.0056,1682
48.0083,1659
48.0111,1656
48.0139,1666
48.0167,1682
48.0194,1679
48.0222,1652
48.0250,1645
48.0278,1662
48.0306,1659
48.0333,1656
48.0361,1641
48.0389,1634
48.0417,1657
48.0444,1766
48.0472,1953
48.0500,2119
48.0528,2106
48.0556,1895
48.0583,1625
48.0611,1419
48.0639,1325
48.0667,1305
48.0694,1334
48.0722,1427
48.0750,1580
48.0778,1739
48.0806,1847
48.0833,1885
48.0861,1855
48.0889,1807
48.0917,1773
48.0944,1742
48.0972,1728
48.1000,1727
48.1028,1722
48.1056,1717
48.1083,1685
48.1111,1654
48.1139,1647
48.1167,1660
48.1194,1676
48.1222,1682
48.1250,1669
48.1278,1662
48.1306,1651
48.1333,1638
48.1361,1636
48.1389,1654
48.1417,1667
48.1444,1675
48.1472,1666
48.1500,1657
48.1528,1657
48.1556,1655
48.1583,1665
48.1611,1656
48.1639,1665
48.1667,1656
48.1694,1655
48.1722,1641
48.1750,1639
48.1778,1651
48.1806,1665
48.1833,1659
48.1861,1659
48.1889,1651
48.1917,1644
48.1944,1647
48.1972,1665
48.2000,1682
48.2028,1700
48.2056,1705
48.2083,1701
48.2111,1686
48.2139,1681
48.2167,1674
48.2194,1672
48.2222,1665
48.2250,1662
48.2278,1651
48.2306,1662
48.2333,1667
48.2361,1671
48.2389,1661
48.2417,1663
48.2444,1663
48.2472,1652
48.2500,1647
48.2528,1641
48.2556,1718
48.2583,1723
48.2611,1705
48.2639,1681
48.2667,1679
48.2694,1673
48.2722,1672
48.2750,1678
48.2778,1681
48.2806,1671
48.2833,1672
48.2861,1666
48.2889,1664
48.2917,1658
48.2944,1666
48.2972,1671
48.3000,1673
48.3028,1685
48.3056,1689
48.3083,1689
48.3111,1677
48.3139,1658
48.3167,1651
48.3194,1652
48.3222,1655
48.3250,1654
48.3278,1681
48.3306,1687
48.3333,1686
48.3361,1684
48.3389,1673
48.3417,1651
48.3444,1665
48.3472,1677
48.3500,1698
48.3528,1705
48.3556,1714
48.3583,1718
48.3611,1725
48.3639,1715
48.3667,1697
48.3694,1672
48.3722,1648
48.3750,1652
48.3778,1662
48.3806,1690
48.3833,1696
48.3861,1704
48.3889,1695
48.3917,1668
48.3944,1641
48.3972,1626
48.4000,1627
48.4028,1642
48.4056,1668
48.4083,1675
48.4111,1682
48.4139,1680
48.4167,1686
48.4194,1684
48.4222,1682
48.4250,1693
48.4278,1691
48.4306,1698
48.4333,1701
48.4361,1709
48.4389,1728
48.4417,1729
48.4444,1737
48.4472,1728
48.4500,1720
48.4528,1723
48.4556,1709
48.4583,1714
48.4611,1706
48.4639,1708
48.4667,1709
48.4694,1709
48.4722,1710
48.4750,1719
48.4778,1728
48.4806,1740
48.4833,1744
48.4861,1741
48.4889,1731
48.4917,1730
48.4944,1727
48.4972,1735
48.5000,1737
48.5028,1745
48.5056,1740
48.5083,1712
48.5111,1698
48.5139,1701
48.5167,1706
48.5194,1726
48.5222,1733
48.5250,1746
48.5278,1732
48.5306,1736
48.5333,1729
48.5361,1731
48.5389,1734
48.5417,1756
48.5444,1767
48.5472,1777
48.5500,1783
48.5528,1804
48.5556,1811
48.5583,1812
48.5611,1826
48.5639,1841
48.5667,1839
48.5694,1840
48.5722,1846
48.5750,1858
48.5778,1877
48.5806,1896
48.5833,1887
48.5861,1883
48.5889,1874
48.5917,1856
48.5944,1839
48.5972,1832
48.6000,1814
48.6028,1783
48.6056,1762
48.6083,1752
48.6111,1745
48.6139,1745
48.6167,1748
48.6194,1742
48.6222,1740
48.6250,1735
48.6278,1724
48.6306,1726
48.6333,1720
48.6361,1712
48.6389,1717
48.6417,1712
48.6444,1712
48.6472,1715
48.6500,1723
48.6528,1722
48.6556,1722
48.6583,1736
48.6611,1735
48.6639,1744
48.6667,1737
48.6694,1730
48.6722,1713
48.6750,1714
48.6778,1729
48.6806,1752
48.6833,1765
48.6861,1746
48.6889,1744
48.6917,1750
48.6944,1826
48.6972,1974
48.7000,2131
48.7028,2153
48.7056,1967
48.7083,1700
48.7111,1465
48.7139,1342
48.7167,1291
48.7194,1314
48.7222,1397
48.7250,1533
48.7278,1682
48.7306,1795
48.7333,1849
48.7361,1854
48.7389,1840
48.7417,1819
48.7444,1806
48.7472,1798
48.7500,1793
48.7528,1783
48.7556,1761
48.7583,1733
48.7611,1700
48.7639,1701
48.7667,1714
48.7694,1729
48.7722,1740
48.7750,1762
48.7778,1746
48.7806,1742
48.7833,1748
48.7861,1752
48.7889,1755
48.7917,1756
48.7944,1737
48.7972,1718
48.8000,1689
48.8028,1682
48.8056,1696
48.8083,1719
48.8111,1754
48.8139,1768
48.8167,1755
48.8194,1725
48.8222,1706
48.8250,1706
48.8278,1724
48.8306,1716
48.8333,1739
48.8361,1733
48.8389,1733
48.8417,1736
48.8444,1753
48.8472,1757
48.8500,1764
48.8528,1772
48.8556,1755
48.8583,1745
48.8611,1744
48.8639,1758
48.8667,1781
48.8694,1793
48.8722,1802
48.8750,1797
48.8778,1799
48.8806,1786
48.8833,1782
48.8861,1788
48.8889,1800
48.8917,1817
48.8944,1822
48.8972,1825
48.9000,1819
48.9028,1811
48.9056,1789
48.9083,1796
48.9111,1796
48.9139,1795
48.9167,1786
48.9194,1776
48.9222,1769
48.9250,1780
48.9278,1775
48.9306,1755
48.9333,1742
48.9361,1736
48.9389,1734
48.9417,1732
48.9444,1730
48.9472,1740
48.9500,1747
48.9528,1747
48.9556,1739
48.9583,1729
48.9611,1717
48.9639,1710
48.9667,1715
48.9694,1725
48.9722,1722
48.9750,1729
48.9778,1724
48.9806,1723
48.9833,1720
48.9861,1727
48.9889,1739
48.9917,1734
48.9944,1732
48.9972,1721
49.0000,1712
49.0028,1711
49.0056,1712
49.0083,1714
49.0111,1713
49.0139,1720
49.0167,1724
49.0194,1720
49.0222,1709
49.0250,1718
49.0278,1718
49.0306,1728
49.0333,1735
49.0361,1745
49.0389,1745
49.0417,1755
49.0444,1757
49.0472,1744
49.0500,1731
49.0528,1720
49.0556,1705
49.0583,1707
49.0611,1701
49.0639,1705
49.0667,1716
49.0694,1726
49.0722,1733
49.0750,1743
49.0778,1746
49.0806,1744
49.0833,1746
49.0861,1749
49.0889,1753
49.0917,1763
49.0944,1755
49.0972,1753
49.1000,1750
49.1028,1760
49.1056,1748
49.1083,1749
49.1111,1753
49.1139,1761
49.1167,1759
49.1194,1753
49.1222,1749
49.1250,1754
49.1278,1762
49.1306,1776
49.1333,1784
49.1361,1770
49.1389,1758
49.1417,1748
49.1444,1735
49.1472,1735
49.1500,1742
49.1528,1746
49.1556,1752
49.1583,1756
49.1611,1754
49.1639,1753
49.1667,1751
49.1694,1763
49.1722,1764
49.1750,1746
49.1778,1741
49.1806,1750
49.1833,1754
49.1861,1763
49.1889,1774
49.1917,1790
49.1944,1805
49.1972,1810
49.2000,1815
49.2028,1813
49.2056,1812
49.2083,1816
49.2111,1824
49.2139,1840
49.2167,1853
49.2194,1864
49.2222,1868
49.2250,1873
49.2278,1857
49.2306,1863
49.2333,1873
49.2361,1883
49.2389,1876
49.2417,1875
49.2444,1870
49.2472,1862
49.2500,1845
49.2528,1836
49.2556,1825
49.2583,1822
49.2611,1805
49.2639,1792
49.2667,1772
49.2694,1765
49.2722,1753
49.2750,1760
49.2778,1758
49.2806,1750
49.2833,1741
49.2861,1734
49.2889,1736
49.2917,1738
49.2944,1745
49.2972,1747
49.3000,1744
49.3028,1742
49.3056,1741
49.3083,1753
49.3111,1767
49.3139,1783
49.3167,1768
49.3194,1750
49.3222,1720
49.3250,1716
49.3278,1721
49.3306,1738
49.3333,1765
49.3361,1772
49.3389,1760
49.3417,1744
49.3444,1754
49.3472,1860
49.3500,2032
49.3528,2262
49.3556,2426
49.3583,2368
49.3611,2150
49.3639,1887
49.3667,1636
49.3694,1442
49.3722,1345
49.3750,1374
49.3778,1491
49.3806,1649
49.3833,1763
49.3861,1832
49.3889,1850
49.3917,1849
49.3944,1832
49.3972,1811
49.4000,1808
49.4028,1801
49.4056,1789
49.4083,1771
49.4111,1730
49.4139,1710
49.4167,1711
49.4194,1714
49.4222,1732
49.4250,1765
49.4278,1776
49.4306,1772
49.4333,1754
49.4361,1736
49.4389,1729
49.4417,1734
49.4444,1742
49.4472,1750
49.4500,1758
49.4528,1752
49.4556,1753
49.4583,1742
49.4611,1747
49.4639,1761
49.4667,1775
49.4694,1779
49.4722,1780
49.4750,1760
49.4778,1751
49.4806,1757
49.4833,1766
49.4861,1783
49.4889,1790
49.4917,1801
49.4944,1786
49.4972,1791
49.5000,1796
49.5028,1810
49.5056,1801
49.5083,1794
49.5111,1772
49.5139,1752
49.5167,1743
49.5194,1747
49.5222,1752
49.5250,1754
49.5278,1775
49.5306,1784
49.5333,1786
49.5361,1784
49.5389,1786
49.5417,1806
49.5444,1818
49.5472,1830
49.5500,1829
49.5528,1812
49.5556,1799
49.5583,1789
49.5611,1823
49.5639,1840
49.5667,1840
49.5694,1838
49.5722,1813
49.5750,1792
49.5778,1787
49.5806,1778
49.5833,1782
49.5861,1785
49.5889,1791
49.5917,1783
49.5944,1773
49.5972,1754
49.6000,1758
49.6028,1760
49.6056,1772
49.6083,1776
49.6111,1772
49.6139,1766
49.6167,1755
49.6194,1756
49.6222,1759
49.6250,1762
49.6278,1759
49.6306,1748
49.6333,1748
49.6361,1736
49.6389,1738
49.6417,1739
49.6444,1742
49.6472,1742
49.6500,1735
49.6528,1730
49.6556,1729
49.6583,1740
49.6611,1737
49.6639,1746
49.6667,1744
49.6694,1758
49.6722,1765
49.6750,1768
49.6778,1747
49.6806,1729
49.6833,1728
49.6861,1734
49.6889,1745
49.6917,1749
49.6944,1753
49.6972,1770
49.7000,1766
49.7028,1775
49.7056,1773
49.7083,1781
49.7111,1786
49.7139,1786
49.7167,1780
49.7194,1785
49.7222,1785
49.7250,1798
49.7278,1806
49.7306,1817
49.7333,1807
49.7361,1809
49.7389,1787
49.7417,1762
49.7444,1756
49.7472,1753
49.7500,1755
49.7528,1761
49.7556,1762
49.7583,1767
49.7611,1793
49.7639,1806
49.7667,1798
49.7694,1790
49.7722,1777
49.7750,1775
49.7778,1762
49.7806,1763
49.7833,1768
49.7861,1778
49.7889,1786
49.7917,1781
49.7944,1778
49.7972,1776
49.8000,1767
49.8028,1764
49.8056,1768
49.8083,1767
49.8111,1761
49.8139,1768
49.8167,1771
49.8194,1779
49.8222,1776
49.8250,1779
49.8278,1777
49.8306,1764
49.8333,1751
49.8361,1758
49.8389,1769
49.8417,1778
49.8444,1778
49.8472,1758
49.8500,1740
49.8528,1731
49.8556,1726
49.8583,1726
49.8611,1737
49.8639,1745
49.8667,1747
49.8694,1765
49.8722,1778
49.8750,1771
49.8778,1761
49.8806,1737
49.8833,1728
49.8861,1734
49.8889,1737
49.8917,1742
49.8944,1747
49.8972,1751
49.9000,1751
49.9028,1743
49.9056,1744
49.9083,1740
49.9111,1736
49.9139,1730
49.9167,1722
49.9194,1721
49.9222,1727
49.9250,1738
49.9278,1745
49.9306,1750
49.9333,1758
49.9361,1752
49.9389,1754
49.9417,1752
49.9444,1746
49.9472,1753
49.9500,1752
49.9528,1763
49.9556,1773
49.9583,1785
49.9611,1799
49.9639,1809
49.9667,1824
49.9694,1839
49.9722,1838
49.9750,1842
49.9778,1837
49.9806,1848
49.9833,1870
49.9861,1886
49.9889,1875
49.9917,1858
49.9944,1842
49.9972,1819
50.0000,1788
50.0028,1781
50.0056,1780
50.0083,1775
50.0111,1771
50.0139,1763
50.0167,1745
50.0194,1729
50.0222,1719
50.0250,1716
50.0278,1717
50.0306,1722
50.0333,1723
50.0361,1713
50.0389,1700
50.0417,1697
50.0444,1708
50.0472,1716
50.0500,1721
50.0528,1715
50.0556,1705
50.0583,1708
50.0611,1720
50.0639,1725
50.0667,1723
50.0694,1716
50.0722,1712
50.0750,1713
50.0778,1724
50.0806,1724
50.0833,1739
50.0861,1730
50.0889,1709
50.0917,1685
50.0944,1718
50.0972,1827
50.1000,2003
50.1028,2206
50.1056,2288
50.1083,2160
50.1111,1912
50.1139,1681
50.1167,1501
50.1194,1391
50.1222,1365
50.1250,1435
50.1278,1572
50.1306,1702
50.1333,1788
50.1361,1819
50.1389,1821
50.1417,1810
50.1444,1783
50.1472,1765
50.1500,1750
50.1528,1740
50.1556,1737
50.1583,1734
50.1611,1718
50.1639,1691
50.1667,1669
50.1694,1674
50.1722,1674
50.1750,1686
50.1778,1689
50.1806,1678
50.1833,1675
50.1861,1682
50.1889,1689
50.1917,1697
50.1944,1705
50.1972,1708
50.2000,1711
50.2028,1698
50.2056,1684
50.2083,1688
50.2111,1670
50.2139,1680
50.2167,1686
50.2194,1693
50.2222,1682
50.2250,1668
50.2278,1678
50.2306,1692
50.2333,1700
50.2361,1708
50.2389,1697
50.2417,1686
50.2444,1685
50.2472,1690
50.2500,1699
50.2528,1704
50.2556,1711
50.2583,1706
50.2611,1698
50.2639,1699
50.2667,1696
50.2694,1711
50.2722,1719
50.2750,1727
50.2778,1726
50.2806,1729
50.2833,1718
50.2861,1723
50.2889,1737
50.2917,1762
50.2944,1767
50.2972,1805
50.3000,1805
50.3028,1795
50.3056,1796
50.3083,1789
50.3111,1781
50.3139,1773
50.3167,1764
50.3194,1767
50.3222,1752
50.3250,1747
50.3278,1745
50.3306,1746
50.3333,1751
50.3361,1747
50.3389,1750
50.3417,1735
50.3444,1737
50.3472,1724
50.3500,1705
50.3528,1709
50.3556,1706
50.3583,1703
50.3611,1696
50.3639,1691
50.3667,1704
50.3694,1716
50.3722,1715
50.3750,1720
50.3778,1711
50.3806,1698
50.3833,1694
50.3861,1682
50.3889,1671
50.3917,1681
50.3944,1686
50.3972,1683
50.4000,1687
50.4028,1689
50.4056,1684
50.4083,1693
50.4111,1698
50.4139,1714
50.4167,1705
50.4194,1694
50.4222,1698
50.4250,1702
50.4278,1707
50.4306,1717
50.4333,1723
50.4361,1720
50.4389,1720
50.4417,1720
50.4444,1717
50.4472,1715
50.4500,1721
50.4528,1729
50.4556,1750
50.4583,1753
50.4611,1744
50.4639,1747
50.4667,1743
50.4694,1740
50.4722,1746
50.4750,1748
50.4778,1738
50.4806,1736
50.4833,1740
50.4861,1737
50.4889,1738
50.4917,1741
50.4944,1745
50.4972,1754
50.5000,1762
50.5028,1755
50.5056,1749
50.5083,1755
50.5111,1757
50.5139,1768
50.5167,1764
50.5194,1757
50.5222,1760
50.5250,1766
50.5278,1767
50.5306,1768
50.5333,1760
50.5361,1754
50.5389,1750
50.5417,1743
50.5444,1741
50.5472,1748
50.5500,1758
50.5528,1761
50.5556,1762
50.5583,1764
50.5611,1747
50.5639,1748
50.5667,1748
50.5694,1757
50.5722,1767
50.5750,1776
50.5778,1780
50.5806,1763
50.5833,1745
50.5861,1740
50.5889,1739
50.5917,1745
50.5944,1746
50.5972,1753
50.6000,1761
50.6028,1751
50.6056,1739
50.6083,1738
50.6111,1738
50.6139,1736
50.6167,1741
50.6194,1737
50.6222,1740
50.6250,1742
50.6278,1746
50.6306,1747
50.6333,1745
50.6361,1747
50.6389,1744
50.6417,1748
50.6444,1755
50.6472,1752
50.6500,1735
50.6528,1734
50.6556,1743
50.6583,1742
50.6611,1739
50.6639,1746
50.6667,1755
50.6694,1755
50.6722,1756
50.6750,1736
50.6778,1727
50.6806,1715
50.6833,1712
50.6861,1722
50.6889,1733
50.6917,1748
50.6944,1756
50.6972,1763
50.7000,1743
50.7028,1747
50.7056,1746
50.7083,1747
50.7111,1748
50.7139,1743
50.7167,1748
50.7194,1745
50.7222,1739
50.7250,1741
50.7278,1738
50.7306,1743
50.7333,1742
50.7361,1745
50.7389,1746
50.7417,1746
50.7444,1746
50.7472,1750
50.7500,1754
50.7528,1756
50.7556,1753
50.7583,1750
50.7611,1741
50.7639,1741
50.7667,1738
50.7694,1736
50.7722,1741
50.7750,1740
50.7778,1739
50.7806,1740
50.7833,1734
50.7861,1737
50.7889,1739
50.7917,1742
50.7944,1741
50.7972,1751
50.8000,1744
50.8028,1746
50.8056,1744
50.8083,1744
50.8111,1744
50.8139,1743
50.8167,1740
50.8194,1753
50.8222,1763
50.8250,1785
50.8278,1800
50.8306,1807
50.8333,1811
50.8361,1810
50.8389,1801
50.8417,1803
50.8444,1797
50.8472,1803
50.8500,1802
50.8528,1801
50.8556,1799
50.8583,1808
50.8611,1815
50.8639,1802
50.8667,1792
50.8694,1772
50.8722,1770
50.8750,1758
50.8778,1749
50.8806,1747
50.8833,1739
50.8861,1739
50.8889,1740
50.8917,1744
50.8944,1743
50.8972,1741
50.9000,1726
50.9028,1725
50.9056,1721
50.9083,1723
50.9111,1720
50.9139,1725
50.9167,1723
50.9194,1726
50.9222,1711
50.9250,1710
50.9278,1717
50.9306,1733
50.9333,1744
50.9361,1743
50.9389,1721
50.9417,1711
50.9444,1728
50.9472,1737
50.9500,1731
50.9528,1719
50.9556,1708
50.9583,1758
50.9611,1885
50.9639,2094
50.9667,2305
50.9694,2423
50.9722,2329
50.9750,2114
50.9778,1884
50.9806,1667
50.9833,1504
50.9861,1441
50.9889,1481
50.9917,1591
50.9944,1690
50.9972,1777
51.0000,1826
51.0028,1857
51.0056,1843
51.0083,1818
51.0111,1804
51.0139,1774
51.0167,1765
51.0194,1767
51.0222,1742
51.0250,1715
51.0278,1696
51.0306,1685
51.0333,1708
51.0361,1726
51.0389,1719
51.0417,1721
51.0444,1702
51.0472,1685
51.0500,1685
51.0528,1696
51.0556,1708
51.0583,1722
51.0611,1733
51.0639,1730
51.0667,1727
51.0694,1717
51.0722,1713
51.0750,1727
51.0778,1730
51.0806,1740
51.0833,1734
51.0861,1718
51.0889,1715
51.0917,1715
51.0944,1720
51.0972,1726
51.1000,1729
51.1028,1737
51.1056,1739
51.1083,1744
51.1111,1738
51.1139,1739
51.1167,1747
51.1194,1752
51.1222,1748
51.1250,1745
51.1278,1741
51.1306,1750
51.1333,1767
51.1361,1769
51.1389,1767
51.1417,1755
51.1444,1752
51.1472,1744
51.1500,1739
51.1528,1752
51.1556,1761
51.1583,1779
51.1611,1796
51.1639,1793
51.1667,1786
51.1694,1765
51.1722,1772
51.1750,1799
51.1778,1809
51.1806,1810
51.1833,1801
51.1861,1796
51.1889,1785
51.1917,1774
51.1944,1768
51.1972,1780
51.2000,1785
51.2028,1785
51.2056,1770
51.2083,1766
51.2111,1753
51.2139,1746
51.2167,1761
51.2194,1767
51.2222,1761
51.2250,1756
51.2278,1750
51.2306,1743
51.2333,1731
51.2361,1737
51.2389,1742
51.2417,1744
51.2444,1734
51.2472,1734
51.2500,1734
51.2528,1726
51.2556,1722
51.2583,1740
51.2611,1741
51.2639,1737
51.2667,1730
51.2694,1728
51.2722,1733
51.2750,1741
51.2778,1752
51.2806,1762
51.2833,1771
51.2861,1770
51.2889,1777
51.2917,1781
51.2944,1763
51.2972,1752
51.3000,1741
51.3028,1734
51.3056,1739
51.3083,1747
51.3111,1754
51.3139,1758
51.3167,1758
51.3194,1766
51.3222,1776
51.3250,1785
51.3278,1789
51.3306,1790
51.3333,1786
51.3361,1787
51.3389,1794
51.3417,1794
51.3444,1798
51.3472,1794
51.3500,1801
51.3528,1803
51.3556,1804
51.3583,1810
51.3611,1804
51.3639,1803
51.3667,1801
51.3694,1802
51.3722,1813
51.3750,1832
51.3778,1842
51.3806,1828
51.3833,1804
51.3861,1779
51.3889,1771
51.3917,1770
51.3944,1780
51.3972,1786
51.4000,1797
51.4028,1803
51.4056,1798
51.4083,1787
51.4111,1788
51.4139,1792
51.4167,1788
51.4194,1786
51.4222,1790
51.4250,1790
51.4278,1772
51.4306,1761
51.4333,1751
51.4361,1756
51.4389,1761
51.4417,1766
51.4444,1780
51.4472,1775
51.4500,1761
51.4528,1756
51.4556,1757
51.4583,1759
51.4611,1767
51.4639,1773
51.4667,1782
51.4694,1785
51.4722,1786
51.4750,1787
51.4778,1781
51.4806,1779
51.4833,1763
51.4861,1736
51.4889,1722
51.4917,1725
51.4944,1730
51.4972,1737
51.5000,1756
51.5028,1757
51.5056,1762
51.5083,1759
51.5111,1761
51.5139,1750
51.5167,1753
51.5194,1750
51.5222,1741
51.5250,1744
51.5278,1741
51.5306,1741
51.5333,1755
51.5361,1759
51.5389,1769
51.5417,1767
51.5444,1766
51.5472,1749
51.5500,1740
51.5528,1755
51.5556,1762
51.5583,1769
51.5611,1770
51.5639,1775
51.5667,1764
51.5694,1754
51.5722,1743
51.5750,1749
51.5778,1760
51.5806,1768
51.5833,1757
51.5861,1755
51.5889,1745
51.5917,1740
51.5944,1741
51.5972,1744
51.6000,1752
51.6028,1757
51.6056,1764
51.6083,1764
51.6111,1761
51.6139,1763
51.6167,1765
51.6194,1759
51.6222,1758
51.6250,1745
51.6278,1744
51.6306,1737
51.6333,1747
51.6361,1761
51.6389,1778
51.6417,1790
51.6444,1791
51.6472,1772
51.6500,1750
51.6528,1737
51.6556,1722
51.6583,1732
51.6611,1742
51.6639,1749
51.6667,1756
51.6694,1756
51.6722,1755
51.6750,1761
51.6778,1752
51.6806,1752
51.6833,1771
51.6861,1783
51.6889,1789
51.6917,1786
51.6944,1769
51.6972,1768
51.7000,1760
51.7028,1768
51.7056,1765
51.7083,1768
51.7111,1772
51.7139,1781
51.7167,1777
51.7194,1759
51.7222,1742
51.7250,1748
51.7278,1756
51.7306,1754
51.7333,1759
51.7361,1766
51.7389,1767
51.7417,1769
51.7444,1785
51.7472,1799
51.7500,1811
51.7528,1813
51.7556,1803
51.7583,1804
51.7611,1805
51.7639,1796
51.7667,1803
51.7694,1810
51.7722,1821
51.7750,1821
51.7778,1822
51.7806,1835
51.7833,1828
51.7861,1811
51.7889,1794
51.7917,1779
51.7944,1761
51.7972,1753
51.8000,1762
51.8028,1765
51.8056,1764
51.8083,1767
51.8111,1775
51.8139,1765
51.8167,1764
51.8194,1752
51.8222,1730
51.8250,1736
51.8278,1736
51.8306,1732
51.8333,1713
51.8361,1711
51.8389,1705
51.8417,1716
51.8444,1718
51.8472,1719
51.8500,1724
51.8528,1715
51.8556,1716
51.8583,1718
51.8611,1716
51.8639,1725
51.8667,1738
51.8694,1732
51.8722,1703
51.8750,1683
51.8778,1709
51.8806,1827
51.8833,2003
51.8861,2192
51.8889,2220
51.8917,2056
51.8944,1808
51.8972,1584
51.9000,1434
51.9028,1350
51.9056,1354
51.9083,1450
51.9111,1617
51.9139,1760
51.9167,1856
51.9194,1881
51.9222,1874
51.9250,1847
51.9278,1826
51.9306,1788
51.9333,1750
51.9361,1743
51.9389,1737
51.9417,1730
51.9444,1713
51.9472,1697
51.9500,1704
51.9528,1715
51.9556,1729
51.9583,1728
51.9611,1712
51.9639,1685
51.9667,1667
51.9694,1667
51.9722,1676
51.9750,1681
51.9778,1695
51.9806,1697
51.9833,1693
51.9861,1695
51.9889,1694
51.9917,1705
51.9944,1711
51.9972,1733
52.0000,1734
52.0028,1723
52.0056,1715
52.0083,1706
52.0111,1705
52.0139,1682
52.0167,1688
52.0194,1688
52.0222,1694
52.0250,1690
52.0278,1697
52.0306,1706
52.0333,1721
52.0361,1722
52.0389,1720
52.0417,1717
52.0444,1717
52.0472,1709
52.0500,1709
52.0528,1717
52.0556,1727
52.0583,1739
52.0611,1742
52.0639,1751
52.0667,1746
52.0694,1736
52.0722,1743
52.0750,1753
52.0778,1771
52.0806,1786
52.0833,1792
52.0861,1768
52.0889,1736
52.0917,1750
52.0944,1759
52.0972,1773
52.1000,1774
52.1028,1774
52.1056,1748
52.1083,1733
52.1111,1724
52.1139,1723
52.1167,1723
52.1194,1738
52.1222,1744
52.1250,1742
52.1278,1722
52.1306,1705
52.1333,1702
52.1361,1712
52.1389,1706
52.1417,1701
52.1444,1697
52.1472,1698
52.1500,1695
52.1528,1696
52.1556,1710
52.1583,1720
52.1611,1714
52.1639,1702
52.1667,1685
52.1694,1695
52.1722,1706
52.1750,1710
52.1778,1706
52.1806,1704
52.1833,1695
52.1861,1672
52.1889,1673
52.1917,1687
52.1944,1686
52.1972,1695
52.2000,1704
52.2028,1709
52.2056,1719
52.2083,1705
52.2111,1696
52.2139,1689
52.2167,1701
52.2194,1711
52.2222,1725
52.2250,1737
52.2278,1743
52.2306,1735
52.2333,1734
52.2361,1731
52.2389,1726
52.2417,1714
52.2444,1711
52.2472,1703
52.2500,1699
52.2528,1709
52.2556,1729
52.2583,1725
52.2611,1710
52.2639,1695
52.2667,1692
52.2694,1686
52.2722,1693
52.2750,1698
52.2778,1703
52.2806,1706
52.2833,1693
52.2861,1685
52.2889,1687
52.2917,1705
52.2944,1714
52.2972,1700
52.3000,1699
52.3028,1693
52.3056,1686
52.3083,1693
52.3111,1697
52.3139,1716
52.3167,1714
52.3194,1708
52.3222,1704
52.3250,1697
52.3278,1692
52.3306,1670
52.3333,1658
52.3361,1651
52.3389,1654
52.3417,1664
52.3444,1670
52.3472,1663
52.3500,1666
52.3528,1664
52.3556,1672
52.3583,1669
52.3611,1671
52.3639,1686
52.3667,1695
52.3694,1698
52.3722,1688
52.3750,1685
52.3778,1689
52.3806,1691
52.3833,1680
52.3861,1685
52.3889,1690
52.3917,1696
52.3944,1708
52.3972,1717
52.4000,1730
52.4028,1736
52.4056,1727
52.4083,1709
52.4111,1698
52.4139,1684
52.4167,1681
52.4194,1693
52.4222,1689
52.4250,1700
52.4278,1702
52.4306,1705
52.4333,1732
52.4361,1731
52.4389,1732
52.4417,1724
52.4444,1718
52.4472,1716
52.4500,1724
52.4528,1726
52.4556,1730
52.4583,1736
52.4611,1725
52.4639,1702
52.4667,1685
52.4694,1682
52.4722,1702
52.4750,1725
52.4778,1730
52.4806,1724
52.4833,1704
52.4861,1687
52.4889,1689
52.4917,1680
52.4944,1679
52.4972,1686
52.5000,1696
52.5028,1707
52.5056,1713
52.5083,1716
52.5111,1719
52.5139,1722
52.5167,1734
52.5194,1743
52.5222,1755
52.5250,1762
52.5278,1762
52.5306,1764
52.5333,1766
52.5361,1766
52.5389,1778
52.5417,1802
52.5444,1817
52.5472,1814
52.5500,1808
52.5528,1798
52.5556,1781
52.5583,1767
52.5611,1762
52.5639,1758
52.5667,1749
52.5694,1722
52.5722,1703
52.5750,1694
52.5778,1690
52.5806,1687
52.5833,1678
52.5861,1686
52.5889,1677
52.5917,1664
52.5944,1661
52.5972,1664
52.6000,1675
52.6028,1686
52.6056,1697
52.6083,1709
52.6111,1717
52.6139,1705
52.6167,1699
52.6194,1686
52.6222,1682
52.6250,1691
52.6278,1686
52.6306,1676
52.6333,1678
52.6361,1690
52.6389,1724
52.6417,1721
52.6444,1698
52.6472,1668
52.6500,1659
52.6528,1711
52.6556,1825
52.6583,1997
52.6611,2133
52.6639,2075
52.6667,1852
52.6694,1603
52.6722,1402
52.6750,1303
52.6778,1269
52.6806,1305
52.6833,1426
52.6861,1585
52.6889,1733
52.6917,1827
52.6944,1869
52.6972,1859
52.7000,1832
52.7028,1799
52.7056,1781
52.7083,1771
52.7111,1757
52.7139,1735
52.7167,1701
52.7194,1690
52.7222,1685
52.7250,1678
52.7278,1678
52.7306,1675
52.7333,1674
52.7361,1672
52.7389,1660
52.7417,1656
52.7444,1669
52.7472,1667
52.7500,1667
52.7528,1674
52.7556,1668
52.7583,1669
52.7611,1662
52.7639,1660
52.7667,1658
52.7694,1655
52.7722,1665
52.7750,1666
52.7778,1656
52.7806,1653
52.7833,1655
52.7861,1654
52.7889,1653
52.7917,1651
52.7944,1656
52.7972,1644
52.8000,1638
52.8028,1627
52.8056,1640
52.8083,1659
52.8111,1672
52.8139,1674
52.8167,1658
52.8194,1636
52.8222,1624
52.8250,1624
52.8278,1636
52.8306,1650
52.8333,1657
52.8361,1666
52.8389,1661
52.8417,1666
52.8444,1665
52.8472,1673
52.8500,1699
52.8528,1718
52.8556,1711
52.8583,1708
52.8611,1701
52.8639,1687
52.8667,1745
52.8694,1748
52.8722,1754
52.8750,1753
52.8778,1752
52.8806,1751
52.8833,1739
52.8861,1748
52.8889,1743
52.8917,1750
52.8944,1751
52.8972,1755
52.9000,1752
52.9028,1744
52.9056,1743
52.9083,1751
52.9111,1745
52.9139,1754
52.9167,1746
52.9194,1738
52.9222,1729
52.9250,1731
52.9278,1733
52.9306,1739
52.9333,1750
52.9361,1746
52.9389,1745
52.9417,1747
52.9444,1746
52.9472,1755
52.9500,1758
52.9528,1763
52.9556,1769
52.9583,1760
52.9611,1757
52.9639,1761
52.9667,1765
52.9694,1772
52.9722,1777
52.9750,1783
52.9778,1785
52.9806,1791
52.9833,1795
52.9861,1793
52.9889,1804
52.9917,1821
52.9944,1810
52.9972,1813
53.0000,1808
53.0028,1800
53.0056,1790
53.0083,1798
53.0111,1810
53.0139,1810
53.0167,1821
53.0194,1818
53.0222,1812
53.0250,1822
53.0278,1833
53.0306,1834
53.0333,1835
53.0361,1839
53.0389,1835
53.0417,1835
53.0444,1823
53.0472,1843
53.0500,1846
53.0528,1845
53.0556,1846
53.0583,1835
53.0611,1825
53.0639,1830
53.0667,1847
53.0694,1850
53.0722,1842
53.0750,1829
53.0778,1821
53.0806,1809
53.0833,1811
53.0861,1820
53.0889,1826
53.0917,1831
53.0944,1825
53.0972,1829
53.1000,1820
53.1028,1816
53.1056,1820
53.1083,1826
53.1111,1830
53.1139,1836
53.1167,1835
53.1194,1835
53.1222,1833
53.1250,1828
53.1278,1837
53.1306,1829
53.1333,1815
53.1361,1820
53.1389,1820
53.1417,1824
53.1444,1820
53.1472,1825
53.1500,1835
53.1528,1841
53.1556,1839
53.1583,1840
53.1611,1841
53.1639,1842
53.1667,1836
53.1694,1830
53.1722,1844
53.1750,1833
53.1778,1845
53.1806,1833
53.1833,1839
53.1861,1841
53.1889,1838
53.1917,1838
53.1944,1836
53.1972,1832
53.2000,1821
53.2028,1808
53.2056,1813
53.2083,1819
53.2111,1817
53.2139,1820
53.2167,1819
53.2194,1812
53.2222,1810
53.2250,1806
53.2278,1811
53.2306,1815
53.2333,1822
53.2361,1824
53.2389,1837
53.2417,1862
53.2444,1885
53.2472,1886
53.2500,1879
53.2528,1879
53.2556,1881
53.2583,1893
53.2611,1894
53.2639,1903
53.2667,1905
53.2694,1922
53.2722,1934
53.2750,1943
53.2778,1934
53.2806,1910
53.2833,1900
53.2861,1883
53.2889,1873
53.2917,1873
53.2944,1875
53.2972,1875
53.3000,1859
53.3028,1844
53.3056,1823
53.3083,1806
53.3111,1795
53.3139,1790
53.3167,1789
53.3194,1791
53.3222,1783
53.3250,1782
53.3278,1775
53.3306,1775
53.3333,1780
53.3361,1784
53.3389,1787
53.3417,1782
53.3444,1779
53.3472,1781
53.3500,1780
53.3528,1783
53.3556,1785
53.3583,1781
53.3611,1781
53.3639,1783
53.3667,1765
53.3694,1769
53.3722,1774
53.3750,1776
53.3778,1762
53.3806,1755
53.3833,1800
53.3861,1913
53.3889,2113
53.3917,2355
53.3944,2503
53.3972,2428
53.4000,2221
53.4028,1975
53.4056,1738
53.4083,1548
53.4111,1445
53.4139,1473
53.4167,1570
53.4194,1695
53.4222,1786
53.4250,1842
53.4278,1875
53.4306,1874
53.4333,1856
53.4361,1835
53.4389,1819
53.4417,1810
53.4444,1792
53.4472,1772
53.4500,1758
53.4528,1744
53.4556,1723
53.4583,1714
53.4611,1727
53.4639,1738
53.4667,1759
53.4694,1762
53.4722,1741
53.4750,1730
53.4778,1710
53.4806,1720
53.4833,1731
53.4861,1739
53.4889,1743
53.4917,1735
53.4944,1721
53.4972,1724
53.5000,1732
53.5028,1748
53.5056,1762
53.5083,1750
53.5111,1740
53.5139,1730
53.5167,1732
53.5194,1734
53.5222,1741
53.5250,1746
53.5278,1758
53.5306,1761
53.5333,1760
53.5361,1759
53.5389,1757
53.5417,1761
53.5444,1765
53.5472,1760
53.5500,1751
53.5528,1739
53.5556,1737
53.5583,1751
53.5611,1754
53.5639,1766
53.5667,1768
53.5694,1763
53.5722,1753
53.5750,1758
53.5778,1771
53.5806,1787
53.5833,1789
53.5861,1788
53.5889,1779
53.5917,1773
53.5944,1769
53.5972,1771
53.6000,1800
53.6028,1808
53.6056,1813
53.6083,1807
53.6111,1801
53.6139,1782
53.6167,1781
53.6194,1785
53.6222,1797
53.6250,1800
53.6278,1780
53.6306,1752
53.6333,1733
53.6361,1735
53.6389,1742
53.6417,1748
53.6444,1752
53.6472,1758
53.6500,1753
53.6528,1743
53.6556,1740
53.6583,1742
53.6611,1744
53.6639,1739
53.6667,1751
53.6694,1744
53.6722,1734
53.6750,1717
53.6778,1705
53.6806,1703
53.6833,1707
53.6861,1716
53.6889,1722
53.6917,1724
53.6944,1727
53.6972,1722
53.7000,1731
53.7028,1737
53.7056,1739
53.7083,1747
53.7111,1740
53.7139,1737
53.7167,1734
53.7194,1744
53.7222,1752
53.7250,1753
53.7278,1765
53.7306,1776
53.7333,1776
53.7361,1758
53.7389,1740
53.7417,1738
53.7444,1742
53.7472,1737
53.7500,1739
53.7528,1741
53.7556,1750
53.7583,1756
53.7611,1765
53.7639,1777
53.7667,1778
53.7694,1778
53.7722,1774
53.7750,1763
53.7778,1776
53.7806,1775
53.7833,1772
53.7861,1772
53.7889,1773
53.7917,1767
53.7944,1769
53.7972,1762
53.8000,1780
53.8028,1777
53.8056,1788
53.8083,1786
53.8111,1781
53.8139,1766
53.8167,1763
53.8194,1768
53.8222,1772
53.8250,1784
53.8278,1777
53.8306,1756
53.8333,1751
53.8361,1743
53.8389,1743
53.8417,1746
53.8444,1751
53.8472,1748
53.8500,1749
53.8528,1750
53.8556,1752
53.8583,1745
53.8611,1744
53.8639,1753
53.8667,1761
53.8694,1767
53.8722,1764
53.8750,1748
53.8778,1731
53.8806,1728
53.8833,1729
53.8861,1733
53.8889,1735
53.8917,1741
53.8944,1751
53.8972,1756
53.9000,1754
53.9028,1761
53.9056,1749
53.9083,1748
53.9111,1741
53.9139,1737
53.9167,1736
53.9194,1736
53.9222,1736
53.9250,1737
53.9278,1744
53.9306,1748
53.9333,1766
53.9361,1764
53.9389,1745
53.9417,1738
53.9444,1744
53.9472,1736
53.9500,1734
53.9528,1739
53.9556,1746
53.9583,1751
53.9611,1762
53.9639,1768
53.9667,1765
53.9694,1777
53.9722,1765
53.9750,1760
53.9778,1752
53.9806,1754
53.9833,1767
53.9861,1765
53.9889,1756
53.9917,1749
53.9944,1743
53.9972,1742
54.0000,1750
54.0028,1764
54.0056,1765
54.0083,1773
54.0111,1771
54.0139,1779
54.0167,1785
54.0194,1792
54.0222,1806
54.0250,1825
54.0278,1838
54.0306,1848
54.0333,1858
54.0361,1861
54.0389,1854
54.0417,1845
54.0444,1858
54.0472,1866
54.0500,1868
54.0528,1863
54.0556,1852
54.0583,1847
54.0611,1832
54.0639,1820
54.0667,1804
54.0694,1795
54.0722,1783
54.0750,1779
54.0778,1780
54.0806,1772
54.0833,1762
54.0861,1756
54.0889,1747
54.0917,1742
54.0944,1736
54.0972,1724
54.1000,1723
54.1028,1720
54.1056,1725
54.1083,1727
54.1111,1729
54.1139,1731
54.1167,1739
54.1194,1748
54.1222,1729
54.1250,1711
54.1278,1692
54.1306,1685
54.1333,1678
54.1361,1676
54.1389,1692
54.1417,1714
54.1444,1723
54.1472,1701
54.1500,1680
54.1528,1690
54.1556,1788
54.1583,1966
54.1611,2171
54.1639,2284
54.1667,2194
54.1694,1959
54.1722,1716
54.1750,1499
54.1778,1339
54.1806,1289
54.1833,1335
54.1861,1475
54.1889,1623
54.1917,1735
54.1944,1796
54.1972,1816
54.2000,1806
54.2028,1787
54.2056,1762
54.2083,1726
54.2111,1690
54.2139,1674
54.2167,1667
54.2194,1657
54.2222,1633
54.2250,1631
54.2278,1640
54.2306,1652
54.2333,1650
54.2361,1652
54.2389,1639
54.2417,1642
54.2444,1633
54.2472,1643
54.2500,1651
54.2528,1664
54.2556,1673
54.2583,1672
54.2611,1652
54.2639,1641
54.2667,1631
54.2694,1631
54.2722,1642
54.2750,1661
54.2778,1656
54.2806,1655
54.2833,1646
54.2861,1632
54.2889,1638
54.2917,1644
54.2944,1659
54.2972,1668
54.3000,1666
54.3028,1653
54.3056,1657
54.3083,1663
54.3111,1665
54.3139,1673
54.3167,1676
54.3194,1683
54.3222,1682
54.3250,1686
54.3278,1700
54.3306,1702
54.3333,1711
54.3361,1694
54.3389,1684
54.3417,1685
54.3444,1687
54.3472,1690
54.3500,1715
54.3528,1729
54.3556,1749
54.3583,1735
54.3611,1717
54.3639,1711
54.3667,1716
54.3694,1746
54.3722,1757
54.3750,1766
54.3778,1770
54.3806,1755
54.3833,1741
54.3861,1734
54.3889,1733
54.3917,1742
54.3944,1742
54.3972,1728
54.4000,1713
54.4028,1707
54.4056,1707
54.4083,1709
54.4111,1716
54.4139,1733
54.4167,1752
54.4194,1753
54.4222,1728
54.4250,1710
54.4278,1694
54.4306,1695
54.4333,1706
54.4361,1710
54.4389,1710
54.4417,1712
54.4444,1705
54.4472,1700
54.4500,1701
54.4528,1700
54.4556,1708
54.4583,1699
54.4611,1707
54.4639,1712
54.4667,1709
54.4694,1713
54.4722,1725
54.4750,1717
54.4778,1730
54.4806,1718
54.4833,1710
54.4861,1709
54.4889,1713
54.4917,1719
54.4944,1738
54.4972,1753
54.5000,1765
54.5028,1758
54.5056,1741
54.5083,1736
54.5111,1735
54.5139,1738
54.5167,1737
54.5194,1743
54.5222,1746
54.5250,1750
54.5278,1761
54.5306,1762
54.5333,1758
54.5361,1753
54.5389,1747
54.5417,1752
54.5444,1754
54.5472,1762
54.5500,1764
54.5528,1767
54.5556,1768
54.5583,1763
54.5611,1763
54.5639,1756
54.5667,1751
54.5694,1741
54.5722,1745
54.5750,1752
54.5778,1756
54.5806,1757
54.5833,1750
54.5861,1725
54.5889,1711
54.5917,1715
54.5944,1708
54.5972,1723
54.6000,1730
54.6028,1740
54.6056,1741
54.6083,1734
54.6111,1727
54.6139,1742
54.6167,1744
54.6194,1739
54.6222,1724
54.6250,1719
54.6278,1718
54.6306,1725
54.6333,1728
54.6361,1725
54.6389,1730
54.6417,1713
54.6444,1709
54.6472,1716
54.6500,1712
54.6528,1724
54.6556,1723
54.6583,1730
54.6611,1726
54.6639,1721
54.6667,1736
54.6694,1744
54.6722,1742
54.6750,1729
54.6778,1692
54.6806,1679
54.6833,1674
54.6861,1678
54.6889,1693
54.6917,1694
54.6944,1702
54.6972,1712
54.7000,1716
54.7028,1722
54.7056,1718
54.7083,1720
54.7111,1719
54.7139,1723
54.7167,1720
54.7194,1713
54.7222,1712
54.7250,1713
54.7278,1707
54.7306,1718
54.7333,1718
54.7361,1718
54.7389,1716
54.7417,1715
54.7444,1714
54.7472,1712
54.7500,1709
54.7528,1703
54.7556,1703
54.7583,1711
54.7611,1707
54.7639,1724
54.7667,1726
54.7694,1726
54.7722,1709
54.7750,1687
54.7778,1688
54.7806,1699
54.7833,1694
54.7861,1694
54.7889,1699
54.7917,1702
54.7944,1707
54.7972,1718
54.8000,1731
54.8028,1726
54.8056,1724
54.8083,1723
54.8111,1744
54.8139,1761
54.8167,1763
54.8194,1778
54.8222,1789
54.8250,1801
54.8278,1806
54.8306,1814
54.8333,1821
54.8361,1830
54.8389,1839
54.8417,1835
54.8444,1835
54.8472,1830
54.8500,1830
54.8528,1825
54.8556,1822
54.8583,1820
54.8611,1812
54.8639,1809
54.8667,1782
54.8694,1766
54.8722,1753
54.8750,1741
54.8778,1719
54.8806,1718
54.8833,1724
54.8861,1717
54.8889,1724
54.8917,1721
54.8944,1706
54.8972,1694
54.9000,1698
54.9028,1701
54.9056,1694
54.9083,1705
54.9111,1714
54.9139,1744
54.9167,1737
54.9194,1729
54.9222,1721
54.9250,1712
54.9278,1703
54.9306,1702
54.9333,1698
54.9361,1716
54.9389,1726
54.9417,1717
54.9444,1714
54.9472,1693
54.9500,1727
54.9528,1823
54.9556,2006
54.9583,2213
54.9611,2276
54.9639,2125
54.9667,1870
54.9694,1607
54.9722,1425
54.9750,1322
54.9778,1325
54.9806,1407
54.9833,1558
54.9861,1707
54.9889,1819
54.9917,1870
54.9944,1888
54.9972,1851
55.0000,1809
55.0028,1784
55.0056,1772
55.0083,1770
55.0111,1760
55.0139,1757
55.0167,1732
55.0194,1714
55.0222,1708
55.0250,1712
55.0278,1728
55.0306,1740
55.0333,1743
55.0361,1731
55.0389,1720
55.0417,1716
55.0444,1717
55.0472,1736
55.0500,1748
55.0528,1748
55.0556,1734
55.0583,1718
55.0611,1721
55.0639,1723
55.0667,1720
55.0694,1734
55.0722,1737
55.0750,1736
55.0778,1715
55.0806,1701
55.0833,1702
55.0861,1718
55.0889,1730
55.0917,1747
55.0944,1759
55.0972,1753
55.1000,1746
55.1028,1740
55.1056,1746
55.1083,1757
55.1111,1760
55.1139,1758
55.1167,1745
55.1194,1743
55.1222,1748
55.1250,1753
55.1278,1770
55.1306,1775
55.1333,1776
55.1361,1765
55.1389,1761
55.1417,1759
55.1444,1768
55.1472,1786
55.1500,1804
55.1528,1808
55.1556,1796
55.1583,1785
55.1611,1776
55.1639,1804
55.1667,1805
55.1694,1804
55.1722,1801
55.1750,1802
55.1778,1793
55.1806,1793
55.1833,1801
55.1861,1800
55.1889,1807
55.1917,1784
55.1944,1776
55.1972,1769
55.2000,1754
55.2028,1748
55.2056,1759
55.2083,1763
55.2111,1779
55.2139,1790
55.2167,1782
55.2194,1764
55.2222,1743
55.2250,1728
55.2278,1720
55.2306,1733
55.2333,1738
55.2361,1754
55.2389,1746
55.2417,1740
55.2444,1732
55.2472,1735
55.2500,1746
55.2528,1747
55.2556,1743
55.2583,1744
55.2611,1736
55.2639,1743
55.2667,1749
55.2694,1755
55.2722,1765
55.2750,1753
55.2778,1743
55.2806,1736
55.2833,1737
55.2861,1751
55.2889,1761
55.2917,1773
55.2944,1775
55.2972,1774
55.3000,1767
55.3028,1760
55.3056,1770
55.3083,1767
55.3111,1773
55.3139,1784
55.3167,1785
55.3194,1782
55.3222,1775
55.3250,1775
55.3278,1783
55.3306,1804
55.3333,1812
55.3361,1794
55.3389,1791
55.3417,1782
55.3444,1780
55.3472,1788
55.3500,1800
55.3528,1805
55.3556,1778
55.3583,1770
55.3611,1766
55.3639,1769
55.3667,1767
55.3694,1772
55.3722,1793
55.3750,1792
55.3778,1785
55.3806,1783
55.3833,1781
55.3861,1776
55.3889,1783
55.3917,1784
55.3944,1793
55.3972,1788
55.4000,1788
55.4028,1788
55.4056,1797
55.4083,1790
55.4111,1775
55.4139,1782
55.4167,1777
55.4194,1778
55.4222,1793
55.4250,1781
55.4278,1777
55.4306,1764
55.4333,1769
55.4361,1770
55.4389,1781
55.4417,1786
55.4444,1782
55.4472,1764
55.4500,1743
55.4528,1732
55.4556,1744
55.4583,1752
55.4611,1753
55.4639,1754
55.4667,1764
55.4694,1752
55.4722,1749
55.4750,1744
55.4778,1738
55.4806,1735
55.4833,1735
55.4861,1739
55.4889,1729
55.4917,1740
55.4944,1733
55.4972,1724
55.5000,1710
55.5028,1716
55.5056,1720
55.5083,1728
55.5111,1724
55.5139,1722
55.5167,1718
55.5194,1720
55.5222,1717
55.5250,1710
55.5278,1725
55.5306,1730
55.5333,1735
55.5361,1739
55.5389,1732
55.5417,1731
55.5444,1727
55.5472,1724
55.5500,1720
55.5528,1728
55.5556,1721
55.5583,1711
55.5611,1707
55.5639,1720
55.5667,1724
55.5694,1750
55.5722,1756
55.5750,1744
55.5778,1723
55.5806,1708
55.5833,1702
55.5861,1700
55.5889,1705
55.5917,1723
55.5944,1732
55.5972,1740
55.6000,1735
55.6028,1730
55.6056,1730
55.6083,1737
55.6111,1750
55.6139,1760
55.6167,1781
55.6194,1780
55.6222,1797
55.6250,1802
55.6278,1802
55.6306,1793
55.6333,1795
55.6361,1802
55.6389,1816
55.6417,1830
55.6444,1832
55.6472,1834
55.6500,1829
55.6528,1818
55.6556,1813
55.6583,1808
55.6611,1787
55.6639,1781
55.6667,1771
55.6694,1753
55.6722,1743
55.6750,1730
55.6778,1726
55.6806,1723
55.6833,1701
55.6861,1700
55.6889,1704
55.6917,1698
55.6944,1699
55.6972,1706
55.7000,1706
55.7028,1708
55.7056,1711
55.7083,1712
55.7111,1704
55.7139,1702
55.7167,1696
55.7194,1687
55.7222,1688
55.7250,1684
55.7278,1688
55.7306,1682
55.7333,1678
55.7361,1691
55.7389,1703
55.7417,1707
55.7444,1688
55.7472,1672
55.7500,1671
55.7528,1753
55.7556,1912
55.7583,2125
55.7611,2309
55.7639,2299
55.7667,2112
55.7694,1852
55.7722,1614
55.7750,1422
55.7778,1314
55.7806,1333
55.7833,1447
55.7861,1603
55.7889,1730
55.7917,1812
55.7944,1843
55.7972,1843
55.8000,1812
55.8028,1792
55.8056,1768
55.8083,1750
55.8111,1738
55.8139,1720
55.8167,1705
55.8194,1682
55.8222,1671
55.8250,1686
55.8278,1704
55.8306,1718
55.8333,1702
55.8361,1677
55.8389,1663
55.8417,1659
55.8444,1647
55.8472,1645
55.8500,1658
55.8528,1668
55.8556,1666
55.8583,1670
55.8611,1674
55.8639,1678
55.8667,1675
55.8694,1682
55.8722,1690
55.8750,1683
55.8778,1676
55.8806,1674
55.8833,1660
55.8861,1659
55.8889,1677
55.8917,1686
55.8944,1692
55.8972,1689
55.9000,1679
55.9028,1676
55.9056,1689
55.9083,1696
55.9111,1707
55.9139,1719
55.9167,1721
55.9194,1725
55.9222,1722
55.9250,1714
55.9278,1711
55.9306,1721
55.9333,1713
55.9361,1719
55.9389,1709
55.9417,1715
55.9444,1705
55.9472,1724
55.9500,1739
55.9528,1748
55.9556,1768
55.9583,1760
55.9611,1755
55.9639,1756
55.9667,1745
55.9694,1753
55.9722,1753
55.9750,1763
55.9778,1764
55.9806,1759
55.9833,1753
55.9861,1737
55.9889,1737
55.9917,1745
55.9944,1739
55.9972,1736
56.0000,1734
56.0028,1729
56.0056,1724
56.0083,1722
56.0111,1726
56.0139,1728
56.0167,1724
56.0194,1720
56.0222,1708
56.0250,1720
56.0278,1729
56.0306,1735
56.0333,1731
56.0361,1726
56.0389,1712
56.0417,1702
56.0444,1692
56.0472,1705
56.0500,1723
56.0528,1734
56.0556,1746
56.0583,1743
56.0611,1731
56.0639,1726
56.0667,1725
56.0694,1731
56.0722,1742
56.0750,1748
56.0778,1741
56.0806,1738
56.0833,1723
56.0861,1715
56.0889,1725
56.0917,1739
56.0944,1749
56.0972,1754
56.1000,1758
56.1028,1765
56.1056,1768
56.1083,1777
56.1111,1778
56.1139,1787
56.1167,1776
56.1194,1768
56.1222,1768
56.1250,1780
56.1278,1797
56.1306,1804
56.1333,1812
56.1361,1796
56.1389,1789
56.1417,1774
56.1444,1771
56.1472,1785
56.1500,1786
56.1528,1783
56.1556,1783
56.1583,1781
56.1611,1787
56.1639,1790
56.1667,1795
56.1694,1803
56.1722,1806
56.1750,1788
56.1778,1779
56.1806,1780
56.1833,1757
56.1861,1728
56.1889,1709
56.1917,1725
56.1944,1761
56.1972,1794
56.2000,1813
56.2028,1819
56.2056,1816
56.2083,1801
56.2111,1788
56.2139,1784
56.2167,1779
56.2194,1771
56.2222,1777
56.2250,1779
56.2278,1783
56.2306,1787
56.2333,1790
56.2361,1784
56.2389,1759
56.2417,1742
56.2444,1745
56.2472,1748
56.2500,1743
56.2528,1755
56.2556,1752
56.2583,1756
56.2611,1763
56.2639,1765
56.2667,1775
56.2694,1771
56.2722,1762
56.2750,1748
56.2778,1751
56.2806,1739
56.2833,1742
56.2861,1752
56.2889,1752
56.2917,1762
56.2944,1759
56.2972,1760
56.3000,1759
56.3028,1748
56.3056,1745
56.3083,1744
56.3111,1750
56.3139,1755
56.3167,1760
56.3194,1767
56.3222,1767
56.3250,1750
56.3278,1749
56.3306,1754
56.3333,1757
56.3361,1744
56.3389,1744
56.3417,1750
56.3444,1754
56.3472,1760
56.3500,1779
56.3528,1770
56.3556,1784
56.3583,1797
56.3611,1812
56.3639,1821
56.3667,1834
56.3694,1844
56.3722,1842
56.3750,1849
56.3778,1864
56.3806,1868
56.3833,1873
56.3861,1853
56.3889,1853
56.3917,1854
56.3944,1840
56.3972,1824
56.4000,1802
56.4028,1794
56.4056,1789
56.4083,1781
56.4111,1779
56.4139,1761
56.4167,1753
56.4194,1753
56.4222,1755
56.4250,1757
56.4278,1742
56.4306,1733
56.4333,1710
56.4361,1703
56.4389,1697
56.4417,1710
56.4444,1702
56.4472,1710
56.4500,1717
56.4528,1728
56.4556,1718
56.4583,1697
56.4611,1687
56.4639,1690
56.4667,1699
56.4694,1699
56.4722,1705
56.4750,1727
56.4778,1737
56.4806,1741
56.4833,1738
56.4861,1730
56.4889,1743
56.4917,1834
56.4944,1990
56.4972,2183
56.5000,2263
56.5028,2112
56.5056,1845
56.5083,1584
56.5111,1398
56.5139,1301
56.5167,1286
56.5194,1355
56.5222,1502
56.5250,1663
56.5278,1782
56.5306,1853
56.5333,1873
56.5361,1858
56.5389,1830
56.5417,1802
56.5444,1778
56.5472,1777
56.5500,1763
56.5528,1741
56.5556,1729
56.5583,1700
56.5611,1696
56.5639,1692
56.5667,1703
56.5694,1718
56.5722,1730
56.5750,1727
56.5778,1716
56.5806,1708
56.5833,1697
56.5861,1692
56.5889,1695
56.5917,1713
56.5944,1716
56.5972,1707
56.6000,1692
56.6028,1691
56.6056,1717
56.6083,1736
56.6111,1741
56.6139,1727
56.6167,1720
56.6194,1710
56.6222,1703
56.6250,1706
56.6278,1728
56.6306,1740
56.6333,1746
56.6361,1741
56.6389,1728
56.6417,1731
56.6444,1746
56.6472,1734
56.6500,1734
56.6528,1738
56.6556,1735
56.6583,1737
56.6611,1745
56.6639,1744
56.6667,1753
56.6694,1759
56.6722,1760
56.6750,1755
56.6778,1738
56.6806,1740
56.6833,1740
56.6861,1762
56.6889,1771
56.6917,1782
56.6944,1787
56.6972,1802
56.7000,1799
56.7028,1780
56.7056,1793
56.7083,1790
56.7111,1773
56.7139,1756
56.7167,1743
56.7194,1740
56.7222,1742
56.7250,1744
56.7278,1728
56.7306,1709
56.7333,1704
56.7361,1700
56.7389,1716
56.7417,1728
56.7444,1743
56.7472,1751
56.7500,1757
56.7528,1749
56.7556,1731
56.7583,1697
56.7611,1672
56.7639,1668
56.7667,1689
56.7694,1715
56.7722,1732
56.7750,1750
56.7778,1761
56.7806,1736
56.7833,1705
56.7861,1689
56.7889,1684
56.7917,1691
56.7944,1704
56.7972,1716
56.8000,1717
56.8028,1713
56.8056,1715
56.8083,1711
56.8111,1718
56.8139,1730
56.8167,1725
56.8194,1729
56.8222,1728
56.8250,1737
56.8278,1748
56.8306,1742
56.8333,1748
56.8361,1736
56.8389,1725
56.8417,1723
56.8444,1718
56.8472,1721
56.8500,1730
56.8528,1727
56.8556,1728
56.8583,1721
56.8611,1714
56.8639,1707
56.8667,1715
56.8694,1727
56.8722,1741
56.8750,1749
56.8778,1758
56.8806,1748
56.8833,1735
56.8861,1718
56.8889,1721
56.8917,1720
56.8944,1748
56.8972,1762
56.9000,1766
56.9028,1759
56.9056,1770
56.9083,1775
56.9111,1775
56.9139,1765
56.9167,1742
56.9194,1725
56.9222,1723
56.9250,1729
56.9278,1742
56.9306,1747
56.9333,1748
56.9361,1744
56.9389,1736
56.9417,1721
56.9444,1701
56.9472,1688
56.9500,1682
56.9528,1686
56.9556,1709
56.9583,1747
56.9611,1769
56.9639,1763
56.9667,1751
56.9694,1747
56.9722,1732
56.9750,1725
56.9778,1728
56.9806,1728
56.9833,1725
56.9861,1715
56.9889,1707
56.9917,1705
56.9944,1706
56.9972,1717
57.0000,1734
57.0028,1750
57.0056,1750
57.0083,1757
57.0111,1753
57.0139,1742
57.0167,1722
57.0194,1714
57.0222,1718
57.0250,1732
57.0278,1741
57.0306,1744
57.0333,1738
57.0361,1729
57.0389,1720
57.0417,1725
57.0444,1721
57.0472,1715
57.0500,1707
57.0528,1690
57.0556,1690
57.0583,1703
57.0611,1718
57.0639,1728
57.0667,1732
57.0694,1729
57.0722,1737
57.0750,1723
57.0778,1711
57.0806,1708
57.0833,1708
57.0861,1727
57.0889,1737
57.0917,1740
57.0944,1726
57.0972,1723
57.1000,1722
57.1028,1714
57.1056,1719
57.1083,1737
57.1111,1747
57.1139,1750
57.1167,1731
57.1194,1712
57.1222,1693
57.1250,1695
57.1278,1709
57.1306,1740
57.1333,1780
57.1361,1795
57.1389,1813
57.1417,1828
57.1444,1834
57.1472,1838
57.1500,1817
57.1528,1800
57.1556,1803
57.1583,1803
57.1611,1809
57.1639,1806
57.1667,1823
57.1694,1816
57.1722,1801
57.1750,1799
57.1778,1793
57.1806,1785
57.1833,1771
57.1861,1765
57.1889,1746
57.1917,1726
57.1944,1732
57.1972,1716
57.2000,1709
57.2028,1696
57.2056,1698
57.2083,1697
57.2111,1694
57.2139,1696
57.2167,1703
57.2194,1705
57.2222,1706
57.2250,1714
57.2278,1721
57.2306,1710
57.2333,1710
57.2361,1693
57.2389,1687
57.2417,1695
57.2444,1687
57.2472,1695
57.2500,1687
57.2528,1686
57.2556,1688
57.2583,1705
57.2611,1711
57.2639,1698
57.2667,1694
57.2694,1716
57.2722,1818
57.2750,1986
57.2778,2203
57.2806,2379
57.2833,2354
57.2861,2167
57.2889,1922
57.2917,1665
57.2944,1442
57.2972,1314
57.3000,1324
57.3028,1446
57.3056,1597
57.3083,1712
57.3111,1785
57.3139,1815
57.3167,1805
57.3194,1786
57.3222,1775
57.3250,1765
57.3278,1759
57.3306,1758
57.3333,1743
57.3361,1724
57.3389,1701
57.3417,1679
57.3444,1668
57.3472,1678
57.3500,1686
57.3528,1696
57.3556,1695
57.3583,1683
57.3611,1675
57.3639,1683
57.3667,1697
57.3694,1708
57.3722,1720
57.3750,1708
57.3778,1691
57.3806,1676
57.3833,1675
57.3861,1686
57.3889,1705
57.3917,1713
57.3944,1711
57.3972,1702
57.4000,1697
57.4028,1691
57.4056,1699
57.4083,1710
57.4111,1713
57.4139,1707
57.4167,1705
57.4194,1700
57.4222,1706
57.4250,1715
57.4278,1735
57.4306,1739
57.4333,1739
57.4361,1743
57.4389,1743
57.4417,1731
57.4444,1742
57.4472,1747
57.4500,1747
57.4528,1744
57.4556,1733
57.4583,1719
57.4611,1706
57.4639,1688
57.4667,1691
57.4694,1696
57.4722,1705
57.4750,1708
57.4778,1700
57.4806,1691
57.4833,1694
57.4861,1739
57.4889,1743
57.4917,1760
57.4944,1775
57.4972,1784
57.5000,1780
57.5028,1779
57.5056,1769
57.5083,1771
57.5111,1771
57.5139,1775
57.5167,1772
57.5194,1772
57.5222,1768
57.5250,1781
57.5278,1787
57.5306,1783
57.5333,1774
57.5361,1765
57.5389,1754
57.5417,1737
57.5444,1726
57.5472,1737
57.5500,1737
57.5528,1750
57.5556,1747
57.5583,1745
57.5611,1751
57.5639,1753
57.5667,1758
57.5694,1760
57.5722,1768
57.5750,1765
57.5778,1774
57.5806,1760
57.5833,1756
57.5861,1764
57.5889,1778
57.5917,1778
57.5944,1786
57.5972,1779
57.6000,1778
57.6028,1774
57.6056,1775
57.6083,1779
57.6111,1777
57.6139,1781
57.6167,1782
57.6194,1790
57.6222,1788
57.6250,1791
57.6278,1796
57.6306,1787
57.6333,1768
57.6361,1763
57.6389,1747
57.6417,1752
57.6444,1753
57.6472,1769
57.6500,1785
57.6528,1792
57.6556,1796
57.6583,1799
57.6611,1788
57.6639,1794
57.6667,1800
57.6694,1811
57.6722,1819
57.6750,1811
57.6778,1804
57.6806,1803
57.6833,1808
57.6861,1806
57.6889,1817
57.6917,1802
57.6944,1796
57.6972,1786
57.7000,1783
57.7028,1783
57.7056,1790
57.7083,1789
57.7111,1780
57.7139,1777
57.7167,1779
57.7194,1795
57.7222,1796
57.7250,1791
57.7278,1792
57.7306,1795
57.7333,1807
57.7361,1806
57.7389,1796
57.7417,1788
57.7444,1793
57.7472,1796
57.7500,1801
57.7528,1809
57.7556,1819
57.7583,1814
57.7611,1813
57.7639,1798
57.7667,1789
57.7694,1793
57.7722,1793
57.7750,1800
57.7778,1794
57.7806,1776
57.7833,1766
57.7861,1776
57.7889,1790
57.7917,1810
57.7944,1808
57.7972,1813
57.8000,1794
57.8028,1780
57.8056,1752
57.8083,1747
57.8111,1753
57.8139,1755
57.8167,1761
57.8194,1766
57.8222,1778
57.8250,1780
57.8278,1775
57.8306,1767
57.8333,1763
57.8361,1762
57.8389,1752
57.8417,1756
57.8444,1741
57.8472,1734
57.8500,1744
57.8528,1765
57.8556,1772
57.8583,1773
57.8611,1758
57.8639,1761
57.8667,1751
57.8694,1754
57.8722,1761
57.8750,1759
57.8778,1766
57.8806,1762
57.8833,1763
57.8861,1758
57.8889,1762
57.8917,1767
57.8944,1780
57.8972,1786
57.9000,1777
57.9028,1762
57.9056,1751
57.9083,1735
57.9111,1735
57.9139,1730
57.9167,1731
57.9194,1727
57.9222,1728
57.9250,1738
57.9278,1753
57.9306,1746
57.9333,1762
57.9361,1759
57.9389,1767
57.9417,1759
57.9444,1745
57.9472,1741
57.9500,1747
57.9528,1751
57.9556,1755
57.9583,1748
57.9611,1750
57.9639,1753
57.9667,1776
57.9694,1787
57.9722,1808
57.9750,1810
57.9778,1827
57.9806,1837
57.9833,1839
57.9861,1839
57.9889,1841
57.9917,1849
57.9944,1855
57.9972,1861
58.0000,1865
58.0028,1858
58.0056,1853
58.0083,1850
58.0111,1837
58.0139,1835
58.0167,1830
58.0194,1825
58.0222,1817
58.0250,1799
58.0278,1786
58.0306,1776
58.0333,1758
58.0361,1754
58.0389,1747
58.0417,1745
58.0444,1747
58.0472,1752
58.0500,1760
58.0528,1753
58.0556,1735
58.0583,1733
58.0611,1732
58.0639,1731
58.0667,1734
58.0694,1745
58.0722,1738
58.0750,1740
58.0778,1752
58.0806,1756
58.0833,1756
58.0861,1726
58.0889,1715
58.0917,1712
58.0944,1703
58.0972,1682
58.1000,1663
58.1028,1668
58.1056,1746
58.1083,1905
58.1111,2098
58.1139,2210
58.1167,2106
58.1194,1867
58.1222,1605
58.1250,1427
58.1278,1322
58.1306,1302
58.1333,1355
58.1361,1503
58.1389,1675
58.1417,1807
58.1444,1877
58.1472,1891
58.1500,1867
58.1528,1836
58.1556,1806
58.1583,1793
58.1611,1795
58.1639,1778
58.1667,1750
58.1694,1722
58.1722,1705
58.1750,1705
58.1778,1715
58.1806,1727
58.1833,1725
58.1861,1721
58.1889,1711
58.1917,1695
58.1944,1690
58.1972,1685
58.2000,1696
58.2028,1714
58.2056,1717
58.2083,1733
58.2111,1728
58.2139,1721
58.2167,1713
58.2194,1723
58.2222,1722
58.2250,1735
58.2278,1735
58.2306,1728
58.2333,1714
58.2361,1704
58.2389,1716
58.2417,1724
58.2444,1739
58.2472,1749
58.2500,1745
58.2528,1740
58.2556,1730
58.2583,1736
58.2611,1738
58.2639,1753
58.2667,1763
58.2694,1764
58.2722,1777
58.2750,1758
58.2778,1743
58.2806,1742
58.2833,1747
58.2861,1758
58.2889,1768
58.2917,1775
58.2944,1772
58.2972,1769
58.3000,1772
58.3028,1775
58.3056,1786
58.3083,1787
58.3111,1789
58.3139,1786
58.3167,1789
58.3194,1784
58.3222,1787
58.3250,1769
58.3278,1758
58.3306,1749
58.3333,1745
58.3361,1750
58.3389,1763
58.3417,1770
58.3444,1776
58.3472,1770
58.3500,1758
58.3528,1755
58.3556,1747
58.3583,1746
58.3611,1748
58.3639,1753
58.3667,1746
58.3694,1736
58.3722,1730
58.3750,1723
58.3778,1734
58.3806,1744
58.3833,1751
58.3861,1737
58.3889,1726
58.3917,1726
58.3944,1727
58.3972,1712
58.4000,1702
58.4028,1698
58.4056,1701
58.4083,1710
58.4111,1712
58.4139,1715
58.4167,1710
58.4194,1710
58.4222,1722
58.4250,1717
58.4278,1723
58.4306,1724
58.4333,1722
58.4361,1710
58.4389,1715
58.4417,1719
58.4444,1719
58.4472,1723
58.4500,1720
58.4528,1726
58.4556,1736
58.4583,1742
58.4611,1753
58.4639,1767
58.4667,1763
58.4694,1738
58.4722,1720
58.4750,1704
58.4778,1701
58.4806,1706
58.4833,1718
58.4861,1728
58.4889,1726
58.4917,1726
58.4944,1739
58.4972,1741
58.5000,1748
58.5028,1756
58.5056,1744
58.5083,1732
58.5111,1727
58.5139,1721
58.5167,1713
58.5194,1710
58.5222,1712
58.5250,1715
58.5278,1719
58.5306,1717
58.5333,1722
58.5361,1712
58.5389,1708
58.5417,1707
58.5444,1718
58.5472,1726
58.5500,1733
58.5528,1733
58.5556,1731
58.5583,1719
58.5611,1725
58.5639,1728
58.5667,1732
58.5694,1719
58.5722,1707
58.5750,1709
58.5778,1705
58.5806,1707
58.5833,1712
58.5861,1717
58.5889,1727
58.5917,1735
58.5944,1732
58.5972,1725
58.6000,1708
58.6028,1710
58.6056,1713
58.6083,1722
58.6111,1725
58.6139,1716
58.6167,1706
58.6194,1706
58.6222,1709
58.6250,1715
58.6278,1716
58.6306,1716
58.6333,1714
58.6361,1706
58.6389,1706
58.6417,1697
58.6444,1709
58.6472,1713
58.6500,1703
58.6528,1699
58.6556,1704
58.6583,1718
58.6611,1727
58.6639,1727
58.6667,1745
58.6694,1743
58.6722,1746
58.6750,1747
58.6778,1763
58.6806,1773
58.6833,1786
58.6861,1794
58.6889,1800
58.6917,1798
58.6944,1804
58.6972,1813
58.7000,1819
58.7028,1827
58.7056,1820
58.7083,1819
58.7111,1805
58.7139,1788
58.7167,1775
58.7194,1758
58.7222,1756
58.7250,1750
58.7278,1725
58.7306,1697
58.7333,1669
58.7361,1662
58.7389,1662
58.7417,1671
58.7444,1680
58.7472,1673
58.7500,1675
58.7528,1675
58.7556,1674
58.7583,1675
58.7611,1668
58.7639,1676
58.7667,1672
58.7694,1672
58.7722,1683
58.7750,1690
58.7778,1693
58.7806,1684
58.7833,1678
58.7861,1658
58.7889,1650
58.7917,1642
58.7944,1651
58.7972,1651
58.8000,1645
58.8028,1637
58.8056,1637
58.8083,1679
58.8111,1802
58.8139,1981
58.8167,2123
58.8194,2079
58.8222,1873
58.8250,1595
58.8278,1363
58.8306,1242
58.8333,1203
58.8361,1246
58.8389,1359
58.8417,1535
58.8444,1689
58.8472,1802
58.8500,1856
58.8528,1851
58.8556,1820
58.8583,1791
58.8611,1766
58.8639,1753
58.8667,1754
58.8694,1755
58.8722,1726
58.8750,1701
58.8778,1687
58.8806,1673
58.8833,1685
58.8861,1692
58.8889,1706
58.8917,1712
58.8944,1701
58.8972,1694
58.9000,1695
58.9028,1705
58.9056,1723
58.9083,1725
58.9111,1723
58.9139,1724
58.9167,1716
58.9194,1709
58.9222,1708
58.9250,1726
58.9278,1731
58.9306,1718
58.9333,1706
58.9361,1697
58.9389,1700
58.9417,1709
58.9444,1720
58.9472,1744
58.9500,1744
58.9528,1735
58.9556,1725
58.9583,1722
58.9611,1724
58.9639,1738
58.9667,1736
58.9694,1748
58.9722,1744
58.9750,1735
58.9778,1736
58.9806,1742
58.9833,1753
58.9861,1760
58.9889,1762
58.9917,1769
58.9944,1762
58.9972,1761
59.0000,1775
59.0028,1778
59.0056,1782
59.0083,1788
59.0111,1792
59.0139,1796
59.0167,1795
59.0194,1792
59.0222,1747
59.0250,1750
59.0278,1761
59.0306,1767
59.0333,1755
59.0361,1745
59.0389,1730
59.0417,1731
59.0444,1723
59.0472,1734
59.0500,1731
59.0528,1725
59.0556,1719
59.0583,1719
59.0611,1728
59.0639,1727
59.0667,1716
59.0694,1695
59.0722,1684
59.0750,1675
59.0778,1673
59.0806,1683
59.0833,1691
59.0861,1714
59.0889,1707
59.0917,1710
59.0944,1696
59.0972,1692
59.1000,1682
59.1028,1665
59.1056,1655
59.1083,1653
59.1111,1650
59.1139,1652
59.1167,1648
59.1194,1655
59.1222,1655
59.1250,1670
59.1278,1665
59.1306,1663
59.1333,1658
59.1361,1652
59.1389,1651
59.1417,1652
59.1444,1667
59.1472,1669
59.1500,1673
59.1528,1677
59.1556,1666
59.1583,1690
59.1611,1704
59.1639,1724
59.1667,1739
59.1694,1762
59.1722,1770
59.1750,1773
59.1778,1774
59.1806,1785
59.1833,1793
59.1861,1804
59.1889,1791
59.1917,1788
59.1944,1783
59.1972,1772
59.2000,1765
59.2028,1769
59.2056,1782
59.2083,1782
59.2111,1782
59.2139,1785
59.2167,1787
59.2194,1788
59.2222,1779
59.2250,1780
59.2278,1783
59.2306,1780
59.2333,1784
59.2361,1782
59.2389,1761
59.2417,1755
59.2444,1759
59.2472,1762
59.2500,1762
59.2528,1762
59.2556,1761
59.2583,1764
59.2611,1763
59.2639,1760
59.2667,1755
59.2694,1744
59.2722,1744
59.2750,1756
59.2778,1753
59.2806,1741
59.2833,1726
59.2861,1718
59.2889,1717
59.2917,1724
59.2944,1736
59.2972,1740
59.3000,1738
59.3028,1733
59.3056,1737
59.3083,1740
59.3111,1733
59.3139,1733
59.3167,1724
59.3194,1726
59.3222,1725
59.3250,1725
59.3278,1740
59.3306,1729
59.3333,1711
59.3361,1686
59.3389,1676
59.3417,1686
59.3444,1714
59.3472,1736
59.3500,1750
59.3528,1757
59.3556,1748
59.3583,1732
59.3611,1723
59.3639,1720
59.3667,1723
59.3694,1720
59.3722,1724
59.3750,1724
59.3778,1741
59.3806,1742
59.3833,1757
59.3861,1774
59.3889,1786
59.3917,1805
59.3944,1810
59.3972,1825
59.4000,1820
59.4028,1830
59.4056,1822
59.4083,1835
59.4111,1853
59.4139,1864
59.4167,1870
59.4194,1856
59.4222,1821
59.4250,1807
59.4278,1791
59.4306,1783
59.4333,1781
59.4361,1777
59.4389,1775
59.4417,1768
59.4444,1752
59.4472,1734
59.4500,1725
59.4528,1729
59.4556,1722
59.4583,1711
59.4611,1685
59.4639,1672
59.4667,1666
59.4694,1674
59.4722,1682
59.4750,1689
59.4778,1692
59.4806,1703
59.4833,1705
59.4861,1722
59.4889,1723
59.4917,1723
59.4944,1712
59.4972,1714
59.5000,1700
59.5028,1670
59.5056,1656
59.5083,1667
59.5111,1675
59.5139,1674
59.5167,1657
59.5194,1662
59.5222,1749
59.5250,1925
59.5278,2161
59.5306,2391
59.5333,2440
59.5361,2264
59.5389,2006
59.5417,1732
59.5444,1494
59.5472,1342
59.5500,1309
59.5528,1390
59.5556,1530
59.5583,1658
59.5611,1750
59.5639,1799
59.5667,1818
59.5694,1807
59.5722,1768
59.5750,1744
59.5778,1729
59.5806,1723
59.5833,1704
59.5861,1698
59.5889,1691
59.5917,1678
59.5944,1670
59.5972,1681
59.6000,1695
59.6028,1704
59.6056,1701
59.6083,1688
59.6111,1673
59.6139,1672
59.6167,1674
59.6194,1692
59.6222,1720
59.6250,1733
59.6278,1740
59.6306,1737
59.6333,1723
59.6361,1705
59.6389,1698
59.6417,1705
59.6444,1718
59.6472,1714
59.6500,1722
59.6528,1712
59.6556,1711
59.6583,1705
59.6611,1717
59.6639,1718
59.6667,1713
59.6694,1708
59.6722,1706
59.6750,1707
59.6778,1703
59.6806,1722
59.6833,1740
59.6861,1741
59.6889,1731
59.6917,1721
59.6944,1716
59.6972,1725
59.7000,1743
59.7028,1747
59.7056,1750
59.7083,1747
59.7111,1723
59.7139,1714
59.7167,1727
59.7194,1749
59.7222,1771
59.7250,1768
59.7278,1772
59.7306,1774
59.7333,1766
59.7361,1771
59.7389,1774
59.7417,1780
59.7444,1777
59.7472,1769
59.7500,1772
59.7528,1786
59.7556,1788
59.7583,1774
59.7611,1759
59.7639,1747
59.7667,1735
59.7694,1738
59.7722,1746
59.7750,1758
59.7778,1786
59.7806,1789
59.7833,1775
59.7861,1759
59.7889,1752
59.7917,1740
59.7944,1734
59.7972,1743
59.8000,1747
59.8028,1759
59.8056,1769
59.8083,1762
59.8111,1748
59.8139,1742
59.8167,1755
59.8194,1747
59.8222,1741
59.8250,1726
59.8278,1710
59.8306,1708
59.8333,1710
59.8361,1718
59.8389,1740
59.8417,1760
59.8444,1760
59.8472,1754
59.8500,1745
59.8528,1746
59.8556,1747
59.8583,1760
59.8611,1771
59.8639,1778
59.8667,1777
59.8694,1776
59.8722,1763
59.8750,1763
59.8778,1765
59.8806,1766
59.8833,1780
59.8861,1790
59.8889,1786
59.8917,1773
59.8944,1772
59.8972,1785
59.9000,1794
59.9028,1811
59.9056,1822
59.9083,1808
59.9111,1798
59.9139,1791
59.9167,1795
59.9194,1803
59.9222,1808
59.9250,1815
59.9278,1805
59.9306,1809
59.9333,1784
59.9361,1781
59.9389,1776
59.9417,1783
59.9444,1792
59.9472,1788
59.9500,1792
59.9528,1793
59.9556,1794
59.9583,1788
59.9611,1787
59.9639,1797
59.9667,1791
59.9694,1773
59.9722,1756
59.9750,1756
59.9778,1758
59.9806,1756
59.9833,1762
59.9861,1768
59.9889,1771
59.9917,1776
59.9944,1777
59.9972,1780
60.0000,1776
60.0028,1776
60.0056,1779
60.0083,1778
60.0111,1788
60.0139,1790
60.0167,1793
60.0194,1796
60.0222,1789
60.0250,1774
60.0278,1757
60.0306,1745
60.0333,1749
60.0361,1745
60.0389,1755
60.0417,1763
60.0444,1766
60.0472,1766
60.0500,1765
60.0528,1755
60.0556,1753
60.0583,1743
60.0611,1738
60.0639,1739
60.0667,1746
60.0694,1747
60.0722,1765
60.0750,1784
60.0778,1790
60.0806,1793
60.0833,1775
60.0861,1763
60.0889,1757
60.0917,1754
60.0944,1739
60.0972,1744
60.1000,1743
60.1028,1744
60.1056,1754
60.1083,1759
60.1111,1764
60.1139,1777
60.1167,1785
60.1194,1799
60.1222,1805
60.1250,1811
60.1278,1824
60.1306,1834
60.1333,1838
60.1361,1853
60.1389,1860
60.1417,1857
60.1444,1867
60.1472,1868
60.1500,1866
60.1528,1859
60.1556,1858
60.1583,1862
60.1611,1855
60.1639,1857
60.1667,1862
60.1694,1851
60.1722,1840
60.1750,1814
60.1778,1791
60.1806,1770
60.1833,1758
60.1861,1748
60.1889,1730
60.1917,1715
60.1944,1702
60.1972,1700
60.2000,1705
60.2028,1715
60.2056,1736
60.2083,1749
60.2111,1750
60.2139,1733
60.2167,1712
60.2194,1715
60.2222,1723
60.2250,1725
60.2278,1734
60.2306,1736
60.2333,1719
60.2361,1708
60.2389,1693
60.2417,1692
60.2444,1707
60.2472,1722
60.2500,1721
60.2528,1714
60.2556,1712
60.2583,1756
60.2611,1887
60.2639,2072
60.2667,2287
60.2694,2382
60.2722,2246
60.2750,2010
60.2778,1741
60.2806,1500
60.2833,1337
60.2861,1302
60.2889,1381
60.2917,1546
60.2944,1711
60.2972,1814
60.3000,1862
60.3028,1864
60.3056,1838
60.3083,1803
60.3111,1777
60.3139,1760
60.3167,1750
60.3194,1751
60.3222,1729
60.3250,1715
60.3278,1695
60.3306,1683
60.3333,1689
60.3361,1703
60.3389,1713
60.3417,1718
60.3444,1722
60.3472,1701
60.3500,1701
60.3528,1707
60.3556,1720
60.3583,1727
60.3611,1723
60.3639,1710
60.3667,1687
60.3694,1662
60.3722,1663
60.3750,1668
60.3778,1689
60.3806,1705
60.3833,1715
60.3861,1708
60.3889,1681
60.3917,1658
60.3944,1656
60.3972,1682
60.4000,1711
60.4028,1729
60.4056,1727
60.4083,1713
60.4111,1698
60.4139,1698
60.4167,1718
60.4194,1728
60.4222,1730
60.4250,1717
60.4278,1709
60.4306,1702
60.4333,1710
60.4361,1711
60.4389,1696
60.4417,1689
60.4444,1681
60.4472,1669
60.4500,1674
60.4528,1683
60.4556,1695
60.4583,1709
60.4611,1727
60.4639,1735
60.4667,1729
60.4694,1720
60.4722,1720
60.4750,1784
60.4778,1785
60.4806,1792
60.4833,1790
60.4861,1787
60.4889,1783
60.4917,1781
60.4944,1787
60.4972,1792
60.5000,1792
60.5028,1790
60.5056,1789
60.5083,1786
60.5111,1773
60.5139,1754
60.5167,1742
60.5194,1756
60.5222,1758
60.5250,1757
60.5278,1754
60.5306,1759
60.5333,1746
60.5361,1738
60.5389,1730
60.5417,1745
60.5444,1740
60.5472,1735
60.5500,1723
60.5528,1717
60.5556,1724
60.5583,1732
60.5611,1733
60.5639,1731
60.5667,1734
60.5694,1745
60.5722,1729
60.5750,1733
60.5778,1732
60.5806,1731
60.5833,1742
60.5861,1743
60.5889,1760
60.5917,1773
60.5944,1780
60.5972,1790
60.6000,1791
60.6028,1783
60.6056,1772
60.6083,1766
60.6111,1769
60.6139,1775
60.6167,1779
60.6194,1782
60.6222,1786
60.6250,1783
60.6278,1775
60.6306,1764
60.6333,1754
60.6361,1764
60.6389,1775
60.6417,1781
60.6444,1788
60.6472,1772
60.6500,1761
60.6528,1756
60.6556,1773
60.6583,1788
60.6611,1787
60.6639,1779
60.6667,1757
60.6694,1745
60.6722,1751
60.6750,1755
60.6778,1764
60.6806,1769
60.6833,1759
60.6861,1750
60.6889,1733
60.6917,1734
60.6944,1734
60.6972,1745
60.7000,1742
60.7028,1733
60.7056,1737
60.7083,1736
60.7111,1745
60.7139,1738
60.7167,1730
60.7194,1727
60.7222,1729
60.7250,1739
60.7278,1747
60.7306,1746
60.7333,1747
60.7361,1748
60.7389,1745
60.7417,1733
60.7444,1725
60.7472,1732
60.7500,1734
60.7528,1734
60.7556,1734
60.7583,1732
60.7611,1733
60.7639,1739
60.7667,1744
60.7694,1745
60.7722,1740
60.7750,1740
60.7778,1742
60.7806,1752
60.7833,1750
60.7861,1746
60.7889,1746
60.7917,1753
60.7944,1760
60.7972,1762
60.8000,1742
60.8028,1731
60.8056,1721
60.8083,1719
60.8111,1728
60.8139,1727
60.8167,1714
60.8194,1709
60.8222,1714
60.8250,1719
60.8278,1737
60.8306,1748
60.8333,1763
60.8361,1757
60.8389,1757
60.8417,1765
60.8444,1755
60.8472,1740
60.8500,1716
60.8528,1710
60.8556,1726
60.8583,1725
60.8611,1738
60.8639,1746
60.8667,1743
60.8694,1745
60.8722,1749
60.8750,1748
60.8778,1749
60.8806,1760
60.8833,1768
60.8861,1767
60.8889,1759
60.8917,1751
60.8944,1747
60.8972,1744
60.9000,1737
60.9028,1727
60.9056,1726
60.9083,1742
60.9111,1745
60.9139,1761
60.9167,1771
60.9194,1782
60.9222,1798
60.9250,1801
60.9278,1808
60.9306,1822
60.9333,1817
60.9361,1817
60.9389,1821
60.9417,1825
60.9444,1832
60.9472,1842
60.9500,1847
60.9528,1847
60.9556,1850
60.9583,1855
60.9611,1849
60.9639,1837
60.9667,1819
60.9694,1805
60.9722,1796
60.9750,1776
60.9778,1765
60.9806,1763
60.9833,1743
60.9861,1728
60.9889,1719
60.9917,1709
60.9944,1719
60.9972,1724
61.0000,1733
61.0028,1739
61.0056,1732
61.0083,1721
61.0111,1713
61.0139,1715
61.0167,1712
61.0194,1720
61.0222,1711
61.0250,1717
61.0278,1721
61.0306,1725
61.0333,1720
61.0361,1711
61.0389,1692
61.0417,1688
61.0444,1707
61.0472,1716
61.0500,1723
61.0528,1714
61.0556,1709
