Tiempo(s),Valor_ADC
0.0028,1615
0.0056,1608
0.0083,1605
0.0111,1617
0.0139,1635
0.0167,1639
0.0194,1634
0.0222,1634
0.0250,1616
0.0278,1632
0.0306,1646
0.0333,1664
0.0361,1674
0.0389,1677
0.0417,1676
0.0444,1672
0.0472,1667
0.0500,1678
0.0528,1695
0.0556,1699
0.0583,1709
0.0611,1713
0.0639,1708
0.0667,1720
0.0694,1717
0.0722,1729
0.0750,1739
0.0778,1746
0.0806,1736
0.0833,1732
0.0861,1742
0.0889,1759
0.0917,1773
0.0944,1783
0.0972,1803
0.1000,1790
0.1028,1777
0.1056,1783
0.1083,1806
0.1111,1826
0.1139,1845
0.1167,1860
0.1194,1869
0.1222,1871
0.1250,1877
0.1278,1776
0.1306,1788
0.1333,1777
0.1361,1762
0.1389,1744
0.1417,1724
0.1444,1701
0.1472,1692
0.1500,1706
0.1528,1707
0.1556,1721
0.1583,1718
0.1611,1703
0.1639,1699
0.1667,1695
0.1694,1701
0.1722,1706
0.1750,1701
0.1778,1698
0.1806,1682
0.1833,1669
0.1861,1663
0.1889,1663
0.1917,1682
0.1944,1691
0.1972,1697
0.2000,1695
0.2028,1686
0.2056,1683
0.2083,1692
0.2111,1705
0.2139,1718
0.2167,1720
0.2194,1719
0.2222,1704
0.2250,1706
0.2278,1705
0.2306,1704
0.2333,1710
0.2361,1718
0.2389,1722
0.2417,1726
0.2444,1730
0.2472,1729
0.2500,1728
0.2528,1720
0.2556,1734
0.2583,1743
0.2611,1743
0.2639,1752
0.2667,1747
0.2694,1755
0.2722,1754
0.2750,1758
0.2778,1749
0.2806,1754
0.2833,1747
0.2861,1748
0.2889,1749
0.2917,1752
0.2944,1762
0.2972,1761
0.3000,1754
0.3028,1763
0.3056,1769
0.3083,1770
0.3111,1770
0.3139,1770
0.3167,1768
0.3194,1783
0.3222,1779
0.3250,1781
0.3278,1778
0.3306,1797
0.3333,1803
0.3361,1793
0.3389,1791
0.3417,1792
0.3444,1783
0.3472,1795
0.3500,1814
0.3528,1811
0.3556,1813
0.3583,1794
0.3611,1786
0.3639,1783
0.3667,1796
0.3694,1805
0.3722,1813
0.3750,1830
0.3778,1831
0.3806,1821
0.3833,1813
0.3861,1815
0.3889,1806
0.3917,1807
0.3944,1805
0.3972,1811
0.4000,1815
0.4028,1825
0.4056,1824
0.4083,1826
0.4111,1829
0.4139,1828
0.4167,1818
0.4194,1803
0.4222,1806
0.4250,1814
0.4278,1818
0.4306,1822
0.4333,1837
0.4361,1835
0.4389,1837
0.4417,1825
0.4444,1829
0.4472,1831
0.4500,1829
0.4528,1845
0.4556,1852
0.4583,1848
0.4611,1846
0.4639,1839
0.4667,1845
0.4694,1850
0.4722,1858
0.4750,1867
0.4778,1865
0.4806,1871
0.4833,1873
0.4861,1869
0.4889,1874
0.4917,1880
0.4944,1886
0.4972,1894
0.5000,1884
0.5028,1872
0.5056,1867
0.5083,1865
0.5111,1870
0.5139,1885
0.5167,1893
0.5194,1891
0.5222,1893
0.5250,1901
0.5278,1906
0.5306,1906
0.5333,1895
0.5361,1895
0.5389,1896
0.5417,1901
0.5444,1913
0.5472,1908
0.5500,1928
0.5528,1957
0.5556,1993
0.5583,2028
0.5611,2041
0.5639,2037
0.5667,2011
0.5694,1985
0.5722,1965
0.5750,1931
0.5778,1929
0.5806,1913
0.5833,1906
0.5861,1895
0.5889,1896
0.5917,1882
0.5944,1872
0.5972,1870
0.6000,1869
0.6028,1867
0.6056,1864
0.6083,1862
0.6111,1864
0.6139,1864
0.6167,1866
0.6194,1860
0.6222,1849
0.6250,1845
0.6278,1833
0.6306,1842
0.6333,1855
0.6361,1867
0.6389,1880
0.6417,1885
0.6444,1878
0.6472,1871
0.6500,1861
0.6528,1864
0.6556,1866
0.6583,1873
0.6611,1879
0.6639,1878
0.6667,1887
0.6694,1886
0.6722,1894
0.6750,1892
0.6778,1900
0.6806,1897
0.6833,1893
0.6861,1869
0.6889,1845
0.6917,1824
0.6944,1820
0.6972,1868
0.7000,2007
0.7028,2189
0.7056,2400
0.7083,2631
0.7111,2882
0.7139,3166
0.7167,3362
0.7194,3371
0.7222,3365
0.7250,3359
0.7278,3374
0.7306,3363
0.7333,3101
0.7361,2659
0.7389,2296
0.7417,2071
0.7444,1937
0.7472,1862
0.7500,1811
0.7528,1779
0.7556,1769
0.7583,1758
0.7611,1743
0.7639,1717
0.7667,1692
0.7694,1671
0.7722,1660
0.7750,1667
0.7778,1678
0.7806,1689
0.7833,1688
0.7861,1673
0.7889,1676
0.7917,1683
0.7944,1689
0.7972,1696
0.8000,1711
0.8028,1712
0.8056,1706
0.8083,1703
0.8111,1687
0.8139,1711
0.8167,1727
0.8194,1733
0.8222,1737
0.8250,1738
0.8278,1742
0.8306,1743
0.8333,1742
0.8361,1751
0.8389,1760
0.8417,1761
0.8444,1755
0.8472,1742
0.8500,1732
0.8528,1730
0.8556,1738
0.8583,1759
0.8611,1767
0.8639,1770
0.8667,1767
0.8694,1765
0.8722,1767
0.8750,1774
0.8778,1785
0.8806,1789
0.8833,1792
0.8861,1791
0.8889,1789
0.8917,1791
0.8944,1808
0.8972,1826
0.9000,1832
0.9028,1846
0.9056,1843
0.9083,1845
0.9111,1857
0.9139,1862
0.9167,1867
0.9194,1876
0.9222,1880
0.9250,1889
0.9278,1903
0.9306,1906
0.9333,1789
0.9361,1791
0.9389,1784
0.9417,1783
0.9444,1780
0.9472,1777
0.9500,1778
0.9528,1774
0.9556,1778
0.9583,1787
0.9611,1788
0.9639,1785
0.9667,1767
0.9694,1751
0.9722,1737
0.9750,1749
0.9778,1754
0.9806,1768
0.9833,1759
0.9861,1746
0.9889,1741
0.9917,1754
0.9944,1767
0.9972,1767
1.0000,1777
1.0028,1767
1.0056,1771
1.0083,1768
1.0111,1774
1.0139,1761
1.0167,1763
1.0194,1753
1.0222,1753
1.0250,1755
1.0278,1753
1.0306,1752
1.0333,1758
1.0361,1763
1.0389,1772
1.0417,1770
1.0444,1777
1.0472,1768
1.0500,1771
1.0528,1762
1.0556,1773
1.0583,1780
1.0611,1784
1.0639,1785
1.0667,1785
1.0694,1783
1.0722,1779
1.0750,1773
1.0778,1769
1.0806,1770
1.0833,1762
1.0861,1765
1.0889,1763
1.0917,1772
1.0944,1778
1.0972,1786
1.1000,1791
1.1028,1791
1.1056,1796
1.1083,1777
1.1111,1777
1.1139,1777
1.1167,1771
1.1194,1760
1.1222,1746
1.1250,1730
1.1278,1734
1.1306,1731
1.1333,1725
1.1361,1731
1.1389,1730
1.1417,1741
1.1444,1731
1.1472,1728
1.1500,1713
1.1528,1724
1.1556,1726
1.1583,1729
1.1611,1730
1.1639,1733
1.1667,1725
1.1694,1721
1.1722,1707
1.1750,1715
1.1778,1720
1.1806,1723
1.1833,1734
1.1861,1728
1.1889,1725
1.1917,1732
1.1944,1730
1.1972,1730
1.2000,1718
1.2028,1709
1.2056,1707
1.2083,1712
1.2111,1718
1.2139,1716
1.2167,1714
1.2194,1705
1.2222,1706
1.2250,1704
1.2278,1709
1.2306,1708
1.2333,1702
1.2361,1706
1.2389,1710
1.2417,1713
1.2444,1705
1.2472,1699
1.2500,1685
1.2528,1687
1.2556,1695
1.2583,1703
1.2611,1721
1.2639,1723
1.2667,1717
1.2694,1713
1.2722,1716
1.2750,1714
1.2778,1720
1.2806,1738
1.2833,1748
1.2861,1778
1.2889,1795
1.2917,1810
1.2944,1829
1.2972,1833
1.3000,1818
1.3028,1801
1.3056,1783
1.3083,1759
1.3111,1730
1.3139,1704
1.3167,1697
1.3194,1690
1.3222,1680
1.3250,1667
1.3278,1657
1.3306,1649
1.3333,1649
1.3361,1642
1.3389,1645
1.3417,1632
1.3444,1632
1.3472,1625
1.3500,1613
1.3528,1611
1.3556,1614
1.3583,1617
1.3611,1625
1.3639,1627
1.3667,1635
1.3694,1628
1.3722,1633
1.3750,1643
1.3778,1638
1.3806,1625
1.3833,1629
1.3861,1621
1.3889,1618
1.3917,1619
1.3944,1632
1.3972,1644
1.4000,1639
1.4028,1640
1.4056,1628
1.4083,1628
1.4111,1621
1.4139,1619
1.4167,1607
1.4194,1595
1.4222,1590
1.4250,1560
1.4278,1524
1.4306,1520
1.4333,1591
1.4361,1740
1.4389,1934
1.4417,2156
1.4444,2378
1.4472,2628
1.4500,2929
1.4528,3237
1.4556,3357
1.4583,3362
1.4611,3356
1.4639,3325
1.4667,2968
1.4694,2479
1.4722,2059
1.4750,1832
1.4778,1720
1.4806,1652
1.4833,1601
1.4861,1558
1.4889,1528
1.4917,1502
1.4944,1479
1.4972,1458
1.5000,1420
1.5028,1397
1.5056,1395
1.5083,1407
1.5111,1417
1.5139,1426
1.5167,1411
1.5194,1406
1.5222,1392
1.5250,1393
1.5278,1394
1.5306,1406
1.5333,1414
1.5361,1409
1.5389,1398
1.5417,1409
1.5444,1413
1.5472,1437
1.5500,1443
1.5528,1450
1.5556,1457
1.5583,1447
1.5611,1446
1.5639,1442
1.5667,1441
1.5694,1454
1.5722,1465
1.5750,1475
1.5778,1473
1.5806,1468
1.5833,1468
1.5861,1483
1.5889,1505
1.5917,1505
1.5944,1507
1.5972,1507
1.6000,1499
1.6028,1503
1.6056,1505
1.6083,1523
1.6111,1538
1.6139,1547
1.6167,1556
1.6194,1555
1.6222,1562
1.6250,1571
1.6278,1587
1.6306,1613
1.6333,1626
1.6361,1631
1.6389,1630
1.6417,1626
1.6444,1627
1.6472,1636
1.6500,1649
1.6528,1665
1.6556,1679
1.6583,1685
1.6611,1687
1.6639,1688
1.6667,1580
1.6694,1597
1.6722,1592
1.6750,1591
1.6778,1574
1.6806,1546
1.6833,1526
1.6861,1520
1.6889,1517
1.6917,1516
1.6944,1516
1.6972,1503
1.7000,1507
1.7028,1503
1.7056,1505
1.7083,1502
1.7111,1507
1.7139,1504
1.7167,1509
1.7194,1493
1.7222,1488
1.7250,1478
1.7278,1480
1.7306,1491
1.7333,1495
1.7361,1500
1.7389,1497
1.7417,1491
1.7444,1489
1.7472,1499
1.7500,1503
1.7528,1498
1.7556,1492
1.7583,1493
1.7611,1495
1.7639,1501
1.7667,1517
1.7694,1525
1.7722,1525
1.7750,1538
1.7778,1531
1.7806,1520
1.7833,1518
1.7861,1521
1.7889,1532
1.7917,1550
1.7944,1554
1.7972,1549
1.8000,1545
1.8028,1554
1.8056,1552
1.8083,1569
1.8111,1567
1.8139,1572
1.8167,1579
1.8194,1580
1.8222,1567
1.8250,1574
1.8278,1573
1.8306,1576
1.8333,1578
1.8361,1578
1.8389,1577
1.8417,1572
1.8444,1575
1.8472,1577
1.8500,1585
1.8528,1571
1.8556,1565
1.8583,1571
1.8611,1578
1.8639,1578
1.8667,1589
1.8694,1593
1.8722,1596
1.8750,1594
1.8778,1574
1.8806,1578
1.8833,1582
1.8861,1593
1.8889,1591
1.8917,1579
1.8944,1577
1.8972,1567
1.9000,1564
1.9028,1565
1.9056,1566
1.9083,1577
1.9111,1580
1.9139,1585
1.9167,1575
1.9194,1558
1.9222,1553
1.9250,1548
1.9278,1562
1.9306,1565
1.9333,1560
1.9361,1551
1.9389,1551
1.9417,1555
1.9444,1562
1.9472,1576
1.9500,1580
1.9528,1578
1.9556,1572
1.9583,1565
1.9611,1568
1.9639,1577
1.9667,1582
1.9694,1583
1.9722,1575
1.9750,1573
1.9778,1571
1.9806,1565
1.9833,1571
1.9861,1576
1.9889,1580
1.9917,1586
1.9944,1584
1.9972,1588
2.0000,1592
2.0028,1580
2.0056,1582
2.0083,1589
2.0111,1585
2.0139,1588
2.0167,1578
2.0194,1588
2.0222,1600
2.0250,1611
2.0278,1623
2.0306,1629
2.0333,1634
2.0361,1631
2.0389,1628
2.0417,1633
2.0444,1639
2.0472,1663
2.0500,1698
2.0528,1735
2.0556,1756
2.0583,1756
2.0611,1719
2.0639,1698
2.0667,1669
2.0694,1647
2.0722,1640
2.0750,1640
2.0778,1638
2.0806,1638
2.0833,1618
2.0861,1615
2.0889,1600
2.0917,1576
2.0944,1567
2.0972,1560
2.1000,1576
2.1028,1582
2.1056,1590
2.1083,1593
2.1111,1587
2.1139,1589
2.1167,1579
2.1194,1571
2.1222,1570
2.1250,1576
2.1278,1586
2.1306,1592
2.1333,1595
2.1361,1597
2.1389,1604
2.1417,1602
2.1444,1601
2.1472,1601
2.1500,1605
2.1528,1608
2.1556,1597
2.1583,1601
2.1611,1602
2.1639,1608
2.1667,1615
2.1694,1611
2.1722,1599
2.1750,1603
2.1778,1601
2.1806,1602
2.1833,1598
2.1861,1583
2.1889,1552
2.1917,1550
2.1944,1613
2.1972,1752
2.2000,1936
2.2028,2157
2.2056,2407
2.2083,2670
2.2111,2960
2.2139,3267
2.2167,3353
2.2194,3368
2.2222,3373
2.2250,3357
2.2278,3115
2.2306,2651
2.2333,2192
2.2361,1914
2.2389,1770
2.2417,1682
2.2444,1634
2.2472,1595
2.2500,1554
2.2528,1521
2.2556,1492
2.2583,1483
2.2611,1470
2.2639,1461
2.2667,1455
2.2694,1473
2.2722,1480
2.2750,1480
2.2778,1479
2.2806,1463
2.2833,1453
2.2861,1462
2.2889,1473
2.2917,1478
2.2944,1489
2.2972,1496
2.3000,1494
2.3028,1495
2.3056,1486
2.3083,1501
2.3111,1520
2.3139,1538
2.3167,1544
2.3194,1548
2.3222,1528
2.3250,1530
2.3278,1535
2.3306,1545
2.3333,1551
2.3361,1551
2.3389,1555
2.3417,1550
2.3444,1550
2.3472,1547
2.3500,1562
2.3528,1574
2.3556,1583
2.3583,1580
2.3611,1578
2.3639,1580
2.3667,1579
2.3694,1601
2.3722,1617
2.3750,1621
2.3778,1629
2.3806,1622
2.3833,1613
2.3861,1604
2.3889,1608
2.3917,1613
2.3944,1626
2.3972,1634
2.4000,1636
2.4028,1643
2.4056,1655
2.4083,1668
2.4111,1688
2.4139,1705
2.4167,1706
2.4194,1703
2.4222,1699
2.4250,1717
2.4278,1670
2.4306,1674
2.4333,1684
2.4361,1686
2.4389,1666
2.4417,1651
2.4444,1638
2.4472,1643
2.4500,1638
2.4528,1643
2.4556,1651
2.4583,1642
2.4611,1631
2.4639,1613
2.4667,1618
2.4694,1625
2.4722,1627
2.4750,1626
2.4778,1627
2.4806,1614
2.4833,1613
2.4861,1607
2.4889,1606
2.4917,1617
2.4944,1627
2.4972,1627
2.5000,1601
2.5028,1595
2.5056,1596
2.5083,1605
2.5111,1614
2.5139,1620
2.5167,1612
2.5194,1615
2.5222,1597
2.5250,1598
2.5278,1603
2.5306,1604
2.5333,1619
2.5361,1630
2.5389,1625
2.5417,1629
2.5444,1618
2.5472,1620
2.5500,1625
2.5528,1638
2.5556,1644
2.5583,1649
2.5611,1643
2.5639,1636
2.5667,1626
2.5694,1634
2.5722,1640
2.5750,1648
2.5778,1646
2.5806,1642
2.5833,1640
2.5861,1652
2.5889,1653
2.5917,1657
2.5944,1658
2.5972,1658
2.6000,1660
2.6028,1670
2.6056,1677
2.6083,1693
2.6111,1705
2.6139,1716
2.6167,1717
2.6194,1704
2.6222,1696
2.6250,1680
2.6278,1688
2.6306,1692
2.6333,1695
2.6361,1700
2.6389,1700
2.6417,1683
2.6444,1674
2.6472,1667
2.6500,1646
2.6528,1645
2.6556,1640
2.6583,1637
2.6611,1623
2.6639,1614
2.6667,1566
2.6694,1514
2.6722,1465
2.6750,1441
2.6778,1444
2.6806,1457
2.6833,1466
2.6861,1502
2.6889,1535
2.6917,1555
2.6944,1565
2.6972,1571
2.7000,1576
2.7028,1588
2.7056,1607
2.7083,1621
2.7111,1640
2.7139,1647
2.7167,1644
2.7194,1631
2.7222,1622
2.7250,1620
2.7278,1615
2.7306,1634
2.7333,1645
2.7361,1670
2.7389,1667
2.7417,1658
2.7444,1653
2.7472,1637
2.7500,1626
2.7528,1628
2.7556,1629
2.7583,1639
2.7611,1650
2.7639,1658
2.7667,1654
2.7694,1652
2.7722,1652
2.7750,1674
2.7778,1678
2.7806,1676
2.7833,1668
2.7861,1670
2.7889,1668
2.7917,1668
2.7944,1687
2.7972,1699
2.8000,1699
2.8028,1699
2.8056,1709
2.8083,1707
2.8111,1702
2.8139,1700
2.8167,1696
2.8194,1701
2.8222,1703
2.8250,1707
2.8278,1704
2.8306,1711
2.8333,1722
2.8361,1732
2.8389,1730
2.8417,1734
2.8444,1738
2.8472,1733
2.8500,1732
2.8528,1728
2.8556,1740
2.8583,1748
2.8611,1764
2.8639,1809
2.8667,1839
2.8694,1871
2.8722,1857
2.8750,1839
2.8778,1802
2.8806,1769
2.8833,1741
2.8861,1730
2.8889,1723
2.8917,1721
2.8944,1709
2.8972,1701
2.9000,1691
2.9028,1669
2.9056,1649
2.9083,1662
2.9111,1666
2.9139,1680
2.9167,1688
2.9194,1684
2.9222,1684
2.9250,1677
2.9278,1661
2.9306,1662
2.9333,1665
2.9361,1671
2.9389,1680
2.9417,1668
2.9444,1671
2.9472,1680
2.9500,1672
2.9528,1674
2.9556,1660
2.9583,1653
2.9611,1656
2.9639,1651
2.9667,1648
2.9694,1665
2.9722,1673
2.9750,1676
2.9778,1674
2.9806,1674
2.9833,1671
2.9861,1665
2.9889,1662
2.9917,1676
2.9944,1679
2.9972,1674
3.0000,1653
3.0028,1610
3.0056,1585
3.0083,1614
3.0111,1735
3.0139,1927
3.0167,2136
3.0194,2369
3.0222,2625
3.0250,2915
3.0278,3225
3.0306,3362
3.0333,3376
3.0361,3364
3.0389,3369
3.0417,3323
3.0444,2968
3.0472,2467
3.0500,2080
3.0528,1836
3.0556,1717
3.0583,1647
3.0611,1611
3.0639,1596
3.0667,1574
3.0694,1567
3.0722,1550
3.0750,1527
3.0778,1497
3.0806,1484
3.0833,1485
3.0861,1507
3.0889,1518
3.0917,1529
3.0944,1529
3.0972,1512
3.1000,1510
3.1028,1499
3.1056,1503
3.1083,1517
3.1111,1535
3.1139,1537
3.1167,1549
3.1194,1541
3.1222,1531
3.1250,1535
3.1278,1553
3.1306,1560
3.1333,1562
3.1361,1568
3.1389,1565
3.1417,1572
3.1444,1585
3.1472,1595
3.1500,1614
3.1528,1616
3.1556,1602
3.1583,1599
3.1611,1593
3.1639,1603
3.1667,1620
3.1694,1642
3.1722,1657
3.1750,1656
3.1778,1653
3.1806,1651
3.1833,1652
3.1861,1661
3.1889,1656
3.1917,1664
3.1944,1670
3.1972,1665
3.2000,1673
3.2028,1667
3.2056,1674
3.2083,1682
3.2111,1702
3.2139,1713
3.2167,1716
3.2194,1719
3.2222,1725
3.2250,1744
3.2278,1751
3.2306,1761
3.2333,1761
3.2361,1768
3.2389,1774
3.2417,1790
3.2444,1752
3.2472,1760
3.2500,1754
3.2528,1741
3.2556,1720
3.2583,1701
3.2611,1694
3.2639,1701
3.2667,1710
3.2694,1707
3.2722,1709
3.2750,1698
3.2778,1690
3.2806,1669
3.2833,1666
3.2861,1668
3.2889,1680
3.2917,1687
3.2944,1687
3.2972,1683
3.3000,1677
3.3028,1682
3.3056,1692
3.3083,1693
3.3111,1699
3.3139,1701
3.3167,1692
3.3194,1684
3.3222,1676
3.3250,1686
3.3278,1691
3.3306,1695
3.3333,1690
3.3361,1684
3.3389,1673
3.3417,1674
3.3444,1675
3.3472,1688
3.3500,1700
3.3528,1709
3.3556,1697
3.3583,1702
3.3611,1701
3.3639,1693
3.3667,1690
3.3694,1690
3.3722,1690
3.3750,1680
3.3778,1680
3.3806,1690
3.3833,1709
3.3861,1721
3.3889,1736
3.3917,1736
3.3944,1739
3.3972,1731
3.4000,1717
3.4028,1716
3.4056,1727
3.4083,1738
3.4111,1754
3.4139,1757
3.4167,1746
3.4194,1733
3.4222,1741
3.4250,1743
3.4278,1746
3.4306,1747
3.4333,1743
3.4361,1750
3.4389,1755
3.4417,1759
3.4444,1768
3.4472,1773
3.4500,1787
3.4528,1786
3.4556,1779
3.4583,1761
3.4611,1766
3.4639,1760
3.4667,1765
3.4694,1762
3.4722,1767
3.4750,1771
3.4778,1782
3.4806,1790
3.4833,1780
3.4861,1777
3.4889,1786
3.4917,1781
3.4944,1780
3.4972,1775
3.5000,1775
3.5028,1775
3.5056,1770
3.5083,1781
3.5111,1786
3.5139,1781
3.5167,1772
3.5194,1767
3.5222,1759
3.5250,1767
3.5278,1772
3.5306,1783
3.5333,1780
3.5361,1781
3.5389,1776
3.5417,1768
3.5444,1784
3.5472,1794
3.5500,1814
3.5528,1814
3.5556,1806
3.5583,1812
3.5611,1805
3.5639,1803
3.5667,1790
3.5694,1803
3.5722,1816
3.5750,1814
3.5778,1799
3.5806,1808
3.5833,1801
3.5861,1804
3.5889,1814
3.5917,1808
3.5944,1820
3.5972,1824
3.6000,1820
3.6028,1826
3.6056,1839
3.6083,1835
3.6111,1827
3.6139,1827
3.6167,1823
3.6194,1840
3.6222,1841
3.6250,1842
3.6278,1847
3.6306,1847
3.6333,1844
3.6361,1843
3.6389,1835
3.6417,1839
3.6444,1828
3.6472,1834
3.6500,1834
3.6528,1842
3.6556,1844
3.6583,1849
3.6611,1846
3.6639,1830
3.6667,1831
3.6694,1822
3.6722,1825
3.6750,1822
3.6778,1824
3.6806,1830
3.6833,1842
3.6861,1856
3.6889,1856
3.6917,1863
3.6944,1862
3.6972,1866
3.7000,1890
3.7028,1906
3.7056,1928
3.7083,1950
3.7111,1969
3.7139,1986
3.7167,1965
3.7194,1945
3.7222,1910
3.7250,1896
3.7278,1878
3.7306,1868
3.7333,1860
3.7361,1854
3.7389,1840
3.7417,1841
3.7444,1821
3.7472,1812
3.7500,1808
3.7528,1821
3.7556,1828
3.7583,1832
3.7611,1817
3.7639,1809
3.7667,1792
3.7694,1795
3.7722,1802
3.7750,1811
3.7778,1813
3.7806,1803
3.7833,1808
3.7861,1803
3.7889,1809
3.7917,1823
3.7944,1821
3.7972,1819
3.8000,1826
3.8028,1829
3.8056,1830
3.8083,1826
3.8111,1831
3.8139,1835
3.8167,1835
3.8194,1834
3.8222,1843
3.8250,1850
3.8278,1852
3.8306,1849
3.8333,1838
3.8361,1824
3.8389,1809
3.8417,1782
3.8444,1760
3.8472,1754
3.8500,1846
3.8528,2000
3.8556,2199
3.8583,2422
3.8611,2664
3.8639,2939
3.8667,3225
3.8694,3356
3.8722,3365
3.8750,3367
3.8778,3366
3.8806,3368
3.8833,3272
3.8861,2869
3.8889,2436
3.8917,2117
3.8944,1947
3.8972,1848
3.9000,1783
3.9028,1747
3.9056,1719
3.9083,1697
3.9111,1692
3.9139,1681
3.9167,1660
3.9194,1632
3.9222,1616
3.9250,1612
3.9278,1617
3.9306,1646
3.9333,1652
3.9361,1646
3.9389,1626
3.9417,1610
3.9444,1610
3.9472,1622
3.9500,1644
3.9528,1653
3.9556,1664
3.9583,1662
3.9611,1653
3.9639,1644
3.9667,1663
3.9694,1673
3.9722,1683
3.9750,1690
3.9778,1686
3.9806,1680
3.9833,1672
3.9861,1693
3.9889,1715
3.9917,1712
3.9944,1711
3.9972,1712
4.0000,1704
4.0028,1702
4.0056,1721
4.0083,1731
4.0111,1737
4.0139,1751
4.0167,1746
4.0194,1745
4.0222,1745
4.0250,1747
4.0278,1764
4.0306,1776
4.0333,1776
4.0361,1783
4.0389,1784
4.0417,1781
4.0444,1775
4.0472,1783
4.0500,1795
4.0528,1808
4.0556,1816
4.0583,1825
4.0611,1822
4.0639,1835
4.0667,1837
4.0694,1860
4.0722,1870
4.0750,1867
4.0778,1864
4.0806,1857
4.0833,1852
4.0861,1797
4.0889,1799
4.0917,1797
4.0944,1788
4.0972,1775
4.1000,1763
4.1028,1755
4.1056,1751
4.1083,1755
4.1111,1756
4.1139,1749
4.1167,1737
4.1194,1732
4.1222,1728
4.1250,1717
4.1278,1715
4.1306,1712
4.1333,1702
4.1361,1697
4.1389,1694
4.1417,1690
4.1444,1696
4.1472,1703
4.1500,1709
4.1528,1713
4.1556,1702
4.1583,1697
4.1611,1707
4.1639,1696
4.1667,1709
4.1694,1720
4.1722,1727
4.1750,1720
4.1778,1705
4.1806,1690
4.1833,1684
4.1861,1680
4.1889,1691
4.1917,1697
4.1944,1703
4.1972,1699
4.2000,1700
4.2028,1714
4.2056,1710
4.2083,1710
4.2111,1721
4.2139,1718
4.2167,1715
4.2194,1699
4.2222,1702
4.2250,1706
4.2278,1711
4.2306,1723
4.2333,1741
4.2361,1754
4.2389,1751
4.2417,1754
4.2444,1759
4.2472,1772
4.2500,1769
4.2528,1763
4.2556,1753
4.2583,1745
4.2611,1741
4.2639,1744
4.2667,1750
4.2694,1754
4.2722,1757
4.2750,1745
4.2778,1743
4.2806,1722
4.2833,1734
4.2861,1742
4.2889,1745
4.2917,1751
4.2944,1740
4.2972,1733
4.3000,1730
4.3028,1727
4.3056,1720
4.3083,1715
4.3111,1718
4.3139,1722
4.3167,1711
4.3194,1723
4.3222,1721
4.3250,1731
4.3278,1731
4.3306,1737
4.3333,1732
4.3361,1725
4.3389,1710
4.3417,1704
4.3444,1701
4.3472,1698
4.3500,1701
4.3528,1707
4.3556,1714
4.3583,1718
4.3611,1719
4.3639,1713
4.3667,1706
4.3694,1694
4.3722,1693
4.3750,1696
4.3778,1695
4.3806,1702
4.3833,1703
4.3861,1710
4.3889,1710
4.3917,1701
4.3944,1699
4.3972,1698
4.4000,1701
4.4028,1700
4.4056,1703
4.4083,1707
4.4111,1703
4.4139,1694
4.4167,1692
4.4194,1689
4.4222,1697
4.4250,1705
4.4278,1706
4.4306,1693
4.4333,1691
4.4361,1694
4.4389,1687
4.4417,1687
4.4444,1677
4.4472,1673
4.4500,1685
4.4528,1693
4.4556,1699
4.4583,1701
4.4611,1696
4.4639,1700
4.4667,1694
4.4694,1700
4.4722,1697
4.4750,1696
4.4778,1695
4.4806,1708
4.4833,1716
4.4861,1720
4.4889,1733
4.4917,1741
4.4944,1744
4.4972,1746
4.5000,1758
4.5028,1772
4.5056,1800
4.5083,1806
4.5111,1813
4.5139,1802
4.5167,1779
4.5194,1750
4.5222,1735
4.5250,1732
4.5278,1718
4.5306,1695
4.5333,1683
4.5361,1675
4.5389,1650
4.5417,1649
4.5444,1628
4.5472,1638
4.5500,1635
4.5528,1639
4.5556,1641
4.5583,1636
4.5611,1630
4.5639,1627
4.5667,1625
4.5694,1633
4.5722,1634
4.5750,1635
4.5778,1633
4.5806,1627
4.5833,1615
4.5861,1619
4.5889,1635
4.5917,1642
4.5944,1651
4.5972,1655
4.6000,1660
4.6028,1658
4.6056,1650
4.6083,1649
4.6111,1639
4.6139,1636
4.6167,1647
4.6194,1654
4.6222,1658
4.6250,1665
4.6278,1674
4.6306,1674
4.6333,1676
4.6361,1666
4.6389,1649
4.6417,1606
4.6444,1592
4.6472,1663
4.6500,1803
4.6528,2003
4.6556,2217
4.6583,2436
4.6611,2695
4.6639,2986
4.6667,3284
4.6694,3365
4.6722,3366
4.6750,3373
4.6778,3367
4.6806,3110
4.6833,2628
4.6861,2199
4.6889,1933
4.6917,1802
4.6944,1740
4.6972,1695
4.7000,1638
4.7028,1601
4.7056,1567
4.7083,1525
4.7111,1491
4.7139,1473
4.7167,1466
4.7194,1467
4.7222,1480
4.7250,1494
4.7278,1497
4.7306,1485
4.7333,1475
4.7361,1469
4.7389,1472
4.7417,1489
4.7444,1503
4.7472,1506
4.7500,1508
4.7528,1503
4.7556,1497
4.7583,1498
4.7611,1491
4.7639,1495
4.7667,1492
4.7694,1501
4.7722,1506
4.7750,1503
4.7778,1507
4.7806,1508
4.7833,1515
4.7861,1531
4.7889,1552
4.7917,1550
4.7944,1547
4.7972,1528
4.8000,1535
4.8028,1547
4.8056,1562
4.8083,1571
4.8111,1576
4.8139,1564
4.8167,1557
4.8194,1555
4.8222,1568
4.8250,1585
4.8278,1599
4.8306,1602
4.8333,1605
4.8361,1598
4.8389,1590
4.8417,1600
4.8444,1622
4.8472,1631
4.8500,1636
4.8528,1638
4.8556,1633
4.8583,1634
4.8611,1649
4.8639,1665
4.8667,1675
4.8694,1680
4.8722,1698
4.8750,1701
4.8778,1711
4.8806,1660
4.8833,1666
4.8861,1662
4.8889,1657
4.8917,1644
4.8944,1624
4.8972,1611
4.9000,1610
4.9028,1595
4.9056,1581
4.9083,1578
4.9111,1573
4.9139,1559
4.9167,1553
4.9194,1551
4.9222,1555
4.9250,1562
4.9278,1560
4.9306,1551
4.9333,1531
4.9361,1524
4.9389,1531
4.9417,1535
4.9444,1552
4.9472,1574
4.9500,1582
4.9528,1579
4.9556,1566
4.9583,1564
4.9611,1565
4.9639,1559
4.9667,1569
4.9694,1573
4.9722,1573
4.9750,1569
4.9778,1564
4.9806,1569
4.9833,1582
4.9861,1597
4.9889,1593
4.9917,1596
4.9944,1586
4.9972,1582
5.0000,1566
5.0028,1560
5.0056,1576
5.0083,1579
5.0111,1577
5.0139,1578
5.0167,1582
5.0194,1591
5.0222,1603
5.0250,1615
5.0278,1616
5.0306,1606
5.0333,1598
5.0361,1594
5.0389,1599
5.0417,1592
5.0444,1608
5.0472,1618
5.0500,1637
5.0528,1638
5.0556,1638
5.0583,1642
5.0611,1631
5.0639,1627
5.0667,1627
5.0694,1624
5.0722,1628
5.0750,1623
5.0778,1619
5.0806,1621
5.0833,1616
5.0861,1615
5.0889,1620
5.0917,1628
5.0944,1633
5.0972,1628
5.1000,1636
5.1028,1633
5.1056,1628
5.1083,1618
5.1111,1619
5.1139,1618
5.1167,1605
5.1194,1604
5.1222,1606
5.1250,1610
5.1278,1619
5.1306,1613
5.1333,1595
5.1361,1601
5.1389,1613
5.1417,1612
5.1444,1632
5.1472,1635
5.1500,1631
5.1528,1626
5.1556,1613
5.1583,1607
5.1611,1603
5.1639,1604
5.1667,1615
5.1694,1625
5.1722,1613
5.1750,1620
5.1778,1630
5.1806,1630
5.1833,1632
5.1861,1618
5.1889,1612
5.1917,1603
5.1944,1603
5.1972,1607
5.2000,1614
5.2028,1616
5.2056,1601
5.2083,1614
5.2111,1616
5.2139,1609
5.2167,1602
5.2194,1616
5.2222,1617
5.2250,1628
5.2278,1634
5.2306,1636
5.2333,1630
5.2361,1610
5.2389,1615
5.2417,1618
5.2444,1634
5.2472,1649
5.2500,1652
5.2528,1649
5.2556,1653
5.2583,1649
5.2611,1650
5.2639,1647
5.2667,1645
5.2694,1635
5.2722,1640
5.2750,1639
5.2778,1640
5.2806,1641
5.2833,1646
5.2861,1661
5.2889,1671
5.2917,1670
5.2944,1673
5.2972,1681
5.3000,1669
5.3028,1669
5.3056,1666
5.3083,1671
5.3111,1671
5.3139,1684
5.3167,1710
5.3194,1732
5.3222,1778
5.3250,1806
5.3278,1794
5.3306,1777
5.3333,1753
5.3361,1730
5.3389,1706
5.3417,1691
5.3444,1680
5.3472,1678
5.3500,1663
5.3528,1656
5.3556,1648
5.3583,1643
5.3611,1643
5.3639,1635
5.3667,1631
5.3694,1640
5.3722,1640
5.3750,1640
5.3778,1625
5.3806,1619
5.3833,1622
5.3861,1621
5.3889,1627
5.3917,1630
5.3944,1630
5.3972,1637
5.4000,1634
5.4028,1632
5.4056,1623
5.4083,1626
5.4111,1633
5.4139,1632
5.4167,1646
5.4194,1654
5.4222,1658
5.4250,1657
5.4278,1647
5.4306,1652
5.4333,1653
5.4361,1644
5.4389,1646
5.4417,1649
5.4444,1655
5.4472,1662
5.4500,1665
5.4528,1659
5.4556,1628
5.4583,1592
5.4611,1572
5.4639,1627
5.4667,1761
5.4694,1953
5.4722,2181
5.4750,2414
5.4778,2674
5.4806,2944
5.4833,3242
5.4861,3355
5.4889,3365
5.4917,3363
5.4944,3366
5.4972,3274
5.5000,2856
5.5028,2370
5.5056,2019
5.5083,1822
5.5111,1730
5.5139,1676
5.5167,1638
5.5194,1605
5.5222,1587
5.5250,1571
5.5278,1535
5.5306,1514
5.5333,1495
5.5361,1488
5.5389,1499
5.5417,1492
5.5444,1497
5.5472,1503
5.5500,1491
5.5528,1485
5.5556,1477
5.5583,1473
5.5611,1489
5.5639,1512
5.5667,1515
5.5694,1517
5.5722,1500
5.5750,1488
5.5778,1489
5.5806,1496
5.5833,1507
5.5861,1511
5.5889,1529
5.5917,1515
5.5944,1508
5.5972,1520
5.6000,1524
5.6028,1551
5.6056,1562
5.6083,1555
5.6111,1557
5.6139,1555
5.6167,1562
5.6194,1581
5.6222,1592
5.6250,1592
5.6278,1591
5.6306,1588
5.6333,1583
5.6361,1577
5.6389,1582
5.6417,1586
5.6444,1598
5.6472,1626
5.6500,1636
5.6528,1641
5.6556,1649
5.6583,1658
5.6611,1661
5.6639,1675
5.6667,1688
5.6694,1692
5.6722,1688
5.6750,1680
5.6778,1675
5.6806,1681
5.6833,1704
5.6861,1719
5.6889,1736
5.6917,1754
5.6944,1759
5.6972,1754
5.7000,1727
5.7028,1727
5.7056,1722
5.7083,1704
5.7111,1678
5.7139,1655
5.7167,1649
5.7194,1657
5.7222,1673
5.7250,1672
5.7278,1664
5.7306,1651
5.7333,1642
5.7361,1631
5.7389,1625
5.7417,1633
5.7444,1627
5.7472,1632
5.7500,1627
5.7528,1616
5.7556,1607
5.7583,1631
5.7611,1638
5.7639,1642
5.7667,1638
5.7694,1634
5.7722,1629
5.7750,1620
5.7778,1629
5.7806,1644
5.7833,1641
5.7861,1651
5.7889,1648
5.7917,1640
5.7944,1631
5.7972,1646
5.8000,1651
5.8028,1644
5.8056,1644
5.8083,1650
5.8111,1642
5.8139,1631
5.8167,1627
5.8194,1621
5.8222,1627
5.8250,1631
5.8278,1630
5.8306,1614
5.8333,1617
5.8361,1618
5.8389,1623
5.8417,1624
5.8444,1627
5.8472,1629
5.8500,1633
5.8528,1634
5.8556,1634
5.8583,1632
5.8611,1638
5.8639,1636
5.8667,1636
5.8694,1644
5.8722,1649
5.8750,1653
5.8778,1663
5.8806,1669
5.8833,1676
5.8861,1686
5.8889,1683
5.8917,1686
5.8944,1683
5.8972,1666
5.9000,1651
5.9028,1644
5.9056,1658
5.9083,1677
5.9111,1689
5.9139,1682
5.9167,1684
5.9194,1682
5.9222,1677
5.9250,1681
5.9278,1672
5.9306,1663
5.9333,1652
5.9361,1648
5.9389,1653
5.9417,1654
5.9444,1661
5.9472,1656
5.9500,1671
5.9528,1670
5.9556,1676
5.9583,1674
5.9611,1659
5.9639,1652
5.9667,1646
5.9694,1657
5.9722,1655
5.9750,1657
5.9778,1672
5.9806,1678
5.9833,1677
5.9861,1678
5.9889,1677
5.9917,1681
5.9944,1681
5.9972,1683
6.0000,1664
6.0028,1670
6.0056,1677
6.0083,1678
6.0111,1688
6.0139,1686
6.0167,1689
6.0194,1686
6.0222,1686
6.0250,1688
6.0278,1681
6.0306,1675
6.0333,1687
6.0361,1688
6.0389,1691
6.0417,1686
6.0444,1668
6.0472,1661
6.0500,1655
6.0528,1651
6.0556,1658
6.0583,1664
6.0611,1679
6.0639,1699
6.0667,1701
6.0694,1692
6.0722,1682
6.0750,1684
6.0778,1681
6.0806,1698
6.0833,1706
6.0861,1709
6.0889,1700
6.0917,1696
6.0944,1684
6.0972,1677
6.1000,1677
6.1028,1693
6.1056,1700
6.1083,1696
6.1111,1701
6.1139,1689
6.1167,1687
6.1194,1681
6.1222,1687
6.1250,1696
6.1278,1697
6.1306,1704
6.1333,1716
6.1361,1738
6.1389,1765
6.1417,1790
6.1444,1787
6.1472,1764
6.1500,1729
6.1528,1714
6.1556,1691
6.1583,1670
6.1611,1663
6.1639,1659
6.1667,1659
6.1694,1648
6.1722,1645
6.1750,1631
6.1778,1642
6.1806,1648
6.1833,1659
6.1861,1671
6.1889,1658
6.1917,1647
6.1944,1637
6.1972,1646
6.2000,1647
6.2028,1657
6.2056,1660
6.2083,1647
6.2111,1644
6.2139,1635
6.2167,1623
6.2194,1630
6.2222,1642
6.2250,1656
6.2278,1665
6.2306,1669
6.2333,1659
6.2361,1665
6.2389,1664
6.2417,1654
6.2444,1646
6.2472,1657
6.2500,1651
6.2528,1653
6.2556,1652
6.2583,1648
6.2611,1641
6.2639,1635
6.2667,1632
6.2694,1616
6.2722,1584
6.2750,1564
6.2778,1623
6.2806,1760
6.2833,1959
6.2861,2197
6.2889,2440
6.2917,2706
6.2944,3008
6.2972,3305
6.3000,3357
6.3028,3363
6.3056,3372
6.3083,3368
6.3111,3238
6.3139,2801
6.3167,2339
6.3194,1995
6.3222,1784
6.3250,1682
6.3278,1628
6.3306,1601
6.3333,1578
6.3361,1563
6.3389,1551
6.3417,1523
6.3444,1502
6.3472,1468
6.3500,1442
6.3528,1431
6.3556,1436
6.3583,1446
6.3611,1455
6.3639,1456
6.3667,1448
6.3694,1443
6.3722,1455
6.3750,1466
6.3778,1473
6.3806,1474
6.3833,1463
6.3861,1449
6.3889,1443
6.3917,1445
6.3944,1445
6.3972,1459
6.4000,1464
6.4028,1469
6.4056,1464
6.4083,1455
6.4111,1461
6.4139,1459
6.4167,1462
6.4194,1481
6.4222,1497
6.4250,1496
6.4278,1504
6.4306,1505
6.4333,1502
6.4361,1511
6.4389,1515
6.4417,1505
6.4444,1507
6.4472,1497
6.4500,1500
6.4528,1511
6.4556,1524
6.4583,1549
6.4611,1562
6.4639,1571
6.4667,1581
6.4694,1580
6.4722,1574
6.4750,1592
6.4778,1588
6.4806,1593
6.4833,1600
6.4861,1603
6.4889,1601
6.4917,1598
6.4944,1612
6.4972,1627
6.5000,1639
6.5028,1650
6.5056,1657
6.5083,1671
6.5111,1693
6.5139,1663
6.5167,1658
6.5194,1662
6.5222,1653
6.5250,1635
6.5278,1628
6.5306,1616
6.5333,1605
6.5361,1603
6.5389,1605
6.5417,1595
6.5444,1590
6.5472,1579
6.5500,1570
6.5528,1562
6.5556,1567
6.5583,1565
6.5611,1563
6.5639,1557
6.5667,1550
6.5694,1541
6.5722,1546
6.5750,1557
6.5778,1564
6.5806,1569
6.5833,1569
6.5861,1570
6.5889,1563
6.5917,1571
6.5944,1584
6.5972,1587
6.6000,1576
6.6028,1556
6.6056,1550
6.6083,1545
6.6111,1552
6.6139,1571
6.6167,1573
6.6194,1587
6.6222,1600
6.6250,1613
6.6278,1608
6.6306,1604
6.6333,1601
6.6361,1607
6.6389,1603
6.6417,1608
6.6444,1601
6.6472,1609
6.6500,1615
6.6528,1618
6.6556,1618
6.6583,1609
6.6611,1606
6.6639,1613
6.6667,1616
6.6694,1617
6.6722,1625
6.6750,1631
6.6778,1645
6.6806,1649
6.6833,1645
6.6861,1640
6.6889,1636
6.6917,1638
6.6944,1644
6.6972,1645
6.7000,1637
6.7028,1641
6.7056,1645
6.7083,1631
6.7111,1626
6.7139,1622
6.7167,1641
6.7194,1644
6.7222,1645
6.7250,1646
6.7278,1642
6.7306,1644
6.7333,1647
6.7361,1649
6.7389,1643
6.7417,1640
6.7444,1637
6.7472,1636
6.7500,1627
6.7528,1627
6.7556,1631
6.7583,1645
6.7611,1644
6.7639,1635
6.7667,1631
6.7694,1620
6.7722,1638
6.7750,1636
6.7778,1644
6.7806,1643
6.7833,1652
6.7861,1644
6.7889,1631
6.7917,1629
6.7944,1638
6.7972,1636
6.8000,1634
6.8028,1639
6.8056,1642
6.8083,1637
6.8111,1636
6.8139,1621
6.8167,1624
6.8194,1636
6.8222,1648
6.8250,1657
6.8278,1653
6.8306,1649
6.8333,1655
6.8361,1649
6.8389,1650
6.8417,1651
6.8444,1645
6.8472,1643
6.8500,1638
6.8528,1638
6.8556,1657
6.8583,1667
6.8611,1677
6.8639,1681
6.8667,1662
6.8694,1649
6.8722,1638
6.8750,1633
6.8778,1641
6.8806,1650
6.8833,1661
6.8861,1671
6.8889,1678
6.8917,1680
6.8944,1685
6.8972,1678
6.9000,1673
6.9028,1674
6.9056,1680
6.9083,1666
6.9111,1658
6.9139,1663
6.9167,1649
6.9194,1652
6.9222,1653
6.9250,1655
6.9278,1675
6.9306,1686
6.9333,1693
6.9361,1701
6.9389,1696
6.9417,1695
6.9444,1694
6.9472,1685
6.9500,1686
6.9528,1700
6.9556,1730
6.9583,1761
6.9611,1792
6.9639,1822
6.9667,1836
6.9694,1825
6.9722,1814
6.9750,1788
6.9778,1771
6.9806,1745
6.9833,1729
6.9861,1712
6.9889,1702
6.9917,1695
6.9944,1697
6.9972,1686
7.0000,1676
7.0028,1663
7.0056,1646
7.0083,1659
7.0111,1663
7.0139,1667
7.0167,1669
7.0194,1665
7.0222,1671
7.0250,1665
7.0278,1669
7.0306,1680
7.0333,1689
7.0361,1702
7.0389,1699
7.0417,1698
7.0444,1680
7.0472,1683
7.0500,1684
7.0528,1692
7.0556,1694
7.0583,1704
7.0611,1700
7.0639,1698
7.0667,1699
7.0694,1710
7.0722,1712
7.0750,1709
7.0778,1714
7.0806,1713
7.0833,1699
7.0861,1699
7.0889,1688
7.0917,1680
7.0944,1661
7.0972,1636
7.1000,1610
7.1028,1676
7.1056,1802
7.1083,1980
7.1111,2178
7.1139,2406
7.1167,2658
7.1194,2936
7.1222,3240
7.1250,3365
7.1278,3364
7.1306,3362
7.1333,3357
7.1361,3131
7.1389,2671
7.1417,2220
7.1444,1930
7.1472,1802
7.1500,1718
7.1528,1675
7.1556,1640
7.1583,1620
7.1611,1603
7.1639,1584
7.1667,1568
7.1694,1530
7.1722,1510
7.1750,1499
7.1778,1507
7.1806,1530
7.1833,1549
7.1861,1551
7.1889,1545
7.1917,1531
7.1944,1524
7.1972,1528
7.2000,1544
7.2028,1556
7.2056,1557
7.2083,1546
7.2111,1534
7.2139,1543
7.2167,1539
7.2194,1552
7.2222,1571
7.2250,1583
7.2278,1579
7.2306,1574
7.2333,1578
7.2361,1573
7.2389,1583
7.2417,1595
7.2444,1603
7.2472,1598
7.2500,1594
7.2528,1585
7.2556,1593
7.2583,1612
7.2611,1625
7.2639,1634
7.2667,1637
7.2694,1636
7.2722,1634
7.2750,1640
7.2778,1644
7.2806,1647
7.2833,1655
7.2861,1657
7.2889,1664
7.2917,1662
7.2944,1670
7.2972,1676
7.3000,1694
7.3028,1710
7.3056,1718
7.3083,1728
7.3111,1719
7.3139,1728
7.3167,1726
7.3194,1736
7.3222,1749
7.3250,1767
7.3278,1774
7.3306,1789
7.3333,1798
7.3361,1746
7.3389,1745
7.3417,1760
7.3444,1747
7.3472,1738
7.3500,1721
7.3528,1701
7.3556,1693
7.3583,1693
7.3611,1688
7.3639,1673
7.3667,1666
7.3694,1655
7.3722,1655
7.3750,1651
7.3778,1656
7.3806,1652
7.3833,1645
7.3861,1636
7.3889,1627
7.3917,1616
7.3944,1618
7.3972,1608
7.4000,1624
7.4028,1626
7.4056,1629
7.4083,1618
7.4111,1616
7.4139,1613
7.4167,1629
7.4194,1633
7.4222,1635
7.4250,1628
7.4278,1618
7.4306,1597
7.4333,1600
7.4361,1610
7.4389,1631
7.4417,1630
7.4444,1631
7.4472,1629
7.4500,1624
7.4528,1624
7.4556,1634
7.4583,1646
7.4611,1656
7.4639,1657
7.4667,1659
7.4694,1661
7.4722,1649
7.4750,1662
7.4778,1648
7.4806,1654
7.4833,1654
7.4861,1656
7.4889,1670
7.4917,1672
7.4944,1669
7.4972,1681
7.5000,1688
7.5028,1691
7.5056,1698
7.5083,1682
7.5111,1674
7.5139,1677
7.5167,1686
7.5194,1693
7.5222,1696
7.5250,1700
7.5278,1700
7.5306,1688
7.5333,1688
7.5361,1678
7.5389,1685
7.5417,1687
7.5444,1681
7.5472,1675
7.5500,1666
7.5528,1668
7.5556,1667
7.5583,1678
7.5611,1679
7.5639,1678
7.5667,1679
7.5694,1678
7.5722,1684
7.5750,1678
7.5778,1675
7.5806,1666
7.5833,1666
7.5861,1672
7.5889,1675
7.5917,1669
7.5944,1667
7.5972,1669
7.6000,1674
7.6028,1682
7.6056,1673
7.6083,1667
7.6111,1665
7.6139,1670
7.6167,1669
7.6194,1676
7.6222,1664
7.6250,1669
7.6278,1669
7.6306,1675
7.6333,1685
7.6361,1677
7.6389,1663
7.6417,1665
7.6444,1673
7.6472,1676
7.6500,1683
7.6528,1683
7.6556,1688
7.6583,1688
7.6611,1682
7.6639,1674
7.6667,1686
7.6694,1691
7.6722,1697
7.6750,1705
7.6778,1703
7.6806,1705
7.6833,1703
7.6861,1695
7.6889,1685
7.6917,1677
7.6944,1684
7.6972,1689
7.7000,1695
7.7028,1698
7.7056,1699
7.7083,1700
7.7111,1688
7.7139,1697
7.7167,1704
7.7194,1705
7.7222,1703
7.7250,1707
7.7278,1695
7.7306,1695
7.7333,1690
7.7361,1681
7.7389,1679
7.7417,1691
7.7444,1697
7.7472,1704
7.7500,1712
7.7528,1713
7.7556,1714
7.7583,1725
7.7611,1732
7.7639,1745
7.7667,1760
7.7694,1770
7.7722,1782
7.7750,1810
7.7778,1818
7.7806,1825
7.7833,1809
7.7861,1793
7.7889,1779
7.7917,1760
7.7944,1742
7.7972,1735
7.8000,1716
7.8028,1708
7.8056,1702
7.8083,1690
7.8111,1680
7.8139,1672
7.8167,1660
7.8194,1640
7.8222,1650
7.8250,1650
7.8278,1653
7.8306,1652
7.8333,1651
7.8361,1652
7.8389,1654
7.8417,1658
7.8444,1668
7.8472,1653
7.8500,1647
7.8528,1648
7.8556,1644
7.8583,1646
7.8611,1642
7.8639,1639
7.8667,1642
7.8694,1638
7.8722,1636
7.8750,1635
7.8778,1648
7.8806,1649
7.8833,1654
7.8861,1656
7.8889,1654
7.8917,1662
7.8944,1665
7.8972,1671
7.9000,1663
7.9028,1644
7.9056,1622
7.9083,1609
7.9111,1565
7.9139,1560
7.9167,1633
7.9194,1768
7.9222,1964
7.9250,2191
7.9278,2429
7.9306,2700
7.9333,2995
7.9361,3295
7.9389,3355
7.9417,3369
7.9444,3378
7.9472,3362
7.9500,3167
7.9528,2713
7.9556,2254
7.9583,1958
7.9611,1801
7.9639,1719
7.9667,1664
7.9694,1620
7.9722,1597
7.9750,1583
7.9778,1586
7.9806,1568
7.9833,1555
7.9861,1530
7.9889,1516
7.9917,1510
7.9944,1514
7.9972,1516
8.0000,1522
8.0028,1508
8.0056,1502
8.0083,1505
8.0111,1509
8.0139,1524
8.0167,1544
8.0194,1540
8.0222,1535
8.0250,1521
8.0278,1520
8.0306,1540
8.0333,1546
8.0361,1561
8.0389,1555
8.0417,1547
8.0444,1540
8.0472,1541
8.0500,1549
8.0528,1569
8.0556,1577
8.0583,1574
8.0611,1580
8.0639,1573
8.0667,1567
8.0694,1562
8.0722,1569
8.0750,1587
8.0778,1603
8.0806,1605
8.0833,1599
8.0861,1595
8.0889,1602
8.0917,1594
8.0944,1604
8.0972,1617
8.1000,1637
8.1028,1650
8.1056,1639
8.1083,1641
8.1111,1643
8.1139,1656
8.1167,1670
8.1194,1693
8.1222,1691
8.1250,1695
8.1278,1692
8.1306,1704
8.1333,1717
8.1361,1743
8.1389,1762
8.1417,1768
8.1444,1768
8.1472,1768
8.1500,1738
8.1528,1743
8.1556,1729
8.1583,1719
8.1611,1706
8.1639,1679
8.1667,1677
8.1694,1671
8.1722,1675
8.1750,1665
8.1778,1669
8.1806,1661
8.1833,1646
8.1861,1645
8.1889,1641
8.1917,1650
8.1944,1673
8.1972,1675
8.2000,1666
8.2028,1643
8.2056,1635
8.2083,1626
8.2111,1626
8.2139,1637
8.2167,1645
8.2194,1660
8.2222,1651
8.2250,1636
8.2278,1634
8.2306,1620
8.2333,1623
8.2361,1623
8.2389,1635
8.2417,1625
8.2444,1629
8.2472,1621
8.2500,1612
8.2528,1619
8.2556,1624
8.2583,1626
8.2611,1631
8.2639,1634
8.2667,1631
8.2694,1621
8.2722,1612
8.2750,1617
8.2778,1628
8.2806,1642
8.2833,1657
8.2861,1653
8.2889,1661
8.2917,1665
8.2944,1663
8.2972,1660
8.3000,1659
8.3028,1667
8.3056,1655
8.3083,1667
8.3111,1682
8.3139,1691
8.3167,1690
8.3194,1687
8.3222,1682
8.3250,1671
8.3278,1664
8.3306,1676
8.3333,1683
8.3361,1686
8.3389,1686
8.3417,1674
8.3444,1664
8.3472,1655
8.3500,1654
8.3528,1654
8.3556,1665
8.3583,1674
8.3611,1679
8.3639,1685
8.3667,1676
8.3694,1671
8.3722,1670
8.3750,1659
8.3778,1665
8.3806,1662
8.3833,1660
8.3861,1660
8.3889,1659
8.3917,1661
8.3944,1665
8.3972,1660
8.4000,1657
8.4028,1662
8.4056,1666
8.4083,1664
8.4111,1654
8.4139,1656
8.4167,1666
8.4194,1672
8.4222,1672
8.4250,1672
8.4278,1662
8.4306,1656
8.4333,1646
8.4361,1647
8.4389,1640
8.4417,1648
8.4444,1655
8.4472,1654
8.4500,1664
8.4528,1666
8.4556,1671
8.4583,1684
8.4611,1684
8.4639,1681
8.4667,1682
8.4694,1679
8.4722,1674
8.4750,1668
8.4778,1663
8.4806,1656
8.4833,1664
8.4861,1658
8.4889,1651
8.4917,1648
8.4944,1659
8.4972,1667
8.5000,1667
8.5028,1680
8.5056,1679
8.5083,1680
8.5111,1679
8.5139,1681
8.5167,1676
8.5194,1675
8.5222,1674
8.5250,1671
8.5278,1667
8.5306,1672
8.5333,1665
8.5361,1668
8.5389,1656
8.5417,1662
8.5444,1663
8.5472,1672
8.5500,1664
8.5528,1667
8.5556,1675
8.5583,1677
8.5611,1670
8.5639,1658
8.5667,1654
8.5694,1661
8.5722,1671
8.5750,1683
8.5778,1687
8.5806,1694
8.5833,1694
8.5861,1699
8.5889,1702
8.5917,1704
8.5944,1698
8.5972,1712
8.6000,1726
8.6028,1762
8.6056,1789
8.6083,1804
8.6111,1799
8.6139,1771
8.6167,1743
8.6194,1714
8.6222,1708
8.6250,1692
8.6278,1693
8.6306,1668
8.6333,1655
8.6361,1647
8.6389,1641
8.6417,1635
8.6444,1628
8.6472,1625
8.6500,1626
8.6528,1632
8.6556,1638
8.6583,1639
8.6611,1646
8.6639,1643
8.6667,1639
8.6694,1635
8.6722,1645
8.6750,1638
8.6778,1643
8.6806,1642
8.6833,1637
8.6861,1646
8.6889,1661
8.6917,1661
8.6944,1670
8.6972,1668
8.7000,1667
8.7028,1658
8.7056,1643
8.7083,1645
8.7111,1644
8.7139,1651
8.7167,1662
8.7194,1675
8.7222,1684
8.7250,1682
8.7278,1687
8.7306,1683
8.7333,1672
8.7361,1649
8.7389,1615
8.7417,1602
8.7444,1682
8.7472,1821
8.7500,2020
8.7528,2247
8.7556,2485
8.7583,2772
8.7611,3059
8.7639,3338
8.7667,3360
8.7694,3366
8.7722,3370
8.7750,3366
8.7778,3199
8.7806,2740
8.7833,2282
8.7861,1968
8.7889,1812
8.7917,1712
8.7944,1668
8.7972,1642
8.8000,1619
8.8028,1597
8.8056,1579
8.8083,1561
8.8111,1530
8.8139,1526
8.8167,1507
8.8194,1519
8.8222,1534
8.8250,1542
8.8278,1537
8.8306,1526
8.8333,1524
8.8361,1515
8.8389,1518
8.8417,1530
8.8444,1558
8.8472,1556
8.8500,1562
8.8528,1556
8.8556,1557
8.8583,1564
8.8611,1580
8.8639,1590
8.8667,1595
8.8694,1588
8.8722,1584
8.8750,1576
8.8778,1566
8.8806,1587
8.8833,1598
8.8861,1604
8.8889,1598
8.8917,1600
8.8944,1584
8.8972,1598
8.9000,1606
8.9028,1609
8.9056,1617
8.9083,1611
8.9111,1605
8.9139,1612
8.9167,1623
8.9194,1636
8.9222,1646
8.9250,1654
8.9278,1651
8.9306,1640
8.9333,1649
8.9361,1651
8.9389,1658
8.9417,1685
8.9444,1698
8.9472,1701
8.9500,1696
8.9528,1694
8.9556,1825
8.9583,1820
8.9611,1806
8.9639,1817
8.9667,1811
8.9694,1801
8.9722,1785
8.9750,1768
8.9778,1751
8.9806,1752
8.9833,1762
8.9861,1762
8.9889,1754
8.9917,1739
8.9944,1717
8.9972,1699
9.0000,1686
9.0028,1679
9.0056,1673
9.0083,1655
9.0111,1651
9.0139,1643
9.0167,1647
9.0194,1651
9.0222,1661
9.0250,1651
9.0278,1650
9.0306,1641
9.0333,1623
9.0361,1620
9.0389,1623
9.0417,1622
9.0444,1633
9.0472,1646
9.0500,1664
9.0528,1657
9.0556,1653
9.0583,1655
9.0611,1644
9.0639,1648
9.0667,1642
9.0694,1644
9.0722,1637
9.0750,1652
9.0778,1665
9.0806,1673
9.0833,1674
9.0861,1686
9.0889,1698
9.0917,1675
9.0944,1660
9.0972,1660
9.1000,1656
9.1028,1657
9.1056,1665
9.1083,1672
9.1111,1658
9.1139,1660
9.1167,1673
9.1194,1684
9.1222,1686
9.1250,1692
9.1278,1701
9.1306,1702
9.1333,1701
9.1361,1685
9.1389,1690
9.1417,1696
9.1444,1703
9.1472,1708
9.1500,1708
9.1528,1697
9.1556,1684
9.1583,1681
9.1611,1688
9.1639,1704
9.1667,1708
9.1694,1713
9.1722,1708
9.1750,1686
9.1778,1687
9.1806,1686
9.1833,1695
9.1861,1696
9.1889,1706
9.1917,1695
9.1944,1702
9.1972,1687
9.2000,1692
9.2028,1698
9.2056,1703
9.2083,1716
9.2111,1713
9.2139,1716
9.2167,1709
9.2194,1706
9.2222,1701
9.2250,1708
9.2278,1708
9.2306,1698
9.2333,1698
9.2361,1700
9.2389,1701
9.2417,1700
9.2444,1711
9.2472,1720
9.2500,1714
9.2528,1714
9.2556,1716
9.2583,1700
9.2611,1707
9.2639,1712
9.2667,1709
9.2694,1714
9.2722,1709
9.2750,1698
9.2778,1690
9.2806,1688
9.2833,1703
9.2861,1718
9.2889,1722
9.2917,1720
9.2944,1717
9.2972,1699
9.3000,1699
9.3028,1708
9.3056,1704
9.3083,1713
9.3111,1703
9.3139,1697
9.3167,1693
9.3194,1690
9.3222,1695
9.3250,1698
9.3278,1713
9.3306,1714
9.3333,1716
9.3361,1709
9.3389,1694
9.3417,1695
9.3444,1700
9.3472,1714
9.3500,1702
9.3528,1701
9.3556,1704
9.3583,1708
9.3611,1712
9.3639,1708
9.3667,1703
9.3694,1710
9.3722,1707
9.3750,1713
9.3778,1717
9.3806,1718
9.3833,1707
9.3861,1716
9.3889,1723
9.3917,1734
9.3944,1732
9.3972,1738
9.4000,1737
9.4028,1733
9.4056,1723
9.4083,1721
9.4111,1710
9.4139,1713
9.4167,1726
9.4194,1742
9.4222,1759
9.4250,1764
9.4278,1764
9.4306,1758
9.4333,1757
9.4361,1758
9.4389,1768
9.4417,1800
9.4444,1830
9.4472,1871
9.4500,1874
9.4528,1875
9.4556,1861
9.4583,1845
9.4611,1830
9.4639,1807
9.4667,1807
9.4694,1797
9.4722,1781
9.4750,1775
9.4778,1764
9.4806,1757
9.4833,1736
9.4861,1724
9.4889,1710
9.4917,1722
9.4944,1727
9.4972,1736
9.5000,1745
9.5028,1743
9.5056,1740
9.5083,1731
9.5111,1722
9.5139,1712
9.5167,1719
9.5194,1721
9.5222,1747
9.5250,1756
9.5278,1766
9.5306,1765
9.5333,1762
9.5361,1759
9.5389,1750
9.5417,1752
9.5444,1745
9.5472,1749
9.5500,1750
9.5528,1753
9.5556,1739
9.5583,1744
9.5611,1745
9.5639,1759
9.5667,1760
9.5694,1764
9.5722,1763
9.5750,1754
9.5778,1726
9.5806,1686
9.5833,1665
9.5861,1719
9.5889,1843
9.5917,2032
9.5944,2250
9.5972,2479
9.6000,2737
9.6028,3028
9.6056,3316
9.6083,3354
9.6111,3366
9.6139,3368
9.6167,3380
9.6194,3343
9.6222,3016
9.6250,2553
9.6278,2186
9.6306,1947
9.6333,1809
9.6361,1729
9.6389,1689
9.6417,1667
9.6444,1655
9.6472,1647
9.6500,1627
9.6528,1610
9.6556,1592
9.6583,1571
9.6611,1572
9.6639,1590
9.6667,1599
9.6694,1611
9.6722,1619
9.6750,1599
9.6778,1581
9.6806,1577
9.6833,1585
9.6861,1591
9.6889,1602
9.6917,1599
9.6944,1589
9.6972,1588
9.7000,1594
9.7028,1616
9.7056,1632
9.7083,1643
9.7111,1642
9.7139,1637
9.7167,1619
9.7194,1609
9.7222,1619
9.7250,1645
9.7278,1657
9.7306,1672
9.7333,1677
9.7361,1679
9.7389,1671
9.7417,1679
9.7444,1683
9.7472,1704
9.7500,1715
9.7528,1722
9.7556,1715
9.7583,1713
9.7611,1694
9.7639,1711
9.7667,1721
9.7694,1726
9.7722,1731
9.7750,1728
9.7778,1724
9.7806,1731
9.7833,1741
9.7861,1759
9.7889,1762
9.7917,1767
9.7944,1773
9.7972,1766
9.8000,1786
9.8028,1791
9.8056,1806
9.8083,1818
9.8111,1842
9.8139,1851
9.8167,1851
9.8194,1853
9.8222,1809
9.8250,1808
9.8278,1807
9.8306,1806
9.8333,1798
9.8361,1779
9.8389,1760
9.8417,1755
9.8444,1757
9.8472,1757
9.8500,1741
9.8528,1731
9.8556,1730
9.8583,1724
9.8611,1733
9.8639,1748
9.8667,1754
9.8694,1755
9.8722,1740
9.8750,1725
9.8778,1712
9.8806,1714
9.8833,1705
9.8861,1708
9.8889,1702
9.8917,1707
9.8944,1708
9.8972,1726
9.9000,1725
9.9028,1728
9.9056,1725
9.9083,1721
9.9111,1703
9.9139,1703
9.9167,1690
9.9194,1694
9.9222,1689
9.9250,1704
9.9278,1706
9.9306,1706
9.9333,1718
9.9361,1718
9.9389,1715
9.9417,1712
9.9444,1724
9.9472,1717
9.9500,1713
9.9528,1716
9.9556,1714
9.9583,1728
9.9611,1739
9.9639,1758
9.9667,1770
9.9694,1780
9.9722,1765
9.9750,1754
9.9778,1758
9.9806,1752
9.9833,1756
9.9861,1764
9.9889,1770
9.9917,1773
9.9944,1778
9.9972,1777
10.0000,1756
10.0028,1742
10.0056,1746
10.0083,1745
10.0111,1745
10.0139,1749
10.0167,1759
10.0194,1770
10.0222,1763
10.0250,1761
10.0278,1757
10.0306,1758
10.0333,1752
10.0361,1743
10.0389,1745
10.0417,1741
10.0444,1750
10.0472,1749
10.0500,1747
10.0528,1740
10.0556,1738
10.0583,1737
10.0611,1730
10.0639,1724
10.0667,1732
10.0694,1726
10.0722,1735
10.0750,1731
10.0778,1722
10.0806,1712
10.0833,1709
10.0861,1712
10.0889,1718
10.0917,1718
10.0944,1730
10.0972,1735
10.1000,1730
10.1028,1729
10.1056,1732
10.1083,1722
10.1111,1719
10.1139,1711
10.1167,1710
10.1194,1709
10.1222,1715
10.1250,1721
10.1278,1730
10.1306,1744
10.1333,1738
10.1361,1724
10.1389,1709
10.1417,1703
10.1444,1703
10.1472,1712
10.1500,1716
10.1528,1713
10.1556,1707
10.1583,1698
10.1611,1703
10.1639,1702
10.1667,1712
10.1694,1712
10.1722,1726
10.1750,1720
10.1778,1711
10.1806,1710
10.1833,1701
10.1861,1702
10.1889,1701
10.1917,1692
10.1944,1693
10.1972,1696
10.2000,1687
10.2028,1697
10.2056,1692
10.2083,1697
10.2111,1707
10.2139,1704
10.2167,1697
10.2194,1709
10.2222,1718
10.2250,1730
10.2278,1730
10.2306,1728
10.2333,1737
10.2361,1745
10.2389,1767
10.2417,1805
10.2444,1826
10.2472,1834
10.2500,1829
10.2528,1811
10.2556,1786
10.2583,1756
10.2611,1738
10.2639,1713
10.2667,1710
10.2694,1697
10.2722,1692
10.2750,1672
10.2778,1671
10.2806,1657
10.2833,1653
10.2861,1657
10.2889,1670
10.2917,1673
10.2944,1674
10.2972,1667
10.3000,1666
10.3028,1673
10.3056,1680
10.3083,1686
10.3111,1683
10.3139,1688
10.3167,1678
10.3194,1669
10.3222,1668
10.3250,1660
10.3278,1661
10.3306,1662
10.3333,1668
10.3361,1670
10.3389,1664
10.3417,1676
10.3444,1694
10.3472,1700
10.3500,1689
10.3528,1688
10.3556,1670
10.3583,1663
10.3611,1666
10.3639,1658
10.3667,1648
10.3694,1650
10.3722,1646
10.3750,1617
10.3778,1591
10.3806,1627
10.3833,1728
10.3861,1904
10.3889,2107
10.3917,2320
10.3944,2568
10.3972,2847
10.4000,3155
10.4028,3355
10.4056,3358
10.4083,3368
10.4111,3365
10.4139,3265
10.4167,2839
10.4194,2370
10.4222,2030
10.4250,1844
10.4278,1758
10.4306,1721
10.4333,1679
10.4361,1642
10.4389,1610
10.4417,1570
10.4444,1538
10.4472,1505
10.4500,1510
10.4528,1509
10.4556,1505
10.4583,1515
10.4611,1516
10.4639,1514
10.4667,1499
10.4694,1484
10.4722,1481
10.4750,1488
10.4778,1502
10.4806,1511
10.4833,1519
10.4861,1520
10.4889,1516
10.4917,1520
10.4944,1523
10.4972,1536
10.5000,1553
10.5028,1558
10.5056,1551
10.5083,1541
10.5111,1533
10.5139,1533
10.5167,1555
10.5194,1563
10.5222,1589
10.5250,1581
10.5278,1572
10.5306,1560
10.5333,1551
10.5361,1560
10.5389,1569
10.5417,1569
10.5444,1579
10.5472,1572
10.5500,1578
10.5528,1583
10.5556,1593
10.5583,1596
10.5611,1616
10.5639,1611
10.5667,1616
10.5694,1610
10.5722,1612
10.5750,1619
10.5778,1614
10.5806,1630
10.5833,1641
10.5861,1643
10.5889,1648
10.5917,1645
10.5944,1655
10.5972,1663
10.6000,1681
10.6028,1697
10.6056,1687
10.6083,1697
10.6111,1695
10.6139,1712
10.6167,1698
10.6194,1706
10.6222,1704
10.6250,1702
10.6278,1688
10.6306,1668
10.6333,1642
10.6361,1641
10.6389,1636
10.6417,1645
10.6444,1642
10.6472,1637
10.6500,1629
10.6528,1615
10.6556,1624
10.6583,1622
10.6611,1621
10.6639,1628
10.6667,1600
10.6694,1585
10.6722,1584
10.6750,1599
10.6778,1615
10.6806,1623
10.6833,1616
10.6861,1606
10.6889,1598
10.6917,1596
10.6944,1599
10.6972,1600
10.7000,1602
10.7028,1612
10.7056,1609
10.7083,1597
10.7111,1600
10.7139,1598
10.7167,1601
10.7194,1621
10.7222,1616
10.7250,1618
10.7278,1610
10.7306,1600
10.7333,1601
10.7361,1605
10.7389,1608
10.7417,1630
10.7444,1631
10.7472,1617
10.7500,1592
10.7528,1590
10.7556,1602
10.7583,1624
10.7611,1637
10.7639,1632
10.7667,1632
10.7694,1610
10.7722,1606
10.7750,1613
10.7778,1633
10.7806,1641
10.7833,1651
10.7861,1644
10.7889,1639
10.7917,1633
10.7944,1628
10.7972,1629
10.8000,1637
10.8028,1635
10.8056,1638
10.8083,1631
10.8111,1619
10.8139,1611
10.8167,1608
10.8194,1607
10.8222,1618
10.8250,1624
10.8278,1626
10.8306,1626
10.8333,1628
10.8361,1630
10.8389,1633
10.8417,1624
10.8444,1633
10.8472,1623
10.8500,1618
10.8528,1607
10.8556,1614
10.8583,1630
10.8611,1622
10.8639,1635
10.8667,1629
10.8694,1623
10.8722,1617
10.8750,1620
10.8778,1630
10.8806,1646
10.8833,1652
10.8861,1656
10.8889,1653
10.8917,1649
10.8944,1649
10.8972,1640
10.9000,1638
10.9028,1641
10.9056,1640
10.9083,1647
10.9111,1648
10.9139,1643
10.9167,1640
10.9194,1637
10.9222,1621
10.9250,1613
10.9278,1611
10.9306,1619
10.9333,1624
10.9361,1640
10.9389,1641
10.9417,1658
10.9444,1667
10.9472,1669
10.9500,1651
10.9528,1648
10.9556,1645
10.9583,1640
10.9611,1634
10.9639,1639
10.9667,1648
10.9694,1648
10.9722,1649
10.9750,1654
10.9778,1649
10.9806,1645
10.9833,1645
10.9861,1651
10.9889,1668
10.9917,1656
10.9944,1649
10.9972,1644
11.0000,1651
11.0028,1654
11.0056,1656
11.0083,1673
11.0111,1678
11.0139,1686
11.0167,1690
11.0194,1687
11.0222,1696
11.0250,1704
11.0278,1723
11.0306,1757
11.0333,1788
11.0361,1803
11.0389,1804
11.0417,1804
11.0444,1793
11.0472,1783
11.0500,1760
11.0528,1723
11.0556,1709
11.0583,1700
11.0611,1688
11.0639,1676
11.0667,1657
11.0694,1635
11.0722,1629
11.0750,1619
11.0778,1628
11.0806,1632
11.0833,1634
11.0861,1635
11.0889,1644
11.0917,1643
11.0944,1640
11.0972,1639
11.1000,1628
11.1028,1627
11.1056,1636
11.1083,1646
11.1111,1653
11.1139,1650
11.1167,1637
11.1194,1618
11.1222,1628
11.1250,1640
11.1278,1643
11.1306,1654
11.1333,1649
11.1361,1658
11.1389,1667
11.1417,1667
11.1444,1665
11.1472,1651
11.1500,1644
11.1528,1638
11.1556,1641
11.1583,1650
11.1611,1650
11.1639,1633
11.1667,1605
11.1694,1582
11.1722,1601
11.1750,1712
11.1778,1868
11.1806,2075
11.1833,2308
11.1861,2556
11.1889,2836
11.1917,3136
11.1944,3350
11.1972,3374
11.2000,3377
11.2028,3360
11.2056,3312
11.2083,2929
11.2111,2432
11.2139,2036
11.2167,1821
11.2194,1705
11.2222,1644
11.2250,1610
11.2278,1586
11.2306,1567
11.2333,1546
11.2361,1529
11.2389,1499
11.2417,1485
11.2444,1471
11.2472,1468
11.2500,1467
11.2528,1482
11.2556,1484
11.2583,1482
11.2611,1469
11.2639,1469
11.2667,1467
11.2694,1478
11.2722,1490
11.2750,1501
11.2778,1499
11.2806,1490
11.2833,1485
11.2861,1479
11.2889,1487
11.2917,1495
11.2944,1507
11.2972,1514
11.3000,1511
11.3028,1507
11.3056,1506
11.3083,1510
11.3111,1523
11.3139,1539
11.3167,1541
11.3194,1539
11.3222,1528
11.3250,1536
11.3278,1544
11.3306,1554
11.3333,1561
11.3361,1563
11.3389,1560
11.3417,1547
11.3444,1547
11.3472,1545
11.3500,1565
11.3528,1583
11.3556,1586
11.3583,1583
11.3611,1570
11.3639,1566
11.3667,1568
11.3694,1574
11.3722,1590
11.3750,1605
11.3778,1594
11.3806,1588
11.3833,1602
11.3861,1623
11.3889,1648
11.3917,1668
11.3944,1679
11.3972,1682
11.4000,1686
11.4028,1690
11.4056,1683
11.4083,1648
11.4111,1656
11.4139,1655
11.4167,1648
11.4194,1648
11.4222,1633
11.4250,1629
11.4278,1616
11.4306,1620
11.4333,1605
11.4361,1607
11.4389,1584
11.4417,1582
11.4444,1577
11.4472,1573
11.4500,1579
11.4528,1582
11.4556,1580
11.4583,1583
11.4611,1568
11.4639,1558
11.4667,1558
11.4694,1557
11.4722,1563
11.4750,1573
11.4778,1578
11.4806,1585
11.4833,1582
11.4861,1575
11.4889,1562
11.4917,1573
11.4944,1573
11.4972,1566
11.5000,1564
11.5028,1546
11.5056,1550
11.5083,1554
11.5111,1560
11.5139,1571
11.5167,1585
11.5194,1585
11.5222,1585
11.5250,1576
11.5278,1569
11.5306,1567
11.5333,1574
11.5361,1578
11.5389,1579
11.5417,1586
11.5444,1583
11.5472,1589
11.5500,1599
11.5528,1600
11.5556,1604
11.5583,1591
11.5611,1577
11.5639,1567
11.5667,1578
11.5694,1595
11.5722,1610
11.5750,1617
11.5778,1612
11.5806,1604
11.5833,1601
11.5861,1592
11.5889,1595
11.5917,1603
11.5944,1620
11.5972,1633
11.6000,1627
11.6028,1628
11.6056,1619
11.6083,1616
11.6111,1624
11.6139,1630
11.6167,1635
11.6194,1630
11.6222,1626
11.6250,1615
11.6278,1609
11.6306,1607
11.6333,1615
11.6361,1624
11.6389,1623
11.6417,1612
11.6444,1606
11.6472,1610
11.6500,1629
11.6528,1626
11.6556,1633
11.6583,1630
11.6611,1621
11.6639,1616
11.6667,1618
11.6694,1629
11.6722,1645
11.6750,1646
11.6778,1646
11.6806,1651
11.6833,1651
11.6861,1645
11.6889,1644
11.6917,1641
11.6944,1631
11.6972,1630
11.7000,1633
11.7028,1651
11.7056,1652
11.7083,1648
11.7111,1654
11.7139,1658
11.7167,1646
11.7194,1639
11.7222,1632
11.7250,1639
11.7278,1637
11.7306,1634
11.7333,1634
11.7361,1628
11.7389,1628
11.7417,1631
11.7444,1624
11.7472,1617
11.7500,1623
11.7528,1629
11.7556,1628
11.7583,1635
11.7611,1632
11.7639,1633
11.7667,1622
11.7694,1634
11.7722,1632
11.7750,1642
11.7778,1659
11.7806,1667
11.7833,1661
11.7861,1657
11.7889,1657
11.7917,1659
11.7944,1660
11.7972,1666
11.8000,1670
11.8028,1677
11.8056,1671
11.8083,1685
11.8111,1706
11.8139,1714
11.8167,1717
11.8194,1711
11.8222,1693
11.8250,1691
11.8278,1698
11.8306,1708
11.8333,1717
11.8361,1732
11.8389,1753
11.8417,1771
11.8444,1797
11.8472,1809
11.8500,1800
11.8528,1795
11.8556,1787
11.8583,1763
11.8611,1742
11.8639,1718
11.8667,1693
11.8694,1683
11.8722,1667
11.8750,1658
11.8778,1661
11.8806,1653
11.8833,1659
11.8861,1663
11.8889,1668
11.8917,1668
11.8944,1665
11.8972,1671
11.9000,1672
11.9028,1677
11.9056,1675
11.9083,1656
11.9111,1660
11.9139,1669
11.9167,1669
11.9194,1658
11.9222,1658
11.9250,1651
11.9278,1650
11.9306,1654
11.9333,1655
11.9361,1658
11.9389,1672
11.9417,1683
11.9444,1692
11.9472,1686
11.9500,1707
11.9528,1704
11.9556,1709
11.9583,1706
11.9611,1691
11.9639,1697
11.9667,1702
11.9694,1696
11.9722,1678
11.9750,1663
11.9778,1626
11.9806,1611
11.9833,1650
11.9861,1777
11.9889,1959
11.9917,2177
11.9944,2418
11.9972,2672
12.0000,2959
12.0028,3267
12.0056,3366
12.0083,3372
12.0111,3369
12.0139,3365
12.0167,3339
12.0194,3002
12.0222,2516
12.0250,2146
12.0278,1887
12.0306,1734
12.0333,1654
12.0361,1625
12.0389,1610
12.0417,1604
12.0444,1602
12.0472,1589
12.0500,1555
12.0528,1523
12.0556,1510
12.0583,1515
12.0611,1524
12.0639,1536
12.0667,1545
12.0694,1549
12.0722,1531
12.0750,1522
12.0778,1512
12.0806,1504
12.0833,1516
12.0861,1520
12.0889,1531
12.0917,1528
12.0944,1521
12.0972,1522
12.1000,1533
12.1028,1545
12.1056,1557
12.1083,1567
12.1111,1562
12.1139,1544
12.1167,1542
12.1194,1547
12.1222,1566
12.1250,1592
12.1278,1601
12.1306,1606
12.1333,1620
12.1361,1608
12.1389,1598
12.1417,1602
12.1444,1614
12.1472,1627
12.1500,1631
12.1528,1630
12.1556,1639
12.1583,1648
12.1611,1653
12.1639,1656
12.1667,1668
12.1694,1674
12.1722,1663
12.1750,1671
12.1778,1684
12.1806,1689
12.1833,1711
12.1861,1717
12.1889,1741
12.1917,1748
12.1944,1739
12.1972,1728
12.2000,1740
12.2028,1773
12.2056,1792
12.2083,1813
12.2111,1822
12.2139,1824
12.2167,1825
12.2194,1784
12.2222,1795
12.2250,1787
12.2278,1778
12.2306,1768
12.2333,1768
12.2361,1756
12.2389,1741
12.2417,1741
12.2444,1729
12.2472,1720
12.2500,1720
12.2528,1708
12.2556,1702
12.2583,1703
12.2611,1703
12.2639,1696
12.2667,1714
12.2694,1706
12.2722,1691
12.2750,1679
12.2778,1668
12.2806,1658
12.2833,1659
12.2861,1673
12.2889,1680
12.2917,1681
12.2944,1678
12.2972,1683
12.3000,1687
12.3028,1698
12.3056,1693
12.3083,1686
12.3111,1680
12.3139,1678
12.3167,1671
12.3194,1656
12.3222,1660
12.3250,1658
12.3278,1653
12.3306,1651
12.3333,1670
12.3361,1667
12.3389,1658
12.3417,1666
12.3444,1669
12.3472,1671
12.3500,1662
12.3528,1655
12.3556,1655
12.3583,1655
12.3611,1658
12.3639,1656
12.3667,1668
12.3694,1654
12.3722,1657
12.3750,1646
12.3778,1649
12.3806,1660
12.3833,1678
12.3861,1679
12.3889,1685
12.3917,1689
12.3944,1693
12.3972,1701
12.4000,1707
12.4028,1712
12.4056,1716
12.4083,1721
12.4111,1713
12.4139,1712
12.4167,1714
12.4194,1713
12.4222,1712
12.4250,1715
12.4278,1712
12.4306,1701
12.4333,1709
12.4361,1696
12.4389,1688
12.4417,1685
12.4444,1685
12.4472,1694
12.4500,1697
12.4528,1702
12.4556,1691
12.4583,1694
12.4611,1689
12.4639,1689
12.4667,1681
12.4694,1674
12.4722,1666
12.4750,1649
12.4778,1651
12.4806,1665
12.4833,1676
12.4861,1689
12.4889,1695
12.4917,1700
12.4944,1696
12.4972,1683
12.5000,1681
12.5028,1685
12.5056,1684
12.5083,1690
12.5111,1677
12.5139,1662
12.5167,1648
12.5194,1660
12.5222,1674
12.5250,1690
12.5278,1684
12.5306,1685
12.5333,1681
12.5361,1681
12.5389,1678
12.5417,1673
12.5444,1679
12.5472,1676
12.5500,1689
12.5528,1691
12.5556,1691
12.5583,1687
12.5611,1690
12.5639,1686
12.5667,1689
12.5694,1687
12.5722,1692
12.5750,1687
12.5778,1679
12.5806,1691
12.5833,1701
12.5861,1702
12.5889,1710
12.5917,1705
12.5944,1704
12.5972,1709
12.6000,1710
12.6028,1717
12.6056,1731
12.6083,1725
12.6111,1728
12.6139,1718
12.6167,1710
12.6194,1713
12.6222,1729
12.6250,1726
12.6278,1726
12.6306,1730
12.6333,1736
12.6361,1743
12.6389,1750
12.6417,1754
12.6444,1761
12.6472,1756
12.6500,1751
12.6528,1759
12.6556,1761
12.6583,1761
12.6611,1759
12.6639,1742
12.6667,1752
12.6694,1763
12.6722,1777
12.6750,1792
12.6778,1819
12.6806,1859
12.6833,1877
12.6861,1884
12.6889,1869
12.6917,1855
12.6944,1825
12.6972,1792
12.7000,1772
12.7028,1766
12.7056,1766
12.7083,1769
12.7111,1759
12.7139,1752
12.7167,1743
12.7194,1744
12.7222,1728
12.7250,1728
12.7278,1736
12.7306,1735
12.7333,1748
12.7361,1750
12.7389,1748
12.7417,1738
12.7444,1734
12.7472,1726
12.7500,1728
12.7528,1727
12.7556,1727
12.7583,1725
12.7611,1722
12.7639,1722
12.7667,1737
12.7694,1734
12.7722,1751
12.7750,1755
12.7778,1753
12.7806,1748
12.7833,1757
12.7861,1753
12.7889,1754
12.7917,1754
12.7944,1752
12.7972,1753
12.8000,1758
12.8028,1763
12.8056,1761
12.8083,1743
12.8111,1714
12.8139,1681
12.8167,1651
12.8194,1649
12.8222,1728
12.8250,1865
12.8278,2077
12.8306,2306
12.8333,2555
12.8361,2823
12.8389,3114
12.8417,3351
12.8444,3368
12.8472,3368
12.8500,3372
12.8528,3360
12.8556,3220
12.8583,2790
12.8611,2332
12.8639,2031
12.8667,1865
12.8694,1771
12.8722,1708
12.8750,1665
12.8778,1646
12.8806,1634
12.8833,1606
12.8861,1580
12.8889,1571
12.8917,1548
12.8944,1534
12.8972,1544
12.9000,1555
12.9028,1567
12.9056,1571
12.9083,1563
12.9111,1555
12.9139,1544
12.9167,1549
12.9194,1565
12.9222,1576
12.9250,1588
12.9278,1583
12.9306,1580
12.9333,1573
12.9361,1573
12.9389,1589
12.9417,1609
12.9444,1627
12.9472,1631
12.9500,1624
12.9528,1619
12.9556,1609
12.9583,1616
12.9611,1632
12.9639,1637
12.9667,1648
12.9694,1641
12.9722,1636
12.9750,1645
12.9778,1651
12.9806,1671
12.9833,1678
12.9861,1674
12.9889,1663
12.9917,1659
12.9944,1649
12.9972,1667
13.0000,1690
13.0028,1706
13.0056,1723
13.0083,1726
13.0111,1714
13.0139,1711
13.0167,1720
13.0194,1721
13.0222,1735
13.0250,1751
13.0278,1763
13.0306,1758
13.0333,1759
13.0361,1760
13.0389,1761
13.0417,1761
13.0444,1770
13.0472,1786
13.0500,1802
13.0528,1816
13.0556,1828
13.0583,1765
13.0611,1771
13.0639,1777
13.0667,1768
13.0694,1757
13.0722,1743
13.0750,1731
13.0778,1726
13.0806,1718
13.0833,1720
13.0861,1714
13.0889,1696
13.0917,1688
13.0944,1688
13.0972,1686
13.1000,1697
13.1028,1689
13.1056,1680
13.1083,1660
13.1111,1648
13.1139,1642
13.1167,1633
13.1194,1641
13.1222,1662
13.1250,1678
13.1278,1677
13.1306,1672
13.1333,1669
13.1361,1670
13.1389,1664
13.1417,1668
13.1444,1668
13.1472,1671
13.1500,1663
13.1528,1659
13.1556,1666
13.1583,1678
13.1611,1689
13.1639,1696
13.1667,1683
13.1694,1677
13.1722,1666
13.1750,1664
13.1778,1662
13.1806,1674
13.1833,1683
13.1861,1691
13.1889,1694
13.1917,1686
13.1944,1678
13.1972,1694
13.2000,1699
13.2028,1708
13.2056,1708
13.2083,1704
13.2111,1690
13.2139,1690
13.2167,1693
13.2194,1694
13.2222,1705
13.2250,1708
13.2278,1718
13.2306,1722
13.2333,1729
13.2361,1734
13.2389,1744
13.2417,1741
13.2444,1743
13.2472,1721
13.2500,1736
13.2528,1731
13.2556,1739
13.2583,1743
13.2611,1744
13.2639,1749
13.2667,1747
13.2694,1740
13.2722,1735
13.2750,1737
13.2778,1734
13.2806,1728
13.2833,1733
13.2861,1727
13.2889,1726
13.2917,1726
13.2944,1729
13.2972,1725
13.3000,1726
13.3028,1726
13.3056,1705
13.3083,1697
13.3111,1693
13.3139,1703
13.3167,1715
13.3194,1727
13.3222,1734
13.3250,1736
13.3278,1730
13.3306,1721
13.3333,1707
13.3361,1709
13.3389,1719
13.3417,1716
13.3444,1721
13.3472,1718
13.3500,1719
13.3528,1714
13.3556,1710
13.3583,1716
13.3611,1727
13.3639,1735
13.3667,1734
13.3694,1739
13.3722,1749
13.3750,1744
13.3778,1741
13.3806,1736
13.3833,1738
13.3861,1739
13.3889,1738
13.3917,1740
13.3944,1739
13.3972,1749
13.4000,1746
13.4028,1752
13.4056,1743
13.4083,1744
13.4111,1749
13.4139,1757
13.4167,1760
13.4194,1762
13.4222,1759
13.4250,1755
13.4278,1747
13.4306,1745
13.4333,1734
13.4361,1740
13.4389,1742
13.4417,1751
13.4444,1748
13.4472,1741
13.4500,1741
13.4528,1739
13.4556,1754
13.4583,1766
13.4611,1777
13.4639,1781
13.4667,1783
13.4694,1794
13.4722,1797
13.4750,1797
13.4778,1805
13.4806,1809
13.4833,1805
13.4861,1816
13.4889,1841
13.4917,1867
13.4944,1900
13.4972,1919
13.5000,1923
13.5028,1900
13.5056,1862
13.5083,1835
13.5111,1811
13.5139,1799
13.5167,1792
13.5194,1787
13.5222,1790
13.5250,1784
13.5278,1783
13.5306,1761
13.5333,1748
13.5361,1742
13.5389,1740
13.5417,1736
13.5444,1750
13.5472,1749
13.5500,1744
13.5528,1744
13.5556,1753
13.5583,1736
13.5611,1732
13.5639,1726
13.5667,1714
13.5694,1714
13.5722,1730
13.5750,1744
13.5778,1747
13.5806,1746
13.5833,1741
13.5861,1740
13.5889,1730
13.5917,1736
13.5944,1738
13.5972,1748
13.6000,1757
13.6028,1769
13.6056,1778
13.6083,1776
13.6111,1770
13.6139,1754
13.6167,1730
13.6194,1718
13.6222,1723
13.6250,1706
13.6278,1681
13.6306,1651
13.6333,1688
13.6361,1795
13.6389,1960
13.6417,2164
13.6444,2374
13.6472,2597
13.6500,2888
13.6528,3177
13.6556,3355
13.6583,3360
13.6611,3364
13.6639,3370
13.6667,3339
13.6694,2978
13.6722,2498
13.6750,2132
13.6778,1929
13.6806,1828
13.6833,1769
13.6861,1714
13.6889,1675
13.6917,1634
13.6944,1598
13.6972,1578
13.7000,1554
13.7028,1540
13.7056,1536
13.7083,1550
13.7111,1569
13.7139,1581
13.7167,1586
13.7194,1583
13.7222,1575
13.7250,1564
13.7278,1560
13.7306,1572
13.7333,1590
13.7361,1600
13.7389,1602
13.7417,1586
13.7444,1570
13.7472,1558
13.7500,1551
13.7528,1565
13.7556,1588
13.7583,1591
13.7611,1593
13.7639,1592
13.7667,1589
13.7694,1604
13.7722,1620
13.7750,1624
13.7778,1621
13.7806,1614
13.7833,1612
13.7861,1612
13.7889,1621
13.7917,1626
13.7944,1624
13.7972,1631
13.8000,1631
13.8028,1633
13.8056,1638
13.8083,1650
13.8111,1664
13.8139,1671
13.8167,1675
13.8194,1673
13.8222,1677
13.8250,1667
13.8278,1659
13.8306,1667
13.8333,1688
13.8361,1710
13.8389,1719
13.8417,1700
13.8444,1692
13.8472,1693
13.8500,1706
13.8528,1728
13.8556,1738
13.8583,1747
13.8611,1752
13.8639,1760
13.8667,1757
13.8694,1726
13.8722,1732
13.8750,1714
13.8778,1695
13.8806,1679
13.8833,1669
13.8861,1662
13.8889,1646
13.8917,1654
13.8944,1651
13.8972,1652
13.9000,1641
13.9028,1638
13.9056,1634
13.9083,1632
13.9111,1619
13.9139,1616
13.9167,1604
13.9194,1589
13.9222,1583
13.9250,1572
13.9278,1579
13.9306,1591
13.9333,1602
13.9361,1602
13.9389,1600
13.9417,1589
13.9444,1577
13.9472,1580
13.9500,1589
13.9528,1599
13.9556,1617
13.9583,1594
13.9611,1580
13.9639,1572
13.9667,1570
13.9694,1568
13.9722,1579
13.9750,1578
13.9778,1579
13.9806,1587
13.9833,1585
13.9861,1586
13.9889,1596
13.9917,1596
13.9944,1597
13.9972,1593
14.0000,1593
14.0028,1591
14.0056,1609
14.0083,1619
14.0111,1617
14.0139,1610
14.0167,1601
14.0194,1595
14.0222,1602
14.0250,1607
14.0278,1604
14.0306,1602
14.0333,1611
14.0361,1617
14.0389,1601
14.0417,1616
14.0444,1606
14.0472,1604
14.0500,1604
14.0528,1604
14.0556,1611
14.0583,1618
14.0611,1610
14.0639,1621
14.0667,1623
14.0694,1642
14.0722,1650
14.0750,1653
14.0778,1647
14.0806,1635
14.0833,1630
14.0861,1623
14.0889,1620
14.0917,1622
14.0944,1631
14.0972,1645
14.1000,1647
14.1028,1651
14.1056,1654
14.1083,1637
14.1111,1640
14.1139,1629
14.1167,1642
14.1194,1631
14.1222,1630
14.1250,1614
14.1278,1611
14.1306,1623
14.1333,1627
14.1361,1624
14.1389,1636
14.1417,1634
14.1444,1629
14.1472,1621
14.1500,1627
14.1528,1624
14.1556,1624
14.1583,1635
14.1611,1638
14.1639,1640
14.1667,1633
14.1694,1633
14.1722,1626
14.1750,1622
14.1778,1616
14.1806,1624
14.1833,1622
14.1861,1627
14.1889,1629
14.1917,1628
14.1944,1632
14.1972,1630
14.2000,1631
14.2028,1624
14.2056,1637
14.2083,1641
14.2111,1645
14.2139,1637
14.2167,1637
14.2194,1627
14.2222,1622
14.2250,1616
14.2278,1614
14.2306,1624
14.2333,1637
14.2361,1650
14.2389,1645
14.2417,1640
14.2444,1631
14.2472,1640
14.2500,1649
14.2528,1660
14.2556,1669
14.2583,1666
14.2611,1678
14.2639,1678
14.2667,1675
14.2694,1674
14.2722,1674
14.2750,1678
14.2778,1679
14.2806,1695
14.2833,1717
14.2861,1750
14.2889,1771
14.2917,1781
14.2944,1781
14.2972,1777
14.3000,1738
14.3028,1711
14.3056,1712
14.3083,1691
14.3111,1689
14.3139,1675
14.3167,1670
14.3194,1661
14.3222,1652
14.3250,1657
14.3278,1648
14.3306,1634
14.3333,1633
14.3361,1628
14.3389,1616
14.3417,1609
14.3444,1601
14.3472,1602
14.3500,1618
14.3528,1636
14.3556,1650
14.3583,1657
14.3611,1649
14.3639,1644
14.3667,1641
14.3694,1633
14.3722,1629
14.3750,1639
14.3778,1655
14.3806,1653
14.3833,1651
14.3861,1642
14.3889,1645
14.3917,1651
14.3944,1655
14.3972,1659
14.4000,1661
14.4028,1663
14.4056,1667
14.4083,1672
14.4111,1665
14.4139,1659
14.4167,1654
14.4194,1635
14.4222,1596
14.4250,1588
14.4278,1615
14.4306,1733
14.4333,1908
14.4361,2121
14.4389,2337
14.4417,2592
14.4444,2864
14.4472,3167
14.4500,3362
14.4528,3364
14.4556,3366
14.4583,3369
14.4611,3286
14.4639,2887
14.4667,2407
14.4694,2038
14.4722,1845
14.4750,1732
14.4778,1674
14.4806,1634
14.4833,1600
14.4861,1567
14.4889,1550
14.4917,1526
14.4944,1497
14.4972,1477
14.5000,1462
14.5028,1469
14.5056,1472
14.5083,1480
14.5111,1484
14.5139,1469
14.5167,1470
14.5194,1458
14.5222,1474
14.5250,1484
14.5278,1498
14.5306,1501
14.5333,1500
14.5361,1489
14.5389,1486
14.5417,1491
14.5444,1507
14.5472,1523
14.5500,1523
14.5528,1528
14.5556,1529
14.5583,1529
14.5611,1532
14.5639,1542
14.5667,1556
14.5694,1568
14.5722,1574
14.5750,1557
14.5778,1554
14.5806,1548
14.5833,1565
14.5861,1592
14.5889,1601
14.5917,1611
14.5944,1607
14.5972,1609
14.6000,1603
14.6028,1599
14.6056,1608
14.6083,1612
14.6111,1627
14.6139,1625
14.6167,1623
14.6194,1630
14.6222,1629
14.6250,1636
14.6278,1636
14.6306,1649
14.6333,1644
14.6361,1643
14.6389,1646
14.6417,1658
14.6444,1680
14.6472,1694
14.6500,1704
14.6528,1704
14.6556,1714
14.6583,1719
14.6611,1724
14.6639,1688
14.6667,1691
14.6694,1686
14.6722,1687
14.6750,1681
14.6778,1664
14.6806,1651
14.6833,1637
14.6861,1635
14.6889,1636
14.6917,1630
14.6944,1620
14.6972,1627
14.7000,1627
14.7028,1632
14.7056,1648
14.7083,1650
14.7111,1641
14.7139,1626
14.7167,1612
14.7194,1606
14.7222,1598
14.7250,1596
14.7278,1600
14.7306,1609
14.7333,1615
14.7361,1623
14.7389,1620
14.7417,1618
14.7444,1618
14.7472,1620
14.7500,1617
14.7528,1619
14.7556,1616
14.7583,1614
14.7611,1611
14.7639,1609
14.7667,1634
14.7694,1633
14.7722,1637
14.7750,1633
14.7778,1634
14.7806,1638
14.7833,1640
14.7861,1649
14.7889,1637
14.7917,1643
14.7944,1642
14.7972,1642
14.8000,1648
14.8028,1656
14.8056,1669
14.8083,1672
14.8111,1665
14.8139,1675
14.8167,1665
14.8194,1661
14.8222,1660
14.8250,1671
14.8278,1684
14.8306,1681
14.8333,1686
14.8361,1682
14.8389,1687
14.8417,1692
14.8444,1695
14.8472,1694
14.8500,1688
14.8528,1690
14.8556,1684
14.8583,1674
14.8611,1672
14.8639,1677
14.8667,1669
14.8694,1673
14.8722,1672
14.8750,1673
14.8778,1655
14.8806,1654
14.8833,1666
14.8861,1681
14.8889,1683
14.8917,1675
14.8944,1660
14.8972,1657
14.9000,1658
14.9028,1659
14.9056,1656
14.9083,1657
14.9111,1657
14.9139,1646
14.9167,1635
14.9194,1632
14.9222,1640
14.9250,1654
14.9278,1661
14.9306,1668
14.9333,1675
14.9361,1668
14.9389,1664
14.9417,1652
14.9444,1657
14.9472,1651
14.9500,1646
14.9528,1645
14.9556,1644
14.9583,1647
14.9611,1661
14.9639,1666
14.9667,1665
14.9694,1654
14.9722,1660
14.9750,1653
14.9778,1649
14.9806,1642
14.9833,1644
14.9861,1646
14.9889,1657
14.9917,1664
14.9944,1661
14.9972,1665
15.0000,1659
15.0028,1673
15.0056,1673
15.0083,1670
15.0111,1657
15.0139,1642
15.0167,1640
15.0194,1647
15.0222,1651
15.0250,1664
15.0278,1662
15.0306,1669
15.0333,1653
15.0361,1645
15.0389,1639
15.0417,1635
15.0444,1640
15.0472,1641
15.0500,1653
15.0528,1654
15.0556,1641
15.0583,1628
15.0611,1626
15.0639,1628
15.0667,1647
15.0694,1649
15.0722,1658
15.0750,1653
15.0778,1657
15.0806,1656
15.0833,1651
15.0861,1647
15.0889,1660
15.0917,1658
15.0944,1659
15.0972,1674
15.1000,1688
15.1028,1700
15.1056,1729
15.1083,1758
15.1111,1781
15.1139,1794
15.1167,1770
15.1194,1750
15.1222,1717
15.1250,1681
15.1278,1666
15.1306,1658
15.1333,1670
15.1361,1667
15.1389,1664
15.1417,1665
15.1444,1652
15.1472,1638
15.1500,1624
15.1528,1620
15.1556,1617
15.1583,1627
15.1611,1613
15.1639,1611
15.1667,1607
15.1694,1614
15.1722,1618
15.1750,1607
15.1778,1602
15.1806,1598
15.1833,1593
15.1861,1591
15.1889,1588
15.1917,1601
15.1944,1606
15.1972,1621
15.2000,1630
15.2028,1629
15.2056,1636
15.2083,1631
15.2111,1627
15.2139,1632
15.2167,1627
15.2194,1634
15.2222,1620
15.2250,1623
15.2278,1625
15.2306,1628
15.2333,1622
15.2361,1624
15.2389,1615
15.2417,1578
15.2444,1552
15.2472,1562
15.2500,1641
15.2528,1806
15.2556,2003
15.2583,2247
15.2611,2491
15.2639,2757
15.2667,3066
15.2694,3344
15.2722,3373
15.2750,3367
15.2778,3365
15.2806,3364
15.2833,3116
15.2861,2633
15.2889,2186
15.2917,1893
15.2944,1740
15.2972,1645
15.3000,1602
15.3028,1584
15.3056,1569
15.3083,1567
15.3111,1546
15.3139,1526
15.3167,1500
15.3194,1470
15.3222,1456
15.3250,1449
15.3278,1462
15.3306,1465
15.3333,1468
15.3361,1468
15.3389,1465
15.3417,1464
15.3444,1464
15.3472,1482
15.3500,1486
15.3528,1501
15.3556,1503
15.3583,1488
15.3611,1484
15.3639,1498
15.3667,1504
15.3694,1502
15.3722,1502
15.3750,1506
15.3778,1501
15.3806,1508
15.3833,1530
15.3861,1542
15.3889,1551
15.3917,1546
15.3944,1532
15.3972,1521
15.4000,1520
15.4028,1537
15.4056,1553
15.4083,1578
15.4111,1584
15.4139,1584
15.4167,1581
15.4194,1577
15.4222,1567
15.4250,1581
15.4278,1592
15.4306,1611
15.4333,1619
15.4361,1625
15.4389,1628
15.4417,1625
15.4444,1638
15.4472,1655
15.4500,1663
15.4528,1676
15.4556,1680
15.4583,1675
15.4611,1669
15.4639,1682
15.4667,1703
15.4694,1716
15.4722,1736
15.4750,1744
15.4778,1739
15.4806,1737
15.4833,1730
15.4861,1733
15.4889,1730
15.4917,1722
15.4944,1711
15.4972,1706
15.5000,1695
15.5028,1687
15.5056,1679
15.5083,1678
15.5111,1677
15.5139,1672
15.5167,1660
15.5194,1649
15.5222,1643
15.5250,1640
15.5278,1647
15.5306,1639
15.5333,1629
15.5361,1619
15.5389,1608
15.5417,1611
15.5444,1631
15.5472,1631
15.5500,1641
15.5528,1643
15.5556,1634
15.5583,1632
15.5611,1633
15.5639,1634
15.5667,1642
15.5694,1657
15.5722,1649
15.5750,1639
15.5778,1631
15.5806,1629
15.5833,1635
15.5861,1636
15.5889,1644
15.5917,1643
15.5944,1649
15.5972,1630
15.6000,1619
15.6028,1613
15.6056,1612
15.6083,1633
15.6111,1624
15.6139,1636
15.6167,1625
15.6194,1621
15.6222,1619
15.6250,1632
15.6278,1634
15.6306,1644
15.6333,1646
15.6361,1650
15.6389,1645
15.6417,1643
15.6444,1645
15.6472,1645
15.6500,1656
15.6528,1666
15.6556,1670
15.6583,1669
15.6611,1663
15.6639,1661
15.6667,1663
15.6694,1658
15.6722,1668
15.6750,1667
15.6778,1667
15.6806,1662
15.6833,1662
15.6861,1654
15.6889,1656
15.6917,1658
15.6944,1656
15.6972,1649
15.7000,1648
15.7028,1636
15.7056,1632
15.7083,1626
15.7111,1615
15.7139,1619
15.7167,1627
15.7194,1628
15.7222,1630
15.7250,1629
15.7278,1628
15.7306,1626
15.7333,1619
15.7361,1614
15.7389,1621
15.7417,1633
15.7444,1629
15.7472,1624
15.7500,1619
15.7528,1629
15.7556,1628
15.7583,1631
15.7611,1638
15.7639,1648
15.7667,1655
15.7694,1663
15.7722,1664
15.7750,1652
15.7778,1634
15.7806,1623
15.7833,1635
15.7861,1623
15.7889,1634
15.7917,1636
15.7944,1634
15.7972,1632
15.8000,1621
15.8028,1627
15.8056,1629
15.8083,1634
15.8111,1641
15.8139,1626
15.8167,1633
15.8194,1633
15.8222,1631
15.8250,1632
15.8278,1640
15.8306,1644
15.8333,1643
15.8361,1632
15.8389,1631
15.8417,1636
15.8444,1638
15.8472,1632
15.8500,1631
15.8528,1624
15.8556,1628
15.8583,1624
15.8611,1612
15.8639,1616
15.8667,1613
15.8694,1623
15.8722,1634
15.8750,1639
15.8778,1644
15.8806,1653
15.8833,1650
15.8861,1644
15.8889,1647
15.8917,1645
15.8944,1647
15.8972,1642
15.9000,1640
15.9028,1643
15.9056,1666
15.9083,1671
15.9111,1690
15.9139,1697
15.9167,1702
15.9194,1710
15.9222,1703
15.9250,1700
15.9278,1695
15.9306,1717
15.9333,1729
15.9361,1755
15.9389,1772
15.9417,1793
15.9444,1793
15.9472,1773
15.9500,1746
15.9528,1717
15.9556,1695
15.9583,1674
15.9611,1661
15.9639,1643
15.9667,1628
15.9694,1625
15.9722,1610
15.9750,1606
15.9778,1587
15.9806,1587
15.9833,1588
15.9861,1589
15.9889,1596
15.9917,1603
15.9944,1610
15.9972,1617
16.0000,1608
16.0028,1607
16.0056,1615
16.0083,1619
16.0111,1620
16.0139,1609
16.0167,1608
16.0194,1613
16.0222,1605
16.0250,1620
16.0278,1625
16.0306,1626
16.0333,1627
16.0361,1626
16.0389,1623
16.0417,1626
16.0444,1620
16.0472,1626
16.0500,1635
16.0528,1641
16.0556,1653
16.0583,1662
16.0611,1666
16.0639,1650
16.0667,1632
16.0694,1603
16.0722,1571
16.0750,1575
16.0778,1649
16.0806,1780
16.0833,1985
16.0861,2198
16.0889,2422
16.0917,2699
16.0944,2989
16.0972,3286
16.1000,3351
16.1028,3353
16.1056,3371
16.1083,3362
16.1111,3145
16.1139,2659
16.1167,2212
16.1194,1922
16.1222,1761
16.1250,1680
16.1278,1646
16.1306,1607
16.1333,1573
16.1361,1547
16.1389,1512
16.1417,1492
16.1444,1473
16.1472,1462
16.1500,1462
16.1528,1477
16.1556,1488
16.1583,1491
16.1611,1480
16.1639,1468
16.1667,1449
16.1694,1459
16.1722,1463
16.1750,1481
16.1778,1486
16.1806,1497
16.1833,1483
16.1861,1471
16.1889,1486
16.1917,1486
16.1944,1505
16.1972,1519
16.2000,1522
16.2028,1515
16.2056,1505
16.2083,1505
16.2111,1510
16.2139,1524
16.2167,1550
16.2194,1560
16.2222,1565
16.2250,1558
16.2278,1554
16.2306,1557
16.2333,1569
16.2361,1575
16.2389,1577
16.2417,1587
16.2444,1587
16.2472,1593
16.2500,1589
16.2528,1599
16.2556,1613
16.2583,1629
16.2611,1636
16.2639,1632
16.2667,1629
16.2694,1640
16.2722,1641
16.2750,1648
16.2778,1653
16.2806,1645
16.2833,1653
16.2861,1660
16.2889,1669
16.2917,1681
16.2944,1701
16.2972,1712
16.3000,1714
16.3028,1710
16.3056,1712
16.3083,1718
16.3111,1770
16.3139,1764
16.3167,1764
16.3194,1746
16.3222,1738
16.3250,1723
16.3278,1713
16.3306,1698
16.3333,1691
16.3361,1684
16.3389,1684
16.3417,1688
16.3444,1674
16.3472,1649
16.3500,1638
16.3528,1633
16.3556,1633
16.3583,1638
16.3611,1643
16.3639,1639
16.3667,1647
16.3694,1650
16.3722,1654
16.3750,1648
16.3778,1651
16.3806,1648
16.3833,1646
16.3861,1652
16.3889,1656
16.3917,1653
16.3944,1660
16.3972,1675
16.4000,1682
16.4028,1691
16.4056,1682
16.4083,1683
16.4111,1670
16.4139,1669
16.4167,1677
16.4194,1673
16.4222,1664
16.4250,1651
16.4278,1649
16.4306,1647
16.4333,1658
16.4361,1670
16.4389,1678
16.4417,1685
16.4444,1689
16.4472,1682
16.4500,1673
16.4528,1670
16.4556,1682
16.4583,1686
16.4611,1694
16.4639,1691
16.4667,1689
16.4694,1676
16.4722,1675
16.4750,1677
16.4778,1685
16.4806,1694
16.4833,1707
16.4861,1708
16.4889,1695
16.4917,1693
16.4944,1687
16.4972,1688
16.5000,1686
16.5028,1685
16.5056,1687
16.5083,1699
16.5111,1703
16.5139,1716
16.5167,1716
16.5194,1713
16.5222,1716
16.5250,1696
16.5278,1695
16.5306,1693
16.5333,1695
16.5361,1699
16.5389,1701
16.5417,1695
16.5444,1688
16.5472,1689
16.5500,1673
16.5528,1665
16.5556,1673
16.5583,1679
16.5611,1677
16.5639,1678
16.5667,1664
16.5694,1653
16.5722,1664
16.5750,1669
16.5778,1682
16.5806,1695
16.5833,1704
16.5861,1699
16.5889,1697
16.5917,1691
16.5944,1678
16.5972,1669
16.6000,1670
16.6028,1677
16.6056,1690
16.6083,1703
16.6111,1718
16.6139,1716
16.6167,1722
16.6194,1711
16.6222,1701
16.6250,1694
16.6278,1686
16.6306,1682
16.6333,1675
16.6361,1677
16.6389,1681
16.6417,1685
16.6444,1682
16.6472,1690
16.6500,1688
16.6528,1688
16.6556,1691
16.6583,1691
16.6611,1690
16.6639,1695
16.6667,1696
16.6694,1709
16.6722,1718
16.6750,1718
16.6778,1724
16.6806,1717
16.6833,1705
16.6861,1678
16.6889,1666
16.6917,1670
16.6944,1686
16.6972,1712
16.7000,1735
16.7028,1764
16.7056,1786
16.7083,1798
16.7111,1823
16.7139,1823
16.7167,1833
16.7194,1825
16.7222,1799
16.7250,1785
16.7278,1775
16.7306,1756
16.7333,1739
16.7361,1743
16.7389,1726
16.7417,1717
16.7444,1694
16.7472,1684
16.7500,1673
16.7528,1665
16.7556,1668
16.7583,1678
16.7611,1685
16.7639,1684
16.7667,1674
16.7694,1668
16.7722,1663
16.7750,1673
16.7778,1682
16.7806,1676
16.7833,1669
16.7861,1676
16.7889,1674
16.7917,1676
16.7944,1671
16.7972,1678
16.8000,1680
16.8028,1671
16.8056,1686
16.8083,1684
16.8111,1696
16.8139,1703
16.8167,1704
16.8194,1693
16.8222,1692
16.8250,1686
16.8278,1691
16.8306,1700
16.8333,1701
16.8361,1713
16.8389,1707
16.8417,1694
16.8444,1680
16.8472,1636
16.8500,1630
16.8528,1693
16.8556,1829
16.8583,2005
16.8611,2209
16.8639,2429
16.8667,2672
16.8694,2959
16.8722,3257
16.8750,3361
16.8778,3366
16.8806,3358
16.8833,3357
16.8861,3214
16.8889,2761
16.8917,2320
16.8944,2013
16.8972,1867
16.9000,1773
16.9028,1715
16.9056,1675
16.9083,1651
16.9111,1637
16.9139,1627
16.9167,1607
16.9194,1586
16.9222,1568
16.9250,1552
16.9278,1540
16.9306,1547
16.9333,1549
16.9361,1543
16.9389,1533
16.9417,1524
16.9444,1532
16.9472,1545
16.9500,1557
16.9528,1565
16.9556,1564
16.9583,1553
16.9611,1547
16.9639,1540
16.9667,1549
16.9694,1550
16.9722,1568
16.9750,1568
16.9778,1569
16.9806,1575
16.9833,1576
16.9861,1576
16.9889,1588
16.9917,1590
16.9944,1601
16.9972,1595
17.0000,1574
17.0028,1571
17.0056,1582
17.0083,1601
17.0111,1623
17.0139,1638
17.0167,1634
17.0194,1632
17.0222,1630
17.0250,1639
17.0278,1641
17.0306,1643
17.0333,1644
17.0361,1651
17.0389,1649
17.0417,1642
17.0444,1646
17.0472,1655
17.0500,1659
17.0528,1665
17.0556,1687
17.0583,1695
17.0611,1694
17.0639,1694
17.0667,1707
17.0694,1713
17.0722,1730
17.0750,1732
17.0778,1727
17.0806,1731
17.0833,1736
17.0861,1746
17.0889,1715
17.0917,1726
17.0944,1714
17.0972,1699
17.1000,1688
17.1028,1682
17.1056,1671
17.1083,1658
17.1111,1657
17.1139,1658
17.1167,1661
17.1194,1642
17.1222,1627
17.1250,1628
17.1278,1625
17.1306,1640
17.1333,1648
17.1361,1649
17.1389,1637
17.1417,1628
17.1444,1612
17.1472,1618
17.1500,1628
17.1528,1630
17.1556,1617
17.1583,1606
17.1611,1591
17.1639,1587
17.1667,1594
17.1694,1612
17.1722,1618
17.1750,1616
17.1778,1601
17.1806,1598
17.1833,1592
17.1861,1599
17.1889,1608
17.1917,1621
17.1944,1628
17.1972,1626
17.2000,1621
17.2028,1626
17.2056,1630
17.2083,1629
17.2111,1637
17.2139,1638
17.2167,1637
17.2194,1641
17.2222,1637
17.2250,1644
17.2278,1645
17.2306,1641
17.2333,1636
17.2361,1638
17.2389,1642
17.2417,1650
17.2444,1646
17.2472,1642
17.2500,1645
17.2528,1651
17.2556,1647
17.2583,1644
17.2611,1637
17.2639,1641
17.2667,1641
17.2694,1641
17.2722,1650
17.2750,1646
17.2778,1659
17.2806,1656
17.2833,1653
17.2861,1648
17.2889,1644
17.2917,1648
17.2944,1651
17.2972,1652
17.3000,1652
17.3028,1644
17.3056,1646
17.3083,1653
17.3111,1657
17.3139,1651
17.3167,1646
17.3194,1648
17.3222,1650
17.3250,1648
17.3278,1645
17.3306,1651
17.3333,1639
17.3361,1643
17.3389,1639
17.3417,1647
17.3444,1626
17.3472,1625
17.3500,1639
17.3528,1639
17.3556,1650
17.3583,1657
17.3611,1650
17.3639,1640
17.3667,1642
17.3694,1629
17.3722,1628
17.3750,1634
17.3778,1635
17.3806,1630
17.3833,1630
17.3861,1634
17.3889,1636
17.3917,1628
17.3944,1639
17.3972,1649
17.4000,1647
17.4028,1654
17.4056,1656
17.4083,1661
17.4111,1660
17.4139,1658
17.4167,1664
17.4194,1668
17.4222,1664
17.4250,1659
17.4278,1662
17.4306,1651
17.4333,1643
17.4361,1637
17.4389,1634
17.4417,1629
17.4444,1631
17.4472,1641
17.4500,1655
17.4528,1656
17.4556,1665
17.4583,1656
17.4611,1655
17.4639,1653
17.4667,1644
17.4694,1650
17.4722,1659
17.4750,1663
17.4778,1658
17.4806,1663
17.4833,1670
17.4861,1710
17.4889,1753
17.4917,1777
17.4944,1795
17.4972,1787
17.5000,1762
17.5028,1742
17.5056,1729
17.5083,1710
17.5111,1699
17.5139,1689
17.5167,1693
17.5194,1690
17.5222,1679
17.5250,1661
17.5278,1651
17.5306,1633
17.5333,1627
17.5361,1634
17.5389,1629
17.5417,1639
17.5444,1630
17.5472,1628
17.5500,1618
17.5528,1619
17.5556,1616
17.5583,1618
17.5611,1618
17.5639,1623
17.5667,1617
17.5694,1621
17.5722,1621
17.5750,1639
17.5778,1647
17.5806,1642
17.5833,1646
17.5861,1644
17.5889,1647
17.5917,1656
17.5944,1651
17.5972,1645
17.6000,1647
17.6028,1633
17.6056,1642
17.6083,1646
17.6111,1650
17.6139,1656
17.6167,1653
17.6194,1656
17.6222,1627
17.6250,1597
17.6278,1578
17.6306,1604
17.6333,1734
17.6361,1904
17.6389,2124
17.6417,2343
17.6444,2614
17.6472,2905
17.6500,3210
17.6528,3369
17.6556,3365
17.6583,3364
17.6611,3364
17.6639,3300
17.6667,2904
17.6694,2408
17.6722,2037
17.6750,1820
17.6778,1700
17.6806,1638
17.6833,1601
17.6861,1584
17.6889,1573
17.6917,1553
17.6944,1534
17.6972,1517
17.7000,1486
17.7028,1473
17.7056,1458
17.7083,1465
17.7111,1483
17.7139,1478
17.7167,1484
17.7194,1461
17.7222,1458
17.7250,1459
17.7278,1474
17.7306,1483
17.7333,1498
17.7361,1513
17.7389,1504
17.7417,1503
17.7444,1496
17.7472,1505
17.7500,1524
17.7528,1522
17.7556,1525
17.7583,1516
17.7611,1513
17.7639,1509
17.7667,1520
17.7694,1551
17.7722,1574
17.7750,1574
17.7778,1567
17.7806,1539
17.7833,1535
17.7861,1523
17.7889,1541
17.7917,1553
17.7944,1564
17.7972,1587
17.8000,1582
17.8028,1587
17.8056,1589
17.8083,1610
17.8111,1618
17.8139,1625
17.8167,1624
17.8194,1630
17.8222,1640
17.8250,1644
17.8278,1645
17.8306,1650
17.8333,1665
17.8361,1669
17.8389,1646
17.8417,1651
17.8444,1655
17.8472,1673
17.8500,1690
17.8528,1692
17.8556,1702
17.8583,1700
17.8611,1717
17.8639,1727
17.8667,1741
17.8694,1746
17.8722,1731
17.8750,1718
17.8778,1695
17.8806,1675
17.8833,1664
17.8861,1652
17.8889,1652
17.8917,1652
17.8944,1638
17.8972,1619
17.9000,1611
17.9028,1609
17.9056,1610
17.9083,1618
17.9111,1615
17.9139,1623
17.9167,1612
17.9194,1617
17.9222,1604
17.9250,1614
17.9278,1615
17.9306,1617
17.9333,1619
17.9361,1622
17.9389,1620
17.9417,1611
17.9444,1603
17.9472,1604
17.9500,1608
17.9528,1611
17.9556,1619
17.9583,1627
17.9611,1627
17.9639,1620
17.9667,1605
17.9694,1603
17.9722,1611
17.9750,1610
17.9778,1613
17.9806,1617
17.9833,1616
17.9861,1627
17.9889,1630
17.9917,1635
17.9944,1640
17.9972,1644
18.0000,1629
18.0028,1632
18.0056,1628
18.0083,1618
18.0111,1625
18.0139,1635
18.0167,1651
18.0194,1653
18.0222,1662
18.0250,1635
18.0278,1631
18.0306,1626
18.0333,1641
18.0361,1643
18.0389,1643
18.0417,1649
18.0444,1666
18.0472,1664
18.0500,1675
18.0528,1679
18.0556,1672
18.0583,1652
18.0611,1636
18.0639,1639
18.0667,1647
18.0694,1644
18.0722,1650
18.0750,1651
18.0778,1657
18.0806,1664
18.0833,1671
18.0861,1666
18.0889,1662
18.0917,1659
18.0944,1646
18.0972,1641
18.1000,1644
18.1028,1643
18.1056,1651
18.1083,1655
18.1111,1663
18.1139,1658
18.1167,1647
18.1194,1637
18.1222,1630
18.1250,1636
18.1278,1644
18.1306,1655
18.1333,1658
18.1361,1657
18.1389,1659
18.1417,1659
18.1444,1651
18.1472,1647
18.1500,1638
18.1528,1636
18.1556,1635
18.1583,1634
18.1611,1631
18.1639,1643
18.1667,1653
18.1694,1672
18.1722,1673
18.1750,1670
18.1778,1675
18.1806,1676
18.1833,1666
18.1861,1660
18.1889,1657
18.1917,1669
18.1944,1673
18.1972,1679
18.2000,1679
18.2028,1677
18.2056,1687
18.2083,1687
18.2111,1682
18.2139,1680
18.2167,1675
18.2194,1678
18.2222,1674
18.2250,1675
18.2278,1692
18.2306,1706
18.2333,1705
18.2361,1710
18.2389,1698
18.2417,1688
18.2444,1684
18.2472,1692
18.2500,1694
18.2528,1703
18.2556,1697
18.2583,1708
18.2611,1716
18.2639,1717
18.2667,1729
18.2694,1735
18.2722,1738
18.2750,1752
18.2778,1756
18.2806,1764
18.2833,1773
18.2861,1796
18.2889,1821
18.2917,1851
18.2944,1874
18.2972,1858
18.3000,1836
18.3028,1806
18.3056,1789
18.3083,1774
18.3111,1769
18.3139,1757
18.3167,1735
18.3194,1721
18.3222,1712
18.3250,1715
18.3278,1701
18.3306,1695
18.3333,1673
18.3361,1674
18.3389,1673
18.3417,1684
18.3444,1687
18.3472,1681
18.3500,1678
18.3528,1674
18.3556,1653
18.3583,1644
18.3611,1649
18.3639,1652
18.3667,1656
18.3694,1667
18.3722,1673
18.3750,1677
18.3778,1673
18.3806,1675
18.3833,1678
18.3861,1686
18.3889,1685
18.3917,1676
18.3944,1676
18.3972,1680
18.4000,1685
18.4028,1676
18.4056,1678
18.4083,1688
18.4111,1695
18.4139,1708
18.4167,1717
18.4194,1712
18.4222,1684
18.4250,1644
18.4278,1612
18.4306,1608
18.4333,1691
18.4361,1843
18.4389,2058
18.4417,2289
18.4444,2537
18.4472,2809
18.4500,3102
18.4528,3359
18.4556,3368
18.4583,3367
18.4611,3366
18.4639,3371
18.4667,3257
18.4694,2834
18.4722,2366
18.4750,2026
18.4778,1839
18.4806,1723
18.4833,1671
18.4861,1640
18.4889,1611
18.4917,1599
18.4944,1578
18.4972,1562
18.5000,1535
18.5028,1513
18.5056,1505
18.5083,1503
18.5111,1522
18.5139,1550
18.5167,1558
18.5194,1553
18.5222,1549
18.5250,1527
18.5278,1525
18.5306,1529
18.5333,1553
18.5361,1569
18.5389,1565
18.5417,1557
18.5444,1543
18.5472,1546
18.5500,1553
18.5528,1572
18.5556,1581
18.5583,1583
18.5611,1591
18.5639,1591
18.5667,1585
18.5694,1590
18.5722,1598
18.5750,1606
18.5778,1622
18.5806,1629
18.5833,1616
18.5861,1610
18.5889,1607
18.5917,1614
18.5944,1622
18.5972,1633
18.6000,1625
18.6028,1616
18.6056,1616
18.6083,1622
18.6111,1638
18.6139,1646
18.6167,1658
18.6194,1654
18.6222,1653
18.6250,1649
18.6278,1653
18.6306,1662
18.6333,1677
18.6361,1688
18.6389,1701
18.6417,1701
18.6444,1710
18.6472,1717
18.6500,1720
18.6528,1730
18.6556,1738
18.6583,1743
18.6611,1746
18.6639,1756
18.6667,1772
18.6694,1751
18.6722,1753
18.6750,1753
18.6778,1746
18.6806,1713
18.6833,1690
18.6861,1681
18.6889,1661
18.6917,1643
18.6944,1645
18.6972,1641
18.7000,1643
18.7028,1626
18.7056,1621
18.7083,1618
18.7111,1622
18.7139,1624
18.7167,1608
18.7194,1601
18.7222,1586
18.7250,1567
18.7278,1576
18.7306,1581
18.7333,1585
18.7361,1595
18.7389,1589
18.7417,1583
18.7444,1567
18.7472,1560
18.7500,1556
18.7528,1566
18.7556,1564
18.7583,1566
18.7611,1561
18.7639,1556
18.7667,1550
18.7694,1562
18.7722,1553
18.7750,1570
18.7778,1559
18.7806,1554
18.7833,1543
18.7861,1532
18.7889,1526
18.7917,1531
18.7944,1531
18.7972,1542
18.8000,1533
18.8028,1513
18.8056,1510
18.8083,1511
18.8111,1536
18.8139,1542
18.8167,1540
18.8194,1542
18.8222,1538
18.8250,1542
18.8278,1545
18.8306,1542
18.8333,1550
18.8361,1554
18.8389,1542
18.8417,1538
18.8444,1526
18.8472,1524
18.8500,1524
18.8528,1528
18.8556,1532
18.8583,1521
18.8611,1512
18.8639,1508
18.8667,1512
18.8694,1517
18.8722,1512
18.8750,1507
18.8778,1506
18.8806,1507
18.8833,1493
18.8861,1492
18.8889,1498
18.8917,1492
18.8944,1492
18.8972,1494
18.9000,1487
18.9028,1483
18.9056,1465
18.9083,1469
18.9111,1473
18.9139,1478
18.9167,1481
18.9194,1467
18.9222,1458
18.9250,1448
18.9278,1445
18.9306,1432
18.9333,1426
18.9361,1431
18.9389,1437
18.9417,1431
18.9444,1432
18.9472,1433
18.9500,1431
18.9528,1431
18.9556,1431
18.9583,1419
18.9611,1419
18.9639,1411
18.9667,1410
18.9694,1419
18.9722,1430
18.9750,1434
18.9778,1427
18.9806,1410
18.9833,1397
18.9861,1386
18.9889,1379
18.9917,1382
18.9944,1376
18.9972,1375
19.0000,1370
19.0028,1370
19.0056,1367
19.0083,1362
19.0111,1364
19.0139,1352
19.0167,1345
19.0194,1337
19.0222,1336
19.0250,1323
19.0278,1317
19.0306,1312
19.0333,1313
19.0361,1304
19.0389,1314
19.0417,1327
19.0444,1315
19.0472,1320
19.0500,1324
19.0528,1320
19.0556,1329
19.0583,1338
19.0611,1336
19.0639,1344
19.0667,1345
19.0694,1339
19.0722,1348
19.0750,1344
19.0778,1337
19.0806,1337
19.0833,1344
19.0861,1346
19.0889,1357
19.0917,1386
19.0944,1421
19.0972,1446
19.1000,1443
19.1028,1433
19.1056,1413
19.1083,1379
19.1111,1364
19.1139,1363
19.1167,1353
19.1194,1328
19.1222,1302
19.1250,1277
19.1278,1265
19.1306,1267
19.1333,1261
19.1361,1248
19.1389,1244
19.1417,1235
19.1444,1234
19.1472,1242
19.1500,1234
19.1528,1227
19.1556,1217
19.1583,1219
19.1611,1189
19.1639,1190
19.1667,1194
19.1694,1188
19.1722,1184
19.1750,1176
19.1778,1174
19.1806,1182
19.1833,1178
19.1861,1184
19.1889,1177
19.1917,1170
19.1944,1160
19.1972,1157
19.2000,1163
19.2028,1161
19.2056,1165
19.2083,1164
19.2111,1160
19.2139,1155
19.2167,1140
19.2194,1127
19.2222,1115
19.2250,1102
19.2278,1079
19.2306,1048
19.2333,1045
19.2361,1127
19.2389,1261
19.2417,1447
19.2444,1660
19.2472,1886
19.2500,2137
19.2528,2428
19.2556,2733
19.2583,3027
19.2611,3225
19.2639,3145
19.2667,2755
19.2694,2215
19.2722,1738
19.2750,1417
19.2778,1261
19.2806,1197
19.2833,1161
19.2861,1123
19.2889,1078
19.2917,1021
19.2944,962
19.2972,906
19.3000,853
19.3028,828
19.3056,825
19.3083,829
19.3111,854
19.3139,866
19.3167,848
19.3194,818
19.3222,786
19.3250,772
19.3278,780
19.3306,808
19.3333,826
19.3361,824
19.3389,803
19.3417,786
19.3444,783
19.3472,793
19.3500,802
19.3528,811
19.3556,804
19.3583,787
19.3611,770
19.3639,762
19.3667,758
19.3694,767
19.3722,767
19.3750,766
19.3778,765
19.3806,749
19.3833,743
19.3861,744
19.3889,767
19.3917,764
19.3944,762
19.3972,750
19.4000,736
19.4028,722
19.4056,729
19.4083,751
19.4111,770
19.4139,774
19.4167,748
19.4194,732
19.4222,717
19.4250,717
19.4278,731
19.4306,755
19.4333,765
19.4361,767
19.4389,748
19.4417,740
19.4444,736
19.4472,761
19.4500,771
19.4528,794
19.4556,810
19.4583,806
19.4611,794
19.4639,798
19.4667,648
19.4694,660
19.4722,653
19.4750,636
19.4778,607
19.4806,578
19.4833,570
19.4861,563
19.4889,556
19.4917,543
19.4944,521
19.4972,495
19.5000,471
19.5028,457
19.5056,446
19.5083,448
19.5111,442
19.5139,438
19.5167,418
19.5194,393
19.5222,372
19.5250,363
19.5278,361
19.5306,369
19.5333,365
19.5361,353
19.5389,339
19.5417,332
19.5444,312
19.5472,310
19.5500,299
19.5528,291
19.5556,271
19.5583,243
19.5611,225
19.5639,211
19.5667,205
19.5694,212
19.5722,213
19.5750,207
19.5778,184
19.5806,159
19.5833,139
19.5861,132
19.5889,122
19.5917,124
19.5944,102
19.5972,79
19.6000,50
19.6028,95
19.6056,148
19.6083,170
19.6111,188
19.6139,186
19.6167,183
19.6194,175
19.6222,175
19.6250,181
19.6278,200
19.6306,241
19.6333,257
19.6361,277
19.6389,282
19.6417,299
19.6444,293
19.6472,320
19.6500,342
19.6528,363
19.6556,374
19.6583,389
19.6611,401
19.6639,411
19.6667,438
19.6694,466
19.6722,488
19.6750,506
19.6778,515
19.6806,521
19.6833,537
19.6861,560
19.6889,579
19.6917,604
19.6944,614
19.6972,628
19.7000,644
19.7028,650
19.7056,668
19.7083,690
19.7111,704
19.7139,715
19.7167,698
19.7194,699
19.7222,695
19.7250,686
19.7278,683
19.7306,745
19.7333,874
19.7361,1062
19.7389,1286
19.7417,1532
19.7444,1797
19.7472,2094
19.7500,2412
19.7528,2732
19.7556,2995
19.7583,3068
19.7611,2814
19.7639,2327
19.7667,1829
19.7694,1440
19.7722,1226
19.7750,1121
19.7778,1059
19.7806,1008
19.7833,970
19.7861,941
19.7889,928
19.7917,901
19.7944,863
19.7972,846
19.8000,830
19.8028,841
19.8056,863
19.8083,889
19.8111,896
19.8139,900
19.8167,886
19.8194,888
19.8222,899
19.8250,928
19.8278,956
19.8306,960
19.8333,950
19.8361,933
19.8389,922
19.8417,939
19.8444,969
19.8472,998
19.8500,1025
19.8528,1016
19.8556,1009
19.8583,1004
19.8611,1010
19.8639,1040
19.8667,1068
19.8694,1088
19.8722,1078
19.8750,1069
19.8778,1059
19.8806,1063
19.8833,1083
19.8861,1124
19.8889,1146
19.8917,1142
19.8944,1134
19.8972,1116
19.9000,1105
19.9028,1108
19.9056,1126
19.9083,1152
19.9111,1184
19.9139,1189
19.9167,1189
19.9194,1173
19.9222,1187
19.9250,1210
19.9278,1245
19.9306,1259
19.9333,1270
19.9361,1278
19.9389,1294
19.9417,1311
19.9444,1562
19.9472,1575
19.9500,1586
19.9528,1582
19.9556,1565
19.9583,1557
19.9611,1565
19.9639,1595
19.9667,1621
19.9694,1648
19.9722,1646
19.9750,1629
19.9778,1622
19.9806,1608
19.9833,1588
19.9861,1591
19.9889,1588
19.9917,1569
19.9944,1576
19.9972,1562
20.0000,1559
20.0028,1563
20.0056,1560
20.0083,1564
20.0111,1565
20.0139,1554
20.0167,1543
20.0194,1552
20.0222,1560
20.0250,1575
20.0278,1574
20.0306,1577
20.0333,1573
20.0361,1580
20.0389,1594
20.0417,1595
20.0444,1611
20.0472,1618
20.0500,1634
20.0528,1633
20.0556,1634
20.0583,1634
20.0611,1634
20.0639,1639
20.0667,1656
20.0694,1669
20.0722,1665
20.0750,1680
20.0778,1698
20.0806,1710
20.0833,1727
20.0861,1744
20.0889,1742
20.0917,1743
20.0944,1743
20.0972,1732
20.1000,1731
20.1028,1745
20.1056,1760
20.1083,1755
20.1111,1760
20.1139,1767
20.1167,1771
20.1194,1794
20.1222,1817
20.1250,1832
20.1278,1848
20.1306,1865
20.1333,1875
20.1361,1875
20.1389,1875
20.1417,1873
20.1444,1884
20.1472,1884
20.1500,1904
20.1528,1915
20.1556,1916
20.1583,1911
20.1611,1905
20.1639,1913
20.1667,1916
20.1694,1916
20.1722,1917
20.1750,1904
20.1778,1901
20.1806,1905
20.1833,1910
20.1861,1918
20.1889,1916
20.1917,1923
20.1944,1918
20.1972,1913
20.2000,1899
20.2028,1886
20.2056,1890
20.2083,1903
20.2111,1907
20.2139,1922
20.2167,1913
20.2194,1904
20.2222,1892
20.2250,1890
20.2278,1893
20.2306,1902
20.2333,1894
20.2361,1881
20.2389,1882
20.2417,1877
20.2444,1881
20.2472,1890
20.2500,1889
20.2528,1879
20.2556,1882
20.2583,1883
20.2611,1887
20.2639,1887
20.2667,1888
20.2694,1899
20.2722,1899
20.2750,1891
20.2778,1887
20.2806,1868
20.2833,1860
20.2861,1852
20.2889,1856
20.2917,1854
20.2944,1839
20.2972,1825
20.3000,1817
20.3028,1810
20.3056,1813
20.3083,1807
20.3111,1806
20.3139,1807
20.3167,1809
20.3194,1809
20.3222,1807
20.3250,1826
20.3278,1841
20.3306,1839
20.3333,1821
20.3361,1819
20.3389,1814
20.3417,1810
20.3444,1823
20.3472,1829
20.3500,1833
20.3528,1836
20.3556,1827
20.3583,1822
20.3611,1827
20.3639,1827
20.3667,1825
20.3694,1819
20.3722,1809
20.3750,1807
20.3778,1800
20.3806,1799
20.3833,1790
20.3861,1794
20.3889,1777
20.3917,1765
20.3944,1772
20.3972,1784
20.4000,1805
20.4028,1837
20.4056,1869
20.4083,1907
20.4111,1934
20.4139,1951
20.4167,1938
20.4194,1901
20.4222,1864
20.4250,1846
20.4278,1835
20.4306,1825
20.4333,1815
20.4361,1804
20.4389,1795
20.4417,1776
20.4444,1746
20.4472,1735
20.4500,1719
20.4528,1717
20.4556,1715
20.4583,1704
20.4611,1687
20.4639,1681
20.4667,1681
20.4694,1657
20.4722,1628
20.4750,1624
20.4778,1614
20.4806,1605
20.4833,1599
20.4861,1585
20.4889,1587
20.4917,1587
20.4944,1586
20.4972,1575
20.5000,1573
20.5028,1580
20.5056,1572
20.5083,1564
20.5111,1555
20.5139,1552
20.5167,1561
20.5194,1549
20.5222,1529
20.5250,1523
20.5278,1527
20.5306,1519
20.5333,1512
20.5361,1502
20.5389,1495
20.5417,1473
20.5444,1448
20.5472,1403
20.5500,1402
20.5528,1494
20.5556,1653
20.5583,1854
20.5611,2085
20.5639,2320
20.5667,2592
20.5694,2889
20.5722,3188
20.5750,3358
20.5778,3354
20.5806,3359
20.5833,3180
20.5861,2705
20.5889,2175
20.5917,1785
20.5944,1555
20.5972,1434
20.6000,1365
20.6028,1327
20.6056,1294
20.6083,1274
20.6111,1246
20.6139,1207
20.6167,1165
20.6194,1118
20.6222,1086
20.6250,1071
20.6278,1076
20.6306,1072
20.6333,1054
20.6361,1034
20.6389,1024
20.6417,1020
20.6444,1017
20.6472,1024
20.6500,1030
20.6528,1023
20.6556,1004
20.6583,971
20.6611,955
20.6639,950
20.6667,958
20.6694,975
20.6722,979
20.6750,959
20.6778,943
20.6806,923
20.6833,914
20.6861,907
20.6889,894
20.6917,874
20.6944,846
20.6972,821
20.7000,794
20.7028,781
20.7056,778
20.7083,767
20.7111,749
20.7139,731
20.7167,710
20.7194,687
20.7222,672
20.7250,663
20.7278,653
20.7306,643
20.7333,632
20.7361,607
20.7389,600
20.7417,572
20.7444,565
20.7472,571
20.7500,572
20.7528,569
20.7556,552
20.7583,535
20.7611,520
20.7639,518
20.7667,532
20.7694,549
20.7722,560
20.7750,548
20.7778,544
20.7806,543
20.7833,541
20.7861,415
20.7889,421
20.7917,403
20.7944,370
20.7972,351
20.8000,334
20.8028,335
20.8056,317
20.8083,317
20.8111,315
20.8139,303
20.8167,286
20.8194,278
20.8222,270
20.8250,267
20.8278,269
20.8306,271
20.8333,254
20.8361,255
20.8389,230
20.8417,231
20.8444,227
20.8472,240
20.8500,247
20.8528,248
20.8556,231
20.8583,220
20.8611,226
20.8639,233
20.8667,242
20.8694,242
20.8722,257
20.8750,245
20.8778,237
20.8806,239
20.8833,250
20.8861,260
20.8889,278
20.8917,272
20.8944,267
20.8972,260
20.9000,258
20.9028,259
20.9056,271
20.9083,275
20.9111,290
20.9139,274
20.9167,282
20.9194,288
20.9222,290
20.9250,295
20.9278,311
20.9306,318
20.9333,315
20.9361,309
20.9389,311
20.9417,321
20.9444,322
20.9472,349
20.9500,365
20.9528,359
20.9556,350
20.9583,345
20.9611,350
20.9639,351
20.9667,359
20.9694,360
20.9722,355
20.9750,360
20.9778,364
20.9806,377
20.9833,394
20.9861,406
20.9889,413
20.9917,411
20.9944,419
20.9972,411
21.0000,395
21.0028,395
21.0056,395
21.0083,413
21.0111,431
21.0139,435
21.0167,434
21.0194,441
21.0222,440
21.0250,448
21.0278,457
21.0306,458
21.0333,457
21.0361,465
21.0389,470
21.0417,476
21.0444,485
21.0472,487
21.0500,487
21.0528,496
21.0556,498
21.0583,512
21.0611,508
21.0639,518
21.0667,525
21.0694,540
21.0722,548
21.0750,551
21.0778,555
21.0806,549
21.0833,552
21.0861,571
21.0889,590
21.0917,604
21.0944,620
21.0972,624
21.1000,625
21.1028,637
21.1056,639
21.1083,641
21.1111,659
21.1139,672
21.1167,678
21.1194,685
21.1222,708
21.1250,714
21.1278,724
21.1306,732
21.1333,728
21.1361,730
21.1389,738
21.1417,750
21.1444,756
21.1472,759
21.1500,766
21.1528,780
21.1556,793
21.1583,813
21.1611,834
21.1639,843
21.1667,856
21.1694,868
21.1722,874
21.1750,874
21.1778,871
21.1806,874
21.1833,876
21.1861,887
21.1889,897
21.1917,906
21.1944,913
21.1972,921
21.2000,931
21.2028,943
21.2056,957
21.2083,967
21.2111,972
21.2139,978
21.2167,986
21.2194,995
21.2222,1021
21.2250,1046
21.2278,1070
21.2306,1117
21.2333,1150
21.2361,1158
21.2389,1157
21.2417,1144
21.2444,1127
21.2472,1120
21.2500,1124
21.2528,1119
21.2556,1110
21.2583,1101
21.2611,1098
21.2639,1092
21.2667,1094
21.2694,1082
21.2722,1072
21.2750,1075
21.2778,1076
21.2806,1089
21.2833,1102
21.2861,1117
21.2889,1140
21.2917,1151
21.2944,1160
21.2972,1167
21.3000,1159
21.3028,1172
21.3056,1182
21.3083,1200
21.3111,1208
21.3139,1194
21.3167,1200
21.3194,1198
21.3222,1209
21.3250,1216
21.3278,1218
21.3306,1228
21.3333,1234
21.3361,1242
21.3389,1247
21.3417,1249
21.3444,1246
21.3472,1264
21.3500,1267
21.3528,1266
21.3556,1275
21.3583,1286
21.3611,1285
21.3639,1292
21.3667,1272
21.3694,1245
21.3722,1232
21.3750,1293
21.3778,1419
21.3806,1620
21.3833,1846
21.3861,2081
21.3889,2354
21.3917,2643
21.3944,2956
21.3972,3279
21.4000,3353
21.4028,3358
21.4056,3228
21.4083,2801
21.4111,2291
21.4139,1880
21.4167,1651
21.4194,1552
21.4222,1517
21.4250,1476
21.4278,1437
21.4306,1421
21.4333,1387
21.4361,1350
21.4389,1329
21.4417,1304
21.4444,1303
21.4472,1322
21.4500,1349
21.4528,1376
21.4556,1376
21.4583,1362
21.4611,1338
21.4639,1332
21.4667,1343
21.4694,1358
21.4722,1385
21.4750,1395
21.4778,1394
21.4806,1389
21.4833,1383
21.4861,1391
21.4889,1415
21.4917,1430
21.4944,1441
21.4972,1440
21.5000,1434
21.5028,1432
21.5056,1431
21.5083,1462
21.5111,1479
21.5139,1487
21.5167,1488
21.5194,1496
21.5222,1485
21.5250,1505
21.5278,1528
21.5306,1556
21.5333,1571
21.5361,1577
21.5389,1575
21.5417,1566
21.5444,1574
21.5472,1585
21.5500,1612
21.5528,1622
21.5556,1634
21.5583,1640
21.5611,1638
21.5639,1638
21.5667,1650
21.5694,1665
21.5722,1697
21.5750,1712
21.5778,1719
21.5806,1718
21.5833,1728
21.5861,1747
21.5889,1769
21.5917,1800
21.5944,1816
21.5972,1821
21.6000,1817
21.6028,1830
21.6056,1845
21.6083,2033
21.6111,2033
21.6139,2026
21.6167,2022
21.6194,2016
21.6222,2025
21.6250,2030
21.6278,2026
21.6306,2031
21.6333,2030
21.6361,2004
21.6389,1999
21.6417,1994
21.6444,2002
21.6472,2006
21.6500,2026
21.6528,2035
21.6556,2034
21.6583,2028
21.6611,2033
21.6639,2034
21.6667,2047
21.6694,2060
21.6722,2057
21.6750,2075
21.6778,2082
21.6806,2066
21.6833,2057
21.6861,2059
21.6889,2075
21.6917,2080
21.6944,2097
21.6972,2110
21.7000,2121
21.7028,2116
21.7056,2109
21.7083,2110
21.7111,2129
21.7139,2137
21.7167,2146
21.7194,2152
21.7222,2150
21.7250,2147
21.7278,2148
21.7306,2164
21.7333,2167
21.7361,2172
21.7389,2183
21.7417,2186
21.7444,2197
21.7472,2202
21.7500,2207
21.7528,2227
21.7556,2225
21.7583,2229
21.7611,2223
21.7639,2230
21.7667,2248
21.7694,2262
21.7722,2271
21.7750,2263
21.7778,2260
21.7806,2252
21.7833,2268
21.7861,2273
21.7889,2285
21.7917,2285
21.7944,2282
21.7972,2280
21.8000,2275
21.8028,2278
21.8056,2274
21.8083,2291
21.8111,2305
21.8139,2322
21.8167,2323
21.8194,2311
21.8222,2315
21.8250,2293
21.8278,2292
21.8306,2270
21.8333,2283
21.8361,2291
21.8389,2287
21.8417,2284
21.8444,2291
21.8472,2307
21.8500,2309
21.8528,2300
21.8556,2307
21.8583,2305
21.8611,2322
21.8639,2327
21.8667,2322
21.8694,2317
21.8722,2321
21.8750,2317
21.8778,2315
21.8806,2321
21.8833,2337
21.8861,2342
21.8889,2358
21.8917,2348
21.8944,2344
21.8972,2329
21.9000,2321
21.9028,2321
21.9056,2326
21.9083,2333
21.9111,2336
21.9139,2337
21.9167,2337
21.9194,2333
21.9222,2330
21.9250,2320
21.9278,2320
21.9306,2328
21.9333,2341
21.9361,2334
21.9389,2330
21.9417,2339
21.9444,2326
21.9472,2334
21.9500,2336
21.9528,2332
21.9556,2322
21.9583,2314
21.9611,2328
21.9639,2334
21.9667,2318
21.9694,2328
21.9722,2334
21.9750,2349
21.9778,2358
21.9806,2356
21.9833,2353
21.9861,2363
21.9889,2372
21.9917,2378
21.9944,2373
21.9972,2364
22.0000,2341
22.0028,2344
22.0056,2342
22.0083,2350
22.0111,2346
22.0139,2360
22.0167,2364
22.0194,2373
22.0222,2373
22.0250,2383
22.0278,2386
22.0306,2393
22.0333,2388
22.0361,2385
22.0389,2393
22.0417,2397
22.0444,2405
22.0472,2407
22.0500,2436
22.0528,2465
22.0556,2488
22.0583,2515
22.0611,2511
22.0639,2475
22.0667,2442
22.0694,2414
22.0722,2405
22.0750,2398
22.0778,2396
22.0806,2388
22.0833,2375
22.0861,2365
22.0889,2348
22.0917,2331
22.0944,2325
22.0972,2319
22.1000,2315
22.1028,2320
22.1056,2325
22.1083,2332
22.1111,2323
22.1139,2313
22.1167,2299
22.1194,2284
22.1222,2287
22.1250,2292
22.1278,2313
22.1306,2319
22.1333,2321
22.1361,2318
22.1389,2315
22.1417,2310
22.1444,2307
22.1472,2317
22.1500,2300
22.1528,2303
22.1556,2301
22.1583,2310
22.1611,2305
22.1639,2295
22.1667,2286
22.1694,2281
22.1722,2282
22.1750,2307
22.1778,2305
22.1806,2296
22.1833,2297
22.1861,2294
22.1889,2272
22.1917,2249
22.1944,2253
22.1972,2314
22.2000,2451
22.2028,2646
22.2056,2866
22.2083,3096
22.2111,3341
22.2139,3361
22.2167,3375
22.2194,3385
22.2222,3384
22.2250,3378
22.2278,3363
22.2306,3358
22.2333,3361
22.2361,3359
22.2389,3314
22.2417,3006
22.2444,2636
22.2472,2338
22.2500,2177
22.2528,2128
22.2556,2120
22.2583,2132
22.2611,2134
22.2639,2150
22.2667,2153
22.2694,2141
22.2722,2124
22.2750,2101
22.2778,2091
22.2806,2097
22.2833,2098
22.2861,2102
22.2889,2102
22.2917,2084
22.2944,2078
22.2972,2080
22.3000,2093
22.3028,2101
22.3056,2115
22.3083,2113
22.3111,2116
22.3139,2119
22.3167,2123
22.3194,2125
22.3222,2127
22.3250,2124
22.3278,2121
22.3306,2122
22.3333,2115
22.3361,2103
22.3389,2102
22.3417,2116
22.3444,2127
22.3472,2136
22.3500,2147
22.3528,2154
22.3556,2145
22.3583,2146
22.3611,2139
22.3639,2135
22.3667,2148
22.3694,2158
22.3722,2161
22.3750,2161
22.3778,2163
22.3806,2159
22.3833,2165
22.3861,2167
22.3889,2170
22.3917,2185
22.3944,2173
22.3972,2176
22.4000,2192
22.4028,2205
22.4056,2220
22.4083,2224
22.4111,2232
22.4139,2224
22.4167,2223
22.4194,2228
22.4222,2239
22.4250,2250
22.4278,2264
22.4306,2266
22.4333,2274
22.4361,2277
22.4389,2284
22.4417,2138
22.4444,2136
22.4472,2117
22.4500,2103
22.4528,2073
22.4556,2062
22.4583,2040
22.4611,2028
22.4639,2024
22.4667,2034
22.4694,2024
22.4722,2020
22.4750,2007
22.4778,2000
22.4806,1998
22.4833,1989
22.4861,1981
22.4889,1975
22.4917,1969
22.4944,1968
22.4972,1963
22.5000,1972
22.5028,1981
22.5056,1988
22.5083,1988
22.5111,1966
22.5139,1947
22.5167,1953
22.5194,1955
22.5222,1968
22.5250,1970
22.5278,1987
22.5306,1980
22.5333,1972
22.5361,1963
22.5389,1967
22.5417,1970
22.5444,1971
22.5472,1967
22.5500,1958
22.5528,1954
22.5556,1955
22.5583,1966
22.5611,1976
22.5639,1975
22.5667,1989
22.5694,1999
22.5722,1994
22.5750,1983
22.5778,1985
22.5806,1992
22.5833,1988
22.5861,1983
22.5889,1974
22.5917,1972
22.5944,1957
22.5972,1971
22.6000,1973
22.6028,1991
22.6056,1995
22.6083,1984
22.6111,1974
22.6139,1958
22.6167,1953
22.6194,1953
22.6222,1957
22.6250,1959
22.6278,1972
22.6306,1968
22.6333,1965
22.6361,1965
22.6389,1957
22.6417,1961
22.6444,1976
22.6472,1982
22.6500,1979
22.6528,1983
22.6556,1966
22.6583,1954
22.6611,1943
22.6639,1948
22.6667,1945
22.6694,1952
22.6722,1955
22.6750,1951
22.6778,1951
22.6806,1953
22.6833,1949
22.6861,1942
22.6889,1927
22.6917,1917
22.6944,1919
22.6972,1910
22.7000,1924
22.7028,1929
22.7056,1934
22.7083,1926
22.7111,1921
22.7139,1903
22.7167,1880
22.7194,1873
22.7222,1868
22.7250,1873
22.7278,1888
22.7306,1887
22.7333,1886
22.7361,1892
22.7389,1896
22.7417,1900
22.7444,1895
22.7472,1898
22.7500,1897
22.7528,1902
22.7556,1902
22.7583,1905
22.7611,1901
22.7639,1894
22.7667,1887
22.7694,1885
22.7722,1887
22.7750,1884
22.7778,1871
22.7806,1879
22.7833,1877
22.7861,1881
22.7889,1885
22.7917,1889
22.7944,1881
22.7972,1880
22.8000,1872
22.8028,1870
22.8056,1871
22.8083,1870
22.8111,1873
22.8139,1889
22.8167,1892
22.8194,1889
22.8222,1894
22.8250,1888
22.8278,1890
22.8306,1888
22.8333,1898
22.8361,1900
22.8389,1900
22.8417,1900
22.8444,1895
22.8472,1893
22.8500,1888
22.8528,1874
22.8556,1879
22.8583,1893
22.8611,1904
22.8639,1926
22.8667,1929
22.8694,1932
22.8722,1929
22.8750,1928
22.8778,1908
22.8806,1906
22.8833,1900
22.8861,1903
22.8889,1926
22.8917,1958
22.8944,1979
22.8972,2017
22.9000,2034
22.9028,2035
22.9056,2021
22.9083,2002
22.9111,1978
22.9139,1959
22.9167,1954
22.9194,1942
22.9222,1929
22.9250,1904
22.9278,1895
22.9306,1877
22.9333,1864
22.9361,1862
22.9389,1866
22.9417,1868
22.9444,1868
22.9472,1863
22.9500,1856
22.9528,1861
22.9556,1867
22.9583,1860
22.9611,1848
22.9639,1846
22.9667,1855
22.9694,1856
22.9722,1855
22.9750,1862
22.9778,1861
22.9806,1865
22.9833,1868
22.9861,1876
22.9889,1878
22.9917,1872
22.9944,1866
22.9972,1867
23.0000,1860
23.0028,1863
23.0056,1864
23.0083,1864
23.0111,1875
23.0139,1875
23.0167,1891
23.0194,1884
23.0222,1878
23.0250,1871
23.0278,1868
23.0306,1838
23.0333,1800
23.0361,1766
23.0389,1813
23.0417,1928
23.0444,2107
23.0472,2329
23.0500,2542
23.0528,2791
23.0556,3061
23.0583,3341
23.0611,3358
23.0639,3371
23.0667,3378
23.0694,3370
23.0722,3371
23.0750,3253
23.0778,2834
23.0806,2425
23.0833,2138
23.0861,1968
23.0889,1875
23.0917,1819
23.0944,1799
23.0972,1782
23.1000,1772
23.1028,1765
23.1056,1752
23.1083,1736
23.1111,1717
23.1139,1700
23.1167,1698
23.1194,1720
23.1222,1731
23.1250,1732
23.1278,1730
23.1306,1715
23.1333,1704
23.1361,1713
23.1389,1719
23.1417,1738
23.1444,1748
23.1472,1736
23.1500,1713
23.1528,1702
23.1556,1709
23.1583,1732
23.1611,1747
23.1639,1763
23.1667,1754
23.1694,1749
23.1722,1743
23.1750,1734
23.1778,1746
23.1806,1773
23.1833,1794
23.1861,1800
23.1889,1787
23.1917,1779
23.1944,1773
23.1972,1774
23.2000,1788
23.2028,1808
23.2056,1820
23.2083,1825
23.2111,1820
23.2139,1820
23.2167,1835
23.2194,1852
23.2222,1861
23.2250,1868
23.2278,1860
23.2306,1863
23.2333,1872
23.2361,1852
23.2389,1869
23.2417,1863
23.2444,1865
23.2472,1866
23.2500,1856
23.2528,1865
23.2556,1873
23.2583,1883
23.2611,1907
23.2639,1902
23.2667,1916
23.2694,1911
23.2722,1914
23.2750,1927
23.2778,1894
23.2806,1894
23.2833,1894
23.2861,1879
23.2889,1861
23.2917,1853
23.2944,1840
23.2972,1835
23.3000,1827
23.3028,1813
23.3056,1814
23.3083,1806
23.3111,1802
23.3139,1795
23.3167,1801
23.3194,1790
23.3222,1789
23.3250,1781
23.3278,1773
23.3306,1764
23.3333,1747
23.3361,1741
23.3389,1749
23.3417,1755
23.3444,1749
23.3472,1746
23.3500,1726
23.3528,1715
23.3556,1703
23.3583,1697
23.3611,1709
23.3639,1723
23.3667,1721
23.3694,1716
23.3722,1703
23.3750,1695
23.3778,1696
23.3806,1696
23.3833,1701
23.3861,1705
23.3889,1697
23.3917,1687
23.3944,1674
23.3972,1680
23.4000,1685
23.4028,1685
23.4056,1694
23.4083,1693
23.4111,1691
23.4139,1693
23.4167,1700
23.4194,1703
23.4222,1699
23.4250,1705
23.4278,1699
23.4306,1688
23.4333,1685
23.4361,1681
23.4389,1686
23.4417,1696
23.4444,1700
23.4472,1691
23.4500,1703
23.4528,1696
23.4556,1699
23.4583,1706
23.4611,1696
23.4639,1716
23.4667,1707
23.4694,1706
23.4722,1695
23.4750,1686
23.4778,1678
23.4806,1666
23.4833,1667
23.4861,1662
23.4889,1663
23.4917,1664
23.4944,1665
23.4972,1670
23.5000,1666
23.5028,1656
23.5056,1651
23.5083,1655
23.5111,1662
23.5139,1672
23.5167,1667
23.5194,1656
23.5222,1657
23.5250,1652
23.5278,1650
23.5306,1628
23.5333,1621
23.5361,1618
23.5389,1630
23.5417,1631
23.5444,1635
23.5472,1638
23.5500,1634
23.5528,1631
23.5556,1631
23.5583,1627
23.5611,1632
23.5639,1630
23.5667,1624
23.5694,1611
23.5722,1607
23.5750,1601
23.5778,1609
23.5806,1614
23.5833,1623
23.5861,1617
23.5889,1624
23.5917,1612
23.5944,1608
23.5972,1599
23.6000,1603
23.6028,1606
23.6056,1596
23.6083,1594
23.6111,1596
23.6139,1590
23.6167,1583
23.6194,1588
23.6222,1592
23.6250,1595
23.6278,1608
23.6306,1596
23.6333,1590
23.6361,1583
23.6389,1589
23.6417,1597
23.6444,1600
23.6472,1597
23.6500,1601
23.6528,1609
23.6556,1616
23.6583,1614
23.6611,1615
23.6639,1616
23.6667,1611
23.6694,1604
23.6722,1599
23.6750,1603
23.6778,1606
23.6806,1598
23.6833,1595
23.6861,1593
23.6889,1594
23.6917,1597
23.6944,1608
23.6972,1618
23.7000,1611
23.7028,1609
23.7056,1619
23.7083,1624
23.7111,1626
23.7139,1631
23.7167,1640
23.7194,1660
23.7222,1689
23.7250,1710
23.7278,1726
23.7306,1714
23.7333,1700
23.7361,1675
23.7389,1656
23.7417,1650
23.7444,1641
23.7472,1641
23.7500,1621
23.7528,1611
23.7556,1599
23.7583,1590
23.7611,1587
23.7639,1578
23.7667,1561
23.7694,1554
23.7722,1553
23.7750,1567
23.7778,1566
23.7806,1571
23.7833,1561
23.7861,1554
23.7889,1551
23.7917,1555
23.7944,1556
23.7972,1541
23.8000,1527
23.8028,1525
23.8056,1517
23.8083,1528
23.8111,1537
23.8139,1536
23.8167,1539
23.8194,1543
23.8222,1545
23.8250,1556
23.8278,1559
23.8306,1564
23.8333,1561
23.8361,1553
23.8389,1545
23.8417,1552
23.8444,1555
23.8472,1558
23.8500,1564
23.8528,1557
23.8556,1548
23.8583,1524
23.8611,1510
23.8639,1498
23.8667,1576
23.8694,1725
23.8722,1927
23.8750,2142
23.8778,2381
23.8806,2645
23.8833,2935
23.8861,3246
23.8889,3353
23.8917,3363
23.8944,3366
23.8972,3331
23.9000,2998
23.9028,2500
23.9056,2068
23.9083,1818
23.9111,1689
23.9139,1607
23.9167,1572
23.9194,1539
23.9222,1494
23.9250,1465
23.9278,1451
23.9306,1423
23.9333,1396
23.9361,1378
23.9389,1388
23.9417,1404
23.9444,1422
23.9472,1422
23.9500,1407
23.9528,1402
23.9556,1398
23.9583,1401
23.9611,1429
23.9639,1442
23.9667,1441
23.9694,1421
23.9722,1413
23.9750,1404
23.9778,1410
23.9806,1415
23.9833,1448
23.9861,1453
23.9889,1456
23.9917,1446
23.9944,1448
23.9972,1450
24.0000,1461
24.0028,1467
24.0056,1466
24.0083,1467
24.0111,1460
24.0139,1457
24.0167,1438
24.0194,1445
24.0222,1452
24.0250,1478
24.0278,1495
24.0306,1511
24.0333,1500
24.0361,1501
24.0389,1499
24.0417,1511
24.0444,1521
24.0472,1522
24.0500,1523
24.0528,1523
24.0556,1526
24.0583,1526
24.0611,1531
24.0639,1535
24.0667,1545
24.0694,1553
24.0722,1546
24.0750,1556
24.0778,1555
24.0806,1575
24.0833,1595
24.0861,1609
24.0889,1603
24.0917,1598
24.0944,1599
24.0972,1614
24.1000,1625
24.1028,1637
24.1056,1630
24.1083,1631
24.1111,1616
24.1139,1587
24.1167,1574
24.1194,1562
24.1222,1555
24.1250,1554
24.1278,1542
24.1306,1542
24.1333,1529
24.1361,1528
24.1389,1515
24.1417,1520
24.1444,1521
24.1472,1519
24.1500,1505
24.1528,1492
24.1556,1489
24.1583,1502
24.1611,1521
24.1639,1535
24.1667,1534
24.1694,1519
24.1722,1516
24.1750,1513
24.1778,1507
24.1806,1513
24.1833,1522
24.1861,1517
24.1889,1507
24.1917,1504
24.1944,1516
24.1972,1516
24.2000,1531
24.2028,1537
24.2056,1546
24.2083,1538
24.2111,1538
24.2139,1519
24.2167,1524
24.2194,1522
24.2222,1524
24.2250,1550
24.2278,1564
24.2306,1569
24.2333,1555
24.2361,1543
24.2389,1529
24.2417,1532
24.2444,1540
24.2472,1559
24.2500,1561
24.2528,1567
24.2556,1570
24.2583,1578
24.2611,1592
24.2639,1613
24.2667,1621
24.2694,1619
24.2722,1608
24.2750,1600
24.2778,1591
24.2806,1585
24.2833,1572
24.2861,1570
24.2889,1563
24.2917,1572
24.2944,1579
24.2972,1585
24.3000,1589
24.3028,1594
24.3056,1587
24.3083,1568
24.3111,1556
24.3139,1552
24.3167,1561
24.3194,1565
24.3222,1561
24.3250,1563
24.3278,1566
24.3306,1563
24.3333,1562
24.3361,1561
24.3389,1555
24.3417,1561
24.3444,1576
24.3472,1576
24.3500,1583
24.3528,1583
24.3556,1583
24.3583,1579
24.3611,1571
24.3639,1577
24.3667,1585
24.3694,1596
24.3722,1601
24.3750,1600
24.3778,1588
24.3806,1590
24.3833,1594
24.3861,1605
24.3889,1608
24.3917,1604
24.3944,1613
24.3972,1614
24.4000,1618
24.4028,1622
24.4056,1623
24.4083,1617
24.4111,1611
24.4139,1609
24.4167,1606
24.4194,1615
24.4222,1625
24.4250,1632
24.4278,1641
24.4306,1645
24.4333,1649
24.4361,1661
24.4389,1670
24.4417,1660
24.4444,1667
24.4472,1672
24.4500,1670
24.4528,1670
24.4556,1669
24.4583,1649
24.4611,1660
24.4639,1665
24.4667,1656
24.4694,1662
24.4722,1661
24.4750,1667
24.4778,1676
24.4806,1684
24.4833,1681
24.4861,1676
24.4889,1672
24.4917,1676
24.4944,1673
24.4972,1678
24.5000,1677
24.5028,1670
24.5056,1677
24.5083,1671
24.5111,1678
24.5139,1673
24.5167,1671
24.5194,1677
24.5222,1696
24.5250,1699
24.5278,1703
24.5306,1702
24.5333,1694
24.5361,1699
24.5389,1715
24.5417,1719
24.5444,1726
24.5472,1732
24.5500,1727
24.5528,1737
24.5556,1734
24.5583,1733
24.5611,1739
24.5639,1748
24.5667,1767
24.5694,1806
24.5722,1837
24.5750,1871
24.5778,1876
24.5806,1868
24.5833,1841
24.5861,1814
24.5889,1802
24.5917,1781
24.5944,1768
24.5972,1754
24.6000,1750
24.6028,1741
24.6056,1735
24.6083,1721
24.6111,1709
24.6139,1690
24.6167,1689
24.6194,1687
24.6222,1712
24.6250,1711
24.6278,1710
24.6306,1711
24.6333,1711
24.6361,1706
24.6389,1697
24.6417,1698
24.6444,1707
24.6472,1714
24.6500,1695
24.6528,1700
24.6556,1699
24.6583,1698
24.6611,1710
24.6639,1718
24.6667,1724
24.6694,1732
24.6722,1724
24.6750,1727
24.6778,1711
24.6806,1718
24.6833,1716
24.6861,1730
24.6889,1727
24.6917,1734
24.6944,1729
24.6972,1728
24.7000,1728
24.7028,1727
24.7056,1713
24.7083,1692
24.7111,1664
24.7139,1673
24.7167,1769
24.7194,1923
24.7222,2133
24.7250,2352
24.7278,2591
24.7306,2864
24.7333,3166
24.7361,3356
24.7389,3358
24.7417,3371
24.7444,3371
24.7472,3366
24.7500,3219
24.7528,2772
24.7556,2324
24.7583,2033
24.7611,1859
24.7639,1772
24.7667,1719
24.7694,1689
24.7722,1669
24.7750,1642
24.7778,1637
24.7806,1620
24.7833,1606
24.7861,1589
24.7889,1575
24.7917,1573
24.7944,1586
24.7972,1603
24.8000,1605
24.8028,1590
24.8056,1583
24.8083,1580
24.8111,1587
24.8139,1592
24.8167,1608
24.8194,1613
24.8222,1615
24.8250,1601
24.8278,1596
24.8306,1599
24.8333,1611
24.8361,1628
24.8389,1643
24.8417,1651
24.8444,1648
24.8472,1650
24.8500,1658
24.8528,1672
24.8556,1686
24.8583,1687
24.8611,1689
24.8639,1685
24.8667,1671
24.8694,1668
24.8722,1677
24.8750,1691
24.8778,1711
24.8806,1721
24.8833,1717
24.8861,1715
24.8889,1699
24.8917,1709
24.8944,1706
24.8972,1726
24.9000,1725
24.9028,1721
24.9056,1723
24.9083,1727
24.9111,1735
24.9139,1753
24.9167,1759
24.9194,1768
24.9222,1766
24.9250,1764
24.9278,1766
24.9306,1776
24.9333,1788
24.9361,1806
24.9389,1827
24.9417,1835
24.9444,1836
24.9472,1841
24.9500,1841
24.9528,1829
24.9556,1839
24.9583,1824
24.9611,1818
24.9639,1789
24.9667,1759
24.9694,1744
24.9722,1721
24.9750,1728
24.9778,1734
24.9806,1733
24.9833,1739
24.9861,1731
24.9889,1720
24.9917,1714
24.9944,1717
24.9972,1716
25.0000,1723
25.0028,1722
25.0056,1707
25.0083,1712
25.0111,1705
25.0139,1706
25.0167,1712
25.0194,1710
25.0222,1714
25.0250,1708
25.0278,1716
25.0306,1725
25.0333,1733
25.0361,1731
25.0389,1729
25.0417,1721
25.0444,1708
25.0472,1703
25.0500,1708
25.0528,1717
25.0556,1717
25.0583,1727
25.0611,1735
25.0639,1742
25.0667,1740
25.0694,1728
25.0722,1729
25.0750,1732
25.0778,1740
25.0806,1745
25.0833,1758
25.0861,1758
25.0889,1770
25.0917,1766
25.0944,1759
25.0972,1757
25.1000,1753
25.1028,1753
25.1056,1757
25.1083,1761
25.1111,1761
25.1139,1770
25.1167,1780
25.1194,1780
25.1222,1789
25.1250,1793
25.1278,1787
25.1306,1783
25.1333,1783
25.1361,1796
25.1389,1795
25.1417,1793
25.1444,1792
25.1472,1796
25.1500,1796
25.1528,1795
25.1556,1803
25.1583,1800
25.1611,1802
25.1639,1796
25.1667,1793
25.1694,1797
25.1722,1793
25.1750,1801
25.1778,1792
25.1806,1793
25.1833,1788
25.1861,1790
25.1889,1797
25.1917,1786
25.1944,1807
25.1972,1815
25.2000,1820
25.2028,1814
25.2056,1814
25.2083,1809
25.2111,1803
25.2139,1797
25.2167,1801
25.2194,1812
25.2222,1815
25.2250,1827
25.2278,1822
25.2306,1809
25.2333,1804
25.2361,1786
25.2389,1787
25.2417,1785
25.2444,1787
25.2472,1792
25.2500,1808
25.2528,1814
25.2556,1817
25.2583,1815
25.2611,1815
25.2639,1815
25.2667,1815
25.2694,1800
25.2722,1809
25.2750,1804
25.2778,1813
25.2806,1810
25.2833,1805
25.2861,1805
25.2889,1810
25.2917,1828
25.2944,1829
25.2972,1828
25.3000,1823
25.3028,1824
25.3056,1816
25.3083,1813
25.3111,1818
25.3139,1831
25.3167,1836
25.3194,1845
25.3222,1837
25.3250,1831
25.3278,1838
25.3306,1834
25.3333,1838
25.3361,1852
25.3389,1861
25.3417,1856
25.3444,1854
25.3472,1855
25.3500,1833
25.3528,1837
25.3556,1836
25.3583,1854
25.3611,1858
25.3639,1858
25.3667,1855
25.3694,1861
25.3722,1852
25.3750,1854
25.3778,1862
25.3806,1858
25.3833,1871
25.3861,1875
25.3889,1874
25.3917,1876
25.3944,1889
25.3972,1889
25.4000,1872
25.4028,1867
25.4056,1859
25.4083,1866
25.4111,1868
25.4139,1875
25.4167,1886
25.4194,1888
25.4222,1895
25.4250,1910
25.4278,1912
25.4306,1932
25.4333,1950
25.4361,1973
25.4389,1993
25.4417,2001
25.4444,1995
25.4472,1970
25.4500,1950
25.4528,1930
25.4556,1932
25.4583,1933
25.4611,1929
25.4639,1908
25.4667,1889
25.4694,1871
25.4722,1861
25.4750,1853
25.4778,1850
25.4806,1850
25.4833,1845
25.4861,1849
25.4889,1857
25.4917,1858
25.4944,1865
25.4972,1870
25.5000,1864
25.5028,1858
25.5056,1853
25.5083,1852
25.5111,1846
25.5139,1848
25.5167,1840
25.5194,1849
25.5222,1853
25.5250,1874
25.5278,1877
25.5306,1887
25.5333,1883
25.5361,1886
25.5389,1891
25.5417,1886
25.5444,1887
25.5472,1884
25.5500,1888
25.5528,1883
25.5556,1894
25.5583,1901
25.5611,1905
25.5639,1904
25.5667,1894
25.5694,1881
25.5722,1852
25.5750,1823
25.5778,1843
25.5806,1943
25.5833,2107
25.5861,2312
25.5889,2524
25.5917,2755
25.5944,3022
25.5972,3309
25.6000,3366
25.6028,3365
25.6056,3367
25.6083,3371
25.6111,3369
25.6139,3322
25.6167,2997
25.6194,2583
25.6222,2233
25.6250,2025
25.6278,1898
25.6306,1842
25.6333,1798
25.6361,1784
25.6389,1768
25.6417,1773
25.6444,1773
25.6472,1760
25.6500,1742
25.6528,1722
25.6556,1710
25.6583,1713
25.6611,1734
25.6639,1744
25.6667,1752
25.6694,1741
25.6722,1732
25.6750,1722
25.6778,1722
25.6806,1735
25.6833,1743
25.6861,1742
25.6889,1736
25.6917,1733
25.6944,1714
25.6972,1731
25.7000,1744
25.7028,1748
25.7056,1745
25.7083,1727
25.7111,1734
25.7139,1740
25.7167,1750
25.7194,1774
25.7222,1797
25.7250,1804
25.7278,1800
25.7306,1791
25.7333,1778
25.7361,1784
25.7389,1782
25.7417,1794
25.7444,1817
25.7472,1827
25.7500,1834
25.7528,1830
25.7556,1836
25.7583,1838
25.7611,1845
25.7639,1845
25.7667,1843
25.7694,1853
25.7722,1850
25.7750,1860
25.7778,1876
25.7806,1887
25.7833,1894
25.7861,1893
25.7889,1888
25.7917,1879
25.7944,1884
25.7972,1915
25.8000,1922
25.8028,1936
25.8056,1960
25.8083,1952
25.8111,1948
25.8139,1956
25.8167,1951
25.8194,1956
25.8222,1953
25.8250,1940
25.8278,1920
25.8306,1898
25.8333,1882
25.8361,1867
25.8389,1863
25.8417,1869
25.8444,1874
25.8472,1870
25.8500,1857
25.8528,1846
25.8556,1841
25.8583,1842
25.8611,1846
25.8639,1846
25.8667,1823
25.8694,1811
25.8722,1801
25.8750,1800
25.8778,1805
25.8806,1800
25.8833,1810
25.8861,1819
25.8889,1818
25.8917,1805
25.8944,1808
25.8972,1803
25.9000,1806
25.9028,1802
25.9056,1804
25.9083,1797
25.9111,1787
25.9139,1792
25.9167,1808
25.9194,1816
25.9222,1815
25.9250,1822
25.9278,1804
25.9306,1795
25.9333,1784
25.9361,1798
25.9389,1806
25.9417,1815
25.9444,1816
25.9472,1821
25.9500,1813
25.9528,1812
25.9556,1806
25.9583,1816
25.9611,1818
25.9639,1821
25.9667,1816
25.9694,1815
25.9722,1804
25.9750,1803
25.9778,1802
25.9806,1814
25.9833,1821
25.9861,1830
25.9889,1821
25.9917,1806
25.9944,1807
25.9972,1805
26.0000,1805
26.0028,1815
26.0056,1802
26.0083,1798
26.0111,1798
26.0139,1785
26.0167,1782
26.0194,1784
26.0222,1786
26.0250,1797
26.0278,1791
26.0306,1788
26.0333,1775
26.0361,1777
26.0389,1774
26.0417,1773
26.0444,1779
26.0472,1778
26.0500,1772
26.0528,1763
26.0556,1761
26.0583,1750
26.0611,1744
26.0639,1744
26.0667,1742
26.0694,1752
26.0722,1745
26.0750,1741
26.0778,1741
26.0806,1729
26.0833,1730
26.0861,1719
26.0889,1723
26.0917,1721
26.0944,1722
26.0972,1715
26.1000,1719
26.1028,1717
26.1056,1702
26.1083,1697
26.1111,1693
26.1139,1693
26.1167,1698
26.1194,1715
26.1222,1714
26.1250,1712
26.1278,1702
26.1306,1695
26.1333,1687
26.1361,1673
26.1389,1685
26.1417,1684
26.1444,1704
26.1472,1705
26.1500,1714
26.1528,1718
26.1556,1715
26.1583,1716
26.1611,1715
26.1639,1703
26.1667,1690
26.1694,1685
26.1722,1685
26.1750,1691
26.1778,1684
26.1806,1679
26.1833,1689
26.1861,1689
26.1889,1690
26.1917,1681
26.1944,1690
26.1972,1690
26.2000,1685
26.2028,1685
26.2056,1690
26.2083,1689
26.2111,1697
26.2139,1706
26.2167,1699
26.2194,1691
26.2222,1682
26.2250,1674
26.2278,1675
26.2306,1663
26.2333,1667
26.2361,1665
26.2389,1682
26.2417,1702
26.2444,1712
26.2472,1710
26.2500,1709
26.2528,1701
26.2556,1700
26.2583,1692
26.2611,1696
26.2639,1693
26.2667,1694
26.2694,1697
26.2722,1716
26.2750,1742
26.2778,1783
26.2806,1803
26.2833,1812
26.2861,1794
26.2889,1761
26.2917,1747
26.2944,1729
26.2972,1711
26.3000,1702
26.3028,1686
26.3056,1679
26.3083,1672
26.3111,1661
26.3139,1665
26.3167,1656
26.3194,1649
26.3222,1656
26.3250,1646
26.3278,1652
26.3306,1656
26.3333,1646
26.3361,1640
26.3389,1641
26.3417,1648
26.3444,1649
26.3472,1647
26.3500,1646
26.3528,1640
26.3556,1649
26.3583,1644
26.3611,1650
26.3639,1653
26.3667,1651
26.3694,1657
26.3722,1654
26.3750,1654
26.3778,1647
26.3806,1651
26.3833,1642
26.3861,1654
26.3889,1650
26.3917,1656
26.3944,1663
26.3972,1666
26.4000,1667
26.4028,1663
26.4056,1658
26.4083,1648
26.4111,1626
26.4139,1594
26.4167,1584
26.4194,1654
26.4222,1819
26.4250,2014
26.4278,2220
26.4306,2445
26.4333,2702
26.4361,2986
26.4389,3292
26.4417,3363
26.4444,3357
26.4472,3364
26.4500,3359
26.4528,3129
26.4556,2655
26.4583,2205
26.4611,1926
26.4639,1785
26.4667,1698
26.4694,1641
26.4722,1603
26.4750,1573
26.4778,1556
26.4806,1544
26.4833,1528
26.4861,1499
26.4889,1477
26.4917,1459
26.4944,1474
26.4972,1484
26.5000,1503
26.5028,1498
26.5056,1493
26.5083,1490
26.5111,1483
26.5139,1505
26.5167,1509
26.5194,1509
26.5222,1521
26.5250,1513
26.5278,1505
26.5306,1502
26.5333,1511
26.5361,1514
26.5389,1523
26.5417,1526
26.5444,1525
26.5472,1517
26.5500,1530
26.5528,1543
26.5556,1554
26.5583,1565
26.5611,1571
26.5639,1568
26.5667,1563
26.5694,1564
26.5722,1568
26.5750,1573
26.5778,1585
26.5806,1603
26.5833,1609
26.5861,1599
26.5889,1592
26.5917,1585
26.5944,1588
26.5972,1600
26.6000,1616
26.6028,1624
26.6056,1626
26.6083,1634
26.6111,1639
26.6139,1640
26.6167,1645
26.6194,1655
26.6222,1653
26.6250,1655
26.6278,1653
26.6306,1653
26.6333,1668
26.6361,1679
26.6389,1695
26.6417,1713
26.6444,1725
26.6472,1724
26.6500,1727
26.6528,1707
26.6556,1716
26.6583,1720
26.6611,1715
26.6639,1705
26.6667,1694
26.6694,1668
26.6722,1659
26.6750,1643
26.6778,1647
26.6806,1638
26.6833,1633
26.6861,1615
26.6889,1601
26.6917,1597
26.6944,1599
26.6972,1603
26.7000,1597
26.7028,1595
26.7056,1574
26.7083,1566
26.7111,1573
26.7139,1582
26.7167,1580
26.7194,1585
26.7222,1587
26.7250,1583
26.7278,1578
26.7306,1568
26.7333,1579
26.7361,1569
26.7389,1565
26.7417,1570
26.7444,1562
26.7472,1565
26.7500,1561
26.7528,1568
26.7556,1581
26.7583,1582
26.7611,1579
26.7639,1566
26.7667,1566
26.7694,1570
26.7722,1584
26.7750,1595
26.7778,1591
26.7806,1588
26.7833,1585
26.7861,1580
26.7889,1576
26.7917,1578
26.7944,1590
26.7972,1604
26.8000,1619
26.8028,1616
26.8056,1627
26.8083,1612
26.8111,1608
26.8139,1606
26.8167,1600
26.8194,1603
26.8222,1605
26.8250,1599
26.8278,1591
26.8306,1595
26.8333,1609
26.8361,1621
26.8389,1618
26.8417,1606
26.8444,1600
26.8472,1591
26.8500,1605
26.8528,1616
26.8556,1618
26.8583,1609
26.8611,1606
26.8639,1599
26.8667,1578
26.8694,1574
26.8722,1575
26.8750,1587
26.8778,1602
26.8806,1620
26.8833,1620
26.8861,1617
26.8889,1606
26.8917,1597
26.8944,1603
26.8972,1607
26.9000,1612
26.9028,1619
26.9056,1627
26.9083,1618
26.9111,1613
26.9139,1602
26.9167,1602
26.9194,1599
26.9222,1599
26.9250,1592
26.9278,1594
26.9306,1596
26.9333,1606
26.9361,1623
26.9389,1643
26.9417,1644
26.9444,1624
26.9472,1615
26.9500,1615
26.9528,1619
26.9556,1625
26.9583,1618
26.9611,1615
26.9639,1615
26.9667,1617
26.9694,1608
26.9722,1616
26.9750,1605
26.9778,1614
26.9806,1616
26.9833,1625
26.9861,1630
26.9889,1623
26.9917,1623
26.9944,1617
26.9972,1627
27.0000,1622
27.0028,1620
27.0056,1623
27.0083,1624
27.0111,1624
27.0139,1618
27.0167,1612
27.0194,1614
27.0222,1624
27.0250,1632
27.0278,1633
27.0306,1642
27.0333,1643
27.0361,1639
27.0389,1640
27.0417,1632
27.0444,1631
27.0472,1631
27.0500,1619
27.0528,1626
27.0556,1628
27.0583,1632
27.0611,1637
27.0639,1630
27.0667,1638
27.0694,1632
27.0722,1625
27.0750,1640
27.0778,1635
27.0806,1633
27.0833,1622
27.0861,1637
27.0889,1655
27.0917,1658
27.0944,1651
27.0972,1649
27.1000,1635
27.1028,1638
27.1056,1639
27.1083,1658
27.1111,1681
27.1139,1720
27.1167,1767
27.1194,1783
27.1222,1777
27.1250,1754
27.1278,1727
27.1306,1693
27.1333,1682
27.1361,1670
27.1389,1666
27.1417,1666
27.1444,1666
27.1472,1654
27.1500,1649
27.1528,1624
27.1556,1612
27.1583,1599
27.1611,1600
27.1639,1614
27.1667,1618
27.1694,1627
27.1722,1636
27.1750,1629
27.1778,1620
27.1806,1623
27.1833,1631
27.1861,1641
27.1889,1638
27.1917,1639
27.1944,1642
27.1972,1642
27.2000,1648
27.2028,1656
27.2056,1658
27.2083,1663
27.2111,1655
27.2139,1658
27.2167,1644
27.2194,1640
27.2222,1642
27.2250,1667
27.2278,1673
27.2306,1687
27.2333,1687
27.2361,1696
27.2389,1694
27.2417,1695
27.2444,1687
27.2472,1665
27.2500,1638
27.2528,1608
27.2556,1592
27.2583,1649
27.2611,1770
27.2639,1957
27.2667,2179
27.2694,2407
27.2722,2665
27.2750,2953
27.2778,3260
27.2806,3353
27.2833,3369
27.2861,3368
27.2889,3364
27.2917,3300
27.2944,2902
27.2972,2421
27.3000,2065
27.3028,1844
27.3056,1724
27.3083,1661
27.3111,1618
27.3139,1593
27.3167,1584
27.3194,1583
27.3222,1570
27.3250,1554
27.3278,1535
27.3306,1514
27.3333,1520
27.3361,1517
27.3389,1513
27.3417,1511
27.3444,1512
27.3472,1509
27.3500,1508
27.3528,1510
27.3556,1536
27.3583,1554
27.3611,1545
27.3639,1534
27.3667,1523
27.3694,1508
27.3722,1518
27.3750,1537
27.3778,1556
27.3806,1569
27.3833,1574
27.3861,1570
27.3889,1565
27.3917,1554
27.3944,1564
27.3972,1574
27.4000,1588
27.4028,1603
27.4056,1617
27.4083,1613
27.4111,1610
27.4139,1614
27.4167,1607
27.4194,1606
27.4222,1610
27.4250,1614
27.4278,1605
27.4306,1605
27.4333,1607
27.4361,1622
27.4389,1637
27.4417,1643
27.4444,1640
27.4472,1629
27.4500,1627
27.4528,1635
27.4556,1653
27.4583,1670
27.4611,1680
27.4639,1694
27.4667,1698
27.4694,1704
27.4722,1704
27.4750,1711
27.4778,1729
27.4806,1748
27.4833,1769
27.4861,1788
27.4889,1784
27.4917,1786
27.4944,1773
27.4972,1770
27.5000,1766
27.5028,1767
27.5056,1753
27.5083,1732
27.5111,1714
27.5139,1708
27.5167,1709
27.5194,1702
27.5222,1687
27.5250,1673
27.5278,1647
27.5306,1638
27.5333,1626
27.5361,1641
27.5389,1639
27.5417,1632
27.5444,1634
27.5472,1614
27.5500,1601
27.5528,1602
27.5556,1609
27.5583,1620
27.5611,1623
27.5639,1621
27.5667,1614
27.5694,1598
27.5722,1598
27.5750,1616
27.5778,1620
27.5806,1628
27.5833,1621
27.5861,1611
27.5889,1617
27.5917,1610
27.5944,1606
27.5972,1617
27.6000,1617
27.6028,1627
27.6056,1619
27.6083,1612
27.6111,1619
27.6139,1613
27.6167,1623
27.6194,1635
27.6222,1631
27.6250,1640
27.6278,1631
27.6306,1631
27.6333,1628
27.6361,1641
27.6389,1650
27.6417,1656
27.6444,1663
27.6472,1658
27.6500,1648
27.6528,1649
27.6556,1652
27.6583,1658
27.6611,1650
27.6639,1655
27.6667,1651
27.6694,1649
27.6722,1647
27.6750,1663
27.6778,1665
27.6806,1657
27.6833,1648
27.6861,1664
27.6889,1660
27.6917,1670
27.6944,1678
27.6972,1672
27.7000,1667
27.7028,1672
27.7056,1677
27.7083,1669
27.7111,1670
27.7139,1667
27.7167,1666
27.7194,1659
27.7222,1645
27.7250,1652
27.7278,1646
27.7306,1653
27.7333,1653
27.7361,1656
27.7389,1655
27.7417,1666
27.7444,1668
27.7472,1674
27.7500,1671
27.7528,1680
27.7556,1681
27.7583,1683
27.7611,1698
27.7639,1693
27.7667,1685
27.7694,1686
27.7722,1673
27.7750,1664
27.7778,1665
27.7806,1670
27.7833,1678
27.7861,1678
27.7889,1685
27.7917,1676
27.7944,1685
27.7972,1678
27.8000,1680
27.8028,1685
27.8056,1681
27.8083,1685
27.8111,1683
27.8139,1681
27.8167,1674
27.8194,1664
27.8222,1669
27.8250,1672
27.8278,1672
27.8306,1674
27.8333,1683
27.8361,1677
27.8389,1662
27.8417,1653
27.8444,1648
27.8472,1646
27.8500,1657
27.8528,1672
27.8556,1670
27.8583,1686
27.8611,1693
27.8639,1683
27.8667,1692
27.8694,1696
27.8722,1699
27.8750,1714
27.8778,1708
27.8806,1697
27.8833,1699
27.8861,1691
27.8889,1697
27.8917,1704
27.8944,1708
27.8972,1717
27.9000,1725
27.9028,1719
27.9056,1706
27.9083,1706
27.9111,1708
27.9139,1707
27.9167,1726
27.9194,1720
27.9222,1726
27.9250,1724
27.9278,1723
27.9306,1716
27.9333,1727
27.9361,1734
27.9389,1753
27.9417,1771
27.9444,1777
27.9472,1770
27.9500,1774
27.9528,1772
27.9556,1777
27.9583,1781
27.9611,1795
27.9639,1797
27.9667,1807
27.9694,1824
27.9722,1851
27.9750,1895
27.9778,1921
27.9806,1945
27.9833,1931
27.9861,1913
27.9889,1891
27.9917,1880
27.9944,1863
27.9972,1844
28.0000,1840
28.0028,1844
28.0056,1835
28.0083,1825
28.0111,1812
28.0139,1789
28.0167,1775
28.0194,1768
28.0222,1773
28.0250,1783
28.0278,1776
28.0306,1794
28.0333,1798
28.0361,1789
28.0389,1797
28.0417,1802
28.0444,1809
28.0472,1816
28.0500,1817
28.0528,1812
28.0556,1818
28.0583,1825
28.0611,1826
28.0639,1831
28.0667,1847
28.0694,1843
28.0722,1854
28.0750,1858
28.0778,1854
28.0806,1856
28.0833,1856
28.0861,1853
28.0889,1854
28.0917,1865
28.0944,1869
28.0972,1866
28.1000,1866
28.1028,1857
28.1056,1862
28.1083,1851
28.1111,1828
28.1139,1795
28.1167,1808
28.1194,1890
28.1222,2054
28.1250,2259
28.1278,2492
28.1306,2734
28.1333,3018
28.1361,3325
28.1389,3359
28.1417,3371
28.1444,3381
28.1472,3383
28.1500,3360
28.1528,3323
28.1556,2966
28.1583,2537
28.1611,2209
28.1639,1999
28.1667,1890
28.1694,1830
28.1722,1800
28.1750,1789
28.1778,1790
28.1806,1791
28.1833,1790
28.1861,1768
28.1889,1743
28.1917,1728
28.1944,1727
28.1972,1744
28.2000,1767
28.2028,1785
28.2056,1782
28.2083,1772
28.2111,1762
28.2139,1753
28.2167,1761
28.2194,1774
28.2222,1772
28.2250,1767
28.2278,1769
28.2306,1761
28.2333,1769
28.2361,1789
28.2389,1814
28.2417,1829
28.2444,1830
28.2472,1808
28.2500,1793
28.2528,1789
28.2556,1804
28.2583,1820
28.2611,1838
28.2639,1853
28.2667,1846
28.2694,1830
28.2722,1829
28.2750,1827
28.2778,1838
28.2806,1866
28.2833,1883
28.2861,1894
28.2889,1893
28.2917,1885
28.2944,1885
28.2972,1899
28.3000,1916
28.3028,1925
28.3056,1922
28.3083,1912
28.3111,1917
28.3139,1923
28.3167,1929
28.3194,1952
28.3222,1968
28.3250,1974
28.3278,1973
28.3306,1963
28.3333,1962
28.3361,1980
28.3389,1993
28.3417,2004
28.3444,2025
28.3472,2028
28.3500,2034
28.3528,2038
28.3556,2017
28.3583,2025
28.3611,2026
28.3639,2018
28.3667,2015
28.3694,1993
28.3722,1974
28.3750,1976
28.3778,1965
28.3806,1965
28.3833,1971
28.3861,1964
28.3889,1944
28.3917,1939
28.3944,1922
28.3972,1932
28.4000,1932
28.4028,1937
28.4056,1942
28.4083,1925
28.4111,1922
28.4139,1899
28.4167,1903
28.4194,1919
28.4222,1920
28.4250,1911
28.4278,1896
28.4306,1897
28.4333,1896
28.4361,1907
28.4389,1913
28.4417,1915
28.4444,1910
28.4472,1919
28.4500,1913
28.4528,1902
28.4556,1903
28.4583,1906
28.4611,1919
28.4639,1933
28.4667,1923
28.4694,1918
28.4722,1909
28.4750,1910
28.4778,1912
28.4806,1908
28.4833,1914
28.4861,1916
28.4889,1917
28.4917,1915
28.4944,1906
28.4972,1910
28.5000,1919
28.5028,1929
28.5056,1940
28.5083,1932
28.5111,1929
28.5139,1926
28.5167,1938
28.5194,1950
28.5222,1958
28.5250,1964
28.5278,1964
28.5306,1951
28.5333,1950
28.5361,1961
28.5389,1968
28.5417,1955
28.5444,1961
28.5472,1957
28.5500,1944
28.5528,1947
28.5556,1953
28.5583,1969
28.5611,1953
28.5639,1932
28.5667,1919
28.5694,1906
28.5722,1905
28.5750,1905
28.5778,1928
28.5806,1921
28.5833,1918
28.5861,1907
28.5889,1890
28.5917,1875
28.5944,1869
28.5972,1881
28.6000,1889
28.6028,1901
28.6056,1901
28.6083,1894
28.6111,1883
28.6139,1874
28.6167,1866
28.6194,1869
28.6222,1876
28.6250,1871
28.6278,1870
28.6306,1876
28.6333,1865
28.6361,1864
28.6389,1856
28.6417,1856
28.6444,1859
28.6472,1856
28.6500,1854
28.6528,1857
28.6556,1858
28.6583,1856
28.6611,1862
28.6639,1861
28.6667,1865
28.6694,1860
28.6722,1851
28.6750,1844
28.6778,1841
28.6806,1839
28.6833,1840
28.6861,1838
28.6889,1833
28.6917,1842
28.6944,1845
28.6972,1847
28.7000,1851
28.7028,1848
28.7056,1842
28.7083,1835
28.7111,1838
28.7139,1843
28.7167,1860
28.7194,1850
28.7222,1850
28.7250,1855
28.7278,1859
28.7306,1856
28.7333,1861
28.7361,1869
28.7389,1880
28.7417,1870
28.7444,1860
28.7472,1859
28.7500,1869
28.7528,1882
28.7556,1886
28.7583,1886
28.7611,1874
28.7639,1877
28.7667,1876
28.7694,1887
28.7722,1909
28.7750,1924
28.7778,1947
28.7806,1975
28.7833,2006
28.7861,2000
28.7889,1994
28.7917,1976
28.7944,1959
28.7972,1953
28.8000,1936
28.8028,1909
28.8056,1887
28.8083,1870
28.8111,1855
28.8139,1850
28.8167,1850
28.8194,1839
28.8222,1840
28.8250,1842
28.8278,1845
28.8306,1839
28.8333,1838
28.8361,1829
28.8389,1826
28.8417,1817
28.8444,1812
28.8472,1814
28.8500,1818
28.8528,1810
28.8556,1817
28.8583,1827
28.8611,1834
28.8639,1847
28.8667,1842
28.8694,1846
28.8722,1835
28.8750,1823
28.8778,1818
28.8806,1819
28.8833,1819
28.8861,1821
28.8889,1828
28.8917,1828
28.8944,1828
28.8972,1834
28.9000,1827
28.9028,1840
28.9056,1831
28.9083,1838
28.9111,1828
28.9139,1814
28.9167,1800
28.9194,1770
28.9222,1768
28.9250,1849
28.9278,1989
28.9306,2175
28.9333,2382
28.9361,2610
28.9389,2871
28.9417,3164
28.9444,3357
28.9472,3364
28.9500,3368
28.9528,3371
28.9556,3363
28.9583,3277
28.9611,2877
28.9639,2436
28.9667,2119
28.9694,1945
28.9722,1832
28.9750,1764
28.9778,1725
28.9806,1699
28.9833,1683
28.9861,1670
28.9889,1646
28.9917,1626
28.9944,1615
28.9972,1610
29.0000,1602
29.0028,1599
29.0056,1595
29.0083,1586
29.0111,1575
29.0139,1562
29.0167,1559
29.0194,1570
29.0222,1570
29.0250,1574
29.0278,1575
29.0306,1579
29.0333,1571
29.0361,1569
29.0389,1574
29.0417,1583
29.0444,1589
29.0472,1597
29.0500,1580
29.0528,1570
29.0556,1563
29.0583,1566
29.0611,1570
29.0639,1592
29.0667,1611
29.0694,1623
29.0722,1612
29.0750,1602
29.0778,1595
29.0806,1597
29.0833,1612
29.0861,1634
29.0889,1636
29.0917,1636
29.0944,1633
29.0972,1624
29.1000,1621
29.1028,1636
29.1056,1647
29.1083,1652
29.1111,1648
29.1139,1648
29.1167,1651
29.1194,1652
29.1222,1668
29.1250,1686
29.1278,1700
29.1306,1695
29.1333,1695
29.1361,1692
29.1389,1694
29.1417,1705
29.1444,1729
29.1472,1734
29.1500,1745
29.1528,1754
29.1556,1738
29.1583,1754
29.1611,1709
29.1639,1709
29.1667,1702
29.1694,1696
29.1722,1673
29.1750,1664
29.1778,1638
29.1806,1646
29.1833,1646
29.1861,1637
29.1889,1621
29.1917,1604
29.1944,1589
29.1972,1577
29.2000,1558
29.2028,1549
29.2056,1566
29.2083,1576
29.2111,1581
29.2139,1588
29.2167,1585
29.2194,1578
29.2222,1580
29.2250,1586
29.2278,1578
29.2306,1579
29.2333,1572
29.2361,1563
29.2389,1561
29.2417,1562
29.2444,1574
29.2472,1570
29.2500,1570
29.2528,1562
29.2556,1559
29.2583,1552
29.2611,1555
29.2639,1550
29.2667,1559
29.2694,1556
29.2722,1555
29.2750,1556
29.2778,1562
29.2806,1561
29.2833,1560
29.2861,1563
29.2889,1565
29.2917,1573
29.2944,1572
29.2972,1587
29.3000,1589
29.3028,1592
29.3056,1587
29.3083,1578
29.3111,1566
29.3139,1571
29.3167,1561
29.3194,1569
29.3222,1580
29.3250,1585
29.3278,1592
29.3306,1592
29.3333,1592
29.3361,1595
29.3389,1600
29.3417,1606
29.3444,1611
29.3472,1601
29.3500,1588
29.3528,1578
29.3556,1581
29.3583,1581
29.3611,1595
29.3639,1611
29.3667,1622
29.3694,1613
29.3722,1613
29.3750,1602
29.3778,1600
29.3806,1590
29.3833,1598
29.3861,1597
29.3889,1592
29.3917,1589
29.3944,1585
29.3972,1585
29.4000,1586
29.4028,1588
29.4056,1595
29.4083,1590
29.4111,1589
29.4139,1589
29.4167,1575
29.4194,1571
29.4222,1560
29.4250,1568
29.4278,1580
29.4306,1590
29.4333,1597
29.4361,1593
29.4389,1590
29.4417,1583
29.4444,1565
29.4472,1572
29.4500,1574
29.4528,1574
29.4556,1566
29.4583,1567
29.4611,1554
29.4639,1552
29.4667,1556
29.4694,1563
29.4722,1570
29.4750,1579
29.4778,1573
29.4806,1569
29.4833,1571
29.4861,1566
29.4889,1563
29.4917,1561
29.4944,1556
29.4972,1555
29.5000,1556
29.5028,1552
29.5056,1558
29.5083,1566
29.5111,1569
29.5139,1562
29.5167,1548
29.5194,1547
29.5222,1550
29.5250,1550
29.5278,1545
29.5306,1535
29.5333,1537
29.5361,1539
29.5389,1555
29.5417,1549
29.5444,1553
29.5472,1560
29.5500,1543
29.5528,1529
29.5556,1534
29.5583,1533
29.5611,1558
29.5639,1598
29.5667,1641
29.5694,1661
29.5722,1674
29.5750,1680
29.5778,1662
29.5806,1644
29.5833,1628
29.5861,1608
29.5889,1594
29.5917,1583
29.5944,1568
29.5972,1559
29.6000,1560
29.6028,1552
29.6056,1547
29.6083,1530
29.6111,1529
29.6139,1509
29.6167,1499
29.6194,1492
29.6222,1503
29.6250,1505
29.6278,1506
29.6306,1513
29.6333,1505
29.6361,1506
29.6389,1510
29.6417,1515
29.6444,1508
29.6472,1504
29.6500,1506
29.6528,1503
29.6556,1509
29.6583,1517
29.6611,1524
29.6639,1531
29.6667,1532
29.6694,1529
29.6722,1531
29.6750,1534
29.6778,1540
29.6806,1540
29.6833,1549
29.6861,1554
29.6889,1549
29.6917,1547
29.6944,1542
29.6972,1525
29.7000,1524
29.7028,1518
29.7056,1496
29.7083,1476
29.7111,1506
29.7139,1597
29.7167,1767
29.7194,1977
29.7222,2191
29.7250,2432
29.7278,2707
29.7306,3002
29.7333,3306
29.7361,3359
29.7389,3367
29.7417,3355
29.7444,3233
29.7472,2793
29.7500,2296
29.7528,1911
29.7556,1720
29.7583,1625
29.7611,1568
29.7639,1537
29.7667,1497
29.7694,1466
29.7722,1438
29.7750,1403
29.7778,1377
29.7806,1349
29.7833,1341
29.7861,1346
29.7889,1375
29.7917,1365
29.7944,1355
29.7972,1341
29.8000,1325
29.8028,1328
29.8056,1336
29.8083,1359
29.8111,1372
29.8139,1379
29.8167,1371
29.8194,1362
29.8222,1353
29.8250,1366
29.8278,1379
29.8306,1386
29.8333,1394
29.8361,1399
29.8389,1400
29.8417,1391
29.8444,1387
29.8472,1400
29.8500,1415
29.8528,1428
29.8556,1431
29.8583,1423
29.8611,1421
29.8639,1421
29.8667,1431
29.8694,1438
29.8722,1451
29.8750,1456
29.8778,1449
29.8806,1443
29.8833,1443
29.8861,1467
29.8889,1476
29.8917,1489
29.8944,1476
29.8972,1469
29.9000,1463
29.9028,1476
29.9056,1496
29.9083,1515
29.9111,1527
29.9139,1531
29.9167,1527
29.9194,1530
29.9222,1541
29.9250,1545
29.9278,1562
29.9306,1574
29.9333,1572
29.9361,1585
29.9389,1583
29.9417,1590
29.9444,1599
29.9472,1608
29.9500,1608
29.9528,1612
29.9556,1614
29.9583,1601
29.9611,1579
29.9639,1557
29.9667,1543
29.9694,1531
29.9722,1533
29.9750,1543
29.9778,1526
29.9806,1521
29.9833,1519
29.9861,1518
29.9889,1525
29.9917,1527
29.9944,1514
29.9972,1494
30.0000,1493
30.0028,1490
30.0056,1481
30.0083,1483
30.0111,1486
30.0139,1482
30.0167,1478
30.0194,1485
30.0222,1484
30.0250,1496
30.0278,1518
30.0306,1515
30.0333,1527
30.0361,1515
30.0389,1510
30.0417,1496
30.0444,1488
30.0472,1487
30.0500,1497
30.0528,1495
30.0556,1496
30.0583,1501
30.0611,1501
30.0639,1513
30.0667,1521
30.0694,1527
30.0722,1540
30.0750,1541
30.0778,1528
30.0806,1536
30.0833,1535
30.0861,1543
30.0889,1547
30.0917,1543
30.0944,1538
30.0972,1528
30.1000,1527
30.1028,1525
30.1056,1539
30.1083,1551
30.1111,1561
30.1139,1566
30.1167,1566
30.1194,1565
30.1222,1566
30.1250,1574
30.1278,1567
30.1306,1557
30.1333,1557
30.1361,1550
30.1389,1561
30.1417,1564
30.1444,1576
30.1472,1579
30.1500,1576
30.1528,1574
30.1556,1563
30.1583,1563
30.1611,1559
30.1639,1563
30.1667,1568
30.1694,1579
30.1722,1563
30.1750,1549
30.1778,1532
30.1806,1544
30.1833,1546
30.1861,1549
30.1889,1552
30.1917,1554
30.1944,1558
30.1972,1547
30.2000,1547
30.2028,1551
30.2056,1550
30.2083,1560
30.2111,1565
30.2139,1556
30.2167,1557
30.2194,1541
30.2222,1540
30.2250,1535
30.2278,1545
30.2306,1559
30.2333,1556
30.2361,1556
30.2389,1555
30.2417,1551
30.2444,1544
30.2472,1530
30.2500,1532
30.2528,1543
30.2556,1546
30.2583,1550
30.2611,1541
30.2639,1555
30.2667,1557
30.2694,1555
30.2722,1546
30.2750,1533
30.2778,1532
30.2806,1542
30.2833,1550
30.2861,1563
30.2889,1568
30.2917,1577
30.2944,1579
30.2972,1581
30.3000,1574
30.3028,1563
30.3056,1570
30.3083,1580
30.3111,1577
30.3139,1578
30.3167,1575
30.3194,1570
30.3222,1573
30.3250,1574
30.3278,1579
30.3306,1591
30.3333,1588
30.3361,1584
30.3389,1581
30.3417,1579
30.3444,1572
30.3472,1570
30.3500,1578
30.3528,1584
30.3556,1590
30.3583,1593
30.3611,1593
30.3639,1589
30.3667,1598
30.3694,1613
30.3722,1613
30.3750,1611
30.3778,1616
30.3806,1624
30.3833,1644
30.3861,1656
30.3889,1687
30.3917,1709
30.3944,1743
30.3972,1758
30.4000,1745
30.4028,1729
30.4056,1707
30.4083,1678
30.4111,1669
30.4139,1653
30.4167,1652
30.4194,1652
30.4222,1637
30.4250,1613
30.4278,1590
30.4306,1584
30.4333,1575
30.4361,1592
30.4389,1583
30.4417,1582
30.4444,1588
30.4472,1607
30.4500,1612
30.4528,1620
30.4556,1621
30.4583,1626
30.4611,1619
30.4639,1606
30.4667,1611
30.4694,1619
30.4722,1623
30.4750,1617
30.4778,1636
30.4806,1643
30.4833,1649
30.4861,1640
30.4889,1640
30.4917,1638
30.4944,1644
30.4972,1644
30.5000,1647
30.5028,1636
30.5056,1644
30.5083,1653
30.5111,1676
30.5139,1686
30.5167,1684
30.5194,1669
30.5222,1659
30.5250,1648
30.5278,1638
30.5306,1615
30.5333,1589
30.5361,1618
30.5389,1729
30.5417,1913
30.5444,2134
30.5472,2368
30.5500,2621
30.5528,2915
30.5556,3218
30.5583,3356
30.5611,3358
30.5639,3363
30.5667,3362
30.5694,3306
30.5722,2917
30.5750,2435
30.5778,2057
30.5806,1844
30.5833,1734
30.5861,1680
30.5889,1645
30.5917,1617
30.5944,1587
30.5972,1559
30.6000,1534
30.6028,1511
30.6056,1499
30.6083,1500
30.6111,1505
30.6139,1512
30.6167,1516
30.6194,1518
30.6222,1508
30.6250,1499
30.6278,1488
30.6306,1488
30.6333,1497
30.6361,1523
30.6389,1537
30.6417,1530
30.6444,1512
30.6472,1499
30.6500,1497
30.6528,1513
30.6556,1534
30.6583,1543
30.6611,1560
30.6639,1568
30.6667,1550
30.6694,1553
30.6722,1565
30.6750,1572
30.6778,1584
30.6806,1587
30.6833,1578
30.6861,1573
30.6889,1581
30.6917,1596
30.6944,1620
30.6972,1634
30.7000,1625
30.7028,1622
30.7056,1614
30.7083,1609
30.7111,1616
30.7139,1635
30.7167,1646
30.7194,1662
30.7222,1666
30.7250,1671
30.7278,1675
30.7306,1685
30.7333,1689
30.7361,1696
30.7389,1713
30.7417,1728
30.7444,1727
30.7472,1739
30.7500,1748
30.7528,1753
30.7556,1772
30.7583,1788
30.7611,1795
30.7639,1800
30.7667,1793
30.7694,1804
30.7722,1844
30.7750,1849
30.7778,1855
30.7806,1843
30.7833,1820
30.7861,1788
30.7889,1784
30.7917,1766
30.7944,1766
30.7972,1767
30.8000,1763
30.8028,1753
30.8056,1739
30.8083,1730
30.8111,1724
30.8139,1737
30.8167,1751
30.8194,1749
30.8222,1749
30.8250,1723
30.8278,1715
30.8306,1705
30.8333,1711
30.8361,1714
30.8389,1722
30.8417,1729
30.8444,1721
30.8472,1714
30.8500,1720
30.8528,1710
30.8556,1719
30.8583,1714
30.8611,1716
30.8639,1713
30.8667,1705
30.8694,1685
30.8722,1699
30.8750,1703
30.8778,1709
30.8806,1719
30.8833,1726
30.8861,1721
30.8889,1720
30.8917,1720
30.8944,1731
30.8972,1740
30.9000,1742
30.9028,1728
30.9056,1726
30.9083,1732
30.9111,1731
30.9139,1735
30.9167,1737
30.9194,1738
30.9222,1746
30.9250,1750
30.9278,1738
30.9306,1738
30.9333,1743
30.9361,1728
30.9389,1732
30.9417,1727
30.9444,1723
30.9472,1733
30.9500,1728
30.9528,1723
30.9556,1739
30.9583,1736
30.9611,1740
30.9639,1736
30.9667,1736
30.9694,1736
30.9722,1736
30.9750,1726
30.9778,1735
30.9806,1739
30.9833,1746
30.9861,1751
30.9889,1765
30.9917,1771
30.9944,1769
30.9972,1767
31.0000,1772
31.0028,1776
31.0056,1754
31.0083,1758
31.0111,1756
31.0139,1769
31.0167,1777
31.0194,1787
31.0222,1776
31.0250,1776
31.0278,1774
31.0306,1775
31.0333,1769
31.0361,1778
31.0389,1786
31.0417,1790
31.0444,1781
31.0472,1771
31.0500,1773
31.0528,1772
31.0556,1792
31.0583,1794
31.0611,1787
31.0639,1780
31.0667,1783
31.0694,1785
31.0722,1776
31.0750,1780
31.0778,1788
31.0806,1797
31.0833,1806
31.0861,1803
31.0889,1802
31.0917,1798
31.0944,1783
31.0972,1792
31.1000,1798
31.1028,1806
31.1056,1800
31.1083,1796
31.1111,1802
31.1139,1801
31.1167,1810
31.1194,1809
31.1222,1812
31.1250,1799
31.1278,1789
31.1306,1792
31.1333,1797
31.1361,1806
31.1389,1803
31.1417,1806
31.1444,1801
31.1472,1803
31.1500,1809
31.1528,1821
31.1556,1823
31.1583,1829
31.1611,1825
31.1639,1824
31.1667,1831
31.1694,1841
31.1722,1841
31.1750,1832
31.1778,1828
31.1806,1833
31.1833,1836
31.1861,1837
31.1889,1839
31.1917,1846
31.1944,1859
31.1972,1880
31.2000,1886
31.2028,1875
31.2056,1870
31.2083,1857
31.2111,1864
31.2139,1887
31.2167,1899
31.2194,1929
31.2222,1961
31.2250,1986
31.2278,2008
31.2306,2019
31.2333,2013
31.2361,1989
31.2389,1960
31.2417,1943
31.2444,1925
31.2472,1897
31.2500,1895
31.2528,1899
31.2556,1895
31.2583,1879
31.2611,1874
31.2639,1855
31.2667,1832
31.2694,1819
31.2722,1828
31.2750,1833
31.2778,1841
31.2806,1842
31.2833,1862
31.2861,1871
31.2889,1885
31.2917,1888
31.2944,1880
31.2972,1882
31.3000,1879
31.3028,1874
31.3056,1871
31.3083,1876
31.3111,1873
31.3139,1879
31.3167,1880
31.3194,1894
31.3222,1897
31.3250,1906
31.3278,1914
31.3306,1912
31.3333,1922
31.3361,1916
31.3389,1914
31.3417,1918
31.3444,1904
31.3472,1912
31.3500,1908
31.3528,1903
31.3556,1907
31.3583,1903
31.3611,1898
31.3639,1875
31.3667,1852
31.3694,1871
31.3722,1983
31.3750,2148
31.3778,2374
31.3806,2601
31.3833,2832
31.3861,3096
31.3889,3350
31.3917,3368
31.3944,3375
31.3972,3373
31.4000,3364
31.4028,3363
31.4056,3354
31.4083,3055
31.4111,2640
31.4139,2304
31.4167,2086
31.4194,1965
31.4222,1890
31.4250,1847
31.4278,1818
31.4306,1806
31.4333,1784
31.4361,1776
31.4389,1775
31.4417,1764
31.4444,1762
31.4472,1762
31.4500,1773
31.4528,1791
31.4556,1794
31.4583,1798
31.4611,1774
31.4639,1759
31.4667,1769
31.4694,1802
31.4722,1812
31.4750,1831
31.4778,1827
31.4806,1810
31.4833,1795
31.4861,1790
31.4889,1811
31.4917,1831
31.4944,1854
31.4972,1871
31.5000,1871
31.5028,1865
31.5056,1866
31.5083,1876
31.5111,1888
31.5139,1902
31.5167,1907
31.5194,1901
31.5222,1884
31.5250,1873
31.5278,1886
31.5306,1903
31.5333,1929
31.5361,1948
31.5389,1950
31.5417,1941
31.5444,1942
31.5472,1941
31.5500,1940
31.5528,1952
31.5556,1953
31.5583,1960
31.5611,1960
31.5639,1960
31.5667,1962
31.5694,1977
31.5722,1990
31.5750,2006
31.5778,2016
31.5806,2026
31.5833,2029
31.5861,2029
31.5889,2026
31.5917,2044
31.5944,2061
31.5972,2072
31.6000,2070
31.6028,2072
31.6056,2077
31.6083,2036
31.6111,2031
31.6139,2031
31.6167,2026
31.6194,2010
31.6222,1991
31.6250,1968
31.6278,1958
31.6306,1952
31.6333,1953
31.6361,1961
31.6389,1944
31.6417,1931
31.6444,1908
31.6472,1895
31.6500,1898
31.6528,1897
31.6556,1911
31.6583,1908
31.6611,1910
31.6639,1901
31.6667,1894
31.6694,1896
31.6722,1900
31.6750,1913
31.6778,1913
31.6806,1910
31.6833,1891
31.6861,1884
31.6889,1883
31.6917,1894
31.6944,1903
31.6972,1916
31.7000,1904
31.7028,1912
31.7056,1900
31.7083,1892
31.7111,1896
31.7139,1894
31.7167,1883
31.7194,1885
31.7222,1873
31.7250,1877
31.7278,1885
31.7306,1884
31.7333,1905
31.7361,1901
31.7389,1889
31.7417,1877
31.7444,1876
31.7472,1874
31.7500,1885
31.7528,1894
31.7556,1900
31.7583,1897
31.7611,1887
31.7639,1883
31.7667,1882
31.7694,1886
31.7722,1873
31.7750,1870
31.7778,1874
31.7806,1880
31.7833,1874
31.7861,1871
31.7889,1878
31.7917,1879
31.7944,1887
31.7972,1885
31.8000,1884
31.8028,1883
31.8056,1893
31.8083,1892
31.8111,1900
31.8139,1895
31.8167,1901
31.8194,1893
31.8222,1890
31.8250,1878
31.8278,1885
31.8306,1883
31.8333,1884
31.8361,1892
31.8389,1881
31.8417,1878
31.8444,1880
31.8472,1870
31.8500,1875
31.8528,1867
31.8556,1872
31.8583,1873
31.8611,1861
31.8639,1864
31.8667,1860
31.8694,1857
31.8722,1874
31.8750,1874
31.8778,1877
31.8806,1876
31.8833,1870
31.8861,1871
31.8889,1881
31.8917,1885
31.8944,1887
31.8972,1886
31.9000,1876
31.9028,1872
31.9056,1878
31.9083,1865
31.9111,1878
31.9139,1880
31.9167,1885
31.9194,1884
31.9222,1892
31.9250,1891
31.9278,1888
31.9306,1883
31.9333,1877
31.9361,1875
31.9389,1856
31.9417,1851
31.9444,1839
31.9472,1840
31.9500,1856
31.9528,1867
31.9556,1871
31.9583,1876
31.9611,1873
31.9639,1862
31.9667,1847
31.9694,1853
31.9722,1873
31.9750,1881
31.9778,1888
31.9806,1884
31.9833,1898
31.9861,1899
31.9889,1904
31.9917,1912
31.9944,1922
31.9972,1945
32.0000,1974
32.0028,2000
32.0056,2010
32.0083,2006
32.0111,1979
32.0139,1960
32.0167,1925
32.0194,1907
32.0222,1879
32.0250,1867
32.0278,1861
32.0306,1848
32.0333,1848
32.0361,1844
32.0389,1836
32.0417,1823
32.0444,1822
32.0472,1816
32.0500,1813
32.0528,1833
32.0556,1824
32.0583,1827
32.0611,1815
32.0639,1817
32.0667,1822
32.0694,1826
32.0722,1822
32.0750,1818
32.0778,1819
32.0806,1813
32.0833,1824
32.0861,1834
32.0889,1826
32.0917,1830
32.0944,1825
32.0972,1821
32.1000,1809
32.1028,1798
32.1056,1795
32.1083,1807
32.1111,1810
32.1139,1808
32.1167,1821
32.1194,1810
32.1222,1808
32.1250,1813
32.1278,1806
32.1306,1803
32.1333,1790
32.1361,1791
32.1389,1784
32.1417,1765
32.1444,1793
32.1472,1889
32.1500,2045
32.1528,2249
32.1556,2476
32.1583,2718
32.1611,2981
32.1639,3275
32.1667,3359
32.1694,3364
32.1722,3373
32.1750,3374
32.1778,3351
32.1806,3091
32.1833,2640
32.1861,2249
32.1889,2006
32.1917,1879
32.1944,1808
32.1972,1747
32.2000,1711
32.2028,1700
32.2056,1683
32.2083,1667
32.2111,1648
32.2139,1632
32.2167,1624
32.2194,1616
32.2222,1618
32.2250,1626
32.2278,1627
32.2306,1607
32.2333,1588
32.2361,1574
32.2389,1574
32.2417,1578
32.2444,1591
32.2472,1597
32.2500,1611
32.2528,1609
32.2556,1612
32.2583,1607
32.2611,1605
32.2639,1621
32.2667,1628
32.2694,1632
32.2722,1632
32.2750,1612
32.2778,1619
32.2806,1614
32.2833,1622
32.2861,1628
32.2889,1634
32.2917,1632
32.2944,1622
32.2972,1607
32.3000,1613
32.3028,1631
32.3056,1650
32.3083,1658
32.3111,1667
32.3139,1659
32.3167,1644
32.3194,1642
32.3222,1652
32.3250,1666
32.3278,1671
32.3306,1684
32.3333,1678
32.3361,1662
32.3389,1668
32.3417,1678
32.3444,1694
32.3472,1707
32.3500,1713
32.3528,1713
32.3556,1711
32.3583,1718
32.3611,1719
32.3639,1720
32.3667,1733
32.3694,1742
32.3722,1750
32.3750,1744
32.3778,1746
32.3806,1667
32.3833,1679
32.3861,1661
32.3889,1649
32.3917,1636
32.3944,1637
32.3972,1623
32.4000,1607
32.4028,1600
32.4056,1596
32.4083,1600
32.4111,1580
32.4139,1571
32.4167,1559
32.4194,1554
32.4222,1542
32.4250,1551
32.4278,1544
32.4306,1538
32.4333,1533
32.4361,1520
32.4389,1507
32.4417,1503
32.4444,1506
32.4472,1498
32.4500,1502
32.4528,1507
32.4556,1500
32.4583,1500
32.4611,1496
32.4639,1501
32.4667,1500
32.4694,1494
32.4722,1484
32.4750,1487
32.4778,1479
32.4806,1492
32.4833,1492
32.4861,1500
32.4889,1504
32.4917,1488
32.4944,1482
32.4972,1477
32.5000,1480
32.5028,1475
32.5056,1481
32.5083,1482
32.5111,1489
32.5139,1479
32.5167,1486
32.5194,1483
32.5222,1491
32.5250,1496
32.5278,1501
32.5306,1495
32.5333,1497
32.5361,1492
32.5389,1489
32.5417,1487
32.5444,1488
32.5472,1483
32.5500,1480
32.5528,1470
32.5556,1474
32.5583,1485
32.5611,1499
32.5639,1510
32.5667,1506
32.5694,1500
32.5722,1506
32.5750,1507
32.5778,1483
32.5806,1486
32.5833,1495
32.5861,1497
32.5889,1499
32.5917,1505
32.5944,1499
32.5972,1497
32.6000,1499
32.6028,1492
32.6056,1499
32.6083,1501
32.6111,1489
32.6139,1480
32.6167,1471
32.6194,1475
32.6222,1470
32.6250,1475
32.6278,1483
32.6306,1488
32.6333,1504
32.6361,1498
32.6389,1481
32.6417,1480
32.6444,1484
32.6472,1480
32.6500,1475
32.6528,1470
32.6556,1468
32.6583,1479
32.6611,1485
32.6639,1473
32.6667,1476
32.6694,1479
32.6722,1482
32.6750,1479
32.6778,1486
32.6806,1488
32.6833,1489
32.6861,1489
32.6889,1499
32.6917,1489
32.6944,1479
32.6972,1480
32.7000,1474
32.7028,1479
32.7056,1485
32.7083,1487
32.7111,1501
32.7139,1489
32.7167,1477
32.7194,1478
32.7222,1476
32.7250,1480
32.7278,1483
32.7306,1487
32.7333,1497
32.7361,1497
32.7389,1504
32.7417,1503
32.7444,1501
32.7472,1499
32.7500,1500
32.7528,1501
32.7556,1520
32.7583,1546
32.7611,1584
32.7639,1618
32.7667,1642
32.7694,1645
32.7722,1618
32.7750,1597
32.7778,1572
32.7806,1557
32.7833,1557
32.7861,1555
32.7889,1556
32.7917,1545
32.7944,1533
32.7972,1517
32.8000,1497
32.8028,1474
32.8056,1457
32.8083,1445
32.8111,1455
32.8139,1456
32.8167,1460
32.8194,1456
32.8222,1454
32.8250,1447
32.8278,1444
32.8306,1445
32.8333,1446
32.8361,1446
32.8389,1443
32.8417,1448
32.8444,1452
32.8472,1454
32.8500,1457
32.8528,1460
32.8556,1468
32.8583,1466
32.8611,1453
32.8639,1445
32.8667,1435
32.8694,1443
32.8722,1441
32.8750,1450
32.8778,1462
32.8806,1454
32.8833,1458
32.8861,1455
32.8889,1471
32.8917,1472
32.8944,1466
32.8972,1458
32.9000,1442
32.9028,1416
32.9056,1385
32.9083,1400
32.9111,1501
32.9139,1678
32.9167,1892
32.9194,2125
32.9222,2380
32.9250,2672
32.9278,2981
32.9306,3299
32.9333,3362
32.9361,3355
32.9389,3353
32.9417,3171
32.9444,2716
32.9472,2205
32.9500,1849
32.9528,1664
32.9556,1579
32.9583,1532
32.9611,1492
32.9639,1461
32.9667,1444
32.9694,1403
32.9722,1361
32.9750,1329
32.9778,1312
32.9806,1311
32.9833,1322
32.9861,1346
32.9889,1357
32.9917,1341
32.9944,1337
32.9972,1337
33.0000,1341
33.0028,1347
33.0056,1359
33.0083,1346
33.0111,1342
33.0139,1338
33.0167,1332
33.0194,1335
33.0222,1348
33.0250,1366
33.0278,1382
33.0306,1380
33.0333,1377
33.0361,1362
33.0389,1360
33.0417,1358
33.0444,1380
33.0472,1387
33.0500,1390
33.0528,1387
33.0556,1373
33.0583,1375
33.0611,1374
33.0639,1388
33.0667,1408
33.0694,1419
33.0722,1420
33.0750,1416
33.0778,1418
33.0806,1417
33.0833,1433
33.0861,1447
33.0889,1454
33.0917,1460
33.0944,1455
33.0972,1454
33.1000,1455
33.1028,1457
33.1056,1472
33.1083,1485
33.1111,1491
33.1139,1494
33.1167,1501
33.1194,1497
33.1222,1500
33.1250,1509
33.1278,1511
33.1306,1508
33.1333,1507
33.1361,1500
33.1389,1506
33.1417,1520
33.1444,1576
33.1472,1592
33.1500,1583
33.1528,1562
33.1556,1546
33.1583,1522
33.1611,1503
33.1639,1511
33.1667,1511
33.1694,1502
33.1722,1493
33.1750,1478
33.1778,1450
33.1806,1440
33.1833,1435
33.1861,1445
33.1889,1452
33.1917,1451
33.1944,1437
33.1972,1426
33.2000,1418
33.2028,1410
33.2056,1415
33.2083,1413
33.2111,1400
33.2139,1413
33.2167,1408
33.2194,1409
33.2222,1398
33.2250,1414
33.2278,1421
33.2306,1423
33.2333,1433
33.2361,1425
33.2389,1405
33.2417,1399
33.2444,1402
33.2472,1401
33.2500,1408
33.2528,1404
33.2556,1409
33.2583,1405
33.2611,1394
33.2639,1386
33.2667,1384
33.2694,1390
33.2722,1410
33.2750,1419
33.2778,1442
33.2806,1438
33.2833,1441
33.2861,1433
33.2889,1424
33.2917,1415
33.2944,1401
33.2972,1389
33.3000,1400
33.3028,1408
33.3056,1423
33.3083,1445
33.3111,1465
33.3139,1466
33.3167,1460
33.3194,1456
33.3222,1455
33.3250,1457
33.3278,1445
33.3306,1435
33.3333,1427
33.3361,1422
33.3389,1427
33.3417,1442
33.3444,1442
33.3472,1453
33.3500,1463
33.3528,1462
33.3556,1463
33.3583,1455
33.3611,1458
33.3639,1459
33.3667,1465
33.3694,1463
33.3722,1461
33.3750,1448
33.3778,1443
33.3806,1450
33.3833,1449
33.3861,1461
33.3889,1486
33.3917,1483
33.3944,1480
33.3972,1463
33.4000,1442
33.4028,1435
33.4056,1430
33.4083,1426
33.4111,1426
33.4139,1441
33.4167,1459
33.4194,1470
33.4222,1475
33.4250,1474
33.4278,1475
33.4306,1484
33.4333,1466
33.4361,1465
33.4389,1458
33.4417,1471
33.4444,1479
33.4472,1484
33.4500,1487
33.4528,1480
33.4556,1488
33.4583,1482
33.4611,1490
33.4639,1491
33.4667,1498
33.4694,1514
33.4722,1515
33.4750,1517
33.4778,1521
33.4806,1526
33.4833,1544
33.4861,1557
33.4889,1556
33.4917,1549
33.4944,1544
33.4972,1525
33.5000,1520
33.5028,1520
33.5056,1541
33.5083,1562
33.5111,1579
33.5139,1575
33.5167,1571
33.5194,1579
33.5222,1590
33.5250,1592
33.5278,1591
33.5306,1590
33.5333,1588
33.5361,1592
33.5389,1594
33.5417,1604
33.5444,1611
33.5472,1610
33.5500,1612
33.5528,1602
33.5556,1608
33.5583,1612
33.5611,1613
33.5639,1620
33.5667,1630
33.5694,1642
33.5722,1656
33.5750,1659
33.5778,1656
33.5806,1674
33.5833,1688
33.5861,1697
33.5889,1732
33.5917,1758
33.5944,1769
33.5972,1764
33.6000,1756
33.6028,1745
33.6056,1740
33.6083,1729
33.6111,1729
33.6139,1715
33.6167,1702
33.6194,1686
33.6222,1667
33.6250,1650
33.6278,1651
33.6306,1653
33.6333,1646
33.6361,1637
33.6389,1643
33.6417,1639
33.6444,1651
33.6472,1661
33.6500,1666
33.6528,1680
33.6556,1679
33.6583,1670
33.6611,1658
33.6639,1645
33.6667,1648
33.6694,1655
33.6722,1658
33.6750,1654
33.6778,1655
33.6806,1662
33.6833,1665
33.6861,1658
33.6889,1662
33.6917,1646
33.6944,1654
33.6972,1658
33.7000,1672
33.7028,1685
33.7056,1698
33.7083,1703
33.7111,1691
33.7139,1692
33.7167,1688
33.7194,1692
33.7222,1679
33.7250,1676
33.7278,1649
33.7306,1604
33.7333,1598
33.7361,1648
33.7389,1781
33.7417,1964
33.7444,2200
33.7472,2455
33.7500,2732
33.7528,3019
33.7556,3334
33.7583,3365
33.7611,3363
33.7639,3372
33.7667,3371
33.7694,3340
33.7722,2974
33.7750,2492
33.7778,2111
33.7806,1878
33.7833,1749
33.7861,1683
33.7889,1662
33.7917,1651
33.7944,1645
33.7972,1638
33.8000,1623
33.8028,1611
33.8056,1582
33.8083,1561
33.8111,1554
33.8139,1544
33.8167,1537
33.8194,1550
33.8222,1548
33.8250,1550
33.8278,1542
33.8306,1542
33.8333,1557
33.8361,1563
33.8389,1568
33.8417,1584
33.8444,1575
33.8472,1561
33.8500,1560
33.8528,1566
33.8556,1575
33.8583,1587
33.8611,1598
33.8639,1593
33.8667,1589
33.8694,1577
33.8722,1593
33.8750,1610
33.8778,1623
33.8806,1620
33.8833,1611
33.8861,1601
33.8889,1597
33.8917,1609
33.8944,1618
33.8972,1640
33.9000,1643
33.9028,1645
33.9056,1644
33.9083,1647
33.9111,1656
33.9139,1674
33.9167,1684
33.9194,1694
33.9222,1688
33.9250,1682
33.9278,1688
33.9306,1694
33.9333,1697
33.9361,1708
33.9389,1718
33.9417,1732
33.9444,1731
33.9472,1734
33.9500,1742
33.9528,1753
33.9556,1762
33.9583,1775
33.9611,1784
33.9639,1787
33.9667,1790
33.9694,1798
33.9722,1808
33.9750,1804
33.9778,1802
33.9806,1794
33.9833,1789
33.9861,1786
33.9889,1767
33.9917,1756
33.9944,1751
33.9972,1745
34.0000,1743
34.0028,1725
34.0056,1703
34.0083,1690
34.0111,1682
34.0139,1682
34.0167,1683
34.0194,1686
34.0222,1686
34.0250,1678
34.0278,1673
34.0306,1671
34.0333,1671
34.0361,1680
34.0389,1681
34.0417,1691
34.0444,1681
34.0472,1675
34.0500,1674
34.0528,1668
34.0556,1679
34.0583,1686
34.0611,1692
34.0639,1686
34.0667,1688
34.0694,1684
34.0722,1699
34.0750,1708
34.0778,1722
34.0806,1717
34.0833,1710
34.0861,1695
34.0889,1690
34.0917,1689
34.0944,1679
34.0972,1690
34.1000,1688
34.1028,1693
34.1056,1685
34.1083,1686
34.1111,1685
34.1139,1690
34.1167,1696
34.1194,1699
34.1222,1700
34.1250,1690
34.1278,1675
34.1306,1680
34.1333,1680
34.1361,1690
34.1389,1698
34.1417,1692
34.1444,1708
34.1472,1705
34.1500,1708
34.1528,1712
34.1556,1718
34.1583,1718
34.1611,1720
34.1639,1715
34.1667,1716
34.1694,1723
34.1722,1719
34.1750,1719
34.1778,1722
34.1806,1734
34.1833,1748
34.1861,1760
34.1889,1759
34.1917,1753
34.1944,1745
34.1972,1751
34.2000,1757
34.2028,1751
34.2056,1744
34.2083,1746
34.2111,1755
34.2139,1772
34.2167,1779
34.2194,1783
34.2222,1783
34.2250,1773
34.2278,1760
34.2306,1756
34.2333,1768
34.2361,1777
34.2389,1781
34.2417,1796
34.2444,1800
34.2472,1797
34.2500,1802
34.2528,1785
34.2556,1795
34.2583,1790
34.2611,1787
34.2639,1780
34.2667,1775
34.2694,1770
34.2722,1778
34.2750,1781
34.2778,1790
34.2806,1792
34.2833,1792
34.2861,1787
34.2889,1793
34.2917,1786
34.2944,1781
34.2972,1786
34.3000,1789
34.3028,1800
34.3056,1801
34.3083,1794
34.3111,1787
34.3139,1790
34.3167,1794
34.3194,1797
34.3222,1808
34.3250,1809
34.3278,1808
34.3306,1818
34.3333,1820
34.3361,1833
34.3389,1837
34.3417,1840
34.3444,1827
34.3472,1837
34.3500,1841
34.3528,1846
34.3556,1846
34.3583,1839
34.3611,1844
34.3639,1842
34.3667,1839
34.3694,1841
34.3722,1840
34.3750,1837
34.3778,1852
34.3806,1869
34.3833,1873
34.3861,1866
34.3889,1861
34.3917,1852
34.3944,1861
34.3972,1862
34.4000,1868
34.4028,1865
34.4056,1871
34.4083,1871
34.4111,1861
34.4139,1862
34.4167,1875
34.4194,1890
34.4222,1912
34.4250,1897
34.4278,1889
34.4306,1890
34.4333,1904
34.4361,1911
34.4389,1928
34.4417,1944
34.4444,1966
34.4472,1981
34.4500,2006
34.4528,2035
34.4556,2022
34.4583,2005
34.4611,1995
34.4639,1986
34.4667,1983
34.4694,1988
34.4722,1975
34.4750,1963
34.4778,1949
34.4806,1930
34.4833,1916
34.4861,1903
34.4889,1893
34.4917,1890
34.4944,1889
34.4972,1894
34.5000,1900
34.5028,1913
34.5056,1903
34.5083,1911
34.5111,1910
34.5139,1912
34.5167,1910
34.5194,1899
34.5222,1908
34.5250,1904
34.5278,1903
34.5306,1903
34.5333,1898
34.5361,1906
34.5389,1913
34.5417,1920
34.5444,1927
34.5472,1924
34.5500,1915
34.5528,1918
34.5556,1922
34.5583,1916
34.5611,1928
34.5639,1921
34.5667,1920
34.5694,1931
34.5722,1935
34.5750,1943
34.5778,1950
34.5806,1932
34.5833,1929
34.5861,1900
34.5889,1867
34.5917,1872
34.5944,1936
34.5972,2083
34.6000,2282
34.6028,2508
34.6056,2737
34.6083,2998
34.6111,3295
34.6139,3359
34.6167,3376
34.6194,3378
34.6222,3385
34.6250,3365
34.6278,3360
34.6306,3237
34.6333,2851
34.6361,2456
34.6389,2179
34.6417,1999
34.6444,1907
34.6472,1859
34.6500,1830
34.6528,1827
34.6556,1824
34.6583,1820
34.6611,1809
34.6639,1795
34.6667,1778
34.6694,1775
34.6722,1785
34.6750,1799
34.6778,1816
34.6806,1817
34.6833,1800
34.6861,1786
34.6889,1765
34.6917,1772
34.6944,1783
34.6972,1798
34.7000,1800
34.7028,1803
34.7056,1792
34.7083,1784
34.7111,1791
34.7139,1798
34.7167,1815
34.7194,1827
34.7222,1810
34.7250,1797
34.7278,1788
34.7306,1789
34.7333,1804
34.7361,1832
34.7389,1843
34.7417,1837
34.7444,1822
34.7472,1820
34.7500,1827
34.7528,1845
34.7556,1864
34.7583,1873
34.7611,1873
34.7639,1868
34.7667,1850
34.7694,1844
34.7722,1847
34.7750,1856
34.7778,1877
34.7806,1895
34.7833,1904
34.7861,1889
34.7889,1889
34.7917,1887
34.7944,1903
34.7972,1930
34.8000,1938
34.8028,1936
34.8056,1940
34.8083,1951
34.8111,1967
34.8139,1982
34.8167,1985
34.8194,1998
34.8222,1990
34.8250,1988
34.8278,1983
34.8306,2005
34.8333,1987
34.8361,1984
34.8389,1975
34.8417,1965
34.8444,1951
34.8472,1934
34.8500,1926
34.8528,1915
34.8556,1909
34.8583,1895
34.8611,1879
34.8639,1859
34.8667,1856
34.8694,1853
34.8722,1858
34.8750,1863
34.8778,1869
34.8806,1879
34.8833,1871
34.8861,1853
34.8889,1842
34.8917,1826
34.8944,1833
34.8972,1849
34.9000,1856
34.9028,1855
34.9056,1839
34.9083,1829
34.9111,1819
34.9139,1834
34.9167,1840
34.9194,1835
34.9222,1834
34.9250,1831
34.9278,1835
34.9306,1827
34.9333,1837
34.9361,1846
34.9389,1853
34.9417,1837
34.9444,1825
34.9472,1800
34.9500,1800
34.9528,1796
34.9556,1800
34.9583,1804
34.9611,1810
34.9639,1813
34.9667,1817
34.9694,1813
34.9722,1818
34.9750,1830
34.9778,1839
34.9806,1844
34.9833,1841
34.9861,1837
34.9889,1830
34.9917,1834
34.9944,1841
34.9972,1849
35.0000,1851
35.0028,1851
35.0056,1856
35.0083,1842
35.0111,1837
35.0139,1839
35.0167,1845
35.0194,1856
35.0222,1865
35.0250,1858
35.0278,1844
35.0306,1851
35.0333,1854
35.0361,1865
35.0389,1871
35.0417,1862
35.0444,1851
35.0472,1843
35.0500,1837
35.0528,1827
35.0556,1833
35.0583,1838
35.0611,1836
35.0639,1839
35.0667,1835
35.0694,1835
35.0722,1830
35.0750,1846
35.0778,1835
35.0806,1830
35.0833,1832
35.0861,1839
35.0889,1837
35.0917,1836
35.0944,1838
35.0972,1844
35.1000,1845
35.1028,1849
35.1056,1838
35.1083,1838
35.1111,1830
35.1139,1831
35.1167,1840
35.1194,1837
35.1222,1850
35.1250,1838
35.1278,1836
35.1306,1839
35.1333,1836
35.1361,1841
35.1389,1852
35.1417,1842
35.1444,1824
35.1472,1823
35.1500,1814
35.1528,1803
35.1556,1797
35.1583,1802
35.1611,1801
35.1639,1803
35.1667,1807
35.1694,1803
35.1722,1806
35.1750,1805
35.1778,1798
35.1806,1806
35.1833,1801
35.1861,1797
35.1889,1806
35.1917,1809
35.1944,1817
35.1972,1824
35.2000,1828
35.2028,1826
35.2056,1835
35.2083,1855
35.2111,1852
35.2139,1865
35.2167,1864
35.2194,1850
35.2222,1838
35.2250,1827
35.2278,1830
35.2306,1853
35.2333,1875
35.2361,1902
35.2389,1927
35.2417,1938
35.2444,1927
35.2472,1900
35.2500,1871
35.2528,1873
35.2556,1861
35.2583,1846
35.2611,1819
35.2639,1795
35.2667,1784
35.2694,1773
35.2722,1772
35.2750,1782
35.2778,1770
35.2806,1767
35.2833,1754
35.2861,1741
35.2889,1721
35.2917,1705
35.2944,1693
35.2972,1707
35.3000,1718
35.3028,1739
35.3056,1741
35.3083,1739
35.3111,1734
35.3139,1729
35.3167,1720
35.3194,1730
35.3222,1726
35.3250,1726
35.3278,1729
35.3306,1729
35.3333,1720
35.3361,1703
35.3389,1703
35.3417,1699
35.3444,1711
35.3472,1719
35.3500,1736
35.3528,1735
35.3556,1745
35.3583,1741
35.3611,1723
35.3639,1720
35.3667,1710
35.3694,1695
35.3722,1681
35.3750,1657
35.3778,1626
35.3806,1624
35.3833,1689
35.3861,1821
35.3889,2013
35.3917,2216
35.3944,2455
35.3972,2712
35.4000,3009
35.4028,3297
35.4056,3362
35.4083,3371
35.4111,3365
35.4139,3366
35.4167,3269
35.4194,2852
35.4222,2368
35.4250,2033
35.4278,1852
35.4306,1762
35.4333,1711
35.4361,1667
35.4389,1643
35.4417,1625
35.4444,1595
35.4472,1586
35.4500,1566
35.4528,1544
35.4556,1538
35.4583,1535
35.4611,1544
35.4639,1568
35.4667,1566
35.4694,1566
35.4722,1559
35.4750,1545
35.4778,1544
35.4806,1552
35.4833,1563
35.4861,1553
35.4889,1551
35.4917,1530
35.4944,1540
35.4972,1533
35.5000,1544
35.5028,1559
35.5056,1572
35.5083,1570
35.5111,1563
35.5139,1555
35.5167,1554
35.5194,1562
35.5222,1569
35.5250,1580
35.5278,1582
35.5306,1572
35.5333,1569
35.5361,1567
35.5389,1580
35.5417,1591
35.5444,1609
35.5472,1601
35.5500,1589
35.5528,1584
35.5556,1574
35.5583,1572
35.5611,1587
35.5639,1600
35.5667,1624
35.5694,1628
35.5722,1632
35.5750,1629
35.5778,1636
35.5806,1644
35.5833,1639
35.5861,1640
35.5889,1626
35.5917,1630
35.5944,1630
35.5972,1650
35.6000,1670
35.6028,1683
35.6056,1704
35.6083,1714
35.6111,1712
35.6139,1721
35.6167,1722
35.6194,1672
35.6222,1680
35.6250,1676
35.6278,1667
35.6306,1648
35.6333,1625
35.6361,1612
35.6389,1606
35.6417,1597
35.6444,1607
35.6472,1589
35.6500,1573
35.6528,1572
35.6556,1560
35.6583,1560
35.6611,1560
35.6639,1570
35.6667,1568
35.6694,1554
35.6722,1540
35.6750,1520
35.6778,1513
35.6806,1501
35.6833,1504
35.6861,1511
35.6889,1519
35.6917,1505
35.6944,1489
35.6972,1493
35.7000,1505
35.7028,1509
35.7056,1510
35.7083,1496
35.7111,1481
35.7139,1479
35.7167,1479
35.7194,1482
35.7222,1489
35.7250,1496
35.7278,1504
35.7306,1506
35.7333,1507
35.7361,1509
35.7389,1515
35.7417,1507
35.7444,1515
35.7472,1520
35.7500,1520
35.7528,1520
35.7556,1528
35.7583,1527
35.7611,1540
35.7639,1546
35.7667,1540
35.7694,1539
35.7722,1533
35.7750,1528
35.7778,1526
35.7806,1533
35.7833,1540
35.7861,1551
35.7889,1558
35.7917,1559
35.7944,1557
35.7972,1545
35.8000,1548
35.8028,1546
35.8056,1543
35.8083,1533
35.8111,1541
35.8139,1532
35.8167,1537
35.8194,1543
35.8222,1538
35.8250,1543
35.8278,1528
35.8306,1543
35.8333,1545
35.8361,1552
35.8389,1553
35.8417,1545
35.8444,1546
35.8472,1555
35.8500,1554
35.8528,1549
35.8556,1537
35.8583,1548
35.8611,1550
35.8639,1553
35.8667,1540
35.8694,1530
35.8722,1528
35.8750,1522
35.8778,1529
35.8806,1541
35.8833,1545
35.8861,1557
35.8889,1555
35.8917,1542
35.8944,1547
35.8972,1547
35.9000,1542
35.9028,1546
35.9056,1548
35.9083,1539
35.9111,1554
35.9139,1557
35.9167,1548
35.9194,1546
35.9222,1552
35.9250,1549
35.9278,1551
35.9306,1548
35.9333,1548
35.9361,1552
35.9389,1560
35.9417,1567
35.9444,1576
35.9472,1571
35.9500,1570
35.9528,1562
35.9556,1550
35.9583,1534
35.9611,1538
35.9639,1546
35.9667,1543
35.9694,1541
35.9722,1544
35.9750,1546
35.9778,1549
35.9806,1556
35.9833,1560
35.9861,1563
35.9889,1557
35.9917,1535
35.9944,1530
35.9972,1536
36.0000,1553
36.0028,1575
36.0056,1573
36.0083,1577
36.0111,1585
36.0139,1577
36.0167,1574
36.0194,1581
36.0222,1605
36.0250,1633
36.0278,1655
36.0306,1690
36.0333,1710
36.0361,1712
36.0389,1699
36.0417,1677
36.0444,1665
36.0472,1651
36.0500,1640
36.0528,1628
36.0556,1620
36.0583,1616
36.0611,1604
36.0639,1587
36.0667,1568
36.0694,1559
36.0722,1544
36.0750,1542
36.0778,1528
36.0806,1534
36.0833,1547
36.0861,1550
36.0889,1539
36.0917,1536
36.0944,1529
36.0972,1536
36.1000,1544
36.1028,1538
36.1056,1534
36.1083,1535
36.1111,1542
36.1139,1541
36.1167,1534
36.1194,1534
36.1222,1534
36.1250,1535
36.1278,1539
36.1306,1531
36.1333,1535
36.1361,1529
36.1389,1534
36.1417,1536
36.1444,1543
36.1472,1536
36.1500,1535
36.1528,1526
36.1556,1525
36.1583,1530
36.1611,1533
36.1639,1525
36.1667,1519
36.1694,1493
36.1722,1466
36.1750,1496
36.1778,1608
36.1806,1795
36.1833,2006
36.1861,2233
36.1889,2495
36.1917,2776
36.1944,3101
36.1972,3353
36.2000,3356
36.2028,3367
36.2056,3364
36.2083,3262
36.2111,2826
36.2139,2344
36.2167,1968
36.2194,1762
36.2222,1651
36.2250,1591
36.2278,1560
36.2306,1539
36.2333,1521
36.2361,1502
36.2389,1481
36.2417,1440
36.2444,1417
36.2472,1422
36.2500,1429
36.2528,1431
36.2556,1431
36.2583,1435
36.2611,1436
36.2639,1416
36.2667,1413
36.2694,1416
36.2722,1421
36.2750,1433
36.2778,1445
36.2806,1458
36.2833,1447
36.2861,1439
36.2889,1435
36.2917,1446
36.2944,1451
36.2972,1469
36.3000,1475
36.3028,1463
36.3056,1463
36.3083,1465
36.3111,1467
36.3139,1472
36.3167,1477
36.3194,1475
36.3222,1482
36.3250,1480
36.3278,1484
36.3306,1496
36.3333,1506
36.3361,1525
36.3389,1530
36.3417,1525
36.3444,1514
36.3472,1509
36.3500,1518
36.3528,1541
36.3556,1555
36.3583,1574
36.3611,1575
36.3639,1568
36.3667,1565
36.3694,1567
36.3722,1581
36.3750,1593
36.3778,1598
36.3806,1600
36.3833,1616
36.3861,1625
36.3889,1636
36.3917,1654
36.3944,1670
36.3972,1682
36.4000,1691
36.4028,1687
36.4056,1682
36.4083,1690
36.4111,1675
36.4139,1681
36.4167,1665
36.4194,1661
36.4222,1641
36.4250,1636
36.4278,1643
36.4306,1636
36.4333,1633
36.4361,1620
36.4389,1601
36.4417,1577
36.4444,1557
36.4472,1540
36.4500,1537
36.4528,1525
36.4556,1518
36.4583,1517
36.4611,1529
36.4639,1519
36.4667,1509
36.4694,1503
36.4722,1507
36.4750,1502
36.4778,1502
36.4806,1501
36.4833,1500
36.4861,1500
36.4889,1504
36.4917,1516
36.4944,1534
36.4972,1532
36.5000,1529
36.5028,1515
36.5056,1501
36.5083,1502
36.5111,1505
36.5139,1520
36.5167,1527
36.5194,1529
36.5222,1526
36.5250,1520
36.5278,1508
36.5306,1517
36.5333,1518
36.5361,1511
36.5389,1510
36.5417,1522
36.5444,1533
36.5472,1548
36.5500,1547
36.5528,1530
36.5556,1542
36.5583,1544
36.5611,1563
36.5639,1574
36.5667,1574
36.5694,1580
36.5722,1583
36.5750,1586
36.5778,1579
36.5806,1578
36.5833,1582
36.5861,1582
36.5889,1584
36.5917,1590
36.5944,1581
36.5972,1588
36.6000,1583
36.6028,1588
36.6056,1594
36.6083,1592
36.6111,1586
36.6139,1602
36.6167,1601
36.6194,1602
36.6222,1607
36.6250,1613
36.6278,1612
36.6306,1612
36.6333,1622
36.6361,1625
36.6389,1618
36.6417,1614
36.6444,1609
36.6472,1597
36.6500,1584
36.6528,1591
36.6556,1602
36.6583,1608
36.6611,1612
36.6639,1623
36.6667,1614
36.6694,1612
36.6722,1616
36.6750,1606
36.6778,1606
36.6806,1608
36.6833,1608
36.6861,1616
36.6889,1622
36.6917,1629
36.6944,1642
36.6972,1634
36.7000,1633
36.7028,1633
36.7056,1630
36.7083,1637
36.7111,1644
36.7139,1653
36.7167,1660
36.7194,1648
36.7222,1642
36.7250,1636
36.7278,1647
36.7306,1657
36.7333,1655
36.7361,1661
36.7389,1654
36.7417,1670
36.7444,1681
36.7472,1685
36.7500,1683
36.7528,1687
36.7556,1671
36.7583,1667
36.7611,1662
36.7639,1655
36.7667,1657
36.7694,1675
36.7722,1683
36.7750,1699
36.7778,1719
36.7806,1725
36.7833,1713
36.7861,1709
36.7889,1704
36.7917,1692
36.7944,1700
36.7972,1704
36.8000,1703
36.8028,1703
36.8056,1703
36.8083,1713
36.8111,1709
36.8139,1720
36.8167,1728
36.8194,1743
36.8222,1739
36.8250,1725
36.8278,1726
36.8306,1707
36.8333,1711
36.8361,1718
36.8389,1724
36.8417,1727
36.8444,1738
36.8472,1732
36.8500,1733
36.8528,1741
36.8556,1737
36.8583,1737
36.8611,1726
36.8639,1736
36.8667,1737
36.8694,1741
36.8722,1749
36.8750,1744
36.8778,1738
36.8806,1736
36.8833,1753
36.8861,1753
36.8889,1764
36.8917,1791
36.8944,1825
36.8972,1847
36.9000,1869
36.9028,1873
36.9056,1854
36.9083,1821
36.9111,1811
36.9139,1796
36.9167,1789
36.9194,1784
36.9222,1772
36.9250,1761
36.9278,1743
36.9306,1732
36.9333,1714
36.9361,1707
36.9389,1706
36.9417,1701
36.9444,1699
36.9472,1705
36.9500,1710
36.9528,1710
36.9556,1708
36.9583,1696
36.9611,1689
36.9639,1685
36.9667,1683
36.9694,1683
36.9722,1685
36.9750,1692
36.9778,1704
36.9806,1705
36.9833,1698
36.9861,1693
36.9889,1698
36.9917,1697
36.9944,1696
36.9972,1704
37.0000,1700
37.0028,1705
37.0056,1718
37.0083,1723
37.0111,1730
37.0139,1726
37.0167,1737
37.0194,1727
37.0222,1733
37.0250,1728
37.0278,1719
37.0306,1706
37.0333,1681
37.0361,1654
37.0389,1648
37.0417,1716
37.0444,1863
37.0472,2064
37.0500,2290
37.0528,2524
37.0556,2798
37.0583,3100
37.0611,3353
37.0639,3353
37.0667,3368
37.0694,3362
37.0722,3371
37.0750,3266
37.0778,2835
37.0806,2369
37.0833,2032
37.0861,1841
37.0889,1734
37.0917,1670
37.0944,1636
37.0972,1611
37.1000,1587
37.1028,1592
37.1056,1585
37.1083,1585
37.1111,1573
37.1139,1570
37.1167,1567
37.1194,1572
37.1222,1578
37.1250,1572
37.1278,1568
37.1306,1551
37.1333,1522
37.1361,1538
37.1389,1559
37.1417,1580
37.1444,1592
37.1472,1593
37.1500,1597
37.1528,1583
37.1556,1577
37.1583,1585
37.1611,1599
37.1639,1615
37.1667,1617
37.1694,1622
37.1722,1621
37.1750,1615
37.1778,1621
37.1806,1625
37.1833,1628
37.1861,1631
37.1889,1634
37.1917,1639
37.1944,1648
37.1972,1651
37.2000,1671
37.2028,1684
37.2056,1682
37.2083,1675
37.2111,1664
37.2139,1664
37.2167,1678
37.2194,1680
37.2222,1687
37.2250,1696
37.2278,1698
37.2306,1696
37.2333,1695
37.2361,1698
37.2389,1713
37.2417,1727
37.2444,1749
37.2472,1746
37.2500,1753
37.2528,1751
37.2556,1758
37.2583,1761
37.2611,1773
37.2639,1785
37.2667,1789
37.2694,1791
37.2722,1793
37.2750,1813
37.2778,1832
37.2806,1839
37.2833,1829
37.2861,1813
37.2889,1792
37.2917,1780
37.2944,1769
37.2972,1770
37.3000,1756
37.3028,1742
37.3056,1731
37.3083,1717
37.3111,1688
37.3139,1676
37.3167,1679
37.3194,1693
37.3222,1703
37.3250,1711
37.3278,1703
37.3306,1706
37.3333,1706
37.3361,1704
37.3389,1705
37.3417,1693
37.3444,1682
37.3472,1674
37.3500,1656
37.3528,1655
37.3556,1670
37.3583,1666
37.3611,1681
37.3639,1692
37.3667,1691
37.3694,1685
37.3722,1690
37.3750,1697
37.3778,1707
37.3806,1707
37.3833,1707
37.3861,1713
37.3889,1717
37.3917,1719
37.3944,1726
37.3972,1721
37.4000,1725
37.4028,1728
37.4056,1737
37.4083,1743
37.4111,1741
37.4139,1738
37.4167,1740
37.4194,1735
37.4222,1737
37.4250,1738
37.4278,1734
37.4306,1732
37.4333,1727
37.4361,1720
37.4389,1731
37.4417,1742
37.4444,1761
37.4472,1773
37.4500,1775
37.4528,1771
37.4556,1773
37.4583,1760
37.4611,1765
37.4639,1771
37.4667,1765
37.4694,1766
37.4722,1756
37.4750,1770
37.4778,1772
37.4806,1782
37.4833,1792
37.4861,1789
37.4889,1791
37.4917,1785
37.4944,1786
37.4972,1782
37.5000,1775
37.5028,1774
37.5056,1782
37.5083,1795
37.5111,1798
37.5139,1801
37.5167,1804
37.5194,1813
37.5222,1809
37.5250,1807
37.5278,1800
37.5306,1796
37.5333,1796
37.5361,1801
37.5389,1811
37.5417,1816
37.5444,1812
37.5472,1818
37.5500,1819
37.5528,1811
37.5556,1808
37.5583,1811
37.5611,1817
37.5639,1816
37.5667,1810
37.5694,1809
37.5722,1807
37.5750,1809
37.5778,1814
37.5806,1824
37.5833,1831
37.5861,1829
37.5889,1835
37.5917,1830
37.5944,1825
37.5972,1822
37.6000,1818
37.6028,1825
37.6056,1828
37.6083,1830
37.6111,1827
37.6139,1824
37.6167,1814
37.6194,1813
37.6222,1822
37.6250,1820
37.6278,1827
37.6306,1818
37.6333,1827
37.6361,1840
37.6389,1827
37.6417,1828
37.6444,1827
37.6472,1837
37.6500,1828
37.6528,1832
37.6556,1825
37.6583,1823
37.6611,1828
37.6639,1835
37.6667,1839
37.6694,1837
37.6722,1837
37.6750,1849
37.6778,1854
37.6806,1858
37.6833,1857
37.6861,1856
37.6889,1850
37.6917,1839
37.6944,1822
37.6972,1827
37.7000,1842
37.7028,1848
37.7056,1846
37.7083,1850
37.7111,1855
37.7139,1865
37.7167,1864
37.7194,1858
37.7222,1860
37.7250,1858
37.7278,1854
37.7306,1860
37.7333,1875
37.7361,1881
37.7389,1881
37.7417,1890
37.7444,1923
37.7472,1954
37.7500,1984
37.7528,1983
37.7556,1976
37.7583,1949
37.7611,1942
37.7639,1926
37.7667,1915
37.7694,1898
37.7722,1888
37.7750,1880
37.7778,1868
37.7806,1861
37.7833,1852
37.7861,1827
37.7889,1824
37.7917,1824
37.7944,1825
37.7972,1825
37.8000,1828
37.8028,1826
37.8056,1844
37.8083,1846
37.8111,1833
37.8139,1823
37.8167,1816
37.8194,1810
37.8222,1815
37.8250,1812
37.8278,1819
37.8306,1816
37.8333,1811
37.8361,1812
37.8389,1807
37.8417,1803
37.8444,1816
37.8472,1827
37.8500,1834
37.8528,1831
37.8556,1826
37.8583,1819
37.8611,1811
37.8639,1788
37.8667,1795
37.8694,1790
37.8722,1803
37.8750,1805
37.8778,1809
37.8806,1805
37.8833,1790
37.8861,1761
37.8889,1750
37.8917,1821
37.8944,1965
37.8972,2157
37.9000,2382
37.9028,2603
37.9056,2869
37.9083,3168
37.9111,3361
37.9139,3363
37.9167,3368
37.9194,3374
37.9222,3370
37.9250,3308
37.9278,2924
37.9306,2466
37.9333,2125
37.9361,1944
37.9389,1838
37.9417,1783
37.9444,1747
37.9472,1732
37.9500,1720
37.9528,1706
37.9556,1704
37.9583,1694
37.9611,1688
37.9639,1672
37.9667,1664
37.9694,1666
37.9722,1668
37.9750,1668
37.9778,1652
37.9806,1647
37.9833,1638
37.9861,1646
37.9889,1666
37.9917,1695
37.9944,1697
37.9972,1705
38.0000,1706
38.0028,1701
38.0056,1700
38.0083,1712
38.0111,1729
38.0139,1745
38.0167,1760
38.0194,1747
38.0222,1730
38.0250,1729
38.0278,1735
38.0306,1758
38.0333,1781
38.0361,1783
38.0389,1786
38.0417,1781
38.0444,1763
38.0472,1766
38.0500,1772
38.0528,1794
38.0556,1806
38.0583,1812
38.0611,1806
38.0639,1803
38.0667,1793
38.0694,1798
38.0722,1802
38.0750,1820
38.0778,1817
38.0806,1822
38.0833,1832
38.0861,1845
38.0889,1856
38.0917,1866
38.0944,1872
38.0972,1870
38.1000,1869
38.1028,1863
38.1056,1851
38.1083,1864
38.1111,1884
38.1139,1906
38.1167,1907
38.1194,1903
38.1222,1898
38.1250,1903
38.1278,1900
38.1306,1901
38.1333,1895
38.1361,1879
38.1389,1866
38.1417,1840
38.1444,1826
38.1472,1813
38.1500,1803
38.1528,1791
38.1556,1770
38.1583,1754
38.1611,1739
38.1639,1736
38.1667,1724
38.1694,1721
38.1722,1735
38.1750,1727
38.1778,1727
38.1806,1720
38.1833,1700
38.1861,1708
38.1889,1709
38.1917,1710
38.1944,1711
38.1972,1705
38.2000,1696
38.2028,1695
38.2056,1696
38.2083,1693
38.2111,1700
38.2139,1705
38.2167,1687
38.2194,1670
38.2222,1671
38.2250,1660
38.2278,1673
38.2306,1685
38.2333,1702
38.2361,1712
38.2389,1720
38.2417,1716
38.2444,1701
38.2472,1699
38.2500,1713
38.2528,1722
38.2556,1735
38.2583,1739
38.2611,1743
38.2639,1743
38.2667,1746
38.2694,1744
38.2722,1740
38.2750,1746
38.2778,1751
38.2806,1756
38.2833,1748
38.2861,1755
38.2889,1764
38.2917,1755
38.2944,1752
38.2972,1750
38.3000,1745
38.3028,1746
38.3056,1749
38.3083,1737
38.3111,1749
38.3139,1735
38.3167,1737
38.3194,1724
38.3222,1724
38.3250,1719
38.3278,1728
38.3306,1715
38.3333,1707
38.3361,1693
38.3389,1685
38.3417,1687
38.3444,1690
38.3472,1693
38.3500,1694
38.3528,1690
38.3556,1697
38.3583,1691
38.3611,1695
38.3639,1691
38.3667,1682
38.3694,1677
38.3722,1678
38.3750,1673
38.3778,1682
38.3806,1681
38.3833,1668
38.3861,1665
38.3889,1665
38.3917,1675
38.3944,1671
38.3972,1662
38.4000,1656
38.4028,1662
38.4056,1668
38.4083,1667
38.4111,1664
38.4139,1670
38.4167,1660
38.4194,1653
38.4222,1641
38.4250,1647
38.4278,1650
38.4306,1651
38.4333,1653
38.4361,1649
38.4389,1650
38.4417,1643
38.4444,1641
38.4472,1634
38.4500,1626
38.4528,1615
38.4556,1611
38.4583,1618
38.4611,1611
38.4639,1604
38.4667,1593
38.4694,1589
38.4722,1599
38.4750,1602
38.4778,1611
38.4806,1621
38.4833,1626
38.4861,1638
38.4889,1647
38.4917,1649
38.4944,1648
38.4972,1642
38.5000,1639
38.5028,1649
38.5056,1675
38.5083,1710
38.5111,1737
38.5139,1755
38.5167,1760
38.5194,1755
38.5222,1733
38.5250,1708
38.5278,1693
38.5306,1674
38.5333,1671
38.5361,1658
38.5389,1637
38.5417,1633
38.5444,1630
38.5472,1624
38.5500,1605
38.5528,1591
38.5556,1587
38.5583,1587
38.5611,1590
38.5639,1598
38.5667,1606
38.5694,1607
38.5722,1604
38.5750,1600
38.5778,1590
38.5806,1593
38.5833,1588
38.5861,1594
38.5889,1598
38.5917,1609
38.5944,1614
38.5972,1619
38.6000,1612
38.6028,1598
38.6056,1595
38.6083,1600
38.6111,1618
38.6139,1627
38.6167,1630
38.6194,1637
38.6222,1638
38.6250,1620
38.6278,1613
38.6306,1609
38.6333,1605
38.6361,1607
38.6389,1611
38.6417,1609
38.6444,1607
38.6472,1594
38.6500,1573
38.6528,1537
38.6556,1540
38.6583,1623
38.6611,1769
38.6639,1974
38.6667,2182
38.6694,2419
38.6722,2692
38.6750,3008
38.6778,3298
38.6806,3365
38.6833,3367
38.6861,3366
38.6889,3351
38.6917,3044
38.6944,2563
38.6972,2133
38.7000,1882
38.7028,1748
38.7056,1680
38.7083,1628
38.7111,1598
38.7139,1577
38.7167,1559
38.7194,1538
38.7222,1514
38.7250,1484
38.7278,1464
38.7306,1450
38.7333,1447
38.7361,1462
38.7389,1466
38.7417,1458
38.7444,1451
38.7472,1433
38.7500,1428
38.7528,1448
38.7556,1442
38.7583,1444
38.7611,1439
38.7639,1442
38.7667,1441
38.7694,1440
38.7722,1450
38.7750,1466
38.7778,1488
38.7806,1493
38.7833,1492
38.7861,1477
38.7889,1473
38.7917,1477
38.7944,1491
38.7972,1501
38.8000,1512
38.8028,1509
38.8056,1491
38.8083,1481
38.8111,1494
38.8139,1512
38.8167,1541
38.8194,1550
38.8222,1548
38.8250,1542
38.8278,1539
38.8306,1547
38.8333,1550
38.8361,1568
38.8389,1571
38.8417,1573
38.8444,1570
38.8472,1576
38.8500,1576
38.8528,1579
38.8556,1586
38.8583,1594
38.8611,1598
38.8639,1603
38.8667,1613
38.8694,1631
38.8722,1643
38.8750,1651
38.8778,1671
38.8806,1687
38.8833,1680
38.8861,1668
38.8889,1655
38.8917,1718
38.8944,1719
38.8972,1721
38.9000,1710
38.9028,1699
38.9056,1688
38.9083,1669
38.9111,1660
38.9139,1659
38.9167,1657
38.9194,1645
38.9222,1631
38.9250,1622
38.9278,1616
38.9306,1614
38.9333,1614
38.9361,1608
38.9389,1609
38.9417,1596
38.9444,1584
38.9472,1581
38.9500,1563
38.9528,1554
38.9556,1558
38.9583,1565
38.9611,1564
38.9639,1565
38.9667,1564
38.9694,1566
38.9722,1561
38.9750,1568
38.9778,1563
38.9806,1551
38.9833,1553
38.9861,1559
38.9889,1555
38.9917,1559
38.9944,1571
38.9972,1578
39.0000,1585
39.0028,1579
39.0056,1584
39.0083,1579
39.0111,1578
39.0139,1580
39.0167,1588
39.0194,1597
39.0222,1605
39.0250,1622
39.0278,1623
39.0306,1622
39.0333,1628
39.0361,1624
39.0389,1620
39.0417,1623
39.0444,1626
39.0472,1624
39.0500,1635
39.0528,1647
39.0556,1646
39.0583,1651
39.0611,1652
39.0639,1656
39.0667,1651
39.0694,1640
39.0722,1633
39.0750,1635
39.0778,1630
39.0806,1631
39.0833,1626
39.0861,1627
39.0889,1624
39.0917,1617
39.0944,1619
39.0972,1619
39.1000,1623
39.1028,1612
39.1056,1591
39.1083,1598
39.1111,1603
39.1139,1605
39.1167,1614
39.1194,1619
39.1222,1614
39.1250,1602
39.1278,1593
39.1306,1594
39.1333,1598
39.1361,1614
39.1389,1623
39.1417,1622
39.1444,1617
39.1472,1616
39.1500,1613
39.1528,1608
39.1556,1614
39.1583,1619
39.1611,1631
39.1639,1626
39.1667,1631
39.1694,1638
39.1722,1634
39.1750,1637
39.1778,1642
39.1806,1639
39.1833,1623
39.1861,1624
39.1889,1612
39.1917,1604
39.1944,1596
39.1972,1592
39.2000,1595
39.2028,1592
39.2056,1604
39.2083,1609
39.2111,1609
39.2139,1604
39.2167,1607
39.2194,1610
39.2222,1618
39.2250,1624
39.2278,1616
39.2306,1613
39.2333,1610
39.2361,1605
39.2389,1612
39.2417,1605
39.2444,1608
39.2472,1612
39.2500,1615
39.2528,1627
39.2556,1635
39.2583,1625
39.2611,1629
39.2639,1622
39.2667,1631
39.2694,1643
39.2722,1638
39.2750,1637
39.2778,1649
39.2806,1651
39.2833,1643
39.2861,1647
39.2889,1645
39.2917,1672
39.2944,1700
39.2972,1744
39.3000,1768
39.3028,1782
39.3056,1780
39.3083,1765
39.3111,1736
39.3139,1716
39.3167,1692
39.3194,1681
39.3222,1672
39.3250,1665
39.3278,1654
39.3306,1644
39.3333,1629
39.3361,1621
39.3389,1604
39.3417,1595
39.3444,1591
39.3472,1602
39.3500,1606
39.3528,1621
39.3556,1622
39.3583,1607
39.3611,1613
39.3639,1605
39.3667,1606
39.3694,1620
39.3722,1620
39.3750,1625
39.3778,1637
39.3806,1634
39.3833,1642
39.3861,1641
39.3889,1646
39.3917,1641
39.3944,1648
39.3972,1647
39.4000,1633
39.4028,1642
39.4056,1634
39.4083,1642
39.4111,1635
39.4139,1636
39.4167,1643
39.4194,1644
39.4222,1637
39.4250,1630
39.4278,1625
39.4306,1620
39.4333,1611
39.4361,1595
39.4389,1562
39.4417,1556
39.4444,1629
39.4472,1767
39.4500,1973
39.4528,2199
39.4556,2439
39.4583,2711
39.4611,3014
39.4639,3328
39.4667,3363
39.4694,3355
39.4722,3376
39.4750,3356
39.4778,3176
39.4806,2693
39.4833,2239
39.4861,1945
39.4889,1785
39.4917,1705
39.4944,1653
39.4972,1616
39.5000,1593
39.5028,1568
39.5056,1537
39.5083,1516
39.5111,1492
39.5139,1463
39.5167,1453
39.5194,1447
39.5222,1458
39.5250,1476
39.5278,1485
39.5306,1483
39.5333,1469
39.5361,1462
39.5389,1472
39.5417,1491
39.5444,1503
39.5472,1498
39.5500,1496
39.5528,1489
39.5556,1472
39.5583,1462
39.5611,1478
39.5639,1495
39.5667,1506
39.5694,1508
39.5722,1498
39.5750,1502
39.5778,1515
39.5806,1525
39.5833,1531
39.5861,1533
39.5889,1540
39.5917,1531
39.5944,1534
39.5972,1530
39.6000,1542
39.6028,1561
39.6056,1573
39.6083,1569
39.6111,1567
39.6139,1566
39.6167,1571
39.6194,1573
39.6222,1588
39.6250,1585
39.6278,1582
39.6306,1578
39.6333,1590
39.6361,1597
39.6389,1605
39.6417,1622
39.6444,1632
39.6472,1626
39.6500,1616
39.6528,1609
39.6556,1620
39.6583,1636
39.6611,1641
39.6639,1648
39.6667,1655
39.6694,1671
39.6722,1686
39.6750,1685
39.6778,1713
39.6806,1724
39.6833,1727
39.6861,1741
39.6889,1726
39.6917,1704
39.6944,1673
39.6972,1649
39.7000,1630
39.7028,1628
39.7056,1622
39.7083,1624
39.7111,1612
39.7139,1601
39.7167,1599
39.7194,1600
39.7222,1603
39.7250,1601
39.7278,1586
39.7306,1566
39.7333,1560
39.7361,1562
39.7389,1570
39.7417,1576
39.7444,1578
39.7472,1573
39.7500,1582
39.7528,1582
39.7556,1580
39.7583,1587
39.7611,1597
39.7639,1607
39.7667,1600
39.7694,1588
39.7722,1585
39.7750,1589
39.7778,1599
39.7806,1601
39.7833,1604
39.7861,1614
39.7889,1611
39.7917,1611
39.7944,1604
39.7972,1596
39.8000,1604
39.8028,1605
39.8056,1612
39.8083,1624
39.8111,1623
39.8139,1619
39.8167,1622
39.8194,1631
39.8222,1624
39.8250,1635
39.8278,1629
39.8306,1614
39.8333,1622
39.8361,1625
39.8389,1620
39.8417,1633
39.8444,1636
39.8472,1638
39.8500,1617
39.8528,1612
39.8556,1619
39.8583,1625
39.8611,1634
39.8639,1640
39.8667,1648
39.8694,1647
39.8722,1638
39.8750,1634
39.8778,1633
39.8806,1635
39.8833,1635
39.8861,1644
39.8889,1650
39.8917,1662
39.8944,1666
39.8972,1662
39.9000,1659
39.9028,1669
39.9056,1665
39.9083,1665
39.9111,1663
39.9139,1654
39.9167,1659
39.9194,1653
39.9222,1656
39.9250,1654
39.9278,1654
39.9306,1655
39.9333,1651
39.9361,1650
39.9389,1647
39.9417,1658
39.9444,1667
39.9472,1667
39.9500,1669
39.9528,1670
39.9556,1670
39.9583,1659
39.9611,1655
39.9639,1651
39.9667,1642
39.9694,1645
39.9722,1650
39.9750,1656
39.9778,1639
39.9806,1653
39.9833,1659
39.9861,1670
39.9889,1681
39.9917,1675
39.9944,1677
39.9972,1667
40.0000,1651
40.0028,1643
40.0056,1643
40.0083,1642
40.0111,1650
40.0139,1654
40.0167,1663
40.0194,1670
40.0222,1684
40.0250,1683
40.0278,1687
40.0306,1689
40.0333,1684
40.0361,1674
40.0389,1676
40.0417,1685
40.0444,1692
40.0472,1697
40.0500,1694
40.0528,1689
40.0556,1691
40.0583,1698
40.0611,1711
40.0639,1720
40.0667,1716
40.0694,1721
40.0722,1725
40.0750,1725
40.0778,1730
40.0806,1742
40.0833,1740
40.0861,1738
40.0889,1745
40.0917,1749
40.0944,1764
40.0972,1766
40.1000,1777
40.1028,1789
40.1056,1791
40.1083,1794
40.1111,1798
40.1139,1797
40.1167,1798
40.1194,1805
40.1222,1815
40.1250,1841
40.1278,1867
40.1306,1887
40.1333,1899
40.1361,1926
40.1389,1927
40.1417,1919
40.1444,1895
40.1472,1871
40.1500,1865
40.1528,1858
40.1556,1846
40.1583,1837
40.1611,1837
40.1639,1824
40.1667,1813
40.1694,1806
40.1722,1793
40.1750,1809
40.1778,1811
40.1806,1822
40.1833,1822
40.1861,1835
40.1889,1842
40.1917,1845
40.1944,1835
40.1972,1831
40.2000,1831
40.2028,1831
40.2056,1833
40.2083,1836
40.2111,1836
40.2139,1848
40.2167,1869
40.2194,1883
40.2222,1879
40.2250,1886
40.2278,1889
40.2306,1884
40.2333,1885
40.2361,1906
40.2389,1912
40.2417,1923
40.2444,1937
40.2472,1930
40.2500,1921
40.2528,1919
40.2556,1925
40.2583,1899
40.2611,1902
40.2639,1895
40.2667,1876
40.2694,1845
40.2722,1849
40.2750,1925
40.2778,2084
40.2806,2293
40.2833,2525
40.2861,2776
40.2889,3058
40.2917,3335
40.2944,3362
40.2972,3367
40.3000,3372
40.3028,3382
40.3056,3371
40.3083,3357
40.3111,3198
40.3139,2787
40.3167,2401
40.3194,2134
40.3222,1971
40.3250,1873
40.3278,1833
40.3306,1813
40.3333,1813
40.3361,1811
40.3389,1805
40.3417,1809
40.3444,1788
40.3472,1786
40.3500,1775
40.3528,1779
40.3556,1793
40.3583,1787
40.3611,1782
40.3639,1776
40.3667,1763
40.3694,1757
40.3722,1775
40.3750,1789
40.3778,1805
40.3806,1808
40.3833,1800
40.3861,1783
40.3889,1780
40.3917,1794
40.3944,1808
40.3972,1828
40.4000,1831
40.4028,1823
40.4056,1797
40.4083,1788
40.4111,1793
40.4139,1806
40.4167,1835
40.4194,1842
40.4222,1851
40.4250,1839
40.4278,1825
40.4306,1808
40.4333,1808
40.4361,1820
40.4389,1841
40.4417,1846
40.4444,1846
40.4472,1837
40.4500,1845
40.4528,1859
40.4556,1873
40.4583,1890
40.4611,1886
40.4639,1885
40.4667,1882
40.4694,1872
40.4722,1872
40.4750,1884
40.4778,1894
40.4806,1899
40.4833,1900
40.4861,1892
40.4889,1893
40.4917,1903
40.4944,1922
40.4972,1939
40.5000,1950
40.5028,1959
40.5056,1952
40.5083,1938
40.5111,1946
40.5139,1907
40.5167,1906
40.5194,1888
40.5222,1875
40.5250,1864
40.5278,1849
40.5306,1844
40.5333,1844
40.5361,1836
40.5389,1843
40.5417,1818
40.5444,1802
40.5472,1783
40.5500,1771
40.5528,1768
40.5556,1784
40.5583,1777
40.5611,1778
40.5639,1760
40.5667,1749
40.5694,1746
40.5722,1744
40.5750,1752
40.5778,1763
40.5806,1762
40.5833,1765
40.5861,1752
40.5889,1747
40.5917,1737
40.5944,1738
40.5972,1742
40.6000,1743
40.6028,1748
40.6056,1752
40.6083,1748
40.6111,1748
40.6139,1751
40.6167,1761
40.6194,1752
40.6222,1746
40.6250,1740
40.6278,1741
40.6306,1746
40.6333,1749
40.6361,1756
40.6389,1768
40.6417,1779
40.6444,1784
40.6472,1782
40.6500,1777
40.6528,1766
40.6556,1760
40.6583,1761
40.6611,1764
40.6639,1759
40.6667,1749
40.6694,1745
40.6722,1753
40.6750,1769
40.6778,1785
40.6806,1788
40.6833,1783
40.6861,1779
40.6889,1765
40.6917,1754
40.6944,1763
40.6972,1763
40.7000,1782
40.7028,1774
40.7056,1767
40.7083,1753
40.7111,1752
40.7139,1740
40.7167,1737
40.7194,1744
40.7222,1746
40.7250,1745
40.7278,1746
40.7306,1753
40.7333,1750
40.7361,1766
40.7389,1767
40.7417,1761
40.7444,1752
40.7472,1750
40.7500,1736
40.7528,1729
40.7556,1729
40.7583,1730
40.7611,1730
40.7639,1727
40.7667,1731
40.7694,1737
40.7722,1740
40.7750,1738
40.7778,1742
40.7806,1743
40.7833,1738
40.7861,1734
40.7889,1736
40.7917,1731
40.7944,1732
40.7972,1726
40.8000,1727
40.8028,1730
40.8056,1722
40.8083,1717
40.8111,1715
40.8139,1707
40.8167,1717
40.8194,1706
40.8222,1706
40.8250,1710
40.8278,1711
40.8306,1702
40.8333,1689
40.8361,1701
40.8389,1701
40.8417,1704
40.8444,1699
40.8472,1710
40.8500,1708
40.8528,1710
40.8556,1709
40.8583,1709
40.8611,1710
40.8639,1701
40.8667,1691
40.8694,1697
40.8722,1705
40.8750,1711
40.8778,1723
40.8806,1725
40.8833,1719
40.8861,1724
40.8889,1725
40.8917,1738
40.8944,1749
40.8972,1767
40.9000,1777
40.9028,1792
40.9056,1815
40.9083,1832
40.9111,1832
40.9139,1821
40.9167,1810
40.9194,1795
40.9222,1780
40.9250,1787
40.9278,1765
40.9306,1757
40.9333,1723
40.9361,1713
40.9389,1692
40.9417,1667
40.9444,1653
40.9472,1644
40.9500,1645
40.9528,1651
40.9556,1663
40.9583,1673
40.9611,1682
40.9639,1667
40.9667,1665
40.9694,1657
40.9722,1654
40.9750,1655
40.9778,1648
40.9806,1644
40.9833,1640
40.9861,1643
40.9889,1657
40.9917,1654
40.9944,1660
40.9972,1661
41.0000,1649
41.0028,1650
41.0056,1642
41.0083,1643
41.0111,1652
41.0139,1652
41.0167,1642
41.0194,1652
41.0222,1667
41.0250,1665
41.0278,1669
41.0306,1667
41.0333,1668
41.0361,1666
41.0389,1650
41.0417,1632
41.0444,1598
41.0472,1571
41.0500,1609
41.0528,1725
41.0556,1899
41.0583,2117
41.0611,2328
41.0639,2559
41.0667,2835
41.0694,3134
41.0722,3355
41.0750,3356
41.0778,3365
41.0806,3369
41.0833,3299
41.0861,2888
41.0889,2414
41.0917,2053
41.0944,1861
41.0972,1761
41.1000,1693
41.1028,1637
41.1056,1606
41.1083,1577
41.1111,1538
41.1139,1521
41.1167,1504
41.1194,1493
41.1222,1482
41.1250,1489
41.1278,1499
41.1306,1498
41.1333,1481
41.1361,1479
41.1389,1466
41.1417,1457
41.1444,1465
41.1472,1481
41.1500,1494
41.1528,1492
41.1556,1498
41.1583,1488
41.1611,1488
41.1639,1491
41.1667,1485
41.1694,1480
41.1722,1481
41.1750,1483
41.1778,1492
41.1806,1488
41.1833,1500
41.1861,1506
41.1889,1525
41.1917,1535
41.1944,1529
41.1972,1513
41.2000,1508
41.2028,1518
41.2056,1532
41.2083,1544
41.2111,1559
41.2139,1566
41.2167,1565
41.2194,1548
41.2222,1546
41.2250,1558
41.2278,1569
41.2306,1591
41.2333,1606
41.2361,1602
41.2389,1602
41.2417,1600
41.2444,1590
41.2472,1589
41.2500,1594
41.2528,1598
41.2556,1605
41.2583,1618
41.2611,1624
41.2639,1641
41.2667,1657
41.2694,1677
41.2722,1679
41.2750,1682
41.2778,1694
41.2806,1686
41.2833,1697
41.2861,1665
41.2889,1673
41.2917,1661
41.2944,1653
41.2972,1637
41.3000,1617
41.3028,1613
41.3056,1605
41.3083,1591
41.3111,1580
41.3139,1584
41.3167,1577
41.3194,1568
41.3222,1564
41.3250,1551
41.3278,1544
41.3306,1539
41.3333,1533
41.3361,1535
41.3389,1521
41.3417,1514
41.3444,1522
41.3472,1522
41.3500,1527
41.3528,1534
41.3556,1533
41.3583,1532
41.3611,1520
41.3639,1518
41.3667,1523
41.3694,1527
41.3722,1553
41.3750,1547
41.3778,1543
41.3806,1533
41.3833,1539
41.3861,1539
41.3889,1547
41.3917,1543
41.3944,1544
41.3972,1535
41.4000,1537
41.4028,1551
41.4056,1543
41.4083,1552
41.4111,1555
41.4139,1557
41.4167,1563
41.4194,1568
41.4222,1568
41.4250,1567
41.4278,1578
41.4306,1586
41.4333,1590
41.4361,1598
41.4389,1591
41.4417,1591
41.4444,1594
41.4472,1603
41.4500,1609
41.4528,1618
41.4556,1607
41.4583,1598
41.4611,1595
41.4639,1585
41.4667,1587
41.4694,1592
41.4722,1593
41.4750,1583
41.4778,1575
41.4806,1561
41.4833,1564
41.4861,1564
41.4889,1567
41.4917,1578
41.4944,1580
41.4972,1575
41.5000,1565
41.5028,1557
41.5056,1556
41.5083,1559
41.5111,1562
41.5139,1561
41.5167,1566
41.5194,1564
41.5222,1565
41.5250,1564
41.5278,1568
41.5306,1561
41.5333,1553
41.5361,1544
41.5389,1544
41.5417,1548
41.5444,1554
41.5472,1557
41.5500,1564
41.5528,1547
41.5556,1557
41.5583,1561
41.5611,1563
41.5639,1564
41.5667,1565
41.5694,1573
41.5722,1582
41.5750,1576
41.5778,1573
41.5806,1568
41.5833,1568
41.5861,1564
41.5889,1571
41.5917,1579
41.5944,1582
41.5972,1588
41.6000,1588
41.6028,1585
41.6056,1588
41.6083,1588
41.6111,1591
41.6139,1587
41.6167,1588
41.6194,1591
41.6222,1594
41.6250,1591
41.6278,1600
41.6306,1606
41.6333,1599
41.6361,1591
41.6389,1578
41.6417,1583
41.6444,1589
41.6472,1586
41.6500,1594
41.6528,1611
41.6556,1619
41.6583,1617
41.6611,1617
41.6639,1614
41.6667,1610
41.6694,1614
41.6722,1626
41.6750,1629
41.6778,1642
41.6806,1669
41.6833,1698
41.6861,1721
41.6889,1735
41.6917,1732
41.6944,1733
41.6972,1709
41.7000,1688
41.7028,1671
41.7056,1636
41.7083,1627
41.7111,1628
41.7139,1626
41.7167,1628
41.7194,1615
41.7222,1604
41.7250,1597
41.7278,1581
41.7306,1582
41.7333,1577
41.7361,1569
41.7389,1569
41.7417,1572
41.7444,1574
41.7472,1571
41.7500,1563
41.7528,1559
41.7556,1549
41.7583,1553
41.7611,1576
41.7639,1579
41.7667,1575
41.7694,1573
41.7722,1578
41.7750,1576
41.7778,1586
41.7806,1580
41.7833,1584
41.7861,1590
41.7889,1593
41.7917,1605
41.7944,1608
41.7972,1604
41.8000,1597
41.8028,1596
41.8056,1597
41.8083,1601
41.8111,1605
41.8139,1603
41.8167,1595
41.8194,1575
41.8222,1543
41.8250,1513
41.8278,1509
41.8306,1582
41.8333,1724
41.8361,1922
41.8389,2149
41.8417,2380
41.8444,2660
41.8472,2961
41.8500,3272
41.8528,3357
41.8556,3353
41.8583,3368
41.8611,3355
41.8639,3183
41.8667,2715
41.8694,2249
41.8722,1932
41.8750,1750
41.8778,1660
41.8806,1609
41.8833,1567
41.8861,1538
41.8889,1517
41.8917,1491
41.8944,1467
41.8972,1458
41.9000,1442
41.9028,1434
41.9056,1443
41.9083,1454
41.9111,1477
41.9139,1479
41.9167,1465
41.9194,1444
41.9222,1437
41.9250,1439
41.9278,1459
41.9306,1468
41.9333,1479
41.9361,1477
41.9389,1472
41.9417,1481
41.9444,1488
41.9472,1503
41.9500,1519
41.9528,1524
41.9556,1529
41.9583,1526
41.9611,1511
41.9639,1507
41.9667,1523
41.9694,1536
41.9722,1531
41.9750,1531
41.9778,1528
41.9806,1520
41.9833,1528
41.9861,1545
41.9889,1566
41.9917,1575
41.9944,1585
41.9972,1583
42.0000,1572
42.0028,1579
42.0056,1584
42.0083,1600
42.0111,1620
42.0139,1623
42.0167,1623
42.0194,1624
42.0222,1615
42.0250,1614
42.0278,1630
42.0306,1648
42.0333,1652
42.0361,1656
42.0389,1646
42.0417,1650
42.0444,1652
42.0472,1668
42.0500,1681
42.0528,1696
42.0556,1724
42.0583,1718
42.0611,1734
42.0639,1743
42.0667,1751
42.0694,1750
42.0722,1732
42.0750,1721
42.0778,1704
42.0806,1695
42.0833,1683
42.0861,1670
42.0889,1671
42.0917,1669
42.0944,1659
42.0972,1635
42.1000,1639
42.1028,1637
42.1056,1636
42.1083,1644
42.1111,1643
42.1139,1637
42.1167,1631
42.1194,1623
42.1222,1622
42.1250,1623
42.1278,1618
42.1306,1625
42.1333,1625
42.1361,1629
42.1389,1628
42.1417,1627
42.1444,1623
42.1472,1637
42.1500,1637
42.1528,1643
42.1556,1636
42.1583,1616
42.1611,1622
42.1639,1630
42.1667,1648
42.1694,1672
42.1722,1681
42.1750,1672
42.1778,1666
42.1806,1643
42.1833,1634
42.1861,1645
42.1889,1646
42.1917,1664
42.1944,1676
42.1972,1675
42.2000,1675
42.2028,1675
42.2056,1671
42.2083,1672
42.2111,1689
42.2139,1691
42.2167,1683
42.2194,1668
42.2222,1661
42.2250,1659
42.2278,1663
42.2306,1677
42.2333,1685
42.2361,1691
42.2389,1696
42.2417,1699
42.2444,1704
42.2472,1702
42.2500,1696
42.2528,1695
42.2556,1693
42.2583,1687
42.2611,1701
42.2639,1692
42.2667,1697
42.2694,1704
42.2722,1703
42.2750,1699
42.2778,1685
42.2806,1690
42.2833,1697
42.2861,1712
42.2889,1707
42.2917,1692
42.2944,1681
42.2972,1673
42.3000,1664
42.3028,1668
42.3056,1664
42.3083,1671
42.3111,1677
42.3139,1680
42.3167,1687
42.3194,1678
42.3222,1668
42.3250,1658
42.3278,1660
42.3306,1660
42.3333,1671
42.3361,1673
42.3389,1669
42.3417,1667
42.3444,1664
42.3472,1673
42.3500,1662
42.3528,1658
42.3556,1648
42.3583,1633
42.3611,1632
42.3639,1636
42.3667,1638
42.3694,1640
42.3722,1640
42.3750,1645
42.3778,1632
42.3806,1648
42.3833,1641
42.3861,1644
42.3889,1647
42.3917,1645
42.3944,1648
42.3972,1653
42.4000,1656
42.4028,1655
42.4056,1649
42.4083,1648
42.4111,1657
42.4139,1660
42.4167,1656
42.4194,1658
42.4222,1656
42.4250,1650
42.4278,1654
42.4306,1655
42.4333,1657
42.4361,1659
42.4389,1664
42.4417,1656
42.4444,1664
42.4472,1672
42.4500,1683
42.4528,1675
42.4556,1670
42.4583,1661
42.4611,1655
42.4639,1653
42.4667,1670
42.4694,1670
42.4722,1681
42.4750,1691
42.4778,1705
42.4806,1718
42.4833,1719
42.4861,1728
42.4889,1721
42.4917,1723
42.4944,1714
42.4972,1720
42.5000,1733
42.5028,1744
42.5056,1764
42.5083,1788
42.5111,1813
42.5139,1838
42.5167,1839
42.5194,1821
42.5222,1796
42.5250,1760
42.5278,1741
42.5306,1731
42.5333,1723
42.5361,1720
42.5389,1717
42.5417,1712
42.5444,1715
42.5472,1708
42.5500,1686
42.5528,1666
42.5556,1663
42.5583,1667
42.5611,1670
42.5639,1681
42.5667,1679
42.5694,1683
42.5722,1678
42.5750,1671
42.5778,1671
42.5806,1660
42.5833,1662
42.5861,1663
42.5889,1669
42.5917,1677
42.5944,1683
42.5972,1667
42.6000,1666
42.6028,1658
42.6056,1649
42.6083,1653
42.6111,1667
42.6139,1670
42.6167,1683
42.6194,1686
42.6222,1686
42.6250,1681
42.6278,1671
42.6306,1675
42.6333,1669
42.6361,1672
42.6389,1675
42.6417,1673
42.6444,1667
42.6472,1639
42.6500,1598
42.6528,1580
42.6556,1640
42.6583,1786
42.6611,1989
42.6639,2219
42.6667,2455
42.6694,2722
42.6722,3011
42.6750,3311
42.6778,3361
42.6806,3371
42.6833,3371
42.6861,3368
42.6889,3228
42.6917,2769
42.6944,2301
42.6972,1967
42.7000,1786
42.7028,1686
42.7056,1635
42.7083,1604
42.7111,1575
42.7139,1553
42.7167,1520
42.7194,1501
42.7222,1493
42.7250,1473
42.7278,1455
42.7306,1453
42.7333,1464
42.7361,1491
42.7389,1488
42.7417,1479
42.7444,1454
42.7472,1442
42.7500,1439
42.7528,1453
42.7556,1468
42.7583,1485
42.7611,1486
42.7639,1492
42.7667,1487
42.7694,1492
42.7722,1504
42.7750,1506
42.7778,1520
42.7806,1513
42.7833,1499
42.7861,1504
42.7889,1510
42.7917,1525
42.7944,1546
42.7972,1555
42.8000,1548
42.8028,1548
42.8056,1548
42.8083,1551
42.8111,1557
42.8139,1569
42.8167,1581
42.8194,1594
42.8222,1591
42.8250,1585
42.8278,1579
42.8306,1584
42.8333,1602
42.8361,1608
42.8389,1622
42.8417,1611
42.8444,1618
42.8472,1617
42.8500,1632
42.8528,1646
42.8556,1649
42.8583,1669
42.8611,1682
42.8639,1682
42.8667,1679
42.8694,1694
42.8722,1700
42.8750,1707
42.8778,1719
42.8806,1716
42.8833,1723
42.8861,1720
42.8889,1718
42.8917,1747
42.8944,1754
42.8972,1745
42.9000,1730
42.9028,1725
42.9056,1706
42.9083,1700
42.9111,1696
42.9139,1689
42.9167,1679
42.9194,1661
42.9222,1664
42.9250,1655
42.9278,1646
42.9306,1638
42.9333,1631
42.9361,1629
42.9389,1630
42.9417,1613
42.9444,1611
42.9472,1609
42.9500,1610
42.9528,1619
42.9556,1628
42.9583,1616
42.9611,1602
42.9639,1599
42.9667,1592
42.9694,1611
42.9722,1619
42.9750,1611
42.9778,1603
42.9806,1600
42.9833,1595
42.9861,1609
42.9889,1601
42.9917,1609
42.9944,1616
42.9972,1624
43.0000,1625
43.0028,1636
43.0056,1635
43.0083,1647
43.0111,1640
43.0139,1648
43.0167,1648
43.0194,1646
43.0222,1634
43.0250,1634
43.0278,1633
43.0306,1646
43.0333,1653
43.0361,1657
43.0389,1650
43.0417,1652
43.0444,1660
43.0472,1669
43.0500,1678
43.0528,1678
43.0556,1680
43.0583,1679
43.0611,1663
43.0639,1661
43.0667,1669
43.0694,1684
43.0722,1701
43.0750,1703
43.0778,1692
43.0806,1670
43.0833,1659
43.0861,1651
43.0889,1653
43.0917,1663
43.0944,1678
43.0972,1676
43.1000,1678
43.1028,1686
43.1056,1672
43.1083,1687
43.1111,1692
43.1139,1701
43.1167,1704
43.1194,1704
43.1222,1701
43.1250,1696
43.1278,1682
43.1306,1672
43.1333,1682
43.1361,1698
43.1389,1697
43.1417,1698
43.1444,1699
43.1472,1704
43.1500,1704
43.1528,1703
43.1556,1704
43.1583,1703
43.1611,1719
43.1639,1726
43.1667,1737
43.1694,1712
43.1722,1699
43.1750,1690
43.1778,1688
43.1806,1682
43.1833,1692
43.1861,1702
43.1889,1726
43.1917,1748
43.1944,1757
43.1972,1758
43.2000,1743
43.2028,1735
43.2056,1727
43.2083,1725
43.2111,1714
43.2139,1730
43.2167,1745
43.2194,1747
43.2222,1747
43.2250,1737
43.2278,1738
43.2306,1740
43.2333,1736
43.2361,1743
43.2389,1740
43.2417,1741
43.2444,1743
43.2472,1741
43.2500,1747
43.2528,1761
43.2556,1758
43.2583,1768
43.2611,1773
43.2639,1782
43.2667,1772
43.2694,1760
43.2722,1753
43.2750,1761
43.2778,1756
43.2806,1751
43.2833,1747
43.2861,1741
43.2889,1748
43.2917,1770
43.2944,1771
43.2972,1779
43.3000,1791
43.3028,1795
43.3056,1801
43.3083,1790
43.3111,1787
43.3139,1786
43.3167,1805
43.3194,1823
43.3222,1829
43.3250,1822
43.3278,1834
43.3306,1845
43.3333,1866
43.3361,1915
43.3389,1942
43.3417,1937
43.3444,1916
43.3472,1893
43.3500,1883
43.3528,1869
43.3556,1868
43.3583,1857
43.3611,1840
43.3639,1827
43.3667,1810
43.3694,1789
43.3722,1782
43.3750,1769
43.3778,1777
43.3806,1790
43.3833,1796
43.3861,1805
43.3889,1806
43.3917,1801
43.3944,1806
43.3972,1788
43.4000,1791
43.4028,1796
43.4056,1790
43.4083,1795
43.4111,1792
43.4139,1790
43.4167,1781
43.4194,1774
43.4222,1776
43.4250,1776
43.4278,1771
43.4306,1770
43.4333,1785
43.4361,1789
43.4389,1792
43.4417,1795
43.4444,1784
43.4472,1782
43.4500,1789
43.4528,1787
43.4556,1791
43.4583,1794
43.4611,1800
43.4639,1797
43.4667,1787
43.4694,1772
43.4722,1737
43.4750,1708
43.4778,1706
43.4806,1782
43.4833,1925
43.4861,2121
43.4889,2345
43.4917,2575
43.4944,2831
43.4972,3125
43.5000,3362
43.5028,3370
43.5056,3369
43.5083,3369
43.5111,3367
43.5139,3254
43.5167,2841
43.5194,2395
43.5222,2075
43.5250,1896
43.5278,1809
43.5306,1751
43.5333,1712
43.5361,1692
43.5389,1670
43.5417,1656
43.5444,1635
43.5472,1617
43.5500,1598
43.5528,1574
43.5556,1592
43.5583,1603
43.5611,1610
43.5639,1609
43.5667,1603
43.5694,1590
43.5722,1579
43.5750,1581
43.5778,1599
43.5806,1608
43.5833,1617
43.5861,1615
43.5889,1606
43.5917,1601
43.5944,1603
43.5972,1601
43.6000,1627
43.6028,1642
43.6056,1644
43.6083,1622
43.6111,1608
43.6139,1595
43.6167,1600
43.6194,1611
43.6222,1623
43.6250,1628
43.6278,1636
43.6306,1649
43.6333,1650
43.6361,1655
43.6389,1674
43.6417,1670
43.6444,1660
43.6472,1660
43.6500,1651
43.6528,1647
43.6556,1660
43.6583,1672
43.6611,1686
43.6639,1706
43.6667,1698
43.6694,1702
43.6722,1710
43.6750,1709
43.6778,1729
43.6806,1743
43.6833,1750
43.6861,1741
43.6889,1749
43.6917,1749
43.6944,1757
43.6972,1772
43.7000,1784
43.7028,1785
43.7056,1798
43.7083,1796
43.7111,1790
43.7139,1797
43.7167,1803
43.7194,1815
43.7222,1814
43.7250,1808
43.7278,1784
43.7306,1765
43.7333,1752
43.7361,1743
43.7389,1734
43.7417,1737
43.7444,1729
43.7472,1735
43.7500,1718
43.7528,1711
43.7556,1702
43.7583,1697
43.7611,1710
43.7639,1700
43.7667,1692
43.7694,1680
43.7722,1673
43.7750,1660
43.7778,1662
43.7806,1663
43.7833,1662
43.7861,1648
43.7889,1649
43.7917,1636
43.7944,1636
43.7972,1633
43.8000,1627
43.8028,1634
43.8056,1637
43.8083,1620
43.8111,1618
43.8139,1608
43.8167,1612
43.8194,1625
43.8222,1638
43.8250,1645
43.8278,1648
43.8306,1641
43.8333,1637
43.8361,1649
43.8389,1652
43.8417,1648
43.8444,1652
43.8472,1658
43.8500,1647
43.8528,1656
43.8556,1673
43.8583,1672
43.8611,1677
43.8639,1664
43.8667,1657
43.8694,1654
43.8722,1651
43.8750,1655
43.8778,1647
43.8806,1654
43.8833,1659
43.8861,1662
43.8889,1658
43.8917,1654
43.8944,1652
43.8972,1658
43.9000,1653
43.9028,1643
43.9056,1634
43.9083,1627
43.9111,1618
43.9139,1619
43.9167,1615
43.9194,1623
43.9222,1624
43.9250,1616
43.9278,1609
43.9306,1608
43.9333,1593
43.9361,1596
43.9389,1590
43.9417,1591
43.9444,1602
43.9472,1609
43.9500,1613
43.9528,1610
43.9556,1614
43.9583,1614
43.9611,1605
43.9639,1594
43.9667,1599
43.9694,1602
43.9722,1597
43.9750,1597
43.9778,1598
43.9806,1602
43.9833,1610
43.9861,1612
43.9889,1596
43.9917,1587
43.9944,1577
43.9972,1582
44.0000,1588
44.0028,1585
44.0056,1587
44.0083,1590
44.0111,1587
44.0139,1586
44.0167,1573
44.0194,1569
44.0222,1575
44.0250,1580
44.0278,1591
44.0306,1584
44.0333,1597
44.0361,1596
44.0389,1606
44.0417,1597
44.0444,1600
44.0472,1585
44.0500,1572
44.0528,1570
44.0556,1582
44.0583,1592
44.0611,1607
44.0639,1607
44.0667,1607
44.0694,1599
44.0722,1601
44.0750,1590
44.0778,1583
44.0806,1585
44.0833,1602
44.0861,1610
44.0889,1630
44.0917,1641
44.0944,1646
44.0972,1645
44.1000,1657
44.1028,1659
44.1056,1672
44.1083,1702
44.1111,1713
44.1139,1723
44.1167,1721
44.1194,1709
44.1222,1684
44.1250,1677
44.1278,1657
44.1306,1651
44.1333,1637
44.1361,1616
44.1389,1609
44.1417,1588
44.1444,1571
44.1472,1553
44.1500,1527
44.1528,1536
44.1556,1548
44.1583,1561
44.1611,1566
44.1639,1568
44.1667,1559
44.1694,1549
44.1722,1534
44.1750,1530
44.1778,1530
44.1806,1548
44.1833,1566
44.1861,1574
44.1889,1561
44.1917,1551
44.1944,1546
44.1972,1547
44.2000,1549
44.2028,1552
44.2056,1556
44.2083,1562
44.2111,1556
44.2139,1548
44.2167,1559
44.2194,1570
44.2222,1579
44.2250,1586
44.2278,1590
44.2306,1589
44.2333,1588
44.2361,1586
44.2389,1583
44.2417,1573
44.2444,1549
44.2472,1520
44.2500,1502
44.2528,1537
44.2556,1668
44.2583,1848
44.2611,2065
44.2639,2291
44.2667,2550
44.2694,2838
44.2722,3146
44.2750,3350
44.2778,3364
44.2806,3362
44.2833,3366
44.2861,3171
44.2889,2699
44.2917,2212
44.2944,1887
44.2972,1717
44.3000,1624
44.3028,1569
44.3056,1526
44.3083,1493
44.3111,1461
44.3139,1438
44.3167,1422
44.3194,1412
44.3222,1400
44.3250,1390
44.3278,1392
44.3306,1410
44.3333,1410
44.3361,1412
44.3389,1399
44.3417,1389
44.3444,1380
44.3472,1386
44.3500,1400
44.3528,1412
44.3556,1417
44.3583,1421
44.3611,1414
44.3639,1409
44.3667,1407
44.3694,1412
44.3722,1420
44.3750,1429
44.3778,1440
44.3806,1451
44.3833,1445
44.3861,1448
44.3889,1453
44.3917,1462
44.3944,1467
44.3972,1465
44.4000,1462
44.4028,1471
44.4056,1476
44.4083,1490
44.4111,1505
44.4139,1513
44.4167,1518
44.4194,1504
44.4222,1495
44.4250,1499
44.4278,1513
44.4306,1531
44.4333,1552
44.4361,1561
44.4389,1558
44.4417,1543
44.4444,1534
44.4472,1543
44.4500,1565
44.4528,1582
44.4556,1599
44.4583,1591
44.4611,1587
44.4639,1591
44.4667,1603
44.4694,1602
44.4722,1612
44.4750,1634
44.4778,1650
44.4806,1652
44.4833,1652
44.4861,1672
44.4889,1682
44.4917,1668
44.4944,1667
44.4972,1655
44.5000,1642
44.5028,1631
44.5056,1608
44.5083,1589
44.5111,1577
44.5139,1575
44.5167,1577
44.5194,1562
44.5222,1541
44.5250,1545
44.5278,1537
44.5306,1532
44.5333,1526
44.5361,1534
44.5389,1522
44.5417,1519
44.5444,1511
44.5472,1509
44.5500,1520
44.5528,1520
44.5556,1532
44.5583,1528
44.5611,1524
44.5639,1507
44.5667,1507
44.5694,1516
44.5722,1523
44.5750,1526
44.5778,1527
44.5806,1527
44.5833,1527
44.5861,1529
44.5889,1540
44.5917,1546
44.5944,1547
44.5972,1553
44.6000,1554
44.6028,1555
44.6056,1557
44.6083,1568
44.6111,1580
44.6139,1579
44.6167,1573
44.6194,1567
44.6222,1555
44.6250,1560
44.6278,1568
44.6306,1575
44.6333,1578
44.6361,1583
44.6389,1577
44.6417,1576
44.6444,1577
44.6472,1569
44.6500,1574
44.6528,1574
44.6556,1578
44.6583,1579
44.6611,1570
44.6639,1581
44.6667,1563
44.6694,1579
44.6722,1581
44.6750,1588
44.6778,1588
44.6806,1589
44.6833,1583
44.6861,1574
44.6889,1571
44.6917,1573
44.6944,1568
44.6972,1569
44.7000,1576
44.7028,1582
44.7056,1596
44.7083,1601
44.7111,1596
44.7139,1596
44.7167,1580
44.7194,1571
44.7222,1565
44.7250,1567
44.7278,1580
44.7306,1587
44.7333,1600
44.7361,1593
44.7389,1599
44.7417,1588
44.7444,1593
44.7472,1592
44.7500,1591
44.7528,1609
44.7556,1605
44.7583,1612
44.7611,1600
44.7639,1597
44.7667,1604
44.7694,1607
44.7722,1614
44.7750,1619
44.7778,1613
44.7806,1618
44.7833,1611
44.7861,1616
44.7889,1622
44.7917,1623
44.7944,1623
44.7972,1628
44.8000,1623
44.8028,1615
44.8056,1617
44.8083,1623
44.8111,1624
44.8139,1630
44.8167,1625
44.8194,1633
44.8222,1635
44.8250,1641
44.8278,1650
44.8306,1646
44.8333,1645
44.8361,1647
44.8389,1647
44.8417,1648
44.8444,1636
44.8472,1637
44.8500,1635
44.8528,1630
44.8556,1631
44.8583,1625
44.8611,1623
44.8639,1631
44.8667,1634
44.8694,1639
44.8722,1633
44.8750,1625
44.8778,1628
44.8806,1627
44.8833,1629
44.8861,1632
44.8889,1638
44.8917,1635
44.8944,1648
44.8972,1655
44.9000,1658
44.9028,1664
44.9056,1668
44.9083,1678
44.9111,1690
44.9139,1706
44.9167,1728
44.9194,1758
44.9222,1788
44.9250,1798
44.9278,1789
44.9306,1775
44.9333,1749
44.9361,1733
44.9389,1715
44.9417,1693
44.9444,1682
44.9472,1676
44.9500,1667
44.9528,1658
44.9556,1649
44.9583,1634
44.9611,1623
44.9639,1609
44.9667,1599
44.9694,1603
44.9722,1612
44.9750,1623
44.9778,1616
44.9806,1616
44.9833,1624
44.9861,1617
44.9889,1625
44.9917,1641
44.9944,1638
44.9972,1634
45.0000,1627
45.0028,1615
45.0056,1622
45.0083,1624
45.0111,1632
45.0139,1636
45.0167,1641
45.0194,1639
45.0222,1651
45.0250,1651
45.0278,1664
45.0306,1660
45.0333,1651
45.0361,1650
45.0389,1654
45.0417,1655
45.0444,1660
45.0472,1671
45.0500,1676
45.0528,1686
45.0556,1673
45.0583,1642
45.0611,1609
45.0639,1633
45.0667,1721
45.0694,1884
45.0722,2088
45.0750,2309
45.0778,2551
45.0806,2833
45.0833,3136
45.0861,3353
45.0889,3373
45.0917,3368
45.0944,3375
45.0972,3360
45.1000,3150
45.1028,2676
45.1056,2256
45.1083,1962
45.1111,1800
45.1139,1716
45.1167,1666
45.1194,1638
45.1222,1617
45.1250,1601
45.1278,1604
45.1306,1596
45.1333,1569
45.1361,1544
45.1389,1533
45.1417,1526
45.1444,1525
45.1472,1542
45.1500,1555
45.1528,1548
45.1556,1545
45.1583,1548
45.1611,1552
45.1639,1558
45.1667,1550
45.1694,1546
45.1722,1541
45.1750,1556
45.1778,1555
45.1806,1571
45.1833,1583
45.1861,1600
45.1889,1616
45.1917,1621
45.1944,1622
45.1972,1618
45.2000,1620
45.2028,1635
45.2056,1644
45.2083,1659
45.2111,1653
45.2139,1634
45.2167,1622
45.2194,1629
45.2222,1640
45.2250,1649
45.2278,1662
45.2306,1670
45.2333,1668
45.2361,1664
45.2389,1669
45.2417,1666
45.2444,1679
45.2472,1686
45.2500,1696
45.2528,1701
45.2556,1703
45.2583,1702
45.2611,1706
45.2639,1709
45.2667,1724
45.2694,1727
45.2722,1724
45.2750,1717
45.2778,1719
45.2806,1733
45.2833,1753
45.2861,1777
45.2889,1792
45.2917,1812
45.2944,1813
45.2972,1825
45.3000,1857
45.3028,1868
45.3056,1867
45.3083,1864
45.3111,1843
45.3139,1824
45.3167,1813
45.3194,1799
45.3222,1772
45.3250,1753
45.3278,1759
45.3306,1763
45.3333,1765
45.3361,1754
45.3389,1746
45.3417,1755
45.3444,1759
45.3472,1764
45.3500,1757
45.3528,1741
45.3556,1736
45.3583,1733
45.3611,1727
45.3639,1713
45.3667,1715
45.3694,1724
45.3722,1717
45.3750,1707
45.3778,1693
45.3806,1695
45.3833,1696
45.3861,1698
45.3889,1705
45.3917,1708
45.3944,1709
45.3972,1704
45.4000,1697
45.4028,1702
45.4056,1696
45.4083,1693
45.4111,1700
45.4139,1690
45.4167,1695
45.4194,1698
45.4222,1696
45.4250,1707
45.4278,1716
45.4306,1719
45.4333,1719
45.4361,1728
45.4389,1727
45.4417,1717
45.4444,1712
45.4472,1725
45.4500,1735
45.4528,1738
45.4556,1741
45.4583,1741
45.4611,1741
45.4639,1736
45.4667,1731
45.4694,1733
45.4722,1736
45.4750,1719
45.4778,1722
45.4806,1726
45.4833,1730
45.4861,1732
45.4889,1731
45.4917,1719
45.4944,1722
45.4972,1709
45.5000,1708
45.5028,1708
45.5056,1712
45.5083,1723
45.5111,1706
45.5139,1710
45.5167,1704
45.5194,1703
45.5222,1705
45.5250,1706
45.5278,1705
45.5306,1707
45.5333,1711
45.5361,1703
45.5389,1700
45.5417,1701
45.5444,1715
45.5472,1714
45.5500,1711
45.5528,1711
45.5556,1716
45.5583,1713
45.5611,1704
45.5639,1705
45.5667,1703
45.5694,1700
45.5722,1692
45.5750,1692
45.5778,1683
45.5806,1683
45.5833,1688
45.5861,1691
45.5889,1709
45.5917,1711
45.5944,1705
45.5972,1697
45.6000,1692
45.6028,1696
45.6056,1695
45.6083,1692
45.6111,1689
45.6139,1680
45.6167,1656
45.6194,1657
45.6222,1665
45.6250,1681
45.6278,1690
45.6306,1688
45.6333,1679
45.6361,1676
45.6389,1671
45.6417,1666
45.6444,1673
45.6472,1672
45.6500,1682
45.6528,1684
45.6556,1671
45.6583,1677
45.6611,1665
45.6639,1672
45.6667,1675
45.6694,1680
45.6722,1682
45.6750,1689
45.6778,1686
45.6806,1688
45.6833,1690
45.6861,1687
45.6889,1694
45.6917,1696
45.6944,1693
45.6972,1701
45.7000,1709
45.7028,1718
45.7056,1729
45.7083,1729
45.7111,1724
45.7139,1713
45.7167,1721
45.7194,1716
45.7222,1727
45.7250,1723
45.7278,1728
45.7306,1737
45.7333,1752
45.7361,1765
45.7389,1772
45.7417,1770
45.7444,1770
45.7472,1774
45.7500,1768
45.7528,1772
45.7556,1777
45.7583,1770
45.7611,1790
45.7639,1824
45.7667,1856
45.7694,1892
45.7722,1908
45.7750,1907
45.7778,1895
45.7806,1873
45.7833,1848
45.7861,1839
45.7889,1824
45.7917,1806
45.7944,1784
45.7972,1780
45.8000,1771
45.8028,1761
45.8056,1753
45.8083,1749
45.8111,1755
45.8139,1747
45.8167,1746
45.8194,1748
45.8222,1756
45.8250,1752
45.8278,1736
45.8306,1747
45.8333,1757
45.8361,1774
45.8389,1784
45.8417,1800
45.8444,1801
45.8472,1784
45.8500,1767
45.8528,1759
45.8556,1756
45.8583,1758
45.8611,1759
45.8639,1754
45.8667,1749
45.8694,1760
45.8722,1761
45.8750,1767
45.8778,1760
45.8806,1760
45.8833,1769
45.8861,1771
45.8889,1763
45.8917,1751
45.8944,1750
45.8972,1752
45.9000,1745
45.9028,1726
45.9056,1699
45.9083,1680
45.9111,1714
45.9139,1819
45.9167,1992
45.9194,2188
45.9222,2405
45.9250,2672
45.9278,2970
45.9306,3284
45.9333,3353
45.9361,3368
45.9389,3369
45.9417,3372
45.9444,3366
45.9472,3118
45.9500,2665
45.9528,2255
45.9556,1974
45.9583,1806
45.9611,1720
45.9639,1676
45.9667,1662
45.9694,1653
45.9722,1648
45.9750,1656
45.9778,1644
45.9806,1612
45.9833,1594
45.9861,1589
45.9889,1589
45.9917,1597
45.9944,1603
45.9972,1601
46.0000,1598
46.0028,1582
46.0056,1585
46.0083,1601
46.0111,1618
46.0139,1646
46.0167,1660
46.0194,1656
46.0222,1650
46.0250,1637
46.0278,1631
46.0306,1642
46.0333,1650
46.0361,1652
46.0389,1657
46.0417,1650
46.0444,1649
46.0472,1658
46.0500,1677
46.0528,1699
46.0556,1708
46.0583,1699
46.0611,1706
46.0639,1688
46.0667,1703
46.0694,1712
46.0722,1724
46.0750,1740
46.0778,1751
46.0806,1755
46.0833,1743
46.0861,1746
46.0889,1752
46.0917,1760
46.0944,1758
46.0972,1765
46.1000,1774
46.1028,1777
46.1056,1778
46.1083,1792
46.1111,1806
46.1139,1807
46.1167,1806
46.1194,1806
46.1222,1805
46.1250,1809
46.1278,1808
46.1306,1819
46.1333,1824
46.1361,1840
46.1389,1848
46.1417,1852
46.1444,1853
46.1472,1905
46.1500,1910
46.1528,1900
46.1556,1902
46.1583,1879
46.1611,1862
46.1639,1842
46.1667,1821
46.1694,1805
46.1722,1801
46.1750,1804
46.1778,1799
46.1806,1787
46.1833,1780
46.1861,1774
46.1889,1766
46.1917,1757
46.1944,1766
46.1972,1762
46.2000,1752
46.2028,1738
46.2056,1735
46.2083,1742
46.2111,1751
46.2139,1753
46.2167,1757
46.2194,1750
46.2222,1744
46.2250,1750
46.2278,1733
46.2306,1737
46.2333,1739
46.2361,1744
46.2389,1750
46.2417,1757
46.2444,1743
46.2472,1740
46.2500,1743
46.2528,1748
46.2556,1750
46.2583,1751
46.2611,1744
46.2639,1741
46.2667,1732
46.2694,1731
46.2722,1742
46.2750,1754
46.2778,1760
46.2806,1767
46.2833,1765
46.2861,1769
46.2889,1761
46.2917,1767
46.2944,1767
46.2972,1768
46.3000,1762
46.3028,1758
46.3056,1763
46.3083,1775
46.3111,1775
46.3139,1780
46.3167,1784
46.3194,1786
46.3222,1792
46.3250,1790
46.3278,1804
46.3306,1805
46.3333,1799
46.3361,1791
46.3389,1787
46.3417,1785
46.3444,1780
46.3472,1792
46.3500,1792
46.3528,1804
46.3556,1803
46.3583,1793
46.3611,1790
46.3639,1793
46.3667,1790
46.3694,1788
46.3722,1793
46.3750,1788
46.3778,1789
46.3806,1791
46.3833,1783
46.3861,1784
46.3889,1781
46.3917,1773
46.3944,1769
46.3972,1775
46.4000,1775
46.4028,1776
46.4056,1786
46.4083,1793
46.4111,1793
46.4139,1800
46.4167,1800
46.4194,1799
46.4222,1793
46.4250,1778
46.4278,1775
46.4306,1778
46.4333,1786
46.4361,1772
46.4389,1774
46.4417,1776
46.4444,1772
46.4472,1759
46.4500,1759
46.4528,1768
46.4556,1772
46.4583,1773
46.4611,1778
46.4639,1774
46.4667,1770
46.4694,1772
46.4722,1771
46.4750,1781
46.4778,1790
46.4806,1803
46.4833,1805
46.4861,1802
46.4889,1797
46.4917,1799
46.4944,1800
46.4972,1788
46.5000,1776
46.5028,1765
46.5056,1762
46.5083,1776
46.5111,1781
46.5139,1780
46.5167,1782
46.5194,1781
46.5222,1782
46.5250,1798
46.5278,1804
46.5306,1805
46.5333,1807
46.5361,1811
46.5389,1803
46.5417,1811
46.5444,1803
46.5472,1814
46.5500,1836
46.5528,1850
46.5556,1879
46.5583,1914
46.5611,1933
46.5639,1940
46.5667,1926
46.5694,1892
46.5722,1859
46.5750,1841
46.5778,1826
46.5806,1817
46.5833,1808
46.5861,1806
46.5889,1792
46.5917,1776
46.5944,1757
46.5972,1747
46.6000,1744
46.6028,1751
46.6056,1752
46.6083,1755
46.6111,1755
46.6139,1757
46.6167,1750
46.6194,1748
46.6222,1749
46.6250,1752
46.6278,1754
46.6306,1762
46.6333,1769
46.6361,1760
46.6389,1757
46.6417,1744
46.6444,1731
46.6472,1725
46.6500,1727
46.6528,1740
46.6556,1749
46.6583,1759
46.6611,1752
46.6639,1740
46.6667,1736
46.6694,1732
46.6722,1737
46.6750,1748
46.6778,1753
46.6806,1754
46.6833,1753
46.6861,1733
46.6889,1721
46.6917,1730
46.6944,1707
46.6972,1686
46.7000,1670
46.7028,1716
46.7056,1844
46.7083,2025
46.7111,2234
46.7139,2474
46.7167,2721
46.7194,2994
46.7222,3293
46.7250,3355
46.7278,3371
46.7306,3364
46.7333,3365
46.7361,3276
46.7389,2879
46.7417,2436
46.7444,2111
46.7472,1927
46.7500,1838
46.7528,1771
46.7556,1721
46.7583,1692
46.7611,1667
46.7639,1647
46.7667,1631
46.7694,1619
46.7722,1605
46.7750,1594
46.7778,1589
46.7806,1591
46.7833,1579
46.7861,1574
46.7889,1557
46.7917,1555
46.7944,1554
46.7972,1555
46.8000,1571
46.8028,1587
46.8056,1588
46.8083,1592
46.8111,1576
46.8139,1563
46.8167,1555
46.8194,1567
46.8222,1588
46.8250,1602
46.8278,1618
46.8306,1621
46.8333,1620
46.8361,1617
46.8389,1617
46.8417,1614
46.8444,1620
46.8472,1623
46.8500,1615
46.8528,1607
46.8556,1613
46.8583,1627
46.8611,1639
46.8639,1650
46.8667,1656
46.8694,1659
46.8722,1654
46.8750,1649
46.8778,1664
46.8806,1683
46.8833,1698
46.8861,1703
46.8889,1689
46.8917,1674
46.8944,1664
46.8972,1665
46.9000,1666
46.9028,1667
46.9056,1679
46.9083,1676
46.9111,1689
46.9139,1688
46.9167,1700
46.9194,1704
46.9222,1721
46.9250,1717
46.9278,1729
46.9306,1741
46.9333,1737
46.9361,1754
46.9389,1700
46.9417,1705
46.9444,1702
46.9472,1691
46.9500,1681
46.9528,1665
46.9556,1647
46.9583,1640
46.9611,1643
46.9639,1646
46.9667,1644
46.9694,1646
46.9722,1635
46.9750,1629
46.9778,1605
46.9806,1589
46.9833,1590
46.9861,1585
46.9889,1573
46.9917,1578
46.9944,1587
46.9972,1602
47.0000,1608
47.0028,1616
47.0056,1623
47.0083,1620
47.0111,1620
47.0139,1619
47.0167,1619
47.0194,1621
47.0222,1623
47.0250,1627
47.0278,1619
47.0306,1627
47.0333,1617
47.0361,1630
47.0389,1645
47.0417,1636
47.0444,1635
47.0472,1634
47.0500,1634
47.0528,1626
47.0556,1620
47.0583,1631
47.0611,1645
47.0639,1646
47.0667,1637
47.0694,1627
47.0722,1616
47.0750,1606
47.0778,1606
47.0806,1610
47.0833,1630
47.0861,1629
47.0889,1621
47.0917,1623
47.0944,1614
47.0972,1622
47.1000,1625
47.1028,1620
47.1056,1612
47.1083,1602
47.1111,1595
47.1139,1594
47.1167,1585
47.1194,1593
47.1222,1594
47.1250,1595
47.1278,1598
47.1306,1597
47.1333,1587
47.1361,1590
47.1389,1581
47.1417,1579
47.1444,1575
47.1472,1575
47.1500,1564
47.1528,1560
47.1556,1554
47.1583,1564
47.1611,1570
47.1639,1572
47.1667,1575
47.1694,1561
47.1722,1557
47.1750,1559
47.1778,1562
47.1806,1554
47.1833,1546
47.1861,1548
47.1889,1539
47.1917,1518
47.1944,1513
47.1972,1524
47.2000,1521
47.2028,1534
47.2056,1545
47.2083,1551
47.2111,1543
47.2139,1532
47.2167,1531
47.2194,1529
47.2222,1540
47.2250,1543
47.2278,1553
47.2306,1558
47.2333,1558
47.2361,1549
47.2389,1549
47.2417,1547
47.2444,1550
47.2472,1548
47.2500,1542
47.2528,1545
47.2556,1532
47.2583,1534
47.2611,1545
47.2639,1559
47.2667,1556
47.2694,1564
47.2722,1557
47.2750,1553
47.2778,1552
47.2806,1550
47.2833,1552
47.2861,1565
47.2889,1562
47.2917,1573
47.2944,1567
47.2972,1576
47.3000,1584
47.3028,1588
47.3056,1584
47.3083,1595
47.3111,1588
47.3139,1589
47.3167,1602
47.3194,1601
47.3222,1608
47.3250,1621
47.3278,1626
47.3306,1637
47.3333,1654
47.3361,1673
47.3389,1689
47.3417,1701
47.3444,1729
47.3472,1743
47.3500,1749
47.3528,1740
47.3556,1718
47.3583,1705
47.3611,1700
47.3639,1681
47.3667,1680
47.3694,1668
47.3722,1641
47.3750,1632
47.3778,1623
47.3806,1604
47.3833,1594
47.3861,1580
47.3889,1575
47.3917,1576
47.3944,1584
47.3972,1578
47.4000,1586
47.4028,1584
47.4056,1587
47.4083,1585
47.4111,1574
47.4139,1565
47.4167,1572
47.4194,1571
47.4222,1578
47.4250,1584
47.4278,1583
47.4306,1587
47.4333,1581
47.4361,1583
47.4389,1593
47.4417,1608
47.4444,1617
47.4472,1615
47.4500,1611
47.4528,1615
47.4556,1615
47.4583,1612
47.4611,1609
47.4639,1599
47.4667,1605
47.4694,1614
47.4722,1613
47.4750,1616
47.4778,1595
47.4806,1565
47.4833,1541
47.4861,1539
47.4889,1620
47.4917,1773
47.4944,1981
47.4972,2206
47.5000,2449
47.5028,2715
47.5056,3018
47.5083,3314
47.5111,3352
47.5139,3365
47.5167,3368
47.5194,3344
47.5222,3025
47.5250,2522
47.5278,2100
47.5306,1855
47.5333,1724
47.5361,1669
47.5389,1647
47.5417,1613
47.5444,1592
47.5472,1561
47.5500,1530
47.5528,1495
47.5556,1453
47.5583,1442
47.5611,1439
47.5639,1435
47.5667,1454
47.5694,1463
47.5722,1470
47.5750,1466
47.5778,1460
47.5806,1462
47.5833,1479
47.5861,1489
47.5889,1494
47.5917,1485
47.5944,1482
47.5972,1484
47.6000,1494
47.6028,1502
47.6056,1521
47.6083,1549
47.6111,1561
47.6139,1562
47.6167,1556
47.6194,1542
47.6222,1540
47.6250,1542
47.6278,1546
47.6306,1527
47.6333,1458
47.6361,1390
47.6389,1344
47.6417,1338
47.6444,1376
47.6472,1418
47.6500,1456
47.6528,1488
47.6556,1510
47.6583,1530
47.6611,1561
47.6639,1576
47.6667,1598
47.6694,1619
47.6722,1628
47.6750,1647
47.6778,1645
47.6806,1660
47.6833,1687
47.6861,1712
47.6889,1734
47.6917,1755
47.6944,1770
47.6972,1778
47.7000,1795
47.7028,1806
47.7056,1824
47.7083,1829
47.7111,1839
47.7139,1842
47.7167,1846
47.7194,1842
47.7222,1880
47.7250,1880
47.7278,1883
47.7306,1867
47.7333,1848
47.7361,1839
47.7389,1828
47.7417,1818
47.7444,1807
47.7472,1792
47.7500,1788
47.7528,1759
47.7556,1750
47.7583,1737
47.7611,1734
47.7639,1736
47.7667,1736
47.7694,1736
47.7722,1727
47.7750,1700
47.7778,1694
47.7806,1685
47.7833,1687
47.7861,1679
47.7889,1679
47.7917,1683
47.7944,1685
47.7972,1679
47.8000,1670
47.8028,1668
47.8056,1680
47.8083,1680
47.8111,1679
47.8139,1670
47.8167,1667
47.8194,1657
47.8222,1664
47.8250,1670
47.8278,1677
47.8306,1678
47.8333,1680
47.8361,1668
47.8389,1664
47.8417,1661
47.8444,1660
47.8472,1655
47.8500,1660
47.8528,1669
47.8556,1676
47.8583,1664
47.8611,1658
47.8639,1655
47.8667,1650
47.8694,1655
47.8722,1655
47.8750,1654
47.8778,1658
47.8806,1662
47.8833,1654
47.8861,1656
47.8889,1659
47.8917,1655
47.8944,1656
47.8972,1648
47.9000,1640
47.9028,1642
47.9056,1645
47.9083,1646
47.9111,1654
47.9139,1656
47.9167,1634
47.9194,1631
47.9222,1631
47.9250,1627
47.9278,1624
47.9306,1635
47.9333,1633
47.9361,1630
47.9389,1613
47.9417,1618
47.9444,1618
47.9472,1617
47.9500,1607
47.9528,1610
47.9556,1610
47.9583,1603
47.9611,1598
47.9639,1602
47.9667,1604
47.9694,1603
47.9722,1611
47.9750,1598
47.9778,1595
47.9806,1600
47.9833,1603
47.9861,1605
47.9889,1599
47.9917,1597
47.9944,1589
47.9972,1598
48.0000,1602
48.0028,1599
48.0056,1600
48.0083,1593
48.0111,1592
48.0139,1592
48.0167,1593
48.0194,1599
48.0222,1595
48.0250,1594
48.0278,1596
48.0306,1589
48.0333,1588
48.0361,1583
48.0389,1583
48.0417,1579
48.0444,1594
48.0472,1599
48.0500,1595
48.0528,1585
48.0556,1578
48.0583,1574
48.0611,1579
48.0639,1586
48.0667,1592
48.0694,1596
48.0722,1594
48.0750,1596
48.0778,1590
48.0806,1594
48.0833,1594
48.0861,1600
48.0889,1605
48.0917,1605
48.0944,1616
48.0972,1619
48.1000,1614
48.1028,1621
48.1056,1623
48.1083,1613
48.1111,1612
48.1139,1603
48.1167,1599
48.1194,1603
48.1222,1618
48.1250,1624
48.1278,1630
48.1306,1647
48.1333,1641
48.1361,1628
48.1389,1645
48.1417,1652
48.1444,1647
48.1472,1657
48.1500,1673
48.1528,1700
48.1556,1735
48.1583,1764
48.1611,1772
48.1639,1765
48.1667,1753
48.1694,1729
48.1722,1713
48.1750,1706
48.1778,1697
48.1806,1686
48.1833,1682
48.1861,1687
48.1889,1672
48.1917,1657
48.1944,1634
48.1972,1618
48.2000,1615
48.2028,1614
48.2056,1620
48.2083,1636
48.2111,1639
48.2139,1628
48.2167,1619
48.2194,1622
48.2222,1628
48.2250,1641
48.2278,1653
48.2306,1657
48.2333,1658
48.2361,1663
48.2389,1660
48.2417,1641
48.2444,1647
48.2472,1649
48.2500,1649
48.2528,1659
48.2556,1662
48.2583,1656
48.2611,1660
48.2639,1667
48.2667,1669
48.2694,1677
48.2722,1683
48.2750,1689
48.2778,1696
48.2806,1698
48.2833,1686
48.2861,1682
48.2889,1678
48.2917,1655
48.2944,1621
48.2972,1609
48.3000,1688
48.3028,1818
48.3056,2002
48.3083,2223
48.3111,2473
48.3139,2751
48.3167,3038
48.3194,3344
48.3222,3367
48.3250,3375
48.3278,3371
48.3306,3362
48.3333,3282
48.3361,2882
48.3389,2419
48.3417,2061
48.3444,1849
48.3472,1730
48.3500,1669
48.3528,1643
48.3556,1635
48.3583,1629
48.3611,1621
48.3639,1606
48.3667,1591
48.3694,1573
48.3722,1570
48.3750,1560
48.3778,1576
48.3806,1588
48.3833,1580
48.3861,1568
48.3889,1549
48.3917,1544
48.3944,1538
48.3972,1554
48.4000,1567
48.4028,1580
48.4056,1576
48.4083,1573
48.4111,1554
48.4139,1571
48.4167,1586
48.4194,1602
48.4222,1626
48.4250,1621
48.4278,1610
48.4306,1605
48.4333,1602
48.4361,1614
48.4389,1636
48.4417,1638
48.4444,1660
48.4472,1659
48.4500,1653
48.4528,1649
48.4556,1658
48.4583,1671
48.4611,1681
48.4639,1697
48.4667,1694
48.4694,1685
48.4722,1686
48.4750,1689
48.4778,1703
48.4806,1716
48.4833,1729
48.4861,1733
48.4889,1742
48.4917,1732
48.4944,1734
48.4972,1742
48.5000,1761
48.5028,1766
48.5056,1775
48.5083,1774
48.5111,1771
48.5139,1777
48.5167,1779
48.5194,1787
48.5222,1789
48.5250,1807
48.5278,1817
48.5306,1831
48.5333,1839
48.5361,1819
48.5389,1824
48.5417,1816
48.5444,1812
48.5472,1794
48.5500,1788
48.5528,1775
48.5556,1781
48.5583,1775
48.5611,1773
48.5639,1762
48.5667,1743
48.5694,1736
48.5722,1729
48.5750,1727
48.5778,1737
48.5806,1737
48.5833,1739
48.5861,1740
48.5889,1730
48.5917,1714
48.5944,1713
48.5972,1710
48.6000,1726
48.6028,1739
48.6056,1740
48.6083,1734
48.6111,1725
48.6139,1711
48.6167,1717
48.6194,1727
48.6222,1735
48.6250,1743
48.6278,1737
48.6306,1718
48.6333,1715
48.6361,1710
48.6389,1716
48.6417,1729
48.6444,1747
48.6472,1752
48.6500,1752
48.6528,1749
48.6556,1734
48.6583,1728
48.6611,1723
48.6639,1722
48.6667,1722
48.6694,1733
48.6722,1737
48.6750,1747
48.6778,1752
48.6806,1752
48.6833,1755
48.6861,1751
48.6889,1737
48.6917,1731
48.6944,1722
48.6972,1721
48.7000,1722
48.7028,1733
48.7056,1738
48.7083,1733
48.7111,1743
48.7139,1746
48.7167,1750
48.7194,1758
48.7222,1757
48.7250,1761
48.7278,1764
48.7306,1762
48.7333,1758
48.7361,1770
48.7389,1767
48.7417,1766
48.7444,1764
48.7472,1767
48.7500,1766
48.7528,1764
48.7556,1775
48.7583,1776
48.7611,1775
48.7639,1767
48.7667,1766
48.7694,1764
48.7722,1766
48.7750,1759
48.7778,1758
48.7806,1761
48.7833,1762
48.7861,1765
48.7889,1767
48.7917,1772
48.7944,1770
48.7972,1774
48.8000,1776
48.8028,1784
48.8056,1769
48.8083,1771
48.8111,1756
48.8139,1753
48.8167,1749
48.8194,1754
48.8222,1769
48.8250,1776
48.8278,1776
48.8306,1769
48.8333,1767
48.8361,1780
48.8389,1784
48.8417,1798
48.8444,1787
48.8472,1788
48.8500,1785
48.8528,1798
48.8556,1794
48.8583,1791
48.8611,1779
48.8639,1792
48.8667,1788
48.8694,1793
48.8722,1796
48.8750,1806
48.8778,1803
48.8806,1801
48.8833,1790
48.8861,1784
48.8889,1787
48.8917,1786
48.8944,1784
48.8972,1785
48.9000,1791
48.9028,1810
48.9056,1820
48.9083,1828
48.9111,1820
48.9139,1812
48.9167,1811
48.9194,1814
48.9222,1823
48.9250,1839
48.9278,1856
48.9306,1882
48.9333,1908
48.9361,1923
48.9389,1920
48.9417,1910
48.9444,1891
48.9472,1854
48.9500,1821
48.9528,1806
48.9556,1788
48.9583,1776
48.9611,1765
48.9639,1754
48.9667,1744
48.9694,1734
48.9722,1717
48.9750,1715
48.9778,1720
48.9806,1727
48.9833,1738
48.9861,1735
48.9889,1737
48.9917,1735
48.9944,1730
48.9972,1730
49.0000,1735
49.0028,1746
49.0056,1745
49.0083,1740
49.0111,1733
49.0139,1747
49.0167,1743
49.0194,1741
49.0222,1757
49.0250,1760
49.0278,1754
49.0306,1740
49.0333,1732
49.0361,1739
49.0389,1748
49.0417,1769
49.0444,1779
49.0472,1782
49.0500,1783
49.0528,1778
49.0556,1771
49.0583,1764
49.0611,1758
49.0639,1768
49.0667,1771
49.0694,1760
49.0722,1728
49.0750,1728
49.0778,1789
49.0806,1927
49.0833,2110
49.0861,2323
49.0889,2560
49.0917,2819
49.0944,3120
49.0972,3358
49.1000,3367
49.1028,3361
49.1056,3364
49.1083,3366
49.1111,3185
49.1139,2757
49.1167,2334
49.1194,2056
49.1222,1900
49.1250,1814
49.1278,1766
49.1306,1723
49.1333,1682
49.1361,1664
49.1389,1645
49.1417,1634
49.1444,1609
49.1472,1601
49.1500,1595
49.1528,1597
49.1556,1594
49.1583,1597
49.1611,1592
49.1639,1582
49.1667,1577
49.1694,1578
49.1722,1583
49.1750,1596
49.1778,1607
49.1806,1619
49.1833,1612
49.1861,1593
49.1889,1595
49.1917,1583
49.1944,1596
49.1972,1619
49.2000,1637
49.2028,1646
49.2056,1643
49.2083,1637
49.2111,1627
49.2139,1639
49.2167,1652
49.2194,1652
49.2222,1657
49.2250,1654
49.2278,1650
49.2306,1646
49.2333,1654
49.2361,1674
49.2389,1687
49.2417,1693
49.2444,1709
49.2472,1711
49.2500,1701
49.2528,1705
49.2556,1714
49.2583,1711
49.2611,1712
49.2639,1705
49.2667,1701
49.2694,1696
49.2722,1711
49.2750,1722
49.2778,1750
49.2806,1754
49.2833,1757
49.2861,1745
49.2889,1860
49.2917,1851
49.2944,1857
49.2972,1864
49.3000,1869
49.3028,1857
49.3056,1830
49.3083,1814
49.3111,1791
49.3139,1790
49.3167,1786
49.3194,1787
49.3222,1777
49.3250,1756
49.3278,1729
49.3306,1704
49.3333,1698
49.3361,1700
49.3389,1692
49.3417,1688
49.3444,1680
49.3472,1673
49.3500,1664
49.3528,1668
49.3556,1667
49.3583,1671
49.3611,1665
49.3639,1664
49.3667,1649
49.3694,1637
49.3722,1635
49.3750,1637
49.3778,1643
49.3806,1648
49.3833,1640
49.3861,1629
49.3889,1619
49.3917,1606
49.3944,1604
49.3972,1620
49.4000,1623
49.4028,1625
49.4056,1630
49.4083,1628
49.4111,1648
49.4139,1641
49.4167,1648
49.4194,1651
49.4222,1638
49.4250,1632
49.4278,1621
49.4306,1628
49.4333,1630
49.4361,1658
49.4389,1671
49.4417,1685
49.4444,1684
49.4472,1674
49.4500,1676
49.4528,1675
49.4556,1675
49.4583,1674
49.4611,1683
49.4639,1675
49.4667,1680
49.4694,1681
49.4722,1677
49.4750,1684
49.4778,1692
49.4806,1692
49.4833,1686
49.4861,1684
49.4889,1676
49.4917,1670
49.4944,1669
49.4972,1678
49.5000,1680
49.5028,1687
49.5056,1678
49.5083,1682
49.5111,1678
49.5139,1674
49.5167,1672
49.5194,1656
49.5222,1646
49.5250,1635
49.5278,1627
49.5306,1629
49.5333,1635
49.5361,1647
49.5389,1654
49.5417,1654
49.5444,1649
49.5472,1629
49.5500,1628
49.5528,1622
49.5556,1631
49.5583,1641
49.5611,1645
49.5639,1647
49.5667,1645
49.5694,1642
49.5722,1650
49.5750,1652
49.5778,1654
49.5806,1653
49.5833,1645
49.5861,1648
49.5889,1643
49.5917,1635
49.5944,1641
49.5972,1646
49.6000,1655
49.6028,1652
49.6056,1646
49.6083,1640
49.6111,1638
49.6139,1644
49.6167,1645
49.6194,1659
49.6222,1661
49.6250,1675
49.6278,1670
49.6306,1657
49.6333,1650
49.6361,1652
49.6389,1660
49.6417,1665
49.6444,1680
49.6472,1678
49.6500,1683
49.6528,1677
49.6556,1685
49.6583,1692
49.6611,1684
49.6639,1681
49.6667,1663
49.6694,1676
49.6722,1700
49.6750,1736
49.6778,1768
49.6806,1787
49.6833,1793
49.6861,1781
49.6889,1765
49.6917,1736
49.6944,1713
49.6972,1709
49.7000,1712
49.7028,1708
49.7056,1694
49.7083,1673
49.7111,1655
49.7139,1632
49.7167,1624
49.7194,1618
49.7222,1611
49.7250,1603
49.7278,1605
49.7306,1604
49.7333,1612
49.7361,1621
49.7389,1616
49.7417,1598
49.7444,1597
49.7472,1597
49.7500,1598
49.7528,1616
49.7556,1615
49.7583,1618
49.7611,1615
49.7639,1614
49.7667,1608
49.7694,1622
49.7722,1638
49.7750,1647
49.7778,1655
49.7806,1660
49.7833,1659
49.7861,1662
49.7889,1667
49.7917,1666
49.7944,1663
49.7972,1668
49.8000,1669
49.8028,1671
49.8056,1657
49.8083,1656
49.8111,1641
49.8139,1617
49.8167,1598
49.8194,1583
49.8222,1623
49.8250,1737
49.8278,1909
49.8306,2128
49.8333,2350
49.8361,2607
49.8389,2898
49.8417,3199
49.8444,3361
49.8472,3362
49.8500,3366
49.8528,3365
49.8556,3292
49.8583,2902
49.8611,2424
49.8639,2069
49.8667,1865
49.8694,1758
49.8722,1691
49.8750,1652
49.8778,1615
49.8806,1592
49.8833,1564
49.8861,1546
49.8889,1528
49.8917,1501
49.8944,1495
49.8972,1505
49.9000,1509
49.9028,1526
49.9056,1527
49.9083,1512
49.9111,1514
49.9139,1489
49.9167,1490
49.9194,1490
49.9222,1513
49.9250,1529
49.9278,1526
49.9306,1529
49.9333,1522
49.9361,1530
49.9389,1535
49.9417,1545
49.9444,1557
49.9472,1566
49.9500,1563
49.9528,1550
49.9556,1543
49.9583,1547
49.9611,1548
49.9639,1560
49.9667,1559
49.9694,1555
49.9722,1556
49.9750,1560
49.9778,1564
49.9806,1559
49.9833,1574
49.9861,1582
49.9889,1579
49.9917,1585
49.9944,1587
49.9972,1598
50.0000,1606
50.0028,1615
50.0056,1608
50.0083,1607
50.0111,1605
50.0139,1596
50.0167,1599
50.0194,1617
50.0222,1646
50.0250,1654
50.0278,1658
50.0306,1646
50.0333,1649
50.0361,1656
50.0389,1680
50.0417,1690
50.0444,1699
50.0472,1712
50.0500,1714
50.0528,1712
50.0556,1726
50.0583,1752
50.0611,1754
50.0639,1747
50.0667,1739
50.0694,1730
50.0722,1718
50.0750,1701
50.0778,1687
50.0806,1684
50.0833,1673
50.0861,1675
50.0889,1658
50.0917,1649
50.0944,1632
50.0972,1646
50.1000,1648
50.1028,1648
50.1056,1650
50.1083,1646
50.1111,1627
50.1139,1630
50.1167,1614
50.1194,1605
50.1222,1596
50.1250,1600
50.1278,1606
50.1306,1609
50.1333,1612
50.1361,1611
50.1389,1608
50.1417,1619
50.1444,1630
50.1472,1632
50.1500,1626
50.1528,1621
50.1556,1615
50.1583,1607
50.1611,1616
50.1639,1619
50.1667,1619
50.1694,1633
50.1722,1639
50.1750,1638
50.1778,1631
50.1806,1641
50.1833,1642
50.1861,1653
50.1889,1656
50.1917,1658
50.1944,1659
50.1972,1659
50.2000,1656
50.2028,1651
50.2056,1653
50.2083,1652
50.2111,1653
50.2139,1667
50.2167,1664
50.2194,1680
50.2222,1684
50.2250,1686
50.2278,1678
50.2306,1669
50.2333,1664
50.2361,1666
50.2389,1670
50.2417,1668
50.2444,1661
50.2472,1667
50.2500,1670
50.2528,1675
50.2556,1672
50.2583,1678
50.2611,1676
50.2639,1679
50.2667,1690
50.2694,1684
50.2722,1679
50.2750,1672
50.2778,1664
50.2806,1668
50.2833,1669
50.2861,1658
50.2889,1656
50.2917,1661
50.2944,1664
50.2972,1676
50.3000,1682
50.3028,1668
50.3056,1660
50.3083,1660
50.3111,1649
50.3139,1640
50.3167,1640
50.3194,1641
50.3222,1658
50.3250,1665
50.3278,1655
50.3306,1658
50.3333,1651
50.3361,1644
50.3389,1632
50.3417,1623
50.3444,1626
50.3472,1642
50.3500,1645
50.3528,1644
50.3556,1648
50.3583,1645
50.3611,1656
50.3639,1663
50.3667,1649
50.3694,1638
50.3722,1627
50.3750,1632
50.3778,1637
50.3806,1640
50.3833,1640
50.3861,1645
50.3889,1661
50.3917,1660
50.3944,1661
50.3972,1663
50.4000,1665
50.4028,1645
50.4056,1644
50.4083,1642
50.4111,1640
50.4139,1646
50.4167,1661
50.4194,1657
50.4222,1658
50.4250,1660
50.4278,1668
50.4306,1652
50.4333,1648
50.4361,1648
50.4389,1646
50.4417,1654
50.4444,1651
50.4472,1662
50.4500,1653
50.4528,1650
50.4556,1652
50.4583,1649
50.4611,1666
50.4639,1667
50.4667,1690
50.4694,1727
50.4722,1755
50.4750,1779
50.4778,1797
50.4806,1777
50.4833,1763
50.4861,1743
50.4889,1730
50.4917,1716
50.4944,1703
50.4972,1689
50.5000,1673
50.5028,1661
50.5056,1650
50.5083,1643
50.5111,1637
50.5139,1620
50.5167,1620
50.5194,1630
50.5222,1632
50.5250,1628
50.5278,1623
50.5306,1615
50.5333,1606
50.5361,1599
50.5389,1604
50.5417,1604
50.5444,1622
50.5472,1626
50.5500,1622
50.5528,1617
50.5556,1616
50.5583,1613
50.5611,1612
50.5639,1621
50.5667,1634
50.5694,1627
50.5722,1638
50.5750,1621
50.5778,1619
50.5806,1611
50.5833,1617
50.5861,1627
50.5889,1627
50.5917,1629
50.5944,1630
50.5972,1633
50.6000,1636
50.6028,1646
50.6056,1638
50.6083,1615
50.6111,1574
50.6139,1551
50.6167,1549
50.6194,1631
50.6222,1776
50.6250,1977
50.6278,2189
50.6306,2413
50.6333,2679
50.6361,2959
50.6389,3265
50.6417,3359
50.6444,3358
50.6472,3370
50.6500,3351
50.6528,3118
50.6556,2642
50.6583,2203
50.6611,1929
50.6639,1787
50.6667,1697
50.6694,1642
50.6722,1598
50.6750,1580
50.6778,1561
50.6806,1530
50.6833,1521
50.6861,1500
50.6889,1484
50.6917,1484
50.6944,1480
50.6972,1487
50.7000,1491
50.7028,1493
50.7056,1490
50.7083,1478
50.7111,1466
50.7139,1469
50.7167,1481
50.7194,1498
50.7222,1504
50.7250,1499
50.7278,1493
50.7306,1492
50.7333,1493
50.7361,1503
50.7389,1509
50.7417,1511
50.7444,1503
50.7472,1489
50.7500,1492
50.7528,1507
50.7556,1518
50.7583,1539
50.7611,1554
50.7639,1549
50.7667,1546
50.7694,1548
50.7722,1559
50.7750,1556
50.7778,1558
50.7806,1574
50.7833,1575
50.7861,1586
50.7889,1582
50.7917,1586
50.7944,1588
50.7972,1587
50.8000,1597
50.8028,1604
50.8056,1611
50.8083,1601
50.8111,1597
50.8139,1600
50.8167,1611
50.8194,1628
50.8222,1641
50.8250,1646
50.8278,1633
50.8306,1638
50.8333,1646
50.8361,1664
50.8389,1677
50.8417,1692
50.8444,1693
50.8472,1710
50.8500,1723
50.8528,1699
50.8556,1703
50.8583,1714
50.8611,1701
50.8639,1685
50.8667,1673
50.8694,1647
50.8722,1632
50.8750,1626
50.8778,1621
50.8806,1620
50.8833,1616
50.8861,1609
50.8889,1583
50.8917,1585
50.8944,1594
50.8972,1584
50.9000,1573
50.9028,1576
50.9056,1557
50.9083,1545
50.9111,1545
50.9139,1539
50.9167,1538
50.9194,1538
50.9222,1547
50.9250,1540
50.9278,1538
50.9306,1528
50.9333,1531
50.9361,1541
50.9389,1546
50.9417,1552
50.9444,1545
50.9472,1539
50.9500,1520
50.9528,1526
50.9556,1536
50.9583,1553
50.9611,1563
50.9639,1555
50.9667,1555
50.9694,1554
50.9722,1555
50.9750,1550
50.9778,1563
50.9806,1581
50.9833,1574
50.9861,1577
50.9889,1581
50.9917,1581
50.9944,1591
50.9972,1583
51.0000,1584
51.0028,1583
51.0056,1577
51.0083,1570
51.0111,1566
51.0139,1575
51.0167,1593
51.0194,1603
51.0222,1601
51.0250,1594
51.0278,1588
51.0306,1579
51.0333,1573
51.0361,1578
51.0389,1586
51.0417,1584
51.0444,1580
51.0472,1580
51.0500,1572
51.0528,1560
51.0556,1567
51.0583,1561
51.0611,1564
51.0639,1567
51.0667,1555
51.0694,1561
51.0722,1541
51.0750,1546
51.0778,1549
51.0806,1539
51.0833,1541
51.0861,1528
51.0889,1523
51.0917,1525
51.0944,1531
51.0972,1534
51.1000,1536
51.1028,1534
51.1056,1537
51.1083,1532
51.1111,1524
51.1139,1529
51.1167,1533
51.1194,1532
51.1222,1533
51.1250,1534
51.1278,1525
51.1306,1522
51.1333,1526
51.1361,1521
51.1389,1531
51.1417,1532
51.1444,1526
51.1472,1548
51.1500,1551
51.1528,1550
51.1556,1561
51.1583,1552
51.1611,1552
51.1639,1560
51.1667,1560
51.1694,1557
51.1722,1557
51.1750,1561
51.1778,1564
51.1806,1562
51.1833,1572
51.1861,1564
51.1889,1552
51.1917,1536
51.1944,1532
51.1972,1526
51.2000,1540
51.2028,1538
51.2056,1538
51.2083,1528
51.2111,1526
51.2139,1520
51.2167,1539
51.2194,1529
51.2222,1549
51.2250,1539
51.2278,1547
51.2306,1550
51.2333,1550
51.2361,1544
51.2389,1530
51.2417,1536
51.2444,1534
51.2472,1551
51.2500,1564
51.2528,1565
51.2556,1567
51.2583,1562
51.2611,1561
51.2639,1549
51.2667,1546
51.2694,1551
51.2722,1558
51.2750,1571
51.2778,1571
51.2806,1578
51.2833,1578
51.2861,1578
51.2889,1579
51.2917,1583
51.2944,1584
51.2972,1582
51.3000,1598
51.3028,1612
51.3056,1632
51.3083,1642
51.3111,1674
51.3139,1687
51.3167,1700
51.3194,1691
51.3222,1673
51.3250,1659
51.3278,1636
51.3306,1632
51.3333,1624
51.3361,1614
51.3389,1598
51.3417,1586
51.3444,1571
51.3472,1562
51.3500,1557
51.3528,1552
51.3556,1538
51.3583,1529
51.3611,1535
51.3639,1543
51.3667,1535
51.3694,1519
51.3722,1512
51.3750,1519
51.3778,1517
51.3806,1515
51.3833,1524
51.3861,1525
51.3889,1525
51.3917,1528
51.3944,1513
51.3972,1512
51.4000,1522
51.4028,1523
51.4056,1527
51.4083,1541
51.4111,1547
51.4139,1552
51.4167,1548
51.4194,1535
51.4222,1541
51.4250,1543
51.4278,1542
51.4306,1559
51.4333,1570
51.4361,1579
51.4389,1576
51.4417,1559
51.4444,1544
51.4472,1526
51.4500,1498
51.4528,1474
51.4556,1492
51.4583,1588
51.4611,1750
51.4639,1945
51.4667,2163
51.4694,2395
51.4722,2670
51.4750,2993
51.4778,3301
51.4806,3360
51.4833,3368
51.4861,3356
51.4889,3253
51.4917,2834
51.4944,2322
51.4972,1944
51.5000,1731
51.5028,1626
51.5056,1560
51.5083,1515
51.5111,1491
51.5139,1472
51.5167,1452
51.5194,1424
51.5222,1393
51.5250,1372
51.5278,1374
51.5306,1381
51.5333,1389
51.5361,1394
51.5389,1392
51.5417,1384
51.5444,1371
51.5472,1368
51.5500,1380
51.5528,1405
51.5556,1414
51.5583,1411
51.5611,1415
51.5639,1407
51.5667,1397
51.5694,1408
51.5722,1404
51.5750,1405
51.5778,1421
51.5806,1418
51.5833,1423
51.5861,1424
51.5889,1421
51.5917,1430
51.5944,1437
51.5972,1452
51.6000,1444
51.6028,1435
51.6056,1434
51.6083,1437
51.6111,1456
51.6139,1471
51.6167,1483
51.6194,1474
51.6222,1471
51.6250,1470
51.6278,1467
51.6306,1483
51.6333,1505
51.6361,1524
51.6389,1524
51.6417,1518
51.6444,1509
51.6472,1518
51.6500,1542
51.6528,1565
51.6556,1597
51.6583,1604
51.6611,1601
51.6639,1591
51.6667,1576
51.6694,1571
51.6722,1590
51.6750,1613
51.6778,1614
51.6806,1635
51.6833,1641
51.6861,1640
51.6889,1645
51.6917,1696
51.6944,1700
51.6972,1691
51.7000,1693
51.7028,1686
51.7056,1674
51.7083,1667
51.7111,1653
51.7139,1655
51.7167,1655
51.7194,1640
51.7222,1634
51.7250,1626
51.7278,1607
51.7306,1599
51.7333,1602
51.7361,1594
51.7389,1592
51.7417,1589
51.7444,1584
51.7472,1576
51.7500,1570
51.7528,1575
51.7556,1577
51.7583,1591
51.7611,1592
51.7639,1594
51.7667,1589
51.7694,1584
51.7722,1582
51.7750,1590
51.7778,1591
51.7806,1599
51.7833,1597
51.7861,1601
51.7889,1597
51.7917,1606
51.7944,1611
51.7972,1614
51.8000,1614
51.8028,1610
51.8056,1605
51.8083,1611
51.8111,1625
51.8139,1638
51.8167,1653
51.8194,1644
51.8222,1641
51.8250,1630
51.8278,1628
51.8306,1637
51.8333,1645
51.8361,1663
51.8389,1670
51.8417,1675
51.8444,1659
51.8472,1659
51.8500,1657
51.8528,1656
51.8556,1673
51.8583,1674
51.8611,1677
51.8639,1660
51.8667,1655
51.8694,1653
51.8722,1653
51.8750,1660
51.8778,1665
51.8806,1683
51.8833,1683
51.8861,1686
51.8889,1688
51.8917,1678
51.8944,1679
51.8972,1681
51.9000,1688
51.9028,1679
51.9056,1687
51.9083,1680
51.9111,1671
51.9139,1669
51.9167,1669
51.9194,1676
51.9222,1678
51.9250,1672
51.9278,1678
51.9306,1672
51.9333,1675
51.9361,1682
51.9389,1692
51.9417,1694
51.9444,1692
51.9472,1693
51.9500,1686
51.9528,1679
51.9556,1694
51.9583,1702
51.9611,1704
51.9639,1706
51.9667,1702
51.9694,1686
51.9722,1675
51.9750,1670
51.9778,1671
51.9806,1671
51.9833,1673
51.9861,1674
51.9889,1687
51.9917,1692
51.9944,1706
51.9972,1701
52.0000,1696
52.0028,1684
52.0056,1679
52.0083,1679
52.0111,1664
52.0139,1671
52.0167,1677
52.0194,1688
52.0222,1698
52.0250,1694
52.0278,1699
52.0306,1694
52.0333,1700
52.0361,1697
52.0389,1694
52.0417,1706
52.0444,1706
52.0472,1705
52.0500,1710
52.0528,1712
52.0556,1717
52.0583,1733
52.0611,1736
52.0639,1745
52.0667,1752
52.0694,1757
52.0722,1747
52.0750,1742
52.0778,1730
52.0806,1724
52.0833,1729
52.0861,1732
52.0889,1735
52.0917,1740
52.0944,1740
52.0972,1739
52.1000,1735
52.1028,1739
52.1056,1745
52.1083,1752
52.1111,1750
52.1139,1750
52.1167,1755
52.1194,1770
52.1222,1774
52.1250,1784
52.1278,1784
52.1306,1781
52.1333,1782
52.1361,1783
52.1389,1774
52.1417,1780
52.1444,1779
52.1472,1793
52.1500,1812
52.1528,1854
52.1556,1884
52.1583,1907
52.1611,1903
52.1639,1881
52.1667,1857
52.1694,1836
52.1722,1826
52.1750,1811
52.1778,1793
52.1806,1774
52.1833,1765
52.1861,1757
52.1889,1754
52.1917,1741
52.1944,1737
52.1972,1732
52.2000,1735
52.2028,1734
52.2056,1739
52.2083,1738
52.2111,1740
52.2139,1749
52.2167,1754
52.2194,1743
52.2222,1734
52.2250,1729
52.2278,1729
52.2306,1730
52.2333,1727
52.2361,1731
52.2389,1737
52.2417,1735
52.2444,1743
52.2472,1746
52.2500,1751
52.2528,1753
52.2556,1744
52.2583,1744
52.2611,1748
52.2639,1762
52.2667,1759
52.2694,1756
52.2722,1759
52.2750,1754
52.2778,1752
52.2806,1747
52.2833,1750
52.2861,1737
52.2889,1741
52.2917,1728
52.2944,1696
52.2972,1689
52.3000,1768
52.3028,1909
52.3056,2101
52.3083,2327
52.3111,2557
52.3139,2808
52.3167,3111
52.3194,3352
52.3222,3365
52.3250,3365
52.3278,3361
52.3306,3360
52.3333,3186
52.3361,2744
52.3389,2309
52.3417,2034
52.3444,1878
52.3472,1786
52.3500,1741
52.3528,1710
52.3556,1689
52.3583,1680
52.3611,1656
52.3639,1645
52.3667,1610
52.3694,1595
52.3722,1594
52.3750,1597
52.3778,1622
52.3806,1636
52.3833,1639
52.3861,1628
52.3889,1617
52.3917,1616
52.3944,1614
52.3972,1633
52.4000,1638
52.4028,1657
52.4056,1652
52.4083,1659
52.4111,1655
52.4139,1649
52.4167,1653
52.4194,1660
52.4222,1671
52.4250,1672
52.4278,1677
52.4306,1683
52.4333,1694
52.4361,1701
52.4389,1713
52.4417,1705
52.4444,1710
52.4472,1707
52.4500,1711
52.4528,1705
52.4556,1725
52.4583,1739
52.4611,1757
52.4639,1759
52.4667,1750
52.4694,1737
52.4722,1732
52.4750,1735
52.4778,1745
52.4806,1760
52.4833,1763
52.4861,1768
52.4889,1770
52.4917,1766
52.4944,1769
52.4972,1781
52.5000,1788
52.5028,1791
52.5056,1786
52.5083,1797
52.5111,1802
52.5139,1814
52.5167,1829
52.5194,1836
52.5222,1848
52.5250,1839
52.5278,1850
52.5306,1854
52.5333,1892
52.5361,1896
52.5389,1894
52.5417,1888
52.5444,1865
52.5472,1846
52.5500,1824
52.5528,1816
52.5556,1806
52.5583,1804
52.5611,1813
52.5639,1810
52.5667,1798
52.5694,1779
52.5722,1773
52.5750,1765
52.5778,1755
52.5806,1754
52.5833,1749
52.5861,1738
52.5889,1741
52.5917,1729
52.5944,1717
52.5972,1718
52.6000,1717
52.6028,1728
52.6056,1732
52.6083,1721
52.6111,1704
52.6139,1698
52.6167,1684
52.6194,1682
52.6222,1694
52.6250,1695
52.6278,1702
52.6306,1691
52.6333,1688
52.6361,1691
52.6389,1697
52.6417,1710
52.6444,1708
52.6472,1700
52.6500,1701
52.6528,1687
52.6556,1695
52.6583,1703
52.6611,1710
52.6639,1718
52.6667,1718
52.6694,1706
52.6722,1706
52.6750,1709
52.6778,1715
52.6806,1721
52.6833,1717
52.6861,1713
52.6889,1709
52.6917,1703
52.6944,1708
52.6972,1709
52.7000,1710
52.7028,1714
52.7056,1711
52.7083,1714
52.7111,1713
52.7139,1707
52.7167,1700
52.7194,1699
52.7222,1705
52.7250,1692
52.7278,1684
52.7306,1684
52.7333,1693
52.7361,1694
52.7389,1693
52.7417,1688
52.7444,1680
52.7472,1669
52.7500,1666
52.7528,1660
52.7556,1668
52.7583,1672
52.7611,1677
52.7639,1670
52.7667,1673
52.7694,1657
52.7722,1663
52.7750,1669
52.7778,1673
52.7806,1672
52.7833,1673
52.7861,1664
52.7889,1648
52.7917,1631
52.7944,1623
52.7972,1632
52.8000,1646
52.8028,1648
52.8056,1650
52.8083,1647
52.8111,1649
52.8139,1650
52.8167,1635
52.8194,1639
52.8222,1642
52.8250,1643
52.8278,1641
52.8306,1638
52.8333,1640
52.8361,1646
52.8389,1650
52.8417,1637
52.8444,1625
52.8472,1627
52.8500,1613
52.8528,1617
52.8556,1620
52.8583,1619
52.8611,1623
52.8639,1632
52.8667,1630
52.8694,1634
52.8722,1637
52.8750,1626
52.8778,1613
52.8806,1607
52.8833,1602
52.8861,1604
52.8889,1614
52.8917,1615
52.8944,1638
52.8972,1641
52.9000,1635
52.9028,1633
52.9056,1635
52.9083,1624
52.9111,1618
52.9139,1630
52.9167,1663
52.9194,1668
52.9222,1696
52.9250,1710
52.9278,1699
52.9306,1685
52.9333,1670
52.9361,1656
52.9389,1648
52.9417,1634
52.9444,1627
52.9472,1623
52.9500,1613
52.9528,1602
52.9556,1587
52.9583,1565
52.9611,1543
52.9639,1540
52.9667,1543
52.9694,1520
52.9722,1531
52.9750,1537
52.9778,1537
52.9806,1538
52.9833,1522
52.9861,1522
52.9889,1519
52.9917,1515
52.9944,1520
52.9972,1521
53.0000,1520
53.0028,1519
53.0056,1504
53.0083,1496
53.0111,1489
53.0139,1490
53.0167,1487
53.0194,1488
53.0222,1496
53.0250,1492
53.0278,1502
53.0306,1504
53.0333,1509
53.0361,1498
53.0389,1500
53.0417,1500
53.0444,1493
53.0472,1483
53.0500,1478
53.0528,1460
53.0556,1450
53.0583,1427
53.0611,1408
53.0639,1393
53.0667,1453
53.0694,1581
53.0722,1758
53.0750,1967
53.0778,2208
53.0806,2468
53.0833,2766
53.0861,3069
53.0889,3340
53.0917,3350
53.0944,3357
53.0972,3289
53.1000,2889
53.1028,2373
53.1056,1949
53.1083,1717
53.1111,1596
53.1139,1549
53.1167,1505
53.1194,1461
53.1222,1424
53.1250,1368
53.1278,1336
53.1306,1297
53.1333,1275
53.1361,1274
53.1389,1272
53.1417,1279
53.1444,1291
53.1472,1283
53.1500,1256
53.1528,1241
53.1556,1239
53.1583,1237
53.1611,1261
53.1639,1278
53.1667,1285
53.1694,1279
53.1722,1266
53.1750,1250
53.1778,1252
53.1806,1274
53.1833,1297
53.1861,1301
53.1889,1296
53.1917,1285
53.1944,1275
53.1972,1286
53.2000,1296
53.2028,1308
53.2056,1317
53.2083,1321
53.2111,1301
53.2139,1294
53.2167,1288
53.2194,1300
53.2222,1310
53.2250,1319
53.2278,1317
53.2306,1315
53.2333,1302
53.2361,1307
53.2389,1320
53.2417,1336
53.2444,1352
53.2472,1363
53.2500,1352
53.2528,1347
53.2556,1340
53.2583,1344
53.2611,1367
53.2639,1378
53.2667,1384
53.2694,1394
53.2722,1394
53.2750,1397
53.2778,1401
53.2806,1403
53.2833,1421
53.2861,1432
53.2889,1442
53.2917,1450
53.2944,1446
53.2972,1460
53.3000,1455
53.3028,1474
53.3056,1450
53.3083,1430
53.3111,1415
53.3139,1403
53.3167,1383
53.3194,1378
53.3222,1371
53.3250,1389
53.3278,1378
53.3306,1348
53.3333,1337
53.3361,1331
53.3389,1326
53.3417,1332
53.3444,1324
53.3472,1325
53.3500,1316
53.3528,1311
53.3556,1302
53.3583,1303
53.3611,1302
53.3639,1310
53.3667,1309
53.3694,1308
53.3722,1294
53.3750,1288
53.3778,1294
53.3806,1306
53.3833,1317
53.3861,1315
53.3889,1316
53.3917,1316
53.3944,1315
53.3972,1320
53.4000,1325
53.4028,1333
53.4056,1328
53.4083,1328
53.4111,1309
53.4139,1310
53.4167,1309
53.4194,1321
53.4222,1330
53.4250,1338
53.4278,1331
53.4306,1328
53.4333,1324
53.4361,1331
53.4389,1338
53.4417,1346
53.4444,1356
53.4472,1347
53.4500,1350
53.4528,1352
53.4556,1347
53.4583,1356
53.4611,1364
53.4639,1368
53.4667,1373
53.4694,1376
53.4722,1364
53.4750,1372
53.4778,1367
53.4806,1372
53.4833,1370
53.4861,1371
53.4889,1370
53.4917,1368
53.4944,1356
53.4972,1355
53.5000,1356
53.5028,1367
53.5056,1376
53.5083,1375
53.5111,1377
53.5139,1365
53.5167,1366
53.5194,1381
53.5222,1380
53.5250,1376
53.5278,1358
53.5306,1347
53.5333,1343
53.5361,1336
53.5389,1350
53.5417,1365
53.5444,1379
53.5472,1389
53.5500,1390
53.5528,1384
53.5556,1383
53.5583,1384
53.5611,1395
53.5639,1392
53.5667,1398
53.5694,1396
53.5722,1395
53.5750,1387
53.5778,1383
53.5806,1384
53.5833,1366
53.5861,1379
53.5889,1382
53.5917,1392
53.5944,1389
53.5972,1394
53.6000,1404
53.6028,1401
53.6056,1400
53.6083,1405
53.6111,1396
53.6139,1392
53.6167,1402
53.6194,1402
53.6222,1397
53.6250,1398
53.6278,1399
53.6306,1397
53.6333,1408
53.6361,1414
53.6389,1415
53.6417,1419
53.6444,1430
53.6472,1423
53.6500,1410
53.6528,1415
53.6556,1418
53.6583,1433
53.6611,1430
53.6639,1442
53.6667,1434
53.6694,1429
53.6722,1428
53.6750,1436
53.6778,1434
53.6806,1447
53.6833,1452
53.6861,1453
53.6889,1449
53.6917,1466
53.6944,1463
53.6972,1468
53.7000,1467
53.7028,1459
53.7056,1462
53.7083,1473
53.7111,1487
53.7139,1508
53.7167,1537
53.7194,1560
53.7222,1581
53.7250,1611
53.7278,1611
53.7306,1586
53.7333,1575
53.7361,1560
53.7389,1543
53.7417,1533
53.7444,1527
53.7472,1513
53.7500,1505
53.7528,1489
53.7556,1480
53.7583,1460
53.7611,1455
53.7639,1452
53.7667,1465
53.7694,1466
53.7722,1469
53.7750,1471
53.7778,1461
53.7806,1456
53.7833,1462
53.7861,1451
53.7889,1459
53.7917,1458
53.7944,1457
53.7972,1453
53.8000,1453
53.8028,1454
53.8056,1455
53.8083,1463
53.8111,1458
53.8139,1469
53.8167,1471
53.8194,1469
53.8222,1477
53.8250,1471
53.8278,1459
53.8306,1463
53.8333,1465
53.8361,1464
53.8389,1475
53.8417,1486
53.8444,1485
53.8472,1501
53.8500,1510
53.8528,1492
53.8556,1476
53.8583,1455
53.8611,1416
53.8639,1419
53.8667,1494
53.8694,1645
53.8722,1842
53.8750,2058
53.8778,2294
53.8806,2570
53.8833,2856
53.8861,3178
53.8889,3356
53.8917,3351
53.8944,3366
53.8972,3311
53.9000,2936
53.9028,2433
53.9056,2025
53.9083,1785
53.9111,1681
53.9139,1601
53.9167,1559
53.9194,1526
53.9222,1490
53.9250,1458
53.9278,1422
53.9306,1399
53.9333,1378
53.9361,1383
53.9389,1382
53.9417,1391
53.9444,1395
53.9472,1399
53.9500,1387
53.9528,1370
53.9556,1364
53.9583,1375
53.9611,1391
53.9639,1407
53.9667,1413
53.9694,1408
53.9722,1398
53.9750,1388
53.9778,1381
53.9806,1404
53.9833,1419
53.9861,1434
53.9889,1436
53.9917,1440
53.9944,1438
53.9972,1444
54.0000,1448
54.0028,1457
54.0056,1464
54.0083,1473
54.0111,1465
54.0139,1455
54.0167,1446
54.0194,1446
54.0222,1462
54.0250,1472
54.0278,1473
54.0306,1474
54.0333,1465
54.0361,1455
54.0389,1471
54.0417,1493
54.0444,1521
54.0472,1528
54.0500,1524
54.0528,1513
54.0556,1517
54.0583,1531
54.0611,1539
54.0639,1554
54.0667,1567
54.0694,1573
54.0722,1581
54.0750,1580
54.0778,1582
54.0806,1595
54.0833,1608
54.0861,1621
54.0889,1620
54.0917,1617
54.0944,1625
54.0972,1639
54.1000,1720
54.1028,1723
54.1056,1719
54.1083,1694
54.1111,1682
54.1139,1667
54.1167,1659
54.1194,1640
54.1222,1642
54.1250,1641
54.1278,1635
54.1306,1639
54.1333,1623
54.1361,1604
54.1389,1601
54.1417,1598
54.1444,1596
54.1472,1586
54.1500,1581
54.1528,1574
54.1556,1574
54.1583,1569
54.1611,1579
54.1639,1585
54.1667,1589
54.1694,1594
54.1722,1590
54.1750,1582
54.1778,1580
54.1806,1581
54.1833,1592
54.1861,1598
54.1889,1599
54.1917,1596
54.1944,1597
54.1972,1579
54.2000,1586
54.2028,1582
54.2056,1596
54.2083,1597
54.2111,1598
54.2139,1599
54.2167,1598
54.2194,1603
54.2222,1622
54.2250,1624
54.2278,1632
54.2306,1631
54.2333,1633
54.2361,1647
54.2389,1659
54.2417,1673
54.2444,1673
54.2472,1657
54.2500,1651
54.2528,1643
54.2556,1633
54.2583,1632
54.2611,1638
54.2639,1648
54.2667,1650
54.2694,1650
54.2722,1645
54.2750,1637
54.2778,1648
54.2806,1657
54.2833,1663
54.2861,1664
54.2889,1663
54.2917,1663
54.2944,1654
54.2972,1651
54.3000,1644
54.3028,1636
54.3056,1626
54.3083,1638
54.3111,1638
54.3139,1645
54.3167,1649
54.3194,1648
54.3222,1651
54.3250,1649
54.3278,1655
54.3306,1650
54.3333,1645
54.3361,1641
54.3389,1639
54.3417,1654
54.3444,1664
54.3472,1677
54.3500,1669
54.3528,1656
54.3556,1648
54.3583,1645
54.3611,1656
54.3639,1652
54.3667,1667
54.3694,1670
54.3722,1677
54.3750,1670
54.3778,1672
54.3806,1670
54.3833,1679
54.3861,1673
54.3889,1669
54.3917,1674
54.3944,1658
54.3972,1649
54.4000,1641
54.4028,1646
54.4056,1643
54.4083,1636
54.4111,1634
54.4139,1631
54.4167,1630
54.4194,1624
54.4222,1626
54.4250,1631
54.4278,1641
54.4306,1640
54.4333,1636
54.4361,1637
54.4389,1641
54.4417,1641
54.4444,1648
54.4472,1657
54.4500,1655
54.4528,1660
54.4556,1655
54.4583,1655
54.4611,1666
54.4639,1662
54.4667,1669
54.4694,1669
54.4722,1671
54.4750,1666
54.4778,1668
54.4806,1673
54.4833,1669
54.4861,1664
54.4889,1668
54.4917,1666
54.4944,1666
54.4972,1668
54.5000,1672
54.5028,1672
54.5056,1679
54.5083,1684
54.5111,1695
54.5139,1696
54.5167,1697
54.5194,1689
54.5222,1694
54.5250,1708
54.5278,1715
54.5306,1725
54.5333,1720
54.5361,1726
54.5389,1734
54.5417,1750
54.5444,1775
54.5472,1795
54.5500,1807
54.5528,1823
54.5556,1818
54.5583,1807
54.5611,1783
54.5639,1778
54.5667,1760
54.5694,1739
54.5722,1722
54.5750,1704
54.5778,1686
54.5806,1684
54.5833,1668
54.5861,1661
54.5889,1656
54.5917,1645
54.5944,1642
54.5972,1646
54.6000,1641
54.6028,1640
54.6056,1640
54.6083,1637
54.6111,1642
54.6139,1640
54.6167,1645
54.6194,1654
54.6222,1655
54.6250,1658
54.6278,1651
54.6306,1649
54.6333,1639
54.6361,1635
54.6389,1651
54.6417,1671
54.6444,1674
54.6472,1675
54.6500,1667
54.6528,1655
54.6556,1640
54.6583,1632
54.6611,1634
54.6639,1645
54.6667,1660
54.6694,1669
54.6722,1677
54.6750,1672
54.6778,1668
54.6806,1654
54.6833,1629
54.6861,1603
54.6889,1583
54.6917,1641
54.6944,1779
54.6972,1970
54.7000,2194
54.7028,2433
54.7056,2711
54.7083,2999
54.7111,3312
54.7139,3363
54.7167,3367
54.7194,3372
54.7222,3367
54.7250,3255
54.7278,2815
54.7306,2351
54.7333,2015
54.7361,1817
54.7389,1714
54.7417,1651
54.7444,1616
54.7472,1597
54.7500,1572
54.7528,1548
54.7556,1525
54.7583,1508
54.7611,1490
54.7639,1478
54.7667,1474
54.7694,1476
54.7722,1490
54.7750,1501
54.7778,1496
54.7806,1487
54.7833,1482
54.7861,1480
54.7889,1506
54.7917,1525
54.7944,1539
54.7972,1549
54.8000,1543
54.8028,1541
54.8056,1534
54.8083,1540
54.8111,1551
54.8139,1569
54.8167,1574
54.8194,1585
54.8222,1586
54.8250,1588
54.8278,1592
54.8306,1601
54.8333,1604
54.8361,1602
54.8389,1600
54.8417,1595
54.8444,1598
54.8472,1605
54.8500,1619
54.8528,1621
54.8556,1632
54.8583,1632
54.8611,1626
54.8639,1627
54.8667,1641
54.8694,1666
54.8722,1675
54.8750,1686
54.8778,1683
54.8806,1681
54.8833,1680
54.8861,1679
54.8889,1694
54.8917,1712
54.8944,1723
54.8972,1727
54.9000,1739
54.9028,1734
54.9056,1743
54.9083,1755
54.9111,1767
54.9139,1777
54.9167,1788
54.9194,1785
54.9222,1788
54.9250,1802
54.9278,1840
54.9306,1852
54.9333,1852
54.9361,1857
54.9389,1842
54.9417,1824
54.9444,1809
54.9472,1796
54.9500,1797
54.9528,1795
54.9556,1782
54.9583,1775
54.9611,1764
54.9639,1756
54.9667,1750
54.9694,1744
54.9722,1756
54.9750,1756
54.9778,1749
54.9806,1737
54.9833,1730
54.9861,1719
54.9889,1723
54.9917,1728
54.9944,1739
54.9972,1750
55.0000,1752
55.0028,1753
55.0056,1747
55.0083,1750
55.0111,1755
55.0139,1758
55.0167,1757
55.0194,1744
55.0222,1741
55.0250,1728
55.0278,1737
55.0306,1742
55.0333,1758
55.0361,1773
55.0389,1789
55.0417,1776
55.0444,1779
55.0472,1767
55.0500,1770
55.0528,1777
55.0556,1781
55.0583,1795
55.0611,1811
55.0639,1821
55.0667,1816
55.0694,1815
55.0722,1809
55.0750,1795
55.0778,1785
55.0806,1780
55.0833,1775
55.0861,1792
55.0889,1803
55.0917,1824
55.0944,1829
55.0972,1828
55.1000,1825
55.1028,1811
55.1056,1807
55.1083,1814
55.1111,1820
55.1139,1834
55.1167,1840
55.1194,1838
55.1222,1835
55.1250,1822
55.1278,1829
55.1306,1832
55.1333,1835
55.1361,1841
55.1389,1835
55.1417,1824
55.1444,1819
55.1472,1804
55.1500,1810
55.1528,1813
55.1556,1803
55.1583,1808
55.1611,1817
55.1639,1815
55.1667,1825
55.1694,1835
55.1722,1831
55.1750,1824
55.1778,1816
55.1806,1793
55.1833,1795
55.1861,1799
55.1889,1804
55.1917,1807
55.1944,1816
55.1972,1820
55.2000,1821
55.2028,1812
55.2056,1806
55.2083,1810
55.2111,1822
55.2139,1831
55.2167,1831
55.2194,1831
55.2222,1821
55.2250,1816
55.2278,1825
55.2306,1835
55.2333,1829
55.2361,1822
55.2389,1818
55.2417,1817
55.2444,1822
55.2472,1829
55.2500,1831
55.2528,1831
55.2556,1834
55.2583,1844
55.2611,1833
55.2639,1840
55.2667,1843
55.2694,1837
55.2722,1832
55.2750,1833
55.2778,1840
55.2806,1844
55.2833,1848
55.2861,1852
55.2889,1863
55.2917,1862
55.2944,1861
55.2972,1863
55.3000,1860
55.3028,1862
55.3056,1867
55.3083,1864
55.3111,1874
55.3139,1887
55.3167,1891
55.3194,1881
55.3222,1880
55.3250,1885
55.3278,1885
55.3306,1893
55.3333,1917
55.3361,1925
55.3389,1937
55.3417,1958
55.3444,1972
55.3472,1990
55.3500,2001
55.3528,2009
55.3556,1999
55.3583,1968
55.3611,1955
55.3639,1939
55.3667,1918
55.3694,1920
55.3722,1915
55.3750,1907
55.3778,1890
55.3806,1871
55.3833,1861
55.3861,1848
55.3889,1840
55.3917,1831
55.3944,1832
55.3972,1837
55.4000,1841
55.4028,1846
55.4056,1851
55.4083,1853
55.4111,1840
55.4139,1824
55.4167,1822
55.4194,1831
55.4222,1845
55.4250,1849
55.4278,1860
55.4306,1857
55.4333,1852
55.4361,1848
55.4389,1837
55.4417,1827
55.4444,1821
55.4472,1831
55.4500,1837
55.4528,1848
55.4556,1848
55.4583,1859
55.4611,1870
55.4639,1859
55.4667,1864
55.4694,1856
55.4722,1862
55.4750,1863
55.4778,1860
55.4806,1834
55.4833,1806
55.4861,1779
55.4889,1763
55.4917,1779
55.4944,1882
55.4972,2062
55.5000,2262
55.5028,2481
55.5056,2714
55.5083,2993
55.5111,3286
55.5139,3363
55.5167,3376
55.5194,3375
55.5222,3380
55.5250,3352
55.5278,3195
55.5306,2775
55.5333,2387
55.5361,2129
55.5389,1976
55.5417,1880
55.5444,1821
55.5472,1795
55.5500,1760
55.5528,1752
55.5556,1735
55.5583,1722
55.5611,1712
55.5639,1700
55.5667,1701
55.5694,1699
55.5722,1704
55.5750,1705
55.5778,1702
55.5806,1695
55.5833,1660
55.5861,1655
55.5889,1663
55.5917,1688
55.5944,1710
55.5972,1733
55.6000,1730
55.6028,1720
55.6056,1701
55.6083,1689
55.6111,1701
55.6139,1720
55.6167,1734
55.6194,1743
55.6222,1746
55.6250,1740
55.6278,1732
55.6306,1734
55.6333,1735
55.6361,1742
55.6389,1745
55.6417,1743
55.6444,1747
55.6472,1739
55.6500,1738
55.6528,1746
55.6556,1753
55.6583,1769
55.6611,1768
55.6639,1765
55.6667,1761
55.6694,1761
55.6722,1778
55.6750,1778
55.6778,1788
55.6806,1789
55.6833,1793
55.6861,1793
55.6889,1792
55.6917,1793
55.6944,1810
55.6972,1819
55.7000,1828
55.7028,1950
55.7056,1943
55.7083,1957
55.7111,1960
55.7139,1966
55.7167,1956
55.7194,1951
55.7222,1927
55.7250,1906
55.7278,1891
55.7306,1882
55.7333,1877
55.7361,1861
55.7389,1854
55.7417,1831
55.7444,1810
55.7472,1785
55.7500,1785
55.7528,1785
55.7556,1776
55.7583,1766
55.7611,1758
55.7639,1754
55.7667,1756
55.7694,1755
55.7722,1747
55.7750,1735
55.7778,1727
55.7806,1714
55.7833,1695
55.7861,1698
55.7889,1703
55.7917,1713
55.7944,1716
55.7972,1722
55.8000,1716
55.8028,1706
55.8056,1698
55.8083,1696
55.8111,1691
55.8139,1693
55.8167,1697
55.8194,1700
55.8222,1693
55.8250,1686
55.8278,1672
55.8306,1677
55.8333,1686
55.8361,1700
55.8389,1708
55.8417,1702
55.8444,1695
55.8472,1693
55.8500,1692
55.8528,1702
55.8556,1709
55.8583,1710
55.8611,1703
55.8639,1705
55.8667,1704
55.8694,1715
55.8722,1722
55.8750,1723
55.8778,1727
55.8806,1721
55.8833,1718
55.8861,1713
55.8889,1718
55.8917,1717
55.8944,1716
55.8972,1724
55.9000,1725
55.9028,1730
55.9056,1727
55.9083,1720
55.9111,1736
55.9139,1735
55.9167,1742
55.9194,1737
55.9222,1734
55.9250,1732
55.9278,1730
55.9306,1716
55.9333,1719
55.9361,1712
55.9389,1704
55.9417,1693
55.9444,1696
55.9472,1706
55.9500,1726
55.9528,1730
55.9556,1734
55.9583,1724
55.9611,1716
55.9639,1703
55.9667,1704
55.9694,1696
55.9722,1693
55.9750,1689
55.9778,1700
55.9806,1701
55.9833,1699
55.9861,1700
55.9889,1705
55.9917,1713
55.9944,1708
55.9972,1717
56.0000,1716
56.0028,1704
56.0056,1708
56.0083,1701
56.0111,1714
56.0139,1725
56.0167,1719
56.0194,1719
56.0222,1710
56.0250,1705
56.0278,1698
56.0306,1696
56.0333,1707
56.0361,1708
56.0389,1708
56.0417,1694
56.0444,1692
56.0472,1683
56.0500,1680
56.0528,1691
56.0556,1695
56.0583,1678
56.0611,1676
56.0639,1662
56.0667,1660
56.0694,1660
56.0722,1677
56.0750,1675
56.0778,1688
56.0806,1686
56.0833,1680
56.0861,1673
56.0889,1682
56.0917,1692
56.0944,1705
56.0972,1715
56.1000,1718
56.1028,1718
56.1056,1727
56.1083,1730
56.1111,1731
56.1139,1744
56.1167,1742
56.1194,1747
56.1222,1748
56.1250,1744
56.1278,1738
56.1306,1744
56.1333,1754
56.1361,1779
56.1389,1799
56.1417,1832
56.1444,1854
56.1472,1868
56.1500,1864
56.1528,1843
56.1556,1830
56.1583,1811
56.1611,1787
56.1639,1778
56.1667,1759
56.1694,1756
56.1722,1738
56.1750,1719
56.1778,1705
56.1806,1684
56.1833,1670
56.1861,1680
56.1889,1689
56.1917,1696
56.1944,1686
56.1972,1688
56.2000,1681
56.2028,1681
56.2056,1680
56.2083,1680
56.2111,1683
56.2139,1684
56.2167,1686
56.2194,1690
56.2222,1669
56.2250,1666
56.2278,1668
56.2306,1668
56.2333,1685
56.2361,1686
56.2389,1691
56.2417,1683
56.2444,1673
56.2472,1677
56.2500,1676
56.2528,1683
56.2556,1685
56.2583,1693
56.2611,1703
56.2639,1693
56.2667,1692
56.2694,1696
56.2722,1689
56.2750,1692
56.2778,1681
56.2806,1650
56.2833,1618
56.2861,1588
56.2889,1621
56.2917,1750
56.2944,1930
56.2972,2156
56.3000,2390
56.3028,2655
56.3056,2942
56.3083,3248
56.3111,3362
56.3139,3372
56.3167,3369
56.3194,3372
56.3222,3269
56.3250,2859
56.3278,2372
56.3306,2037
56.3333,1854
56.3361,1750
56.3389,1691
56.3417,1641
56.3444,1611
56.3472,1598
56.3500,1586
56.3528,1563
56.3556,1531
56.3583,1499
56.3611,1490
56.3639,1486
56.3667,1497
56.3694,1506
56.3722,1513
56.3750,1503
56.3778,1505
56.3806,1508
56.3833,1524
56.3861,1537
56.3889,1544
56.3917,1549
56.3944,1550
56.3972,1545
56.4000,1536
56.4028,1534
56.4056,1542
56.4083,1550
56.4111,1568
56.4139,1572
56.4167,1562
56.4194,1557
56.4222,1559
56.4250,1561
56.4278,1572
56.4306,1580
56.4333,1571
56.4361,1573
56.4389,1573
56.4417,1570
56.4444,1582
56.4472,1590
56.4500,1612
56.4528,1612
56.4556,1614
56.4583,1603
56.4611,1601
56.4639,1585
56.4667,1606
56.4694,1621
56.4722,1629
56.4750,1643
56.4778,1646
56.4806,1641
56.4833,1630
56.4861,1643
56.4889,1651
56.4917,1674
56.4944,1660
56.4972,1666
56.5000,1675
56.5028,1687
56.5056,1703
56.5083,1723
56.5111,1727
56.5139,1738
56.5167,1734
56.5194,1734
56.5222,1735
56.5250,1753
56.5278,1754
56.5306,1745
56.5333,1737
56.5361,1715
56.5389,1700
56.5417,1689
56.5444,1680
56.5472,1679
56.5500,1671
56.5528,1667
56.5556,1663
56.5583,1641
56.5611,1623
56.5639,1622
56.5667,1616
56.5694,1617
56.5722,1607
56.5750,1609
56.5778,1606
56.5806,1604
56.5833,1591
56.5861,1588
56.5889,1582
56.5917,1587
56.5944,1590
56.5972,1582
56.6000,1585
56.6028,1589
56.6056,1597
56.6083,1617
56.6111,1619
56.6139,1609
56.6167,1599
56.6194,1590
56.6222,1581
56.6250,1588
56.6278,1592
56.6306,1600
56.6333,1605
56.6361,1602
56.6389,1596
56.6417,1600
56.6444,1606
56.6472,1604
56.6500,1611
56.6528,1620
56.6556,1627
56.6583,1637
56.6611,1641
56.6639,1645
56.6667,1649
56.6694,1645
56.6722,1652
56.6750,1655
56.6778,1644
56.6806,1641
56.6833,1636
56.6861,1638
56.6889,1644
56.6917,1654
56.6944,1653
56.6972,1648
56.7000,1642
56.7028,1633
56.7056,1637
56.7083,1644
56.7111,1653
56.7139,1654
56.7167,1648
56.7194,1644
56.7222,1654
56.7250,1652
56.7278,1657
56.7306,1662
56.7333,1651
56.7361,1649
56.7389,1644
56.7417,1648
56.7444,1658
56.7472,1661
56.7500,1667
56.7528,1664
56.7556,1655
56.7583,1645
56.7611,1655
56.7639,1654
56.7667,1657
56.7694,1656
56.7722,1654
56.7750,1644
56.7778,1636
56.7806,1632
56.7833,1630
56.7861,1622
56.7889,1627
56.7917,1636
56.7944,1642
56.7972,1632
56.8000,1623
56.8028,1618
56.8056,1614
56.8083,1617
56.8111,1629
56.8139,1621
56.8167,1619
56.8194,1616
56.8222,1621
56.8250,1614
56.8278,1623
56.8306,1620
56.8333,1621
56.8361,1615
56.8389,1613
56.8417,1615
56.8444,1610
56.8472,1621
56.8500,1605
56.8528,1609
56.8556,1614
56.8583,1614
56.8611,1623
56.8639,1613
56.8667,1617
56.8694,1621
56.8722,1620
56.8750,1621
56.8778,1615
56.8806,1612
56.8833,1619
56.8861,1626
56.8889,1629
56.8917,1639
56.8944,1641
56.8972,1631
56.9000,1627
56.9028,1630
56.9056,1620
56.9083,1619
56.9111,1624
56.9139,1623
56.9167,1614
56.9194,1610
56.9222,1612
56.9250,1615
56.9278,1623
56.9306,1627
56.9333,1642
56.9361,1640
56.9389,1647
56.9417,1644
56.9444,1644
56.9472,1647
56.9500,1645
56.9528,1645
56.9556,1655
56.9583,1664
56.9611,1669
56.9639,1670
56.9667,1680
56.9694,1672
56.9722,1671
56.9750,1657
56.9778,1670
56.9806,1672
56.9833,1685
56.9861,1717
56.9889,1744
56.9917,1779
56.9944,1783
56.9972,1782
57.0000,1761
57.0028,1732
57.0056,1707
57.0083,1696
57.0111,1695
57.0139,1682
57.0167,1674
57.0194,1651
57.0222,1647
57.0250,1644
57.0278,1648
57.0306,1633
57.0333,1629
57.0361,1619
57.0389,1621
57.0417,1624
57.0444,1626
57.0472,1633
57.0500,1636
57.0528,1641
57.0556,1636
57.0583,1624
57.0611,1624
57.0639,1631
57.0667,1629
57.0694,1618
57.0722,1615
57.0750,1619
57.0778,1618
57.0806,1610
57.0833,1615
57.0861,1621
57.0889,1629
57.0917,1629
57.0944,1631
57.0972,1632
57.1000,1641
57.1028,1645
57.1056,1648
57.1083,1634
57.1111,1633
57.1139,1634
57.1167,1624
57.1194,1624
57.1222,1612
57.1250,1594
57.1278,1586
57.1306,1572
57.1333,1603
57.1361,1709
57.1389,1864
57.1417,2077
57.1444,2306
57.1472,2565
57.1500,2856
57.1528,3161
57.1556,3354
57.1583,3373
57.1611,3360
57.1639,3368
57.1667,3348
57.1694,3042
57.1722,2554
57.1750,2134
57.1778,1874
57.1806,1728
57.1833,1652
57.1861,1618
57.1889,1596
57.1917,1584
57.1944,1573
57.1972,1557
57.2000,1527
57.2028,1510
57.2056,1500
57.2083,1484
57.2111,1478
57.2139,1491
57.2167,1501
57.2194,1516
57.2222,1510
57.2250,1495
57.2278,1495
57.2306,1496
57.2333,1506
57.2361,1511
57.2389,1514
57.2417,1507
57.2444,1504
57.2472,1511
57.2500,1524
57.2528,1544
57.2556,1550
57.2583,1566
57.2611,1566
57.2639,1556
57.2667,1555
57.2694,1546
57.2722,1553
57.2750,1565
57.2778,1584
57.2806,1585
57.2833,1579
57.2861,1584
57.2889,1575
57.2917,1588
57.2944,1603
57.2972,1625
57.3000,1623
57.3028,1613
57.3056,1608
57.3083,1615
57.3111,1621
57.3139,1633
57.3167,1648
57.3194,1657
57.3222,1663
57.3250,1663
57.3278,1659
57.3306,1661
57.3333,1665
57.3361,1674
57.3389,1682
57.3417,1691
57.3444,1701
57.3472,1700
57.3500,1716
57.3528,1727
57.3556,1740
57.3583,1751
57.3611,1757
57.3639,1763
57.3667,1773
57.3694,1810
57.3722,1822
57.3750,1822
57.3778,1818
57.3806,1807
57.3833,1790
57.3861,1768
57.3889,1757
57.3917,1751
57.3944,1751
57.3972,1753
57.4000,1740
57.4028,1736
57.4056,1724
57.4083,1715
57.4111,1699
57.4139,1693
57.4167,1685
57.4194,1674
57.4222,1654
57.4250,1643
57.4278,1633
57.4306,1637
57.4333,1648
57.4361,1665
57.4389,1669
57.4417,1667
57.4444,1652
57.4472,1659
57.4500,1670
57.4528,1672
57.4556,1680
57.4583,1669
57.4611,1664
57.4639,1656
57.4667,1653
57.4694,1643
57.4722,1648
57.4750,1660
57.4778,1659
57.4806,1666
57.4833,1653
57.4861,1653
57.4889,1646
57.4917,1642
57.4944,1644
57.4972,1648
57.5000,1658
57.5028,1659
57.5056,1663
57.5083,1679
57.5111,1687
57.5139,1697
57.5167,1700
57.5194,1701
57.5222,1687
57.5250,1678
57.5278,1661
57.5306,1658
57.5333,1674
57.5361,1683
57.5389,1699
57.5417,1710
57.5444,1714
57.5472,1711
57.5500,1718
57.5528,1712
57.5556,1718
57.5583,1722
57.5611,1718
57.5639,1715
57.5667,1710
57.5694,1699
57.5722,1701
57.5750,1714
57.5778,1716
57.5806,1723
57.5833,1726
57.5861,1727
57.5889,1719
57.5917,1725
57.5944,1728
57.5972,1721
57.6000,1716
57.6028,1717
57.6056,1718
57.6083,1705
57.6111,1711
57.6139,1708
57.6167,1718
57.6194,1722
57.6222,1708
57.6250,1701
57.6278,1691
57.6306,1700
57.6333,1697
57.6361,1699
57.6389,1697
57.6417,1711
57.6444,1704
57.6472,1699
57.6500,1703
57.6528,1706
57.6556,1710
57.6583,1715
57.6611,1710
57.6639,1707
57.6667,1708
57.6694,1713
57.6722,1714
57.6750,1714
57.6778,1731
57.6806,1726
57.6833,1728
57.6861,1718
57.6889,1717
57.6917,1714
57.6944,1722
57.6972,1738
57.7000,1744
57.7028,1733
57.7056,1723
57.7083,1721
57.7111,1731
57.7139,1735
57.7167,1740
57.7194,1742
57.7222,1732
57.7250,1731
57.7278,1730
57.7306,1736
57.7333,1741
57.7361,1742
57.7389,1746
57.7417,1745
57.7444,1751
57.7472,1759
57.7500,1761
57.7528,1762
57.7556,1755
57.7583,1754
57.7611,1750
57.7639,1757
57.7667,1766
57.7694,1775
57.7722,1784
57.7750,1790
57.7778,1789
57.7806,1801
57.7833,1794
57.7861,1797
57.7889,1792
57.7917,1789
57.7944,1789
57.7972,1797
57.8000,1801
57.8028,1813
57.8056,1817
57.8083,1822
57.8111,1818
57.8139,1818
57.8167,1803
57.8194,1792
57.8222,1803
57.8250,1820
57.8278,1825
57.8306,1836
57.8333,1844
57.8361,1842
57.8389,1850
57.8417,1846
57.8444,1868
57.8472,1895
57.8500,1931
57.8528,1960
57.8556,1962
57.8583,1951
57.8611,1914
57.8639,1885
57.8667,1861
57.8694,1857
57.8722,1851
57.8750,1839
57.8778,1825
57.8806,1811
57.8833,1794
57.8861,1780
57.8889,1773
57.8917,1769
57.8944,1777
57.8972,1777
57.9000,1777
57.9028,1783
57.9056,1786
57.9083,1776
57.9111,1773
57.9139,1778
57.9167,1773
57.9194,1778
57.9222,1783
57.9250,1787
57.9278,1781
57.9306,1776
57.9333,1776
57.9361,1786
57.9389,1797
57.9417,1813
57.9444,1805
57.9472,1803
57.9500,1790
57.9528,1784
57.9556,1779
57.9583,1784
57.9611,1788
57.9639,1800
57.9667,1806
57.9694,1798
57.9722,1800
57.9750,1800
57.9778,1801
57.9806,1791
57.9833,1789
57.9861,1774
57.9889,1747
57.9917,1736
57.9944,1781
57.9972,1886
58.0000,2058
58.0028,2260
58.0056,2491
58.0083,2720
58.0111,3003
58.0139,3310
58.0167,3368
58.0194,3363
58.0222,3374
58.0250,3372
58.0278,3353
58.0306,3081
58.0333,2616
58.0361,2241
58.0389,2007
58.0417,1877
58.0444,1809
58.0472,1765
58.0500,1738
58.0528,1718
58.0556,1695
58.0583,1681
58.0611,1660
58.0639,1641
58.0667,1627
58.0694,1629
58.0722,1637
58.0750,1653
58.0778,1662
58.0806,1668
58.0833,1660
58.0861,1646
58.0889,1640
58.0917,1647
58.0944,1664
58.0972,1680
58.1000,1698
58.1028,1697
58.1056,1686
58.1083,1681
58.1111,1676
58.1139,1690
58.1167,1708
58.1194,1723
58.1222,1719
58.1250,1711
58.1278,1707
58.1306,1706
58.1333,1724
58.1361,1732
58.1389,1747
58.1417,1751
58.1444,1752
58.1472,1743
58.1500,1748
58.1528,1751
58.1556,1759
58.1583,1772
58.1611,1767
58.1639,1770
58.1667,1756
58.1694,1755
58.1722,1751
58.1750,1773
58.1778,1784
58.1806,1791
58.1833,1782
58.1861,1763
58.1889,1761
58.1917,1779
58.1944,1796
58.1972,1814
58.2000,1825
58.2028,1826
58.2056,1829
58.2083,1827
58.2111,1833
58.2139,1861
58.2167,1876
58.2194,1883
58.2222,1889
58.2250,1881
58.2278,1889
58.2306,1890
58.2333,1895
58.2361,1893
58.2389,1876
58.2417,1856
58.2444,1833
58.2472,1819
58.2500,1813
58.2528,1797
58.2556,1790
58.2583,1786
58.2611,1776
58.2639,1764
58.2667,1759
58.2694,1751
58.2722,1759
58.2750,1761
58.2778,1749
58.2806,1738
58.2833,1720
58.2861,1702
58.2889,1704
58.2917,1709
58.2944,1728
58.2972,1730
58.3000,1727
58.3028,1716
58.3056,1699
58.3083,1698
58.3111,1692
58.3139,1690
58.3167,1687
58.3194,1682
58.3222,1680
58.3250,1689
58.3278,1682
58.3306,1690
58.3333,1695
58.3361,1701
58.3389,1704
58.3417,1699
58.3444,1684
58.3472,1683
58.3500,1691
58.3528,1696
58.3556,1711
58.3583,1723
58.3611,1728
58.3639,1716
58.3667,1709
58.3694,1705
58.3722,1707
58.3750,1702
58.3778,1722
58.3806,1731
58.3833,1726
58.3861,1727
58.3889,1718
58.3917,1714
58.3944,1713
58.3972,1716
58.4000,1711
58.4028,1711
58.4056,1720
58.4083,1718
58.4111,1722
58.4139,1721
58.4167,1736
58.4194,1723
58.4222,1720
58.4250,1717
58.4278,1721
58.4306,1720
58.4333,1714
58.4361,1709
58.4389,1699
58.4417,1680
58.4444,1669
58.4472,1668
58.4500,1654
58.4528,1641
58.4556,1630
58.4583,1615
58.4611,1584
58.4639,1552
58.4667,1523
58.4694,1534
58.4722,1566
58.4750,1605
58.4778,1640
58.4806,1655
58.4833,1673
58.4861,1680
58.4889,1696
58.4917,1704
58.4944,1725
58.4972,1735
58.5000,1751
58.5028,1751
58.5056,1742
58.5083,1745
58.5111,1740
58.5139,1749
58.5167,1751
58.5194,1757
58.5222,1756
58.5250,1741
58.5278,1741
58.5306,1741
58.5333,1750
58.5361,1759
58.5389,1764
58.5417,1757
58.5444,1743
58.5472,1747
58.5500,1736
58.5528,1737
58.5556,1746
58.5583,1742
58.5611,1742
58.5639,1744
58.5667,1743
58.5694,1738
58.5722,1737
58.5750,1734
58.5778,1726
58.5806,1733
58.5833,1730
58.5861,1734
58.5889,1729
58.5917,1734
58.5944,1724
58.5972,1720
58.6000,1714
58.6028,1705
58.6056,1704
58.6083,1699
58.6111,1700
58.6139,1695
58.6167,1701
58.6194,1691
58.6222,1686
58.6250,1675
58.6278,1683
58.6306,1683
58.6333,1694
58.6361,1712
58.6389,1726
58.6417,1751
58.6444,1774
58.6472,1795
58.6500,1795
58.6528,1779
58.6556,1746
58.6583,1718
58.6611,1698
58.6639,1692
58.6667,1680
58.6694,1672
58.6722,1666
58.6750,1643
58.6778,1618
58.6806,1603
58.6833,1584
58.6861,1572
58.6889,1566
58.6917,1563
58.6944,1570
58.6972,1574
58.7000,1568
58.7028,1552
58.7056,1540
58.7083,1519
58.7111,1519
58.7139,1518
58.7167,1520
58.7194,1507
58.7222,1520
58.7250,1504
58.7278,1492
58.7306,1471
58.7333,1463
58.7361,1455
58.7389,1455
58.7417,1454
58.7444,1449
58.7472,1446
58.7500,1426
58.7528,1420
58.7556,1416
58.7583,1408
58.7611,1406
58.7639,1399
58.7667,1394
58.7694,1395
58.7722,1397
58.7750,1390
58.7778,1379
58.7806,1351
58.7833,1318
58.7861,1277
58.7889,1264
58.7917,1353
58.7944,1517
58.7972,1729
58.8000,1950
58.8028,2191
58.8056,2466
58.8083,2782
58.8111,3087
58.8139,3342
58.8167,3351
58.8194,3310
58.8222,2923
58.8250,2407
58.8278,1933
58.8306,1636
58.8333,1483
58.8361,1413
58.8389,1358
58.8417,1315
58.8444,1280
58.8472,1232
58.8500,1184
58.8528,1160
58.8556,1132
58.8583,1116
58.8611,1118
58.8639,1113
58.8667,1125
58.8694,1119
58.8722,1105
58.8750,1087
58.8778,1075
58.8806,1085
58.8833,1104
58.8861,1126
58.8889,1132
58.8917,1123
58.8944,1104
58.8972,1094
58.9000,1092
58.9028,1103
58.9056,1118
58.9083,1128
58.9111,1117
58.9139,1104
58.9167,1105
58.9194,1106
58.9222,1124
58.9250,1146
58.9278,1162
58.9306,1170
58.9333,1170
58.9361,1161
58.9389,1159
58.9417,1165
58.9444,1180
58.9472,1192
58.9500,1209
58.9528,1213
58.9556,1221
58.9583,1227
58.9611,1248
58.9639,1278
58.9667,1297
58.9694,1290
58.9722,1297
58.9750,1280
58.9778,1290
58.9806,1292
58.9833,1314
58.9861,1329
58.9889,1349
58.9917,1353
58.9944,1365
58.9972,1368
59.0000,1376
59.0028,1393
59.0056,1417
59.0083,1437
59.0111,1440
59.0139,1431
59.0167,1419
59.0194,1427
59.0222,1576
59.0250,1589
59.0278,1577
59.0306,1565
59.0333,1546
59.0361,1522
59.0389,1511
59.0417,1516
59.0444,1527
59.0472,1540
59.0500,1538
59.0528,1529
59.0556,1507
59.0583,1494
59.0611,1478
59.0639,1479
59.0667,1490
59.0694,1493
59.0722,1483
59.0750,1486
59.0778,1488
59.0806,1477
59.0833,1478
59.0861,1488
59.0889,1488
59.0917,1483
59.0944,1480
59.0972,1475
59.1000,1473
59.1028,1477
59.1056,1489
59.1083,1498
59.1111,1499
59.1139,1497
59.1167,1499
59.1194,1489
59.1222,1495
59.1250,1498
59.1278,1503
59.1306,1507
59.1333,1500
59.1361,1498
59.1389,1493
59.1417,1505
59.1444,1517
59.1472,1534
59.1500,1546
59.1528,1539
59.1556,1536
59.1583,1535
59.1611,1555
59.1639,1561
59.1667,1569
59.1694,1568
59.1722,1573
59.1750,1581
59.1778,1587
59.1806,1593
59.1833,1599
59.1861,1606
59.1889,1607
59.1917,1607
59.1944,1600
59.1972,1603
59.2000,1598
59.2028,1607
59.2056,1625
59.2083,1610
59.2111,1603
59.2139,1603
59.2167,1600
59.2194,1600
59.2222,1605
59.2250,1614
59.2278,1632
59.2306,1629
59.2333,1628
59.2361,1630
59.2389,1641
59.2417,1628
59.2444,1635
59.2472,1643
59.2500,1642
59.2528,1628
59.2556,1624
59.2583,1608
59.2611,1614
59.2639,1623
59.2667,1626
59.2694,1623
59.2722,1617
59.2750,1617
59.2778,1618
59.2806,1623
59.2833,1623
59.2861,1619
59.2889,1620
59.2917,1631
59.2944,1628
59.2972,1624
59.3000,1621
59.3028,1615
59.3056,1618
59.3083,1623
59.3111,1630
59.3139,1635
59.3167,1632
59.3194,1630
59.3222,1647
59.3250,1651
59.3278,1665
59.3306,1672
59.3333,1671
59.3361,1669
59.3389,1669
59.3417,1669
59.3444,1683
59.3472,1685
59.3500,1690
59.3528,1702
59.3556,1698
59.3583,1696
59.3611,1693
59.3639,1694
59.3667,1694
59.3694,1688
59.3722,1700
59.3750,1687
59.3778,1688
59.3806,1688
59.3833,1688
59.3861,1684
59.3889,1678
59.3917,1690
59.3944,1697
59.3972,1709
59.4000,1710
59.4028,1709
59.4056,1708
59.4083,1698
59.4111,1704
59.4139,1697
59.4167,1708
59.4194,1704
59.4222,1712
59.4250,1702
59.4278,1715
59.4306,1724
59.4333,1714
59.4361,1716
59.4389,1714
59.4417,1713
59.4444,1723
59.4472,1739
59.4500,1749
59.4528,1751
59.4556,1738
59.4583,1749
59.4611,1751
59.4639,1756
59.4667,1777
59.4694,1790
59.4722,1804
59.4750,1832
59.4778,1862
59.4806,1877
59.4833,1874
59.4861,1853
59.4889,1839
59.4917,1825
59.4944,1821
59.4972,1799
59.5000,1787
59.5028,1775
59.5056,1767
59.5083,1757
59.5111,1746
59.5139,1733
59.5167,1708
59.5194,1710
59.5222,1713
59.5250,1709
59.5278,1709
59.5306,1706
59.5333,1706
59.5361,1703
59.5389,1710
59.5417,1704
59.5444,1699
59.5472,1706
59.5500,1713
59.5528,1705
59.5556,1708
59.5583,1698
59.5611,1696
59.5639,1708
59.5667,1714
59.5694,1729
59.5722,1726
59.5750,1711
59.5778,1708
59.5806,1713
59.5833,1718
59.5861,1727
59.5889,1738
59.5917,1738
59.5944,1744
59.5972,1741
59.6000,1737
59.6028,1741
59.6056,1732
59.6083,1724
59.6111,1707
59.6139,1686
59.6167,1663
59.6194,1700
59.6222,1805
59.6250,1984
59.6278,2213
59.6306,2449
59.6333,2704
59.6361,2990
59.6389,3294
59.6417,3361
59.6444,3367
59.6472,3381
59.6500,3377
59.6528,3360
59.6556,3121
59.6583,2664
59.6611,2250
59.6639,1992
59.6667,1833
59.6694,1748
59.6722,1698
59.6750,1668
59.6778,1646
59.6806,1638
59.6833,1623
59.6861,1618
59.6889,1599
59.6917,1585
59.6944,1571
59.6972,1571
59.7000,1591
59.7028,1595
59.7056,1598
59.7083,1590
59.7111,1570
59.7139,1568
59.7167,1569
59.7194,1575
59.7222,1590
59.7250,1600
59.7278,1605
59.7306,1594
59.7333,1585
59.7361,1592
59.7389,1605
59.7417,1623
59.7444,1626
59.7472,1626
59.7500,1624
59.7528,1623
59.7556,1632
59.7583,1634
59.7611,1650
59.7639,1657
59.7667,1667
59.7694,1657
59.7722,1655
59.7750,1657
59.7778,1673
59.7806,1687
59.7833,1712
59.7861,1709
59.7889,1702
59.7917,1700
59.7944,1693
59.7972,1702
59.8000,1714
59.8028,1721
59.8056,1728
59.8083,1725
59.8111,1720
59.8139,1719
59.8167,1732
59.8194,1741
59.8222,1755
59.8250,1758
59.8278,1761
59.8306,1760
59.8333,1766
59.8361,1767
59.8389,1783
59.8417,1795
59.8444,1809
59.8472,1815
59.8500,1830
59.8528,1834
59.8556,1821
59.8583,1825
59.8611,1820
59.8639,1821
59.8667,1813
59.8694,1790
59.8722,1774
59.8750,1749
59.8778,1741
59.8806,1741
59.8833,1736
59.8861,1725
59.8889,1706
59.8917,1684
59.8944,1683
59.8972,1672
59.9000,1663
59.9028,1661
59.9056,1659
59.9083,1655
59.9111,1638
59.9139,1614
59.9167,1608
59.9194,1605
59.9222,1614
59.9250,1621
59.9278,1623
59.9306,1615
59.9333,1614
59.9361,1614
59.9389,1632
59.9417,1655
59.9444,1670
59.9472,1680
59.9500,1671
59.9528,1664
59.9556,1653
59.9583,1656
59.9611,1664
59.9639,1666
59.9667,1674
59.9694,1679
59.9722,1682
59.9750,1683
59.9778,1686
59.9806,1708
59.9833,1706
59.9861,1704
59.9889,1705
59.9917,1707
59.9944,1707
59.9972,1698
60.0000,1695
60.0028,1695
60.0056,1689
60.0083,1690
60.0111,1697
60.0139,1687
60.0167,1682
60.0194,1695
60.0222,1707
60.0250,1715
60.0278,1718
60.0306,1717
60.0333,1724
60.0361,1715
60.0389,1716
60.0417,1707
60.0444,1696
60.0472,1678
60.0500,1677
60.0528,1684
60.0556,1695
60.0583,1702
60.0611,1704
60.0639,1709
60.0667,1699
60.0694,1682
60.0722,1669
60.0750,1666
60.0778,1675
60.0806,1675
60.0833,1677
60.0861,1669
60.0889,1663
60.0917,1667
60.0944,1663
60.0972,1668
60.1000,1670
60.1028,1679
60.1056,1676
60.1083,1677
60.1111,1661
60.1139,1659
60.1167,1656
60.1194,1667
60.1222,1682
60.1250,1689
60.1278,1707
60.1306,1704
60.1333,1700
60.1361,1703
60.1389,1706
60.1417,1708
60.1444,1712
60.1472,1703
60.1500,1705
60.1528,1704
60.1556,1705
60.1583,1705
60.1611,1696
60.1639,1703
60.1667,1699
60.1694,1696
60.1722,1703
60.1750,1700
60.1778,1692
60.1806,1700
60.1833,1700
60.1861,1714
60.1889,1716
60.1917,1704
60.1944,1702
60.1972,1690
60.2000,1698
60.2028,1704
60.2056,1705
60.2083,1707
60.2111,1703
60.2139,1697
60.2167,1692
60.2194,1686
60.2222,1696
60.2250,1690
60.2278,1680
60.2306,1688
60.2333,1702
60.2361,1710
60.2389,1697
60.2417,1702
60.2444,1707
60.2472,1704
60.2500,1701
60.2528,1683
60.2556,1687
60.2583,1694
60.2611,1708
60.2639,1707
60.2667,1705
60.2694,1706
60.2722,1706
60.2750,1710
60.2778,1716
60.2806,1720
60.2833,1719
60.2861,1724
60.2889,1721
60.2917,1719
60.2944,1727
60.2972,1732
60.3000,1742
60.3028,1743
60.3056,1739
60.3083,1736
60.3111,1736
60.3139,1726
60.3167,1720
60.3194,1728
60.3222,1734
60.3250,1739
60.3278,1773
60.3306,1798
60.3333,1828
60.3361,1848
60.3389,1854
60.3417,1831
60.3444,1812
60.3472,1778
60.3500,1749
60.3528,1731
60.3556,1725
60.3583,1726
60.3611,1734
60.3639,1720
60.3667,1706
60.3694,1700
60.3722,1688
60.3750,1691
60.3778,1684
60.3806,1680
60.3833,1683
60.3861,1672
60.3889,1679
60.3917,1675
60.3944,1675
60.3972,1685
60.4000,1686
60.4028,1691
60.4056,1689
60.4083,1688
60.4111,1678
60.4139,1673
60.4167,1673
60.4194,1680
60.4222,1683
60.4250,1679
60.4278,1680
60.4306,1673
60.4333,1680
60.4361,1680
60.4389,1678
60.4417,1670
60.4444,1679
60.4472,1682
60.4500,1682
60.4528,1680
60.4556,1674
60.4583,1680
60.4611,1677
60.4639,1679
60.4667,1653
60.4694,1631
60.4722,1602
60.4750,1614
60.4778,1717
60.4806,1872
60.4833,2076
60.4861,2321
60.4889,2570
60.4917,2858
60.4944,3176
60.4972,3348
60.5000,3354
60.5028,3374
60.5056,3376
60.5083,3357
60.5111,3077
60.5139,2600
60.5167,2177
60.5194,1915
60.5222,1781
60.5250,1712
60.5278,1678
60.5306,1657
60.5333,1633
60.5361,1617
60.5389,1599
60.5417,1574
60.5444,1546
60.5472,1535
60.5500,1534
60.5528,1539
60.5556,1557
60.5583,1570
60.5611,1572
60.5639,1565
60.5667,1563
60.5694,1565
60.5722,1558
60.5750,1578
60.5778,1587
60.5806,1597
60.5833,1604
60.5861,1596
60.5889,1595
60.5917,1605
60.5944,1606
60.5972,1619
60.6000,1624
60.6028,1620
60.6056,1624
60.6083,1620
60.6111,1636
60.6139,1653
60.6167,1665
60.6194,1665
60.6222,1667
60.6250,1654
60.6278,1640
60.6306,1656
60.6333,1663
60.6361,1693
60.6389,1702
60.6417,1702
60.6444,1687
60.6472,1694
60.6500,1687
60.6528,1699
60.6556,1717
60.6583,1730
60.6611,1734
60.6639,1732
60.6667,1738
60.6694,1735
60.6722,1738
60.6750,1752
60.6778,1772
60.6806,1786
60.6833,1783
60.6861,1783
60.6889,1784
60.6917,1797
60.6944,1811
60.6972,1832
60.7000,1837
60.7028,1852
60.7056,1853
60.7083,1848
60.7111,1864
60.7139,1877
60.7167,1865
60.7194,1865
60.7222,1856
60.7250,1837
60.7278,1813
60.7306,1803
60.7333,1796
60.7361,1793
60.7389,1789
60.7417,1780
60.7444,1771
60.7472,1760
60.7500,1744
60.7528,1749
60.7556,1750
60.7583,1756
60.7611,1742
60.7639,1741
60.7667,1728
60.7694,1729
60.7722,1735
60.7750,1736
60.7778,1745
60.7806,1737
60.7833,1740
60.7861,1721
60.7889,1715
60.7917,1721
60.7944,1741
60.7972,1744
60.8000,1759
60.8028,1744
60.8056,1742
60.8083,1741
60.8111,1742
60.8139,1748
60.8167,1749
60.8194,1745
60.8222,1747
60.8250,1739
60.8278,1742
60.8306,1742
60.8333,1752
60.8361,1762
60.8389,1767
60.8417,1768
60.8444,1771
60.8472,1775
60.8500,1782
60.8528,1780
60.8556,1779
60.8583,1775
60.8611,1768
60.8639,1766
60.8667,1768
60.8694,1774
60.8722,1781
60.8750,1792
60.8778,1799
60.8806,1799
60.8833,1797
60.8861,1789
60.8889,1780
60.8917,1772
60.8944,1786
60.8972,1787
60.9000,1806
60.9028,1811
60.9056,1811
60.9083,1805
60.9111,1800
60.9139,1785
60.9167,1791
60.9194,1793
60.9222,1780
60.9250,1774
60.9278,1775
60.9306,1778
60.9333,1773
60.9361,1781
60.9389,1786
60.9417,1799
60.9444,1801
60.9472,1802
60.9500,1797
60.9528,1805
60.9556,1802
60.9583,1802
60.9611,1803
60.9639,1794
60.9667,1790
60.9694,1785
60.9722,1799
60.9750,1795
60.9778,1813
60.9806,1807
60.9833,1800
60.9861,1781
60.9889,1769
60.9917,1770
60.9944,1758
60.9972,1763
61.0000,1770
61.0028,1759
61.0056,1784
61.0083,1776
61.0111,1781
61.0139,1784
61.0167,1774
61.0194,1777
61.0222,1767
61.0250,1769
61.0278,1776
61.0306,1782
61.0333,1783
61.0361,1787
61.0389,1792
61.0417,1799
61.0444,1791
61.0472,1796
61.0500,1795
61.0528,1796
61.0556,1802
61.0583,1801
61.0611,1794
61.0639,1802
61.0667,1814
61.0694,1809
61.0722,1824
61.0750,1821
61.0778,1814
61.0806,1808
61.0833,1809
61.0861,1809
61.0889,1810
61.0917,1824
61.0944,1828
61.0972,1820
61.1000,1825
61.1028,1819
61.1056,1818
61.1083,1813
61.1111,1810
61.1139,1802
61.1167,1808
61.1194,1812
61.1222,1819
61.1250,1816
61.1278,1817
61.1306,1810
61.1333,1818
61.1361,1810
61.1389,1826
61.1417,1836
61.1444,1843
61.1472,1846
61.1500,1848
61.1528,1865
61.1556,1891
61.1583,1918
61.1611,1939
61.1639,1936
61.1667,1910
61.1694,1894
61.1722,1889
61.1750,1872
61.1778,1854
61.1806,1847
61.1833,1830
61.1861,1821
61.1889,1810
61.1917,1805
61.1944,1782
61.1972,1777
61.2000,1767
61.2028,1766
61.2056,1776
61.2083,1775
61.2111,1771
61.2139,1771
61.2167,1788
61.2194,1792
61.2222,1807
61.2250,1795
61.2278,1787
61.2306,1778
61.2333,1779
61.2361,1783
61.2389,1798
61.2417,1796
61.2444,1795
61.2472,1794
61.2500,1800
61.2528,1805
61.2556,1808
61.2583,1799
61.2611,1796
61.2639,1790
61.2667,1799
61.2694,1803
61.2722,1798
61.2750,1804
61.2778,1798
61.2806,1796
61.2833,1800
61.2861,1798
61.2889,1786
61.2917,1779
61.2944,1756
61.2972,1719
61.3000,1705
61.3028,1751
61.3056,1886
61.3083,2060
61.3111,2264
61.3139,2484
61.3167,2733
61.3194,3021
61.3222,3305
61.3250,3371
61.3278,3366
61.3306,3374
61.3333,3369
61.3361,3300
61.3389,2937
61.3417,2481
61.3444,2138
61.3472,1958
61.3500,1858
61.3528,1793
61.3556,1750
61.3583,1711
61.3611,1695
61.3639,1683
61.3667,1656
61.3694,1640
61.3722,1620
61.3750,1621
61.3778,1626
61.3806,1635
61.3833,1632
61.3861,1627
61.3889,1622
61.3917,1610
