Tiempo(s),Valor_ADC
0.0028,1657
0.0056,1653
0.0083,1671
0.0111,1681
0.0139,1692
0.0167,1672
0.0194,1669
0.0222,1654
0.0250,1677
0.0278,1688
0.0306,1702
0.0333,1720
0.0361,1701
0.0389,1680
0.0417,1684
0.0444,1700
0.0472,1715
0.0500,1733
0.0528,1741
0.0556,1737
0.0583,1726
0.0611,1733
0.0639,1740
0.0667,1748
0.0694,1764
0.0722,1763
0.0750,1748
0.0778,1726
0.0806,1716
0.0833,1714
0.0861,1722
0.0889,1742
0.0917,1747
0.0944,1743
0.0972,1727
0.1000,1716
0.1028,1712
0.1056,1725
0.1083,1733
0.1111,1762
0.1139,1772
0.1167,1768
0.1194,1763
0.1222,1772
0.1250,1794
0.1278,1821
0.1306,1829
0.1333,1840
0.1361,1823
0.1389,1786
0.1417,1777
0.1444,1747
0.1472,1752
0.1500,1772
0.1528,1785
0.1556,1781
0.1583,1766
0.1611,1759
0.1639,1755
0.1667,1745
0.1694,1741
0.1722,1745
0.1750,1731
0.1778,1736
0.1806,1742
0.1833,1776
0.1861,1788
0.1889,1800
0.1917,1803
0.1944,1782
0.1972,1747
0.2000,1713
0.2028,1689
0.2056,1664
0.2083,1668
0.2111,1677
0.2139,1682
0.2167,1683
0.2194,1672
0.2222,1678
0.2250,1674
0.2278,1677
0.2306,1691
0.2333,1695
0.2361,1678
0.2389,1676
0.2417,1650
0.2444,1627
0.2472,1634
0.2500,1637
0.2528,1659
0.2556,1651
0.2583,1653
0.2611,1651
0.2639,1654
0.2667,1659
0.2694,1687
0.2722,1744
0.2750,1770
0.2778,1779
0.2806,1784
0.2833,1764
0.2861,1745
0.2889,1725
0.2917,1704
0.2944,1698
0.2972,1713
0.3000,1771
0.3028,1911
0.3056,2092
0.3083,2143
0.3111,2038
0.3139,1850
0.3167,1692
0.3194,1612
0.3222,1571
0.3250,1534
0.3278,1519
0.3306,1488
0.3333,1468
0.3361,1473
0.3389,1496
0.3417,1519
0.3444,1544
0.3472,1569
0.3500,1572
0.3528,1596
0.3556,1597
0.3583,1586
0.3611,1575
0.3639,1567
0.3667,1569
0.3694,1573
0.3722,1606
0.3750,1606
0.3778,1612
0.3806,1605
0.3833,1587
0.3861,1582
0.3889,1577
0.3917,1588
0.3944,1595
0.3972,1602
0.4000,1594
0.4028,1591
0.4056,1600
0.4083,1622
0.4111,1642
0.4139,1659
0.4167,1656
0.4194,1631
0.4222,1613
0.4250,1600
0.4278,1611
0.4306,1638
0.4333,1665
0.4361,1670
0.4389,1669
0.4417,1677
0.4444,1665
0.4472,1667
0.4500,1663
0.4528,1675
0.4556,1673
0.4583,1663
0.4611,1666
0.4639,1661
0.4667,1660
0.4694,1678
0.4722,1688
0.4750,1708
0.4778,1707
0.4806,1725
0.4833,1723
0.4861,1732
0.4889,1741
0.4917,1760
0.4944,1760
0.4972,1756
0.5000,1846
0.5028,1861
0.5056,1858
0.5083,1875
0.5111,1888
0.5139,1876
0.5167,1865
0.5194,1844
0.5222,1821
0.5250,1801
0.5278,1802
0.5306,1819
0.5333,1817
0.5361,1823
0.5389,1805
0.5417,1811
0.5444,1798
0.5472,1799
0.5500,1796
0.5528,1800
0.5556,1780
0.5583,1764
0.5611,1749
0.5639,1738
0.5667,1738
0.5694,1737
0.5722,1728
0.5750,1709
0.5778,1692
0.5806,1682
0.5833,1675
0.5861,1661
0.5889,1664
0.5917,1678
0.5944,1660
0.5972,1643
0.6000,1649
0.6028,1653
0.6056,1645
0.6083,1652
0.6111,1663
0.6139,1654
0.6167,1631
0.6194,1622
0.6222,1606
0.6250,1611
0.6278,1615
0.6306,1629
0.6333,1659
0.6361,1656
0.6389,1647
0.6417,1634
0.6444,1626
0.6472,1614
0.6500,1628
0.6528,1639
0.6556,1631
0.6583,1633
0.6611,1642
0.6639,1635
0.6667,1634
0.6694,1642
0.6722,1655
0.6750,1649
0.6778,1654
0.6806,1652
0.6833,1644
0.6861,1650
0.6889,1658
0.6917,1659
0.6944,1656
0.6972,1651
0.7000,1651
0.7028,1654
0.7056,1655
0.7083,1652
0.7111,1663
0.7139,1676
0.7167,1662
0.7194,1658
0.7222,1666
0.7250,1662
0.7278,1676
0.7306,1681
0.7333,1693
0.7361,1686
0.7389,1674
0.7417,1662
0.7444,1659
0.7472,1653
0.7500,1672
0.7528,1668
0.7556,1650
0.7583,1662
0.7611,1664
0.7639,1656
0.7667,1660
0.7694,1679
0.7722,1698
0.7750,1692
0.7778,1698
0.7806,1698
0.7833,1681
0.7861,1687
0.7889,1677
0.7917,1697
0.7944,1690
0.7972,1679
0.8000,1678
0.8028,1668
0.8056,1672
0.8083,1676
0.8111,1687
0.8139,1684
0.8167,1676
0.8194,1676
0.8222,1669
0.8250,1673
0.8278,1666
0.8306,1672
0.8333,1685
0.8361,1689
0.8389,1703
0.8417,1720
0.8444,1717
0.8472,1706
0.8500,1693
0.8528,1683
0.8556,1677
0.8583,1661
0.8611,1679
0.8639,1689
0.8667,1702
0.8694,1698
0.8722,1721
0.8750,1719
0.8778,1706
0.8806,1709
0.8833,1694
0.8861,1672
0.8889,1666
0.8917,1669
0.8944,1672
0.8972,1672
0.9000,1680
0.9028,1686
0.9056,1687
0.9083,1690
0.9111,1699
0.9139,1697
0.9167,1678
0.9194,1675
0.9222,1680
0.9250,1685
0.9278,1699
0.9306,1716
0.9333,1746
0.9361,1764
0.9389,1783
0.9417,1790
0.9444,1795
0.9472,1781
0.9500,1755
0.9528,1721
0.9556,1691
0.9583,1693
0.9611,1706
0.9639,1716
0.9667,1739
0.9694,1768
0.9722,1781
0.9750,1767
0.9778,1728
0.9806,1701
0.9833,1679
0.9861,1663
0.9889,1676
0.9917,1692
0.9944,1706
0.9972,1711
1.0000,1720
1.0028,1710
1.0056,1702
1.0083,1701
1.0111,1688
1.0139,1651
1.0167,1629
1.0194,1623
1.0222,1624
1.0250,1633
1.0278,1615
1.0306,1636
1.0333,1660
1.0361,1665
1.0389,1684
1.0417,1689
1.0444,1667
1.0472,1651
1.0500,1640
1.0528,1646
1.0556,1651
1.0583,1659
1.0611,1669
1.0639,1677
1.0667,1694
1.0694,1699
1.0722,1704
1.0750,1701
1.0778,1702
1.0806,1727
1.0833,1752
1.0861,1792
1.0889,1802
1.0917,1817
1.0944,1795
1.0972,1766
1.1000,1743
1.1028,1734
1.1056,1705
1.1083,1718
1.1111,1797
1.1139,1965
1.1167,2154
1.1194,2197
1.1222,2089
1.1250,1944
1.1278,1826
1.1306,1779
1.1333,1729
1.1361,1698
1.1389,1655
1.1417,1608
1.1444,1545
1.1472,1492
1.1500,1491
1.1528,1533
1.1556,1578
1.1583,1615
1.1611,1648
1.1639,1679
1.1667,1703
1.1694,1705
1.1722,1697
1.1750,1688
1.1778,1662
1.1806,1679
1.1833,1697
1.1861,1714
1.1889,1706
1.1917,1691
1.1944,1674
1.1972,1657
1.2000,1671
1.2028,1697
1.2056,1714
1.2083,1720
1.2111,1700
1.2139,1692
1.2167,1685
1.2194,1683
1.2222,1699
1.2250,1732
1.2278,1739
1.2306,1740
1.2333,1733
1.2361,1732
1.2389,1728
1.2417,1744
1.2444,1740
1.2472,1724
1.2500,1718
1.2528,1713
1.2556,1716
1.2583,1719
1.2611,1732
1.2639,1750
1.2667,1757
1.2694,1753
1.2722,1752
1.2750,1746
1.2778,1745
1.2806,1739
1.2833,1745
1.2861,1756
1.2889,1753
1.2917,1762
1.2944,1754
1.2972,1752
1.3000,1749
1.3028,1763
1.3056,1763
1.3083,1779
1.3111,1872
1.3139,1850
1.3167,1852
1.3194,1872
1.3222,1888
1.3250,1901
1.3278,1911
1.3306,1909
1.3333,1894
1.3361,1866
1.3389,1864
1.3417,1865
1.3444,1885
1.3472,1907
1.3500,1912
1.3528,1887
1.3556,1863
1.3583,1851
1.3611,1849
1.3639,1851
1.3667,1826
1.3694,1818
1.3722,1806
1.3750,1779
1.3778,1777
1.3806,1771
1.3833,1776
1.3861,1776
1.3889,1780
1.3917,1762
1.3944,1747
1.3972,1733
1.4000,1729
1.4028,1701
1.4056,1691
1.4083,1680
1.4111,1674
1.4139,1664
1.4167,1645
1.4194,1626
1.4222,1616
1.4250,1621
1.4278,1629
1.4306,1630
1.4333,1619
1.4361,1617
1.4389,1611
1.4417,1605
1.4444,1614
1.4472,1637
1.4500,1644
1.4528,1643
1.4556,1638
1.4583,1622
1.4611,1610
1.4639,1602
1.4667,1615
1.4694,1601
1.4722,1601
1.4750,1594
1.4778,1580
1.4806,1595
1.4833,1626
1.4861,1629
1.4889,1624
1.4917,1617
1.4944,1604
1.4972,1610
1.5000,1626
1.5028,1643
1.5056,1641
1.5083,1644
1.5111,1630
1.5139,1612
1.5167,1600
1.5194,1594
1.5222,1594
1.5250,1619
1.5278,1630
1.5306,1652
1.5333,1643
1.5361,1625
1.5389,1612
1.5417,1601
1.5444,1608
1.5472,1616
1.5500,1639
1.5528,1633
1.5556,1632
1.5583,1629
1.5611,1629
1.5639,1610
1.5667,1594
1.5694,1595
1.5722,1598
1.5750,1595
1.5778,1600
1.5806,1628
1.5833,1627
1.5861,1618
1.5889,1599
1.5917,1598
1.5944,1583
1.5972,1585
1.6000,1611
1.6028,1602
1.6056,1606
1.6083,1587
1.6111,1592
1.6139,1596
1.6167,1594
1.6194,1598
1.6222,1604
1.6250,1613
1.6278,1633
1.6306,1627
1.6333,1618
1.6361,1602
1.6389,1598
1.6417,1606
1.6444,1593
1.6472,1600
1.6500,1607
1.6528,1611
1.6556,1593
1.6583,1611
1.6611,1601
1.6639,1607
1.6667,1617
1.6694,1625
1.6722,1630
1.6750,1614
1.6778,1606
1.6806,1609
1.6833,1611
1.6861,1627
1.6889,1624
1.6917,1628
1.6944,1610
1.6972,1597
1.7000,1605
1.7028,1594
1.7056,1596
1.7083,1607
1.7111,1622
1.7139,1625
1.7167,1618
1.7194,1634
1.7222,1626
1.7250,1614
1.7278,1618
1.7306,1617
1.7333,1615
1.7361,1622
1.7389,1647
1.7417,1680
1.7444,1707
1.7472,1721
1.7500,1738
1.7528,1726
1.7556,1690
1.7583,1665
1.7611,1639
1.7639,1624
1.7667,1604
1.7694,1610
1.7722,1615
1.7750,1619
1.7778,1649
1.7806,1673
1.7833,1673
1.7861,1670
1.7889,1652
1.7917,1634
1.7944,1616
1.7972,1617
1.8000,1627
1.8028,1641
1.8056,1653
1.8083,1643
1.8111,1646
1.8139,1623
1.8167,1604
1.8194,1601
1.8222,1591
1.8250,1573
1.8278,1577
1.8306,1571
1.8333,1558
1.8361,1551
1.8389,1566
1.8417,1590
1.8444,1594
1.8472,1596
1.8500,1608
1.8528,1616
1.8556,1608
1.8583,1601
1.8611,1593
1.8639,1600
1.8667,1595
1.8694,1599
1.8722,1611
1.8750,1608
1.8778,1614
1.8806,1622
1.8833,1657
1.8861,1699
1.8889,1758
1.8917,1792
1.8944,1784
1.8972,1767
1.9000,1748
1.9028,1695
1.9056,1671
1.9083,1670
1.9111,1716
1.9139,1776
1.9167,1897
1.9194,2082
1.9222,2211
1.9250,2151
1.9278,2013
1.9306,1888
1.9333,1828
1.9361,1768
1.9389,1698
1.9417,1638
1.9444,1593
1.9472,1531
1.9500,1493
1.9528,1463
1.9556,1461
1.9583,1504
1.9611,1569
1.9639,1612
1.9667,1636
1.9694,1650
1.9722,1665
1.9750,1650
1.9778,1634
1.9806,1629
1.9833,1633
1.9861,1657
1.9889,1660
1.9917,1668
1.9944,1653
1.9972,1650
2.0000,1656
2.0028,1678
2.0056,1672
2.0083,1687
2.0111,1691
2.0139,1695
2.0167,1709
2.0194,1716
2.0222,1729
2.0250,1715
2.0278,1717
2.0306,1726
2.0333,1721
2.0361,1717
2.0389,1710
2.0417,1691
2.0444,1690
2.0472,1697
2.0500,1724
2.0528,1741
2.0556,1732
2.0583,1742
2.0611,1736
2.0639,1752
2.0667,1753
2.0694,1753
2.0722,1763
2.0750,1769
2.0778,1776
2.0806,1785
2.0833,1776
2.0861,1790
2.0889,1805
2.0917,1812
2.0944,1806
2.0972,1814
2.1000,1807
2.1028,1811
2.1056,1820
2.1083,1845
2.1111,1853
2.1139,1942
2.1167,1950
2.1194,1955
2.1222,1953
2.1250,1957
2.1278,1970
2.1306,1982
2.1333,1961
2.1361,1948
2.1389,1935
2.1417,1953
2.1444,1968
2.1472,1985
2.1500,1984
2.1528,1977
2.1556,1960
2.1583,1966
2.1611,1953
2.1639,1945
2.1667,1954
2.1694,1939
2.1722,1944
2.1750,1929
2.1778,1923
2.1806,1913
2.1833,1911
2.1861,1924
2.1889,1918
2.1917,1914
2.1944,1897
2.1972,1889
2.2000,1879
2.2028,1876
2.2056,1875
2.2083,1880
2.2111,1876
2.2139,1862
2.2167,1835
2.2194,1835
2.2222,1828
2.2250,1836
2.2278,1832
2.2306,1849
2.2333,1837
2.2361,1829
2.2389,1825
2.2417,1817
2.2444,1819
2.2472,1831
2.2500,1822
2.2528,1826
2.2556,1817
2.2583,1823
2.2611,1814
2.2639,1833
2.2667,1837
2.2694,1836
2.2722,1839
2.2750,1833
2.2778,1825
2.2806,1826
2.2833,1824
2.2861,1841
2.2889,1852
2.2917,1854
2.2944,1850
2.2972,1847
2.3000,1847
2.3028,1847
2.3056,1855
2.3083,1859
2.3111,1873
2.3139,1862
2.3167,1855
2.3194,1848
2.3222,1855
2.3250,1854
2.3278,1876
2.3306,1864
2.3333,1865
2.3361,1853
2.3389,1859
2.3417,1853
2.3444,1852
2.3472,1859
2.3500,1872
2.3528,1873
2.3556,1865
2.3583,1863
2.3611,1863
2.3639,1861
2.3667,1864
2.3694,1876
2.3722,1859
2.3750,1850
2.3778,1844
2.3806,1840
2.3833,1832
2.3861,1849
2.3889,1850
2.3917,1856
2.3944,1864
2.3972,1858
2.4000,1854
2.4028,1857
2.4056,1843
2.4083,1847
2.4111,1847
2.4139,1849
2.4167,1848
2.4194,1857
2.4222,1838
2.4250,1853
2.4278,1853
2.4306,1859
2.4333,1842
2.4361,1835
2.4389,1835
2.4417,1838
2.4444,1839
2.4472,1841
2.4500,1847
2.4528,1852
2.4556,1838
2.4583,1829
2.4611,1827
2.4639,1838
2.4667,1831
2.4694,1832
2.4722,1826
2.4750,1833
2.4778,1830
2.4806,1834
2.4833,1832
2.4861,1830
2.4889,1822
2.4917,1839
2.4944,1822
2.4972,1814
2.5000,1811
2.5028,1820
2.5056,1813
2.5083,1826
2.5111,1826
2.5139,1824
2.5167,1832
2.5194,1839
2.5222,1841
2.5250,1840
2.5278,1847
2.5306,1844
2.5333,1824
2.5361,1817
2.5389,1811
2.5417,1810
2.5444,1803
2.5472,1817
2.5500,1838
2.5528,1862
2.5556,1881
2.5583,1911
2.5611,1920
2.5639,1920
2.5667,1914
2.5694,1916
2.5722,1891
2.5750,1877
2.5778,1866
2.5806,1847
2.5833,1841
2.5861,1836
2.5889,1837
2.5917,1863
2.5944,1855
2.5972,1864
2.6000,1857
2.6028,1835
2.6056,1817
2.6083,1821
2.6111,1830
2.6139,1834
2.6167,1855
2.6194,1864
2.6222,1864
2.6250,1847
2.6278,1831
2.6306,1821
2.6333,1815
2.6361,1794
2.6389,1782
2.6417,1773
2.6444,1774
2.6472,1771
2.6500,1783
2.6528,1768
2.6556,1762
2.6583,1767
2.6611,1773
2.6639,1772
2.6667,1774
2.6694,1786
2.6722,1788
2.6750,1796
2.6778,1799
2.6806,1792
2.6833,1781
2.6861,1777
2.6889,1781
2.6917,1779
2.6944,1781
2.6972,1806
2.7000,1864
2.7028,1911
2.7056,1974
2.7083,2005
2.7111,2013
2.7139,1991
2.7167,1960
2.7194,1943
2.7222,1926
2.7250,1931
2.7278,1967
2.7306,2049
2.7333,2206
2.7361,2381
2.7389,2403
2.7417,2256
2.7444,2050
2.7472,1897
2.7500,1821
2.7528,1773
2.7556,1730
2.7583,1712
2.7611,1693
2.7639,1667
2.7667,1693
2.7694,1717
2.7722,1752
2.7750,1769
2.7778,1772
2.7806,1766
2.7833,1779
2.7861,1770
2.7889,1772
2.7917,1757
2.7944,1741
2.7972,1750
2.8000,1758
2.8028,1763
2.8056,1789
2.8083,1791
2.8111,1784
2.8139,1770
2.8167,1768
2.8194,1774
2.8222,1765
2.8250,1778
2.8278,1786
2.8306,1771
2.8333,1762
2.8361,1761
2.8389,1768
2.8417,1788
2.8444,1797
2.8472,1813
2.8500,1820
2.8528,1797
2.8556,1781
2.8583,1775
2.8611,1787
2.8639,1790
2.8667,1809
2.8694,1820
2.8722,1811
2.8750,1797
2.8778,1795
2.8806,1800
2.8833,1835
2.8861,1861
2.8889,1878
2.8917,1873
2.8944,1846
2.8972,1829
2.9000,1814
2.9028,1811
2.9056,1829
2.9083,1836
2.9111,1844
2.9139,1850
2.9167,1849
2.9194,1866
2.9222,1889
2.9250,1897
2.9278,1913
2.9306,1912
2.9333,1900
2.9361,1892
2.9389,1883
2.9417,1965
2.9444,1963
2.9472,1959
2.9500,1949
2.9528,1927
2.9556,1905
2.9583,1893
2.9611,1900
2.9639,1908
2.9667,1915
2.9694,1919
2.9722,1888
2.9750,1880
2.9778,1881
2.9806,1893
2.9833,1902
2.9861,1910
2.9889,1880
2.9917,1839
2.9944,1812
2.9972,1798
3.0000,1794
3.0028,1795
3.0056,1793
3.0083,1787
3.0111,1772
3.0139,1752
3.0167,1745
3.0194,1738
3.0222,1735
3.0250,1740
3.0278,1739
3.0306,1719
3.0333,1716
3.0361,1699
3.0389,1688
3.0417,1686
3.0444,1690
3.0472,1701
3.0500,1706
3.0528,1687
3.0556,1678
3.0583,1674
3.0611,1675
3.0639,1669
3.0667,1685
3.0694,1689
3.0722,1685
3.0750,1666
3.0778,1670
3.0806,1677
3.0833,1695
3.0861,1705
3.0889,1710
3.0917,1701
3.0944,1673
3.0972,1662
3.1000,1663
3.1028,1660
3.1056,1669
3.1083,1673
3.1111,1675
3.1139,1665
3.1167,1670
3.1194,1681
3.1222,1681
3.1250,1694
3.1278,1692
3.1306,1686
3.1333,1680
3.1361,1685
3.1389,1696
3.1417,1691
3.1444,1701
3.1472,1695
3.1500,1709
3.1528,1693
3.1556,1675
3.1583,1676
3.1611,1678
3.1639,1688
3.1667,1679
3.1694,1697
3.1722,1669
3.1750,1681
3.1778,1691
3.1806,1697
3.1833,1720
3.1861,1720
3.1889,1716
3.1917,1707
3.1944,1685
3.1972,1676
3.2000,1676
3.2028,1664
3.2056,1671
3.2083,1686
3.2111,1683
3.2139,1679
3.2167,1674
3.2194,1678
3.2222,1674
3.2250,1689
3.2278,1686
3.2306,1686
3.2333,1676
3.2361,1665
3.2389,1662
3.2417,1661
3.2444,1662
3.2472,1674
3.2500,1670
3.2528,1669
3.2556,1655
3.2583,1661
3.2611,1659
3.2639,1659
3.2667,1654
3.2694,1671
3.2722,1673
3.2750,1676
3.2778,1674
3.2806,1665
3.2833,1658
3.2861,1662
3.2889,1662
3.2917,1662
3.2944,1666
3.2972,1658
3.3000,1667
3.3028,1665
3.3056,1672
3.3083,1686
3.3111,1686
3.3139,1679
3.3167,1686
3.3194,1691
3.3222,1703
3.3250,1701
3.3278,1701
3.3306,1699
3.3333,1690
3.3361,1690
3.3389,1688
3.3417,1682
3.3444,1676
3.3472,1693
3.3500,1696
3.3528,1690
3.3556,1696
3.3583,1705
3.3611,1721
3.3639,1733
3.3667,1752
3.3694,1775
3.3722,1786
3.3750,1786
3.3778,1785
3.3806,1787
3.3833,1771
3.3861,1756
3.3889,1746
3.3917,1719
3.3944,1710
3.3972,1703
3.4000,1695
3.4028,1709
3.4056,1722
3.4083,1719
3.4111,1716
3.4139,1684
3.4167,1675
3.4194,1693
3.4222,1700
3.4250,1733
3.4278,1728
3.4306,1732
3.4333,1710
3.4361,1703
3.4389,1693
3.4417,1675
3.4444,1652
3.4472,1640
3.4500,1637
3.4528,1615
3.4556,1637
3.4583,1648
3.4611,1649
3.4639,1651
3.4667,1651
3.4694,1653
3.4722,1650
3.4750,1657
3.4778,1654
3.4806,1643
3.4833,1652
3.4861,1643
3.4889,1642
3.4917,1638
3.4944,1637
3.4972,1658
3.5000,1673
3.5028,1667
3.5056,1685
3.5083,1704
3.5111,1723
3.5139,1749
3.5167,1794
3.5194,1828
3.5222,1839
3.5250,1824
3.5278,1816
3.5306,1791
3.5333,1782
3.5361,1781
3.5389,1799
3.5417,1871
3.5444,1995
3.5472,2190
3.5500,2315
3.5528,2240
3.5556,2032
3.5583,1847
3.5611,1700
3.5639,1627
3.5667,1579
3.5694,1548
3.5722,1521
3.5750,1508
3.5778,1540
3.5806,1584
3.5833,1618
3.5861,1662
3.5889,1670
3.5917,1675
3.5944,1669
3.5972,1665
3.6000,1652
3.6028,1641
3.6056,1643
3.6083,1650
3.6111,1638
3.6139,1653
3.6167,1665
3.6194,1675
3.6222,1679
3.6250,1658
3.6278,1658
3.6306,1656
3.6333,1664
3.6361,1670
3.6389,1693
3.6417,1689
3.6444,1681
3.6472,1681
3.6500,1673
3.6528,1672
3.6556,1681
3.6583,1694
3.6611,1698
3.6639,1703
3.6667,1684
3.6694,1699
3.6722,1693
3.6750,1708
3.6778,1727
3.6806,1732
3.6833,1720
3.6861,1701
3.6889,1684
3.6917,1682
3.6944,1689
3.6972,1718
3.7000,1723
3.7028,1732
3.7056,1719
3.7083,1703
3.7111,1680
3.7139,1679
3.7167,1683
3.7194,1701
3.7222,1704
3.7250,1711
3.7278,1715
3.7306,1723
3.7333,1746
3.7361,1751
3.7389,1768
3.7417,1923
3.7444,1904
3.7472,1894
3.7500,1891
3.7528,1886
3.7556,1876
3.7583,1889
3.7611,1878
3.7639,1882
3.7667,1875
3.7694,1862
3.7722,1852
3.7750,1857
3.7778,1854
3.7806,1851
3.7833,1862
3.7861,1865
3.7889,1852
3.7917,1843
3.7944,1826
3.7972,1819
3.8000,1799
3.8028,1782
3.8056,1769
3.8083,1763
3.8111,1763
3.8139,1748
3.8167,1751
3.8194,1741
3.8222,1724
3.8250,1714
3.8278,1692
3.8306,1684
3.8333,1670
3.8361,1676
3.8389,1675
3.8417,1668
3.8444,1675
3.8472,1669
3.8500,1668
3.8528,1669
3.8556,1691
3.8583,1689
3.8611,1689
3.8639,1665
3.8667,1655
3.8694,1646
3.8722,1619
3.8750,1624
3.8778,1637
3.8806,1649
3.8833,1651
3.8861,1653
3.8889,1661
3.8917,1663
3.8944,1669
3.8972,1670
3.9000,1692
3.9028,1678
3.9056,1674
3.9083,1679
3.9111,1668
3.9139,1658
3.9167,1657
3.9194,1651
3.9222,1662
3.9250,1658
3.9278,1667
3.9306,1667
3.9333,1668
3.9361,1676
3.9389,1699
3.9417,1692
3.9444,1698
3.9472,1696
3.9500,1673
3.9528,1666
3.9556,1660
3.9583,1671
3.9611,1669
3.9639,1672
3.9667,1685
3.9694,1681
3.9722,1685
3.9750,1691
3.9778,1708
3.9806,1709
3.9833,1710
3.9861,1726
3.9889,1727
3.9917,1729
3.9944,1728
3.9972,1710
4.0000,1719
4.0028,1712
4.0056,1705
4.0083,1702
4.0111,1718
4.0139,1720
4.0167,1739
4.0194,1748
4.0222,1752
4.0250,1755
4.0278,1755
4.0306,1747
4.0333,1730
4.0361,1727
4.0389,1720
4.0417,1723
4.0444,1715
4.0472,1718
4.0500,1720
4.0528,1715
4.0556,1726
4.0583,1718
4.0611,1728
4.0639,1721
4.0667,1725
4.0694,1722
4.0722,1728
4.0750,1721
4.0778,1749
4.0806,1744
4.0833,1737
4.0861,1735
4.0889,1720
4.0917,1721
4.0944,1721
4.0972,1722
4.1000,1738
4.1028,1738
4.1056,1732
4.1083,1734
4.1111,1742
4.1139,1737
4.1167,1749
4.1194,1755
4.1222,1761
4.1250,1758
4.1278,1743
4.1306,1732
4.1333,1724
4.1361,1720
4.1389,1741
4.1417,1731
4.1444,1742
4.1472,1750
4.1500,1752
4.1528,1748
4.1556,1749
4.1583,1755
4.1611,1733
4.1639,1724
4.1667,1730
4.1694,1732
4.1722,1720
4.1750,1736
4.1778,1757
4.1806,1772
4.1833,1788
4.1861,1809
4.1889,1819
4.1917,1836
4.1944,1846
4.1972,1847
4.2000,1844
4.2028,1829
4.2056,1810
4.2083,1784
4.2111,1764
4.2139,1771
4.2167,1775
4.2194,1778
4.2222,1780
4.2250,1789
4.2278,1788
4.2306,1776
4.2333,1748
4.2361,1757
4.2389,1755
4.2417,1777
4.2444,1783
4.2472,1799
4.2500,1795
4.2528,1769
4.2556,1765
4.2583,1754
4.2611,1741
4.2639,1709
4.2667,1699
4.2694,1695
4.2722,1694
4.2750,1690
4.2778,1701
4.2806,1698
4.2833,1694
4.2861,1690
4.2889,1699
4.2917,1699
4.2944,1705
4.2972,1709
4.3000,1709
4.3028,1705
4.3056,1717
4.3083,1725
4.3111,1713
4.3139,1719
4.3167,1715
4.3194,1722
4.3222,1722
4.3250,1730
4.3278,1723
4.3306,1756
4.3333,1795
4.3361,1847
4.3389,1877
4.3417,1901
4.3444,1903
4.3472,1872
4.3500,1862
4.3528,1849
4.3556,1834
4.3583,1827
4.3611,1865
4.3639,1970
4.3667,2142
4.3694,2304
4.3722,2287
4.3750,2132
4.3778,1955
4.3806,1825
4.3833,1749
4.3861,1702
4.3889,1652
4.3917,1612
4.3944,1589
4.3972,1582
4.4000,1616
4.4028,1646
4.4056,1682
4.4083,1707
4.4111,1716
4.4139,1723
4.4167,1741
4.4194,1743
4.4222,1735
4.4250,1721
4.4278,1713
4.4306,1714
4.4333,1700
4.4361,1708
4.4389,1722
4.4417,1729
4.4444,1728
4.4472,1728
4.4500,1741
4.4528,1737
4.4556,1753
4.4583,1750
4.4611,1750
4.4639,1744
4.4667,1743
4.4694,1731
4.4722,1746
4.4750,1743
4.4778,1759
4.4806,1781
4.4833,1782
4.4861,1774
4.4889,1764
4.4917,1751
4.4944,1742
4.4972,1746
4.5000,1755
4.5028,1762
4.5056,1763
4.5083,1772
4.5111,1768
4.5139,1761
4.5167,1765
4.5194,1776
4.5222,1785
4.5250,1785
4.5278,1792
4.5306,1798
4.5333,1793
4.5361,1808
4.5389,1818
4.5417,1796
4.5444,1795
4.5472,1796
4.5500,1818
4.5528,1823
4.5556,1833
4.5583,1834
4.5611,1830
4.5639,1827
4.5667,1825
4.5694,1828
4.5722,1837
4.5750,1877
4.5778,1907
4.5806,1923
4.5833,1935
4.5861,1923
4.5889,1917
4.5917,1909
4.5944,1899
4.5972,1917
4.6000,1921
4.6028,1914
4.6056,1910
4.6083,1896
4.6111,1885
4.6139,1883
4.6167,1888
4.6194,1889
4.6222,1882
4.6250,1871
4.6278,1850
4.6306,1827
4.6333,1814
4.6361,1823
4.6389,1818
4.6417,1815
4.6444,1792
4.6472,1771
4.6500,1746
4.6528,1730
4.6556,1728
4.6583,1736
4.6611,1748
4.6639,1757
4.6667,1754
4.6694,1738
4.6722,1728
4.6750,1723
4.6778,1717
4.6806,1704
4.6833,1710
4.6861,1715
4.6889,1714
4.6917,1722
4.6944,1721
4.6972,1711
4.7000,1714
4.7028,1699
4.7056,1697
4.7083,1677
4.7111,1659
4.7139,1679
4.7167,1689
4.7194,1697
4.7222,1696
4.7250,1696
4.7278,1691
4.7306,1679
4.7333,1697
4.7361,1707
4.7389,1707
4.7417,1703
4.7444,1699
4.7472,1699
4.7500,1682
4.7528,1677
4.7556,1691
4.7583,1688
4.7611,1696
4.7639,1696
4.7667,1694
4.7694,1688
4.7722,1684
4.7750,1695
4.7778,1679
4.7806,1680
4.7833,1677
4.7861,1686
4.7889,1669
4.7917,1667
4.7944,1671
4.7972,1676
4.8000,1677
4.8028,1685
4.8056,1688
4.8083,1702
4.8111,1696
4.8139,1692
4.8167,1687
4.8194,1701
4.8222,1692
4.8250,1689
4.8278,1694
4.8306,1682
4.8333,1682
4.8361,1677
4.8389,1703
4.8417,1695
4.8444,1693
4.8472,1692
4.8500,1687
4.8528,1663
4.8556,1657
4.8583,1666
4.8611,1652
4.8639,1678
4.8667,1677
4.8694,1673
4.8722,1667
4.8750,1687
4.8778,1695
4.8806,1704
4.8833,1704
4.8861,1693
4.8889,1676
4.8917,1670
4.8944,1678
4.8972,1697
4.9000,1696
4.9028,1706
4.9056,1712
4.9083,1700
4.9111,1695
4.9139,1681
4.9167,1702
4.9194,1697
4.9222,1685
4.9250,1702
4.9278,1703
4.9306,1684
4.9333,1682
4.9361,1691
4.9389,1692
4.9417,1692
4.9444,1684
4.9472,1674
4.9500,1662
4.9528,1653
4.9556,1661
4.9583,1673
4.9611,1674
4.9639,1672
4.9667,1679
4.9694,1670
4.9722,1676
4.9750,1684
4.9778,1684
4.9806,1691
4.9833,1702
4.9861,1699
4.9889,1721
4.9917,1714
4.9944,1719
4.9972,1729
5.0000,1739
5.0028,1740
5.0056,1754
5.0083,1753
5.0111,1751
5.0139,1751
5.0167,1739
5.0194,1724
5.0222,1711
5.0250,1721
5.0278,1711
5.0306,1714
5.0333,1714
5.0361,1718
5.0389,1733
5.0417,1727
5.0444,1721
5.0472,1713
5.0500,1706
5.0528,1703
5.0556,1722
5.0583,1713
5.0611,1720
5.0639,1701
5.0667,1698
5.0694,1667
5.0722,1662
5.0750,1650
5.0778,1646
5.0806,1637
5.0833,1626
5.0861,1625
5.0889,1625
5.0917,1611
5.0944,1617
5.0972,1610
5.1000,1628
5.1028,1632
5.1056,1650
5.1083,1651
5.1111,1632
5.1139,1630
5.1167,1626
5.1194,1627
5.1222,1634
5.1250,1637
5.1278,1640
5.1306,1630
5.1333,1634
5.1361,1639
5.1389,1637
5.1417,1639
5.1444,1664
5.1472,1699
5.1500,1741
5.1528,1780
5.1556,1795
5.1583,1775
5.1611,1736
5.1639,1706
5.1667,1674
5.1694,1670
5.1722,1656
5.1750,1705
5.1778,1816
5.1806,2000
5.1833,2168
5.1861,2185
5.1889,2052
5.1917,1897
5.1944,1791
5.1972,1741
5.2000,1672
5.2028,1622
5.2056,1564
5.2083,1504
5.2111,1460
5.2139,1427
5.2167,1452
5.2194,1494
5.2222,1547
5.2250,1582
5.2278,1615
5.2306,1624
5.2333,1637
5.2361,1646
5.2389,1643
5.2417,1629
5.2444,1618
5.2472,1619
5.2500,1629
5.2528,1636
5.2556,1651
5.2583,1643
5.2611,1640
5.2639,1634
5.2667,1642
5.2694,1651
5.2722,1654
5.2750,1671
5.2778,1657
5.2806,1628
5.2833,1616
5.2861,1629
5.2889,1642
5.2917,1663
5.2944,1673
5.2972,1666
5.3000,1652
5.3028,1648
5.3056,1643
5.3083,1664
5.3111,1653
5.3139,1657
5.3167,1655
5.3194,1650
5.3222,1650
5.3250,1647
5.3278,1657
5.3306,1663
5.3333,1669
5.3361,1664
5.3389,1672
5.3417,1656
5.3444,1651
5.3472,1664
5.3500,1684
5.3528,1688
5.3556,1699
5.3583,1699
5.3611,1684
5.3639,1676
5.3667,1687
5.3694,1699
5.3722,1720
5.3750,1827
5.3778,1838
5.3806,1831
5.3833,1817
5.3861,1806
5.3889,1793
5.3917,1781
5.3944,1785
5.3972,1781
5.4000,1782
5.4028,1783
5.4056,1805
5.4083,1807
5.4111,1829
5.4139,1829
5.4167,1839
5.4194,1808
5.4222,1787
5.4250,1772
5.4278,1752
5.4306,1741
5.4333,1736
5.4361,1756
5.4389,1766
5.4417,1775
5.4444,1775
5.4472,1760
5.4500,1720
5.4528,1690
5.4556,1675
5.4583,1672
5.4611,1663
5.4639,1673
5.4667,1663
5.4694,1657
5.4722,1651
5.4750,1648
5.4778,1647
5.4806,1646
5.4833,1643
5.4861,1639
5.4889,1605
5.4917,1602
5.4944,1582
5.4972,1591
5.5000,1587
5.5028,1577
5.5056,1565
5.5083,1564
5.5111,1562
5.5139,1577
5.5167,1591
5.5194,1593
5.5222,1586
5.5250,1585
5.5278,1592
5.5306,1588
5.5333,1592
5.5361,1596
5.5389,1600
5.5417,1594
5.5444,1585
5.5472,1582
5.5500,1580
5.5528,1601
5.5556,1603
5.5583,1614
5.5611,1609
5.5639,1596
5.5667,1591
5.5694,1577
5.5722,1595
5.5750,1599
5.5778,1610
5.5806,1622
5.5833,1619
5.5861,1638
5.5889,1633
5.5917,1617
5.5944,1608
5.5972,1609
5.6000,1592
5.6028,1601
5.6056,1609
5.6083,1605
5.6111,1597
5.6139,1606
5.6167,1615
5.6194,1600
5.6222,1597
5.6250,1606
5.6278,1614
5.6306,1621
5.6333,1620
5.6361,1616
5.6389,1585
5.6417,1575
5.6444,1595
5.6472,1608
5.6500,1593
5.6528,1597
5.6556,1593
5.6583,1603
5.6611,1611
5.6639,1614
5.6667,1624
5.6694,1643
5.6722,1623
5.6750,1618
5.6778,1622
5.6806,1624
5.6833,1638
5.6861,1662
5.6889,1641
5.6917,1628
5.6944,1619
5.6972,1614
5.7000,1630
5.7028,1631
5.7056,1636
5.7083,1640
5.7111,1621
5.7139,1614
5.7167,1631
5.7194,1630
5.7222,1647
5.7250,1669
5.7278,1659
5.7306,1632
5.7333,1612
5.7361,1614
5.7389,1619
5.7417,1632
5.7444,1646
5.7472,1660
5.7500,1655
5.7528,1637
5.7556,1642
5.7583,1633
5.7611,1643
5.7639,1632
5.7667,1647
5.7694,1654
5.7722,1647
5.7750,1643
5.7778,1639
5.7806,1652
5.7833,1648
5.7861,1667
5.7889,1648
5.7917,1626
5.7944,1643
5.7972,1637
5.8000,1650
5.8028,1671
5.8056,1687
5.8083,1711
5.8111,1725
5.8139,1745
5.8167,1756
5.8194,1757
5.8222,1744
5.8250,1752
5.8278,1733
5.8306,1715
5.8333,1696
5.8361,1674
5.8389,1673
5.8417,1665
5.8444,1685
5.8472,1695
5.8500,1701
5.8528,1702
5.8556,1713
5.8583,1690
5.8611,1676
5.8639,1677
5.8667,1677
5.8694,1687
5.8722,1686
5.8750,1686
5.8778,1671
5.8806,1670
5.8833,1666
5.8861,1660
5.8889,1640
5.8917,1626
5.8944,1631
5.8972,1643
5.9000,1632
5.9028,1623
5.9056,1614
5.9083,1609
5.9111,1627
5.9139,1640
5.9167,1644
5.9194,1620
5.9222,1609
5.9250,1594
5.9278,1590
5.9306,1606
5.9333,1619
5.9361,1637
5.9389,1644
5.9417,1636
5.9444,1622
5.9472,1627
5.9500,1625
5.9528,1660
5.9556,1720
5.9583,1770
5.9611,1784
5.9639,1772
5.9667,1747
5.9694,1698
5.9722,1662
5.9750,1666
5.9778,1671
5.9806,1688
5.9833,1760
5.9861,1899
5.9889,2078
5.9917,2212
5.9944,2188
5.9972,2050
6.0000,1917
6.0028,1844
6.0056,1789
6.0083,1702
6.0111,1624
6.0139,1561
6.0167,1496
6.0194,1449
6.0222,1418
6.0250,1459
6.0278,1507
6.0306,1565
6.0333,1603
6.0361,1621
6.0389,1632
6.0417,1618
6.0444,1621
6.0472,1621
6.0500,1605
6.0528,1614
6.0556,1642
6.0583,1644
6.0611,1659
6.0639,1674
6.0667,1659
6.0694,1659
6.0722,1636
6.0750,1640
6.0778,1640
6.0806,1656
6.0833,1654
6.0861,1668
6.0889,1674
6.0917,1666
6.0944,1670
6.0972,1670
6.1000,1680
6.1028,1683
6.1056,1679
6.1083,1670
6.1111,1678
6.1139,1690
6.1167,1712
6.1194,1720
6.1222,1728
6.1250,1723
6.1278,1717
6.1306,1694
6.1333,1693
6.1361,1700
6.1389,1709
6.1417,1722
6.1444,1736
6.1472,1745
6.1500,1754
6.1528,1748
6.1556,1749
6.1583,1752
6.1611,1744
6.1639,1762
6.1667,1764
6.1694,1764
6.1722,1761
6.1750,1772
6.1778,1776
6.1806,1773
6.1833,1908
6.1861,1877
6.1889,1861
6.1917,1852
6.1944,1855
6.1972,1861
6.2000,1853
6.2028,1853
6.2056,1846
6.2083,1838
6.2111,1843
6.2139,1852
6.2167,1871
6.2194,1883
6.2222,1885
6.2250,1869
6.2278,1850
6.2306,1816
6.2333,1822
6.2361,1823
6.2389,1832
6.2417,1836
6.2444,1821
6.2472,1811
6.2500,1798
6.2528,1795
6.2556,1799
6.2583,1815
6.2611,1804
6.2639,1796
6.2667,1778
6.2694,1748
6.2722,1741
6.2750,1739
6.2778,1731
6.2806,1723
6.2833,1714
6.2861,1696
6.2889,1694
6.2917,1672
6.2944,1679
6.2972,1689
6.3000,1692
6.3028,1698
6.3056,1694
6.3083,1689
6.3111,1679
6.3139,1696
6.3167,1690
6.3194,1693
6.3222,1693
6.3250,1683
6.3278,1683
6.3306,1669
6.3333,1690
6.3361,1690
6.3389,1694
6.3417,1690
6.3444,1699
6.3472,1692
6.3500,1670
6.3528,1687
6.3556,1699
6.3583,1711
6.3611,1709
6.3639,1723
6.3667,1719
6.3694,1720
6.3722,1709
6.3750,1730
6.3778,1735
6.3806,1741
6.3833,1737
6.3861,1722
6.3889,1712
6.3917,1706
6.3944,1720
6.3972,1732
6.4000,1733
6.4028,1744
6.4056,1736
6.4083,1728
6.4111,1723
6.4139,1724
6.4167,1732
6.4194,1727
6.4222,1722
6.4250,1733
6.4278,1725
6.4306,1737
6.4333,1738
6.4361,1741
6.4389,1743
6.4417,1740
6.4444,1749
6.4472,1747
6.4500,1727
6.4528,1732
6.4556,1732
6.4583,1746
6.4611,1751
6.4639,1755
6.4667,1742
6.4694,1743
6.4722,1748
6.4750,1742
6.4778,1753
6.4806,1753
6.4833,1755
6.4861,1763
6.4889,1760
6.4917,1764
6.4944,1776
6.4972,1789
6.5000,1782
6.5028,1782
6.5056,1779
6.5083,1756
6.5111,1748
6.5139,1762
6.5167,1760
6.5194,1773
6.5222,1778
6.5250,1777
6.5278,1778
6.5306,1769
6.5333,1773
6.5361,1779
6.5389,1771
6.5417,1766
6.5444,1782
6.5472,1770
6.5500,1777
6.5528,1780
6.5556,1793
6.5583,1797
6.5611,1796
6.5639,1781
6.5667,1771
6.5694,1774
6.5722,1781
6.5750,1779
6.5778,1787
6.5806,1784
6.5833,1793
6.5861,1795
6.5889,1785
6.5917,1794
6.5944,1786
6.5972,1798
6.6000,1793
6.6028,1803
6.6056,1808
6.6083,1809
6.6111,1809
6.6139,1819
6.6167,1840
6.6194,1847
6.6222,1868
6.6250,1893
6.6278,1891
6.6306,1891
6.6333,1897
6.6361,1893
6.6389,1875
6.6417,1853
6.6444,1850
6.6472,1837
6.6500,1836
6.6528,1829
6.6556,1837
6.6583,1836
6.6611,1843
6.6639,1835
6.6667,1827
6.6694,1801
6.6722,1780
6.6750,1801
6.6778,1808
6.6806,1836
6.6833,1841
6.6861,1857
6.6889,1852
6.6917,1821
6.6944,1824
6.6972,1812
6.7000,1785
6.7028,1770
6.7056,1751
6.7083,1760
6.7111,1764
6.7139,1781
6.7167,1776
6.7194,1779
6.7222,1766
6.7250,1771
6.7278,1767
6.7306,1778
6.7333,1777
6.7361,1785
6.7389,1778
6.7417,1767
6.7444,1774
6.7472,1790
6.7500,1788
6.7528,1778
6.7556,1789
6.7583,1796
6.7611,1805
6.7639,1833
6.7667,1884
6.7694,1935
6.7722,1969
6.7750,1994
6.7778,1985
6.7806,1976
6.7833,1960
6.7861,1935
6.7889,1924
6.7917,1936
6.7944,1994
6.7972,2113
6.8000,2284
6.8028,2404
6.8056,2318
6.8083,2116
6.8111,1929
6.8139,1846
6.8167,1805
6.8194,1772
6.8222,1750
6.8250,1731
6.8278,1704
6.8306,1685
6.8333,1712
6.8361,1722
6.8389,1746
6.8417,1765
6.8444,1785
6.8472,1807
6.8500,1801
6.8528,1799
6.8556,1786
6.8583,1766
6.8611,1757
6.8639,1770
6.8667,1785
6.8694,1801
6.8722,1805
6.8750,1808
6.8778,1793
6.8806,1788
6.8833,1782
6.8861,1797
6.8889,1798
6.8917,1812
6.8944,1814
6.8972,1819
6.9000,1818
6.9028,1815
6.9056,1816
6.9083,1816
6.9111,1826
6.9139,1830
6.9167,1834
6.9194,1831
6.9222,1825
6.9250,1824
6.9278,1831
6.9306,1838
6.9333,1848
6.9361,1839
6.9389,1836
6.9417,1828
6.9444,1847
6.9472,1860
6.9500,1879
6.9528,1889
6.9556,1886
6.9583,1889
6.9611,1877
6.9639,1883
6.9667,1885
6.9694,1883
6.9722,1877
6.9750,1874
6.9778,1863
6.9806,1866
6.9833,1873
6.9861,1879
6.9889,1906
6.9917,1924
6.9944,1999
6.9972,1996
7.0000,1993
7.0028,1991
7.0056,1995
7.0083,1997
7.0111,1998
7.0139,1986
7.0167,1984
7.0194,1983
7.0222,1969
7.0250,1978
7.0278,1977
7.0306,1984
7.0333,1980
7.0361,1969
7.0389,1953
7.0417,1939
7.0444,1925
7.0472,1915
7.0500,1898
7.0528,1899
7.0556,1896
7.0583,1886
7.0611,1883
7.0639,1872
7.0667,1850
7.0694,1845
7.0722,1840
7.0750,1842
7.0778,1826
7.0806,1805
7.0833,1787
7.0861,1763
7.0889,1757
7.0917,1746
7.0944,1749
7.0972,1737
7.1000,1744
7.1028,1729
7.1056,1725
7.1083,1717
7.1111,1713
7.1139,1733
7.1167,1747
7.1194,1750
7.1222,1743
7.1250,1749
7.1278,1727
7.1306,1733
7.1333,1725
7.1361,1720
7.1389,1730
7.1417,1715
7.1444,1718
7.1472,1719
7.1500,1718
7.1528,1708
7.1556,1725
7.1583,1742
7.1611,1747
7.1639,1753
7.1667,1754
7.1694,1735
7.1722,1733
7.1750,1723
7.1778,1726
7.1806,1724
7.1833,1729
7.1861,1720
7.1889,1730
7.1917,1725
7.1944,1736
7.1972,1725
7.2000,1737
7.2028,1740
7.2056,1746
7.2083,1746
7.2111,1736
7.2139,1741
7.2167,1730
7.2194,1732
7.2222,1731
7.2250,1732
7.2278,1742
7.2306,1741
7.2333,1743
7.2361,1750
7.2389,1745
7.2417,1737
7.2444,1743
7.2472,1732
7.2500,1728
7.2528,1731
7.2556,1733
7.2583,1731
7.2611,1735
7.2639,1742
7.2667,1742
7.2694,1740
7.2722,1746
7.2750,1742
7.2778,1748
7.2806,1732
7.2833,1727
7.2861,1719
7.2889,1710
7.2917,1707
7.2944,1700
7.2972,1708
7.3000,1713
7.3028,1723
7.3056,1724
7.3083,1721
7.3111,1723
7.3139,1730
7.3167,1726
7.3194,1723
7.3222,1719
7.3250,1715
7.3278,1712
7.3306,1698
7.3333,1705
7.3361,1705
7.3389,1696
7.3417,1703
7.3444,1716
7.3472,1723
7.3500,1734
7.3528,1732
7.3556,1731
7.3583,1740
7.3611,1739
7.3639,1736
7.3667,1744
7.3694,1729
7.3722,1728
7.3750,1731
7.3778,1720
7.3806,1716
7.3833,1718
7.3861,1713
7.3889,1728
7.3917,1727
7.3944,1727
7.3972,1734
7.4000,1730
7.4028,1745
7.4056,1750
7.4083,1741
7.4111,1753
7.4139,1752
7.4167,1752
7.4194,1754
7.4222,1771
7.4250,1795
7.4278,1803
7.4306,1824
7.4333,1828
7.4361,1824
7.4389,1818
7.4417,1806
7.4444,1802
7.4472,1776
7.4500,1749
7.4528,1742
7.4556,1744
7.4583,1732
7.4611,1738
7.4639,1748
7.4667,1751
7.4694,1742
7.4722,1730
7.4750,1728
7.4778,1741
7.4806,1755
7.4833,1762
7.4861,1762
7.4889,1752
7.4917,1746
7.4944,1735
7.4972,1724
7.5000,1713
7.5028,1699
7.5056,1691
7.5083,1689
7.5111,1685
7.5139,1689
7.5167,1687
7.5194,1678
7.5222,1684
7.5250,1679
7.5278,1676
7.5306,1697
7.5333,1698
7.5361,1701
7.5389,1695
7.5417,1678
7.5444,1685
7.5472,1690
7.5500,1691
7.5528,1706
7.5556,1710
7.5583,1715
7.5611,1708
7.5639,1704
7.5667,1706
7.5694,1745
7.5722,1783
7.5750,1840
7.5778,1879
7.5806,1886
7.5833,1875
7.5861,1861
7.5889,1826
7.5917,1817
7.5944,1822
7.5972,1845
7.6000,1927
7.6028,2056
7.6056,2248
7.6083,2339
7.6111,2233
7.6139,2022
7.6167,1826
7.6194,1704
7.6222,1640
7.6250,1606
7.6278,1575
7.6306,1540
7.6333,1536
7.6361,1570
7.6389,1595
7.6417,1646
7.6444,1685
7.6472,1709
7.6500,1696
7.6528,1706
7.6556,1694
7.6583,1673
7.6611,1659
7.6639,1663
7.6667,1667
7.6694,1666
7.6722,1685
7.6750,1697
7.6778,1708
7.6806,1717
7.6833,1707
7.6861,1712
7.6889,1711
7.6917,1724
7.6944,1710
7.6972,1703
7.7000,1689
7.7028,1679
7.7056,1667
7.7083,1671
7.7111,1685
7.7139,1697
7.7167,1693
7.7194,1697
7.7222,1699
7.7250,1698
7.7278,1693
7.7306,1726
7.7333,1743
7.7361,1756
7.7389,1742
7.7417,1721
7.7444,1700
7.7472,1689
7.7500,1689
7.7528,1706
7.7556,1712
7.7583,1728
7.7611,1724
7.7639,1730
7.7667,1735
7.7694,1736
7.7722,1758
7.7750,1777
7.7778,1789
7.7806,1791
7.7833,1792
7.7861,1780
7.7889,1784
7.7917,1797
7.7944,1810
7.7972,1805
7.8000,1940
7.8028,1897
7.8056,1892
7.8083,1881
7.8111,1878
7.8139,1892
7.8167,1875
7.8194,1865
7.8222,1853
7.8250,1847
7.8278,1831
7.8306,1826
7.8333,1842
7.8361,1840
7.8389,1852
7.8417,1842
7.8444,1835
7.8472,1809
7.8500,1809
7.8528,1805
7.8556,1798
7.8583,1787
7.8611,1780
7.8639,1766
7.8667,1753
7.8694,1723
7.8722,1723
7.8750,1729
7.8778,1718
7.8806,1713
7.8833,1683
7.8861,1675
7.8889,1664
7.8917,1669
7.8944,1681
7.8972,1675
7.9000,1660
7.9028,1640
7.9056,1621
7.9083,1597
7.9111,1598
7.9139,1605
7.9167,1611
7.9194,1612
7.9222,1617
7.9250,1624
7.9278,1609
7.9306,1619
7.9333,1629
7.9361,1630
7.9389,1637
7.9417,1614
7.9444,1613
7.9472,1597
7.9500,1595
7.9528,1603
7.9556,1621
7.9583,1623
7.9611,1628
7.9639,1624
7.9667,1605
7.9694,1607
7.9722,1630
7.9750,1647
7.9778,1654
7.9806,1648
7.9833,1642
7.9861,1636
7.9889,1613
7.9917,1623
7.9944,1617
7.9972,1621
8.0000,1627
8.0028,1631
8.0056,1619
8.0083,1625
8.0111,1624
8.0139,1637
8.0167,1643
8.0194,1647
8.0222,1666
8.0250,1674
8.0278,1676
8.0306,1667
8.0333,1667
8.0361,1659
8.0389,1638
8.0417,1636
8.0444,1628
8.0472,1630
8.0500,1625
8.0528,1643
8.0556,1656
8.0583,1647
8.0611,1651
8.0639,1663
8.0667,1658
8.0694,1679
8.0722,1681
8.0750,1682
8.0778,1664
8.0806,1652
8.0833,1637
8.0861,1626
8.0889,1627
8.0917,1627
8.0944,1639
8.0972,1639
8.1000,1635
8.1028,1641
8.1056,1643
8.1083,1639
8.1111,1650
8.1139,1653
8.1167,1658
8.1194,1654
8.1222,1652
8.1250,1656
8.1278,1655
8.1306,1646
8.1333,1655
8.1361,1655
8.1389,1669
8.1417,1670
8.1444,1660
8.1472,1672
8.1500,1677
8.1528,1698
8.1556,1707
8.1583,1692
8.1611,1686
8.1639,1662
8.1667,1640
8.1694,1638
8.1722,1647
8.1750,1649
8.1778,1655
8.1806,1672
8.1833,1677
8.1861,1681
8.1889,1670
8.1917,1695
8.1944,1685
8.1972,1690
8.2000,1681
8.2028,1686
8.2056,1689
8.2083,1678
8.2111,1683
8.2139,1689
8.2167,1694
8.2194,1698
8.2222,1699
8.2250,1702
8.2278,1697
8.2306,1703
8.2333,1718
8.2361,1732
8.2389,1756
8.2417,1774
8.2444,1795
8.2472,1793
8.2500,1799
8.2528,1797
8.2556,1786
8.2583,1763
8.2611,1738
8.2639,1720
8.2667,1713
8.2694,1710
8.2722,1716
8.2750,1731
8.2778,1740
8.2806,1737
8.2833,1726
8.2861,1716
8.2889,1706
8.2917,1702
8.2944,1716
8.2972,1732
8.3000,1751
8.3028,1759
8.3056,1747
8.3083,1739
8.3111,1732
8.3139,1710
8.3167,1691
8.3194,1670
8.3222,1668
8.3250,1658
8.3278,1653
8.3306,1657
8.3333,1652
8.3361,1662
8.3389,1662
8.3417,1657
8.3444,1674
8.3472,1672
8.3500,1670
8.3528,1669
8.3556,1677
8.3583,1666
8.3611,1682
8.3639,1684
8.3667,1691
8.3694,1681
8.3722,1684
8.3750,1672
8.3778,1694
8.3806,1707
8.3833,1736
8.3861,1787
8.3889,1834
8.3917,1866
8.3944,1879
8.3972,1859
8.4000,1831
8.4028,1806
8.4056,1787
8.4083,1772
8.4111,1788
8.4139,1859
8.4167,1987
8.4194,2178
8.4222,2283
8.4250,2207
8.4278,2020
8.4306,1853
8.4333,1757
8.4361,1702
8.4389,1654
8.4417,1625
8.4444,1603
8.4472,1582
8.4500,1572
8.4528,1600
8.4556,1642
8.4583,1660
8.4611,1689
8.4639,1712
8.4667,1723
8.4694,1719
8.4722,1720
8.4750,1712
8.4778,1699
8.4806,1697
8.4833,1701
8.4861,1715
8.4889,1728
8.4917,1747
8.4944,1747
8.4972,1734
8.5000,1716
8.5028,1709
8.5056,1715
8.5083,1712
8.5111,1727
8.5139,1737
8.5167,1731
8.5194,1730
8.5222,1744
8.5250,1753
8.5278,1743
8.5306,1756
8.5333,1758
8.5361,1758
8.5389,1730
8.5417,1723
8.5444,1739
8.5472,1730
8.5500,1746
8.5528,1744
8.5556,1734
8.5583,1730
8.5611,1726
8.5639,1743
8.5667,1739
8.5694,1755
8.5722,1756
8.5750,1775
8.5778,1777
8.5806,1773
8.5833,1780
8.5861,1791
8.5889,1767
8.5917,1778
8.5944,1767
8.5972,1780
8.6000,1777
8.6028,1801
8.6056,1804
8.6083,1824
8.6111,1835
8.6139,1898
8.6167,1898
8.6194,1897
8.6222,1904
8.6250,1906
8.6278,1904
8.6306,1906
8.6333,1926
8.6361,1919
8.6389,1920
8.6417,1924
8.6444,1898
8.6472,1889
8.6500,1877
8.6528,1879
8.6556,1888
8.6583,1888
8.6611,1895
8.6639,1889
8.6667,1862
8.6694,1849
8.6722,1841
8.6750,1840
8.6778,1816
8.6806,1810
8.6833,1798
8.6861,1798
8.6889,1798
8.6917,1789
8.6944,1778
8.6972,1766
8.7000,1755
8.7028,1750
8.7056,1738
8.7083,1737
8.7111,1726
8.7139,1725
8.7167,1706
8.7194,1704
8.7222,1690
8.7250,1688
8.7278,1673
8.7306,1679
8.7333,1692
8.7361,1693
8.7389,1688
8.7417,1707
8.7444,1703
8.7472,1693
8.7500,1690
8.7528,1704
8.7556,1694
8.7583,1694
8.7611,1701
8.7639,1693
8.7667,1689
8.7694,1702
8.7722,1693
8.7750,1690
8.7778,1680
8.7806,1681
8.7833,1665
8.7861,1668
8.7889,1669
8.7917,1674
8.7944,1684
8.7972,1686
8.8000,1695
8.8028,1687
8.8056,1675
8.8083,1676
8.8111,1686
8.8139,1673
8.8167,1674
8.8194,1675
8.8222,1683
8.8250,1687
8.8278,1678
8.8306,1680
8.8333,1688
8.8361,1687
8.8389,1669
8.8417,1670
8.8444,1661
8.8472,1658
8.8500,1661
8.8528,1666
8.8556,1673
8.8583,1693
8.8611,1689
8.8639,1690
8.8667,1690
8.8694,1683
8.8722,1691
8.8750,1678
8.8778,1667
8.8806,1666
8.8833,1666
8.8861,1666
8.8889,1672
8.8917,1675
8.8944,1676
8.8972,1669
8.9000,1679
8.9028,1684
8.9056,1686
8.9083,1688
8.9111,1697
8.9139,1695
8.9167,1696
8.9194,1707
8.9222,1699
8.9250,1697
8.9278,1695
8.9306,1703
8.9333,1692
8.9361,1672
8.9389,1670
8.9417,1680
8.9444,1693
8.9472,1688
8.9500,1703
8.9528,1704
8.9556,1697
8.9583,1693
8.9611,1692
8.9639,1681
8.9667,1673
8.9694,1671
8.9722,1681
8.9750,1691
8.9778,1683
8.9806,1693
8.9833,1679
8.9861,1675
8.9889,1660
8.9917,1659
8.9944,1661
8.9972,1671
9.0000,1662
9.0028,1675
9.0056,1675
9.0083,1681
9.0111,1688
9.0139,1687
9.0167,1697
9.0194,1684
9.0222,1697
9.0250,1689
9.0278,1696
9.0306,1720
9.0333,1722
9.0361,1737
9.0389,1741
9.0417,1757
9.0444,1754
9.0472,1756
9.0500,1747
9.0528,1733
9.0556,1712
9.0583,1695
9.0611,1686
9.0639,1682
9.0667,1703
9.0694,1719
9.0722,1739
9.0750,1737
9.0778,1732
9.0806,1702
9.0833,1682
9.0861,1657
9.0889,1656
9.0917,1684
9.0944,1677
9.0972,1686
9.1000,1683
9.1028,1672
9.1056,1672
9.1083,1647
9.1111,1636
9.1139,1624
9.1167,1618
9.1194,1634
9.1222,1652
9.1250,1648
9.1278,1640
9.1306,1630
9.1333,1626
9.1361,1607
9.1389,1599
9.1417,1607
9.1444,1609
9.1472,1627
9.1500,1641
9.1528,1632
9.1556,1627
9.1583,1611
9.1611,1611
9.1639,1610
9.1667,1611
9.1694,1632
9.1722,1642
9.1750,1666
9.1778,1665
9.1806,1698
9.1833,1741
9.1861,1773
9.1889,1794
9.1917,1782
9.1944,1762
9.1972,1721
9.2000,1687
9.2028,1667
9.2056,1654
9.2083,1670
9.2111,1742
9.2139,1902
9.2167,2111
9.2194,2195
9.2222,2093
9.2250,1942
9.2278,1813
9.2306,1748
9.2333,1688
9.2361,1642
9.2389,1603
9.2417,1555
9.2444,1508
9.2472,1479
9.2500,1480
9.2528,1523
9.2556,1569
9.2583,1606
9.2611,1629
9.2639,1649
9.2667,1663
9.2694,1665
9.2722,1654
9.2750,1636
9.2778,1634
9.2806,1655
9.2833,1659
9.2861,1673
9.2889,1694
9.2917,1697
9.2944,1691
9.2972,1671
9.3000,1653
9.3028,1662
9.3056,1665
9.3083,1672
9.3111,1679
9.3139,1670
9.3167,1662
9.3194,1672
9.3222,1688
9.3250,1699
9.3278,1700
9.3306,1704
9.3333,1702
9.3361,1688
9.3389,1684
9.3417,1702
9.3444,1707
9.3472,1723
9.3500,1727
9.3528,1739
9.3556,1717
9.3583,1706
9.3611,1719
9.3639,1745
9.3667,1738
9.3694,1743
9.3722,1741
9.3750,1734
9.3778,1744
9.3806,1747
9.3833,1769
9.3861,1780
9.3889,1783
9.3917,1778
9.3944,1751
9.3972,1749
9.4000,1760
9.4028,1797
9.4056,1816
9.4083,1829
9.4111,1881
9.4139,1884
9.4167,1892
9.4194,1911
9.4222,1893
9.4250,1886
9.4278,1873
9.4306,1867
9.4333,1874
9.4361,1885
9.4389,1893
9.4417,1888
9.4444,1879
9.4472,1869
9.4500,1875
9.4528,1869
9.4556,1869
9.4583,1873
9.4611,1863
9.4639,1857
9.4667,1837
9.4694,1821
9.4722,1821
9.4750,1800
9.4778,1786
9.4806,1784
9.4833,1781
9.4861,1767
9.4889,1758
9.4917,1756
9.4944,1739
9.4972,1735
9.5000,1726
9.5028,1727
9.5056,1718
9.5083,1728
9.5111,1710
9.5139,1719
9.5167,1703
9.5194,1702
9.5222,1690
9.5250,1666
9.5278,1652
9.5306,1646
9.5333,1654
9.5361,1660
9.5389,1653
9.5417,1659
9.5444,1657
9.5472,1646
9.5500,1649
9.5528,1659
9.5556,1665
9.5583,1664
9.5611,1648
9.5639,1639
9.5667,1632
9.5694,1638
9.5722,1639
9.5750,1649
9.5778,1651
9.5806,1658
9.5833,1667
9.5861,1667
9.5889,1675
9.5917,1665
9.5944,1661
9.5972,1650
9.6000,1651
9.6028,1668
9.6056,1667
9.6083,1677
9.6111,1675
9.6139,1678
9.6167,1666
9.6194,1664
9.6222,1666
9.6250,1666
9.6278,1684
9.6306,1692
9.6333,1684
9.6361,1664
9.6389,1637
9.6417,1632
9.6444,1617
9.6472,1639
9.6500,1666
9.6528,1663
9.6556,1671
9.6583,1662
9.6611,1656
9.6639,1645
9.6667,1655
9.6694,1656
9.6722,1670
9.6750,1655
9.6778,1663
9.6806,1670
9.6833,1674
9.6861,1659
9.6889,1673
9.6917,1670
9.6944,1664
9.6972,1651
9.7000,1663
9.7028,1664
9.7056,1649
9.7083,1663
9.7111,1671
9.7139,1686
9.7167,1693
9.7194,1683
9.7222,1672
9.7250,1646
9.7278,1641
9.7306,1636
9.7333,1635
9.7361,1647
9.7389,1665
9.7417,1681
9.7444,1691
9.7472,1701
9.7500,1700
9.7528,1688
9.7556,1667
9.7583,1658
9.7611,1654
9.7639,1658
9.7667,1662
9.7694,1662
9.7722,1666
9.7750,1657
9.7778,1640
9.7806,1648
9.7833,1638
9.7861,1636
9.7889,1649
9.7917,1659
9.7944,1667
9.7972,1690
9.8000,1685
9.8028,1691
9.8056,1677
9.8083,1660
9.8111,1656
9.8139,1668
9.8167,1670
9.8194,1685
9.8222,1698
9.8250,1728
9.8278,1740
9.8306,1739
9.8333,1736
9.8361,1716
9.8389,1719
9.8417,1750
9.8444,1749
9.8472,1741
9.8500,1727
9.8528,1709
9.8556,1687
9.8583,1673
9.8611,1679
9.8639,1684
9.8667,1690
9.8694,1710
9.8722,1718
9.8750,1694
9.8778,1674
9.8806,1670
9.8833,1669
9.8861,1674
9.8889,1694
9.8917,1718
9.8944,1717
9.8972,1700
9.9000,1675
9.9028,1654
9.9056,1630
9.9083,1627
9.9111,1609
9.9139,1612
9.9167,1631
9.9194,1642
9.9222,1644
9.9250,1641
9.9278,1618
9.9306,1626
9.9333,1616
9.9361,1620
9.9389,1632
9.9417,1656
9.9444,1654
9.9472,1642
9.9500,1635
9.9528,1619
9.9556,1618
9.9583,1616
9.9611,1633
9.9639,1624
9.9667,1640
9.9694,1642
9.9722,1662
9.9750,1703
9.9778,1732
9.9806,1759
9.9833,1781
9.9861,1769
9.9889,1740
9.9917,1713
9.9944,1685
9.9972,1668
10.0000,1678
10.0028,1694
10.0056,1777
10.0083,1943
10.0111,2163
10.0139,2228
10.0167,2121
10.0194,1959
10.0222,1821
10.0250,1742
10.0278,1683
10.0306,1622
10.0333,1570
10.0361,1531
10.0389,1490
10.0417,1461
10.0444,1460
10.0472,1471
10.0500,1507
10.0528,1529
10.0556,1551
10.0583,1554
10.0611,1580
10.0639,1602
10.0667,1591
10.0694,1602
10.0722,1598
10.0750,1604
10.0778,1624
10.0806,1653
10.0833,1649
10.0861,1634
10.0889,1599
10.0917,1593
10.0944,1592
10.0972,1619
10.1000,1646
10.1028,1667
10.1056,1651
10.1083,1634
10.1111,1634
10.1139,1630
10.1167,1632
10.1194,1651
10.1222,1668
10.1250,1671
10.1278,1667
10.1306,1663
10.1333,1663
10.1361,1671
10.1389,1674
10.1417,1676
10.1444,1661
10.1472,1656
10.1500,1649
10.1528,1658
10.1556,1666
10.1583,1683
10.1611,1679
10.1639,1675
10.1667,1679
10.1694,1667
10.1722,1669
10.1750,1674
10.1778,1673
10.1806,1685
10.1833,1694
10.1861,1697
10.1889,1705
10.1917,1717
10.1944,1725
10.1972,1722
10.2000,1728
10.2028,1746
10.2056,1808
10.2083,1826
10.2111,1823
10.2139,1823
10.2167,1836
10.2194,1843
10.2222,1853
10.2250,1841
10.2278,1827
10.2306,1816
10.2333,1815
10.2361,1830
10.2389,1834
10.2417,1842
10.2444,1812
10.2472,1797
10.2500,1782
10.2528,1785
10.2556,1783
10.2583,1807
10.2611,1819
10.2639,1809
10.2667,1789
10.2694,1779
10.2722,1760
10.2750,1756
10.2778,1757
10.2806,1756
10.2833,1722
10.2861,1705
10.2889,1695
10.2917,1698
10.2944,1688
10.2972,1702
10.3000,1705
10.3028,1694
10.3056,1677
10.3083,1652
10.3111,1660
10.3139,1662
10.3167,1672
10.3194,1681
10.3222,1677
10.3250,1667
10.3278,1646
10.3306,1650
10.3333,1660
10.3361,1675
10.3389,1689
10.3417,1684
10.3444,1670
10.3472,1664
10.3500,1662
10.3528,1666
10.3556,1668
10.3583,1670
10.3611,1678
10.3639,1671
10.3667,1655
10.3694,1661
10.3722,1671
10.3750,1677
10.3778,1701
10.3806,1712
10.3833,1707
10.3861,1698
10.3889,1698
10.3917,1693
10.3944,1687
10.3972,1695
10.4000,1688
10.4028,1699
10.4056,1699
10.4083,1706
10.4111,1699
10.4139,1694
10.4167,1688
10.4194,1710
10.4222,1713
10.4250,1704
10.4278,1701
10.4306,1712
10.4333,1716
10.4361,1715
10.4389,1729
10.4417,1734
10.4444,1730
10.4472,1711
10.4500,1720
10.4528,1726
10.4556,1743
10.4583,1750
10.4611,1752
10.4639,1727
10.4667,1731
10.4694,1719
10.4722,1722
10.4750,1736
10.4778,1744
10.4806,1751
10.4833,1758
10.4861,1756
10.4889,1756
10.4917,1751
10.4944,1754
10.4972,1756
10.5000,1758
10.5028,1748
10.5056,1742
10.5083,1735
10.5111,1749
10.5139,1751
10.5167,1758
10.5194,1765
10.5222,1773
10.5250,1774
10.5278,1773
10.5306,1766
10.5333,1758
10.5361,1752
10.5389,1765
10.5417,1782
10.5444,1784
10.5472,1793
10.5500,1787
10.5528,1782
10.5556,1756
10.5583,1766
10.5611,1764
10.5639,1757
10.5667,1755
10.5694,1762
10.5722,1769
10.5750,1783
10.5778,1784
10.5806,1791
10.5833,1784
10.5861,1773
10.5889,1764
10.5917,1778
10.5944,1768
10.5972,1786
10.6000,1791
10.6028,1785
10.6056,1783
10.6083,1785
10.6111,1786
10.6139,1786
10.6167,1788
10.6194,1809
10.6222,1819
10.6250,1825
10.6278,1840
10.6306,1862
10.6333,1890
10.6361,1895
10.6389,1907
10.6417,1907
10.6444,1919
10.6472,1899
10.6500,1884
10.6528,1852
10.6556,1839
10.6583,1820
10.6611,1826
10.6639,1831
10.6667,1829
10.6694,1856
10.6722,1843
10.6750,1843
10.6778,1829
10.6806,1827
10.6833,1801
10.6861,1787
10.6889,1801
10.6917,1829
10.6944,1842
10.6972,1847
10.7000,1854
10.7028,1844
10.7056,1832
10.7083,1822
10.7111,1818
10.7139,1801
10.7167,1774
10.7194,1776
10.7222,1778
10.7250,1774
10.7278,1777
10.7306,1785
10.7333,1773
10.7361,1782
10.7389,1790
10.7417,1789
10.7444,1784
10.7472,1782
10.7500,1794
10.7528,1796
10.7556,1782
10.7583,1785
10.7611,1801
10.7639,1806
10.7667,1798
10.7694,1803
10.7722,1822
10.7750,1842
10.7778,1875
10.7806,1939
10.7833,1986
10.7861,2012
10.7889,2025
10.7917,2013
10.7944,1994
10.7972,1949
10.8000,1934
10.8028,1926
10.8056,1948
10.8083,2038
10.8111,2187
10.8139,2357
10.8167,2355
10.8194,2189
10.8222,1997
10.8250,1867
10.8278,1812
10.8306,1801
10.8333,1766
10.8361,1752
10.8389,1728
10.8417,1705
10.8444,1700
10.8472,1709
10.8500,1725
10.8528,1752
10.8556,1768
10.8583,1776
10.8611,1797
10.8639,1804
10.8667,1797
10.8694,1788
10.8722,1788
10.8750,1795
10.8778,1785
10.8806,1801
10.8833,1813
10.8861,1810
10.8889,1795
10.8917,1783
10.8944,1775
10.8972,1786
10.9000,1789
10.9028,1804
10.9056,1796
10.9083,1813
10.9111,1798
10.9139,1799
10.9167,1787
10.9194,1799
10.9222,1808
10.9250,1800
10.9278,1789
10.9306,1780
10.9333,1768
10.9361,1768
10.9389,1791
10.9417,1812
10.9444,1811
10.9472,1811
10.9500,1802
10.9528,1804
10.9556,1807
10.9583,1821
10.9611,1824
10.9639,1814
10.9667,1806
10.9694,1815
10.9722,1811
10.9750,1813
10.9778,1821
10.9806,1831
10.9833,1849
10.9861,1842
10.9889,1848
10.9917,1855
10.9944,1869
10.9972,1883
11.0000,1899
11.0028,1899
11.0056,1901
11.0083,1893
11.0111,1890
11.0139,1882
11.0167,1897
11.0194,1975
11.0222,1974
11.0250,1962
11.0278,1956
11.0306,1958
11.0333,1951
11.0361,1954
11.0389,1950
11.0417,1946
11.0444,1941
11.0472,1923
11.0500,1926
11.0528,1921
11.0556,1919
11.0583,1915
11.0611,1905
11.0639,1894
11.0667,1889
11.0694,1870
11.0722,1872
11.0750,1865
11.0778,1879
11.0806,1862
11.0833,1848
11.0861,1825
11.0889,1823
11.0917,1815
11.0944,1802
11.0972,1796
11.1000,1797
11.1028,1783
11.1056,1771
11.1083,1762
11.1111,1769
11.1139,1756
11.1167,1752
11.1194,1744
11.1222,1748
11.1250,1732
11.1278,1725
11.1306,1730
11.1333,1734
11.1361,1722
11.1389,1740
11.1417,1728
11.1444,1728
11.1472,1731
11.1500,1736
11.1528,1740
11.1556,1732
11.1583,1747
11.1611,1748
11.1639,1747
11.1667,1752
11.1694,1749
11.1722,1752
11.1750,1733
11.1778,1738
11.1806,1732
11.1833,1730
11.1861,1726
11.1889,1740
11.1917,1733
11.1944,1738
11.1972,1738
11.2000,1748
11.2028,1743
11.2056,1740
11.2083,1745
11.2111,1742
11.2139,1736
11.2167,1734
11.2194,1746
11.2222,1736
11.2250,1739
11.2278,1747
11.2306,1766
11.2333,1767
11.2361,1777
11.2389,1772
11.2417,1752
11.2444,1729
11.2472,1716
11.2500,1717
11.2528,1694
11.2556,1705
11.2583,1710
11.2611,1719
11.2639,1723
11.2667,1722
11.2694,1731
11.2722,1732
11.2750,1730
11.2778,1732
11.2806,1728
11.2833,1720
11.2861,1721
11.2889,1728
11.2917,1724
11.2944,1726
11.2972,1722
11.3000,1731
11.3028,1714
11.3056,1712
11.3083,1713
11.3111,1723
11.3139,1712
11.3167,1716
11.3194,1719
11.3222,1732
11.3250,1735
11.3278,1728
11.3306,1724
11.3333,1708
11.3361,1702
11.3389,1714
11.3417,1710
11.3444,1726
11.3472,1717
11.3500,1709
11.3528,1704
11.3556,1698
11.3583,1705
11.3611,1712
11.3639,1707
11.3667,1721
11.3694,1714
11.3722,1714
11.3750,1719
11.3778,1720
11.3806,1715
11.3833,1710
11.3861,1714
11.3889,1713
11.3917,1713
11.3944,1707
11.3972,1713
11.4000,1712
11.4028,1713
11.4056,1723
11.4083,1728
11.4111,1731
11.4139,1731
11.4167,1722
11.4194,1739
11.4222,1757
11.4250,1762
11.4278,1782
11.4306,1807
11.4333,1820
11.4361,1836
11.4389,1849
11.4417,1852
11.4444,1831
11.4472,1820
11.4500,1782
11.4528,1770
11.4556,1746
11.4583,1744
11.4611,1744
11.4639,1752
11.4667,1765
11.4694,1760
11.4722,1754
11.4750,1737
11.4778,1730
11.4806,1745
11.4833,1757
11.4861,1777
11.4889,1786
11.4917,1794
11.4944,1775
11.4972,1772
11.5000,1741
11.5028,1731
11.5056,1702
11.5083,1670
11.5111,1664
11.5139,1673
11.5167,1683
11.5194,1696
11.5222,1695
11.5250,1707
11.5278,1713
11.5306,1704
11.5333,1706
11.5361,1692
11.5389,1690
11.5417,1680
11.5444,1679
11.5472,1693
11.5500,1692
11.5528,1709
11.5556,1710
11.5583,1717
11.5611,1722
11.5639,1725
11.5667,1729
11.5694,1740
11.5722,1782
11.5750,1847
11.5778,1892
11.5806,1915
11.5833,1922
11.5861,1902
11.5889,1868
11.5917,1853
11.5944,1821
11.5972,1823
11.6000,1858
11.6028,1952
11.6056,2105
11.6083,2319
11.6111,2378
11.6139,2235
11.6167,2027
11.6194,1852
11.6222,1750
11.6250,1676
11.6278,1615
11.6306,1573
11.6333,1539
11.6361,1540
11.6389,1578
11.6417,1629
11.6444,1664
11.6472,1699
11.6500,1712
11.6528,1713
11.6556,1724
11.6583,1742
11.6611,1728
11.6639,1711
11.6667,1699
11.6694,1702
11.6722,1689
11.6750,1700
11.6778,1712
11.6806,1728
11.6833,1708
11.6861,1718
11.6889,1711
11.6917,1714
11.6944,1719
11.6972,1736
11.7000,1736
11.7028,1733
11.7056,1724
11.7083,1726
11.7111,1719
11.7139,1718
11.7167,1735
11.7194,1747
11.7222,1740
11.7250,1731
11.7278,1722
11.7306,1722
11.7333,1725
11.7361,1733
11.7389,1748
11.7417,1756
11.7444,1753
11.7472,1736
11.7500,1733
11.7528,1736
11.7556,1753
11.7583,1766
11.7611,1773
11.7639,1762
11.7667,1762
11.7694,1770
11.7722,1775
11.7750,1783
11.7778,1798
11.7806,1814
11.7833,1809
11.7861,1808
11.7889,1813
11.7917,1812
11.7944,1826
11.7972,1828
11.8000,1847
11.8028,1894
11.8056,1904
11.8083,1909
11.8111,1895
11.8139,1912
11.8167,1920
11.8194,1929
11.8222,1915
11.8250,1898
11.8278,1879
11.8306,1878
11.8333,1892
11.8361,1900
11.8389,1889
11.8417,1877
11.8444,1844
11.8472,1836
11.8500,1835
11.8528,1825
11.8556,1835
11.8583,1835
11.8611,1827
11.8639,1815
11.8667,1807
11.8694,1802
11.8722,1797
11.8750,1781
11.8778,1777
11.8806,1755
11.8833,1731
11.8861,1717
11.8889,1713
11.8917,1704
11.8944,1713
11.8972,1715
11.9000,1710
11.9028,1694
11.9056,1679
11.9083,1676
11.9111,1675
11.9139,1687
11.9167,1693
11.9194,1690
11.9222,1667
11.9250,1644
11.9278,1651
11.9306,1651
11.9333,1654
11.9361,1664
11.9389,1661
11.9417,1662
11.9444,1647
11.9472,1653
11.9500,1649
11.9528,1659
11.9556,1674
11.9583,1673
11.9611,1661
11.9639,1651
11.9667,1656
11.9694,1656
11.9722,1673
11.9750,1679
11.9778,1692
11.9806,1676
11.9833,1660
11.9861,1655
11.9889,1670
11.9917,1678
11.9944,1685
11.9972,1697
12.0000,1691
12.0028,1674
12.0056,1678
12.0083,1674
12.0111,1680
12.0139,1676
12.0167,1687
12.0194,1698
12.0222,1692
12.0250,1683
12.0278,1676
12.0306,1668
12.0333,1675
12.0361,1686
12.0389,1692
12.0417,1684
12.0444,1678
12.0472,1697
12.0500,1682
12.0528,1676
12.0556,1684
12.0583,1681
12.0611,1674
12.0639,1672
12.0667,1666
12.0694,1672
12.0722,1666
12.0750,1666
12.0778,1662
12.0806,1675
12.0833,1667
12.0861,1668
12.0889,1668
12.0917,1680
12.0944,1687
12.0972,1689
12.1000,1686
12.1028,1685
12.1056,1677
12.1083,1671
12.1111,1675
12.1139,1669
12.1167,1672
12.1194,1680
12.1222,1667
12.1250,1672
12.1278,1672
12.1306,1677
12.1333,1677
12.1361,1692
12.1389,1696
12.1417,1696
12.1444,1691
12.1472,1702
12.1500,1698
12.1528,1702
12.1556,1701
12.1583,1695
12.1611,1693
12.1639,1689
12.1667,1700
12.1694,1704
12.1722,1694
12.1750,1714
12.1778,1722
12.1806,1721
12.1833,1717
12.1861,1708
12.1889,1704
12.1917,1702
12.1944,1711
12.1972,1707
12.2000,1707
12.2028,1714
12.2056,1706
12.2083,1701
12.2111,1703
12.2139,1701
12.2167,1711
12.2194,1722
12.2222,1724
12.2250,1739
12.2278,1765
12.2306,1788
12.2333,1797
12.2361,1821
12.2389,1811
12.2417,1804
12.2444,1782
12.2472,1748
12.2500,1745
12.2528,1734
12.2556,1731
12.2583,1746
12.2611,1732
12.2639,1733
12.2667,1724
12.2694,1742
12.2722,1737
12.2750,1729
12.2778,1723
12.2806,1733
12.2833,1732
12.2861,1742
12.2889,1764
12.2917,1756
12.2944,1747
12.2972,1735
12.3000,1711
12.3028,1701
12.3056,1684
12.3083,1669
12.3111,1666
12.3139,1682
12.3167,1672
12.3194,1690
12.3222,1670
12.3250,1679
12.3278,1677
12.3306,1670
12.3333,1664
12.3361,1668
12.3389,1655
12.3417,1662
12.3444,1664
12.3472,1670
12.3500,1669
12.3528,1671
12.3556,1678
12.3583,1683
12.3611,1677
12.3639,1688
12.3667,1709
12.3694,1713
12.3722,1736
12.3750,1789
12.3778,1836
12.3806,1875
12.3833,1872
12.3861,1865
12.3889,1836
12.3917,1802
12.3944,1787
12.3972,1780
12.4000,1794
12.4028,1843
12.4056,1971
12.4083,2176
12.4111,2296
12.4139,2229
12.4167,2051
12.4194,1894
12.4222,1793
12.4250,1713
12.4278,1672
12.4306,1633
12.4333,1593
12.4361,1573
12.4389,1595
12.4417,1615
12.4444,1664
12.4472,1688
12.4500,1715
12.4528,1722
12.4556,1730
12.4583,1722
12.4611,1728
12.4639,1716
12.4667,1707
12.4694,1708
12.4722,1695
12.4750,1714
12.4778,1739
12.4806,1741
12.4833,1743
12.4861,1732
12.4889,1717
12.4917,1715
12.4944,1719
12.4972,1724
12.5000,1740
12.5028,1749
12.5056,1751
12.5083,1755
12.5111,1746
12.5139,1743
12.5167,1752
12.5194,1752
12.5222,1741
12.5250,1737
12.5278,1725
12.5306,1731
12.5333,1729
12.5361,1744
12.5389,1763
12.5417,1767
12.5444,1762
12.5472,1759
12.5500,1759
12.5528,1762
12.5556,1774
12.5583,1790
12.5611,1791
12.5639,1779
12.5667,1785
12.5694,1776
12.5722,1776
12.5750,1786
12.5778,1801
12.5806,1820
12.5833,1835
12.5861,1827
12.5889,1818
12.5917,1821
12.5944,1828
12.5972,1845
12.6000,1863
12.6028,1870
12.6056,1872
12.6083,1873
12.6111,1874
12.6139,1865
12.6167,1952
12.6194,1932
12.6222,1926
12.6250,1917
12.6278,1925
12.6306,1932
12.6333,1923
12.6361,1924
12.6389,1913
12.6417,1894
12.6444,1877
12.6472,1879
12.6500,1871
12.6528,1882
12.6556,1885
12.6583,1874
12.6611,1867
12.6639,1859
12.6667,1862
12.6694,1843
12.6722,1836
12.6750,1822
12.6778,1795
12.6806,1774
12.6833,1755
12.6861,1757
12.6889,1744
12.6917,1755
12.6944,1739
12.6972,1752
12.7000,1744
12.7028,1723
12.7056,1701
12.7083,1691
12.7111,1698
12.7139,1696
12.7167,1708
12.7194,1700
12.7222,1695
12.7250,1696
12.7278,1694
12.7306,1710
12.7333,1701
12.7361,1704
12.7389,1699
12.7417,1694
12.7444,1681
12.7472,1681
12.7500,1688
12.7528,1692
12.7556,1701
12.7583,1707
12.7611,1694
12.7639,1692
12.7667,1685
12.7694,1678
12.7722,1693
12.7750,1694
12.7778,1703
12.7806,1694
12.7833,1700
12.7861,1700
12.7889,1707
12.7917,1711
12.7944,1720
12.7972,1727
12.8000,1717
12.8028,1713
12.8056,1707
12.8083,1701
12.8111,1714
12.8139,1730
12.8167,1732
12.8194,1742
12.8222,1727
12.8250,1723
12.8278,1734
12.8306,1721
12.8333,1715
12.8361,1713
12.8389,1708
12.8417,1711
12.8444,1693
12.8472,1713
12.8500,1703
12.8528,1699
12.8556,1705
12.8583,1704
12.8611,1696
12.8639,1703
12.8667,1713
12.8694,1704
12.8722,1712
12.8750,1712
12.8778,1723
12.8806,1732
12.8833,1722
12.8861,1725
12.8889,1717
12.8917,1700
12.8944,1709
12.8972,1711
12.9000,1713
12.9028,1716
12.9056,1722
12.9083,1721
12.9111,1710
12.9139,1707
12.9167,1708
12.9194,1711
12.9222,1678
12.9250,1684
12.9278,1692
12.9306,1684
12.9333,1697
12.9361,1692
12.9389,1696
12.9417,1689
12.9444,1686
12.9472,1692
12.9500,1689
12.9528,1694
12.9556,1691
12.9583,1688
12.9611,1686
12.9639,1681
12.9667,1691
12.9694,1690
12.9722,1710
12.9750,1720
12.9778,1714
12.9806,1715
12.9833,1704
12.9861,1695
12.9889,1700
12.9917,1711
12.9944,1712
12.9972,1721
13.0000,1717
13.0028,1722
13.0056,1721
13.0083,1725
13.0111,1716
13.0139,1711
13.0167,1716
13.0194,1715
13.0222,1711
13.0250,1707
13.0278,1715
13.0306,1746
13.0333,1752
13.0361,1776
13.0389,1802
13.0417,1802
13.0444,1802
13.0472,1809
13.0500,1808
13.0528,1783
13.0556,1780
13.0583,1767
13.0611,1747
13.0639,1740
13.0667,1747
13.0694,1759
13.0722,1755
13.0750,1756
13.0778,1755
13.0806,1749
13.0833,1733
13.0861,1724
13.0889,1733
13.0917,1740
13.0944,1747
13.0972,1763
13.1000,1764
13.1028,1759
13.1056,1750
13.1083,1745
13.1111,1730
13.1139,1698
13.1167,1680
13.1194,1686
13.1222,1671
13.1250,1665
13.1278,1670
13.1306,1667
13.1333,1659
13.1361,1658
13.1389,1665
13.1417,1662
13.1444,1665
13.1472,1662
13.1500,1670
13.1528,1660
13.1556,1661
13.1583,1666
13.1611,1669
13.1639,1672
13.1667,1670
13.1694,1678
13.1722,1673
13.1750,1685
13.1778,1681
13.1806,1679
13.1833,1717
13.1861,1774
13.1889,1819
13.1917,1842
13.1944,1841
13.1972,1822
13.2000,1781
13.2028,1742
13.2056,1719
13.2083,1697
13.2111,1692
13.2139,1761
13.2167,1895
13.2194,2107
13.2222,2208
13.2250,2133
13.2278,1977
13.2306,1835
13.2333,1747
13.2361,1707
13.2389,1653
13.2417,1597
13.2444,1565
13.2472,1514
13.2500,1493
13.2528,1508
13.2556,1549
13.2583,1596
13.2611,1631
13.2639,1642
13.2667,1659
13.2694,1665
13.2722,1671
13.2750,1659
13.2778,1648
13.2806,1638
13.2833,1633
13.2861,1648
13.2889,1669
13.2917,1673
13.2944,1667
13.2972,1676
13.3000,1676
13.3028,1671
13.3056,1681
13.3083,1686
13.3111,1687
13.3139,1682
13.3167,1682
13.3194,1669
13.3222,1674
13.3250,1679
13.3278,1698
13.3306,1701
13.3333,1685
13.3361,1670
13.3389,1663
13.3417,1654
13.3444,1661
13.3472,1687
13.3500,1699
13.3528,1700
13.3556,1690
13.3583,1689
13.3611,1676
13.3639,1672
13.3667,1686
13.3694,1704
13.3722,1697
13.3750,1704
13.3778,1714
13.3806,1695
13.3833,1702
13.3861,1708
13.3889,1720
13.3917,1725
13.3944,1723
13.3972,1740
13.4000,1726
13.4028,1744
13.4056,1748
13.4083,1764
13.4111,1764
13.4139,1860
13.4167,1822
13.4194,1811
13.4222,1804
13.4250,1823
13.4278,1844
13.4306,1861
13.4333,1849
13.4361,1852
13.4389,1822
13.4417,1810
13.4444,1820
13.4472,1826
13.4500,1830
13.4528,1830
13.4556,1810
13.4583,1805
13.4611,1790
13.4639,1775
13.4667,1793
13.4694,1785
13.4722,1787
13.4750,1777
13.4778,1775
13.4806,1737
13.4833,1722
13.4861,1717
13.4889,1709
13.4917,1699
13.4944,1699
13.4972,1691
13.5000,1671
13.5028,1664
13.5056,1662
13.5083,1657
13.5111,1651
13.5139,1639
13.5167,1619
13.5194,1594
13.5222,1586
13.5250,1595
13.5278,1615
13.5306,1611
13.5333,1602
13.5361,1599
13.5389,1603
13.5417,1594
13.5444,1603
13.5472,1592
13.5500,1596
13.5528,1587
13.5556,1595
13.5583,1591
13.5611,1585
13.5639,1591
13.5667,1581
13.5694,1598
13.5722,1618
13.5750,1621
13.5778,1611
13.5806,1588
13.5833,1579
13.5861,1582
13.5889,1586
13.5917,1607
13.5944,1622
13.5972,1621
13.6000,1622
13.6028,1598
13.6056,1594
13.6083,1601
13.6111,1599
13.6139,1602
13.6167,1611
13.6194,1610
13.6222,1612
13.6250,1627
13.6278,1636
13.6306,1648
13.6333,1641
13.6361,1634
13.6389,1610
13.6417,1601
13.6444,1593
13.6472,1596
13.6500,1588
13.6528,1595
13.6556,1600
13.6583,1613
13.6611,1608
13.6639,1615
13.6667,1611
13.6694,1624
13.6722,1630
13.6750,1624
13.6778,1635
13.6806,1634
13.6833,1627
13.6861,1636
13.6889,1650
13.6917,1653
13.6944,1649
13.6972,1637
13.7000,1616
13.7028,1608
13.7056,1610
13.7083,1605
13.7111,1621
13.7139,1627
13.7167,1634
13.7194,1642
13.7222,1643
13.7250,1650
13.7278,1662
13.7306,1658
13.7333,1655
13.7361,1663
13.7389,1641
13.7417,1638
13.7444,1649
13.7472,1657
13.7500,1664
13.7528,1663
13.7556,1655
13.7583,1660
13.7611,1657
13.7639,1652
13.7667,1665
13.7694,1662
13.7722,1648
13.7750,1655
13.7778,1655
13.7806,1658
13.7833,1651
13.7861,1664
13.7889,1666
13.7917,1676
13.7944,1672
13.7972,1682
13.8000,1671
13.8028,1667
13.8056,1668
13.8083,1673
13.8111,1692
13.8139,1703
13.8167,1720
13.8194,1730
13.8222,1724
13.8250,1742
13.8278,1735
13.8306,1740
13.8333,1739
13.8361,1734
13.8389,1717
13.8417,1678
13.8444,1673
13.8472,1679
13.8500,1692
13.8528,1700
13.8556,1712
13.8583,1719
13.8611,1715
13.8639,1708
13.8667,1694
13.8694,1676
13.8722,1681
13.8750,1689
13.8778,1705
13.8806,1702
13.8833,1704
13.8861,1696
13.8889,1672
13.8917,1666
13.8944,1658
13.8972,1649
13.9000,1642
13.9028,1635
13.9056,1649
13.9083,1652
13.9111,1637
13.9139,1630
13.9167,1644
13.9194,1643
13.9222,1647
13.9250,1652
13.9278,1651
13.9306,1643
13.9333,1635
13.9361,1645
13.9389,1629
13.9417,1628
13.9444,1639
13.9472,1646
13.9500,1658
13.9528,1651
13.9556,1648
13.9583,1652
13.9611,1646
13.9639,1694
13.9667,1749
13.9694,1793
13.9722,1817
13.9750,1814
13.9778,1788
13.9806,1747
13.9833,1719
13.9861,1711
13.9889,1701
13.9917,1711
13.9944,1775
13.9972,1922
14.0000,2124
14.0028,2218
14.0056,2148
14.0083,1997
14.0111,1867
14.0139,1779
14.0167,1723
14.0194,1663
14.0222,1616
14.0250,1579
14.0278,1518
14.0306,1488
14.0333,1484
14.0361,1512
14.0389,1568
14.0417,1614
14.0444,1645
14.0472,1672
14.0500,1687
14.0528,1689
14.0556,1683
14.0583,1667
14.0611,1643
14.0639,1656
14.0667,1672
14.0694,1698
14.0722,1711
14.0750,1732
14.0778,1717
14.0806,1716
14.0833,1703
14.0861,1705
14.0889,1713
14.0917,1711
14.0944,1703
14.0972,1709
14.1000,1712
14.1028,1704
14.1056,1719
14.1083,1729
14.1111,1746
14.1139,1756
14.1167,1759
14.1194,1739
14.1222,1734
14.1250,1748
14.1278,1757
14.1306,1768
14.1333,1772
14.1361,1775
14.1389,1774
14.1417,1768
14.1444,1780
14.1472,1786
14.1500,1800
14.1528,1809
14.1556,1808
14.1583,1807
14.1611,1785
14.1639,1803
14.1667,1799
14.1694,1815
14.1722,1824
14.1750,1818
14.1778,1829
14.1806,1820
14.1833,1833
14.1861,1850
14.1889,1869
14.1917,1881
14.1944,1989
14.1972,1960
14.2000,1939
14.2028,1944
14.2056,1959
14.2083,1972
14.2111,1979
14.2139,1965
14.2167,1965
14.2194,1945
14.2222,1941
14.2250,1939
14.2278,1950
14.2306,1964
14.2333,1957
14.2361,1958
14.2389,1943
14.2417,1924
14.2444,1914
14.2472,1921
14.2500,1917
14.2528,1923
14.2556,1922
14.2583,1900
14.2611,1877
14.2639,1861
14.2667,1850
14.2694,1855
14.2722,1845
14.2750,1831
14.2778,1805
14.2806,1794
14.2833,1779
14.2861,1782
14.2889,1791
14.2917,1793
14.2944,1794
14.2972,1784
14.3000,1764
14.3028,1753
14.3056,1765
14.3083,1767
14.3111,1766
14.3139,1757
14.3167,1747
14.3194,1729
14.3222,1721
14.3250,1739
14.3278,1745
14.3306,1757
14.3333,1764
14.3361,1767
14.3389,1748
14.3417,1745
14.3444,1735
14.3472,1736
14.3500,1741
14.3528,1751
14.3556,1758
14.3583,1750
14.3611,1732
14.3639,1741
14.3667,1752
14.3694,1769
14.3722,1769
14.3750,1763
14.3778,1763
14.3806,1746
14.3833,1730
14.3861,1736
14.3889,1744
14.3917,1737
14.3944,1754
14.3972,1750
14.4000,1745
14.4028,1748
14.4056,1761
14.4083,1765
14.4111,1774
14.4139,1772
14.4167,1775
14.4194,1774
14.4222,1755
14.4250,1767
14.4278,1762
14.4306,1756
14.4333,1765
14.4361,1754
14.4389,1746
14.4417,1750
14.4444,1751
14.4472,1754
14.4500,1750
14.4528,1764
14.4556,1755
14.4583,1764
14.4611,1755
14.4639,1773
14.4667,1773
14.4694,1766
14.4722,1758
14.4750,1756
14.4778,1747
14.4806,1733
14.4833,1747
14.4861,1749
14.4889,1759
14.4917,1762
14.4944,1758
14.4972,1769
14.5000,1753
14.5028,1756
14.5056,1757
14.5083,1761
14.5111,1772
14.5139,1777
14.5167,1766
14.5194,1749
14.5222,1735
14.5250,1739
14.5278,1751
14.5306,1759
14.5333,1769
14.5361,1754
14.5389,1754
14.5417,1752
14.5444,1764
14.5472,1775
14.5500,1786
14.5528,1785
14.5556,1781
14.5583,1755
14.5611,1747
14.5639,1750
14.5667,1746
14.5694,1755
14.5722,1760
14.5750,1758
14.5778,1764
14.5806,1752
14.5833,1750
14.5861,1762
14.5889,1758
14.5917,1769
14.5944,1769
14.5972,1781
14.6000,1762
14.6028,1777
14.6056,1770
14.6083,1770
14.6111,1782
14.6139,1799
14.6167,1817
14.6194,1831
14.6222,1846
14.6250,1868
14.6278,1887
14.6306,1888
14.6333,1888
14.6361,1865
14.6389,1849
14.6417,1814
14.6444,1802
14.6472,1808
14.6500,1795
14.6528,1805
14.6556,1813
14.6583,1813
14.6611,1813
14.6639,1815
14.6667,1811
14.6694,1795
14.6722,1789
14.6750,1793
14.6778,1807
14.6806,1815
14.6833,1820
14.6861,1815
14.6889,1809
14.6917,1801
14.6944,1791
14.6972,1773
14.7000,1745
14.7028,1739
14.7056,1744
14.7083,1738
14.7111,1733
14.7139,1725
14.7167,1716
14.7194,1707
14.7222,1712
14.7250,1711
14.7278,1695
14.7306,1713
14.7333,1709
14.7361,1719
14.7389,1717
14.7417,1710
14.7444,1723
14.7472,1722
14.7500,1713
14.7528,1708
14.7556,1713
14.7583,1716
14.7611,1723
14.7639,1741
14.7667,1775
14.7694,1840
14.7722,1890
14.7750,1938
14.7778,1939
14.7806,1921
14.7833,1886
14.7861,1862
14.7889,1853
14.7917,1843
14.7944,1877
14.7972,1948
14.8000,2091
14.8028,2284
14.8056,2368
14.8083,2263
14.8111,2067
14.8139,1891
14.8167,1780
14.8194,1729
14.8222,1696
14.8250,1664
14.8278,1631
14.8306,1610
14.8333,1627
14.8361,1661
14.8389,1686
14.8417,1715
14.8444,1737
14.8472,1743
14.8500,1746
14.8528,1747
14.8556,1748
14.8583,1734
14.8611,1722
14.8639,1716
14.8667,1722
14.8694,1740
14.8722,1738
14.8750,1753
14.8778,1751
14.8806,1740
14.8833,1743
14.8861,1747
14.8889,1752
14.8917,1752
14.8944,1761
14.8972,1765
14.9000,1751
14.9028,1744
14.9056,1739
14.9083,1730
14.9111,1753
14.9139,1775
14.9167,1770
14.9194,1769
14.9222,1757
14.9250,1754
14.9278,1753
14.9306,1749
14.9333,1761
14.9361,1773
14.9389,1764
14.9417,1763
14.9444,1763
14.9472,1762
14.9500,1780
14.9528,1782
14.9556,1794
14.9583,1788
14.9611,1787
14.9639,1789
14.9667,1794
14.9694,1807
14.9722,1810
14.9750,1813
14.9778,1821
14.9806,1813
14.9833,1819
14.9861,1832
14.9889,1857
14.9917,1870
14.9944,1877
14.9972,1910
15.0000,1922
15.0028,1912
15.0056,1916
15.0083,1920
15.0111,1939
15.0139,1939
15.0167,1929
15.0194,1909
15.0222,1890
15.0250,1900
15.0278,1891
15.0306,1906
15.0333,1928
15.0361,1905
15.0389,1880
15.0417,1874
15.0444,1868
15.0472,1863
15.0500,1865
15.0528,1872
15.0556,1860
15.0583,1832
15.0611,1813
15.0639,1801
15.0667,1796
15.0694,1787
15.0722,1799
15.0750,1780
15.0778,1769
15.0806,1742
15.0833,1729
15.0861,1721
15.0889,1718
15.0917,1728
15.0944,1712
15.0972,1702
15.1000,1693
15.1028,1677
15.1056,1676
15.1083,1679
15.1111,1682
15.1139,1679
15.1167,1682
15.1194,1671
15.1222,1667
15.1250,1665
15.1278,1671
15.1306,1687
15.1333,1690
15.1361,1680
15.1389,1673
15.1417,1669
15.1444,1678
15.1472,1687
15.1500,1692
15.1528,1693
15.1556,1689
15.1583,1678
15.1611,1660
15.1639,1678
15.1667,1682
15.1694,1680
15.1722,1693
15.1750,1694
15.1778,1693
15.1806,1676
15.1833,1686
15.1861,1677
15.1889,1693
15.1917,1702
15.1944,1707
15.1972,1699
15.2000,1692
15.2028,1707
15.2056,1708
15.2083,1712
15.2111,1721
15.2139,1714
15.2167,1705
15.2194,1696
15.2222,1681
15.2250,1686
15.2278,1687
15.2306,1695
15.2333,1702
15.2361,1710
15.2389,1696
15.2417,1706
15.2444,1711
15.2472,1736
15.2500,1723
15.2528,1732
15.2556,1716
15.2583,1702
15.2611,1680
15.2639,1676
15.2667,1688
15.2694,1697
15.2722,1697
15.2750,1697
15.2778,1697
15.2806,1691
15.2833,1713
15.2861,1705
15.2889,1707
15.2917,1696
15.2944,1703
15.2972,1683
15.3000,1682
15.3028,1680
15.3056,1685
15.3083,1682
15.3111,1687
15.3139,1695
15.3167,1683
15.3194,1680
15.3222,1689
15.3250,1692
15.3278,1692
15.3306,1697
15.3333,1715
15.3361,1705
15.3389,1700
15.3417,1696
15.3444,1705
15.3472,1697
15.3500,1679
15.3528,1697
15.3556,1700
15.3583,1688
15.3611,1698
15.3639,1690
15.3667,1697
15.3694,1700
15.3722,1701
15.3750,1708
15.3778,1710
15.3806,1701
15.3833,1710
15.3861,1719
15.3889,1706
15.3917,1712
15.3944,1716
15.3972,1710
15.4000,1715
15.4028,1725
15.4056,1748
15.4083,1755
15.4111,1774
15.4139,1800
15.4167,1793
15.4194,1815
15.4222,1802
15.4250,1804
15.4278,1769
15.4306,1765
15.4333,1762
15.4361,1769
15.4389,1767
15.4417,1775
15.4444,1783
15.4472,1785
15.4500,1774
15.4528,1786
15.4556,1786
15.4583,1765
15.4611,1762
15.4639,1766
15.4667,1784
15.4694,1786
15.4722,1796
15.4750,1786
15.4778,1766
15.4806,1750
15.4833,1742
15.4861,1718
15.4889,1707
15.4917,1695
15.4944,1691
15.4972,1685
15.5000,1669
15.5028,1675
15.5056,1678
15.5083,1675
15.5111,1684
15.5139,1687
15.5167,1678
15.5194,1682
15.5222,1680
15.5250,1692
15.5278,1680
15.5306,1681
15.5333,1692
15.5361,1696
15.5389,1687
15.5417,1695
15.5444,1698
15.5472,1698
15.5500,1700
15.5528,1705
15.5556,1721
15.5583,1732
15.5611,1769
15.5639,1835
15.5667,1885
15.5694,1912
15.5722,1923
15.5750,1883
15.5778,1841
15.5806,1798
15.5833,1786
15.5861,1788
15.5889,1815
15.5917,1917
15.5944,2103
15.5972,2279
15.6000,2282
15.6028,2139
15.6056,1965
15.6083,1830
15.6111,1757
15.6139,1717
15.6167,1673
15.6194,1645
15.6222,1594
15.6250,1590
15.6278,1601
15.6306,1643
15.6333,1673
15.6361,1696
15.6389,1697
15.6417,1714
15.6444,1718
15.6472,1718
15.6500,1716
15.6528,1713
15.6556,1709
15.6583,1704
15.6611,1716
15.6639,1720
15.6667,1732
15.6694,1720
15.6722,1711
15.6750,1707
15.6778,1696
15.6806,1695
15.6833,1697
15.6861,1715
15.6889,1723
15.6917,1716
15.6944,1723
15.6972,1716
15.7000,1707
15.7028,1719
15.7056,1728
15.7083,1727
15.7111,1722
15.7139,1734
15.7167,1727
15.7194,1720
15.7222,1733
15.7250,1736
15.7278,1746
15.7306,1728
15.7333,1728
15.7361,1721
15.7389,1698
15.7417,1718
15.7444,1725
15.7472,1735
15.7500,1726
15.7528,1731
15.7556,1740
15.7583,1733
15.7611,1744
15.7639,1767
15.7667,1784
15.7694,1781
15.7722,1793
15.7750,1789
15.7778,1780
15.7806,1776
15.7833,1787
15.7861,1792
15.7889,1922
15.7917,1904
15.7944,1909
15.7972,1887
15.8000,1894
15.8028,1908
15.8056,1921
15.8083,1928
15.8111,1931
15.8139,1923
15.8167,1887
15.8194,1873
15.8222,1875
15.8250,1900
15.8278,1907
15.8306,1916
15.8333,1912
15.8361,1910
15.8389,1875
15.8417,1874
15.8444,1857
15.8472,1850
15.8500,1854
15.8528,1841
15.8556,1835
15.8583,1833
15.8611,1819
15.8639,1809
15.8667,1811
15.8694,1783
15.8722,1769
15.8750,1748
15.8778,1730
15.8806,1727
15.8833,1738
15.8861,1747
15.8889,1753
15.8917,1756
15.8944,1734
15.8972,1716
15.9000,1716
15.9028,1724
15.9056,1725
15.9083,1716
15.9111,1712
15.9139,1701
15.9167,1683
15.9194,1674
15.9222,1690
15.9250,1698
15.9278,1702
15.9306,1700
15.9333,1708
15.9361,1692
15.9389,1688
15.9417,1690
15.9444,1708
15.9472,1701
15.9500,1717
15.9528,1720
15.9556,1710
15.9583,1705
15.9611,1707
15.9639,1701
15.9667,1705
15.9694,1710
15.9722,1727
15.9750,1722
15.9778,1730
15.9806,1738
15.9833,1715
15.9861,1717
15.9889,1708
15.9917,1715
15.9944,1724
15.9972,1715
16.0000,1719
16.0028,1720
16.0056,1720
16.0083,1714
16.0111,1721
16.0139,1723
16.0167,1713
16.0194,1708
16.0222,1706
16.0250,1703
16.0278,1689
16.0306,1699
16.0333,1694
16.0361,1700
16.0389,1706
16.0417,1715
16.0444,1729
16.0472,1734
16.0500,1718
16.0528,1708
16.0556,1684
16.0583,1681
16.0611,1684
16.0639,1682
16.0667,1693
16.0694,1687
16.0722,1691
16.0750,1680
16.0778,1661
16.0806,1660
16.0833,1662
16.0861,1677
16.0889,1687
16.0917,1686
16.0944,1682
16.0972,1685
16.1000,1678
16.1028,1702
16.1056,1707
16.1083,1700
16.1111,1691
16.1139,1677
16.1167,1663
16.1194,1650
16.1222,1654
16.1250,1658
16.1278,1677
16.1306,1687
16.1333,1693
16.1361,1691
16.1389,1691
16.1417,1691
16.1444,1690
16.1472,1690
16.1500,1693
16.1528,1688
16.1556,1682
16.1583,1663
16.1611,1671
16.1639,1669
16.1667,1679
16.1694,1671
16.1722,1666
16.1750,1673
16.1778,1661
16.1806,1647
16.1833,1668
16.1861,1685
16.1889,1702
16.1917,1721
16.1944,1740
16.1972,1736
16.2000,1741
16.2028,1762
16.2056,1761
16.2083,1759
16.2111,1759
16.2139,1752
16.2167,1742
16.2194,1709
16.2222,1707
16.2250,1726
16.2278,1716
16.2306,1717
16.2333,1729
16.2361,1723
16.2389,1703
16.2417,1687
16.2444,1674
16.2472,1666
16.2500,1665
16.2528,1681
16.2556,1683
16.2583,1700
16.2611,1699
16.2639,1686
16.2667,1677
16.2694,1665
16.2722,1673
16.2750,1672
16.2778,1639
16.2806,1640
16.2833,1647
16.2861,1647
16.2889,1634
16.2917,1627
16.2944,1615
16.2972,1622
16.3000,1608
16.3028,1618
16.3056,1620
16.3083,1610
16.3111,1613
16.3139,1613
16.3167,1621
16.3194,1617
16.3222,1628
16.3250,1631
16.3278,1629
16.3306,1635
16.3333,1640
16.3361,1640
16.3389,1636
16.3417,1687
16.3444,1742
16.3472,1797
16.3500,1821
16.3528,1816
16.3556,1796
16.3583,1750
16.3611,1708
16.3639,1686
16.3667,1665
16.3694,1679
16.3722,1736
16.3750,1838
16.3778,2043
16.3806,2181
16.3833,2129
16.3861,1963
16.3889,1832
16.3917,1750
16.3944,1703
16.3972,1649
16.4000,1605
16.4028,1571
16.4056,1543
16.4083,1506
16.4111,1503
16.4139,1523
16.4167,1544
16.4194,1582
16.4222,1600
16.4250,1615
16.4278,1629
16.4306,1639
16.4333,1632
16.4361,1618
16.4389,1628
16.4417,1622
16.4444,1645
16.4472,1648
16.4500,1649
16.4528,1648
16.4556,1652
16.4583,1652
16.4611,1663
16.4639,1674
16.4667,1673
16.4694,1670
16.4722,1676
16.4750,1655
16.4778,1643
16.4806,1634
16.4833,1641
16.4861,1653
16.4889,1666
16.4917,1679
16.4944,1693
16.4972,1696
16.5000,1686
16.5028,1678
16.5056,1674
16.5083,1678
16.5111,1682
16.5139,1678
16.5167,1673
16.5194,1669
16.5222,1661
16.5250,1680
16.5278,1678
16.5306,1690
16.5333,1698
16.5361,1705
16.5389,1706
16.5417,1716
16.5444,1721
16.5472,1725
16.5500,1741
16.5528,1731
16.5556,1717
16.5583,1717
16.5611,1728
16.5639,1740
16.5667,1755
16.5694,1774
16.5722,1848
16.5750,1831
16.5778,1828
16.5806,1821
16.5833,1827
16.5861,1831
16.5889,1830
16.5917,1830
16.5944,1808
16.5972,1798
16.6000,1795
16.6028,1812
16.6056,1819
16.6083,1831
16.6111,1821
16.6139,1802
16.6167,1766
16.6194,1763
16.6222,1765
16.6250,1786
16.6278,1798
16.6306,1783
16.6333,1772
16.6361,1728
16.6389,1707
16.6417,1702
16.6444,1691
16.6472,1693
16.6500,1704
16.6528,1690
16.6556,1669
16.6583,1651
16.6611,1635
16.6639,1632
16.6667,1640
16.6694,1654
16.6722,1634
16.6750,1617
16.6778,1594
16.6806,1583
16.6833,1581
16.6861,1600
16.6889,1579
16.6917,1589
16.6944,1576
16.6972,1572
16.7000,1570
16.7028,1591
16.7056,1600
16.7083,1595
16.7111,1606
16.7139,1593
16.7167,1581
16.7194,1579
16.7222,1565
16.7250,1579
16.7278,1586
16.7306,1614
16.7333,1623
16.7361,1609
16.7389,1599
16.7417,1583
16.7444,1580
16.7472,1594
16.7500,1592
16.7528,1610
16.7556,1600
16.7583,1596
16.7611,1595
16.7639,1599
16.7667,1618
16.7694,1622
16.7722,1605
16.7750,1606
16.7778,1599
16.7806,1612
16.7833,1609
16.7861,1598
16.7889,1586
16.7917,1581
16.7944,1575
16.7972,1574
16.8000,1597
16.8028,1604
16.8056,1625
16.8083,1634
16.8111,1631
16.8139,1599
16.8167,1593
16.8194,1588
16.8222,1591
16.8250,1592
16.8278,1612
16.8306,1619
16.8333,1600
16.8361,1606
16.8389,1608
16.8417,1618
16.8444,1631
16.8472,1633
16.8500,1635
16.8528,1623
16.8556,1614
16.8583,1593
16.8611,1605
16.8639,1610
16.8667,1616
16.8694,1623
16.8722,1631
16.8750,1616
16.8778,1606
16.8806,1605
16.8833,1618
16.8861,1613
16.8889,1624
16.8917,1627
16.8944,1614
16.8972,1611
16.9000,1613
16.9028,1612
16.9056,1616
16.9083,1626
16.9111,1630
16.9139,1639
16.9167,1626
16.9194,1620
16.9222,1629
16.9250,1610
16.9278,1621
16.9306,1624
16.9333,1630
16.9361,1632
16.9389,1632
16.9417,1623
16.9444,1634
16.9472,1628
16.9500,1635
16.9528,1633
16.9556,1636
16.9583,1637
16.9611,1651
16.9639,1657
16.9667,1669
16.9694,1694
16.9722,1709
16.9750,1708
16.9778,1719
16.9806,1723
16.9833,1714
16.9861,1724
16.9889,1706
16.9917,1690
16.9944,1661
16.9972,1650
17.0000,1662
17.0028,1675
17.0056,1695
17.0083,1705
17.0111,1716
17.0139,1700
17.0167,1693
17.0194,1671
17.0222,1655
17.0250,1661
17.0278,1667
17.0306,1693
17.0333,1714
17.0361,1692
17.0389,1669
17.0417,1648
17.0444,1629
17.0472,1624
17.0500,1616
17.0528,1623
17.0556,1613
17.0583,1625
17.0611,1635
17.0639,1642
17.0667,1633
17.0694,1635
17.0722,1629
17.0750,1608
17.0778,1626
17.0806,1621
17.0833,1623
17.0861,1631
17.0889,1612
17.0917,1625
17.0944,1619
17.0972,1623
17.1000,1630
17.1028,1626
17.1056,1632
17.1083,1635
17.1111,1653
17.1139,1668
17.1167,1680
17.1194,1738
17.1222,1793
17.1250,1811
17.1278,1811
17.1306,1796
17.1333,1761
17.1361,1721
17.1389,1708
17.1417,1706
17.1444,1726
17.1472,1791
17.1500,1928
17.1528,2121
17.1556,2225
17.1583,2141
17.1611,1985
17.1639,1839
17.1667,1764
17.1694,1719
17.1722,1670
17.1750,1615
17.1778,1582
17.1806,1533
17.1833,1485
17.1861,1473
17.1889,1498
17.1917,1536
17.1944,1593
17.1972,1639
17.2000,1653
17.2028,1671
17.2056,1679
17.2083,1677
17.2111,1672
17.2139,1664
17.2167,1660
17.2194,1675
17.2222,1681
17.2250,1694
17.2278,1686
17.2306,1687
17.2333,1685
17.2361,1665
17.2389,1685
17.2417,1702
17.2444,1711
17.2472,1726
17.2500,1716
17.2528,1704
17.2556,1700
17.2583,1712
17.2611,1710
17.2639,1721
17.2667,1734
17.2694,1731
17.2722,1722
17.2750,1730
17.2778,1743
17.2806,1736
17.2833,1763
17.2861,1767
17.2889,1759
17.2917,1754
17.2944,1739
17.2972,1750
17.3000,1747
17.3028,1761
17.3056,1766
17.3083,1775
17.3111,1778
17.3139,1794
17.3167,1786
17.3194,1782
17.3222,1792
17.3250,1790
17.3278,1784
17.3306,1772
17.3333,1777
17.3361,1781
17.3389,1795
17.3417,1822
17.3444,1836
17.3472,1992
17.3500,1968
17.3528,1953
17.3556,1946
17.3583,1944
17.3611,1949
17.3639,1963
17.3667,1957
17.3694,1954
17.3722,1950
17.3750,1927
17.3778,1929
17.3806,1943
17.3833,1959
17.3861,1964
17.3889,1961
17.3917,1952
17.3944,1941
17.3972,1937
17.4000,1935
17.4028,1935
17.4056,1910
17.4083,1895
17.4111,1885
17.4139,1869
17.4167,1847
17.4194,1851
17.4222,1857
17.4250,1857
17.4278,1854
17.4306,1841
17.4333,1833
17.4361,1806
17.4389,1813
17.4417,1815
17.4444,1803
17.4472,1796
17.4500,1789
17.4528,1772
17.4556,1760
17.4583,1760
17.4611,1774
17.4639,1779
17.4667,1773
17.4694,1775
17.4722,1764
17.4750,1747
17.4778,1751
17.4806,1759
17.4833,1768
17.4861,1777
17.4889,1780
17.4917,1776
17.4944,1766
17.4972,1759
17.5000,1766
17.5028,1769
17.5056,1767
17.5083,1774
17.5111,1772
17.5139,1759
17.5167,1762
17.5194,1779
17.5222,1786
17.5250,1777
17.5278,1795
17.5306,1784
17.5333,1776
17.5361,1762
17.5389,1781
17.5417,1790
17.5444,1796
17.5472,1787
17.5500,1788
17.5528,1778
17.5556,1768
17.5583,1760
17.5611,1780
17.5639,1773
17.5667,1767
17.5694,1783
17.5722,1769
17.5750,1765
17.5778,1762
17.5806,1771
17.5833,1776
17.5861,1777
17.5889,1787
17.5917,1776
17.5944,1777
17.5972,1761
17.6000,1764
17.6028,1768
17.6056,1775
17.6083,1778
17.6111,1785
17.6139,1778
17.6167,1765
17.6194,1771
17.6222,1782
17.6250,1770
17.6278,1768
17.6306,1778
17.6333,1767
17.6361,1771
17.6389,1772
17.6417,1779
17.6444,1794
17.6472,1806
17.6500,1804
17.6528,1801
17.6556,1790
17.6583,1781
17.6611,1774
17.6639,1786
17.6667,1781
17.6694,1774
17.6722,1769
17.6750,1767
17.6778,1767
17.6806,1766
17.6833,1772
17.6861,1776
17.6889,1796
17.6917,1797
17.6944,1789
17.6972,1795
17.7000,1786
17.7028,1789
17.7056,1778
17.7083,1780
17.7111,1781
17.7139,1780
17.7167,1781
17.7194,1785
17.7222,1783
17.7250,1787
17.7278,1790
17.7306,1789
17.7333,1786
17.7361,1779
17.7389,1790
17.7417,1805
17.7444,1795
17.7472,1793
17.7500,1781
17.7528,1775
17.7556,1779
17.7583,1797
17.7611,1818
17.7639,1831
17.7667,1845
17.7694,1860
17.7722,1865
17.7750,1874
17.7778,1869
17.7806,1864
17.7833,1852
17.7861,1840
17.7889,1841
17.7917,1832
17.7944,1832
17.7972,1831
17.8000,1817
17.8028,1810
17.8056,1811
17.8083,1811
17.8111,1814
17.8139,1812
17.8167,1810
17.8194,1813
17.8222,1829
17.8250,1836
17.8278,1819
17.8306,1819
17.8333,1786
17.8361,1772
17.8389,1759
17.8417,1745
17.8444,1721
17.8472,1715
17.8500,1730
17.8528,1714
17.8556,1696
17.8583,1712
17.8611,1696
17.8639,1712
17.8667,1705
17.8694,1704
17.8722,1709
17.8750,1701
17.8778,1716
17.8806,1729
17.8833,1716
17.8861,1708
17.8889,1700
17.8917,1703
17.8944,1688
17.8972,1700
17.9000,1701
17.9028,1723
17.9056,1711
17.9083,1711
17.9111,1728
17.9139,1766
17.9167,1818
17.9194,1878
17.9222,1910
17.9250,1923
17.9278,1910
17.9306,1883
17.9333,1845
17.9361,1833
17.9389,1833
17.9417,1864
17.9444,1956
17.9472,2097
17.9500,2307
17.9528,2373
17.9556,2239
17.9583,2035
17.9611,1868
17.9639,1776
17.9667,1736
17.9694,1710
17.9722,1677
17.9750,1638
17.9778,1621
17.9806,1628
17.9833,1651
17.9861,1676
17.9889,1703
17.9917,1708
17.9944,1707
17.9972,1709
18.0000,1717
18.0028,1723
18.0056,1709
18.0083,1687
18.0111,1667
18.0139,1669
18.0167,1682
18.0194,1709
18.0222,1716
18.0250,1704
18.0278,1705
18.0306,1699
18.0333,1698
18.0361,1716
18.0389,1730
18.0417,1735
18.0444,1725
18.0472,1709
18.0500,1712
18.0528,1713
18.0556,1703
18.0583,1734
18.0611,1740
18.0639,1739
18.0667,1712
18.0694,1722
18.0722,1713
18.0750,1721
18.0778,1729
18.0806,1750
18.0833,1740
18.0861,1732
18.0889,1720
18.0917,1727
18.0944,1736
18.0972,1753
18.1000,1759
18.1028,1764
18.1056,1767
18.1083,1757
18.1111,1760
18.1139,1756
18.1167,1769
18.1194,1779
18.1222,1793
18.1250,1794
18.1278,1800
18.1306,1791
18.1333,1801
18.1361,1798
18.1389,1825
18.1417,1837
18.1444,1913
18.1472,1888
18.1500,1892
18.1528,1870
18.1556,1864
18.1583,1869
18.1611,1864
18.1639,1868
18.1667,1859
18.1694,1871
18.1722,1864
18.1750,1853
18.1778,1862
18.1806,1867
18.1833,1866
18.1861,1856
18.1889,1849
18.1917,1834
18.1944,1831
18.1972,1825
18.2000,1815
18.2028,1808
18.2056,1802
18.2083,1795
18.2111,1779
18.2139,1765
18.2167,1760
18.2194,1759
18.2222,1746
18.2250,1738
18.2278,1731
18.2306,1719
18.2333,1709
18.2361,1699
18.2389,1705
18.2417,1702
18.2444,1702
18.2472,1696
18.2500,1671
18.2528,1661
18.2556,1660
18.2583,1659
18.2611,1669
18.2639,1675
18.2667,1660
18.2694,1672
18.2722,1672
18.2750,1671
18.2778,1685
18.2806,1685
18.2833,1693
18.2861,1676
18.2889,1668
18.2917,1667
18.2944,1652
18.2972,1659
18.3000,1670
18.3028,1670
18.3056,1679
18.3083,1679
18.3111,1686
18.3139,1671
18.3167,1681
18.3194,1687
18.3222,1695
18.3250,1685
18.3278,1687
18.3306,1681
18.3333,1663
18.3361,1655
18.3389,1658
18.3417,1658
18.3444,1665
18.3472,1666
18.3500,1677
18.3528,1681
18.3556,1669
18.3583,1674
18.3611,1670
18.3639,1667
18.3667,1669
18.3694,1667
18.3722,1673
18.3750,1673
18.3778,1667
18.3806,1672
18.3833,1672
18.3861,1675
18.3889,1679
18.3917,1678
18.3944,1662
18.3972,1666
18.4000,1684
18.4028,1701
18.4056,1696
18.4083,1712
18.4111,1700
18.4139,1686
18.4167,1666
18.4194,1673
18.4222,1676
18.4250,1668
18.4278,1672
18.4306,1679
18.4333,1674
18.4361,1663
18.4389,1677
18.4417,1685
18.4444,1696
18.4472,1693
18.4500,1689
18.4528,1681
18.4556,1685
18.4583,1686
18.4611,1686
18.4639,1679
18.4667,1689
18.4694,1682
18.4722,1672
18.4750,1677
18.4778,1679
18.4806,1678
18.4833,1682
18.4861,1684
18.4889,1684
18.4917,1685
18.4944,1677
18.4972,1670
18.5000,1671
18.5028,1686
18.5056,1664
18.5083,1666
18.5111,1670
18.5139,1671
18.5167,1672
18.5194,1674
18.5222,1684
18.5250,1684
18.5278,1681
18.5306,1671
18.5333,1661
18.5361,1666
18.5389,1689
18.5417,1704
18.5444,1718
18.5472,1719
18.5500,1730
18.5528,1712
18.5556,1721
18.5583,1740
18.5611,1752
18.5639,1754
18.5667,1741
18.5694,1734
18.5722,1715
18.5750,1711
18.5778,1700
18.5806,1718
18.5833,1711
18.5861,1725
18.5889,1736
18.5917,1742
18.5944,1739
18.5972,1743
18.6000,1742
18.6028,1745
18.6056,1742
18.6083,1760
18.6111,1741
18.6139,1729
18.6167,1726
18.6194,1717
18.6222,1700
18.6250,1695
18.6278,1669
18.6306,1659
18.6333,1645
18.6361,1647
18.6389,1631
18.6417,1638
18.6444,1644
18.6472,1638
18.6500,1629
18.6528,1630
18.6556,1626
18.6583,1626
18.6611,1632
18.6639,1620
18.6667,1618
18.6694,1633
18.6722,1639
18.6750,1623
18.6778,1628
18.6806,1639
18.6833,1631
18.6861,1624
18.6889,1645
18.6917,1656
18.6944,1655
18.6972,1670
18.7000,1682
18.7028,1704
18.7056,1729
18.7083,1766
18.7111,1810
18.7139,1826
18.7167,1826
18.7194,1802
18.7222,1767
18.7250,1739
18.7278,1732
18.7306,1731
18.7333,1772
18.7361,1893
18.7389,2091
18.7417,2224
18.7444,2171
18.7472,1981
18.7500,1802
18.7528,1692
18.7556,1642
18.7583,1604
18.7611,1581
18.7639,1547
18.7667,1505
18.7694,1511
18.7722,1540
18.7750,1572
18.7778,1623
18.7806,1645
18.7833,1660
18.7861,1675
18.7889,1676
18.7917,1687
18.7944,1668
18.7972,1663
18.8000,1663
18.8028,1679
18.8056,1682
18.8083,1687
18.8111,1701
18.8139,1681
18.8167,1675
18.8194,1661
18.8222,1665
18.8250,1672
18.8278,1684
18.8306,1707
18.8333,1701
18.8361,1702
18.8389,1706
18.8417,1702
18.8444,1705
18.8472,1722
18.8500,1732
18.8528,1738
18.8556,1720
18.8583,1715
18.8611,1709
18.8639,1711
18.8667,1719
18.8694,1746
18.8722,1753
18.8750,1739
18.8778,1725
18.8806,1726
18.8833,1723
18.8861,1732
18.8889,1762
18.8917,1769
18.8944,1770
18.8972,1757
18.9000,1762
18.9028,1743
18.9056,1754
18.9083,1748
18.9111,1771
18.9139,1780
18.9167,1779
18.9194,1777
18.9222,1781
18.9250,1794
18.9278,1812
18.9306,1840
18.9333,1881
18.9361,1882
18.9389,1883
18.9417,1867
18.9444,1876
18.9472,1886
18.9500,1885
18.9528,1867
18.9556,1861
18.9583,1855
18.9611,1857
18.9639,1852
18.9667,1876
18.9694,1864
18.9722,1848
18.9750,1832
18.9778,1827
18.9806,1819
18.9833,1813
18.9861,1818
18.9889,1817
18.9917,1810
18.9944,1779
18.9972,1764
19.0000,1760
19.0028,1756
19.0056,1743
19.0083,1757
19.0111,1738
19.0139,1714
19.0167,1706
19.0194,1705
19.0222,1694
19.0250,1680
19.0278,1671
19.0306,1657
19.0333,1648
19.0361,1641
19.0389,1647
19.0417,1643
19.0444,1658
19.0472,1654
19.0500,1653
19.0528,1641
19.0556,1630
19.0583,1610
19.0611,1617
19.0639,1622
19.0667,1617
19.0694,1627
19.0722,1630
19.0750,1628
19.0778,1629
19.0806,1632
19.0833,1630
19.0861,1639
19.0889,1646
19.0917,1637
19.0944,1632
19.0972,1635
19.1000,1632
19.1028,1648
19.1056,1660
19.1083,1669
19.1111,1654
19.1139,1641
19.1167,1645
19.1194,1656
19.1222,1646
19.1250,1649
19.1278,1663
19.1306,1671
19.1333,1677
19.1361,1669
19.1389,1657
19.1417,1668
19.1444,1657
19.1472,1661
19.1500,1663
19.1528,1656
19.1556,1654
19.1583,1656
19.1611,1657
19.1639,1656
19.1667,1668
19.1694,1673
19.1722,1664
19.1750,1666
19.1778,1654
19.1806,1665
19.1833,1655
19.1861,1671
19.1889,1664
19.1917,1674
19.1944,1672
19.1972,1664
19.2000,1659
19.2028,1657
19.2056,1655
19.2083,1666
19.2111,1665
19.2139,1661
19.2167,1672
19.2194,1672
19.2222,1672
19.2250,1667
19.2278,1673
19.2306,1659
19.2333,1655
19.2361,1652
19.2389,1656
19.2417,1647
19.2444,1650
19.2472,1667
19.2500,1678
19.2528,1669
19.2556,1663
19.2583,1663
19.2611,1670
19.2639,1666
19.2667,1674
19.2694,1674
19.2722,1673
19.2750,1656
19.2778,1662
19.2806,1668
19.2833,1657
19.2861,1673
19.2889,1677
19.2917,1679
19.2944,1675
19.2972,1671
19.3000,1664
19.3028,1656
19.3056,1649
19.3083,1667
19.3111,1656
19.3139,1666
19.3167,1667
19.3194,1668
19.3222,1667
19.3250,1669
19.3278,1677
19.3306,1688
19.3333,1698
19.3361,1718
19.3389,1743
19.3417,1743
19.3444,1751
19.3472,1765
19.3500,1769
19.3528,1765
19.3556,1764
19.3583,1756
19.3611,1744
19.3639,1737
19.3667,1750
19.3694,1756
19.3722,1755
19.3750,1763
19.3778,1755
19.3806,1752
19.3833,1758
19.3861,1758
19.3889,1752
19.3917,1754
19.3944,1752
19.3972,1756
19.4000,1755
19.4028,1753
19.4056,1742
19.4083,1735
19.4111,1714
19.4139,1706
19.4167,1688
19.4194,1666
19.4222,1665
19.4250,1654
19.4278,1669
19.4306,1660
19.4333,1657
19.4361,1651
19.4389,1655
19.4417,1650
19.4444,1639
19.4472,1644
19.4500,1635
19.4528,1622
19.4556,1616
19.4583,1624
19.4611,1624
19.4639,1618
19.4667,1629
19.4694,1637
19.4722,1634
19.4750,1648
19.4778,1664
19.4806,1654
19.4833,1656
19.4861,1650
19.4889,1652
19.4917,1653
19.4944,1662
19.4972,1710
19.5000,1761
19.5028,1811
19.5056,1833
19.5083,1822
19.5111,1799
19.5139,1758
19.5167,1741
19.5194,1730
19.5222,1727
19.5250,1759
19.5278,1872
19.5306,2062
19.5333,2227
19.5361,2232
19.5389,2098
19.5417,1928
19.5444,1824
19.5472,1759
19.5500,1722
19.5528,1668
19.5556,1631
19.5583,1583
19.5611,1564
19.5639,1556
19.5667,1594
19.5694,1633
19.5722,1662
19.5750,1678
19.5778,1698
19.5806,1701
19.5833,1690
19.5861,1679
19.5889,1672
19.5917,1671
19.5944,1663
19.5972,1680
19.6000,1700
19.6028,1709
19.6056,1704
19.6083,1695
19.6111,1690
19.6139,1690
19.6167,1688
19.6194,1714
19.6222,1726
19.6250,1727
19.6278,1723
19.6306,1710
19.6333,1716
19.6361,1719
19.6389,1732
19.6417,1742
19.6444,1740
19.6472,1741
19.6500,1730
19.6528,1712
19.6556,1725
19.6583,1742
19.6611,1741
19.6639,1743
19.6667,1746
19.6694,1741
19.6722,1737
19.6750,1749
19.6778,1777
19.6806,1767
19.6833,1778
19.6861,1787
19.6889,1775
19.6917,1774
19.6944,1760
19.6972,1766
19.7000,1782
19.7028,1784
19.7056,1782
19.7083,1799
19.7111,1808
19.7139,1796
19.7167,1816
19.7194,1819
19.7222,1835
19.7250,1959
19.7278,1938
19.7306,1920
19.7333,1899
19.7361,1897
19.7389,1910
19.7417,1923
19.7444,1936
19.7472,1934
19.7500,1921
19.7528,1910
19.7556,1915
19.7583,1926
19.7611,1948
19.7639,1945
19.7667,1946
19.7694,1929
19.7722,1903
19.7750,1884
19.7778,1896
19.7806,1905
19.7833,1902
19.7861,1901
19.7889,1882
19.7917,1876
19.7944,1857
19.7972,1864
19.8000,1864
19.8028,1867
19.8056,1859
19.8083,1839
19.8111,1809
19.8139,1779
19.8167,1765
19.8194,1756
19.8222,1755
19.8250,1768
19.8278,1772
19.8306,1773
19.8333,1765
19.8361,1757
19.8389,1754
19.8417,1778
19.8444,1762
19.8472,1762
19.8500,1743
19.8528,1728
19.8556,1735
19.8583,1729
19.8611,1735
19.8639,1737
19.8667,1732
19.8694,1725
19.8722,1714
19.8750,1711
19.8778,1712
19.8806,1718
19.8833,1715
19.8861,1732
19.8889,1739
19.8917,1720
19.8944,1736
19.8972,1746
19.9000,1743
19.9028,1739
19.9056,1738
19.9083,1739
19.9111,1725
19.9139,1724
19.9167,1724
19.9194,1717
19.9222,1722
19.9250,1718
19.9278,1731
19.9306,1729
19.9333,1730
19.9361,1735
19.9389,1748
19.9417,1748
19.9444,1742
19.9472,1745
19.9500,1731
19.9528,1722
19.9556,1719
19.9583,1726
19.9611,1740
19.9639,1746
19.9667,1735
19.9694,1741
19.9722,1740
19.9750,1723
19.9778,1727
19.9806,1730
19.9833,1738
19.9861,1739
19.9889,1731
19.9917,1715
19.9944,1699
19.9972,1705
20.0000,1713
20.0028,1707
20.0056,1712
20.0083,1718
20.0111,1717
20.0139,1712
20.0167,1724
20.0194,1733
20.0222,1732
20.0250,1727
20.0278,1726
20.0306,1707
20.0333,1702
20.0361,1705
20.0389,1701
20.0417,1695
20.0444,1714
20.0472,1728
20.0500,1717
20.0528,1705
20.0556,1708
20.0583,1704
20.0611,1712
20.0639,1704
20.0667,1706
20.0694,1701
20.0722,1705
20.0750,1714
20.0778,1716
20.0806,1701
20.0833,1699
20.0861,1701
20.0889,1697
20.0917,1696
20.0944,1701
20.0972,1721
20.1000,1710
20.1028,1709
20.1056,1702
20.1083,1701
20.1111,1694
20.1139,1699
20.1167,1711
20.1194,1722
20.1222,1740
20.1250,1746
20.1278,1761
20.1306,1767
20.1333,1766
20.1361,1772
20.1389,1783
20.1417,1774
20.1444,1759
20.1472,1746
20.1500,1713
20.1528,1707
20.1556,1710
20.1583,1720
20.1611,1726
20.1639,1731
20.1667,1730
20.1694,1731
20.1722,1700
20.1750,1701
20.1778,1694
20.1806,1710
20.1833,1717
20.1861,1721
20.1889,1731
20.1917,1719
20.1944,1704
20.1972,1697
20.2000,1678
20.2028,1672
20.2056,1677
20.2083,1660
20.2111,1652
20.2139,1663
20.2167,1663
20.2194,1664
20.2222,1643
20.2250,1639
20.2278,1637
20.2306,1634
20.2333,1631
20.2361,1637
20.2389,1650
20.2417,1652
20.2444,1664
20.2472,1668
20.2500,1673
20.2528,1663
20.2556,1675
20.2583,1666
20.2611,1673
20.2639,1676
20.2667,1688
20.2694,1682
20.2722,1699
20.2750,1746
20.2778,1792
20.2806,1823
20.2833,1839
20.2861,1815
20.2889,1783
20.2917,1741
20.2944,1720
20.2972,1725
20.3000,1715
20.3028,1774
20.3056,1894
20.3083,2087
20.3111,2229
20.3139,2170
20.3167,2011
20.3194,1860
20.3222,1763
20.3250,1725
20.3278,1691
20.3306,1642
20.3333,1611
20.3361,1565
20.3389,1519
20.3417,1501
20.3444,1527
20.3472,1571
20.3500,1597
20.3528,1619
20.3556,1637
20.3583,1639
20.3611,1659
20.3639,1657
20.3667,1654
20.3694,1649
20.3722,1640
20.3750,1657
20.3778,1675
20.3806,1671
20.3833,1667
20.3861,1661
20.3889,1652
20.3917,1652
20.3944,1671
20.3972,1678
20.4000,1692
20.4028,1698
20.4056,1703
20.4083,1702
20.4111,1679
20.4139,1693
20.4167,1694
20.4194,1708
20.4222,1711
20.4250,1692
20.4278,1690
20.4306,1696
20.4333,1693
20.4361,1712
20.4389,1725
20.4417,1733
20.4444,1742
20.4472,1741
20.4500,1736
20.4528,1721
20.4556,1716
20.4583,1727
20.4611,1729
20.4639,1736
20.4667,1733
20.4694,1728
20.4722,1721
20.4750,1739
20.4778,1747
20.4806,1762
20.4833,1757
20.4861,1753
20.4889,1748
20.4917,1743
20.4944,1748
20.4972,1781
20.5000,1782
20.5028,1905
20.5056,1879
20.5083,1880
20.5111,1860
20.5139,1850
20.5167,1856
20.5194,1861
20.5222,1865
20.5250,1850
20.5278,1824
20.5306,1813
20.5333,1812
20.5361,1828
20.5389,1840
20.5417,1853
20.5444,1860
20.5472,1848
20.5500,1827
20.5528,1808
20.5556,1822
20.5583,1819
20.5611,1819
20.5639,1807
20.5667,1787
20.5694,1762
20.5722,1742
20.5750,1730
20.5778,1732
20.5806,1735
20.5833,1743
20.5861,1731
20.5889,1710
20.5917,1693
20.5944,1686
20.5972,1694
20.6000,1685
20.6028,1674
20.6056,1685
20.6083,1660
20.6111,1627
20.6139,1623
20.6167,1626
20.6194,1615
20.6222,1631
20.6250,1629
20.6278,1625
20.6306,1616
20.6333,1622
20.6361,1639
20.6389,1643
20.6417,1638
20.6444,1636
20.6472,1621
20.6500,1597
20.6528,1605
20.6556,1607
20.6583,1605
20.6611,1620
20.6639,1626
20.6667,1632
20.6694,1621
20.6722,1621
20.6750,1613
20.6778,1624
20.6806,1627
20.6833,1635
20.6861,1634
20.6889,1632
20.6917,1624
20.6944,1632
20.6972,1645
20.7000,1637
20.7028,1639
20.7056,1638
20.7083,1636
20.7111,1615
20.7139,1617
20.7167,1630
20.7194,1637
20.7222,1647
20.7250,1652
20.7278,1651
20.7306,1637
20.7333,1621
20.7361,1631
20.7389,1628
20.7417,1639
20.7444,1648
20.7472,1650
20.7500,1641
20.7528,1642
20.7556,1664
20.7583,1662
20.7611,1661
20.7639,1670
20.7667,1674
20.7694,1653
20.7722,1638
20.7750,1629
20.7778,1627
20.7806,1628
20.7833,1630
20.7861,1632
20.7889,1646
20.7917,1640
20.7944,1646
20.7972,1643
20.8000,1648
20.8028,1646
20.8056,1658
20.8083,1648
20.8111,1633
20.8139,1628
20.8167,1636
20.8194,1633
20.8222,1640
20.8250,1649
20.8278,1635
20.8306,1639
20.8333,1636
20.8361,1644
20.8389,1649
20.8417,1652
20.8444,1657
20.8472,1654
20.8500,1652
20.8528,1638
20.8556,1654
20.8583,1658
20.8611,1662
20.8639,1659
20.8667,1666
20.8694,1649
20.8722,1645
20.8750,1662
20.8778,1660
20.8806,1663
20.8833,1680
20.8861,1688
20.8889,1681
20.8917,1672
20.8944,1678
20.8972,1693
20.9000,1727
20.9028,1735
20.9056,1746
20.9083,1774
20.9111,1790
20.9139,1794
20.9167,1804
20.9194,1785
20.9222,1766
20.9250,1745
20.9278,1720
20.9306,1716
20.9333,1726
20.9361,1742
20.9389,1754
20.9417,1769
20.9444,1774
20.9472,1766
20.9500,1740
20.9528,1729
20.9556,1730
20.9583,1741
20.9611,1745
20.9639,1755
20.9667,1750
20.9694,1745
20.9722,1724
20.9750,1718
20.9778,1712
20.9806,1701
20.9833,1687
20.9861,1679
20.9889,1675
20.9917,1664
20.9944,1674
20.9972,1677
21.0000,1681
21.0028,1670
21.0056,1668
21.0083,1667
21.0111,1661
21.0139,1654
21.0167,1662
21.0194,1678
21.0222,1681
21.0250,1696
21.0278,1703
21.0306,1700
21.0333,1698
21.0361,1702
21.0389,1702
21.0417,1719
21.0444,1720
21.0472,1735
21.0500,1741
21.0528,1772
21.0556,1824
21.0583,1869
21.0611,1879
21.0639,1876
21.0667,1859
21.0694,1820
21.0722,1796
21.0750,1785
21.0778,1793
21.0806,1830
21.0833,1930
21.0861,2110
21.0889,2261
21.0917,2217
21.0944,2059
21.0972,1904
21.1000,1804
21.1028,1762
21.1056,1718
21.1083,1692
21.1111,1662
21.1139,1619
21.1167,1587
21.1194,1564
21.1222,1592
21.1250,1644
21.1278,1678
21.1306,1702
21.1333,1722
21.1361,1735
21.1389,1741
21.1417,1735
21.1444,1722
21.1472,1722
21.1500,1714
21.1528,1723
21.1556,1741
21.1583,1760
21.1611,1750
21.1639,1748
21.1667,1744
21.1694,1732
21.1722,1735
21.1750,1744
21.1778,1757
21.1806,1767
21.1833,1758
21.1861,1761
21.1889,1762
21.1917,1752
21.1944,1777
21.1972,1778
21.2000,1780
21.2028,1775
21.2056,1779
21.2083,1780
21.2111,1765
21.2139,1778
21.2167,1783
21.2194,1796
21.2222,1794
21.2250,1793
21.2278,1774
21.2306,1774
21.2333,1797
21.2361,1805
21.2389,1830
21.2417,1822
21.2444,1821
21.2472,1827
21.2500,1821
21.2528,1815
21.2556,1840
21.2583,1839
21.2611,1835
21.2639,1849
21.2667,1844
21.2694,1849
21.2722,1848
21.2750,1866
21.2778,1868
21.2806,1976
21.2833,1952
21.2861,1958
21.2889,1938
21.2917,1925
21.2944,1929
21.2972,1946
21.3000,1954
21.3028,1963
21.3056,1955
21.3083,1934
21.3111,1917
21.3139,1925
21.3167,1918
21.3194,1924
21.3222,1915
21.3250,1913
21.3278,1888
21.3306,1875
21.3333,1876
21.3361,1876
21.3389,1878
21.3417,1885
21.3444,1881
21.3472,1851
21.3500,1835
21.3528,1823
21.3556,1821
21.3583,1805
21.3611,1816
21.3639,1808
21.3667,1781
21.3694,1762
21.3722,1751
21.3750,1747
21.3778,1755
21.3806,1743
21.3833,1733
21.3861,1727
21.3889,1704
21.3917,1699
21.3944,1702
21.3972,1709
21.4000,1697
21.4028,1705
21.4056,1702
21.4083,1691
21.4111,1682
21.4139,1697
21.4167,1703
21.4194,1699
21.4222,1705
21.4250,1708
21.4278,1703
21.4306,1692
21.4333,1711
21.4361,1720
21.4389,1712
21.4417,1716
21.4444,1717
21.4472,1701
21.4500,1705
21.4528,1697
21.4556,1707
21.4583,1709
21.4611,1711
21.4639,1711
21.4667,1716
21.4694,1703
21.4722,1686
21.4750,1706
21.4778,1711
21.4806,1722
21.4833,1719
21.4861,1720
21.4889,1701
21.4917,1701
21.4944,1703
21.4972,1704
21.5000,1715
21.5028,1714
21.5056,1720
21.5083,1714
21.5111,1701
21.5139,1720
21.5167,1725
21.5194,1708
21.5222,1709
21.5250,1702
21.5278,1698
21.5306,1692
21.5333,1699
21.5361,1691
21.5389,1693
21.5417,1705
21.5444,1705
21.5472,1699
21.5500,1683
21.5528,1694
21.5556,1704
21.5583,1698
21.5611,1702
21.5639,1702
21.5667,1694
21.5694,1683
21.5722,1687
21.5750,1689
21.5778,1692
21.5806,1709
21.5833,1716
21.5861,1714
21.5889,1704
21.5917,1696
21.5944,1702
21.5972,1703
21.6000,1701
21.6028,1690
21.6056,1705
21.6083,1691
21.6111,1697
21.6139,1705
21.6167,1712
21.6194,1711
21.6222,1719
21.6250,1724
21.6278,1721
21.6306,1709
21.6333,1709
21.6361,1711
21.6389,1707
21.6417,1695
21.6444,1698
21.6472,1696
21.6500,1684
21.6528,1683
21.6556,1690
21.6583,1684
21.6611,1697
21.6639,1704
21.6667,1708
21.6694,1700
21.6722,1716
21.6750,1736
21.6778,1739
21.6806,1758
21.6833,1771
21.6861,1764
21.6889,1776
21.6917,1780
21.6944,1792
21.6972,1800
21.7000,1793
21.7028,1795
21.7056,1784
21.7083,1775
21.7111,1770
21.7139,1780
21.7167,1787
21.7194,1785
21.7222,1769
21.7250,1772
21.7278,1777
21.7306,1773
21.7333,1780
21.7361,1797
21.7389,1792
21.7417,1799
21.7444,1793
21.7472,1770
21.7500,1752
21.7528,1738
21.7556,1735
21.7583,1719
21.7611,1705
21.7639,1681
21.7667,1676
21.7694,1665
21.7722,1656
21.7750,1660
21.7778,1657
21.7806,1653
21.7833,1659
21.7861,1658
21.7889,1642
21.7917,1627
21.7944,1639
21.7972,1627
21.8000,1628
21.8028,1629
21.8056,1623
21.8083,1629
21.8111,1632
21.8139,1644
21.8167,1653
21.8194,1658
21.8222,1661
21.8250,1671
21.8278,1671
21.8306,1666
21.8333,1661
21.8361,1667
21.8389,1705
21.8417,1760
21.8444,1820
21.8472,1853
21.8500,1849
21.8528,1847
21.8556,1833
21.8583,1809
21.8611,1793
21.8639,1805
21.8667,1816
21.8694,1897
21.8722,2036
21.8750,2218
21.8778,2271
21.8806,2143
21.8833,1957
21.8861,1819
21.8889,1733
21.8917,1700
21.8944,1684
21.8972,1644
21.9000,1605
21.9028,1573
21.9056,1591
21.9083,1609
21.9111,1647
21.9139,1671
21.9167,1680
21.9194,1679
21.9222,1695
21.9250,1692
21.9278,1678
21.9306,1664
21.9333,1663
21.9361,1652
21.9389,1670
21.9417,1666
21.9444,1675
21.9472,1688
21.9500,1679
21.9528,1673
21.9556,1667
21.9583,1679
21.9611,1702
21.9639,1720
21.9667,1726
21.9694,1713
21.9722,1707
21.9750,1700
21.9778,1705
21.9806,1708
21.9833,1720
21.9861,1736
21.9889,1728
21.9917,1720
21.9944,1721
21.9972,1718
22.0000,1727
22.0028,1741
22.0056,1752
22.0083,1757
22.0111,1748
22.0139,1748
22.0167,1746
22.0194,1741
22.0222,1762
22.0250,1781
22.0278,1777
22.0306,1763
22.0333,1764
22.0361,1762
22.0389,1766
22.0417,1770
22.0444,1790
22.0472,1798
22.0500,1788
22.0528,1781
22.0556,1796
22.0583,1804
22.0611,1815
22.0639,1838
22.0667,1835
22.0694,1889
22.0722,1901
22.0750,1912
22.0778,1904
22.0806,1914
22.0833,1908
22.0861,1905
22.0889,1884
22.0917,1876
22.0944,1874
22.0972,1875
22.1000,1891
22.1028,1901
22.1056,1893
22.1083,1872
22.1111,1858
22.1139,1848
22.1167,1845
22.1194,1848
22.1222,1849
22.1250,1846
22.1278,1819
22.1306,1799
22.1333,1786
22.1361,1773
22.1389,1777
22.1417,1765
22.1444,1768
22.1472,1750
22.1500,1745
22.1528,1728
22.1556,1708
22.1583,1700
22.1611,1702
22.1639,1707
22.1667,1695
22.1694,1676
22.1722,1680
22.1750,1679
22.1778,1679
22.1806,1688
22.1833,1689
22.1861,1686
22.1889,1660
22.1917,1666
22.1944,1662
22.1972,1681
22.2000,1687
22.2028,1700
22.2056,1687
22.2083,1683
22.2111,1679
22.2139,1682
22.2167,1669
22.2194,1679
22.2222,1692
22.2250,1700
22.2278,1688
22.2306,1676
22.2333,1684
22.2361,1692
22.2389,1687
22.2417,1703
22.2444,1709
22.2472,1697
22.2500,1681
22.2528,1679
22.2556,1685
22.2583,1693
22.2611,1702
22.2639,1694
22.2667,1706
22.2694,1687
22.2722,1693
22.2750,1693
22.2778,1694
22.2806,1709
22.2833,1720
22.2861,1711
22.2889,1687
22.2917,1698
22.2944,1678
22.2972,1673
22.3000,1701
22.3028,1699
22.3056,1718
22.3083,1699
22.3111,1693
22.3139,1700
22.3167,1685
22.3194,1685
22.3222,1695
22.3250,1709
22.3278,1711
22.3306,1702
22.3333,1704
22.3361,1693
22.3389,1691
22.3417,1696
22.3444,1707
22.3472,1698
22.3500,1697
22.3528,1707
22.3556,1706
22.3583,1707
22.3611,1718
22.3639,1712
22.3667,1710
22.3694,1700
22.3722,1696
22.3750,1704
22.3778,1709
22.3806,1707
22.3833,1718
22.3861,1711
22.3889,1703
22.3917,1698
22.3944,1694
22.3972,1697
22.4000,1703
22.4028,1707
22.4056,1707
22.4083,1705
22.4111,1701
22.4139,1696
22.4167,1693
22.4194,1702
22.4222,1707
22.4250,1709
22.4278,1707
22.4306,1693
22.4333,1701
22.4361,1698
22.4389,1704
22.4417,1697
22.4444,1708
22.4472,1708
22.4500,1717
22.4528,1724
22.4556,1752
22.4583,1762
22.4611,1774
22.4639,1792
22.4667,1805
22.4694,1809
22.4722,1813
22.4750,1791
22.4778,1786
22.4806,1763
22.4833,1775
22.4861,1783
22.4889,1781
22.4917,1779
22.4944,1779
22.4972,1767
22.5000,1773
22.5028,1774
22.5056,1774
22.5083,1768
22.5111,1766
22.5139,1786
22.5167,1794
22.5194,1785
22.5222,1779
22.5250,1765
22.5278,1734
22.5306,1721
22.5333,1714
22.5361,1693
22.5389,1691
22.5417,1687
22.5444,1679
22.5472,1675
22.5500,1653
22.5528,1654
22.5556,1644
22.5583,1646
22.5611,1640
22.5639,1650
22.5667,1635
22.5694,1629
22.5722,1633
22.5750,1631
22.5778,1650
22.5806,1655
22.5833,1662
22.5861,1647
22.5889,1634
22.5917,1631
22.5944,1628
22.5972,1629
22.6000,1623
22.6028,1644
22.6056,1660
22.6083,1642
22.6111,1671
22.6139,1686
22.6167,1726
22.6194,1766
22.6222,1807
22.6250,1807
22.6278,1807
22.6306,1775
22.6333,1761
22.6361,1742
22.6389,1722
22.6417,1724
22.6444,1755
22.6472,1844
22.6500,2005
22.6528,2193
22.6556,2219
22.6583,2087
22.6611,1911
22.6639,1785
22.6667,1721
22.6694,1660
22.6722,1634
22.6750,1596
22.6778,1550
22.6806,1528
22.6833,1557
22.6861,1568
22.6889,1602
22.6917,1624
22.6944,1633
22.6972,1641
22.7000,1647
22.7028,1652
22.7056,1639
22.7083,1632
22.7111,1639
22.7139,1645
22.7167,1653
22.7194,1669
22.7222,1679
22.7250,1677
22.7278,1660
22.7306,1646
22.7333,1641
22.7361,1632
22.7389,1643
22.7417,1656
22.7444,1670
22.7472,1678
22.7500,1673
22.7528,1676
22.7556,1674
22.7583,1677
22.7611,1679
22.7639,1696
22.7667,1700
22.7694,1686
22.7722,1682
22.7750,1692
22.7778,1698
22.7806,1698
22.7833,1699
22.7861,1701
22.7889,1694
22.7917,1683
22.7944,1686
22.7972,1688
22.8000,1702
22.8028,1719
22.8056,1719
22.8083,1724
22.8111,1723
22.8139,1731
22.8167,1728
22.8194,1736
22.8222,1731
22.8250,1745
22.8278,1747
22.8306,1745
22.8333,1761
22.8361,1769
22.8389,1777
22.8417,1784
22.8444,1857
22.8472,1863
22.8500,1860
22.8528,1860
22.8556,1859
22.8583,1867
22.8611,1879
22.8639,1868
22.8667,1857
22.8694,1843
22.8722,1831
22.8750,1835
22.8778,1852
22.8806,1852
22.8833,1868
22.8861,1863
22.8889,1838
22.8917,1828
22.8944,1819
22.8972,1804
22.9000,1794
22.9028,1791
22.9056,1781
22.9083,1767
22.9111,1755
22.9139,1751
22.9167,1748
22.9194,1751
22.9222,1737
22.9250,1722
22.9278,1684
22.9306,1672
22.9333,1671
22.9361,1671
22.9389,1669
22.9417,1678
22.9444,1668
22.9472,1658
22.9500,1639
22.9528,1641
22.9556,1649
22.9583,1648
22.9611,1663
22.9639,1653
22.9667,1649
22.9694,1632
22.9722,1623
22.9750,1617
22.9778,1636
22.9806,1638
22.9833,1643
22.9861,1646
22.9889,1639
22.9917,1632
22.9944,1652
22.9972,1665
23.0000,1664
23.0028,1673
23.0056,1683
23.0083,1663
23.0111,1665
23.0139,1667
23.0167,1662
23.0194,1668
23.0222,1669
23.0250,1677
23.0278,1671
23.0306,1670
23.0333,1669
23.0361,1675
23.0389,1685
23.0417,1700
23.0444,1689
23.0472,1683
23.0500,1676
23.0528,1681
23.0556,1679
23.0583,1679
23.0611,1676
23.0639,1679
23.0667,1661
23.0694,1655
23.0722,1666
23.0750,1677
23.0778,1678
23.0806,1694
23.0833,1697
23.0861,1686
23.0889,1672
23.0917,1672
23.0944,1665
23.0972,1660
23.1000,1670
23.1028,1680
23.1056,1672
23.1083,1678
23.1111,1671
23.1139,1676
23.1167,1686
23.1194,1698
23.1222,1706
23.1250,1703
23.1278,1685
23.1306,1674
23.1333,1673
23.1361,1664
23.1389,1684
23.1417,1684
23.1444,1689
23.1472,1680
23.1500,1677
23.1528,1677
23.1556,1682
23.1583,1702
23.1611,1709
23.1639,1701
23.1667,1690
23.1694,1695
23.1722,1695
23.1750,1700
23.1778,1700
23.1806,1702
23.1833,1704
23.1861,1691
23.1889,1696
23.1917,1699
23.1944,1696
23.1972,1702
23.2000,1697
23.2028,1697
23.2056,1688
23.2083,1680
23.2111,1703
23.2139,1705
23.2167,1705
23.2194,1703
23.2222,1705
23.2250,1703
23.2278,1721
23.2306,1727
23.2333,1739
23.2361,1738
23.2389,1755
23.2417,1759
23.2444,1763
23.2472,1763
23.2500,1757
23.2528,1753
23.2556,1756
23.2583,1755
23.2611,1767
23.2639,1791
23.2667,1792
23.2694,1787
23.2722,1778
23.2750,1780
23.2778,1767
23.2806,1770
23.2833,1770
23.2861,1774
23.2889,1765
23.2917,1792
23.2944,1802
23.2972,1809
23.3000,1802
23.3028,1804
23.3056,1766
23.3083,1739
23.3111,1726
23.3139,1714
23.3167,1695
23.3194,1672
23.3222,1672
23.3250,1675
23.3278,1668
23.3306,1666
23.3333,1670
23.3361,1654
23.3389,1649
23.3417,1650
23.3444,1645
23.3472,1636
23.3500,1619
23.3528,1619
23.3556,1632
23.3583,1630
23.3611,1635
23.3639,1654
23.3667,1647
23.3694,1641
23.3722,1648
23.3750,1652
23.3778,1652
23.3806,1667
23.3833,1664
23.3861,1657
23.3889,1663
23.3917,1681
23.3944,1695
23.3972,1744
23.4000,1794
23.4028,1841
23.4056,1848
23.4083,1828
23.4111,1814
23.4139,1779
23.4167,1741
23.4194,1735
23.4222,1738
23.4250,1786
23.4278,1894
23.4306,2079
23.4333,2250
23.4361,2234
23.4389,2084
23.4417,1934
23.4444,1823
23.4472,1759
23.4500,1712
23.4528,1676
23.4556,1636
23.4583,1586
23.4611,1574
23.4639,1591
23.4667,1615
23.4694,1640
23.4722,1671
23.4750,1683
23.4778,1695
23.4806,1706
23.4833,1702
23.4861,1687
23.4889,1683
23.4917,1692
23.4944,1688
23.4972,1692
23.5000,1707
23.5028,1722
23.5056,1715
23.5083,1700
23.5111,1696
23.5139,1699
23.5167,1696
23.5194,1707
23.5222,1737
23.5250,1722
23.5278,1721
23.5306,1711
23.5333,1708
23.5361,1689
23.5389,1707
23.5417,1711
23.5444,1734
23.5472,1736
23.5500,1726
23.5528,1718
23.5556,1730
23.5583,1722
23.5611,1737
23.5639,1752
23.5667,1741
23.5694,1728
23.5722,1729
23.5750,1740
23.5778,1746
23.5806,1756
23.5833,1774
23.5861,1758
23.5889,1739
23.5917,1737
23.5944,1730
23.5972,1751
23.6000,1758
23.6028,1777
23.6056,1781
23.6083,1782
23.6111,1781
23.6139,1792
23.6167,1798
23.6194,1816
23.6222,1828
23.6250,1890
23.6278,1890
23.6306,1891
23.6333,1886
23.6361,1880
23.6389,1892
23.6417,1911
23.6444,1894
23.6472,1881
23.6500,1886
23.6528,1894
23.6556,1902
23.6583,1906
23.6611,1909
23.6639,1907
23.6667,1882
23.6694,1861
23.6722,1856
23.6750,1846
23.6778,1853
23.6806,1862
23.6833,1851
23.6861,1829
23.6889,1801
23.6917,1808
23.6944,1791
23.6972,1794
23.7000,1798
23.7028,1793
23.7056,1778
23.7083,1757
23.7111,1750
23.7139,1747
23.7167,1744
23.7194,1737
23.7222,1731
23.7250,1703
23.7278,1691
23.7306,1684
23.7333,1684
23.7361,1688
23.7389,1682
23.7417,1682
23.7444,1680
23.7472,1694
23.7500,1685
23.7528,1691
23.7556,1682
23.7583,1685
23.7611,1670
23.7639,1666
23.7667,1646
23.7694,1657
23.7722,1654
23.7750,1678
23.7778,1675
23.7806,1698
23.7833,1682
23.7861,1683
23.7889,1682
23.7917,1680
23.7944,1687
23.7972,1693
23.8000,1696
23.8028,1701
23.8056,1689
23.8083,1688
23.8111,1685
23.8139,1682
23.8167,1687
23.8194,1691
23.8222,1694
23.8250,1685
23.8278,1698
23.8306,1713
23.8333,1728
23.8361,1731
23.8389,1715
23.8417,1706
23.8444,1686
23.8472,1683
23.8500,1674
23.8528,1689
23.8556,1692
23.8583,1712
23.8611,1713
23.8639,1717
23.8667,1715
23.8694,1707
23.8722,1702
23.8750,1697
23.8778,1690
23.8806,1703
23.8833,1698
23.8861,1686
23.8889,1685
23.8917,1690
23.8944,1679
23.8972,1696
23.9000,1705
23.9028,1716
23.9056,1710
23.9083,1701
23.9111,1712
23.9139,1708
23.9167,1707
23.9194,1719
23.9222,1726
23.9250,1706
23.9278,1696
23.9306,1704
23.9333,1696
23.9361,1702
23.9389,1706
23.9417,1714
23.9444,1705
23.9472,1704
23.9500,1701
23.9528,1700
23.9556,1698
23.9583,1710
23.9611,1710
23.9639,1704
23.9667,1702
23.9694,1708
23.9722,1706
23.9750,1698
23.9778,1712
23.9806,1719
23.9833,1712
23.9861,1724
23.9889,1714
23.9917,1719
23.9944,1713
23.9972,1716
24.0000,1712
24.0028,1717
24.0056,1718
24.0083,1703
24.0111,1721
24.0139,1743
24.0167,1756
24.0194,1764
24.0222,1795
24.0250,1788
24.0278,1788
24.0306,1810
24.0333,1799
24.0361,1780
24.0389,1778
24.0417,1780
24.0444,1786
24.0472,1788
24.0500,1796
24.0528,1817
24.0556,1804
24.0583,1796
24.0611,1807
24.0639,1795
24.0667,1799
24.0694,1799
24.0722,1793
24.0750,1797
24.0778,1819
24.0806,1829
24.0833,1827
24.0861,1812
24.0889,1795
24.0917,1780
24.0944,1764
24.0972,1760
24.1000,1741
24.1028,1718
24.1056,1695
24.1083,1686
24.1111,1665
24.1139,1667
24.1167,1669
24.1194,1675
24.1222,1682
24.1250,1686
24.1278,1664
24.1306,1670
24.1333,1665
24.1361,1669
24.1389,1681
24.1417,1684
24.1444,1671
24.1472,1658
24.1500,1663
24.1528,1654
24.1556,1655
24.1583,1662
24.1611,1663
24.1639,1678
24.1667,1677
24.1694,1686
24.1722,1679
24.1750,1679
24.1778,1692
24.1806,1738
24.1833,1793
24.1861,1828
24.1889,1859
24.1917,1847
24.1944,1823
24.1972,1777
24.2000,1742
24.2028,1731
24.2056,1731
24.2083,1738
24.2111,1822
24.2139,1987
24.2167,2176
24.2194,2252
24.2222,2144
24.2250,1978
24.2278,1838
24.2306,1775
24.2333,1725
24.2361,1678
24.2389,1650
24.2417,1605
24.2444,1570
24.2472,1556
24.2500,1578
24.2528,1617
24.2556,1654
24.2583,1685
24.2611,1702
24.2639,1705
24.2667,1707
24.2694,1703
24.2722,1702
24.2750,1690
24.2778,1695
24.2806,1700
24.2833,1722
24.2861,1726
24.2889,1734
24.2917,1736
24.2944,1718
24.2972,1704
24.3000,1710
24.3028,1715
24.3056,1716
24.3083,1730
24.3111,1740
24.3139,1748
24.3167,1737
24.3194,1743
24.3222,1747
24.3250,1749
24.3278,1749
24.3306,1740
24.3333,1740
24.3361,1737
24.3389,1742
24.3417,1746
24.3444,1759
24.3472,1749
24.3500,1753
24.3528,1751
24.3556,1741
24.3583,1733
24.3611,1754
24.3639,1760
24.3667,1769
24.3694,1772
24.3722,1797
24.3750,1783
24.3778,1774
24.3806,1784
24.3833,1802
24.3861,1801
24.3889,1809
24.3917,1806
24.3944,1789
24.3972,1781
24.4000,1790
24.4028,1810
24.4056,1820
24.4083,1836
24.4111,1875
24.4139,1883
24.4167,1893
24.4194,1898
24.4222,1899
24.4250,1888
24.4278,1889
24.4306,1888
24.4333,1901
24.4361,1887
24.4389,1902
24.4417,1904
24.4444,1892
24.4472,1874
24.4500,1861
24.4528,1851
24.4556,1854
24.4583,1838
24.4611,1838
24.4639,1833
24.4667,1830
24.4694,1820
24.4722,1808
24.4750,1799
24.4778,1777
24.4806,1762
24.4833,1764
24.4861,1728
24.4889,1729
24.4917,1713
24.4944,1722
24.4972,1701
24.5000,1687
24.5028,1675
24.5056,1686
24.5083,1680
24.5111,1677
24.5139,1676
24.5167,1668
24.5194,1653
24.5222,1646
24.5250,1634
24.5278,1636
24.5306,1641
24.5333,1652
24.5361,1646
24.5389,1644
24.5417,1632
24.5444,1625
24.5472,1623
24.5500,1623
24.5528,1619
24.5556,1627
24.5583,1641
24.5611,1649
24.5639,1653
24.5667,1643
24.5694,1649
24.5722,1641
24.5750,1643
24.5778,1639
24.5806,1651
24.5833,1652
24.5861,1649
24.5889,1647
24.5917,1649
24.5944,1650
24.5972,1639
24.6000,1642
24.6028,1630
24.6056,1624
24.6083,1636
24.6111,1638
24.6139,1638
24.6167,1648
24.6194,1659
24.6222,1640
24.6250,1639
24.6278,1640
24.6306,1653
24.6333,1636
24.6361,1638
24.6389,1639
24.6417,1634
24.6444,1634
24.6472,1639
24.6500,1645
24.6528,1650
24.6556,1643
24.6583,1649
24.6611,1646
24.6639,1631
24.6667,1632
24.6694,1632
24.6722,1630
24.6750,1625
24.6778,1630
24.6806,1638
24.6833,1637
24.6861,1637
24.6889,1634
24.6917,1638
24.6944,1639
24.6972,1634
24.7000,1643
24.7028,1644
24.7056,1649
24.7083,1643
24.7111,1638
24.7139,1628
24.7167,1632
24.7194,1629
24.7222,1627
24.7250,1632
24.7278,1638
24.7306,1639
24.7333,1649
24.7361,1658
24.7389,1665
24.7417,1664
24.7444,1667
24.7472,1670
24.7500,1663
24.7528,1652
24.7556,1639
24.7583,1638
24.7611,1638
24.7639,1634
24.7667,1626
24.7694,1639
24.7722,1637
24.7750,1637
24.7778,1660
24.7806,1648
24.7833,1660
24.7861,1661
24.7889,1665
24.7917,1664
24.7944,1669
24.7972,1680
24.8000,1706
24.8028,1729
24.8056,1732
24.8083,1743
24.8111,1739
24.8139,1732
24.8167,1731
24.8194,1718
24.8222,1731
24.8250,1732
24.8278,1733
24.8306,1740
24.8333,1738
24.8361,1735
24.8389,1730
24.8417,1733
24.8444,1739
24.8472,1754
24.8500,1776
24.8528,1781
24.8556,1784
24.8583,1787
24.8611,1784
24.8639,1756
24.8667,1734
24.8694,1727
24.8722,1709
24.8750,1705
24.8778,1691
24.8806,1683
24.8833,1653
24.8861,1647
24.8889,1634
24.8917,1635
24.8944,1635
24.8972,1633
24.9000,1652
24.9028,1635
24.9056,1630
24.9083,1632
24.9111,1631
24.9139,1622
24.9167,1609
24.9194,1608
24.9222,1600
24.9250,1603
24.9278,1608
24.9306,1620
24.9333,1636
24.9361,1642
24.9389,1646
24.9417,1658
24.9444,1660
24.9472,1645
24.9500,1641
24.9528,1625
24.9556,1626
24.9583,1652
24.9611,1694
24.9639,1736
24.9667,1767
24.9694,1787
24.9722,1774
24.9750,1753
24.9778,1724
24.9806,1703
24.9833,1680
24.9861,1679
24.9889,1691
24.9917,1772
24.9944,1930
24.9972,2110
25.0000,2146
25.0028,2036
25.0056,1904
25.0083,1806
25.0111,1754
25.0139,1708
25.0167,1667
25.0194,1613
25.0222,1559
25.0250,1490
25.0278,1452
25.0306,1455
25.0333,1492
25.0361,1549
25.0389,1595
25.0417,1632
25.0444,1659
25.0472,1661
25.0500,1668
25.0528,1667
25.0556,1648
25.0583,1635
25.0611,1645
25.0639,1635
25.0667,1647
25.0694,1652
25.0722,1664
25.0750,1661
25.0778,1658
25.0806,1661
25.0833,1665
25.0861,1676
25.0889,1678
25.0917,1671
25.0944,1660
25.0972,1670
25.1000,1680
25.1028,1686
25.1056,1683
25.1083,1691
25.1111,1681
25.1139,1674
25.1167,1680
25.1194,1686
25.1222,1696
25.1250,1695
25.1278,1698
25.1306,1696
25.1333,1685
25.1361,1681
25.1389,1686
25.1417,1703
25.1444,1716
25.1472,1724
25.1500,1723
25.1528,1718
25.1556,1699
25.1583,1695
25.1611,1705
25.1639,1722
25.1667,1738
25.1694,1744
25.1722,1737
25.1750,1723
25.1778,1725
25.1806,1735
25.1833,1734
25.1861,1731
25.1889,1763
25.1917,1888
25.1944,1883
25.1972,1881
25.2000,1889
25.2028,1902
25.2056,1883
25.2083,1888
25.2111,1874
25.2139,1867
25.2167,1842
25.2194,1847
25.2222,1840
25.2250,1850
25.2278,1861
25.2306,1861
25.2333,1875
25.2361,1856
25.2389,1843
25.2417,1839
25.2444,1812
25.2472,1808
25.2500,1797
25.2528,1806
25.2556,1791
25.2583,1783
25.2611,1776
25.2639,1769
25.2667,1765
25.2694,1763
25.2722,1761
25.2750,1731
25.2778,1722
25.2806,1706
25.2833,1679
25.2861,1672
25.2889,1683
25.2917,1678
25.2944,1668
25.2972,1681
25.3000,1667
25.3028,1652
25.3056,1655
25.3083,1661
25.3111,1661
25.3139,1638
25.3167,1648
25.3194,1642
25.3222,1640
25.3250,1643
25.3278,1658
25.3306,1660
25.3333,1660
25.3361,1649
25.3389,1650
25.3417,1646
25.3444,1646
25.3472,1643
25.3500,1654
25.3528,1652
25.3556,1645
25.3583,1656
25.3611,1659
25.3639,1646
25.3667,1651
25.3694,1655
25.3722,1662
25.3750,1670
25.3778,1670
25.3806,1667
25.3833,1652
25.3861,1656
25.3889,1666
25.3917,1665
25.3944,1660
25.3972,1669
25.4000,1667
25.4028,1678
25.4056,1688
25.4083,1688
25.4111,1690
25.4139,1694
25.4167,1690
25.4194,1684
25.4222,1666
25.4250,1672
25.4278,1677
25.4306,1674
25.4333,1684
25.4361,1687
25.4389,1707
25.4417,1695
25.4444,1705
25.4472,1717
25.4500,1724
25.4528,1718
25.4556,1721
25.4583,1723
25.4611,1719
25.4639,1722
25.4667,1720
25.4694,1721
25.4722,1719
25.4750,1714
25.4778,1721
25.4806,1724
25.4833,1711
25.4861,1716
25.4889,1717
25.4917,1721
25.4944,1723
25.4972,1718
25.5000,1724
25.5028,1717
25.5056,1719
25.5083,1720
25.5111,1729
25.5139,1726
25.5167,1712
25.5194,1719
25.5222,1718
25.5250,1720
25.5278,1723
25.5306,1724
25.5333,1726
25.5361,1710
25.5389,1712
25.5417,1708
25.5444,1695
25.5472,1701
25.5500,1706
25.5528,1704
25.5556,1709
25.5583,1728
25.5611,1742
25.5639,1760
25.5667,1758
25.5694,1769
25.5722,1777
25.5750,1774
25.5778,1772
25.5806,1772
25.5833,1746
25.5861,1754
25.5889,1769
25.5917,1785
25.5944,1787
25.5972,1801
25.6000,1799
25.6028,1781
25.6056,1775
25.6083,1778
25.6111,1789
25.6139,1789
25.6167,1805
25.6194,1810
25.6222,1828
25.6250,1838
25.6278,1808
25.6306,1790
25.6333,1752
25.6361,1723
25.6389,1728
25.6417,1726
25.6444,1690
25.6472,1684
25.6500,1663
25.6528,1656
25.6556,1646
25.6583,1650
25.6611,1662
25.6639,1656
25.6667,1647
25.6694,1655
25.6722,1647
25.6750,1646
25.6778,1635
25.6806,1638
25.6833,1638
25.6861,1642
25.6889,1640
25.6917,1637
25.6944,1641
25.6972,1646
25.7000,1656
25.7028,1655
25.7056,1655
25.7083,1668
25.7111,1663
25.7139,1661
25.7167,1655
25.7194,1663
25.7222,1687
25.7250,1730
25.7278,1780
25.7306,1809
25.7333,1818
25.7361,1805
25.7389,1794
25.7417,1761
25.7444,1733
25.7472,1720
25.7500,1733
25.7528,1769
25.7556,1872
25.7583,2053
25.7611,2173
25.7639,2120
25.7667,1974
25.7694,1834
25.7722,1761
25.7750,1710
25.7778,1671
25.7806,1633
25.7833,1588
25.7861,1553
25.7889,1523
25.7917,1507
25.7944,1535
25.7972,1578
25.8000,1628
25.8028,1652
25.8056,1662
25.8083,1667
25.8111,1698
25.8139,1679
25.8167,1664
25.8194,1662
25.8222,1663
25.8250,1666
25.8278,1694
25.8306,1715
25.8333,1717
25.8361,1698
25.8389,1694
25.8417,1697
25.8444,1703
25.8472,1714
25.8500,1730
25.8528,1724
25.8556,1717
25.8583,1710
25.8611,1711
25.8639,1720
25.8667,1731
25.8694,1745
25.8722,1750
25.8750,1745
25.8778,1744
25.8806,1753
25.8833,1742
25.8861,1744
25.8889,1762
25.8917,1760
25.8944,1777
25.8972,1775
25.9000,1776
25.9028,1785
25.9056,1788
25.9083,1815
25.9111,1823
25.9139,1825
25.9167,1828
25.9194,1818
25.9222,1821
25.9250,1841
25.9278,1864
25.9306,1874
25.9333,1877
25.9361,1870
25.9389,1866
25.9417,1874
25.9444,1888
25.9472,1895
25.9500,1914
25.9528,2008
25.9556,1999
25.9583,1980
25.9611,1962
25.9639,1958
25.9667,1961
25.9694,1971
25.9722,1966
25.9750,1969
25.9778,1947
25.9806,1949
25.9833,1933
25.9861,1935
25.9889,1946
25.9917,1942
25.9944,1934
25.9972,1931
26.0000,1915
26.0028,1905
26.0056,1907
26.0083,1919
26.0111,1909
26.0139,1879
26.0167,1876
26.0194,1853
26.0222,1827
26.0250,1821
26.0278,1829
26.0306,1818
26.0333,1812
26.0361,1791
26.0389,1776
26.0417,1763
26.0444,1748
26.0472,1757
26.0500,1744
26.0528,1736
26.0556,1727
26.0583,1727
26.0611,1705
26.0639,1699
26.0667,1698
26.0694,1714
26.0722,1697
26.0750,1687
26.0778,1698
26.0806,1680
26.0833,1674
26.0861,1681
26.0889,1686
26.0917,1696
26.0944,1693
26.0972,1695
26.1000,1678
26.1028,1656
26.1056,1664
26.1083,1668
26.1111,1678
26.1139,1692
26.1167,1691
26.1194,1676
26.1222,1660
26.1250,1658
26.1278,1652
26.1306,1668
26.1333,1658
26.1361,1658
26.1389,1650
26.1417,1632
26.1444,1631
26.1472,1638
26.1500,1635
26.1528,1633
26.1556,1621
26.1583,1620
26.1611,1597
26.1639,1581
26.1667,1577
26.1694,1585
26.1722,1582
26.1750,1584
26.1778,1584
26.1806,1594
26.1833,1602
26.1861,1613
26.1889,1626
26.1917,1637
26.1944,1639
26.1972,1644
26.2000,1633
26.2028,1638
26.2056,1642
26.2083,1655
26.2111,1655
26.2139,1669
26.2167,1667
26.2194,1669
26.2222,1680
26.2250,1690
26.2278,1703
26.2306,1704
26.2333,1696
26.2361,1713
26.2389,1715
26.2417,1729
26.2444,1734
26.2472,1750
26.2500,1756
26.2528,1765
26.2556,1762
26.2583,1770
26.2611,1765
26.2639,1765
26.2667,1781
26.2694,1788
26.2722,1794
26.2750,1802
26.2778,1808
26.2806,1793
26.2833,1787
26.2861,1780
26.2889,1790
26.2917,1798
26.2944,1794
26.2972,1788
26.3000,1787
26.3028,1780
26.3056,1769
26.3083,1768
26.3111,1783
26.3139,1783
26.3167,1780
26.3194,1782
26.3222,1786
26.3250,1783
26.3278,1800
26.3306,1819
26.3333,1823
26.3361,1837
26.3389,1839
26.3417,1843
26.3444,1857
26.3472,1870
26.3500,1872
26.3528,1855
26.3556,1852
26.3583,1859
26.3611,1847
26.3639,1855
26.3667,1871
26.3694,1880
26.3722,1876
26.3750,1859
26.3778,1841
26.3806,1829
26.3833,1828
26.3861,1832
26.3889,1828
26.3917,1832
26.3944,1845
26.3972,1852
26.4000,1845
26.4028,1836
26.4056,1826
26.4083,1819
26.4111,1795
26.4139,1783
26.4167,1772
26.4194,1751
26.4222,1730
26.4250,1738
26.4278,1734
26.4306,1717
26.4333,1721
26.4361,1700
26.4389,1706
26.4417,1714
26.4444,1713
26.4472,1732
26.4500,1735
26.4528,1732
26.4556,1713
26.4583,1710
26.4611,1690
26.4639,1691
26.4667,1701
26.4694,1707
26.4722,1701
26.4750,1705
26.4778,1698
26.4806,1695
26.4833,1707
26.4861,1726
26.4889,1744
26.4917,1733
26.4944,1745
26.4972,1779
26.5000,1818
26.5028,1862
26.5056,1889
26.5083,1894
26.5111,1884
26.5139,1846
26.5167,1808
26.5194,1790
26.5222,1805
26.5250,1846
26.5278,1935
26.5306,2089
26.5333,2267
26.5361,2288
26.5389,2146
26.5417,1955
26.5444,1827
26.5472,1769
26.5500,1726
26.5528,1690
26.5556,1643
26.5583,1594
26.5611,1579
26.5639,1589
26.5667,1642
26.5694,1667
26.5722,1676
26.5750,1676
26.5778,1677
26.5806,1669
26.5833,1688
26.5861,1691
26.5889,1679
26.5917,1664
26.5944,1641
26.5972,1656
26.6000,1655
26.6028,1667
26.6056,1680
26.6083,1676
26.6111,1658
26.6139,1650
26.6167,1650
26.6194,1654
26.6222,1676
26.6250,1676
26.6278,1686
26.6306,1682
26.6333,1663
26.6361,1663
26.6389,1677
26.6417,1691
26.6444,1705
26.6472,1729
26.6500,1728
26.6528,1708
26.6556,1697
26.6583,1694
26.6611,1691
26.6639,1690
26.6667,1707
26.6694,1710
26.6722,1702
26.6750,1691
26.6778,1707
26.6806,1726
26.6833,1753
26.6861,1758
26.6889,1749
26.6917,1744
26.6944,1740
26.6972,1733
26.7000,1738
26.7028,1749
26.7056,1755
26.7083,1757
26.7111,1750
26.7139,1747
26.7167,1758
26.7194,1759
26.7222,1797
26.7250,1897
26.7278,1901
26.7306,1892
26.7333,1894
26.7361,1905
26.7389,1891
26.7417,1902
26.7444,1911
26.7472,1905
26.7500,1898
26.7528,1896
26.7556,1897
26.7583,1900
26.7611,1917
26.7639,1916
26.7667,1921
26.7694,1895
26.7722,1896
26.7750,1892
26.7778,1890
26.7806,1871
26.7833,1881
26.7861,1891
26.7889,1878
26.7917,1868
26.7944,1850
26.7972,1843
26.8000,1820
26.8028,1816
26.8056,1822
26.8083,1805
26.8111,1791
26.8139,1783
26.8167,1782
26.8194,1786
26.8222,1771
26.8250,1785
26.8278,1782
26.8306,1776
26.8333,1756
26.8361,1752
26.8389,1737
26.8417,1736
26.8444,1734
26.8472,1732
26.8500,1725
26.8528,1705
26.8556,1722
26.8583,1727
26.8611,1738
26.8639,1732
26.8667,1736
26.8694,1732
26.8722,1723
26.8750,1722
26.8778,1729
26.8806,1733
26.8833,1735
26.8861,1729
26.8889,1730
26.8917,1719
26.8944,1724
26.8972,1732
26.9000,1728
26.9028,1739
26.9056,1735
26.9083,1732
26.9111,1728
26.9139,1734
26.9167,1734
26.9194,1742
26.9222,1742
26.9250,1738
26.9278,1738
26.9306,1734
26.9333,1733
26.9361,1736
26.9389,1736
26.9417,1737
26.9444,1743
26.9472,1747
26.9500,1742
26.9528,1724
26.9556,1716
26.9583,1723
26.9611,1721
26.9639,1711
26.9667,1697
26.9694,1688
26.9722,1673
26.9750,1677
26.9778,1685
26.9806,1685
26.9833,1673
26.9861,1687
26.9889,1681
26.9917,1674
26.9944,1681
26.9972,1682
27.0000,1680
27.0028,1664
27.0056,1662
27.0083,1658
27.0111,1653
27.0139,1643
27.0167,1651
27.0194,1629
27.0222,1630
27.0250,1614
27.0278,1624
27.0306,1619
27.0333,1610
27.0361,1603
27.0389,1604
27.0417,1601
27.0444,1585
27.0472,1580
27.0500,1578
27.0528,1584
27.0556,1586
27.0583,1594
27.0611,1599
27.0639,1586
27.0667,1589
27.0694,1592
27.0722,1598
27.0750,1612
27.0778,1621
27.0806,1628
27.0833,1607
27.0861,1602
27.0889,1600
27.0917,1599
27.0944,1619
27.0972,1634
27.1000,1630
27.1028,1634
27.1056,1642
27.1083,1652
27.1111,1668
27.1139,1686
27.1167,1702
27.1194,1704
27.1222,1710
27.1250,1702
27.1278,1689
27.1306,1686
27.1333,1691
27.1361,1708
27.1389,1733
27.1417,1730
27.1444,1720
27.1472,1715
27.1500,1703
27.1528,1703
27.1556,1704
27.1583,1706
27.1611,1701
27.1639,1707
27.1667,1710
27.1694,1719
27.1722,1730
27.1750,1721
27.1778,1721
27.1806,1697
27.1833,1675
27.1861,1662
27.1889,1646
27.1917,1617
27.1944,1587
27.1972,1592
27.2000,1574
27.2028,1559
27.2056,1553
27.2083,1557
27.2111,1557
27.2139,1565
27.2167,1594
27.2194,1587
27.2222,1579
27.2250,1549
27.2278,1548
27.2306,1551
27.2333,1555
27.2361,1570
27.2389,1580
27.2417,1583
27.2444,1572
27.2472,1580
27.2500,1595
27.2528,1607
27.2556,1615
27.2583,1620
27.2611,1601
27.2639,1603
27.2667,1613
27.2694,1637
27.2722,1686
27.2750,1753
27.2778,1806
27.2806,1811
27.2833,1799
27.2861,1797
27.2889,1772
27.2917,1757
27.2944,1765
27.2972,1778
27.3000,1816
27.3028,1910
27.3056,2092
27.3083,2252
27.3111,2238
27.3139,2105
27.3167,1956
27.3194,1855
27.3222,1797
27.3250,1764
27.3278,1721
27.3306,1670
27.3333,1635
27.3361,1599
27.3389,1612
27.3417,1647
27.3444,1681
27.3472,1707
27.3500,1717
27.3528,1726
27.3556,1748
27.3583,1752
27.3611,1739
27.3639,1733
27.3667,1718
27.3694,1711
27.3722,1727
27.3750,1736
27.3778,1742
27.3806,1756
27.3833,1734
27.3861,1750
27.3889,1737
27.3917,1749
27.3944,1768
27.3972,1782
27.4000,1781
27.4028,1751
27.4056,1735
27.4083,1735
27.4111,1740
27.4139,1746
27.4167,1766
27.4194,1765
27.4222,1763
27.4250,1751
27.4278,1734
27.4306,1729
27.4333,1720
27.4361,1732
27.4389,1733
27.4417,1737
27.4444,1728
27.4472,1724
27.4500,1709
27.4528,1713
27.4556,1709
27.4583,1726
27.4611,1730
27.4639,1739
27.4667,1755
27.4694,1781
27.4722,1807
27.4750,1831
27.4778,1838
27.4806,1861
27.4833,1854
27.4861,1860
27.4889,1875
27.4917,1891
27.4944,1904
27.4972,1924
27.5000,1994
27.5028,1991
27.5056,1990
27.5083,1998
27.5111,2006
27.5139,1997
27.5167,2005
27.5194,1989
27.5222,1965
27.5250,1960
27.5278,1952
27.5306,1942
27.5333,1941
27.5361,1954
27.5389,1954
27.5417,1938
27.5444,1927
27.5472,1908
27.5500,1911
27.5528,1901
27.5556,1896
27.5583,1877
27.5611,1856
27.5639,1837
27.5667,1818
27.5694,1815
27.5722,1789
27.5750,1786
27.5778,1775
27.5806,1749
27.5833,1738
27.5861,1731
27.5889,1701
27.5917,1697
27.5944,1696
27.5972,1695
27.6000,1670
27.6028,1654
27.6056,1650
27.6083,1656
27.6111,1671
27.6139,1675
27.6167,1685
27.6194,1681
27.6222,1672
27.6250,1667
27.6278,1673
27.6306,1675
27.6333,1682
27.6361,1695
27.6389,1683
27.6417,1688
27.6444,1692
27.6472,1685
27.6500,1703
27.6528,1704
27.6556,1717
27.6583,1712
27.6611,1712
27.6639,1710
27.6667,1725
27.6694,1718
27.6722,1727
27.6750,1719
27.6778,1728
27.6806,1718
27.6833,1718
27.6861,1727
27.6889,1728
27.6917,1733
27.6944,1739
27.6972,1740
27.7000,1734
27.7028,1736
27.7056,1732
27.7083,1719
27.7111,1725
27.7139,1724
27.7167,1747
27.7194,1747
27.7222,1736
27.7250,1741
27.7278,1733
27.7306,1728
27.7333,1736
27.7361,1745
27.7389,1750
27.7417,1734
27.7444,1732
27.7472,1732
27.7500,1741
27.7528,1732
27.7556,1750
27.7583,1735
27.7611,1728
27.7639,1722
27.7667,1723
27.7694,1729
27.7722,1748
27.7750,1749
27.7778,1765
27.7806,1751
27.7833,1749
27.7861,1771
27.7889,1772
27.7917,1789
27.7944,1782
27.7972,1789
27.8000,1781
27.8028,1790
27.8056,1799
27.8083,1798
27.8111,1806
27.8139,1818
27.8167,1821
27.8194,1816
27.8222,1815
27.8250,1810
27.8278,1809
27.8306,1805
27.8333,1803
27.8361,1807
27.8389,1797
27.8417,1803
27.8444,1804
27.8472,1809
27.8500,1811
27.8528,1812
27.8556,1817
27.8583,1798
27.8611,1794
27.8639,1794
27.8667,1782
27.8694,1774
27.8722,1784
27.8750,1791
27.8778,1790
27.8806,1813
27.8833,1833
27.8861,1840
27.8889,1839
27.8917,1851
27.8944,1835
27.8972,1837
27.9000,1817
27.9028,1818
27.9056,1836
27.9083,1840
27.9111,1854
27.9139,1846
27.9167,1841
27.9194,1839
27.9222,1815
27.9250,1817
27.9278,1820
27.9306,1814
27.9333,1829
27.9361,1827
27.9389,1822
27.9417,1833
27.9444,1840
27.9472,1835
27.9500,1816
27.9528,1786
27.9556,1779
27.9583,1752
27.9611,1730
27.9639,1719
27.9667,1701
27.9694,1705
27.9722,1701
27.9750,1690
27.9778,1695
27.9806,1687
27.9833,1671
27.9861,1672
27.9889,1666
27.9917,1652
27.9944,1641
27.9972,1647
28.0000,1641
28.0028,1656
28.0056,1661
28.0083,1656
28.0111,1661
28.0139,1649
28.0167,1668
28.0194,1668
28.0222,1677
28.0250,1665
28.0278,1647
28.0306,1642
28.0333,1650
28.0361,1659
28.0389,1683
28.0417,1724
28.0444,1779
28.0472,1827
28.0500,1838
28.0528,1825
28.0556,1795
28.0583,1745
28.0611,1715
28.0639,1700
28.0667,1696
28.0694,1720
28.0722,1816
28.0750,1991
28.0778,2153
28.0806,2180
28.0833,2058
28.0861,1917
28.0889,1792
28.0917,1719
28.0944,1676
28.0972,1637
28.1000,1614
28.1028,1577
28.1056,1542
28.1083,1530
28.1111,1534
28.1139,1573
28.1167,1587
28.1194,1615
28.1222,1619
28.1250,1631
28.1278,1628
28.1306,1619
28.1333,1611
28.1361,1601
28.1389,1605
28.1417,1617
28.1444,1642
28.1472,1659
28.1500,1658
28.1528,1663
28.1556,1640
28.1583,1630
28.1611,1628
28.1639,1649
28.1667,1663
28.1694,1668
28.1722,1666
28.1750,1671
28.1778,1671
28.1806,1671
28.1833,1666
28.1861,1666
28.1889,1665
28.1917,1653
28.1944,1656
28.1972,1660
28.2000,1648
28.2028,1665
28.2056,1687
28.2083,1707
28.2111,1715
28.2139,1705
28.2167,1704
28.2194,1694
28.2222,1676
28.2250,1698
28.2278,1712
28.2306,1704
28.2333,1703
28.2361,1708
28.2389,1710
28.2417,1705
28.2444,1718
28.2472,1739
28.2500,1739
28.2528,1748
28.2556,1744
28.2583,1749
28.2611,1741
28.2639,1746
28.2667,1767
28.2694,1778
28.2722,1877
28.2750,1851
28.2778,1838
28.2806,1832
28.2833,1816
28.2861,1829
28.2889,1838
28.2917,1838
28.2944,1844
28.2972,1831
28.3000,1812
28.3028,1800
28.3056,1810
28.3083,1814
28.3111,1815
28.3139,1828
28.3167,1819
28.3194,1814
28.3222,1797
28.3250,1803
28.3278,1789
28.3306,1765
28.3333,1756
28.3361,1738
28.3389,1715
28.3417,1705
28.3444,1698
28.3472,1693
28.3500,1699
28.3528,1698
28.3556,1695
28.3583,1673
28.3611,1644
28.3639,1637
28.3667,1624
28.3694,1605
28.3722,1604
28.3750,1600
28.3778,1594
28.3806,1588
28.3833,1576
28.3861,1591
28.3889,1591
28.3917,1598
28.3944,1586
28.3972,1587
28.4000,1567
28.4028,1562
28.4056,1568
28.4083,1570
28.4111,1574
28.4139,1600
28.4167,1589
28.4194,1576
28.4222,1573
28.4250,1566
28.4278,1569
28.4306,1571
28.4333,1585
28.4361,1586
28.4389,1580
28.4417,1574
28.4444,1582
28.4472,1594
28.4500,1599
28.4528,1605
28.4556,1614
28.4583,1603
28.4611,1596
28.4639,1594
28.4667,1605
28.4694,1617
28.4722,1621
28.4750,1620
28.4778,1624
28.4806,1600
28.4833,1599
28.4861,1601
28.4889,1614
28.4917,1615
28.4944,1621
28.4972,1610
28.5000,1608
28.5028,1603
28.5056,1597
28.5083,1606
28.5111,1608
28.5139,1625
28.5167,1632
28.5194,1608
28.5222,1605
28.5250,1608
28.5278,1611
28.5306,1612
28.5333,1628
28.5361,1624
28.5389,1625
28.5417,1623
28.5444,1620
28.5472,1624
28.5500,1628
28.5528,1641
28.5556,1653
28.5583,1671
28.5611,1677
28.5639,1654
28.5667,1652
28.5694,1643
28.5722,1637
28.5750,1643
28.5778,1646
28.5806,1641
28.5833,1649
28.5861,1664
28.5889,1668
28.5917,1657
28.5944,1679
28.5972,1675
28.6000,1667
28.6028,1670
28.6056,1685
28.6083,1693
28.6111,1688
28.6139,1690
28.6167,1683
28.6194,1655
28.6222,1658
28.6250,1664
28.6278,1663
28.6306,1677
28.6333,1690
28.6361,1701
28.6389,1700
28.6417,1717
28.6444,1735
28.6472,1741
28.6500,1746
28.6528,1766
28.6556,1779
28.6583,1764
28.6611,1758
28.6639,1758
28.6667,1758
28.6694,1756
28.6722,1777
28.6750,1779
28.6778,1794
28.6806,1792
28.6833,1771
28.6861,1783
28.6889,1778
28.6917,1800
28.6944,1818
28.6972,1827
28.7000,1823
28.7028,1825
28.7056,1843
28.7083,1843
28.7111,1819
28.7139,1813
28.7167,1791
28.7194,1769
28.7222,1756
28.7250,1737
28.7278,1714
28.7306,1699
28.7333,1702
28.7361,1714
28.7389,1689
28.7417,1701
28.7444,1711
28.7472,1709
28.7500,1718
28.7528,1723
28.7556,1727
28.7583,1721
28.7611,1725
28.7639,1720
28.7667,1730
28.7694,1717
28.7722,1717
28.7750,1710
28.7778,1701
28.7806,1719
28.7833,1745
28.7861,1749
28.7889,1746
28.7917,1740
28.7944,1731
28.7972,1725
28.8000,1732
28.8028,1733
28.8056,1773
28.8083,1813
28.8111,1866
28.8139,1890
28.8167,1882
28.8194,1876
28.8222,1857
28.8250,1817
28.8278,1786
28.8306,1773
28.8333,1788
28.8361,1842
28.8389,1966
28.8417,2147
28.8444,2270
28.8472,2205
28.8500,2052
28.8528,1910
28.8556,1835
28.8583,1790
28.8611,1747
28.8639,1709
28.8667,1679
28.8694,1642
28.8722,1633
28.8750,1632
28.8778,1662
28.8806,1685
28.8833,1699
28.8861,1711
28.8889,1722
28.8917,1719
28.8944,1743
28.8972,1739
28.9000,1722
28.9028,1728
28.9056,1727
28.9083,1738
28.9111,1742
28.9139,1755
28.9167,1749
28.9194,1742
28.9222,1730
28.9250,1747
28.9278,1749
28.9306,1754
28.9333,1752
28.9361,1764
28.9389,1741
28.9417,1732
28.9444,1749
28.9472,1754
28.9500,1762
28.9528,1775
28.9556,1780
28.9583,1778
28.9611,1764
28.9639,1754
28.9667,1758
28.9694,1760
28.9722,1779
28.9750,1792
28.9778,1785
28.9806,1789
28.9833,1790
28.9861,1805
28.9889,1811
28.9917,1808
28.9944,1806
28.9972,1805
29.0000,1805
29.0028,1817
29.0056,1814
29.0083,1816
29.0111,1824
29.0139,1827
29.0167,1823
29.0194,1816
29.0222,1823
29.0250,1834
29.0278,1830
29.0306,1851
29.0333,1852
29.0361,1928
29.0389,1913
29.0417,1914
29.0444,1915
29.0472,1916
29.0500,1923
29.0528,1929
29.0556,1920
29.0583,1914
29.0611,1899
29.0639,1899
29.0667,1913
29.0694,1916
29.0722,1913
29.0750,1911
29.0778,1897
29.0806,1898
29.0833,1883
29.0861,1886
29.0889,1875
29.0917,1860
29.0944,1863
29.0972,1841
29.1000,1823
29.1028,1810
29.1056,1808
29.1083,1813
29.1111,1805
29.1139,1790
29.1167,1783
29.1194,1747
29.1222,1756
29.1250,1747
29.1278,1740
29.1306,1732
29.1333,1719
29.1361,1705
29.1389,1683
29.1417,1679
29.1444,1681
29.1472,1693
29.1500,1688
29.1528,1697
29.1556,1683
29.1583,1660
29.1611,1643
29.1639,1652
29.1667,1656
29.1694,1657
29.1722,1667
29.1750,1655
29.1778,1652
29.1806,1649
29.1833,1639
29.1861,1655
29.1889,1653
29.1917,1645
29.1944,1649
29.1972,1644
29.2000,1627
29.2028,1624
29.2056,1621
29.2083,1620
29.2111,1623
29.2139,1624
29.2167,1626
29.2194,1611
29.2222,1621
29.2250,1609
29.2278,1614
29.2306,1625
29.2333,1631
29.2361,1608
29.2389,1604
29.2417,1600
29.2444,1596
29.2472,1597
29.2500,1601
29.2528,1609
29.2556,1611
29.2583,1606
29.2611,1602
29.2639,1605
29.2667,1597
29.2694,1598
29.2722,1609
29.2750,1606
29.2778,1606
29.2806,1604
29.2833,1603
29.2861,1599
29.2889,1591
29.2917,1590
29.2944,1599
29.2972,1602
29.3000,1586
29.3028,1599
29.3056,1597
29.3083,1590
29.3111,1586
29.3139,1599
29.3167,1591
29.3194,1586
29.3222,1579
29.3250,1593
29.3278,1604
29.3306,1611
29.3333,1621
29.3361,1614
29.3389,1613
29.3417,1610
29.3444,1625
29.3472,1617
29.3500,1618
29.3528,1620
29.3556,1606
29.3583,1597
29.3611,1611
29.3639,1613
29.3667,1611
29.3694,1605
29.3722,1619
29.3750,1618
29.3778,1618
29.3806,1612
29.3833,1613
29.3861,1613
29.3889,1618
29.3917,1621
29.3944,1629
29.3972,1636
29.4000,1646
29.4028,1673
29.4056,1670
29.4083,1683
29.4111,1685
29.4139,1691
29.4167,1681
29.4194,1670
29.4222,1666
29.4250,1664
29.4278,1662
29.4306,1689
29.4333,1705
29.4361,1707
29.4389,1698
29.4417,1694
29.4444,1685
29.4472,1670
29.4500,1668
29.4528,1674
29.4556,1682
29.4583,1683
29.4611,1699
29.4639,1711
29.4667,1712
29.4694,1709
29.4722,1704
29.4750,1683
29.4778,1651
29.4806,1631
29.4833,1614
29.4861,1596
29.4889,1597
29.4917,1594
29.4944,1595
29.4972,1589
29.5000,1580
29.5028,1587
29.5056,1579
29.5083,1579
29.5111,1599
29.5139,1615
29.5167,1608
29.5194,1589
29.5222,1593
29.5250,1594
29.5278,1591
29.5306,1596
29.5333,1592
29.5361,1607
29.5389,1597
29.5417,1603
29.5444,1611
29.5472,1603
29.5500,1605
29.5528,1603
29.5556,1614
29.5583,1610
29.5611,1627
29.5639,1663
29.5667,1709
29.5694,1756
29.5722,1783
29.5750,1787
29.5778,1761
29.5806,1728
29.5833,1705
29.5861,1680
29.5889,1672
29.5917,1700
29.5944,1763
29.5972,1891
29.6000,2063
29.6028,2141
29.6056,2052
29.6083,1902
29.6111,1783
29.6139,1728
29.6167,1686
29.6194,1638
29.6222,1599
29.6250,1551
29.6278,1506
29.6306,1498
29.6333,1509
29.6361,1543
29.6389,1574
29.6417,1593
29.6444,1607
29.6472,1617
29.6500,1619
29.6528,1620
29.6556,1610
29.6583,1591
29.6611,1595
29.6639,1599
29.6667,1620
29.6694,1632
29.6722,1650
29.6750,1650
29.6778,1632
29.6806,1613
29.6833,1611
29.6861,1615
29.6889,1622
29.6917,1648
29.6944,1649
29.6972,1639
29.7000,1630
29.7028,1633
29.7056,1644
29.7083,1655
29.7111,1674
29.7139,1684
29.7167,1650
29.7194,1637
29.7222,1649
29.7250,1655
29.7278,1672
29.7306,1688
29.7333,1700
29.7361,1693
29.7389,1685
29.7417,1682
29.7444,1686
29.7472,1697
29.7500,1710
29.7528,1729
29.7556,1722
29.7583,1721
29.7611,1706
29.7639,1717
29.7667,1719
29.7694,1737
29.7722,1753
29.7750,1767
29.7778,1760
29.7806,1757
29.7833,1754
29.7861,1760
29.7889,1777
29.7917,1783
29.7944,1925
29.7972,1906
29.8000,1907
29.8028,1893
29.8056,1897
29.8083,1898
29.8111,1906
29.8139,1895
29.8167,1880
29.8194,1859
29.8222,1866
29.8250,1885
29.8278,1903
29.8306,1919
29.8333,1938
29.8361,1926
29.8389,1897
29.8417,1893
29.8444,1895
29.8472,1901
29.8500,1909
29.8528,1903
29.8556,1871
29.8583,1853
29.8611,1839
29.8639,1836
29.8667,1855
29.8694,1846
29.8722,1855
29.8750,1836
29.8778,1815
29.8806,1797
29.8833,1799
29.8861,1810
29.8889,1834
29.8917,1841
29.8944,1839
29.8972,1811
29.9000,1794
29.9028,1781
29.9056,1779
29.9083,1788
29.9111,1808
29.9139,1799
29.9167,1792
29.9194,1798
29.9222,1814
29.9250,1820
29.9278,1825
29.9306,1845
29.9333,1842
29.9361,1821
29.9389,1809
29.9417,1806
29.9444,1810
29.9472,1818
29.9500,1828
29.9528,1831
29.9556,1826
29.9583,1811
29.9611,1819
29.9639,1831
29.9667,1839
29.9694,1852
29.9722,1850
29.9750,1840
29.9778,1828
29.9806,1839
29.9833,1846
29.9861,1856
29.9889,1850
29.9917,1838
29.9944,1832
29.9972,1817
30.0000,1807
30.0028,1801
30.0056,1805
30.0083,1813
30.0111,1827
30.0139,1815
30.0167,1819
30.0194,1818
30.0222,1823
30.0250,1824
30.0278,1813
30.0306,1812
30.0333,1814
30.0361,1813
30.0389,1802
30.0417,1812
30.0444,1813
30.0472,1816
30.0500,1818
30.0528,1825
30.0556,1815
30.0583,1810
30.0611,1797
30.0639,1793
30.0667,1803
30.0694,1815
30.0722,1805
30.0750,1800
30.0778,1791
30.0806,1782
30.0833,1781
30.0861,1786
30.0889,1799
30.0917,1793
30.0944,1798
30.0972,1790
30.1000,1790
30.1028,1795
30.1056,1784
30.1083,1784
30.1111,1792
30.1139,1785
30.1167,1770
30.1194,1773
30.1222,1780
30.1250,1788
30.1278,1792
30.1306,1805
30.1333,1804
30.1361,1812
30.1389,1807
30.1417,1831
30.1444,1832
30.1472,1834
30.1500,1844
30.1528,1859
30.1556,1842
30.1583,1841
30.1611,1824
30.1639,1834
30.1667,1838
30.1694,1859
30.1722,1861
30.1750,1873
30.1778,1869
30.1806,1856
30.1833,1840
30.1861,1832
30.1889,1833
30.1917,1843
30.1944,1833
30.1972,1844
30.2000,1857
30.2028,1877
30.2056,1866
30.2083,1843
30.2111,1817
30.2139,1790
30.2167,1772
30.2194,1763
30.2222,1747
30.2250,1738
30.2278,1718
30.2306,1703
30.2333,1695
30.2361,1684
30.2389,1665
30.2417,1669
30.2444,1667
30.2472,1656
30.2500,1654
30.2528,1642
30.2556,1642
30.2583,1642
30.2611,1643
30.2639,1642
30.2667,1646
30.2694,1649
30.2722,1655
30.2750,1649
30.2778,1640
30.2806,1660
30.2833,1663
30.2861,1677
30.2889,1659
30.2917,1663
30.2944,1656
30.2972,1656
30.3000,1668
30.3028,1699
30.3056,1733
30.3083,1783
30.3111,1804
30.3139,1811
30.3167,1807
30.3194,1777
30.3222,1750
30.3250,1716
30.3278,1700
30.3306,1705
30.3333,1748
30.3361,1874
30.3389,2057
30.3417,2190
30.3444,2123
30.3472,1943
30.3500,1781
30.3528,1697
30.3556,1652
30.3583,1615
30.3611,1598
30.3639,1570
30.3667,1530
30.3694,1504
30.3722,1518
30.3750,1536
30.3778,1580
30.3806,1610
30.3833,1640
30.3861,1665
30.3889,1660
30.3917,1655
30.3944,1661
30.3972,1637
30.4000,1615
30.4028,1613
30.4056,1617
30.4083,1631
30.4111,1641
30.4139,1647
30.4167,1629
30.4194,1622
30.4222,1613
30.4250,1622
30.4278,1632
30.4306,1643
30.4333,1637
30.4361,1619
30.4389,1595
30.4417,1592
30.4444,1604
30.4472,1631
30.4500,1653
30.4528,1655
30.4556,1643
30.4583,1608
30.4611,1598
30.4639,1606
30.4667,1610
30.4694,1634
30.4722,1647
30.4750,1662
30.4778,1648
30.4806,1651
30.4833,1654
30.4861,1671
30.4889,1683
30.4917,1702
30.4944,1702
30.4972,1685
30.5000,1662
30.5028,1666
30.5056,1677
30.5083,1700
30.5111,1724
30.5139,1741
30.5167,1737
30.5194,1727
30.5222,1732
30.5250,1720
30.5278,1749
30.5306,1766
30.5333,1880
30.5361,1852
30.5389,1858
30.5417,1846
30.5444,1855
30.5472,1878
30.5500,1889
30.5528,1901
30.5556,1888
30.5583,1880
30.5611,1878
30.5639,1887
30.5667,1887
30.5694,1880
30.5722,1879
30.5750,1849
30.5778,1832
30.5806,1821
30.5833,1829
30.5861,1849
30.5889,1862
30.5917,1852
30.5944,1836
30.5972,1813
30.6000,1802
30.6028,1794
30.6056,1800
30.6083,1794
30.6111,1784
30.6139,1764
30.6167,1734
30.6194,1712
30.6222,1709
30.6250,1714
30.6278,1721
30.6306,1721
30.6333,1730
30.6361,1699
30.6389,1699
30.6417,1691
30.6444,1703
30.6472,1710
30.6500,1710
30.6528,1706
30.6556,1680
30.6583,1666
30.6611,1672
30.6639,1678
30.6667,1684
30.6694,1707
30.6722,1718
30.6750,1714
30.6778,1698
30.6806,1696
30.6833,1690
30.6861,1691
30.6889,1705
30.6917,1710
30.6944,1694
30.6972,1682
30.7000,1683
30.7028,1698
30.7056,1698
30.7083,1711
30.7111,1722
30.7139,1714
30.7167,1698
30.7194,1691
30.7222,1687
30.7250,1676
30.7278,1679
30.7306,1693
30.7333,1695
30.7361,1686
30.7389,1686
30.7417,1681
30.7444,1690
30.7472,1698
30.7500,1702
30.7528,1707
30.7556,1712
30.7583,1697
30.7611,1684
30.7639,1685
30.7667,1670
30.7694,1688
30.7722,1698
30.7750,1702
30.7778,1704
30.7806,1689
30.7833,1692
30.7861,1698
30.7889,1689
30.7917,1696
30.7944,1692
30.7972,1692
30.8000,1674
30.8028,1684
30.8056,1680
30.8083,1686
30.8111,1703
30.8139,1700
30.8167,1700
30.8194,1706
30.8222,1698
30.8250,1706
30.8278,1703
30.8306,1704
30.8333,1701
30.8361,1695
30.8389,1709
30.8417,1714
30.8444,1723
30.8472,1714
30.8500,1699
30.8528,1685
30.8556,1669
30.8583,1660
30.8611,1681
30.8639,1696
30.8667,1708
30.8694,1726
30.8722,1746
30.8750,1745
30.8778,1747
30.8806,1768
30.8833,1772
30.8861,1775
30.8889,1768
30.8917,1765
30.8944,1739
30.8972,1737
30.9000,1744
30.9028,1761
30.9056,1757
30.9083,1763
30.9111,1782
30.9139,1780
30.9167,1771
30.9194,1757
30.9222,1762
30.9250,1777
30.9278,1793
30.9306,1822
30.9333,1828
30.9361,1831
30.9389,1820
30.9417,1804
30.9444,1769
30.9472,1720
30.9500,1709
30.9528,1685
30.9556,1652
30.9583,1635
30.9611,1633
30.9639,1639
30.9667,1639
30.9694,1647
30.9722,1640
30.9750,1632
30.9778,1609
30.9806,1590
30.9833,1586
30.9861,1580
30.9889,1586
30.9917,1591
30.9944,1618
30.9972,1609
31.0000,1604
31.0028,1617
31.0056,1607
31.0083,1609
31.0111,1603
31.0139,1598
31.0167,1577
31.0194,1584
31.0222,1587
31.0250,1587
31.0278,1604
31.0306,1605
31.0333,1616
31.0361,1637
31.0389,1673
31.0417,1704
31.0444,1735
31.0472,1728
31.0500,1723
31.0528,1695
31.0556,1660
31.0583,1642
31.0611,1643
31.0639,1662
31.0667,1715
31.0694,1841
31.0722,2029
31.0750,2161
31.0778,2103
31.0806,1996
31.0833,1859
31.0861,1796
31.0889,1755
31.0917,1689
31.0944,1605
31.0972,1536
31.1000,1466
31.1028,1425
31.1056,1394
31.1083,1415
31.1111,1449
31.1139,1506
31.1167,1551
31.1194,1592
31.1222,1619
31.1250,1631
31.1278,1620
31.1306,1597
31.1333,1570
31.1361,1565
31.1389,1581
31.1417,1617
31.1444,1644
31.1472,1681
31.1500,1673
31.1528,1652
31.1556,1627
31.1583,1603
31.1611,1621
31.1639,1621
31.1667,1620
31.1694,1632
31.1722,1639
31.1750,1635
31.1778,1640
31.1806,1640
31.1833,1646
31.1861,1644
31.1889,1636
31.1917,1638
31.1944,1645
31.1972,1662
31.2000,1678
31.2028,1696
31.2056,1688
31.2083,1664
31.2111,1659
31.2139,1644
31.2167,1627
31.2194,1646
31.2222,1678
31.2250,1680
31.2278,1684
31.2306,1684
31.2333,1696
31.2361,1683
31.2389,1682
31.2417,1682
31.2444,1687
31.2472,1685
31.2500,1697
31.2528,1699
31.2556,1698
31.2583,1718
31.2611,1738
31.2639,1735
31.2667,1859
31.2694,1836
31.2722,1842
31.2750,1841
31.2778,1840
31.2806,1843
31.2833,1842
31.2861,1837
31.2889,1840
31.2917,1831
31.2944,1833
31.2972,1831
31.3000,1832
31.3028,1844
31.3056,1847
31.3083,1848
31.3111,1818
31.3139,1805
31.3167,1776
31.3194,1793
31.3222,1805
31.3250,1824
31.3278,1828
31.3306,1826
31.3333,1811
31.3361,1761
31.3389,1758
31.3417,1743
31.3444,1735
31.3472,1735
31.3500,1722
31.3528,1705
31.3556,1677
31.3583,1670
31.3611,1683
31.3639,1673
31.3667,1683
31.3694,1690
31.3722,1694
31.3750,1676
31.3778,1666
31.3806,1640
31.3833,1638
31.3861,1642
31.3889,1650
31.3917,1656
31.3944,1650
31.3972,1654
31.4000,1663
31.4028,1661
31.4056,1646
31.4083,1628
31.4111,1632
31.4139,1629
31.4167,1639
31.4194,1671
31.4222,1676
31.4250,1673
31.4278,1659
31.4306,1661
31.4333,1651
31.4361,1651
31.4389,1659
31.4417,1661
31.4444,1659
31.4472,1652
31.4500,1653
31.4528,1639
31.4556,1635
31.4583,1635
31.4611,1643
31.4639,1661
31.4667,1671
31.4694,1681
31.4722,1664
31.4750,1666
31.4778,1649
31.4806,1667
31.4833,1669
31.4861,1678
31.4889,1678
31.4917,1682
31.4944,1648
31.4972,1643
31.5000,1646
31.5028,1639
31.5056,1634
31.5083,1651
31.5111,1666
31.5139,1676
31.5167,1668
31.5194,1633
31.5222,1625
31.5250,1616
31.5278,1618
31.5306,1631
31.5333,1614
31.5361,1617
31.5389,1629
31.5417,1644
31.5444,1645
31.5472,1639
31.5500,1627
31.5528,1624
31.5556,1613
31.5583,1623
31.5611,1625
31.5639,1619
31.5667,1643
31.5694,1648
31.5722,1658
31.5750,1636
31.5778,1624
31.5806,1609
31.5833,1598
31.5861,1596
31.5889,1589
31.5917,1590
31.5944,1594
31.5972,1600
31.6000,1614
31.6028,1631
31.6056,1638
31.6083,1667
31.6111,1681
31.6139,1688
31.6167,1683
31.6194,1696
31.6222,1699
31.6250,1699
31.6278,1697
31.6306,1686
31.6333,1685
31.6361,1688
31.6389,1707
31.6417,1730
31.6444,1726
31.6472,1729
31.6500,1727
31.6528,1696
31.6556,1675
31.6583,1670
31.6611,1691
31.6639,1719
31.6667,1730
31.6694,1754
31.6722,1761
31.6750,1746
31.6778,1736
31.6806,1698
31.6833,1685
31.6861,1652
31.6889,1648
31.6917,1631
31.6944,1611
31.6972,1587
31.7000,1586
31.7028,1585
31.7056,1587
31.7083,1587
31.7111,1582
31.7139,1570
31.7167,1561
31.7194,1548
31.7222,1527
31.7250,1531
31.7278,1526
31.7306,1550
31.7333,1544
31.7361,1550
31.7389,1547
31.7417,1554
31.7444,1551
31.7472,1554
31.7500,1555
31.7528,1558
31.7556,1547
31.7583,1543
31.7611,1554
31.7639,1544
31.7667,1546
31.7694,1574
31.7722,1605
31.7750,1643
31.7778,1699
31.7806,1726
31.7833,1724
31.7861,1689
31.7889,1654
31.7917,1625
31.7944,1602
31.7972,1610
31.8000,1646
31.8028,1728
31.8056,1866
31.8083,2056
31.8111,2140
31.8139,2067
31.8167,1924
31.8194,1810
31.8222,1744
31.8250,1692
31.8278,1644
31.8306,1579
31.8333,1513
31.8361,1444
31.8389,1390
31.8417,1378
31.8444,1406
31.8472,1458
31.8500,1505
31.8528,1543
31.8556,1567
31.8583,1590
31.8611,1600
31.8639,1594
31.8667,1579
31.8694,1575
31.8722,1573
31.8750,1592
31.8778,1611
31.8806,1634
31.8833,1629
31.8861,1624
31.8889,1616
31.8917,1600
31.8944,1596
31.8972,1618
31.9000,1631
31.9028,1647
31.9056,1648
31.9083,1628
31.9111,1639
31.9139,1643
31.9167,1645
31.9194,1662
31.9222,1661
31.9250,1670
31.9278,1671
31.9306,1681
31.9333,1680
31.9361,1686
31.9389,1709
31.9417,1725
31.9444,1721
31.9472,1717
31.9500,1715
31.9528,1714
31.9556,1706
31.9583,1723
31.9611,1726
31.9639,1721
31.9667,1724
31.9694,1731
31.9722,1735
31.9750,1733
31.9778,1760
31.9806,1767
31.9833,1774
31.9861,1774
31.9889,1775
31.9917,1761
31.9944,1762
31.9972,1780
32.0000,1799
32.0028,1931
32.0056,1913
32.0083,1919
32.0111,1893
32.0139,1903
32.0167,1902
32.0194,1919
32.0222,1919
32.0250,1918
32.0278,1912
32.0306,1912
32.0333,1887
32.0361,1882
32.0389,1894
32.0417,1901
32.0444,1901
32.0472,1889
32.0500,1883
32.0528,1877
32.0556,1868
32.0583,1861
32.0611,1857
32.0639,1863
32.0667,1852
32.0694,1858
32.0722,1836
32.0750,1838
32.0778,1831
32.0806,1834
32.0833,1811
32.0861,1801
32.0889,1798
32.0917,1783
32.0944,1770
32.0972,1772
32.1000,1792
32.1028,1797
32.1056,1796
32.1083,1777
32.1111,1768
32.1139,1746
32.1167,1734
32.1194,1744
32.1222,1740
32.1250,1750
32.1278,1761
32.1306,1767
32.1333,1743
32.1361,1743
32.1389,1747
32.1417,1746
32.1444,1749
32.1472,1740
32.1500,1740
32.1528,1738
32.1556,1742
32.1583,1754
32.1611,1771
32.1639,1765
32.1667,1778
32.1694,1769
32.1722,1770
32.1750,1759
32.1778,1773
32.1806,1769
32.1833,1794
32.1861,1787
32.1889,1794
32.1917,1781
32.1944,1780
32.1972,1775
32.2000,1775
32.2028,1783
32.2056,1782
32.2083,1789
32.2111,1790
32.2139,1793
32.2167,1782
32.2194,1801
32.2222,1795
32.2250,1795
32.2278,1799
32.2306,1793
32.2333,1792
32.2361,1788
32.2389,1799
32.2417,1796
32.2444,1800
32.2472,1791
32.2500,1802
32.2528,1811
32.2556,1808
32.2583,1807
32.2611,1802
32.2639,1804
32.2667,1801
32.2694,1792
32.2722,1791
32.2750,1790
32.2778,1796
32.2806,1796
32.2833,1797
32.2861,1785
32.2889,1796
32.2917,1793
32.2944,1796
32.2972,1805
32.3000,1809
32.3028,1814
32.3056,1802
32.3083,1806
32.3111,1801
32.3139,1802
32.3167,1787
32.3194,1796
32.3222,1789
32.3250,1797
32.3278,1789
32.3306,1787
32.3333,1790
32.3361,1793
32.3389,1796
32.3417,1808
32.3444,1805
32.3472,1798
32.3500,1811
32.3528,1807
32.3556,1805
32.3583,1823
32.3611,1835
32.3639,1855
32.3667,1870
32.3694,1886
32.3722,1891
32.3750,1895
32.3778,1904
32.3806,1896
32.3833,1891
32.3861,1880
32.3889,1885
32.3917,1890
32.3944,1905
32.3972,1923
32.4000,1921
32.4028,1912
32.4056,1894
32.4083,1889
32.4111,1875
32.4139,1868
32.4167,1871
32.4194,1877
32.4222,1878
32.4250,1888
32.4278,1896
32.4306,1885
32.4333,1862
32.4361,1840
32.4389,1848
32.4417,1830
32.4444,1809
32.4472,1786
32.4500,1768
32.4528,1751
32.4556,1763
32.4583,1762
32.4611,1745
32.4639,1744
32.4667,1742
32.4694,1739
32.4722,1728
32.4750,1733
32.4778,1726
32.4806,1740
32.4833,1737
32.4861,1742
32.4889,1746
32.4917,1736
32.4944,1746
32.4972,1742
32.5000,1750
32.5028,1744
32.5056,1745
32.5083,1746
32.5111,1760
32.5139,1751
32.5167,1753
32.5194,1769
32.5222,1783
32.5250,1817
32.5278,1880
32.5306,1940
32.5333,1966
32.5361,1958
32.5389,1962
32.5417,1924
32.5444,1894
32.5472,1878
32.5500,1899
32.5528,1935
32.5556,2043
32.5583,2212
32.5611,2364
32.5639,2350
32.5667,2167
32.5694,1987
32.5722,1859
32.5750,1797
32.5778,1766
32.5806,1728
32.5833,1682
32.5861,1645
32.5889,1640
32.5917,1643
32.5944,1668
32.5972,1692
32.6000,1716
32.6028,1724
32.6056,1741
32.6083,1743
32.6111,1748
32.6139,1747
32.6167,1738
32.6194,1729
32.6222,1724
32.6250,1733
32.6278,1745
32.6306,1758
32.6333,1747
32.6361,1757
32.6389,1747
32.6417,1733
32.6444,1749
32.6472,1762
32.6500,1766
32.6528,1769
32.6556,1755
32.6583,1741
32.6611,1742
32.6639,1755
32.6667,1769
32.6694,1783
32.6722,1787
32.6750,1768
32.6778,1766
32.6806,1757
32.6833,1755
32.6861,1773
32.6889,1789
32.6917,1775
32.6944,1773
32.6972,1770
32.7000,1766
32.7028,1759
32.7056,1770
32.7083,1790
32.7111,1798
32.7139,1790
32.7167,1786
32.7194,1789
32.7222,1787
32.7250,1797
32.7278,1817
32.7306,1816
32.7333,1823
32.7361,1837
32.7389,1835
32.7417,1841
32.7444,1844
32.7472,1855
32.7500,1875
32.7528,1876
32.7556,1882
32.7583,1873
32.7611,1869
32.7639,1884
32.7667,1951
32.7694,1931
32.7722,1926
32.7750,1914
32.7778,1903
32.7806,1907
32.7833,1915
32.7861,1921
32.7889,1910
32.7917,1888
32.7944,1874
32.7972,1866
32.8000,1848
32.8028,1838
32.8056,1844
32.8083,1835
32.8111,1826
32.8139,1809
32.8167,1800
32.8194,1779
32.8222,1779
32.8250,1769
32.8278,1774
32.8306,1752
32.8333,1720
32.8361,1709
32.8389,1704
32.8417,1712
32.8444,1705
32.8472,1720
32.8500,1701
32.8528,1684
32.8556,1656
32.8583,1638
32.8611,1640
32.8639,1640
32.8667,1655
32.8694,1662
32.8722,1654
32.8750,1635
32.8778,1624
32.8806,1631
32.8833,1637
32.8861,1643
32.8889,1658
32.8917,1646
32.8944,1645
32.8972,1646
32.9000,1638
32.9028,1651
32.9056,1641
32.9083,1652
32.9111,1641
32.9139,1646
32.9167,1647
32.9194,1647
32.9222,1656
32.9250,1658
32.9278,1668
32.9306,1664
32.9333,1670
32.9361,1665
32.9389,1671
32.9417,1675
32.9444,1680
32.9472,1678
32.9500,1678
32.9528,1685
32.9556,1669
32.9583,1671
32.9611,1671
32.9639,1667
32.9667,1681
32.9694,1671
32.9722,1661
32.9750,1672
32.9778,1675
32.9806,1667
32.9833,1673
32.9861,1674
32.9889,1677
32.9917,1672
32.9944,1659
32.9972,1656
33.0000,1663
33.0028,1666
33.0056,1666
33.0083,1675
33.0111,1658
33.0139,1658
33.0167,1658
33.0194,1655
33.0222,1662
33.0250,1662
33.0278,1664
33.0306,1670
33.0333,1655
33.0361,1665
33.0389,1665
33.0417,1658
33.0444,1667
33.0472,1666
33.0500,1667
33.0528,1660
33.0556,1658
33.0583,1667
33.0611,1674
33.0639,1684
33.0667,1678
33.0694,1684
33.0722,1671
33.0750,1663
33.0778,1663
33.0806,1659
33.0833,1656
33.0861,1674
33.0889,1688
33.0917,1681
33.0944,1671
33.0972,1677
33.1000,1671
33.1028,1671
33.1056,1681
33.1083,1682
33.1111,1680
33.1139,1682
33.1167,1681
33.1194,1679
33.1222,1696
33.1250,1692
33.1278,1711
33.1306,1727
33.1333,1744
33.1361,1761
33.1389,1766
33.1417,1771
33.1444,1767
33.1472,1777
33.1500,1781
33.1528,1763
33.1556,1756
33.1583,1757
33.1611,1760
33.1639,1769
33.1667,1774
33.1694,1778
33.1722,1769
33.1750,1772
33.1778,1770
33.1806,1777
33.1833,1776
33.1861,1777
33.1889,1784
33.1917,1789
33.1944,1787
33.1972,1785
33.2000,1776
33.2028,1749
33.2056,1741
33.2083,1741
33.2111,1737
33.2139,1711
33.2167,1694
33.2194,1690
33.2222,1690
33.2250,1687
33.2278,1697
33.2306,1686
33.2333,1665
33.2361,1671
33.2389,1680
33.2417,1675
33.2444,1679
33.2472,1696
33.2500,1692
33.2528,1678
33.2556,1674
33.2583,1682
33.2611,1695
33.2639,1679
33.2667,1689
33.2694,1700
33.2722,1689
33.2750,1706
33.2778,1702
33.2806,1709
33.2833,1712
33.2861,1717
33.2889,1735
33.2917,1774
33.2944,1834
33.2972,1891
33.3000,1920
33.3028,1924
33.3056,1915
33.3083,1878
33.3111,1835
33.3139,1820
33.3167,1825
33.3194,1848
33.3222,1934
33.3250,2089
33.3278,2274
33.3306,2314
33.3333,2168
33.3361,1981
33.3389,1822
33.3417,1735
33.3444,1710
33.3472,1662
33.3500,1618
33.3528,1590
33.3556,1580
33.3583,1610
33.3611,1653
33.3639,1683
33.3667,1701
33.3694,1737
33.3722,1746
33.3750,1760
33.3778,1766
33.3806,1751
33.3833,1734
33.3861,1715
33.3889,1708
33.3917,1706
33.3944,1704
33.3972,1719
33.4000,1733
33.4028,1745
33.4056,1729
33.4083,1738
33.4111,1744
33.4139,1746
33.4167,1756
33.4194,1747
33.4222,1740
33.4250,1730
33.4278,1737
33.4306,1742
33.4333,1743
33.4361,1754
33.4389,1763
33.4417,1771
33.4444,1755
33.4472,1749
33.4500,1750
33.4528,1754
33.4556,1764
33.4583,1784
33.4611,1774
33.4639,1781
33.4667,1777
33.4694,1795
33.4722,1776
33.4750,1789
33.4778,1802
33.4806,1814
33.4833,1808
33.4861,1799
33.4889,1804
33.4917,1815
33.4944,1835
33.4972,1856
33.5000,1852
33.5028,1861
33.5056,1850
33.5083,1840
33.5111,1841
33.5139,1862
33.5167,1877
33.5194,1872
33.5222,1973
33.5250,1937
33.5278,1932
33.5306,1926
33.5333,1927
33.5361,1929
33.5389,1939
33.5417,1947
33.5444,1954
33.5472,1936
33.5500,1905
33.5528,1891
33.5556,1907
33.5583,1908
33.5611,1913
33.5639,1921
33.5667,1891
33.5694,1865
33.5722,1860
33.5750,1857
33.5778,1850
33.5806,1855
33.5833,1830
33.5861,1834
33.5889,1818
33.5917,1803
33.5944,1800
33.5972,1801
33.6000,1807
33.6028,1785
33.6056,1769
33.6083,1747
33.6111,1734
33.6139,1729
33.6167,1730
33.6194,1735
33.6222,1720
33.6250,1710
33.6278,1716
33.6306,1680
33.6333,1684
33.6361,1685
33.6389,1677
33.6417,1687
33.6444,1687
33.6472,1688
33.6500,1679
33.6528,1685
33.6556,1693
33.6583,1698
33.6611,1695
33.6639,1694
33.6667,1693
33.6694,1683
33.6722,1676
33.6750,1689
33.6778,1687
33.6806,1689
33.6833,1700
33.6861,1699
33.6889,1695
33.6917,1699
33.6944,1694
33.6972,1700
33.7000,1695
33.7028,1694
33.7056,1699
33.7083,1705
33.7111,1692
33.7139,1696
33.7167,1695
33.7194,1709
33.7222,1699
33.7250,1710
33.7278,1712
33.7306,1714
33.7333,1720
33.7361,1730
33.7389,1716
33.7417,1713
33.7444,1721
33.7472,1723
33.7500,1721
33.7528,1710
33.7556,1722
33.7583,1735
33.7611,1730
33.7639,1729
33.7667,1724
33.7694,1723
33.7722,1717
33.7750,1715
33.7778,1729
33.7806,1723
33.7833,1731
33.7861,1727
33.7889,1722
33.7917,1716
33.7944,1728
33.7972,1732
33.8000,1740
33.8028,1734
33.8056,1728
33.8083,1715
33.8111,1708
33.8139,1703
33.8167,1724
33.8194,1737
33.8222,1739
33.8250,1738
33.8278,1743
33.8306,1733
33.8333,1714
33.8361,1729
33.8389,1719
33.8417,1724
33.8444,1718
33.8472,1713
33.8500,1709
33.8528,1708
33.8556,1717
33.8583,1716
33.8611,1730
33.8639,1717
33.8667,1722
33.8694,1722
33.8722,1710
33.8750,1716
33.8778,1712
33.8806,1707
33.8833,1703
33.8861,1705
33.8889,1696
33.8917,1698
33.8944,1719
33.8972,1707
33.9000,1708
33.9028,1717
33.9056,1712
33.9083,1713
33.9111,1703
33.9139,1696
33.9167,1715
33.9194,1705
33.9222,1701
33.9250,1715
33.9278,1720
33.9306,1745
33.9333,1757
33.9361,1795
33.9389,1786
33.9417,1802
33.9444,1799
33.9472,1792
33.9500,1790
33.9528,1780
33.9556,1772
33.9583,1771
33.9611,1774
33.9639,1778
33.9667,1770
33.9694,1788
33.9722,1769
33.9750,1769
33.9778,1776
33.9806,1780
33.9833,1777
33.9861,1783
33.9889,1791
33.9917,1784
33.9944,1783
33.9972,1775
34.0000,1753
34.0028,1740
34.0056,1723
34.0083,1711
34.0111,1687
34.0139,1668
34.0167,1645
34.0194,1640
34.0222,1630
34.0250,1641
34.0278,1627
34.0306,1637
34.0333,1621
34.0361,1629
34.0389,1630
34.0417,1622
34.0444,1612
34.0472,1610
34.0500,1599
34.0528,1603
34.0556,1602
34.0583,1617
34.0611,1610
34.0639,1611
34.0667,1611
34.0694,1587
34.0722,1600
34.0750,1597
34.0778,1617
34.0806,1615
34.0833,1618
34.0861,1633
34.0889,1647
34.0917,1674
34.0944,1722
34.0972,1774
34.1000,1806
34.1028,1801
34.1056,1793
34.1083,1763
34.1111,1711
34.1139,1703
34.1167,1691
34.1194,1704
34.1222,1738
34.1250,1858
34.1278,2041
34.1306,2172
34.1333,2127
34.1361,1985
34.1389,1831
34.1417,1734
34.1444,1686
34.1472,1644
34.1500,1589
34.1528,1538
34.1556,1505
34.1583,1488
34.1611,1516
34.1639,1550
34.1667,1596
34.1694,1603
34.1722,1614
34.1750,1620
34.1778,1619
34.1806,1621
34.1833,1612
34.1861,1606
34.1889,1599
34.1917,1607
34.1944,1610
34.1972,1617
34.2000,1633
34.2028,1627
34.2056,1632
34.2083,1633
34.2111,1635
34.2139,1646
34.2167,1651
34.2194,1673
34.2222,1671
34.2250,1667
34.2278,1671
34.2306,1666
34.2333,1660
34.2361,1678
34.2389,1683
34.2417,1678
34.2444,1697
34.2472,1688
34.2500,1675
34.2528,1671
34.2556,1688
34.2583,1693
34.2611,1695
34.2639,1679
34.2667,1686
34.2694,1687
34.2722,1696
34.2750,1716
34.2778,1725
34.2806,1738
34.2833,1733
34.2861,1729
34.2889,1717
34.2917,1724
34.2944,1735
34.2972,1762
34.3000,1764
34.3028,1787
34.3056,1787
34.3083,1791
34.3111,1779
34.3139,1796
34.3167,1797
34.3194,1800
34.3222,1934
34.3250,1898
34.3278,1896
34.3306,1879
34.3333,1906
34.3361,1928
34.3389,1946
34.3417,1927
34.3444,1917
34.3472,1916
34.3500,1890
34.3528,1896
34.3556,1909
34.3583,1910
34.3611,1922
34.3639,1925
34.3667,1918
34.3694,1906
34.3722,1905
34.3750,1895
34.3778,1897
34.3806,1880
34.3833,1884
34.3861,1866
34.3889,1842
34.3917,1820
34.3944,1830
34.3972,1822
34.4000,1818
34.4028,1817
34.4056,1813
34.4083,1792
34.4111,1771
34.4139,1780
34.4167,1776
34.4194,1771
34.4222,1760
34.4250,1766
34.4278,1755
34.4306,1745
34.4333,1752
34.4361,1750
34.4389,1746
34.4417,1757
34.4444,1770
34.4472,1761
34.4500,1761
34.4528,1752
34.4556,1764
34.4583,1742
34.4611,1731
34.4639,1737
34.4667,1731
34.4694,1735
34.4722,1733
34.4750,1758
34.4778,1765
34.4806,1760
34.4833,1752
34.4861,1749
34.4889,1736
34.4917,1735
34.4944,1740
34.4972,1742
34.5000,1747
34.5028,1739
34.5056,1738
34.5083,1749
34.5111,1735
34.5139,1740
34.5167,1758
34.5194,1764
34.5222,1773
34.5250,1775
34.5278,1751
34.5306,1735
34.5333,1705
34.5361,1699
34.5389,1708
34.5417,1716
34.5444,1719
34.5472,1707
34.5500,1691
34.5528,1685
34.5556,1711
34.5583,1721
34.5611,1736
34.5639,1740
34.5667,1749
34.5694,1730
34.5722,1722
34.5750,1727
34.5778,1733
34.5806,1729
34.5833,1743
34.5861,1731
34.5889,1711
34.5917,1688
34.5944,1703
34.5972,1714
34.6000,1722
34.6028,1745
34.6056,1755
34.6083,1737
34.6111,1714
34.6139,1701
34.6167,1690
34.6194,1692
34.6222,1702
34.6250,1710
34.6278,1694
34.6306,1695
34.6333,1691
34.6361,1693
34.6389,1686
34.6417,1672
34.6444,1670
34.6472,1658
34.6500,1640
34.6528,1632
34.6556,1656
34.6583,1670
34.6611,1683
34.6639,1714
34.6667,1707
34.6694,1705
34.6722,1693
34.6750,1673
34.6778,1651
34.6806,1643
34.6833,1645
34.6861,1659
34.6889,1673
34.6917,1680
34.6944,1681
34.6972,1669
34.7000,1667
34.7028,1652
34.7056,1643
34.7083,1621
34.7111,1617
34.7139,1618
34.7167,1631
34.7194,1637
34.7222,1664
34.7250,1681
34.7278,1676
34.7306,1675
34.7333,1680
34.7361,1686
34.7389,1680
34.7417,1698
34.7444,1703
34.7472,1708
34.7500,1719
34.7528,1714
34.7556,1723
34.7583,1720
34.7611,1701
34.7639,1696
34.7667,1692
34.7694,1706
34.7722,1704
34.7750,1706
34.7778,1709
34.7806,1705
34.7833,1700
34.7861,1698
34.7889,1687
34.7917,1672
34.7944,1687
34.7972,1703
34.8000,1706
34.8028,1712
34.8056,1694
34.8083,1670
34.8111,1643
34.8139,1644
34.8167,1635
34.8194,1644
34.8222,1621
34.8250,1597
34.8278,1590
34.8306,1595
34.8333,1597
34.8361,1589
34.8389,1570
34.8417,1577
34.8444,1567
34.8472,1569
34.8500,1565
34.8528,1558
34.8556,1577
34.8583,1562
34.8611,1571
34.8639,1567
34.8667,1578
34.8694,1586
34.8722,1582
34.8750,1572
34.8778,1575
34.8806,1566
34.8833,1564
34.8861,1578
34.8889,1578
34.8917,1590
34.8944,1616
34.8972,1646
34.9000,1695
34.9028,1736
34.9056,1737
34.9083,1718
34.9111,1675
34.9139,1642
34.9167,1628
34.9194,1615
34.9222,1621
34.9250,1661
34.9278,1739
34.9306,1905
34.9333,2096
34.9361,2131
34.9389,2012
34.9417,1876
34.9444,1757
34.9472,1674
34.9500,1600
34.9528,1544
34.9556,1485
34.9583,1453
34.9611,1418
34.9639,1386
34.9667,1389
34.9694,1404
34.9722,1458
34.9750,1519
34.9778,1548
34.9806,1571
34.9833,1599
34.9861,1606
34.9889,1610
34.9917,1586
34.9944,1569
34.9972,1550
35.0000,1541
35.0028,1562
35.0056,1583
35.0083,1572
35.0111,1549
35.0139,1537
35.0167,1542
35.0194,1551
35.0222,1582
35.0250,1596
35.0278,1593
35.0306,1582
35.0333,1608
35.0361,1633
35.0389,1656
35.0417,1634
35.0444,1633
35.0472,1611
35.0500,1590
35.0528,1595
35.0556,1602
35.0583,1614
35.0611,1604
35.0639,1637
35.0667,1623
35.0694,1624
35.0722,1615
35.0750,1626
35.0778,1629
35.0806,1634
35.0833,1633
35.0861,1643
35.0889,1650
35.0917,1681
35.0944,1687
35.0972,1689
35.1000,1669
35.1028,1659
35.1056,1641
35.1083,1643
35.1111,1651
35.1139,1682
35.1167,1701
35.1194,1693
35.1222,1690
35.1250,1792
35.1278,1783
35.1306,1768
35.1333,1776
35.1361,1791
35.1389,1831
35.1417,1853
35.1444,1852
35.1472,1822
35.1500,1801
35.1528,1790
35.1556,1789
35.1583,1804
35.1611,1831
35.1639,1842
35.1667,1841
35.1694,1824
35.1722,1804
35.1750,1768
35.1778,1759
35.1806,1748
35.1833,1766
35.1861,1764
35.1889,1734
35.1917,1729
35.1944,1724
35.1972,1726
35.2000,1730
35.2028,1732
35.2056,1714
35.2083,1682
35.2111,1642
35.2139,1635
35.2167,1634
35.2194,1641
35.2222,1659
35.2250,1644
35.2278,1619
35.2306,1598
35.2333,1602
35.2361,1597
35.2389,1591
35.2417,1600
35.2444,1607
35.2472,1586
35.2500,1568
35.2528,1579
35.2556,1587
35.2583,1588
35.2611,1580
35.2639,1585
35.2667,1580
35.2694,1561
35.2722,1575
35.2750,1575
35.2778,1572
35.2806,1583
35.2833,1584
35.2861,1593
35.2889,1576
35.2917,1569
35.2944,1568
35.2972,1579
35.3000,1597
35.3028,1608
35.3056,1607
35.3083,1588
35.3111,1590
35.3139,1599
35.3167,1602
35.3194,1601
35.3222,1598
35.3250,1595
35.3278,1566
35.3306,1564
35.3333,1580
35.3361,1590
35.3389,1609
35.3417,1632
35.3444,1641
35.3472,1629
35.3500,1634
35.3528,1630
35.3556,1620
35.3583,1619
35.3611,1603
35.3639,1610
35.3667,1612
35.3694,1599
35.3722,1605
35.3750,1608
35.3778,1609
35.3806,1622
35.3833,1628
35.3861,1626
35.3889,1625
35.3917,1620
35.3944,1615
35.3972,1603
35.4000,1604
35.4028,1590
35.4056,1588
35.4083,1589
35.4111,1595
35.4139,1597
35.4167,1587
35.4194,1582
35.4222,1591
35.4250,1617
35.4278,1620
35.4306,1600
35.4333,1579
35.4361,1578
35.4389,1581
35.4417,1592
35.4444,1605
35.4472,1604
35.4500,1603
35.4528,1610
35.4556,1603
35.4583,1602
35.4611,1613
35.4639,1610
35.4667,1614
35.4694,1619
35.4722,1623
35.4750,1617
35.4778,1626
35.4806,1635
35.4833,1649
35.4861,1631
35.4889,1618
35.4917,1613
35.4944,1617
35.4972,1626
35.5000,1653
35.5028,1664
35.5056,1645
35.5083,1620
35.5111,1632
35.5139,1650
35.5167,1646
35.5194,1643
35.5222,1645
35.5250,1663
35.5278,1686
35.5306,1693
35.5333,1686
35.5361,1689
35.5389,1719
35.5417,1742
35.5444,1747
35.5472,1737
35.5500,1705
35.5528,1703
35.5556,1681
35.5583,1675
35.5611,1659
35.5639,1649
35.5667,1665
35.5694,1675
35.5722,1701
35.5750,1713
35.5778,1720
35.5806,1713
35.5833,1731
35.5861,1715
35.5889,1673
35.5917,1652
35.5944,1654
35.5972,1656
35.6000,1648
35.6028,1658
35.6056,1658
35.6083,1634
35.6111,1610
35.6139,1595
35.6167,1593
35.6194,1604
35.6222,1610
35.6250,1621
35.6278,1622
35.6306,1628
35.6333,1620
35.6361,1604
35.6389,1574
35.6417,1555
35.6444,1552
35.6472,1550
35.6500,1572
35.6528,1592
35.6556,1589
35.6583,1578
35.6611,1558
35.6639,1566
35.6667,1570
35.6694,1582
35.6722,1603
35.6750,1625
35.6778,1612
35.6806,1620
35.6833,1633
35.6861,1696
35.6889,1723
35.6917,1749
35.6944,1757
35.6972,1741
35.7000,1707
35.7028,1655
35.7056,1633
35.7083,1620
35.7111,1640
35.7139,1747
35.7167,1901
35.7194,2080
35.7222,2179
35.7250,2102
35.7278,1972
35.7306,1825
35.7333,1739
35.7361,1679
35.7389,1633
35.7417,1591
35.7444,1532
35.7472,1459
35.7500,1421
35.7528,1426
35.7556,1454
35.7583,1482
35.7611,1522
35.7639,1553
35.7667,1587
35.7694,1605
35.7722,1636
35.7750,1610
35.7778,1599
35.7806,1589
35.7833,1599
35.7861,1601
35.7889,1614
35.7917,1616
35.7944,1619
35.7972,1623
35.8000,1612
35.8028,1640
35.8056,1668
35.8083,1680
35.8111,1696
35.8139,1691
35.8167,1664
35.8194,1655
35.8222,1641
35.8250,1659
35.8278,1664
35.8306,1675
35.8333,1672
35.8361,1677
35.8389,1660
35.8417,1654
35.8444,1663
35.8472,1660
35.8500,1667
35.8528,1686
35.8556,1709
35.8583,1694
35.8611,1710
35.8639,1715
35.8667,1721
35.8694,1711
35.8722,1732
35.8750,1736
35.8778,1733
35.8806,1710
35.8833,1717
35.8861,1726
35.8889,1730
35.8917,1748
35.8944,1770
35.8972,1779
35.9000,1781
35.9028,1781
35.9056,1799
35.9083,1801
35.9111,1794
35.9139,1890
35.9167,1892
35.9194,1893
35.9222,1876
35.9250,1871
35.9278,1871
35.9306,1883
35.9333,1896
35.9361,1902
35.9389,1905
35.9417,1903
35.9444,1900
35.9472,1880
35.9500,1876
35.9528,1877
35.9556,1861
35.9583,1861
35.9611,1852
35.9639,1849
35.9667,1832
35.9694,1829
35.9722,1823
35.9750,1822
35.9778,1834
35.9806,1832
35.9833,1834
35.9861,1787
35.9889,1772
35.9917,1762
35.9944,1752
35.9972,1740
36.0000,1737
36.0028,1739
36.0056,1743
36.0083,1733
36.0111,1738
36.0139,1737
36.0167,1714
36.0194,1706
36.0222,1709
36.0250,1694
36.0278,1684
36.0306,1678
36.0333,1681
36.0361,1686
36.0389,1698
36.0417,1695
36.0444,1702
36.0472,1681
36.0500,1687
36.0528,1674
36.0556,1701
36.0583,1700
36.0611,1723
36.0639,1721
36.0667,1713
36.0694,1695
36.0722,1688
36.0750,1676
36.0778,1692
36.0806,1698
36.0833,1728
36.0861,1726
36.0889,1714
36.0917,1713
36.0944,1713
36.0972,1698
36.1000,1715
36.1028,1723
36.1056,1735
36.1083,1733
36.1111,1742
36.1139,1733
36.1167,1720
36.1194,1718
36.1222,1723
36.1250,1717
36.1278,1721
36.1306,1723
36.1333,1723
36.1361,1735
36.1389,1721
36.1417,1720
36.1444,1726
36.1472,1722
36.1500,1743
36.1528,1738
36.1556,1741
36.1583,1744
36.1611,1742
36.1639,1734
36.1667,1729
36.1694,1712
36.1722,1728
36.1750,1739
36.1778,1737
36.1806,1737
36.1833,1752
36.1861,1750
36.1889,1753
36.1917,1753
36.1944,1729
36.1972,1727
36.2000,1730
36.2028,1745
36.2056,1746
36.2083,1750
36.2111,1746
36.2139,1739
36.2167,1739
36.2194,1735
36.2222,1738
36.2250,1723
36.2278,1743
36.2306,1732
36.2333,1739
36.2361,1738
36.2389,1747
36.2417,1754
36.2444,1751
36.2472,1739
36.2500,1747
36.2528,1756
36.2556,1753
36.2583,1763
36.2611,1758
36.2639,1757
36.2667,1743
36.2694,1735
36.2722,1748
36.2750,1756
36.2778,1769
36.2806,1773
36.2833,1786
36.2861,1773
36.2889,1761
36.2917,1756
36.2944,1761
36.2972,1763
36.3000,1773
36.3028,1777
36.3056,1777
36.3083,1784
36.3111,1804
36.3139,1816
36.3167,1840
36.3194,1847
36.3222,1857
36.3250,1864
36.3278,1849
36.3306,1851
36.3333,1862
36.3361,1855
36.3389,1843
36.3417,1836
36.3444,1833
36.3472,1846
36.3500,1856
36.3528,1882
36.3556,1881
36.3583,1869
36.3611,1865
36.3639,1868
36.3667,1844
36.3694,1829
36.3722,1821
36.3750,1832
36.3778,1840
36.3806,1852
36.3833,1863
36.3861,1845
36.3889,1825
36.3917,1821
36.3944,1809
36.3972,1787
36.4000,1768
36.4028,1764
36.4056,1755
36.4083,1753
36.4111,1754
36.4139,1751
36.4167,1757
36.4194,1753
36.4222,1764
36.4250,1760
36.4278,1749
36.4306,1760
36.4333,1757
36.4361,1760
36.4389,1763
36.4417,1770
36.4444,1777
36.4472,1785
36.4500,1792
36.4528,1801
36.4556,1796
36.4583,1786
36.4611,1783
36.4639,1791
36.4667,1809
36.4694,1852
36.4722,1925
36.4750,1968
36.4778,1989
36.4806,1986
36.4833,1963
36.4861,1928
36.4889,1891
36.4917,1873
36.4944,1867
36.4972,1885
36.5000,1995
36.5028,2177
36.5056,2334
36.5083,2316
36.5111,2163
36.5139,2004
36.5167,1897
36.5194,1852
36.5222,1826
36.5250,1776
36.5278,1747
36.5306,1704
36.5333,1659
36.5361,1630
36.5389,1642
36.5417,1665
36.5444,1714
36.5472,1748
36.5500,1760
36.5528,1785
36.5556,1787
36.5583,1790
36.5611,1789
36.5639,1786
36.5667,1785
36.5694,1790
36.5722,1795
36.5750,1793
36.5778,1775
36.5806,1774
36.5833,1770
36.5861,1755
36.5889,1761
36.5917,1780
36.5944,1794
36.5972,1795
36.6000,1793
36.6028,1793
36.6056,1776
36.6083,1779
36.6111,1785
36.6139,1790
36.6167,1801
36.6194,1806
36.6222,1806
36.6250,1820
36.6278,1809
36.6306,1823
36.6333,1839
36.6361,1827
36.6389,1824
36.6417,1825
36.6444,1816
36.6472,1807
36.6500,1834
36.6528,1857
36.6556,1869
36.6583,1863
36.6611,1862
36.6639,1853
36.6667,1839
36.6694,1840
36.6722,1868
36.6750,1878
36.6778,1879
36.6806,1886
36.6833,1889
36.6861,1880
36.6889,1876
36.6917,1894
36.6944,1912
36.6972,2019
36.7000,1986
36.7028,1976
36.7056,1963
36.7083,1963
36.7111,1970
36.7139,1978
36.7167,1969
36.7194,1971
36.7222,1968
36.7250,1940
36.7278,1930
36.7306,1946
36.7333,1954
36.7361,1950
36.7389,1960
36.7417,1954
36.7444,1934
36.7472,1904
36.7500,1891
36.7528,1892
36.7556,1894
36.7583,1885
36.7611,1879
36.7639,1860
36.7667,1848
36.7694,1827
36.7722,1830
36.7750,1833
36.7778,1832
36.7806,1832
36.7833,1806
36.7861,1786
36.7889,1769
36.7917,1774
36.7944,1781
36.7972,1761
36.8000,1754
36.8028,1743
36.8056,1732
36.8083,1725
36.8111,1733
36.8139,1746
36.8167,1736
36.8194,1742
36.8222,1736
36.8250,1730
36.8278,1732
36.8306,1721
36.8333,1727
36.8361,1730
36.8389,1718
36.8417,1709
36.8444,1700
36.8472,1707
36.8500,1724
36.8528,1732
36.8556,1729
36.8583,1747
36.8611,1742
36.8639,1739
36.8667,1721
36.8694,1720
36.8722,1717
36.8750,1717
36.8778,1731
36.8806,1743
36.8833,1739
36.8861,1728
36.8889,1730
36.8917,1732
36.8944,1728
36.8972,1734
36.9000,1730
36.9028,1726
36.9056,1730
36.9083,1732
36.9111,1744
36.9139,1743
36.9167,1751
36.9194,1754
36.9222,1744
36.9250,1745
36.9278,1733
36.9306,1726
36.9333,1732
36.9361,1740
36.9389,1742
36.9417,1739
36.9444,1739
36.9472,1735
36.9500,1734
36.9528,1729
36.9556,1730
36.9583,1745
36.9611,1741
36.9639,1729
36.9667,1722
36.9694,1727
36.9722,1740
36.9750,1744
36.9778,1738
36.9806,1728
36.9833,1717
36.9861,1709
36.9889,1696
36.9917,1708
36.9944,1712
36.9972,1715
37.0000,1708
37.0028,1715
37.0056,1692
37.0083,1704
37.0111,1712
37.0139,1714
37.0167,1718
37.0194,1716
37.0222,1709
37.0250,1694
37.0278,1684
37.0306,1705
37.0333,1704
37.0361,1712
37.0389,1707
37.0417,1710
37.0444,1693
37.0472,1687
37.0500,1691
37.0528,1697
37.0556,1701
37.0583,1690
37.0611,1696
37.0639,1707
37.0667,1697
37.0694,1696
37.0722,1708
37.0750,1704
37.0778,1695
37.0806,1700
37.0833,1708
37.0861,1691
37.0889,1699
37.0917,1707
37.0944,1706
37.0972,1703
37.1000,1716
37.1028,1718
37.1056,1719
37.1083,1714
37.1111,1713
37.1139,1714
37.1167,1719
37.1194,1716
37.1222,1720
37.1250,1723
37.1278,1724
37.1306,1732
37.1333,1748
37.1361,1776
37.1389,1790
37.1417,1796
37.1444,1803
37.1472,1814
37.1500,1824
37.1528,1817
37.1556,1811
37.1583,1803
37.1611,1792
37.1639,1802
37.1667,1798
37.1694,1798
37.1722,1813
37.1750,1799
37.1778,1781
37.1806,1781
37.1833,1786
37.1861,1772
37.1889,1777
37.1917,1793
37.1944,1803
37.1972,1806
37.2000,1802
37.2028,1782
37.2056,1759
37.2083,1738
37.2111,1732
37.2139,1720
37.2167,1694
37.2194,1682
37.2222,1676
37.2250,1679
37.2278,1672
37.2306,1656
37.2333,1656
37.2361,1646
37.2389,1636
37.2417,1632
37.2444,1632
37.2472,1629
37.2500,1632
37.2528,1636
37.2556,1640
37.2583,1649
37.2611,1662
37.2639,1666
37.2667,1656
37.2694,1668
37.2722,1677
37.2750,1664
37.2778,1661
37.2806,1663
37.2833,1667
37.2861,1677
37.2889,1683
37.2917,1730
37.2944,1776
37.2972,1835
37.3000,1862
37.3028,1870
37.3056,1873
37.3083,1849
37.3111,1820
37.3139,1806
37.3167,1808
37.3194,1842
37.3222,1941
37.3250,2110
37.3278,2297
37.3306,2324
37.3333,2172
37.3361,1955
37.3389,1787
37.3417,1699
37.3444,1659
37.3472,1607
37.3500,1568
37.3528,1541
37.3556,1534
37.3583,1557
37.3611,1595
37.3639,1626
37.3667,1644
37.3694,1658
37.3722,1673
37.3750,1655
37.3778,1662
37.3806,1648
37.3833,1636
37.3861,1620
37.3889,1618
37.3917,1631
37.3944,1649
37.3972,1650
37.4000,1655
37.4028,1649
37.4056,1644
37.4083,1650
37.4111,1665
37.4139,1674
37.4167,1678
37.4194,1687
37.4222,1694
37.4250,1667
37.4278,1649
37.4306,1664
37.4333,1668
37.4361,1698
37.4389,1704
37.4417,1707
37.4444,1697
37.4472,1692
37.4500,1703
37.4528,1701
37.4556,1713
37.4583,1718
37.4611,1723
37.4639,1731
37.4667,1715
37.4694,1727
37.4722,1730
37.4750,1737
37.4778,1727
37.4806,1740
37.4833,1743
37.4861,1728
37.4889,1730
37.4917,1748
37.4944,1762
37.4972,1777
37.5000,1800
37.5028,1812
37.5056,1796
37.5083,1792
37.5111,1785
37.5139,1784
37.5167,1796
37.5194,1807
37.5222,1827
37.5250,1827
37.5278,1829
37.5306,1830
37.5333,1871
37.5361,1881
37.5389,1881
37.5417,1872
37.5444,1856
37.5472,1841
37.5500,1833
37.5528,1842
37.5556,1845
37.5583,1848
37.5611,1840
37.5639,1823
37.5667,1798
37.5694,1807
37.5722,1815
37.5750,1813
37.5778,1806
37.5806,1803
37.5833,1768
37.5861,1748
37.5889,1741
37.5917,1741
37.5944,1746
37.5972,1749
37.6000,1733
37.6028,1718
37.6056,1684
37.6083,1669
37.6111,1665
37.6139,1677
37.6167,1674
37.6194,1673
37.6222,1657
37.6250,1631
37.6278,1609
37.6306,1616
37.6333,1618
37.6361,1630
37.6389,1635
37.6417,1641
37.6444,1621
37.6472,1614
37.6500,1618
37.6528,1609
37.6556,1622
37.6583,1629
37.6611,1634
37.6639,1629
37.6667,1623
37.6694,1630
37.6722,1640
37.6750,1644
37.6778,1645
37.6806,1664
37.6833,1659
37.6861,1647
37.6889,1642
37.6917,1640
37.6944,1646
37.6972,1640
37.7000,1668
37.7028,1665
37.7056,1653
37.7083,1646
37.7111,1650
37.7139,1658
37.7167,1667
37.7194,1689
37.7222,1675
37.7250,1661
37.7278,1646
37.7306,1646
37.7333,1671
37.7361,1676
37.7389,1684
37.7417,1688
37.7444,1683
37.7472,1679
37.7500,1688
37.7528,1693
37.7556,1692
37.7583,1680
37.7611,1690
37.7639,1675
37.7667,1671
37.7694,1673
37.7722,1688
37.7750,1692
37.7778,1706
37.7806,1716
37.7833,1701
37.7861,1682
37.7889,1666
37.7917,1667
37.7944,1675
37.7972,1685
37.8000,1685
37.8028,1686
37.8056,1673
37.8083,1660
37.8111,1652
37.8139,1670
37.8167,1676
37.8194,1673
37.8222,1676
37.8250,1677
37.8278,1678
37.8306,1678
37.8333,1685
37.8361,1684
37.8389,1687
37.8417,1681
37.8444,1683
37.8472,1683
37.8500,1686
37.8528,1700
37.8556,1697
37.8583,1707
37.8611,1699
37.8639,1685
37.8667,1681
37.8694,1685
37.8722,1684
37.8750,1699
37.8778,1698
37.8806,1696
37.8833,1700
37.8861,1703
37.8889,1693
37.8917,1705
37.8944,1708
37.8972,1696
37.9000,1694
37.9028,1689
37.9056,1669
37.9083,1675
37.9111,1684
37.9139,1680
37.9167,1701
37.9194,1694
37.9222,1701
37.9250,1693
37.9278,1701
37.9306,1702
37.9333,1706
37.9361,1714
37.9389,1708
37.9417,1727
37.9444,1718
37.9472,1724
37.9500,1739
37.9528,1740
37.9556,1764
37.9583,1769
37.9611,1788
37.9639,1791
37.9667,1801
37.9694,1806
37.9722,1808
37.9750,1790
37.9778,1781
37.9806,1793
37.9833,1774
37.9861,1758
37.9889,1763
37.9917,1761
37.9944,1754
37.9972,1751
38.0000,1756
38.0028,1744
38.0056,1734
38.0083,1736
38.0111,1745
38.0139,1755
38.0167,1774
38.0194,1769
38.0222,1756
38.0250,1737
38.0278,1720
38.0306,1718
38.0333,1713
38.0361,1680
38.0389,1669
38.0417,1677
38.0444,1660
38.0472,1649
38.0500,1660
38.0528,1655
38.0556,1660
38.0583,1663
38.0611,1666
38.0639,1660
38.0667,1660
38.0694,1671
38.0722,1678
38.0750,1687
38.0778,1678
38.0806,1692
38.0833,1681
38.0861,1669
38.0889,1663
38.0917,1670
38.0944,1671
38.0972,1672
38.1000,1684
38.1028,1704
38.1056,1730
38.1083,1782
38.1111,1855
38.1139,1893
38.1167,1911
38.1194,1908
38.1222,1899
38.1250,1861
38.1278,1828
38.1306,1821
38.1333,1814
38.1361,1883
38.1389,2024
38.1417,2234
38.1444,2350
38.1472,2275
38.1500,2090
38.1528,1894
38.1556,1770
38.1583,1715
38.1611,1662
38.1639,1609
38.1667,1580
38.1694,1570
38.1722,1584
38.1750,1626
38.1778,1665
38.1806,1683
38.1833,1702
38.1861,1708
38.1889,1716
38.1917,1719
38.1944,1712
38.1972,1715
38.2000,1728
38.2028,1727
38.2056,1712
38.2083,1724
38.2111,1736
38.2139,1740
38.2167,1743
38.2194,1735
38.2222,1724
38.2250,1721
38.2278,1726
38.2306,1732
38.2333,1732
38.2361,1746
38.2389,1745
38.2417,1737
38.2444,1735
38.2472,1746
38.2500,1763
38.2528,1768
38.2556,1783
38.2583,1783
38.2611,1768
38.2639,1753
38.2667,1748
38.2694,1748
38.2722,1756
38.2750,1774
38.2778,1766
38.2806,1768
38.2833,1762
38.2861,1774
38.2889,1787
38.2917,1800
38.2944,1793
38.2972,1788
38.3000,1791
38.3028,1787
38.3056,1771
38.3083,1782
38.3111,1804
38.3139,1822
38.3167,1825
38.3194,1826
38.3222,1834
38.3250,1839
38.3278,1839
38.3306,1861
38.3333,1874
38.3361,1946
38.3389,1928
38.3417,1905
38.3444,1896
38.3472,1891
38.3500,1908
38.3528,1911
38.3556,1928
38.3583,1928
38.3611,1890
38.3639,1876
38.3667,1841
38.3694,1853
38.3722,1854
38.3750,1859
38.3778,1857
38.3806,1847
38.3833,1834
38.3861,1821
38.3889,1825
38.3917,1808
38.3944,1817
38.3972,1807
38.4000,1783
38.4028,1759
38.4056,1756
38.4083,1747
38.4111,1756
38.4139,1730
38.4167,1736
38.4194,1716
38.4222,1704
38.4250,1688
38.4278,1687
38.4306,1682
38.4333,1689
38.4361,1693
38.4389,1684
38.4417,1658
38.4444,1643
38.4472,1638
38.4500,1631
38.4528,1636
38.4556,1642
38.4583,1648
38.4611,1635
38.4639,1641
38.4667,1637
38.4694,1646
38.4722,1649
38.4750,1653
38.4778,1663
38.4806,1654
38.4833,1662
38.4861,1661
38.4889,1654
38.4917,1654
38.4944,1641
38.4972,1645
38.5000,1643
38.5028,1639
38.5056,1633
38.5083,1653
38.5111,1667
38.5139,1672
38.5167,1677
38.5194,1670
38.5222,1659
38.5250,1658
38.5278,1679
38.5306,1681
38.5333,1681
38.5361,1676
38.5389,1667
38.5417,1646
38.5444,1643
38.5472,1641
38.5500,1656
38.5528,1658
38.5556,1657
38.5583,1669
38.5611,1668
38.5639,1648
38.5667,1647
38.5694,1657
38.5722,1669
38.5750,1668
38.5778,1670
38.5806,1670
38.5833,1659
38.5861,1641
38.5889,1651
38.5917,1648
38.5944,1660
38.5972,1660
38.6000,1670
38.6028,1667
38.6056,1686
38.6083,1693
38.6111,1677
38.6139,1672
38.6167,1654
38.6194,1639
38.6222,1639
38.6250,1635
38.6278,1647
38.6306,1648
38.6333,1652
38.6361,1649
38.6389,1656
38.6417,1652
38.6444,1646
38.6472,1646
38.6500,1648
38.6528,1650
38.6556,1657
38.6583,1652
38.6611,1644
38.6639,1622
38.6667,1634
38.6694,1644
38.6722,1644
38.6750,1642
38.6778,1651
38.6806,1649
38.6833,1643
38.6861,1658
38.6889,1660
38.6917,1670
38.6944,1670
38.6972,1665
38.7000,1648
38.7028,1629
38.7056,1617
38.7083,1618
38.7111,1638
38.7139,1641
38.7167,1639
38.7194,1641
38.7222,1643
38.7250,1642
38.7278,1654
38.7306,1652
38.7333,1650
38.7361,1649
38.7389,1648
38.7417,1644
38.7444,1637
38.7472,1633
38.7500,1629
38.7528,1624
38.7556,1633
38.7583,1630
38.7611,1627
38.7639,1626
38.7667,1625
38.7694,1629
38.7722,1646
38.7750,1651
38.7778,1671
38.7806,1680
38.7833,1693
38.7861,1694
38.7889,1725
38.7917,1716
38.7944,1730
38.7972,1734
38.8000,1726
38.8028,1706
38.8056,1681
38.8083,1667
38.8111,1663
38.8139,1676
38.8167,1694
38.8194,1703
38.8222,1696
38.8250,1682
38.8278,1674
38.8306,1659
38.8333,1653
38.8361,1650
38.8389,1668
38.8417,1677
38.8444,1689
38.8472,1698
38.8500,1700
38.8528,1696
38.8556,1698
38.8583,1685
38.8611,1680
38.8639,1651
38.8667,1637
38.8694,1618
38.8722,1613
38.8750,1598
38.8778,1592
38.8806,1612
38.8833,1604
38.8861,1603
38.8889,1610
38.8917,1620
38.8944,1619
38.8972,1626
38.9000,1631
38.9028,1628
38.9056,1625
38.9083,1633
38.9111,1644
38.9139,1623
38.9167,1631
38.9194,1642
38.9222,1644
38.9250,1627
38.9278,1672
38.9306,1710
38.9333,1763
38.9361,1798
38.9389,1833
38.9417,1840
38.9444,1803
38.9472,1787
38.9500,1751
38.9528,1712
38.9556,1692
38.9583,1709
38.9611,1796
38.9639,1963
38.9667,2148
38.9694,2192
38.9722,2064
38.9750,1896
38.9778,1785
38.9806,1716
38.9833,1673
38.9861,1641
38.9889,1603
38.9917,1569
38.9944,1544
38.9972,1554
39.0000,1595
39.0028,1631
39.0056,1628
39.0083,1661
39.0111,1667
39.0139,1674
39.0167,1678
39.0194,1685
39.0222,1672
39.0250,1661
39.0278,1672
39.0306,1672
39.0333,1684
39.0361,1685
39.0389,1678
39.0417,1664
39.0444,1665
39.0472,1668
39.0500,1672
39.0528,1700
39.0556,1710
39.0583,1718
39.0611,1718
39.0639,1709
39.0667,1694
39.0694,1696
39.0722,1702
39.0750,1704
39.0778,1715
39.0806,1714
39.0833,1712
39.0861,1701
39.0889,1702
39.0917,1711
39.0944,1719
39.0972,1740
39.1000,1730
39.1028,1721
39.1056,1713
39.1083,1731
39.1111,1737
39.1139,1743
39.1167,1758
39.1194,1753
39.1222,1741
39.1250,1734
39.1278,1739
39.1306,1747
39.1333,1770
39.1361,1781
39.1389,1792
39.1417,1776
39.1444,1771
39.1472,1776
39.1500,1791
39.1528,1803
39.1556,1825
39.1583,1845
39.1611,1898
39.1639,1899
39.1667,1889
39.1694,1907
39.1722,1918
39.1750,1938
39.1778,1931
39.1806,1917
39.1833,1898
39.1861,1890
39.1889,1899
39.1917,1917
39.1944,1925
39.1972,1931
39.2000,1921
39.2028,1893
39.2056,1877
39.2083,1864
39.2111,1865
39.2139,1869
39.2167,1859
39.2194,1847
39.2222,1818
39.2250,1798
39.2278,1812
39.2306,1813
39.2333,1808
39.2361,1798
39.2389,1773
39.2417,1741
39.2444,1718
39.2472,1702
39.2500,1709
39.2528,1715
39.2556,1718
39.2583,1722
39.2611,1697
39.2639,1683
39.2667,1676
39.2694,1668
39.2722,1671
39.2750,1677
39.2778,1680
39.2806,1679
39.2833,1659
39.2861,1666
39.2889,1672
39.2917,1690
39.2944,1690
39.2972,1712
39.3000,1705
39.3028,1702
39.3056,1691
39.3083,1687
39.3111,1703
39.3139,1695
39.3167,1715
39.3194,1706
39.3222,1699
39.3250,1693
39.3278,1702
39.3306,1711
39.3333,1712
39.3361,1718
39.3389,1722
39.3417,1718
39.3444,1695
39.3472,1699
39.3500,1703
39.3528,1717
39.3556,1718
39.3583,1715
39.3611,1702
39.3639,1686
39.3667,1697
39.3694,1710
39.3722,1711
39.3750,1733
39.3778,1736
39.3806,1737
39.3833,1706
39.3861,1717
39.3889,1727
39.3917,1726
39.3944,1741
39.3972,1728
39.4000,1702
39.4028,1705
39.4056,1706
39.4083,1699
39.4111,1698
39.4139,1706
39.4167,1727
39.4194,1725
39.4222,1714
39.4250,1702
39.4278,1702
39.4306,1709
39.4333,1717
39.4361,1715
39.4389,1725
39.4417,1718
39.4444,1715
39.4472,1721
39.4500,1722
39.4528,1715
39.4556,1722
39.4583,1724
39.4611,1722
39.4639,1703
39.4667,1710
39.4694,1715
39.4722,1734
39.4750,1733
39.4778,1739
39.4806,1727
39.4833,1733
39.4861,1730
39.4889,1723
39.4917,1727
39.4944,1729
39.4972,1734
39.5000,1729
39.5028,1718
39.5056,1717
39.5083,1719
39.5111,1724
39.5139,1723
39.5167,1730
39.5194,1742
39.5222,1736
39.5250,1741
39.5278,1740
39.5306,1729
39.5333,1727
39.5361,1725
39.5389,1729
39.5417,1717
39.5444,1718
39.5472,1734
39.5500,1744
39.5528,1748
39.5556,1744
39.5583,1742
39.5611,1739
39.5639,1737
39.5667,1737
39.5694,1722
39.5722,1728
39.5750,1723
39.5778,1734
39.5806,1735
39.5833,1725
39.5861,1748
39.5889,1754
39.5917,1746
39.5944,1754
39.5972,1764
39.6000,1770
39.6028,1777
39.6056,1779
39.6083,1787
39.6111,1806
39.6139,1817
39.6167,1839
39.6194,1862
39.6222,1848
39.6250,1825
39.6278,1797
39.6306,1780
39.6333,1765
39.6361,1766
39.6389,1771
39.6417,1770
39.6444,1776
39.6472,1801
39.6500,1798
39.6528,1789
39.6556,1787
39.6583,1764
39.6611,1752
39.6639,1759
39.6667,1780
39.6694,1779
39.6722,1775
39.6750,1773
39.6778,1763
39.6806,1747
39.6833,1742
39.6861,1733
39.6889,1710
39.6917,1706
39.6944,1710
39.6972,1702
39.7000,1687
39.7028,1686
39.7056,1690
39.7083,1706
39.7111,1702
39.7139,1705
39.7167,1718
39.7194,1709
39.7222,1694
39.7250,1686
39.7278,1689
39.7306,1705
39.7333,1710
39.7361,1724
39.7389,1738
39.7417,1738
39.7444,1722
39.7472,1725
39.7500,1725
39.7528,1744
39.7556,1806
39.7583,1875
39.7611,1896
39.7639,1888
39.7667,1859
39.7694,1810
39.7722,1772
39.7750,1746
39.7778,1740
39.7806,1729
39.7833,1765
39.7861,1903
39.7889,2094
39.7917,2221
39.7944,2162
39.7972,2007
39.8000,1859
39.8028,1782
39.8056,1742
39.8083,1695
39.8111,1664
39.8139,1635
39.8167,1592
39.8194,1566
39.8222,1557
39.8250,1578
39.8278,1617
39.8306,1646
39.8333,1662
39.8361,1687
39.8389,1707
39.8417,1696
39.8444,1685
39.8472,1670
39.8500,1662
39.8528,1656
39.8556,1674
39.8583,1700
39.8611,1708
39.8639,1696
39.8667,1704
39.8694,1695
39.8722,1707
39.8750,1711
39.8778,1731
39.8806,1738
39.8833,1731
39.8861,1721
39.8889,1698
39.8917,1690
39.8944,1689
39.8972,1693
39.9000,1707
39.9028,1708
39.9056,1713
39.9083,1705
39.9111,1703
39.9139,1703
39.9167,1711
39.9194,1717
39.9222,1719
39.9250,1723
39.9278,1734
39.9306,1737
39.9333,1732
39.9361,1749
39.9389,1740
39.9417,1732
39.9444,1717
39.9472,1707
39.9500,1715
39.9528,1724
39.9556,1730
39.9583,1750
39.9611,1755
39.9639,1749
39.9667,1761
39.9694,1755
39.9722,1758
39.9750,1755
39.9778,1780
39.9806,1789
39.9833,1833
39.9861,1853
39.9889,1852
39.9917,1847
39.9944,1850
39.9972,1864
40.0000,1870
40.0028,1862
40.0056,1858
40.0083,1869
40.0111,1870
40.0139,1865
40.0167,1870
40.0194,1869
40.0222,1854
40.0250,1838
40.0278,1836
40.0306,1824
40.0333,1814
40.0361,1803
40.0389,1799
40.0417,1766
40.0444,1766
40.0472,1763
40.0500,1763
40.0528,1766
40.0556,1760
40.0583,1749
40.0611,1726
40.0639,1714
40.0667,1703
40.0694,1700
40.0722,1710
40.0750,1704
40.0778,1702
40.0806,1676
40.0833,1659
40.0861,1647
40.0889,1641
40.0917,1637
40.0944,1640
40.0972,1653
40.1000,1623
40.1028,1610
40.1056,1618
40.1083,1614
40.1111,1601
40.1139,1603
40.1167,1600
40.1194,1602
40.1222,1606
40.1250,1610
40.1278,1617
40.1306,1624
40.1333,1626
40.1361,1627
40.1389,1623
40.1417,1615
40.1444,1602
40.1472,1598
40.1500,1605
40.1528,1621
40.1556,1624
40.1583,1628
40.1611,1618
40.1639,1615
40.1667,1626
40.1694,1610
40.1722,1613
40.1750,1621
40.1778,1620
40.1806,1595
40.1833,1595
40.1861,1590
40.1889,1594
40.1917,1610
40.1944,1621
40.1972,1626
40.2000,1642
40.2028,1637
40.2056,1632
40.2083,1633
40.2111,1630
40.2139,1631
40.2167,1647
40.2194,1634
40.2222,1612
40.2250,1613
40.2278,1609
40.2306,1594
40.2333,1578
40.2361,1586
40.2389,1605
40.2417,1601
40.2444,1605
40.2472,1601
40.2500,1601
40.2528,1585
40.2556,1603
40.2583,1614
40.2611,1608
40.2639,1600
40.2667,1602
40.2694,1605
40.2722,1605
40.2750,1623
40.2778,1605
40.2806,1592
40.2833,1590
40.2861,1603
40.2889,1597
40.2917,1600
40.2944,1599
40.2972,1604
40.3000,1610
40.3028,1604
40.3056,1611
40.3083,1617
40.3111,1621
40.3139,1630
40.3167,1625
40.3194,1608
40.3222,1582
40.3250,1583
40.3278,1579
40.3306,1586
40.3333,1596
40.3361,1597
40.3389,1614
40.3417,1612
40.3444,1611
40.3472,1612
40.3500,1612
40.3528,1602
40.3556,1604
40.3583,1610
40.3611,1615
40.3639,1617
40.3667,1632
40.3694,1629
40.3722,1612
40.3750,1609
40.3778,1621
40.3806,1607
40.3833,1605
40.3861,1613
40.3889,1606
40.3917,1600
40.3944,1601
40.3972,1632
40.4000,1639
40.4028,1633
40.4056,1637
40.4083,1640
40.4111,1642
40.4139,1659
40.4167,1654
40.4194,1672
40.4222,1677
40.4250,1689
40.4278,1698
40.4306,1696
40.4333,1716
40.4361,1711
40.4389,1694
40.4417,1657
40.4444,1641
40.4472,1650
40.4500,1660
40.4528,1676
40.4556,1696
40.4583,1696
40.4611,1693
40.4639,1671
40.4667,1649
40.4694,1620
40.4722,1620
40.4750,1625
40.4778,1635
40.4806,1660
40.4833,1676
40.4861,1691
40.4889,1684
40.4917,1662
40.4944,1637
40.4972,1624
40.5000,1619
40.5028,1591
40.5056,1586
40.5083,1595
40.5111,1605
40.5139,1603
40.5167,1613
40.5194,1624
40.5222,1615
40.5250,1609
40.5278,1615
40.5306,1612
40.5333,1609
40.5361,1616
40.5389,1619
40.5417,1623
40.5444,1615
40.5472,1614
40.5500,1604
40.5528,1606
40.5556,1613
40.5583,1642
40.5611,1670
40.5639,1734
40.5667,1773
40.5694,1801
40.5722,1797
40.5750,1780
40.5778,1752
40.5806,1719
40.5833,1698
40.5861,1695
40.5889,1704
40.5917,1718
40.5944,1812
40.5972,1996
40.6000,2187
40.6028,2221
40.6056,2103
40.6083,1966
40.6111,1845
40.6139,1792
40.6167,1724
40.6194,1655
40.6222,1586
40.6250,1544
40.6278,1507
40.6306,1487
40.6333,1489
40.6361,1523
40.6389,1549
40.6417,1572
40.6444,1601
40.6472,1633
40.6500,1664
40.6528,1678
40.6556,1678
40.6583,1651
40.6611,1621
40.6639,1624
40.6667,1635
40.6694,1664
40.6722,1680
40.6750,1677
40.6778,1678
40.6806,1661
40.6833,1653
40.6861,1674
40.6889,1693
40.6917,1696
40.6944,1690
40.6972,1686
40.7000,1673
40.7028,1663
40.7056,1676
40.7083,1676
40.7111,1671
40.7139,1669
40.7167,1676
40.7194,1694
40.7222,1691
40.7250,1702
40.7278,1697
40.7306,1690
40.7333,1675
40.7361,1673
40.7389,1685
40.7417,1680
40.7444,1693
40.7472,1703
40.7500,1702
40.7528,1709
40.7556,1711
40.7583,1715
40.7611,1698
40.7639,1705
40.7667,1720
40.7694,1735
40.7722,1740
40.7750,1741
40.7778,1752
40.7806,1763
40.7833,1754
40.7861,1755
40.7889,1762
40.7917,1761
40.7944,1880
40.7972,1847
40.8000,1847
40.8028,1842
40.8056,1863
40.8083,1886
40.8111,1900
40.8139,1906
40.8167,1876
40.8194,1855
40.8222,1829
40.8250,1837
40.8278,1849
40.8306,1852
40.8333,1862
40.8361,1846
40.8389,1838
40.8417,1827
40.8444,1822
40.8472,1817
40.8500,1807
40.8528,1810
40.8556,1795
40.8583,1781
40.8611,1782
40.8639,1767
40.8667,1766
40.8694,1757
40.8722,1752
40.8750,1744
40.8778,1737
40.8806,1714
40.8833,1707
40.8861,1710
40.8889,1708
40.8917,1711
40.8944,1700
40.8972,1686
40.9000,1664
40.9028,1640
40.9056,1642
40.9083,1640
40.9111,1656
40.9139,1670
40.9167,1677
40.9194,1676
40.9222,1659
40.9250,1648
40.9278,1640
40.9306,1641
40.9333,1646
40.9361,1673
40.9389,1682
40.9417,1668
40.9444,1670
40.9472,1678
40.9500,1680
40.9528,1676
40.9556,1667
40.9583,1656
40.9611,1653
40.9639,1661
40.9667,1686
40.9694,1697
40.9722,1704
40.9750,1713
40.9778,1716
40.9806,1710
40.9833,1700
40.9861,1698
40.9889,1688
40.9917,1703
40.9944,1718
40.9972,1716
41.0000,1695
41.0028,1678
41.0056,1680
41.0083,1685
41.0111,1691
41.0139,1703
41.0167,1707
41.0194,1709
41.0222,1716
41.0250,1736
41.0278,1736
41.0306,1714
41.0333,1714
41.0361,1706
41.0389,1693
41.0417,1698
41.0444,1709
41.0472,1718
41.0500,1732
41.0528,1738
41.0556,1743
41.0583,1731
41.0611,1723
41.0639,1718
41.0667,1736
41.0694,1737
41.0722,1750
41.0750,1735
41.0778,1736
41.0806,1726
41.0833,1731
41.0861,1748
41.0889,1741
41.0917,1724
41.0944,1714
41.0972,1724
41.1000,1713
41.1028,1718
41.1056,1727
41.1083,1728
41.1111,1716
41.1139,1718
41.1167,1707
41.1194,1718
41.1222,1717
41.1250,1739
41.1278,1732
41.1306,1729
41.1333,1716
41.1361,1713
41.1389,1694
41.1417,1700
41.1444,1717
41.1472,1729
41.1500,1721
41.1528,1707
41.1556,1713
41.1583,1700
41.1611,1705
41.1639,1718
41.1667,1738
41.1694,1730
41.1722,1708
41.1750,1721
41.1778,1719
41.1806,1711
41.1833,1733
41.1861,1731
41.1889,1733
41.1917,1739
41.1944,1737
41.1972,1739
41.2000,1746
41.2028,1726
41.2056,1736
41.2083,1738
41.2111,1738
41.2139,1745
41.2167,1778
41.2194,1783
41.2222,1806
41.2250,1820
41.2278,1835
41.2306,1814
41.2333,1801
41.2361,1779
41.2389,1758
41.2417,1743
41.2444,1736
41.2472,1746
41.2500,1751
41.2528,1762
41.2556,1779
41.2583,1779
41.2611,1772
41.2639,1767
41.2667,1759
41.2694,1736
41.2722,1735
41.2750,1732
41.2778,1746
41.2806,1749
41.2833,1758
41.2861,1748
41.2889,1737
41.2917,1720
41.2944,1716
41.2972,1699
41.3000,1675
41.3028,1677
41.3056,1682
41.3083,1690
41.3111,1683
41.3139,1677
41.3167,1682
41.3194,1677
41.3222,1686
41.3250,1685
41.3278,1691
41.3306,1685
41.3333,1685
41.3361,1691
41.3389,1679
41.3417,1667
41.3444,1676
41.3472,1684
41.3500,1690
41.3528,1694
41.3556,1698
41.3583,1701
41.3611,1720
41.3639,1774
41.3667,1835
41.3694,1863
41.3722,1874
41.3750,1864
41.3778,1846
41.3806,1799
41.3833,1780
41.3861,1777
41.3889,1789
41.3917,1836
41.3944,1960
41.3972,2142
41.4000,2226
41.4028,2142
41.4056,1972
41.4083,1844
41.4111,1780
41.4139,1762
41.4167,1729
41.4194,1671
41.4222,1623
41.4250,1588
41.4278,1542
41.4306,1523
41.4333,1543
41.4361,1593
41.4389,1643
41.4417,1678
41.4444,1700
41.4472,1724
41.4500,1709
41.4528,1682
41.4556,1669
41.4583,1661
41.4611,1668
41.4639,1683
41.4667,1710
41.4694,1706
41.4722,1721
41.4750,1717
41.4778,1711
41.4806,1702
41.4833,1701
41.4861,1704
41.4889,1717
41.4917,1713
41.4944,1711
41.4972,1717
41.5000,1707
41.5028,1719
41.5056,1737
41.5083,1740
41.5111,1738
41.5139,1724
41.5167,1730
41.5194,1724
41.5222,1733
41.5250,1757
41.5278,1770
41.5306,1763
41.5333,1755
41.5361,1749
41.5389,1732
41.5417,1743
41.5444,1752
41.5472,1767
41.5500,1785
41.5528,1772
41.5556,1771
41.5583,1756
41.5611,1762
41.5639,1773
41.5667,1780
41.5694,1773
41.5722,1792
41.5750,1803
41.5778,1799
41.5806,1799
41.5833,1805
41.5861,1814
41.5889,1835
41.5917,1933
41.5944,1914
41.5972,1900
41.6000,1874
41.6028,1879
41.6056,1899
41.6083,1909
41.6111,1916
41.6139,1908
41.6167,1901
41.6194,1895
41.6222,1903
41.6250,1903
41.6278,1896
41.6306,1893
41.6333,1881
41.6361,1872
41.6389,1860
41.6417,1860
41.6444,1849
41.6472,1855
41.6500,1856
41.6528,1854
41.6556,1841
41.6583,1811
41.6611,1800
41.6639,1797
41.6667,1796
41.6694,1789
41.6722,1794
41.6750,1787
41.6778,1770
41.6806,1744
41.6833,1749
41.6861,1742
41.6889,1729
41.6917,1734
41.6944,1744
41.6972,1730
41.7000,1708
41.7028,1713
41.7056,1704
41.7083,1717
41.7111,1725
41.7139,1709
41.7167,1707
41.7194,1695
41.7222,1684
41.7250,1692
41.7278,1705
41.7306,1704
41.7333,1709
41.7361,1709
41.7389,1689
41.7417,1702
41.7444,1708
41.7472,1713
41.7500,1712
41.7528,1723
41.7556,1714
41.7583,1710
41.7611,1706
41.7639,1715
41.7667,1721
41.7694,1734
41.7722,1734
41.7750,1748
41.7778,1733
41.7806,1719
41.7833,1721
41.7861,1739
41.7889,1745
41.7917,1737
41.7944,1745
41.7972,1736
41.8000,1724
41.8028,1726
41.8056,1725
41.8083,1724
41.8111,1730
41.8139,1742
41.8167,1731
41.8194,1716
41.8222,1718
41.8250,1728
41.8278,1719
41.8306,1723
41.8333,1738
41.8361,1722
41.8389,1723
41.8417,1713
41.8444,1711
41.8472,1714
41.8500,1717
41.8528,1716
41.8556,1723
41.8583,1714
41.8611,1713
41.8639,1726
41.8667,1731
41.8694,1724
41.8722,1720
41.8750,1718
41.8778,1707
41.8806,1705
41.8833,1705
41.8861,1718
41.8889,1724
41.8917,1732
41.8944,1733
41.8972,1731
41.9000,1714
41.9028,1717
41.9056,1728
41.9083,1730
41.9111,1743
41.9139,1733
41.9167,1730
41.9194,1721
41.9222,1710
41.9250,1715
41.9278,1723
41.9306,1725
41.9333,1736
41.9361,1738
41.9389,1731
41.9417,1741
41.9444,1756
41.9472,1751
41.9500,1758
41.9528,1754
41.9556,1761
41.9583,1746
41.9611,1754
41.9639,1756
41.9667,1751
41.9694,1756
41.9722,1745
41.9750,1749
41.9778,1736
41.9806,1740
41.9833,1750
41.9861,1753
41.9889,1754
41.9917,1757
41.9944,1763
41.9972,1767
42.0000,1757
42.0028,1760
42.0056,1772
42.0083,1766
42.0111,1753
42.0139,1763
42.0167,1751
42.0194,1752
42.0222,1756
42.0250,1783
42.0278,1781
42.0306,1796
42.0333,1809
42.0361,1829
42.0389,1850
42.0417,1883
42.0444,1875
42.0472,1884
42.0500,1887
42.0528,1875
42.0556,1861
42.0583,1848
42.0611,1818
42.0639,1810
42.0667,1803
42.0694,1803
42.0722,1806
42.0750,1815
42.0778,1810
42.0806,1796
42.0833,1783
42.0861,1776
42.0889,1776
42.0917,1767
42.0944,1789
42.0972,1803
42.1000,1810
42.1028,1817
42.1056,1820
42.1083,1793
42.1111,1780
42.1139,1773
42.1167,1763
42.1194,1739
42.1222,1731
42.1250,1736
42.1278,1741
42.1306,1734
42.1333,1728
42.1361,1733
42.1389,1731
42.1417,1718
42.1444,1733
42.1472,1726
42.1500,1726
42.1528,1729
42.1556,1731
42.1583,1742
42.1611,1740
42.1639,1740
42.1667,1750
42.1694,1736
42.1722,1717
42.1750,1729
42.1778,1747
42.1806,1775
42.1833,1837
42.1861,1908
42.1889,1927
42.1917,1926
42.1944,1921
42.1972,1894
42.2000,1868
42.2028,1856
42.2056,1871
42.2083,1895
42.2111,1974
42.2139,2144
42.2167,2323
42.2194,2363
42.2222,2221
42.2250,2022
42.2278,1847
42.2306,1753
42.2333,1689
42.2361,1641
42.2389,1600
42.2417,1565
42.2444,1580
42.2472,1615
42.2500,1657
42.2528,1688
42.2556,1711
42.2583,1703
42.2611,1704
42.2639,1708
42.2667,1698
42.2694,1690
42.2722,1680
42.2750,1671
42.2778,1665
42.2806,1668
42.2833,1698
42.2861,1718
42.2889,1707
42.2917,1706
42.2944,1689
42.2972,1683
42.3000,1681
42.3028,1684
42.3056,1701
42.3083,1705
42.3111,1696
42.3139,1686
42.3167,1680
42.3194,1675
42.3222,1691
42.3250,1712
42.3278,1724
42.3306,1717
42.3333,1710
42.3361,1696
42.3389,1689
42.3417,1687
42.3444,1708
42.3472,1711
42.3500,1718
42.3528,1724
42.3556,1713
42.3583,1709
42.3611,1716
42.3639,1726
42.3667,1743
42.3694,1745
42.3722,1728
42.3750,1733
42.3778,1733
42.3806,1735
42.3833,1756
42.3861,1764
42.3889,1768
42.3917,1783
42.3944,1773
42.3972,1774
42.4000,1781
42.4028,1796
42.4056,1805
42.4083,1816
42.4111,1813
42.4139,1813
42.4167,1811
42.4194,1815
42.4222,1849
42.4250,1873
42.4278,1881
42.4306,1876
42.4333,1883
42.4361,1876
42.4389,1850
42.4417,1844
42.4444,1853
42.4472,1861
42.4500,1861
42.4528,1846
42.4556,1820
42.4583,1799
42.4611,1800
42.4639,1813
42.4667,1806
42.4694,1816
42.4722,1800
42.4750,1779
42.4778,1755
42.4806,1728
42.4833,1719
42.4861,1723
42.4889,1723
42.4917,1720
42.4944,1728
42.4972,1706
42.5000,1688
42.5028,1677
42.5056,1681
42.5083,1685
42.5111,1683
42.5139,1679
42.5167,1675
42.5194,1673
42.5222,1667
42.5250,1670
42.5278,1668
42.5306,1657
42.5333,1662
42.5361,1650
42.5389,1626
42.5417,1611
42.5444,1642
42.5472,1644
42.5500,1663
42.5528,1663
42.5556,1668
42.5583,1653
42.5611,1648
42.5639,1659
42.5667,1666
42.5694,1673
42.5722,1681
42.5750,1673
42.5778,1659
42.5806,1662
42.5833,1656
42.5861,1674
42.5889,1679
42.5917,1684
42.5944,1689
42.5972,1692
42.6000,1676
42.6028,1689
42.6056,1704
42.6083,1706
42.6111,1705
42.6139,1699
42.6167,1684
42.6194,1677
42.6222,1681
42.6250,1693
42.6278,1697
42.6306,1701
42.6333,1713
42.6361,1702
42.6389,1691
42.6417,1696
42.6444,1688
42.6472,1699
42.6500,1689
42.6528,1702
42.6556,1712
42.6583,1707
42.6611,1694
42.6639,1700
42.6667,1709
42.6694,1706
42.6722,1710
42.6750,1713
42.6778,1716
42.6806,1702
42.6833,1703
42.6861,1702
42.6889,1703
42.6917,1703
42.6944,1699
42.6972,1696
42.7000,1688
42.7028,1695
42.7056,1709
42.7083,1704
42.7111,1710
42.7139,1713
42.7167,1724
42.7194,1700
42.7222,1706
42.7250,1713
42.7278,1704
42.7306,1697
42.7333,1710
42.7361,1710
42.7389,1696
42.7417,1706
42.7444,1703
42.7472,1704
42.7500,1701
42.7528,1699
42.7556,1701
42.7583,1716
42.7611,1712
42.7639,1724
42.7667,1713
42.7694,1707
42.7722,1714
42.7750,1716
42.7778,1706
42.7806,1696
42.7833,1704
42.7861,1713
42.7889,1716
42.7917,1722
42.7944,1724
42.7972,1716
42.8000,1727
42.8028,1739
42.8056,1735
42.8083,1742
42.8111,1742
42.8139,1741
42.8167,1731
42.8194,1720
42.8222,1712
42.8250,1716
42.8278,1722
42.8306,1724
42.8333,1728
42.8361,1734
42.8389,1729
42.8417,1737
42.8444,1751
42.8472,1766
42.8500,1776
42.8528,1796
42.8556,1821
42.8583,1826
42.8611,1826
42.8639,1852
42.8667,1837
42.8694,1831
42.8722,1811
42.8750,1800
42.8778,1784
42.8806,1781
42.8833,1786
42.8861,1793
42.8889,1796
42.8917,1801
42.8944,1807
42.8972,1791
42.9000,1779
42.9028,1773
42.9056,1771
42.9083,1775
42.9111,1775
42.9139,1797
42.9167,1803
42.9194,1806
42.9222,1797
42.9250,1786
42.9278,1782
42.9306,1760
42.9333,1751
42.9361,1732
42.9389,1720
42.9417,1736
42.9444,1729
42.9472,1724
42.9500,1720
42.9528,1718
42.9556,1716
42.9583,1715
42.9611,1707
42.9639,1728
42.9667,1730
42.9694,1733
42.9722,1736
42.9750,1736
42.9778,1742
42.9806,1740
42.9833,1736
42.9861,1737
42.9889,1728
42.9917,1736
42.9944,1761
42.9972,1797
43.0000,1853
43.0028,1903
43.0056,1926
43.0083,1918
43.0111,1903
43.0139,1871
43.0167,1851
43.0194,1819
43.0222,1807
43.0250,1827
43.0278,1913
43.0306,2074
43.0333,2255
43.0361,2290
43.0389,2150
43.0417,1976
43.0444,1842
43.0472,1763
43.0500,1724
43.0528,1667
43.0556,1642
43.0583,1601
43.0611,1595
43.0639,1625
43.0667,1663
43.0694,1696
43.0722,1718
43.0750,1723
43.0778,1719
43.0806,1723
43.0833,1731
43.0861,1726
43.0889,1710
43.0917,1706
43.0944,1713
43.0972,1720
43.1000,1731
43.1028,1741
43.1056,1745
43.1083,1734
43.1111,1727
43.1139,1716
43.1167,1710
43.1194,1721
43.1222,1738
43.1250,1751
43.1278,1746
43.1306,1751
43.1333,1735
43.1361,1742
43.1389,1734
43.1417,1750
43.1444,1758
43.1472,1736
43.1500,1737
43.1528,1726
43.1556,1741
43.1583,1743
43.1611,1765
43.1639,1780
43.1667,1774
43.1694,1762
43.1722,1760
43.1750,1768
43.1778,1768
43.1806,1766
43.1833,1776
43.1861,1773
43.1889,1767
43.1917,1762
43.1944,1774
43.1972,1783
43.2000,1805
43.2028,1797
43.2056,1804
43.2083,1812
43.2111,1790
43.2139,1791
43.2167,1791
43.2194,1809
43.2222,1837
43.2250,1852
43.2278,1965
43.2306,1942
43.2333,1944
43.2361,1935
43.2389,1926
43.2417,1929
43.2444,1916
43.2472,1913
43.2500,1906
43.2528,1912
43.2556,1885
43.2583,1880
43.2611,1882
43.2639,1890
43.2667,1892
43.2694,1891
43.2722,1889
43.2750,1875
43.2778,1870
43.2806,1859
43.2833,1868
43.2861,1860
43.2889,1836
43.2917,1827
43.2944,1808
43.2972,1789
43.3000,1777
43.3028,1781
43.3056,1773
43.3083,1757
43.3111,1755
43.3139,1745
43.3167,1728
43.3194,1723
43.3222,1724
43.3250,1716
43.3278,1724
43.3306,1718
43.3333,1698
43.3361,1705
43.3389,1702
43.3417,1702
43.3444,1713
43.3472,1698
43.3500,1706
43.3528,1693
43.3556,1687
43.3583,1678
43.3611,1672
43.3639,1681
43.3667,1690
43.3694,1678
43.3722,1678
43.3750,1682
43.3778,1678
43.3806,1670
43.3833,1703
43.3861,1707
43.3889,1711
43.3917,1708
43.3944,1700
43.3972,1686
43.4000,1697
43.4028,1698
43.4056,1691
43.4083,1689
43.4111,1690
43.4139,1703
43.4167,1693
43.4194,1698
43.4222,1715
43.4250,1739
43.4278,1739
43.4306,1724
43.4333,1722
43.4361,1715
43.4389,1713
43.4417,1695
43.4444,1705
43.4472,1693
43.4500,1701
43.4528,1698
43.4556,1700
43.4583,1684
43.4611,1689
43.4639,1694
43.4667,1694
43.4694,1683
43.4722,1712
43.4750,1707
43.4778,1710
43.4806,1710
43.4833,1709
43.4861,1702
43.4889,1707
43.4917,1697
43.4944,1689
43.4972,1693
43.5000,1700
43.5028,1715
43.5056,1692
43.5083,1696
43.5111,1694
43.5139,1709
43.5167,1705
43.5194,1693
43.5222,1707
43.5250,1699
43.5278,1686
43.5306,1698
43.5333,1701
43.5361,1692
43.5389,1684
43.5417,1692
43.5444,1705
43.5472,1708
43.5500,1706
43.5528,1702
43.5556,1711
43.5583,1692
43.5611,1696
43.5639,1691
43.5667,1687
43.5694,1696
43.5722,1706
43.5750,1712
43.5778,1702
43.5806,1704
43.5833,1699
43.5861,1697
43.5889,1685
43.5917,1691
43.5944,1703
43.5972,1706
43.6000,1708
43.6028,1710
43.6056,1720
43.6083,1709
43.6111,1710
43.6139,1711
43.6167,1709
43.6194,1699
43.6222,1713
43.6250,1716
43.6278,1711
43.6306,1701
43.6333,1704
43.6361,1690
43.6389,1705
43.6417,1713
43.6444,1725
43.6472,1744
43.6500,1755
43.6528,1758
43.6556,1778
43.6583,1783
43.6611,1784
43.6639,1791
43.6667,1799
43.6694,1796
43.6722,1798
43.6750,1774
43.6778,1752
43.6806,1742
43.6833,1753
43.6861,1752
43.6889,1775
43.6917,1790
43.6944,1813
43.6972,1815
43.7000,1804
43.7028,1784
43.7056,1773
43.7083,1738
43.7111,1734
43.7139,1735
43.7167,1744
43.7194,1763
43.7222,1779
43.7250,1790
43.7278,1766
43.7306,1746
43.7333,1727
43.7361,1700
43.7389,1682
43.7417,1683
43.7444,1696
43.7472,1695
43.7500,1698
43.7528,1702
43.7556,1685
43.7583,1684
43.7611,1685
43.7639,1693
43.7667,1696
43.7694,1706
43.7722,1717
43.7750,1699
43.7778,1684
43.7806,1682
43.7833,1692
43.7861,1693
43.7889,1693
43.7917,1698
43.7944,1696
43.7972,1706
43.8000,1722
43.8028,1735
43.8056,1794
43.8083,1842
43.8111,1855
43.8139,1850
43.8167,1819
43.8194,1780
43.8222,1767
43.8250,1763
43.8278,1742
43.8306,1758
43.8333,1815
43.8361,1945
43.8389,2150
43.8417,2242
43.8444,2163
43.8472,2009
43.8500,1871
43.8528,1811
43.8556,1764
43.8583,1708
43.8611,1652
43.8639,1600
43.8667,1530
43.8694,1483
43.8722,1472
43.8750,1530
43.8778,1564
43.8806,1622
43.8833,1658
43.8861,1670
43.8889,1697
43.8917,1700
43.8944,1688
43.8972,1668
43.9000,1654
43.9028,1651
43.9056,1649
43.9083,1659
43.9111,1668
43.9139,1656
43.9167,1655
43.9194,1636
43.9222,1643
43.9250,1654
43.9278,1675
43.9306,1691
43.9333,1692
43.9361,1681
43.9389,1664
43.9417,1664
43.9444,1666
43.9472,1674
43.9500,1694
43.9528,1675
43.9556,1672
43.9583,1664
43.9611,1658
43.9639,1668
43.9667,1685
43.9694,1685
43.9722,1701
43.9750,1706
43.9778,1701
43.9806,1683
43.9833,1677
43.9861,1673
43.9889,1675
43.9917,1692
43.9944,1696
43.9972,1690
44.0000,1690
44.0028,1707
44.0056,1719
44.0083,1726
44.0111,1737
44.0139,1737
44.0167,1733
44.0194,1720
44.0222,1718
44.0250,1739
44.0278,1739
44.0306,1734
44.0333,1818
44.0361,1808
44.0389,1805
44.0417,1802
44.0444,1808
44.0472,1828
44.0500,1836
44.0528,1837
44.0556,1820
44.0583,1792
44.0611,1787
44.0639,1790
44.0667,1789
44.0694,1792
44.0722,1789
44.0750,1763
44.0778,1751
44.0806,1758
44.0833,1768
44.0861,1782
44.0889,1772
44.0917,1776
44.0944,1750
44.0972,1725
44.1000,1724
44.1028,1707
44.1056,1696
44.1083,1695
44.1111,1698
44.1139,1679
44.1167,1652
44.1194,1634
44.1222,1639
44.1250,1631
44.1278,1638
44.1306,1635
44.1333,1621
44.1361,1618
44.1389,1596
44.1417,1597
44.1444,1596
44.1472,1587
44.1500,1583
44.1528,1577
44.1556,1583
44.1583,1560
44.1611,1570
44.1639,1564
44.1667,1567
44.1694,1566
44.1722,1572
44.1750,1549
44.1778,1540
44.1806,1543
44.1833,1545
44.1861,1557
44.1889,1565
44.1917,1574
44.1944,1562
44.1972,1559
44.2000,1550
44.2028,1563
44.2056,1560
44.2083,1571
44.2111,1580
44.2139,1585
44.2167,1585
44.2194,1576
44.2222,1574
44.2250,1579
44.2278,1566
44.2306,1574
44.2333,1560
44.2361,1559
44.2389,1549
44.2417,1557
44.2444,1555
44.2472,1568
44.2500,1585
44.2528,1580
44.2556,1573
44.2583,1570
44.2611,1572
44.2639,1571
44.2667,1578
44.2694,1577
44.2722,1597
44.2750,1588
44.2778,1577
44.2806,1577
44.2833,1579
44.2861,1584
44.2889,1591
44.2917,1585
44.2944,1590
44.2972,1569
44.3000,1580
44.3028,1580
44.3056,1581
44.3083,1583
44.3111,1593
44.3139,1581
44.3167,1583
44.3194,1572
44.3222,1576
44.3250,1580
44.3278,1585
44.3306,1589
44.3333,1584
44.3361,1576
44.3389,1567
44.3417,1577
44.3444,1582
44.3472,1597
44.3500,1587
44.3528,1590
44.3556,1582
44.3583,1570
44.3611,1566
44.3639,1570
44.3667,1587
44.3694,1594
44.3722,1606
44.3750,1612
44.3778,1612
44.3806,1610
44.3833,1606
44.3861,1594
44.3889,1586
44.3917,1588
44.3944,1587
44.3972,1588
44.4000,1592
44.4028,1602
44.4056,1610
44.4083,1609
44.4111,1624
44.4139,1627
44.4167,1607
44.4194,1617
44.4222,1621
44.4250,1621
44.4278,1630
44.4306,1626
44.4333,1633
44.4361,1631
44.4389,1630
44.4417,1635
44.4444,1631
44.4472,1636
44.4500,1636
44.4528,1648
44.4556,1634
44.4583,1628
44.4611,1640
44.4639,1649
44.4667,1648
44.4694,1646
44.4722,1663
44.4750,1678
44.4778,1681
44.4806,1698
44.4833,1713
44.4861,1723
44.4889,1735
44.4917,1747
44.4944,1745
44.4972,1737
44.5000,1718
44.5028,1708
44.5056,1690
44.5083,1695
44.5111,1701
44.5139,1717
44.5167,1722
44.5194,1726
44.5222,1718
44.5250,1709
44.5278,1709
44.5306,1699
44.5333,1706
44.5361,1708
44.5389,1713
44.5417,1722
44.5444,1710
44.5472,1708
44.5500,1704
44.5528,1691
44.5556,1702
44.5583,1674
44.5611,1653
44.5639,1643
44.5667,1624
44.5694,1641
44.5722,1630
44.5750,1632
44.5778,1621
44.5806,1638
44.5833,1633
44.5861,1635
44.5889,1630
44.5917,1637
44.5944,1633
44.5972,1632
44.6000,1638
44.6028,1640
44.6056,1646
44.6083,1647
44.6111,1647
44.6139,1639
44.6167,1645
44.6194,1639
44.6222,1660
44.6250,1682
44.6278,1713
44.6306,1770
44.6333,1825
44.6361,1857
44.6389,1843
44.6417,1836
44.6444,1817
44.6472,1783
44.6500,1761
44.6528,1756
44.6556,1740
44.6583,1785
44.6611,1898
44.6639,2074
44.6667,2177
44.6694,2111
44.6722,1945
44.6750,1805
44.6778,1727
44.6806,1714
44.6833,1680
44.6861,1666
44.6889,1646
44.6917,1593
44.6944,1566
44.6972,1551
44.7000,1583
44.7028,1626
44.7056,1654
44.7083,1681
44.7111,1694
44.7139,1719
44.7167,1713
44.7194,1712
44.7222,1707
44.7250,1698
44.7278,1691
44.7306,1715
44.7333,1733
44.7361,1741
44.7389,1743
44.7417,1738
44.7444,1729
44.7472,1719
44.7500,1718
44.7528,1728
44.7556,1742
44.7583,1748
44.7611,1748
44.7639,1745
44.7667,1732
44.7694,1737
44.7722,1751
44.7750,1748
44.7778,1750
44.7806,1755
44.7833,1750
44.7861,1751
44.7889,1749
44.7917,1764
44.7944,1760
44.7972,1761
44.8000,1769
44.8028,1755
44.8056,1745
44.8083,1748
44.8111,1760
44.8139,1788
44.8167,1787
44.8194,1794
44.8222,1791
44.8250,1795
44.8278,1790
44.8306,1790
44.8333,1824
44.8361,1823
44.8389,1818
44.8417,1833
44.8444,1830
44.8472,1835
44.8500,1847
44.8528,1852
44.8556,1875
44.8583,1933
44.8611,1940
44.8639,1946
44.8667,1945
44.8694,1937
44.8722,1942
44.8750,1931
44.8778,1933
44.8806,1934
44.8833,1941
44.8861,1932
44.8889,1933
44.8917,1947
44.8944,1942
44.8972,1936
44.9000,1926
44.9028,1921
44.9056,1910
44.9083,1923
44.9111,1922
44.9139,1909
44.9167,1896
44.9194,1891
44.9222,1885
44.9250,1865
44.9278,1862
44.9306,1856
44.9333,1841
44.9361,1833
44.9389,1808
44.9417,1800
44.9444,1779
44.9472,1785
44.9500,1789
44.9528,1779
44.9556,1767
44.9583,1757
44.9611,1755
44.9639,1755
44.9667,1755
44.9694,1757
44.9722,1769
44.9750,1757
44.9778,1754
44.9806,1736
44.9833,1729
44.9861,1736
44.9889,1734
44.9917,1745
44.9944,1734
44.9972,1731
45.0000,1735
45.0028,1732
45.0056,1731
45.0083,1719
45.0111,1734
45.0139,1741
45.0167,1729
45.0194,1732
45.0222,1725
45.0250,1731
45.0278,1731
45.0306,1738
45.0333,1741
45.0361,1737
45.0389,1730
45.0417,1736
45.0444,1733
45.0472,1735
45.0500,1748
45.0528,1747
45.0556,1746
45.0583,1750
45.0611,1740
45.0639,1730
45.0667,1744
45.0694,1740
45.0722,1748
45.0750,1751
45.0778,1737
45.0806,1746
45.0833,1740
45.0861,1747
45.0889,1736
45.0917,1751
45.0944,1745
45.0972,1725
45.1000,1726
45.1028,1713
45.1056,1715
45.1083,1720
45.1111,1727
45.1139,1732
45.1167,1720
45.1194,1715
45.1222,1711
45.1250,1714
45.1278,1705
45.1306,1718
45.1333,1711
45.1361,1702
45.1389,1700
45.1417,1717
45.1444,1702
45.1472,1702
45.1500,1718
45.1528,1721
45.1556,1713
45.1583,1709
45.1611,1716
45.1639,1699
45.1667,1705
45.1694,1713
45.1722,1714
45.1750,1707
45.1778,1694
45.1806,1710
45.1833,1715
45.1861,1708
45.1889,1711
45.1917,1726
45.1944,1716
45.1972,1717
45.2000,1717
45.2028,1730
45.2056,1720
45.2083,1729
45.2111,1730
45.2139,1725
45.2167,1729
45.2194,1722
45.2222,1719
45.2250,1711
45.2278,1720
45.2306,1727
45.2333,1730
45.2361,1727
45.2389,1733
45.2417,1736
45.2444,1724
45.2472,1733
45.2500,1741
45.2528,1748
45.2556,1740
45.2583,1739
45.2611,1751
45.2639,1752
45.2667,1748
45.2694,1753
45.2722,1749
45.2750,1745
45.2778,1739
45.2806,1741
45.2833,1737
45.2861,1736
45.2889,1745
45.2917,1758
45.2944,1760
45.2972,1762
45.3000,1784
45.3028,1789
45.3056,1798
45.3083,1812
45.3111,1830
45.3139,1831
45.3167,1833
45.3194,1841
45.3222,1819
45.3250,1803
45.3278,1786
45.3306,1791
45.3333,1791
45.3361,1791
45.3389,1786
45.3417,1788
45.3444,1776
45.3472,1781
45.3500,1773
45.3528,1767
45.3556,1749
45.3583,1748
45.3611,1767
45.3639,1779
45.3667,1766
45.3694,1781
45.3722,1766
45.3750,1753
45.3778,1729
45.3806,1724
45.3833,1706
45.3861,1683
45.3889,1672
45.3917,1686
45.3944,1671
45.3972,1673
45.4000,1666
45.4028,1674
45.4056,1657
45.4083,1658
45.4111,1658
45.4139,1664
45.4167,1659
45.4194,1664
45.4222,1659
45.4250,1650
45.4278,1662
45.4306,1676
45.4333,1668
45.4361,1674
45.4389,1670
45.4417,1668
45.4444,1682
45.4472,1679
45.4500,1704
45.4528,1752
45.4556,1794
45.4583,1847
45.4611,1881
45.4639,1883
45.4667,1880
45.4694,1837
45.4722,1807
45.4750,1780
45.4778,1780
45.4806,1801
45.4833,1873
45.4861,2035
45.4889,2221
45.4917,2284
45.4944,2172
45.4972,1981
45.5000,1830
45.5028,1748
45.5056,1700
45.5083,1671
45.5111,1627
45.5139,1592
45.5167,1582
45.5194,1589
45.5222,1627
45.5250,1659
45.5278,1685
45.5306,1704
45.5333,1703
45.5361,1713
45.5389,1697
45.5417,1698
45.5444,1684
45.5472,1680
45.5500,1679
45.5528,1698
45.5556,1692
45.5583,1707
45.5611,1717
45.5639,1702
45.5667,1673
45.5694,1677
45.5722,1673
45.5750,1688
45.5778,1705
45.5806,1713
45.5833,1702
45.5861,1703
45.5889,1699
45.5917,1697
45.5944,1694
45.5972,1706
45.6000,1717
45.6028,1716
45.6056,1713
45.6083,1698
45.6111,1699
45.6139,1710
45.6167,1716
45.6194,1717
45.6222,1726
45.6250,1730
45.6278,1727
45.6306,1724
45.6333,1742
45.6361,1738
45.6389,1754
45.6417,1756
45.6444,1744
45.6472,1730
45.6500,1739
45.6528,1754
45.6556,1752
45.6583,1768
45.6611,1775
45.6639,1782
45.6667,1773
45.6694,1762
45.6722,1783
45.6750,1785
45.6778,1801
45.6806,1811
45.6833,1894
45.6861,1886
45.6889,1887
45.6917,1876
45.6944,1873
45.6972,1877
45.7000,1876
45.7028,1869
45.7056,1867
45.7083,1850
45.7111,1861
45.7139,1850
45.7167,1842
45.7194,1840
45.7222,1831
45.7250,1823
45.7278,1814
45.7306,1798
45.7333,1796
45.7361,1784
45.7389,1785
45.7417,1779
45.7444,1765
45.7472,1757
45.7500,1745
45.7528,1739
45.7556,1724
45.7583,1712
45.7611,1708
45.7639,1697
45.7667,1681
45.7694,1679
45.7722,1661
45.7750,1669
45.7778,1642
45.7806,1641
45.7833,1639
45.7861,1631
45.7889,1617
45.7917,1611
45.7944,1607
45.7972,1611
45.8000,1606
45.8028,1608
45.8056,1607
45.8083,1604
45.8111,1606
45.8139,1609
45.8167,1616
45.8194,1611
45.8222,1611
45.8250,1626
45.8278,1620
45.8306,1622
45.8333,1620
45.8361,1612
45.8389,1618
45.8417,1637
45.8444,1619
45.8472,1630
45.8500,1633
45.8528,1640
45.8556,1644
45.8583,1649
45.8611,1654
45.8639,1653
45.8667,1659
45.8694,1652
45.8722,1649
45.8750,1647
45.8778,1642
45.8806,1661
45.8833,1658
45.8861,1656
45.8889,1645
45.8917,1657
45.8944,1643
45.8972,1636
45.9000,1642
45.9028,1650
45.9056,1655
45.9083,1646
45.9111,1654
45.9139,1649
45.9167,1649
45.9194,1648
45.9222,1656
45.9250,1665
45.9278,1656
45.9306,1660
45.9333,1656
45.9361,1647
45.9389,1661
45.9417,1659
45.9444,1651
45.9472,1663
45.9500,1674
45.9528,1669
45.9556,1662
45.9583,1674
45.9611,1664
45.9639,1662
45.9667,1665
45.9694,1670
45.9722,1673
45.9750,1663
45.9778,1672
45.9806,1676
45.9833,1674
45.9861,1661
45.9889,1670
45.9917,1678
45.9944,1678
45.9972,1678
46.0000,1678
46.0028,1677
46.0056,1669
46.0083,1665
46.0111,1672
46.0139,1656
46.0167,1664
46.0194,1665
46.0222,1676
46.0250,1672
46.0278,1663
46.0306,1672
46.0333,1666
46.0361,1664
46.0389,1670
46.0417,1674
46.0444,1666
46.0472,1673
46.0500,1665
46.0528,1673
46.0556,1679
46.0583,1683
46.0611,1685
46.0639,1700
46.0667,1691
46.0694,1695
46.0722,1689
46.0750,1686
46.0778,1693
46.0806,1698
46.0833,1687
46.0861,1689
46.0889,1685
46.0917,1685
46.0944,1697
46.0972,1698
46.1000,1708
46.1028,1710
46.1056,1700
46.1083,1704
46.1111,1714
46.1139,1715
46.1167,1712
46.1194,1724
46.1222,1726
46.1250,1719
46.1278,1719
46.1306,1721
46.1333,1735
46.1361,1744
46.1389,1756
46.1417,1784
46.1444,1803
46.1472,1801
46.1500,1814
46.1528,1823
46.1556,1836
46.1583,1829
46.1611,1817
46.1639,1801
46.1667,1779
46.1694,1776
46.1722,1784
46.1750,1798
46.1778,1818
46.1806,1815
46.1833,1813
46.1861,1811
46.1889,1797
46.1917,1793
46.1944,1780
46.1972,1786
46.2000,1801
46.2028,1813
46.2056,1821
46.2083,1808
46.2111,1787
46.2139,1785
46.2167,1774
46.2194,1761
46.2222,1744
46.2250,1733
46.2278,1729
46.2306,1735
46.2333,1720
46.2361,1723
46.2389,1724
46.2417,1721
46.2444,1720
46.2472,1721
46.2500,1727
46.2528,1726
46.2556,1715
46.2583,1722
46.2611,1729
46.2639,1729
46.2667,1738
46.2694,1718
46.2722,1722
46.2750,1723
46.2778,1724
46.2806,1734
46.2833,1729
46.2861,1740
46.2889,1758
46.2917,1790
46.2944,1837
46.2972,1881
46.3000,1917
46.3028,1914
46.3056,1894
46.3083,1863
46.3111,1814
46.3139,1798
46.3167,1792
46.3194,1820
46.3222,1900
46.3250,2042
46.3278,2233
46.3306,2290
46.3333,2180
46.3361,2002
46.3389,1874
46.3417,1802
46.3444,1759
46.3472,1723
46.3500,1691
46.3528,1653
46.3556,1628
46.3583,1635
46.3611,1661
46.3639,1704
46.3667,1716
46.3694,1733
46.3722,1737
46.3750,1745
46.3778,1755
46.3806,1754
46.3833,1746
46.3861,1736
46.3889,1732
46.3917,1741
46.3944,1761
46.3972,1757
46.4000,1767
46.4028,1768
46.4056,1750
46.4083,1734
46.4111,1757
46.4139,1759
46.4167,1756
46.4194,1777
46.4222,1779
46.4250,1765
46.4278,1768
46.4306,1764
46.4333,1761
46.4361,1773
46.4389,1769
46.4417,1783
46.4444,1769
46.4472,1765
46.4500,1759
46.4528,1781
46.4556,1782
46.4583,1783
46.4611,1787
46.4639,1773
46.4667,1759
46.4694,1761
46.4722,1780
46.4750,1774
46.4778,1784
46.4806,1802
46.4833,1789
46.4861,1781
46.4889,1784
46.4917,1796
46.4944,1788
46.4972,1801
46.5000,1811
46.5028,1810
46.5056,1801
46.5083,1813
46.5111,1824
46.5139,1815
46.5167,1830
46.5194,1838
46.5222,1925
46.5250,1913
46.5278,1896
46.5306,1912
46.5333,1911
46.5361,1901
46.5389,1911
46.5417,1911
46.5444,1889
46.5472,1897
46.5500,1901
46.5528,1886
46.5556,1880
46.5583,1881
46.5611,1881
46.5639,1882
46.5667,1869
46.5694,1869
46.5722,1860
46.5750,1852
46.5778,1844
46.5806,1828
46.5833,1821
46.5861,1810
46.5889,1812
46.5917,1792
46.5944,1780
46.5972,1775
46.6000,1772
46.6028,1765
46.6056,1756
46.6083,1738
46.6111,1744
46.6139,1729
46.6167,1714
46.6194,1718
46.6222,1719
46.6250,1716
46.6278,1712
46.6306,1719
46.6333,1705
46.6361,1716
46.6389,1714
46.6417,1713
46.6444,1709
46.6472,1701
46.6500,1708
46.6528,1699
46.6556,1697
46.6583,1697
46.6611,1698
46.6639,1705
46.6667,1695
46.6694,1697
46.6722,1699
46.6750,1706
46.6778,1710
46.6806,1704
46.6833,1691
46.6861,1695
46.6889,1703
46.6917,1699
46.6944,1702
46.6972,1707
46.7000,1704
46.7028,1707
46.7056,1705
46.7083,1701
46.7111,1726
46.7139,1704
46.7167,1692
46.7194,1692
46.7222,1689
46.7250,1691
46.7278,1676
46.7306,1687
46.7333,1688
46.7361,1683
46.7389,1688
46.7417,1680
46.7444,1687
46.7472,1690
46.7500,1690
46.7528,1689
46.7556,1676
46.7583,1694
46.7611,1693
46.7639,1693
46.7667,1685
46.7694,1695
46.7722,1683
46.7750,1684
46.7778,1690
46.7806,1695
46.7833,1695
46.7861,1693
46.7889,1688
46.7917,1683
46.7944,1680
46.7972,1695
46.8000,1679
46.8028,1685
46.8056,1673
46.8083,1674
46.8111,1681
46.8139,1676
46.8167,1677
46.8194,1686
46.8222,1688
46.8250,1677
46.8278,1680
46.8306,1680
46.8333,1678
46.8361,1683
46.8389,1684
46.8417,1684
46.8444,1688
46.8472,1675
46.8500,1674
46.8528,1673
46.8556,1671
46.8583,1689
46.8611,1703
46.8639,1691
46.8667,1694
46.8694,1688
46.8722,1678
46.8750,1674
46.8778,1671
46.8806,1664
46.8833,1673
46.8861,1682
46.8889,1680
46.8917,1693
46.8944,1697
46.8972,1702
46.9000,1694
46.9028,1694
46.9056,1690
46.9083,1702
46.9111,1707
46.9139,1699
46.9167,1703
46.9194,1715
46.9222,1709
46.9250,1708
46.9278,1709
46.9306,1715
46.9333,1712
46.9361,1701
46.9389,1697
46.9417,1694
46.9444,1702
46.9472,1693
46.9500,1704
46.9528,1690
46.9556,1683
46.9583,1686
46.9611,1684
46.9639,1688
46.9667,1699
46.9694,1694
46.9722,1710
46.9750,1698
46.9778,1698
46.9806,1708
46.9833,1724
46.9861,1742
46.9889,1752
46.9917,1763
46.9944,1760
46.9972,1772
47.0000,1769
47.0028,1758
47.0056,1734
47.0083,1730
47.0111,1719
47.0139,1718
47.0167,1729
47.0194,1741
47.0222,1748
47.0250,1754
47.0278,1744
47.0306,1741
47.0333,1719
47.0361,1709
47.0389,1704
47.0417,1713
47.0444,1725
47.0472,1727
47.0500,1743
47.0528,1735
47.0556,1734
47.0583,1712
47.0611,1708
47.0639,1680
47.0667,1656
47.0694,1648
47.0722,1650
47.0750,1651
47.0778,1664
47.0806,1663
47.0833,1651
47.0861,1644
47.0889,1655
47.0917,1661
47.0944,1673
47.0972,1669
47.1000,1669
47.1028,1659
47.1056,1646
47.1083,1659
47.1111,1665
47.1139,1666
47.1167,1671
47.1194,1671
47.1222,1670
47.1250,1670
47.1278,1675
47.1306,1676
47.1333,1694
47.1361,1746
47.1389,1802
47.1417,1843
47.1444,1849
47.1472,1839
47.1500,1810
47.1528,1768
47.1556,1730
47.1583,1729
47.1611,1730
47.1639,1760
47.1667,1859
47.1694,2037
47.1722,2195
47.1750,2180
47.1778,2028
47.1806,1877
47.1833,1778
47.1861,1742
47.1889,1706
47.1917,1676
47.1944,1635
47.1972,1597
47.2000,1571
47.2028,1570
47.2056,1595
47.2083,1633
47.2111,1683
47.2139,1686
47.2167,1704
47.2194,1719
47.2222,1709
47.2250,1709
47.2278,1695
47.2306,1693
47.2333,1700
47.2361,1699
47.2389,1717
47.2417,1734
47.2444,1734
47.2472,1734
47.2500,1714
47.2528,1715
47.2556,1728
47.2583,1733
47.2611,1745
47.2639,1745
47.2667,1734
47.2694,1723
47.2722,1715
47.2750,1716
47.2778,1736
47.2806,1754
47.2833,1754
47.2861,1755
47.2889,1746
47.2917,1742
47.2944,1719
47.2972,1720
47.3000,1736
47.3028,1735
47.3056,1737
47.3083,1732
47.3111,1731
47.3139,1753
47.3167,1762
47.3194,1786
47.3222,1783
47.3250,1781
47.3278,1762
47.3306,1760
47.3333,1764
47.3361,1767
47.3389,1781
47.3417,1769
47.3444,1763
47.3472,1774
47.3500,1783
47.3528,1785
47.3556,1784
47.3583,1789
47.3611,1803
47.3639,1915
47.3667,1895
47.3694,1892
47.3722,1872
47.3750,1889
47.3778,1878
47.3806,1884
47.3833,1878
47.3861,1870
47.3889,1892
47.3917,1878
47.3944,1871
47.3972,1894
47.4000,1899
47.4028,1889
47.4056,1891
47.4083,1873
47.4111,1850
47.4139,1831
47.4167,1856
47.4194,1853
47.4222,1872
47.4250,1863
47.4278,1852
47.4306,1836
47.4333,1811
47.4361,1784
47.4389,1772
47.4417,1769
47.4444,1755
47.4472,1746
47.4500,1747
47.4528,1738
47.4556,1721
47.4583,1733
47.4611,1747
47.4639,1732
47.4667,1731
47.4694,1719
47.4722,1695
47.4750,1690
47.4778,1688
47.4806,1687
47.4833,1693
47.4861,1688
47.4889,1678
47.4917,1667
47.4944,1656
47.4972,1665
47.5000,1670
47.5028,1678
47.5056,1675
47.5083,1682
47.5111,1671
47.5139,1662
47.5167,1683
47.5194,1694
47.5222,1690
47.5250,1692
47.5278,1681
47.5306,1678
47.5333,1662
47.5361,1659
47.5389,1661
47.5417,1668
47.5444,1685
47.5472,1695
47.5500,1697
47.5528,1686
47.5556,1678
47.5583,1680
47.5611,1681
47.5639,1680
47.5667,1662
47.5694,1672
47.5722,1658
47.5750,1658
47.5778,1653
47.5806,1658
47.5833,1646
47.5861,1640
47.5889,1643
47.5917,1628
47.5944,1640
47.5972,1640
47.6000,1656
47.6028,1661
47.6056,1666
47.6083,1670
47.6111,1649
47.6139,1628
47.6167,1630
47.6194,1633
47.6222,1634
47.6250,1633
47.6278,1645
47.6306,1636
47.6333,1632
47.6361,1631
47.6389,1628
47.6417,1630
47.6444,1624
47.6472,1626
47.6500,1628
47.6528,1627
47.6556,1617
47.6583,1612
47.6611,1613
47.6639,1623
47.6667,1617
47.6694,1621
47.6722,1613
47.6750,1616
47.6778,1622
47.6806,1621
47.6833,1616
47.6861,1617
47.6889,1609
47.6917,1602
47.6944,1613
47.6972,1615
47.7000,1617
47.7028,1608
47.7056,1610
47.7083,1611
47.7111,1605
47.7139,1599
47.7167,1619
47.7194,1628
47.7222,1632
47.7250,1617
47.7278,1621
47.7306,1609
47.7333,1589
47.7361,1598
47.7389,1607
47.7417,1620
47.7444,1618
47.7472,1621
47.7500,1626
47.7528,1621
47.7556,1623
47.7583,1630
47.7611,1646
47.7639,1635
47.7667,1636
47.7694,1643
47.7722,1638
47.7750,1640
47.7778,1643
47.7806,1642
47.7833,1643
47.7861,1642
47.7889,1625
47.7917,1628
47.7944,1641
47.7972,1651
47.8000,1664
47.8028,1678
47.8056,1698
47.8083,1709
47.8111,1721
47.8139,1707
47.8167,1713
47.8194,1710
47.8222,1680
47.8250,1679
47.8278,1674
47.8306,1666
47.8333,1676
47.8361,1675
47.8389,1678
47.8417,1698
47.8444,1686
47.8472,1687
47.8500,1682
47.8528,1658
47.8556,1647
47.8583,1660
47.8611,1673
47.8639,1676
47.8667,1689
47.8694,1700
47.8722,1684
47.8750,1666
47.8778,1641
47.8806,1627
47.8833,1609
47.8861,1597
47.8889,1594
47.8917,1610
47.8944,1615
47.8972,1631
47.9000,1623
47.9028,1633
47.9056,1634
47.9083,1643
47.9111,1636
47.9139,1624
47.9167,1621
47.9194,1633
47.9222,1641
47.9250,1639
47.9278,1643
47.9306,1639
47.9333,1644
47.9361,1646
47.9389,1646
47.9417,1636
47.9444,1658
47.9472,1679
47.9500,1719
47.9528,1756
47.9556,1779
47.9583,1787
47.9611,1769
47.9639,1741
47.9667,1701
47.9694,1697
47.9722,1696
47.9750,1711
47.9778,1744
47.9806,1843
47.9833,2014
47.9861,2180
47.9889,2181
47.9917,2055
47.9944,1890
47.9972,1794
48.0000,1734
48.0028,1670
48.0056,1623
48.0083,1573
48.0111,1537
48.0139,1465
48.0167,1441
48.0194,1446
48.0222,1474
48.0250,1532
48.0278,1577
48.0306,1606
48.0333,1625
48.0361,1652
48.0389,1662
48.0417,1653
48.0444,1627
48.0472,1619
48.0500,1623
48.0528,1641
48.0556,1638
48.0583,1645
48.0611,1658
48.0639,1651
48.0667,1642
48.0694,1650
48.0722,1649
48.0750,1669
48.0778,1673
48.0806,1669
48.0833,1661
48.0861,1661
48.0889,1661
48.0917,1675
48.0944,1685
48.0972,1691
48.1000,1697
48.1028,1674
48.1056,1664
48.1083,1663
48.1111,1680
48.1139,1680
48.1167,1689
48.1194,1706
48.1222,1706
48.1250,1697
48.1278,1691
48.1306,1705
48.1333,1703
48.1361,1712
48.1389,1728
48.1417,1725
48.1444,1720
48.1472,1710
48.1500,1718
48.1528,1735
48.1556,1739
48.1583,1745
48.1611,1752
48.1639,1740
48.1667,1749
48.1694,1766
48.1722,1768
48.1750,1772
48.1778,1872
48.1806,1875
48.1833,1873
48.1861,1861
48.1889,1872
48.1917,1855
48.1944,1868
48.1972,1863
48.2000,1878
48.2028,1873
48.2056,1864
48.2083,1882
48.2111,1871
48.2139,1870
48.2167,1869
48.2194,1864
48.2222,1858
48.2250,1843
48.2278,1849
48.2306,1837
48.2333,1843
48.2361,1837
48.2389,1832
48.2417,1814
48.2444,1794
48.2472,1787
48.2500,1785
48.2528,1771
48.2556,1764
48.2583,1765
48.2611,1745
48.2639,1743
48.2667,1735
48.2694,1730
48.2722,1718
48.2750,1696
48.2778,1698
48.2806,1695
48.2833,1683
48.2861,1684
48.2889,1687
48.2917,1695
48.2944,1677
48.2972,1680
48.3000,1682
48.3028,1671
48.3056,1659
48.3083,1671
48.3111,1677
48.3139,1672
48.3167,1683
48.3194,1678
48.3222,1673
48.3250,1661
48.3278,1662
48.3306,1670
48.3333,1657
48.3361,1665
48.3389,1673
48.3417,1672
48.3444,1665
48.3472,1672
48.3500,1666
48.3528,1670
48.3556,1663
48.3583,1675
48.3611,1670
48.3639,1668
48.3667,1678
48.3694,1679
48.3722,1676
48.3750,1676
48.3778,1684
48.3806,1674
48.3833,1671
48.3861,1678
48.3889,1677
48.3917,1669
48.3944,1687
48.3972,1693
48.4000,1711
48.4028,1707
48.4056,1705
48.4083,1712
48.4111,1702
48.4139,1702
48.4167,1700
48.4194,1704
48.4222,1694
48.4250,1697
48.4278,1692
48.4306,1691
48.4333,1690
48.4361,1698
48.4389,1703
48.4417,1685
48.4444,1697
48.4472,1693
48.4500,1710
48.4528,1698
48.4556,1704
48.4583,1712
48.4611,1716
48.4639,1698
48.4667,1714
48.4694,1702
48.4722,1703
48.4750,1696
48.4778,1702
48.4806,1689
48.4833,1690
48.4861,1693
48.4889,1696
48.4917,1690
48.4944,1701
48.4972,1708
48.5000,1704
48.5028,1702
48.5056,1693
48.5083,1692
48.5111,1701
48.5139,1693
48.5167,1703
48.5194,1701
48.5222,1704
48.5250,1698
48.5278,1709
48.5306,1704
48.5333,1701
48.5361,1707
48.5389,1704
48.5417,1696
48.5444,1700
48.5472,1710
48.5500,1707
48.5528,1712
48.5556,1700
48.5583,1712
48.5611,1700
48.5639,1688
48.5667,1704
48.5694,1701
48.5722,1697
48.5750,1705
48.5778,1714
48.5806,1707
48.5833,1706
48.5861,1701
48.5889,1697
48.5917,1696
48.5944,1698
48.5972,1705
48.6000,1692
48.6028,1703
48.6056,1690
48.6083,1680
48.6111,1681
48.6139,1665
48.6167,1653
48.6194,1650
48.6222,1674
48.6250,1681
48.6278,1697
48.6306,1727
48.6333,1728
48.6361,1735
48.6389,1746
48.6417,1743
48.6444,1760
48.6472,1748
48.6500,1748
48.6528,1752
48.6556,1755
48.6583,1756
48.6611,1763
48.6639,1750
48.6667,1737
48.6694,1747
48.6722,1744
48.6750,1751
48.6778,1752
48.6806,1764
48.6833,1764
48.6861,1788
48.6889,1791
48.6917,1780
48.6944,1781
48.6972,1766
48.7000,1757
48.7028,1744
48.7056,1735
48.7083,1735
48.7111,1712
48.7139,1702
48.7167,1693
48.7194,1693
48.7222,1691
48.7250,1671
48.7278,1674
48.7306,1674
48.7333,1677
48.7361,1665
48.7389,1683
48.7417,1676
48.7444,1679
48.7472,1679
48.7500,1686
48.7528,1684
48.7556,1689
48.7583,1696
48.7611,1690
48.7639,1686
48.7667,1687
48.7694,1692
48.7722,1689
48.7750,1693
48.7778,1712
48.7806,1721
48.7833,1764
48.7861,1811
48.7889,1857
48.7917,1890
48.7944,1907
48.7972,1902
48.8000,1870
48.8028,1850
48.8056,1826
48.8083,1821
48.8111,1831
48.8139,1897
48.8167,2029
48.8194,2207
48.8222,2324
48.8250,2260
48.8278,2084
48.8306,1922
48.8333,1811
48.8361,1765
48.8389,1740
48.8417,1705
48.8444,1658
48.8472,1631
48.8500,1634
48.8528,1645
48.8556,1668
48.8583,1709
48.8611,1712
48.8639,1723
48.8667,1723
48.8694,1717
48.8722,1718
48.8750,1712
48.8778,1716
48.8806,1704
48.8833,1703
48.8861,1708
48.8889,1717
48.8917,1733
48.8944,1740
48.8972,1729
48.9000,1720
48.9028,1723
48.9056,1721
48.9083,1745
48.9111,1755
48.9139,1744
48.9167,1746
48.9194,1732
48.9222,1721
48.9250,1713
48.9278,1732
48.9306,1744
48.9333,1752
48.9361,1733
48.9389,1724
48.9417,1726
48.9444,1742
48.9472,1752
48.9500,1765
48.9528,1767
48.9556,1754
48.9583,1750
48.9611,1735
48.9639,1749
48.9667,1757
48.9694,1767
48.9722,1769
48.9750,1776
48.9778,1780
48.9806,1770
48.9833,1761
48.9861,1779
48.9889,1787
48.9917,1794
48.9944,1807
48.9972,1805
49.0000,1803
49.0028,1808
49.0056,1808
49.0083,1831
49.0111,1835
49.0139,1932
49.0167,1935
49.0194,1939
49.0222,1953
49.0250,1951
49.0278,1953
49.0306,1947
49.0333,1937
49.0361,1926
49.0389,1926
49.0417,1933
49.0444,1940
49.0472,1948
49.0500,1935
49.0528,1913
49.0556,1899
49.0583,1894
49.0611,1878
49.0639,1873
49.0667,1877
49.0694,1867
49.0722,1848
49.0750,1832
49.0778,1816
49.0806,1809
49.0833,1822
49.0861,1805
49.0889,1799
49.0917,1791
49.0944,1773
49.0972,1764
49.1000,1750
49.1028,1744
49.1056,1731
49.1083,1732
49.1111,1707
49.1139,1698
49.1167,1688
49.1194,1683
49.1222,1691
49.1250,1694
49.1278,1698
49.1306,1692
49.1333,1690
49.1361,1679
49.1389,1680
49.1417,1679
49.1444,1679
49.1472,1677
49.1500,1690
49.1528,1678
49.1556,1682
49.1583,1686
49.1611,1687
49.1639,1681
49.1667,1698
49.1694,1700
49.1722,1693
49.1750,1681
49.1778,1684
49.1806,1677
49.1833,1689
49.1861,1697
49.1889,1715
49.1917,1700
49.1944,1695
49.1972,1694
49.2000,1701
49.2028,1683
49.2056,1700
49.2083,1702
49.2111,1705
49.2139,1695
49.2167,1706
49.2194,1701
49.2222,1698
49.2250,1707
49.2278,1709
49.2306,1712
49.2333,1702
49.2361,1700
49.2389,1700
49.2417,1699
49.2444,1707
49.2472,1714
49.2500,1718
49.2528,1718
49.2556,1711
49.2583,1709
49.2611,1695
49.2639,1706
49.2667,1715
49.2694,1703
49.2722,1718
49.2750,1698
49.2778,1716
49.2806,1704
49.2833,1702
49.2861,1703
49.2889,1714
49.2917,1707
49.2944,1703
49.2972,1715
49.3000,1708
49.3028,1707
49.3056,1707
49.3083,1714
49.3111,1708
49.3139,1698
49.3167,1698
49.3194,1713
49.3222,1711
49.3250,1718
49.3278,1718
49.3306,1718
49.3333,1708
49.3361,1699
49.3389,1692
49.3417,1694
49.3444,1701
49.3472,1711
49.3500,1716
49.3528,1711
49.3556,1703
49.3583,1698
49.3611,1703
49.3639,1692
49.3667,1706
49.3694,1703
49.3722,1694
49.3750,1698
49.3778,1693
49.3806,1691
49.3833,1694
49.3861,1699
49.3889,1698
49.3917,1693
49.3944,1702
49.3972,1709
49.4000,1696
49.4028,1708
49.4056,1700
49.4083,1712
49.4111,1711
49.4139,1709
49.4167,1713
49.4194,1720
49.4222,1708
49.4250,1698
49.4278,1704
49.4306,1702
49.4333,1713
49.4361,1704
49.4389,1699
49.4417,1702
49.4444,1722
49.4472,1742
49.4500,1773
49.4528,1775
49.4556,1794
49.4583,1802
49.4611,1810
49.4639,1794
49.4667,1791
49.4694,1786
49.4722,1770
49.4750,1762
49.4778,1768
49.4806,1785
49.4833,1787
49.4861,1780
49.4889,1788
49.4917,1793
49.4944,1787
49.4972,1796
49.5000,1781
49.5028,1807
49.5056,1812
49.5083,1820
49.5111,1811
49.5139,1796
49.5167,1788
49.5194,1767
49.5222,1753
49.5250,1747
49.5278,1734
49.5306,1719
49.5333,1704
49.5361,1699
49.5389,1689
49.5417,1682
49.5444,1681
49.5472,1682
49.5500,1687
49.5528,1687
49.5556,1692
49.5583,1683
49.5611,1675
49.5639,1671
49.5667,1686
49.5694,1683
49.5722,1678
49.5750,1678
49.5778,1693
49.5806,1687
49.5833,1691
49.5861,1698
49.5889,1706
49.5917,1718
49.5944,1706
49.5972,1725
49.6000,1709
49.6028,1708
49.6056,1747
49.6083,1792
49.6111,1831
49.6139,1871
49.6167,1909
49.6194,1899
49.6222,1870
49.6250,1827
49.6278,1807
49.6306,1792
49.6333,1782
49.6361,1829
49.6389,1923
49.6417,2091
49.6444,2267
49.6472,2265
49.6500,2128
49.6528,1955
49.6556,1828
49.6583,1779
49.6611,1740
49.6639,1699
49.6667,1663
49.6694,1628
49.6722,1615
49.6750,1629
49.6778,1665
49.6806,1698
49.6833,1719
49.6861,1716
49.6889,1738
49.6917,1735
49.6944,1736
49.6972,1734
49.7000,1716
49.7028,1715
49.7056,1698
49.7083,1710
49.7111,1731
49.7139,1740
49.7167,1738
49.7194,1725
49.7222,1713
49.7250,1722
49.7278,1717
49.7306,1735
49.7333,1747
49.7361,1745
49.7389,1741
49.7417,1734
49.7444,1735
49.7472,1745
49.7500,1756
49.7528,1762
49.7556,1768
49.7583,1762
49.7611,1746
49.7639,1740
49.7667,1733
49.7694,1748
49.7722,1750
49.7750,1752
49.7778,1757
49.7806,1744
49.7833,1730
49.7861,1738
49.7889,1757
49.7917,1756
49.7944,1775
49.7972,1779
49.8000,1789
49.8028,1772
49.8056,1776
49.8083,1786
49.8111,1794
49.8139,1805
49.8167,1816
49.8194,1817
49.8222,1796
49.8250,1816
49.8278,1825
49.8306,1833
49.8333,1842
49.8361,1911
49.8389,1925
49.8417,1915
49.8444,1922
49.8472,1918
49.8500,1924
49.8528,1909
49.8556,1912
49.8583,1905
49.8611,1902
49.8639,1900
49.8667,1918
49.8694,1913
49.8722,1903
49.8750,1888
49.8778,1904
49.8806,1893
49.8833,1885
49.8861,1881
49.8889,1870
49.8917,1851
49.8944,1838
49.8972,1838
49.9000,1826
49.9028,1812
49.9056,1812
49.9083,1808
49.9111,1802
49.9139,1784
49.9167,1766
49.9194,1750
49.9222,1730
49.9250,1729
49.9278,1726
49.9306,1709
49.9333,1698
49.9361,1703
49.9389,1700
49.9417,1695
49.9444,1696
49.9472,1691
49.9500,1690
49.9528,1687
49.9556,1678
49.9583,1679
49.9611,1679
49.9639,1675
49.9667,1675
49.9694,1679
49.9722,1682
49.9750,1685
49.9778,1694
49.9806,1682
49.9833,1683
49.9861,1690
49.9889,1688
49.9917,1676
49.9944,1672
49.9972,1689
50.0000,1672
50.0028,1678
50.0056,1674
50.0083,1694
50.0111,1689
50.0139,1700
50.0167,1692
50.0194,1690
50.0222,1691
50.0250,1701
50.0278,1705
50.0306,1698
50.0333,1689
50.0361,1697
50.0389,1693
50.0417,1709
50.0444,1705
50.0472,1714
50.0500,1708
50.0528,1693
50.0556,1702
50.0583,1708
50.0611,1713
50.0639,1713
50.0667,1717
50.0694,1708
50.0722,1704
50.0750,1695
50.0778,1692
50.0806,1702
50.0833,1704
50.0861,1708
50.0889,1698
50.0917,1708
50.0944,1711
50.0972,1702
50.1000,1709
50.1028,1702
50.1056,1700
50.1083,1717
50.1111,1705
50.1139,1705
50.1167,1709
50.1194,1695
50.1222,1694
50.1250,1697
50.1278,1708
50.1306,1705
50.1333,1703
50.1361,1703
50.1389,1705
50.1417,1697
50.1444,1705
50.1472,1726
50.1500,1724
50.1528,1714
50.1556,1714
50.1583,1708
50.1611,1707
50.1639,1718
50.1667,1720
50.1694,1708
50.1722,1707
50.1750,1710
50.1778,1702
50.1806,1703
50.1833,1686
50.1861,1708
50.1889,1710
50.1917,1708
50.1944,1708
50.1972,1721
50.2000,1711
50.2028,1712
50.2056,1717
50.2083,1715
50.2111,1721
50.2139,1714
50.2167,1720
50.2194,1716
50.2222,1711
50.2250,1717
50.2278,1713
50.2306,1723
50.2333,1716
50.2361,1721
50.2389,1728
50.2417,1716
50.2444,1718
50.2472,1726
50.2500,1729
50.2528,1725
50.2556,1725
50.2583,1740
50.2611,1739
50.2639,1749
50.2667,1770
50.2694,1777
50.2722,1787
50.2750,1788
50.2778,1793
50.2806,1788
50.2833,1790
50.2861,1774
50.2889,1779
50.2917,1765
50.2944,1778
50.2972,1800
50.3000,1800
50.3028,1795
50.3056,1795
50.3083,1799
50.3111,1789
50.3139,1791
50.3167,1794
50.3194,1794
50.3222,1789
50.3250,1787
50.3278,1795
50.3306,1788
50.3333,1780
50.3361,1761
50.3389,1750
50.3417,1753
50.3444,1727
50.3472,1700
50.3500,1685
50.3528,1670
50.3556,1669
50.3583,1674
50.3611,1665
50.3639,1665
50.3667,1670
50.3694,1670
50.3722,1659
50.3750,1671
50.3778,1664
50.3806,1661
50.3833,1650
50.3861,1644
50.3889,1653
50.3917,1648
50.3944,1666
50.3972,1650
50.4000,1664
50.4028,1654
50.4056,1662
50.4083,1664
50.4111,1664
50.4139,1671
50.4167,1662
50.4194,1680
50.4222,1685
50.4250,1723
50.4278,1765
50.4306,1817
50.4333,1834
50.4361,1843
50.4389,1824
50.4417,1797
50.4444,1756
50.4472,1742
50.4500,1743
50.4528,1745
50.4556,1828
50.4583,1958
50.4611,2139
50.4639,2203
50.4667,2109
50.4694,1941
50.4722,1801
50.4750,1730
50.4778,1691
50.4806,1643
50.4833,1609
50.4861,1571
50.4889,1541
50.4917,1543
50.4944,1568
50.4972,1613
50.5000,1626
50.5028,1645
50.5056,1658
50.5083,1675
50.5111,1686
50.5139,1673
50.5167,1662
50.5194,1656
50.5222,1655
50.5250,1650
50.5278,1674
50.5306,1674
50.5333,1684
50.5361,1677
50.5389,1675
50.5417,1673
50.5444,1671
50.5472,1688
50.5500,1702
50.5528,1709
50.5556,1712
50.5583,1696
50.5611,1676
50.5639,1667
50.5667,1679
50.5694,1698
50.5722,1693
50.5750,1705
50.5778,1704
50.5806,1695
50.5833,1691
50.5861,1685
50.5889,1695
50.5917,1699
50.5944,1724
50.5972,1731
50.6000,1734
50.6028,1726
50.6056,1727
50.6083,1733
50.6111,1735
50.6139,1739
50.6167,1728
50.6194,1732
50.6222,1733
50.6250,1741
50.6278,1751
50.6306,1768
50.6333,1777
50.6361,1780
50.6389,1778
50.6417,1773
50.6444,1781
50.6472,1789
50.6500,1800
50.6528,1807
50.6556,1886
50.6583,1897
50.6611,1887
50.6639,1891
50.6667,1888
50.6694,1885
50.6722,1874
50.6750,1871
50.6778,1860
50.6806,1866
50.6833,1863
50.6861,1876
50.6889,1879
50.6917,1874
50.6944,1867
50.6972,1868
50.7000,1851
50.7028,1840
50.7056,1842
50.7083,1838
50.7111,1822
50.7139,1810
50.7167,1792
50.7194,1775
50.7222,1775
50.7250,1762
50.7278,1757
50.7306,1750
50.7333,1744
50.7361,1729
50.7389,1714
50.7417,1699
50.7444,1696
50.7472,1696
50.7500,1674
50.7528,1654
50.7556,1643
50.7583,1644
50.7611,1641
50.7639,1646
50.7667,1651
50.7694,1644
50.7722,1630
50.7750,1624
50.7778,1625
50.7806,1621
50.7833,1629
50.7861,1632
50.7889,1637
50.7917,1619
50.7944,1634
50.7972,1643
50.8000,1637
50.8028,1649
50.8056,1643
50.8083,1650
50.8111,1652
50.8139,1650
50.8167,1636
50.8194,1637
50.8222,1616
50.8250,1624
50.8278,1629
50.8306,1624
50.8333,1639
50.8361,1656
50.8389,1658
50.8417,1654
50.8444,1656
50.8472,1656
50.8500,1643
50.8528,1644
50.8556,1646
50.8583,1637
50.8611,1642
50.8639,1646
50.8667,1670
50.8694,1672
50.8722,1661
50.8750,1672
50.8778,1670
50.8806,1672
50.8833,1674
50.8861,1670
50.8889,1672
50.8917,1668
50.8944,1665
50.8972,1665
50.9000,1657
50.9028,1660
50.9056,1657
50.9083,1654
50.9111,1649
50.9139,1647
50.9167,1654
50.9194,1652
50.9222,1663
50.9250,1673
50.9278,1676
50.9306,1673
50.9333,1670
50.9361,1655
50.9389,1650
50.9417,1642
50.9444,1643
50.9472,1660
50.9500,1667
50.9528,1665
50.9556,1678
50.9583,1675
50.9611,1665
50.9639,1658
50.9667,1668
50.9694,1669
50.9722,1661
50.9750,1674
50.9778,1669
50.9806,1648
50.9833,1653
50.9861,1645
50.9889,1656
50.9917,1652
50.9944,1659
50.9972,1672
51.0000,1675
51.0028,1677
51.0056,1687
51.0083,1689
51.0111,1681
51.0139,1652
51.0167,1659
51.0194,1656
51.0222,1647
51.0250,1653
51.0278,1685
51.0306,1678
51.0333,1678
51.0361,1696
51.0389,1684
51.0417,1671
51.0444,1677
51.0472,1670
51.0500,1667
51.0528,1666
51.0556,1669
51.0583,1682
51.0611,1671
51.0639,1690
51.0667,1720
51.0694,1720
51.0722,1752
51.0750,1761
51.0778,1767
51.0806,1763
51.0833,1759
51.0861,1753
51.0889,1727
51.0917,1733
51.0944,1726
51.0972,1726
51.1000,1737
51.1028,1749
51.1056,1756
51.1083,1757
51.1111,1766
51.1139,1772
51.1167,1780
51.1194,1781
51.1222,1780
51.1250,1785
51.1278,1792
51.1306,1803
51.1333,1803
51.1361,1800
51.1389,1768
51.1417,1743
51.1444,1713
51.1472,1707
51.1500,1689
51.1528,1680
51.1556,1672
51.1583,1671
51.1611,1659
51.1639,1664
51.1667,1661
51.1694,1647
51.1722,1632
51.1750,1631
51.1778,1623
51.1806,1617
51.1833,1621
51.1861,1622
51.1889,1624
51.1917,1616
51.1944,1609
51.1972,1614
51.2000,1618
51.2028,1614
51.2056,1625
51.2083,1634
51.2111,1635
51.2139,1631
51.2167,1627
51.2194,1614
51.2222,1618
51.2250,1636
51.2278,1660
51.2306,1705
51.2333,1758
51.2361,1794
51.2389,1800
51.2417,1787
51.2444,1749
51.2472,1715
51.2500,1687
51.2528,1665
51.2556,1663
51.2583,1693
51.2611,1747
51.2639,1875
51.2667,2081
51.2694,2188
51.2722,2130
51.2750,1987
51.2778,1867
51.2806,1791
51.2833,1736
51.2861,1669
51.2889,1617
51.2917,1571
51.2944,1515
51.2972,1474
51.3000,1447
51.3028,1465
51.3056,1537
51.3083,1571
51.3111,1590
51.3139,1606
51.3167,1629
51.3194,1631
51.3222,1624
51.3250,1623
51.3278,1625
51.3306,1622
51.3333,1636
51.3361,1658
51.3389,1658
51.3417,1665
51.3444,1650
51.3472,1648
51.3500,1644
51.3528,1651
51.3556,1669
51.3583,1663
51.3611,1655
51.3639,1666
51.3667,1654
51.3694,1651
51.3722,1653
51.3750,1657
51.3778,1662
51.3806,1662
51.3833,1655
51.3861,1650
51.3889,1665
51.3917,1656
51.3944,1676
51.3972,1696
51.4000,1684
51.4028,1664
51.4056,1657
51.4083,1659
51.4111,1661
51.4139,1683
51.4167,1709
51.4194,1712
51.4222,1707
51.4250,1703
51.4278,1702
51.4306,1698
51.4333,1710
51.4361,1727
51.4389,1737
51.4417,1724
51.4444,1716
51.4472,1711
51.4500,1703
51.4528,1717
51.4556,1750
51.4583,1752
51.4611,1889
51.4639,1851
51.4667,1859
51.4694,1846
51.4722,1854
51.4750,1848
51.4778,1860
51.4806,1869
51.4833,1873
51.4861,1881
51.4889,1851
51.4917,1847
51.4944,1851
51.4972,1858
51.5000,1878
51.5028,1870
51.5056,1862
51.5083,1839
51.5111,1829
51.5139,1840
51.5167,1829
51.5194,1832
51.5222,1818
51.5250,1813
51.5278,1813
51.5306,1782
51.5333,1784
51.5361,1783
51.5389,1775
51.5417,1765
51.5444,1755
51.5472,1743
51.5500,1722
51.5528,1710
51.5556,1713
51.5583,1698
51.5611,1691
51.5639,1689
51.5667,1675
51.5694,1655
51.5722,1666
51.5750,1670
51.5778,1677
51.5806,1671
51.5833,1675
51.5861,1668
51.5889,1651
51.5917,1657
51.5944,1658
51.5972,1675
51.6000,1663
51.6028,1663
51.6056,1669
51.6083,1663
51.6111,1650
51.6139,1668
51.6167,1677
51.6194,1675
51.6222,1667
51.6250,1678
51.6278,1667
51.6306,1669
51.6333,1673
51.6361,1669
51.6389,1677
51.6417,1676
51.6444,1684
51.6472,1686
51.6500,1682
51.6528,1679
51.6556,1677
51.6583,1695
51.6611,1683
51.6639,1678
51.6667,1680
51.6694,1678
51.6722,1683
51.6750,1695
51.6778,1697
51.6806,1700
51.6833,1702
51.6861,1703
51.6889,1705
51.6917,1683
51.6944,1692
51.6972,1702
51.7000,1696
51.7028,1690
51.7056,1699
51.7083,1697
51.7111,1692
51.7139,1689
51.7167,1691
51.7194,1689
51.7222,1694
51.7250,1694
51.7278,1696
51.7306,1693
51.7333,1681
51.7361,1690
51.7389,1692
51.7417,1692
51.7444,1694
51.7472,1701
51.7500,1690
51.7528,1684
51.7556,1688
51.7583,1694
51.7611,1702
51.7639,1697
51.7667,1692
51.7694,1708
51.7722,1705
51.7750,1701
51.7778,1702
51.7806,1702
51.7833,1697
51.7861,1693
51.7889,1694
51.7917,1686
51.7944,1698
51.7972,1703
51.8000,1713
51.8028,1705
51.8056,1704
51.8083,1712
51.8111,1697
51.8139,1703
51.8167,1716
51.8194,1723
51.8222,1715
51.8250,1721
51.8278,1714
51.8306,1721
51.8333,1709
51.8361,1713
51.8389,1721
51.8417,1711
51.8444,1718
51.8472,1708
51.8500,1697
51.8528,1706
51.8556,1707
51.8583,1716
51.8611,1712
51.8639,1725
51.8667,1735
51.8694,1749
51.8722,1759
51.8750,1780
51.8778,1790
51.8806,1795
51.8833,1799
51.8861,1814
51.8889,1802
51.8917,1799
51.8944,1797
51.8972,1794
51.9000,1795
51.9028,1802
51.9056,1814
51.9083,1809
51.9111,1797
51.9139,1799
51.9167,1807
51.9194,1788
51.9222,1785
51.9250,1787
51.9278,1807
51.9306,1818
51.9333,1814
51.9361,1815
51.9389,1795
51.9417,1779
51.9444,1750
51.9472,1748
51.9500,1716
51.9528,1723
51.9556,1708
51.9583,1682
51.9611,1675
51.9639,1679
51.9667,1677
51.9694,1660
51.9722,1653
51.9750,1656
51.9778,1651
51.9806,1647
51.9833,1658
51.9861,1655
51.9889,1651
51.9917,1653
51.9944,1651
51.9972,1658
52.0000,1660
52.0028,1664
52.0056,1671
52.0083,1672
52.0111,1665
52.0139,1667
52.0167,1669
52.0194,1667
52.0222,1663
52.0250,1668
52.0278,1682
52.0306,1713
52.0333,1761
52.0361,1816
52.0389,1854
52.0417,1855
52.0444,1840
52.0472,1811
52.0500,1786
52.0528,1763
52.0556,1774
52.0583,1786
52.0611,1833
52.0639,1972
52.0667,2161
52.0694,2262
52.0722,2169
52.0750,1995
52.0778,1841
52.0806,1766
52.0833,1714
52.0861,1666
52.0889,1627
52.0917,1592
52.0944,1549
52.0972,1538
52.1000,1566
52.1028,1601
52.1056,1625
52.1083,1644
52.1111,1664
52.1139,1681
52.1167,1693
52.1194,1680
52.1222,1663
52.1250,1662
52.1278,1661
52.1306,1658
52.1333,1670
52.1361,1697
52.1389,1716
52.1417,1695
52.1444,1693
52.1472,1684
52.1500,1680
52.1528,1683
52.1556,1696
52.1583,1706
52.1611,1699
52.1639,1689
52.1667,1688
52.1694,1690
52.1722,1676
52.1750,1708
52.1778,1711
52.1806,1705
52.1833,1697
52.1861,1700
52.1889,1701
52.1917,1700
52.1944,1704
52.1972,1728
52.2000,1731
52.2028,1720
52.2056,1722
52.2083,1727
52.2111,1721
52.2139,1737
52.2167,1743
52.2194,1745
52.2222,1763
52.2250,1755
52.2278,1749
52.2306,1751
52.2333,1761
52.2361,1784
52.2389,1797
52.2417,1801
52.2444,1797
52.2472,1806
52.2500,1796
52.2528,1804
52.2556,1826
52.2583,1835
52.2611,1966
52.2639,1941
52.2667,1922
52.2694,1902
52.2722,1905
52.2750,1906
52.2778,1913
52.2806,1916
52.2833,1912
52.2861,1905
52.2889,1899
52.2917,1888
52.2944,1889
52.2972,1898
52.3000,1896
52.3028,1895
52.3056,1883
52.3083,1856
52.3111,1834
52.3139,1842
52.3167,1857
52.3194,1849
52.3222,1847
52.3250,1833
52.3278,1808
52.3306,1792
52.3333,1787
52.3361,1787
52.3389,1776
52.3417,1783
52.3444,1775
52.3472,1759
52.3500,1736
52.3528,1725
52.3556,1715
52.3583,1718
52.3611,1711
52.3639,1697
52.3667,1690
52.3694,1674
52.3722,1664
52.3750,1681
52.3778,1681
52.3806,1687
52.3833,1674
52.3861,1684
52.3889,1679
52.3917,1673
52.3944,1679
52.3972,1684
52.4000,1684
52.4028,1689
52.4056,1686
52.4083,1689
52.4111,1684
52.4139,1688
52.4167,1685
52.4194,1695
52.4222,1688
52.4250,1684
52.4278,1691
52.4306,1691
52.4333,1697
52.4361,1704
52.4389,1703
52.4417,1711
52.4444,1704
52.4472,1695
52.4500,1683
52.4528,1694
52.4556,1697
52.4583,1703
52.4611,1709
52.4639,1698
52.4667,1698
52.4694,1677
52.4722,1684
52.4750,1690
52.4778,1690
52.4806,1698
52.4833,1693
52.4861,1700
52.4889,1691
52.4917,1681
52.4944,1695
52.4972,1687
52.5000,1685
52.5028,1693
52.5056,1687
52.5083,1671
52.5111,1677
52.5139,1683
52.5167,1681
52.5194,1675
52.5222,1678
52.5250,1683
52.5278,1682
52.5306,1677
52.5333,1696
52.5361,1689
52.5389,1696
52.5417,1683
52.5444,1679
52.5472,1672
52.5500,1652
52.5528,1657
52.5556,1656
52.5583,1662
52.5611,1651
52.5639,1656
52.5667,1661
52.5694,1655
52.5722,1652
52.5750,1661
52.5778,1663
52.5806,1651
52.5833,1666
52.5861,1652
52.5889,1650
52.5917,1643
52.5944,1657
52.5972,1657
52.6000,1653
52.6028,1649
52.6056,1653
52.6083,1654
52.6111,1637
52.6139,1650
52.6167,1657
52.6194,1658
52.6222,1654
52.6250,1660
52.6278,1662
52.6306,1663
52.6333,1669
52.6361,1663
52.6389,1666
52.6417,1649
52.6444,1666
52.6472,1662
52.6500,1654
52.6528,1669
52.6556,1677
52.6583,1667
52.6611,1669
52.6639,1674
52.6667,1686
52.6694,1693
52.6722,1710
52.6750,1732
52.6778,1749
52.6806,1753
52.6833,1755
52.6861,1742
52.6889,1739
52.6917,1723
52.6944,1732
52.6972,1743
52.7000,1751
52.7028,1752
52.7056,1756
52.7083,1747
52.7111,1736
52.7139,1736
52.7167,1731
52.7194,1734
52.7222,1736
52.7250,1743
52.7278,1744
52.7306,1753
52.7333,1756
52.7361,1758
52.7389,1743
52.7417,1723
52.7444,1710
52.7472,1702
52.7500,1690
52.7528,1671
52.7556,1664
52.7583,1652
52.7611,1639
52.7639,1627
52.7667,1623
52.7694,1618
52.7722,1613
52.7750,1620
52.7778,1626
52.7806,1608
52.7833,1616
52.7861,1623
52.7889,1616
52.7917,1610
52.7944,1616
52.7972,1619
52.8000,1625
52.8028,1622
52.8056,1616
52.8083,1621
52.8111,1618
52.8139,1624
52.8167,1622
52.8194,1635
52.8222,1621
52.8250,1632
52.8278,1673
52.8306,1712
52.8333,1764
52.8361,1808
52.8389,1823
52.8417,1812
52.8444,1813
52.8472,1773
52.8500,1752
52.8528,1740
52.8556,1746
52.8583,1774
52.8611,1882
52.8639,2059
52.8667,2221
52.8694,2199
52.8722,2040
52.8750,1875
52.8778,1745
52.8806,1675
52.8833,1625
52.8861,1598
52.8889,1551
52.8917,1527
52.8944,1523
52.8972,1555
52.9000,1593
52.9028,1619
52.9056,1629
52.9083,1649
52.9111,1651
52.9139,1662
52.9167,1651
52.9194,1654
52.9222,1626
52.9250,1630
52.9278,1635
52.9306,1627
52.9333,1651
52.9361,1649
52.9389,1655
52.9417,1643
52.9444,1636
52.9472,1638
52.9500,1645
52.9528,1651
52.9556,1670
52.9583,1670
52.9611,1668
52.9639,1656
52.9667,1661
52.9694,1656
52.9722,1666
52.9750,1679
52.9778,1676
52.9806,1674
52.9833,1674
52.9861,1670
52.9889,1672
52.9917,1672
52.9944,1691
52.9972,1704
53.0000,1694
53.0028,1691
53.0056,1690
53.0083,1693
53.0111,1703
53.0139,1712
53.0167,1729
53.0194,1734
53.0222,1732
53.0250,1737
53.0278,1736
53.0306,1749
53.0333,1763
53.0361,1779
53.0389,1793
53.0417,1776
53.0444,1767
53.0472,1773
53.0500,1778
53.0528,1781
53.0556,1815
53.0583,1831
53.0611,1828
53.0639,1818
53.0667,1825
53.0694,1830
53.0722,1872
53.0750,1897
53.0778,1907
53.0806,1893
53.0833,1894
53.0861,1875
53.0889,1864
53.0917,1858
53.0944,1858
53.0972,1874
53.1000,1851
53.1028,1854
53.1056,1847
53.1083,1831
53.1111,1818
53.1139,1828
53.1167,1818
53.1194,1822
53.1222,1800
53.1250,1792
53.1278,1775
53.1306,1749
53.1333,1743
53.1361,1733
53.1389,1728
53.1417,1722
53.1444,1703
53.1472,1685
53.1500,1684
53.1528,1664
53.1556,1679
53.1583,1680
53.1611,1670
53.1639,1656
53.1667,1657
53.1694,1644
53.1722,1638
53.1750,1651
53.1778,1636
53.1806,1645
53.1833,1642
53.1861,1647
53.1889,1634
53.1917,1626
53.1944,1646
53.1972,1641
53.2000,1643
53.2028,1654
53.2056,1655
53.2083,1639
53.2111,1631
53.2139,1645
53.2167,1637
53.2194,1634
53.2222,1630
53.2250,1630
53.2278,1621
53.2306,1628
53.2333,1638
53.2361,1638
53.2389,1641
53.2417,1646
53.2444,1649
53.2472,1639
53.2500,1639
53.2528,1630
53.2556,1648
53.2583,1644
53.2611,1645
53.2639,1643
53.2667,1653
53.2694,1650
53.2722,1653
53.2750,1659
53.2778,1659
53.2806,1644
53.2833,1643
53.2861,1641
53.2889,1635
53.2917,1634
53.2944,1645
53.2972,1644
53.3000,1654
53.3028,1644
53.3056,1654
53.3083,1641
53.3111,1642
53.3139,1649
53.3167,1643
53.3194,1648
53.3222,1645
53.3250,1648
53.3278,1645
53.3306,1633
53.3333,1637
53.3361,1650
53.3389,1661
53.3417,1665
53.3444,1669
53.3472,1661
53.3500,1661
53.3528,1677
53.3556,1679
53.3583,1678
53.3611,1669
53.3639,1665
53.3667,1648
53.3694,1645
53.3722,1644
53.3750,1666
53.3778,1668
53.3806,1655
53.3833,1663
53.3861,1661
53.3889,1645
53.3917,1647
53.3944,1656
53.3972,1666
53.4000,1656
53.4028,1677
53.4056,1667
53.4083,1662
53.4111,1652
53.4139,1663
53.4167,1654
53.4194,1663
53.4222,1662
53.4250,1659
53.4278,1674
53.4306,1659
53.4333,1668
53.4361,1672
53.4389,1670
53.4417,1669
53.4444,1674
53.4472,1672
53.4500,1669
53.4528,1678
53.4556,1694
53.4583,1696
53.4611,1696
53.4639,1712
53.4667,1715
53.4694,1720
53.4722,1729
53.4750,1752
53.4778,1754
53.4806,1765
53.4833,1761
53.4861,1759
53.4889,1747
53.4917,1752
53.4944,1762
53.4972,1771
53.5000,1765
53.5028,1762
53.5056,1769
53.5083,1763
53.5111,1777
53.5139,1778
53.5167,1783
53.5194,1798
53.5222,1794
53.5250,1813
53.5278,1805
53.5306,1789
53.5333,1793
53.5361,1769
53.5389,1747
53.5417,1737
53.5444,1734
53.5472,1708
53.5500,1679
53.5528,1680
53.5556,1688
53.5583,1685
53.5611,1667
53.5639,1668
53.5667,1669
53.5694,1658
53.5722,1646
53.5750,1647
53.5778,1653
53.5806,1652
53.5833,1654
53.5861,1656
53.5889,1654
53.5917,1651
53.5944,1657
53.5972,1654
53.6000,1649
53.6028,1647
53.6056,1659
53.6083,1666
53.6111,1659
53.6139,1664
53.6167,1666
53.6194,1674
53.6222,1672
53.6250,1699
53.6278,1754
53.6306,1798
53.6333,1840
53.6361,1842
53.6389,1823
53.6417,1789
53.6444,1762
53.6472,1751
53.6500,1728
53.6528,1740
53.6556,1803
53.6583,1923
53.6611,2113
53.6639,2246
53.6667,2191
53.6694,2013
53.6722,1873
53.6750,1770
53.6778,1722
53.6806,1674
53.6833,1653
53.6861,1603
53.6889,1566
53.6917,1562
53.6944,1587
53.6972,1618
53.7000,1654
53.7028,1679
53.7056,1695
53.7083,1704
53.7111,1710
53.7139,1705
53.7167,1690
53.7194,1678
53.7222,1661
53.7250,1674
53.7278,1674
53.7306,1710
53.7333,1719
53.7361,1727
53.7389,1718
53.7417,1717
53.7444,1709
53.7472,1728
53.7500,1725
53.7528,1742
53.7556,1739
53.7583,1721
53.7611,1719
53.7639,1712
53.7667,1712
53.7694,1712
53.7722,1725
53.7750,1740
53.7778,1743
53.7806,1728
53.7833,1733
53.7861,1733
53.7889,1736
53.7917,1726
53.7944,1742
53.7972,1736
53.8000,1740
53.8028,1734
53.8056,1747
53.8083,1750
53.8111,1776
53.8139,1786
53.8167,1788
53.8194,1771
53.8222,1768
53.8250,1777
53.8278,1796
53.8306,1797
53.8333,1806
53.8361,1800
53.8389,1795
53.8417,1794
53.8444,1799
53.8472,1819
53.8500,1822
53.8528,1834
53.8556,1920
53.8583,1925
53.8611,1932
53.8639,1928
53.8667,1929
53.8694,1929
53.8722,1933
53.8750,1933
53.8778,1927
53.8806,1934
53.8833,1924
53.8861,1927
53.8889,1931
53.8917,1938
53.8944,1931
53.8972,1929
53.9000,1917
53.9028,1903
53.9056,1905
53.9083,1901
53.9111,1882
53.9139,1886
53.9167,1882
53.9194,1874
53.9222,1858
53.9250,1853
53.9278,1836
53.9306,1842
53.9333,1837
53.9361,1821
53.9389,1811
53.9417,1792
53.9444,1773
53.9472,1751
53.9500,1740
53.9528,1744
53.9556,1756
53.9583,1747
53.9611,1747
53.9639,1740
53.9667,1720
53.9694,1719
53.9722,1717
53.9750,1714
53.9778,1718
53.9806,1704
53.9833,1695
53.9861,1699
53.9889,1720
53.9917,1714
53.9944,1723
53.9972,1732
54.0000,1727
54.0028,1723
54.0056,1713
54.0083,1724
54.0111,1726
54.0139,1727
54.0167,1727
54.0194,1737
54.0222,1727
54.0250,1732
54.0278,1712
54.0306,1702
54.0333,1710
54.0361,1710
54.0389,1712
54.0417,1717
54.0444,1738
54.0472,1719
54.0500,1725
54.0528,1700
54.0556,1690
54.0583,1681
54.0611,1678
54.0639,1680
54.0667,1688
54.0694,1689
54.0722,1707
54.0750,1721
54.0778,1722
54.0806,1722
54.0833,1728
54.0861,1730
54.0889,1731
54.0917,1728
54.0944,1735
54.0972,1719
54.1000,1725
54.1028,1718
54.1056,1723
54.1083,1723
54.1111,1740
54.1139,1731
54.1167,1740
54.1194,1730
54.1222,1721
54.1250,1718
54.1278,1709
54.1306,1719
54.1333,1726
54.1361,1714
54.1389,1693
54.1417,1694
54.1444,1710
54.1472,1701
54.1500,1710
54.1528,1708
54.1556,1724
54.1583,1720
54.1611,1711
54.1639,1708
54.1667,1715
54.1694,1712
54.1722,1724
54.1750,1726
54.1778,1722
54.1806,1733
54.1833,1725
54.1861,1725
54.1889,1717
54.1917,1699
54.1944,1710
54.1972,1702
54.2000,1711
54.2028,1716
54.2056,1717
54.2083,1712
54.2111,1703
54.2139,1716
54.2167,1711
54.2194,1708
54.2222,1703
54.2250,1709
54.2278,1699
54.2306,1701
54.2333,1686
54.2361,1712
54.2389,1708
54.2417,1712
54.2444,1729
54.2472,1716
54.2500,1698
54.2528,1705
54.2556,1725
54.2583,1738
54.2611,1760
54.2639,1769
54.2667,1773
54.2694,1784
54.2722,1789
54.2750,1792
54.2778,1790
54.2806,1776
54.2833,1765
54.2861,1785
54.2889,1789
54.2917,1788
54.2944,1795
54.2972,1808
54.3000,1799
54.3028,1801
54.3056,1808
54.3083,1816
54.3111,1805
54.3139,1809
54.3167,1806
54.3194,1818
54.3222,1824
54.3250,1820
54.3278,1820
54.3306,1783
54.3333,1770
54.3361,1757
54.3389,1746
54.3417,1721
54.3444,1711
54.3472,1697
54.3500,1690
54.3528,1684
54.3556,1680
54.3583,1678
54.3611,1683
54.3639,1676
54.3667,1676
54.3694,1670
54.3722,1661
54.3750,1650
54.3778,1629
54.3806,1620
54.3833,1622
54.3861,1627
54.3889,1628
54.3917,1638
54.3944,1644
54.3972,1643
54.4000,1652
54.4028,1656
54.4056,1666
54.4083,1653
54.4111,1650
54.4139,1665
54.4167,1665
54.4194,1682
54.4222,1719
54.4250,1778
54.4278,1794
54.4306,1806
54.4333,1771
54.4361,1734
54.4389,1697
54.4417,1674
54.4444,1669
54.4472,1679
54.4500,1728
54.4528,1831
54.4556,1991
54.4583,2158
54.4611,2157
54.4639,2030
54.4667,1875
54.4694,1772
54.4722,1715
54.4750,1686
54.4778,1626
54.4806,1591
54.4833,1533
54.4861,1497
54.4889,1476
54.4917,1509
54.4944,1551
54.4972,1590
54.5000,1630
54.5028,1653
54.5056,1661
54.5083,1657
54.5111,1666
54.5139,1662
54.5167,1637
54.5194,1617
54.5222,1613
54.5250,1625
54.5278,1632
54.5306,1649
54.5333,1665
54.5361,1678
54.5389,1665
54.5417,1672
54.5444,1660
54.5472,1670
54.5500,1661
54.5528,1660
54.5556,1654
54.5583,1639
54.5611,1634
54.5639,1650
54.5667,1657
54.5694,1678
54.5722,1672
54.5750,1671
54.5778,1665
54.5806,1669
54.5833,1676
54.5861,1697
54.5889,1704
54.5917,1705
54.5944,1689
54.5972,1694
54.6000,1690
54.6028,1696
54.6056,1706
54.6083,1704
54.6111,1693
54.6139,1687
54.6167,1681
54.6194,1679
54.6222,1675
54.6250,1701
54.6278,1713
54.6306,1723
54.6333,1719
54.6361,1713
54.6389,1708
54.6417,1721
54.6444,1731
54.6472,1746
54.6500,1820
54.6528,1834
54.6556,1846
54.6583,1828
54.6611,1834
54.6639,1845
54.6667,1842
54.6694,1826
54.6722,1837
54.6750,1839
54.6778,1824
54.6806,1833
54.6833,1842
54.6861,1830
54.6889,1834
54.6917,1819
54.6944,1820
54.6972,1800
54.7000,1806
54.7028,1800
54.7056,1784
54.7083,1768
54.7111,1769
54.7139,1776
54.7167,1762
54.7194,1753
54.7222,1742
54.7250,1734
54.7278,1715
54.7306,1704
54.7333,1696
54.7361,1665
54.7389,1653
54.7417,1653
54.7444,1630
54.7472,1619
54.7500,1606
54.7528,1612
54.7556,1597
54.7583,1592
54.7611,1589
54.7639,1600
54.7667,1601
54.7694,1578
54.7722,1581
54.7750,1582
54.7778,1576
54.7806,1579
54.7833,1586
54.7861,1571
54.7889,1573
54.7917,1577
54.7944,1563
54.7972,1551
54.8000,1558
54.8028,1566
54.8056,1571
54.8083,1566
54.8111,1577
54.8139,1570
54.8167,1576
54.8194,1573
54.8222,1596
54.8250,1595
54.8278,1585
54.8306,1581
54.8333,1585
54.8361,1579
54.8389,1593
54.8417,1596
54.8444,1605
54.8472,1612
54.8500,1607
54.8528,1618
54.8556,1601
54.8583,1600
54.8611,1600
54.8639,1602
54.8667,1599
54.8694,1593
54.8722,1603
54.8750,1605
54.8778,1609
54.8806,1620
54.8833,1631
54.8861,1625
54.8889,1619
54.8917,1621
54.8944,1623
54.8972,1624
54.9000,1625
54.9028,1616
54.9056,1619
54.9083,1606
54.9111,1597
54.9139,1614
54.9167,1618
54.9194,1612
54.9222,1637
54.9250,1648
54.9278,1645
54.9306,1648
54.9333,1632
54.9361,1625
54.9389,1621
54.9417,1633
54.9444,1636
54.9472,1634
54.9500,1648
54.9528,1644
54.9556,1641
54.9583,1641
54.9611,1633
54.9639,1640
54.9667,1647
54.9694,1635
54.9722,1640
54.9750,1639
54.9778,1633
54.9806,1635
54.9833,1653
54.9861,1651
54.9889,1640
54.9917,1647
54.9944,1650
54.9972,1654
55.0000,1653
55.0028,1659
55.0056,1659
55.0083,1669
55.0111,1669
55.0139,1658
55.0167,1655
55.0194,1644
55.0222,1645
55.0250,1653
55.0278,1652
55.0306,1645
55.0333,1663
55.0361,1654
55.0389,1667
55.0417,1663
55.0444,1668
55.0472,1669
55.0500,1665
55.0528,1680
55.0556,1700
55.0583,1693
55.0611,1707
55.0639,1720
55.0667,1731
55.0694,1729
55.0722,1734
55.0750,1712
55.0778,1718
55.0806,1720
55.0833,1738
55.0861,1750
55.0889,1750
55.0917,1758
55.0944,1748
55.0972,1755
55.1000,1745
55.1028,1755
55.1056,1770
55.1083,1780
55.1111,1780
55.1139,1791
55.1167,1773
55.1194,1748
55.1222,1725
55.1250,1703
55.1278,1705
55.1306,1690
55.1333,1668
55.1361,1658
55.1389,1653
55.1417,1654
55.1444,1651
55.1472,1650
55.1500,1654
55.1528,1647
55.1556,1633
55.1583,1633
55.1611,1640
55.1639,1645
55.1667,1645
55.1694,1633
55.1722,1643
55.1750,1640
55.1778,1636
55.1806,1636
55.1833,1646
55.1861,1650
55.1889,1632
55.1917,1641
55.1944,1635
55.1972,1646
55.2000,1648
55.2028,1658
55.2056,1655
55.2083,1679
55.2111,1729
55.2139,1762
55.2167,1811
55.2194,1828
55.2222,1844
55.2250,1823
55.2278,1802
55.2306,1763
55.2333,1758
55.2361,1753
55.2389,1759
55.2417,1815
55.2444,1964
55.2472,2154
55.2500,2227
55.2528,2134
55.2556,1954
55.2583,1810
55.2611,1743
55.2639,1702
55.2667,1670
55.2694,1624
55.2722,1600
55.2750,1564
55.2778,1548
55.2806,1535
55.2833,1574
55.2861,1625
55.2889,1638
55.2917,1664
55.2944,1687
55.2972,1685
55.3000,1682
55.3028,1692
55.3056,1674
55.3083,1661
55.3111,1666
55.3139,1678
55.3167,1701
55.3194,1713
55.3222,1707
55.3250,1703
55.3278,1697
55.3306,1693
55.3333,1706
55.3361,1725
55.3389,1722
55.3417,1716
55.3444,1716
55.3472,1713
55.3500,1702
55.3528,1724
55.3556,1721
55.3583,1734
55.3611,1736
55.3639,1734
55.3667,1719
55.3694,1701
55.3722,1713
55.3750,1729
55.3778,1739
55.3806,1742
55.3833,1744
55.3861,1736
55.3889,1728
55.3917,1740
55.3944,1753
55.3972,1760
55.4000,1771
55.4028,1766
55.4056,1779
55.4083,1777
55.4111,1775
55.4139,1797
55.4167,1808
55.4194,1805
55.4222,1805
55.4250,1810
55.4278,1805
55.4306,1810
55.4333,1802
55.4361,1833
55.4389,1834
55.4417,1948
55.4444,1923
55.4472,1910
55.4500,1901
55.4528,1906
55.4556,1922
55.4583,1918
55.4611,1917
55.4639,1914
55.4667,1902
55.4694,1903
55.4722,1909
55.4750,1916
55.4778,1929
55.4806,1934
55.4833,1924
55.4861,1900
55.4889,1890
55.4917,1887
55.4944,1894
55.4972,1895
55.5000,1896
55.5028,1883
55.5056,1865
55.5083,1836
55.5111,1844
55.5139,1844
55.5167,1826
55.5194,1816
55.5222,1807
55.5250,1794
55.5278,1760
55.5306,1755
55.5333,1754
55.5361,1750
55.5389,1757
55.5417,1748
55.5444,1737
55.5472,1707
55.5500,1716
55.5528,1708
55.5556,1721
55.5583,1729
55.5611,1721
55.5639,1703
55.5667,1699
55.5694,1698
55.5722,1697
55.5750,1712
55.5778,1711
55.5806,1717
55.5833,1713
55.5861,1699
55.5889,1698
55.5917,1698
55.5944,1688
55.5972,1699
55.6000,1698
55.6028,1695
55.6056,1697
55.6083,1684
55.6111,1689
55.6139,1699
55.6167,1706
55.6194,1713
55.6222,1708
55.6250,1698
55.6278,1685
55.6306,1688
55.6333,1699
55.6361,1704
55.6389,1709
55.6417,1713
55.6444,1698
55.6472,1706
55.6500,1684
55.6528,1694
55.6556,1698
55.6583,1704
55.6611,1700
55.6639,1706
55.6667,1698
55.6694,1698
55.6722,1698
55.6750,1709
55.6778,1708
55.6806,1709
55.6833,1712
55.6861,1710
55.6889,1692
55.6917,1703
55.6944,1704
55.6972,1709
55.7000,1708
55.7028,1712
55.7056,1705
55.7083,1687
55.7111,1691
55.7139,1694
55.7167,1692
55.7194,1688
55.7222,1696
55.7250,1698
55.7278,1696
55.7306,1699
55.7333,1716
55.7361,1710
55.7389,1715
55.7417,1717
55.7444,1708
55.7472,1708
55.7500,1710
55.7528,1710
55.7556,1717
55.7583,1712
55.7611,1708
55.7639,1709
55.7667,1707
55.7694,1708
55.7722,1701
55.7750,1712
55.7778,1712
55.7806,1702
55.7833,1723
55.7861,1710
55.7889,1705
55.7917,1715
55.7944,1705
55.7972,1715
55.8000,1712
55.8028,1722
55.8056,1716
55.8083,1714
55.8111,1714
55.8139,1723
55.8167,1719
55.8194,1722
55.8222,1714
55.8250,1718
55.8278,1723
55.8306,1724
55.8333,1719
55.8361,1725
55.8389,1736
55.8417,1753
55.8444,1765
55.8472,1764
55.8500,1785
55.8528,1794
55.8556,1795
55.8583,1803
55.8611,1800
55.8639,1807
55.8667,1788
55.8694,1784
55.8722,1796
55.8750,1809
55.8778,1812
55.8806,1823
55.8833,1809
55.8861,1800
55.8889,1802
55.8917,1783
55.8944,1789
55.8972,1781
55.9000,1778
55.9028,1793
55.9056,1801
55.9083,1812
55.9111,1802
55.9139,1808
55.9167,1781
55.9194,1756
55.9222,1760
55.9250,1723
55.9278,1700
55.9306,1675
55.9333,1675
55.9361,1668
55.9389,1674
55.9417,1679
55.9444,1665
55.9472,1663
55.9500,1654
55.9528,1664
55.9556,1662
55.9583,1655
55.9611,1647
55.9639,1638
55.9667,1646
55.9694,1650
55.9722,1647
55.9750,1642
55.9778,1630
55.9806,1641
55.9833,1640
55.9861,1643
55.9889,1641
55.9917,1643
55.9944,1666
55.9972,1668
56.0000,1685
56.0028,1719
56.0056,1772
56.0083,1812
56.0111,1852
56.0139,1848
56.0167,1845
56.0194,1801
56.0222,1785
56.0250,1763
56.0278,1760
56.0306,1796
56.0333,1885
56.0361,2065
56.0389,2250
56.0417,2290
56.0444,2148
56.0472,1953
56.0500,1791
56.0528,1715
56.0556,1664
56.0583,1627
56.0611,1581
56.0639,1557
56.0667,1552
56.0694,1576
56.0722,1622
56.0750,1643
56.0778,1651
56.0806,1667
56.0833,1677
56.0861,1673
56.0889,1666
56.0917,1653
56.0944,1654
56.0972,1647
56.1000,1643
56.1028,1652
56.1056,1673
56.1083,1682
56.1111,1682
56.1139,1688
56.1167,1685
56.1194,1670
56.1222,1668
56.1250,1684
56.1278,1682
56.1306,1685
56.1333,1689
56.1361,1689
56.1389,1683
56.1417,1679
56.1444,1686
56.1472,1684
56.1500,1701
56.1528,1701
56.1556,1697
56.1583,1682
56.1611,1693
56.1639,1694
56.1667,1706
56.1694,1704
56.1722,1701
56.1750,1701
56.1778,1698
56.1806,1698
56.1833,1714
56.1861,1729
56.1889,1736
56.1917,1736
56.1944,1739
56.1972,1726
56.2000,1726
56.2028,1734
56.2056,1751
56.2083,1760
56.2111,1780
56.2139,1775
56.2167,1764
56.2194,1753
56.2222,1752
56.2250,1759
56.2278,1787
56.2306,1796
56.2333,1881
56.2361,1880
56.2389,1888
56.2417,1878
56.2444,1872
56.2472,1868
56.2500,1857
56.2528,1845
56.2556,1846
56.2583,1835
56.2611,1842
56.2639,1839
56.2667,1831
56.2694,1821
56.2722,1831
56.2750,1810
56.2778,1809
56.2806,1808
56.2833,1792
56.2861,1777
56.2889,1770
56.2917,1769
56.2944,1762
56.2972,1748
56.3000,1748
56.3028,1732
56.3056,1718
56.3083,1705
56.3111,1701
56.3139,1682
56.3167,1662
56.3194,1651
56.3222,1635
56.3250,1649
56.3278,1634
56.3306,1634
56.3333,1630
56.3361,1614
56.3389,1614
56.3417,1624
56.3444,1609
56.3472,1609
56.3500,1606
56.3528,1611
56.3556,1609
56.3583,1603
56.3611,1612
56.3639,1611
56.3667,1613
56.3694,1616
56.3722,1616
56.3750,1623
56.3778,1611
56.3806,1614
56.3833,1624
56.3861,1623
56.3889,1608
56.3917,1624
56.3944,1619
56.3972,1621
56.4000,1616
56.4028,1626
56.4056,1623
56.4083,1623
56.4111,1634
56.4139,1639
56.4167,1628
56.4194,1633
56.4222,1639
56.4250,1644
56.4278,1651
56.4306,1662
56.4333,1662
56.4361,1649
56.4389,1637
56.4417,1645
56.4444,1644
56.4472,1636
56.4500,1633
56.4528,1631
56.4556,1632
56.4583,1647
56.4611,1646
56.4639,1651
56.4667,1647
56.4694,1654
56.4722,1658
56.4750,1656
56.4778,1652
56.4806,1652
56.4833,1659
56.4861,1651
56.4889,1655
56.4917,1649
56.4944,1653
56.4972,1659
56.5000,1657
56.5028,1657
56.5056,1654
56.5083,1643
56.5111,1655
56.5139,1637
56.5167,1644
56.5194,1654
56.5222,1654
56.5250,1664
56.5278,1649
56.5306,1657
56.5333,1655
56.5361,1650
56.5389,1657
56.5417,1660
56.5444,1651
56.5472,1653
56.5500,1653
56.5528,1642
56.5556,1647
56.5583,1638
56.5611,1653
56.5639,1653
56.5667,1651
56.5694,1661
56.5722,1663
56.5750,1660
56.5778,1652
56.5806,1655
56.5833,1668
56.5861,1663
56.5889,1667
56.5917,1666
56.5944,1664
56.5972,1658
56.6000,1664
56.6028,1666
56.6056,1675
56.6083,1673
56.6111,1669
56.6139,1667
56.6167,1665
56.6194,1664
56.6222,1661
56.6250,1670
56.6278,1662
56.6306,1667
56.6333,1683
56.6361,1681
56.6389,1690
56.6417,1718
56.6444,1739
56.6472,1743
56.6500,1746
56.6528,1766
56.6556,1753
56.6583,1753
56.6611,1754
56.6639,1747
56.6667,1739
56.6694,1738
56.6722,1755
56.6750,1754
56.6778,1752
56.6806,1756
56.6833,1750
56.6861,1758
56.6889,1737
56.6917,1745
56.6944,1748
56.6972,1752
56.7000,1756
56.7028,1767
56.7056,1763
56.7083,1754
56.7111,1745
56.7139,1716
56.7167,1709
56.7194,1699
56.7222,1691
56.7250,1665
56.7278,1638
56.7306,1637
56.7333,1632
56.7361,1629
56.7389,1628
56.7417,1634
56.7444,1622
56.7472,1623
56.7500,1623
56.7528,1624
56.7556,1610
56.7583,1612
56.7611,1617
56.7639,1614
56.7667,1614
56.7694,1621
56.7722,1623
56.7750,1618
56.7778,1618
56.7806,1628
56.7833,1616
56.7861,1624
56.7889,1623
56.7917,1630
56.7944,1644
56.7972,1658
56.8000,1711
56.8028,1763
56.8056,1794
56.8083,1820
56.8111,1825
56.8139,1798
56.8167,1775
56.8194,1734
56.8222,1711
56.8250,1708
56.8278,1721
56.8306,1786
56.8333,1951
56.8361,2140
56.8389,2213
56.8417,2110
56.8444,1950
56.8472,1807
56.8500,1726
56.8528,1687
56.8556,1641
56.8583,1591
56.8611,1562
56.8639,1552
56.8667,1557
56.8694,1584
56.8722,1624
56.8750,1643
56.8778,1652
56.8806,1657
56.8833,1661
56.8861,1664
56.8889,1650
56.8917,1652
56.8944,1654
56.8972,1642
56.9000,1640
56.9028,1662
56.9056,1659
56.9083,1674
56.9111,1674
56.9139,1654
56.9167,1651
56.9194,1639
56.9222,1665
56.9250,1674
56.9278,1675
56.9306,1679
56.9333,1663
56.9361,1661
56.9389,1658
56.9417,1665
56.9444,1677
56.9472,1697
56.9500,1699
56.9528,1686
56.9556,1685
56.9583,1667
56.9611,1689
56.9639,1703
56.9667,1704
56.9694,1714
56.9722,1711
56.9750,1698
56.9778,1703
56.9806,1698
56.9833,1715
56.9861,1715
56.9889,1728
56.9917,1745
56.9944,1741
56.9972,1732
57.0000,1748
57.0028,1750
57.0056,1781
57.0083,1781
57.0111,1792
57.0139,1784
57.0167,1779
57.0194,1765
57.0222,1782
57.0250,1800
57.0278,1814
57.0306,1879
57.0333,1894
57.0361,1905
57.0389,1904
57.0417,1906
57.0444,1908
57.0472,1907
57.0500,1902
57.0528,1903
57.0556,1905
57.0583,1908
57.0611,1913
57.0639,1903
57.0667,1901
57.0694,1900
57.0722,1900
57.0750,1898
57.0778,1887
57.0806,1881
57.0833,1882
57.0861,1857
57.0889,1849
57.0917,1839
57.0944,1832
57.0972,1821
57.1000,1821
57.1028,1816
57.1056,1810
57.1083,1798
57.1111,1787
57.1139,1773
57.1167,1751
57.1194,1743
57.1222,1744
57.1250,1732
57.1278,1716
57.1306,1727
57.1333,1708
57.1361,1715
57.1389,1713
57.1417,1713
57.1444,1723
57.1472,1713
57.1500,1714
57.1528,1702
57.1556,1700
57.1583,1705
57.1611,1712
57.1639,1701
57.1667,1691
57.1694,1690
57.1722,1701
57.1750,1703
57.1778,1703
57.1806,1714
57.1833,1718
57.1861,1707
57.1889,1703
57.1917,1705
57.1944,1689
57.1972,1695
57.2000,1699
57.2028,1706
57.2056,1722
57.2083,1722
57.2111,1720
57.2139,1713
57.2167,1717
57.2194,1706
57.2222,1717
57.2250,1715
57.2278,1707
57.2306,1709
57.2333,1717
57.2361,1721
57.2389,1719
57.2417,1737
57.2444,1725
57.2472,1737
57.2500,1734
57.2528,1720
57.2556,1700
57.2583,1706
57.2611,1722
57.2639,1738
57.2667,1737
57.2694,1754
57.2722,1737
57.2750,1736
57.2778,1737
57.2806,1729
57.2833,1729
57.2861,1725
57.2889,1733
57.2917,1734
57.2944,1746
57.2972,1738
57.3000,1729
57.3028,1736
57.3056,1723
57.3083,1721
57.3111,1719
57.3139,1726
57.3167,1713
57.3194,1729
57.3222,1737
57.3250,1746
57.3278,1747
57.3306,1748
57.3333,1741
57.3361,1736
57.3389,1735
57.3417,1747
57.3444,1733
57.3472,1735
57.3500,1732
57.3528,1731
57.3556,1738
57.3583,1740
57.3611,1751
57.3639,1745
57.3667,1745
57.3694,1743
57.3722,1737
57.3750,1733
57.3778,1714
57.3806,1722
57.3833,1729
57.3861,1737
57.3889,1734
57.3917,1753
57.3944,1757
57.3972,1761
57.4000,1753
57.4028,1769
57.4056,1748
57.4083,1744
57.4111,1753
57.4139,1745
57.4167,1749
57.4194,1740
57.4222,1764
57.4250,1752
57.4278,1755
57.4306,1769
57.4333,1776
57.4361,1786
57.4389,1803
57.4417,1810
57.4444,1803
57.4472,1800
57.4500,1797
57.4528,1807
57.4556,1818
57.4583,1830
57.4611,1835
57.4639,1821
57.4667,1803
57.4694,1804
57.4722,1811
57.4750,1813
57.4778,1818
57.4806,1829
57.4833,1842
57.4861,1825
57.4889,1821
57.4917,1810
57.4944,1781
57.4972,1780
57.5000,1805
57.5028,1810
57.5056,1828
57.5083,1833
57.5111,1810
57.5139,1790
57.5167,1757
57.5194,1742
57.5222,1724
57.5250,1707
57.5278,1700
57.5306,1700
57.5333,1691
57.5361,1686
57.5389,1674
57.5417,1674
57.5444,1670
57.5472,1671
57.5500,1672
57.5528,1677
57.5556,1691
57.5583,1673
57.5611,1686
57.5639,1690
57.5667,1692
57.5694,1706
57.5722,1709
57.5750,1703
57.5778,1704
57.5806,1695
57.5833,1705
57.5861,1691
57.5889,1690
57.5917,1707
57.5944,1736
57.5972,1783
57.6000,1816
57.6028,1845
57.6056,1845
57.6083,1805
57.6111,1786
57.6139,1752
57.6167,1740
57.6194,1744
57.6222,1756
57.6250,1817
57.6278,1940
57.6306,2127
57.6333,2193
57.6361,2088
57.6389,1938
57.6417,1829
57.6444,1759
57.6472,1717
57.6500,1671
57.6528,1639
57.6556,1594
57.6583,1559
57.6611,1538
57.6639,1544
57.6667,1570
57.6694,1619
57.6722,1650
57.6750,1665
57.6778,1678
57.6806,1684
57.6833,1678
57.6861,1671
57.6889,1669
57.6917,1660
57.6944,1662
57.6972,1670
57.7000,1678
57.7028,1690
57.7056,1697
57.7083,1688
57.7111,1685
57.7139,1688
57.7167,1690
57.7194,1695
57.7222,1702
57.7250,1703
57.7278,1692
57.7306,1700
57.7333,1688
57.7361,1690
57.7389,1701
57.7417,1707
57.7444,1724
57.7472,1712
57.7500,1714
57.7528,1710
57.7556,1719
57.7583,1715
57.7611,1722
57.7639,1728
57.7667,1705
57.7694,1708
57.7722,1700
57.7750,1691
57.7778,1688
57.7806,1702
57.7833,1723
57.7861,1716
57.7889,1729
57.7917,1725
57.7944,1715
57.7972,1723
57.8000,1727
57.8028,1743
57.8056,1734
57.8083,1739
57.8111,1745
57.8139,1746
57.8167,1757
57.8194,1770
57.8222,1768
57.8250,1841
57.8278,1840
57.8306,1844
57.8333,1850
57.8361,1831
57.8389,1832
57.8417,1839
57.8444,1809
57.8472,1812
57.8500,1807
57.8528,1820
57.8556,1830
57.8583,1846
57.8611,1831
57.8639,1814
57.8667,1791
57.8694,1773
57.8722,1779
57.8750,1787
57.8778,1799
57.8806,1805
57.8833,1785
57.8861,1776
57.8889,1746
57.8917,1743
57.8944,1731
57.8972,1723
57.9000,1718
57.9028,1705
57.9056,1682
57.9083,1659
57.9111,1654
57.9139,1650
57.9167,1650
57.9194,1651
57.9222,1659
57.9250,1644
57.9278,1628
57.9306,1620
57.9333,1614
57.9361,1602
57.9389,1611
57.9417,1600
57.9444,1587
57.9472,1584
57.9500,1571
57.9528,1583
57.9556,1579
57.9583,1586
57.9611,1595
57.9639,1580
57.9667,1574
57.9694,1573
57.9722,1584
57.9750,1582
57.9778,1591
57.9806,1602
57.9833,1589
57.9861,1585
57.9889,1583
57.9917,1591
57.9944,1602
57.9972,1595
58.0000,1599
58.0028,1591
58.0056,1585
58.0083,1577
58.0111,1580
58.0139,1581
58.0167,1585
58.0194,1603
58.0222,1601
58.0250,1587
58.0278,1597
58.0306,1595
58.0333,1602
58.0361,1600
58.0389,1591
58.0417,1611
58.0444,1597
58.0472,1588
58.0500,1586
58.0528,1587
58.0556,1599
58.0583,1595
58.0611,1598
58.0639,1608
58.0667,1603
58.0694,1594
58.0722,1583
58.0750,1589
58.0778,1598
58.0806,1600
58.0833,1596
58.0861,1598
58.0889,1590
58.0917,1598
58.0944,1601
58.0972,1601
58.1000,1616
58.1028,1618
58.1056,1604
58.1083,1597
58.1111,1600
58.1139,1596
58.1167,1590
58.1194,1593
58.1222,1609
58.1250,1606
58.1278,1598
58.1306,1602
58.1333,1614
58.1361,1612
58.1389,1604
58.1417,1607
58.1444,1602
58.1472,1603
58.1500,1602
58.1528,1610
58.1556,1622
58.1583,1617
58.1611,1616
58.1639,1609
58.1667,1608
58.1694,1597
58.1722,1603
58.1750,1614
58.1778,1617
58.1806,1618
58.1833,1615
58.1861,1605
58.1889,1622
58.1917,1621
58.1944,1615
58.1972,1615
58.2000,1633
58.2028,1627
58.2056,1618
58.2083,1621
58.2111,1627
58.2139,1641
58.2167,1653
58.2194,1667
58.2222,1682
58.2250,1688
58.2278,1697
58.2306,1714
58.2333,1726
58.2361,1724
58.2389,1718
58.2417,1701
58.2444,1684
58.2472,1678
58.2500,1681
58.2528,1689
58.2556,1694
58.2583,1697
58.2611,1707
58.2639,1697
58.2667,1694
58.2694,1690
58.2722,1691
58.2750,1703
58.2778,1703
58.2806,1712
58.2833,1699
58.2861,1681
58.2889,1654
58.2917,1660
58.2944,1647
58.2972,1640
58.3000,1623
58.3028,1624
58.3056,1615
58.3083,1626
58.3111,1618
58.3139,1612
58.3167,1606
58.3194,1612
58.3222,1610
58.3250,1604
58.3278,1598
58.3306,1599
58.3333,1596
58.3361,1598
58.3389,1607
58.3417,1617
58.3444,1618
58.3472,1622
58.3500,1623
58.3528,1613
58.3556,1613
58.3583,1615
58.3611,1617
58.3639,1627
58.3667,1632
58.3694,1661
58.3722,1708
58.3750,1756
58.3778,1784
58.3806,1799
58.3833,1778
58.3861,1755
58.3889,1724
58.3917,1694
58.3944,1690
58.3972,1695
58.4000,1754
58.4028,1885
58.4056,2081
58.4083,2180
58.4111,2107
58.4139,1949
58.4167,1816
58.4194,1715
58.4222,1666
58.4250,1621
58.4278,1588
58.4306,1556
58.4333,1523
58.4361,1489
58.4389,1494
58.4417,1531
58.4444,1564
58.4472,1602
58.4500,1625
58.4528,1639
58.4556,1658
58.4583,1668
58.4611,1669
58.4639,1668
58.4667,1653
58.4694,1652
58.4722,1674
58.4750,1682
58.4778,1692
58.4806,1699
58.4833,1692
58.4861,1686
58.4889,1685
58.4917,1694
58.4944,1689
58.4972,1694
58.5000,1703
58.5028,1700
58.5056,1696
58.5083,1702
58.5111,1708
58.5139,1717
58.5167,1730
58.5194,1730
58.5222,1727
58.5250,1730
58.5278,1738
58.5306,1753
58.5333,1762
58.5361,1756
58.5389,1762
58.5417,1764
58.5444,1743
58.5472,1745
58.5500,1748
58.5528,1765
58.5556,1766
58.5583,1785
58.5611,1788
58.5639,1789
58.5667,1788
58.5694,1796
58.5722,1800
58.5750,1805
58.5778,1818
58.5806,1819
58.5833,1810
58.5861,1817
58.5889,1813
58.5917,1814
58.5944,1828
58.5972,1847
58.6000,1928
58.6028,1893
58.6056,1889
58.6083,1878
58.6111,1897
58.6139,1910
58.6167,1899
58.6194,1903
58.6222,1891
58.6250,1880
58.6278,1891
58.6306,1882
58.6333,1883
58.6361,1896
58.6389,1892
58.6417,1876
58.6444,1869
58.6472,1845
58.6500,1848
58.6528,1847
58.6556,1843
58.6583,1839
58.6611,1824
58.6639,1799
58.6667,1781
58.6694,1777
58.6722,1775
58.6750,1769
58.6778,1764
58.6806,1752
58.6833,1735
58.6861,1727
58.6889,1726
58.6917,1705
58.6944,1711
58.6972,1696
58.7000,1693
58.7028,1667
58.7056,1654
58.7083,1652
58.7111,1664
58.7139,1658
58.7167,1672
58.7194,1664
58.7222,1650
58.7250,1642
58.7278,1651
58.7306,1658
58.7333,1653
58.7361,1649
58.7389,1661
58.7417,1653
58.7444,1649
58.7472,1645
58.7500,1651
58.7528,1653
58.7556,1659
58.7583,1661
58.7611,1645
58.7639,1627
58.7667,1621
58.7694,1639
58.7722,1646
58.7750,1643
58.7778,1657
58.7806,1667
58.7833,1672
58.7861,1661
58.7889,1673
58.7917,1663
58.7944,1652
58.7972,1658
58.8000,1657
58.8028,1658
58.8056,1651
58.8083,1658
58.8111,1667
58.8139,1671
58.8167,1671
58.8194,1671
58.8222,1664
58.8250,1649
58.8278,1652
58.8306,1641
58.8333,1657
58.8361,1664
58.8389,1668
58.8417,1675
58.8444,1665
58.8472,1652
58.8500,1661
58.8528,1656
58.8556,1653
58.8583,1659
58.8611,1652
58.8639,1650
58.8667,1650
58.8694,1677
58.8722,1662
58.8750,1667
58.8778,1672
58.8806,1666
58.8833,1663
58.8861,1639
58.8889,1633
58.8917,1651
58.8944,1637
58.8972,1647
58.9000,1644
58.9028,1656
58.9056,1651
58.9083,1645
58.9111,1650
58.9139,1656
58.9167,1651
58.9194,1658
58.9222,1653
58.9250,1638
58.9278,1645
58.9306,1648
58.9333,1642
58.9361,1653
58.9389,1660
58.9417,1655
58.9444,1650
58.9472,1663
58.9500,1672
58.9528,1670
58.9556,1678
58.9583,1673
58.9611,1677
58.9639,1673
58.9667,1669
58.9694,1669
58.9722,1675
58.9750,1679
58.9778,1681
58.9806,1690
58.9833,1677
58.9861,1665
58.9889,1677
58.9917,1685
58.9944,1695
58.9972,1727
59.0000,1749
59.0028,1746
59.0056,1748
59.0083,1760
59.0111,1765
59.0139,1758
59.0167,1743
59.0194,1751
59.0222,1743
59.0250,1745
59.0278,1761
59.0306,1762
59.0333,1762
59.0361,1766
59.0389,1763
59.0417,1764
59.0444,1758
59.0472,1749
59.0500,1758
59.0528,1775
59.0556,1784
59.0583,1785
59.0611,1789
59.0639,1766
59.0667,1752
59.0694,1736
59.0722,1741
59.0750,1715
59.0778,1693
59.0806,1674
59.0833,1661
59.0861,1661
59.0889,1660
59.0917,1663
59.0944,1648
59.0972,1643
59.1000,1637
59.1028,1634
59.1056,1627
59.1083,1628
59.1111,1626
59.1139,1629
59.1167,1622
59.1194,1619
59.1222,1613
59.1250,1622
59.1278,1616
59.1306,1619
59.1333,1609
59.1361,1614
59.1389,1618
59.1417,1615
59.1444,1613
59.1472,1618
59.1500,1630
59.1528,1650
59.1556,1702
59.1583,1760
59.1611,1804
59.1639,1811
59.1667,1813
59.1694,1785
59.1722,1768
59.1750,1740
59.1778,1749
59.1806,1778
59.1833,1820
59.1861,1922
59.1889,2098
59.1917,2235
59.1944,2209
59.1972,2051
59.2000,1882
59.2028,1766
59.2056,1699
59.2083,1663
59.2111,1636
59.2139,1592
59.2167,1551
59.2194,1543
59.2222,1549
59.2250,1587
59.2278,1606
59.2306,1630
59.2333,1633
59.2361,1649
59.2389,1666
59.2417,1666
59.2444,1652
59.2472,1633
59.2500,1641
59.2528,1630
59.2556,1639
59.2583,1651
59.2611,1665
59.2639,1667
59.2667,1671
59.2694,1657
59.2722,1670
59.2750,1663
59.2778,1677
59.2806,1691
59.2833,1696
59.2861,1690
59.2889,1682
59.2917,1671
59.2944,1674
59.2972,1676
59.3000,1709
59.3028,1701
59.3056,1701
59.3083,1693
59.3111,1678
59.3139,1684
59.3167,1701
59.3194,1720
59.3222,1735
59.3250,1730
59.3278,1722
59.3306,1722
59.3333,1719
59.3361,1727
59.3389,1731
59.3417,1755
59.3444,1758
59.3472,1759
59.3500,1754
59.3528,1755
59.3556,1754
59.3583,1759
59.3611,1770
59.3639,1787
59.3667,1783
59.3694,1778
59.3722,1782
59.3750,1787
59.3778,1794
59.3806,1809
59.3833,1816
59.3861,1808
59.3889,1820
59.3917,1816
59.3944,1828
59.3972,1923
59.4000,1907
59.4028,1898
59.4056,1887
59.4083,1889
59.4111,1890
59.4139,1891
59.4167,1887
59.4194,1901
59.4222,1882
59.4250,1871
59.4278,1859
59.4306,1860
59.4333,1866
59.4361,1860
59.4389,1864
59.4417,1850
59.4444,1828
59.4472,1826
59.4500,1809
59.4528,1802
59.4556,1797
59.4583,1811
59.4611,1797
59.4639,1787
59.4667,1774
59.4694,1761
59.4722,1749
59.4750,1749
59.4778,1756
59.4806,1751
59.4833,1749
59.4861,1733
59.4889,1729
59.4917,1730
59.4944,1740
59.4972,1736
59.5000,1755
59.5028,1750
59.5056,1738
59.5083,1734
59.5111,1729
59.5139,1726
59.5167,1734
59.5194,1731
59.5222,1736
59.5250,1726
59.5278,1728
59.5306,1731
59.5333,1741
59.5361,1735
59.5389,1743
59.5417,1739
59.5444,1726
59.5472,1733
59.5500,1729
59.5528,1715
59.5556,1723
59.5583,1731
59.5611,1746
59.5639,1748
59.5667,1744
59.5694,1740
59.5722,1744
59.5750,1741
59.5778,1736
59.5806,1745
59.5833,1742
59.5861,1730
59.5889,1741
59.5917,1740
59.5944,1732
59.5972,1737
59.6000,1739
59.6028,1730
59.6056,1740
59.6083,1738
59.6111,1737
59.6139,1731
59.6167,1729
59.6194,1734
59.6222,1718
59.6250,1717
59.6278,1719
59.6306,1723
59.6333,1718
59.6361,1721
59.6389,1719
59.6417,1722
59.6444,1722
59.6472,1719
59.6500,1720
59.6528,1711
59.6556,1708
59.6583,1707
59.6611,1703
59.6639,1710
59.6667,1695
59.6694,1715
59.6722,1704
59.6750,1692
59.6778,1694
59.6806,1697
59.6833,1693
59.6861,1679
59.6889,1695
59.6917,1684
59.6944,1675
59.6972,1689
59.7000,1688
59.7028,1692
59.7056,1696
59.7083,1694
59.7111,1692
59.7139,1677
59.7167,1668
59.7194,1681
59.7222,1682
59.7250,1672
59.7278,1670
59.7306,1670
59.7333,1669
59.7361,1662
59.7389,1678
59.7417,1684
59.7444,1671
59.7472,1685
59.7500,1680
59.7528,1670
59.7556,1669
59.7583,1680
59.7611,1680
59.7639,1682
59.7667,1686
59.7694,1690
59.7722,1693
59.7750,1689
59.7778,1699
59.7806,1710
59.7833,1718
59.7861,1738
59.7889,1763
59.7917,1750
59.7944,1758
59.7972,1763
59.8000,1778
59.8028,1794
59.8056,1779
59.8083,1778
59.8111,1760
59.8139,1749
59.8167,1756
59.8194,1754
59.8222,1771
59.8250,1760
59.8278,1774
59.8306,1763
59.8333,1752
59.8361,1751
59.8389,1749
59.8417,1757
59.8444,1767
59.8472,1773
59.8500,1762
59.8528,1763
59.8556,1741
59.8583,1733
59.8611,1730
59.8639,1721
59.8667,1679
59.8694,1668
59.8722,1650
59.8750,1647
59.8778,1647
59.8806,1636
59.8833,1624
59.8861,1617
59.8889,1622
59.8917,1617
59.8944,1608
59.8972,1611
59.9000,1623
59.9028,1616
59.9056,1609
59.9083,1625
59.9111,1628
59.9139,1628
59.9167,1627
59.9194,1616
59.9222,1617
59.9250,1607
59.9278,1618
59.9306,1631
59.9333,1629
59.9361,1644
59.9389,1645
59.9417,1662
59.9444,1698
59.9472,1751
59.9500,1788
59.9528,1811
59.9556,1804
59.9583,1784
59.9611,1759
59.9639,1740
59.9667,1714
59.9694,1713
59.9722,1747
59.9750,1831
59.9778,1985
59.9806,2178
59.9833,2213
59.9861,2099
59.9889,1940
59.9917,1804
59.9944,1726
59.9972,1688
60.0000,1650
60.0028,1617
60.0056,1569
60.0083,1544
60.0111,1549
60.0139,1570
60.0167,1585
60.0194,1617
60.0222,1631
60.0250,1639
60.0278,1660
60.0306,1659
60.0333,1651
60.0361,1633
60.0389,1641
60.0417,1632
60.0444,1636
60.0472,1656
60.0500,1676
60.0528,1658
60.0556,1661
60.0583,1643
60.0611,1645
60.0639,1665
60.0667,1661
60.0694,1674
60.0722,1685
60.0750,1678
60.0778,1673
60.0806,1670
60.0833,1664
60.0861,1674
60.0889,1691
60.0917,1699
60.0944,1699
60.0972,1694
60.1000,1676
60.1028,1667
60.1056,1674
60.1083,1683
60.1111,1686
60.1139,1702
60.1167,1701
60.1194,1690
60.1222,1689
60.1250,1695
60.1278,1706
60.1306,1712
60.1333,1739
60.1361,1732
60.1389,1719
60.1417,1721
60.1444,1712
60.1472,1720
60.1500,1737
60.1528,1743
60.1556,1752
60.1583,1755
60.1611,1761
60.1639,1769
60.1667,1779
60.1694,1794
60.1722,1801
60.1750,1904
60.1778,1879
60.1806,1875
60.1833,1867
60.1861,1874
60.1889,1876
60.1917,1867
60.1944,1869
60.1972,1876
60.2000,1861
60.2028,1845
60.2056,1851
60.2083,1859
60.2111,1856
60.2139,1866
60.2167,1860
60.2194,1867
60.2222,1851
60.2250,1842
60.2278,1850
60.2306,1839
60.2333,1832
60.2361,1824
60.2389,1818
60.2417,1795
60.2444,1774
60.2472,1773
60.2500,1770
60.2528,1760
60.2556,1752
60.2583,1741
60.2611,1720
60.2639,1715
60.2667,1708
60.2694,1712
60.2722,1710
60.2750,1716
60.2778,1705
60.2806,1681
60.2833,1677
60.2861,1667
60.2889,1683
60.2917,1690
60.2944,1691
60.2972,1681
60.3000,1682
60.3028,1666
60.3056,1664
60.3083,1672
60.3111,1696
60.3139,1694
60.3167,1691
60.3194,1694
60.3222,1688
60.3250,1677
60.3278,1686
60.3306,1685
60.3333,1684
60.3361,1694
60.3389,1698
60.3417,1680
60.3444,1681
60.3472,1682
60.3500,1689
60.3528,1685
60.3556,1706
60.3583,1702
60.3611,1693
60.3639,1697
60.3667,1680
60.3694,1682
60.3722,1687
60.3750,1689
60.3778,1688
60.3806,1686
60.3833,1677
60.3861,1674
60.3889,1691
60.3917,1685
60.3944,1676
60.3972,1686
60.4000,1691
60.4028,1666
60.4056,1675
60.4083,1685
60.4111,1687
60.4139,1677
60.4167,1674
60.4194,1672
60.4222,1671
60.4250,1669
60.4278,1668
60.4306,1674
60.4333,1671
60.4361,1672
60.4389,1664
60.4417,1661
60.4444,1660
60.4472,1663
60.4500,1668
60.4528,1659
60.4556,1672
60.4583,1668
60.4611,1668
60.4639,1657
60.4667,1650
60.4694,1656
60.4722,1655
60.4750,1655
60.4778,1658
60.4806,1654
60.4833,1666
60.4861,1655
60.4889,1653
60.4917,1665
60.4944,1651
60.4972,1662
60.5000,1650
60.5028,1654
60.5056,1656
60.5083,1665
60.5111,1652
60.5139,1656
60.5167,1654
60.5194,1663
60.5222,1653
60.5250,1659
60.5278,1663
60.5306,1659
60.5333,1664
60.5361,1672
60.5389,1659
60.5417,1657
60.5444,1647
60.5472,1656
60.5500,1667
60.5528,1661
60.5556,1672
60.5583,1681
60.5611,1674
60.5639,1669
60.5667,1669
60.5694,1676
60.5722,1667
60.5750,1668
60.5778,1678
60.5806,1683
60.5833,1695
60.5861,1720
60.5889,1737
60.5917,1744
60.5944,1748
60.5972,1755
60.6000,1771
60.6028,1757
60.6056,1752
60.6083,1725
60.6111,1722
60.6139,1708
60.6167,1712
60.6194,1727
60.6222,1741
60.6250,1745
60.6278,1753
60.6306,1741
60.6333,1734
60.6361,1724
60.6389,1725
60.6417,1733
60.6444,1742
60.6472,1735
60.6500,1734
60.6528,1724
60.6556,1706
60.6583,1702
60.6611,1699
60.6639,1672
60.6667,1650
60.6694,1642
60.6722,1641
60.6750,1624
60.6778,1630
60.6806,1620
60.6833,1610
60.6861,1613
60.6889,1622
60.6917,1631
60.6944,1629
60.6972,1643
60.7000,1636
60.7028,1625
60.7056,1619
60.7083,1621
60.7111,1610
60.7139,1609
60.7167,1615
60.7194,1608
60.7222,1623
60.7250,1615
60.7278,1640
60.7306,1638
60.7333,1647
60.7361,1653
60.7389,1681
60.7417,1731
60.7444,1784
60.7472,1810
60.7500,1805
60.7528,1788
60.7556,1750
60.7583,1721
60.7611,1695
60.7639,1688
60.7667,1714
60.7694,1775
60.7722,1904
60.7750,2092
60.7778,2196
60.7806,2130
60.7833,1976
60.7861,1840
60.7889,1773
60.7917,1721
60.7944,1674
60.7972,1630
60.8000,1602
60.8028,1554
60.8056,1539
60.8083,1561
60.8111,1591
60.8139,1620
60.8167,1643
60.8194,1661
60.8222,1676
60.8250,1678
60.8278,1684
60.8306,1676
60.8333,1655
60.8361,1645
60.8389,1643
60.8417,1658
60.8444,1684
60.8472,1699
60.8500,1701
60.8528,1707
60.8556,1695
60.8583,1697
60.8611,1695
60.8639,1698
60.8667,1709
60.8694,1716
60.8722,1713
60.8750,1704
60.8778,1709
60.8806,1709
60.8833,1710
60.8861,1718
60.8889,1732
60.8917,1732
60.8944,1717
60.8972,1713
60.9000,1726
60.9028,1719
60.9056,1735
60.9083,1743
60.9111,1732
60.9139,1721
60.9167,1722
60.9194,1739
60.9222,1751
60.9250,1759
60.9278,1759
60.9306,1763
60.9333,1761
60.9361,1756
60.9389,1769
60.9417,1782
60.9444,1799
60.9472,1807
60.9500,1807
60.9528,1799
60.9556,1787
60.9583,1793
60.9611,1822
60.9639,1819
60.9667,1849
60.9694,1938
60.9722,1943
60.9750,1933
60.9778,1925
60.9806,1908
60.9833,1903
60.9861,1913
60.9889,1929
60.9917,1905
60.9944,1910
60.9972,1923
61.0000,1926
61.0028,1923
61.0056,1914
61.0083,1930
61.0111,1907
61.0139,1913
61.0167,1897
61.0194,1894
61.0222,1887
61.0250,1865
61.0278,1860
61.0306,1852
61.0333,1845
61.0361,1823
61.0389,1812
61.0417,1802
61.0444,1790
61.0472,1790
61.0500,1782
61.0528,1759
61.0556,1753
61.0583,1750
61.0611,1723
61.0639,1717
61.0667,1718
61.0694,1710
61.0722,1701
61.0750,1707
61.0778,1696
61.0806,1696
61.0833,1679
61.0861,1679
61.0889,1688
61.0917,1690
61.0944,1693
61.0972,1704
61.1000,1693
61.1028,1692
61.1056,1674
61.1083,1688
61.1111,1683
61.1139,1669
61.1167,1673
61.1194,1687
61.1222,1683
61.1250,1682
61.1278,1692
61.1306,1694
61.1333,1698
61.1361,1708
61.1389,1702
61.1417,1696
61.1444,1689
61.1472,1686
61.1500,1689
61.1528,1689
61.1556,1691
61.1583,1697
61.1611,1689
61.1639,1680
61.1667,1682
61.1694,1686
61.1722,1678
61.1750,1675
61.1778,1686
61.1806,1681
61.1833,1686
61.1861,1683
61.1889,1685
61.1917,1697
61.1944,1687
61.1972,1693
61.2000,1683
61.2028,1690
61.2056,1698
61.2083,1706
61.2111,1704
61.2139,1694
61.2167,1699
61.2194,1708
61.2222,1692
61.2250,1698
61.2278,1701
61.2306,1706
61.2333,1691
61.2361,1695
61.2389,1705
61.2417,1702
61.2444,1694
61.2472,1697
61.2500,1700
61.2528,1700
61.2556,1695
61.2583,1705
61.2611,1704
61.2639,1695
61.2667,1695
61.2694,1700
61.2722,1699
61.2750,1694
61.2778,1708
61.2806,1703
61.2833,1699
61.2861,1705
61.2889,1709
61.2917,1702
61.2944,1694
61.2972,1703
61.3000,1698
61.3028,1707
61.3056,1711
61.3083,1714
61.3111,1718
61.3139,1717
61.3167,1708
61.3194,1707
61.3222,1706
61.3250,1716
61.3278,1713
61.3306,1719
61.3333,1713
61.3361,1723
61.3389,1725
61.3417,1721
61.3444,1714
61.3472,1726
61.3500,1720
61.3528,1714
61.3556,1710
61.3583,1721
61.3611,1707
61.3639,1707
61.3667,1700
61.3694,1702
61.3722,1703
61.3750,1707
61.3778,1724
61.3806,1745
61.3833,1755
61.3861,1773
61.3889,1800
61.3917,1810
61.3944,1828
61.3972,1840
61.4000,1815
61.4028,1791
61.4056,1777
61.4083,1775
61.4111,1768
61.4139,1782
61.4167,1795
61.4194,1813
61.4222,1799
61.4250,1804
61.4278,1789
61.4306,1781
61.4333,1778
61.4361,1764
61.4389,1776
61.4417,1775
61.4444,1771
61.4472,1777
61.4500,1775
61.4528,1753
61.4556,1752
61.4583,1739
61.4611,1721
61.4639,1700
61.4667,1703
61.4694,1702
61.4722,1689
61.4750,1700
61.4778,1694
61.4806,1684
61.4833,1686
61.4861,1683
61.4889,1685
61.4917,1683
61.4944,1674
61.4972,1690
61.5000,1683
61.5028,1675
61.5056,1681
61.5083,1688
61.5111,1689
61.5139,1692
61.5167,1685
61.5194,1702
61.5222,1704
61.5250,1701
61.5278,1702
61.5306,1707
61.5333,1716
61.5361,1768
61.5389,1819
61.5417,1848
61.5444,1870
61.5472,1853
61.5500,1827
61.5528,1770
61.5556,1750
61.5583,1726
61.5611,1725
61.5639,1773
61.5667,1875
61.5694,2056
61.5722,2213
61.5750,2196
61.5778,2040
61.5806,1889
61.5833,1799
61.5861,1750
61.5889,1720
61.5917,1674
61.5944,1627
61.5972,1598
61.6000,1560
61.6028,1550
61.6056,1573
61.6083,1626
61.6111,1652
61.6139,1674
61.6167,1699
61.6194,1700
61.6222,1708
61.6250,1695
61.6278,1681
61.6306,1676
61.6333,1665
61.6361,1685
61.6389,1708
61.6417,1714
61.6444,1723
61.6472,1710
61.6500,1708
61.6528,1687
61.6556,1703
61.6583,1703
61.6611,1716
61.6639,1706
61.6667,1703
61.6694,1694
61.6722,1688
61.6750,1692
61.6778,1695
61.6806,1716
61.6833,1717
61.6861,1717
61.6889,1718
61.6917,1702
61.6944,1706
61.6972,1713
61.7000,1729
61.7028,1737
61.7056,1734
61.7083,1738
61.7111,1735
61.7139,1725
61.7167,1751
61.7194,1756
61.7222,1761
61.7250,1766
61.7278,1764
61.7306,1773
61.7333,1764
61.7361,1770
61.7389,1783
61.7417,1790
61.7444,1794
61.7472,1790
61.7500,1783
61.7528,1774
61.7556,1787
61.7583,1820
61.7611,1812
61.7639,1889
61.7667,1903
61.7694,1893
61.7722,1895
61.7750,1903
61.7778,1906
61.7806,1914
61.7833,1903
61.7861,1905
61.7889,1897
61.7917,1879
61.7944,1875
61.7972,1884
61.8000,1894
61.8028,1891
61.8056,1883
61.8083,1884
61.8111,1877
61.8139,1883
61.8167,1879
61.8194,1869
61.8222,1851
61.8250,1823
61.8278,1827
61.8306,1808
61.8333,1793
61.8361,1796
61.8389,1788
61.8417,1787
61.8444,1777
61.8472,1774
61.8500,1762
61.8528,1749
61.8556,1740
61.8583,1726
61.8611,1705
61.8639,1689
61.8667,1664
61.8694,1668
61.8722,1669
61.8750,1681
61.8778,1694
61.8806,1697
61.8833,1687
61.8861,1678
61.8889,1683
61.8917,1669
61.8944,1684
61.8972,1676
61.9000,1666
61.9028,1660
61.9056,1656
61.9083,1658
61.9111,1654
61.9139,1657
61.9167,1662
61.9194,1656
61.9222,1650
61.9250,1648
61.9278,1647
61.9306,1644
61.9333,1650
61.9361,1672
61.9389,1691
61.9417,1684
61.9444,1695
61.9472,1678
61.9500,1663
61.9528,1656
61.9556,1655
61.9583,1661
61.9611,1665
61.9639,1669
61.9667,1671
61.9694,1677
61.9722,1674
61.9750,1683
61.9778,1693
61.9806,1676
61.9833,1673
61.9861,1677
61.9889,1666
61.9917,1664
61.9944,1653
61.9972,1674
62.0000,1672
62.0028,1668
62.0056,1663
62.0083,1664
62.0111,1663
62.0139,1653
62.0167,1668
62.0194,1670
62.0222,1668
62.0250,1663
62.0278,1666
62.0306,1674
62.0333,1678
62.0361,1681
62.0389,1671
62.0417,1667
62.0444,1669
62.0472,1671
62.0500,1659
62.0528,1660
62.0556,1657
62.0583,1667
62.0611,1677
62.0639,1679
62.0667,1684
62.0694,1685
62.0722,1664
62.0750,1676
62.0778,1675
62.0806,1685
62.0833,1688
62.0861,1695
62.0889,1694
62.0917,1677
62.0944,1680
62.0972,1669
62.1000,1660
62.1028,1659
62.1056,1671
62.1083,1683
62.1111,1673
62.1139,1670
62.1167,1678
62.1194,1694
62.1222,1679
62.1250,1676
62.1278,1670
62.1306,1672
62.1333,1661
62.1361,1668
62.1389,1672
62.1417,1674
62.1444,1675
62.1472,1690
62.1500,1685
62.1528,1704
62.1556,1703
62.1583,1721
62.1611,1736
62.1639,1747
62.1667,1748
62.1694,1760
62.1722,1776
62.1750,1768
62.1778,1751
62.1806,1722
62.1833,1695
62.1861,1674
62.1889,1666
62.1917,1661
62.1944,1686
62.1972,1698
62.2000,1712
62.2028,1711
62.2056,1702
62.2083,1703
62.2111,1694
62.2139,1682
62.2167,1695
62.2194,1680
62.2222,1686
62.2250,1695
62.2278,1673
62.2306,1652
62.2333,1641
62.2361,1614
62.2389,1620
62.2417,1610
62.2444,1623
62.2472,1635
62.2500,1628
62.2528,1607
62.2556,1597
62.2583,1587
62.2611,1579
62.2639,1589
62.2667,1612
62.2694,1626
62.2722,1637
62.2750,1617
62.2778,1620
62.2806,1615
62.2833,1599
62.2861,1607
62.2889,1600
62.2917,1615
62.2944,1625
62.2972,1633
62.3000,1659
62.3028,1682
62.3056,1726
62.3083,1769
62.3111,1776
62.3139,1763
62.3167,1737
62.3194,1701
62.3222,1662
62.3250,1653
62.3278,1659
62.3306,1682
62.3333,1749
62.3361,1873
62.3389,2079
62.3417,2218
62.3444,2168
62.3472,2020
62.3500,1892
62.3528,1791
62.3556,1735
62.3583,1670
62.3611,1595
62.3639,1540
62.3667,1481
62.3694,1424
62.3722,1396
62.3750,1414
62.3778,1474
62.3806,1526
62.3833,1564
62.3861,1589
62.3889,1608
62.3917,1606
62.3944,1588
62.3972,1570
62.4000,1559
62.4028,1564
62.4056,1583
62.4083,1602
62.4111,1598
62.4139,1612
62.4167,1606
62.4194,1607
62.4222,1618
62.4250,1629
62.4278,1636
62.4306,1627
62.4333,1610
62.4361,1600
62.4389,1604
62.4417,1605
62.4444,1611
62.4472,1628
62.4500,1642
62.4528,1631
62.4556,1636
62.4583,1634
62.4611,1639
62.4639,1646
62.4667,1656
62.4694,1647
62.4722,1649
62.4750,1640
62.4778,1640
62.4806,1646
62.4833,1656
62.4861,1673
62.4889,1659
62.4917,1677
62.4944,1675
62.4972,1677
62.5000,1670
62.5028,1679
62.5056,1673
62.5083,1702
62.5111,1702
62.5139,1695
62.5167,1686
62.5194,1681
62.5222,1677
62.5250,1693
62.5278,1708
62.5306,1720
62.5333,1863
62.5361,1844
62.5389,1835
62.5417,1828
62.5444,1820
62.5472,1808
62.5500,1800
62.5528,1813
62.5556,1821
62.5583,1822
62.5611,1811
62.5639,1794
62.5667,1800
62.5694,1817
62.5722,1806
62.5750,1814
62.5778,1791
62.5806,1775
62.5833,1770
62.5861,1766
62.5889,1759
62.5917,1758
62.5944,1758
62.5972,1748
62.6000,1710
62.6028,1702
62.6056,1703
62.6083,1701
62.6111,1715
62.6139,1712
62.6167,1703
62.6194,1674
62.6222,1656
62.6250,1641
62.6278,1624
62.6306,1619
62.6333,1611
62.6361,1621
62.6389,1612
62.6417,1601
62.6444,1603
62.6472,1600
62.6500,1610
62.6528,1601
62.6556,1602
62.6583,1579
62.6611,1586
62.6639,1584
62.6667,1604
62.6694,1594
62.6722,1592
62.6750,1592
62.6778,1588
62.6806,1579
62.6833,1579
62.6861,1577
62.6889,1578
62.6917,1575
62.6944,1574
62.6972,1575
62.7000,1589
62.7028,1587
62.7056,1592
62.7083,1622
62.7111,1628
62.7139,1623
62.7167,1617
62.7194,1600
62.7222,1581
62.7250,1590
62.7278,1593
62.7306,1599
62.7333,1608
62.7361,1597
62.7389,1589
62.7417,1592
62.7444,1614
62.7472,1609
62.7500,1603
62.7528,1599
62.7556,1591
62.7583,1579
62.7611,1554
62.7639,1577
62.7667,1586
62.7694,1604
62.7722,1613
62.7750,1620
62.7778,1622
62.7806,1626
62.7833,1607
62.7861,1603
62.7889,1588
62.7917,1591
62.7944,1597
62.7972,1615
62.8000,1596
62.8028,1586
62.8056,1588
62.8083,1582
62.8111,1605
62.8139,1610
62.8167,1608
62.8194,1602
62.8222,1598
62.8250,1596
62.8278,1598
62.8306,1595
62.8333,1584
62.8361,1588
62.8389,1584
62.8417,1574
62.8444,1611
62.8472,1616
62.8500,1619
62.8528,1597
62.8556,1599
62.8583,1602
62.8611,1596
62.8639,1595
62.8667,1599
62.8694,1601
62.8722,1587
62.8750,1587
62.8778,1593
62.8806,1585
62.8833,1579
62.8861,1599
62.8889,1599
62.8917,1596
62.8944,1616
62.8972,1625
62.9000,1617
62.9028,1615
62.9056,1611
62.9083,1610
62.9111,1599
62.9139,1611
62.9167,1619
62.9194,1612
62.9222,1595
62.9250,1606
62.9278,1607
62.9306,1629
62.9333,1640
62.9361,1666
62.9389,1669
62.9417,1672
62.9444,1689
62.9472,1690
62.9500,1681
62.9528,1676
62.9556,1661
62.9583,1645
62.9611,1637
62.9639,1636
62.9667,1639
62.9694,1659
62.9722,1670
62.9750,1674
62.9778,1673
62.9806,1667
62.9833,1650
62.9861,1631
62.9889,1635
62.9917,1636
62.9944,1649
62.9972,1658
63.0000,1645
63.0028,1635
63.0056,1617
63.0083,1618
63.0111,1628
63.0139,1606
63.0167,1590
63.0194,1577
63.0222,1591
63.0250,1594
63.0278,1593
63.0306,1593
63.0333,1588
63.0361,1588
63.0389,1598
63.0417,1590
63.0444,1604
63.0472,1596
63.0500,1598
63.0528,1593
63.0556,1605
63.0583,1612
63.0611,1610
63.0639,1612
63.0667,1612
63.0694,1615
63.0722,1617
63.0750,1636
63.0778,1694
63.0806,1727
63.0833,1760
63.0861,1784
63.0889,1777
63.0917,1753
63.0944,1718
63.0972,1688
63.1000,1682
63.1028,1691
63.1056,1722
63.1083,1814
63.1111,1970
63.1139,2147
63.1167,2186
63.1194,2080
63.1222,1911
63.1250,1796
63.1278,1733
63.1306,1685
63.1333,1626
63.1361,1588
63.1389,1537
63.1417,1486
63.1444,1444
63.1472,1454
63.1500,1485
63.1528,1527
63.1556,1587
63.1583,1609
63.1611,1617
63.1639,1617
63.1667,1620
63.1694,1606
63.1722,1603
63.1750,1609
63.1778,1609
63.1806,1605
63.1833,1628
63.1861,1641
63.1889,1642
63.1917,1628
63.1944,1622
63.1972,1626
63.2000,1633
63.2028,1643
63.2056,1658
63.2083,1667
63.2111,1661
63.2139,1644
63.2167,1655
63.2194,1656
63.2222,1654
63.2250,1667
63.2278,1681
63.2306,1675
63.2333,1662
63.2361,1653
63.2389,1672
63.2417,1681
63.2444,1687
63.2472,1703
63.2500,1694
63.2528,1695
63.2556,1687
63.2583,1698
63.2611,1697
63.2639,1710
63.2667,1717
63.2694,1727
63.2722,1720
63.2750,1727
63.2778,1726
63.2806,1734
63.2833,1746
63.2861,1755
63.2889,1751
63.2917,1746
63.2944,1770
63.2972,1767
63.3000,1778
63.3028,1787
63.3056,1813
63.3083,1908
63.3111,1897
63.3139,1912
63.3167,1908
63.3194,1907
63.3222,1915
63.3250,1915
63.3278,1915
63.3306,1896
63.3333,1901
63.3361,1897
63.3389,1890
63.3417,1893
63.3444,1900
63.3472,1894
63.3500,1905
63.3528,1894
63.3556,1890
63.3583,1893
63.3611,1885
63.3639,1871
63.3667,1878
63.3694,1859
63.3722,1850
63.3750,1840
63.3778,1837
63.3806,1810
63.3833,1819
63.3861,1802
63.3889,1792
63.3917,1781
63.3944,1768
63.3972,1757
63.4000,1746
63.4028,1748
63.4056,1742
63.4083,1751
63.4111,1733
63.4139,1726
63.4167,1720
63.4194,1729
63.4222,1729
63.4250,1727
63.4278,1723
63.4306,1722
63.4333,1714
63.4361,1729
63.4389,1724
63.4417,1726
63.4444,1725
63.4472,1733
63.4500,1718
63.4528,1725
63.4556,1730
63.4583,1726
63.4611,1721
63.4639,1742
63.4667,1742
63.4694,1747
63.4722,1748
63.4750,1765
63.4778,1747
63.4806,1733
63.4833,1731
63.4861,1726
63.4889,1733
63.4917,1734
63.4944,1734
63.4972,1732
63.5000,1745
63.5028,1769
63.5056,1755
63.5083,1758
63.5111,1759
63.5139,1744
63.5167,1750
63.5194,1743
63.5222,1745
63.5250,1750
63.5278,1751
63.5306,1743
63.5333,1749
63.5361,1755
63.5389,1747
63.5417,1748
63.5444,1751
63.5472,1756
63.5500,1750
63.5528,1752
63.5556,1759
63.5583,1758
63.5611,1760
63.5639,1765
63.5667,1746
63.5694,1751
63.5722,1745
63.5750,1748
63.5778,1754
63.5806,1752
63.5833,1748
63.5861,1750
63.5889,1739
63.5917,1745
63.5944,1727
63.5972,1738
63.6000,1739
63.6028,1734
63.6056,1737
63.6083,1741
63.6111,1737
63.6139,1745
63.6167,1742
63.6194,1748
63.6222,1746
63.6250,1740
63.6278,1749
63.6306,1731
63.6333,1725
63.6361,1735
63.6389,1746
63.6417,1743
63.6444,1745
63.6472,1760
63.6500,1745
63.6528,1733
63.6556,1738
63.6583,1736
63.6611,1734
63.6639,1741
63.6667,1738
63.6694,1737
63.6722,1739
63.6750,1746
63.6778,1744
63.6806,1748
63.6833,1761
63.6861,1750
63.6889,1746
63.6917,1742
63.6944,1756
63.6972,1752
63.7000,1760
63.7028,1754
63.7056,1757
63.7083,1745
63.7111,1747
63.7139,1746
63.7167,1744
63.7194,1750
63.7222,1765
63.7250,1792
63.7278,1817
63.7306,1835
63.7333,1846
63.7361,1863
63.7389,1867
63.7417,1862
63.7444,1850
63.7472,1827
63.7500,1809
63.7528,1790
63.7556,1775
63.7583,1768
63.7611,1777
63.7639,1782
63.7667,1783
63.7694,1784
63.7722,1774
63.7750,1782
63.7778,1766
63.7806,1761
63.7833,1771
63.7861,1785
63.7889,1792
63.7917,1794
63.7944,1799
63.7972,1785
63.8000,1759
63.8028,1763
63.8056,1748
63.8083,1733
63.8111,1718
63.8139,1713
63.8167,1724
63.8194,1721
63.8222,1712
63.8250,1726
63.8278,1721
